{"type":"FeatureCollection","features":[{"type":"Feature","geometry":{"type":"Point","coordinates":[121.55020970561942,25.04626391927319]},"properties":{"uid":"community_centers:A:0001","name":"敦化","county":"臺北市","town":"松山區","address":"臺北市松山區八德路3段12巷52弄2之1號","source_id":"data.taipei:34300677"}},{"type":"Feature","geometry":{"type":"Point","coordinates":[121.54584883170494,25.048379933168498]},"properties":{"uid":"community_centers:A:0002","name":"中正","county":"臺北市","town":"松山區","address":"臺北市松山區長安東路2段229號11樓","source_id":"data.taipei:34300677"}},{"type":"Feature","geometry":{"type":"Point","coordinates":[121.554435320387,25.058494916119148]},"properties":{"uid":"community_centers:A:0003","name":"精忠","county":"臺北市","town":"松山區","address":"臺北市松山區民生東路4段133號1樓","source_id":"data.taipei:34300677"}},{"type":"Feature","geometry":{"type":"Point","coordinates":[121.54674178980343,25.060500671947086]},"properties":{"uid":"community_centers:A:0004","name":"民有","county":"臺北市","town":"松山區","address":"臺北市松山區民權東路3段140巷15號4樓","source_id":"data.taipei:34300677"}},{"type":"Feature","geometry":{"type":"Point","coordinates":[121.56885939376619,25.054602370181737]},"properties":{"uid":"community_centers:A:0005","name":"鵬程","county":"臺北市","town":"松山區","address":"臺北市松山區健康路399號3樓","source_id":"data.taipei:34300677"}},{"type":"Feature","geometry":{"type":"Point","coordinates":[121.56247231777726,25.05532007611519]},"properties":{"uid":"community_centers:A:0006","name":"自強","county":"臺北市","town":"松山區","address":"臺北市松山區三民路35巷9號1樓","source_id":"data.taipei:34300677"}},{"type":"Feature","geometry":{"type":"Point","coordinates":[121.56749324608013,25.06367431540778]},"properties":{"uid":"community_centers:A:0007","name":"民權","county":"臺北市","town":"松山區","address":"臺北市松山區民權東路5段臨43號","source_id":"data.taipei:34300677"}},{"type":"Feature","geometry":{"type":"Point","coordinates":[121.56290759705914,25.059287817828064]},"properties":{"uid":"community_centers:A:0008","name":"三民","county":"臺北市","town":"松山區","address":"臺北市松山區民生東路5段163之1號8樓","source_id":"data.taipei:34300677"}},{"type":"Feature","geometry":{"type":"Point","coordinates":[121.56148915788755,25.047875780600407]},"properties":{"uid":"community_centers:A:0009","name":"復盛","county":"臺北市","town":"松山區","address":"臺北市松山區市民大道5段99號","source_id":"data.taipei:34300677"}},{"type":"Feature","geometry":{"type":"Point","coordinates":[121.54519446716898,25.05521912033005]},"properties":{"uid":"community_centers:A:0010","name":"松基","county":"臺北市","town":"松山區","address":"臺北市松山區長春路339巷2號B1","source_id":"data.taipei:34300677"}},{"type":"Feature","geometry":{"type":"Point","coordinates":[121.55456349772314,25.055985364624984]},"properties":{"uid":"community_centers:A:0011","name":"龍田","county":"臺北市","town":"松山區","address":"臺北市松山區光復北路230巷21號B1","source_id":"data.taipei:34300677"}},{"type":"Feature","geometry":{"type":"Point","coordinates":[121.56560057390718,25.053433732627482]},"properties":{"uid":"community_centers:A:0012","name":"安平","county":"臺北市","town":"松山區","address":"臺北市松山區南京東路5段291巷44弄23號之1","source_id":"data.taipei:34300677"}},{"type":"Feature","geometry":{"type":"Point","coordinates":[121.55605629083226,25.04736444579737]},"properties":{"uid":"community_centers:A:0013","name":"復建","county":"臺北市","town":"松山區","address":"臺北市松山區八德路3段158巷7弄20號","source_id":"data.taipei:34300677"}},{"type":"Feature","geometry":{"type":"Point","coordinates":[121.5717411674835,25.04970299718563]},"properties":{"uid":"community_centers:A:0014","name":"慈祐","county":"臺北市","town":"松山區","address":"臺北市松山區八德路4段580號","source_id":"data.taipei:34300677"}},{"type":"Feature","geometry":{"type":"Point","coordinates":[121.55323690807496,25.04607715338381]},"properties":{"uid":"community_centers:A:0015","name":"吉仁","county":"臺北市","town":"松山區","address":"臺北市松山區延吉街30巷3號1樓","source_id":"data.taipei:34300677"}},{"type":"Feature","geometry":{"type":"Point","coordinates":[121.55922081393877,25.035059615484546]},"properties":{"uid":"community_centers:A:0016","name":"西村","county":"臺北市","town":"信義區","address":"臺北市信義區基隆路1段364巷22號","source_id":"data.taipei:34300677"}},{"type":"Feature","geometry":{"type":"Point","coordinates":[121.58048071906096,25.033315966946606]},"properties":{"uid":"community_centers:A:0017","name":"松隆","county":"臺北市","town":"信義區","address":"臺北市信義區松山路657號","source_id":"data.taipei:34300677"}},{"type":"Feature","geometry":{"type":"Point","coordinates":[121.57764860692853,25.043017456158335]},"properties":{"uid":"community_centers:A:0018","name":"永春","county":"臺北市","town":"信義區","address":"臺北市信義區松山路294號4樓","source_id":"data.taipei:34300677"}},{"type":"Feature","geometry":{"type":"Point","coordinates":[121.55937039661742,25.03709841923364]},"properties":{"uid":"community_centers:A:0019","name":"正和","county":"臺北市","town":"信義區","address":"臺北市信義區仁愛路4段452巷3號","source_id":"data.taipei:34300677"}},{"type":"Feature","geometry":{"type":"Point","coordinates":[121.56117625744699,25.02901351670593]},"properties":{"uid":"community_centers:A:0020","name":"景勤","county":"臺北市","town":"信義區","address":"臺北市信義區吳興街156巷6號6樓","source_id":"data.taipei:34300677"}},{"type":"Feature","geometry":{"type":"Point","coordinates":[121.55813808844208,25.020247536101987]},"properties":{"uid":"community_centers:A:0021","name":"黎忠","county":"臺北市","town":"信義區","address":"臺北市信義區和平東路3段391巷16號2樓","source_id":"data.taipei:34300677"}},{"type":"Feature","geometry":{"type":"Point","coordinates":[121.56623822913559,25.028686037545935]},"properties":{"uid":"community_centers:A:0022","name":"三張","county":"臺北市","town":"信義區","address":"臺北市信義區莊敬路423巷7弄2號1樓","source_id":"data.taipei:34300677"}},{"type":"Feature","geometry":{"type":"Point","coordinates":[121.56879379424204,25.02445119172491]},"properties":{"uid":"community_centers:A:0023","name":"六合","county":"臺北市","town":"信義區","address":"臺北市信義區松仁路240巷19號3樓","source_id":"data.taipei:34300677"}},{"type":"Feature","geometry":{"type":"Point","coordinates":[121.56850918408252,25.02299332685031]},"properties":{"uid":"community_centers:A:0024","name":"惠安","county":"臺北市","town":"信義區","address":"臺北市信義區吳興街506巷21號","source_id":"data.taipei:34300677"}},{"type":"Feature","geometry":{"type":"Point","coordinates":[121.57588984058118,25.048254060572415]},"properties":{"uid":"community_centers:A:0025","name":"四育","county":"臺北市","town":"信義區","address":"臺北市信義區四育里松隆路290號","source_id":"data.taipei:34300677"}},{"type":"Feature","geometry":{"type":"Point","coordinates":[121.53923505492368,25.02938869182929]},"properties":{"uid":"community_centers:A:0026","name":"建南","county":"臺北市","town":"大安區","address":"臺北市大安區信義路3段134巷82號2樓","source_id":"data.taipei:34300677"}},{"type":"Feature","geometry":{"type":"Point","coordinates":[121.54589908383076,25.026442245707926]},"properties":{"uid":"community_centers:A:0027","name":"成功","county":"臺北市","town":"大安區","address":"臺北市大安區四維路198巷30弄9號","source_id":"data.taipei:34300677"}},{"type":"Feature","geometry":{"type":"Point","coordinates":[121.52939045272143,25.02850063353847]},"properties":{"uid":"community_centers:A:0028","name":"錦安","county":"臺北市","town":"大安區","address":"臺北市大安區永康街60號4樓","source_id":"data.taipei:34300677"}},{"type":"Feature","geometry":{"type":"Point","coordinates":[121.53252105135272,25.022249119651946]},"properties":{"uid":"community_centers:A:0029","name":"辛亥","county":"臺北市","town":"大安區","address":"臺北市大安區辛亥路1段臨141號","source_id":"data.taipei:34300677"}},{"type":"Feature","geometry":{"type":"Point","coordinates":[121.52731155954073,25.0269127937605]},"properties":{"uid":"community_centers:A:0030","name":"錦安二","county":"臺北市","town":"大安區","address":"臺北市大安區和平東路1段121號B2","source_id":"data.taipei:34300677"}},{"type":"Feature","geometry":{"type":"Point","coordinates":[121.55294097511475,25.029848313286625]},"properties":{"uid":"community_centers:A:0031","name":"通安","county":"臺北市","town":"大安區","address":"臺北市大安區通安街98號","source_id":"data.taipei:34300677"}},{"type":"Feature","geometry":{"type":"Point","coordinates":[121.55516059705153,25.036395112137075]},"properties":{"uid":"community_centers:A:0032","name":"光信","county":"臺北市","town":"大安區","address":"臺北市大安區延吉街236巷17號2樓","source_id":"data.taipei:34300677"}},{"type":"Feature","geometry":{"type":"Point","coordinates":[121.53905707918778,25.034003447672582]},"properties":{"uid":"community_centers:A:0033","name":"和安","county":"臺北市","town":"大安區","address":"臺北市大安區信義路3段107號2樓","source_id":"data.taipei:34300677"}},{"type":"Feature","geometry":{"type":"Point","coordinates":[121.54142947290846,25.028004888044542]},"properties":{"uid":"community_centers:A:0034","name":"瑞安","county":"臺北市","town":"大安區","address":"臺北市大安區瑞安街71巷2號3樓","source_id":"data.taipei:34300677"}},{"type":"Feature","geometry":{"type":"Point","coordinates":[121.55195402661019,25.02111437930245]},"properties":{"uid":"community_centers:A:0035","name":"嘉興","county":"臺北市","town":"大安區","address":"臺北市大安區樂業街97號地下一層","source_id":"data.taipei:34300677"}},{"type":"Feature","geometry":{"type":"Point","coordinates":[121.53997973168805,25.04437742911425]},"properties":{"uid":"community_centers:A:0036","name":"昌隆","county":"臺北市","town":"大安區","address":"臺北市大安區市民大道3段206號4樓之1","source_id":"data.taipei:34300677"}},{"type":"Feature","geometry":{"type":"Point","coordinates":[121.5473504129747,25.034204099528893]},"properties":{"uid":"community_centers:A:0037","name":"德安","county":"臺北市","town":"大安區","address":"臺北市大安區四維路76巷12號6樓","source_id":"data.taipei:34300677"}},{"type":"Feature","geometry":{"type":"Point","coordinates":[121.5405494447948,25.047417184111943]},"properties":{"uid":"community_centers:A:0038","name":"朱崙","county":"臺北市","town":"中山區","address":"臺北市中山區龍江路15號3樓","source_id":"data.taipei:34300677"}},{"type":"Feature","geometry":{"type":"Point","coordinates":[121.53933163594333,25.061655644076993]},"properties":{"uid":"community_centers:A:0039","name":"松花","county":"臺北市","town":"中山區","address":"臺北市中山區合江街137號4樓","source_id":"data.taipei:34300677"}},{"type":"Feature","geometry":{"type":"Point","coordinates":[121.52773523903423,25.065079509190387]},"properties":{"uid":"community_centers:A:0040","name":"新庄","county":"臺北市","town":"中山區","address":"臺北市中山區新生北路三段特50之1號","source_id":"data.taipei:34300677"}},{"type":"Feature","geometry":{"type":"Point","coordinates":[121.52394095622927,25.05591667642141]},"properties":{"uid":"community_centers:A:0041","name":"中山","county":"臺北市","town":"中山區","address":"臺北市中山區中山北路2段59巷21號2樓","source_id":"data.taipei:34300677"}},{"type":"Feature","geometry":{"type":"Point","coordinates":[121.52120121109854,25.050163053807687]},"properties":{"uid":"community_centers:A:0042","name":"民安","county":"臺北市","town":"中山區","address":"臺北市中山區長安西路3號3樓之1","source_id":"data.taipei:34300677"}},{"type":"Feature","geometry":{"type":"Point","coordinates":[121.53200345025846,25.04699073567954]},"properties":{"uid":"community_centers:A:0043","name":"興亞","county":"臺北市","town":"中山區","address":"臺北市中山區松江路26巷18號","source_id":"data.taipei:34300677"}},{"type":"Feature","geometry":{"type":"Point","coordinates":[121.54170491811212,25.066720982846782]},"properties":{"uid":"community_centers:A:0044","name":"下埤","county":"臺北市","town":"中山區","address":"臺北市中山區龍江路429巷10號3樓","source_id":"data.taipei:34300677"}},{"type":"Feature","geometry":{"type":"Point","coordinates":[121.546773003479,25.08163196373839]},"properties":{"uid":"community_centers:A:0045","name":"大直","county":"臺北市","town":"中山區","address":"臺北市中山區大直街21巷2號4樓","source_id":"data.taipei:34300677"}},{"type":"Feature","geometry":{"type":"Point","coordinates":[121.5321872570656,25.06029123533649]},"properties":{"uid":"community_centers:A:0046","name":"松江","county":"臺北市","town":"中山區","address":"臺北市中山區錦州街222號2樓","source_id":"data.taipei:34300677"}},{"type":"Feature","geometry":{"type":"Point","coordinates":[121.5379942615116,25.084919526000725]},"properties":{"uid":"community_centers:A:0047","name":"崇實","county":"臺北市","town":"中山區","address":"臺北市中山區通北街143號2樓","source_id":"data.taipei:34300677"}},{"type":"Feature","geometry":{"type":"Point","coordinates":[121.55662891023022,25.079530952797317]},"properties":{"uid":"community_centers:A:0048","name":"金泰","county":"臺北市","town":"中山區","address":"臺北市中山區敬業三路160號2樓","source_id":"data.taipei:34300677"}},{"type":"Feature","geometry":{"type":"Point","coordinates":[121.52488220261125,25.04862517794947]},"properties":{"uid":"community_centers:A:0049","name":"林森","county":"臺北市","town":"中山區","address":"臺北市中山區林森北路67巷7號1、2、3、4樓","source_id":"data.taipei:34300677"}},{"type":"Feature","geometry":{"type":"Point","coordinates":[121.54226533500642,25.054735070233168]},"properties":{"uid":"community_centers:A:0050","name":"長春","county":"臺北市","town":"中山區","address":"臺北市中山區長春路299號3樓","source_id":"data.taipei:34300677"}},{"type":"Feature","geometry":{"type":"Point","coordinates":[121.55302841029393,25.086167144653597]},"properties":{"uid":"community_centers:A:0051","name":"北安","county":"臺北市","town":"中山區","address":"臺北市中山區北安路759巷6號","source_id":"data.taipei:34300677"}},{"type":"Feature","geometry":{"type":"Point","coordinates":[121.5404160598162,25.055174832205367]},"properties":{"uid":"community_centers:A:0052","name":"朱馥","county":"臺北市","town":"中山區","address":"臺北市中山區龍江路168號地下室","source_id":"data.taipei:34300677"}},{"type":"Feature","geometry":{"type":"Point","coordinates":[121.54299096961844,25.045394200122377]},"properties":{"uid":"community_centers:A:0053","name":"埤頭","county":"臺北市","town":"中山區","address":"臺北市中山區市民大道3段209號","source_id":"data.taipei:34300677"}},{"type":"Feature","geometry":{"type":"Point","coordinates":[121.53595621334168,25.06801930538774]},"properties":{"uid":"community_centers:A:0054","name":"行孝","county":"臺北市","town":"中山區","address":"臺北市中山區民族東路282號4樓","source_id":"data.taipei:34300677"}},{"type":"Feature","geometry":{"type":"Point","coordinates":[121.54697860748428,25.08029913093081]},"properties":{"uid":"community_centers:A:0055","name":"大直二","county":"臺北市","town":"中山區","address":"臺北市中山區大直街1號4樓","source_id":"data.taipei:34300677"}},{"type":"Feature","geometry":{"type":"Point","coordinates":[121.52823975973052,25.056195113943534]},"properties":{"uid":"community_centers:A:0056","name":"中原","county":"臺北市","town":"中山區","address":"臺北市中山區新生北路2段53之3號2樓","source_id":"data.taipei:34300677"}},{"type":"Feature","geometry":{"type":"Point","coordinates":[121.52694078281382,25.053073705080376]},"properties":{"uid":"community_centers:A:0057","name":"康樂","county":"臺北市","town":"中山區","address":"臺北市中山區南京東路一段35號1、2樓","source_id":"data.taipei:34300677"}},{"type":"Feature","geometry":{"type":"Point","coordinates":[121.53419983171145,25.047634635540586]},"properties":{"uid":"community_centers:A:0058","name":"朱園","county":"臺北市","town":"中山區","address":"臺北市中山區松江路25巷9號B1","source_id":"data.taipei:34300677"}},{"type":"Feature","geometry":{"type":"Point","coordinates":[121.53501008864734,25.0137611210051]},"properties":{"uid":"community_centers:A:0059","name":"水源","county":"臺北市","town":"中正區","address":"臺北市中正區羅斯福路4段92號4樓","source_id":"data.taipei:34300677"}},{"type":"Feature","geometry":{"type":"Point","coordinates":[121.52380517053756,25.045199337638383]},"properties":{"uid":"community_centers:A:0060","name":"梅花","county":"臺北市","town":"中正區","address":"臺北市中正區林森北路5巷4號","source_id":"data.taipei:34300677"}},{"type":"Feature","geometry":{"type":"Point","coordinates":[121.5109899666777,25.02829298606191]},"properties":{"uid":"community_centers:A:0061","name":"龍興","county":"臺北市","town":"中正區","address":"臺北市中正區三元街131號4樓","source_id":"data.taipei:34300677"}},{"type":"Feature","geometry":{"type":"Point","coordinates":[121.53090180149667,25.040352448006576]},"properties":{"uid":"community_centers:A:0062","name":"幸安","county":"臺北市","town":"中正區","address":"臺北市中正區濟南路2段46號3樓","source_id":"data.taipei:34300677"}},{"type":"Feature","geometry":{"type":"Point","coordinates":[121.53024438846015,25.041706651636357]},"properties":{"uid":"community_centers:A:0063","name":"幸市","county":"臺北市","town":"中正區","address":"臺北市中正區臨沂街10巷1號","source_id":"data.taipei:34300677"}},{"type":"Feature","geometry":{"type":"Point","coordinates":[121.52282518643442,25.01968052147828]},"properties":{"uid":"community_centers:A:0064","name":"富水","county":"臺北市","town":"中正區","address":"臺北市中正區水源路臨28號","source_id":"data.taipei:34300677"}},{"type":"Feature","geometry":{"type":"Point","coordinates":[121.5109766761535,25.035046240207258]},"properties":{"uid":"community_centers:A:0065","name":"小南門","county":"臺北市","town":"中正區","address":"臺北市中正區博愛路163號","source_id":"data.taipei:34300677"}},{"type":"Feature","geometry":{"type":"Point","coordinates":[121.51407370318286,25.074784928237932]},"properties":{"uid":"community_centers:A:0066","name":"大龍","county":"臺北市","town":"大同區","address":"臺北市大同區重慶北路3段347號2樓之2","source_id":"data.taipei:34300677"}},{"type":"Feature","geometry":{"type":"Point","coordinates":[121.52001144389655,25.05858265487254]},"properties":{"uid":"community_centers:A:0067","name":"雙連","county":"臺北市","town":"大同區","address":"臺北市大同區萬全街42號1,2樓","source_id":"data.taipei:34300677"}},{"type":"Feature","geometry":{"type":"Point","coordinates":[121.51207467001736,25.059248970650497]},"properties":{"uid":"community_centers:A:0068","name":"延平","county":"臺北市","town":"大同區","address":"臺北市大同區保安街47之1號3樓","source_id":"data.taipei:34300677"}},{"type":"Feature","geometry":{"type":"Point","coordinates":[121.50921422289706,25.06303721976269]},"properties":{"uid":"community_centers:A:0069","name":"臺北橋","county":"臺北市","town":"大同區","address":"臺北市大同區迪化街1段374號2樓","source_id":"data.taipei:34300677"}},{"type":"Feature","geometry":{"type":"Point","coordinates":[121.51489115777093,25.074111698520046]},"properties":{"uid":"community_centers:A:0070","name":"保生","county":"臺北市","town":"大同區","address":"臺北市大同區重慶北路3段313巷25號","source_id":"data.taipei:34300677"}},{"type":"Feature","geometry":{"type":"Point","coordinates":[121.51167328617491,25.07651072891252]},"properties":{"uid":"community_centers:A:0071","name":"慶昌","county":"臺北市","town":"大同區","address":"臺北市大同區敦煌路臨151之1號","source_id":"data.taipei:34300677"}},{"type":"Feature","geometry":{"type":"Point","coordinates":[121.51278552261138,25.07644982425935]},"properties":{"uid":"community_centers:A:0072","name":"老師","county":"臺北市","town":"大同區","address":"臺北市大同區敦煌路臨160之2號","source_id":"data.taipei:34300677"}},{"type":"Feature","geometry":{"type":"Point","coordinates":[121.51344428182078,25.06616905310105]},"properties":{"uid":"community_centers:A:0073","name":"國慶","county":"臺北市","town":"大同區","address":"臺北市大同區重慶北路3段76號4樓","source_id":"data.taipei:34300677"}},{"type":"Feature","geometry":{"type":"Point","coordinates":[121.49157039717866,25.02511253849889]},"properties":{"uid":"community_centers:A:0074","name":"光復","county":"臺北市","town":"萬華區","address":"臺北市萬華區西園路2段臨370之1號","source_id":"data.taipei:34300677"}},{"type":"Feature","geometry":{"type":"Point","coordinates":[121.49547315504182,25.036937974557524]},"properties":{"uid":"community_centers:A:0075","name":"柳鄉","county":"臺北市","town":"萬華區","address":"臺北市萬華區環河南路2段102號3樓","source_id":"data.taipei:34300677"}},{"type":"Feature","geometry":{"type":"Point","coordinates":[121.50201384163537,25.03228368664246]},"properties":{"uid":"community_centers:A:0076","name":"頂碩","county":"臺北市","town":"萬華區","address":"臺北市萬華區興寧街2號地下室及3樓","source_id":"data.taipei:34300677"}},{"type":"Feature","geometry":{"type":"Point","coordinates":[121.50051611389424,25.036198960685056]},"properties":{"uid":"community_centers:A:0077","name":"新富","county":"臺北市","town":"萬華區","address":"臺北市萬華區廣州街152巷10號2,3樓","source_id":"data.taipei:34300677"}},{"type":"Feature","geometry":{"type":"Point","coordinates":[121.4890255068614,25.033062711588343]},"properties":{"uid":"community_centers:A:0078","name":"長順","county":"臺北市","town":"萬華區","address":"臺北市萬華區長順街臨127號","source_id":"data.taipei:34300677"}},{"type":"Feature","geometry":{"type":"Point","coordinates":[121.495955721428,25.01720002144279]},"properties":{"uid":"community_centers:A:0079","name":"萬大","county":"臺北市","town":"萬華區","address":"臺北市萬華區萬大路臨614之1號","source_id":"data.taipei:34300677"}},{"type":"Feature","geometry":{"type":"Point","coordinates":[121.49138627743076,25.024961465499995]},"properties":{"uid":"community_centers:A:0080","name":"和德","county":"臺北市","town":"萬華區","address":"臺北市萬華區西園路2段臨382之10號","source_id":"data.taipei:34300677"}},{"type":"Feature","geometry":{"type":"Point","coordinates":[121.49566699027362,25.02791713891484]},"properties":{"uid":"community_centers:A:0081","name":"萬華","county":"臺北市","town":"萬華區","address":"臺北市萬華區東園街19號2樓","source_id":"data.taipei:34300677"}},{"type":"Feature","geometry":{"type":"Point","coordinates":[121.50387966946737,25.03861287861515]},"properties":{"uid":"community_centers:A:0082","name":"昆明","county":"臺北市","town":"萬華區","address":"臺北市萬華區昆明街284號3樓","source_id":"data.taipei:34300677"}},{"type":"Feature","geometry":{"type":"Point","coordinates":[121.49785480584326,25.04000839427585]},"properties":{"uid":"community_centers:A:0083","name":"青山","county":"臺北市","town":"萬華區","address":"臺北市萬華區環河南路2段臨5之1號","source_id":"data.taipei:34300677"}},{"type":"Feature","geometry":{"type":"Point","coordinates":[121.4990592307273,25.021562866953143]},"properties":{"uid":"community_centers:A:0084","name":"萬青","county":"臺北市","town":"萬華區","address":"臺北市萬華區萬大路411號2樓","source_id":"data.taipei:34300677"}},{"type":"Feature","geometry":{"type":"Point","coordinates":[121.49258667223692,25.027270609231934]},"properties":{"uid":"community_centers:A:0085","name":"興義","county":"臺北市","town":"萬華區","address":"臺北市萬華區興義街23、25號1,2樓","source_id":"data.taipei:34300677"}},{"type":"Feature","geometry":{"type":"Point","coordinates":[121.49817547184855,25.03234437917294]},"properties":{"uid":"community_centers:A:0086","name":"雙園","county":"臺北市","town":"萬華區","address":"臺北市萬華區西園路2段9號1,2樓","source_id":"data.taipei:34300677"}},{"type":"Feature","geometry":{"type":"Point","coordinates":[121.50696539762367,25.046679997809786]},"properties":{"uid":"community_centers:A:0087","name":"福星","county":"臺北市","town":"萬華區","address":"臺北市萬華區西寧南路14之3號2,3樓","source_id":"data.taipei:34300677"}},{"type":"Feature","geometry":{"type":"Point","coordinates":[121.50147237945312,25.03333859056218]},"properties":{"uid":"community_centers:A:0088","name":"富福","county":"臺北市","town":"萬華區","address":"臺北市萬華區艋舺大道101號3樓","source_id":"data.taipei:34300677"}},{"type":"Feature","geometry":{"type":"Point","coordinates":[121.50349008475897,25.020067475954857]},"properties":{"uid":"community_centers:A:0089","name":"日祥","county":"臺北市","town":"萬華區","address":"臺北市萬華區青年路186-1號1樓","source_id":"data.taipei:34300677"}},{"type":"Feature","geometry":{"type":"Point","coordinates":[121.5572217450343,24.981475550040905]},"properties":{"uid":"community_centers:A:0090","name":"木新","county":"臺北市","town":"文山區","address":"臺北市文山區木新路3段310巷4號2樓之1","source_id":"data.taipei:34300677"}},{"type":"Feature","geometry":{"type":"Point","coordinates":[121.55099183516411,24.987766919973968]},"properties":{"uid":"community_centers:A:0091","name":"永建","county":"臺北市","town":"文山區","address":"臺北市文山區木柵路1段177號3樓之1","source_id":"data.taipei:34300677"}},{"type":"Feature","geometry":{"type":"Point","coordinates":[121.56316404767581,24.984669037708038]},"properties":{"uid":"community_centers:A:0092","name":"忠順","county":"臺北市","town":"文山區","address":"臺北市文山區忠順街2段22號2樓","source_id":"data.taipei:34300677"}},{"type":"Feature","geometry":{"type":"Point","coordinates":[121.54074084932196,24.99210009016912]},"properties":{"uid":"community_centers:A:0093","name":"景行","county":"臺北市","town":"文山區","address":"臺北市文山區羅斯福路6段393號6~9樓","source_id":"data.taipei:34300677"}},{"type":"Feature","geometry":{"type":"Point","coordinates":[121.56848433104646,25.00229961839172]},"properties":{"uid":"community_centers:A:0094","name":"萬芳","county":"臺北市","town":"文山區","address":"臺北市文山區萬美街1段51號3樓","source_id":"data.taipei:34300677"}},{"type":"Feature","geometry":{"type":"Point","coordinates":[121.53610581166933,25.00070372555306]},"properties":{"uid":"community_centers:A:0095","name":"萬福","county":"臺北市","town":"文山區","address":"臺北市文山區萬隆街47之12號B1","source_id":"data.taipei:34300677"}},{"type":"Feature","geometry":{"type":"Point","coordinates":[121.57650954752954,24.98862183113905]},"properties":{"uid":"community_centers:A:0096","name":"萬興","county":"臺北市","town":"文山區","address":"臺北市文山區萬壽路27號7樓","source_id":"data.taipei:34300677"}},{"type":"Feature","geometry":{"type":"Point","coordinates":[121.55627270656191,24.97971137394307]},"properties":{"uid":"community_centers:A:0097","name":"樟新","county":"臺北市","town":"文山區","address":"臺北市文山區一壽街22號9~10樓","source_id":"data.taipei:34300677"}},{"type":"Feature","geometry":{"type":"Point","coordinates":[121.56730885257632,24.98249446579222]},"properties":{"uid":"community_centers:A:0098","name":"樟腳","county":"臺北市","town":"文山區","address":"臺北市文山區恆光街45號7~8樓","source_id":"data.taipei:34300677"}},{"type":"Feature","geometry":{"type":"Point","coordinates":[121.54745219594595,24.99973924983319]},"properties":{"uid":"community_centers:A:0099","name":"興隆","county":"臺北市","town":"文山區","address":"臺北市文山區興隆路2段97號4樓","source_id":"data.taipei:34300677"}},{"type":"Feature","geometry":{"type":"Point","coordinates":[121.55140729921366,25.00157004234641]},"properties":{"uid":"community_centers:A:0100","name":"興業","county":"臺北市","town":"文山區","address":"臺北市文山區興隆路2段160號10樓","source_id":"data.taipei:34300677"}},{"type":"Feature","geometry":{"type":"Point","coordinates":[121.54687977782956,24.99997489458805]},"properties":{"uid":"community_centers:A:0101","name":"興豐","county":"臺北市","town":"文山區","address":"臺北市文山區興隆路2段95巷8號7~9樓","source_id":"data.taipei:34300677"}},{"type":"Feature","geometry":{"type":"Point","coordinates":[121.60087914525711,25.054643947948104]},"properties":{"uid":"community_centers:A:0102","name":"東新","county":"臺北市","town":"南港區","address":"臺北市南港區東明街99號2樓","source_id":"data.taipei:34300677"}},{"type":"Feature","geometry":{"type":"Point","coordinates":[121.5929201337578,25.057614206166747]},"properties":{"uid":"community_centers:A:0103","name":"西新","county":"臺北市","town":"南港區","address":"臺北市南港區成功路一段99號","source_id":"data.taipei:34300677"}},{"type":"Feature","geometry":{"type":"Point","coordinates":[121.5926813233852,25.03949105576876]},"properties":{"uid":"community_centers:A:0104","name":"仁福","county":"臺北市","town":"南港區","address":"臺北市南港區福德街443號1樓","source_id":"data.taipei:34300677"}},{"type":"Feature","geometry":{"type":"Point","coordinates":[121.58675518136754,25.04614720344613]},"properties":{"uid":"community_centers:A:0105","name":"成德","county":"臺北市","town":"南港區","address":"臺北市南港區同德路100號3樓","source_id":"data.taipei:34300677"}},{"type":"Feature","geometry":{"type":"Point","coordinates":[121.60793522299494,25.053763352546245]},"properties":{"uid":"community_centers:A:0106","name":"南港","county":"臺北市","town":"南港區","address":"臺北市南港區市民大道八段367號2樓","source_id":"data.taipei:34300677"}},{"type":"Feature","geometry":{"type":"Point","coordinates":[121.6130956308083,25.05553190221772]},"properties":{"uid":"community_centers:A:0107","name":"三重","county":"臺北市","town":"南港區","address":"臺北市南港區興東街1號2樓","source_id":"data.taipei:34300677"}},{"type":"Feature","geometry":{"type":"Point","coordinates":[121.61454554904992,25.045513981758585]},"properties":{"uid":"community_centers:A:0108","name":"中研","county":"臺北市","town":"南港區","address":"臺北市南港區研究院路2段70巷12號2樓","source_id":"data.taipei:34300677"}},{"type":"Feature","geometry":{"type":"Point","coordinates":[121.61945752967851,25.04134607823173]},"properties":{"uid":"community_centers:A:0109","name":"舊莊","county":"臺北市","town":"南港區","address":"臺北市南港區舊莊街1段91巷11號","source_id":"data.taipei:34300677"}},{"type":"Feature","geometry":{"type":"Point","coordinates":[121.61431073863697,25.035273149235714]},"properties":{"uid":"community_centers:A:0110","name":"九如","county":"臺北市","town":"南港區","address":"臺北市南港區研究院路3段68巷9號2樓","source_id":"data.taipei:34300677"}},{"type":"Feature","geometry":{"type":"Point","coordinates":[121.56659922784414,25.08241070396342]},"properties":{"uid":"community_centers:A:0111","name":"西湖","county":"臺北市","town":"內湖區","address":"臺北市內湖區內湖路1段285號7樓","source_id":"data.taipei:34300677"}},{"type":"Feature","geometry":{"type":"Point","coordinates":[121.5769904196544,25.07872418081325]},"properties":{"uid":"community_centers:A:0112","name":"港墘","county":"臺北市","town":"內湖區","address":"臺北市內湖區內湖路1段552號","source_id":"data.taipei:34300677"}},{"type":"Feature","geometry":{"type":"Point","coordinates":[121.57508595835463,25.08671030120259]},"properties":{"uid":"community_centers:A:0113","name":"港華","county":"臺北市","town":"內湖區","address":"臺北市內湖區環山路2段68巷14號1.2樓","source_id":"data.taipei:34300677"}},{"type":"Feature","geometry":{"type":"Point","coordinates":[121.58977091023758,25.0817523230709]},"properties":{"uid":"community_centers:A:0114","name":"湖濱","county":"臺北市","town":"內湖區","address":"臺北市內湖區內湖路2段346號","source_id":"data.taipei:34300677"}},{"type":"Feature","geometry":{"type":"Point","coordinates":[121.59136684744375,25.080476449460768]},"properties":{"uid":"community_centers:A:0115","name":"紫星","county":"臺北市","town":"內湖區","address":"臺北市內湖區康寧路1段20號","source_id":"data.taipei:34300677"}},{"type":"Feature","geometry":{"type":"Point","coordinates":[121.58999744869745,25.085787756755686]},"properties":{"uid":"community_centers:A:0116","name":"金龍","county":"臺北市","town":"內湖區","address":"臺北市內湖區金龍路136-1號2樓","source_id":"data.taipei:34300677"}},{"type":"Feature","geometry":{"type":"Point","coordinates":[121.59207779076856,25.086574617908266]},"properties":{"uid":"community_centers:A:0117","name":"碧山","county":"臺北市","town":"內湖區","address":"臺北市內湖區內湖路3段60巷6號地下室","source_id":"data.taipei:34300677"}},{"type":"Feature","geometry":{"type":"Point","coordinates":[121.59612687201867,25.08113566844488]},"properties":{"uid":"community_centers:A:0118","name":"清白","county":"臺北市","town":"內湖區","address":"臺北市內湖區星雲街161巷3號","source_id":"data.taipei:34300677"}},{"type":"Feature","geometry":{"type":"Point","coordinates":[121.58114181928153,25.07544748039189]},"properties":{"uid":"community_centers:A:0119","name":"陽光","county":"臺北市","town":"內湖區","address":"臺北市內湖區文德路66巷38弄14號","source_id":"data.taipei:34300677"}},{"type":"Feature","geometry":{"type":"Point","coordinates":[121.61259465053931,25.067565416006925]},"properties":{"uid":"community_centers:A:0120","name":"五分","county":"臺北市","town":"內湖區","address":"臺北市內湖區五分街6號5樓","source_id":"data.taipei:34300677"}},{"type":"Feature","geometry":{"type":"Point","coordinates":[121.61924118534539,25.072627371672436]},"properties":{"uid":"community_centers:A:0121","name":"樂康","county":"臺北市","town":"內湖區","address":"臺北市內湖區康樂街150號6樓之1","source_id":"data.taipei:34300677"}},{"type":"Feature","geometry":{"type":"Point","coordinates":[121.58159776354961,25.05530587196259]},"properties":{"uid":"community_centers:A:0122","name":"週美","county":"臺北市","town":"內湖區","address":"臺北市內湖區新明路324號3、4樓","source_id":"data.taipei:34300677"}},{"type":"Feature","geometry":{"type":"Point","coordinates":[121.57705273155983,25.05636188592013]},"properties":{"uid":"community_centers:A:0123","name":"行善","county":"臺北市","town":"內湖區","address":"臺北市內湖區行善路25巷13號2樓","source_id":"data.taipei:34300677"}},{"type":"Feature","geometry":{"type":"Point","coordinates":[121.58994893516252,25.06773306267697]},"properties":{"uid":"community_centers:A:0124","name":"湖興","county":"臺北市","town":"內湖區","address":"臺北市內湖區成功路2段320巷19號3樓","source_id":"data.taipei:34300677"}},{"type":"Feature","geometry":{"type":"Point","coordinates":[121.5917213604583,25.083228134749593]},"properties":{"uid":"community_centers:A:0125","name":"內湖","county":"臺北市","town":"內湖區","address":"臺北市內湖區內湖路2段335巷21號","source_id":"data.taipei:34300677"}},{"type":"Feature","geometry":{"type":"Point","coordinates":[121.60177999980456,25.086069903899173]},"properties":{"uid":"community_centers:A:0126","name":"大湖","county":"臺北市","town":"內湖區","address":"臺北市內湖區大湖山莊117號4樓","source_id":"data.taipei:34300677"}},{"type":"Feature","geometry":{"type":"Point","coordinates":[121.53294732026511,25.123447565914223]},"properties":{"uid":"community_centers:A:0127","name":"天母","county":"臺北市","town":"士林區","address":"臺北市士林區中山北路7段154巷6號4樓","source_id":"data.taipei:34300677"}},{"type":"Feature","geometry":{"type":"Point","coordinates":[121.53237567551669,25.11142012284532]},"properties":{"uid":"community_centers:A:0128","name":"三玉","county":"臺北市","town":"士林區","address":"臺北市士林區忠誠路2段53巷7號10樓","source_id":"data.taipei:34300677"}},{"type":"Feature","geometry":{"type":"Point","coordinates":[121.52172484974992,25.079502851467726]},"properties":{"uid":"community_centers:A:0129","name":"承德","county":"臺北市","town":"士林區","address":"臺北市士林區承德路4段5之1號","source_id":"data.taipei:34300677"}},{"type":"Feature","geometry":{"type":"Point","coordinates":[121.51074969630717,25.082283775811746]},"properties":{"uid":"community_centers:A:0130","name":"葫蘆堵","county":"臺北市","town":"士林區","address":"臺北市士林區延平北路5段136巷1號10樓","source_id":"data.taipei:34300677"}},{"type":"Feature","geometry":{"type":"Point","coordinates":[121.5180522114444,25.087418621611487]},"properties":{"uid":"community_centers:A:0131","name":"福中","county":"臺北市","town":"士林區","address":"臺北市士林區福港街151號10樓","source_id":"data.taipei:34300677"}},{"type":"Feature","geometry":{"type":"Point","coordinates":[121.51072383827753,25.086649666656907]},"properties":{"uid":"community_centers:A:0132","name":"葫東","county":"臺北市","town":"士林區","address":"臺北市士林區中正路589號","source_id":"data.taipei:34300677"}},{"type":"Feature","geometry":{"type":"Point","coordinates":[121.50847701633298,25.08655930215878]},"properties":{"uid":"community_centers:A:0133","name":"永新","county":"臺北市","town":"士林區","address":"臺北市士林區中正路632之1號","source_id":"data.taipei:34300677"}},{"type":"Feature","geometry":{"type":"Point","coordinates":[121.52875747767114,25.103611820311226]},"properties":{"uid":"community_centers:A:0134","name":"芝山岩","county":"臺北市","town":"士林區","address":"臺北市士林區雨聲街68號","source_id":"data.taipei:34300677"}},{"type":"Feature","geometry":{"type":"Point","coordinates":[121.47472541605018,25.106223184082424]},"properties":{"uid":"community_centers:A:0135","name":"中洲","county":"臺北市","town":"士林區","address":"臺北市士林區延平北路9段80號","source_id":"data.taipei:34300677"}},{"type":"Feature","geometry":{"type":"Point","coordinates":[121.51749340388054,25.097175189759152]},"properties":{"uid":"community_centers:A:0136","name":"福佳","county":"臺北市","town":"士林區","address":"臺北市士林區美崙街190號","source_id":"data.taipei:34300677"}},{"type":"Feature","geometry":{"type":"Point","coordinates":[121.55225092146637,25.101281501209442]},"properties":{"uid":"community_centers:A:0137","name":"臨溪","county":"臺北市","town":"士林區","address":"臺北市士林區至善路2段286號","source_id":"data.taipei:34300677"}},{"type":"Feature","geometry":{"type":"Point","coordinates":[121.52048514249293,25.098220405728206]},"properties":{"uid":"community_centers:A:0138","name":"文昌","county":"臺北市","town":"士林區","address":"臺北市士林區文昌路166之1號","source_id":"data.taipei:34300677"}},{"type":"Feature","geometry":{"type":"Point","coordinates":[121.5234851188579,25.105469944804604]},"properties":{"uid":"community_centers:A:0139","name":"仰德","county":"臺北市","town":"士林區","address":"臺北市士林區德行西路30號","source_id":"data.taipei:34300677"}},{"type":"Feature","geometry":{"type":"Point","coordinates":[121.50557472021578,25.089839476291854]},"properties":{"uid":"community_centers:A:0140","name":"社園","county":"臺北市","town":"士林區","address":"臺北市士林區永平街2號","source_id":"data.taipei:34300677"}},{"type":"Feature","geometry":{"type":"Point","coordinates":[121.52029014180384,25.100038611265752]},"properties":{"uid":"community_centers:A:0141","name":"德華","county":"臺北市","town":"士林區","address":"臺北市士林區文昌路臨211之1號","source_id":"data.taipei:34300677"}},{"type":"Feature","geometry":{"type":"Point","coordinates":[121.51951673250097,25.081767951547228]},"properties":{"uid":"community_centers:A:0142","name":"劍潭","county":"臺北市","town":"士林區","address":"臺北市士林區通河街179巷2號3樓","source_id":"data.taipei:34300677"}},{"type":"Feature","geometry":{"type":"Point","coordinates":[121.52742348630255,25.09466064324897]},"properties":{"uid":"community_centers:A:0143","name":"福林","county":"臺北市","town":"士林區","address":"臺北市士林區中正路187巷26號","source_id":"data.taipei:34300677"}},{"type":"Feature","geometry":{"type":"Point","coordinates":[121.49443169980759,25.097348950258187]},"properties":{"uid":"community_centers:A:0144","name":"福安","county":"臺北市","town":"士林區","address":"臺北市士林區延平北路7段114號2樓","source_id":"data.taipei:34300677"}},{"type":"Feature","geometry":{"type":"Point","coordinates":[121.5474223432784,25.13807237936345]},"properties":{"uid":"community_centers:A:0145","name":"陽明","county":"臺北市","town":"士林區","address":"臺北市士林區菁山路34巷1號","source_id":"data.taipei:34300677"}},{"type":"Feature","geometry":{"type":"Point","coordinates":[121.52683570950722,25.09944230931459]},"properties":{"uid":"community_centers:A:0146","name":"舊佳","county":"臺北市","town":"士林區","address":"臺北市士林區中山北路5段773之1號","source_id":"data.taipei:34300677"}},{"type":"Feature","geometry":{"type":"Point","coordinates":[121.51028409823414,25.079018865138426]},"properties":{"uid":"community_centers:A:0147","name":"富光","county":"臺北市","town":"士林區","address":"臺北市士林區延平北路5段1巷40號","source_id":"data.taipei:34300677"}},{"type":"Feature","geometry":{"type":"Point","coordinates":[121.57480753275107,25.13028009799231]},"properties":{"uid":"community_centers:A:0148","name":"平等","county":"臺北市","town":"士林區","address":"臺北市士林區平菁街106巷18號","source_id":"data.taipei:34300677"}},{"type":"Feature","geometry":{"type":"Point","coordinates":[121.52935719566676,25.096381971340282]},"properties":{"uid":"community_centers:A:0149","name":"福志","county":"臺北市","town":"士林區","address":"臺北市士林區中正路104巷2號","source_id":"data.taipei:34300677"}},{"type":"Feature","geometry":{"type":"Point","coordinates":[121.507210194442,25.12775755653222]},"properties":{"uid":"community_centers:A:0150","name":"奇岩","county":"臺北市","town":"北投區","address":"臺北市北投區公館路198號4樓","source_id":"data.taipei:34300677"}},{"type":"Feature","geometry":{"type":"Point","coordinates":[121.493226158696,25.14551599475733]},"properties":{"uid":"community_centers:A:0151","name":"秀山","county":"臺北市","town":"北投區","address":"臺北市北投區中和街534號9、10樓","source_id":"data.taipei:34300677"}},{"type":"Feature","geometry":{"type":"Point","coordinates":[121.51758460546374,25.118270361952884]},"properties":{"uid":"community_centers:A:0152","name":"永明","county":"臺北市","town":"北投區","address":"臺北市北投區石牌路二段115號9、10樓","source_id":"data.taipei:34300677"}},{"type":"Feature","geometry":{"type":"Point","coordinates":[121.5083951173462,25.11934195224343]},"properties":{"uid":"community_centers:A:0153","name":"唭哩岸","county":"臺北市","town":"北投區","address":"臺北市北投區立農街1段366號4樓","source_id":"data.taipei:34300677"}},{"type":"Feature","geometry":{"type":"Point","coordinates":[121.46651008589448,25.123208862343805]},"properties":{"uid":"community_centers:A:0154","name":"關渡","county":"臺北市","town":"北投區","address":"臺北市北投區大度路3段301巷1號1樓","source_id":"data.taipei:34300677"}},{"type":"Feature","geometry":{"type":"Point","coordinates":[121.5139149024799,25.110812080515363]},"properties":{"uid":"community_centers:A:0155","name":"石牌","county":"臺北市","town":"北投區","address":"臺北市北投區自強街61巷6號2樓","source_id":"data.taipei:34300677"}},{"type":"Feature","geometry":{"type":"Point","coordinates":[121.49711032544712,25.137382846880975]},"properties":{"uid":"community_centers:A:0156","name":"文化","county":"臺北市","town":"北投區","address":"臺北市北投區文化三路3號1樓、4樓、5樓","source_id":"data.taipei:34300677"}},{"type":"Feature","geometry":{"type":"Point","coordinates":[121.51163370198027,25.114975202643095]},"properties":{"uid":"community_centers:A:0157","name":"吉慶","county":"臺北市","town":"北投區","address":"臺北市北投區致遠二路61巷2之2號2樓","source_id":"data.taipei:34300677"}},{"type":"Feature","geometry":{"type":"Point","coordinates":[121.51160269995874,25.125649104158423]},"properties":{"uid":"community_centers:A:0158","name":"崇仰","county":"臺北市","town":"北投區","address":"臺北市北投區崇仰1路7號1樓、2樓","source_id":"data.taipei:34300677"}},{"type":"Feature","geometry":{"type":"Point","coordinates":[121.46755489843001,25.128269251517395]},"properties":{"uid":"community_centers:A:0159","name":"一德","county":"臺北市","town":"北投區","address":"臺北市北投區中央北路4段538號1、2樓","source_id":"data.taipei:34300677"}},{"type":"Feature","geometry":{"type":"Point","coordinates":[121.53526574915227,25.147313537717853]},"properties":{"uid":"community_centers:A:0160","name":"湖山","county":"臺北市","town":"北投區","address":"臺北市北投區湖底路4之13號","source_id":"data.taipei:34300677"}},{"type":"Feature","geometry":{"type":"Point","coordinates":[121.53365114704552,25.177592244725698]},"properties":{"uid":"community_centers:A:0161","name":"湖田","county":"臺北市","town":"北投區","address":"臺北市北投區竹子湖路57之7號","source_id":"data.taipei:34300677"}},{"type":"Feature","geometry":{"type":"Point","coordinates":[121.50500366973304,25.100090549934087]},"properties":{"uid":"community_centers:A:0162","name":"洲美","county":"臺北市","town":"北投區","address":"臺北市北投區福美街207號、209號1樓","source_id":"data.taipei:34300677"}},{"type":"Feature","geometry":{"type":"Point","coordinates":[120.28368,22.629369]},"properties":{"uid":"community_centers:E:0001","name":"壽星里活動中心","county":"高雄市","town":"鹽埕區","address":"高雄市鹽埕區七賢三路225號","source_id":"datagov:47063"}},{"type":"Feature","geometry":{"type":"Point","coordinates":[120.275678,22.659973]},"properties":{"uid":"community_centers:E:0002","name":"自強里活動中心","county":"高雄市","town":"鼓山區","address":"高雄市鼓山區鼓山三路115巷4號","source_id":"datagov:47063"}},{"type":"Feature","geometry":{"type":"Point","coordinates":[120.283486,22.639702]},"properties":{"uid":"community_centers:E:0003","name":"河邊里活動中心","county":"高雄市","town":"鼓山區","address":"高雄市鼓山區河西一路211號","source_id":"datagov:47063"}},{"type":"Feature","geometry":{"type":"Point","coordinates":[120.273039,22.623306]},"properties":{"uid":"community_centers:E:0004","name":"南鼓山聯合里活動中心","county":"高雄市","town":"鼓山區","address":"高雄市鼓山區延平街87-13號3樓","source_id":"datagov:47063"}},{"type":"Feature","geometry":{"type":"Point","coordinates":[120.279675,22.646289]},"properties":{"uid":"community_centers:E:0005","name":"厚生里集會所","county":"高雄市","town":"鼓山區","address":"高雄市鼓山區九如四路576之1號","source_id":"datagov:47063"}},{"type":"Feature","geometry":{"type":"Point","coordinates":[120.289826,22.66745]},"properties":{"uid":"community_centers:E:0006","name":"瑞豐新村里活動中心","county":"高雄市","town":"鼓山區","address":"高雄市鼓山區中華一路45號","source_id":"datagov:47063"}},{"type":"Feature","geometry":{"type":"Point","coordinates":[120.286638,22.667403]},"properties":{"uid":"community_centers:E:0007","name":"鼓峰里活動中心","county":"高雄市","town":"鼓山區","address":"高雄市鼓山區九如四路2000巷1號","source_id":"datagov:47063"}},{"type":"Feature","geometry":{"type":"Point","coordinates":[120.296364,22.653651]},"properties":{"uid":"community_centers:E:0008","name":"龍子里活動中心","county":"高雄市","town":"鼓山區","address":"高雄市鼓山區中華一路2133巷47號","source_id":"datagov:47063"}},{"type":"Feature","geometry":{"type":"Point","coordinates":[120.287978,22.668548]},"properties":{"uid":"community_centers:E:0009","name":"果惠果峰里聯合活動中心","county":"高雄市","town":"左營區","address":"高雄市左營區中華一路9號3樓","source_id":"datagov:47063"}},{"type":"Feature","geometry":{"type":"Point","coordinates":[120.288414,22.670892]},"properties":{"uid":"community_centers:E:0010","name":"果貿里活動中心","county":"高雄市","town":"左營區","address":"高雄市左營區果峰街8號","source_id":"datagov:47063"}},{"type":"Feature","geometry":{"type":"Point","coordinates":[120.289456,22.680492]},"properties":{"uid":"community_centers:E:0011","name":"埤東埤西埤北里聯合活動中心","county":"高雄市","town":"左營區","address":"高雄市左營區左營大路6巷81號","source_id":"datagov:47063"}},{"type":"Feature","geometry":{"type":"Point","coordinates":[120.2825,22.678354]},"properties":{"uid":"community_centers:E:0012","name":"崇實自助里聯合活動中心","county":"高雄市","town":"左營區","address":"高雄市左營區先鋒路293號","source_id":"datagov:47063"}},{"type":"Feature","geometry":{"type":"Point","coordinates":[120.307931,22.666211]},"properties":{"uid":"community_centers:E:0013","name":"新上新中新下新光里聯合活動中心","county":"高雄市","town":"左營區","address":"高雄市左營區立信路22號","source_id":"datagov:47063"}},{"type":"Feature","geometry":{"type":"Point","coordinates":[120.321467,22.681982]},"properties":{"uid":"community_centers:E:0014","name":"福山里活動中心","county":"高雄市","town":"左營區","address":"高雄市左營區榮總路201號","source_id":"datagov:47063"}},{"type":"Feature","geometry":{"type":"Point","coordinates":[120.330966,22.727682]},"properties":{"uid":"community_centers:E:0015","name":"五常里集會所","county":"高雄市","town":"楠梓區","address":"高雄市楠梓區楠梓舊街15-1號","source_id":"datagov:47063"}},{"type":"Feature","geometry":{"type":"Point","coordinates":[120.294847,22.724299]},"properties":{"uid":"community_centers:E:0016","name":"仁昌里活動中心","county":"高雄市","town":"楠梓區","address":"高雄市楠梓區壽豐路461號","source_id":"datagov:47063"}},{"type":"Feature","geometry":{"type":"Point","coordinates":[120.29771,22.72281]},"properties":{"uid":"community_centers:E:0017","name":"加昌里活動中心","county":"高雄市","town":"楠梓區","address":"高雄市楠梓區壽民路16巷16號","source_id":"datagov:47063"}},{"type":"Feature","geometry":{"type":"Point","coordinates":[120.294057,22.715378]},"properties":{"uid":"community_centers:E:0018","name":"宏昌等六里聯合活動中心","county":"高雄市","town":"楠梓區","address":"高雄市楠梓區後昌路960巷19號","source_id":"datagov:47063"}},{"type":"Feature","geometry":{"type":"Point","coordinates":[120.323083,22.732098]},"properties":{"uid":"community_centers:E:0019","name":"惠民里集會所","county":"高雄市","town":"楠梓區","address":"高雄市楠梓區高楠公路1868巷100號","source_id":"datagov:47063"}},{"type":"Feature","geometry":{"type":"Point","coordinates":[120.318969,22.727244]},"properties":{"uid":"community_centers:E:0020","name":"惠豐里活動中心","county":"高雄市","town":"楠梓區","address":"高雄市楠梓區青田街87號","source_id":"datagov:47063"}},{"type":"Feature","geometry":{"type":"Point","coordinates":[120.302453,22.726725]},"properties":{"uid":"community_centers:E:0021","name":"翠屏里活動中心","county":"高雄市","town":"楠梓區","address":"高雄市楠梓區德惠路55號","source_id":"datagov:47063"}},{"type":"Feature","geometry":{"type":"Point","coordinates":[120.284996,22.707598]},"properties":{"uid":"community_centers:E:0022","name":"廣昌等四里聯合活動中心","county":"高雄市","town":"楠梓區","address":"高雄市楠梓區廣昌街175巷37號","source_id":"datagov:47063"}},{"type":"Feature","geometry":{"type":"Point","coordinates":[120.295627,22.636783]},"properties":{"uid":"community_centers:E:0023","name":"三塊厝聯合里活動中心","county":"高雄市","town":"三民區","address":"高雄市三民區三民街39-1號","source_id":"datagov:47063"}},{"type":"Feature","geometry":{"type":"Point","coordinates":[120.290614,22.635296]},"properties":{"uid":"community_centers:E:0024","name":"千歲等四里聯合里活動中心","county":"高雄市","town":"三民區","address":"高雄市三民區三民街222號","source_id":"datagov:47063"}},{"type":"Feature","geometry":{"type":"Point","coordinates":[120.283076,22.644329]},"properties":{"uid":"community_centers:E:0025","name":"中都地區聯合里活動中心","county":"高雄市","town":"三民區","address":"高雄市三民區同盟三路442號","source_id":"datagov:47063"}},{"type":"Feature","geometry":{"type":"Point","coordinates":[120.326122,22.655515]},"properties":{"uid":"community_centers:E:0026","name":"本和里活動中心","county":"高雄市","town":"三民區","address":"高雄市三民區大和街190號","source_id":"datagov:47063"}},{"type":"Feature","geometry":{"type":"Point","coordinates":[120.331452,22.655754]},"properties":{"uid":"community_centers:E:0027","name":"本館里集會所","county":"高雄市","town":"三民區","address":"高雄市三民區昌裕街55號","source_id":"datagov:47063"}},{"type":"Feature","geometry":{"type":"Point","coordinates":[120.296452,22.650366]},"properties":{"uid":"community_centers:E:0028","name":"安宜里活動中心","county":"高雄市","town":"三民區","address":"高雄市三民區自立一路535號","source_id":"datagov:47063"}},{"type":"Feature","geometry":{"type":"Point","coordinates":[120.30471,22.646971]},"properties":{"uid":"community_centers:E:0029","name":"安東安和達明聯合里活動中心","county":"高雄市","town":"三民區","address":"高雄市三民區松江街250號","source_id":"datagov:47063"}},{"type":"Feature","geometry":{"type":"Point","coordinates":[120.321863,22.666713]},"properties":{"uid":"community_centers:E:0030","name":"鼎中等六里聯合里活動中心","county":"高雄市","town":"三民區","address":"高雄市三民區鼎力路125-2號地下一樓","source_id":"datagov:47063"}},{"type":"Feature","geometry":{"type":"Point","coordinates":[120.295094,22.640622]},"properties":{"uid":"community_centers:E:0031","name":"德北十全十美聯合里活動中心","county":"高雄市","town":"三民區","address":"高雄市三民區德北里德北街170號","source_id":"datagov:47063"}},{"type":"Feature","geometry":{"type":"Point","coordinates":[120.308816,22.642952]},"properties":{"uid":"community_centers:E:0032","name":"德智、德仁里活動中心","county":"高雄市","town":"三民區","address":"高雄市三民區自由一路52號","source_id":"datagov:47063"}},{"type":"Feature","geometry":{"type":"Point","coordinates":[120.32886,22.640731]},"properties":{"uid":"community_centers:E:0033","name":"寶安里活動中心","county":"高雄市","town":"三民區","address":"高雄市三民區覺民路585號","source_id":"datagov:47063"}},{"type":"Feature","geometry":{"type":"Point","coordinates":[120.333877,22.641252]},"properties":{"uid":"community_centers:E:0034","name":"寶珠溝里活動中心","county":"高雄市","town":"三民區","address":"高雄市三民區壽昌路2號","source_id":"datagov:47063"}},{"type":"Feature","geometry":{"type":"Point","coordinates":[120.321255,22.657879]},"properties":{"uid":"community_centers:E:0035","name":"灣愛里活動中心","county":"高雄市","town":"三民區","address":"高雄市三民區大昌一路270巷2號","source_id":"datagov:47063"}},{"type":"Feature","geometry":{"type":"Point","coordinates":[120.311097,22.62974]},"properties":{"uid":"community_centers:E:0036","name":"光耀、興昌、德生、德望等四里聯合活動中心","county":"高雄市","town":"新興區","address":"高雄市新興區黃海街62號","source_id":"datagov:47063"}},{"type":"Feature","geometry":{"type":"Point","coordinates":[120.306289,22.634877]},"properties":{"uid":"community_centers:E:0037","name":"南港、新江、黎明、成功等四里聯合活動中心","county":"高雄市","town":"新興區","address":"高雄市新興區忠孝一路417號","source_id":"datagov:47063"}},{"type":"Feature","geometry":{"type":"Point","coordinates":[120.293893,22.631409]},"properties":{"uid":"community_centers:E:0038","name":"東金里活動中心","county":"高雄市","town":"前金區","address":"高雄市前金區文武一街65號","source_id":"datagov:47063"}},{"type":"Feature","geometry":{"type":"Point","coordinates":[120.322208,22.631964]},"properties":{"uid":"community_centers:E:0039","name":"五權里活動中心","county":"高雄市","town":"苓雅區","address":"高雄市苓雅區武廟路243號","source_id":"datagov:47063"}},{"type":"Feature","geometry":{"type":"Point","coordinates":[120.327847,22.632123]},"properties":{"uid":"community_centers:E:0040","name":"正文正言里活動中心","county":"高雄市","town":"苓雅區","address":"高雄市苓雅區福德二路77號2樓","source_id":"datagov:47063"}},{"type":"Feature","geometry":{"type":"Point","coordinates":[120.298245,22.618486]},"properties":{"uid":"community_centers:E:0041","name":"田西等15里聯合活動中心","county":"高雄市","town":"苓雅區","address":"高雄市苓雅區青年二路101號","source_id":"datagov:47063"}},{"type":"Feature","geometry":{"type":"Point","coordinates":[120.325701,22.618071]},"properties":{"uid":"community_centers:E:0042","name":"林榮等3里里活動中心","county":"高雄市","town":"苓雅區","address":"高雄市苓雅區凱旋三路871巷1弄22號","source_id":"datagov:47063"}},{"type":"Feature","geometry":{"type":"Point","coordinates":[120.326339,22.62915]},"properties":{"uid":"community_centers:E:0043","name":"福南里活動中心","county":"高雄市","town":"苓雅區","address":"高雄市苓雅區福德三路353巷60號","source_id":"datagov:47063"}},{"type":"Feature","geometry":{"type":"Point","coordinates":[120.317727,22.58274]},"properties":{"uid":"community_centers:E:0044","name":"仁愛里活動中心","county":"高雄市","town":"前鎮區","address":"高雄市前鎮區德昌路142號","source_id":"datagov:47063"}},{"type":"Feature","geometry":{"type":"Point","coordinates":[120.312117,22.607195]},"properties":{"uid":"community_centers:E:0045","name":"民權里活動中心","county":"高雄市","town":"前鎮區","address":"高雄市前鎮區管仲路50巷1、3號","source_id":"datagov:47063"}},{"type":"Feature","geometry":{"type":"Point","coordinates":[120.319755,22.609364]},"properties":{"uid":"community_centers:E:0046","name":"竹西里活動中心","county":"高雄市","town":"前鎮區","address":"高雄市前鎮區廣東三街73號3樓","source_id":"datagov:47063"}},{"type":"Feature","geometry":{"type":"Point","coordinates":[120.304366,22.601184]},"properties":{"uid":"community_centers:E:0047","name":"君毅正勤里社區活動中心","county":"高雄市","town":"前鎮區","address":"高雄市前鎮區中華五路969巷12號","source_id":"datagov:47063"}},{"type":"Feature","geometry":{"type":"Point","coordinates":[120.307753,22.592193]},"properties":{"uid":"community_centers:E:0048","name":"前鎮四里活動中心","county":"高雄市","town":"前鎮區","address":"高雄市前鎮區前鎮街291號2樓之1","source_id":"datagov:47063"}},{"type":"Feature","geometry":{"type":"Point","coordinates":[120.322258,22.573614]},"properties":{"uid":"community_centers:E:0049","name":"草衙等四里聯合活動中心","county":"高雄市","town":"前鎮區","address":"高雄市前鎮區后安路152號","source_id":"datagov:47063"}},{"type":"Feature","geometry":{"type":"Point","coordinates":[120.329732,22.609302]},"properties":{"uid":"community_centers:E:0050","name":"崗山仔中區聯合里活動中心","county":"高雄市","town":"前鎮區","address":"高雄市前鎮區瑞孝街33號","source_id":"datagov:47063"}},{"type":"Feature","geometry":{"type":"Point","coordinates":[120.333135,22.602397]},"properties":{"uid":"community_centers:E:0051","name":"崗山仔南區聯合里活動中心","county":"高雄市","town":"前鎮區","address":"高雄市前鎮區保泰路303號","source_id":"datagov:47063"}},{"type":"Feature","geometry":{"type":"Point","coordinates":[120.315209,22.610853]},"properties":{"uid":"community_centers:E:0052","name":"興東里活動中心","county":"高雄市","town":"前鎮區","address":"高雄市前鎮區嘉陵街36號","source_id":"datagov:47063"}},{"type":"Feature","geometry":{"type":"Point","coordinates":[120.313481,22.591118]},"properties":{"uid":"community_centers:E:0053","name":"鎮昌鎮榮里活動中心","county":"高雄市","town":"前鎮區","address":"高雄市前鎮區鎮興路82號","source_id":"datagov:47063"}},{"type":"Feature","geometry":{"type":"Point","coordinates":[120.284799,22.590041]},"properties":{"uid":"community_centers:E:0054","name":"中興等五里活動中心","county":"高雄市","town":"旗津區","address":"高雄市旗津區旗津三路2號4樓","source_id":"datagov:47063"}},{"type":"Feature","geometry":{"type":"Point","coordinates":[120.273162,22.605803]},"properties":{"uid":"community_centers:E:0055","name":"復興里活動中心","county":"高雄市","town":"旗津區","address":"高雄市旗津區旗津三路900巷33號","source_id":"datagov:47063"}},{"type":"Feature","geometry":{"type":"Point","coordinates":[120.337901,22.564711]},"properties":{"uid":"community_centers:E:0056","name":"小港、港正、港南等3里聯合集會所","county":"高雄市","town":"小港區","address":"高雄市小港區小港路175號","source_id":"datagov:47063"}},{"type":"Feature","geometry":{"type":"Point","coordinates":[120.367149,22.562837]},"properties":{"uid":"community_centers:E:0057","name":"山明里活動中心","county":"高雄市","town":"小港區","address":"高雄市小港區鳳福路3號","source_id":"datagov:47063"}},{"type":"Feature","geometry":{"type":"Point","coordinates":[120.355945,22.571597]},"properties":{"uid":"community_centers:E:0058","name":"山東青島里聯合活動中心","county":"高雄市","town":"小港區","address":"高雄市小港區中光街23號","source_id":"datagov:47063"}},{"type":"Feature","geometry":{"type":"Point","coordinates":[120.360378,22.568468]},"properties":{"uid":"community_centers:E:0059","name":"六苓里活動中心","county":"高雄市","town":"小港區","address":"高雄市小港區華盛街106巷29號","source_id":"datagov:47063"}},{"type":"Feature","geometry":{"type":"Point","coordinates":[120.355759,22.567645]},"properties":{"uid":"community_centers:E:0060","name":"正苓順苓聯合里活動中心","county":"高雄市","town":"小港區","address":"高雄市小港區平治街63號3樓","source_id":"datagov:47063"}},{"type":"Feature","geometry":{"type":"Point","coordinates":[120.365075,22.582371]},"properties":{"uid":"community_centers:E:0061","name":"合作里活動中心","county":"高雄市","town":"小港區","address":"高雄市小港區孔祥街150號","source_id":"datagov:47063"}},{"type":"Feature","geometry":{"type":"Point","coordinates":[120.361188,22.569207]},"properties":{"uid":"community_centers:E:0062","name":"宏亮里活動中心","county":"高雄市","town":"小港區","address":"高雄市小港區安和街33號2、3樓及35號2樓","source_id":"datagov:47063"}},{"type":"Feature","geometry":{"type":"Point","coordinates":[120.351622,22.56254]},"properties":{"uid":"community_centers:E:0063","name":"店鎮鳳宮聯合里活動中心","county":"高雄市","town":"小港區","address":"高雄市小港區店北路180號","source_id":"datagov:47063"}},{"type":"Feature","geometry":{"type":"Point","coordinates":[120.351491,22.582236]},"properties":{"uid":"community_centers:E:0064","name":"桂林中厝聯合里活動中心","county":"高雄市","town":"小港區","address":"高雄市小港區桂陽路332號","source_id":"datagov:47063"}},{"type":"Feature","geometry":{"type":"Point","coordinates":[120.372287,22.572538]},"properties":{"uid":"community_centers:E:0065","name":"高松地區活動中心","county":"高雄市","town":"小港區","address":"高雄市小港區高松路27號","source_id":"datagov:47063"}},{"type":"Feature","geometry":{"type":"Point","coordinates":[120.332302,22.564466]},"properties":{"uid":"community_centers:E:0066","name":"港口里活動中心","county":"高雄市","town":"小港區","address":"高雄市小港區鋼平街173巷2、4號","source_id":"datagov:47063"}},{"type":"Feature","geometry":{"type":"Point","coordinates":[120.335477,22.569459]},"properties":{"uid":"community_centers:E:0067","name":"港后里活動中心","county":"高雄市","town":"小港區","address":"高雄市小港區豐田街66號","source_id":"datagov:47063"}},{"type":"Feature","geometry":{"type":"Point","coordinates":[120.359517,22.57308]},"properties":{"uid":"community_centers:E:0068","name":"濟南里活動中心","county":"高雄市","town":"小港區","address":"高雄市小港區飛機路153號","source_id":"datagov:47063"}},{"type":"Feature","geometry":{"type":"Point","coordinates":[120.339594,22.599035]},"properties":{"uid":"community_centers:E:0069","name":"二甲里活動中心","county":"高雄市","town":"鳳山區","address":"高雄市鳳山區林森路379號","source_id":"datagov:47063"}},{"type":"Feature","geometry":{"type":"Point","coordinates":[120.363837,22.623521]},"properties":{"uid":"community_centers:E:0070","name":"三民里活動中心","county":"高雄市","town":"鳳山區","address":"高雄市鳳山區光遠路155巷69號","source_id":"datagov:47063"}},{"type":"Feature","geometry":{"type":"Point","coordinates":[120.370596,22.630083]},"properties":{"uid":"community_centers:E:0071","name":"中正里活動中心","county":"高雄市","town":"鳳山區","address":"高雄市鳳山區瑞興路422巷63-1號","source_id":"datagov:47063"}},{"type":"Feature","geometry":{"type":"Point","coordinates":[120.358153,22.637704]},"properties":{"uid":"community_centers:E:0072","name":"文英里活動中心","county":"高雄市","town":"鳳山區","address":"高雄市鳳山區文南街66號","source_id":"datagov:47063"}},{"type":"Feature","geometry":{"type":"Point","coordinates":[120.353511,22.64396]},"properties":{"uid":"community_centers:E:0073","name":"文德里活動中心","county":"高雄市","town":"鳳山區","address":"高雄市鳳山區文澄街68號","source_id":"datagov:47063"}},{"type":"Feature","geometry":{"type":"Point","coordinates":[120.365695,22.634467]},"properties":{"uid":"community_centers:E:0074","name":"北門里活動中心","county":"高雄市","town":"鳳山區","address":"高雄市鳳山區鳳仁路69號","source_id":"datagov:47063"}},{"type":"Feature","geometry":{"type":"Point","coordinates":[120.339917,22.603014]},"properties":{"uid":"community_centers:E:0075","name":"正義里活動中心","county":"高雄市","town":"鳳山區","address":"高雄市鳳山區南江街185號","source_id":"datagov:47063"}},{"type":"Feature","geometry":{"type":"Point","coordinates":[120.363819,22.6203]},"properties":{"uid":"community_centers:E:0076","name":"生明里活動中心","county":"高雄市","town":"鳳山區","address":"高雄市鳳山區中山東路12-1號","source_id":"datagov:47063"}},{"type":"Feature","geometry":{"type":"Point","coordinates":[120.343649,22.605594]},"properties":{"uid":"community_centers:E:0077","name":"老爺里活動中心","county":"高雄市","town":"鳳山區","address":"高雄市鳳山區興隆街42號","source_id":"datagov:47063"}},{"type":"Feature","geometry":{"type":"Point","coordinates":[120.352879,22.624121]},"properties":{"uid":"community_centers:E:0078","name":"協和里活動中心","county":"高雄市","town":"鳳山區","address":"高雄市鳳山區五權南路231號","source_id":"datagov:47063"}},{"type":"Feature","geometry":{"type":"Point","coordinates":[120.356352,22.615714]},"properties":{"uid":"community_centers:E:0079","name":"和興里活動中心","county":"高雄市","town":"鳳山區","address":"高雄市鳳山區國泰路一段210巷9號","source_id":"datagov:47063"}},{"type":"Feature","geometry":{"type":"Point","coordinates":[120.350531,22.627944]},"properties":{"uid":"community_centers:E:0080","name":"忠義里活動中心","county":"高雄市","town":"鳳山區","address":"高雄市鳳山區忠水街3號","source_id":"datagov:47063"}},{"type":"Feature","geometry":{"type":"Point","coordinates":[120.33632,22.610799]},"properties":{"uid":"community_centers:E:0081","name":"武漢里活動中心","county":"高雄市","town":"鳳山區","address":"高雄市鳳山區武營路239巷23號","source_id":"datagov:47063"}},{"type":"Feature","geometry":{"type":"Point","coordinates":[120.346741,22.61227]},"properties":{"uid":"community_centers:E:0082","name":"海洋里活動中心","county":"高雄市","town":"鳳山區","address":"高雄市鳳山區南福街152巷15號","source_id":"datagov:47063"}},{"type":"Feature","geometry":{"type":"Point","coordinates":[120.378783,22.628508]},"properties":{"uid":"community_centers:E:0083","name":"埤頂里活動中心","county":"高雄市","town":"鳳山區","address":"高雄市鳳山區鳳埤街85號","source_id":"datagov:47063"}},{"type":"Feature","geometry":{"type":"Point","coordinates":[120.343492,22.607922]},"properties":{"uid":"community_centers:E:0084","name":"新甲里活動中心","county":"高雄市","town":"鳳山區","address":"高雄市鳳山區新康街21號","source_id":"datagov:47063"}},{"type":"Feature","geometry":{"type":"Point","coordinates":[120.339568,22.60799]},"properties":{"uid":"community_centers:E:0085","name":"新武里活動中心","county":"高雄市","town":"鳳山區","address":"高雄市鳳山區武營路84巷45號","source_id":"datagov:47063"}},{"type":"Feature","geometry":{"type":"Point","coordinates":[120.340374,22.612315]},"properties":{"uid":"community_centers:E:0086","name":"新強里活動中心","county":"高雄市","town":"鳳山區","address":"高雄市鳳山區新富路230號","source_id":"datagov:47063"}},{"type":"Feature","geometry":{"type":"Point","coordinates":[120.359862,22.614939]},"properties":{"uid":"community_centers:E:0087","name":"誠義里活動中心","county":"高雄市","town":"鳳山區","address":"高雄市鳳山區光華東路182號","source_id":"datagov:47063"}},{"type":"Feature","geometry":{"type":"Point","coordinates":[120.380184,22.626588]},"properties":{"uid":"community_centers:E:0088","name":"鳳東里活動中心","county":"高雄市","town":"鳳山區","address":"高雄市鳳山區鳳東路75-2號","source_id":"datagov:47063"}},{"type":"Feature","geometry":{"type":"Point","coordinates":[120.358096,22.627269]},"properties":{"uid":"community_centers:E:0089","name":"鳳崗里活動中心","county":"高雄市","town":"鳳山區","address":"高雄市鳳山區曹公路6號","source_id":"datagov:47063"}},{"type":"Feature","geometry":{"type":"Point","coordinates":[120.394961,22.487216]},"properties":{"uid":"community_centers:E:0090","name":"中芸鳳芸西溪里里民活動中心","county":"高雄市","town":"林園區","address":"高雄市林園區西溪路56之20號","source_id":"datagov:47063"}},{"type":"Feature","geometry":{"type":"Point","coordinates":[120.408316,22.481119]},"properties":{"uid":"community_centers:E:0091","name":"東汕西汕中汕北汕里里民活動中心","county":"高雄市","town":"林園區","address":"高雄市林園區北汕二路53巷35號","source_id":"datagov:47063"}},{"type":"Feature","geometry":{"type":"Point","coordinates":[120.347604,22.724739]},"properties":{"uid":"community_centers:E:0092","name":"三奶公園集會所","county":"高雄市","town":"大社區","address":"高雄市大社區大新路2-23號","source_id":"datagov:47063"}},{"type":"Feature","geometry":{"type":"Point","coordinates":[120.35259,22.733502]},"properties":{"uid":"community_centers:E:0093","name":"保安里活動中心","county":"高雄市","town":"大社區","address":"高雄市大社區大社路87-3號","source_id":"datagov:47063"}},{"type":"Feature","geometry":{"type":"Point","coordinates":[120.353331,22.729351]},"properties":{"uid":"community_centers:E:0094","name":"神農里集會所","county":"高雄市","town":"大社區","address":"高雄市大社區金龍路42-8號","source_id":"datagov:47063"}},{"type":"Feature","geometry":{"type":"Point","coordinates":[120.344717,22.704348]},"properties":{"uid":"community_centers:E:0095","name":"仁武里活動中心","county":"高雄市","town":"仁武區","address":"高雄市仁武區仁祥街199號","source_id":"datagov:47063"}},{"type":"Feature","geometry":{"type":"Point","coordinates":[120.358724,22.6717]},"properties":{"uid":"community_centers:E:0096","name":"仁慈里活動中心","county":"高雄市","town":"仁武區","address":"高雄市仁武區仁慈路75號","source_id":"datagov:47063"}},{"type":"Feature","geometry":{"type":"Point","coordinates":[120.351572,22.697642]},"properties":{"uid":"community_centers:E:0097","name":"文武里活動中心","county":"高雄市","town":"仁武區","address":"高雄市仁武區文館路2號","source_id":"datagov:47063"}},{"type":"Feature","geometry":{"type":"Point","coordinates":[120.34631,22.708071]},"properties":{"uid":"community_centers:E:0098","name":"後安里活動中心","county":"高雄市","town":"仁武區","address":"高雄市仁武區安樂三街76巷1號","source_id":"datagov:47063"}},{"type":"Feature","geometry":{"type":"Point","coordinates":[120.395882,22.662807]},"properties":{"uid":"community_centers:E:0099","name":"大竹里活動中心","county":"高雄市","town":"鳥松區","address":"高雄市鳥松區大竹路2號","source_id":"datagov:47063"}},{"type":"Feature","geometry":{"type":"Point","coordinates":[120.340618,22.655179]},"properties":{"uid":"community_centers:E:0100","name":"大華里活動中心","county":"高雄市","town":"鳥松區","address":"高雄市鳥松區大昌路397之1號","source_id":"datagov:47063"}},{"type":"Feature","geometry":{"type":"Point","coordinates":[120.393937,22.653434]},"properties":{"uid":"community_centers:E:0101","name":"仁美里活動中心","county":"高雄市","town":"鳥松區","address":"高雄市鳥松區美山路228號","source_id":"datagov:47063"}},{"type":"Feature","geometry":{"type":"Point","coordinates":[120.382709,22.660033]},"properties":{"uid":"community_centers:E:0102","name":"?埔里活動中心","county":"高雄市","town":"鳥松區","address":"高雄市鳥松區松埔路43號","source_id":"datagov:47063"}},{"type":"Feature","geometry":{"type":"Point","coordinates":[120.361815,22.655898]},"properties":{"uid":"community_centers:E:0103","name":"鳥松里活動中心","county":"高雄市","town":"鳥松區","address":"高雄市鳥松區忠誠路128號","source_id":"datagov:47063"}},{"type":"Feature","geometry":{"type":"Point","coordinates":[120.392033,22.662363]},"properties":{"uid":"community_centers:E:0104","name":"華美里活動中心","county":"高雄市","town":"鳥松區","address":"高雄市鳥松區中山西路115號","source_id":"datagov:47063"}},{"type":"Feature","geometry":{"type":"Point","coordinates":[120.361673,22.66859]},"properties":{"uid":"community_centers:E:0105","name":"夢裡里活動中心","county":"高雄市","town":"鳥松區","address":"高雄市鳥松區立昌街8號","source_id":"datagov:47063"}},{"type":"Feature","geometry":{"type":"Point","coordinates":[120.478748,22.891204]},"properties":{"uid":"community_centers:E:0106","name":"竹峰里活動中心","county":"高雄市","town":"旗山區","address":"高雄市旗山區義德街31巷1號","source_id":"datagov:47063"}},{"type":"Feature","geometry":{"type":"Point","coordinates":[120.481123,22.889806]},"properties":{"uid":"community_centers:E:0107","name":"湄洲里活動中心","county":"高雄市","town":"旗山區","address":"高雄市旗山區文中路4號","source_id":"datagov:47063"}},{"type":"Feature","geometry":{"type":"Point","coordinates":[121.28784429606375,23.276822776425128]},"properties":{"uid":"community_centers:U:0001","name":"長良社區活動中心","county":"花蓮縣","town":"玉里鎮","address":"花蓮縣玉里鎮長良里長良143-1號","source_id":"hl.gov.tw:60e0d31f"}},{"type":"Feature","geometry":{"type":"Point","coordinates":[121.32885024815903,23.380470792525603]},"properties":{"uid":"community_centers:U:0002","name":"大禹社區活動中心","county":"花蓮縣","town":"玉里鎮","address":"花蓮縣玉里鎮大禹里大禹226號","source_id":"hl.gov.tw:60e0d31f"}},{"type":"Feature","geometry":{"type":"Point","coordinates":[121.34015507544495,23.34065617088889]},"properties":{"uid":"community_centers:U:0003","name":"東豐社區活動中心","county":"花蓮縣","town":"玉里鎮","address":"花蓮縣玉里鎮東豐里東豐石岡32之1號","source_id":"hl.gov.tw:60e0d31f"}},{"type":"Feature","geometry":{"type":"Point","coordinates":[121.35728125788097,23.395147341434452]},"properties":{"uid":"community_centers:U:0004","name":"觀音社區活動中心","county":"花蓮縣","town":"玉里鎮","address":"花蓮縣玉里鎮觀音里觀音9-1號","source_id":"hl.gov.tw:60e0d31f"}},{"type":"Feature","geometry":{"type":"Point","coordinates":[121.37374655070974,23.429328753681805]},"properties":{"uid":"community_centers:U:0005","name":"松浦社區活動中心","county":"花蓮縣","town":"玉里鎮","address":"花蓮縣玉里鎮松浦里松浦214-3號","source_id":"hl.gov.tw:60e0d31f"}},{"type":"Feature","geometry":{"type":"Point","coordinates":[121.30036412738987,23.321893007371493]},"properties":{"uid":"community_centers:U:0006","name":"源城社區活動中心","county":"花蓮縣","town":"玉里鎮","address":"花蓮縣玉里鎮源城里水源57-1號","source_id":"hl.gov.tw:60e0d31f"}},{"type":"Feature","geometry":{"type":"Point","coordinates":[121.3498406758495,23.432146527924182]},"properties":{"uid":"community_centers:U:0007","name":"三民社區活動中心","county":"花蓮縣","town":"玉里鎮","address":"花蓮縣玉里鎮三民里三民131-2號","source_id":"hl.gov.tw:60e0d31f"}},{"type":"Feature","geometry":{"type":"Point","coordinates":[121.40740756776569,23.466930392498252]},"properties":{"uid":"community_centers:U:0010","name":"德武里原住民多功能活動中心","county":"花蓮縣","town":"玉里鎮","address":"花蓮縣玉里鎮德武里5鄰能雅79號","source_id":"hl.gov.tw:60e0d31f"}},{"type":"Feature","geometry":{"type":"Point","coordinates":[121.43026391410139,23.636865039613618]},"properties":{"uid":"community_centers:U:0011","name":"馬佛活動中心","county":"花蓮縣","town":"光復鄉","address":"花蓮縣光復鄉西富村民有街51巷3-1號","source_id":"hl.gov.tw:60e0d31f"}},{"type":"Feature","geometry":{"type":"Point","coordinates":[121.44937395127148,23.6580899228492]},"properties":{"uid":"community_centers:U:0012","name":"西南活動中心","county":"花蓮縣","town":"光復鄉","address":"花蓮縣光復鄉西富村中正路二段72巷14號","source_id":"hl.gov.tw:60e0d31f"}},{"type":"Feature","geometry":{"type":"Point","coordinates":[121.39422298848086,23.63384271725599]},"properties":{"uid":"community_centers:U:0013","name":"大興活動中心","county":"花蓮縣","town":"光復鄉","address":"花蓮縣光復鄉大興村民權街37號","source_id":"hl.gov.tw:60e0d31f"}},{"type":"Feature","geometry":{"type":"Point","coordinates":[121.43096414237773,23.66326916908232]},"properties":{"uid":"community_centers:U:0014","name":"大同活動中心","county":"花蓮縣","town":"光復鄉","address":"花蓮縣光復鄉大同村中正路一段370號","source_id":"hl.gov.tw:60e0d31f"}},{"type":"Feature","geometry":{"type":"Point","coordinates":[121.45115614842157,23.641910763235007]},"properties":{"uid":"community_centers:U:0015","name":"砂荖活動中心","county":"花蓮縣","town":"光復鄉","address":"花蓮縣光復鄉南富村建國路二段39號","source_id":"hl.gov.tw:60e0d31f"}},{"type":"Feature","geometry":{"type":"Point","coordinates":[121.59679169175092,23.951655407260542]},"properties":{"uid":"community_centers:U:0016","name":"仁安活動中心","county":"花蓮縣","town":"吉安鄉","address":"花蓮縣吉安鄉仁安村南海三街71號","source_id":"hl.gov.tw:60e0d31f"}},{"type":"Feature","geometry":{"type":"Point","coordinates":[121.58661471493255,23.975516401940652]},"properties":{"uid":"community_centers:U:0017","name":"勝安活動中心","county":"花蓮縣","town":"吉安鄉","address":"花蓮縣吉安鄉勝安村慈惠一街30號","source_id":"hl.gov.tw:60e0d31f"}},{"type":"Feature","geometry":{"type":"Point","coordinates":[121.55141195599509,23.952809360043922]},"properties":{"uid":"community_centers:U:0018","name":"南華活動中心","county":"花蓮縣","town":"吉安鄉","address":"花蓮縣吉安鄉南華村南華四街123號","source_id":"hl.gov.tw:60e0d31f"}},{"type":"Feature","geometry":{"type":"Point","coordinates":[121.56391377533157,23.993638303188284]},"properties":{"uid":"community_centers:U:0019","name":"太昌活動中心","county":"花蓮縣","town":"吉安鄉","address":"花蓮縣吉安鄉太昌村太昌路488號","source_id":"hl.gov.tw:60e0d31f"}},{"type":"Feature","geometry":{"type":"Point","coordinates":[121.56391377533157,23.993638303188284]},"properties":{"uid":"community_centers:U:0020","name":"永安活動中心","county":"花蓮縣","town":"吉安鄉","address":"花蓮縣吉安鄉永安村太昌路488號","source_id":"hl.gov.tw:60e0d31f"}},{"type":"Feature","geometry":{"type":"Point","coordinates":[121.58327554861657,23.975723080044435]},"properties":{"uid":"community_centers:U:0021","name":"宜昌活動中心","county":"花蓮縣","town":"吉安鄉","address":"花蓮縣吉安鄉宜昌村吉祥六街52巷9號","source_id":"hl.gov.tw:60e0d31f"}},{"type":"Feature","geometry":{"type":"Point","coordinates":[121.57974246802497,23.97044086702339]},"properties":{"uid":"community_centers:U:0022","name":"南昌活動中心","county":"花蓮縣","town":"吉安鄉","address":"花蓮縣吉安鄉南昌村文化七街64號","source_id":"hl.gov.tw:60e0d31f"}},{"type":"Feature","geometry":{"type":"Point","coordinates":[121.56407805564837,23.973450381549974]},"properties":{"uid":"community_centers:U:0024","name":"吉安活動中心","county":"花蓮縣","town":"吉安鄉","address":"花蓮縣吉安鄉吉安村中興路355巷7號","source_id":"hl.gov.tw:60e0d31f"}},{"type":"Feature","geometry":{"type":"Point","coordinates":[121.5624850332264,23.96921453494424]},"properties":{"uid":"community_centers:U:0025","name":"福興活動中心","county":"花蓮縣","town":"吉安鄉","address":"花蓮縣吉安鄉福興村福德街1號","source_id":"hl.gov.tw:60e0d31f"}},{"type":"Feature","geometry":{"type":"Point","coordinates":[121.54496519664089,23.94736807582893]},"properties":{"uid":"community_centers:U:0026","name":"干城活動中心","county":"花蓮縣","town":"吉安鄉","address":"花蓮縣吉安鄉干城村干城一街97巷1號","source_id":"hl.gov.tw:60e0d31f"}},{"type":"Feature","geometry":{"type":"Point","coordinates":[121.59248020513759,23.968429877350438]},"properties":{"uid":"community_centers:U:0027","name":"仁里活動中心","county":"花蓮縣","town":"吉安鄉","address":"花蓮縣吉安鄉仁里村仁里五街1號","source_id":"hl.gov.tw:60e0d31f"}},{"type":"Feature","geometry":{"type":"Point","coordinates":[121.57574851549056,23.954870781513293]},"properties":{"uid":"community_centers:U:0028","name":"稻香活動中心","county":"花蓮縣","town":"吉安鄉","address":"花蓮縣吉安鄉稻香村慶豐路79號","source_id":"hl.gov.tw:60e0d31f"}},{"type":"Feature","geometry":{"type":"Point","coordinates":[121.56832182236697,23.95502697280553]},"properties":{"uid":"community_centers:U:0029","name":"永興活動中心","county":"花蓮縣","town":"吉安鄉","address":"花蓮縣吉安鄉永興村永興七街86號","source_id":"hl.gov.tw:60e0d31f"}},{"type":"Feature","geometry":{"type":"Point","coordinates":[121.55141195599509,23.952809360043922]},"properties":{"uid":"community_centers:U:0030","name":"北昌活動中心","county":"花蓮縣","town":"吉安鄉","address":"花蓮縣吉安鄉南華村南華四街123號","source_id":"hl.gov.tw:60e0d31f"}},{"type":"Feature","geometry":{"type":"Point","coordinates":[121.58761851445433,23.956272517682216]},"properties":{"uid":"community_centers:U:0031","name":"仁和活動中心","county":"花蓮縣","town":"吉安鄉","address":"花蓮縣吉安鄉仁和村南海三街314號","source_id":"hl.gov.tw:60e0d31f"}},{"type":"Feature","geometry":{"type":"Point","coordinates":[121.59586852663486,23.965755747853308]},"properties":{"uid":"community_centers:U:0032","name":"東昌活動中心","county":"花蓮縣","town":"吉安鄉","address":"花蓮縣吉安鄉東昌村東海六街74號","source_id":"hl.gov.tw:60e0d31f"}},{"type":"Feature","geometry":{"type":"Point","coordinates":[121.57844460233105,23.933980857862437]},"properties":{"uid":"community_centers:U:0033","name":"光華活動中心","county":"花蓮縣","town":"吉安鄉","address":"花蓮縣吉安鄉光華村光華二街200號","source_id":"hl.gov.tw:60e0d31f"}},{"type":"Feature","geometry":{"type":"Point","coordinates":[121.50682563648608,23.947868912618834]},"properties":{"uid":"community_centers:U:0034","name":"文蘭活動中心","county":"花蓮縣","town":"秀林鄉","address":"花蓮縣秀林鄉文蘭村6鄰79號","source_id":"hl.gov.tw:60e0d31f"}},{"type":"Feature","geometry":{"type":"Point","coordinates":[121.606723719526,24.082494296422716]},"properties":{"uid":"community_centers:U:0035","name":"景美活動中心","county":"花蓮縣","town":"秀林鄉","address":"花蓮縣秀林鄉景美村加灣106號","source_id":"hl.gov.tw:60e0d31f"}},{"type":"Feature","geometry":{"type":"Point","coordinates":[121.74826568131567,24.30832580534596]},"properties":{"uid":"community_centers:U:0036","name":"和平活動中心","county":"花蓮縣","town":"秀林鄉","address":"花蓮縣秀林鄉和平村三鄰108號","source_id":"hl.gov.tw:60e0d31f"}},{"type":"Feature","geometry":{"type":"Point","coordinates":[121.62777409655993,24.1473048866548]},"properties":{"uid":"community_centers:U:0037","name":"富世活動中心","county":"花蓮縣","town":"秀林鄉","address":"花蓮縣秀林鄉富世村97號","source_id":"hl.gov.tw:60e0d31f"}},{"type":"Feature","geometry":{"type":"Point","coordinates":[121.59381401081066,23.975732095201042]},"properties":{"uid":"community_centers:U:0038","name":"主權社區活動中心","county":"花蓮縣","town":"花蓮市","address":"花蓮縣花蓮市主權里中原路666號","source_id":"hl.gov.tw:60e0d31f"}},{"type":"Feature","geometry":{"type":"Point","coordinates":[121.58186393170007,24.010376250500673]},"properties":{"uid":"community_centers:U:0039","name":"國福社區活動中心","county":"花蓮縣","town":"花蓮市","address":"花蓮縣花蓮市國福里沙基拉雅街111號","source_id":"hl.gov.tw:60e0d31f"}},{"type":"Feature","geometry":{"type":"Point","coordinates":[121.59680393392222,23.968789032935497]},"properties":{"uid":"community_centers:U:0040","name":"主農社區活動中心","county":"花蓮縣","town":"花蓮市","address":"花蓮縣花蓮市主農里中順街77號","source_id":"hl.gov.tw:60e0d31f"}},{"type":"Feature","geometry":{"type":"Point","coordinates":[121.63104049543564,24.002176953360646]},"properties":{"uid":"community_centers:U:0041","name":"民孝社區活動中心","county":"花蓮縣","town":"花蓮市","address":"花蓮縣花蓮市民孝里林園一街16號","source_id":"hl.gov.tw:60e0d31f"}},{"type":"Feature","geometry":{"type":"Point","coordinates":[121.61647346203833,23.99799802505716]},"properties":{"uid":"community_centers:U:0042","name":"大陳二村活動中心","county":"花蓮縣","town":"花蓮市","address":"花蓮縣花蓮市民意里民光483-1號","source_id":"hl.gov.tw:60e0d31f"}},{"type":"Feature","geometry":{"type":"Point","coordinates":[121.32206458909725,23.279950649878312]},"properties":{"uid":"community_centers:U:0043","name":"吳江社區活動中心","county":"花蓮縣","town":"富里鄉","address":"花蓮縣富里鄉吳江村6鄰吳江65-3號","source_id":"hl.gov.tw:60e0d31f"}},{"type":"Feature","geometry":{"type":"Point","coordinates":[121.30518497328798,23.26730225476299]},"properties":{"uid":"community_centers:U:0044","name":"東里社區活動中心","county":"花蓮縣","town":"富里鄉","address":"花蓮縣富里鄉東里村1鄰福安路6-1號","source_id":"hl.gov.tw:60e0d31f"}},{"type":"Feature","geometry":{"type":"Point","coordinates":[121.29823715255847,23.250982972257386]},"properties":{"uid":"community_centers:U:0045","name":"萬寧社區活動中心","county":"花蓮縣","town":"富里鄉","address":"花蓮縣富里鄉萬寧村7鄰鎮寧100號","source_id":"hl.gov.tw:60e0d31f"}},{"type":"Feature","geometry":{"type":"Point","coordinates":[121.28197528573493,23.22044486103267]},"properties":{"uid":"community_centers:U:0046","name":"新興竹田聯合社區活動中心","county":"花蓮縣","town":"富里鄉","address":"花蓮縣富里鄉竹田村1鄰東竹10號","source_id":"hl.gov.tw:60e0d31f"}},{"type":"Feature","geometry":{"type":"Point","coordinates":[121.26431896737822,23.192759199382184]},"properties":{"uid":"community_centers:U:0047","name":"石牌社區活動中心","county":"花蓮縣","town":"富里鄉","address":"花蓮縣富里鄉石牌村8鄰富北34-2號","source_id":"hl.gov.tw:60e0d31f"}},{"type":"Feature","geometry":{"type":"Point","coordinates":[121.25224640478817,23.199803015007934]},"properties":{"uid":"community_centers:U:0048","name":"明里社區活動中心","county":"花蓮縣","town":"富里鄉","address":"花蓮縣富里鄉明里村3鄰明里37號","source_id":"hl.gov.tw:60e0d31f"}},{"type":"Feature","geometry":{"type":"Point","coordinates":[121.2589846802253,23.177447836359974]},"properties":{"uid":"community_centers:U:0049","name":"永豐社區活動中心","county":"花蓮縣","town":"富里鄉","address":"花蓮縣富里鄉永豐村永豐10鄰20-1號","source_id":"hl.gov.tw:60e0d31f"}},{"type":"Feature","geometry":{"type":"Point","coordinates":[121.26824928032362,23.14334607443842]},"properties":{"uid":"community_centers:U:0050","name":"豐南社區活動中心","county":"花蓮縣","town":"富里鄉","address":"花蓮縣富里鄉豐南村豐南7鄰12-3號","source_id":"hl.gov.tw:60e0d31f"}},{"type":"Feature","geometry":{"type":"Point","coordinates":[121.6452149377884,24.130130094613026]},"properties":{"uid":"community_centers:U:0051","name":"興田社區活動中心","county":"花蓮縣","town":"新城鄉","address":"花蓮縣新城鄉新城村新興1街62號","source_id":"hl.gov.tw:60e0d31f"}},{"type":"Feature","geometry":{"type":"Point","coordinates":[121.64958773545257,24.128994285221616]},"properties":{"uid":"community_centers:U:0052","name":"新城社區活動中心","county":"花蓮縣","town":"新城鄉","address":"花蓮縣新城鄉新城村博愛路66號","source_id":"hl.gov.tw:60e0d31f"}},{"type":"Feature","geometry":{"type":"Point","coordinates":[121.62131968088187,24.105309404038568]},"properties":{"uid":"community_centers:U:0053","name":"北三棧社區活動中心","county":"花蓮縣","town":"新城鄉","address":"花蓮縣新城鄉順安村順安52-2號","source_id":"hl.gov.tw:60e0d31f"}},{"type":"Feature","geometry":{"type":"Point","coordinates":[121.60990337604028,24.053818156706708]},"properties":{"uid":"community_centers:U:0054","name":"康樂社區活動中心","county":"花蓮縣","town":"新城鄉","address":"花蓮縣新城鄉康樂村廣安1街112號","source_id":"hl.gov.tw:60e0d31f"}},{"type":"Feature","geometry":{"type":"Point","coordinates":[121.60998176284713,24.036819824791007]},"properties":{"uid":"community_centers:U:0055","name":"大漢社區活動中心","county":"花蓮縣","town":"新城鄉","address":"花蓮縣新城鄉大漢村19鄰民有街101號","source_id":"hl.gov.tw:60e0d31f"}},{"type":"Feature","geometry":{"type":"Point","coordinates":[121.62979327411391,24.027056327561933]},"properties":{"uid":"community_centers:U:0056","name":"七星潭社區活動中心","county":"花蓮縣","town":"新城鄉","address":"花蓮縣新城鄉大漢村明潭街27號","source_id":"hl.gov.tw:60e0d31f"}},{"type":"Feature","geometry":{"type":"Point","coordinates":[121.59772785590036,24.040683004622235]},"properties":{"uid":"community_centers:U:0057","name":"樹林腳社區活動中心","county":"花蓮縣","town":"新城鄉","address":"花蓮縣新城鄉北埔村樹林街57巷9號","source_id":"hl.gov.tw:60e0d31f"}},{"type":"Feature","geometry":{"type":"Point","coordinates":[121.60329438239302,24.034009862561767]},"properties":{"uid":"community_centers:U:0058","name":"北埔社區活動中心","county":"花蓮縣","town":"新城鄉","address":"花蓮縣新城鄉北埔村北埔路259號","source_id":"hl.gov.tw:60e0d31f"}},{"type":"Feature","geometry":{"type":"Point","coordinates":[121.6023346188769,24.021114022931624]},"properties":{"uid":"community_centers:U:0059","name":"佳林社區活動中心","county":"花蓮縣","town":"新城鄉","address":"花蓮縣新城鄉佳林村民有2街29號","source_id":"hl.gov.tw:60e0d31f"}},{"type":"Feature","geometry":{"type":"Point","coordinates":[121.60708537349167,24.02067778156304]},"properties":{"uid":"community_centers:U:0060","name":"嘉里社區活動中心","county":"花蓮縣","town":"新城鄉","address":"花蓮縣新城鄉嘉里村嘉里2路20巷31號","source_id":"hl.gov.tw:60e0d31f"}},{"type":"Feature","geometry":{"type":"Point","coordinates":[121.61225179353522,24.005468576887466]},"properties":{"uid":"community_centers:U:0061","name":"嘉新社區活動中心","county":"花蓮縣","town":"新城鄉","address":"花蓮縣新城鄉嘉新村6鄰嘉南一街43巷5號","source_id":"hl.gov.tw:60e0d31f"}},{"type":"Feature","geometry":{"type":"Point","coordinates":[121.37878596959055,23.49988205617608]},"properties":{"uid":"community_centers:U:0062","name":"瑞穗社區活動中心","county":"花蓮縣","town":"新城鄉","address":"新城鄉花蓮縣瑞穗鄉瑞穗村14鄰民生街41號","source_id":"hl.gov.tw:60e0d31f"}},{"type":"Feature","geometry":{"type":"Point","coordinates":[121.39117168493922,23.493655402599174]},"properties":{"uid":"community_centers:U:0063","name":"瑞美社區活動中心","county":"花蓮縣","town":"新城鄉","address":"新城鄉花蓮縣瑞穗鄉瑞美村13鄰中山路二段387號","source_id":"hl.gov.tw:60e0d31f"}},{"type":"Feature","geometry":{"type":"Point","coordinates":[121.39403909756044,23.49238714456158]},"properties":{"uid":"community_centers:U:0064","name":"瑞良社區活動中心","county":"花蓮縣","town":"瑞穗鄉","address":"花蓮縣瑞穗鄉瑞良村4鄰信義路3號","source_id":"hl.gov.tw:60e0d31f"}},{"type":"Feature","geometry":{"type":"Point","coordinates":[121.35881234436961,23.499836543861427]},"properties":{"uid":"community_centers:U:0065","name":"瑞祥社區活動中心","county":"花蓮縣","town":"瑞穗鄉","address":"花蓮縣瑞穗鄉瑞祥村4鄰祥北路二段127號","source_id":"hl.gov.tw:60e0d31f"}},{"type":"Feature","geometry":{"type":"Point","coordinates":[121.37647416304371,23.52666575711257]},"properties":{"uid":"community_centers:U:0066","name":"瑞北社區活動中心","county":"花蓮縣","town":"瑞穗鄉","address":"花蓮縣瑞穗鄉瑞北村4鄰祥北路一段54之1號","source_id":"hl.gov.tw:60e0d31f"}},{"type":"Feature","geometry":{"type":"Point","coordinates":[121.35356816545878,23.460219062542052]},"properties":{"uid":"community_centers:U:0067","name":"舞鶴社區活動中心","county":"花蓮縣","town":"瑞穗鄉","address":"花蓮縣瑞穗鄉舞鶴村14鄰中正南路二段278號","source_id":"hl.gov.tw:60e0d31f"}},{"type":"Feature","geometry":{"type":"Point","coordinates":[121.39109789467295,23.509748656338605]},"properties":{"uid":"community_centers:U:0068","name":"鶴岡社區活動中心","county":"花蓮縣","town":"瑞穗鄉","address":"花蓮縣瑞穗鄉鶴岡村14鄰85之6號","source_id":"hl.gov.tw:60e0d31f"}},{"type":"Feature","geometry":{"type":"Point","coordinates":[121.44714349024042,23.49550221652473]},"properties":{"uid":"community_centers:U:0069","name":"奇美社區活動中心","county":"花蓮縣","town":"瑞穗鄉","address":"花蓮縣瑞穗鄉奇美村2鄰40號","source_id":"hl.gov.tw:60e0d31f"}},{"type":"Feature","geometry":{"type":"Point","coordinates":[121.3758815098717,23.577598722853704]},"properties":{"uid":"community_centers:U:0070","name":"富源社區活動中心","county":"花蓮縣","town":"瑞穗鄉","address":"花蓮縣瑞穗鄉富源村10鄰學士路31號","source_id":"hl.gov.tw:60e0d31f"}},{"type":"Feature","geometry":{"type":"Point","coordinates":[121.37446145070344,23.574269100055446]},"properties":{"uid":"community_centers:U:0071","name":"富民社區活動中心","county":"花蓮縣","town":"瑞穗鄉","address":"花蓮縣瑞穗鄉富民村2鄰中正路一段208之1號","source_id":"hl.gov.tw:60e0d31f"}},{"type":"Feature","geometry":{"type":"Point","coordinates":[121.38770143090285,23.581693878821437]},"properties":{"uid":"community_centers:U:0072","name":"富興社區活動中心","county":"花蓮縣","town":"瑞穗鄉","address":"花蓮縣瑞穗鄉富興村13鄰東興路134號","source_id":"hl.gov.tw:60e0d31f"}},{"type":"Feature","geometry":{"type":"Point","coordinates":[121.44229777292102,23.80970991939393]},"properties":{"uid":"community_centers:U:0073","name":"西林社區活動中心","county":"花蓮縣","town":"瑞穗鄉","address":"瑞穗鄉花蓮縣萬榮鄉西林村8鄰134號","source_id":"hl.gov.tw:60e0d31f"}},{"type":"Feature","geometry":{"type":"Point","coordinates":[121.41014758870581,23.71446104999438]},"properties":{"uid":"community_centers:U:0074","name":"萬榮社區活動中心","county":"花蓮縣","town":"瑞穗鄉","address":"瑞穗鄉花蓮縣萬榮鄉萬榮村1鄰8號","source_id":"hl.gov.tw:60e0d31f"}},{"type":"Feature","geometry":{"type":"Point","coordinates":[121.41232802790606,23.70476279235155]},"properties":{"uid":"community_centers:U:0075","name":"明利社區活動中心","county":"花蓮縣","town":"萬榮鄉","address":"花蓮縣萬榮鄉明利村2鄰34-8號","source_id":"hl.gov.tw:60e0d31f"}},{"type":"Feature","geometry":{"type":"Point","coordinates":[121.36268284498664,23.576681913957305]},"properties":{"uid":"community_centers:U:0076","name":"馬遠社區活動中心","county":"花蓮縣","town":"萬榮鄉","address":"花蓮縣萬榮鄉馬遠村1鄰5號","source_id":"hl.gov.tw:60e0d31f"}},{"type":"Feature","geometry":{"type":"Point","coordinates":[121.3446412989042,23.495939568951165]},"properties":{"uid":"community_centers:U:0077","name":"紅葉社區活動中心","county":"花蓮縣","town":"萬榮鄉","address":"花蓮縣萬榮鄉紅葉村1鄰9號","source_id":"hl.gov.tw:60e0d31f"}},{"type":"Feature","geometry":{"type":"Point","coordinates":[121.56464810712836,23.782468700217013]},"properties":{"uid":"community_centers:U:0078","name":"水璉活動中心","county":"花蓮縣","town":"萬榮鄉","address":"萬榮鄉花蓮縣壽豐鄉水璉村水璉二街21號","source_id":"hl.gov.tw:60e0d31f"}},{"type":"Feature","geometry":{"type":"Point","coordinates":[121.59827975624253,23.870505097001935]},"properties":{"uid":"community_centers:U:0079","name":"鹽寮活動中心","county":"花蓮縣","town":"壽豐鄉","address":"花蓮縣壽豐鄉鹽寮村鹽寮165號","source_id":"hl.gov.tw:60e0d31f"}},{"type":"Feature","geometry":{"type":"Point","coordinates":[121.49359185525525,23.84777753889368]},"properties":{"uid":"community_centers:U:0080","name":"豐山活動中心","county":"花蓮縣","town":"壽豐鄉","address":"花蓮縣壽豐鄉豐山村中山路127巷15號","source_id":"hl.gov.tw:60e0d31f"}},{"type":"Feature","geometry":{"type":"Point","coordinates":[121.47335375270664,23.82006949289365]},"properties":{"uid":"community_centers:U:0081","name":"溪口活動中心","county":"花蓮縣","town":"壽豐鄉","address":"花蓮縣壽豐鄉溪口村9鄰溪口路103巷3號","source_id":"hl.gov.tw:60e0d31f"}},{"type":"Feature","geometry":{"type":"Point","coordinates":[121.48166981562476,23.837312094353678]},"properties":{"uid":"community_centers:U:0082","name":"樹湖活動中心","county":"花蓮縣","town":"壽豐鄉","address":"花蓮縣壽豐鄉樹湖村大樹腳59號","source_id":"hl.gov.tw:60e0d31f"}},{"type":"Feature","geometry":{"type":"Point","coordinates":[121.50960737890833,23.835112671679852]},"properties":{"uid":"community_centers:U:0083","name":"豐坪活動中心","county":"花蓮縣","town":"壽豐鄉","address":"花蓮縣壽豐鄉豐坪村豐坪路2段73號","source_id":"hl.gov.tw:60e0d31f"}},{"type":"Feature","geometry":{"type":"Point","coordinates":[121.51465396983623,23.77701769197283]},"properties":{"uid":"community_centers:U:0084","name":"米棧活動中心","county":"花蓮縣","town":"壽豐鄉","address":"花蓮縣壽豐鄉米棧村米棧路二段21號","source_id":"hl.gov.tw:60e0d31f"}},{"type":"Feature","geometry":{"type":"Point","coordinates":[121.51093638327062,23.870448122429835]},"properties":{"uid":"community_centers:U:0085","name":"壽豐活動中心","county":"花蓮縣","town":"壽豐鄉","address":"花蓮縣壽豐鄉壽豐村壽豐路1段97號","source_id":"hl.gov.tw:60e0d31f"}},{"type":"Feature","geometry":{"type":"Point","coordinates":[121.51427645217153,23.88170280999185]},"properties":{"uid":"community_centers:U:0086","name":"光榮活動中心","county":"花蓮縣","town":"壽豐鄉","address":"花蓮縣壽豐鄉光榮村光榮1街26之1號","source_id":"hl.gov.tw:60e0d31f"}},{"type":"Feature","geometry":{"type":"Point","coordinates":[121.50606448771074,23.92076886713182]},"properties":{"uid":"community_centers:U:0087","name":"池南活動中心","county":"花蓮縣","town":"壽豐鄉","address":"花蓮縣壽豐鄉池南村池南路2段17號","source_id":"hl.gov.tw:60e0d31f"}},{"type":"Feature","geometry":{"type":"Point","coordinates":[121.51968020337671,23.883701461396864]},"properties":{"uid":"community_centers:U:0088","name":"平和活動中心","county":"花蓮縣","town":"壽豐鄉","address":"花蓮縣壽豐鄉平和村平和路32號","source_id":"hl.gov.tw:60e0d31f"}},{"type":"Feature","geometry":{"type":"Point","coordinates":[121.53223525031045,23.905321006595944]},"properties":{"uid":"community_centers:U:0089","name":"志學活動中心","county":"花蓮縣","town":"壽豐鄉","address":"花蓮縣壽豐鄉志學村中正路120巷13號","source_id":"hl.gov.tw:60e0d31f"}},{"type":"Feature","geometry":{"type":"Point","coordinates":[121.50602583080979,23.842913957202963]},"properties":{"uid":"community_centers:U:0090","name":"豐裡活動中心","county":"花蓮縣","town":"壽豐鄉","address":"花蓮縣壽豐鄉豐裡村中山路257號","source_id":"hl.gov.tw:60e0d31f"}},{"type":"Feature","geometry":{"type":"Point","coordinates":[121.51168282246898,23.86757673119875]},"properties":{"uid":"community_centers:U:0091","name":"共和活動中心","county":"花蓮縣","town":"壽豐鄉","address":"花蓮縣壽豐鄉共和村農墾2街38號","source_id":"hl.gov.tw:60e0d31f"}},{"type":"Feature","geometry":{"type":"Point","coordinates":[121.54783709131438,23.860413134790587]},"properties":{"uid":"community_centers:U:0092","name":"月眉活動中心","county":"花蓮縣","town":"壽豐鄉","address":"花蓮縣壽豐鄉月眉村月眉路三段108號","source_id":"hl.gov.tw:60e0d31f"}},{"type":"Feature","geometry":{"type":"Point","coordinates":[121.43762647243855,23.749952733497608]},"properties":{"uid":"community_centers:U:0093","name":"鳳義社區活動中心","county":"花蓮縣","town":"鳳林鎮","address":"花蓮縣鳳林鎮鳳義里鳳林鎮水源路56-2號","source_id":"hl.gov.tw:60e0d31f"}},{"type":"Feature","geometry":{"type":"Point","coordinates":[121.45204355342948,23.749780027067647]},"properties":{"uid":"community_centers:U:0094","name":"鳳仁社區活動中心","county":"花蓮縣","town":"鳳林鎮","address":"花蓮縣鳳林鎮鳳仁里中華路111號","source_id":"hl.gov.tw:60e0d31f"}},{"type":"Feature","geometry":{"type":"Point","coordinates":[121.45097763839618,23.746008877804748]},"properties":{"uid":"community_centers:U:0095","name":"鳳禮,鳳智里活動中心","county":"花蓮縣","town":"鳳林鎮","address":"花蓮縣鳳林鎮鳳智里大同街7-1號","source_id":"hl.gov.tw:60e0d31f"}},{"type":"Feature","geometry":{"type":"Point","coordinates":[121.44336357934854,23.729713981733745]},"properties":{"uid":"community_centers:U:0096","name":"鳳信社區活動中心","county":"花蓮縣","town":"鳳林鎮","address":"花蓮縣鳳林鎮鳳信里中正路1段120巷24號","source_id":"hl.gov.tw:60e0d31f"}},{"type":"Feature","geometry":{"type":"Point","coordinates":[121.45680836764429,23.74324938709607]},"properties":{"uid":"community_centers:U:0097","name":"大榮1村社區活動中心","county":"花蓮縣","town":"鳳林鎮","address":"花蓮縣鳳林鎮大榮里17鄰大榮三路15號","source_id":"hl.gov.tw:60e0d31f"}},{"type":"Feature","geometry":{"type":"Point","coordinates":[121.4676018955566,23.752328998836866]},"properties":{"uid":"community_centers:U:0098","name":"大榮2村社區活動中心","county":"花蓮縣","town":"鳳林鎮","address":"花蓮縣鳳林鎮大榮里復興路69號","source_id":"hl.gov.tw:60e0d31f"}},{"type":"Feature","geometry":{"type":"Point","coordinates":[121.47099073303393,23.767185263163416]},"properties":{"uid":"community_centers:U:0099","name":"北林3村社區活動中心","county":"花蓮縣","town":"鳳林鎮","address":"花蓮縣鳳林鎮北林里民和路1號","source_id":"hl.gov.tw:60e0d31f"}},{"type":"Feature","geometry":{"type":"Point","coordinates":[121.45898377812884,23.782538214931172]},"properties":{"uid":"community_centers:U:0100","name":"南平社區活動中心","county":"花蓮縣","town":"鳳林鎮","address":"花蓮縣鳳林鎮南平里7鄰自強路368之2號","source_id":"hl.gov.tw:60e0d31f"}},{"type":"Feature","geometry":{"type":"Point","coordinates":[121.45001130629502,23.803458483635886]},"properties":{"uid":"community_centers:U:0101","name":"林榮社區活動中心","county":"花蓮縣","town":"鳳林鎮","address":"花蓮縣鳳林鎮林榮里永康路54號","source_id":"hl.gov.tw:60e0d31f"}},{"type":"Feature","geometry":{"type":"Point","coordinates":[121.4195278844949,23.70971183264502]},"properties":{"uid":"community_centers:U:0102","name":"長橋社區活動中心","county":"花蓮縣","town":"鳳林鎮","address":"花蓮縣鳳林鎮長橋里長橋路4號","source_id":"hl.gov.tw:60e0d31f"}},{"type":"Feature","geometry":{"type":"Point","coordinates":[121.54723983499115,23.708822196485986]},"properties":{"uid":"community_centers:U:0103","name":"磯崎村辦公處活動中心","county":"花蓮縣","town":"豐濱鄉","address":"花蓮縣豐濱鄉磯崎村71號","source_id":"hl.gov.tw:60e0d31f"}},{"type":"Feature","geometry":{"type":"Point","coordinates":[121.50432853113557,23.47446532241999]},"properties":{"uid":"community_centers:U:0104","name":"港口活動中心","county":"花蓮縣","town":"豐濱鄉","address":"花蓮縣豐濱鄉港口村7鄰118號","source_id":"hl.gov.tw:60e0d31f"}},{"type":"Feature","geometry":{"type":"Point","coordinates":[121.53080115187295,23.63514638091779]},"properties":{"uid":"community_centers:U:0105","name":"東興部落原住民多功能活動中心","county":"花蓮縣","town":"豐濱鄉","address":"花蓮縣豐濱鄉新社村9鄰東興18-1號","source_id":"hl.gov.tw:60e0d31f"}},{"type":"Feature","geometry":{"type":"Point","coordinates":[120.85502059394354,24.037586570640105]},"properties":{"uid":"community_centers:M:0001","name":"國姓社區活動中心","county":"南投縣","town":"國姓鄉","address":"南投縣國姓鄉國姓村3鄰民族街40號","source_id":"datagov:94906"}},{"type":"Feature","geometry":{"type":"Point","coordinates":[120.86190718468379,24.04208782670881]},"properties":{"uid":"community_centers:M:0002","name":"石門社區活動中心","county":"南投縣","town":"國姓鄉","address":"南投縣國姓鄉石門村5鄰國姓路202號","source_id":"datagov:94906"}},{"type":"Feature","geometry":{"type":"Point","coordinates":[120.86322960517226,24.04671446964164]},"properties":{"uid":"community_centers:M:0003","name":"大旗社區活動中心","county":"南投縣","town":"國姓鄉","address":"南投縣國姓鄉大旗村2鄰大長路688號","source_id":"datagov:94906"}},{"type":"Feature","geometry":{"type":"Point","coordinates":[120.87491940930772,24.068409612840455]},"properties":{"uid":"community_centers:M:0004","name":"長流社區活動中心","county":"南投縣","town":"國姓鄉","address":"南投縣國姓鄉長流村3鄰大長路500之26號","source_id":"datagov:94906"}},{"type":"Feature","geometry":{"type":"Point","coordinates":[120.88771463936354,24.0949455029975]},"properties":{"uid":"community_centers:M:0005","name":"長福社區活動中心","county":"南投縣","town":"國姓鄉","address":"南投縣國姓鄉長福村5鄰大長路46號","source_id":"datagov:94906"}},{"type":"Feature","geometry":{"type":"Point","coordinates":[120.91076009220366,24.057425409928275]},"properties":{"uid":"community_centers:M:0006","name":"梅林社區活動中心","county":"南投縣","town":"國姓鄉","address":"南投縣國姓鄉北港村5鄰國姓路62之1號","source_id":"datagov:94906"}},{"type":"Feature","geometry":{"type":"Point","coordinates":[120.84571070030213,24.017990000268945]},"properties":{"uid":"community_centers:M:0007","name":"柑林社區活動中心","county":"南投縣","town":"國姓鄉","address":"南投縣國姓鄉柑林村12鄰中正路二段224號","source_id":"datagov:94906"}},{"type":"Feature","geometry":{"type":"Point","coordinates":[120.82414322607809,24.02904852045168]},"properties":{"uid":"community_centers:M:0008","name":"乾峰社區活動中心","county":"南投縣","town":"國姓鄉","address":"南投縣國姓鄉乾溝村9鄰西東巷1之1號","source_id":"datagov:94906"}},{"type":"Feature","geometry":{"type":"Point","coordinates":[120.81636404594549,24.008845673608747]},"properties":{"uid":"community_centers:M:0009","name":"福龜社區活動中心","county":"南投縣","town":"國姓鄉","address":"南投縣國姓鄉福龜村4鄰富久巷21之3號","source_id":"datagov:94906"}},{"type":"Feature","geometry":{"type":"Point","coordinates":[120.82692463648381,24.022202525956928]},"properties":{"uid":"community_centers:M:0010","name":"長壽社區活動中心","county":"南投縣","town":"國姓鄉","address":"南投縣國姓鄉福龜村14鄰長壽巷34-1號","source_id":"datagov:94906"}},{"type":"Feature","geometry":{"type":"Point","coordinates":[120.86255943811187,23.98937042425569]},"properties":{"uid":"community_centers:M:0011","name":"大石社區活動中心","county":"南投縣","town":"國姓鄉","address":"南投縣國姓鄉大石村3鄰中正路三段235之1號","source_id":"datagov:94906"}},{"type":"Feature","geometry":{"type":"Point","coordinates":[120.87239333638145,23.9816857182492]},"properties":{"uid":"community_centers:M:0012","name":"北山社區活動中心","county":"南投縣","town":"國姓鄉","address":"南投縣國姓鄉北山村3鄰中正路四段112號","source_id":"datagov:94906"}},{"type":"Feature","geometry":{"type":"Point","coordinates":[120.88549192445811,23.983888346840665]},"properties":{"uid":"community_centers:M:0013","name":"茅埔社區活動中心","county":"南投縣","town":"國姓鄉","address":"南投縣國姓鄉北山村7鄰中正路四段44之3號","source_id":"datagov:94906"}},{"type":"Feature","geometry":{"type":"Point","coordinates":[120.86952794560008,23.950849654804387]},"properties":{"uid":"community_centers:M:0014","name":"南港社區活動中心","county":"南投縣","town":"國姓鄉","address":"南投縣國姓鄉南港村7鄰南港路112之11號","source_id":"datagov:94906"}},{"type":"Feature","geometry":{"type":"Point","coordinates":[120.86916271559514,23.93587641325616]},"properties":{"uid":"community_centers:M:0015","name":"港源社區活動中心","county":"南投縣","town":"國姓鄉","address":"南投縣國姓鄉南港村11鄰南港路11號","source_id":"datagov:94906"}},{"type":"Feature","geometry":{"type":"Point","coordinates":[120.87110632359578,24.077410642673975]},"properties":{"uid":"community_centers:M:0016","name":"長豐社區活動中心","county":"南投縣","town":"國姓鄉","address":"南投縣國姓鄉長豐村2鄰東三巷36之1號","source_id":"datagov:94906"}},{"type":"Feature","geometry":{"type":"Point","coordinates":[120.67146921792798,23.931654648785248]},"properties":{"uid":"community_centers:M:0017","name":"新興社區活動中心","county":"南投縣","town":"南投市","address":"南投縣南投市新興里15鄰彰南路三段407巷50號","source_id":"datagov:94906"}},{"type":"Feature","geometry":{"type":"Point","coordinates":[120.70724767942029,23.9311581139073]},"properties":{"uid":"community_centers:M:0018","name":"大埤社區活動中心","county":"南投縣","town":"南投市","address":"南投縣南投市內興里16鄰大埤街150號","source_id":"datagov:94906"}},{"type":"Feature","geometry":{"type":"Point","coordinates":[120.63739384660887,23.941338940808418]},"properties":{"uid":"community_centers:M:0019","name":"鳳山社區活動中心","county":"南投縣","town":"南投市","address":"南投縣南投市鳳山里5鄰八卦路1310號","source_id":"datagov:94906"}},{"type":"Feature","geometry":{"type":"Point","coordinates":[120.70203477672,23.903987079545875]},"properties":{"uid":"community_centers:M:0020","name":"振興社區活動中心","county":"南投縣","town":"南投市","address":"南投縣南投市振興里3鄰南鄉路250巷55弄10號","source_id":"datagov:94906"}},{"type":"Feature","geometry":{"type":"Point","coordinates":[120.67535843344768,23.943798634728267]},"properties":{"uid":"community_centers:M:0021","name":"營南社區活動中心","county":"南投縣","town":"南投市","address":"南投縣南投市營南里7鄰營盤路113號","source_id":"datagov:94906"}},{"type":"Feature","geometry":{"type":"Point","coordinates":[120.68838573741216,23.95194823678155]},"properties":{"uid":"community_centers:M:0022","name":"營北社區活動中心","county":"南投縣","town":"南投市","address":"南投縣南投市營北里45鄰中正路152之7號","source_id":"datagov:94906"}},{"type":"Feature","geometry":{"type":"Point","coordinates":[120.63755135886184,23.91306781712396]},"properties":{"uid":"community_centers:M:0023","name":"福山社區活動中心","county":"南投縣","town":"南投市","address":"南投縣南投市福山里八卦路521之12號","source_id":"datagov:94906"}},{"type":"Feature","geometry":{"type":"Point","coordinates":[120.69620078202382,23.908210549962735]},"properties":{"uid":"community_centers:M:0024","name":"芳美社區活動中心","county":"南投縣","town":"南投市","address":"南投縣南投市振興里18鄰振興巷47弄1號","source_id":"datagov:94906"}},{"type":"Feature","geometry":{"type":"Point","coordinates":[120.67030257928434,23.93846043357491]},"properties":{"uid":"community_centers:M:0025","name":"永豐社區活動中心","county":"南投縣","town":"南投市","address":"南投縣南投市永豐里6鄰中華路190巷50號","source_id":"datagov:94906"}},{"type":"Feature","geometry":{"type":"Point","coordinates":[120.70607681637053,23.893377833726053]},"properties":{"uid":"community_centers:M:0026","name":"千秋社區活動中心","county":"南投縣","town":"南投市","address":"南投縣南投市千秋里4鄰千秋路222號","source_id":"datagov:94906"}},{"type":"Feature","geometry":{"type":"Point","coordinates":[120.67493139684984,23.920952223352792]},"properties":{"uid":"community_centers:M:0027","name":"平山社區活動中心","county":"南投縣","town":"南投市","address":"南投縣南投市平山里28鄰平山二路47巷2號","source_id":"datagov:94906"}},{"type":"Feature","geometry":{"type":"Point","coordinates":[120.63811390472885,23.92620713896846]},"properties":{"uid":"community_centers:M:0028","name":"鳳鳴社區活動中心","county":"南投縣","town":"南投市","address":"南投縣南投市鳳鳴里4鄰八卦路839號","source_id":"datagov:94906"}},{"type":"Feature","geometry":{"type":"Point","coordinates":[120.6389047788657,23.8925829045188]},"properties":{"uid":"community_centers:M:0029","name":"永興社區活動中心","county":"南投縣","town":"南投市","address":"南投縣南投市永興里4鄰八卦路9-1號","source_id":"datagov:94906"}},{"type":"Feature","geometry":{"type":"Point","coordinates":[120.68101042096603,23.91461788609661]},"properties":{"uid":"community_centers:M:0030","name":"漳興社區活動中心","county":"南投縣","town":"南投市","address":"南投縣南投市漳興里10鄰漳興巷51號","source_id":"datagov:94906"}},{"type":"Feature","geometry":{"type":"Point","coordinates":[120.70026745050042,23.920787726835698]},"properties":{"uid":"community_centers:M:0031","name":"軍功社區活動中心","county":"南投縣","town":"南投市","address":"南投縣南投市軍功里11鄰軍功里140巷76號","source_id":"datagov:94906"}},{"type":"Feature","geometry":{"type":"Point","coordinates":[120.67387807878067,23.91384163871027]},"properties":{"uid":"community_centers:M:0032","name":"漳和社區活動中心","county":"南投縣","town":"南投市","address":"南投縣南投市漳和里30鄰文化路532號","source_id":"datagov:94906"}},{"type":"Feature","geometry":{"type":"Point","coordinates":[120.66966879571915,23.892113416658987]},"properties":{"uid":"community_centers:M:0033","name":"神木社區活動中心","county":"南投縣","town":"南投市","address":"南投縣南投市嘉和里26鄰樂利三路2號","source_id":"datagov:94906"}},{"type":"Feature","geometry":{"type":"Point","coordinates":[120.68707753726011,23.895478575210134]},"properties":{"uid":"community_centers:M:0034","name":"嘉和社區活動中心","county":"南投縣","town":"南投市","address":"南投縣南投市嘉和里3鄰彰南路一段59巷2號","source_id":"datagov:94906"}},{"type":"Feature","geometry":{"type":"Point","coordinates":[120.97766692604996,23.973371773259874]},"properties":{"uid":"community_centers:M:0035","name":"虎山社區活動中心","county":"南投縣","town":"埔里鎮","address":"南投縣埔里鎮大湳里12鄰明德北路47號","source_id":"datagov:94906"}},{"type":"Feature","geometry":{"type":"Point","coordinates":[120.9836049809121,23.980246399875615]},"properties":{"uid":"community_centers:M:0036","name":"大湳社區活動中心","county":"南投縣","town":"埔里鎮","address":"南投縣埔里鎮大湳里3鄰新興巷1號","source_id":"datagov:94906"}},{"type":"Feature","geometry":{"type":"Point","coordinates":[121.01095129285706,23.979324149974637]},"properties":{"uid":"community_centers:M:0037","name":"九芎林社區活動中心","county":"南投縣","town":"埔里鎮","address":"南投縣埔里鎮蜈蚣里9鄰九芎路14之2號","source_id":"datagov:94906"}},{"type":"Feature","geometry":{"type":"Point","coordinates":[120.98630649306163,23.98599887986041]},"properties":{"uid":"community_centers:M:0038","name":"守城社區活動中心","county":"南投縣","town":"埔里鎮","address":"南投縣埔里鎮牛眠里4鄰守城路9之5號","source_id":"datagov:94906"}},{"type":"Feature","geometry":{"type":"Point","coordinates":[120.9746803923906,23.991832232738687]},"properties":{"uid":"community_centers:M:0039","name":"牛眠社區活動中心","county":"南投縣","town":"埔里鎮","address":"南投縣埔里鎮牛眠里17鄰西安路二段171號","source_id":"datagov:94906"}},{"type":"Feature","geometry":{"type":"Point","coordinates":[120.94978792997995,24.024984566162818]},"properties":{"uid":"community_centers:M:0040","name":"廣成社區活動中心","county":"南投縣","town":"埔里鎮","address":"南投縣埔里鎮廣成里4鄰西安路三段88號","source_id":"datagov:94906"}},{"type":"Feature","geometry":{"type":"Point","coordinates":[120.92523880075065,24.033417985549576]},"properties":{"uid":"community_centers:M:0041","name":"太平社區活動中心","county":"南投縣","town":"埔里鎮","address":"南投縣埔里鎮合成里6鄰西安路三段167巷23號","source_id":"datagov:94906"}},{"type":"Feature","geometry":{"type":"Point","coordinates":[120.92466009862639,24.036333066986355]},"properties":{"uid":"community_centers:M:0042","name":"合成社區活動中心","county":"南投縣","town":"埔里鎮","address":"南投縣埔里鎮合成里8鄰西安路三段221號","source_id":"datagov:94906"}},{"type":"Feature","geometry":{"type":"Point","coordinates":[120.94082660057184,23.980152702571516]},"properties":{"uid":"community_centers:M:0043","name":"房里社區活動中心","county":"南投縣","town":"埔里鎮","address":"南投縣埔里鎮房里里8鄰?吉路8號","source_id":"datagov:94906"}},{"type":"Feature","geometry":{"type":"Point","coordinates":[120.93879485237046,23.976930415124198]},"properties":{"uid":"community_centers:M:0044","name":"鐵山社區活動中心","county":"南投縣","town":"埔里鎮","address":"南投縣埔里鎮鐵山里鐵山路1巷5號","source_id":"datagov:94906"}},{"type":"Feature","geometry":{"type":"Point","coordinates":[120.9543470351597,23.979820336580996]},"properties":{"uid":"community_centers:M:0045","name":"籃城社區活動中心","county":"南投縣","town":"埔里鎮","address":"南投縣埔里鎮籃城里7鄰籃城路21號","source_id":"datagov:94906"}},{"type":"Feature","geometry":{"type":"Point","coordinates":[120.94372626156702,23.970616725397406]},"properties":{"uid":"community_centers:M:0046","name":"梅村社區活動中心","county":"南投縣","town":"埔里鎮","address":"南投縣埔里鎮愛蘭里2鄰梅村路110號","source_id":"datagov:94906"}},{"type":"Feature","geometry":{"type":"Point","coordinates":[120.93974417251513,23.973706048378304]},"properties":{"uid":"community_centers:M:0047","name":"愛蘭社區活動中心","county":"南投縣","town":"埔里鎮","address":"南投縣埔里鎮愛蘭里9鄰梅村路295號","source_id":"datagov:94906"}},{"type":"Feature","geometry":{"type":"Point","coordinates":[120.94978964692723,23.973185946661346]},"properties":{"uid":"community_centers:M:0048","name":"恆吉社區活動中心","county":"南投縣","town":"埔里鎮","address":"南投縣埔里鎮大城里大城路259號","source_id":"datagov:94906"}},{"type":"Feature","geometry":{"type":"Point","coordinates":[120.95733925807392,23.975013927287055]},"properties":{"uid":"community_centers:M:0049","name":"大城社區活動中心","county":"南投縣","town":"埔里鎮","address":"南投縣埔里鎮大城里10鄰大同街37號","source_id":"datagov:94906"}},{"type":"Feature","geometry":{"type":"Point","coordinates":[120.98394863347256,23.967626022993308]},"properties":{"uid":"community_centers:M:0050","name":"枇杷社區活動中心","county":"南投縣","town":"埔里鎮","address":"南投縣埔里鎮枇杷里3鄰中心路44之1號","source_id":"datagov:94906"}},{"type":"Feature","geometry":{"type":"Point","coordinates":[120.98105271315472,23.950764581978913]},"properties":{"uid":"community_centers:M:0051","name":"慈恩社區活動中心","county":"南投縣","town":"埔里鎮","address":"南投縣埔里鎮枇杷里14鄰九成街64號","source_id":"datagov:94906"}},{"type":"Feature","geometry":{"type":"Point","coordinates":[120.96992492376879,23.958792675859502]},"properties":{"uid":"community_centers:M:0052","name":"杷城社區活動中心","county":"南投縣","town":"埔里鎮","address":"南投縣埔里鎮杷城里2鄰民有二街69號","source_id":"datagov:94906"}},{"type":"Feature","geometry":{"type":"Point","coordinates":[120.97756707752752,23.9756896590171]},"properties":{"uid":"community_centers:M:0053","name":"虎仔耳活動中心","county":"南投縣","town":"埔里鎮","address":"南投縣埔里鎮大湳里8鄰虎耳一街40號","source_id":"datagov:94906"}},{"type":"Feature","geometry":{"type":"Point","coordinates":[120.74603184965424,23.96824205501604]},"properties":{"uid":"community_centers:M:0054","name":"坪頂社區活動中心","county":"南投縣","town":"草屯鎮","address":"南投縣草屯鎮坪頂里3鄰南坪路29之7號","source_id":"datagov:94906"}},{"type":"Feature","geometry":{"type":"Point","coordinates":[120.65604874819523,23.9991576623218]},"properties":{"uid":"community_centers:M:0055","name":"加老社區活動中心","county":"南投縣","town":"草屯鎮","address":"南投縣草屯鎮加老里7鄰芬草路245之3號","source_id":"datagov:94906"}},{"type":"Feature","geometry":{"type":"Point","coordinates":[120.72571757773522,23.978771659147313]},"properties":{"uid":"community_centers:M:0056","name":"南埔社區活動中心","county":"南投縣","town":"草屯鎮","address":"南投縣草屯鎮南埔里12鄰青宅巷56號","source_id":"datagov:94906"}},{"type":"Feature","geometry":{"type":"Point","coordinates":[120.70051138303846,23.97775475977809]},"properties":{"uid":"community_centers:M:0057","name":"富寮社區活動中心","county":"南投縣","town":"草屯鎮","address":"南投縣草屯鎮富寮里1鄰富頂路一段103號","source_id":"datagov:94906"}},{"type":"Feature","geometry":{"type":"Point","coordinates":[120.68064958456648,23.98033877323418]},"properties":{"uid":"community_centers:M:0058","name":"敦和社區活動中心","county":"南投縣","town":"草屯鎮","address":"南投縣草屯鎮敦和里仁愛街156號","source_id":"datagov:94906"}},{"type":"Feature","geometry":{"type":"Point","coordinates":[120.65005705686613,24.001286706976796]},"properties":{"uid":"community_centers:M:0059","name":"石川社區活動中心","county":"南投縣","town":"草屯鎮","address":"南投縣草屯鎮石川里9鄰石川路46之10號","source_id":"datagov:94906"}},{"type":"Feature","geometry":{"type":"Point","coordinates":[120.66135310593441,23.95361654574593]},"properties":{"uid":"community_centers:M:0060","name":"碧洲社區活動中心","county":"南投縣","town":"草屯鎮","address":"南投縣草屯鎮碧洲里9鄰草溪路18之1號","source_id":"datagov:94906"}},{"type":"Feature","geometry":{"type":"Point","coordinates":[120.66064803324893,23.98555804486031]},"properties":{"uid":"community_centers:M:0061","name":"北投社區活動中心","county":"南投縣","town":"草屯鎮","address":"南投縣草屯鎮北投里5鄰史?路北勢巷54號","source_id":"datagov:94906"}},{"type":"Feature","geometry":{"type":"Point","coordinates":[120.79045791753585,23.983050714612016]},"properties":{"uid":"community_centers:M:0062","name":"雙冬社區活動中心","county":"南投縣","town":"草屯鎮","address":"南投縣草屯鎮雙冬里3鄰中正路63之10號","source_id":"datagov:94906"}},{"type":"Feature","geometry":{"type":"Point","coordinates":[120.76429079601078,23.991132739232867]},"properties":{"uid":"community_centers:M:0063","name":"平林社區活動中心及集會所","county":"南投縣","town":"草屯鎮","address":"南投縣草屯鎮平林里9鄰健行路65巷31號","source_id":"datagov:94906"}},{"type":"Feature","geometry":{"type":"Point","coordinates":[120.71831039488089,23.987890609936038]},"properties":{"uid":"community_centers:M:0064","name":"中原社區活動中心暨里辦公處","county":"南投縣","town":"草屯鎮","address":"南投縣草屯鎮中原里4鄰中和路57號","source_id":"datagov:94906"}},{"type":"Feature","geometry":{"type":"Point","coordinates":[120.67658511110193,24.000967164213947]},"properties":{"uid":"community_centers:M:0065","name":"新豐社區活動中心","county":"南投縣","town":"草屯鎮","address":"南投縣草屯鎮新豐里16鄰番子田路100號","source_id":"datagov:94906"}},{"type":"Feature","geometry":{"type":"Point","coordinates":[120.68579028131477,23.9697323917903]},"properties":{"uid":"community_centers:M:0066","name":"新厝里集會所暨活動中心","county":"南投縣","town":"草屯鎮","address":"南投縣草屯鎮新厝里23鄰新富一街1號","source_id":"datagov:94906"}},{"type":"Feature","geometry":{"type":"Point","coordinates":[120.77361327653904,23.876868692510048]},"properties":{"uid":"community_centers:M:0067","name":"崁頂社區活動中心","county":"南投縣","town":"中寮鄉","address":"南投縣中寮鄉崁頂村2鄰永平路107之1號","source_id":"datagov:94906"}},{"type":"Feature","geometry":{"type":"Point","coordinates":[120.75042285045191,23.93183332596076]},"properties":{"uid":"community_centers:M:0068","name":"永芳社區活動中心","county":"南投縣","town":"中寮鄉","address":"南投縣中寮鄉永芳村5鄰龍南路269之2號","source_id":"datagov:94906"}},{"type":"Feature","geometry":{"type":"Point","coordinates":[120.76007226347984,23.93486729171702]},"properties":{"uid":"community_centers:M:0069","name":"爽文社區活動中心","county":"南投縣","town":"中寮鄉","address":"南投縣中寮鄉爽文村1鄰龍南路190號","source_id":"datagov:94906"}},{"type":"Feature","geometry":{"type":"Point","coordinates":[120.72439804805153,23.894862896946044]},"properties":{"uid":"community_centers:M:0070","name":"義和社區活動中心","county":"南投縣","town":"中寮鄉","address":"南投縣中寮鄉義和村4鄰永平路447之12號","source_id":"datagov:94906"}},{"type":"Feature","geometry":{"type":"Point","coordinates":[120.7369469998459,23.88920522197178]},"properties":{"uid":"community_centers:M:0071","name":"永福社區活動中心","county":"南投縣","town":"中寮鄉","address":"南投縣中寮鄉永福村4鄰永平路400號","source_id":"datagov:94906"}},{"type":"Feature","geometry":{"type":"Point","coordinates":[120.75716949957656,23.88567644647112]},"properties":{"uid":"community_centers:M:0072","name":"中寮社區活動中心","county":"南投縣","town":"中寮鄉","address":"南投縣中寮鄉中寮村3鄰鄉林巷23號","source_id":"datagov:94906"}},{"type":"Feature","geometry":{"type":"Point","coordinates":[120.76232450205144,23.87839863904951]},"properties":{"uid":"community_centers:M:0073","name":"永平社區活動中心","county":"南投縣","town":"中寮鄉","address":"南投縣中寮鄉永平村17鄰永平路333之5號","source_id":"datagov:94906"}},{"type":"Feature","geometry":{"type":"Point","coordinates":[120.77238609559917,23.880543855764984]},"properties":{"uid":"community_centers:M:0074","name":"八仙社區活動中心","county":"南投縣","town":"中寮鄉","address":"南投縣中寮鄉八仙村6鄰永樂路36之1號","source_id":"datagov:94906"}},{"type":"Feature","geometry":{"type":"Point","coordinates":[120.80988710789653,23.90705682403692]},"properties":{"uid":"community_centers:M:0075","name":"和興社區活動中心","county":"南投縣","town":"中寮鄉","address":"南投縣中寮鄉和興村8鄰永樂路143之2號","source_id":"datagov:94906"}},{"type":"Feature","geometry":{"type":"Point","coordinates":[120.78733190975909,23.86576305040703]},"properties":{"uid":"community_centers:M:0076","name":"頂興社區活動中心","county":"南投縣","town":"中寮鄉","address":"南投縣中寮鄉廣興村8鄰永平路48之12號","source_id":"datagov:94906"}},{"type":"Feature","geometry":{"type":"Point","coordinates":[120.7861851906332,23.94321272665042]},"properties":{"uid":"community_centers:M:0077","name":"內城社區活動中心","county":"南投縣","town":"中寮鄉","address":"南投縣中寮鄉內城村3鄰龍南路10之1號","source_id":"datagov:94906"}},{"type":"Feature","geometry":{"type":"Point","coordinates":[120.79923499949416,23.882841980462818]},"properties":{"uid":"community_centers:M:0078","name":"福盛社區活動中心","county":"南投縣","town":"中寮鄉","address":"南投縣中寮鄉福盛村5鄰永樂路88之8號","source_id":"datagov:94906"}},{"type":"Feature","geometry":{"type":"Point","coordinates":[120.75591729722093,23.89705489517582]},"properties":{"uid":"community_centers:M:0079","name":"廣福社區活動中心","county":"南投縣","town":"中寮鄉","address":"南投縣中寮鄉廣福村3鄰鄉林巷82之2號","source_id":"datagov:94906"}},{"type":"Feature","geometry":{"type":"Point","coordinates":[120.77636916891637,23.892544159904908]},"properties":{"uid":"community_centers:M:0080","name":"永安社區活動中心","county":"南投縣","town":"中寮鄉","address":"南投縣中寮鄉復興村2鄰復興巷22號","source_id":"datagov:94906"}},{"type":"Feature","geometry":{"type":"Point","coordinates":[120.7729405493252,23.94151927115286]},"properties":{"uid":"community_centers:M:0081","name":"龍安社區活動中心(舊)","county":"南投縣","town":"中寮鄉","address":"南投縣中寮鄉龍安村7鄰龍南路94之5號","source_id":"datagov:94906"}},{"type":"Feature","geometry":{"type":"Point","coordinates":[120.7729405493252,23.94151927115286]},"properties":{"uid":"community_centers:M:0082","name":"龍安社區活動中心(新)","county":"南投縣","town":"中寮鄉","address":"南投縣中寮鄉龍安村7鄰龍南路94之5號","source_id":"datagov:94906"}},{"type":"Feature","geometry":{"type":"Point","coordinates":[120.73182750092809,23.923646737995107]},"properties":{"uid":"community_centers:M:0083","name":"永和社區活動中心","county":"南投縣","town":"中寮鄉","address":"南投縣中寮鄉永和村6鄰龍南路321之11號","source_id":"datagov:94906"}},{"type":"Feature","geometry":{"type":"Point","coordinates":[120.79095258964509,23.94432478302385]},"properties":{"uid":"community_centers:M:0084","name":"清水社區活動中心","county":"南投縣","town":"中寮鄉","address":"南投縣中寮鄉清水村1鄰瀧林巷2之6號","source_id":"datagov:94906"}},{"type":"Feature","geometry":{"type":"Point","coordinates":[120.79108311963756,23.87585597394304]},"properties":{"uid":"community_centers:M:0085","name":"仙樂社區活動中心","county":"南投縣","town":"中寮鄉","address":"南投縣中寮鄉八仙村10鄰仙鹿巷31號","source_id":"datagov:94906"}},{"type":"Feature","geometry":{"type":"Point","coordinates":[120.8572206742464,23.80430080038258]},"properties":{"uid":"community_centers:M:0086","name":"永豐社區活動中心","county":"南投縣","town":"水里鄉","address":"南投縣水里鄉永豐村6鄰南湖一路25號","source_id":"datagov:94906"}},{"type":"Feature","geometry":{"type":"Point","coordinates":[120.86588549897328,23.79882478157518]},"properties":{"uid":"community_centers:M:0087","name":"頂崁社區活動中心","county":"南投縣","town":"水里鄉","address":"南投縣水里鄉頂崁村10鄰富貴路49之2號","source_id":"datagov:94906"}},{"type":"Feature","geometry":{"type":"Point","coordinates":[120.8644302187756,23.833623005809034]},"properties":{"uid":"community_centers:M:0088","name":"車埕社區活動中心","county":"南投縣","town":"水里鄉","address":"南投縣水里鄉車埕村2鄰民權巷33之1號","source_id":"datagov:94906"}},{"type":"Feature","geometry":{"type":"Point","coordinates":[120.86473619971477,23.763281511515988]},"properties":{"uid":"community_centers:M:0089","name":"新山社區活動中心","county":"南投縣","town":"水里鄉","address":"南投縣水里鄉新山村2鄰水信路二段193號","source_id":"datagov:94906"}},{"type":"Feature","geometry":{"type":"Point","coordinates":[120.85753626705714,23.7419838287009]},"properties":{"uid":"community_centers:M:0090","name":"郡坑社區活動中心","county":"南投縣","town":"水里鄉","address":"南投縣水里鄉郡坑村3鄰水信路二段60號","source_id":"datagov:94906"}},{"type":"Feature","geometry":{"type":"Point","coordinates":[120.85414285384803,23.731646433040833]},"properties":{"uid":"community_centers:M:0091","name":"上安社區活動中心","county":"南投縣","town":"水里鄉","address":"南投縣水里鄉上安村9鄰水信路三段117之1號","source_id":"datagov:94906"}},{"type":"Feature","geometry":{"type":"Point","coordinates":[120.92450832610427,23.797087529378047]},"properties":{"uid":"community_centers:M:0092","name":"民和社區活動中心","county":"南投縣","town":"水里鄉","address":"南投縣水里鄉民和村4鄰民和路157號","source_id":"datagov:94906"}},{"type":"Feature","geometry":{"type":"Point","coordinates":[120.86243683070994,23.783973133768797]},"properties":{"uid":"community_centers:M:0093","name":"永興社區活動中心","county":"南投縣","town":"水里鄉","address":"南投縣水里鄉永興村4鄰林朋巷177之1號","source_id":"datagov:94906"}},{"type":"Feature","geometry":{"type":"Point","coordinates":[120.83464191728574,23.80713003870704]},"properties":{"uid":"community_centers:M:0094","name":"玉峰社區活動中心","county":"南投縣","town":"水里鄉","address":"南投縣水里鄉玉峰村3鄰仁愛路1號","source_id":"datagov:94906"}},{"type":"Feature","geometry":{"type":"Point","coordinates":[120.67602788353277,23.75032974009609]},"properties":{"uid":"community_centers:M:0095","name":"新生社區活動中心","county":"南投縣","town":"竹山鎮","address":"南投縣竹山鎮中山里32鄰新生路346號2樓","source_id":"datagov:94906"}},{"type":"Feature","geometry":{"type":"Point","coordinates":[120.66117878646006,23.745925686700225]},"properties":{"uid":"community_centers:M:0096","name":"柯仔坑社區活動中心","county":"南投縣","town":"竹山鎮","address":"南投縣竹山鎮德興里1鄰?坑巷52號","source_id":"datagov:94906"}},{"type":"Feature","geometry":{"type":"Point","coordinates":[120.65756573644326,23.676757441774072]},"properties":{"uid":"community_centers:M:0097","name":"鯉南社區活動中心","county":"南投縣","town":"竹山鎮","address":"南投縣竹山鎮鯉魚里12鄰鯉行路222號","source_id":"datagov:94906"}},{"type":"Feature","geometry":{"type":"Point","coordinates":[120.654487708819,23.715188575436752]},"properties":{"uid":"community_centers:M:0098","name":"鯉魚社區活動中心","county":"南投縣","town":"竹山鎮","address":"南投縣竹山鎮鯉魚里6鄰鯉行路92號","source_id":"datagov:94906"}},{"type":"Feature","geometry":{"type":"Point","coordinates":[120.74699332093529,23.81411588310611]},"properties":{"uid":"community_centers:M:0099","name":"富州社區活動中心","county":"南投縣","town":"竹山鎮","address":"南投縣竹山鎮富州里5鄰集山路一段422號","source_id":"datagov:94906"}},{"type":"Feature","geometry":{"type":"Point","coordinates":[120.69311201204859,23.782324736578964]},"properties":{"uid":"community_centers:M:0100","name":"延正社區活動中心","county":"南投縣","town":"竹山鎮","address":"南投縣竹山鎮延正里8鄰公正巷27之2號","source_id":"datagov:94906"}},{"type":"Feature","geometry":{"type":"Point","coordinates":[120.70244702322788,23.758130688069542]},"properties":{"uid":"community_centers:M:0101","name":"延祥社區活動中心","county":"南投縣","town":"竹山鎮","address":"南投縣竹山鎮延祥里鹿山路284巷13號","source_id":"datagov:94906"}},{"type":"Feature","geometry":{"type":"Point","coordinates":[120.70724005457498,23.770838686612272]},"properties":{"uid":"community_centers:M:0102","name":"延平社區活動中心","county":"南投縣","town":"竹山鎮","address":"南投縣竹山鎮延平里12鄰集山路二段1128號","source_id":"datagov:94906"}},{"type":"Feature","geometry":{"type":"Point","coordinates":[120.68962199829447,23.760398658287844]},"properties":{"uid":"community_centers:M:0103","name":"延和社區活動中心","county":"南投縣","town":"竹山鎮","address":"南投縣竹山鎮延和里集山路726巷58號","source_id":"datagov:94906"}},{"type":"Feature","geometry":{"type":"Point","coordinates":[120.6757908801858,23.746920683740186]},"properties":{"uid":"community_centers:M:0104","name":"??社區活動中心","county":"南投縣","town":"竹山鎮","address":"南投縣竹山鎮??里4鄰鯉南路99之1號","source_id":"datagov:94906"}},{"type":"Feature","geometry":{"type":"Point","coordinates":[120.67959392026204,23.776116777826317]},"properties":{"uid":"community_centers:M:0105","name":"下坪社區活動中心","county":"南投縣","town":"竹山鎮","address":"南投縣竹山鎮下坪里5鄰下坪路19之3號","source_id":"datagov:94906"}},{"type":"Feature","geometry":{"type":"Point","coordinates":[120.66868778222337,23.757484714963265]},"properties":{"uid":"community_centers:M:0106","name":"中崎社區活動中心","county":"南投縣","town":"竹山鎮","address":"南投縣竹山鎮中崎里3鄰集山路三段1392號","source_id":"datagov:94906"}},{"type":"Feature","geometry":{"type":"Point","coordinates":[120.73350924575591,23.814376979086592]},"properties":{"uid":"community_centers:M:0107","name":"中央社區活動中心","county":"南投縣","town":"竹山鎮","address":"南投縣竹山鎮中央里11鄰集山路一段1236巷6之1號","source_id":"datagov:94906"}},{"type":"Feature","geometry":{"type":"Point","coordinates":[120.697061475238,23.754945262648622]},"properties":{"uid":"community_centers:M:0108","name":"中正社區活動中心","county":"南投縣","town":"竹山鎮","address":"南投縣竹山鎮桂林里12鄰中正巷22號","source_id":"datagov:94906"}},{"type":"Feature","geometry":{"type":"Point","coordinates":[120.66294705122449,23.76802590991081]},"properties":{"uid":"community_centers:M:0109","name":"中和社區活動中心","county":"南投縣","town":"竹山鎮","address":"南投縣竹山鎮中和里10鄰中和路96之15號2樓","source_id":"datagov:94906"}},{"type":"Feature","geometry":{"type":"Point","coordinates":[120.72234616842339,23.817427934735527]},"properties":{"uid":"community_centers:M:0110","name":"社寮社區活動中心","county":"南投縣","town":"竹山鎮","address":"南投縣竹山鎮社寮里7鄰大公街75號","source_id":"datagov:94906"}},{"type":"Feature","geometry":{"type":"Point","coordinates":[120.71331311584859,23.78096585292048]},"properties":{"uid":"community_centers:M:0111","name":"籐湖社區活動中心","county":"南投縣","town":"竹山鎮","address":"南投縣竹山鎮延平里20鄰籐湖巷5之2號","source_id":"datagov:94906"}},{"type":"Feature","geometry":{"type":"Point","coordinates":[120.66399176223536,23.659249428822758]},"properties":{"uid":"community_centers:M:0112","name":"瑞竹社區活動中心","county":"南投縣","town":"竹山鎮","address":"南投縣竹山鎮瑞竹里7鄰鯉南路305之15號","source_id":"datagov:94906"}},{"type":"Feature","geometry":{"type":"Point","coordinates":[120.67315986486605,23.674243353098145]},"properties":{"uid":"community_centers:M:0113","name":"坪頂社區活動中心","county":"南投縣","town":"竹山鎮","address":"南投縣竹山鎮坪頂里7鄰坪頂路36號","source_id":"datagov:94906"}},{"type":"Feature","geometry":{"type":"Point","coordinates":[120.71683117246202,23.803071839322445]},"properties":{"uid":"community_centers:M:0114","name":"山崇社區活動中心","county":"南投縣","town":"竹山鎮","address":"南投縣竹山鎮山崇里5鄰山崇巷25之2號","source_id":"datagov:94906"}},{"type":"Feature","geometry":{"type":"Point","coordinates":[120.66390979681587,23.69279650495736]},"properties":{"uid":"community_centers:M:0115","name":"福興社區活動中心","county":"南投縣","town":"竹山鎮","address":"南投縣竹山鎮福興里6鄰鯉南路191號","source_id":"datagov:94906"}},{"type":"Feature","geometry":{"type":"Point","coordinates":[120.66700777642274,23.727799596819523]},"properties":{"uid":"community_centers:M:0116","name":"福田社區活動中心","county":"南投縣","town":"竹山鎮","address":"南投縣竹山鎮福興里鯉南路136之1號","source_id":"datagov:94906"}},{"type":"Feature","geometry":{"type":"Point","coordinates":[120.72821218871997,23.75757677341865]},"properties":{"uid":"community_centers:M:0117","name":"延山社區活動中心","county":"南投縣","town":"竹山鎮","address":"南投縣竹山鎮延山里3鄰延山路36-6號","source_id":"datagov:94906"}},{"type":"Feature","geometry":{"type":"Point","coordinates":[120.656755950286,23.645451005547685]},"properties":{"uid":"community_centers:M:0118","name":"桶頭社區活動中心","county":"南投縣","town":"竹山鎮","address":"南投縣竹山鎮桶頭里4鄰鯉南路312號","source_id":"datagov:94906"}},{"type":"Feature","geometry":{"type":"Point","coordinates":[120.67580856463884,23.85675941024391]},"properties":{"uid":"community_centers:M:0120","name":"廈新社區活動中心","county":"南投縣","town":"名間鄉","address":"南投縣名間鄉新光村16鄰大?巷30號","source_id":"datagov:94906"}},{"type":"Feature","geometry":{"type":"Point","coordinates":[120.63386235295056,23.834242300245332]},"properties":{"uid":"community_centers:M:0121","name":"松嶺社區活動中心","county":"南投縣","town":"名間鄉","address":"南投縣名間鄉松山村1鄰豐柏路38號","source_id":"datagov:94906"}},{"type":"Feature","geometry":{"type":"Point","coordinates":[120.65781743703727,23.860450363912584]},"properties":{"uid":"community_centers:M:0122","name":"大坑社區活動中心","county":"南投縣","town":"名間鄉","address":"南投縣名間鄉大坑村8鄰武東巷11之2號","source_id":"datagov:94906"}},{"type":"Feature","geometry":{"type":"Point","coordinates":[120.63818232342742,23.85822943785066]},"properties":{"uid":"community_centers:M:0123","name":"竹圍社區活動中心","county":"南投縣","town":"名間鄉","address":"南投縣名間鄉竹圍村8鄰竹圍巷39號","source_id":"datagov:94906"}},{"type":"Feature","geometry":{"type":"Point","coordinates":[120.63509076100931,23.876269084420393]},"properties":{"uid":"community_centers:M:0124","name":"?下社區活動中心","county":"南投縣","town":"名間鄉","address":"南投縣名間鄉?下村6鄰大岩巷30之8號","source_id":"datagov:94906"}},{"type":"Feature","geometry":{"type":"Point","coordinates":[120.62603704540749,23.850146639474932]},"properties":{"uid":"community_centers:M:0125","name":"弓鞋社區活動中心","county":"南投縣","town":"名間鄉","address":"南投縣名間鄉三崙村19鄰弓鞋巷16之1號","source_id":"datagov:94906"}},{"type":"Feature","geometry":{"type":"Point","coordinates":[120.67541023927006,23.87047540772039]},"properties":{"uid":"community_centers:M:0126","name":"田仔社區活動中心","county":"南投縣","town":"名間鄉","address":"南投縣名間鄉田仔村3鄰田仔巷41之2號","source_id":"datagov:94906"}},{"type":"Feature","geometry":{"type":"Point","coordinates":[120.69315461972994,23.84190836217943]},"properties":{"uid":"community_centers:M:0127","name":"中山社區活動中心","county":"南投縣","town":"名間鄉","address":"南投縣名間鄉中山村12鄰名松路一段83號","source_id":"datagov:94906"}},{"type":"Feature","geometry":{"type":"Point","coordinates":[120.70565376699365,23.856150327881142]},"properties":{"uid":"community_centers:M:0128","name":"仁和社區活動中心","county":"南投縣","town":"名間鄉","address":"南投縣名間鄉仁和村8鄰山腳巷17之2號","source_id":"datagov:94906"}},{"type":"Feature","geometry":{"type":"Point","coordinates":[120.69335870665476,23.879739407557683]},"properties":{"uid":"community_centers:M:0129","name":"新北社區活動中心","county":"南投縣","town":"名間鄉","address":"南投縣名間鄉新街村9鄰彰南路472號","source_id":"datagov:94906"}},{"type":"Feature","geometry":{"type":"Point","coordinates":[120.66300193048072,23.845598638731193]},"properties":{"uid":"community_centers:M:0130","name":"新厝社區活動中心","county":"南投縣","town":"名間鄉","address":"南投縣名間鄉新厝村8鄰新厝巷27-8號","source_id":"datagov:94906"}},{"type":"Feature","geometry":{"type":"Point","coordinates":[120.67694560871209,23.848349412208872]},"properties":{"uid":"community_centers:M:0131","name":"三光社區活動中心","county":"南投縣","town":"名間鄉","address":"南投縣名間鄉新光村4鄰名山路二段282號","source_id":"datagov:94906"}},{"type":"Feature","geometry":{"type":"Point","coordinates":[120.70629342852769,23.88269122930426]},"properties":{"uid":"community_centers:M:0132","name":"萬丹社區活動中心","county":"南投縣","town":"名間鄉","address":"南投縣名間鄉萬丹村4鄰新丹巷38-2號","source_id":"datagov:94906"}},{"type":"Feature","geometry":{"type":"Point","coordinates":[120.69971335495096,23.865019801045804]},"properties":{"uid":"community_centers:M:0133","name":"東仁社區活動中心","county":"南投縣","town":"名間鄉","address":"南投縣名間鄉東湖村7鄰大老巷34號","source_id":"datagov:94906"}},{"type":"Feature","geometry":{"type":"Point","coordinates":[120.64358346592137,23.82095653706321]},"properties":{"uid":"community_centers:M:0134","name":"埔中社區活動中心","county":"南投縣","town":"名間鄉","address":"南投縣名間鄉埔中村9鄰埔中巷11之12號","source_id":"datagov:94906"}},{"type":"Feature","geometry":{"type":"Point","coordinates":[120.64777943233099,23.831288712734864]},"properties":{"uid":"community_centers:M:0135","name":"大車路社區活動中心","county":"南投縣","town":"名間鄉","address":"南投縣名間鄉埔中村2鄰名松路一段513號","source_id":"datagov:94906"}},{"type":"Feature","geometry":{"type":"Point","coordinates":[120.69566674093953,23.862461431455532]},"properties":{"uid":"community_centers:M:0136","name":"虎坑社區活動中心","county":"南投縣","town":"名間鄉","address":"南投縣名間鄉東湖村17鄰虎坑巷6號","source_id":"datagov:94906"}},{"type":"Feature","geometry":{"type":"Point","coordinates":[120.6733905946113,23.824633252072505]},"properties":{"uid":"community_centers:M:0137","name":"炭寮社區活動中心","county":"南投縣","town":"名間鄉","address":"南投縣名間鄉炭寮村11鄰崁頂巷1之2號","source_id":"datagov:94906"}},{"type":"Feature","geometry":{"type":"Point","coordinates":[120.63243537059624,23.873400383624432]},"properties":{"uid":"community_centers:M:0138","name":"錦梓社區活動中心","county":"南投縣","town":"名間鄉","address":"南投縣名間鄉赤水村16鄰皮仔寮巷21號","source_id":"datagov:94906"}},{"type":"Feature","geometry":{"type":"Point","coordinates":[120.63671332529468,23.84676133145575]},"properties":{"uid":"community_centers:M:0139","name":"三崙社區活動中心","county":"南投縣","town":"名間鄉","address":"南投縣名間鄉三崙村5鄰中庄巷7號","source_id":"datagov:94906"}},{"type":"Feature","geometry":{"type":"Point","coordinates":[120.69363817159154,23.819431447150617]},"properties":{"uid":"community_centers:M:0140","name":"新民社區活動中心","county":"南投縣","town":"名間鄉","address":"南投縣名間鄉新民村4鄰外埔巷2之1號","source_id":"datagov:94906"}},{"type":"Feature","geometry":{"type":"Point","coordinates":[120.63169932194855,23.859516413552022]},"properties":{"uid":"community_centers:M:0141","name":"赤水社區活動中心","county":"南投縣","town":"名間鄉","address":"南投縣名間鄉赤水村3鄰南田路258之10號","source_id":"datagov:94906"}},{"type":"Feature","geometry":{"type":"Point","coordinates":[120.69588811369726,23.83912451293986]},"properties":{"uid":"community_centers:M:0142","name":"中正社區活動中心","county":"南投縣","town":"名間鄉","address":"南投縣名間鄉中正村11鄰庄仔巷24之1號","source_id":"datagov:94906"}},{"type":"Feature","geometry":{"type":"Point","coordinates":[120.79737048793142,23.829374087855637]},"properties":{"uid":"community_centers:M:0143","name":"永昌社區活動中心","county":"南投縣","town":"集集鎮","address":"南投縣集集鎮永昌里2鄰柴橋巷3之1號","source_id":"datagov:94906"}},{"type":"Feature","geometry":{"type":"Point","coordinates":[120.7852227749467,23.82888150442591]},"properties":{"uid":"community_centers:M:0144","name":"玉映社區活動中心","county":"南投縣","town":"集集鎮","address":"南投縣集集鎮玉映里7鄰玉映巷11號","source_id":"datagov:94906"}},{"type":"Feature","geometry":{"type":"Point","coordinates":[120.78789467510279,23.828018619747517]},"properties":{"uid":"community_centers:M:0145","name":"吳厝社區活動中心","county":"南投縣","town":"集集鎮","address":"南投縣集集鎮吳厝里5鄰育才街135號","source_id":"datagov:94906"}},{"type":"Feature","geometry":{"type":"Point","coordinates":[120.78022462337576,23.8280806561664]},"properties":{"uid":"community_centers:M:0146","name":"和平社區活動中心","county":"南投縣","town":"集集鎮","address":"南投縣集集鎮和平里11鄰集集街186號","source_id":"datagov:94906"}},{"type":"Feature","geometry":{"type":"Point","coordinates":[120.77154606640156,23.823000824078413]},"properties":{"uid":"community_centers:M:0147","name":"林尾社區活動中心","county":"南投縣","town":"集集鎮","address":"南投縣集集鎮林尾里7鄰林尾路450巷9號2樓","source_id":"datagov:94906"}},{"type":"Feature","geometry":{"type":"Point","coordinates":[120.80011544203569,23.84010797644991]},"properties":{"uid":"community_centers:M:0148","name":"廣明社區活動中心","county":"南投縣","town":"集集鎮","address":"南投縣集集鎮廣明里4鄰北勢巷8號","source_id":"datagov:94906"}},{"type":"Feature","geometry":{"type":"Point","coordinates":[120.75119391567976,23.83290789115954]},"properties":{"uid":"community_centers:M:0149","name":"田寮社區活動中心","county":"南投縣","town":"集集鎮","address":"南投縣集集鎮田寮里2鄰田寮巷1之1號","source_id":"datagov:94906"}},{"type":"Feature","geometry":{"type":"Point","coordinates":[120.78489014396268,23.831364849750074]},"properties":{"uid":"community_centers:M:0150","name":"集集社區活動中心","county":"南投縣","town":"集集鎮","address":"南投縣集集鎮集集里11鄰成功路205號","source_id":"datagov:94906"}},{"type":"Feature","geometry":{"type":"Point","coordinates":[120.73713187539575,23.83342100715333]},"properties":{"uid":"community_centers:M:0151","name":"隘寮社區活動中心","county":"南投縣","town":"集集鎮","address":"南投縣集集鎮隘寮里4鄰共和巷5之1號","source_id":"datagov:94906"}},{"type":"Feature","geometry":{"type":"Point","coordinates":[120.82191964275681,23.829433747100122]},"properties":{"uid":"community_centers:M:0152","name":"富山社區活動中心","county":"南投縣","town":"集集鎮","address":"南投縣集集鎮富山里6鄰大坪巷30之1號","source_id":"datagov:94906"}},{"type":"Feature","geometry":{"type":"Point","coordinates":[120.73648094091595,23.767171706135088]},"properties":{"uid":"community_centers:M:0154","name":"初鄉社區活動中心","county":"南投縣","town":"鹿谷鄉","address":"南投縣鹿谷鄉初鄉村2鄰仁愛路259之8號","source_id":"datagov:94906"}},{"type":"Feature","geometry":{"type":"Point","coordinates":[120.75256286158728,23.74827147176436]},"properties":{"uid":"community_centers:M:0155","name":"鹿谷社區活動中心","county":"南投縣","town":"鹿谷鄉","address":"南投縣鹿谷鄉鹿谷村1鄰興農巷56號","source_id":"datagov:94906"}},{"type":"Feature","geometry":{"type":"Point","coordinates":[120.75575865632403,23.745396042540634]},"properties":{"uid":"community_centers:M:0156","name":"彰雅社區活動中心","county":"南投縣","town":"鹿谷鄉","address":"南投縣鹿谷鄉彰雅村3鄰和興巷21號","source_id":"datagov:94906"}},{"type":"Feature","geometry":{"type":"Point","coordinates":[120.75547182103362,23.727001189987913]},"properties":{"uid":"community_centers:M:0157","name":"竹林社區活動中心","county":"南投縣","town":"鹿谷鄉","address":"南投縣鹿谷鄉竹林村12鄰光復路106之2號","source_id":"datagov:94906"}},{"type":"Feature","geometry":{"type":"Point","coordinates":[120.75524195695807,23.727557787046123]},"properties":{"uid":"community_centers:M:0158","name":"竹豐社區活動中心","county":"南投縣","town":"鹿谷鄉","address":"南投縣鹿谷鄉竹林村18鄰光復路96之12號","source_id":"datagov:94906"}},{"type":"Feature","geometry":{"type":"Point","coordinates":[120.78444292791843,23.735722959246296]},"properties":{"uid":"community_centers:M:0159","name":"鳳凰社區活動中心","county":"南投縣","town":"鹿谷鄉","address":"南投縣鹿谷鄉鳳凰村5鄰仁義路14之8號","source_id":"datagov:94906"}},{"type":"Feature","geometry":{"type":"Point","coordinates":[120.78340511672047,23.7919381350707]},"properties":{"uid":"community_centers:M:0160","name":"清水社區活動中心","county":"南投縣","town":"鹿谷鄉","address":"南投縣鹿谷鄉清水村5鄰仁愛路103號","source_id":"datagov:94906"}},{"type":"Feature","geometry":{"type":"Point","coordinates":[120.77530534156479,23.702900947628226]},"properties":{"uid":"community_centers:M:0161","name":"和雅社區活動中心","county":"南投縣","town":"鹿谷鄉","address":"南投縣鹿谷鄉和雅村3鄰愛鄉路47之10號","source_id":"datagov:94906"}},{"type":"Feature","geometry":{"type":"Point","coordinates":[120.76170472412755,23.735687150249706]},"properties":{"uid":"community_centers:M:0162","name":"廣興社區活動中心","county":"南投縣","town":"鹿谷鄉","address":"南投縣鹿谷鄉廣興村中正一路176號","source_id":"datagov:94906"}},{"type":"Feature","geometry":{"type":"Point","coordinates":[120.75330355625108,23.74662688123992]},"properties":{"uid":"community_centers:M:0163","name":"永隆社區活動中心","county":"南投縣","town":"鹿谷鄉","address":"南投縣鹿谷鄉永隆村中央巷53號","source_id":"datagov:94906"}},{"type":"Feature","geometry":{"type":"Point","coordinates":[120.77657571272164,23.782697977250464]},"properties":{"uid":"community_centers:M:0164","name":"秀峰社區活動中心","county":"南投縣","town":"鹿谷鄉","address":"南投縣鹿谷鄉秀峰村12鄰仁愛路153之1號","source_id":"datagov:94906"}},{"type":"Feature","geometry":{"type":"Point","coordinates":[120.79285053828437,23.8044069532434]},"properties":{"uid":"community_centers:M:0165","name":"瑞田社區活動中心","county":"南投縣","town":"鹿谷鄉","address":"南投縣鹿谷鄉瑞田村3鄰仁愛路69之3號","source_id":"datagov:94906"}},{"type":"Feature","geometry":{"type":"Point","coordinates":[120.77892196730484,23.72063287445352]},"properties":{"uid":"community_centers:M:0166","name":"內湖社區活動中心","county":"南投縣","town":"鹿谷鄉","address":"南投縣鹿谷鄉內湖村3鄰興產路71之5號","source_id":"datagov:94906"}},{"type":"Feature","geometry":{"type":"Point","coordinates":[120.76708410739458,23.744723463525066]},"properties":{"uid":"community_centers:M:0167","name":"凍頂社區活動中心","county":"南投縣","town":"鹿谷鄉","address":"南投縣鹿谷鄉彰雅村7鄰凍頂巷10之20號","source_id":"datagov:94906"}},{"type":"Feature","geometry":{"type":"Point","coordinates":[120.92015949509454,23.892274306321443]},"properties":{"uid":"community_centers:M:0168","name":"中明社區活動中心","county":"南投縣","town":"魚池鄉","address":"南投縣魚池鄉中明村8鄰文正巷5之10號","source_id":"datagov:94906"}},{"type":"Feature","geometry":{"type":"Point","coordinates":[120.97007354606482,23.890334381245825]},"properties":{"uid":"community_centers:M:0169","name":"東光社區活動中心","county":"南投縣","town":"魚池鄉","address":"南投縣魚池鄉東光村慶隆巷37之1號","source_id":"datagov:94906"}},{"type":"Feature","geometry":{"type":"Point","coordinates":[120.94894313900592,23.88732328270351]},"properties":{"uid":"community_centers:M:0170","name":"大林社區活動中心","county":"南投縣","town":"魚池鄉","address":"南投縣魚池鄉大林村8鄰嵩山巷27號","source_id":"datagov:94906"}},{"type":"Feature","geometry":{"type":"Point","coordinates":[120.88787071698594,23.887419663338502]},"properties":{"uid":"community_centers:M:0171","name":"五城社區活動中心","county":"南投縣","town":"魚池鄉","address":"南投縣魚池鄉五城村4鄰五城巷24之2號","source_id":"datagov:94906"}},{"type":"Feature","geometry":{"type":"Point","coordinates":[120.90543332484238,23.83588207043546]},"properties":{"uid":"community_centers:M:0172","name":"頭社社區活動中心","county":"南投縣","town":"魚池鄉","address":"南投縣魚池鄉頭社村13鄰平和巷90號","source_id":"datagov:94906"}},{"type":"Feature","geometry":{"type":"Point","coordinates":[120.89583027925791,23.828571792603693]},"properties":{"uid":"community_centers:M:0173","name":"武登社區活動中心","county":"南投縣","town":"魚池鄉","address":"南投縣魚池鄉武登村5鄰協力巷35之1號","source_id":"datagov:94906"}},{"type":"Feature","geometry":{"type":"Point","coordinates":[120.91660087591163,23.903309049784312]},"properties":{"uid":"community_centers:M:0174","name":"養靈社區活動中心","county":"南投縣","town":"魚池鄉","address":"南投縣魚池鄉新城村4鄰修正巷4之3號","source_id":"datagov:94906"}},{"type":"Feature","geometry":{"type":"Point","coordinates":[120.92063678099086,23.88551013184585]},"properties":{"uid":"community_centers:M:0175","name":"受福社區活動中心","county":"南投縣","town":"魚池鄉","address":"南投縣魚池鄉中明村1鄰文化巷6號","source_id":"datagov:94906"}},{"type":"Feature","geometry":{"type":"Point","coordinates":[120.96557286265495,23.919779255213694]},"properties":{"uid":"community_centers:M:0176","name":"共和社區活動中心","county":"南投縣","town":"魚池鄉","address":"南投縣魚池鄉共和村7鄰五馬巷60之4號","source_id":"datagov:94906"}},{"type":"Feature","geometry":{"type":"Point","coordinates":[120.95336840046653,23.899254368035326]},"properties":{"uid":"community_centers:M:0177","name":"長寮尾社區活動中心","county":"南投縣","town":"魚池鄉","address":"南投縣魚池鄉共和村13鄰長興巷8之11號","source_id":"datagov:94906"}},{"type":"Feature","geometry":{"type":"Point","coordinates":[120.94038403467339,23.893189692960352]},"properties":{"uid":"community_centers:M:0178","name":"魚池尖社區活動中心","county":"南投縣","town":"魚池鄉","address":"南投縣魚池鄉東池村6鄰秀水路61號","source_id":"datagov:94906"}},{"type":"Feature","geometry":{"type":"Point","coordinates":[120.8571417693027,23.695585277413645]},"properties":{"uid":"community_centers:M:0179","name":"明德社區活動中心","county":"南投縣","town":"信義鄉","address":"南投縣信義鄉明德村2鄰新開巷60之1號","source_id":"datagov:94906"}},{"type":"Feature","geometry":{"type":"Point","coordinates":[120.85390190215301,23.698499367470657]},"properties":{"uid":"community_centers:M:0180","name":"信義社區活動中心","county":"南投縣","town":"信義鄉","address":"南投縣信義鄉明德村6鄰玉山路60之1號","source_id":"datagov:94906"}},{"type":"Feature","geometry":{"type":"Point","coordinates":[120.86823304339717,23.71282670841891]},"properties":{"uid":"community_centers:M:0181","name":"忠信社區活動中心","county":"南投縣","town":"信義鄉","address":"南投縣信義鄉明德村12鄰中平巷32之7號","source_id":"datagov:94906"}},{"type":"Feature","geometry":{"type":"Point","coordinates":[120.85103973537363,23.693197164015057]},"properties":{"uid":"community_centers:M:0182","name":"自愛社區活動中心","county":"南投縣","town":"信義鄉","address":"南投縣信義鄉愛國村愛國巷8號","source_id":"datagov:94906"}},{"type":"Feature","geometry":{"type":"Point","coordinates":[120.83327025971661,23.70601072339315]},"properties":{"uid":"community_centers:M:0183","name":"愛國社區活動中心","county":"南投縣","town":"信義鄉","address":"南投縣信義鄉愛國村9鄰愛國巷114之1號","source_id":"datagov:94906"}},{"type":"Feature","geometry":{"type":"Point","coordinates":[120.85686498844782,23.66882229185023]},"properties":{"uid":"community_centers:M:0184","name":"自強社區活動中心","county":"南投縣","town":"信義鄉","address":"南投縣信義鄉自強村11鄰陽和巷33號","source_id":"datagov:94906"}},{"type":"Feature","geometry":{"type":"Point","coordinates":[120.85783926287247,23.643004088683973]},"properties":{"uid":"community_centers:M:0185","name":"豐斗社區活動中心","county":"南投縣","town":"信義鄉","address":"南投縣信義鄉自強村10鄰陽和巷95號","source_id":"datagov:94906"}},{"type":"Feature","geometry":{"type":"Point","coordinates":[120.87495009498139,23.67140714349168]},"properties":{"uid":"community_centers:M:0186","name":"豐丘社區活動中心","county":"南投縣","town":"信義鄉","address":"南投縣信義鄉豐丘村1鄰高平巷12之2號","source_id":"datagov:94906"}},{"type":"Feature","geometry":{"type":"Point","coordinates":[120.87116735904684,23.640812417935212]},"properties":{"uid":"community_centers:M:0187","name":"新鄉社區活動中心","county":"南投縣","town":"信義鄉","address":"南投縣信義鄉新鄉村5鄰新鄉路71號","source_id":"datagov:94906"}},{"type":"Feature","geometry":{"type":"Point","coordinates":[120.87002822776135,23.627970098792016]},"properties":{"uid":"community_centers:M:0188","name":"羅娜社區活動中心(舊)","county":"南投縣","town":"信義鄉","address":"南投縣信義鄉羅娜村1鄰信筆巷73之1號","source_id":"datagov:94906"}},{"type":"Feature","geometry":{"type":"Point","coordinates":[120.8685518653714,23.627050775158406]},"properties":{"uid":"community_centers:M:0189","name":"羅娜社區活動中心(新)","county":"南投縣","town":"信義鄉","address":"南投縣信義鄉羅娜村2鄰信筆巷30號","source_id":"datagov:94906"}},{"type":"Feature","geometry":{"type":"Point","coordinates":[120.88459791372223,23.618732454560973]},"properties":{"uid":"community_centers:M:0190","name":"久美社區活動中心","county":"南投縣","town":"信義鄉","address":"南投縣信義鄉望美村9鄰美信巷53號","source_id":"datagov:94906"}},{"type":"Feature","geometry":{"type":"Point","coordinates":[120.88437418927838,23.601177022086418]},"properties":{"uid":"community_centers:M:0191","name":"望鄉社區活動中心","county":"南投縣","town":"信義鄉","address":"南投縣信義鄉望美村1鄰望和巷10號","source_id":"datagov:94906"}},{"type":"Feature","geometry":{"type":"Point","coordinates":[120.89002211045944,23.590760729921808]},"properties":{"uid":"community_centers:M:0192","name":"同富社區活動中心(舊)","county":"南投縣","town":"信義鄉","address":"南投縣信義鄉同富村15鄰同和巷112號","source_id":"datagov:94906"}},{"type":"Feature","geometry":{"type":"Point","coordinates":[120.88951546261451,23.58793965458361]},"properties":{"uid":"community_centers:M:0193","name":"同富社區活動中心(新)","county":"南投縣","town":"信義鄉","address":"南投縣信義鄉同富村13鄰同和巷112之1號","source_id":"datagov:94906"}},{"type":"Feature","geometry":{"type":"Point","coordinates":[120.87334127328315,23.558190863083315]},"properties":{"uid":"community_centers:M:0194","name":"桐林社區活動中心","county":"南投縣","town":"信義鄉","address":"南投縣信義鄉同富村10鄰太平巷85號","source_id":"datagov:94906"}},{"type":"Feature","geometry":{"type":"Point","coordinates":[120.87669463431435,23.585141077707114]},"properties":{"uid":"community_centers:M:0195","name":"神木社區活動中心(新)","county":"南投縣","town":"信義鄉","address":"南投縣信義鄉神木村1鄰民和巷7號","source_id":"datagov:94906"}},{"type":"Feature","geometry":{"type":"Point","coordinates":[120.927220718653,23.554301386731773]},"properties":{"uid":"community_centers:M:0196","name":"東埔社區活動中心","county":"南投縣","town":"信義鄉","address":"南投縣信義鄉東埔村開高巷10號","source_id":"datagov:94906"}},{"type":"Feature","geometry":{"type":"Point","coordinates":[120.89635119529731,23.779240187856395]},"properties":{"uid":"community_centers:M:0197","name":"人和社區活動中心","county":"南投縣","town":"信義鄉","address":"南投縣信義鄉人和村1鄰民生巷24之1號","source_id":"datagov:94906"}},{"type":"Feature","geometry":{"type":"Point","coordinates":[120.9208120091485,23.783753782202794]},"properties":{"uid":"community_centers:M:0198","name":"波石社區活動中心","county":"南投縣","town":"信義鄉","address":"南投縣信義鄉人和村9鄰波石巷125號","source_id":"datagov:94906"}},{"type":"Feature","geometry":{"type":"Point","coordinates":[120.94227641140591,23.794034903762974]},"properties":{"uid":"community_centers:M:0199","name":"青雲社區活動中心","county":"南投縣","town":"信義鄉","address":"南投縣信義鄉地利村1鄰開信巷1之1號","source_id":"datagov:94906"}},{"type":"Feature","geometry":{"type":"Point","coordinates":[120.94799298818168,23.783534528728286]},"properties":{"uid":"community_centers:M:0200","name":"雙龍社區活動中心","county":"南投縣","town":"信義鄉","address":"南投縣信義鄉雙龍村2鄰光復巷32之1號","source_id":"datagov:94906"}},{"type":"Feature","geometry":{"type":"Point","coordinates":[120.93920312408424,23.820953907624475]},"properties":{"uid":"community_centers:M:0201","name":"潭南社區活動中心(新)","county":"南投縣","town":"信義鄉","address":"南投縣信義鄉潭南村2鄰和平巷35號","source_id":"datagov:94906"}},{"type":"Feature","geometry":{"type":"Point","coordinates":[120.93906555592854,23.82107385916719]},"properties":{"uid":"community_centers:M:0202","name":"潭南社區活動中心(舊)","county":"南投縣","town":"信義鄉","address":"南投縣信義鄉潭南村2鄰和平巷36號","source_id":"datagov:94906"}},{"type":"Feature","geometry":{"type":"Point","coordinates":[121.10676182195193,23.967964280958]},"properties":{"uid":"community_centers:M:0203","name":"親愛活動中心","county":"南投縣","town":"仁愛鄉","address":"南投縣仁愛鄉親愛村3鄰高平路33附1號","source_id":"datagov:94906"}},{"type":"Feature","geometry":{"type":"Point","coordinates":[121.09800295913439,23.97066537032928]},"properties":{"uid":"community_centers:M:0204","name":"松林活動中心","county":"南投縣","town":"仁愛鄉","address":"南投縣仁愛鄉親愛村13鄰高平路33附2號","source_id":"datagov:94906"}},{"type":"Feature","geometry":{"type":"Point","coordinates":[121.09807488909179,23.970794357419773]},"properties":{"uid":"community_centers:M:0205","name":"松林活動中心","county":"南投縣","town":"仁愛鄉","address":"南投縣仁愛鄉親愛村13鄰高平路33附3號","source_id":"datagov:94906"}},{"type":"Feature","geometry":{"type":"Point","coordinates":[121.08722453646311,24.00577682447195]},"properties":{"uid":"community_centers:M:0206","name":"南豐活動中心","county":"南投縣","town":"仁愛鄉","address":"南投縣仁愛鄉南豐村松原巷35附1號","source_id":"datagov:94906"}},{"type":"Feature","geometry":{"type":"Point","coordinates":[121.06856331183381,24.001338520562683]},"properties":{"uid":"community_centers:M:0207","name":"楓林活動中心","county":"南投縣","town":"仁愛鄉","address":"南投縣仁愛鄉南豐村楓林路54附1號","source_id":"datagov:94906"}},{"type":"Feature","geometry":{"type":"Point","coordinates":[121.08711316292873,24.00576478818113]},"properties":{"uid":"community_centers:M:0208","name":"南豐活動中心","county":"南投縣","town":"仁愛鄉","address":"南投縣仁愛鄉南豐村松原巷35附2號","source_id":"datagov:94906"}},{"type":"Feature","geometry":{"type":"Point","coordinates":[121.04457391855198,23.916024547892253]},"properties":{"uid":"community_centers:M:0209","name":"法治活動中心","county":"南投縣","town":"仁愛鄉","address":"南投縣仁愛鄉法治村1鄰界山巷14號","source_id":"datagov:94906"}},{"type":"Feature","geometry":{"type":"Point","coordinates":[120.9728830513166,24.066605301684778]},"properties":{"uid":"community_centers:M:0210","name":"互助活動中心","county":"南投縣","town":"仁愛鄉","address":"南投縣仁愛鄉互助村6鄰原名路170號","source_id":"datagov:94906"}},{"type":"Feature","geometry":{"type":"Point","coordinates":[120.95336750697984,24.06931847708142]},"properties":{"uid":"community_centers:M:0211","name":"中原活動中心","county":"南投縣","town":"仁愛鄉","address":"南投縣仁愛鄉互助村明月巷80附2號","source_id":"datagov:94906"}},{"type":"Feature","geometry":{"type":"Point","coordinates":[121.1604301906118,24.115797927543078]},"properties":{"uid":"community_centers:M:0212","name":"發祥活動中心","county":"南投縣","town":"仁愛鄉","address":"南投縣仁愛鄉發祥村1鄰瑞和路19附1號","source_id":"datagov:94906"}},{"type":"Feature","geometry":{"type":"Point","coordinates":[121.15788649571785,24.123590614123508]},"properties":{"uid":"community_centers:M:0213","name":"發祥活動中心","county":"南投縣","town":"仁愛鄉","address":"南投縣仁愛鄉發祥村7鄰光復巷22號","source_id":"datagov:94906"}},{"type":"Feature","geometry":{"type":"Point","coordinates":[120.983535612561,24.07352873960317]},"properties":{"uid":"community_centers:M:0214","name":"新生活動中心","county":"南投縣","town":"仁愛鄉","address":"南投縣仁愛鄉新生村1鄰山林巷15-1號","source_id":"datagov:94906"}},{"type":"Feature","geometry":{"type":"Point","coordinates":[121.17025561535378,24.075090077801878]},"properties":{"uid":"community_centers:M:0215","name":"大同活動中心","county":"南投縣","town":"仁愛鄉","address":"南投縣仁愛鄉大同村19鄰博望巷17附1號","source_id":"datagov:94906"}},{"type":"Feature","geometry":{"type":"Point","coordinates":[121.07875452700672,23.94588914985395]},"properties":{"uid":"community_centers:M:0216","name":"萬豐活動中心","county":"南投縣","town":"仁愛鄉","address":"南投縣仁愛鄉萬豐村5鄰清華巷77附1號","source_id":"datagov:94906"}},{"type":"Feature","geometry":{"type":"Point","coordinates":[121.07875452700672,23.94588914985395]},"properties":{"uid":"community_centers:M:0217","name":"萬豐活動中心","county":"南投縣","town":"仁愛鄉","address":"南投縣仁愛鄉萬豐村5鄰清華巷77附2號","source_id":"datagov:94906"}},{"type":"Feature","geometry":{"type":"Point","coordinates":[121.23021892303674,24.19623087308738]},"properties":{"uid":"community_centers:M:0218","name":"翠華活動中心","county":"南投縣","town":"仁愛鄉","address":"南投縣仁愛鄉翠華村12鄰華崗119之2附1號","source_id":"datagov:94906"}},{"type":"Feature","geometry":{"type":"Point","coordinates":[121.20373793458153,24.182969565983733]},"properties":{"uid":"community_centers:M:0219","name":"翠華活動中心","county":"南投縣","town":"仁愛鄉","address":"南投縣仁愛鄉翠華村5鄰翠巒路45附1號","source_id":"datagov:94906"}},{"type":"Feature","geometry":{"type":"Point","coordinates":[120.98842160138213,23.910286523023753]},"properties":{"uid":"community_centers:M:0220","name":"中正活動中心","county":"南投縣","town":"仁愛鄉","address":"南投縣仁愛鄉中正村11鄰光明路95號","source_id":"datagov:94906"}},{"type":"Feature","geometry":{"type":"Point","coordinates":[120.98985700176941,23.907644177324862]},"properties":{"uid":"community_centers:M:0221","name":"中正活動中心","county":"南投縣","town":"仁愛鄉","address":"南投縣仁愛鄉中正村10鄰光明路2721號","source_id":"datagov:94906"}},{"type":"Feature","geometry":{"type":"Point","coordinates":[121.1477153715672,24.026158813643217]},"properties":{"uid":"community_centers:M:0222","name":"春陽活動中心","county":"南投縣","town":"仁愛鄉","address":"南投縣仁愛鄉春陽村3鄰龍山巷67號","source_id":"datagov:94906"}},{"type":"Feature","geometry":{"type":"Point","coordinates":[121.19364811794,24.06110857313805]},"properties":{"uid":"community_centers:M:0223","name":"都達活動中心","county":"南投縣","town":"仁愛鄉","address":"南投縣仁愛鄉都達村6鄰法治巷34附1號","source_id":"datagov:94906"}}]}