{"type": "FeatureCollection", "features": [{"type": "Feature", "geometry": {"type": "Point", "coordinates": [121.097772, 23.37478]}, "properties": {"entity_id": "hut_loc_23374_121097", "name": "大分山屋", "aliases": [], "source": "yushan_np_shp", "source_tier": 1, "coord_source": "yushan_np_shp", "fetched_at": "2026-08-01", "confidence": 0.8999999999999999, "_provenance": [{"source": "yushan_np_shp", "tier": 1, "fetched_at": "2026-08-01", "name_raw": "大分山屋", "lat": 23.37478, "lon": 121.097772, "row": {"name": "大分山屋", "official_type": "cabin", "facility_type": "hut", "managed_by": "玉山國家公園管理處"}}, {"source": "osm_overpass", "tier": 5, "fetched_at": "2026-08-01", "name_raw": "大分山屋", "lat": 23.3747985, "lon": 121.0978247, "row": {"name": "大分山屋", "osm_id": "way/912765761", "osm_class": "alpine_hut", "facility_type": "hut", "name_en": null, "ele": "1315", "capacity": null, "operator": null}}], "_n_sources": 2, "facility_type": "hut", "in_yushan_official": true, "name_en": null, "ele": "1315", "capacity": null, "operator": null, "managed_by": "玉山國家公園管理處", "osm_id": "way/912765761"}}, {"type": "Feature", "geometry": {"type": "Point", "coordinates": [121.056273, 23.459297]}, "properties": {"entity_id": "hut_loc_23459_121056", "name": "大水窟山屋", "aliases": [], "source": "yushan_np_shp", "source_tier": 1, "coord_source": "yushan_np_shp", "fetched_at": "2026-08-01", "confidence": 0.8999999999999999, "_provenance": [{"source": "yushan_np_shp", "tier": 1, "fetched_at": "2026-08-01", "name_raw": "大水窟山屋", "lat": 23.459297, "lon": 121.056273, "row": {"name": "大水窟山屋", "official_type": "cabin", "facility_type": "hut", "managed_by": "玉山國家公園管理處"}}, {"source": "osm_overpass", "tier": 5, "fetched_at": "2026-08-01", "name_raw": "大水窟山屋", "lat": 23.4593422, "lon": 121.0562532, "row": {"name": "大水窟山屋", "osm_id": "way/621943040", "osm_class": "alpine_hut", "facility_type": "hut", "name_en": null, "ele": "3227", "capacity": null, "operator": null}}], "_n_sources": 2, "facility_type": "hut", "in_yushan_official": true, "name_en": null, "ele": "3227", "capacity": null, "operator": null, "managed_by": "玉山國家公園管理處", "osm_id": "way/621943040"}}, {"type": "Feature", "geometry": {"type": "Point", "coordinates": [121.027433, 23.486485]}, "properties": {"entity_id": "hut_loc_23486_121027", "name": "中央金礦山屋", "aliases": [], "source": "yushan_np_shp", "source_tier": 1, "coord_source": "yushan_np_shp", "fetched_at": "2026-08-01", "confidence": 0.8999999999999999, "_provenance": [{"source": "yushan_np_shp", "tier": 1, "fetched_at": "2026-08-01", "name_raw": "中央金礦山屋", "lat": 23.486485, "lon": 121.027433, "row": {"name": "中央金礦山屋", "official_type": "cabin", "facility_type": "hut", "managed_by": "玉山國家公園管理處"}}, {"source": "osm_overpass", "tier": 5, "fetched_at": "2026-08-01", "name_raw": "中央金礦山屋", "lat": 23.4865305, "lon": 121.0274564, "row": {"name": "中央金礦山屋", "osm_id": "way/621931748", "osm_class": "alpine_hut", "facility_type": "hut", "name_en": "ZhongYang Mine Cabin", "ele": "2820", "capacity": null, "operator": null}}], "_n_sources": 2, "facility_type": "hut", "in_yushan_official": true, "name_en": "ZhongYang Mine Cabin", "ele": "2820", "capacity": null, "operator": null, "managed_by": "玉山國家公園管理處", "osm_id": "way/621931748"}}, {"type": "Feature", "geometry": {"type": "Point", "coordinates": [121.016496, 23.487645]}, "properties": {"entity_id": "hut_loc_23487_121016", "name": "巴奈伊克營地", "aliases": [], "source": "yushan_np_shp", "source_tier": 1, "coord_source": "yushan_np_shp", "fetched_at": "2026-08-01", "confidence": 0.8999999999999999, "_provenance": [{"source": "yushan_np_shp", "tier": 1, "fetched_at": "2026-08-01", "name_raw": "巴奈伊克營地", "lat": 23.487645, "lon": 121.016496, "row": {"name": "巴奈伊克營地", "official_type": "campsite", "facility_type": "campsite", "managed_by": "玉山國家公園管理處"}}, {"source": "osm_overpass", "tier": 5, "fetched_at": "2026-08-01", "name_raw": "巴奈伊克營地", "lat": 23.4878533, "lon": 121.0167619, "row": {"name": "巴奈伊克營地", "osm_id": "node/5875268128", "osm_class": "alpine_hut", "facility_type": "campsite", "name_en": "Banaiyike Cottage", "ele": null, "capacity": null, "operator": null}}], "_n_sources": 2, "facility_type": "campsite", "in_yushan_official": true, "name_en": "Banaiyike Cottage", "ele": null, "capacity": null, "operator": null, "managed_by": "玉山國家公園管理處", "osm_id": "node/5875268128"}}, {"type": "Feature", "geometry": {"type": "Point", "coordinates": [121.055803, 23.294677]}, "properties": {"entity_id": "hut_loc_23294_121055", "name": "布新營地(園區外)", "aliases": [], "source": "yushan_np_shp", "source_tier": 1, "coord_source": "yushan_np_shp", "fetched_at": "2026-08-01", "confidence": 0.75, "_provenance": [{"source": "yushan_np_shp", "tier": 1, "fetched_at": "2026-08-01", "name_raw": "布新營地(園區外)", "lat": 23.294677, "lon": 121.055803, "row": {"name": "布新營地(園區外)", "official_type": "campsite", "facility_type": "campsite", "managed_by": "玉山國家公園管理處"}}], "_n_sources": 1, "facility_type": "campsite", "in_yushan_official": true, "name_en": null, "ele": null, "capacity": null, "operator": null, "managed_by": "玉山國家公園管理處", "osm_id": null}}, {"type": "Feature", "geometry": {"type": "Point", "coordinates": [121.18632, 23.353777]}, "properties": {"entity_id": "hut_loc_23353_121186", "name": "瓦拉米山屋(營地)", "aliases": ["瓦拉米山屋"], "source": "yushan_np_shp", "source_tier": 1, "coord_source": "yushan_np_shp", "fetched_at": "2026-08-01", "confidence": 0.8999999999999999, "_provenance": [{"source": "yushan_np_shp", "tier": 1, "fetched_at": "2026-08-01", "name_raw": "瓦拉米山屋(營地)", "lat": 23.353777, "lon": 121.18632, "row": {"name": "瓦拉米山屋(營地)", "official_type": "cabin", "facility_type": "hut", "managed_by": "玉山國家公園管理處"}}, {"source": "osm_overpass", "tier": 5, "fetched_at": "2026-08-01", "name_raw": "瓦拉米山屋", "lat": 23.3537492, "lon": 121.186393, "row": {"name": "瓦拉米山屋", "osm_id": "way/522425521", "osm_class": "alpine_hut", "facility_type": "hut", "name_en": "Walami Cabin", "ele": "1070", "capacity": null, "operator": null}}], "_n_sources": 2, "facility_type": "hut", "in_yushan_official": true, "name_en": "Walami Cabin", "ele": "1070", "capacity": null, "operator": null, "managed_by": "玉山國家公園管理處", "osm_id": "way/522425521"}}, {"type": "Feature", "geometry": {"type": "Point", "coordinates": [121.047366, 23.487952]}, "properties": {"entity_id": "hut_loc_23487_121047", "name": "白洋金礦山屋(營地)", "aliases": ["白洋金礦山屋"], "source": "yushan_np_shp", "source_tier": 1, "coord_source": "yushan_np_shp", "fetched_at": "2026-08-01", "confidence": 0.8999999999999999, "_provenance": [{"source": "yushan_np_shp", "tier": 1, "fetched_at": "2026-08-01", "name_raw": "白洋金礦山屋(營地)", "lat": 23.487952, "lon": 121.047366, "row": {"name": "白洋金礦山屋(營地)", "official_type": "cabin", "facility_type": "hut", "managed_by": "玉山國家公園管理處"}}, {"source": "osm_overpass", "tier": 5, "fetched_at": "2026-08-01", "name_raw": "白洋金礦山屋", "lat": 23.4878851, "lon": 121.0474287, "row": {"name": "白洋金礦山屋", "osm_id": "way/621943048", "osm_class": "alpine_hut", "facility_type": "hut", "name_en": null, "ele": "3378", "capacity": null, "operator": null}}], "_n_sources": 2, "facility_type": "hut", "in_yushan_official": true, "name_en": null, "ele": "3378", "capacity": null, "operator": null, "managed_by": "玉山國家公園管理處", "osm_id": "way/621943048"}}, {"type": "Feature", "geometry": {"type": "Point", "coordinates": [120.984136, 23.262266]}, "properties": {"entity_id": "hut_loc_23262_120984", "name": "向陽山屋(園區外)", "aliases": ["向陽山屋"], "source": "yushan_np_shp", "source_tier": 1, "coord_source": "yushan_np_shp", "fetched_at": "2026-08-01", "confidence": 0.8999999999999999, "_provenance": [{"source": "yushan_np_shp", "tier": 1, "fetched_at": "2026-08-01", "name_raw": "向陽山屋(園區外)", "lat": 23.262266, "lon": 120.984136, "row": {"name": "向陽山屋(園區外)", "official_type": "cabin", "facility_type": "hut", "managed_by": "玉山國家公園管理處"}}, {"source": "osm_overpass", "tier": 5, "fetched_at": "2026-08-01", "name_raw": "向陽山屋", "lat": 23.2626867, "lon": 120.9843791, "row": {"name": "向陽山屋", "osm_id": "way/218954505", "osm_class": "alpine_hut", "facility_type": "hut", "name_en": null, "ele": "2880", "capacity": "70", "operator": null}}], "_n_sources": 2, "facility_type": "hut", "in_yushan_official": true, "name_en": null, "ele": "2880", "capacity": "70", "operator": null, "managed_by": "玉山國家公園管理處", "osm_id": "way/218954505"}}, {"type": "Feature", "geometry": {"type": "Point", "coordinates": [121.128299, 23.363553]}, "properties": {"entity_id": "hut_loc_23363_121128", "name": "多美麗營地", "aliases": [], "source": "yushan_np_shp", "source_tier": 1, "coord_source": "yushan_np_shp", "fetched_at": "2026-08-01", "confidence": 0.75, "_provenance": [{"source": "yushan_np_shp", "tier": 1, "fetched_at": "2026-08-01", "name_raw": "多美麗營地", "lat": 23.363553, "lon": 121.128299, "row": {"name": "多美麗營地", "official_type": "campsite", "facility_type": "campsite", "managed_by": "玉山國家公園管理處"}}], "_n_sources": 1, "facility_type": "campsite", "in_yushan_official": true, "name_en": null, "ele": null, "capacity": null, "operator": null, "managed_by": "玉山國家公園管理處", "osm_id": null}}, {"type": "Feature", "geometry": {"type": "Point", "coordinates": [121.078621, 23.42158]}, "properties": {"entity_id": "hut_loc_23421_121078", "name": "托馬斯營地", "aliases": [], "source": "yushan_np_shp", "source_tier": 1, "coord_source": "yushan_np_shp", "fetched_at": "2026-08-01", "confidence": 0.75, "_provenance": [{"source": "yushan_np_shp", "tier": 1, "fetched_at": "2026-08-01", "name_raw": "托馬斯營地", "lat": 23.42158, "lon": 121.078621, "row": {"name": "托馬斯營地", "official_type": "campsite", "facility_type": "campsite", "managed_by": "玉山國家公園管理處"}}], "_n_sources": 1, "facility_type": "campsite", "in_yushan_official": true, "name_en": null, "ele": null, "capacity": null, "operator": null, "managed_by": "玉山國家公園管理處", "osm_id": null}}, {"type": "Feature", "geometry": {"type": "Point", "coordinates": [121.027401, 23.474475]}, "properties": {"entity_id": "hut_loc_23474_121027", "name": "杜鵑營地", "aliases": [], "source": "yushan_np_shp", "source_tier": 1, "coord_source": "yushan_np_shp", "fetched_at": "2026-08-01", "confidence": 0.75, "_provenance": [{"source": "yushan_np_shp", "tier": 1, "fetched_at": "2026-08-01", "name_raw": "杜鵑營地", "lat": 23.474475, "lon": 121.027401, "row": {"name": "杜鵑營地", "official_type": "campsite", "facility_type": "campsite", "managed_by": "玉山國家公園管理處"}}], "_n_sources": 1, "facility_type": "campsite", "in_yushan_official": true, "name_en": null, "ele": null, "capacity": null, "operator": null, "managed_by": "玉山國家公園管理處", "osm_id": null}}, {"type": "Feature", "geometry": {"type": "Point", "coordinates": [121.212205, 23.344693]}, "properties": {"entity_id": "hut_loc_23344_121212", "name": "佳心營地", "aliases": [], "source": "yushan_np_shp", "source_tier": 1, "coord_source": "yushan_np_shp", "fetched_at": "2026-08-01", "confidence": 0.75, "_provenance": [{"source": "yushan_np_shp", "tier": 1, "fetched_at": "2026-08-01", "name_raw": "佳心營地", "lat": 23.344693, "lon": 121.212205, "row": {"name": "佳心營地", "official_type": "campsite", "facility_type": "campsite", "managed_by": "玉山國家公園管理處"}}], "_n_sources": 1, "facility_type": "campsite", "in_yushan_official": true, "name_en": null, "ele": null, "capacity": null, "operator": null, "managed_by": "玉山國家公園管理處", "osm_id": null}}, {"type": "Feature", "geometry": {"type": "Point", "coordinates": [121.139823, 23.335024]}, "properties": {"entity_id": "hut_loc_23335_121139", "name": "抱崖山屋(營地)", "aliases": ["抱崖山屋"], "source": "yushan_np_shp", "source_tier": 1, "coord_source": "yushan_np_shp", "fetched_at": "2026-08-01", "confidence": 0.8999999999999999, "_provenance": [{"source": "yushan_np_shp", "tier": 1, "fetched_at": "2026-08-01", "name_raw": "抱崖山屋(營地)", "lat": 23.335024, "lon": 121.139823, "row": {"name": "抱崖山屋(營地)", "official_type": "cabin", "facility_type": "hut", "managed_by": "玉山國家公園管理處"}}, {"source": "osm_overpass", "tier": 5, "fetched_at": "2026-08-01", "name_raw": "抱崖山屋", "lat": 23.3350461, "lon": 121.1398394, "row": {"name": "抱崖山屋", "osm_id": "way/913001164", "osm_class": "alpine_hut", "facility_type": "hut", "name_en": null, "ele": "1676", "capacity": null, "operator": null}}], "_n_sources": 2, "facility_type": "hut", "in_yushan_official": true, "name_en": null, "ele": "1676", "capacity": null, "operator": null, "managed_by": "玉山國家公園管理處", "osm_id": "way/913001164"}}, {"type": "Feature", "geometry": {"type": "Point", "coordinates": [121.025718, 23.328302]}, "properties": {"entity_id": "hut_loc_23328_121025", "name": "拉庫音溪山屋", "aliases": [], "source": "yushan_np_shp", "source_tier": 1, "coord_source": "yushan_np_shp", "fetched_at": "2026-08-01", "confidence": 0.8999999999999999, "_provenance": [{"source": "yushan_np_shp", "tier": 1, "fetched_at": "2026-08-01", "name_raw": "拉庫音溪山屋", "lat": 23.328302, "lon": 121.025718, "row": {"name": "拉庫音溪山屋", "official_type": "cabin", "facility_type": "hut", "managed_by": "玉山國家公園管理處"}}, {"source": "osm_overpass", "tier": 5, "fetched_at": "2026-08-01", "name_raw": "拉庫音溪山屋", "lat": 23.3283149, "lon": 121.0257199, "row": {"name": "拉庫音溪山屋", "osm_id": "way/578959351", "osm_class": "alpine_hut", "facility_type": "hut", "name_en": null, "ele": "2690", "capacity": null, "operator": null}}], "_n_sources": 2, "facility_type": "hut", "in_yushan_official": true, "name_en": null, "ele": "2690", "capacity": null, "operator": null, "managed_by": "玉山國家公園管理處", "osm_id": "way/578959351"}}, {"type": "Feature", "geometry": {"type": "Point", "coordinates": [121.040985, 23.463573]}, "properties": {"entity_id": "hut_loc_23463_121040", "name": "南營地", "aliases": [], "source": "yushan_np_shp", "source_tier": 1, "coord_source": "yushan_np_shp", "fetched_at": "2026-08-01", "confidence": 0.75, "_provenance": [{"source": "yushan_np_shp", "tier": 1, "fetched_at": "2026-08-01", "name_raw": "南營地", "lat": 23.463573, "lon": 121.040985, "row": {"name": "南營地", "official_type": "campsite", "facility_type": "campsite", "managed_by": "玉山國家公園管理處"}}], "_n_sources": 1, "facility_type": "campsite", "in_yushan_official": true, "name_en": null, "ele": null, "capacity": null, "operator": null, "managed_by": "玉山國家公園管理處", "osm_id": null}}, {"type": "Feature", "geometry": {"type": "Point", "coordinates": [120.910202, 23.255205]}, "properties": {"entity_id": "hut_loc_23255_120910", "name": "庫哈諾辛山屋(營地)", "aliases": ["庫哈諾辛山屋"], "source": "yushan_np_shp", "source_tier": 1, "coord_source": "yushan_np_shp", "fetched_at": "2026-08-01", "confidence": 0.8999999999999999, "_provenance": [{"source": "yushan_np_shp", "tier": 1, "fetched_at": "2026-08-01", "name_raw": "庫哈諾辛山屋(營地)", "lat": 23.255205, "lon": 120.910202, "row": {"name": "庫哈諾辛山屋(營地)", "official_type": "cabin", "facility_type": "hut", "managed_by": "玉山國家公園管理處"}}, {"source": "osm_overpass", "tier": 5, "fetched_at": "2026-08-01", "name_raw": "庫哈諾辛山屋", "lat": 23.2551567, "lon": 120.910234, "row": {"name": "庫哈諾辛山屋", "osm_id": "way/1086119908", "osm_class": "alpine_hut", "facility_type": "hut", "name_en": null, "ele": "3026", "capacity": null, "operator": null}}], "_n_sources": 2, "facility_type": "hut", "in_yushan_official": true, "name_en": null, "ele": "3026", "capacity": null, "operator": null, "managed_by": "玉山國家公園管理處", "osm_id": "way/1086119908"}}, {"type": "Feature", "geometry": {"type": "Point", "coordinates": [120.963868, 23.475581]}, "properties": {"entity_id": "hut_loc_23475_120963", "name": "荖濃溪營地", "aliases": [], "source": "yushan_np_shp", "source_tier": 1, "coord_source": "yushan_np_shp", "fetched_at": "2026-08-01", "confidence": 0.75, "_provenance": [{"source": "yushan_np_shp", "tier": 1, "fetched_at": "2026-08-01", "name_raw": "荖濃溪營地", "lat": 23.475581, "lon": 120.963868, "row": {"name": "荖濃溪營地", "official_type": "campsite", "facility_type": "campsite", "managed_by": "玉山國家公園管理處"}}], "_n_sources": 1, "facility_type": "campsite", "in_yushan_official": true, "name_en": null, "ele": null, "capacity": null, "operator": null, "managed_by": "玉山國家公園管理處", "osm_id": null}}, {"type": "Feature", "geometry": {"type": "Point", "coordinates": [121.161143, 23.481212]}, "properties": {"entity_id": "hut_loc_23481_121161", "name": "馬布谷山屋", "aliases": [], "source": "yushan_np_shp", "source_tier": 1, "coord_source": "yushan_np_shp", "fetched_at": "2026-08-01", "confidence": 0.8999999999999999, "_provenance": [{"source": "yushan_np_shp", "tier": 1, "fetched_at": "2026-08-01", "name_raw": "馬布谷山屋", "lat": 23.481212, "lon": 121.161143, "row": {"name": "馬布谷山屋", "official_type": "cabin", "facility_type": "hut", "managed_by": "玉山國家公園管理處"}}, {"source": "osm_overpass", "tier": 5, "fetched_at": "2026-08-01", "name_raw": "馬布谷山屋", "lat": 23.4811369, "lon": 121.1611113, "row": {"name": "馬布谷山屋", "osm_id": "way/547611634", "osm_class": "alpine_hut", "facility_type": "hut", "name_en": null, "ele": "2956", "capacity": null, "operator": null}}], "_n_sources": 2, "facility_type": "hut", "in_yushan_official": true, "name_en": null, "ele": "2956", "capacity": null, "operator": null, "managed_by": "玉山國家公園管理處", "osm_id": "way/547611634"}}, {"type": "Feature", "geometry": {"type": "Point", "coordinates": [121.131983, 23.515518]}, "properties": {"entity_id": "hut_loc_23515_121131", "name": "馬利加南山屋", "aliases": ["馬利加南東峰山屋"], "source": "yushan_np_shp", "source_tier": 1, "coord_source": "yushan_np_shp", "fetched_at": "2026-08-01", "confidence": 0.8999999999999999, "_provenance": [{"source": "yushan_np_shp", "tier": 1, "fetched_at": "2026-08-01", "name_raw": "馬利加南山屋", "lat": 23.515518, "lon": 121.131983, "row": {"name": "馬利加南山屋", "official_type": "cabin", "facility_type": "hut", "managed_by": "玉山國家公園管理處"}}, {"source": "osm_overpass", "tier": 5, "fetched_at": "2026-08-01", "name_raw": "馬利加南東峰山屋", "lat": 23.5154568, "lon": 121.1320156, "row": {"name": "馬利加南東峰山屋", "osm_id": "node/2482634994", "osm_class": "alpine_hut", "facility_type": "hut", "name_en": null, "ele": null, "capacity": null, "operator": null}}], "_n_sources": 2, "facility_type": "hut", "in_yushan_official": true, "name_en": null, "ele": null, "capacity": null, "operator": null, "managed_by": "玉山國家公園管理處", "osm_id": "node/2482634994"}}, {"type": "Feature", "geometry": {"type": "Point", "coordinates": [121.073886, 23.518329]}, "properties": {"entity_id": "hut_loc_23518_121073", "name": "馬博山屋", "aliases": ["馬博拉斯山屋"], "source": "yushan_np_shp", "source_tier": 1, "coord_source": "yushan_np_shp", "fetched_at": "2026-08-01", "confidence": 0.8999999999999999, "_provenance": [{"source": "yushan_np_shp", "tier": 1, "fetched_at": "2026-08-01", "name_raw": "馬博山屋", "lat": 23.518329, "lon": 121.073886, "row": {"name": "馬博山屋", "official_type": "cabin", "facility_type": "hut", "managed_by": "玉山國家公園管理處"}}, {"source": "osm_overpass", "tier": 5, "fetched_at": "2026-08-01", "name_raw": "馬博拉斯山屋", "lat": 23.5184194, "lon": 121.0738851, "row": {"name": "馬博拉斯山屋", "osm_id": "way/741161090", "osm_class": "alpine_hut", "facility_type": "hut", "name_en": null, "ele": null, "capacity": null, "operator": null}}], "_n_sources": 2, "facility_type": "hut", "in_yushan_official": true, "name_en": null, "ele": null, "capacity": null, "operator": null, "managed_by": "玉山國家公園管理處", "osm_id": "way/741161090"}}, {"type": "Feature", "geometry": {"type": "Point", "coordinates": [120.949832, 23.466491]}, "properties": {"entity_id": "hut_loc_23466_120949", "name": "排雲山莊", "aliases": [], "source": "yushan_np_shp", "source_tier": 1, "coord_source": "yushan_np_shp", "fetched_at": "2026-08-01", "confidence": 0.8999999999999999, "_provenance": [{"source": "yushan_np_shp", "tier": 1, "fetched_at": "2026-08-01", "name_raw": "排雲山莊", "lat": 23.466491, "lon": 120.949832, "row": {"name": "排雲山莊", "official_type": "lodge", "facility_type": "lodge", "managed_by": "玉山國家公園管理處"}}, {"source": "osm_overpass", "tier": 5, "fetched_at": "2026-08-01", "name_raw": "排雲山莊", "lat": 23.4664681, "lon": 120.9498312, "row": {"name": "排雲山莊", "osm_id": "way/409205679", "osm_class": "alpine_hut", "facility_type": "lodge", "name_en": "Paiyun Lodge", "ele": "3402", "capacity": null, "operator": "玉山國家公園管理處"}}], "_n_sources": 2, "facility_type": "lodge", "in_yushan_official": true, "name_en": "Paiyun Lodge", "ele": "3402", "capacity": null, "operator": "玉山國家公園管理處", "managed_by": "玉山國家公園管理處", "osm_id": "way/409205679"}}, {"type": "Feature", "geometry": {"type": "Point", "coordinates": [121.093523, 23.310944]}, "properties": {"entity_id": "hut_loc_23310_121093", "name": "連理山前營地", "aliases": [], "source": "yushan_np_shp", "source_tier": 1, "coord_source": "yushan_np_shp", "fetched_at": "2026-08-01", "confidence": 0.75, "_provenance": [{"source": "yushan_np_shp", "tier": 1, "fetched_at": "2026-08-01", "name_raw": "連理山前營地", "lat": 23.310944, "lon": 121.093523, "row": {"name": "連理山前營地", "official_type": "campsite", "facility_type": "campsite", "managed_by": "玉山國家公園管理處"}}], "_n_sources": 1, "facility_type": "campsite", "in_yushan_official": true, "name_en": null, "ele": null, "capacity": null, "operator": null, "managed_by": "玉山國家公園管理處", "osm_id": null}}, {"type": "Feature", "geometry": {"type": "Point", "coordinates": [120.990551, 23.359022]}, "properties": {"entity_id": "hut_loc_23359_120990", "name": "雲峰下三叉營地", "aliases": [], "source": "yushan_np_shp", "source_tier": 1, "coord_source": "yushan_np_shp", "fetched_at": "2026-08-01", "confidence": 0.75, "_provenance": [{"source": "yushan_np_shp", "tier": 1, "fetched_at": "2026-08-01", "name_raw": "雲峰下三叉營地", "lat": 23.359022, "lon": 120.990551, "row": {"name": "雲峰下三叉營地", "official_type": "campsite", "facility_type": "campsite", "managed_by": "玉山國家公園管理處"}}], "_n_sources": 1, "facility_type": "campsite", "in_yushan_official": true, "name_en": null, "ele": null, "capacity": null, "operator": null, "managed_by": "玉山國家公園管理處", "osm_id": null}}, {"type": "Feature", "geometry": {"type": "Point", "coordinates": [120.954885, 23.456738]}, "properties": {"entity_id": "hut_loc_23456_120954", "name": "圓峰山屋", "aliases": [], "source": "yushan_np_shp", "source_tier": 1, "coord_source": "yushan_np_shp", "fetched_at": "2026-08-01", "confidence": 0.8999999999999999, "_provenance": [{"source": "yushan_np_shp", "tier": 1, "fetched_at": "2026-08-01", "name_raw": "圓峰山屋", "lat": 23.456738, "lon": 120.954885, "row": {"name": "圓峰山屋", "official_type": "cabin", "facility_type": "hut", "managed_by": "玉山國家公園管理處"}}, {"source": "osm_overpass", "tier": 5, "fetched_at": "2026-08-01", "name_raw": "圓峰山屋", "lat": 23.4567453, "lon": 120.9548952, "row": {"name": "圓峰山屋", "osm_id": "way/988488298", "osm_class": "alpine_hut", "facility_type": "hut", "name_en": "Yuanfeng Cabin", "ele": "3690", "capacity": null, "operator": null}}], "_n_sources": 2, "facility_type": "hut", "in_yushan_official": true, "name_en": "Yuanfeng Cabin", "ele": "3690", "capacity": null, "operator": null, "managed_by": "玉山國家公園管理處", "osm_id": "way/988488298"}}, {"type": "Feature", "geometry": {"type": "Point", "coordinates": [121.026744, 23.419572]}, "properties": {"entity_id": "hut_loc_23419_121026", "name": "塔芬谷山屋", "aliases": [], "source": "yushan_np_shp", "source_tier": 1, "coord_source": "yushan_np_shp", "fetched_at": "2026-08-01", "confidence": 0.8999999999999999, "_provenance": [{"source": "yushan_np_shp", "tier": 1, "fetched_at": "2026-08-01", "name_raw": "塔芬谷山屋", "lat": 23.419572, "lon": 121.026744, "row": {"name": "塔芬谷山屋", "official_type": "cabin", "facility_type": "hut", "managed_by": "玉山國家公園管理處"}}, {"source": "osm_overpass", "tier": 5, "fetched_at": "2026-08-01", "name_raw": "塔芬谷山屋", "lat": 23.4196471, "lon": 121.0267324, "row": {"name": "塔芬谷山屋", "osm_id": "way/578955944", "osm_class": "alpine_hut", "facility_type": "hut", "name_en": null, "ele": "2605", "capacity": null, "operator": null}}], "_n_sources": 2, "facility_type": "hut", "in_yushan_official": true, "name_en": null, "ele": "2605", "capacity": null, "operator": null, "managed_by": "玉山國家公園管理處", "osm_id": "way/578955944"}}, {"type": "Feature", "geometry": {"type": "Point", "coordinates": [121.114426, 23.320016]}, "properties": {"entity_id": "hut_loc_23320_121114", "name": "新仙山前營地", "aliases": [], "source": "yushan_np_shp", "source_tier": 1, "coord_source": "yushan_np_shp", "fetched_at": "2026-08-01", "confidence": 0.75, "_provenance": [{"source": "yushan_np_shp", "tier": 1, "fetched_at": "2026-08-01", "name_raw": "新仙山前營地", "lat": 23.320016, "lon": 121.114426, "row": {"name": "新仙山前營地", "official_type": "campsite", "facility_type": "campsite", "managed_by": "玉山國家公園管理處"}}], "_n_sources": 1, "facility_type": "campsite", "in_yushan_official": true, "name_en": null, "ele": null, "capacity": null, "operator": null, "managed_by": "玉山國家公園管理處", "osm_id": null}}, {"type": "Feature", "geometry": {"type": "Point", "coordinates": [120.996949, 23.283984]}, "properties": {"entity_id": "hut_loc_23283_120996", "name": "嘉明湖避難山屋(園區外)", "aliases": ["嘉明湖避難山屋"], "source": "yushan_np_shp", "source_tier": 1, "coord_source": "yushan_np_shp", "fetched_at": "2026-08-01", "confidence": 0.8999999999999999, "_provenance": [{"source": "yushan_np_shp", "tier": 1, "fetched_at": "2026-08-01", "name_raw": "嘉明湖避難山屋(園區外)", "lat": 23.283984, "lon": 120.996949, "row": {"name": "嘉明湖避難山屋(園區外)", "official_type": "lodge", "facility_type": "lodge", "managed_by": "玉山國家公園管理處"}}, {"source": "osm_overpass", "tier": 5, "fetched_at": "2026-08-01", "name_raw": "嘉明湖避難山屋", "lat": 23.2839744, "lon": 120.9969682, "row": {"name": "嘉明湖避難山屋", "osm_id": "way/218954506", "osm_class": "alpine_hut", "facility_type": "hut", "name_en": null, "ele": "3350", "capacity": null, "operator": null}}], "_n_sources": 2, "facility_type": "lodge", "in_yushan_official": true, "name_en": null, "ele": "3350", "capacity": null, "operator": null, "managed_by": "玉山國家公園管理處", "osm_id": "way/218954506"}}, {"type": "Feature", "geometry": {"type": "Point", "coordinates": [120.958069, 23.546081]}, "properties": {"entity_id": "hut_loc_23546_120958", "name": "樂樂山屋", "aliases": [], "source": "yushan_np_shp", "source_tier": 1, "coord_source": "yushan_np_shp", "fetched_at": "2026-08-01", "confidence": 0.8999999999999999, "_provenance": [{"source": "yushan_np_shp", "tier": 1, "fetched_at": "2026-08-01", "name_raw": "樂樂山屋", "lat": 23.546081, "lon": 120.958069, "row": {"name": "樂樂山屋", "official_type": "cabin", "facility_type": "hut", "managed_by": "玉山國家公園管理處"}}, {"source": "osm_overpass", "tier": 5, "fetched_at": "2026-08-01", "name_raw": "樂樂山屋", "lat": 23.5461131, "lon": 120.9581295, "row": {"name": "樂樂山屋", "osm_id": "way/1535803754", "osm_class": "alpine_hut", "facility_type": "hut", "name_en": null, "ele": "1696", "capacity": null, "operator": null}}], "_n_sources": 2, "facility_type": "hut", "in_yushan_official": true, "name_en": null, "ele": "1696", "capacity": null, "operator": null, "managed_by": "玉山國家公園管理處", "osm_id": "way/1535803754"}}, {"type": "Feature", "geometry": {"type": "Point", "coordinates": [121.006506, 23.38599]}, "properties": {"entity_id": "hut_loc_23385_121006", "name": "轆轆谷山屋", "aliases": [], "source": "yushan_np_shp", "source_tier": 1, "coord_source": "yushan_np_shp", "fetched_at": "2026-08-01", "confidence": 0.8999999999999999, "_provenance": [{"source": "yushan_np_shp", "tier": 1, "fetched_at": "2026-08-01", "name_raw": "轆轆谷山屋", "lat": 23.38599, "lon": 121.006506, "row": {"name": "轆轆谷山屋", "official_type": "cabin", "facility_type": "hut", "managed_by": "玉山國家公園管理處"}}, {"source": "osm_overpass", "tier": 5, "fetched_at": "2026-08-01", "name_raw": "轆轆谷山屋", "lat": 23.3860528, "lon": 121.0064872, "row": {"name": "轆轆谷山屋", "osm_id": "way/578957132", "osm_class": "alpine_hut", "facility_type": "hut", "name_en": null, "ele": "2991", "capacity": null, "operator": null}}], "_n_sources": 2, "facility_type": "hut", "in_yushan_official": true, "name_en": null, "ele": "2991", "capacity": null, "operator": null, "managed_by": "玉山國家公園管理處", "osm_id": "way/578957132"}}, {"type": "Feature", "geometry": {"type": "Point", "coordinates": [121.000085, 23.504035]}, "properties": {"entity_id": "hut_loc_23504_121000", "name": "觀高山屋", "aliases": [], "source": "yushan_np_shp", "source_tier": 1, "coord_source": "yushan_np_shp", "fetched_at": "2026-08-01", "confidence": 0.8999999999999999, "_provenance": [{"source": "yushan_np_shp", "tier": 1, "fetched_at": "2026-08-01", "name_raw": "觀高山屋", "lat": 23.504035, "lon": 121.000085, "row": {"name": "觀高山屋", "official_type": "cabin", "facility_type": "hut", "managed_by": "玉山國家公園管理處"}}, {"source": "osm_overpass", "tier": 5, "fetched_at": "2026-08-01", "name_raw": "觀高山屋", "lat": 23.5040597, "lon": 121.0000323, "row": {"name": "觀高山屋", "osm_id": "node/2482644925", "osm_class": "alpine_hut", "facility_type": "hut", "name_en": null, "ele": "2588", "capacity": null, "operator": null}}], "_n_sources": 2, "facility_type": "hut", "in_yushan_official": true, "name_en": null, "ele": "2588", "capacity": null, "operator": null, "managed_by": "玉山國家公園管理處", "osm_id": "node/2482644925"}}, {"type": "Feature", "geometry": {"type": "Point", "coordinates": [120.742182, 22.6152896]}, "properties": {"entity_id": "hut_loc_22615_120742", "name": "檜谷山莊", "aliases": [], "source": "osm_overpass", "source_tier": 5, "coord_source": "osm_overpass", "fetched_at": "2026-08-01", "confidence": 0.75, "_provenance": [{"source": "osm_overpass", "tier": 5, "fetched_at": "2026-08-01", "name_raw": "檜谷山莊", "lat": 22.6152896, "lon": 120.742182, "row": {"name": "檜谷山莊", "osm_id": "node/2299246288", "osm_class": "alpine_hut", "facility_type": "lodge", "name_en": null, "ele": "2115", "capacity": "42", "operator": "屏東林區管理處"}}], "_n_sources": 1, "facility_type": "lodge", "in_yushan_official": false, "name_en": null, "ele": "2115", "capacity": "42", "operator": "屏東林區管理處", "managed_by": null, "osm_id": "node/2299246288"}}, {"type": "Feature", "geometry": {"type": "Point", "coordinates": [121.5967856, 25.1657713]}, "properties": {"entity_id": "hut_loc_25165_121596", "name": "避難山屋", "aliases": [], "source": "osm_overpass", "source_tier": 5, "coord_source": "osm_overpass", "fetched_at": "2026-08-01", "confidence": 0.75, "_provenance": [{"source": "osm_overpass", "tier": 5, "fetched_at": "2026-08-01", "name_raw": "避難山屋", "lat": 25.1657713, "lon": 121.5967856, "row": {"name": "避難山屋", "osm_id": "node/2319981097", "osm_class": "weather_shelter", "facility_type": "shelter", "name_en": null, "ele": null, "capacity": null, "operator": null}}], "_n_sources": 1, "facility_type": "shelter", "in_yushan_official": false, "name_en": null, "ele": null, "capacity": null, "operator": null, "managed_by": null, "osm_id": "node/2319981097"}}, {"type": "Feature", "geometry": {"type": "Point", "coordinates": [121.2758073, 23.7495114]}, "properties": {"entity_id": "hut_loc_23749_121275", "name": "九族山莊", "aliases": [], "source": "osm_overpass", "source_tier": 5, "coord_source": "osm_overpass", "fetched_at": "2026-08-01", "confidence": 0.75, "_provenance": [{"source": "osm_overpass", "tier": 5, "fetched_at": "2026-08-01", "name_raw": "九族山莊", "lat": 23.7495114, "lon": 121.2758073, "row": {"name": "九族山莊", "osm_id": "node/2341560543", "osm_class": "wilderness_hut", "facility_type": "lodge", "name_en": "Jiuzu Villa", "ele": null, "capacity": null, "operator": null}}], "_n_sources": 1, "facility_type": "lodge", "in_yushan_official": false, "name_en": "Jiuzu Villa", "ele": null, "capacity": null, "operator": null, "managed_by": null, "osm_id": "node/2341560543"}}, {"type": "Feature", "geometry": {"type": "Point", "coordinates": [121.4182709, 24.3355318]}, "properties": {"entity_id": "hut_loc_24335_121418", "name": "中央尖溪山屋", "aliases": [], "source": "osm_overpass", "source_tier": 5, "coord_source": "osm_overpass", "fetched_at": "2026-08-01", "confidence": 0.75, "_provenance": [{"source": "osm_overpass", "tier": 5, "fetched_at": "2026-08-01", "name_raw": "中央尖溪山屋", "lat": 24.3355318, "lon": 121.4182709, "row": {"name": "中央尖溪山屋", "osm_id": "node/2482634213", "osm_class": "alpine_hut", "facility_type": "hut", "name_en": null, "ele": "2430", "capacity": null, "operator": null}}], "_n_sources": 1, "facility_type": "hut", "in_yushan_official": false, "name_en": null, "ele": "2430", "capacity": null, "operator": null, "managed_by": null, "osm_id": "node/2482634213"}}, {"type": "Feature", "geometry": {"type": "Point", "coordinates": [121.00566, 24.24075]}, "properties": {"entity_id": "hut_loc_24240_121005", "name": "工寮", "aliases": [], "source": "osm_overpass", "source_tier": 5, "coord_source": "osm_overpass", "fetched_at": "2026-08-01", "confidence": 0.75, "_provenance": [{"source": "osm_overpass", "tier": 5, "fetched_at": "2026-08-01", "name_raw": "工寮", "lat": 24.24075, "lon": 121.00566, "row": {"name": "工寮", "osm_id": "node/2692678216", "osm_class": "alpine_hut", "facility_type": "hut", "name_en": null, "ele": null, "capacity": null, "operator": null}}], "_n_sources": 1, "facility_type": "hut", "in_yushan_official": false, "name_en": null, "ele": null, "capacity": null, "operator": null, "managed_by": null, "osm_id": "node/2692678216"}}, {"type": "Feature", "geometry": {"type": "Point", "coordinates": [121.01297, 24.04172]}, "properties": {"entity_id": "hut_loc_24041_121012", "name": "獵寮", "aliases": [], "source": "osm_overpass", "source_tier": 5, "coord_source": "osm_overpass", "fetched_at": "2026-08-01", "confidence": 0.75, "_provenance": [{"source": "osm_overpass", "tier": 5, "fetched_at": "2026-08-01", "name_raw": "獵寮", "lat": 24.04172, "lon": 121.01297, "row": {"name": "獵寮", "osm_id": "node/2696558447", "osm_class": "alpine_hut", "facility_type": "hut", "name_en": null, "ele": null, "capacity": null, "operator": null}}], "_n_sources": 1, "facility_type": "hut", "in_yushan_official": false, "name_en": null, "ele": null, "capacity": null, "operator": null, "managed_by": null, "osm_id": "node/2696558447"}}, {"type": "Feature", "geometry": {"type": "Point", "coordinates": [121.28621, 24.53692]}, "properties": {"entity_id": "hut_loc_24536_121286", "name": "獵寮", "aliases": [], "source": "osm_overpass", "source_tier": 5, "coord_source": "osm_overpass", "fetched_at": "2026-08-01", "confidence": 0.75, "_provenance": [{"source": "osm_overpass", "tier": 5, "fetched_at": "2026-08-01", "name_raw": "獵寮", "lat": 24.53692, "lon": 121.28621, "row": {"name": "獵寮", "osm_id": "node/2708080888", "osm_class": "alpine_hut", "facility_type": "hut", "name_en": null, "ele": null, "capacity": null, "operator": null}}], "_n_sources": 1, "facility_type": "hut", "in_yushan_official": false, "name_en": null, "ele": null, "capacity": null, "operator": null, "managed_by": null, "osm_id": "node/2708080888"}}, {"type": "Feature", "geometry": {"type": "Point", "coordinates": [120.7138187, 22.5795841]}, "properties": {"entity_id": "hut_loc_22579_120713", "name": "佳興山莊 (已廢棄)", "aliases": [], "source": "osm_overpass", "source_tier": 5, "coord_source": "osm_overpass", "fetched_at": "2026-08-01", "confidence": 0.75, "_provenance": [{"source": "osm_overpass", "tier": 5, "fetched_at": "2026-08-01", "name_raw": "佳興山莊 (已廢棄)", "lat": 22.5795841, "lon": 120.7138187, "row": {"name": "佳興山莊 (已廢棄)", "osm_id": "node/2710959584", "osm_class": "alpine_hut", "facility_type": "lodge", "name_en": null, "ele": null, "capacity": null, "operator": null}}], "_n_sources": 1, "facility_type": "lodge", "in_yushan_official": false, "name_en": null, "ele": null, "capacity": null, "operator": null, "managed_by": null, "osm_id": "node/2710959584"}}, {"type": "Feature", "geometry": {"type": "Point", "coordinates": [120.9613833, 23.6911]}, "properties": {"entity_id": "hut_loc_23691_120961", "name": "巒安堂", "aliases": [], "source": "osm_overpass", "source_tier": 5, "coord_source": "osm_overpass", "fetched_at": "2026-08-01", "confidence": 0.75, "_provenance": [{"source": "osm_overpass", "tier": 5, "fetched_at": "2026-08-01", "name_raw": "巒安堂", "lat": 23.6911, "lon": 120.9613833, "row": {"name": "巒安堂", "osm_id": "node/2728869948", "osm_class": "alpine_hut", "facility_type": "hut", "name_en": null, "ele": null, "capacity": null, "operator": null}}], "_n_sources": 1, "facility_type": "hut", "in_yushan_official": false, "name_en": null, "ele": null, "capacity": null, "operator": null, "managed_by": null, "osm_id": "node/2728869948"}}, {"type": "Feature", "geometry": {"type": "Point", "coordinates": [121.2666126, 24.9699374]}, "properties": {"entity_id": "hut_loc_24969_121266", "name": "元智草堂", "aliases": [], "source": "osm_overpass", "source_tier": 5, "coord_source": "osm_overpass", "fetched_at": "2026-08-01", "confidence": 0.75, "_provenance": [{"source": "osm_overpass", "tier": 5, "fetched_at": "2026-08-01", "name_raw": "元智草堂", "lat": 24.9699374, "lon": 121.2666126, "row": {"name": "元智草堂", "osm_id": "node/2989049354", "osm_class": "basic_hut", "facility_type": "shelter", "name_en": "Yuan Ze Hut", "ele": null, "capacity": null, "operator": null}}], "_n_sources": 1, "facility_type": "shelter", "in_yushan_official": false, "name_en": "Yuan Ze Hut", "ele": null, "capacity": null, "operator": null, "managed_by": null, "osm_id": "node/2989049354"}}, {"type": "Feature", "geometry": {"type": "Point", "coordinates": [121.2550061, 24.3558715]}, "properties": {"entity_id": "hut_loc_24355_121255", "name": "瓢簞避難山屋", "aliases": [], "source": "osm_overpass", "source_tier": 5, "coord_source": "osm_overpass", "fetched_at": "2026-08-01", "confidence": 0.75, "_provenance": [{"source": "osm_overpass", "tier": 5, "fetched_at": "2026-08-01", "name_raw": "瓢簞避難山屋", "lat": 24.3558715, "lon": 121.2550061, "row": {"name": "瓢簞避難山屋", "osm_id": "node/3126173692", "osm_class": "alpine_hut", "facility_type": "hut", "name_en": null, "ele": null, "capacity": null, "operator": null}}], "_n_sources": 1, "facility_type": "hut", "in_yushan_official": false, "name_en": null, "ele": null, "capacity": null, "operator": null, "managed_by": null, "osm_id": "node/3126173692"}}, {"type": "Feature", "geometry": {"type": "Point", "coordinates": [121.4156544, 24.7631855]}, "properties": {"entity_id": "hut_loc_24763_121415", "name": "避難小屋", "aliases": [], "source": "osm_overpass", "source_tier": 5, "coord_source": "osm_overpass", "fetched_at": "2026-08-01", "confidence": 0.75, "_provenance": [{"source": "osm_overpass", "tier": 5, "fetched_at": "2026-08-01", "name_raw": "避難小屋", "lat": 24.7631855, "lon": 121.4156544, "row": {"name": "避難小屋", "osm_id": "node/3325087213", "osm_class": "basic_hut", "facility_type": "shelter", "name_en": null, "ele": null, "capacity": null, "operator": null}}], "_n_sources": 1, "facility_type": "shelter", "in_yushan_official": false, "name_en": null, "ele": null, "capacity": null, "operator": null, "managed_by": null, "osm_id": "node/3325087213"}}, {"type": "Feature", "geometry": {"type": "Point", "coordinates": [121.3359333, 24.2049833]}, "properties": {"entity_id": "hut_loc_24204_121335", "name": "工寮", "aliases": [], "source": "osm_overpass", "source_tier": 5, "coord_source": "osm_overpass", "fetched_at": "2026-08-01", "confidence": 0.75, "_provenance": [{"source": "osm_overpass", "tier": 5, "fetched_at": "2026-08-01", "name_raw": "工寮", "lat": 24.2049833, "lon": 121.3359333, "row": {"name": "工寮", "osm_id": "node/3417284135", "osm_class": "alpine_hut", "facility_type": "hut", "name_en": null, "ele": null, "capacity": null, "operator": null}}], "_n_sources": 1, "facility_type": "hut", "in_yushan_official": false, "name_en": null, "ele": null, "capacity": null, "operator": null, "managed_by": null, "osm_id": "node/3417284135"}}, {"type": "Feature", "geometry": {"type": "Point", "coordinates": [121.3733186, 24.3682087]}, "properties": {"entity_id": "hut_loc_24368_121373", "name": "多加屯避難小屋", "aliases": [], "source": "osm_overpass", "source_tier": 5, "coord_source": "osm_overpass", "fetched_at": "2026-08-01", "confidence": 0.75, "_provenance": [{"source": "osm_overpass", "tier": 5, "fetched_at": "2026-08-01", "name_raw": "多加屯避難小屋", "lat": 24.3682087, "lon": 121.3733186, "row": {"name": "多加屯避難小屋", "osm_id": "node/3507238690", "osm_class": "wilderness_hut", "facility_type": "hut", "name_en": "Dogan Refuge", "ele": "2705", "capacity": null, "operator": null}}], "_n_sources": 1, "facility_type": "hut", "in_yushan_official": false, "name_en": "Dogan Refuge", "ele": "2705", "capacity": null, "operator": null, "managed_by": null, "osm_id": "node/3507238690"}}, {"type": "Feature", "geometry": {"type": "Point", "coordinates": [120.980404, 24.6795622]}, "properties": {"entity_id": "hut_loc_24679_120980", "name": "觀景平台涼亭", "aliases": [], "source": "osm_overpass", "source_tier": 5, "coord_source": "osm_overpass", "fetched_at": "2026-08-01", "confidence": 0.75, "_provenance": [{"source": "osm_overpass", "tier": 5, "fetched_at": "2026-08-01", "name_raw": "觀景平台涼亭", "lat": 24.6795622, "lon": 120.980404, "row": {"name": "觀景平台涼亭", "osm_id": "node/3684915301", "osm_class": "basic_hut", "facility_type": "shelter", "name_en": null, "ele": null, "capacity": null, "operator": null}}], "_n_sources": 1, "facility_type": "shelter", "in_yushan_official": false, "name_en": null, "ele": null, "capacity": null, "operator": null, "managed_by": null, "osm_id": "node/3684915301"}}, {"type": "Feature", "geometry": {"type": "Point", "coordinates": [121.3970921, 24.3701917]}, "properties": {"entity_id": "hut_loc_24370_121397", "name": "南湖溪山屋", "aliases": [], "source": "osm_overpass", "source_tier": 5, "coord_source": "osm_overpass", "fetched_at": "2026-08-01", "confidence": 0.75, "_provenance": [{"source": "osm_overpass", "tier": 5, "fetched_at": "2026-08-01", "name_raw": "南湖溪山屋", "lat": 24.3701917, "lon": 121.3970921, "row": {"name": "南湖溪山屋", "osm_id": "node/4150347016", "osm_class": "alpine_hut", "facility_type": "hut", "name_en": null, "ele": "2209", "capacity": null, "operator": null}}], "_n_sources": 1, "facility_type": "hut", "in_yushan_official": false, "name_en": null, "ele": "2209", "capacity": null, "operator": null, "managed_by": null, "osm_id": "node/4150347016"}}, {"type": "Feature", "geometry": {"type": "Point", "coordinates": [121.3958227, 23.3945632]}, "properties": {"entity_id": "hut_loc_23394_121395", "name": "赤科山小瑞士農場", "aliases": [], "source": "osm_overpass", "source_tier": 5, "coord_source": "osm_overpass", "fetched_at": "2026-08-01", "confidence": 0.75, "_provenance": [{"source": "osm_overpass", "tier": 5, "fetched_at": "2026-08-01", "name_raw": "赤科山小瑞士農場", "lat": 23.3945632, "lon": 121.3958227, "row": {"name": "赤科山小瑞士農場", "osm_id": "node/4358906395", "osm_class": "alpine_hut", "facility_type": "hut", "name_en": null, "ele": null, "capacity": null, "operator": null}}], "_n_sources": 1, "facility_type": "hut", "in_yushan_official": false, "name_en": null, "ele": null, "capacity": null, "operator": null, "managed_by": null, "osm_id": "node/4358906395"}}, {"type": "Feature", "geometry": {"type": "Point", "coordinates": [121.393259, 23.171123]}, "properties": {"entity_id": "hut_loc_23171_121393", "name": "美人歸", "aliases": [], "source": "osm_overpass", "source_tier": 5, "coord_source": "osm_overpass", "fetched_at": "2026-08-01", "confidence": 0.75, "_provenance": [{"source": "osm_overpass", "tier": 5, "fetched_at": "2026-08-01", "name_raw": "美人歸", "lat": 23.171123, "lon": 121.393259, "row": {"name": "美人歸", "osm_id": "node/4369488394", "osm_class": "alpine_hut", "facility_type": "hut", "name_en": null, "ele": null, "capacity": null, "operator": null}}], "_n_sources": 1, "facility_type": "hut", "in_yushan_official": false, "name_en": null, "ele": null, "capacity": null, "operator": null, "managed_by": null, "osm_id": "node/4369488394"}}, {"type": "Feature", "geometry": {"type": "Point", "coordinates": [120.78749, 23.6498872]}, "properties": {"entity_id": "hut_loc_23649_120787", "name": "杉林春茶居", "aliases": [], "source": "osm_overpass", "source_tier": 5, "coord_source": "osm_overpass", "fetched_at": "2026-08-01", "confidence": 0.75, "_provenance": [{"source": "osm_overpass", "tier": 5, "fetched_at": "2026-08-01", "name_raw": "杉林春茶居", "lat": 23.6498872, "lon": 120.78749, "row": {"name": "杉林春茶居", "osm_id": "node/4591791109", "osm_class": "alpine_hut", "facility_type": "hut", "name_en": null, "ele": null, "capacity": null, "operator": null}}], "_n_sources": 1, "facility_type": "hut", "in_yushan_official": false, "name_en": null, "ele": null, "capacity": null, "operator": null, "managed_by": null, "osm_id": "node/4591791109"}}, {"type": "Feature", "geometry": {"type": "Point", "coordinates": [121.637009, 24.1882262]}, "properties": {"entity_id": "hut_loc_24188_121637", "name": "張家莊", "aliases": [], "source": "osm_overpass", "source_tier": 5, "coord_source": "osm_overpass", "fetched_at": "2026-08-01", "confidence": 0.75, "_provenance": [{"source": "osm_overpass", "tier": 5, "fetched_at": "2026-08-01", "name_raw": "張家莊", "lat": 24.1882262, "lon": 121.637009, "row": {"name": "張家莊", "osm_id": "node/4665207294", "osm_class": "alpine_hut", "facility_type": "hut", "name_en": null, "ele": null, "capacity": null, "operator": null}}], "_n_sources": 1, "facility_type": "hut", "in_yushan_official": false, "name_en": null, "ele": null, "capacity": null, "operator": null, "managed_by": null, "osm_id": "node/4665207294"}}, {"type": "Feature", "geometry": {"type": "Point", "coordinates": [121.4333215, 23.7715107]}, "properties": {"entity_id": "hut_loc_23771_121433", "name": "鐵皮工寮", "aliases": [], "source": "osm_overpass", "source_tier": 5, "coord_source": "osm_overpass", "fetched_at": "2026-08-01", "confidence": 0.75, "_provenance": [{"source": "osm_overpass", "tier": 5, "fetched_at": "2026-08-01", "name_raw": "鐵皮工寮", "lat": 23.7715107, "lon": 121.4333215, "row": {"name": "鐵皮工寮", "osm_id": "node/4693550458", "osm_class": "basic_hut", "facility_type": "shelter", "name_en": null, "ele": null, "capacity": null, "operator": null}}], "_n_sources": 1, "facility_type": "shelter", "in_yushan_official": false, "name_en": null, "ele": null, "capacity": null, "operator": null, "managed_by": null, "osm_id": "node/4693550458"}}, {"type": "Feature", "geometry": {"type": "Point", "coordinates": [121.2565672, 23.7428774]}, "properties": {"entity_id": "hut_loc_23742_121256", "name": "台電高登連絡站", "aliases": [], "source": "osm_overpass", "source_tier": 5, "coord_source": "osm_overpass", "fetched_at": "2026-08-01", "confidence": 0.75, "_provenance": [{"source": "osm_overpass", "tier": 5, "fetched_at": "2026-08-01", "name_raw": "台電高登連絡站", "lat": 23.7428774, "lon": 121.2565672, "row": {"name": "台電高登連絡站", "osm_id": "node/5084214123", "osm_class": "alpine_hut", "facility_type": "hut", "name_en": null, "ele": null, "capacity": null, "operator": null}}], "_n_sources": 1, "facility_type": "hut", "in_yushan_official": false, "name_en": null, "ele": null, "capacity": null, "operator": null, "managed_by": null, "osm_id": "node/5084214123"}}, {"type": "Feature", "geometry": {"type": "Point", "coordinates": [121.3451089, 23.7534636]}, "properties": {"entity_id": "hut_21k", "name": "21K 台電工寮", "aliases": [], "source": "osm_overpass", "source_tier": 5, "coord_source": "osm_overpass", "fetched_at": "2026-08-01", "confidence": 0.75, "_provenance": [{"source": "osm_overpass", "tier": 5, "fetched_at": "2026-08-01", "name_raw": "21K 台電工寮", "lat": 23.7534636, "lon": 121.3451089, "row": {"name": "21K 台電工寮", "osm_id": "node/5084227725", "osm_class": "alpine_hut", "facility_type": "hut", "name_en": null, "ele": null, "capacity": null, "operator": null}}], "_n_sources": 1, "facility_type": "hut", "in_yushan_official": false, "name_en": null, "ele": null, "capacity": null, "operator": null, "managed_by": null, "osm_id": "node/5084227725"}}, {"type": "Feature", "geometry": {"type": "Point", "coordinates": [120.8401843, 23.0743098]}, "properties": {"entity_id": "hut_loc_23074_120840", "name": "石山工作站(已廢棄)", "aliases": [], "source": "osm_overpass", "source_tier": 5, "coord_source": "osm_overpass", "fetched_at": "2026-08-01", "confidence": 0.75, "_provenance": [{"source": "osm_overpass", "tier": 5, "fetched_at": "2026-08-01", "name_raw": "石山工作站(已廢棄)", "lat": 23.0743098, "lon": 120.8401843, "row": {"name": "石山工作站(已廢棄)", "osm_id": "node/5249759578", "osm_class": "basic_hut", "facility_type": "shelter", "name_en": null, "ele": null, "capacity": null, "operator": null}}], "_n_sources": 1, "facility_type": "shelter", "in_yushan_official": false, "name_en": null, "ele": null, "capacity": null, "operator": null, "managed_by": null, "osm_id": "node/5249759578"}}, {"type": "Feature", "geometry": {"type": "Point", "coordinates": [120.6819338, 22.6714194]}, "properties": {"entity_id": "hut_loc_22671_120681", "name": null, "aliases": [], "source": "osm_overpass", "source_tier": 5, "coord_source": "osm_overpass", "fetched_at": "2026-08-01", "confidence": 0.75, "_provenance": [{"source": "osm_overpass", "tier": 5, "fetched_at": "2026-08-01", "name_raw": "", "lat": 22.6714194, "lon": 120.6819338, "row": {"name": "", "osm_id": "node/5301484925", "osm_class": "wilderness_hut", "facility_type": "hut", "name_en": null, "ele": null, "capacity": null, "operator": null}}], "_n_sources": 1, "facility_type": "hut", "in_yushan_official": false, "name_en": null, "ele": null, "capacity": null, "operator": null, "managed_by": null, "osm_id": "node/5301484925"}}, {"type": "Feature", "geometry": {"type": "Point", "coordinates": [121.0105535, 24.6407663]}, "properties": {"entity_id": "hut_loc_24640_121010", "name": null, "aliases": [], "source": "osm_overpass", "source_tier": 5, "coord_source": "osm_overpass", "fetched_at": "2026-08-01", "confidence": 0.75, "_provenance": [{"source": "osm_overpass", "tier": 5, "fetched_at": "2026-08-01", "name_raw": "", "lat": 24.6407663, "lon": 121.0105535, "row": {"name": "", "osm_id": "node/5397334828", "osm_class": "wilderness_hut", "facility_type": "hut", "name_en": "Hut", "ele": null, "capacity": null, "operator": null}}], "_n_sources": 1, "facility_type": "hut", "in_yushan_official": false, "name_en": "Hut", "ele": null, "capacity": null, "operator": null, "managed_by": null, "osm_id": "node/5397334828"}}, {"type": "Feature", "geometry": {"type": "Point", "coordinates": [121.0092856, 24.6405056]}, "properties": {"entity_id": "hut_loc_24640_121009", "name": null, "aliases": [], "source": "osm_overpass", "source_tier": 5, "coord_source": "osm_overpass", "fetched_at": "2026-08-01", "confidence": 0.75, "_provenance": [{"source": "osm_overpass", "tier": 5, "fetched_at": "2026-08-01", "name_raw": "", "lat": 24.6405056, "lon": 121.0092856, "row": {"name": "", "osm_id": "node/5397334830", "osm_class": "wilderness_hut", "facility_type": "hut", "name_en": "Hut", "ele": null, "capacity": null, "operator": null}}], "_n_sources": 1, "facility_type": "hut", "in_yushan_official": false, "name_en": "Hut", "ele": null, "capacity": null, "operator": null, "managed_by": null, "osm_id": "node/5397334830"}}, {"type": "Feature", "geometry": {"type": "Point", "coordinates": [121.0109691, 24.6407249]}, "properties": {"entity_id": "hut_loc_24640_121010_2", "name": null, "aliases": [], "source": "osm_overpass", "source_tier": 5, "coord_source": "osm_overpass", "fetched_at": "2026-08-01", "confidence": 0.75, "_provenance": [{"source": "osm_overpass", "tier": 5, "fetched_at": "2026-08-01", "name_raw": "", "lat": 24.6407249, "lon": 121.0109691, "row": {"name": "", "osm_id": "node/5397353122", "osm_class": "wilderness_hut", "facility_type": "hut", "name_en": "Hut", "ele": null, "capacity": null, "operator": null}}], "_n_sources": 1, "facility_type": "hut", "in_yushan_official": false, "name_en": "Hut", "ele": null, "capacity": null, "operator": null, "managed_by": null, "osm_id": "node/5397353122"}}, {"type": "Feature", "geometry": {"type": "Point", "coordinates": [121.235141, 24.8112846]}, "properties": {"entity_id": "hut_loc_24811_121235", "name": "鐵皮屋", "aliases": [], "source": "osm_overpass", "source_tier": 5, "coord_source": "osm_overpass", "fetched_at": "2026-08-01", "confidence": 0.75, "_provenance": [{"source": "osm_overpass", "tier": 5, "fetched_at": "2026-08-01", "name_raw": "鐵皮屋", "lat": 24.8112846, "lon": 121.235141, "row": {"name": "鐵皮屋", "osm_id": "node/5502651674", "osm_class": "wilderness_hut", "facility_type": "hut", "name_en": null, "ele": null, "capacity": null, "operator": null}}], "_n_sources": 1, "facility_type": "hut", "in_yushan_official": false, "name_en": null, "ele": null, "capacity": null, "operator": null, "managed_by": null, "osm_id": "node/5502651674"}}, {"type": "Feature", "geometry": {"type": "Point", "coordinates": [121.5881257, 25.1138472]}, "properties": {"entity_id": "hut_loc_25113_121588", "name": "大崙頭山友會館", "aliases": [], "source": "osm_overpass", "source_tier": 5, "coord_source": "osm_overpass", "fetched_at": "2026-08-01", "confidence": 0.75, "_provenance": [{"source": "osm_overpass", "tier": 5, "fetched_at": "2026-08-01", "name_raw": "大崙頭山友會館", "lat": 25.1138472, "lon": 121.5881257, "row": {"name": "大崙頭山友會館", "osm_id": "node/5994891680", "osm_class": "basic_hut", "facility_type": "shelter", "name_en": null, "ele": null, "capacity": null, "operator": null}}], "_n_sources": 1, "facility_type": "shelter", "in_yushan_official": false, "name_en": null, "ele": null, "capacity": null, "operator": null, "managed_by": null, "osm_id": "node/5994891680"}}, {"type": "Feature", "geometry": {"type": "Point", "coordinates": [121.7462286, 24.8320881]}, "properties": {"entity_id": "hut_loc_24832_121746", "name": null, "aliases": [], "source": "osm_overpass", "source_tier": 5, "coord_source": "osm_overpass", "fetched_at": "2026-08-01", "confidence": 0.75, "_provenance": [{"source": "osm_overpass", "tier": 5, "fetched_at": "2026-08-01", "name_raw": "", "lat": 24.8320881, "lon": 121.7462286, "row": {"name": "", "osm_id": "node/6269780086", "osm_class": "wilderness_hut", "facility_type": "hut", "name_en": null, "ele": null, "capacity": null, "operator": null}}], "_n_sources": 1, "facility_type": "hut", "in_yushan_official": false, "name_en": null, "ele": null, "capacity": null, "operator": null, "managed_by": null, "osm_id": "node/6269780086"}}, {"type": "Feature", "geometry": {"type": "Point", "coordinates": [121.6378873, 24.1917418]}, "properties": {"entity_id": "hut_loc_24191_121637", "name": "椰果的家", "aliases": [], "source": "osm_overpass", "source_tier": 5, "coord_source": "osm_overpass", "fetched_at": "2026-08-01", "confidence": 0.75, "_provenance": [{"source": "osm_overpass", "tier": 5, "fetched_at": "2026-08-01", "name_raw": "椰果的家", "lat": 24.1917418, "lon": 121.6378873, "row": {"name": "椰果的家", "osm_id": "node/7158773285", "osm_class": "alpine_hut", "facility_type": "hut", "name_en": null, "ele": null, "capacity": null, "operator": null}}], "_n_sources": 1, "facility_type": "hut", "in_yushan_official": false, "name_en": null, "ele": null, "capacity": null, "operator": null, "managed_by": null, "osm_id": "node/7158773285"}}, {"type": "Feature", "geometry": {"type": "Point", "coordinates": [121.0379766, 24.567782]}, "properties": {"entity_id": "hut_loc_24567_121037", "name": "美地", "aliases": [], "source": "osm_overpass", "source_tier": 5, "coord_source": "osm_overpass", "fetched_at": "2026-08-01", "confidence": 0.75, "_provenance": [{"source": "osm_overpass", "tier": 5, "fetched_at": "2026-08-01", "name_raw": "美地", "lat": 24.567782, "lon": 121.0379766, "row": {"name": "美地", "osm_id": "node/7439901089", "osm_class": "alpine_hut", "facility_type": "hut", "name_en": null, "ele": null, "capacity": null, "operator": null}}], "_n_sources": 1, "facility_type": "hut", "in_yushan_official": false, "name_en": null, "ele": null, "capacity": null, "operator": null, "managed_by": null, "osm_id": "node/7439901089"}}, {"type": "Feature", "geometry": {"type": "Point", "coordinates": [121.2543221, 23.5400011]}, "properties": {"entity_id": "hut_28k", "name": "28k工寮", "aliases": [], "source": "osm_overpass", "source_tier": 5, "coord_source": "osm_overpass", "fetched_at": "2026-08-01", "confidence": 0.75, "_provenance": [{"source": "osm_overpass", "tier": 5, "fetched_at": "2026-08-01", "name_raw": "28k工寮", "lat": 23.5400011, "lon": 121.2543221, "row": {"name": "28k工寮", "osm_id": "node/8008418785", "osm_class": "wilderness_hut", "facility_type": "hut", "name_en": null, "ele": null, "capacity": null, "operator": null}}], "_n_sources": 1, "facility_type": "hut", "in_yushan_official": false, "name_en": null, "ele": null, "capacity": null, "operator": null, "managed_by": null, "osm_id": "node/8008418785"}}, {"type": "Feature", "geometry": {"type": "Point", "coordinates": [121.2793763, 23.4170434]}, "properties": {"entity_id": "hut_loc_23417_121279", "name": "廢棄工寮", "aliases": [], "source": "osm_overpass", "source_tier": 5, "coord_source": "osm_overpass", "fetched_at": "2026-08-01", "confidence": 0.75, "_provenance": [{"source": "osm_overpass", "tier": 5, "fetched_at": "2026-08-01", "name_raw": "廢棄工寮", "lat": 23.4170434, "lon": 121.2793763, "row": {"name": "廢棄工寮", "osm_id": "node/8320302818", "osm_class": "alpine_hut", "facility_type": "hut", "name_en": "Abandoned Garage", "ele": null, "capacity": null, "operator": null}}], "_n_sources": 1, "facility_type": "hut", "in_yushan_official": false, "name_en": "Abandoned Garage", "ele": null, "capacity": null, "operator": null, "managed_by": null, "osm_id": "node/8320302818"}}, {"type": "Feature", "geometry": {"type": "Point", "coordinates": [121.2660576, 23.417955]}, "properties": {"entity_id": "hut_loc_23417_121266", "name": "工寮", "aliases": [], "source": "osm_overpass", "source_tier": 5, "coord_source": "osm_overpass", "fetched_at": "2026-08-01", "confidence": 0.75, "_provenance": [{"source": "osm_overpass", "tier": 5, "fetched_at": "2026-08-01", "name_raw": "工寮", "lat": 23.417955, "lon": 121.2660576, "row": {"name": "工寮", "osm_id": "node/8320303317", "osm_class": "alpine_hut", "facility_type": "hut", "name_en": "Worker's cabin", "ele": null, "capacity": null, "operator": null}}], "_n_sources": 1, "facility_type": "hut", "in_yushan_official": false, "name_en": "Worker's cabin", "ele": null, "capacity": null, "operator": null, "managed_by": null, "osm_id": "node/8320303317"}}, {"type": "Feature", "geometry": {"type": "Point", "coordinates": [121.4066952, 24.3437829]}, "properties": {"entity_id": "hut_loc_24343_121406", "name": "第一香菇寮", "aliases": [], "source": "osm_overpass", "source_tier": 5, "coord_source": "osm_overpass", "fetched_at": "2026-08-01", "confidence": 0.75, "_provenance": [{"source": "osm_overpass", "tier": 5, "fetched_at": "2026-08-01", "name_raw": "第一香菇寮", "lat": 24.3437829, "lon": 121.4066952, "row": {"name": "第一香菇寮", "osm_id": "node/8871262563", "osm_class": "alpine_hut", "facility_type": "hut", "name_en": null, "ele": null, "capacity": null, "operator": null}}], "_n_sources": 1, "facility_type": "hut", "in_yushan_official": false, "name_en": null, "ele": null, "capacity": null, "operator": null, "managed_by": null, "osm_id": "node/8871262563"}}, {"type": "Feature", "geometry": {"type": "Point", "coordinates": [120.9694525, 24.1590838]}, "properties": {"entity_id": "hut_loc_24159_120969", "name": null, "aliases": [], "source": "osm_overpass", "source_tier": 5, "coord_source": "osm_overpass", "fetched_at": "2026-08-01", "confidence": 0.75, "_provenance": [{"source": "osm_overpass", "tier": 5, "fetched_at": "2026-08-01", "name_raw": "", "lat": 24.1590838, "lon": 120.9694525, "row": {"name": "", "osm_id": "node/10026272018", "osm_class": "wilderness_hut", "facility_type": "hut", "name_en": null, "ele": null, "capacity": null, "operator": null}}], "_n_sources": 1, "facility_type": "hut", "in_yushan_official": false, "name_en": null, "ele": null, "capacity": null, "operator": null, "managed_by": null, "osm_id": "node/10026272018"}}, {"type": "Feature", "geometry": {"type": "Point", "coordinates": [121.1714144, 24.0737141]}, "properties": {"entity_id": "hut_loc_24073_121171", "name": "綠邑民宿", "aliases": [], "source": "osm_overpass", "source_tier": 5, "coord_source": "osm_overpass", "fetched_at": "2026-08-01", "confidence": 0.75, "_provenance": [{"source": "osm_overpass", "tier": 5, "fetched_at": "2026-08-01", "name_raw": "綠邑民宿", "lat": 24.0737141, "lon": 121.1714144, "row": {"name": "綠邑民宿", "osm_id": "node/10033376517", "osm_class": "alpine_hut", "facility_type": "hut", "name_en": null, "ele": null, "capacity": null, "operator": null}}], "_n_sources": 1, "facility_type": "hut", "in_yushan_official": false, "name_en": null, "ele": null, "capacity": null, "operator": null, "managed_by": null, "osm_id": "node/10033376517"}}, {"type": "Feature", "geometry": {"type": "Point", "coordinates": [120.6664118, 23.2990931]}, "properties": {"entity_id": "hut_loc_23299_120666", "name": null, "aliases": [], "source": "osm_overpass", "source_tier": 5, "coord_source": "osm_overpass", "fetched_at": "2026-08-01", "confidence": 0.75, "_provenance": [{"source": "osm_overpass", "tier": 5, "fetched_at": "2026-08-01", "name_raw": "", "lat": 23.2990931, "lon": 120.6664118, "row": {"name": "", "osm_id": "node/10294275621", "osm_class": "alpine_hut", "facility_type": "hut", "name_en": null, "ele": null, "capacity": null, "operator": null}}], "_n_sources": 1, "facility_type": "hut", "in_yushan_official": false, "name_en": null, "ele": null, "capacity": null, "operator": null, "managed_by": null, "osm_id": "node/10294275621"}}, {"type": "Feature", "geometry": {"type": "Point", "coordinates": [120.7202109, 23.4041558]}, "properties": {"entity_id": "hut_loc_23404_120720", "name": null, "aliases": [], "source": "osm_overpass", "source_tier": 5, "coord_source": "osm_overpass", "fetched_at": "2026-08-01", "confidence": 0.75, "_provenance": [{"source": "osm_overpass", "tier": 5, "fetched_at": "2026-08-01", "name_raw": "", "lat": 23.4041558, "lon": 120.7202109, "row": {"name": "", "osm_id": "node/10294276409", "osm_class": "alpine_hut", "facility_type": "hut", "name_en": null, "ele": null, "capacity": null, "operator": null}}], "_n_sources": 1, "facility_type": "hut", "in_yushan_official": false, "name_en": null, "ele": null, "capacity": null, "operator": null, "managed_by": null, "osm_id": "node/10294276409"}}, {"type": "Feature", "geometry": {"type": "Point", "coordinates": [121.206237, 24.3236887]}, "properties": {"entity_id": "hut_loc_24323_121206", "name": "油婆蘭避難山屋", "aliases": [], "source": "osm_overpass", "source_tier": 5, "coord_source": "osm_overpass", "fetched_at": "2026-08-01", "confidence": 0.75, "_provenance": [{"source": "osm_overpass", "tier": 5, "fetched_at": "2026-08-01", "name_raw": "油婆蘭避難山屋", "lat": 24.3236887, "lon": 121.206237, "row": {"name": "油婆蘭避難山屋", "osm_id": "node/10801223951", "osm_class": "alpine_hut", "facility_type": "hut", "name_en": null, "ele": "3266", "capacity": null, "operator": null}}], "_n_sources": 1, "facility_type": "hut", "in_yushan_official": false, "name_en": null, "ele": "3266", "capacity": null, "operator": null, "managed_by": null, "osm_id": "node/10801223951"}}, {"type": "Feature", "geometry": {"type": "Point", "coordinates": [121.2492525, 24.6246542]}, "properties": {"entity_id": "hut_loc_24624_121249", "name": "石麻達山", "aliases": [], "source": "osm_overpass", "source_tier": 5, "coord_source": "osm_overpass", "fetched_at": "2026-08-01", "confidence": 0.75, "_provenance": [{"source": "osm_overpass", "tier": 5, "fetched_at": "2026-08-01", "name_raw": "石麻達山", "lat": 24.6246542, "lon": 121.2492525, "row": {"name": "石麻達山", "osm_id": "node/11056092805", "osm_class": "wilderness_hut", "facility_type": "hut", "name_en": null, "ele": null, "capacity": null, "operator": null}}], "_n_sources": 1, "facility_type": "hut", "in_yushan_official": false, "name_en": null, "ele": null, "capacity": null, "operator": null, "managed_by": null, "osm_id": "node/11056092805"}}, {"type": "Feature", "geometry": {"type": "Point", "coordinates": [121.371826, 24.59352]}, "properties": {"entity_id": "hut_loc_24593_121371", "name": "雪白山", "aliases": [], "source": "osm_overpass", "source_tier": 5, "coord_source": "osm_overpass", "fetched_at": "2026-08-01", "confidence": 0.75, "_provenance": [{"source": "osm_overpass", "tier": 5, "fetched_at": "2026-08-01", "name_raw": "雪白山", "lat": 24.59352, "lon": 121.371826, "row": {"name": "雪白山", "osm_id": "node/11070416505", "osm_class": "alpine_hut", "facility_type": "hut", "name_en": null, "ele": null, "capacity": null, "operator": null}}], "_n_sources": 1, "facility_type": "hut", "in_yushan_official": false, "name_en": null, "ele": null, "capacity": null, "operator": null, "managed_by": null, "osm_id": "node/11070416505"}}, {"type": "Feature", "geometry": {"type": "Point", "coordinates": [120.9943736, 24.2647164]}, "properties": {"entity_id": "hut_loc_24264_120994", "name": null, "aliases": [], "source": "osm_overpass", "source_tier": 5, "coord_source": "osm_overpass", "fetched_at": "2026-08-01", "confidence": 0.75, "_provenance": [{"source": "osm_overpass", "tier": 5, "fetched_at": "2026-08-01", "name_raw": "", "lat": 24.2647164, "lon": 120.9943736, "row": {"name": "", "osm_id": "node/11998165569", "osm_class": "alpine_hut", "facility_type": "hut", "name_en": null, "ele": null, "capacity": null, "operator": null}}], "_n_sources": 1, "facility_type": "hut", "in_yushan_official": false, "name_en": null, "ele": null, "capacity": null, "operator": null, "managed_by": null, "osm_id": "node/11998165569"}}, {"type": "Feature", "geometry": {"type": "Point", "coordinates": [121.5405072, 25.1731521]}, "properties": {"entity_id": "hut_loc_25173_121540", "name": null, "aliases": [], "source": "osm_overpass", "source_tier": 5, "coord_source": "osm_overpass", "fetched_at": "2026-08-01", "confidence": 0.75, "_provenance": [{"source": "osm_overpass", "tier": 5, "fetched_at": "2026-08-01", "name_raw": "", "lat": 25.1731521, "lon": 121.5405072, "row": {"name": "", "osm_id": "node/12106055046", "osm_class": "basic_hut", "facility_type": "shelter", "name_en": null, "ele": null, "capacity": null, "operator": null}}], "_n_sources": 1, "facility_type": "shelter", "in_yushan_official": false, "name_en": null, "ele": null, "capacity": null, "operator": null, "managed_by": null, "osm_id": "node/12106055046"}}, {"type": "Feature", "geometry": {"type": "Point", "coordinates": [120.1936194, 23.2305167]}, "properties": {"entity_id": "hut_loc_23230_120193", "name": null, "aliases": [], "source": "osm_overpass", "source_tier": 5, "coord_source": "osm_overpass", "fetched_at": "2026-08-01", "confidence": 0.75, "_provenance": [{"source": "osm_overpass", "tier": 5, "fetched_at": "2026-08-01", "name_raw": "", "lat": 23.2305167, "lon": 120.1936194, "row": {"name": "", "osm_id": "node/12605399307", "osm_class": "wilderness_hut", "facility_type": "hut", "name_en": null, "ele": null, "capacity": null, "operator": null}}], "_n_sources": 1, "facility_type": "hut", "in_yushan_official": false, "name_en": null, "ele": null, "capacity": null, "operator": null, "managed_by": null, "osm_id": "node/12605399307"}}, {"type": "Feature", "geometry": {"type": "Point", "coordinates": [121.7349024, 24.9884792]}, "properties": {"entity_id": "hut_loc_24988_121734", "name": "廢棄工寮", "aliases": [], "source": "osm_overpass", "source_tier": 5, "coord_source": "osm_overpass", "fetched_at": "2026-08-01", "confidence": 0.75, "_provenance": [{"source": "osm_overpass", "tier": 5, "fetched_at": "2026-08-01", "name_raw": "廢棄工寮", "lat": 24.9884792, "lon": 121.7349024, "row": {"name": "廢棄工寮", "osm_id": "node/12720868546", "osm_class": "basic_hut", "facility_type": "shelter", "name_en": null, "ele": null, "capacity": null, "operator": null}}], "_n_sources": 1, "facility_type": "shelter", "in_yushan_official": false, "name_en": null, "ele": null, "capacity": null, "operator": null, "managed_by": null, "osm_id": "node/12720868546"}}, {"type": "Feature", "geometry": {"type": "Point", "coordinates": [121.5057059, 24.9738289]}, "properties": {"entity_id": "hut_loc_24973_121505", "name": "怡然山莊", "aliases": [], "source": "osm_overpass", "source_tier": 5, "coord_source": "osm_overpass", "fetched_at": "2026-08-01", "confidence": 0.75, "_provenance": [{"source": "osm_overpass", "tier": 5, "fetched_at": "2026-08-01", "name_raw": "怡然山莊", "lat": 24.9738289, "lon": 121.5057059, "row": {"name": "怡然山莊", "osm_id": "node/13762472802", "osm_class": "alpine_hut", "facility_type": "lodge", "name_en": null, "ele": null, "capacity": null, "operator": null}}], "_n_sources": 1, "facility_type": "lodge", "in_yushan_official": false, "name_en": null, "ele": null, "capacity": null, "operator": null, "managed_by": null, "osm_id": "node/13762472802"}}, {"type": "Feature", "geometry": {"type": "Point", "coordinates": [121.5059518, 24.974263]}, "properties": {"entity_id": "hut_loc_24974_121505", "name": "長壽亭", "aliases": [], "source": "osm_overpass", "source_tier": 5, "coord_source": "osm_overpass", "fetched_at": "2026-08-01", "confidence": 0.75, "_provenance": [{"source": "osm_overpass", "tier": 5, "fetched_at": "2026-08-01", "name_raw": "長壽亭", "lat": 24.974263, "lon": 121.5059518, "row": {"name": "長壽亭", "osm_id": "node/13762475101", "osm_class": "alpine_hut", "facility_type": "hut", "name_en": null, "ele": null, "capacity": null, "operator": null}}], "_n_sources": 1, "facility_type": "hut", "in_yushan_official": false, "name_en": null, "ele": null, "capacity": null, "operator": null, "managed_by": null, "osm_id": "node/13762475101"}}, {"type": "Feature", "geometry": {"type": "Point", "coordinates": [121.5061325, 24.9747598]}, "properties": {"entity_id": "hut_loc_24974_121506", "name": "靜心亭", "aliases": [], "source": "osm_overpass", "source_tier": 5, "coord_source": "osm_overpass", "fetched_at": "2026-08-01", "confidence": 0.75, "_provenance": [{"source": "osm_overpass", "tier": 5, "fetched_at": "2026-08-01", "name_raw": "靜心亭", "lat": 24.9747598, "lon": 121.5061325, "row": {"name": "靜心亭", "osm_id": "node/13762476601", "osm_class": "alpine_hut", "facility_type": "hut", "name_en": null, "ele": null, "capacity": null, "operator": null}}], "_n_sources": 1, "facility_type": "hut", "in_yushan_official": false, "name_en": null, "ele": null, "capacity": null, "operator": null, "managed_by": null, "osm_id": "node/13762476601"}}, {"type": "Feature", "geometry": {"type": "Point", "coordinates": [121.5059352, 24.9750963]}, "properties": {"entity_id": "hut_loc_24975_121505", "name": "球藝亭", "aliases": [], "source": "osm_overpass", "source_tier": 5, "coord_source": "osm_overpass", "fetched_at": "2026-08-01", "confidence": 0.75, "_provenance": [{"source": "osm_overpass", "tier": 5, "fetched_at": "2026-08-01", "name_raw": "球藝亭", "lat": 24.9750963, "lon": 121.5059352, "row": {"name": "球藝亭", "osm_id": "node/13762477901", "osm_class": "alpine_hut", "facility_type": "hut", "name_en": null, "ele": null, "capacity": null, "operator": null}}], "_n_sources": 1, "facility_type": "hut", "in_yushan_official": false, "name_en": null, "ele": null, "capacity": null, "operator": null, "managed_by": null, "osm_id": "node/13762477901"}}, {"type": "Feature", "geometry": {"type": "Point", "coordinates": [121.5065871, 24.975295]}, "properties": {"entity_id": "hut_loc_24975_121506", "name": "雅築", "aliases": [], "source": "osm_overpass", "source_tier": 5, "coord_source": "osm_overpass", "fetched_at": "2026-08-01", "confidence": 0.75, "_provenance": [{"source": "osm_overpass", "tier": 5, "fetched_at": "2026-08-01", "name_raw": "雅築", "lat": 24.975295, "lon": 121.5065871, "row": {"name": "雅築", "osm_id": "node/13762479301", "osm_class": "alpine_hut", "facility_type": "hut", "name_en": null, "ele": null, "capacity": null, "operator": null}}], "_n_sources": 1, "facility_type": "hut", "in_yushan_official": false, "name_en": null, "ele": null, "capacity": null, "operator": null, "managed_by": null, "osm_id": "node/13762479301"}}, {"type": "Feature", "geometry": {"type": "Point", "coordinates": [121.5139962, 24.9832544]}, "properties": {"entity_id": "hut_loc_24983_121513", "name": "緣壽莊", "aliases": [], "source": "osm_overpass", "source_tier": 5, "coord_source": "osm_overpass", "fetched_at": "2026-08-01", "confidence": 0.75, "_provenance": [{"source": "osm_overpass", "tier": 5, "fetched_at": "2026-08-01", "name_raw": "緣壽莊", "lat": 24.9832544, "lon": 121.5139962, "row": {"name": "緣壽莊", "osm_id": "node/13762517501", "osm_class": "alpine_hut", "facility_type": "hut", "name_en": null, "ele": null, "capacity": null, "operator": null}}], "_n_sources": 1, "facility_type": "hut", "in_yushan_official": false, "name_en": null, "ele": null, "capacity": null, "operator": null, "managed_by": null, "osm_id": "node/13762517501"}}, {"type": "Feature", "geometry": {"type": "Point", "coordinates": [121.208284, 24.4692225]}, "properties": {"entity_id": "hut_loc_24469_121208", "name": "九九山莊", "aliases": [], "source": "osm_overpass", "source_tier": 5, "coord_source": "osm_overpass", "fetched_at": "2026-08-01", "confidence": 0.75, "_provenance": [{"source": "osm_overpass", "tier": 5, "fetched_at": "2026-08-01", "name_raw": "九九山莊", "lat": 24.4692225, "lon": 121.208284, "row": {"name": "九九山莊", "osm_id": "way/139487738", "osm_class": "alpine_hut", "facility_type": "lodge", "name_en": null, "ele": null, "capacity": null, "operator": null}}], "_n_sources": 1, "facility_type": "lodge", "in_yushan_official": false, "name_en": null, "ele": null, "capacity": null, "operator": null, "managed_by": null, "osm_id": "way/139487738"}}, {"type": "Feature", "geometry": {"type": "Point", "coordinates": [121.3073177, 24.3973922]}, "properties": {"entity_id": "hut_loc_24397_121307", "name": "武陵山莊", "aliases": [], "source": "osm_overpass", "source_tier": 5, "coord_source": "osm_overpass", "fetched_at": "2026-08-01", "confidence": 0.75, "_provenance": [{"source": "osm_overpass", "tier": 5, "fetched_at": "2026-08-01", "name_raw": "武陵山莊", "lat": 24.3973922, "lon": 121.3073177, "row": {"name": "武陵山莊", "osm_id": "way/139488620", "osm_class": "alpine_hut", "facility_type": "lodge", "name_en": "Wuling Villa", "ele": "1860", "capacity": null, "operator": null}}], "_n_sources": 1, "facility_type": "lodge", "in_yushan_official": false, "name_en": "Wuling Villa", "ele": "1860", "capacity": null, "operator": null, "managed_by": null, "osm_id": "way/139488620"}}, {"type": "Feature", "geometry": {"type": "Point", "coordinates": [121.1925351, 24.4840181]}, "properties": {"entity_id": "hut_loc_24484_121192", "name": "工寮", "aliases": [], "source": "osm_overpass", "source_tier": 5, "coord_source": "osm_overpass", "fetched_at": "2026-08-01", "confidence": 0.75, "_provenance": [{"source": "osm_overpass", "tier": 5, "fetched_at": "2026-08-01", "name_raw": "工寮", "lat": 24.4840181, "lon": 121.1925351, "row": {"name": "工寮", "osm_id": "way/165407760", "osm_class": "alpine_hut", "facility_type": "hut", "name_en": null, "ele": null, "capacity": null, "operator": null}}], "_n_sources": 1, "facility_type": "hut", "in_yushan_official": false, "name_en": null, "ele": null, "capacity": null, "operator": null, "managed_by": null, "osm_id": "way/165407760"}}, {"type": "Feature", "geometry": {"type": "Point", "coordinates": [121.1897575, 24.493982]}, "properties": {"entity_id": "hut_loc_24493_121189", "name": "工寮", "aliases": [], "source": "osm_overpass", "source_tier": 5, "coord_source": "osm_overpass", "fetched_at": "2026-08-01", "confidence": 0.75, "_provenance": [{"source": "osm_overpass", "tier": 5, "fetched_at": "2026-08-01", "name_raw": "工寮", "lat": 24.493982, "lon": 121.1897575, "row": {"name": "工寮", "osm_id": "way/165511408", "osm_class": "alpine_hut", "facility_type": "hut", "name_en": null, "ele": null, "capacity": null, "operator": null}}], "_n_sources": 1, "facility_type": "hut", "in_yushan_official": false, "name_en": null, "ele": null, "capacity": null, "operator": null, "managed_by": null, "osm_id": "way/165511408"}}, {"type": "Feature", "geometry": {"type": "Point", "coordinates": [121.6414653, 24.1827986]}, "properties": {"entity_id": "hut_loc_24182_121641", "name": "達道的家", "aliases": [], "source": "osm_overpass", "source_tier": 5, "coord_source": "osm_overpass", "fetched_at": "2026-08-01", "confidence": 0.75, "_provenance": [{"source": "osm_overpass", "tier": 5, "fetched_at": "2026-08-01", "name_raw": "達道的家", "lat": 24.1827986, "lon": 121.6414653, "row": {"name": "達道的家", "osm_id": "way/230036271", "osm_class": "alpine_hut", "facility_type": "hut", "name_en": "Sapah Tadaw Mawna", "ele": null, "capacity": null, "operator": "達道莫那"}}], "_n_sources": 1, "facility_type": "hut", "in_yushan_official": false, "name_en": "Sapah Tadaw Mawna", "ele": null, "capacity": null, "operator": "達道莫那", "managed_by": null, "osm_id": "way/230036271"}}, {"type": "Feature", "geometry": {"type": "Point", "coordinates": [121.2796478, 24.0453283]}, "properties": {"entity_id": "hut_loc_24045_121279", "name": "天池山莊", "aliases": [], "source": "osm_overpass", "source_tier": 5, "coord_source": "osm_overpass", "fetched_at": "2026-08-01", "confidence": 0.75, "_provenance": [{"source": "osm_overpass", "tier": 5, "fetched_at": "2026-08-01", "name_raw": "天池山莊", "lat": 24.0453283, "lon": 121.2796478, "row": {"name": "天池山莊", "osm_id": "way/233579579", "osm_class": "alpine_hut", "facility_type": "lodge", "name_en": "Tianchi Cabin", "ele": "2860", "capacity": null, "operator": null}}], "_n_sources": 1, "facility_type": "lodge", "in_yushan_official": false, "name_en": "Tianchi Cabin", "ele": "2860", "capacity": null, "operator": null, "managed_by": null, "osm_id": "way/233579579"}}, {"type": "Feature", "geometry": {"type": "Point", "coordinates": [121.2362398, 24.0466598]}, "properties": {"entity_id": "hut_loc_24046_121236", "name": "雲海保線所", "aliases": [], "source": "osm_overpass", "source_tier": 5, "coord_source": "osm_overpass", "fetched_at": "2026-08-01", "confidence": 0.75, "_provenance": [{"source": "osm_overpass", "tier": 5, "fetched_at": "2026-08-01", "name_raw": "雲海保線所", "lat": 24.0466598, "lon": 121.2362398, "row": {"name": "雲海保線所", "osm_id": "way/234566711", "osm_class": "alpine_hut", "facility_type": "hut", "name_en": "Yunhai Line Station", "ele": null, "capacity": null, "operator": null}}], "_n_sources": 1, "facility_type": "hut", "in_yushan_official": false, "name_en": "Yunhai Line Station", "ele": null, "capacity": null, "operator": null, "managed_by": null, "osm_id": "way/234566711"}}, {"type": "Feature", "geometry": {"type": "Point", "coordinates": [121.2875634, 24.1395102]}, "properties": {"entity_id": "hut_loc_24139_121287", "name": "滑雪山莊", "aliases": [], "source": "osm_overpass", "source_tier": 5, "coord_source": "osm_overpass", "fetched_at": "2026-08-01", "confidence": 0.75, "_provenance": [{"source": "osm_overpass", "tier": 5, "fetched_at": "2026-08-01", "name_raw": "滑雪山莊", "lat": 24.1395102, "lon": 121.2875634, "row": {"name": "滑雪山莊", "osm_id": "way/237332535", "osm_class": "alpine_hut", "facility_type": "lodge", "name_en": "Ski Hostel", "ele": null, "capacity": null, "operator": null}}], "_n_sources": 1, "facility_type": "lodge", "in_yushan_official": false, "name_en": "Ski Hostel", "ele": null, "capacity": null, "operator": null, "managed_by": null, "osm_id": "way/237332535"}}, {"type": "Feature", "geometry": {"type": "Point", "coordinates": [121.2547714, 24.3923467]}, "properties": {"entity_id": "hut_loc_24392_121254", "name": "三六九山莊 (施工中)", "aliases": [], "source": "osm_overpass", "source_tier": 5, "coord_source": "osm_overpass", "fetched_at": "2026-08-01", "confidence": 0.75, "_provenance": [{"source": "osm_overpass", "tier": 5, "fetched_at": "2026-08-01", "name_raw": "三六九山莊 (施工中)", "lat": 24.3923467, "lon": 121.2547714, "row": {"name": "三六九山莊 (施工中)", "osm_id": "way/238470041", "osm_class": "alpine_hut", "facility_type": "lodge", "name_en": null, "ele": "3100", "capacity": null, "operator": null}}], "_n_sources": 1, "facility_type": "lodge", "in_yushan_official": false, "name_en": null, "ele": "3100", "capacity": null, "operator": null, "managed_by": null, "osm_id": "way/238470041"}}, {"type": "Feature", "geometry": {"type": "Point", "coordinates": [121.2862071, 24.3835121]}, "properties": {"entity_id": "hut_loc_24383_121286", "name": "七卡山莊", "aliases": [], "source": "osm_overpass", "source_tier": 5, "coord_source": "osm_overpass", "fetched_at": "2026-08-01", "confidence": 0.75, "_provenance": [{"source": "osm_overpass", "tier": 5, "fetched_at": "2026-08-01", "name_raw": "七卡山莊", "lat": 24.3835121, "lon": 121.2862071, "row": {"name": "七卡山莊", "osm_id": "way/238820083", "osm_class": "alpine_hut", "facility_type": "lodge", "name_en": "Qika Cabin", "ele": "2510", "capacity": "132", "operator": null}}], "_n_sources": 1, "facility_type": "lodge", "in_yushan_official": false, "name_en": "Qika Cabin", "ele": "2510", "capacity": "132", "operator": null, "managed_by": null, "osm_id": "way/238820083"}}, {"type": "Feature", "geometry": {"type": "Point", "coordinates": [121.347522, 24.0403151]}, "properties": {"entity_id": "hut_loc_24040_121347", "name": "奇萊山莊", "aliases": [], "source": "osm_overpass", "source_tier": 5, "coord_source": "osm_overpass", "fetched_at": "2026-08-01", "confidence": 0.75, "_provenance": [{"source": "osm_overpass", "tier": 5, "fetched_at": "2026-08-01", "name_raw": "奇萊山莊", "lat": 24.0403151, "lon": 121.347522, "row": {"name": "奇萊山莊", "osm_id": "way/264450925", "osm_class": "alpine_hut", "facility_type": "lodge", "name_en": null, "ele": null, "capacity": null, "operator": "台灣電力公司"}}], "_n_sources": 1, "facility_type": "lodge", "in_yushan_official": false, "name_en": null, "ele": null, "capacity": null, "operator": "台灣電力公司", "managed_by": null, "osm_id": "way/264450925"}}, {"type": "Feature", "geometry": {"type": "Point", "coordinates": [121.2788704, 24.429913]}, "properties": {"entity_id": "hut_loc_24429_121278", "name": "新達山屋", "aliases": [], "source": "osm_overpass", "source_tier": 5, "coord_source": "osm_overpass", "fetched_at": "2026-08-01", "confidence": 0.75, "_provenance": [{"source": "osm_overpass", "tier": 5, "fetched_at": "2026-08-01", "name_raw": "新達山屋", "lat": 24.429913, "lon": 121.2788704, "row": {"name": "新達山屋", "osm_id": "way/274833163", "osm_class": "alpine_hut", "facility_type": "hut", "name_en": null, "ele": "3250", "capacity": null, "operator": null}}], "_n_sources": 1, "facility_type": "hut", "in_yushan_official": false, "name_en": null, "ele": "3250", "capacity": null, "operator": null, "managed_by": null, "osm_id": "way/274833163"}}, {"type": "Feature", "geometry": {"type": "Point", "coordinates": [121.3397639, 24.187591]}, "properties": {"entity_id": "hut_loc_24187_121339", "name": "救國團觀雲山莊", "aliases": [], "source": "osm_overpass", "source_tier": 5, "coord_source": "osm_overpass", "fetched_at": "2026-08-01", "confidence": 0.75, "_provenance": [{"source": "osm_overpass", "tier": 5, "fetched_at": "2026-08-01", "name_raw": "救國團觀雲山莊", "lat": 24.187591, "lon": 121.3397639, "row": {"name": "救國團觀雲山莊", "osm_id": "way/330802349", "osm_class": "alpine_hut", "facility_type": "lodge", "name_en": null, "ele": "2374", "capacity": null, "operator": "中國青年救國團"}}], "_n_sources": 1, "facility_type": "lodge", "in_yushan_official": false, "name_en": null, "ele": "2374", "capacity": null, "operator": "中國青年救國團", "managed_by": null, "osm_id": "way/330802349"}}, {"type": "Feature", "geometry": {"type": "Point", "coordinates": [121.3119568, 24.1206285]}, "properties": {"entity_id": "hut_loc_24120_121311", "name": "黑水塘山屋", "aliases": [], "source": "osm_overpass", "source_tier": 5, "coord_source": "osm_overpass", "fetched_at": "2026-08-01", "confidence": 0.75, "_provenance": [{"source": "osm_overpass", "tier": 5, "fetched_at": "2026-08-01", "name_raw": "黑水塘山屋", "lat": 24.1206285, "lon": 121.3119568, "row": {"name": "黑水塘山屋", "osm_id": "way/413338219", "osm_class": "alpine_hut", "facility_type": "hut", "name_en": null, "ele": "2750", "capacity": null, "operator": null}}], "_n_sources": 1, "facility_type": "hut", "in_yushan_official": false, "name_en": null, "ele": "2750", "capacity": null, "operator": null, "managed_by": null, "osm_id": "way/413338219"}}, {"type": "Feature", "geometry": {"type": "Point", "coordinates": [121.3276891, 24.259253]}, "properties": {"entity_id": "hut_25k", "name": "25K 工寮", "aliases": [], "source": "osm_overpass", "source_tier": 5, "coord_source": "osm_overpass", "fetched_at": "2026-08-01", "confidence": 0.75, "_provenance": [{"source": "osm_overpass", "tier": 5, "fetched_at": "2026-08-01", "name_raw": "25K 工寮", "lat": 24.259253, "lon": 121.3276891, "row": {"name": "25K 工寮", "osm_id": "way/481484346", "osm_class": "wilderness_hut", "facility_type": "hut", "name_en": null, "ele": null, "capacity": null, "operator": null}}], "_n_sources": 1, "facility_type": "hut", "in_yushan_official": false, "name_en": null, "ele": null, "capacity": null, "operator": null, "managed_by": null, "osm_id": "way/481484346"}}, {"type": "Feature", "geometry": {"type": "Point", "coordinates": [121.3113654, 24.3532229]}, "properties": {"entity_id": "hut_loc_24353_121311", "name": "山水館", "aliases": [], "source": "osm_overpass", "source_tier": 5, "coord_source": "osm_overpass", "fetched_at": "2026-08-01", "confidence": 0.75, "_provenance": [{"source": "osm_overpass", "tier": 5, "fetched_at": "2026-08-01", "name_raw": "山水館", "lat": 24.3532229, "lon": 121.3113654, "row": {"name": "山水館", "osm_id": "way/506983943", "osm_class": "alpine_hut", "facility_type": "hut", "name_en": null, "ele": null, "capacity": null, "operator": null}}], "_n_sources": 1, "facility_type": "hut", "in_yushan_official": false, "name_en": null, "ele": null, "capacity": null, "operator": null, "managed_by": null, "osm_id": "way/506983943"}}, {"type": "Feature", "geometry": {"type": "Point", "coordinates": [121.6105845, 24.5096561]}, "properties": {"entity_id": "hut_loc_24509_121610", "name": "翠峰山莊", "aliases": [], "source": "osm_overpass", "source_tier": 5, "coord_source": "osm_overpass", "fetched_at": "2026-08-01", "confidence": 0.75, "_provenance": [{"source": "osm_overpass", "tier": 5, "fetched_at": "2026-08-01", "name_raw": "翠峰山莊", "lat": 24.5096561, "lon": 121.6105845, "row": {"name": "翠峰山莊", "osm_id": "way/514775755", "osm_class": "alpine_hut", "facility_type": "lodge", "name_en": null, "ele": null, "capacity": null, "operator": null}}], "_n_sources": 1, "facility_type": "lodge", "in_yushan_official": false, "name_en": null, "ele": null, "capacity": null, "operator": null, "managed_by": null, "osm_id": "way/514775755"}}, {"type": "Feature", "geometry": {"type": "Point", "coordinates": [121.3186911, 24.1160628]}, "properties": {"entity_id": "hut_loc_24116_121318", "name": "成功山屋", "aliases": [], "source": "osm_overpass", "source_tier": 5, "coord_source": "osm_overpass", "fetched_at": "2026-08-01", "confidence": 0.75, "_provenance": [{"source": "osm_overpass", "tier": 5, "fetched_at": "2026-08-01", "name_raw": "成功山屋", "lat": 24.1160628, "lon": 121.3186911, "row": {"name": "成功山屋", "osm_id": "way/524951600", "osm_class": "alpine_hut", "facility_type": "hut", "name_en": null, "ele": "2879", "capacity": null, "operator": null}}], "_n_sources": 1, "facility_type": "hut", "in_yushan_official": false, "name_en": null, "ele": "2879", "capacity": null, "operator": null, "managed_by": null, "osm_id": "way/524951600"}}, {"type": "Feature", "geometry": {"type": "Point", "coordinates": [121.3270028, 24.1086732]}, "properties": {"entity_id": "hut_loc_24108_121327", "name": "奇萊稜線山屋", "aliases": [], "source": "osm_overpass", "source_tier": 5, "coord_source": "osm_overpass", "fetched_at": "2026-08-01", "confidence": 0.75, "_provenance": [{"source": "osm_overpass", "tier": 5, "fetched_at": "2026-08-01", "name_raw": "奇萊稜線山屋", "lat": 24.1086732, "lon": 121.3270028, "row": {"name": "奇萊稜線山屋", "osm_id": "way/580434275", "osm_class": "alpine_hut", "facility_type": "hut", "name_en": "Qilai Cabin", "ele": "3360", "capacity": null, "operator": null}}], "_n_sources": 1, "facility_type": "hut", "in_yushan_official": false, "name_en": "Qilai Cabin", "ele": "3360", "capacity": null, "operator": null, "managed_by": null, "osm_id": "way/580434275"}}, {"type": "Feature", "geometry": {"type": "Point", "coordinates": [121.3846516, 23.9477506]}, "properties": {"entity_id": "hut_loc_23947_121384", "name": "哈崙工作站", "aliases": [], "source": "osm_overpass", "source_tier": 5, "coord_source": "osm_overpass", "fetched_at": "2026-08-01", "confidence": 0.75, "_provenance": [{"source": "osm_overpass", "tier": 5, "fetched_at": "2026-08-01", "name_raw": "哈崙工作站", "lat": 23.9477506, "lon": 121.3846516, "row": {"name": "哈崙工作站", "osm_id": "way/602166891", "osm_class": "alpine_hut", "facility_type": "hut", "name_en": null, "ele": null, "capacity": null, "operator": null}}], "_n_sources": 1, "facility_type": "hut", "in_yushan_official": false, "name_en": null, "ele": null, "capacity": null, "operator": null, "managed_by": null, "osm_id": "way/602166891"}}, {"type": "Feature", "geometry": {"type": "Point", "coordinates": [120.9292713, 23.5555193]}, "properties": {"entity_id": "hut_loc_23555_120929", "name": "愛玉亭", "aliases": [], "source": "osm_overpass", "source_tier": 5, "coord_source": "osm_overpass", "fetched_at": "2026-08-01", "confidence": 0.75, "_provenance": [{"source": "osm_overpass", "tier": 5, "fetched_at": "2026-08-01", "name_raw": "愛玉亭", "lat": 23.5555193, "lon": 120.9292713, "row": {"name": "愛玉亭", "osm_id": "way/621898709", "osm_class": "basic_hut", "facility_type": "shelter", "name_en": null, "ele": null, "capacity": null, "operator": null}}], "_n_sources": 1, "facility_type": "shelter", "in_yushan_official": false, "name_en": null, "ele": null, "capacity": null, "operator": null, "managed_by": null, "osm_id": "way/621898709"}}, {"type": "Feature", "geometry": {"type": "Point", "coordinates": [121.2823351, 23.7535926]}, "properties": {"entity_id": "hut_loc_23753_121282", "name": "阿道別墅", "aliases": [], "source": "osm_overpass", "source_tier": 5, "coord_source": "osm_overpass", "fetched_at": "2026-08-01", "confidence": 0.75, "_provenance": [{"source": "osm_overpass", "tier": 5, "fetched_at": "2026-08-01", "name_raw": "阿道別墅", "lat": 23.7535926, "lon": 121.2823351, "row": {"name": "阿道別墅", "osm_id": "way/632026768", "osm_class": "wilderness_hut", "facility_type": "hut", "name_en": null, "ele": null, "capacity": null, "operator": null}}], "_n_sources": 1, "facility_type": "hut", "in_yushan_official": false, "name_en": null, "ele": null, "capacity": null, "operator": null, "managed_by": null, "osm_id": "way/632026768"}}, {"type": "Feature", "geometry": {"type": "Point", "coordinates": [121.3134108, 23.7472446]}, "properties": {"entity_id": "hut_34k", "name": "34K 統帥石礦工寮兼事務所", "aliases": [], "source": "osm_overpass", "source_tier": 5, "coord_source": "osm_overpass", "fetched_at": "2026-08-01", "confidence": 0.75, "_provenance": [{"source": "osm_overpass", "tier": 5, "fetched_at": "2026-08-01", "name_raw": "34K 統帥石礦工寮兼事務所", "lat": 23.7472446, "lon": 121.3134108, "row": {"name": "34K 統帥石礦工寮兼事務所", "osm_id": "way/632026770", "osm_class": "wilderness_hut", "facility_type": "hut", "name_en": null, "ele": null, "capacity": null, "operator": null}}], "_n_sources": 1, "facility_type": "hut", "in_yushan_official": false, "name_en": null, "ele": null, "capacity": null, "operator": null, "managed_by": null, "osm_id": "way/632026770"}}, {"type": "Feature", "geometry": {"type": "Point", "coordinates": [121.3157197, 23.7328639]}, "properties": {"entity_id": "hut_316k", "name": "31.6K統帥石礦工寮", "aliases": [], "source": "osm_overpass", "source_tier": 5, "coord_source": "osm_overpass", "fetched_at": "2026-08-01", "confidence": 0.75, "_provenance": [{"source": "osm_overpass", "tier": 5, "fetched_at": "2026-08-01", "name_raw": "31.6K統帥石礦工寮", "lat": 23.7328639, "lon": 121.3157197, "row": {"name": "31.6K統帥石礦工寮", "osm_id": "way/632026774", "osm_class": "alpine_hut", "facility_type": "hut", "name_en": null, "ele": null, "capacity": null, "operator": null}}], "_n_sources": 1, "facility_type": "hut", "in_yushan_official": false, "name_en": null, "ele": null, "capacity": null, "operator": null, "managed_by": null, "osm_id": "way/632026774"}}, {"type": "Feature", "geometry": {"type": "Point", "coordinates": [121.629592, 24.1683827]}, "properties": {"entity_id": "hut_loc_24168_121629", "name": "大禮百合屋", "aliases": [], "source": "osm_overpass", "source_tier": 5, "coord_source": "osm_overpass", "fetched_at": "2026-08-01", "confidence": 0.75, "_provenance": [{"source": "osm_overpass", "tier": 5, "fetched_at": "2026-08-01", "name_raw": "大禮百合屋", "lat": 24.1683827, "lon": 121.629592, "row": {"name": "大禮百合屋", "osm_id": "way/659708518", "osm_class": "alpine_hut", "facility_type": "hut", "name_en": null, "ele": null, "capacity": null, "operator": null}}], "_n_sources": 1, "facility_type": "hut", "in_yushan_official": false, "name_en": null, "ele": null, "capacity": null, "operator": null, "managed_by": null, "osm_id": "way/659708518"}}, {"type": "Feature", "geometry": {"type": "Point", "coordinates": [121.6237753, 24.1669263]}, "properties": {"entity_id": "hut_loc_24166_121623", "name": "諾亞屋", "aliases": [], "source": "osm_overpass", "source_tier": 5, "coord_source": "osm_overpass", "fetched_at": "2026-08-01", "confidence": 0.75, "_provenance": [{"source": "osm_overpass", "tier": 5, "fetched_at": "2026-08-01", "name_raw": "諾亞屋", "lat": 24.1669263, "lon": 121.6237753, "row": {"name": "諾亞屋", "osm_id": "way/659708523", "osm_class": "alpine_hut", "facility_type": "hut", "name_en": null, "ele": null, "capacity": null, "operator": null}}], "_n_sources": 1, "facility_type": "hut", "in_yushan_official": false, "name_en": null, "ele": null, "capacity": null, "operator": null, "managed_by": null, "osm_id": "way/659708523"}}, {"type": "Feature", "geometry": {"type": "Point", "coordinates": [121.3025956, 24.4331752]}, "properties": {"entity_id": "hut_loc_24433_121302", "name": "桃山山屋", "aliases": [], "source": "osm_overpass", "source_tier": 5, "coord_source": "osm_overpass", "fetched_at": "2026-08-01", "confidence": 0.75, "_provenance": [{"source": "osm_overpass", "tier": 5, "fetched_at": "2026-08-01", "name_raw": "桃山山屋", "lat": 24.4331752, "lon": 121.3025956, "row": {"name": "桃山山屋", "osm_id": "way/672624461", "osm_class": "alpine_hut", "facility_type": "hut", "name_en": null, "ele": null, "capacity": null, "operator": null}}], "_n_sources": 1, "facility_type": "hut", "in_yushan_official": false, "name_en": null, "ele": null, "capacity": null, "operator": null, "managed_by": null, "osm_id": "way/672624461"}}, {"type": "Feature", "geometry": {"type": "Point", "coordinates": [121.2228516, 24.3853821]}, "properties": {"entity_id": "hut_loc_24385_121222", "name": "翠池山屋", "aliases": [], "source": "osm_overpass", "source_tier": 5, "coord_source": "osm_overpass", "fetched_at": "2026-08-01", "confidence": 0.75, "_provenance": [{"source": "osm_overpass", "tier": 5, "fetched_at": "2026-08-01", "name_raw": "翠池山屋", "lat": 24.3853821, "lon": 121.2228516, "row": {"name": "翠池山屋", "osm_id": "way/708207512", "osm_class": "alpine_hut", "facility_type": "hut", "name_en": "Cui Hut", "ele": null, "capacity": null, "operator": null}}], "_n_sources": 1, "facility_type": "hut", "in_yushan_official": false, "name_en": "Cui Hut", "ele": null, "capacity": null, "operator": null, "managed_by": null, "osm_id": "way/708207512"}}, {"type": "Feature", "geometry": {"type": "Point", "coordinates": [121.0195384, 24.5173609]}, "properties": {"entity_id": "hut_loc_24517_121019", "name": "避難山屋", "aliases": [], "source": "osm_overpass", "source_tier": 5, "coord_source": "osm_overpass", "fetched_at": "2026-08-01", "confidence": 0.75, "_provenance": [{"source": "osm_overpass", "tier": 5, "fetched_at": "2026-08-01", "name_raw": "避難山屋", "lat": 24.5173609, "lon": 121.0195384, "row": {"name": "避難山屋", "osm_id": "way/711619212", "osm_class": "basic_hut", "facility_type": "shelter", "name_en": null, "ele": null, "capacity": null, "operator": null}}], "_n_sources": 1, "facility_type": "shelter", "in_yushan_official": false, "name_en": null, "ele": null, "capacity": null, "operator": null, "managed_by": null, "osm_id": "way/711619212"}}, {"type": "Feature", "geometry": {"type": "Point", "coordinates": [121.4435292, 24.3695326]}, "properties": {"entity_id": "hut_loc_24369_121443", "name": "南湖山莊", "aliases": [], "source": "osm_overpass", "source_tier": 5, "coord_source": "osm_overpass", "fetched_at": "2026-08-01", "confidence": 0.75, "_provenance": [{"source": "osm_overpass", "tier": 5, "fetched_at": "2026-08-01", "name_raw": "南湖山莊", "lat": 24.3695326, "lon": 121.4435292, "row": {"name": "南湖山莊", "osm_id": "way/736967154", "osm_class": "alpine_hut", "facility_type": "lodge", "name_en": null, "ele": "3420", "capacity": null, "operator": null}}], "_n_sources": 1, "facility_type": "lodge", "in_yushan_official": false, "name_en": null, "ele": "3420", "capacity": null, "operator": null, "managed_by": null, "osm_id": "way/736967154"}}, {"type": "Feature", "geometry": {"type": "Point", "coordinates": [121.3970244, 24.3783083]}, "properties": {"entity_id": "hut_loc_24378_121397", "name": "新雲稜山屋", "aliases": [], "source": "osm_overpass", "source_tier": 5, "coord_source": "osm_overpass", "fetched_at": "2026-08-01", "confidence": 0.75, "_provenance": [{"source": "osm_overpass", "tier": 5, "fetched_at": "2026-08-01", "name_raw": "新雲稜山屋", "lat": 24.3783083, "lon": 121.3970244, "row": {"name": "新雲稜山屋", "osm_id": "way/736977995", "osm_class": "alpine_hut", "facility_type": "hut", "name_en": "New Yun Ling Mountain Hut", "ele": "2615", "capacity": null, "operator": null}}], "_n_sources": 1, "facility_type": "hut", "in_yushan_official": false, "name_en": "New Yun Ling Mountain Hut", "ele": "2615", "capacity": null, "operator": null, "managed_by": null, "osm_id": "way/736977995"}}, {"type": "Feature", "geometry": {"type": "Point", "coordinates": [121.4261018, 24.381101]}, "properties": {"entity_id": "hut_loc_24381_121426", "name": "審馬陣山屋", "aliases": [], "source": "osm_overpass", "source_tier": 5, "coord_source": "osm_overpass", "fetched_at": "2026-08-01", "confidence": 0.75, "_provenance": [{"source": "osm_overpass", "tier": 5, "fetched_at": "2026-08-01", "name_raw": "審馬陣山屋", "lat": 24.381101, "lon": 121.4261018, "row": {"name": "審馬陣山屋", "osm_id": "way/736977996", "osm_class": "alpine_hut", "facility_type": "hut", "name_en": null, "ele": "3200", "capacity": null, "operator": null}}], "_n_sources": 1, "facility_type": "hut", "in_yushan_official": false, "name_en": null, "ele": "3200", "capacity": null, "operator": null, "managed_by": null, "osm_id": "way/736977996"}}, {"type": "Feature", "geometry": {"type": "Point", "coordinates": [121.2300582, 24.1675432]}, "properties": {"entity_id": "hut_loc_24167_121230", "name": "工寮", "aliases": [], "source": "osm_overpass", "source_tier": 5, "coord_source": "osm_overpass", "fetched_at": "2026-08-01", "confidence": 0.75, "_provenance": [{"source": "osm_overpass", "tier": 5, "fetched_at": "2026-08-01", "name_raw": "工寮", "lat": 24.1675432, "lon": 121.2300582, "row": {"name": "工寮", "osm_id": "way/737011670", "osm_class": "alpine_hut", "facility_type": "hut", "name_en": null, "ele": null, "capacity": null, "operator": null}}], "_n_sources": 1, "facility_type": "hut", "in_yushan_official": false, "name_en": null, "ele": null, "capacity": null, "operator": null, "managed_by": null, "osm_id": "way/737011670"}}, {"type": "Feature", "geometry": {"type": "Point", "coordinates": [121.2514201, 24.4648313]}, "properties": {"entity_id": "hut_loc_24464_121251", "name": "中霸山屋", "aliases": [], "source": "osm_overpass", "source_tier": 5, "coord_source": "osm_overpass", "fetched_at": "2026-08-01", "confidence": 0.75, "_provenance": [{"source": "osm_overpass", "tier": 5, "fetched_at": "2026-08-01", "name_raw": "中霸山屋", "lat": 24.4648313, "lon": 121.2514201, "row": {"name": "中霸山屋", "osm_id": "way/753869594", "osm_class": "alpine_hut", "facility_type": "hut", "name_en": null, "ele": null, "capacity": null, "operator": null}}], "_n_sources": 1, "facility_type": "hut", "in_yushan_official": false, "name_en": null, "ele": null, "capacity": null, "operator": null, "managed_by": null, "osm_id": "way/753869594"}}, {"type": "Feature", "geometry": {"type": "Point", "coordinates": [121.2885315, 24.3198426]}, "properties": {"entity_id": "hut_loc_24319_121288", "name": "希瑪農莊", "aliases": [], "source": "osm_overpass", "source_tier": 5, "coord_source": "osm_overpass", "fetched_at": "2026-08-01", "confidence": 0.75, "_provenance": [{"source": "osm_overpass", "tier": 5, "fetched_at": "2026-08-01", "name_raw": "希瑪農莊", "lat": 24.3198426, "lon": 121.2885315, "row": {"name": "希瑪農莊", "osm_id": "way/807817923", "osm_class": "alpine_hut", "facility_type": "hut", "name_en": null, "ele": null, "capacity": null, "operator": null}}], "_n_sources": 1, "facility_type": "hut", "in_yushan_official": false, "name_en": null, "ele": null, "capacity": null, "operator": null, "managed_by": null, "osm_id": "way/807817923"}}, {"type": "Feature", "geometry": {"type": "Point", "coordinates": [120.682157, 22.9109993]}, "properties": {"entity_id": "hut_loc_22910_120682", "name": "萬山里避難屋", "aliases": [], "source": "osm_overpass", "source_tier": 5, "coord_source": "osm_overpass", "fetched_at": "2026-08-01", "confidence": 0.75, "_provenance": [{"source": "osm_overpass", "tier": 5, "fetched_at": "2026-08-01", "name_raw": "萬山里避難屋", "lat": 22.9109993, "lon": 120.682157, "row": {"name": "萬山里避難屋", "osm_id": "way/844911345", "osm_class": "wilderness_hut", "facility_type": "hut", "name_en": null, "ele": null, "capacity": null, "operator": null}}], "_n_sources": 1, "facility_type": "hut", "in_yushan_official": false, "name_en": null, "ele": null, "capacity": null, "operator": null, "managed_by": null, "osm_id": "way/844911345"}}, {"type": "Feature", "geometry": {"type": "Point", "coordinates": [121.4329004, 24.3529235]}, "properties": {"entity_id": "hut_loc_24352_121432", "name": "南湖南峰山屋", "aliases": [], "source": "osm_overpass", "source_tier": 5, "coord_source": "osm_overpass", "fetched_at": "2026-08-01", "confidence": 0.75, "_provenance": [{"source": "osm_overpass", "tier": 5, "fetched_at": "2026-08-01", "name_raw": "南湖南峰山屋", "lat": 24.3529235, "lon": 121.4329004, "row": {"name": "南湖南峰山屋", "osm_id": "way/866574349", "osm_class": "alpine_hut", "facility_type": "hut", "name_en": null, "ele": null, "capacity": null, "operator": null}}], "_n_sources": 1, "facility_type": "hut", "in_yushan_official": false, "name_en": null, "ele": null, "capacity": null, "operator": null, "managed_by": null, "osm_id": "way/866574349"}}, {"type": "Feature", "geometry": {"type": "Point", "coordinates": [121.2186743, 23.7549661]}, "properties": {"entity_id": "hut_loc_23754_121218", "name": null, "aliases": [], "source": "osm_overpass", "source_tier": 5, "coord_source": "osm_overpass", "fetched_at": "2026-08-01", "confidence": 0.75, "_provenance": [{"source": "osm_overpass", "tier": 5, "fetched_at": "2026-08-01", "name_raw": "", "lat": 23.7549661, "lon": 121.2186743, "row": {"name": "", "osm_id": "way/894369498", "osm_class": "alpine_hut", "facility_type": "hut", "name_en": null, "ele": null, "capacity": null, "operator": null}}], "_n_sources": 1, "facility_type": "hut", "in_yushan_official": false, "name_en": null, "ele": null, "capacity": null, "operator": null, "managed_by": null, "osm_id": "way/894369498"}}, {"type": "Feature", "geometry": {"type": "Point", "coordinates": [121.3682624, 24.2076561]}, "properties": {"entity_id": "hut_loc_24207_121368", "name": "鋸東避難小屋", "aliases": [], "source": "osm_overpass", "source_tier": 5, "coord_source": "osm_overpass", "fetched_at": "2026-08-01", "confidence": 0.75, "_provenance": [{"source": "osm_overpass", "tier": 5, "fetched_at": "2026-08-01", "name_raw": "鋸東避難小屋", "lat": 24.2076561, "lon": 121.3682624, "row": {"name": "鋸東避難小屋", "osm_id": "way/992100667", "osm_class": "alpine_hut", "facility_type": "hut", "name_en": null, "ele": "3003", "capacity": null, "operator": null}}], "_n_sources": 1, "facility_type": "hut", "in_yushan_official": false, "name_en": null, "ele": "3003", "capacity": null, "operator": null, "managed_by": null, "osm_id": "way/992100667"}}, {"type": "Feature", "geometry": {"type": "Point", "coordinates": [121.3249825, 24.1621008]}, "properties": {"entity_id": "hut_loc_24162_121324", "name": "屏風避難山屋", "aliases": [], "source": "osm_overpass", "source_tier": 5, "coord_source": "osm_overpass", "fetched_at": "2026-08-01", "confidence": 0.75, "_provenance": [{"source": "osm_overpass", "tier": 5, "fetched_at": "2026-08-01", "name_raw": "屏風避難山屋", "lat": 24.1621008, "lon": 121.3249825, "row": {"name": "屏風避難山屋", "osm_id": "way/1000394339", "osm_class": "alpine_hut", "facility_type": "hut", "name_en": null, "ele": "2057", "capacity": null, "operator": null}}], "_n_sources": 1, "facility_type": "hut", "in_yushan_official": false, "name_en": null, "ele": "2057", "capacity": null, "operator": null, "managed_by": null, "osm_id": "way/1000394339"}}, {"type": "Feature", "geometry": {"type": "Point", "coordinates": [121.3696355, 24.1049034]}, "properties": {"entity_id": "hut_loc_24104_121369", "name": "磐石中峰避難小屋", "aliases": [], "source": "osm_overpass", "source_tier": 5, "coord_source": "osm_overpass", "fetched_at": "2026-08-01", "confidence": 0.75, "_provenance": [{"source": "osm_overpass", "tier": 5, "fetched_at": "2026-08-01", "name_raw": "磐石中峰避難小屋", "lat": 24.1049034, "lon": 121.3696355, "row": {"name": "磐石中峰避難小屋", "osm_id": "way/1188948667", "osm_class": "alpine_hut", "facility_type": "hut", "name_en": null, "ele": null, "capacity": null, "operator": null}}], "_n_sources": 1, "facility_type": "hut", "in_yushan_official": false, "name_en": null, "ele": null, "capacity": null, "operator": null, "managed_by": null, "osm_id": "way/1188948667"}}, {"type": "Feature", "geometry": {"type": "Point", "coordinates": [121.4197845, 24.0893163]}, "properties": {"entity_id": "hut_loc_24089_121419", "name": "北鞍避難山屋", "aliases": [], "source": "osm_overpass", "source_tier": 5, "coord_source": "osm_overpass", "fetched_at": "2026-08-01", "confidence": 0.75, "_provenance": [{"source": "osm_overpass", "tier": 5, "fetched_at": "2026-08-01", "name_raw": "北鞍避難山屋", "lat": 24.0893163, "lon": 121.4197845, "row": {"name": "北鞍避難山屋", "osm_id": "way/1188949246", "osm_class": "alpine_hut", "facility_type": "hut", "name_en": null, "ele": null, "capacity": null, "operator": null}}], "_n_sources": 1, "facility_type": "hut", "in_yushan_official": false, "name_en": null, "ele": null, "capacity": null, "operator": null, "managed_by": null, "osm_id": "way/1188949246"}}, {"type": "Feature", "geometry": {"type": "Point", "coordinates": [121.4451791, 24.1223212]}, "properties": {"entity_id": "hut_loc_24122_121445", "name": "大理石營地避難山屋", "aliases": [], "source": "osm_overpass", "source_tier": 5, "coord_source": "osm_overpass", "fetched_at": "2026-08-01", "confidence": 0.75, "_provenance": [{"source": "osm_overpass", "tier": 5, "fetched_at": "2026-08-01", "name_raw": "大理石營地避難山屋", "lat": 24.1223212, "lon": 121.4451791, "row": {"name": "大理石營地避難山屋", "osm_id": "way/1188950191", "osm_class": "alpine_hut", "facility_type": "campsite", "name_en": null, "ele": null, "capacity": null, "operator": null}}], "_n_sources": 1, "facility_type": "campsite", "in_yushan_official": false, "name_en": null, "ele": null, "capacity": null, "operator": null, "managed_by": null, "osm_id": "way/1188950191"}}, {"type": "Feature", "geometry": {"type": "Point", "coordinates": [120.7970619, 23.093474]}, "properties": {"entity_id": "hut_loc_23093_120797", "name": "貨櫃屋", "aliases": [], "source": "osm_overpass", "source_tier": 5, "coord_source": "osm_overpass", "fetched_at": "2026-08-01", "confidence": 0.75, "_provenance": [{"source": "osm_overpass", "tier": 5, "fetched_at": "2026-08-01", "name_raw": "貨櫃屋", "lat": 23.093474, "lon": 120.7970619, "row": {"name": "貨櫃屋", "osm_id": "way/1231031609", "osm_class": "basic_hut", "facility_type": "shelter", "name_en": null, "ele": null, "capacity": null, "operator": null}}], "_n_sources": 1, "facility_type": "shelter", "in_yushan_official": false, "name_en": null, "ele": null, "capacity": null, "operator": null, "managed_by": null, "osm_id": "way/1231031609"}}, {"type": "Feature", "geometry": {"type": "Point", "coordinates": [121.3956998, 24.0151277]}, "properties": {"entity_id": "hut_loc_24015_121395", "name": "磐石保線所", "aliases": [], "source": "osm_overpass", "source_tier": 5, "coord_source": "osm_overpass", "fetched_at": "2026-08-01", "confidence": 0.75, "_provenance": [{"source": "osm_overpass", "tier": 5, "fetched_at": "2026-08-01", "name_raw": "磐石保線所", "lat": 24.0151277, "lon": 121.3956998, "row": {"name": "磐石保線所", "osm_id": "way/1233291832", "osm_class": "alpine_hut", "facility_type": "hut", "name_en": "panshih line station", "ele": "1180", "capacity": null, "operator": "台灣電力公司"}}], "_n_sources": 1, "facility_type": "hut", "in_yushan_official": false, "name_en": "panshih line station", "ele": "1180", "capacity": null, "operator": "台灣電力公司", "managed_by": null, "osm_id": "way/1233291832"}}, {"type": "Feature", "geometry": {"type": "Point", "coordinates": [121.3037261, 24.0223233]}, "properties": {"entity_id": "hut_loc_24022_121303", "name": "檜林保線所", "aliases": [], "source": "osm_overpass", "source_tier": 5, "coord_source": "osm_overpass", "fetched_at": "2026-08-01", "confidence": 0.75, "_provenance": [{"source": "osm_overpass", "tier": 5, "fetched_at": "2026-08-01", "name_raw": "檜林保線所", "lat": 24.0223233, "lon": 121.3037261, "row": {"name": "檜林保線所", "osm_id": "way/1233298623", "osm_class": "alpine_hut", "facility_type": "hut", "name_en": "Kuailin line station", "ele": "2109", "capacity": null, "operator": "台灣電力公司"}}], "_n_sources": 1, "facility_type": "hut", "in_yushan_official": false, "name_en": "Kuailin line station", "ele": "2109", "capacity": null, "operator": "台灣電力公司", "managed_by": null, "osm_id": "way/1233298623"}}, {"type": "Feature", "geometry": {"type": "Point", "coordinates": [121.3674034, 24.4166674]}, "properties": {"entity_id": "hut_loc_24416_121367", "name": "亞爸的山", "aliases": [], "source": "osm_overpass", "source_tier": 5, "coord_source": "osm_overpass", "fetched_at": "2026-08-01", "confidence": 0.75, "_provenance": [{"source": "osm_overpass", "tier": 5, "fetched_at": "2026-08-01", "name_raw": "亞爸的山", "lat": 24.4166674, "lon": 121.3674034, "row": {"name": "亞爸的山", "osm_id": "way/1243926267", "osm_class": "alpine_hut", "facility_type": "hut", "name_en": null, "ele": null, "capacity": null, "operator": null}}], "_n_sources": 1, "facility_type": "hut", "in_yushan_official": false, "name_en": null, "ele": null, "capacity": null, "operator": null, "managed_by": null, "osm_id": "way/1243926267"}}, {"type": "Feature", "geometry": {"type": "Point", "coordinates": [121.2610303, 24.4509619]}, "properties": {"entity_id": "hut_loc_24450_121261", "name": "霸南避難山屋", "aliases": [], "source": "osm_overpass", "source_tier": 5, "coord_source": "osm_overpass", "fetched_at": "2026-08-01", "confidence": 0.75, "_provenance": [{"source": "osm_overpass", "tier": 5, "fetched_at": "2026-08-01", "name_raw": "霸南避難山屋", "lat": 24.4509619, "lon": 121.2610303, "row": {"name": "霸南避難山屋", "osm_id": "way/1356124970", "osm_class": "alpine_hut", "facility_type": "hut", "name_en": null, "ele": "3119", "capacity": null, "operator": null}}], "_n_sources": 1, "facility_type": "hut", "in_yushan_official": false, "name_en": null, "ele": "3119", "capacity": null, "operator": null, "managed_by": null, "osm_id": "way/1356124970"}}, {"type": "Feature", "geometry": {"type": "Point", "coordinates": [119.9395662, 26.1479326]}, "properties": {"entity_id": "hut_loc_26147_119939", "name": "雲記山莊", "aliases": [], "source": "osm_overpass", "source_tier": 5, "coord_source": "osm_overpass", "fetched_at": "2026-08-01", "confidence": 0.75, "_provenance": [{"source": "osm_overpass", "tier": 5, "fetched_at": "2026-08-01", "name_raw": "雲記山莊", "lat": 26.1479326, "lon": 119.9395662, "row": {"name": "雲記山莊", "osm_id": "way/1365276398", "osm_class": "alpine_hut", "facility_type": "lodge", "name_en": null, "ele": null, "capacity": null, "operator": null}}], "_n_sources": 1, "facility_type": "lodge", "in_yushan_official": false, "name_en": null, "ele": null, "capacity": null, "operator": null, "managed_by": null, "osm_id": "way/1365276398"}}, {"type": "Feature", "geometry": {"type": "Point", "coordinates": [120.6931354, 23.2184313]}, "properties": {"entity_id": "hut_loc_23218_120693", "name": "民族平台避難屋", "aliases": [], "source": "osm_overpass", "source_tier": 5, "coord_source": "osm_overpass", "fetched_at": "2026-08-01", "confidence": 0.75, "_provenance": [{"source": "osm_overpass", "tier": 5, "fetched_at": "2026-08-01", "name_raw": "民族平台避難屋", "lat": 23.2184313, "lon": 120.6931354, "row": {"name": "民族平台避難屋", "osm_id": "way/1528033698", "osm_class": "wilderness_hut", "facility_type": "hut", "name_en": null, "ele": null, "capacity": null, "operator": null}}], "_n_sources": 1, "facility_type": "hut", "in_yushan_official": false, "name_en": null, "ele": null, "capacity": null, "operator": null, "managed_by": null, "osm_id": "way/1528033698"}}, {"type": "Feature", "geometry": {"type": "Point", "coordinates": [121.2429039, 24.4117078]}, "properties": {"entity_id": "hut_loc_24411_121242", "name": "雪北山屋", "aliases": [], "source": "osm_overpass", "source_tier": 5, "coord_source": "osm_overpass", "fetched_at": "2026-08-01", "confidence": 0.75, "_provenance": [{"source": "osm_overpass", "tier": 5, "fetched_at": "2026-08-01", "name_raw": "雪北山屋", "lat": 24.4117078, "lon": 121.2429039, "row": {"name": "雪北山屋", "osm_id": "way/1535803755", "osm_class": "alpine_hut", "facility_type": "hut", "name_en": null, "ele": "3590", "capacity": null, "operator": null}}], "_n_sources": 1, "facility_type": "hut", "in_yushan_official": false, "name_en": null, "ele": "3590", "capacity": null, "operator": null, "managed_by": null, "osm_id": "way/1535803755"}}, {"type": "Feature", "geometry": {"type": "Point", "coordinates": [121.2508916, 24.4233665]}, "properties": {"entity_id": "hut_loc_24423_121250", "name": "素密達山屋", "aliases": [], "source": "osm_overpass", "source_tier": 5, "coord_source": "osm_overpass", "fetched_at": "2026-08-01", "confidence": 0.75, "_provenance": [{"source": "osm_overpass", "tier": 5, "fetched_at": "2026-08-01", "name_raw": "素密達山屋", "lat": 24.4233665, "lon": 121.2508916, "row": {"name": "素密達山屋", "osm_id": "way/1535803756", "osm_class": "alpine_hut", "facility_type": "hut", "name_en": "Sumida Hut", "ele": "3500", "capacity": null, "operator": null}}], "_n_sources": 1, "facility_type": "hut", "in_yushan_official": false, "name_en": "Sumida Hut", "ele": "3500", "capacity": null, "operator": null, "managed_by": null, "osm_id": "way/1535803756"}}]}