layer_key,label,data_type,source,license,coverage,time_fields,live_source,refresh_interval,expected_interval_min,latest_data_time,latest_time_basis,age_days,freshness,metadata_missing_count,missing_metadata,note
statsComparisonBusAccessibleSharePct,無障礙公車占營業車比,statistics_snapshot,comparison_statistics,,county/national_county,"period_start,period_end",,,,2025-12-31,recipe_period_end,,unknown,2,license|refresh_interval,
statsComparisonBusElectricSharePct,電動公車占營業車比,statistics_snapshot,comparison_statistics,,county/national_county,"period_start,period_end",,,,2025-12-31,recipe_period_end,,unknown,2,license|refresh_interval,
statsComparisonHousingUnoccupiedSharePctCounty,無人經常居住住宅占總住宅比,statistics_snapshot,comparison_statistics,,county,"period_start,period_end",,,,2020-11-08,recipe_period_end,,unknown,2,license|refresh_interval,
statsComparisonHousingUnoccupiedSharePctTownship,無人經常居住住宅占總住宅比,statistics_snapshot,comparison_statistics,,township,"period_start,period_end",,,,2020-11-08,recipe_period_end,,unknown,2,license|refresh_interval,
statsComparisonHousingOccasionalSharePctCounty,偶爾自住住宅占總住宅比,statistics_snapshot,comparison_statistics,,county,"period_start,period_end",,,,2020-11-08,recipe_period_end,,unknown,2,license|refresh_interval,
statsComparisonHousingOccasionalSharePctTownship,偶爾自住住宅占總住宅比,statistics_snapshot,comparison_statistics,,township,"period_start,period_end",,,,2020-11-08,recipe_period_end,,unknown,2,license|refresh_interval,
statsComparisonHousingOtherUseSharePctCounty,其他使用住宅占總住宅比,statistics_snapshot,comparison_statistics,,county,"period_start,period_end",,,,2020-11-08,recipe_period_end,,unknown,2,license|refresh_interval,
statsComparisonHousingOtherUseSharePctTownship,其他使用住宅占總住宅比,statistics_snapshot,comparison_statistics,,township,"period_start,period_end",,,,2020-11-08,recipe_period_end,,unknown,2,license|refresh_interval,
statsComparisonHousingMixedShareOfResidentialOrMixedPctCounty,有人居住住宅中的混合用途占比,statistics_snapshot,comparison_statistics,,county,"period_start,period_end",,,,2020-11-08,recipe_period_end,,unknown,2,license|refresh_interval,
statsComparisonAgriculturalFacilityNationalSharePct,農業生產設施用地面積－鄉鎮占全臺同類比,statistics_snapshot,comparison_statistics,,township,"period_start,period_end",,,,2025-12-31,recipe_period_end,,unknown,2,license|refresh_interval,
statsComparisonAgriculturalFacilityCountyTotalHectare,農業生產設施用地面積－縣市面積,statistics_snapshot,comparison_statistics,,county,"period_start,period_end",,,,2025-12-31,recipe_period_end,,unknown,2,license|refresh_interval,
statsComparisonAgriculturalFacilityCountyNationalSharePct,農業生產設施用地面積－縣市占全臺同類比,statistics_snapshot,comparison_statistics,,county,"period_start,period_end",,,,2025-12-31,recipe_period_end,,unknown,2,license|refresh_interval,
statsComparisonAgriculturalFacilityTownshipOfCountySharePct,農業生產設施用地面積－鄉鎮占所屬縣市同類比,statistics_snapshot,comparison_statistics,,township,"period_start,period_end",,,,2025-12-31,recipe_period_end,,unknown,2,license|refresh_interval,
statsComparisonAirportLandNationalSharePct,機場用地面積－鄉鎮占全臺同類比,statistics_snapshot,comparison_statistics,,township,"period_start,period_end",,,,2025-12-31,recipe_period_end,,unknown,2,license|refresh_interval,
statsComparisonAirportLandCountyTotalHectare,機場用地面積－縣市面積,statistics_snapshot,comparison_statistics,,county,"period_start,period_end",,,,2025-12-31,recipe_period_end,,unknown,2,license|refresh_interval,
statsComparisonAirportLandCountyNationalSharePct,機場用地面積－縣市占全臺同類比,statistics_snapshot,comparison_statistics,,county,"period_start,period_end",,,,2025-12-31,recipe_period_end,,unknown,2,license|refresh_interval,
statsComparisonAirportLandTownshipOfCountySharePct,機場用地面積－鄉鎮占所屬縣市同類比,statistics_snapshot,comparison_statistics,,township,"period_start,period_end",,,,2025-12-31,recipe_period_end,,unknown,2,license|refresh_interval,
statsComparisonAquacultureLandNationalSharePct,水產養殖用地面積－鄉鎮占全臺同類比,statistics_snapshot,comparison_statistics,,township,"period_start,period_end",,,,2025-12-31,recipe_period_end,,unknown,2,license|refresh_interval,
statsComparisonAquacultureLandCountyTotalHectare,水產養殖用地面積－縣市面積,statistics_snapshot,comparison_statistics,,county,"period_start,period_end",,,,2025-12-31,recipe_period_end,,unknown,2,license|refresh_interval,
statsComparisonAquacultureLandCountyNationalSharePct,水產養殖用地面積－縣市占全臺同類比,statistics_snapshot,comparison_statistics,,county,"period_start,period_end",,,,2025-12-31,recipe_period_end,,unknown,2,license|refresh_interval,
statsComparisonAquacultureLandTownshipOfCountySharePct,水產養殖用地面積－鄉鎮占所屬縣市同類比,statistics_snapshot,comparison_statistics,,township,"period_start,period_end",,,,2025-12-31,recipe_period_end,,unknown,2,license|refresh_interval,
statsComparisonBambooForestNationalSharePct,竹林用地面積－鄉鎮占全臺同類比,statistics_snapshot,comparison_statistics,,township,"period_start,period_end",,,,2025-12-31,recipe_period_end,,unknown,2,license|refresh_interval,
statsComparisonBambooForestCountyTotalHectare,竹林用地面積－縣市面積,statistics_snapshot,comparison_statistics,,county,"period_start,period_end",,,,2025-12-31,recipe_period_end,,unknown,2,license|refresh_interval,
statsComparisonBambooForestCountyNationalSharePct,竹林用地面積－縣市占全臺同類比,statistics_snapshot,comparison_statistics,,county,"period_start,period_end",,,,2025-12-31,recipe_period_end,,unknown,2,license|refresh_interval,
statsComparisonBambooForestTownshipOfCountySharePct,竹林用地面積－鄉鎮占所屬縣市同類比,statistics_snapshot,comparison_statistics,,township,"period_start,period_end",,,,2025-12-31,recipe_period_end,,unknown,2,license|refresh_interval,
statsComparisonBroadleafForestNationalSharePct,闊葉林用地面積－鄉鎮占全臺同類比,statistics_snapshot,comparison_statistics,,township,"period_start,period_end",,,,2025-12-31,recipe_period_end,,unknown,2,license|refresh_interval,
statsComparisonBroadleafForestCountyTotalHectare,闊葉林用地面積－縣市面積,statistics_snapshot,comparison_statistics,,county,"period_start,period_end",,,,2025-12-31,recipe_period_end,,unknown,2,license|refresh_interval,
statsComparisonBroadleafForestCountyNationalSharePct,闊葉林用地面積－縣市占全臺同類比,statistics_snapshot,comparison_statistics,,county,"period_start,period_end",,,,2025-12-31,recipe_period_end,,unknown,2,license|refresh_interval,
statsComparisonBroadleafForestTownshipOfCountySharePct,闊葉林用地面積－鄉鎮占所屬縣市同類比,statistics_snapshot,comparison_statistics,,township,"period_start,period_end",,,,2025-12-31,recipe_period_end,,unknown,2,license|refresh_interval,
statsComparisonConiferForestNationalSharePct,針葉林用地面積－鄉鎮占全臺同類比,statistics_snapshot,comparison_statistics,,township,"period_start,period_end",,,,2025-12-31,recipe_period_end,,unknown,2,license|refresh_interval,
statsComparisonConiferForestCountyTotalHectare,針葉林用地面積－縣市面積,statistics_snapshot,comparison_statistics,,county,"period_start,period_end",,,,2025-12-31,recipe_period_end,,unknown,2,license|refresh_interval,
statsComparisonConiferForestCountyNationalSharePct,針葉林用地面積－縣市占全臺同類比,statistics_snapshot,comparison_statistics,,county,"period_start,period_end",,,,2025-12-31,recipe_period_end,,unknown,2,license|refresh_interval,
statsComparisonConiferForestTownshipOfCountySharePct,針葉林用地面積－鄉鎮占所屬縣市同類比,statistics_snapshot,comparison_statistics,,township,"period_start,period_end",,,,2025-12-31,recipe_period_end,,unknown,2,license|refresh_interval,
statsComparisonDryFieldNationalSharePct,旱田用地面積－鄉鎮占全臺同類比,statistics_snapshot,comparison_statistics,,township,"period_start,period_end",,,,2025-12-31,recipe_period_end,,unknown,2,license|refresh_interval,
statsComparisonDryFieldCountyTotalHectare,旱田用地面積－縣市面積,statistics_snapshot,comparison_statistics,,county,"period_start,period_end",,,,2025-12-31,recipe_period_end,,unknown,2,license|refresh_interval,
statsComparisonDryFieldCountyNationalSharePct,旱田用地面積－縣市占全臺同類比,statistics_snapshot,comparison_statistics,,county,"period_start,period_end",,,,2025-12-31,recipe_period_end,,unknown,2,license|refresh_interval,
statsComparisonDryFieldTownshipOfCountySharePct,旱田用地面積－鄉鎮占所屬縣市同類比,statistics_snapshot,comparison_statistics,,township,"period_start,period_end",,,,2025-12-31,recipe_period_end,,unknown,2,license|refresh_interval,
statsComparisonLivestockBuildingNationalSharePct,畜禽舍用地面積－鄉鎮占全臺同類比,statistics_snapshot,comparison_statistics,,township,"period_start,period_end",,,,2025-12-31,recipe_period_end,,unknown,2,license|refresh_interval,
statsComparisonLivestockBuildingCountyTotalHectare,畜禽舍用地面積－縣市面積,statistics_snapshot,comparison_statistics,,county,"period_start,period_end",,,,2025-12-31,recipe_period_end,,unknown,2,license|refresh_interval,
statsComparisonLivestockBuildingCountyNationalSharePct,畜禽舍用地面積－縣市占全臺同類比,statistics_snapshot,comparison_statistics,,county,"period_start,period_end",,,,2025-12-31,recipe_period_end,,unknown,2,license|refresh_interval,
statsComparisonLivestockBuildingTownshipOfCountySharePct,畜禽舍用地面積－鄉鎮占所屬縣市同類比,statistics_snapshot,comparison_statistics,,township,"period_start,period_end",,,,2025-12-31,recipe_period_end,,unknown,2,license|refresh_interval,
statsComparisonMixedForestNationalSharePct,混合林用地面積－鄉鎮占全臺同類比,statistics_snapshot,comparison_statistics,,township,"period_start,period_end",,,,2025-12-31,recipe_period_end,,unknown,2,license|refresh_interval,
statsComparisonMixedForestCountyTotalHectare,混合林用地面積－縣市面積,statistics_snapshot,comparison_statistics,,county,"period_start,period_end",,,,2025-12-31,recipe_period_end,,unknown,2,license|refresh_interval,
statsComparisonMixedForestCountyNationalSharePct,混合林用地面積－縣市占全臺同類比,statistics_snapshot,comparison_statistics,,county,"period_start,period_end",,,,2025-12-31,recipe_period_end,,unknown,2,license|refresh_interval,
statsComparisonMixedForestTownshipOfCountySharePct,混合林用地面積－鄉鎮占所屬縣市同類比,statistics_snapshot,comparison_statistics,,township,"period_start,period_end",,,,2025-12-31,recipe_period_end,,unknown,2,license|refresh_interval,
statsComparisonOrchardNationalSharePct,果園用地面積－鄉鎮占全臺同類比,statistics_snapshot,comparison_statistics,,township,"period_start,period_end",,,,2025-12-31,recipe_period_end,,unknown,2,license|refresh_interval,
statsComparisonOrchardCountyTotalHectare,果園用地面積－縣市面積,statistics_snapshot,comparison_statistics,,county,"period_start,period_end",,,,2025-12-31,recipe_period_end,,unknown,2,license|refresh_interval,
statsComparisonOrchardCountyNationalSharePct,果園用地面積－縣市占全臺同類比,statistics_snapshot,comparison_statistics,,county,"period_start,period_end",,,,2025-12-31,recipe_period_end,,unknown,2,license|refresh_interval,
statsComparisonOrchardTownshipOfCountySharePct,果園用地面積－鄉鎮占所屬縣市同類比,statistics_snapshot,comparison_statistics,,township,"period_start,period_end",,,,2025-12-31,recipe_period_end,,unknown,2,license|refresh_interval,
statsComparisonPaddyLandNationalSharePct,水田用地面積－鄉鎮占全臺同類比,statistics_snapshot,comparison_statistics,,township,"period_start,period_end",,,,2025-12-31,recipe_period_end,,unknown,2,license|refresh_interval,
statsComparisonPaddyLandCountyTotalHectare,水田用地面積－縣市面積,statistics_snapshot,comparison_statistics,,county,"period_start,period_end",,,,2025-12-31,recipe_period_end,,unknown,2,license|refresh_interval,
statsComparisonPaddyLandCountyNationalSharePct,水田用地面積－縣市占全臺同類比,statistics_snapshot,comparison_statistics,,county,"period_start,period_end",,,,2025-12-31,recipe_period_end,,unknown,2,license|refresh_interval,
statsComparisonPaddyLandTownshipOfCountySharePct,水田用地面積－鄉鎮占所屬縣市同類比,statistics_snapshot,comparison_statistics,,township,"period_start,period_end",,,,2025-12-31,recipe_period_end,,unknown,2,license|refresh_interval,
statsComparisonPastureNationalSharePct,牧場用地面積－鄉鎮占全臺同類比,statistics_snapshot,comparison_statistics,,township,"period_start,period_end",,,,2025-12-31,recipe_period_end,,unknown,2,license|refresh_interval,
statsComparisonPastureCountyTotalHectare,牧場用地面積－縣市面積,statistics_snapshot,comparison_statistics,,county,"period_start,period_end",,,,2025-12-31,recipe_period_end,,unknown,2,license|refresh_interval,
statsComparisonPastureCountyNationalSharePct,牧場用地面積－縣市占全臺同類比,statistics_snapshot,comparison_statistics,,county,"period_start,period_end",,,,2025-12-31,recipe_period_end,,unknown,2,license|refresh_interval,
statsComparisonPastureTownshipOfCountySharePct,牧場用地面積－鄉鎮占所屬縣市同類比,statistics_snapshot,comparison_statistics,,township,"period_start,period_end",,,,2025-12-31,recipe_period_end,,unknown,2,license|refresh_interval,
statsComparisonPortLandNationalSharePct,港口用地面積－鄉鎮占全臺同類比,statistics_snapshot,comparison_statistics,,township,"period_start,period_end",,,,2025-12-31,recipe_period_end,,unknown,2,license|refresh_interval,
statsComparisonPortLandCountyTotalHectare,港口用地面積－縣市面積,statistics_snapshot,comparison_statistics,,county,"period_start,period_end",,,,2025-12-31,recipe_period_end,,unknown,2,license|refresh_interval,
statsComparisonPortLandCountyNationalSharePct,港口用地面積－縣市占全臺同類比,statistics_snapshot,comparison_statistics,,county,"period_start,period_end",,,,2025-12-31,recipe_period_end,,unknown,2,license|refresh_interval,
statsComparisonPortLandTownshipOfCountySharePct,港口用地面積－鄉鎮占所屬縣市同類比,statistics_snapshot,comparison_statistics,,township,"period_start,period_end",,,,2025-12-31,recipe_period_end,,unknown,2,license|refresh_interval,
statsComparisonRailLandNationalSharePct,鐵路用地面積－鄉鎮占全臺同類比,statistics_snapshot,comparison_statistics,,township,"period_start,period_end",,,,2025-12-31,recipe_period_end,,unknown,2,license|refresh_interval,
statsComparisonRailLandCountyTotalHectare,鐵路用地面積－縣市面積,statistics_snapshot,comparison_statistics,,county,"period_start,period_end",,,,2025-12-31,recipe_period_end,,unknown,2,license|refresh_interval,
statsComparisonRailLandCountyNationalSharePct,鐵路用地面積－縣市占全臺同類比,statistics_snapshot,comparison_statistics,,county,"period_start,period_end",,,,2025-12-31,recipe_period_end,,unknown,2,license|refresh_interval,
statsComparisonRailLandTownshipOfCountySharePct,鐵路用地面積－鄉鎮占所屬縣市同類比,statistics_snapshot,comparison_statistics,,township,"period_start,period_end",,,,2025-12-31,recipe_period_end,,unknown,2,license|refresh_interval,
statsComparisonRoadLandNationalSharePct,道路用地面積－鄉鎮占全臺同類比,statistics_snapshot,comparison_statistics,,township,"period_start,period_end",,,,2025-12-31,recipe_period_end,,unknown,2,license|refresh_interval,
statsComparisonRoadLandCountyTotalHectare,道路用地面積－縣市面積,statistics_snapshot,comparison_statistics,,county,"period_start,period_end",,,,2025-12-31,recipe_period_end,,unknown,2,license|refresh_interval,
statsComparisonRoadLandCountyNationalSharePct,道路用地面積－縣市占全臺同類比,statistics_snapshot,comparison_statistics,,county,"period_start,period_end",,,,2025-12-31,recipe_period_end,,unknown,2,license|refresh_interval,
statsComparisonRoadLandTownshipOfCountySharePct,道路用地面積－鄉鎮占所屬縣市同類比,statistics_snapshot,comparison_statistics,,township,"period_start,period_end",,,,2025-12-31,recipe_period_end,,unknown,2,license|refresh_interval,
statsComparisonAcuteBedTotalPer10000PopulationTownship,急性病床（每萬人口）,statistics_snapshot,comparison_statistics,,township,"period_start,period_end",,,,2025-12-31,recipe_period_end,,unknown,2,license|refresh_interval,
statsComparisonHospiceBedTotalPer10000PopulationTownship,安寧病床（每萬人口）,statistics_snapshot,comparison_statistics,,township,"period_start,period_end",,,,2025-12-31,recipe_period_end,,unknown,2,license|refresh_interval,
statsComparisonHospitalBedTotalPer10000PopulationTownship,醫院病床總數（每萬人口）,statistics_snapshot,comparison_statistics,,township,"period_start,period_end",,,,2025-12-31,recipe_period_end,,unknown,2,license|refresh_interval,
statsComparisonHospitalCountPer10000PopulationTownship,醫院家數（每萬人口）,statistics_snapshot,comparison_statistics,,township,"period_start,period_end",,,,2025-12-31,recipe_period_end,,unknown,2,license|refresh_interval,
statsComparisonIcuBedTotalPer10000PopulationTownship,加護病床（每萬人口）,statistics_snapshot,comparison_statistics,,township,"period_start,period_end",,,,2025-12-31,recipe_period_end,,unknown,2,license|refresh_interval,
statsComparisonHealthProfessionalTotalPer10000PopulationTownship,醫院醫事人員總計（每萬人口）,statistics_snapshot,comparison_statistics,,township,"period_start,period_end",,,,2025-12-31,recipe_period_end,,unknown,2,license|refresh_interval,
statsComparisonRegisteredNurseCountPer10000PopulationTownship,醫院護理師（每萬人口）,statistics_snapshot,comparison_statistics,,township,"period_start,period_end",,,,2025-12-31,recipe_period_end,,unknown,2,license|refresh_interval,
statsComparisonWesternPhysicianCountPer10000PopulationTownship,醫院西醫師（每萬人口）,statistics_snapshot,comparison_statistics,,township,"period_start,period_end",,,,2025-12-31,recipe_period_end,,unknown,2,license|refresh_interval,
statsComparisonGeneralNursingHomeOpenBedsPer65plus1000County,一般護理之家開放床數（人口比較）,statistics_snapshot,comparison_statistics,,county,"period_start,period_end",,,,2025-12-31,recipe_period_end,,unknown,2,license|refresh_interval,
statsComparisonCareWorkerRegistrationCountPer65plus1000County,照顧服務員登錄數（人口比較）,statistics_snapshot,comparison_statistics,,county,"period_start,period_end",,,,2024-12-31,recipe_period_end,,unknown,2,license|refresh_interval,
statsComparisonPostpartumNursingHomeOpenBedsPerBirths1000County,產後護理之家開放護理床數（人口比較）,statistics_snapshot,comparison_statistics,,county,"period_start,period_end",,,,2025-12-31,recipe_period_end,,unknown,2,license|refresh_interval,
statsComparisonPostpartumNursingHomeOpenInfantBedsPerBirths1000County,產後護理之家開放嬰兒床數（人口比較）,statistics_snapshot,comparison_statistics,,county,"period_start,period_end",,,,2025-12-31,recipe_period_end,,unknown,2,license|refresh_interval,
statsComparisonA2AccidentCount,A2 事故件數,statistics_snapshot,comparison_statistics,,county/county_location,"period_start,period_end",,,,2025-12-31,recipe_period_end,,unknown,2,license|refresh_interval,
statsComparisonA2InjuryCount,A2 事故受傷人數,statistics_snapshot,comparison_statistics,,county/county_location,"period_start,period_end",,,,2025-12-31,recipe_period_end,,unknown,2,license|refresh_interval,
statsComparisonA1A2AccidentCount,A1＋A2 事故件數,statistics_snapshot,comparison_statistics,,county/county_location,"period_start,period_end",,,,2025-12-31,recipe_period_end,,unknown,2,license|refresh_interval,
statsComparisonAgriculturalFacilityCountyAreaSharePct,農業生產設施用地面積－占縣市行政面積,statistics_snapshot,comparison_statistics,,county,"period_start,period_end",,,,2025-12-31,recipe_period_end,,unknown,2,license|refresh_interval,
statsComparisonAgriculturalFacilityCountyLq,農業生產設施用地面積－縣市相對集中度 LQ,statistics_snapshot,comparison_statistics,,county,"period_start,period_end",,,,2025-12-31,recipe_period_end,,unknown,2,license|refresh_interval,
statsComparisonAgriculturalFacilityTownshipAdminAreaSharePct,農業生產設施用地面積－占鄉鎮行政面積,statistics_snapshot,comparison_statistics,,township,"period_start,period_end",,,,2025-12-31,recipe_period_end,,unknown,2,license|refresh_interval,
statsComparisonAirportLandCountyAreaSharePct,機場用地面積－占縣市行政面積,statistics_snapshot,comparison_statistics,,county,"period_start,period_end",,,,2025-12-31,recipe_period_end,,unknown,2,license|refresh_interval,
statsComparisonAirportLandCountyLq,機場用地面積－縣市相對集中度 LQ,statistics_snapshot,comparison_statistics,,county,"period_start,period_end",,,,2025-12-31,recipe_period_end,,unknown,2,license|refresh_interval,
statsComparisonAirportLandTownshipAdminAreaSharePct,機場用地面積－占鄉鎮行政面積,statistics_snapshot,comparison_statistics,,township,"period_start,period_end",,,,2025-12-31,recipe_period_end,,unknown,2,license|refresh_interval,
statsComparisonAquacultureLandCountyAreaSharePct,水產養殖用地面積－占縣市行政面積,statistics_snapshot,comparison_statistics,,county,"period_start,period_end",,,,2025-12-31,recipe_period_end,,unknown,2,license|refresh_interval,
statsComparisonAquacultureLandCountyLq,水產養殖用地面積－縣市相對集中度 LQ,statistics_snapshot,comparison_statistics,,county,"period_start,period_end",,,,2025-12-31,recipe_period_end,,unknown,2,license|refresh_interval,
statsComparisonAquacultureLandTownshipAdminAreaSharePct,水產養殖用地面積－占鄉鎮行政面積,statistics_snapshot,comparison_statistics,,township,"period_start,period_end",,,,2025-12-31,recipe_period_end,,unknown,2,license|refresh_interval,
statsComparisonBambooForestCountyAreaSharePct,竹林用地面積－占縣市行政面積,statistics_snapshot,comparison_statistics,,county,"period_start,period_end",,,,2025-12-31,recipe_period_end,,unknown,2,license|refresh_interval,
statsComparisonBambooForestCountyLq,竹林用地面積－縣市相對集中度 LQ,statistics_snapshot,comparison_statistics,,county,"period_start,period_end",,,,2025-12-31,recipe_period_end,,unknown,2,license|refresh_interval,
statsComparisonBambooForestTownshipAdminAreaSharePct,竹林用地面積－占鄉鎮行政面積,statistics_snapshot,comparison_statistics,,township,"period_start,period_end",,,,2025-12-31,recipe_period_end,,unknown,2,license|refresh_interval,
statsComparisonBroadleafForestCountyAreaSharePct,闊葉林用地面積－占縣市行政面積,statistics_snapshot,comparison_statistics,,county,"period_start,period_end",,,,2025-12-31,recipe_period_end,,unknown,2,license|refresh_interval,
statsComparisonBroadleafForestCountyLq,闊葉林用地面積－縣市相對集中度 LQ,statistics_snapshot,comparison_statistics,,county,"period_start,period_end",,,,2025-12-31,recipe_period_end,,unknown,2,license|refresh_interval,
statsComparisonBroadleafForestTownshipAdminAreaSharePct,闊葉林用地面積－占鄉鎮行政面積,statistics_snapshot,comparison_statistics,,township,"period_start,period_end",,,,2025-12-31,recipe_period_end,,unknown,2,license|refresh_interval,
statsComparisonConiferForestCountyAreaSharePct,針葉林用地面積－占縣市行政面積,statistics_snapshot,comparison_statistics,,county,"period_start,period_end",,,,2025-12-31,recipe_period_end,,unknown,2,license|refresh_interval,
statsComparisonConiferForestCountyLq,針葉林用地面積－縣市相對集中度 LQ,statistics_snapshot,comparison_statistics,,county,"period_start,period_end",,,,2025-12-31,recipe_period_end,,unknown,2,license|refresh_interval,
statsComparisonConiferForestTownshipAdminAreaSharePct,針葉林用地面積－占鄉鎮行政面積,statistics_snapshot,comparison_statistics,,township,"period_start,period_end",,,,2025-12-31,recipe_period_end,,unknown,2,license|refresh_interval,
statsComparisonDryFieldCountyAreaSharePct,旱田用地面積－占縣市行政面積,statistics_snapshot,comparison_statistics,,county,"period_start,period_end",,,,2025-12-31,recipe_period_end,,unknown,2,license|refresh_interval,
statsComparisonDryFieldCountyLq,旱田用地面積－縣市相對集中度 LQ,statistics_snapshot,comparison_statistics,,county,"period_start,period_end",,,,2025-12-31,recipe_period_end,,unknown,2,license|refresh_interval,
statsComparisonDryFieldTownshipAdminAreaSharePct,旱田用地面積－占鄉鎮行政面積,statistics_snapshot,comparison_statistics,,township,"period_start,period_end",,,,2025-12-31,recipe_period_end,,unknown,2,license|refresh_interval,
statsComparisonLivestockBuildingCountyAreaSharePct,畜禽舍用地面積－占縣市行政面積,statistics_snapshot,comparison_statistics,,county,"period_start,period_end",,,,2025-12-31,recipe_period_end,,unknown,2,license|refresh_interval,
statsComparisonLivestockBuildingCountyLq,畜禽舍用地面積－縣市相對集中度 LQ,statistics_snapshot,comparison_statistics,,county,"period_start,period_end",,,,2025-12-31,recipe_period_end,,unknown,2,license|refresh_interval,
statsComparisonLivestockBuildingTownshipAdminAreaSharePct,畜禽舍用地面積－占鄉鎮行政面積,statistics_snapshot,comparison_statistics,,township,"period_start,period_end",,,,2025-12-31,recipe_period_end,,unknown,2,license|refresh_interval,
statsComparisonMixedForestCountyAreaSharePct,混合林用地面積－占縣市行政面積,statistics_snapshot,comparison_statistics,,county,"period_start,period_end",,,,2025-12-31,recipe_period_end,,unknown,2,license|refresh_interval,
statsComparisonMixedForestCountyLq,混合林用地面積－縣市相對集中度 LQ,statistics_snapshot,comparison_statistics,,county,"period_start,period_end",,,,2025-12-31,recipe_period_end,,unknown,2,license|refresh_interval,
statsComparisonMixedForestTownshipAdminAreaSharePct,混合林用地面積－占鄉鎮行政面積,statistics_snapshot,comparison_statistics,,township,"period_start,period_end",,,,2025-12-31,recipe_period_end,,unknown,2,license|refresh_interval,
statsComparisonOrchardCountyAreaSharePct,果園用地面積－占縣市行政面積,statistics_snapshot,comparison_statistics,,county,"period_start,period_end",,,,2025-12-31,recipe_period_end,,unknown,2,license|refresh_interval,
statsComparisonOrchardCountyLq,果園用地面積－縣市相對集中度 LQ,statistics_snapshot,comparison_statistics,,county,"period_start,period_end",,,,2025-12-31,recipe_period_end,,unknown,2,license|refresh_interval,
statsComparisonOrchardTownshipAdminAreaSharePct,果園用地面積－占鄉鎮行政面積,statistics_snapshot,comparison_statistics,,township,"period_start,period_end",,,,2025-12-31,recipe_period_end,,unknown,2,license|refresh_interval,
statsComparisonPaddyLandCountyAreaSharePct,水田用地面積－占縣市行政面積,statistics_snapshot,comparison_statistics,,county,"period_start,period_end",,,,2025-12-31,recipe_period_end,,unknown,2,license|refresh_interval,
statsComparisonPaddyLandCountyLq,水田用地面積－縣市相對集中度 LQ,statistics_snapshot,comparison_statistics,,county,"period_start,period_end",,,,2025-12-31,recipe_period_end,,unknown,2,license|refresh_interval,
statsComparisonPaddyLandTownshipAdminAreaSharePct,水田用地面積－占鄉鎮行政面積,statistics_snapshot,comparison_statistics,,township,"period_start,period_end",,,,2025-12-31,recipe_period_end,,unknown,2,license|refresh_interval,
statsComparisonPastureCountyAreaSharePct,牧場用地面積－占縣市行政面積,statistics_snapshot,comparison_statistics,,county,"period_start,period_end",,,,2025-12-31,recipe_period_end,,unknown,2,license|refresh_interval,
statsComparisonPastureCountyLq,牧場用地面積－縣市相對集中度 LQ,statistics_snapshot,comparison_statistics,,county,"period_start,period_end",,,,2025-12-31,recipe_period_end,,unknown,2,license|refresh_interval,
statsComparisonPastureTownshipAdminAreaSharePct,牧場用地面積－占鄉鎮行政面積,statistics_snapshot,comparison_statistics,,township,"period_start,period_end",,,,2025-12-31,recipe_period_end,,unknown,2,license|refresh_interval,
statsComparisonPortLandCountyAreaSharePct,港口用地面積－占縣市行政面積,statistics_snapshot,comparison_statistics,,county,"period_start,period_end",,,,2025-12-31,recipe_period_end,,unknown,2,license|refresh_interval,
statsComparisonPortLandCountyLq,港口用地面積－縣市相對集中度 LQ,statistics_snapshot,comparison_statistics,,county,"period_start,period_end",,,,2025-12-31,recipe_period_end,,unknown,2,license|refresh_interval,
statsComparisonPortLandTownshipAdminAreaSharePct,港口用地面積－占鄉鎮行政面積,statistics_snapshot,comparison_statistics,,township,"period_start,period_end",,,,2025-12-31,recipe_period_end,,unknown,2,license|refresh_interval,
statsComparisonRailLandCountyAreaSharePct,鐵路用地面積－占縣市行政面積,statistics_snapshot,comparison_statistics,,county,"period_start,period_end",,,,2025-12-31,recipe_period_end,,unknown,2,license|refresh_interval,
statsComparisonRailLandCountyLq,鐵路用地面積－縣市相對集中度 LQ,statistics_snapshot,comparison_statistics,,county,"period_start,period_end",,,,2025-12-31,recipe_period_end,,unknown,2,license|refresh_interval,
statsComparisonRailLandTownshipAdminAreaSharePct,鐵路用地面積－占鄉鎮行政面積,statistics_snapshot,comparison_statistics,,township,"period_start,period_end",,,,2025-12-31,recipe_period_end,,unknown,2,license|refresh_interval,
statsComparisonRoadLandCountyAreaSharePct,道路用地面積－占縣市行政面積,statistics_snapshot,comparison_statistics,,county,"period_start,period_end",,,,2025-12-31,recipe_period_end,,unknown,2,license|refresh_interval,
statsComparisonRoadLandCountyLq,道路用地面積－縣市相對集中度 LQ,statistics_snapshot,comparison_statistics,,county,"period_start,period_end",,,,2025-12-31,recipe_period_end,,unknown,2,license|refresh_interval,
statsComparisonRoadLandTownshipAdminAreaSharePct,道路用地面積－占鄉鎮行政面積,statistics_snapshot,comparison_statistics,,township,"period_start,period_end",,,,2025-12-31,recipe_period_end,,unknown,2,license|refresh_interval,
statsComparisonAcuteBedTotalPerKm2Township,急性病床（每平方公里）,statistics_snapshot,comparison_statistics,,township,"period_start,period_end",,,,2025-12-31,recipe_period_end,,unknown,2,license|refresh_interval,
statsComparisonHospiceBedTotalPerKm2Township,安寧病床（每平方公里）,statistics_snapshot,comparison_statistics,,township,"period_start,period_end",,,,2025-12-31,recipe_period_end,,unknown,2,license|refresh_interval,
statsComparisonHospitalBedTotalPerKm2Township,醫院病床總數（每平方公里）,statistics_snapshot,comparison_statistics,,township,"period_start,period_end",,,,2025-12-31,recipe_period_end,,unknown,2,license|refresh_interval,
statsComparisonHospitalCountPerKm2Township,醫院家數（每平方公里）,statistics_snapshot,comparison_statistics,,township,"period_start,period_end",,,,2025-12-31,recipe_period_end,,unknown,2,license|refresh_interval,
statsComparisonIcuBedTotalPerKm2Township,加護病床（每平方公里）,statistics_snapshot,comparison_statistics,,township,"period_start,period_end",,,,2025-12-31,recipe_period_end,,unknown,2,license|refresh_interval,
statsComparisonHealthProfessionalTotalPerKm2Township,醫院醫事人員總計（每平方公里）,statistics_snapshot,comparison_statistics,,township,"period_start,period_end",,,,2025-12-31,recipe_period_end,,unknown,2,license|refresh_interval,
statsComparisonRegisteredNurseCountPerKm2Township,醫院護理師（每平方公里）,statistics_snapshot,comparison_statistics,,township,"period_start,period_end",,,,2025-12-31,recipe_period_end,,unknown,2,license|refresh_interval,
statsComparisonWesternPhysicianCountPerKm2Township,醫院西醫師（每平方公里）,statistics_snapshot,comparison_statistics,,township,"period_start,period_end",,,,2025-12-31,recipe_period_end,,unknown,2,license|refresh_interval,
statsComparisonLivestockHeadsPerFarmTownship,畜禽每場在養數量,statistics_snapshot,comparison_statistics,,township,"period_start,period_end",,,,2026-03-31,recipe_period_end,,unknown,2,license|refresh_interval,
statsComparisonFisheryProductionTonnesNationalSharePctCounty,漁業生產量－縣市占全臺比,statistics_snapshot,comparison_statistics,,county,"period_start,period_end",,,,2024-12-31,recipe_period_end,,unknown,2,license|refresh_interval,
statsComparisonFisheryValueThousandNationalSharePctCounty,漁業生產值－縣市占全臺比,statistics_snapshot,comparison_statistics,,county,"period_start,period_end",,,,2024-12-31,recipe_period_end,,unknown,2,license|refresh_interval,
statsComparisonEducationClassCountPer10000Residents,班級數（每萬名居民）,statistics_snapshot,comparison_statistics,,county,"period_start,period_end",,,,2026-07-31,recipe_period_end,,unknown,2,license|refresh_interval,
statsComparisonEducationClassCountPerKm2,班級數（每平方公里）,statistics_snapshot,comparison_statistics,,county,"period_start,period_end",,,,2026-07-31,recipe_period_end,,unknown,2,license|refresh_interval,
statsComparisonEducationInstitutionCountPer10000Residents,機構或學校數（每萬名居民）,statistics_snapshot,comparison_statistics,,county,"period_start,period_end",,,,2026-07-31,recipe_period_end,,unknown,2,license|refresh_interval,
statsComparisonEducationInstitutionCountPerKm2,機構或學校數（每平方公里）,statistics_snapshot,comparison_statistics,,county,"period_start,period_end",,,,2026-07-31,recipe_period_end,,unknown,2,license|refresh_interval,
statsComparisonEducationStaffCountPer10000Residents,職員數（每萬名居民）,statistics_snapshot,comparison_statistics,,county,"period_start,period_end",,,,2026-07-31,recipe_period_end,,unknown,2,license|refresh_interval,
statsComparisonEducationStaffCountPerKm2,職員數（每平方公里）,statistics_snapshot,comparison_statistics,,county,"period_start,period_end",,,,2026-07-31,recipe_period_end,,unknown,2,license|refresh_interval,
statsComparisonEducationStudentCountPer10000Residents,學生或幼生數（每萬名居民）,statistics_snapshot,comparison_statistics,,county,"period_start,period_end",,,,2026-07-31,recipe_period_end,,unknown,2,license|refresh_interval,
statsComparisonEducationStudentCountPerKm2,學生或幼生數（每平方公里）,statistics_snapshot,comparison_statistics,,county,"period_start,period_end",,,,2026-07-31,recipe_period_end,,unknown,2,license|refresh_interval,
statsComparisonEducationTeacherCountPer10000Residents,教師數（每萬名居民）,statistics_snapshot,comparison_statistics,,county,"period_start,period_end",,,,2026-07-31,recipe_period_end,,unknown,2,license|refresh_interval,
statsComparisonEducationTeacherCountPerKm2,教師數（每平方公里）,statistics_snapshot,comparison_statistics,,county,"period_start,period_end",,,,2026-07-31,recipe_period_end,,unknown,2,license|refresh_interval,
statsComparisonBusOperatingRouteLengthKmPer10000Residents,期末營業里程－每萬名居民,statistics_snapshot,comparison_statistics,,county/national_county,"period_start,period_end",,,,2025-12-31,recipe_period_end,,unknown,2,license|refresh_interval,
statsComparisonBusOperatingRouteLengthKmPerKm2,期末營業里程－每平方公里,statistics_snapshot,comparison_statistics,,county/national_county,"period_start,period_end",,,,2025-12-31,recipe_period_end,,unknown,2,license|refresh_interval,
statsComparisonBusApprovedRouteCountPer10000Residents,核定路線數－每萬名居民,statistics_snapshot,comparison_statistics,,county/national_county,"period_start,period_end",,,,2025-12-31,recipe_period_end,,unknown,2,license|refresh_interval,
statsComparisonBusApprovedRouteCountPerKm2,核定路線數－每平方公里,statistics_snapshot,comparison_statistics,,county/national_county,"period_start,period_end",,,,2025-12-31,recipe_period_end,,unknown,2,license|refresh_interval,
statsComparisonUrbanBusOperatorCountPer10000Residents,市區客運業家數－每萬名居民,statistics_snapshot,comparison_statistics,,county/national_county,"period_start,period_end",,,,2025-12-31,recipe_period_end,,unknown,2,license|refresh_interval,
statsComparisonUrbanBusOperatorCountPerKm2,市區客運業家數－每平方公里,statistics_snapshot,comparison_statistics,,county/national_county,"period_start,period_end",,,,2025-12-31,recipe_period_end,,unknown,2,license|refresh_interval,
statsComparisonBusOperatingVehicleCountPer10000Residents,期末營業車輛－每萬名居民,statistics_snapshot,comparison_statistics,,county/national_county,"period_start,period_end",,,,2025-12-31,recipe_period_end,,unknown,2,license|refresh_interval,
statsComparisonBusOperatingVehicleCountPerKm2,期末營業車輛－每平方公里,statistics_snapshot,comparison_statistics,,county/national_county,"period_start,period_end",,,,2025-12-31,recipe_period_end,,unknown,2,license|refresh_interval,
statsComparisonBusAccessibleVehicleCountPer10000Residents,期末無障礙車輛－每萬名居民,statistics_snapshot,comparison_statistics,,county/national_county,"period_start,period_end",,,,2025-12-31,recipe_period_end,,unknown,2,license|refresh_interval,
statsComparisonBusAccessibleVehicleCountPerKm2,期末無障礙車輛－每平方公里,statistics_snapshot,comparison_statistics,,county/national_county,"period_start,period_end",,,,2025-12-31,recipe_period_end,,unknown,2,license|refresh_interval,
statsComparisonBusElectricVehicleCountPer10000Residents,期末電動車輛－每萬名居民,statistics_snapshot,comparison_statistics,,county/national_county,"period_start,period_end",,,,2025-12-31,recipe_period_end,,unknown,2,license|refresh_interval,
statsComparisonBusElectricVehicleCountPerKm2,期末電動車輛－每平方公里,statistics_snapshot,comparison_statistics,,county/national_county,"period_start,period_end",,,,2025-12-31,recipe_period_end,,unknown,2,license|refresh_interval,
statsComparisonBusOperatingTripCountPer10000Residents,營業行車次數－每萬名居民,statistics_snapshot,comparison_statistics,,county/national_county,"period_start,period_end",,,,2025-12-31,recipe_period_end,,unknown,2,license|refresh_interval,
statsComparisonBusOperatingTripCountPerKm2,營業行車次數－每平方公里,statistics_snapshot,comparison_statistics,,county/national_county,"period_start,period_end",,,,2025-12-31,recipe_period_end,,unknown,2,license|refresh_interval,
statsComparisonBusOperatingVehicleKmPer10000Residents,營業行車里程－每萬名居民,statistics_snapshot,comparison_statistics,,county/national_county,"period_start,period_end",,,,2025-12-31,recipe_period_end,,unknown,2,license|refresh_interval,
statsComparisonBusOperatingVehicleKmPerKm2,營業行車里程－每平方公里,statistics_snapshot,comparison_statistics,,county/national_county,"period_start,period_end",,,,2025-12-31,recipe_period_end,,unknown,2,license|refresh_interval,
statsComparisonAutomobileLicenseHoldersCountPer10000Residents,領有汽車駕照人數－每萬名居民,statistics_snapshot,comparison_statistics,,county,"period_start,period_end",,,,2024-12-31,recipe_period_end,,unknown,2,license|refresh_interval,
statsComparisonAutomobileRegisteredCountPer10000Residents,汽車登記數－每萬名居民,statistics_snapshot,comparison_statistics,,county,"period_start,period_end",,,,2024-12-31,recipe_period_end,,unknown,2,license|refresh_interval,
statsComparisonMotorcycleLicenseHoldersCountPer10000Residents,領有機車駕照人數－每萬名居民,statistics_snapshot,comparison_statistics,,county,"period_start,period_end",,,,2024-12-31,recipe_period_end,,unknown,2,license|refresh_interval,
statsComparisonMotorcycleRegisteredCountPer10000Residents,機車登記數－每萬名居民,statistics_snapshot,comparison_statistics,,county,"period_start,period_end",,,,2024-12-31,recipe_period_end,,unknown,2,license|refresh_interval,
statsComparisonOffstreetSmallCarParkingSpacesCountPer10000Residents,小型汽車路外停車位－每萬名居民,statistics_snapshot,comparison_statistics,,county,"period_start,period_end",,,,2024-12-31,recipe_period_end,,unknown,2,license|refresh_interval,
statsComparisonOnstreetSmallCarParkingSpacesCountPer10000Residents,小型汽車路邊停車位－每萬名居民,statistics_snapshot,comparison_statistics,,county,"period_start,period_end",,,,2024-12-31,recipe_period_end,,unknown,2,license|refresh_interval,
statsComparisonA1AccidentCountPer10000Residents,A1交通事故件數－每萬名居民,statistics_snapshot,comparison_statistics,,county/county_location,"period_start,period_end",,,,2025-12-31,recipe_period_end,,unknown,2,license|refresh_interval,
statsComparisonA1AccidentCountPerKm2,A1交通事故件數－每平方公里,statistics_snapshot,comparison_statistics,,county/county_location,"period_start,period_end",,,,2025-12-31,recipe_period_end,,unknown,2,license|refresh_interval,
statsComparisonA1DeathCountPer10000Residents,A1交通事故死亡人數－每萬名居民,statistics_snapshot,comparison_statistics,,county/county_location,"period_start,period_end",,,,2025-12-31,recipe_period_end,,unknown,2,license|refresh_interval,
statsComparisonA1DeathCountPerKm2,A1交通事故死亡人數－每平方公里,statistics_snapshot,comparison_statistics,,county/county_location,"period_start,period_end",,,,2025-12-31,recipe_period_end,,unknown,2,license|refresh_interval,
statsComparisonA1InjuryCountPer10000Residents,A1交通事故受傷人數－每萬名居民,statistics_snapshot,comparison_statistics,,county/county_location,"period_start,period_end",,,,2025-12-31,recipe_period_end,,unknown,2,license|refresh_interval,
statsComparisonA1InjuryCountPerKm2,A1交通事故受傷人數－每平方公里,statistics_snapshot,comparison_statistics,,county/county_location,"period_start,period_end",,,,2025-12-31,recipe_period_end,,unknown,2,license|refresh_interval,
statsComparisonWasteRecyclingVehiclesPer10000Residents,資源（含廚餘）回收車輛數－每萬名居民,statistics_snapshot,comparison_statistics,,county,"period_start,period_end",,,,2025-12-31,recipe_period_end,,unknown,2,license|refresh_interval,
statsComparisonWasteRecyclingVehiclesPerKm2,資源（含廚餘）回收車輛數－每平方公里,statistics_snapshot,comparison_statistics,,county,"period_start,period_end",,,,2025-12-31,recipe_period_end,,unknown,2,license|refresh_interval,
statsComparisonWasteTotalVehiclesPer10000Residents,垃圾清運車輛總數－每萬名居民,statistics_snapshot,comparison_statistics,,county,"period_start,period_end",,,,2025-12-31,recipe_period_end,,unknown,2,license|refresh_interval,
statsComparisonWasteTotalVehiclesPerKm2,垃圾清運車輛總數－每平方公里,statistics_snapshot,comparison_statistics,,county,"period_start,period_end",,,,2025-12-31,recipe_period_end,,unknown,2,license|refresh_interval,
statsComparisonA2AccidentCountPer10000Residents,A2 事故件數－每萬名居民,statistics_snapshot,comparison_statistics,,county/county_location,"period_start,period_end",,,,2025-12-31,recipe_period_end,,unknown,2,license|refresh_interval,
statsComparisonA2AccidentCountPerKm2,A2 事故件數－每平方公里,statistics_snapshot,comparison_statistics,,county/county_location,"period_start,period_end",,,,2025-12-31,recipe_period_end,,unknown,2,license|refresh_interval,
statsComparisonA2InjuryCountPer10000Residents,A2 事故受傷人數－每萬名居民,statistics_snapshot,comparison_statistics,,county/county_location,"period_start,period_end",,,,2025-12-31,recipe_period_end,,unknown,2,license|refresh_interval,
statsComparisonA2InjuryCountPerKm2,A2 事故受傷人數－每平方公里,statistics_snapshot,comparison_statistics,,county/county_location,"period_start,period_end",,,,2025-12-31,recipe_period_end,,unknown,2,license|refresh_interval,
statsComparisonA1A2AccidentCountPer10000Residents,A1＋A2 事故件數－每萬名居民,statistics_snapshot,comparison_statistics,,county/county_location,"period_start,period_end",,,,2025-12-31,recipe_period_end,,unknown,2,license|refresh_interval,
statsComparisonA1A2AccidentCountPerKm2,A1＋A2 事故件數－每平方公里,statistics_snapshot,comparison_statistics,,county/county_location,"period_start,period_end",,,,2025-12-31,recipe_period_end,,unknown,2,license|refresh_interval,
statsPaddyLandAreaTownship,水田用地面積,statistics_snapshot,land_use_township_statistics,政府資料開放授權條款-第1版,township/COMPLETE,"period_start,period_end",,static,,2025-12-31,recipe_period_end,,static,0,,
statsDryFieldAreaTownship,旱田用地面積,statistics_snapshot,land_use_township_statistics,政府資料開放授權條款-第1版,township/COMPLETE,"period_start,period_end",,static,,2025-12-31,recipe_period_end,,static,0,,
statsOrchardAreaTownship,果園用地面積,statistics_snapshot,land_use_township_statistics,政府資料開放授權條款-第1版,township/COMPLETE,"period_start,period_end",,static,,2025-12-31,recipe_period_end,,static,0,,
statsAgriculturalFacilityAreaTownship,農業生產設施用地面積,statistics_snapshot,land_use_township_statistics,政府資料開放授權條款-第1版,township/COMPLETE,"period_start,period_end",,static,,2025-12-31,recipe_period_end,,static,0,,
statsLivestockBuildingAreaTownship,畜禽舍用地面積,statistics_snapshot,land_use_township_statistics,政府資料開放授權條款-第1版,township/COMPLETE,"period_start,period_end",,static,,2025-12-31,recipe_period_end,,static,0,,
statsPastureAreaTownship,牧場用地面積,statistics_snapshot,land_use_township_statistics,政府資料開放授權條款-第1版,township/COMPLETE,"period_start,period_end",,static,,2025-12-31,recipe_period_end,,static,0,,
statsAquacultureLandAreaTownship,水產養殖用地面積,statistics_snapshot,land_use_township_statistics,政府資料開放授權條款-第1版,township/COMPLETE,"period_start,period_end",,static,,2025-12-31,recipe_period_end,,static,0,,
statsConiferForestAreaTownship,針葉林用地面積,statistics_snapshot,land_use_township_statistics,政府資料開放授權條款-第1版,township/COMPLETE,"period_start,period_end",,static,,2025-12-31,recipe_period_end,,static,0,,
statsBroadleafForestAreaTownship,闊葉林用地面積,statistics_snapshot,land_use_township_statistics,政府資料開放授權條款-第1版,township/COMPLETE,"period_start,period_end",,static,,2025-12-31,recipe_period_end,,static,0,,
statsBambooForestAreaTownship,竹林用地面積,statistics_snapshot,land_use_township_statistics,政府資料開放授權條款-第1版,township/COMPLETE,"period_start,period_end",,static,,2025-12-31,recipe_period_end,,static,0,,
statsMixedForestAreaTownship,混合林用地面積,statistics_snapshot,land_use_township_statistics,政府資料開放授權條款-第1版,township/COMPLETE,"period_start,period_end",,static,,2025-12-31,recipe_period_end,,static,0,,
statsRoadLandAreaTownship,道路用地面積,statistics_snapshot,land_use_township_statistics,政府資料開放授權條款-第1版,township/COMPLETE,"period_start,period_end",,static,,2025-12-31,recipe_period_end,,static,0,,
statsRailLandAreaTownship,鐵路用地面積,statistics_snapshot,land_use_township_statistics,政府資料開放授權條款-第1版,township/COMPLETE,"period_start,period_end",,static,,2025-12-31,recipe_period_end,,static,0,,
statsAirportLandAreaTownship,機場用地面積,statistics_snapshot,land_use_township_statistics,政府資料開放授權條款-第1版,township/COMPLETE,"period_start,period_end",,static,,2025-12-31,recipe_period_end,,static,0,,
statsPortLandAreaTownship,港口用地面積,statistics_snapshot,land_use_township_statistics,政府資料開放授權條款-第1版,township/COMPLETE,"period_start,period_end",,static,,2025-12-31,recipe_period_end,,static,0,,
statsCropPlantedAreaTownship,作物種植面積,statistics_snapshot,crop_township_statistics,政府資料開放授權條款-第1版,township/PARTIAL,"period_start,period_end",,yearly,527040,2025-12-31,recipe_period_end,279.00,fresh,0,,
statsCropHarvestedAreaTownship,作物收穫面積,statistics_snapshot,crop_township_statistics,政府資料開放授權條款-第1版,township/PARTIAL,"period_start,period_end",,yearly,527040,2025-12-31,recipe_period_end,279.00,fresh,0,,
statsCropProductionTownship,作物收量,statistics_snapshot,crop_township_statistics,政府資料開放授權條款-第1版,township/PARTIAL,"period_start,period_end",,yearly,527040,2025-12-31,recipe_period_end,279.00,fresh,0,,
statsCropYieldTownship,每公頃收穫量,statistics_snapshot,crop_township_statistics,政府資料開放授權條款-第1版,township/PARTIAL,"period_start,period_end",,yearly,527040,2025-12-31,recipe_period_end,279.00,fresh,0,,
statsFisheryProductionCounty,漁業生產量,statistics_snapshot,fishery_stats,政府資料開放授權條款-第1版 | OGDL-Taiwan-1.0,county/COMPLETE,"period_start,period_end",,yearly,527040,2024-12-31,recipe_period_end,644.00,fresh,0,,
statsFisheryProductionValueCounty,漁業生產值,statistics_snapshot,fishery_stats,政府資料開放授權條款-第1版 | OGDL-Taiwan-1.0,county/COMPLETE,"period_start,period_end",,yearly,527040,2024-12-31,recipe_period_end,644.00,fresh,0,,
statsAquacultureAreaCounty,水產養殖面積,statistics_snapshot,fishery_stats,政府資料開放授權條款-第1版 | OGDL-Taiwan-1.0,county/PARTIAL,"period_start,period_end",,yearly,527040,2023-12-31,recipe_period_end,1010.00,fresh,0,,
statsLivestockFarmCountTownship,畜禽飼養場數,statistics_snapshot,livestock_township_statistics,政府資料開放授權條款-第1版,township/PARTIAL,"period_start,period_end",,quarterly,132480,2026-03-31,recipe_period_end,189.00,fresh,0,,
statsLivestockHeadCountTownship,畜禽在養數量,statistics_snapshot,livestock_township_statistics,政府資料開放授權條款-第1版,township/PARTIAL,"period_start,period_end",,quarterly,132480,2026-03-31,recipe_period_end,189.00,fresh,0,,
statsEducationCountyInstitutionCount,機構或學校數,statistics_snapshot,education_county_statistics,,county,"period_start,period_end",,yearly,527040,2026-07-31,recipe_period_end,67.00,fresh,1,license,
statsEducationCountyTeacherCount,教師數,statistics_snapshot,education_county_statistics,,county,"period_start,period_end",,yearly,527040,2026-07-31,recipe_period_end,67.00,fresh,1,license,
statsEducationCountyStaffCount,職員數,statistics_snapshot,education_county_statistics,,county,"period_start,period_end",,yearly,527040,2026-07-31,recipe_period_end,67.00,fresh,1,license,
statsEducationCountyStudentCount,學生或幼生數,statistics_snapshot,education_county_statistics,,county,"period_start,period_end",,yearly,527040,2026-07-31,recipe_period_end,67.00,fresh,1,license,
statsEducationCountyClassCount,班級數,statistics_snapshot,education_county_statistics,,county,"period_start,period_end",,yearly,527040,2026-07-31,recipe_period_end,67.00,fresh,1,license,
statsEducationCountySmallSchoolCount,12班以下學校數,statistics_snapshot,education_county_statistics,,county,"period_start,period_end",,yearly,527040,2026-07-31,recipe_period_end,67.00,fresh,1,license,
statsEducationCountySmallSchoolSharePct,12班以下學校占比,statistics_snapshot,education_county_statistics,,county,"period_start,period_end",,yearly,527040,2026-07-31,recipe_period_end,67.00,fresh,1,license,
statsEducationCountyStudentTeacherRatio,生師比,statistics_snapshot,education_county_statistics,,county,"period_start,period_end",,yearly,527040,2026-07-31,recipe_period_end,67.00,fresh,1,license,
statsEducationCountyStudentsPerClass,每班學生數,statistics_snapshot,education_county_statistics,,county,"period_start,period_end",,yearly,527040,2026-07-31,recipe_period_end,67.00,fresh,1,license,
statsEducationCountyStudentYearChange,學生或幼生年增減數,statistics_snapshot,education_county_statistics,,county,"period_start,period_end",,yearly,527040,2026-07-31,recipe_period_end,67.00,fresh,1,license,
statsEducationCountyStudentYearChangePct,學生或幼生年增減率,statistics_snapshot,education_county_statistics,,county,"period_start,period_end",,yearly,527040,2026-07-31,recipe_period_end,67.00,fresh,1,license,
statsHealthHospitalCount,醫院家數,statistics_snapshot,medical_resource_statistics,,township/PARTIAL,"period_start,period_end",,yearly,527040,2025-12-31,recipe_period_end,279.00,fresh,1,license,
statsHealthHospitalBedTotal,醫院病床總數,statistics_snapshot,medical_resource_statistics,,township/PARTIAL,"period_start,period_end",,yearly,527040,2025-12-31,recipe_period_end,279.00,fresh,1,license,
statsHealthAcuteBedTotal,急性病床,statistics_snapshot,medical_resource_statistics,,township/PARTIAL,"period_start,period_end",,yearly,527040,2025-12-31,recipe_period_end,279.00,fresh,1,license,
statsHealthIcuBedTotal,加護病床,statistics_snapshot,medical_resource_statistics,,township/PARTIAL,"period_start,period_end",,yearly,527040,2025-12-31,recipe_period_end,279.00,fresh,1,license,
statsHealthHospiceBedTotal,安寧病床,statistics_snapshot,medical_resource_statistics,,township/PARTIAL,"period_start,period_end",,yearly,527040,2025-12-31,recipe_period_end,279.00,fresh,1,license,
statsHealthHealthProfessionalTotal,醫院醫事人員總計,statistics_snapshot,medical_resource_statistics,,township/PARTIAL,"period_start,period_end",,yearly,527040,2025-12-31,recipe_period_end,279.00,fresh,1,license,
statsHealthWesternPhysicianCount,醫院西醫師,statistics_snapshot,medical_resource_statistics,,township/PARTIAL,"period_start,period_end",,yearly,527040,2025-12-31,recipe_period_end,279.00,fresh,1,license,
statsHealthRegisteredNurseCount,醫院護理師,statistics_snapshot,medical_resource_statistics,,township/PARTIAL,"period_start,period_end",,yearly,527040,2025-12-31,recipe_period_end,279.00,fresh,1,license,
statsHealthNursingStaffListedAgeSexSum,一般護理之家列示護理人員欄位加總,statistics_snapshot,nursing_workforce_statistics,,county/PARTIAL,"period_start,period_end",,yearly,527040,2025-12-31,recipe_period_end,279.00,fresh,1,license,
statsHealthCareWorkerListedSexSum,一般護理之家列示照服員欄位加總,statistics_snapshot,nursing_workforce_statistics,,county/PARTIAL,"period_start,period_end",,yearly,527040,2025-12-31,recipe_period_end,279.00,fresh,1,license,
statsHealthGeneralNursingHomeOpenBeds,一般護理之家開放床數,statistics_snapshot,nursing_facility_capacity,,county/COMPLETE,"period_start,period_end",,yearly,527040,2025-12-31,recipe_period_end,279.00,fresh,1,license,
statsHealthPostpartumNursingHomeOpenBeds,產後護理之家開放護理床數,statistics_snapshot,nursing_facility_capacity,,county/COMPLETE,"period_start,period_end",,yearly,527040,2025-12-31,recipe_period_end,279.00,fresh,1,license,
statsHealthPostpartumNursingHomeOpenInfantBeds,產後護理之家開放嬰兒床數,statistics_snapshot,nursing_facility_capacity,,county/COMPLETE,"period_start,period_end",,yearly,527040,2025-12-31,recipe_period_end,279.00,fresh,1,license,
statsHealthCareWorkerRegistration,照顧服務員登錄數,statistics_snapshot,care_worker_registration_statistics,,county/COMPLETE,"period_start,period_end",,yearly,527040,2024-12-31,recipe_period_end,644.00,fresh,1,license,
statsHealthMedicalInstitutionBedsPer10000Population,醫療院所每萬人口病床數,statistics_snapshot,medical_percapita_statistics,,county/COMPLETE,"period_start,period_end",,yearly,527040,2025-12-31,recipe_period_end,279.00,fresh,1,license,
statsHealthPracticingMedicalPersonnelPer10000Population,機構每萬人口執業醫事人員數,statistics_snapshot,medical_percapita_statistics,,county/COMPLETE,"period_start,period_end",,yearly,527040,2025-12-31,recipe_period_end,279.00,fresh,1,license,
statsHousingTotalCounty,住宅總數（縣市）,statistics_snapshot,housing_use_statistics,,county/COMPLETE,"period_start,period_end",,static,,2020-11-08,recipe_period_end,,static,1,license,
statsHousingOccupiedCounty,有人經常居住住宅（縣市）,statistics_snapshot,housing_use_statistics,,county/COMPLETE,"period_start,period_end",,static,,2020-11-08,recipe_period_end,,static,1,license,
statsHousingUnoccupiedCounty,無人經常居住住宅（縣市）,statistics_snapshot,housing_use_statistics,,county/COMPLETE,"period_start,period_end",,static,,2020-11-08,recipe_period_end,,static,1,license,
statsHousingOccasionalCounty,偶爾自住住宅（縣市）,statistics_snapshot,housing_use_statistics,,county/COMPLETE,"period_start,period_end",,static,,2020-11-08,recipe_period_end,,static,1,license,
statsHousingOtherUseCounty,自住以外用途住宅（縣市）,statistics_snapshot,housing_use_statistics,,county/COMPLETE,"period_start,period_end",,static,,2020-11-08,recipe_period_end,,static,1,license,
statsHousingUnusedCounty,目前沒有使用住宅（縣市）,statistics_snapshot,housing_use_statistics,,county/COMPLETE,"period_start,period_end",,static,,2020-11-08,recipe_period_end,,static,1,license,
statsHousingResidenceOnlyCounty,有人居住住宅－住宅專用（縣市）,statistics_snapshot,housing_use_statistics,,county/COMPLETE,"period_start,period_end",,static,,2020-11-08,recipe_period_end,,static,1,license,
statsHousingMixedUseCounty,有人居住住宅－兼農工服務業用（縣市）,statistics_snapshot,housing_use_statistics,,county/COMPLETE,"period_start,period_end",,static,,2020-11-08,recipe_period_end,,static,1,license,
statsHousingOccupiedPctCounty,經常居住住宅占比（縣市）,statistics_snapshot,housing_use_statistics,,county/COMPLETE,"period_start,period_end",,static,,2020-11-08,recipe_period_end,,static,1,license,
statsHousingUnusedPctCounty,目前未使用住宅占比（縣市）,statistics_snapshot,housing_use_statistics,,county/COMPLETE,"period_start,period_end",,static,,2020-11-08,recipe_period_end,,static,1,license,
statsHousingTotalTownship,住宅總數（鄉鎮市區）,statistics_snapshot,housing_use_statistics,,township/COMPLETE,"period_start,period_end",,static,,2020-11-08,recipe_period_end,,static,1,license,
statsHousingOccupiedTownship,有人經常居住住宅（鄉鎮市區）,statistics_snapshot,housing_use_statistics,,township/COMPLETE,"period_start,period_end",,static,,2020-11-08,recipe_period_end,,static,1,license,
statsHousingUnoccupiedTownship,無人經常居住住宅（鄉鎮市區）,statistics_snapshot,housing_use_statistics,,township/COMPLETE,"period_start,period_end",,static,,2020-11-08,recipe_period_end,,static,1,license,
statsHousingOccasionalTownship,偶爾自住住宅（鄉鎮市區）,statistics_snapshot,housing_use_statistics,,township/COMPLETE,"period_start,period_end",,static,,2020-11-08,recipe_period_end,,static,1,license,
statsHousingOtherUseTownship,自住以外用途住宅（鄉鎮市區）,statistics_snapshot,housing_use_statistics,,township/COMPLETE,"period_start,period_end",,static,,2020-11-08,recipe_period_end,,static,1,license,
statsHousingUnusedTownship,目前沒有使用住宅（鄉鎮市區）,statistics_snapshot,housing_use_statistics,,township/COMPLETE,"period_start,period_end",,static,,2020-11-08,recipe_period_end,,static,1,license,
statsHousingOccupiedPctTownship,經常居住住宅占比（鄉鎮市區）,statistics_snapshot,housing_use_statistics,,township/COMPLETE,"period_start,period_end",,static,,2020-11-08,recipe_period_end,,static,1,license,
statsHousingUnusedPctTownship,目前未使用住宅占比（鄉鎮市區）,statistics_snapshot,housing_use_statistics,,township/COMPLETE,"period_start,period_end",,static,,2020-11-08,recipe_period_end,,static,1,license,
statsLaborVillageIncomeMedian,綜合所得中位數,statistics_snapshot,labor_statistics,政府資料開放授權條款-第1版,village/PARTIAL,"period_start,period_end",,yearly,527040,2023-12-31,recipe_period_end,1010.00,fresh,0,,
statsLaborCountyAnnualSalaryMedian,全年總薪資中位數,statistics_snapshot,labor_statistics,政府資料開放授權條款-第1版,county/PARTIAL,"period_start,period_end",,yearly,527040,2024-12-31,recipe_period_end,644.00,fresh,0,,
statsLaborCountyLaborForce,勞動力,statistics_snapshot,labor_statistics,政府資料開放授權條款-第1版,county/PARTIAL,"period_start,period_end",,yearly,527040,2026-06-30,recipe_period_end,98.00,fresh,0,,
statsLaborCountyEmployment,就業者,statistics_snapshot,labor_statistics,政府資料開放授權條款-第1版,county/PARTIAL,"period_start,period_end",,yearly,527040,2026-06-30,recipe_period_end,98.00,fresh,0,,
statsLaborCountyUnemployment,失業者,statistics_snapshot,labor_statistics,政府資料開放授權條款-第1版,county/PARTIAL,"period_start,period_end",,yearly,527040,2026-06-30,recipe_period_end,98.00,fresh,0,,
statsLaborCountyNonLaborForce,非勞動力,statistics_snapshot,labor_statistics,政府資料開放授權條款-第1版,county/PARTIAL,"period_start,period_end",,yearly,527040,2026-06-30,recipe_period_end,98.00,fresh,0,,
statsLaborCountyParticipationRate,勞動力參與率,statistics_snapshot,labor_statistics,政府資料開放授權條款-第1版,county/PARTIAL,"period_start,period_end",,yearly,527040,2026-06-30,recipe_period_end,98.00,fresh,0,,
statsLaborCountyUnemploymentRate,失業率,statistics_snapshot,labor_statistics,政府資料開放授權條款-第1版,county/PARTIAL,"period_start,period_end",,yearly,527040,2026-06-30,recipe_period_end,98.00,fresh,0,,
statsLaborCountyEmploymentByIndustry,就業者之行業,statistics_snapshot,labor_statistics,政府資料開放授權條款-第1版,county/PARTIAL,"period_start,period_end",,yearly,527040,2026-06-30,recipe_period_end,98.00,fresh,0,,
statsComplaintsCounty,公害陳情案件數,statistics_snapshot,pollution_complaints_county,政府資料開放授權條款-第1版,county,"period_start,period_end",,yearly,527040,2025-12-31,recipe_period_end,279.00,fresh,0,,
statsComplaintTargetCounty,公害陳情案件數（依陳情對象）,statistics_snapshot,pollution_complaints_county,政府資料開放授權條款-第1版,county,"period_start,period_end",,yearly,527040,2025-12-31,recipe_period_end,279.00,fresh,0,,
statsComplaintCasesPndCounty,公害陳情件數,statistics_snapshot,pollution_complaint_frequency_county,政府資料開放授權條款-第1版,county,"period_start,period_end",,yearly,527040,2025-12-31,recipe_period_end,279.00,fresh,0,,
statsComplaintPopulationCounty,人口數（來源自帶）,statistics_snapshot,pollution_complaint_frequency_county,政府資料開放授權條款-第1版,county,"period_start,period_end",,yearly,527040,2025-12-31,recipe_period_end,279.00,fresh,0,,
statsComplaintsPer10kCounty,每萬人公害陳情件數（來源自帶）,statistics_snapshot,pollution_complaint_frequency_county,政府資料開放授權條款-第1版,county,"period_start,period_end",,yearly,527040,2025-12-31,recipe_period_end,279.00,fresh,0,,
statsEnvInspectionsCounty,環保稽查次數,statistics_snapshot,environmental_inspections_county,政府資料開放授權條款-第1版,county,"period_start,period_end",,yearly,527040,2025-12-31,recipe_period_end,279.00,fresh,0,,
statsEnvFineCasesCounty,環保罰鍰次數,statistics_snapshot,environmental_fines_county,政府資料開放授權條款-第1版,county,"period_start,period_end",,yearly,527040,2025-12-31,recipe_period_end,279.00,fresh,0,,
statsEnvFineAmountCounty,環保罰鍰金額,statistics_snapshot,environmental_fines_county,政府資料開放授權條款-第1版,county,"period_start,period_end",,yearly,527040,2025-12-31,recipe_period_end,279.00,fresh,0,,
statsEnvFineCollectedCounty,環保實收罰鍰,statistics_snapshot,environmental_fines_county,政府資料開放授權條款-第1版,county,"period_start,period_end",,yearly,527040,2025-12-31,recipe_period_end,279.00,fresh,0,,
statsAqiPoorRatioCounty,空品不良站日比率（AQI>100）,statistics_snapshot,air_quality_aqi_county,政府資料開放授權條款-第1版,county,"period_start,period_end",,yearly,527040,2025-12-31,recipe_period_end,279.00,fresh,0,,
statsSoilControlAreaCounty,污染控制場址期末面積,statistics_snapshot,soil_groundwater_sites_county,政府資料開放授權條款-第1版,county,"period_start,period_end",,yearly,527040,2025-12-31,recipe_period_end,279.00,fresh,0,,
statsSoilRemediationAreaCounty,污染整治場址期末面積,statistics_snapshot,soil_groundwater_sites_county,政府資料開放授權條款-第1版,county,"period_start,period_end",,yearly,527040,2025-12-31,recipe_period_end,279.00,fresh,0,,
statsWasteGeneratedCounty,一般廢棄物總產生量,statistics_snapshot,waste_generation_county,政府資料開放授權條款-第1版,county,"period_start,period_end",,yearly,527040,2025-12-31,recipe_period_end,279.00,fresh,0,,
statsWastePerCapitaCounty,平均每人每日一般廢棄物產生量,statistics_snapshot,waste_generation_county,政府資料開放授權條款-第1版,county,"period_start,period_end",,yearly,527040,2025-12-31,recipe_period_end,279.00,fresh,0,,
statsGeneralGarbageCounty,一般垃圾量（清理量）,statistics_snapshot,waste_clearance_county,政府資料開放授權條款-第1版,county,"period_start,period_end",,yearly,527040,2025-12-31,recipe_period_end,279.00,fresh,0,,
statsFoodWasteCounty,廚餘量,statistics_snapshot,waste_clearance_county,政府資料開放授權條款-第1版,county,"period_start,period_end",,yearly,527040,2025-12-31,recipe_period_end,279.00,fresh,0,,
statsRecyclingAmountCounty,執行機關資源回收量,statistics_snapshot,resource_recycling_county,政府資料開放授權條款-第1版,county,"period_start,period_end",,yearly,527040,2025-12-31,recipe_period_end,279.00,fresh,0,,
statsResponsibleEnterprisesCounty,責任業者列管家數,statistics_snapshot,responsible_enterprises_county,政府資料開放授權條款-第1版,county,"period_start,period_end",,yearly,527040,2026-10-02,recipe_period_end,4.00,fresh,0,,
statsTapWaterTestsCounty,自來水檢驗件數,statistics_snapshot,tap_water_quality_county,政府資料開放授權條款-第1版,county,"period_start,period_end",,yearly,527040,2025-12-31,recipe_period_end,279.00,fresh,0,,
statsTapWaterFailuresCounty,自來水不合格件數,statistics_snapshot,tap_water_quality_county,政府資料開放授權條款-第1版,county,"period_start,period_end",,yearly,527040,2025-12-31,recipe_period_end,279.00,fresh,0,,
statsTapWaterFailureRateCounty,自來水不合格率,statistics_snapshot,tap_water_quality_county,政府資料開放授權條款-第1版,county,"period_start,period_end",,yearly,527040,2025-12-31,recipe_period_end,279.00,fresh,0,,
statsBodGeneratedCounty,廢（污）水 BOD 產生量,statistics_snapshot,wastewater_bod_county,政府資料開放授權條款-第1版,county,"period_start,period_end",,yearly,527040,2025-12-31,recipe_period_end,279.00,fresh,0,,
statsBodDischargedCounty,廢（污）水 BOD 排放量,statistics_snapshot,wastewater_bod_county,政府資料開放授權條款-第1版,county,"period_start,period_end",,yearly,527040,2025-12-31,recipe_period_end,279.00,fresh,0,,
statsSewerConnectionCounty,公共污水下水道用戶接管普及率,statistics_snapshot,sewer_connection_county,政府資料開放授權條款-第1版,county,"period_start,period_end",,yearly,527040,2024-12-31,recipe_period_end,644.00,fresh,0,,
statsSewageTreatmentCounty,整體污水處理率,statistics_snapshot,sewer_connection_county,政府資料開放授權條款-第1版,county,"period_start,period_end",,yearly,527040,2024-12-31,recipe_period_end,644.00,fresh,0,,
statsMotorArrivalRateCounty,機車定檢到檢率,statistics_snapshot,motorcycle_inspection_county,政府資料開放授權條款-第1版,county,"period_start,period_end",,yearly,527040,2025-12-31,recipe_period_end,279.00,fresh,0,,
statsMotorNotifiedCounty,機車應到檢數,statistics_snapshot,motorcycle_inspection_county,政府資料開放授權條款-第1版,county,"period_start,period_end",,yearly,527040,2025-12-31,recipe_period_end,279.00,fresh,0,,
statsMotorTestedCounty,機車實際檢測數,statistics_snapshot,motorcycle_inspection_county,政府資料開放授權條款-第1版,county,"period_start,period_end",,yearly,527040,2025-12-31,recipe_period_end,279.00,fresh,0,,
statsBurningComplaintsCounty,燃燒行為陳情件數（異味類）,statistics_snapshot,burning_complaints_county,政府資料開放授權條款-第1版,county,"period_start,period_end",,yearly,527040,2025-12-31,recipe_period_end,279.00,fresh,0,,
statsComplaintsPer10kDerivedCounty,公害陳情件數每萬人,statistics_snapshot,environment_ratios_county,政府資料開放授權條款-第1版,county,"period_start,period_end",,yearly,527040,2025-12-31,recipe_period_end,279.00,fresh,0,,
statsBurningComplaintsPer10kCounty,燃燒行為陳情件數（異味類）每萬人,statistics_snapshot,environment_ratios_county,政府資料開放授權條款-第1版,county,"period_start,period_end",,yearly,527040,2025-12-31,recipe_period_end,279.00,fresh,0,,
statsEnvInspectionsPerFacilityCounty,每列管設施環保稽查次數,statistics_snapshot,environment_ratios_county,政府資料開放授權條款-第1版,county,"period_start,period_end",,yearly,527040,2025-12-31,recipe_period_end,279.00,fresh,0,,
statsEnvFineRateCounty,環保罰鍰裁處率（罰鍰次數÷稽查次數）,statistics_snapshot,environment_ratios_county,政府資料開放授權條款-第1版,county,"period_start,period_end",,yearly,527040,2025-12-31,recipe_period_end,279.00,fresh,0,,
statsWasteGeneratedPer10kCounty,一般廢棄物產生量每萬人,statistics_snapshot,waste_ratios_county,政府資料開放授權條款-第1版,county,"period_start,period_end",,yearly,527040,2025-12-31,recipe_period_end,279.00,fresh,0,,
statsGeneralGarbagePer10kCounty,一般垃圾量（清理量）每萬人,statistics_snapshot,waste_ratios_county,政府資料開放授權條款-第1版,county,"period_start,period_end",,yearly,527040,2025-12-31,recipe_period_end,279.00,fresh,0,,
statsRecyclingPer10kCounty,執行機關資源回收量每萬人,statistics_snapshot,waste_ratios_county,政府資料開放授權條款-第1版,county,"period_start,period_end",,yearly,527040,2025-12-31,recipe_period_end,279.00,fresh,0,,
statsBodDischargedPerKm2County,廢（污）水 BOD 排放量每平方公里,statistics_snapshot,water_ratios_county,政府資料開放授權條款-第1版,county,"period_start,period_end",,yearly,527040,2025-12-31,recipe_period_end,279.00,fresh,0,,
statsDemographicsCountyPopulationTotal,戶籍人口數（縣市）,statistics_snapshot,household_registration_population,,county/COMPLETE,"period_start,period_end",,,,2026-08-31,recipe_period_end,,unknown,2,license|refresh_interval,
statsDemographicsCountyHouseholdCount,戶數（縣市）,statistics_snapshot,household_registration_population,,county/COMPLETE,"period_start,period_end",,,,2026-08-31,recipe_period_end,,unknown,2,license|refresh_interval,
statsDemographicsCountyHouseholdSize,戶量（平均每戶人口）（縣市）,statistics_snapshot,household_registration_population,,county/COMPLETE,"period_start,period_end",,,,2026-08-31,recipe_period_end,,unknown,2,license|refresh_interval,
statsDemographicsCountyPopulationDensity,人口密度（縣市）,statistics_snapshot,household_registration_population,,county/COMPLETE,"period_start,period_end",,,,2026-08-31,recipe_period_end,,unknown,2,license|refresh_interval,
statsDemographicsTownshipPopulationTotal,戶籍人口數（鄉鎮市區）,statistics_snapshot,household_registration_population,,township/COMPLETE,"period_start,period_end",,,,2026-08-31,recipe_period_end,,unknown,2,license|refresh_interval,
statsDemographicsTownshipHouseholdCount,戶數（鄉鎮市區）,statistics_snapshot,household_registration_population,,township/COMPLETE,"period_start,period_end",,,,2026-08-31,recipe_period_end,,unknown,2,license|refresh_interval,
statsDemographicsTownshipHouseholdSize,戶量（平均每戶人口）（鄉鎮市區）,statistics_snapshot,household_registration_population,,township/COMPLETE,"period_start,period_end",,,,2026-08-31,recipe_period_end,,unknown,2,license|refresh_interval,
statsDemographicsTownshipPopulationDensity,人口密度（鄉鎮市區）,statistics_snapshot,household_registration_population,,township/COMPLETE,"period_start,period_end",,,,2026-08-31,recipe_period_end,,unknown,2,license|refresh_interval,
statsDemographicsVillagePopulationTotal,戶籍人口數（村里）,statistics_snapshot,household_registration_population,,village/COMPLETE,"period_start,period_end",,,,2026-08-31,recipe_period_end,,unknown,2,license|refresh_interval,
statsDemographicsVillageHouseholdCount,戶數（村里）,statistics_snapshot,household_registration_population,,village/COMPLETE,"period_start,period_end",,,,2026-08-31,recipe_period_end,,unknown,2,license|refresh_interval,
statsDemographicsVillageHouseholdSize,戶量（平均每戶人口）（村里）,statistics_snapshot,household_registration_population,,village/COMPLETE,"period_start,period_end",,,,2026-08-31,recipe_period_end,,unknown,2,license|refresh_interval,
statsDemographicsVillagePopulationDensity,人口密度（村里）,statistics_snapshot,household_registration_population,,village/COMPLETE,"period_start,period_end",,,,2026-08-31,recipe_period_end,,unknown,2,license|refresh_interval,
statsDemographicsCountyPopAge0To14,0-14 歲人口數（縣市）,statistics_snapshot,population_age_structure,,county/COMPLETE,"period_start,period_end",,,,2026-08-31,recipe_period_end,,unknown,2,license|refresh_interval,
statsDemographicsCountyPopAge15To64,15-64 歲人口數（縣市）,statistics_snapshot,population_age_structure,,county/COMPLETE,"period_start,period_end",,,,2026-08-31,recipe_period_end,,unknown,2,license|refresh_interval,
statsDemographicsCountyPopAge65Plus,65 歲以上人口數（縣市）,statistics_snapshot,population_age_structure,,county/COMPLETE,"period_start,period_end",,,,2026-08-31,recipe_period_end,,unknown,2,license|refresh_interval,
statsDemographicsCountyShareAge0To14,0-14 歲人口占比（縣市）,statistics_snapshot,population_age_structure,,county/COMPLETE,"period_start,period_end",,,,2026-08-31,recipe_period_end,,unknown,2,license|refresh_interval,
statsDemographicsCountyShareAge15To64,15-64 歲人口占比（縣市）,statistics_snapshot,population_age_structure,,county/COMPLETE,"period_start,period_end",,,,2026-08-31,recipe_period_end,,unknown,2,license|refresh_interval,
statsDemographicsCountyShareAge65Plus,65 歲以上人口占比（縣市）,statistics_snapshot,population_age_structure,,county/COMPLETE,"period_start,period_end",,,,2026-08-31,recipe_period_end,,unknown,2,license|refresh_interval,
statsDemographicsCountyAgingIndex,老化指數（縣市）,statistics_snapshot,population_age_structure,,county/COMPLETE,"period_start,period_end",,,,2026-08-31,recipe_period_end,,unknown,2,license|refresh_interval,
statsDemographicsCountyDependencyRatio,扶養比（縣市）,statistics_snapshot,population_age_structure,,county/COMPLETE,"period_start,period_end",,,,2026-08-31,recipe_period_end,,unknown,2,license|refresh_interval,
statsDemographicsCountyChildDependencyRatio,扶幼比（縣市）,statistics_snapshot,population_age_structure,,county/COMPLETE,"period_start,period_end",,,,2026-08-31,recipe_period_end,,unknown,2,license|refresh_interval,
statsDemographicsCountyOldDependencyRatio,扶老比（縣市）,statistics_snapshot,population_age_structure,,county/COMPLETE,"period_start,period_end",,,,2026-08-31,recipe_period_end,,unknown,2,license|refresh_interval,
statsDemographicsCountySexRatio,性比例（縣市）,statistics_snapshot,population_age_structure,,county/COMPLETE,"period_start,period_end",,,,2026-08-31,recipe_period_end,,unknown,2,license|refresh_interval,
statsDemographicsCountyMedianAge,年齡中位數（縣市）,statistics_snapshot,population_age_structure,,county/COMPLETE,"period_start,period_end",,,,2026-08-31,recipe_period_end,,unknown,2,license|refresh_interval,
statsDemographicsTownshipPopAge0To14,0-14 歲人口數（鄉鎮市區）,statistics_snapshot,population_age_structure,,township/COMPLETE,"period_start,period_end",,,,2026-08-31,recipe_period_end,,unknown,2,license|refresh_interval,
statsDemographicsTownshipPopAge15To64,15-64 歲人口數（鄉鎮市區）,statistics_snapshot,population_age_structure,,township/COMPLETE,"period_start,period_end",,,,2026-08-31,recipe_period_end,,unknown,2,license|refresh_interval,
statsDemographicsTownshipPopAge65Plus,65 歲以上人口數（鄉鎮市區）,statistics_snapshot,population_age_structure,,township/COMPLETE,"period_start,period_end",,,,2026-08-31,recipe_period_end,,unknown,2,license|refresh_interval,
statsDemographicsTownshipShareAge0To14,0-14 歲人口占比（鄉鎮市區）,statistics_snapshot,population_age_structure,,township/COMPLETE,"period_start,period_end",,,,2026-08-31,recipe_period_end,,unknown,2,license|refresh_interval,
statsDemographicsTownshipShareAge15To64,15-64 歲人口占比（鄉鎮市區）,statistics_snapshot,population_age_structure,,township/COMPLETE,"period_start,period_end",,,,2026-08-31,recipe_period_end,,unknown,2,license|refresh_interval,
statsDemographicsTownshipShareAge65Plus,65 歲以上人口占比（鄉鎮市區）,statistics_snapshot,population_age_structure,,township/COMPLETE,"period_start,period_end",,,,2026-08-31,recipe_period_end,,unknown,2,license|refresh_interval,
statsDemographicsTownshipAgingIndex,老化指數（鄉鎮市區）,statistics_snapshot,population_age_structure,,township/COMPLETE,"period_start,period_end",,,,2026-08-31,recipe_period_end,,unknown,2,license|refresh_interval,
statsDemographicsTownshipDependencyRatio,扶養比（鄉鎮市區）,statistics_snapshot,population_age_structure,,township/COMPLETE,"period_start,period_end",,,,2026-08-31,recipe_period_end,,unknown,2,license|refresh_interval,
statsDemographicsTownshipChildDependencyRatio,扶幼比（鄉鎮市區）,statistics_snapshot,population_age_structure,,township/COMPLETE,"period_start,period_end",,,,2026-08-31,recipe_period_end,,unknown,2,license|refresh_interval,
statsDemographicsTownshipOldDependencyRatio,扶老比（鄉鎮市區）,statistics_snapshot,population_age_structure,,township/COMPLETE,"period_start,period_end",,,,2026-08-31,recipe_period_end,,unknown,2,license|refresh_interval,
statsDemographicsTownshipSexRatio,性比例（鄉鎮市區）,statistics_snapshot,population_age_structure,,township/COMPLETE,"period_start,period_end",,,,2026-08-31,recipe_period_end,,unknown,2,license|refresh_interval,
statsDemographicsTownshipMedianAge,年齡中位數（鄉鎮市區）,statistics_snapshot,population_age_structure,,township/COMPLETE,"period_start,period_end",,,,2026-08-31,recipe_period_end,,unknown,2,license|refresh_interval,
statsDemographicsVillagePopAge0To14,0-14 歲人口數（村里）,statistics_snapshot,population_age_structure,,village/COMPLETE,"period_start,period_end",,,,2026-08-31,recipe_period_end,,unknown,2,license|refresh_interval,
statsDemographicsVillagePopAge15To64,15-64 歲人口數（村里）,statistics_snapshot,population_age_structure,,village/COMPLETE,"period_start,period_end",,,,2026-08-31,recipe_period_end,,unknown,2,license|refresh_interval,
statsDemographicsVillagePopAge65Plus,65 歲以上人口數（村里）,statistics_snapshot,population_age_structure,,village/COMPLETE,"period_start,period_end",,,,2026-08-31,recipe_period_end,,unknown,2,license|refresh_interval,
statsDemographicsVillageShareAge0To14,0-14 歲人口占比（村里）,statistics_snapshot,population_age_structure,,village/COMPLETE,"period_start,period_end",,,,2026-08-31,recipe_period_end,,unknown,2,license|refresh_interval,
statsDemographicsVillageShareAge15To64,15-64 歲人口占比（村里）,statistics_snapshot,population_age_structure,,village/COMPLETE,"period_start,period_end",,,,2026-08-31,recipe_period_end,,unknown,2,license|refresh_interval,
statsDemographicsVillageShareAge65Plus,65 歲以上人口占比（村里）,statistics_snapshot,population_age_structure,,village/COMPLETE,"period_start,period_end",,,,2026-08-31,recipe_period_end,,unknown,2,license|refresh_interval,
statsDemographicsVillageAgingIndex,老化指數（村里）,statistics_snapshot,population_age_structure,,village/PARTIAL,"period_start,period_end",,,,2026-08-31,recipe_period_end,,unknown,2,license|refresh_interval,
statsDemographicsVillageDependencyRatio,扶養比（村里）,statistics_snapshot,population_age_structure,,village/COMPLETE,"period_start,period_end",,,,2026-08-31,recipe_period_end,,unknown,2,license|refresh_interval,
statsDemographicsVillageChildDependencyRatio,扶幼比（村里）,statistics_snapshot,population_age_structure,,village/COMPLETE,"period_start,period_end",,,,2026-08-31,recipe_period_end,,unknown,2,license|refresh_interval,
statsDemographicsVillageOldDependencyRatio,扶老比（村里）,statistics_snapshot,population_age_structure,,village/COMPLETE,"period_start,period_end",,,,2026-08-31,recipe_period_end,,unknown,2,license|refresh_interval,
statsDemographicsVillageSexRatio,性比例（村里）,statistics_snapshot,population_age_structure,,village/COMPLETE,"period_start,period_end",,,,2026-08-31,recipe_period_end,,unknown,2,license|refresh_interval,
statsDemographicsVillageMedianAge,年齡中位數（村里）,statistics_snapshot,population_age_structure,,village/COMPLETE,"period_start,period_end",,,,2026-08-31,recipe_period_end,,unknown,2,license|refresh_interval,
statsDemographicsCountyBirths,出生數（縣市）,statistics_snapshot,population_vital_events,,county/COMPLETE,"period_start,period_end",,,,2025-12-31,recipe_period_end,,unknown,2,license|refresh_interval,
statsDemographicsCountyDeaths,死亡數（縣市）,statistics_snapshot,population_vital_events,,county/COMPLETE,"period_start,period_end",,,,2025-12-31,recipe_period_end,,unknown,2,license|refresh_interval,
statsDemographicsCountyNaturalIncrease,自然增加數（縣市）,statistics_snapshot,population_vital_events,,county/COMPLETE,"period_start,period_end",,,,2025-12-31,recipe_period_end,,unknown,2,license|refresh_interval,
statsDemographicsCountyMarriages,結婚對數（縣市）,statistics_snapshot,population_vital_events,,county/COMPLETE,"period_start,period_end",,,,2025-12-31,recipe_period_end,,unknown,2,license|refresh_interval,
statsDemographicsCountyDivorces,離婚對數（縣市）,statistics_snapshot,population_vital_events,,county/COMPLETE,"period_start,period_end",,,,2025-12-31,recipe_period_end,,unknown,2,license|refresh_interval,
statsDemographicsCountyCrudeBirthRate,粗出生率（縣市）,statistics_snapshot,population_vital_events,,county/COMPLETE,"period_start,period_end",,,,2025-12-31,recipe_period_end,,unknown,2,license|refresh_interval,
statsDemographicsCountyCrudeDeathRate,粗死亡率（縣市）,statistics_snapshot,population_vital_events,,county/COMPLETE,"period_start,period_end",,,,2025-12-31,recipe_period_end,,unknown,2,license|refresh_interval,
statsDemographicsCountyNaturalIncreaseRate,自然增加率（縣市）,statistics_snapshot,population_vital_events,,county/COMPLETE,"period_start,period_end",,,,2025-12-31,recipe_period_end,,unknown,2,license|refresh_interval,
statsDemographicsCountyCrudeMarriageRate,粗結婚率（縣市）,statistics_snapshot,population_vital_events,,county/COMPLETE,"period_start,period_end",,,,2025-12-31,recipe_period_end,,unknown,2,license|refresh_interval,
statsDemographicsCountyCrudeDivorceRate,粗離婚率（縣市）,statistics_snapshot,population_vital_events,,county/COMPLETE,"period_start,period_end",,,,2025-12-31,recipe_period_end,,unknown,2,license|refresh_interval,
statsDemographicsCountyBirthsYtd,出生數（115 年 1–8 月累計）（縣市）,statistics_snapshot,population_vital_events,,county/COMPLETE,"period_start,period_end",,,,2026-08-31,recipe_period_end,,unknown,2,license|refresh_interval,
statsDemographicsCountyDeathsYtd,死亡數（115 年 1–8 月累計）（縣市）,statistics_snapshot,population_vital_events,,county/COMPLETE,"period_start,period_end",,,,2026-08-31,recipe_period_end,,unknown,2,license|refresh_interval,
statsDemographicsCountyNaturalIncreaseYtd,自然增加數（115 年 1–8 月累計）（縣市）,statistics_snapshot,population_vital_events,,county/COMPLETE,"period_start,period_end",,,,2026-08-31,recipe_period_end,,unknown,2,license|refresh_interval,
statsDemographicsCountyMarriagesYtd,結婚對數（115 年 1–8 月累計）（縣市）,statistics_snapshot,population_vital_events,,county/COMPLETE,"period_start,period_end",,,,2026-08-31,recipe_period_end,,unknown,2,license|refresh_interval,
statsDemographicsCountyDivorcesYtd,離婚對數（115 年 1–8 月累計）（縣市）,statistics_snapshot,population_vital_events,,county/COMPLETE,"period_start,period_end",,,,2026-08-31,recipe_period_end,,unknown,2,license|refresh_interval,
statsDemographicsTownshipBirths,出生數（鄉鎮市區）,statistics_snapshot,population_vital_events,,township/COMPLETE,"period_start,period_end",,,,2025-12-31,recipe_period_end,,unknown,2,license|refresh_interval,
statsDemographicsTownshipDeaths,死亡數（鄉鎮市區）,statistics_snapshot,population_vital_events,,township/COMPLETE,"period_start,period_end",,,,2025-12-31,recipe_period_end,,unknown,2,license|refresh_interval,
statsDemographicsTownshipNaturalIncrease,自然增加數（鄉鎮市區）,statistics_snapshot,population_vital_events,,township/COMPLETE,"period_start,period_end",,,,2025-12-31,recipe_period_end,,unknown,2,license|refresh_interval,
statsDemographicsTownshipMarriages,結婚對數（鄉鎮市區）,statistics_snapshot,population_vital_events,,township/COMPLETE,"period_start,period_end",,,,2025-12-31,recipe_period_end,,unknown,2,license|refresh_interval,
statsDemographicsTownshipDivorces,離婚對數（鄉鎮市區）,statistics_snapshot,population_vital_events,,township/COMPLETE,"period_start,period_end",,,,2025-12-31,recipe_period_end,,unknown,2,license|refresh_interval,
statsDemographicsTownshipCrudeBirthRate,粗出生率（鄉鎮市區）,statistics_snapshot,population_vital_events,,township/COMPLETE,"period_start,period_end",,,,2025-12-31,recipe_period_end,,unknown,2,license|refresh_interval,
statsDemographicsTownshipCrudeDeathRate,粗死亡率（鄉鎮市區）,statistics_snapshot,population_vital_events,,township/COMPLETE,"period_start,period_end",,,,2025-12-31,recipe_period_end,,unknown,2,license|refresh_interval,
statsDemographicsTownshipNaturalIncreaseRate,自然增加率（鄉鎮市區）,statistics_snapshot,population_vital_events,,township/COMPLETE,"period_start,period_end",,,,2025-12-31,recipe_period_end,,unknown,2,license|refresh_interval,
statsDemographicsTownshipCrudeMarriageRate,粗結婚率（鄉鎮市區）,statistics_snapshot,population_vital_events,,township/COMPLETE,"period_start,period_end",,,,2025-12-31,recipe_period_end,,unknown,2,license|refresh_interval,
statsDemographicsTownshipCrudeDivorceRate,粗離婚率（鄉鎮市區）,statistics_snapshot,population_vital_events,,township/COMPLETE,"period_start,period_end",,,,2025-12-31,recipe_period_end,,unknown,2,license|refresh_interval,
statsDemographicsTownshipBirthsYtd,出生數（115 年 1–8 月累計）（鄉鎮市區）,statistics_snapshot,population_vital_events,,township/COMPLETE,"period_start,period_end",,,,2026-08-31,recipe_period_end,,unknown,2,license|refresh_interval,
statsDemographicsTownshipDeathsYtd,死亡數（115 年 1–8 月累計）（鄉鎮市區）,statistics_snapshot,population_vital_events,,township/COMPLETE,"period_start,period_end",,,,2026-08-31,recipe_period_end,,unknown,2,license|refresh_interval,
statsDemographicsTownshipNaturalIncreaseYtd,自然增加數（115 年 1–8 月累計）（鄉鎮市區）,statistics_snapshot,population_vital_events,,township/COMPLETE,"period_start,period_end",,,,2026-08-31,recipe_period_end,,unknown,2,license|refresh_interval,
statsDemographicsTownshipMarriagesYtd,結婚對數（115 年 1–8 月累計）（鄉鎮市區）,statistics_snapshot,population_vital_events,,township/COMPLETE,"period_start,period_end",,,,2026-08-31,recipe_period_end,,unknown,2,license|refresh_interval,
statsDemographicsTownshipDivorcesYtd,離婚對數（115 年 1–8 月累計）（鄉鎮市區）,statistics_snapshot,population_vital_events,,township/COMPLETE,"period_start,period_end",,,,2026-08-31,recipe_period_end,,unknown,2,license|refresh_interval,
statsDemographicsCountyInMigration,遷入人數（縣市）,statistics_snapshot,population_migration,,county/COMPLETE,"period_start,period_end",,,,2025-12-31,recipe_period_end,,unknown,2,license|refresh_interval,
statsDemographicsCountyOutMigration,遷出人數（縣市）,statistics_snapshot,population_migration,,county/COMPLETE,"period_start,period_end",,,,2025-12-31,recipe_period_end,,unknown,2,license|refresh_interval,
statsDemographicsCountyNetMigration,淨遷徙人數（社會增加數）（縣市）,statistics_snapshot,population_migration,,county/COMPLETE,"period_start,period_end",,,,2025-12-31,recipe_period_end,,unknown,2,license|refresh_interval,
statsDemographicsCountyNetMigrationRate,社會增加率（縣市）,statistics_snapshot,population_migration,,county/COMPLETE,"period_start,period_end",,,,2025-12-31,recipe_period_end,,unknown,2,license|refresh_interval,
statsDemographicsCountyInMigrationYtd,遷入人數（115 年 1–8 月累計）（縣市）,statistics_snapshot,population_migration,,county/COMPLETE,"period_start,period_end",,,,2026-08-31,recipe_period_end,,unknown,2,license|refresh_interval,
statsDemographicsCountyOutMigrationYtd,遷出人數（115 年 1–8 月累計）（縣市）,statistics_snapshot,population_migration,,county/COMPLETE,"period_start,period_end",,,,2026-08-31,recipe_period_end,,unknown,2,license|refresh_interval,
statsDemographicsCountyNetMigrationYtd,淨遷徙人數（社會增加數）（115 年 1–8 月累計）（縣市）,statistics_snapshot,population_migration,,county/COMPLETE,"period_start,period_end",,,,2026-08-31,recipe_period_end,,unknown,2,license|refresh_interval,
statsDemographicsTownshipInMigration,遷入人數（鄉鎮市區）,statistics_snapshot,population_migration,,township/COMPLETE,"period_start,period_end",,,,2025-12-31,recipe_period_end,,unknown,2,license|refresh_interval,
statsDemographicsTownshipOutMigration,遷出人數（鄉鎮市區）,statistics_snapshot,population_migration,,township/COMPLETE,"period_start,period_end",,,,2025-12-31,recipe_period_end,,unknown,2,license|refresh_interval,
statsDemographicsTownshipNetMigration,淨遷徙人數（社會增加數）（鄉鎮市區）,statistics_snapshot,population_migration,,township/COMPLETE,"period_start,period_end",,,,2025-12-31,recipe_period_end,,unknown,2,license|refresh_interval,
statsDemographicsTownshipNetMigrationRate,社會增加率（鄉鎮市區）,statistics_snapshot,population_migration,,township/COMPLETE,"period_start,period_end",,,,2025-12-31,recipe_period_end,,unknown,2,license|refresh_interval,
statsDemographicsTownshipInMigrationYtd,遷入人數（115 年 1–8 月累計）（鄉鎮市區）,statistics_snapshot,population_migration,,township/COMPLETE,"period_start,period_end",,,,2026-08-31,recipe_period_end,,unknown,2,license|refresh_interval,
statsDemographicsTownshipOutMigrationYtd,遷出人數（115 年 1–8 月累計）（鄉鎮市區）,statistics_snapshot,population_migration,,township/COMPLETE,"period_start,period_end",,,,2026-08-31,recipe_period_end,,unknown,2,license|refresh_interval,
statsDemographicsTownshipNetMigrationYtd,淨遷徙人數（社會增加數）（115 年 1–8 月累計）（鄉鎮市區）,statistics_snapshot,population_migration,,township/COMPLETE,"period_start,period_end",,,,2026-08-31,recipe_period_end,,unknown,2,license|refresh_interval,
statsDemographicsCountyIndigenousPopulation,原住民人口數（縣市）,statistics_snapshot,indigenous_population,,county/COMPLETE,"period_start,period_end",,,,2026-08-31,recipe_period_end,,unknown,2,license|refresh_interval,
statsDemographicsCountyIndigenousPlainPopulation,平地原住民人口數（縣市）,statistics_snapshot,indigenous_population,,county/COMPLETE,"period_start,period_end",,,,2026-08-31,recipe_period_end,,unknown,2,license|refresh_interval,
statsDemographicsCountyIndigenousMountainPopulation,山地原住民人口數（縣市）,statistics_snapshot,indigenous_population,,county/COMPLETE,"period_start,period_end",,,,2026-08-31,recipe_period_end,,unknown,2,license|refresh_interval,
statsDemographicsCountyIndigenousShare,原住民人口占比（縣市）,statistics_snapshot,indigenous_population,,county/COMPLETE,"period_start,period_end",,,,2026-08-31,recipe_period_end,,unknown,2,license|refresh_interval,
statsDemographicsTownshipIndigenousPopulation,原住民人口數（鄉鎮市區）,statistics_snapshot,indigenous_population,,township/COMPLETE,"period_start,period_end",,,,2026-08-31,recipe_period_end,,unknown,2,license|refresh_interval,
statsDemographicsTownshipIndigenousPlainPopulation,平地原住民人口數（鄉鎮市區）,statistics_snapshot,indigenous_population,,township/COMPLETE,"period_start,period_end",,,,2026-08-31,recipe_period_end,,unknown,2,license|refresh_interval,
statsDemographicsTownshipIndigenousMountainPopulation,山地原住民人口數（鄉鎮市區）,statistics_snapshot,indigenous_population,,township/COMPLETE,"period_start,period_end",,,,2026-08-31,recipe_period_end,,unknown,2,license|refresh_interval,
statsDemographicsTownshipIndigenousShare,原住民人口占比（鄉鎮市區）,statistics_snapshot,indigenous_population,,township/COMPLETE,"period_start,period_end",,,,2026-08-31,recipe_period_end,,unknown,2,license|refresh_interval,
statsDemographicsVillageIndigenousPopulation,原住民人口數（村里）,statistics_snapshot,indigenous_population,,village/COMPLETE,"period_start,period_end",,,,2026-08-31,recipe_period_end,,unknown,2,license|refresh_interval,
statsDemographicsVillageIndigenousPlainPopulation,平地原住民人口數（村里）,statistics_snapshot,indigenous_population,,village/COMPLETE,"period_start,period_end",,,,2026-08-31,recipe_period_end,,unknown,2,license|refresh_interval,
statsDemographicsVillageIndigenousMountainPopulation,山地原住民人口數（村里）,statistics_snapshot,indigenous_population,,village/COMPLETE,"period_start,period_end",,,,2026-08-31,recipe_period_end,,unknown,2,license|refresh_interval,
statsDemographicsVillageIndigenousShare,原住民人口占比（村里）,statistics_snapshot,indigenous_population,,village/COMPLETE,"period_start,period_end",,,,2026-08-31,recipe_period_end,,unknown,2,license|refresh_interval,
statsDemographicsCountyForeignOriginPopulation,已設戶籍外來人口數（縣市）,statistics_snapshot,foreign_origin_population,,county/COMPLETE,"period_start,period_end",,,,2025-12-31,recipe_period_end,,unknown,2,license|refresh_interval,
statsDemographicsCountyForeignOriginMainlandPopulation,已設戶籍外來人口（原屬大陸地區）（縣市）,statistics_snapshot,foreign_origin_population,,county/COMPLETE,"period_start,period_end",,,,2025-12-31,recipe_period_end,,unknown,2,license|refresh_interval,
statsDemographicsCountyForeignOriginForeignNationalPopulation,已設戶籍外來人口（原屬外國籍）（縣市）,statistics_snapshot,foreign_origin_population,,county/COMPLETE,"period_start,period_end",,,,2025-12-31,recipe_period_end,,unknown,2,license|refresh_interval,
statsDemographicsCountyForeignOriginHkMacauPopulation,已設戶籍外來人口（原屬港澳地區）（縣市）,statistics_snapshot,foreign_origin_population,,county/COMPLETE,"period_start,period_end",,,,2025-12-31,recipe_period_end,,unknown,2,license|refresh_interval,
statsDemographicsCountyForeignOriginNoHouseholdNationalPopulation,已設戶籍外來人口（原屬臺灣地區無戶籍國民）（縣市）,statistics_snapshot,foreign_origin_population,,county/COMPLETE,"period_start,period_end",,,,2025-12-31,recipe_period_end,,unknown,2,license|refresh_interval,
statsDemographicsCountyForeignOriginShare,已設戶籍外來人口占比（縣市）,statistics_snapshot,foreign_origin_population,,county/COMPLETE,"period_start,period_end",,,,2025-12-31,recipe_period_end,,unknown,2,license|refresh_interval,
statsDemographicsTownshipForeignOriginPopulation,已設戶籍外來人口數（鄉鎮市區）,statistics_snapshot,foreign_origin_population,,township/COMPLETE,"period_start,period_end",,,,2025-12-31,recipe_period_end,,unknown,2,license|refresh_interval,
statsDemographicsTownshipForeignOriginMainlandPopulation,已設戶籍外來人口（原屬大陸地區）（鄉鎮市區）,statistics_snapshot,foreign_origin_population,,township/COMPLETE,"period_start,period_end",,,,2025-12-31,recipe_period_end,,unknown,2,license|refresh_interval,
statsDemographicsTownshipForeignOriginForeignNationalPopulation,已設戶籍外來人口（原屬外國籍）（鄉鎮市區）,statistics_snapshot,foreign_origin_population,,township/COMPLETE,"period_start,period_end",,,,2025-12-31,recipe_period_end,,unknown,2,license|refresh_interval,
statsDemographicsTownshipForeignOriginHkMacauPopulation,已設戶籍外來人口（原屬港澳地區）（鄉鎮市區）,statistics_snapshot,foreign_origin_population,,township/COMPLETE,"period_start,period_end",,,,2025-12-31,recipe_period_end,,unknown,2,license|refresh_interval,
statsDemographicsTownshipForeignOriginNoHouseholdNationalPopulation,已設戶籍外來人口（原屬臺灣地區無戶籍國民）（鄉鎮市區）,statistics_snapshot,foreign_origin_population,,township/COMPLETE,"period_start,period_end",,,,2025-12-31,recipe_period_end,,unknown,2,license|refresh_interval,
statsDemographicsTownshipForeignOriginShare,已設戶籍外來人口占比（鄉鎮市區）,statistics_snapshot,foreign_origin_population,,township/COMPLETE,"period_start,period_end",,,,2025-12-31,recipe_period_end,,unknown,2,license|refresh_interval,
statsDemographicsCountyNaturalizationCount,歸化國籍人數（縣市）,statistics_snapshot,foreign_origin_population,,county/COMPLETE,"period_start,period_end",,,,2025-12-31,recipe_period_end,,unknown,2,license|refresh_interval,
statsEducationPreschoolSchool,幼兒園－學校端,custom_or_derived,education_county_statistics,,,,,yearly,527040,2026-09-14,catalog_last_updated,22.00,fresh,3,license|coverage|time_fields,
statsEducationPreschoolTeacher,幼兒園－老師端,custom_or_derived,education_county_statistics,,,,,yearly,527040,2026-09-14,catalog_last_updated,22.00,fresh,3,license|coverage|time_fields,
statsEducationPreschoolStudent,幼兒園－學生端,custom_or_derived,education_county_statistics,,,,,yearly,527040,2026-09-14,catalog_last_updated,22.00,fresh,3,license|coverage|time_fields,
statsEducationElementarySchool,國小－學校端,custom_or_derived,education_county_statistics,,,,,yearly,527040,2026-09-14,catalog_last_updated,22.00,fresh,3,license|coverage|time_fields,
statsEducationElementaryTeacher,國小－老師端,custom_or_derived,education_county_statistics,,,,,yearly,527040,2026-09-14,catalog_last_updated,22.00,fresh,3,license|coverage|time_fields,
statsEducationElementaryStudent,國小－學生端,custom_or_derived,education_county_statistics,,,,,yearly,527040,2026-09-14,catalog_last_updated,22.00,fresh,3,license|coverage|time_fields,
statsEducationJuniorHighSchool,國中－學校端,custom_or_derived,education_county_statistics,,,,,yearly,527040,2026-09-14,catalog_last_updated,22.00,fresh,3,license|coverage|time_fields,
statsEducationJuniorHighTeacher,國中－老師端,custom_or_derived,education_county_statistics,,,,,yearly,527040,2026-09-14,catalog_last_updated,22.00,fresh,3,license|coverage|time_fields,
statsEducationJuniorHighStudent,國中－學生端,custom_or_derived,education_county_statistics,,,,,yearly,527040,2026-09-14,catalog_last_updated,22.00,fresh,3,license|coverage|time_fields,
statsEducationSeniorHighSchool,高中－學校端,custom_or_derived,education_county_statistics,,,,,yearly,527040,2026-09-14,catalog_last_updated,22.00,fresh,3,license|coverage|time_fields,
statsEducationSeniorHighTeacher,高中－老師端,custom_or_derived,education_county_statistics,,,,,yearly,527040,2026-09-14,catalog_last_updated,22.00,fresh,3,license|coverage|time_fields,
statsEducationSeniorHighStudent,高中－學生端,custom_or_derived,education_county_statistics,,,,,yearly,527040,2026-09-14,catalog_last_updated,22.00,fresh,3,license|coverage|time_fields,
statsMaritimeSubsidyCounty,航港局獎補助金額（受補助對象所在地）,custom_or_derived,maritime_bureau_subsidy_county,OGDL-Taiwan-1.0,,,,monthly,44640,2026-09-07,catalog_last_updated,29.00,fresh,2,coverage|time_fields,
statsCivilAeronauticsSubsidyCounty,民航局獎補助費（受補助對象所在地）,custom_or_derived,civil_aeronautics_subsidy_county,OGDL-Taiwan-1.0,,,,quarterly,132480,2026-09-07,catalog_last_updated,29.00,fresh,2,coverage|time_fields,
statsTaipeiTrafficViolationCitations,臺北市交通違規舉發筆數（法條）,custom_or_derived,taipei_traffic_violation_citations_135096,OGDL-Taiwan-1.0,,,,yearly,527040,2026-09-06,catalog_last_updated,30.00,fresh,2,coverage|time_fields,
statsTaichungRoadNoiseMonitoringStations,臺中市道路交通噪音監測站數,custom_or_derived,taichung_road_noise_monitoring_stations_89477,OGDL-Taiwan-1.0,,,,quarterly,132480,2026-09-07,catalog_last_updated,29.00,fresh,2,coverage|time_fields,
statsBusOperatingRouteLengthKm,期末營業里程,custom_or_derived,segis_bus_operation_county_315fh_1d3,OGDL-Taiwan-1.0,,,,yearly,527040,2026-09-07,catalog_last_updated,29.00,fresh,2,coverage|time_fields,
statsBusApprovedRouteCount,核定路線數,custom_or_derived,segis_bus_operation_county_315fh_1d3,OGDL-Taiwan-1.0,,,,yearly,527040,2026-09-07,catalog_last_updated,29.00,fresh,2,coverage|time_fields,
statsUrbanBusOperatorCount,市區客運業家數,custom_or_derived,segis_bus_operation_county_315fh_1d3,OGDL-Taiwan-1.0,,,,yearly,527040,2026-09-07,catalog_last_updated,29.00,fresh,2,coverage|time_fields,
statsBusOperatingVehicleCount,期末營業車輛,custom_or_derived,segis_bus_operation_county_315fh_1d3,OGDL-Taiwan-1.0,,,,yearly,527040,2026-09-07,catalog_last_updated,29.00,fresh,2,coverage|time_fields,
statsBusAccessibleVehicleCount,期末無障礙車輛,custom_or_derived,segis_bus_operation_county_315fh_1d3,OGDL-Taiwan-1.0,,,,yearly,527040,2026-09-07,catalog_last_updated,29.00,fresh,2,coverage|time_fields,
statsBusElectricVehicleCount,期末電動車輛,custom_or_derived,segis_bus_operation_county_315fh_1d3,OGDL-Taiwan-1.0,,,,yearly,527040,2026-09-07,catalog_last_updated,29.00,fresh,2,coverage|time_fields,
statsBusOperatingTripCount,營業行車次數,custom_or_derived,segis_bus_operation_county_315fh_1d3,OGDL-Taiwan-1.0,,,,yearly,527040,2026-09-07,catalog_last_updated,29.00,fresh,2,coverage|time_fields,
statsBusOperatingVehicleKm,營業行車里程,custom_or_derived,segis_bus_operation_county_315fh_1d3,OGDL-Taiwan-1.0,,,,yearly,527040,2026-09-07,catalog_last_updated,29.00,fresh,2,coverage|time_fields,
statsTmrtStationOutboundCounty,中捷車站所在地出站人次,custom_or_derived,tmrt_station_outbound_county,OGDL-Taiwan-1.0,,,,monthly,44640,2026-09-07,catalog_last_updated,29.00,fresh,2,coverage|time_fields,
statsTaipeiUrbanRentalStations,市區自行車租借站數,custom_or_derived,segis_taipei_bicycle_usage_township_110,OGDL-Taiwan-1.0,,,,yearly,527040,2026-09-07,catalog_last_updated,29.00,fresh,2,coverage|time_fields,
statsTaipeiUrbanRentalTrips,市區自行車年租借次數,custom_or_derived,segis_taipei_bicycle_usage_township_110,OGDL-Taiwan-1.0,,,,yearly,527040,2026-09-07,catalog_last_updated,29.00,fresh,2,coverage|time_fields,
statsTaipeiRiversideRentalStations,河濱公園租借站數,custom_or_derived,segis_taipei_bicycle_usage_township_110,OGDL-Taiwan-1.0,,,,yearly,527040,2026-09-07,catalog_last_updated,29.00,fresh,2,coverage|time_fields,
statsTaipeiRiversideBicycles,河濱公園自行車數,custom_or_derived,segis_taipei_bicycle_usage_township_110,OGDL-Taiwan-1.0,,,,yearly,527040,2026-09-07,catalog_last_updated,29.00,fresh,2,coverage|time_fields,
statsTaipeiRiversideRentalTrips,河濱公園年租借次數,custom_or_derived,segis_taipei_bicycle_usage_township_110,OGDL-Taiwan-1.0,,,,yearly,527040,2026-09-07,catalog_last_updated,29.00,fresh,2,coverage|time_fields,
statsA1AccidentCount,A1 交通事故件數,custom_or_derived,npa_a1_accident_county_177136,OGDL-Taiwan-1.0,,,,yearly,527040,2026-09-07,catalog_last_updated,29.00,fresh,2,coverage|time_fields,
statsA1DeathCount,A1 交通事故死亡人數,custom_or_derived,npa_a1_accident_county_177136,OGDL-Taiwan-1.0,,,,yearly,527040,2026-09-07,catalog_last_updated,29.00,fresh,2,coverage|time_fields,
statsA1InjuryCount,A1 交通事故受傷人數,custom_or_derived,npa_a1_accident_county_177136,OGDL-Taiwan-1.0,,,,yearly,527040,2026-09-07,catalog_last_updated,29.00,fresh,2,coverage|time_fields,
statsAirportTakeoffsLandings,機場所在地起降架次,custom_or_derived,caa_airport_activity_county_33238,OGDL-Taiwan-1.0,,,,monthly,44640,2026-09-07,catalog_last_updated,29.00,fresh,2,coverage|time_fields,
statsAirportPassengerMovements,機場所在地旅客人次,custom_or_derived,caa_airport_activity_county_33238,OGDL-Taiwan-1.0,,,,monthly,44640,2026-09-07,catalog_last_updated,29.00,fresh,2,coverage|time_fields,
statsAirportCargoTonnes,機場所在地貨運量,custom_or_derived,caa_airport_activity_county_33238,OGDL-Taiwan-1.0,,,,monthly,44640,2026-09-07,catalog_last_updated,29.00,fresh,2,coverage|time_fields,
statsTaoyuanAirportArrivals,桃園機場所在地入境旅客人次,custom_or_derived,taoyuan_airport_passengers_county_32997,OGDL-Taiwan-1.0,,,,yearly,527040,2026-09-07,catalog_last_updated,29.00,fresh,2,coverage|time_fields,
statsTaoyuanAirportDepartures,桃園機場所在地出境旅客人次,custom_or_derived,taoyuan_airport_passengers_county_32997,OGDL-Taiwan-1.0,,,,yearly,527040,2026-09-07,catalog_last_updated,29.00,fresh,2,coverage|time_fields,
statsTaoyuanAirportTransit,桃園機場所在地過境旅客人次,custom_or_derived,taoyuan_airport_passengers_county_32997,OGDL-Taiwan-1.0,,,,yearly,527040,2026-09-07,catalog_last_updated,29.00,fresh,2,coverage|time_fields,
statsTaoyuanAirportPassengerMovements,桃園機場所在地旅客人次總計,custom_or_derived,taoyuan_airport_passengers_county_32997,OGDL-Taiwan-1.0,,,,yearly,527040,2026-09-07,catalog_last_updated,29.00,fresh,2,coverage|time_fields,
statsOffstreetSmallCarParkingSpacesCount,小型汽車路外停車位,custom_or_derived,dgbas_county_transport_supply_10935,OGDL-Taiwan-1.0,,,,yearly,527040,2026-09-07,catalog_last_updated,29.00,fresh,2,coverage|time_fields,
statsOnstreetSmallCarParkingSpacesCount,小型汽車路邊停車位,custom_or_derived,dgbas_county_transport_supply_10935,OGDL-Taiwan-1.0,,,,yearly,527040,2026-09-07,catalog_last_updated,29.00,fresh,2,coverage|time_fields,
statsMotorcycleRegisteredCount,機車登記數,custom_or_derived,dgbas_county_transport_supply_10935,OGDL-Taiwan-1.0,,,,yearly,527040,2026-09-07,catalog_last_updated,29.00,fresh,2,coverage|time_fields,
statsAutomobileRegisteredCount,汽車登記數,custom_or_derived,dgbas_county_transport_supply_10935,OGDL-Taiwan-1.0,,,,yearly,527040,2026-09-07,catalog_last_updated,29.00,fresh,2,coverage|time_fields,
statsAutomobileLicenseHoldersCount,汽車駕照持有人數,custom_or_derived,dgbas_county_transport_supply_10935,OGDL-Taiwan-1.0,,,,yearly,527040,2026-09-07,catalog_last_updated,29.00,fresh,2,coverage|time_fields,
statsMotorcycleLicenseHoldersCount,機車駕照持有人數,custom_or_derived,dgbas_county_transport_supply_10935,OGDL-Taiwan-1.0,,,,yearly,527040,2026-09-07,catalog_last_updated,29.00,fresh,2,coverage|time_fields,
statsWaterSupplyHistorical,供水普及率（2015 年，7 縣市）,custom_or_derived,water_supply_county_historical,,,,,static,,2026-09-06,catalog_last_updated,,static,3,license|coverage|time_fields,
statsPigWaterCounty,養豬用水量（歷史統計）,custom_or_derived,livestock_pig_water_county,,,,,static,,2026-09-06,catalog_last_updated,,static,3,license|coverage|time_fields,
statsWasteRecyclingRate,一般廢棄物回收率,custom_or_derived,waste_recycling_rate_county,,,,,yearly,527040,2026-09-06,catalog_last_updated,30.00,fresh,3,license|coverage|time_fields,
statsResidentialElectricity,住宅每月售電量,custom_or_derived,residential_electricity_sales_county_monthly,,,,,monthly,44640,2026-09-06,catalog_last_updated,30.00,fresh,3,license|coverage|time_fields,
statsRiceHarvest,全年稻作收穫面積（複種計次）,custom_or_derived,rice_harvested_area_township,,,,,yearly,527040,2026-09-06,catalog_last_updated,30.00,fresh,3,license|coverage|time_fields,
statsBirthsTownship,每月出生數（歷史快照）,custom_or_derived,village_births_township_monthly,,,,,static,,2026-09-06,catalog_last_updated,,static,3,license|coverage|time_fields,
statsWasteCounty,垃圾清運車輛數,custom_or_derived,waste_vehicles_county,政府資料開放授權條款-第1版,,,,yearly,527040,2026-09-06,catalog_last_updated,30.00,fresh,2,coverage|time_fields,
statsRecyclingCounty,資源回收車輛數,custom_or_derived,waste_vehicles_county,政府資料開放授權條款-第1版,,,,yearly,527040,2026-09-06,catalog_last_updated,30.00,fresh,2,coverage|time_fields,
cctv,道路攝影機 CCTV,static_asset,cctv,OGDL-Taiwan-1.0,19 counties,,,quarterly,132480,2026-07-07,catalog_last_updated,91.00,fresh,1,time_fields,
newsEvents,新聞事件 News Events,dynamic_live,live.news_events,新聞連結與標題屬各媒體，僅供本人分析；不公開再散布,national,created_at,live.news_events.created_at (medium),live:20min,20,2026-10-05T13:29:02Z,db_snapshot,0.00,fresh,0,,
urbanZoningTaipei,北市土地使用分區 Taipei Zoning,static_asset,urban_zoning_taipei,OGDL-Taiwan-1.0,2 counties,,,yearly,527040,2026-07-27,catalog_last_updated,71.00,fresh,1,time_fields,
rail,鐵道 Rail,custom_or_derived,rail,,,,,,,,,,unknown,4,license|coverage|time_fields|refresh_interval,
railRoutes,軌道路線 Rail Routes,static_asset,rail,,,,,,,,,,unknown,4,license|coverage|time_fields|refresh_interval,
pollutionFacility,污染潛勢設施 Facility,static_asset,pollution_source pollution_penalties,政府資料開放授權條款-第1版,national,"penalty_date,penalty_year",,manual,,2026-09-26,catalog_last_updated,,unknown,0,,
jpAccommodationCanonical,旅宿去重總覽 宿泊施設の統合一覧,static_asset,jp_accommodation_canonical,,,,,,,,,,unknown,4,license|coverage|time_fields|refresh_interval,
jpAccommodationDensity,旅宿密度網格 宿泊施設密度グリッド,static_asset,jp_accommodation_canonical,,,,,,,,,,unknown,4,license|coverage|time_fields|refresh_interval,
jpAccommodationJta,觀光廳登錄飯店／旅館 観光庁登録ホテル・旅館,static_asset,jp_accommodation_jta,,,,,,,,,,unknown,4,license|coverage|time_fields|refresh_interval,
jpAccommodationLocal,地方旅館業許可 地方自治体の旅館業許可,static_asset,jp_accommodation_local,,,,,,,,,,unknown,4,license|coverage|time_fields|refresh_interval,
jpAccommodationOsm,住宿涵蓋 宿泊施設カバレッジ（OpenStreetMap）,static_asset,jp_accommodation_osm,,,,,,,,,,unknown,4,license|coverage|time_fields|refresh_interval,
jpNaturalParksNational,國立公園 国立公園（2010）,static_asset,本地 research PMTiles，共用原始 filter_layer_id；NON_COMMERCIAL_ONLY，不進 production catalog/S3,,,,,,,,,,unknown,4,license|coverage|time_fields|refresh_interval,
jpNaturalParksQuasiNational,國定公園 国定公園（2010）,static_asset,本地 research PMTiles，共用原始 filter_layer_id；NON_COMMERCIAL_ONLY，不進 production catalog/S3,,,,,,,,,,unknown,4,license|coverage|time_fields|refresh_interval,
jpNaturalParksPrefectural,都道府縣立自然公園 都道府県立自然公園（2010）,static_asset,本地 research PMTiles，共用原始 filter_layer_id；NON_COMMERCIAL_ONLY，不進 production catalog/S3,,,,,,,,,,unknown,4,license|coverage|time_fields|refresh_interval,
jpNatureConservationArea,自然保育地域 自然保全地域（2015）,static_asset,本地 research PMTiles，共用原始 filter_layer_id；HOLD_LICENSE，不進 production catalog/S3,,,,,,,,,,unknown,4,license|coverage|time_fields|refresh_interval,
jpPrimitiveNatureEnvironmentArea,原生自然環境地域 原生自然環境保全地域（2015）,static_asset,本地 research PMTiles，共用原始 filter_layer_id；HOLD_LICENSE，不進 production catalog/S3,,,,,,,,,,unknown,4,license|coverage|time_fields|refresh_interval,
jpNatureConservationSpecialDistrict,自然保育特別地區 自然保全特別地区（2015）,static_asset,本地 research PMTiles，共用原始 filter_layer_id；HOLD_LICENSE，不進 production catalog/S3,,,,,,,,,,unknown,4,license|coverage|time_fields|refresh_interval,
jpWildlifeProtectionNational,國家指定鳥獸保護區 国指定鳥獣保護区,static_asset,本地 research PMTiles，共用原始 filter_layer_id；LICENSE_UNVERIFIED，不進 production catalog/S3,,,,,,,,,,unknown,4,license|coverage|time_fields|refresh_interval,
jpWildlifeSpecialProtectionDistrict,鳥獸特別保護地區 鳥獣保護区特別保護地区,static_asset,本地 research PMTiles，共用原始 filter_layer_id；LICENSE_UNVERIFIED，不進 production catalog/S3,,,,,,,,,,unknown,4,license|coverage|time_fields|refresh_interval,
jpWildlifeSpecialProtectionDesignatedArea,鳥獸特別保護指定區域 特別保護指定区域,static_asset,本地 research PMTiles，共用原始 filter_layer_id；LICENSE_UNVERIFIED，不進 production catalog/S3,,,,,,,,,,unknown,4,license|coverage|time_fields|refresh_interval,
jpWorldHeritageCultural,UNESCO 文化遺產代表點 UNESCO 文化遺産代表点,static_asset,共用 UNESCO GeoJSON，以原始 filter_layer_id 過濾,,,,,,,,,,unknown,4,license|coverage|time_fields|refresh_interval,
jpWorldHeritageNatural,UNESCO 自然遺產代表點 UNESCO 自然遺産代表点,static_asset,共用 UNESCO GeoJSON，以原始 filter_layer_id 過濾,,,,,,,,,,unknown,4,license|coverage|time_fields|refresh_interval,
jpWorldNaturalHeritageHistorical,世界自然遺產歷史範圍 世界自然遺産の歴史的範囲（2011）,static_asset,useJpTourismLayers lazy-load A28 historical GeoJSON polygon,,,,,,,,,,unknown,4,license|coverage|time_fields|refresh_interval,
jpRamsarSites,拉姆薩濕地名冊衍生點 ラムサール条約湿地名簿の派生点,static_asset,Ramsar GeoJSON；原始 filter_layer_id + geocode_quality filter,,,,,,,,,,unknown,4,license|coverage|time_fields|refresh_interval,
jpMarineEbsaCoastal,沿岸生態重要海域 沿岸EBSA（2015）,static_asset,S3-backed PMTiles polygon；visible 時才建 source，保留原始 filter_layer_id 與 attribution,,,,,,,,,,unknown,4,license|coverage|time_fields|refresh_interval,
religionTemples,寺廟 Temples,static_asset,temples,OGDL-Taiwan-1.0,national,fetched_at,,yearly,527040,2026-08-21,catalog_last_updated,46.00,fresh,0,,
religionChurches,教會 Churches,static_asset,churches,OGDL-Taiwan-1.0,national,fetched_at,,yearly,527040,2026-08-21,catalog_last_updated,46.00,fresh,0,,
religionAncestralHalls,宗祠 Ancestral Halls,static_asset,ancestral_halls,OGDL-Taiwan-1.0,18 counties,fetched_at,,yearly,527040,2026-08-21,catalog_last_updated,46.00,fresh,0,,
religionFoundations,宗教基金會 Foundations,static_asset,foundations,OGDL-Taiwan-1.0,18 counties,fetched_at,,yearly,527040,2026-08-21,catalog_last_updated,46.00,fresh,0,,
religionOtherWorship,其他宗教場所 Other Worship,static_asset,other_worship,ODbL-1.0,national,fetched_at,,yearly,527040,2026-08-02,catalog_last_updated,65.00,fresh,0,,
religionTop100,宗教百景 Top 100,static_asset,top100,OGDL-Taiwan-1.0,national,,,yearly,527040,2026-08-01,catalog_last_updated,66.00,fresh,1,time_fields,
funeralFacilities,殯葬設施 Facilities,static_asset,funeral_facilities_moi,OGDL-Taiwan-1.0,national,,,yearly,527040,2026-08-05,catalog_last_updated,62.00,fresh,1,time_fields,
funeralOperators,禮儀業者 Operators,static_asset,funeral_operators_biz,OGDL-Taiwan-1.0,national,established_date,,monthly,44640,2026-08-05,catalog_last_updated,62.00,fresh,0,,
cemeteryOsm,墓區範圍 OSM Cemeteries,static_asset,cemetery_osm,ODbL,national,,,yearly,527040,2026-08-05,catalog_last_updated,62.00,fresh,1,time_fields,
cemeteryZoning,都計墓葬用地（北北） Zoning,static_asset,cemetery_zoning_urban,OGDL-Taiwan-1.0,3 counties,,,yearly,527040,2026-08-05,catalog_last_updated,62.00,fresh,1,time_fields,
funeralOperatorDensity,業者密度 Operator Density,static_asset,funeral_operators_district,OGDL-Taiwan-1.0,national,,,yearly,527040,2026-08-05,catalog_last_updated,62.00,fresh,1,time_fields,
culturalFacilities,文化設施 Cultural Facilities,static_asset,cultural_facilities_moc,OGDL-Taiwan-1.0,national,,,yearly,527040,2026-07-16,catalog_last_updated,82.00,fresh,1,time_fields,
culturalMuseums,地方文化館 Local Museums,static_asset,local_cultural_museums_moc,OGDL-Taiwan-1.0,national,,,irregular,,2026-07-16,catalog_last_updated,,unknown,1,time_fields,
artsEvents,藝文活動 Arts Events,static_asset,arts_events_moc,OGDL-Taiwan-1.0,19 counties,"start_date,end_date,show_time,show_end_time",,monthly,44640,2026-07-16,catalog_last_updated,82.00,fresh,0,,
performingVenues,表演場館 Performing Venues,static_asset,performing_venues_moc,OGDL-Taiwan-1.0,national,,,monthly,44640,2026-07-16,catalog_last_updated,82.00,fresh,1,time_fields,
librarySeats,圖書館即時座位 Library Seats,dynamic_live,live.tpml_seat_current,,,observed_at,live.tpml_seat_current.observed_at (high),live:10min,10,2026-10-05T13:28:29Z,db_snapshot,0.00,fresh,2,license|coverage,
fireStations,消防分隊 Fire Station,static_asset,fire_stations,OGDL-Taiwan-1.0,national,,,yearly,527040,2026-07-10,catalog_last_updated,88.00,fresh,1,time_fields,
fireHydrants,消防栓 Hydrant,static_asset,hydrants,OGDL-Taiwan-1.0,4 counties,,,yearly,527040,2026-05-19,catalog_last_updated,140.00,fresh,1,time_fields,
fireEvents,火災歷史 Fire History,custom_or_derived,fire_incidents,OGDL-Taiwan-1.0,national,"year,report_time,arrive_time,month",,yearly,527040,2026-05-19,catalog_last_updated,140.00,fresh,0,,
fireLatest,火災最新年度 Latest,custom_or_derived,fire_incidents,OGDL-Taiwan-1.0,national,"year,report_time,arrive_time,month",,yearly,527040,2026-05-19,catalog_last_updated,140.00,fresh,0,,
fireIsochrone,救援等時圈 Isochrone,custom_or_derived,fireIsochroneLayerFactory 自行接線：public/fire/*.pmtiles（sourceLayer coverage，全國聚合 + 各縣市環差 5/10/15 分鐘共 69 features），縣市下拉走 se,,,,,,,,,,unknown,4,license|coverage|time_fields|refresh_interval,
urbanFormGrid,都市紋理網格 Urban Form,static_asset,urban_form_grid,,19 counties,,,yearly,527040,2026-07-27,catalog_last_updated,71.00,fresh,2,license|time_fields,
civilDefenseShelter,防空避難 Civil Defense Shelters,static_asset,civil_defense_shelters,OGDL-Taiwan-1.0,national,fetched_at,,monthly,44640,2026-08-24,catalog_last_updated,43.00,fresh,0,,
worldTrashDebris,垃圾與殘骸觀測 Trash & Debris Observations,static_asset,trash_debris_outerview,CC-BY-4.0,unknown,,,static,,2026-07-19,catalog_last_updated,,static,1,time_fields,
coralReefDistribution,珊瑚礁歷史分布 Historical Coral Reefs,custom_or_derived,coral_reef_distribution,UNEP-WCMC General Data License (excluding WDPA),3 counties,"built_at,source_end_date,source_start_date,source_year",,static,,2026-09-08,catalog_last_updated,,static,0,,
allenCoralAtlas,珊瑚礁棲地分類 Allen Coral Atlas（私人研究）,custom_or_derived,allen_coral_atlas,Maps: CC BY 4.0 per official resources; this snapshot private local noncommercial only,8 counties,source_year,,static,,2026-09-15,catalog_last_updated,,static,0,,
globalEvents,全球重大事件 Global Events,dynamic_live,intel.global_event_candidate_observations,,,available_at,intel.global_event_candidate_observations.available_at (medium),live:60min,60,2026-10-05T13:08:20Z,db_snapshot,0.01,fresh,2,license|coverage,
aisstreamVessels,AISStream 船舶 AISStream Vessels,dynamic_live,live.aisstream_vessel_current,,,updated_at,live.aisstream_vessel_current.updated_at (high),live:1min,1,2026-10-05T13:28:59Z,db_snapshot,0.00,fresh,2,license|coverage,
gfwVesselPresence,GFW 舊版每日船舶 Historical Presence,custom_or_derived,useGlobalMaritimeLayers 自建 global-maritime-gfw-presence GeoJSON source/circle；每日/延遲資料，與 AISStream 完全分開,,,,,,,,,,unknown,4,license|coverage|time_fields|refresh_interval,
gfwHourlyGrid,GFW 小時船舶網格 Hourly Grid,static_asset,useGfwHourlyGridLayer 依 timeStore 讀取 H/H+1 並 crossfade；DEV 預設經同源 production proxy，只有 VITE_GFW_HOURLY_USE_LOCAL_POC=true ,,,,,,,,,,unknown,4,license|coverage|time_fields|refresh_interval,
gfwHourlyTracks,GFW 小時近似航跡 Hourly Tracks,static_asset,優先同域 /global-maritime/gfw-hourly/v4/manifest.json；驗證過的 schema-4 release 以 PMTiles Range Worker 載入，v2/v3 僅在 formal root 不,,,,,,,,,,unknown,4,license|coverage|time_fields|refresh_interval,
gfwFishingEffort,GFW 每日捕撈活動 Fishing Effort,custom_or_derived,優先同域 /global-maritime/gfw-hourly/v4/manifest.json；驗證 root/release 與 immutable gzip artifact 後載入，舊版僅作 fallback,,,,,,,,,,unknown,4,license|coverage|time_fields|refresh_interval,
gfwDarkVessels,GFW SAR 未匹配 AIS Unmatched Detections,custom_or_derived,production 預設同域 /global-maritime/gfw-hourly/manifest.json（env 僅在 production 可選 override），unified v2 dark_vessels.hours e,,,,,,,,,,unknown,4,license|coverage|time_fields|refresh_interval,
jpMedicalHospitals,醫院 病院,static_asset,jp_medical_navii,,,,,,,,,,unknown,4,license|coverage|time_fields|refresh_interval,
jpMedicalClinics,診所 診療所,static_asset,jp_medical_navii,,,,,,,,,,unknown,4,license|coverage|time_fields|refresh_interval,
jpMedicalDental,牙科 歯科,static_asset,jp_medical_navii,,,,,,,,,,unknown,4,license|coverage|time_fields|refresh_interval,
jpMedicalMaternity,助產所 助産所,static_asset,jp_medical_navii,,,,,,,,,,unknown,4,license|coverage|time_fields|refresh_interval,
jpMedicalPharmacies,藥局 薬局,static_asset,jp_medical_navii,,,,,,,,,,unknown,4,license|coverage|time_fields|refresh_interval,
jpCarePlanning,照護諮詢／計畫 介護の相談・ケアプラン,static_asset,jp_medical_reports,,,,,,,,,,unknown,4,license|coverage|time_fields|refresh_interval,
jpCareHomeVisit,到宅服務 自宅に訪問,static_asset,jp_medical_reports,,,,,,,,,,unknown,4,license|coverage|time_fields|refresh_interval,
jpCareDayServices,日間服務 施設に通う,static_asset,jp_medical_reports,,,,,,,,,,unknown,4,license|coverage|time_fields|refresh_interval,
jpCareResidential,住宿／短期入住 施設で生活・宿泊,static_asset,jp_medical_reports,,,,,,,,,,unknown,4,license|coverage|time_fields|refresh_interval,
jpCareCombined,複合服務 訪問・通い・宿泊の組合せ,static_asset,jp_medical_reports,,,,,,,,,,unknown,4,license|coverage|time_fields|refresh_interval,
jpCareEquipment,福祉用具 福祉用具,static_asset,jp_medical_reports,,,,,,,,,,unknown,4,license|coverage|time_fields|refresh_interval,
jpMedicalAreasPrimary,一次醫療圈 一次医療圏（2020）,static_asset,jp_medical_areas,,,,,,,,,,unknown,4,license|coverage|time_fields|refresh_interval,
jpMedicalAreasSecondary,二次醫療圈 二次医療圏（2020）,static_asset,jp_medical_areas,,,,,,,,,,unknown,4,license|coverage|time_fields|refresh_interval,
jpMedicalAreasTertiary,三次醫療圈 三次医療圏（2020）,static_asset,jp_medical_areas,,,,,,,,,,unknown,4,license|coverage|time_fields|refresh_interval,
jpWaterDams,水壩 ダム（2014）,static_asset,jp_water_ksj,逐資源：W09可商用；其他舊約款非商用且限制複製物再配布,unknown,,,static,,2026-09-18,catalog_last_updated,,static,1,time_fields,
jpWaterLakes,湖沼 湖沼（2005）,static_asset,jp_water_ksj,逐資源：W09可商用；其他舊約款非商用且限制複製物再配布,unknown,,,static,,2026-09-18,catalog_last_updated,,static,1,time_fields,
jpWaterRivers,河川流路 河川（2006–2009）,static_asset,jp_water_ksj,逐資源：W09可商用；其他舊約款非商用且限制複製物再配布,unknown,,,static,,2026-09-18,catalog_last_updated,,static,1,time_fields,
jpWaterSupplyFacilities,上水道相關設施（2010）,static_asset,jp_water_ksj,逐資源：W09可商用；其他舊約款非商用且限制複製物再配布,unknown,,,static,,2026-09-18,catalog_last_updated,,static,1,time_fields,
jpWaterSupplyAreas,給水區域 給水区域（2010）,static_asset,jp_water_ksj,逐資源：W09可商用；其他舊約款非商用且限制複製物再配布,unknown,,,static,,2026-09-18,catalog_last_updated,,static,1,time_fields,
jpWaterSewerFacilities,下水道設施（2012）,static_asset,jp_water_ksj,逐資源：W09可商用；其他舊約款非商用且限制複製物再配布,unknown,,,static,,2026-09-18,catalog_last_updated,,static,1,time_fields,
jpWaterLocalFacilities,高松供排水相關設施（高松市）,static_asset,jp_water_local,CC BY，逐來源條款見catalog,unknown,,,static,,2026-09-18,catalog_last_updated,,static,1,time_fields,
jpWaterQualityStations,水質測定點 水質測定地点（2024）,static_asset,jp_water_quality,PDL1.0（測站台帳；不含背景地圖）,unknown,,,static,,2026-09-18,catalog_last_updated,,static,1,time_fields,
jpWaterLevelStations,橫濱水位站（横浜市）,static_asset,jp_water_local,CC BY，逐來源條款見catalog,unknown,,,static,,2026-09-18,catalog_last_updated,,static,1,time_fields,
jpWaterGroundwaterSites,地下水等觀測點（24縣）,static_asset,jp_water_hydro,逐資源；見來源驗證文件，本機研究候選,unknown,,,static,,2026-09-18,catalog_last_updated,,static,1,time_fields,
jpWaterNilimDams,水壩位置（46縣）（NILIM）,static_asset,jp_water_hydro,逐資源；見來源驗證文件，本機研究候選,unknown,,,static,,2026-09-18,catalog_last_updated,,static,1,time_fields,
jpWaterAgriculturalPonds,農業蓄水池（2026-03）,static_asset,jp_water_agri_civic,逐資源；見來源驗證文件，本機研究候選,,source_date,,static,,2026-09-18,catalog_last_updated,,static,1,coverage,
jpWaterFloodHazard,洪水浸水想定（最大規模）,custom_or_derived,jp_water_hazard_pollution,逐資源；見來源驗證文件，本機研究候選,,reporting_year,,static,,2026-09-18,catalog_last_updated,,static,1,coverage,
jpReligionGsi,宗教設施 宗教施設（国土地理院）,static_asset,jp_religion_gsi,国土地理院コンテンツ利用規約,unknown,,,static,,2026-08-23,catalog_last_updated,,static,1,time_fields,
jpReligionOsm,宗教設施 宗教施設（OpenStreetMap）,static_asset,jp_religion_osm,ODbL 1.0,unknown,,,static,,2026-08-23,catalog_last_updated,,static,1,time_fields,
jpReligionWikidata,宗教設施 宗教施設（Wikidata）,static_asset,jp_religion_wikidata,CC0 1.0,unknown,,,static,,2026-08-23,catalog_last_updated,,static,1,time_fields,
jpAdminPrefecture,都道府縣界 都道府県境,static_asset,useJpAdminLayers 自建 mapbox-pmtiles source；source-layer=jp_admin_boundaries_prefecture，minzoom=2 maxzoom=9,,,,,,,,,,unknown,4,license|coverage|time_fields|refresh_interval,
jpAdminBoundaries,市區町村界 市区町村境,static_asset,useJpAdminLayers 自建 mapbox-pmtiles source；source-layer=jp_admin_boundaries，minzoom=4 maxzoom=11,,,,,,,,,,unknown,4,license|coverage|time_fields|refresh_interval,
jpStations,車站 駅,static_asset,useJpStationsLayer lazy-load 靜態 GeoJSON，自建 circle source/layer,,,,,,,,,,unknown,4,license|coverage|time_fields|refresh_interval,
jpAirports,機場 空港,static_asset,useJpAirportsLayer lazy-load 靜態 GeoJSON，自建 fill+line source/layer；point 模式自 lat/lon 建 jp-airports-circle,,,,,,,,,,unknown,4,license|coverage|time_fields|refresh_interval,
jpRailways,鐵道路線 鉄道路線,static_asset,useJpRailwaysLayer 自建 mapbox-pmtiles source；source-layer=jp_railways，minzoom=4 maxzoom=12,,,,,,,,,,unknown,4,license|coverage|time_fields|refresh_interval,
jpHistoricalFlightTrails,歷史航班軌跡 Japan,static_asset,歷史航班樣本 manifest 與 GeoJSON 資產；依機場、日期載入已保留的實測航跡。,,,,,,,,,,unknown,4,license|coverage|time_fields|refresh_interval,
osmBridgeCarriers,OSM 橋梁承載線,static_asset,network_structures,ODbL-1.0 / 政府資料開放授權條款第1版,,,,static,,2026-09-06,catalog_last_updated,,static,2,coverage|time_fields,
osmBridgeFootprints,OSM 橋梁輪廓,static_asset,network_structures,ODbL-1.0 / 政府資料開放授權條款第1版,,,,static,,2026-09-06,catalog_last_updated,,static,2,coverage|time_fields,
officialBridgesNewTaipei,新北市轄管橋梁,static_asset,network_structures,ODbL-1.0 / 政府資料開放授權條款第1版,,,,static,,2026-09-06,catalog_last_updated,,static,2,coverage|time_fields,
bridgeComparisonNewTaipei,新北橋梁 OSM 比對,static_asset,network_structures,ODbL-1.0 / 政府資料開放授權條款第1版,,,,static,,2026-09-06,catalog_last_updated,,static,2,coverage|time_fields,
tainanBridgeInspections,臺南橋梁定期檢測紀錄,static_asset,network_structures,ODbL-1.0 / 政府資料開放授權條款第1版,,,,static,,2026-09-06,catalog_last_updated,,static,2,coverage|time_fields,
officialBridgesHsinchu,新竹市橋梁清冊,static_asset,network_structures,ODbL-1.0 / 政府資料開放授權條款第1版,,,,static,,2026-09-06,catalog_last_updated,,static,2,coverage|time_fields,
taipeiRoadTunnels,臺北市道路隧道,static_asset,tunnels,,,,,,,,,,unknown,4,license|coverage|time_fields|refresh_interval,
tainanRoadTunnels,臺南市道路隧道,static_asset,tunnels,,,,,,,,,,unknown,4,license|coverage|time_fields|refresh_interval,
changhuaTrafficSignals,彰化縣道路號誌,static_asset,roadside_facilities,,,,,,,,,,unknown,4,license|coverage|time_fields|refresh_interval,
bssNationalBridgePreview,全臺橋梁方向候選（進行中）,static_asset,Owner-only same-origin Range API /api/private-research/bss-bridge/tiles; private bss_bridge_location_direction_preview_2,,,,,,,,,,unknown,4,license|coverage|time_fields|refresh_interval,
bssNationalBridgePointsPreview,全臺橋梁清冊點位（進行中）,static_asset,Owner-only same-origin Range API /api/private-research/bss-bridge/tiles; private bss_bridge_location_direction_preview_2,,,,,,,,,,unknown,4,license|coverage|time_fields|refresh_interval,
bridgeResilienceTwinCity,雙北跨河橋梁韌性（研究中）,static_asset,"Owner-only same-origin Range API /api/private-research/bridge-resilience/{tiles,summary,impacts,destinations,decay-impac",,,,,,,,,,unknown,4,license|coverage|time_fields|refresh_interval,
bridgeRainThresholds,一級監控橋梁參考雨量,custom_or_derived,rain_gauge_stations,,19 counties,,,yearly,527040,2026-05-19,catalog_last_updated,140.00,fresh,2,license|time_fields,
jpPoliceFacilities,警察設施 警察施設,static_asset,jp_police_facilities,警察庁網站內容原則 PDL1.0；国土地理院コンテンツ利用規約。兩來源各自保留出處，GSI 不決定設施營運狀態。,unknown,,,yearly,527040,2026-09-07,catalog_last_updated,29.00,fresh,1,time_fields,
jpSchools,學校 学校,static_asset,useJpSchoolsLayer 自建 mapbox-pmtiles source；source-layer=jp_schools，minzoom=4 maxzoom=11,,,,,,,,,,unknown,4,license|coverage|time_fields|refresh_interval,
jpPopulationMesh1km,人口網格 人口メッシュ,static_asset,useJpPopulationMeshLayer 自建 mapbox-pmtiles source；source-layer=jp_population_mesh_1km，minzoom=4 maxzoom=11,,,,,,,,,,unknown,4,license|coverage|time_fields|refresh_interval,
plaActivity,共機活動區 PLA Activity,dynamic_live,spatial.pla_tracks_runs,,,run_at,spatial.pla_tracks_runs.run_at (medium),live:1440min,1440,2026-10-03T15:27:05Z,db_snapshot,1.92,fresh,2,license|coverage,
vesselWatch,特殊船舶 Vessel Watch,custom_or_derived,ship ccg_vessel_positions_sampled ccg_vessel_zone_daily,AIS 自願廣播資料，僅供本人分析使用；不公開再散布船名/MMSI,14 counties,collected_at,,manual,,2026-09-27,catalog_last_updated,,unknown,0,,
submarineCables,OSM 通訊海纜 Submarine Cable,static_asset,submarine_cable,ODbL 1.0,,,,quarterly,132480,2026-08-18,catalog_last_updated,49.00,fresh,2,coverage|time_fields,
landingStations,OSM 海纜登陸站 Landing Station,static_asset,submarine_cable,ODbL 1.0,,,,quarterly,132480,2026-08-18,catalog_last_updated,49.00,fresh,2,coverage|time_fields,
internetExchangePoints,網際網路交換中心 Internet Exchange,static_asset,internet_exchange_points,CC BY-NC-SA 3.0,,,,static,,2026-08-18,catalog_last_updated,,static,2,coverage|time_fields,
anfrWirelessSites,法國 ANFR 5G 3500 無線站點概覽 France ANFR 5G 3500 Overview,static_asset,anfr_wireless_sites,Licence Ouverte / Open Licence 2.0,,,,weekly,10080,,,,unknown,2,coverage|time_fields,
osmCommunicationSites,OSM 通訊塔候選點概覽 OpenStreetMap Communication Candidates,static_asset,osm_communication_sites,ODbL 1.0,,,,quarterly,132480,2026-08-18,catalog_last_updated,49.00,fresh,2,coverage|time_fields,
ripeAtlasProbes,RIPE Atlas 連線量測節點 Connected Probes,static_asset,ripe_atlas_probes,RIPE Atlas Service Terms v3.5（非 CC 授權）,,,,quarterly,132480,2026-08-18,catalog_last_updated,49.00,fresh,2,coverage|time_fields,
ooklaMobilePerformance,Ookla 行動網路效能格網 Mobile Performance Grid,static_asset,network_performance_grid,CC BY-NC-SA 4.0,national,,,quarterly,132480,2026-08-25,catalog_last_updated,42.00,fresh,1,time_fields,
ooklaFixedPerformance,Ookla 固定網路效能格網 Fixed Performance Grid,static_asset,network_performance_grid,CC BY-NC-SA 4.0,national,,,quarterly,132480,2026-08-25,catalog_last_updated,42.00,fresh,1,time_fields,
ooklaMobileTaiwan,Ookla 台灣行動細格 Taiwan Mobile Fine Grid,static_asset,network_performance_grid,CC BY-NC-SA 4.0,national,,,quarterly,132480,2026-08-25,catalog_last_updated,42.00,fresh,1,time_fields,
ooklaFixedTaiwan,Ookla 台灣固定網路細格 Taiwan Fixed Fine Grid,static_asset,network_performance_grid,CC BY-NC-SA 4.0,national,,,quarterly,132480,2026-08-25,catalog_last_updated,42.00,fresh,1,time_fields,
convenienceStores,超商 Convenience Store,static_asset,convenience_store,,,,,,,,,,unknown,4,license|coverage|time_fields|refresh_interval,
postOffices,郵局 Post Office,static_asset,post_offices,政府資料開放平台,national,,,quarterly,132480,2026-07-17,catalog_last_updated,81.00,fresh,1,time_fields,
iPostBoxes,i郵箱 iPost Box,static_asset,ibox,政府資料開放平台,national,,,quarterly,132480,2026-07-17,catalog_last_updated,81.00,fresh,1,time_fields,
communityCenters,活動中心（部分縣市） Community Center,static_asset,community_centers,OGDL-Taiwan-1.0 / 各縣市開放授權,8 counties,,,irregular,,2026-07-17,catalog_last_updated,,unknown,1,time_fields,
govServiceOffices,機關便民據點 Gov Service Office,static_asset,gov_service_offices,OGDL-Taiwan-1.0,national,,,yearly,527040,2026-07-17,catalog_last_updated,81.00,fresh,1,time_fields,
publicLibraries,公共圖書館 Public Library,static_asset,public_libraries,OGDL-Taiwan-1.0,national,,,yearly,527040,2026-07-17,catalog_last_updated,81.00,fresh,1,time_fields,
welfareCenters,社福中心 Welfare Center,static_asset,welfare_centers,OGDL-Taiwan-1.0,national,,,irregular,,2026-08-12,catalog_last_updated,,unknown,1,time_fields,
animalAdoption,待認領養動物 Animal Adoption,dynamic_live,live.animal_adoption_current,政府資料開放授權條款第 1 版,,updated_at,live.animal_adoption_current.updated_at (high),live:1440min,1440,2026-10-05T07:03:11Z,db_snapshot,0.27,fresh,1,coverage,
animalShelterPressure,收容壓力 Shelter Pressure,dynamic_live,live.animal_shelter_outcomes,政府資料開放授權條款第 1 版,,snapshot_date,live.animal_shelter_outcomes.snapshot_date (medium),live:43200min,43200,2026-10-05T00:00:00Z,db_snapshot,0.56,fresh,1,coverage,
animalWelfarePoints,動物服務據點 Animal Services,dynamic_live,live.animal_welfare_point_snapshots,OGDL-Taiwan-1.0,,snapshot_date,live.animal_welfare_point_snapshots.snapshot_date (medium),live:129600min,129600,2026-10-05T00:00:00Z,db_snapshot,0.56,fresh,1,coverage,
retailMarkets,公有市場 Public Market,static_asset,public_retail_markets,政府資料開放授權 OGDL-Taiwan-1.0,national,,,yearly,527040,2026-07-17,catalog_last_updated,81.00,fresh,1,time_fields,
publicToilets,公廁 Public Toilet,static_asset,public_toilets,政府資料開放授權 OGDL-Taiwan-1.0,national,,,quarterly,132480,2026-07-17,catalog_last_updated,81.00,fresh,1,time_fields,
sportsSchool,學校場館 School,static_asset,all_venues,OGDL-Taiwan-1.0,national,opened_year,,yearly,527040,2026-05-19,catalog_last_updated,140.00,fresh,0,,
sportsPublicOther,其他公共場館 Other Public Venues,static_asset,all_venues,OGDL-Taiwan-1.0,national,opened_year,,yearly,527040,2026-05-19,catalog_last_updated,140.00,fresh,0,,
sportsPrivate,民營場館 Private Venues,static_asset,all_venues,OGDL-Taiwan-1.0,national,opened_year,,yearly,527040,2026-05-19,catalog_last_updated,140.00,fresh,0,,
sportsPark,運動公園/開放空間 Park,static_asset,all_venues,OGDL-Taiwan-1.0,national,opened_year,,yearly,527040,2026-05-19,catalog_last_updated,140.00,fresh,0,,
sportsCenter,國民運動中心 Sports Center,static_asset,all_venues,OGDL-Taiwan-1.0,national,opened_year,,yearly,527040,2026-05-19,catalog_last_updated,140.00,fresh,0,,
parksTaipei,公園 Parks,static_asset,parks,OGDL-Taiwan-1.0,4 counties,,,yearly,527040,2026-07-05,catalog_last_updated,93.00,fresh,1,time_fields,
tourAttractions,觀光景點 Attractions,static_asset,attraction,OGDL-Taiwan-1.0,national,open_time,,daily,1440,2026-07-22,catalog_last_updated,76.00,overdue,0,,
tourHotSprings,溫泉露頭 Hot Springs,static_asset,hot_spring,OGDL-Taiwan-1.0,national,,,irregular,,2026-07-22,catalog_last_updated,,unknown,1,time_fields,
tourHotSpringZones,溫泉露頭區 Hot Spring Zones,static_asset,hot_spring_zone,OGDL-Taiwan-1.0,1 counties,,,irregular,,2026-07-22,catalog_last_updated,,unknown,1,time_fields,
tourScenicAreas,國家風景區 Scenic Areas,static_asset,scenic_area,OGDL-Taiwan-1.0,13 counties,,,yearly,527040,2026-05-24,catalog_last_updated,135.00,fresh,1,time_fields,
tourHeritage,文化資產 Heritage,static_asset,heritage,OGDL-Taiwan-1.0,national,,,yearly,527040,2026-05-24,catalog_last_updated,135.00,fresh,1,time_fields,
tourEvents,觀光活動・節慶 Tourism Events,static_asset,activity,OGDL-Taiwan-1.0,national,"start_time,end_time",,monthly,44640,2026-07-22,catalog_last_updated,76.00,fresh,0,,
tourFactories,觀光工廠 Tourism Factories,static_asset,tourism_factory,OGDL-Taiwan-1.0,18 counties,,,quarterly,132480,2026-07-23,catalog_last_updated,75.00,fresh,1,time_fields,
tourAmusementParks,民營遊樂園 Amusement Parks,static_asset,amusement_park,OGDL-Taiwan-1.0,13 counties,inspection_date,,yearly,527040,2026-07-23,catalog_last_updated,75.00,fresh,0,,
tourCamping,露營場 Campgrounds,static_asset,camping,OGDL-Taiwan-1.0,national,setup_time,,quarterly,132480,2026-05-24,catalog_last_updated,135.00,fresh,0,,
tourHotels,旅宿 Hotels & B&Bs,static_asset,hotel,OGDL-Taiwan-1.0,national,,,monthly,44640,2026-07-22,catalog_last_updated,76.00,fresh,1,time_fields,
tourRestaurants,觀光餐飲 Restaurants,static_asset,restaurant,OGDL-Taiwan-1.0,national,"data_month,cd__first_software_activation_at,service_time",,monthly,44640,2026-07-23,catalog_last_updated,75.00,fresh,0,,
schools,學校總覽 All Schools,static_asset,schools,,national,,,yearly,527040,2026-05-19,catalog_last_updated,140.00,fresh,2,license|time_fields,
eduSchoolElementary,國小 Elementary,static_asset,schools,,national,,,yearly,527040,2026-05-19,catalog_last_updated,140.00,fresh,2,license|time_fields,
eduSchoolJunior,國中 Junior High,static_asset,schools,,national,,,yearly,527040,2026-05-19,catalog_last_updated,140.00,fresh,2,license|time_fields,
eduSchoolSenior,高中職 Senior High,static_asset,schools,,national,,,yearly,527040,2026-05-19,catalog_last_updated,140.00,fresh,2,license|time_fields,
eduSchoolUniversity,大專 University,static_asset,schools,,national,,,yearly,527040,2026-05-19,catalog_last_updated,140.00,fresh,2,license|time_fields,
eduSchoolSpecial,特教 Special Education,static_asset,schools,,national,,,yearly,527040,2026-05-19,catalog_last_updated,140.00,fresh,2,license|time_fields,
eduRemoteSchools,偏遠地區學校 Remote Schools,static_asset,schools,,national,,,yearly,527040,2026-05-19,catalog_last_updated,140.00,fresh,2,license|time_fields,
eduUniversityStudents,大專學生數 University Students,static_asset,university_students,OGDL-Taiwan-1.0,national,academic_year,,yearly,527040,2026-08-07,catalog_last_updated,60.00,fresh,0,,
eduCampusPolygon,校地範圍 Campus Area,static_asset,campus_polygon,OGDL-Taiwan-1.0,national,,,yearly,527040,2026-08-07,catalog_last_updated,60.00,fresh,1,time_fields,
eduCampusArea,校地面積 Campus Size,static_asset,campus_polygon,OGDL-Taiwan-1.0,national,,,yearly,527040,2026-08-07,catalog_last_updated,60.00,fresh,1,time_fields,
eduDistrictElementary,國小學區 Elementary District,static_asset,school_district_k12,OGDL-Taiwan-1.0,4 counties,,,yearly,527040,2026-08-09,catalog_last_updated,58.00,fresh,1,time_fields,
eduDistrictJunior,國中學區 Junior High District,static_asset,school_district_k12,OGDL-Taiwan-1.0,4 counties,,,yearly,527040,2026-08-09,catalog_last_updated,58.00,fresh,1,time_fields,
eduDistrictSenior,高中就學區（縣市級） Senior High District,static_asset,school_district_senior,OGDL-Taiwan-1.0,15 counties,,,yearly,527040,2026-08-07,catalog_last_updated,60.00,fresh,1,time_fields,
eduKindergarten,幼兒園 Kindergarten,static_asset,kindergartens,OGDL-Taiwan-1.0,national,,,yearly,527040,2026-08-07,catalog_last_updated,60.00,fresh,1,time_fields,
eduCramSchool,短期補習班 Cram School,static_asset,cram_schools,OGDL-Taiwan-1.0,national,,,daily,1440,2026-08-07,catalog_last_updated,60.00,overdue,1,time_fields,
eduAfterschoolCare,兒童課後照顧中心 Afterschool Care,static_asset,afterschool_care,OGDL-Taiwan-1.0,18 counties,,,yearly,527040,2026-08-07,catalog_last_updated,60.00,fresh,1,time_fields,
eduMutualCare,互助教保服務中心 Mutual Care,static_asset,mutual_care,OGDL-Taiwan-1.0,19 counties,,,yearly,527040,2026-08-07,catalog_last_updated,60.00,fresh,1,time_fields,
welfareNursingHomes,護理機構 Nursing Homes,static_asset,nursing_homes,OGDL-Taiwan-1.0,national,,,irregular,,2026-08-12,catalog_last_updated,,unknown,1,time_fields,
welfareElderlyHomes,老人住宿機構 Elderly Homes,static_asset,elderly_care_homes,OGDL-Taiwan-1.0,national,licensed_at,,irregular,,2026-08-12,catalog_last_updated,,unknown,0,,
welfareDisability,身障福利機構 Disability,static_asset,disability_facilities,OGDL-Taiwan-1.0,national,,,irregular,,2026-08-12,catalog_last_updated,,unknown,1,time_fields,
welfareLtcInstitutions,長照立案機構 LTC Institutions,static_asset,ltc_institutions,OGDL-Taiwan-1.0,national,,,irregular,,2026-08-12,catalog_last_updated,,unknown,1,time_fields,
welfareChildcare,托嬰中心 Childcare,static_asset,childcare_centers,OGDL-Taiwan-1.0,national,,,irregular,,2026-08-12,catalog_last_updated,,unknown,1,time_fields,
welfareChildServices,兒少服務 Child Services,static_asset,child_services,OGDL-Taiwan-1.0,national,,,irregular,,2026-08-12,catalog_last_updated,,unknown,1,time_fields,
welfareGovOffices,公部門社福據點 Gov Offices,static_asset,welfare_service_centers,OGDL-Taiwan-1.0,national,,,irregular,,2026-08-12,catalog_last_updated,,unknown,1,time_fields,
welfareMentalHealth,心理衛生機構 Mental Health,static_asset,mental_health_facilities,OGDL-Taiwan-1.0,national,,,irregular,,2026-08-12,catalog_last_updated,,unknown,1,time_fields,
welfareSocialWorkOrgs,社福團體 Social Work Orgs,static_asset,social_work_orgs,OGDL-Taiwan-1.0,national,,,irregular,,2026-08-12,catalog_last_updated,,unknown,1,time_fields,
forestCompartments,林班 Compartments,static_asset,national_forest_compartments,,14 counties,,,yearly,527040,2026-05-19,catalog_last_updated,140.00,fresh,2,license|time_fields,
forestReserve,保安林 Reserve,static_asset,forest_reserve,,national,,,yearly,527040,2026-05-19,catalog_last_updated,140.00,fresh,2,license|time_fields,
forestRecreation,森林遊樂區 Recreation,static_asset,forest_recreation_areas,,11 counties,,,yearly,527040,2026-05-19,catalog_last_updated,140.00,fresh,2,license|time_fields,
forestFlatParks,平地森林 Flat Parks,static_asset,flat_forest_parks,,3 counties,OPEN_TIME,,yearly,527040,2026-05-19,catalog_last_updated,140.00,fresh,1,license,
canopyHeight,樹冠高度 Canopy Height,static_asset,canopy_height_meta,,,,,yearly,527040,2026-07-24,catalog_last_updated,74.00,fresh,3,license|coverage|time_fields,
jpCanopyHeight,樹冠高度 CHMv2,static_asset,,,,,,,,,,,unknown,5,source|license|coverage|time_fields|refresh_interval,
canopyGiants,樹冠巨木 Canopy Giants,static_asset,,,,,,,,,,,unknown,5,source|license|coverage|time_fields|refresh_interval,
forestTreatmentWorks,治理工程 Treatment Works,static_asset,forestry_treatment_works,,19 counties,planyear,,yearly,527040,2026-05-19,catalog_last_updated,140.00,fresh,1,license,
forestTrailSigns,步道路標 Trail Signs,static_asset,mountain_trail_signs,,11 counties,,,yearly,527040,2026-05-19,catalog_last_updated,140.00,fresh,2,license|time_fields,
forestSignalPoints,通訊點 Signal Points,static_asset,mountain_signal_points,,15 counties,,,yearly,527040,2026-05-19,catalog_last_updated,140.00,fresh,2,license|time_fields,
forestEducationCenters,自然教育中心 Natural Education Centers,static_asset,forest_education_centers,,8 counties,,,yearly,527040,2026-05-19,catalog_last_updated,140.00,fresh,2,license|time_fields,
mountainHuts,山屋・高山營地 Mountain Huts,static_asset,mountain_huts,OGDL-Taiwan-1.0（官方源）＋ ODbL（OSM 部分，需標示 © OpenStreetMap contributors）,15 counties,fetched_at,,yearly,527040,2026-08-01,catalog_last_updated,66.00,fresh,0,,
forestDamLakes,堰塞湖 Dam Lakes,static_asset,dam_lakes_in_forest,,8 counties,,,yearly,527040,2026-05-19,catalog_last_updated,140.00,fresh,2,license|time_fields,
forestRoads,林道 Forest Roads,static_asset,forest_roads,,13 counties,,,yearly,527040,2026-05-19,catalog_last_updated,140.00,fresh,2,license|time_fields,
forestAlishanRail,阿里山鐵路 Alishan Rail,static_asset,wildlife_distribution_3rd_alt,,3 counties,,,yearly,527040,2026-05-19,catalog_last_updated,140.00,fresh,2,license|time_fields,
hikingTrails,全台步道 Hiking Trails,static_asset,hiking_trails,OGDL-Taiwan-1.0（官方 5 源）＋ODbL（OSM 部分需標示）,national,,,static,,2026-06-08,catalog_last_updated,,static,1,time_fields,
forestWildlife,野生動物分布 Wildlife,static_asset,wildlife_distribution_3rd,,16 counties,,,yearly,527040,2026-05-19,catalog_last_updated,140.00,fresh,2,license|time_fields,
realEstateRentalGrid,租賃熱力圖 Rental Grid,static_asset,real_estate real_estate_points real_estate_grids,政府資料開放授權條款-第1版,national,"period,trade_date",,manual,,2026-09-26,catalog_last_updated,,unknown,0,,
realEstateRentalPoint,租賃交易點 Rental Point,static_asset,real_estate real_estate_points real_estate_grids,政府資料開放授權條款-第1版,national,"period,trade_date",,manual,,2026-09-26,catalog_last_updated,,unknown,0,,
realEstateSaleGrid,買賣熱力圖 Sale Grid,static_asset,real_estate real_estate_points real_estate_grids,政府資料開放授權條款-第1版,national,"period,trade_date",,manual,,2026-09-26,catalog_last_updated,,unknown,0,,
realEstateSalePoint,買賣交易點 Sale Point,static_asset,real_estate real_estate_points real_estate_grids,政府資料開放授權條款-第1版,national,"period,trade_date",,manual,,2026-09-26,catalog_last_updated,,unknown,0,,
realEstatePresaleGrid,預售熱力圖 Presale Grid,static_asset,real_estate real_estate_points real_estate_grids,政府資料開放授權條款-第1版,national,"period,trade_date",,manual,,2026-09-26,catalog_last_updated,,unknown,0,,
realEstatePresalePoint,預售交易點 Presale Point,static_asset,real_estate real_estate_points real_estate_grids,政府資料開放授權條款-第1版,national,"period,trade_date",,manual,,2026-09-26,catalog_last_updated,,unknown,0,,
propertyValueAdmin,不動產總市值行政區 Property Value,static_asset,Static property_value_admin.json joined by administrative code to independent county/township PMTiles sources via featur,,,,,,,,,,unknown,4,license|coverage|time_fields|refresh_interval,
propertyValueGrid,不動產總市值網格 Value Grid,static_asset,,,,,,,,,,,unknown,5,source|license|coverage|time_fields|refresh_interval,
medHospital,醫院 Hospital,static_asset,medical,,national,,,yearly,527040,2026-07-07,catalog_last_updated,91.00,fresh,2,license|time_fields,
medClinic,診所 / 其他醫療 Clinic,static_asset,medical,,national,,,yearly,527040,2026-07-07,catalog_last_updated,91.00,fresh,2,license|time_fields,
medPharmacy,藥局 Pharmacy,static_asset,medical,,national,,,yearly,527040,2026-07-07,catalog_last_updated,91.00,fresh,2,license|time_fields,
medAED,AED 點位 AED,static_asset,aed,OGDL-Taiwan-1.0,national,,,daily,1440,2026-05-24,catalog_last_updated,135.00,overdue,1,time_fields,
medLTC,長照機構 LTC,static_asset,long_term_care,OGDL-Taiwan-1.0,national,,,monthly,44640,2026-08-11,catalog_last_updated,56.00,fresh,1,time_fields,
erHospital,急診壅塞 ER,dynamic_live,live.er_hospital_current,,,observed_at,live.er_hospital_current.observed_at (high),live:15min,15,2026-10-05T13:15:00Z,db_snapshot,0.01,fresh,2,license|coverage,
medIsochrone,醫療等時圈 Isochrone,static_asset,PMTiles factory medicalIsochroneLayerFactory（./medical/medical_isochrone.pmtiles，source medical-isochrone / layer medica,,,,,,,,,,unknown,4,license|coverage|time_fields|refresh_interval,
medDesert,醫療沙漠 Desert,static_asset,PMTiles factory medicalIsochroneLayerFactory（./medical/medical_isochrone.pmtiles，source medical-isochrone / layer medica,,,,,,,,,,unknown,4,license|coverage|time_fields|refresh_interval,
policeStation,警察機關 Police,static_asset,police_stations,OGDL-Taiwan-1.0,national,fetched_at,,monthly,44640,2026-06-26,catalog_last_updated,102.00,overdue,0,,
womenChildWarning,婦幼警示點 Women/Child Warning,static_asset,women_child_warning,OGDL-Taiwan-1.0,national,fetched_at,,monthly,44640,2026-06-26,catalog_last_updated,102.00,overdue,0,,
speedCamera,測速照相 Speed Camera,static_asset,speed_cameras,OGDL-Taiwan-1.0,national,fetched_at,,monthly,44640,2026-08-24,catalog_last_updated,43.00,fresh,0,,
speedZoneSegment,區間測速 Speed Zone,static_asset,speed_zone_segments,OGDL-Taiwan-1.0,2 counties,fetched_at,,yearly,527040,2026-06-26,catalog_last_updated,102.00,fresh,0,,
policeIsoSubstation,派出所（5/10 min）,static_asset,police_stations,OGDL-Taiwan-1.0,national,fetched_at,,monthly,44640,2026-06-26,catalog_last_updated,102.00,overdue,0,,
policeIsoPrecinct,分局（15/30 min）,static_asset,police_stations,OGDL-Taiwan-1.0,national,fetched_at,,monthly,44640,2026-06-26,catalog_last_updated,102.00,overdue,0,,
policeIsoCityDept,縣市警局（30/60 min）,static_asset,police_stations,OGDL-Taiwan-1.0,national,fetched_at,,monthly,44640,2026-06-26,catalog_last_updated,102.00,overdue,0,,
court,法院 Courts,static_asset,courts,OGDL-Taiwan-1.0,national,fetched_at,,yearly,527040,2026-06-26,catalog_last_updated,102.00,fresh,0,,
prosecutorsOffice,檢察署 Prosecutors,static_asset,prosecutors_offices,OGDL-Taiwan-1.0,national,fetched_at,,yearly,527040,2026-06-26,catalog_last_updated,102.00,fresh,0,,
correctionalFacility,矯正機關 Correctional,static_asset,correctional_facilities,OGDL-Taiwan-1.0,19 counties,fetched_at,,monthly,44640,2026-06-26,catalog_last_updated,102.00,overdue,0,,
courtJurisdiction,法院管轄區 Jurisdiction,static_asset,court_jurisdictions,OGDL-Taiwan-1.0,national,fetched_at,,static,,2026-06-26,catalog_last_updated,,static,0,,
crimeAreaMonthly,鄉鎮市區犯罪統計,static_asset,crime_area_monthly,OGDL-Taiwan-1.0,national,"by_year,fetched_at",,monthly,44640,2026-06-26,catalog_last_updated,102.00,overdue,0,,
theftTaoyuan,桃園竊盜 Theft Taoyuan,static_asset,theft_points_taoyuan,OGDL-Taiwan-1.0,5 counties,"year,date,fetched_at",,yearly,527040,2026-06-26,catalog_last_updated,102.00,fresh,0,,
trafficAccidentYearly,A1 死亡事故 Fatal Accident,static_asset,traffic_accident_yearly,OGDL-Taiwan-1.0,national,"year,month,date,time",,yearly,527040,2026-06-26,catalog_last_updated,102.00,fresh,0,,
accidentTaipei,北市事故點 Taipei Dots,static_asset,accident_taipei_dots,OGDL-Taiwan-1.0,2 counties,"occurred_at,fetched_at",,yearly,527040,2026-06-26,catalog_last_updated,102.00,fresh,0,,
a1AccidentRealtime,A1 即時事故 A1 Realtime,dynamic_live,live.traffic_accidents_a1,,national,collected_at,live.traffic_accidents_a1.collected_at (high),live:720min,720,2026-06-27T16:20:24Z,db_snapshot,99.88,overdue,1,license,
investigationBureau,調查局 MJIB,static_asset,investigation_bureau,OGDL-Taiwan-1.0,national,fetched_at,,yearly,527040,2026-06-26,catalog_last_updated,102.00,fresh,0,,
antiCorruptionOffice,廉政署 AAC,static_asset,anti_corruption_offices,OGDL-Taiwan-1.0,national,fetched_at,,yearly,527040,2026-06-26,catalog_last_updated,102.00,fresh,0,,
immigrationOffice,移民署 Immigration,static_asset,immigration_offices,OGDL-Taiwan-1.0,18 counties,,,monthly,44640,2026-06-26,catalog_last_updated,102.00,overdue,1,time_fields,
coastGuardStation,海巡 Coast Guard,static_asset,coast_guard_stations,OGDL-Taiwan-1.0,national,fetched_at,,monthly,44640,2026-06-26,catalog_last_updated,102.00,overdue,0,,
popCount,人口數 Population,custom_or_derived,population,,national,"peak_period,info_time",,yearly,527040,2026-05-19,catalog_last_updated,140.00,fresh,1,license,
h3Population,人流模擬 Pop. Flow,custom_or_derived,population,,national,"peak_period,info_time",,yearly,527040,2026-05-19,catalog_last_updated,140.00,fresh,1,license,
indicators,人口指標 Indicators,custom_or_derived,county_indicators_yearly,OGDL-Taiwan-1.0,,,,yearly,527040,2026-05-19,catalog_last_updated,140.00,fresh,2,coverage|time_fields,
socioeconomic,社經面貌 Socio-Econ,custom_or_derived,village_comprehensive_extended,政府資料開放授權條款,national,,,yearly,527040,2026-05-19,catalog_last_updated,140.00,fresh,1,time_fields,
spatialEconomy,空間經濟 Spatial-Econ,custom_or_derived,village_comprehensive_extended,政府資料開放授權條款,national,,,yearly,527040,2026-05-19,catalog_last_updated,140.00,fresh,1,time_fields,
youbikeFullness,YouBike 有車率 Fullness,dynamic_live,live.youbike_current,,2 counties,collected_at,live.youbike_current.collected_at (medium),live:15min,15,2026-10-05T13:25:36Z,db_snapshot,0.00,fresh,1,license,
companyPoints,公司登記分布 Company Registry,static_asset,company_points company_points_analysis,政府資料開放授權條款-第1版（部分縣市來源授權待核；僅本人分析） | OGDL-Taiwan-1.0,national,setup_year,,manual,,2026-09-26,catalog_last_updated,,unknown,0,,
companyCapitalGrid,公司資本額網格 Company Capital Grid,static_asset,company_capital_grid,OGDL-Taiwan-1.0,national,,,monthly,44640,2026-08-18,catalog_last_updated,49.00,fresh,1,time_fields,
companyIndustryDistribution,登記產業分布 Company Industry,static_asset,company_demographics_grid,OGDL-Taiwan-1.0,national,,,monthly,44640,2026-09-10,catalog_last_updated,26.00,fresh,1,time_fields,
companyAgeStructure,公司年齡結構 Company Age,static_asset,company_demographics_grid,OGDL-Taiwan-1.0,national,,,monthly,44640,2026-09-10,catalog_last_updated,26.00,fresh,1,time_fields,
manufacturingCompanyPoints,製造業公司登記點位 Manufacturing Registry,static_asset,manufacturing_company_points company_points_analysis,政府資料開放授權條款-第1版（部分縣市來源授權待核；僅本人分析） | OGDL-Taiwan-1.0,national,setup_year,,manual,,2026-09-26,catalog_last_updated,,unknown,0,,
factoryLocations,生產中工廠登記 Factory Locations,static_asset,factory_locations,政府資料開放授權條款第1版,national,registered_date,,monthly,44640,2026-08-16,catalog_last_updated,51.00,fresh,0,,
regulatedFacilities,列管設施 Regulated Facilities,static_asset,regulated_facilities,政府資料開放授權條款第1版,national,,,monthly,44640,2026-08-18,catalog_last_updated,49.00,fresh,1,time_fields,
factoryDensityGrid,生產中工廠密度 Factory Density,static_asset,factory_locations,政府資料開放授權條款第1版,national,registered_date,,monthly,44640,2026-08-16,catalog_last_updated,51.00,fresh,0,,
manufacturingCompanyDensityGrid,製造業公司登記密度 Manufacturing Registry Density,static_asset,manufacturing_company_points company_points_analysis,政府資料開放授權條款-第1版（部分縣市來源授權待核；僅本人分析） | OGDL-Taiwan-1.0,national,setup_year,,manual,,2026-09-26,catalog_last_updated,,unknown,0,,
regulatedFacilityDensityGrid,列管設施密度 Regulated Facility Density,static_asset,regulated_facilities,政府資料開放授權條款第1版,national,,,monthly,44640,2026-08-18,catalog_last_updated,49.00,fresh,1,time_fields,
industrialParkBoundaries,產業園區邊界 Industrial Parks,static_asset,industrial_park_boundaries,政府資料開放授權條款第1版,17 counties,,,quarterly,132480,2026-08-18,catalog_last_updated,49.00,fresh,1,time_fields,
industrialParkComparison,園區商工比較 Industrial Park Metrics,static_asset,industrial_park_comparison,衍生成品；沿用各上游授權,17 counties,,,monthly,44640,2026-08-18,catalog_last_updated,49.00,fresh,1,time_fields,
commonRegistrationAddresses,共同登記地址 Shared Address,static_asset,common_registration_addresses,OGDL-Taiwan-1.0,national,,,monthly,44640,2026-08-18,catalog_last_updated,49.00,fresh,1,time_fields,
earthquakesGlobal,全球地震 USGS Earthquake,dynamic_live,live.earthquakes_global,Public Domain (US Government Work),,collected_at,live.earthquakes_global.collected_at (high),live:60min,60,2026-10-05T13:05:12Z,db_snapshot,0.02,fresh,1,coverage,
typhoonTracks,颱風軌跡 Typhoon Track,dynamic_live,live.typhoon_positions,JMA 開放使用（標註來源）,,collected_at,live.typhoon_positions.collected_at (high),live:1440min,1440,2026-10-05T13:08:12Z,db_snapshot,0.01,fresh,1,coverage,
windField,風場 Wind Field（10m）,custom_or_derived,noaa_gfs_wind_forecast,Public Domain (US Government Work),,,,daily,1440,,,,unknown,2,coverage|time_fields,
oceanCurrents,海流 Ocean Currents,custom_or_derived,cmems_ocean_forecast,Copernicus 開放（需註冊帳號）,,,,daily,1440,,,,unknown,2,coverage|time_fields,
dustForecast,沙塵預報 Dust Forecast,custom_or_derived,cams_atmosphere_forecast,Copernicus 開放（需註冊 ADS + accept dataset licence）,,,,daily,1440,,,,unknown,2,coverage|time_fields,
countyBoundary,縣市界 County,static_asset,county_boundary,政府資料開放授權條款-第1版,national,,,static,,2026-07-07,catalog_last_updated,,static,1,time_fields,
townshipBoundary,鄉鎮市區界 Township,static_asset,township_boundary,政府資料開放授權條款-第1版,national,,,static,,2026-07-07,catalog_last_updated,,static,1,time_fields,
villageBoundary,村里界 Village,static_asset,village_boundary,政府資料開放授權條款-第1版,national,,,static,,2026-07-07,catalog_last_updated,,static,1,time_fields,
maritimeBoundary,領海界線 Maritime Boundary,static_asset,maritime_boundary,,unknown,,,yearly,527040,2026-07-07,catalog_last_updated,91.00,fresh,2,license|time_fields,
contour25k,等高線 Contour（25k・10m）,static_asset,contour_25k,政府資料開放授權條款-第1版,8 counties,release_period,,static,,2026-07-07,catalog_last_updated,,static,0,,
contourDtm20,等高線 Contour（DTM20・20m）,static_asset,contour_dtm20,繼承上游 政府資料開放授權條款-第1版,19 counties,,,static,,2026-07-07,catalog_last_updated,,static,1,time_fields,
hillshade,山體陰影 Hillshade,static_asset,hillshade,繼承上游 政府資料開放授權條款-第1版,,,,static,,2026-07-07,catalog_last_updated,,static,2,coverage|time_fields,
slopeVector,坡度分級 Slope（6 級）,static_asset,slope,繼承上游 政府資料開放授權條款-第1版,,,,static,,2026-07-07,catalog_last_updated,,static,2,coverage|time_fields,
aspectVector,坡向分級 Aspect（8 向）,static_asset,aspect,繼承上游 政府資料開放授權條款-第1版,,,,static,,2026-07-07,catalog_last_updated,,static,2,coverage|time_fields,
isobath,海底等深線 Isobath,static_asset,gebco_isobath,,6 counties,,,static,,2026-08-23,catalog_last_updated,,static,2,license|time_fields,
buildingsGba,建物輪廓 Buildings,static_asset,buildings_3d_gba,CC BY-NC 4.0（禁商用）,1 counties,,,yearly,527040,2026-07-27,catalog_last_updated,71.00,fresh,1,time_fields,
jpBuildingHeight,建物高度 PLATEAU,static_asset,,,,,,,,,,,unknown,5,source|license|coverage|time_fields|refresh_interval,
urbanZoningNewTaipei,新北土地使用分區 New Taipei Zoning,static_asset,urban_zoning_newtaipei,OGDL-Taiwan-1.0,5 counties,,,yearly,527040,2026-07-27,catalog_last_updated,71.00,fresh,1,time_fields,
nonUrbanZoning,非都市土地使用分區 Non-Urban Zoning,static_asset,non_urban_zoning,OGDL-Taiwan-1.0,national,,,yearly,527040,2026-08-01,catalog_last_updated,66.00,fresh,1,time_fields,
osmRoadDrive,OSM 道路 OSM Roads,static_asset,osm_road_drive,ODbL-1.0,national,,,static,,2026-07-07,catalog_last_updated,,static,1,time_fields,
lifelineAlerts,民生中斷 Lifeline,dynamic_live,live.disaster_alerts,,,collected_at,live.disaster_alerts.collected_at (medium),live:15min,15,2026-10-05T13:21:18Z,db_snapshot,0.00,fresh,2,license|coverage,
floodAlerts,水文防汛 Flood Alerts,dynamic_live,live.disaster_alerts,,,collected_at,live.disaster_alerts.collected_at (medium),live:15min,15,2026-10-05T13:21:18Z,db_snapshot,0.00,fresh,2,license|coverage,
weatherAlerts,氣象特報 Weather Alerts,dynamic_live,live.disaster_alerts,,,collected_at,live.disaster_alerts.collected_at (medium),live:15min,15,2026-10-05T13:21:18Z,db_snapshot,0.00,fresh,2,license|coverage,
transitAlerts,交通阻斷 Transit Alerts,dynamic_live,live.disaster_alerts,,,collected_at,live.disaster_alerts.collected_at (medium),live:15min,15,2026-10-05T13:21:18Z,db_snapshot,0.00,fresh,2,license|coverage,
safetyAlerts,安全環境 Safety Alerts,dynamic_live,live.disaster_alerts,,,collected_at,live.disaster_alerts.collected_at (medium),live:15min,15,2026-10-05T13:21:18Z,db_snapshot,0.00,fresh,2,license|coverage,
earthquakes,地震 Earthquake,dynamic_live,live.earthquake_events,中央氣象署地震測報公開資料，僅供本人分析使用,17 counties,occurred_at,live.earthquake_events.occurred_at (high),live:1440min,1440,2026-10-04T21:26:10Z,db_snapshot,0.67,fresh,0,,
earthquakeReplay,地震回放 EQ Replay,dynamic_live,live.earthquake_events,中央氣象署地震測報公開資料，僅供本人分析使用,17 counties,occurred_at,live.earthquake_events.occurred_at (medium),live:1440min,1440,2026-10-04T21:26:10Z,db_snapshot,0.67,fresh,0,,
soilLiquefactionPotential,土壤液化潛勢 Soil Liquefaction,static_asset,soil_liquefaction_potential,,,,,,,,,,unknown,4,license|coverage|time_fields|refresh_interval,
weakSoilClay0To5,弱層黏土（0–5m）,static_asset,weak_soil_profile,,,,,,,,,,unknown,4,license|coverage|time_fields|refresh_interval,
weakSoilSand0To5,弱層砂土（0–5m）,static_asset,weak_soil_profile,,,,,,,,,,unknown,4,license|coverage|time_fields|refresh_interval,
weakSoilClay5To10,弱層黏土（5–10m）,static_asset,weak_soil_profile,,,,,,,,,,unknown,4,license|coverage|time_fields|refresh_interval,
weakSoilSand5To10,弱層砂土（5–10m）,static_asset,weak_soil_profile,,,,,,,,,,unknown,4,license|coverage|time_fields|refresh_interval,
weakSoilClay10To20,弱層黏土（10–20m）,static_asset,weak_soil_profile,,,,,,,,,,unknown,4,license|coverage|time_fields|refresh_interval,
weakSoilSand10To20,弱層砂土（10–20m）,static_asset,weak_soil_profile,,,,,,,,,,unknown,4,license|coverage|time_fields|refresh_interval,
liquefactionMonitoringSites,土壤液化監測站,static_asset,liquefaction_monitoring_sites,,,,,,,,,,unknown,4,license|coverage|time_fields|refresh_interval,
activeFaults,活動斷層 Fault Zone,static_asset,earthquake,,,,,,,,,,unknown,4,license|coverage|time_fields|refresh_interval,
lightning,落雷 Lightning 60min（台電）,dynamic_live,live.lightning_events,,,collected_at,live.lightning_events.collected_at (high),live:1440min,1440,2026-10-05T13:21:24Z,db_snapshot,0.00,fresh,2,license|coverage,
lightningCwa,落雷 Lightning 60min（氣象署）,dynamic_live,live.lightning_events,,,collected_at,live.lightning_events.collected_at (high),live:1440min,1440,2026-10-05T13:21:24Z,db_snapshot,0.00,fresh,2,license|coverage,
mountainRescueIncidents,山域事故 Mountain Rescue,static_asset,mountain_rescue_incidents,OGDL-Taiwan-1.0,17 counties,"year,reported_at,rescue_started_at,closed_at",,yearly,527040,2026-08-01,catalog_last_updated,66.00,fresh,0,,
nuclearRadiation,核安輻射 Radiation,dynamic_live,live.nuclear_radiation_stations,,,updated_at,live.nuclear_radiation_stations.updated_at (high),live:15min,15,2026-10-05T13:22:04Z,db_snapshot,0.00,fresh,2,license|coverage,
satellitesTaiwan,台灣 FORMOSAT / TRITON / IRIS-C,dynamic_live,live.satellite_tle,,,updated_at,live.satellite_tle.updated_at (medium),live:1440min,1440,2026-10-05T13:06:20Z,db_snapshot,0.02,fresh,2,license|coverage,
satellitesYaogan,遙感 Yaogan,dynamic_live,live.satellite_tle,,,updated_at,live.satellite_tle.updated_at (medium),live:1440min,1440,2026-10-05T13:06:20Z,db_snapshot,0.02,fresh,2,license|coverage,
satellitesJilin,吉林 Jilin,dynamic_live,live.satellite_tle,,,updated_at,live.satellite_tle.updated_at (medium),live:1440min,1440,2026-10-05T13:06:20Z,db_snapshot,0.02,fresh,2,license|coverage,
satellitesGaofen,高分 Gaofen,dynamic_live,live.satellite_tle,,,updated_at,live.satellite_tle.updated_at (medium),live:1440min,1440,2026-10-05T13:06:20Z,db_snapshot,0.02,fresh,2,license|coverage,
satellitesTJS,TJS / TJSW GEO 情報,dynamic_live,live.satellite_tle,,,updated_at,live.satellite_tle.updated_at (medium),live:1440min,1440,2026-10-05T13:06:20Z,db_snapshot,0.02,fresh,2,license|coverage,
satellitesBeidou,北斗 BD-3 PNT,dynamic_live,live.satellite_tle,,,updated_at,live.satellite_tle.updated_at (medium),live:1440min,1440,2026-10-05T13:06:20Z,db_snapshot,0.02,fresh,2,license|coverage,
satellitesShiyan,試驗 Shiyan / Shijian,dynamic_live,live.satellite_tle,,,updated_at,live.satellite_tle.updated_at (medium),live:1440min,1440,2026-10-05T13:06:20Z,db_snapshot,0.02,fresh,2,license|coverage,
satellitesUSA,美國 KH / BlackSky / Planet,dynamic_live,live.satellite_tle,,,updated_at,live.satellite_tle.updated_at (medium),live:1440min,1440,2026-10-05T13:06:20Z,db_snapshot,0.02,fresh,2,license|coverage,
satellitesJapan,日本 IGS / ALOS,dynamic_live,live.satellite_tle,,,updated_at,live.satellite_tle.updated_at (medium),live:1440min,1440,2026-10-05T13:06:20Z,db_snapshot,0.02,fresh,2,license|coverage,
satellitesRussia,俄羅斯 PERSONA / RESURS / COSMOS,dynamic_live,live.satellite_tle,,,updated_at,live.satellite_tle.updated_at (medium),live:1440min,1440,2026-10-05T13:06:20Z,db_snapshot,0.02,fresh,2,license|coverage,
satellitesIndia,印度 CARTOSAT / RISAT / EOS,dynamic_live,live.satellite_tle,,,updated_at,live.satellite_tle.updated_at (medium),live:1440min,1440,2026-10-05T13:06:20Z,db_snapshot,0.02,fresh,2,license|coverage,
satellitesKorea,韓國 KOMPSAT,dynamic_live,live.satellite_tle,,,updated_at,live.satellite_tle.updated_at (medium),live:1440min,1440,2026-10-05T13:06:20Z,db_snapshot,0.02,fresh,2,license|coverage,
satellitesFrance,法國 CSO / PLEIADES / ELISA,dynamic_live,live.satellite_tle,,,updated_at,live.satellite_tle.updated_at (medium),live:1440min,1440,2026-10-05T13:06:20Z,db_snapshot,0.02,fresh,2,license|coverage,
satellitesGermany,德國 SAR-Lupe / SARah,dynamic_live,live.satellite_tle,,,updated_at,live.satellite_tle.updated_at (medium),live:1440min,1440,2026-10-05T13:06:20Z,db_snapshot,0.02,fresh,2,license|coverage,
satellitesItaly,義大利 COSMO-SkyMed,dynamic_live,live.satellite_tle,,,updated_at,live.satellite_tle.updated_at (medium),live:1440min,1440,2026-10-05T13:06:20Z,db_snapshot,0.02,fresh,2,license|coverage,
satellitesIsrael,以色列 Ofeq / EROS,dynamic_live,live.satellite_tle,,,updated_at,live.satellite_tle.updated_at (medium),live:1440min,1440,2026-10-05T13:06:20Z,db_snapshot,0.02,fresh,2,license|coverage,
weatherStations,氣象站 Weather Station,static_asset,weather temperature,,19 counties,,,yearly,527040,2026-07-07,catalog_last_updated,91.00,fresh,2,license|time_fields,
cwaCloudImagery,衛星雲圖 Cloud Imagery,dynamic_live,live.cwa_imagery_frames,,,observed_at,live.cwa_imagery_frames.observed_at (high),live:10min,10,2026-10-05T13:10:00Z,db_snapshot,0.01,fresh,2,license|coverage,
cwaRadarImagery,雷達回波 Radar Imagery,dynamic_live,live.cwa_imagery_frames,,,observed_at,live.cwa_imagery_frames.observed_at (high),live:10min,10,2026-10-05T13:10:00Z,db_snapshot,0.01,fresh,2,license|coverage,
temperatureWave,溫度波 Temperature Wave,dynamic_live,live.temperature_grids,,19 counties,collected_at,live.temperature_grids.collected_at (medium),live:60min,60,,,,unknown,1,license,"unqueried:no_time_index(relkind=p,reltuples=-1)"
temperatureGrid,溫度網格 Temperature Grid,dynamic_live,live.temperature_grids,,19 counties,collected_at,live.temperature_grids.collected_at (medium),live:60min,60,,,,unknown,1,license,"unqueried:no_time_index(relkind=p,reltuples=-1)"
urbanHeat,都市熱島 Urban Heat,static_asset,urban_heat_lst,Landsat = Public Domain（Credit: U.S. Geological Survey）；WorldCover = CC BY 4.0；Copernicus DEM = © DLR e.V. 2010-2014 / © Airbus DS 2014-2018,,,,irregular,,2026-07-31,catalog_last_updated,,unknown,2,coverage|time_fields,
aqiImagery,空氣品質色階 AQI Raster,dynamic_live,live.aqi_imagery_frames,,,observed_at,live.aqi_imagery_frames.observed_at (high),live:60min,60,2026-10-05T13:07:12Z,db_snapshot,0.01,fresh,2,license|coverage,
aqiStations,空氣品質測站 AQI Station,dynamic_live,live.air_quality_current,,,observed_at,live.air_quality_current.observed_at (high),live:60min,60,2026-10-05T12:00:00Z,db_snapshot,0.06,fresh,2,license|coverage,
aqiMicroSensors,LASS 微型感測 Micro Sensor,dynamic_live,live.micro_sensor_readings,,,collected_at,live.micro_sensor_readings.collected_at (high),live:5min,5,,,,unknown,2,license|coverage,"unqueried:no_time_index(relkind=p,reltuples=-1)"
officialNoiseMonitoring,官方噪音測站 Official Monitoring,static_asset,official_noise_monitoring,OGDL-Taiwan-1.0,national,"latest_observation_date,source_updated_at,built_at",,quarterly,132480,2026-08-27,catalog_last_updated,40.00,fresh,0,,
noiseCaptureGrid,公民格網（NoiseCapture）,static_asset,noise_capture_grid,ODbL-1.0 / DbCL-1.0,2 counties,,,monthly,44640,2026-08-27,catalog_last_updated,40.00,fresh,1,time_fields,
noiseControlZones,噪音管制區 Control Zones,static_asset,noise_control_zones,政府資料開放授權條款第1版,1 counties,"effective_year,built_at",,irregular,,2026-08-27,catalog_last_updated,,unknown,0,,
aviationNoiseZones,航空噪音法定里別 Aviation Zones,static_asset,aviation_noise_zones,政府資料開放授權條款第1版,2 counties,"effective_date,source_updated_at,built_at",,semi_annual,263520,2026-08-27,catalog_last_updated,40.00,fresh,0,,
noiseEnforcementEvents,噪音裁處事件 Enforcement,static_asset,pollution_source pollution_penalties,政府資料開放授權條款-第1版,national,"penalty_date,penalty_year",,manual,,2026-09-26,catalog_last_updated,,unknown,0,,
soundCameraLocations,聲音照相設備 Sound Camera,static_asset,sound_camera_locations,政府資料開放授權條款第1版,2 counties,"source_updated_at,built_at",,irregular,,2026-08-27,catalog_last_updated,,unknown,0,,
riverRpiStations,河川污染指數測站 River RPI,static_asset,river_rpi_stations,政府資料開放授權條款-第1版,19 counties,"latest_sample_date,latest_rpi_date,first_sample_date,sample_date",,monthly,44640,2026-10-02,catalog_last_updated,4.00,fresh,0,,
waterQualityStations,水質監測站 Water Quality,static_asset,water_quality_stations,政府資料開放授權條款-第1版,national,"latest_sample_date,retrieved_at",,irregular,,2026-10-02,catalog_last_updated,,unknown,0,,
sewageTreatmentPlants,公共污水處理廠 Sewage Plants,static_asset,sewage_treatment_plants,政府資料開放授權條款-第1版,national,"retrieved_at,db_updated_at",,irregular,,2026-10-02,catalog_last_updated,,unknown,0,,
drinkingWaterProtectionZones,飲用水水源保護區 Drinking Water（環境部）,static_asset,drinking_water_protection_zones,政府資料開放授權條款-第1版,18 counties,retrieved_at,,irregular,,2026-10-02,catalog_last_updated,,unknown,0,,
seaWaterQualityStations,海域水質測站 Sea Water,static_asset,sea_water_quality_stations,政府資料開放授權條款-第1版,10 counties,"latest_sample_date,first_sample_date",,quarterly,132480,2026-10-02,catalog_last_updated,4.00,fresh,0,,
riverRpiSegments,河川污染指數河段（推估） River RPI Segments,static_asset,river_rpi_segments,政府資料開放授權條款-第1版（RPI 測站、水利署河道面／流域範圍面）；河川中心線與流向 prior 為 OpenStreetMap ODbL 1.0 衍生，須標示 © OpenStreetMap contributors，衍生資料庫 share-alike,19 counties,rpi_latest_date,,monthly,44640,2026-10-03,catalog_last_updated,3.00,fresh,0,,
pm25ManualStations,PM2.5 手動採樣站 PM2.5 Manual,static_asset,pm25_manual_stations,政府資料開放授權條款-第1版,national,"latest_valid_date,latest_record_date,first_record_date",,irregular,,2026-10-02,catalog_last_updated,,unknown,0,,
dioxinStations,環境空氣戴奧辛測站 Dioxin,static_asset,dioxin_stations,政府資料開放授權條款-第1版,19 counties,"latest_sample_date,first_sample_date",,semi_annual,263520,2026-10-02,catalog_last_updated,4.00,fresh,0,,
incineratorEmissions,焚化廠空污監測 Incinerators,static_asset,incinerator_emissions,政府資料開放授權條款-第1版,14 counties,"latest_month,dioxin_f1_test_date,dioxin_f1_report_month,dioxin_f2_test_date",,monthly,44640,2026-10-02,catalog_last_updated,4.00,fresh,0,,
nuscGammaRadiation,環境輻射 Gamma（核安會）,supabase_static,,,,,,,,,,,unknown,5,source|license|coverage|time_fields|refresh_interval,
waterEffluentLive,放流水連線監測 Effluent,supabase_static,,,,,,,,,,,unknown,5,source|license|coverage|time_fields|refresh_interval,
cemsStackLive,煙道 CEMS 連線監測 CEMS,supabase_static,,,,,,,,,,,unknown,5,source|license|coverage|time_fields|refresh_interval,
cwaUvDaily,紫外線（前一天最大值） UV,supabase_static,,,,,,,,,,,unknown,5,source|license|coverage|time_fields|refresh_interval,
pollutionPenaltyCritical,重大裁處 Critical Penalty,static_asset,pollution_source pollution_penalties,政府資料開放授權條款-第1版,national,"penalty_date,penalty_year",,manual,,2026-09-26,catalog_last_updated,,unknown,0,,
pollutionPenaltyGeneral,一般裁處 General Penalty,static_asset,pollution_source pollution_penalties,政府資料開放授權條款-第1版,national,"penalty_date,penalty_year",,manual,,2026-09-26,catalog_last_updated,,unknown,0,,
pollutionPenaltyMobile,移動污染 Mobile Penalty,static_asset,pollution_source pollution_penalties,政府資料開放授權條款-第1版,national,"penalty_date,penalty_year",,manual,,2026-09-26,catalog_last_updated,,unknown,0,,
pollutionSite,污染場址 Site,static_asset,pollution_source pollution_penalties,政府資料開放授權條款-第1版,national,"penalty_date,penalty_year",,manual,,2026-09-26,catalog_last_updated,,unknown,0,,
streetTreesTaipeiDiff,行道樹變化 Street Tree Diff,static_asset,street_trees_taipei_diff,OGDL-Taiwan-1.0（政府資料開放授權條款 1.0）,2 counties,,,irregular,,2026-07-12,catalog_last_updated,,unknown,1,time_fields,
streetTreesTaipei3epoch,行道樹三時點 Street Tree 3-Epoch,static_asset,street_trees_taipei_3epoch,OGDL-Taiwan-1.0（政府資料開放授權條款 1.0）,2 counties,survey_date,,irregular,,2026-07-13,catalog_last_updated,,unknown,0,,
streetTreesNational,行道樹全國 Street Trees TW,static_asset,street_trees_national,,3 counties,survey_date,,quarterly,132480,2026-07-14,catalog_last_updated,84.00,fresh,1,license,
protectedTreesNational,受保護樹木 Protected Trees,static_asset,protected_trees_national,,10 counties,,,static,,2026-07-14,catalog_last_updated,,static,2,license|time_fields,
riversideTreesTaipei,河濱喬木 Riverside Trees,static_asset,riverside_trees_taipei,,2 counties,survey_date,,static,,2026-07-14,catalog_last_updated,,static,1,license,
treePitsTaipei,人行道樹穴 Tree Pits,static_asset,tree_pits_taipei,,2 counties,,,yearly,527040,2026-07-14,catalog_last_updated,84.00,fresh,2,license|time_fields,
waterFacilities,水利設施 Facility,static_asset,water_facilities_osm,,national,,,yearly,527040,2026-05-19,catalog_last_updated,140.00,fresh,2,license|time_fields,
waterMonitorStations,監測站 Monitor,static_asset,rain_gauge_stations,,19 counties,,,yearly,527040,2026-05-19,catalog_last_updated,140.00,fresh,2,license|time_fields,
waterReservoirs,水庫 Reservoir,dynamic_live,live.reservoir_status,,19 counties,snapshot_at,live.reservoir_status.snapshot_at (medium),live:60min,60,2026-10-05T12:00:00Z,db_snapshot,0.06,fresh,1,license,
marineObservationCwa,CWA 海洋觀測站 CWA Marine,dynamic_live,live.marine_observation_current,,,collected_at,live.marine_observation_current.collected_at (high),live:15min,15,2026-10-05T13:20:02Z,db_snapshot,0.01,fresh,2,license|coverage,
marineObservationIsohe,ISOHE 港區海氣象 ISOHE Port,dynamic_live,live.marine_observation_current,,,collected_at,live.marine_observation_current.collected_at (high),live:15min,15,2026-10-05T13:20:02Z,db_snapshot,0.01,fresh,2,license|coverage,
groundwaterWells,水井點位 Wells,dynamic_live,live.groundwater_level_readings,,18 counties,observed_at,live.groundwater_level_readings.observed_at (high),live:60min,60,2026-10-05T13:00:00Z,db_snapshot,0.02,fresh,1,license,
rainGauge,即時雨量 Rain Gauge,dynamic_live,live.rain_gauge_readings,,19 counties,observed_at,live.rain_gauge_readings.observed_at (high),live:10min,10,2026-10-05T13:20:00Z,db_snapshot,0.01,fresh,1,license,
riverLevel,河川水位 River Level,dynamic_live,live.river_water_level,,19 counties,observed_at,live.river_water_level.observed_at (high),live:10min,10,2026-10-05T13:10:00Z,db_snapshot,0.01,fresh,1,license,
floodSensor,都市淹水感測 USWG,dynamic_live,live.uswg_measurements,,,observed_at,live.uswg_measurements.observed_at (high),live:10min,10,2026-10-05T13:20:27Z,db_snapshot,0.01,fresh,2,license|coverage,
iotWraRiver,IoT 河川 IoT River,dynamic_live,live.iot_wra_measurements,,19 counties,observed_at,live.iot_wra_measurements.observed_at (medium),live:60min,60,2026-10-05T13:36:55Z,db_snapshot,0.00,fresh,1,license,
iotWraStructure,IoT 水工結構 IoT Structure,dynamic_live,live.iot_wra_measurements,,19 counties,observed_at,live.iot_wra_measurements.observed_at (medium),live:60min,60,2026-10-05T13:36:55Z,db_snapshot,0.00,fresh,1,license,
taipeiSewer,北市下水道水位 Sewer (TP),dynamic_live,live.taipei_sewer_measurements,,,observed_at,live.taipei_sewer_measurements.observed_at (high),live:10min,10,2026-10-05T13:28:00Z,db_snapshot,0.00,fresh,2,license|coverage,
taipeiEvacuate,北市疏散門 Evacuate Gate (TP),dynamic_live,live.taipei_evacuate_status,OGDL-Taiwan-1.0,national,observed_at,live.taipei_evacuate_status.observed_at (high),live:10min,10,2026-10-05T13:20:00Z,db_snapshot,0.01,fresh,0,,
taipeiPumb,北市抽水站 Pump Station (TP),dynamic_live,live.taipei_pumb_status,,6 counties,observed_at,live.taipei_pumb_status.observed_at (high),live:10min,10,2026-10-05T13:25:00Z,db_snapshot,0.00,fresh,1,license,
waterBasins,流域 Basin,static_asset,river_basins_wra river_infrastructure_wra,,19 counties,,,yearly,527040,2026-05-19,catalog_last_updated,140.00,fresh,2,license|time_fields,
waterRivers,河川 River,static_asset,river_polygons_wra river_infrastructure_wra,,19 counties,,,yearly,527040,2026-05-19,catalog_last_updated,140.00,fresh,2,license|time_fields,
waterLevees,堤防 Levee,static_asset,river_levees_wra river_infrastructure_wra,,19 counties,,,yearly,527040,2026-05-19,catalog_last_updated,140.00,fresh,2,license|time_fields,
waterCanals,灌排渠道 Canal,static_asset,irrigation_canals irrigation_canal,,18 counties,,,yearly,527040,2026-07-07,catalog_last_updated,91.00,fresh,2,license|time_fields,
waterProtectionZones,管制區 Protection,static_asset,water_zones_wra water_source_protection_areas,,17 counties,,,manual,,2026-09-27,catalog_last_updated,,unknown,2,license|time_fields,
waterDetentionBasins,滯洪池 Detention,static_asset,detention_basins,,,,,,,,,,unknown,4,license|coverage|time_fields|refresh_interval,
groundwater,地下水井 Groundwater,dynamic_live,live.groundwater_level_readings,,18 counties,observed_at,live.groundwater_level_readings.observed_at (high),live:60min,60,2026-10-05T13:00:00Z,db_snapshot,0.02,fresh,1,license,
lakesPondsOsm,湖泊 / 埤塘 Lakes & Ponds,static_asset,lakes_ponds_osm,ODbL / © OpenStreetMap contributors,national,,,yearly,527040,2026-07-11,catalog_last_updated,87.00,fresh,1,time_fields,
waterFloodExtreme,淹水潛勢 Flood（650mm/24h）,static_asset,flood_hazard_wra,,national,,,yearly,527040,2026-05-19,catalog_last_updated,140.00,fresh,2,license|time_fields,
floodSensorIsochrone,淹水 3 分步行圈（雙北） Isochrone,static_asset,water.uswg_measurements,,,,,,,,,,unknown,4,license|coverage|time_fields|refresh_interval,
precipRaster,累積雨量柵格 Precip Raster,dynamic_live,live.precipitation_raster_frames,,,collected_at,live.precipitation_raster_frames.collected_at (high),live:120min,120,2026-10-05T12:05:18Z,db_snapshot,0.06,fresh,2,license|coverage,
wasteTruck,垃圾車（含音符） Truck,dynamic_live,spatial.waste_positions_realtime,,3 counties,observed_at,spatial.waste_positions_realtime.observed_at (high),live:2min,2,2026-10-05T13:29:23Z,db_snapshot,0.00,fresh,1,license,
wasteSchedule,垃圾車（表定） Schedule,custom_or_derived,garbage_collection,,3 counties,"arrival_time,departure_time",,yearly,527040,2026-07-07,catalog_last_updated,91.00,fresh,1,license,
wasteScheduleNote,表定音符 Notes,custom_or_derived,waste_collection_routes,,national,ingested_at,,yearly,527040,2026-05-19,catalog_last_updated,140.00,fresh,1,license,
wasteCleaningSquads,清潔隊 Squads,custom_or_derived,waste_cleaning_squads,,national,geocoded_at,,yearly,527040,2026-05-19,catalog_last_updated,140.00,fresh,1,license,
wasteStopsStatic,全台清運點位（靜態） Stops,static_asset,waste_collection_stops,,national,"arrival_time,departure_time,ingested_at,geocoded_at",,yearly,527040,2026-05-19,catalog_last_updated,140.00,fresh,1,license,
wdClothes,衣物回收箱 Clothes,custom_or_derived,waste_positions_realtime,,,,,,,,,,unknown,4,license|coverage|time_fields|refresh_interval,
wdMixed,混合投放點 Mixed,custom_or_derived,waste_positions_realtime,,,,,,,,,,unknown,4,license|coverage|time_fields|refresh_interval,
wdRecyclingContainer,街頭資收桶 Container,custom_or_derived,waste_positions_realtime,,,,,,,,,,unknown,4,license|coverage|time_fields|refresh_interval,
wdBattery,電池回收 Battery,custom_or_derived,waste_positions_realtime,,,,,,,,,,unknown,4,license|coverage|time_fields|refresh_interval,
wfIncinerator,焚化爐 Incinerator,custom_or_derived,waste_facilities,,national,"install_date,ingested_at,geocoded_at",,yearly,527040,2026-05-19,catalog_last_updated,140.00,fresh,1,license,
wfLandfill,衛生掩埋場 Landfill,custom_or_derived,waste_facilities,,national,"install_date,ingested_at,geocoded_at",,yearly,527040,2026-05-19,catalog_last_updated,140.00,fresh,1,license,
wfLandfillCoastal,濱海掩埋場 Coastal,custom_or_derived,waste_facilities,,national,"install_date,ingested_at,geocoded_at",,yearly,527040,2026-05-19,catalog_last_updated,140.00,fresh,1,license,
wfTransfer,轉運站 Transfer,custom_or_derived,waste_facilities,,national,"install_date,ingested_at,geocoded_at",,yearly,527040,2026-05-19,catalog_last_updated,140.00,fresh,1,license,
wfMedical,醫療廢棄物 Medical,custom_or_derived,waste_facilities,,national,"install_date,ingested_at,geocoded_at",,yearly,527040,2026-05-19,catalog_last_updated,140.00,fresh,1,license,
wfMonitoring,地下水監測井 Monitor,custom_or_derived,waste_facilities,,national,"install_date,ingested_at,geocoded_at",,yearly,527040,2026-05-19,catalog_last_updated,140.00,fresh,1,license,
wfRecycling,資源回收廠 Recycling,custom_or_derived,waste_facilities,,national,"install_date,ingested_at,geocoded_at",,yearly,527040,2026-05-19,catalog_last_updated,140.00,fresh,1,license,
wfScrapYard,廢車 / 廢金屬 Scrap,custom_or_derived,waste_facilities,,national,"install_date,ingested_at,geocoded_at",,yearly,527040,2026-05-19,catalog_last_updated,140.00,fresh,1,license,
wfOther,其他事廢設施 Other,custom_or_derived,waste_facilities,,national,"install_date,ingested_at,geocoded_at",,yearly,527040,2026-05-19,catalog_last_updated,140.00,fresh,1,license,
agriPOI,休農場 / 田媽媽 / 特色農旅 POI,static_asset,agritourism_certified_2024,,national,,,yearly,527040,2026-05-23,catalog_last_updated,136.00,fresh,2,license|time_fields,
agriRetail,農產零售商 Retail,static_asset,agri_retail_companies,,national,,,monthly,44640,2026-05-25,catalog_last_updated,134.00,overdue,2,license|time_fields,
agriProduceWholesale,蔬果批發商 Produce Wholesale,static_asset,produce_wholesale_companies,,national,,,monthly,44640,2026-05-25,catalog_last_updated,134.00,overdue,2,license|time_fields,
agriWholesaleMarket,農產批發市場 Wholesale Market,static_asset,agri_wholesale_market_companies,,national,,,monthly,44640,2026-05-25,catalog_last_updated,134.00,overdue,2,license|time_fields,
livestockFarmPig,畜禽飼養場·豬 Pig Farms,supabase_static,livestock_farms livestock_ranch,OGDL-Taiwan-1.0,national,,,static,,2026-07-07,catalog_last_updated,,static,1,time_fields,
livestockFarmChicken,畜禽飼養場·雞 Chicken Farms,supabase_static,livestock_farms livestock_ranch,OGDL-Taiwan-1.0,national,,,static,,2026-07-07,catalog_last_updated,,static,1,time_fields,
livestockFarmCattle,畜禽飼養場·牛 Cattle Farms,supabase_static,livestock_farms livestock_ranch,OGDL-Taiwan-1.0,national,,,static,,2026-07-07,catalog_last_updated,,static,1,time_fields,
livestockFarmDuck,畜禽飼養場·鴨 Duck Farms,supabase_static,livestock_farms livestock_ranch,OGDL-Taiwan-1.0,national,,,static,,2026-07-07,catalog_last_updated,,static,1,time_fields,
livestockFarmGoose,畜禽飼養場·鵝 Goose Farms,supabase_static,livestock_farms livestock_ranch,OGDL-Taiwan-1.0,national,,,static,,2026-07-07,catalog_last_updated,,static,1,time_fields,
livestockFarmSheep,畜禽飼養場·羊 Sheep/Goat Farms,supabase_static,livestock_farms livestock_ranch,OGDL-Taiwan-1.0,national,,,static,,2026-07-07,catalog_last_updated,,static,1,time_fields,
livestockFarmOther,畜禽飼養場·其他 Other Farms,supabase_static,livestock_farms livestock_ranch,OGDL-Taiwan-1.0,national,,,static,,2026-07-07,catalog_last_updated,,static,1,time_fields,
livestockSlaughter,屠宰場 Slaughterhouses,supabase_static,slaughterhouses livestock_ranch,OGDL-Taiwan-1.0,national,,,static,,2026-07-07,catalog_last_updated,,static,1,time_fields,
livestockFeed,飼料廠 Feed Factories,static_asset,feed_factories livestock_ranch,OGDL-Taiwan-1.0,national,,,static,,2026-07-07,catalog_last_updated,,static,1,time_fields,
livestockMarket,拍賣/批發市場 Markets,static_asset,livestock_markets livestock_ranch,OGDL-Taiwan-1.0,national,,,static,,2026-07-07,catalog_last_updated,,static,1,time_fields,
aquaculturePonds,逐口魚塭 Aquaculture Ponds,static_asset,aquaculture_ponds_osm,ODbL / © OpenStreetMap contributors,14 counties,,,yearly,527040,2026-07-08,catalog_last_updated,90.00,fresh,1,time_fields,
aquacultureZone,養殖漁業生產區 Production Zone,static_asset,aquaculture_production_zone,,11 counties,,,yearly,527040,2026-05-19,catalog_last_updated,140.00,fresh,2,license|time_fields,
aquacultureCageNet,海上箱網 Cage Net,static_asset,aquaculture_cage_net,,unknown,,,yearly,527040,2026-05-19,catalog_last_updated,140.00,fresh,2,license|time_fields,
aquacultureWaterSatellite,衛星偵測養殖水體 Satellite Detected,static_asset,aquaculture_water_satellite,ODbL 衍生（訓練標籤與遮罩取自 OpenStreetMap）；影像 Copernicus Sentinel-2（需 attribution）,13 counties,,,yearly,527040,2026-07-12,catalog_last_updated,86.00,fresh,1,time_fields,
aquacultureWaterSatelliteMoa,魚塭·官方標籤版 MOA Labeled（2026-07）,static_asset,aquaculture_water_satellite_moa,ODbL 衍生（遮罩取自 OpenStreetMap）；影像 Copernicus Sentinel-2（需 attribution）；官方農地盤查 parcel 授權另計（aquaculture_parcels_moa）,national,,,yearly,527040,2026-07-18,catalog_last_updated,80.00,fresh,1,time_fields,
aquacultureWaterUnion,魚塭·整合版（官方∪衛星） Union,static_asset,aquaculture_water_sat_union,,19 counties,,,yearly,527040,2026-08-11,catalog_last_updated,56.00,fresh,2,license|time_fields,
aquacultureIntegrated,養殖漁業整合 Integrated,static_asset,,,,,,,,,,,unknown,5,source|license|coverage|time_fields|refresh_interval,
agriculture,農田範圍 FTW Fields（2025）,static_asset,ftw_fields ftw_fields_2025,,national,time,,yearly,527040,2026-05-22,catalog_last_updated,137.00,fresh,1,license,
agriLeisureFarmZones,休閒農業區 Leisure Farm Zones,static_asset,leisure_farm_zones_2025,,17 counties,,,yearly,527040,2026-05-23,catalog_last_updated,136.00,fresh,2,license|time_fields,
agriRuralRegen,農村再生社區 Rural Regen,static_asset,rural_regen_communities_2025,,national,,,yearly,527040,2026-05-23,catalog_last_updated,136.00,fresh,2,license|time_fields,
ecoNetworkZones,國土綠網分區 Eco Network Zones,static_asset,eco_network_zones,,,,,,,,,,unknown,4,license|coverage|time_fields|refresh_interval,
agriSoil,全台土壤分類 Soil Map,static_asset,soil_map_national,,national,,,static,,2026-05-23,catalog_last_updated,,static,2,license|time_fields,
agriSoilFertility,土壤肥力 Soil Fertility（250m）,static_asset,soil_fertility_grid_250m,,19 counties,,,yearly,527040,2026-05-23,catalog_last_updated,136.00,fresh,2,license|time_fields,
agriCropSuitability,作物適栽 Crop Suitability,static_asset,crop_suitability_132,,18 counties,,,static,,2026-05-23,catalog_last_updated,,static,2,license|time_fields,
farmRoads,農路 Farm Roads,static_asset,farm_roads,,,,,,,,,,unknown,4,license|coverage|time_fields|refresh_interval,
ports,港口 Port,static_asset,ports,OGDL-Taiwan-1.0,national,,,yearly,527040,2026-05-27,catalog_last_updated,132.00,fresh,1,time_fields,
airports,機場 Airport,static_asset,airport,,national,,,yearly,527040,2026-05-19,catalog_last_updated,140.00,fresh,2,license|time_fields,
lighthouses,燈塔 Lighthouse,static_asset,light_house,,14 counties,,,yearly,527040,2026-05-19,catalog_last_updated,140.00,fresh,2,license|time_fields,
aviationControl,飛航情報/終端管制 FIR + TMA,static_asset,airspace_aip airspace,,16 counties,,,yearly,527040,2026-07-07,catalog_last_updated,91.00,fresh,2,license|time_fields,
aviationRestricted,機場管制/限航/危險 CTR+RCR+DANGER,static_asset,drone_restricted_zones,OGDL-style (CAA),national,"last_edited_date,created_date",,monthly,44640,2026-07-07,catalog_last_updated,91.00,fresh,0,,
droneNoFlyZone,無人機紅區／未分類快照 Drone NFZ,static_asset,airport_safety_zones,政府資料開放授權條款 v1,18 counties,,,static,,2026-07-07,catalog_last_updated,,static,1,time_fields,
droneRestrictedZone,無人機黃區快照 Drone Restricted,static_asset,drone_restricted_zones,OGDL-style (CAA),national,"last_edited_date,created_date",,monthly,44640,2026-07-07,catalog_last_updated,91.00,fresh,0,,
stationsTHSR,高鐵站 THSR Station,static_asset,rail_stations,OGDL-Taiwan-1.0,19 counties,,,static,,2026-09-26,catalog_last_updated,,static,1,time_fields,
stationsTRA,台鐵站 TRA Station,static_asset,rail_stations,OGDL-Taiwan-1.0,19 counties,,,static,,2026-09-26,catalog_last_updated,,static,1,time_fields,
stationsMetro,捷運站 Metro Station,static_asset,rail_stations,OGDL-Taiwan-1.0,19 counties,,,static,,2026-09-26,catalog_last_updated,,static,1,time_fields,
busStationsCity,市區公車站 City Bus,static_asset,bus,OGDL-Taiwan-1.0,national,,,realtime,,2026-07-07,catalog_last_updated,,unknown,1,time_fields,
busStationsIntercity,公路客運站 Intercity,static_asset,bus,OGDL-Taiwan-1.0,national,,,realtime,,2026-07-07,catalog_last_updated,,unknown,1,time_fields,
bikeStations,公共自行車 Bike Station,static_asset,bike,,national,,,yearly,527040,2026-05-19,catalog_last_updated,140.00,fresh,2,license|time_fields,
flights,航班 Flight,dynamic_live,live.flight_positions,,,collected_at,live.flight_positions.collected_at (medium),live:5min,5,2026-10-05T13:29:28Z,db_snapshot,0.00,fresh,2,license|coverage,
historicalFlightTrails,歷史航班軌跡 Taiwan,static_asset,歷史航班樣本 manifest 與 GeoJSON 資產；依機場、日期載入已保留的實測航跡。,,,,,,,,,,unknown,4,license|coverage|time_fields|refresh_interval,
ships,船舶 Ship,dynamic_live,live.ship_positions,,14 counties,collected_at,live.ship_positions.collected_at (medium),live:10min,10,2026-10-05T13:30:02Z,db_snapshot,0.00,fresh,1,license,
busLive,公車 Bus,dynamic_live,live.bus_current,,,collected_at,live.bus_current.collected_at (high),live:2min,2,2026-10-05T13:28:52Z,db_snapshot,0.00,fresh,2,license|coverage,
busIntercityLive,公路客運 Intercity,dynamic_live,live.bus_intercity_current,,,collected_at,live.bus_intercity_current.collected_at (high),live:2min,2,2026-10-05T13:27:45Z,db_snapshot,0.00,fresh,2,license|coverage,
touristShuttleLive,台灣好行 Tourist Shuttle,dynamic_live,live.tourist_shuttle_current,,,collected_at,live.tourist_shuttle_current.collected_at (high),live:2min,2,2026-10-05T13:30:07Z,db_snapshot,0.00,fresh,2,license|coverage,
highways,國道 Highway,static_asset,freeway,,17 counties,,,yearly,527040,2026-05-19,catalog_last_updated,140.00,fresh,2,license|time_fields,
osmExpressway,快速道路 Expressway,static_asset,osm_expressway,ODbL-1.0（繼承上游）,17 counties,,,static,,2026-07-07,catalog_last_updated,,static,1,time_fields,
provincialRoads,省道 Provincial Road,static_asset,road road_network,,19 counties,,,yearly,527040,2026-05-19,catalog_last_updated,140.00,fresh,2,license|time_fields,
cyclingRoutes,自行車道 Cycling Route,static_asset,bike,,national,,,yearly,527040,2026-05-19,catalog_last_updated,140.00,fresh,2,license|time_fields,
etcGantry,ETC 收費門架 Gantry,static_asset,etc_gantry,OGDL-Taiwan-1.0,16 counties,,,static,,2026-07-07,catalog_last_updated,,static,1,time_fields,
serviceArea,國道服務區 Service Area,static_asset,service_area,OGDL-Taiwan-1.0,9 counties,OperationPeriod,,static,,2026-07-07,catalog_last_updated,,static,0,,
serviceAreaPolygon,國道服務區範圍 SA Area,static_asset,service_area_polygon,ODbL（OSM 幾何）/ OGDL-Taiwan-1.0（屬性）,9 counties,,,static,,2026-07-07,catalog_last_updated,,static,1,time_fields,
taxiStand,計程車招呼站 Taxi Stand,static_asset,taxi_stand,OGDL-Taiwan-1.0,2 counties,,,quarterly,132480,2026-07-07,catalog_last_updated,91.00,fresh,1,time_fields,
freewayCongestion,國道壅塞 Congestion,dynamic_live,live.freeway_sections_current,OGDL-Taiwan-1.0,19 counties,collected_at,live.freeway_sections_current.collected_at (medium),live:10min,10,2026-10-05T13:23:59Z,db_snapshot,0.00,fresh,0,,
roadCongestion,省道路況 Provincial（v1）,dynamic_live,live.road_sections_current,OGDL-Taiwan-1.0,19 counties,collected_at,live.road_sections_current.collected_at (medium),live:5min,5,2026-10-05T13:29:49Z,db_snapshot,0.00,fresh,0,,
roadEvents,即時路況 Road Events,dynamic_live,live.road_events_current,,,collected_at,live.road_events_current.collected_at (high),live:5min,5,2026-10-05T13:26:21Z,db_snapshot,0.00,fresh,2,license|coverage,
parkingOnstreet,路邊停車 On-street,supabase_static,,,,,,,,,,,unknown,5,source|license|coverage|time_fields|refresh_interval,
parkingOffstreet,場外停車場 Off-street,supabase_static,,,,,,,,,,,unknown,5,source|license|coverage|time_fields|refresh_interval,
facPrimary,發電廠 主要・運轉中 Primary,supabase_static,power_plants,OGDL-Taiwan-1.0,13 counties,,,yearly,527040,2026-06-15,catalog_last_updated,113.00,fresh,1,time_fields,
facSecondary,發電廠 小型分散 Secondary,supabase_static,power_plants,OGDL-Taiwan-1.0,13 counties,,,yearly,527040,2026-06-15,catalog_last_updated,113.00,fresh,1,time_fields,
facPlanned,發電廠 未來規劃 Planned,supabase_static,power_plants,OGDL-Taiwan-1.0,13 counties,,,yearly,527040,2026-06-15,catalog_last_updated,113.00,fresh,1,time_fields,
facHistorical,發電廠 歷史・退役 Historical,supabase_static,power_plants,OGDL-Taiwan-1.0,13 counties,,,yearly,527040,2026-06-15,catalog_last_updated,113.00,fresh,1,time_fields,
facOsmSupplement,發電廠 OSM 補充 Supplement,supabase_static,osm_power osm_substations osm_power_plants osm_wind_turbines osm_solar_farms osm_power_towers osm_power_lines osm_charging_stations osm_transformers,ODbL,national,"check_date,start_date,seamark:fog_signal:period,seamark:light:period",,static,,2026-06-15,catalog_last_updated,,static,0,,
powerGenerationUnit,機組即時出力 Live Output,dynamic_live,live.power_generation_unit,OGDL-Taiwan-1.0,,observed_at,live.power_generation_unit.observed_at (high),live:10min,10,2026-10-05T13:10:00Z,db_snapshot,0.01,fresh,1,coverage,
powerPlantGlow,發電廠 Bloom 測試,dynamic_live,live.power_generation_unit,,,observed_at,live.power_generation_unit.observed_at (medium),live:10min,10,2026-10-05T13:10:00Z,db_snapshot,0.01,fresh,2,license|coverage,
aviationRestrictedGlow,機場管制/限航 Rim Glow 測試,static_asset,useAviationRestrictedGlowLayer 自建 PmTilesSource（無 OVERLAY_REGISTRY entry）：共用 aviationRestricted 的 ./coverage/aviation_ai,,,,,,,,,,unknown,4,license|coverage|time_fields|refresh_interval,
osmSubstations,變電所 區域 Substation,supabase_static,osm_power osm_substations osm_power_plants osm_wind_turbines osm_solar_farms osm_power_towers osm_power_lines osm_charging_stations osm_transformers,ODbL,national,"check_date,start_date,seamark:fog_signal:period,seamark:light:period",,static,,2026-06-15,catalog_last_updated,,static,0,,
osmSubstationsEhv,變電所 超高壓 EHV,supabase_static,osm_power osm_substations osm_power_plants osm_wind_turbines osm_solar_farms osm_power_towers osm_power_lines osm_charging_stations osm_transformers,ODbL,national,"check_date,start_date,seamark:fog_signal:period,seamark:light:period",,static,,2026-06-15,catalog_last_updated,,static,0,,
osmPowerLines,高壓輸電線 Power Lines,supabase_static,osm_power osm_substations osm_power_plants osm_wind_turbines osm_solar_farms osm_power_towers osm_power_lines osm_charging_stations osm_transformers,ODbL,national,"check_date,start_date,seamark:fog_signal:period,seamark:light:period",,static,,2026-06-15,catalog_last_updated,,static,0,,
osmPowerTowers,高壓鐵塔 Power Towers,supabase_static,osm_power osm_substations osm_power_plants osm_wind_turbines osm_solar_farms osm_power_towers osm_power_lines osm_charging_stations osm_transformers,ODbL,national,"check_date,start_date,seamark:fog_signal:period,seamark:light:period",,static,,2026-06-15,catalog_last_updated,,static,0,,
powerPoles,電桿 Power Poles,static_asset,power_poles,OGDL-Taiwan-1.0,19 counties,,,yearly,527040,2026-06-15,catalog_last_updated,113.00,fresh,1,time_fields,
powerLinesGlow,高壓輸電線 Bloom 測試,custom_or_derived,usePowerLinesGlowTestLayer 自建 geojson source ＋ 4 個 line-blur pass（無 OVERLAY_REGISTRY entry）：資料共用 energyLoader 的 fetchOsm,,,,,,,,,,unknown,4,license|coverage|time_fields|refresh_interval,
substationEhvGlow,變電所 EHV Bloom 測試,custom_or_derived,useSubstationEhvGlowLayer ＋ map/substationEhvGlowCustomLayer 的 WebGL CustomLayer（無 OVERLAY_REGISTRY entry）：資料共用 energyLo,,,,,,,,,,unknown,4,license|coverage|time_fields|refresh_interval,
gasStationCpc,加油站 中油 CPC,supabase_static,gas_stations,OGDL-Taiwan-1.0 / ODbL,national,service_time,,monthly,44640,2026-07-07,catalog_last_updated,91.00,fresh,0,,
gasStationFpcc,加油站 台塑 FPCC,supabase_static,gas_stations,OGDL-Taiwan-1.0 / ODbL,national,service_time,,monthly,44640,2026-07-07,catalog_last_updated,91.00,fresh,0,,
gasStationTaisugar,加油站 台糖 Taisugar,supabase_static,gas_stations,OGDL-Taiwan-1.0 / ODbL,national,service_time,,monthly,44640,2026-07-07,catalog_last_updated,91.00,fresh,0,,
gasStationOther,加油站 其他 / 私營 Other,supabase_static,gas_stations,OGDL-Taiwan-1.0 / ODbL,national,service_time,,monthly,44640,2026-07-07,catalog_last_updated,91.00,fresh,0,,
gasStationCanonical,加油站 SSOT 合併 Canonical,supabase_static,gas_stations,OGDL-Taiwan-1.0 / ODbL,national,service_time,,monthly,44640,2026-07-07,catalog_last_updated,91.00,fresh,0,,
lpgSubpackaging,LPG 分裝 / 儲存場 Subpackaging,supabase_static,lpg_facilities_canonical,Mixed (OGDL + CC BY),national,fetched_at,,yearly,527040,2026-07-07,catalog_last_updated,91.00,fresh,0,,
lpgRetailers,LPG 加氣站 / 瓦斯行 Retailer,supabase_static,lpg_facilities_canonical,Mixed (OGDL + CC BY),national,fetched_at,,yearly,527040,2026-07-07,catalog_last_updated,91.00,fresh,0,,
lngTerminal,LNG 接收站 Terminal,supabase_static,gem_lng_terminals_tw,CC BY 4.0,4 counties,"ProposalYear,ProposalMonth,ConstructionYear,ConstructionMonth",,quarterly,132480,2026-07-07,catalog_last_updated,91.00,fresh,0,,
pipelineGas,天然氣主幹線 Gas Pipeline,supabase_static,gem_gas_pipelines_tw,CC BY 4.0,5 counties,"ShelvedYear,CancelledYear,StopYear,FIDYear",,semi_annual,263520,2026-07-07,catalog_last_updated,91.00,fresh,0,,
pipelineOilGas,油氣管線 OSM Oil/Gas Pipeline,supabase_static,gem_oil_ngl_pipelines_tw,CC BY 4.0,,,,semi_annual,263520,2026-07-07,catalog_last_updated,91.00,fresh,2,coverage|time_fields,
industrialRefinery,煉油 / 化工廠 Refinery,supabase_static,osm_refineries,ODbL 1.0,19 counties,"start_date,fetched_at",,quarterly,132480,2026-07-07,catalog_last_updated,91.00,fresh,0,,
industrialStorageTank,油氣儲槽 Storage Tank,supabase_static,osm_storage_tanks_oil_gas,ODbL 1.0,12 counties,fetched_at,,quarterly,132480,2026-07-07,catalog_last_updated,91.00,fresh,0,,
industrialPowerPlant,火力廠 polygon Thermal Plant,supabase_static,osm_fossil_power_plants,ODbL 1.0,15 counties,"start_date,fetched_at",,quarterly,132480,2026-07-07,catalog_last_updated,91.00,fresh,0,,
coalTerminal,煤炭碼頭 Coal Terminal,supabase_static,gem_coal_terminals,CC BY 4.0,2 counties,"Start Year,Retired Year,fetched_at",,yearly,527040,2026-07-07,catalog_last_updated,91.00,fresh,0,,
fossilFuelInfra,石化能源設施 Fossil Fuel（舊版）,supabase_static,gem_coal_plants,CC BY 4.0,11 counties,"Start year,Retired year,Net zero year,fetched_at",,semi_annual,263520,2026-07-07,catalog_last_updated,91.00,fresh,0,,
offshoreWindZones,離岸風場 Offshore Wind,supabase_static,offshore_wind_zones,OGDL-Taiwan-1.0,unknown,,,static,,2026-06-15,catalog_last_updated,,static,1,time_fields,
osmWindTurbines,風機 Wind Turbines,supabase_static,osm_power osm_substations osm_power_plants osm_wind_turbines osm_solar_farms osm_power_towers osm_power_lines osm_charging_stations osm_transformers,ODbL,national,"check_date,start_date,seamark:fog_signal:period,seamark:light:period",,static,,2026-06-15,catalog_last_updated,,static,0,,
windPlan,風電場規劃 Wind Plan,static_asset,renewable renewable_permits renewable_permits_taipei,OGDL-Taiwan-1.0,2 counties,,,yearly,527040,2026-06-15,catalog_last_updated,113.00,fresh,1,time_fields,
geothermalWells,地熱井 Geothermal,supabase_static,geothermal_wells,,6 counties,,,yearly,527040,2026-06-15,catalog_last_updated,113.00,fresh,2,license|time_fields,
renewablePermitsTaipei,北市再生能源許可 Renewable Permits,supabase_static,renewable renewable_permits renewable_permits_taipei,OGDL-Taiwan-1.0,2 counties,,,yearly,527040,2026-06-15,catalog_last_updated,113.00,fresh,1,time_fields,
evChargingStations,電動車充電站 EV Charging,supabase_static,ev_charging_stations,OGDL-Taiwan-1.0,national,service_time,,monthly,44640,2026-07-07,catalog_last_updated,91.00,fresh,0,,
gasCoverageAll,加油站 最近距離 Coverage All,static_asset,,,,,,,,,,,unknown,5,source|license|coverage|time_fields|refresh_interval,
gasCoverageCpc,中油 最近距離 Coverage CPC,static_asset,gas_stations,OGDL-Taiwan-1.0 / ODbL,national,service_time,,monthly,44640,2026-07-07,catalog_last_updated,91.00,fresh,0,,
gasCoverageFpcc,台塑 最近距離 Coverage FPCC,static_asset,gas_stations,OGDL-Taiwan-1.0 / ODbL,national,service_time,,monthly,44640,2026-07-07,catalog_last_updated,91.00,fresh,0,,
gasCoverageTaisugar,台糖 最近距離 Coverage Taisugar,static_asset,gas_stations,OGDL-Taiwan-1.0 / ODbL,national,service_time,,monthly,44640,2026-07-07,catalog_last_updated,91.00,fresh,0,,
evIsland,充電站 最近距離 EV Island,static_asset,,,,,,,,,,,unknown,5,source|license|coverage|time_fields|refresh_interval,
facOffshore,,supabase_static,,,,,,,,,,,unknown,5,source|license|coverage|time_fields|refresh_interval,
islandPowerGrid,,supabase_static,,,,,,,,,,,unknown,5,source|license|coverage|time_fields|refresh_interval,
osmSolarFarms,,supabase_static,,,,,,,,,,,unknown,5,source|license|coverage|time_fields|refresh_interval,
osmPowerPlantsStatic,,supabase_static,,,,,,,,,,,unknown,5,source|license|coverage|time_fields|refresh_interval,
powerPlants,,supabase_static,,,,,,,,,,,unknown,5,source|license|coverage|time_fields|refresh_interval,
powerStatusHud,,dynamic_live,live.power_system_status,,,observed_at,live.power_system_status.observed_at (medium),live:10min,10,2026-10-05T13:20:00Z,db_snapshot,0.01,fresh,2,license|coverage,
powerRegionDemand,,dynamic_live,live.power_region_demand,,,observed_at,live.power_region_demand.observed_at (medium),live:10min,10,2026-10-05T13:10:00Z,db_snapshot,0.01,fresh,2,license|coverage,
drinkingWaterPoints,飲水點 Drinking Water,static_asset,poi.public_life_osm,,,,,,,,,,unknown,4,license|coverage|time_fields|refresh_interval,
publicWasteBaskets,公共垃圾桶 Waste Baskets,static_asset,poi.public_life_osm,,,,,,,,,,unknown,4,license|coverage|time_fields|refresh_interval,
materialRecyclingPoints,資源回收點 Recycling,static_asset,poi.public_life_osm,,,,,,,,,,unknown,4,license|coverage|time_fields|refresh_interval,
disasterShelters,預定收容處所 Disaster Shelters,static_asset,emergency_response.shelters,,,,,,,,,,unknown,4,license|coverage|time_fields|refresh_interval,
playgrounds,遊戲場 Playgrounds,static_asset,poi.public_life_osm,,,,,,,,,,unknown,4,license|coverage|time_fields|refresh_interval,
accessibleParkFacilities,無障礙設施探索 Accessibility,static_asset,poi.public_life_osm,,,,,,,,,,unknown,4,license|coverage|time_fields|refresh_interval,
bicycleSupport,自行車支援 Bicycle Support,static_asset,poi.public_life_osm,,,,,,,,,,unknown,4,license|coverage|time_fields|refresh_interval,
nationalParks,國家（自然）公園 National Parks,static_asset,tourism.national_park_boundaries national_park_boundaries,,7 counties,,,static,,2026-08-11,catalog_last_updated,,static,2,license|time_fields,
visitorCentres,遊客中心 Visitor Centres,static_asset,poi.public_life_osm,,,,,,,,,,unknown,4,license|coverage|time_fields|refresh_interval,
publicLifeOsmCoverage,公共生活 OSM 映射密度,static_asset,poi.public_life_osm,,,,,,,,,,unknown,4,license|coverage|time_fields|refresh_interval,
medICUBeds,,custom_or_derived,**尚無任何渲染實作**：全 repo 只有 types/index.ts 的 key 宣告、三張全量表的值、以及 layerConsistency 的 baseline 記載（幽靈 toggle 已於 2026-06-10 自 sideb,,,,,,,2026-06-10,manifest_version_date,,unknown,4,license|coverage|time_fields|refresh_interval,
wasteRoute,,custom_or_derived,無 consumer：layerConsistency 註解稱「由 wasteTruck 子 UI 控制」，但實際 grep 不到任何讀取端（僅 types 宣告 + 三張全量表）。廢棄物主題真正在用的是 wasteStopsStatic（,,,,,,,,,,unknown,4,license|coverage|time_fields|refresh_interval,
wasteStop,,custom_or_derived,無 consumer，同 wasteRoute。⚠️ 雙生字：與批 7 已搬的 `wasteStopsStatic`（有 OVERLAY_REGISTRY entry、3 個控件、真的在渲染）只差幾個字，一律用精確錨定分開數。,,,,,,,,,,unknown,4,license|coverage|time_fields|refresh_interval,
