{"type":"FeatureCollection","features":[{"type":"Feature","geometry":{"type":"MultiLineString","coordinates":[[[-5.690918,50.078295],[-5.844727,49.852152],[-4.943848,49.624946],[-4.372559,49.639177],[-3.867188,49.724479],[-2.504883,50.233152],[-1.164551,50.233152],[0.439453,50.583237],[1.757812,51.248163],[2.263184,52.415823],[3.339844,52.415823],[4.108887,52.61639],[4.614258,52.562995]],[[-5.625,49.79545],[-4.943848,49.624946],[-4.372559,49.639177],[-3.867188,49.724479],[-2.504883,50.233152],[-1.164551,50.233152],[0.439453,50.583237],[1.757812,51.248163],[2.263184,52.415823],[3.339844,52.415823],[4.108887,52.61639],[4.614258,52.562995]]]},"properties":{"osm_type":"way","osm_id":"78419330","source_id":"osm:way/78419330","name":"Atlantic Crossing 1 (AC1)Seg.B1","operator":"Global Crossing","owner":"","cable_type":"crowd_telecom","status":"unknown","source":"OpenStreetMap","source_url":"https://gall.openstreetmap.de/api/interpreter","osm_url":"https://www.openstreetmap.org/way/78419330","license":"ODbL 1.0","attribution":"© OpenStreetMap contributors","fetched_at":"2026-08-18T15:08:41.735626+00:00","query_hash":"3129ece2af88c320e6611b4f1007771fc999bb2a7d147e9ed754f25a5cd4e3d7","coverage_note":"incomplete_crowdsourced","raw_tags":{"communication":"line","description":"Sennen to Beverwijk","location":"underwater","name":"Atlantic Crossing 1 (AC1)Seg.B1","operator":"Global Crossing","phone":"+44 20 8929 9399","seamark:cable_submarine:category":"fibre_optic","seamark:type":"cable_submarine","source":"Kingfisher Information Service, February 2010, http://www.kisca.org.uk/charts.htm","submarine":"yes","wikidata":"Q756383","wikipedia":"en:Atlantic Crossing 1"},"coord_qc_status":"openinframap_z2_generalized","geometry_source":"OpenInfraMap z2 vector tiles (OSM-derived, generalized)"}},{"type":"Feature","geometry":{"type":"LineString","coordinates":[[4.614258,52.562995],[4.284668,52.643063],[4.416504,52.736292],[4.394531,52.948638],[4.746094,53.357109],[4.987793,53.448807],[5.009766,53.709714],[6.28418,54.354956],[7.69043,54.76267],[8.283691,54.826008]]},"properties":{"osm_type":"way","osm_id":"78419336","source_id":"osm:way/78419336","name":"Atlantic Crossing 1 (AC1)Seg.B2","operator":"Global Crossing","owner":"","cable_type":"crowd_telecom","status":"unknown","source":"OpenStreetMap","source_url":"https://gall.openstreetmap.de/api/interpreter","osm_url":"https://www.openstreetmap.org/way/78419336","license":"ODbL 1.0","attribution":"© OpenStreetMap contributors","fetched_at":"2026-08-18T15:08:41.735626+00:00","query_hash":"3129ece2af88c320e6611b4f1007771fc999bb2a7d147e9ed754f25a5cd4e3d7","coverage_note":"incomplete_crowdsourced","raw_tags":{"communication":"line","description":"Netherlands to Germany","location":"underwater","name":"Atlantic Crossing 1 (AC1)Seg.B2","operator":"Global Crossing","phone":"+44 20 8929 9399","seamark:cable_submarine:category":"fiber_optic","seamark:type":"cable_submarine","submarine":"yes","wikidata":"Q756383","wikipedia":"en:Atlantic Crossing 1"},"coord_qc_status":"openinframap_z2_generalized","geometry_source":"OpenInfraMap z2 vector tiles (OSM-derived, generalized)"}},{"type":"Feature","geometry":{"type":"LineString","coordinates":[[-20.610352,46.995241],[-18.500977,47.189712],[-16.984863,47.44295],[-13.842773,48.864715],[-11.931152,49.009051],[-9.008789,49.496675],[-6.328125,49.75288],[-5.690918,50.078295]]},"properties":{"osm_type":"way","osm_id":"78424029","source_id":"osm:way/78424029","name":"Atlantic Crossing 1 (AC1) Seg. C","operator":"Global Crossing","owner":"","cable_type":"crowd_telecom","status":"unknown","source":"OpenStreetMap","source_url":"https://gall.openstreetmap.de/api/interpreter","osm_url":"https://www.openstreetmap.org/way/78424029","license":"ODbL 1.0","attribution":"© OpenStreetMap contributors","fetched_at":"2026-08-18T15:08:41.735626+00:00","query_hash":"3129ece2af88c320e6611b4f1007771fc999bb2a7d147e9ed754f25a5cd4e3d7","coverage_note":"incomplete_crowdsourced","raw_tags":{"communication":"line","description":"BROOKHAVEN TO SENNEN COVE","location":"underwater","name":"Atlantic Crossing 1 (AC1) Seg. C","operator":"Global Crossing","phone":"+44 20 8929 9399","seamark:cable_submarine:category":"fibre_optic","seamark:type":"cable_submarine","source":"Kingfisher Information Service, February 2010, http://www.kisca.org.uk/charts.htm","submarine":"yes","wikidata":"Q756383","wikipedia":"en:Atlantic Crossing 1"},"coord_qc_status":"openinframap_z2_generalized","geometry_source":"OpenInfraMap z2 vector tiles (OSM-derived, generalized)"}},{"type":"Feature","geometry":{"type":"LineString","coordinates":[[2.460938,58.193871],[2.48291,57.751076],[3.361816,56.680374],[3.22998,56.547372],[3.405762,56.279961],[3.405762,55.813629],[3.295898,54.648413],[2.329102,54.265224],[2.39502,52.829321],[2.15332,52.442618],[1.73584,52.456009]]},"properties":{"osm_type":"way","osm_id":"78433608","source_id":"osm:way/78433608","name":"Tampnet","operator":"Tampnet","owner":"","cable_type":"crowd_telecom","status":"unknown","source":"OpenStreetMap","source_url":"https://gall.openstreetmap.de/api/interpreter","osm_url":"https://www.openstreetmap.org/way/78433608","license":"ODbL 1.0","attribution":"© OpenStreetMap contributors","fetched_at":"2026-08-18T15:08:41.735626+00:00","query_hash":"3129ece2af88c320e6611b4f1007771fc999bb2a7d147e9ed754f25a5cd4e3d7","coverage_note":"incomplete_crowdsourced","raw_tags":{"communication":"line","location":"underwater","name":"Tampnet","operator":"Tampnet","seamark:cable_submarine:category":"fibre_optic","seamark:type":"cable_submarine","submarine":"yes","website":"https://www.tampnet.com/"},"coord_qc_status":"openinframap_z2_generalized","geometry_source":"OpenInfraMap z2 vector tiles (OSM-derived, generalized)"}},{"type":"Feature","geometry":{"type":"LineString","coordinates":[[1.472168,53.107217],[1.73584,53.265213],[1.955566,53.644638],[2.548828,53.748711],[2.39502,53.93022]]},"properties":{"osm_type":"way","osm_id":"78435007","source_id":"osm:way/78435007","name":"STRATOS 1","operator":"Bae/BT","owner":"","cable_type":"crowd_telecom","status":"unknown","source":"OpenStreetMap","source_url":"https://gall.openstreetmap.de/api/interpreter","osm_url":"https://www.openstreetmap.org/way/78435007","license":"ODbL 1.0","attribution":"© OpenStreetMap contributors","fetched_at":"2026-08-18T15:08:41.735626+00:00","query_hash":"3129ece2af88c320e6611b4f1007771fc999bb2a7d147e9ed754f25a5cd4e3d7","coverage_note":"incomplete_crowdsourced","raw_tags":{"communication":"line","disused":"yes","location":"underwater","name":"STRATOS 1","operator":"Bae/BT","phone":"+44 8457 555999","seamark:cable_submarine:category":"fibre_optic","seamark:type":"cable_submarine","source":"Kingfisher Information Service, February 2010, http://www.kisca.org.uk/charts.htm"},"coord_qc_status":"openinframap_z2_generalized","geometry_source":"OpenInfraMap z2 vector tiles (OSM-derived, generalized)"}},{"type":"Feature","geometry":{"type":"LineString","coordinates":[[-4.54834,50.833698],[-5.910645,50.805935],[-10.26123,49.95122],[-12.062988,49.852152],[-13.557129,49.468124],[-16.325684,49.368066],[-16.962891,49.525208],[-18.676758,49.539469],[-20.10498,49.439557]]},"properties":{"osm_type":"way","osm_id":"78444044","source_id":"osm:way/78444044","name":"Yellow","operator":"Level 3 Global Submarine","owner":"","cable_type":"crowd_telecom","status":"unknown","source":"OpenStreetMap","source_url":"https://gall.openstreetmap.de/api/interpreter","osm_url":"https://www.openstreetmap.org/way/78444044","license":"ODbL 1.0","attribution":"© OpenStreetMap contributors","fetched_at":"2026-08-18T15:08:41.735626+00:00","query_hash":"3129ece2af88c320e6611b4f1007771fc999bb2a7d147e9ed754f25a5cd4e3d7","coverage_note":"incomplete_crowdsourced","raw_tags":{"alt_name":"Atlantic Crossing 2","communication":"line","description":"19W TO CROOKLETS BEACH,UK","location":"underwater","name":"Yellow","operator":"Level 3 Global Submarine","phone":"+44 7800 626888","seamark:cable_submarine:category":"fibre_optic","seamark:type":"cable_submarine","source":"Kingfisher Information Service, February 2010, http://www.kisca.org.uk/charts.htm","submarine":"yes","wikidata":"Q3572118","wikipedia":"en:AC-2"},"coord_qc_status":"openinframap_z2_generalized","geometry_source":"OpenInfraMap z2 vector tiles (OSM-derived, generalized)"}},{"type":"Feature","geometry":{"type":"LineString","coordinates":[[-74.025879,40.162083],[-19.995117,48.004625],[-19.599609,48.210032],[-13.710938,49.296472],[-12.436523,49.653405],[-10.283203,49.880478],[-9.294434,50.106488],[-7.272949,50.736455],[-5.581055,50.833698],[-4.87793,51.069017],[-4.21875,51.11042]]},"properties":{"osm_type":"way","osm_id":"78444071","source_id":"osm:way/78444071","name":"Tata Atlantic South","operator":"Tata Telecoms","owner":"","cable_type":"crowd_telecom","status":"unknown","source":"OpenStreetMap","source_url":"https://gall.openstreetmap.de/api/interpreter","osm_url":"https://www.openstreetmap.org/way/78444071","license":"ODbL 1.0","attribution":"© OpenStreetMap contributors","fetched_at":"2026-08-18T15:08:41.735626+00:00","query_hash":"3129ece2af88c320e6611b4f1007771fc999bb2a7d147e9ed754f25a5cd4e3d7","coverage_note":"incomplete_crowdsourced","raw_tags":{"communication":"line","description":"20°WEST TO SAUNTON SANDS,UK.","location":"underwater","name":"Tata Atlantic South","note":"Speculative route","operator":"Tata Telecoms","seamark:cable_submarine:category":"fibre_optic","seamark:type":"cable_submarine","source":"Kingfisher Information Service, February 2010, http://www.kisca.org.uk/charts.htm","submarine":"yes","wikidata":"Q7907561","wikipedia":"en:TGN Atlantic"},"coord_qc_status":"openinframap_z2_generalized","geometry_source":"OpenInfraMap z2 vector tiles (OSM-derived, generalized)"}},{"type":"Feature","geometry":{"type":"LineString","coordinates":[[-8.415527,47.502359],[-8.283691,47.502359],[-7.77832,47.931066],[-6.70166,47.739323],[-4.987793,47.798397]]},"properties":{"osm_type":"way","osm_id":"78444808","source_id":"osm:way/78444808","name":"TAT 8 France","operator":"BT","owner":"","cable_type":"crowd_telecom","status":"unknown","source":"OpenStreetMap","source_url":"https://gall.openstreetmap.de/api/interpreter","osm_url":"https://www.openstreetmap.org/way/78444808","license":"ODbL 1.0","attribution":"© OpenStreetMap contributors","fetched_at":"2026-08-18T15:08:41.735626+00:00","query_hash":"3129ece2af88c320e6611b4f1007771fc999bb2a7d147e9ed754f25a5cd4e3d7","coverage_note":"incomplete_crowdsourced","raw_tags":{"communication":"line","disused":"yes","location":"underwater","name":"TAT 8 France","operator":"BT","phone":"+44 8457 555999","seamark:cable_submarine:category":"fiber_optic","seamark:type":"cable_submarine","source":"Kingfisher Information Service, February 2010, http://www.kisca.org.uk/charts.htm","submarine":"yes","wikidata":"Q4050570","wikipedia":"en:TAT-8"},"coord_qc_status":"openinframap_z2_generalized","geometry_source":"OpenInfraMap z2 vector tiles (OSM-derived, generalized)"}},{"type":"Feature","geometry":{"type":"LineString","coordinates":[[-19.423828,47.472663],[-16.743164,47.219568],[-15.622559,47.26432],[-15.007324,47.487513],[-13.007812,47.428087],[-11.66748,47.532038],[-11.491699,47.368594],[-10.327148,47.502359],[-8.415527,47.502359]]},"properties":{"osm_type":"way","osm_id":"78444813","source_id":"osm:way/78444813","name":"TAT 8","operator":"BT","owner":"","cable_type":"crowd_telecom","status":"unknown","source":"OpenStreetMap","source_url":"https://gall.openstreetmap.de/api/interpreter","osm_url":"https://www.openstreetmap.org/way/78444813","license":"ODbL 1.0","attribution":"© OpenStreetMap contributors","fetched_at":"2026-08-18T15:08:41.735626+00:00","query_hash":"3129ece2af88c320e6611b4f1007771fc999bb2a7d147e9ed754f25a5cd4e3d7","coverage_note":"incomplete_crowdsourced","raw_tags":{"communication":"line","disused":"yes","location":"underwater","name":"TAT 8","operator":"BT","phone":"+44 8457 555999","seamark:cable_submarine:category":"fiber_optic","seamark:type":"cable_submarine","source":"Kingfisher Information Service, February 2010, http://www.kisca.org.uk/charts.htm","submarine":"yes","wikidata":"Q4050570","wikipedia":"en:TAT-8"},"coord_qc_status":"openinframap_z2_generalized","geometry_source":"OpenInfraMap z2 vector tiles (OSM-derived, generalized)"}},{"type":"Feature","geometry":{"type":"LineString","coordinates":[[145.700684,-38.651198],[145.283203,-40.730608]]},"properties":{"osm_type":"way","osm_id":"395410822","source_id":"osm:way/395410822","name":"Telstra Bass Strait 2 Fibre Cable","operator":"Telstra","owner":"","cable_type":"crowd_telecom","status":"unknown","source":"OpenStreetMap","source_url":"https://gall.openstreetmap.de/api/interpreter","osm_url":"https://www.openstreetmap.org/way/395410822","license":"ODbL 1.0","attribution":"© OpenStreetMap contributors","fetched_at":"2026-08-18T15:08:41.735626+00:00","query_hash":"3129ece2af88c320e6611b4f1007771fc999bb2a7d147e9ed754f25a5cd4e3d7","coverage_note":"incomplete_crowdsourced","raw_tags":{"communication":"line","layer":"-1","location":"underwater","name":"Telstra Bass Strait 2 Fibre Cable","opening_date":"2004","operator":"Telstra","submarine":"yes"},"coord_qc_status":"openinframap_z2_generalized","geometry_source":"OpenInfraMap z2 vector tiles (OSM-derived, generalized)"}},{"type":"Feature","geometry":{"type":"LineString","coordinates":[[146.096191,-38.822591],[145.634766,-40.930115]]},"properties":{"osm_type":"way","osm_id":"396101803","source_id":"osm:way/396101803","name":"Telstra Bass Strait 1 Fibre Cable","operator":"Telstra","owner":"","cable_type":"crowd_telecom","status":"unknown","source":"OpenStreetMap","source_url":"https://gall.openstreetmap.de/api/interpreter","osm_url":"https://www.openstreetmap.org/way/396101803","license":"ODbL 1.0","attribution":"© OpenStreetMap contributors","fetched_at":"2026-08-18T15:08:41.735626+00:00","query_hash":"3129ece2af88c320e6611b4f1007771fc999bb2a7d147e9ed754f25a5cd4e3d7","coverage_note":"incomplete_crowdsourced","raw_tags":{"communication":"line","layer":"-1","location":"underwater","name":"Telstra Bass Strait 1 Fibre Cable","opening_date":"1995","operator":"Telstra","submarine":"yes"},"coord_qc_status":"openinframap_z2_generalized","geometry_source":"OpenInfraMap z2 vector tiles (OSM-derived, generalized)"}},{"type":"Feature","geometry":{"type":"LineString","coordinates":[[-20.10498,49.439557],[-45.966797,44.590467],[-72.619629,40.663973],[-72.861328,40.730608]]},"properties":{"osm_type":"way","osm_id":"459183500","source_id":"osm:way/459183500","name":"Yellow","operator":"Level 3 Global Submarine","owner":"","cable_type":"crowd_telecom","status":"unknown","source":"OpenStreetMap","source_url":"https://gall.openstreetmap.de/api/interpreter","osm_url":"https://www.openstreetmap.org/way/459183500","license":"ODbL 1.0","attribution":"© OpenStreetMap contributors","fetched_at":"2026-08-18T15:08:41.735626+00:00","query_hash":"3129ece2af88c320e6611b4f1007771fc999bb2a7d147e9ed754f25a5cd4e3d7","coverage_note":"incomplete_crowdsourced","raw_tags":{"alt_name":"Atlantic Crossing 2","communication":"line","location":"underwater","name":"Yellow","note":"Speculative route","operator":"Level 3 Global Submarine","seamark:cable_submarine:category":"fibre_optic","seamark:type":"cable_submarine","submarine":"yes","wikidata":"Q3572118","wikipedia":"en:AC-2"},"coord_qc_status":"openinframap_z2_generalized","geometry_source":"OpenInfraMap z2 vector tiles (OSM-derived, generalized)"}},{"type":"Feature","geometry":{"type":"LineString","coordinates":[[-20.039062,45.321254],[-74.025879,40.162083]]},"properties":{"osm_type":"way","osm_id":"459188723","source_id":"osm:way/459188723","name":"Apollo South","operator":"Apollo","owner":"","cable_type":"crowd_telecom","status":"unknown","source":"OpenStreetMap","source_url":"https://gall.openstreetmap.de/api/interpreter","osm_url":"https://www.openstreetmap.org/way/459188723","license":"ODbL 1.0","attribution":"© OpenStreetMap contributors","fetched_at":"2026-08-18T15:08:41.735626+00:00","query_hash":"3129ece2af88c320e6611b4f1007771fc999bb2a7d147e9ed754f25a5cd4e3d7","coverage_note":"incomplete_crowdsourced","raw_tags":{"communication":"line","description":"BEG Leguer","location":"underwater","name":"Apollo South","note":"Speculative route","operator":"Apollo","submarine":"yes","wikidata":"Q618973","wikipedia":"en:Apollo (cable system)"},"coord_qc_status":"openinframap_z2_generalized","geometry_source":"OpenInfraMap z2 vector tiles (OSM-derived, generalized)"}},{"type":"Feature","geometry":{"type":"LineString","coordinates":[[-74.025879,40.162083],[-45.878906,43.516689],[-19.951172,49.109838]]},"properties":{"osm_type":"way","osm_id":"459190536","source_id":"osm:way/459190536","name":"Tata Atlantic North","operator":"Tata Telecoms","owner":"","cable_type":"crowd_telecom","status":"unknown","source":"OpenStreetMap","source_url":"https://gall.openstreetmap.de/api/interpreter","osm_url":"https://www.openstreetmap.org/way/459190536","license":"ODbL 1.0","attribution":"© OpenStreetMap contributors","fetched_at":"2026-08-18T15:08:41.735626+00:00","query_hash":"3129ece2af88c320e6611b4f1007771fc999bb2a7d147e9ed754f25a5cd4e3d7","coverage_note":"incomplete_crowdsourced","raw_tags":{"communication":"line","location":"underwater","name":"Tata Atlantic North","note":"Speculative route","operator":"Tata Telecoms","phone":"+800-8926-6298","seamark:cable_submarine:category":"fibre_optic","seamark:type":"cable_submarine","submarine":"yes"},"coord_qc_status":"openinframap_z2_generalized","geometry_source":"OpenInfraMap z2 vector tiles (OSM-derived, generalized)"}},{"type":"Feature","geometry":{"type":"LineString","coordinates":[[16.105957,69.232789],[16.391602,69.310558],[16.391602,69.442128],[15.644531,69.488372],[15.336914,69.634158],[14.875488,69.634158],[14.523926,69.733334],[13.952637,70.495574],[10.83252,71.883578],[9.51416,72.906723],[10.371094,74.259738],[10.480957,74.793143],[9.997559,76.211205],[9.689941,76.382969],[8.811035,77.24478],[8.701172,77.489849],[8.129883,77.678812],[7.976074,78.193083],[8.063965,78.255861],[8.459473,78.318309],[9.382324,78.336092],[10.50293,78.282665],[12.150879,78.093763],[13.73291,78.16157],[14.39209,78.157062],[15.292969,78.273737],[15.534668,78.246913]]},"properties":{"osm_type":"way","osm_id":"549813459","source_id":"osm:way/549813459","name":"Svalbard Undersea Cable System","operator":"Telenor","owner":"","cable_type":"crowd_telecom","status":"unknown","source":"OpenStreetMap","source_url":"https://gall.openstreetmap.de/api/interpreter","osm_url":"https://www.openstreetmap.org/way/549813459","license":"ODbL 1.0","attribution":"© OpenStreetMap contributors","fetched_at":"2026-08-18T15:08:41.735626+00:00","query_hash":"3129ece2af88c320e6611b4f1007771fc999bb2a7d147e9ed754f25a5cd4e3d7","coverage_note":"incomplete_crowdsourced","raw_tags":{"communication":"line","location":"underwater","name":"Svalbard Undersea Cable System","operator":"Telenor","seamark:cable_submarine:category":"fibre_optic","seamark:type":"cable_submarine","start_date":"2004","submarine":"yes","telecom:medium":"fibre","wikidata":"Q3509310","wikipedia":"en:Svalbard Undersea Cable System"},"coord_qc_status":"openinframap_z2_generalized","geometry_source":"OpenInfraMap z2 vector tiles (OSM-derived, generalized)"}},{"type":"Feature","geometry":{"type":"LineString","coordinates":[[-84.221191,-6.664608],[-84.155273,-3.030812],[-81.452637,-2.569939],[-80.925293,-2.262595]]},"properties":{"osm_type":"way","osm_id":"551469719","source_id":"osm:way/551469719","name":"Souh America-1","operator":"Telxius","owner":"","cable_type":"crowd_telecom","status":"unknown","source":"OpenStreetMap","source_url":"https://gall.openstreetmap.de/api/interpreter","osm_url":"https://www.openstreetmap.org/way/551469719","license":"ODbL 1.0","attribution":"© OpenStreetMap contributors","fetched_at":"2026-08-18T15:08:41.735626+00:00","query_hash":"3129ece2af88c320e6611b4f1007771fc999bb2a7d147e9ed754f25a5cd4e3d7","coverage_note":"incomplete_crowdsourced","raw_tags":{"communication":"line","fixme":"continue","location":"underwater","name":"Souh America-1","operator":"Telxius","ref":"SAm-1","seamark:cable_submarine:category":"fibre_optic","seamark:type":"cable_submarine","wikidata":"Q7388904"},"coord_qc_status":"openinframap_z2_generalized","geometry_source":"OpenInfraMap z2 vector tiles (OSM-derived, generalized)"}},{"type":"Feature","geometry":{"type":"LineString","coordinates":[[15.534668,78.246913],[15.402832,78.291586],[14.853516,78.282665],[13.798828,78.179588],[12.65625,78.13901],[11.865234,78.13901],[11.381836,78.220028],[11.184082,78.358282],[10.722656,78.459822],[10.371094,78.603986],[10.019531,78.933492],[10.942383,79.009152],[11.403809,78.996578],[11.865234,78.941924]]},"properties":{"osm_type":"way","osm_id":"558462801","source_id":"osm:way/558462801","name":"Longyearbyen - Ny Ålesund","operator":"","owner":"","cable_type":"crowd_telecom","status":"unknown","source":"OpenStreetMap","source_url":"https://gall.openstreetmap.de/api/interpreter","osm_url":"https://www.openstreetmap.org/way/558462801","license":"ODbL 1.0","attribution":"© OpenStreetMap contributors","fetched_at":"2026-08-18T15:08:41.735626+00:00","query_hash":"3129ece2af88c320e6611b4f1007771fc999bb2a7d147e9ed754f25a5cd4e3d7","coverage_note":"incomplete_crowdsourced","raw_tags":{"communication":"line","location":"underwater","name":"Longyearbyen - Ny Ålesund","seamark:type":"cable_submarine","submarine":"yes"},"coord_qc_status":"openinframap_z2_generalized","geometry_source":"OpenInfraMap z2 vector tiles (OSM-derived, generalized)"}},{"type":"Feature","geometry":{"type":"LineString","coordinates":[[-81.452637,-3.469557],[-81.452637,-2.569939]]},"properties":{"osm_type":"way","osm_id":"601702593","source_id":"osm:way/601702593","name":"Souh America-1","operator":"Telxius","owner":"","cable_type":"crowd_telecom","status":"unknown","source":"OpenStreetMap","source_url":"https://gall.openstreetmap.de/api/interpreter","osm_url":"https://www.openstreetmap.org/way/601702593","license":"ODbL 1.0","attribution":"© OpenStreetMap contributors","fetched_at":"2026-08-18T15:08:41.735626+00:00","query_hash":"3129ece2af88c320e6611b4f1007771fc999bb2a7d147e9ed754f25a5cd4e3d7","coverage_note":"incomplete_crowdsourced","raw_tags":{"communication":"line","fixme":"continue","location":"underwater","name":"Souh America-1","operator":"Telxius","ref":"SAm-1","seamark:cable_submarine:category":"fibre_optic","seamark:type":"cable_submarine","wikidata":"Q7388904"},"coord_qc_status":"openinframap_z2_generalized","geometry_source":"OpenInfraMap z2 vector tiles (OSM-derived, generalized)"}},{"type":"Feature","geometry":{"type":"LineString","coordinates":[[-84.155273,-3.030812],[-86.286621,0.329588]]},"properties":{"osm_type":"way","osm_id":"601702601","source_id":"osm:way/601702601","name":"Souh America-1","operator":"Telxius","owner":"","cable_type":"crowd_telecom","status":"unknown","source":"OpenStreetMap","source_url":"https://gall.openstreetmap.de/api/interpreter","osm_url":"https://www.openstreetmap.org/way/601702601","license":"ODbL 1.0","attribution":"© OpenStreetMap contributors","fetched_at":"2026-08-18T15:08:41.735626+00:00","query_hash":"3129ece2af88c320e6611b4f1007771fc999bb2a7d147e9ed754f25a5cd4e3d7","coverage_note":"incomplete_crowdsourced","raw_tags":{"communication":"line","fixme":"continue","location":"underwater","name":"Souh America-1","operator":"Telxius","ref":"SAm-1","seamark:cable_submarine:category":"fibre_optic","seamark:type":"cable_submarine","wikidata":"Q7388904"},"coord_qc_status":"openinframap_z2_generalized","geometry_source":"OpenInfraMap z2 vector tiles (OSM-derived, generalized)"}},{"type":"Feature","geometry":{"type":"LineString","coordinates":[[16.259766,68.974164],[16.303711,69.084257],[16.105957,69.232789]]},"properties":{"osm_type":"way","osm_id":"685021405","source_id":"osm:way/685021405","name":"Svalbard Undersea Cable System","operator":"Telenor","owner":"","cable_type":"crowd_telecom","status":"unknown","source":"OpenStreetMap","source_url":"https://gall.openstreetmap.de/api/interpreter","osm_url":"https://www.openstreetmap.org/way/685021405","license":"ODbL 1.0","attribution":"© OpenStreetMap contributors","fetched_at":"2026-08-18T15:08:41.735626+00:00","query_hash":"3129ece2af88c320e6611b4f1007771fc999bb2a7d147e9ed754f25a5cd4e3d7","coverage_note":"incomplete_crowdsourced","raw_tags":{"communication":"line","location":"underwater","name":"Svalbard Undersea Cable System","operator":"Telenor","seamark:cable_submarine:category":"fibre_optic","seamark:type":"cable_submarine","start_date":"2004","submarine":"yes","telecom:medium":"fibre","wikidata":"Q3509310","wikipedia":"en:Svalbard Undersea Cable System"},"coord_qc_status":"openinframap_z2_generalized","geometry_source":"OpenInfraMap z2 vector tiles (OSM-derived, generalized)"}},{"type":"Feature","geometry":{"type":"LineString","coordinates":[[11.865234,78.941924],[11.843262,78.988187],[10.83252,79.021712],[10.063477,78.967182],[9.887695,78.882766],[10.305176,78.48178],[10.568848,78.389278],[11.074219,78.318309],[11.25,78.211053],[11.953125,78.120932],[12.370605,78.111882],[14.0625,78.170582],[15.336914,78.282665],[15.534668,78.246913]]},"properties":{"osm_type":"way","osm_id":"685021406","source_id":"osm:way/685021406","name":"Longyearbyen - Ny Ålesund","operator":"","owner":"","cable_type":"crowd_telecom","status":"unknown","source":"OpenStreetMap","source_url":"https://gall.openstreetmap.de/api/interpreter","osm_url":"https://www.openstreetmap.org/way/685021406","license":"ODbL 1.0","attribution":"© OpenStreetMap contributors","fetched_at":"2026-08-18T15:08:41.735626+00:00","query_hash":"3129ece2af88c320e6611b4f1007771fc999bb2a7d147e9ed754f25a5cd4e3d7","coverage_note":"incomplete_crowdsourced","raw_tags":{"communication":"line","location":"underwater","name":"Longyearbyen - Ny Ålesund","seamark:type":"cable_submarine","submarine":"yes"},"coord_qc_status":"openinframap_z2_generalized","geometry_source":"OpenInfraMap z2 vector tiles (OSM-derived, generalized)"}},{"type":"Feature","geometry":{"type":"LineString","coordinates":[[15.534668,78.246913],[15.336914,78.26927],[14.414062,78.148039],[13.798828,78.148039],[12.260742,78.061989],[9.821777,78.309408],[8.635254,78.260332],[8.283691,78.166077],[8.327637,77.924866],[8.195801,77.874199],[8.173828,77.762926],[8.920898,77.518374],[9.18457,77.196176],[9.909668,76.700019],[9.997559,76.388142],[10.26123,76.273909],[10.612793,75.342282],[10.744629,74.301409],[10.107422,72.932538],[10.898438,72.073911],[14.304199,70.51757],[14.545898,69.9303],[14.985352,69.672358],[15.358887,69.641804],[15.688477,69.503765],[16.45752,69.426691],[16.435547,69.310558],[16.259766,69.224997],[16.105957,69.232789]]},"properties":{"osm_type":"way","osm_id":"685021407","source_id":"osm:way/685021407","name":"Svalbard Undersea Cable System","operator":"Telenor","owner":"","cable_type":"crowd_telecom","status":"unknown","source":"OpenStreetMap","source_url":"https://gall.openstreetmap.de/api/interpreter","osm_url":"https://www.openstreetmap.org/way/685021407","license":"ODbL 1.0","attribution":"© OpenStreetMap contributors","fetched_at":"2026-08-18T15:08:41.735626+00:00","query_hash":"3129ece2af88c320e6611b4f1007771fc999bb2a7d147e9ed754f25a5cd4e3d7","coverage_note":"incomplete_crowdsourced","raw_tags":{"communication":"line","location":"underwater","name":"Svalbard Undersea Cable System","operator":"Telenor","seamark:cable_submarine:category":"fibre_optic","seamark:type":"cable_submarine","start_date":"2004","submarine":"yes","telecom:medium":"fibre","wikidata":"Q3509310","wikipedia":"en:Svalbard Undersea Cable System"},"coord_qc_status":"openinframap_z2_generalized","geometry_source":"OpenInfraMap z2 vector tiles (OSM-derived, generalized)"}},{"type":"Feature","geometry":{"type":"LineString","coordinates":[[16.281738,68.9505],[16.523438,68.823866]]},"properties":{"osm_type":"way","osm_id":"685021408","source_id":"osm:way/685021408","name":"Svalbard Undersea Cable System","operator":"Telenor","owner":"","cable_type":"crowd_telecom","status":"unknown","source":"OpenStreetMap","source_url":"https://gall.openstreetmap.de/api/interpreter","osm_url":"https://www.openstreetmap.org/way/685021408","license":"ODbL 1.0","attribution":"© OpenStreetMap contributors","fetched_at":"2026-08-18T15:08:41.735626+00:00","query_hash":"3129ece2af88c320e6611b4f1007771fc999bb2a7d147e9ed754f25a5cd4e3d7","coverage_note":"incomplete_crowdsourced","raw_tags":{"communication":"line","location":"underwater","name":"Svalbard Undersea Cable System","operator":"Telenor","seamark:cable_submarine:category":"fibre_optic","seamark:type":"cable_submarine","start_date":"2004","submarine":"yes","telecom:medium":"fibre","wikidata":"Q3509310","wikipedia":"en:Svalbard Undersea Cable System"},"coord_qc_status":"openinframap_z2_generalized","geometry_source":"OpenInfraMap z2 vector tiles (OSM-derived, generalized)"}},{"type":"Feature","geometry":{"type":"LineString","coordinates":[[16.611328,68.887274],[16.54541,68.823866]]},"properties":{"osm_type":"way","osm_id":"685021409","source_id":"osm:way/685021409","name":"Svalbard Undersea Cable System","operator":"Telenor","owner":"","cable_type":"crowd_telecom","status":"unknown","source":"OpenStreetMap","source_url":"https://gall.openstreetmap.de/api/interpreter","osm_url":"https://www.openstreetmap.org/way/685021409","license":"ODbL 1.0","attribution":"© OpenStreetMap contributors","fetched_at":"2026-08-18T15:08:41.735626+00:00","query_hash":"3129ece2af88c320e6611b4f1007771fc999bb2a7d147e9ed754f25a5cd4e3d7","coverage_note":"incomplete_crowdsourced","raw_tags":{"communication":"line","location":"underwater","name":"Svalbard Undersea Cable System","operator":"Telenor","seamark:cable_submarine:category":"fibre_optic","seamark:type":"cable_submarine","start_date":"2004","submarine":"yes","telecom:medium":"fibre","wikidata":"Q3509310","wikipedia":"en:Svalbard Undersea Cable System"},"coord_qc_status":"openinframap_z2_generalized","geometry_source":"OpenInfraMap z2 vector tiles (OSM-derived, generalized)"}},{"type":"Feature","geometry":{"type":"LineString","coordinates":[[16.655273,68.942607],[16.611328,68.903097]]},"properties":{"osm_type":"way","osm_id":"685021410","source_id":"osm:way/685021410","name":"Svalbard Undersea Cable System","operator":"Telenor","owner":"","cable_type":"crowd_telecom","status":"unknown","source":"OpenStreetMap","source_url":"https://gall.openstreetmap.de/api/interpreter","osm_url":"https://www.openstreetmap.org/way/685021410","license":"ODbL 1.0","attribution":"© OpenStreetMap contributors","fetched_at":"2026-08-18T15:08:41.735626+00:00","query_hash":"3129ece2af88c320e6611b4f1007771fc999bb2a7d147e9ed754f25a5cd4e3d7","coverage_note":"incomplete_crowdsourced","raw_tags":{"communication":"line","location":"underwater","name":"Svalbard Undersea Cable System","operator":"Telenor","seamark:cable_submarine:category":"fibre_optic","seamark:type":"cable_submarine","start_date":"2004","submarine":"yes","telecom:medium":"fibre","wikidata":"Q3509310","wikipedia":"en:Svalbard Undersea Cable System"},"coord_qc_status":"openinframap_z2_generalized","geometry_source":"OpenInfraMap z2 vector tiles (OSM-derived, generalized)"}},{"type":"Feature","geometry":{"type":"LineString","coordinates":[[16.105957,69.232789],[16.237793,69.209404],[16.325684,68.997802],[16.655273,68.958391]]},"properties":{"osm_type":"way","osm_id":"685021411","source_id":"osm:way/685021411","name":"Svalbard Undersea Cable System","operator":"Telenor","owner":"","cable_type":"crowd_telecom","status":"unknown","source":"OpenStreetMap","source_url":"https://gall.openstreetmap.de/api/interpreter","osm_url":"https://www.openstreetmap.org/way/685021411","license":"ODbL 1.0","attribution":"© OpenStreetMap contributors","fetched_at":"2026-08-18T15:08:41.735626+00:00","query_hash":"3129ece2af88c320e6611b4f1007771fc999bb2a7d147e9ed754f25a5cd4e3d7","coverage_note":"incomplete_crowdsourced","raw_tags":{"communication":"line","location":"underwater","name":"Svalbard Undersea Cable System","operator":"Telenor","seamark:cable_submarine:category":"fibre_optic","seamark:type":"cable_submarine","start_date":"2004","submarine":"yes","telecom:medium":"fibre","wikidata":"Q3509310","wikipedia":"en:Svalbard Undersea Cable System"},"coord_qc_status":"openinframap_z2_generalized","geometry_source":"OpenInfraMap z2 vector tiles (OSM-derived, generalized)"}},{"type":"Feature","geometry":{"type":"LineString","coordinates":[[-80.112305,25.99755],[-79.760742,25.344026],[-79.870605,24.746831],[-80.991211,23.926013],[-83.254395,23.704895],[-84.814453,22.87744],[-85.957031,21.637005],[-85.715332,20.365228],[-84.814453,19.103648],[-82.353516,17.392579],[-80.991211,16.109153],[-80.551758,13.923404],[-80.090332,13.047372],[-78.310547,10.639014],[-76.508789,10.077037],[-75.585938,9.514079]]},"properties":{"osm_type":"way","osm_id":"761244218","source_id":"osm:way/761244218","name":"MAYA-1","operator":"","owner":"","cable_type":"crowd_telecom","status":"unknown","source":"OpenStreetMap","source_url":"https://gall.openstreetmap.de/api/interpreter","osm_url":"https://www.openstreetmap.org/way/761244218","license":"ODbL 1.0","attribution":"© OpenStreetMap contributors","fetched_at":"2026-08-18T15:08:41.735626+00:00","query_hash":"3129ece2af88c320e6611b4f1007771fc999bb2a7d147e9ed754f25a5cd4e3d7","coverage_note":"incomplete_crowdsourced","raw_tags":{"communication":"line","location":"underwater","name":"MAYA-1","note":"Speculative route","seamark:cable_submarine:category":"fibre_optic","seamark:type":"cable_submarine","submarine":"yes","wikidata":"Q928455","wikipedia":"en:MAYA-1"},"coord_qc_status":"openinframap_z2_generalized","geometry_source":"OpenInfraMap z2 vector tiles (OSM-derived, generalized)"}},{"type":"Feature","geometry":{"type":"LineString","coordinates":[[-82.353516,17.392579],[-81.14502,19.290406]]},"properties":{"osm_type":"way","osm_id":"761244219","source_id":"osm:way/761244219","name":"MAYA-1","operator":"","owner":"","cable_type":"crowd_telecom","status":"unknown","source":"OpenStreetMap","source_url":"https://gall.openstreetmap.de/api/interpreter","osm_url":"https://www.openstreetmap.org/way/761244219","license":"ODbL 1.0","attribution":"© OpenStreetMap contributors","fetched_at":"2026-08-18T15:08:41.735626+00:00","query_hash":"3129ece2af88c320e6611b4f1007771fc999bb2a7d147e9ed754f25a5cd4e3d7","coverage_note":"incomplete_crowdsourced","raw_tags":{"communication":"line","location":"underwater","name":"MAYA-1","note":"Speculative route","seamark:cable_submarine:category":"fibre_optic","seamark:type":"cable_submarine","submarine":"yes","wikidata":"Q928455","wikipedia":"en:MAYA-1"},"coord_qc_status":"openinframap_z2_generalized","geometry_source":"OpenInfraMap z2 vector tiles (OSM-derived, generalized)"}},{"type":"Feature","geometry":{"type":"LineString","coordinates":[[-87.956543,15.834536],[-85.495605,18.25022],[-84.814453,19.103648]]},"properties":{"osm_type":"way","osm_id":"761244220","source_id":"osm:way/761244220","name":"MAYA-1","operator":"","owner":"","cable_type":"crowd_telecom","status":"unknown","source":"OpenStreetMap","source_url":"https://gall.openstreetmap.de/api/interpreter","osm_url":"https://www.openstreetmap.org/way/761244220","license":"ODbL 1.0","attribution":"© OpenStreetMap contributors","fetched_at":"2026-08-18T15:08:41.735626+00:00","query_hash":"3129ece2af88c320e6611b4f1007771fc999bb2a7d147e9ed754f25a5cd4e3d7","coverage_note":"incomplete_crowdsourced","raw_tags":{"communication":"line","location":"underwater","name":"MAYA-1","note":"Speculative route","seamark:cable_submarine:category":"fibre_optic","seamark:type":"cable_submarine","submarine":"yes","wikidata":"Q928455","wikipedia":"en:MAYA-1"},"coord_qc_status":"openinframap_z2_generalized","geometry_source":"OpenInfraMap z2 vector tiles (OSM-derived, generalized)"}},{"type":"Feature","geometry":{"type":"LineString","coordinates":[[-83.034668,10.01213],[-82.902832,10.401378],[-80.551758,11.953349],[-80.090332,13.047372]]},"properties":{"osm_type":"way","osm_id":"761244221","source_id":"osm:way/761244221","name":"MAYA-1","operator":"","owner":"","cable_type":"crowd_telecom","status":"unknown","source":"OpenStreetMap","source_url":"https://gall.openstreetmap.de/api/interpreter","osm_url":"https://www.openstreetmap.org/way/761244221","license":"ODbL 1.0","attribution":"© OpenStreetMap contributors","fetched_at":"2026-08-18T15:08:41.735626+00:00","query_hash":"3129ece2af88c320e6611b4f1007771fc999bb2a7d147e9ed754f25a5cd4e3d7","coverage_note":"incomplete_crowdsourced","raw_tags":{"communication":"line","location":"underwater","name":"MAYA-1","note":"Speculative route","seamark:cable_submarine:category":"fibre_optic","seamark:type":"cable_submarine","submarine":"yes","wikidata":"Q928455","wikipedia":"en:MAYA-1"},"coord_qc_status":"openinframap_z2_generalized","geometry_source":"OpenInfraMap z2 vector tiles (OSM-derived, generalized)"}},{"type":"Feature","geometry":{"type":"LineString","coordinates":[[-86.813965,21.166484],[-86.506348,21.207459],[-85.957031,21.637005]]},"properties":{"osm_type":"way","osm_id":"761244222","source_id":"osm:way/761244222","name":"MAYA-1","operator":"","owner":"","cable_type":"crowd_telecom","status":"unknown","source":"OpenStreetMap","source_url":"https://gall.openstreetmap.de/api/interpreter","osm_url":"https://www.openstreetmap.org/way/761244222","license":"ODbL 1.0","attribution":"© OpenStreetMap contributors","fetched_at":"2026-08-18T15:08:41.735626+00:00","query_hash":"3129ece2af88c320e6611b4f1007771fc999bb2a7d147e9ed754f25a5cd4e3d7","coverage_note":"incomplete_crowdsourced","raw_tags":{"communication":"line","location":"underwater","name":"MAYA-1","note":"Speculative route","seamark:cable_submarine:category":"fibre_optic","seamark:type":"cable_submarine","submarine":"yes","wikidata":"Q928455","wikipedia":"en:MAYA-1"},"coord_qc_status":"openinframap_z2_generalized","geometry_source":"OpenInfraMap z2 vector tiles (OSM-derived, generalized)"}},{"type":"Feature","geometry":{"type":"LineString","coordinates":[[-79.760742,9.449062],[-79.804688,9.60075],[-78.310547,10.639014]]},"properties":{"osm_type":"way","osm_id":"761244223","source_id":"osm:way/761244223","name":"MAYA-1","operator":"","owner":"","cable_type":"crowd_telecom","status":"unknown","source":"OpenStreetMap","source_url":"https://gall.openstreetmap.de/api/interpreter","osm_url":"https://www.openstreetmap.org/way/761244223","license":"ODbL 1.0","attribution":"© OpenStreetMap contributors","fetched_at":"2026-08-18T15:08:41.735626+00:00","query_hash":"3129ece2af88c320e6611b4f1007771fc999bb2a7d147e9ed754f25a5cd4e3d7","coverage_note":"incomplete_crowdsourced","raw_tags":{"communication":"line","location":"underwater","name":"MAYA-1","note":"Speculative route","seamark:cable_submarine:category":"fibre_optic","seamark:type":"cable_submarine","submarine":"yes","wikidata":"Q928455","wikipedia":"en:MAYA-1"},"coord_qc_status":"openinframap_z2_generalized","geometry_source":"OpenInfraMap z2 vector tiles (OSM-derived, generalized)"}},{"type":"Feature","geometry":{"type":"LineString","coordinates":[[19.665527,59.78958],[20.786133,59.723177],[21.357422,59.78958]]},"properties":{"osm_type":"way","osm_id":"804551747","source_id":"osm:way/804551747","name":"Baltic Sea Submarine Cable","operator":"CITIC Telecom","owner":"","cable_type":"crowd_telecom","status":"unknown","source":"OpenStreetMap","source_url":"https://gall.openstreetmap.de/api/interpreter","osm_url":"https://www.openstreetmap.org/way/804551747","license":"ODbL 1.0","attribution":"© OpenStreetMap contributors","fetched_at":"2026-08-18T15:08:41.735626+00:00","query_hash":"3129ece2af88c320e6611b4f1007771fc999bb2a7d147e9ed754f25a5cd4e3d7","coverage_note":"incomplete_crowdsourced","raw_tags":{"communication":"line","fixme":"Continue into Swedish waters, landing at Sandviken, Väddö","location":"underwater","name":"Baltic Sea Submarine Cable","operator":"CITIC Telecom","seamark:cable_submarine:category":"fibre_optic","seamark:type":"cable_submarine","start_date":"2000","submarine":"yes","vayla_cdate":"2.12.2010","vayla_id":"FI003030000065050"},"coord_qc_status":"openinframap_z2_generalized","geometry_source":"OpenInfraMap z2 vector tiles (OSM-derived, generalized)"}},{"type":"Feature","geometry":{"type":"LineString","coordinates":[[20.280762,59.95501],[20.830078,59.92199],[21.467285,60.119619]]},"properties":{"osm_type":"way","osm_id":"804551780","source_id":"osm:way/804551780","name":"Marika","operator":"Arelion","owner":"","cable_type":"crowd_telecom","status":"unknown","source":"OpenStreetMap","source_url":"https://gall.openstreetmap.de/api/interpreter","osm_url":"https://www.openstreetmap.org/way/804551780","license":"ODbL 1.0","attribution":"© OpenStreetMap contributors","fetched_at":"2026-08-18T15:08:41.735626+00:00","query_hash":"3129ece2af88c320e6611b4f1007771fc999bb2a7d147e9ed754f25a5cd4e3d7","coverage_note":"incomplete_crowdsourced","raw_tags":{"communication":"line","location":"underwater","name":"Marika","operator":"Arelion","seamark:cable_submarine:category":"fibre_optic","seamark:type":"cable_submarine","submarine":"yes","vayla_cdate":"2.2.2010","vayla_id":"FI207000000195330"},"coord_qc_status":"openinframap_z2_generalized","geometry_source":"OpenInfraMap z2 vector tiles (OSM-derived, generalized)"}},{"type":"Feature","geometry":{"type":"LineString","coordinates":[[21.357422,59.78958],[21.159668,59.678835],[19.929199,59.601095]]},"properties":{"osm_type":"way","osm_id":"804551782","source_id":"osm:way/804551782","name":"Eastern Light Sweden-Finland I","operator":"Eastern Light","owner":"","cable_type":"crowd_telecom","status":"unknown","source":"OpenStreetMap","source_url":"https://gall.openstreetmap.de/api/interpreter","osm_url":"https://www.openstreetmap.org/way/804551782","license":"ODbL 1.0","attribution":"© OpenStreetMap contributors","fetched_at":"2026-08-18T15:08:41.735626+00:00","query_hash":"3129ece2af88c320e6611b4f1007771fc999bb2a7d147e9ed754f25a5cd4e3d7","coverage_note":"incomplete_crowdsourced","raw_tags":{"communication":"line","fixme":"Continue into Swedish waters, landing at Sandhamn, Sweden","location":"underwater","name":"Eastern Light Sweden-Finland I","operator":"Eastern Light","seamark:cable_submarine:category":"fibre_optic","seamark:type":"cable_submarine","start_date":"2019","submarine":"yes","vayla_cdate":"24.4.2019","vayla_id":"FI005990000008545"},"coord_qc_status":"openinframap_z2_generalized","geometry_source":"OpenInfraMap z2 vector tiles (OSM-derived, generalized)"}},{"type":"Feature","geometry":{"type":"LineString","coordinates":[[19.995117,60.020952],[20.280762,59.96601]]},"properties":{"osm_type":"way","osm_id":"804551876","source_id":"osm:way/804551876","name":"Marika","operator":"Arelion","owner":"","cable_type":"crowd_telecom","status":"unknown","source":"OpenStreetMap","source_url":"https://gall.openstreetmap.de/api/interpreter","osm_url":"https://www.openstreetmap.org/way/804551876","license":"ODbL 1.0","attribution":"© OpenStreetMap contributors","fetched_at":"2026-08-18T15:08:41.735626+00:00","query_hash":"3129ece2af88c320e6611b4f1007771fc999bb2a7d147e9ed754f25a5cd4e3d7","coverage_note":"incomplete_crowdsourced","raw_tags":{"communication":"line","location":"underwater","name":"Marika","operator":"Arelion","seamark:cable_submarine:category":"fibre_optic","seamark:type":"cable_submarine","submarine":"yes","vayla_cdate":"21.9.2009","vayla_id":"FI210000000248637"},"coord_qc_status":"openinframap_z2_generalized","geometry_source":"OpenInfraMap z2 vector tiles (OSM-derived, generalized)"}},{"type":"Feature","geometry":{"type":"LineString","coordinates":[[20.061035,60.119619],[20.236816,60.174306],[21.049805,60.130564],[21.708984,60.217991],[22.192383,60.207075]]},"properties":{"osm_type":"way","osm_id":"804551936","source_id":"osm:way/804551936","name":"BCS North","operator":"Arelion","owner":"","cable_type":"crowd_telecom","status":"unknown","source":"OpenStreetMap","source_url":"https://gall.openstreetmap.de/api/interpreter","osm_url":"https://www.openstreetmap.org/way/804551936","license":"ODbL 1.0","attribution":"© OpenStreetMap contributors","fetched_at":"2026-08-18T15:08:41.735626+00:00","query_hash":"3129ece2af88c320e6611b4f1007771fc999bb2a7d147e9ed754f25a5cd4e3d7","coverage_note":"incomplete_crowdsourced","raw_tags":{"communication":"line","location":"underwater","name":"BCS North","operator":"Arelion","seamark:cable_submarine:category":"fibre_optic","seamark:type":"cable_submarine","start_date":"1998","submarine":"yes","vayla_cdate":"25.1.2010","vayla_id":"FI003200000417308"},"coord_qc_status":"openinframap_z2_generalized","geometry_source":"OpenInfraMap z2 vector tiles (OSM-derived, generalized)"}},{"type":"Feature","geometry":{"type":"LineString","coordinates":[[22.983398,59.822732],[23.027344,59.701014],[23.48877,59.578851]]},"properties":{"osm_type":"way","osm_id":"804553522","source_id":"osm:way/804553522","name":"C-Lion 1","operator":"Cinia","owner":"","cable_type":"crowd_telecom","status":"unknown","source":"OpenStreetMap","source_url":"https://gall.openstreetmap.de/api/interpreter","osm_url":"https://www.openstreetmap.org/way/804553522","license":"ODbL 1.0","attribution":"© OpenStreetMap contributors","fetched_at":"2026-08-18T15:08:41.735626+00:00","query_hash":"3129ece2af88c320e6611b4f1007771fc999bb2a7d147e9ed754f25a5cd4e3d7","coverage_note":"incomplete_crowdsourced","raw_tags":{"communication":"line","location":"underwater","name":"C-Lion 1","operator":"Cinia","seamark:cable_submarine:category":"fibre_optic","seamark:type":"cable_submarine","start_date":"2016","submarine":"yes","vayla_cdate":"8.11.2017","vayla_id":"FI006020000003755"},"coord_qc_status":"openinframap_z2_generalized","geometry_source":"OpenInfraMap z2 vector tiles (OSM-derived, generalized)"}},{"type":"Feature","geometry":{"type":"LineString","coordinates":[[22.192383,60.207075],[22.126465,60.141505],[22.346191,60.075803],[22.412109,59.910976],[22.91748,59.822732]]},"properties":{"osm_type":"way","osm_id":"804553648","source_id":"osm:way/804553648","name":"BCS North","operator":"Arelion","owner":"","cable_type":"crowd_telecom","status":"unknown","source":"OpenStreetMap","source_url":"https://gall.openstreetmap.de/api/interpreter","osm_url":"https://www.openstreetmap.org/way/804553648","license":"ODbL 1.0","attribution":"© OpenStreetMap contributors","fetched_at":"2026-08-18T15:08:41.735626+00:00","query_hash":"3129ece2af88c320e6611b4f1007771fc999bb2a7d147e9ed754f25a5cd4e3d7","coverage_note":"incomplete_crowdsourced","raw_tags":{"communication":"line","location":"underwater","name":"BCS North","operator":"Arelion","seamark:cable_submarine:category":"fibre_optic","seamark:type":"cable_submarine","start_date":"1997","submarine":"yes"},"coord_qc_status":"openinframap_z2_generalized","geometry_source":"OpenInfraMap z2 vector tiles (OSM-derived, generalized)"}},{"type":"Feature","geometry":{"type":"LineString","coordinates":[[22.91748,59.811685],[23.378906,59.712097],[24.169922,59.866883],[24.851074,60.141505]]},"properties":{"osm_type":"way","osm_id":"804553678","source_id":"osm:way/804553678","name":"Eastern Light Sweden-Finland I","operator":"Eastern Light","owner":"","cable_type":"crowd_telecom","status":"unknown","source":"OpenStreetMap","source_url":"https://gall.openstreetmap.de/api/interpreter","osm_url":"https://www.openstreetmap.org/way/804553678","license":"ODbL 1.0","attribution":"© OpenStreetMap contributors","fetched_at":"2026-08-18T15:08:41.735626+00:00","query_hash":"3129ece2af88c320e6611b4f1007771fc999bb2a7d147e9ed754f25a5cd4e3d7","coverage_note":"incomplete_crowdsourced","raw_tags":{"communication":"line","location":"underwater","name":"Eastern Light Sweden-Finland I","operator":"Eastern Light","seamark:cable_submarine:category":"fibre_optic","seamark:type":"cable_submarine","source":"Vayla","start_date":"2019","submarine":"yes","vayla_cdate":"13.2.2019","vayla_id":"FI006020000009685"},"coord_qc_status":"openinframap_z2_generalized","geometry_source":"OpenInfraMap z2 vector tiles (OSM-derived, generalized)"}},{"type":"Feature","geometry":{"type":"LineString","coordinates":[[22.91748,59.811685],[24.279785,59.756395],[24.851074,60.152442]]},"properties":{"osm_type":"way","osm_id":"804553679","source_id":"osm:way/804553679","name":"BCS North - Phase 1","operator":"Arelion","owner":"","cable_type":"crowd_telecom","status":"unknown","source":"OpenStreetMap","source_url":"https://gall.openstreetmap.de/api/interpreter","osm_url":"https://www.openstreetmap.org/way/804553679","license":"ODbL 1.0","attribution":"© OpenStreetMap contributors","fetched_at":"2026-08-18T15:08:41.735626+00:00","query_hash":"3129ece2af88c320e6611b4f1007771fc999bb2a7d147e9ed754f25a5cd4e3d7","coverage_note":"incomplete_crowdsourced","raw_tags":{"communication":"line","location":"underwater","name":"BCS North - Phase 1","operator":"Arelion","seamark:cable_submarine:category":"fibre_optic","seamark:type":"cable_submarine","source":"Vayla","start_date":"1998","submarine":"yes","vayla_cdate":"3.5.2017","vayla_id":"FI254000000033794"},"coord_qc_status":"openinframap_z2_generalized","geometry_source":"OpenInfraMap z2 vector tiles (OSM-derived, generalized)"}},{"type":"Feature","geometry":{"type":"LineString","coordinates":[[22.91748,59.811685],[22.192383,59.877912],[21.357422,59.78958]]},"properties":{"osm_type":"way","osm_id":"804554476","source_id":"osm:way/804554476","name":"Eastern Light Sweden-Finland I","operator":"Eastern Light","owner":"","cable_type":"crowd_telecom","status":"unknown","source":"OpenStreetMap","source_url":"https://gall.openstreetmap.de/api/interpreter","osm_url":"https://www.openstreetmap.org/way/804554476","license":"ODbL 1.0","attribution":"© OpenStreetMap contributors","fetched_at":"2026-08-18T15:08:41.735626+00:00","query_hash":"3129ece2af88c320e6611b4f1007771fc999bb2a7d147e9ed754f25a5cd4e3d7","coverage_note":"incomplete_crowdsourced","raw_tags":{"communication":"line","location":"underwater","name":"Eastern Light Sweden-Finland I","operator":"Eastern Light","seamark:cable_submarine:category":"fibre_optic","seamark:type":"cable_submarine","start_date":"2019","submarine":"yes","vayla_cdate":"13.2.2019","vayla_id":"FI006020000009683"},"coord_qc_status":"openinframap_z2_generalized","geometry_source":"OpenInfraMap z2 vector tiles (OSM-derived, generalized)"}},{"type":"Feature","geometry":{"type":"LineString","coordinates":[[24.851074,60.196156],[24.873047,60.152442]]},"properties":{"osm_type":"way","osm_id":"804555749","source_id":"osm:way/804555749","name":"","operator":"","owner":"","cable_type":"crowd_telecom","status":"unknown","source":"OpenStreetMap","source_url":"https://gall.openstreetmap.de/api/interpreter","osm_url":"https://www.openstreetmap.org/way/804555749","license":"ODbL 1.0","attribution":"© OpenStreetMap contributors","fetched_at":"2026-08-18T15:08:41.735626+00:00","query_hash":"3129ece2af88c320e6611b4f1007771fc999bb2a7d147e9ed754f25a5cd4e3d7","coverage_note":"incomplete_crowdsourced","raw_tags":{"communication":"line","location":"underwater","seamark:type":"cable_submarine","submarine":"yes","vayla_cdate":"13.2.2019","vayla_id":"FI006020000009682"},"coord_qc_status":"openinframap_z2_generalized","geometry_source":"OpenInfraMap z2 vector tiles (OSM-derived, generalized)"}},{"type":"Feature","geometry":{"type":"LineString","coordinates":[[21.906738,60.207075],[21.950684,60.239811]]},"properties":{"osm_type":"way","osm_id":"804556090","source_id":"osm:way/804556090","name":"","operator":"","owner":"","cable_type":"crowd_telecom","status":"unknown","source":"OpenStreetMap","source_url":"https://gall.openstreetmap.de/api/interpreter","osm_url":"https://www.openstreetmap.org/way/804556090","license":"ODbL 1.0","attribution":"© OpenStreetMap contributors","fetched_at":"2026-08-18T15:08:41.735626+00:00","query_hash":"3129ece2af88c320e6611b4f1007771fc999bb2a7d147e9ed754f25a5cd4e3d7","coverage_note":"incomplete_crowdsourced","raw_tags":{"communication":"line","location":"underwater","seamark:type":"cable_submarine","submarine":"yes","vayla_cdate":"8.11.2017","vayla_id":"FI005220000018053"},"coord_qc_status":"openinframap_z2_generalized","geometry_source":"OpenInfraMap z2 vector tiles (OSM-derived, generalized)"}},{"type":"Feature","geometry":{"type":"LineString","coordinates":[[24.960938,60.152442],[24.873047,60.141505]]},"properties":{"osm_type":"way","osm_id":"804556398","source_id":"osm:way/804556398","name":"","operator":"","owner":"","cable_type":"crowd_telecom","status":"unknown","source":"OpenStreetMap","source_url":"https://gall.openstreetmap.de/api/interpreter","osm_url":"https://www.openstreetmap.org/way/804556398","license":"ODbL 1.0","attribution":"© OpenStreetMap contributors","fetched_at":"2026-08-18T15:08:41.735626+00:00","query_hash":"3129ece2af88c320e6611b4f1007771fc999bb2a7d147e9ed754f25a5cd4e3d7","coverage_note":"incomplete_crowdsourced","raw_tags":{"communication":"line","location":"underwater","seamark:type":"cable_submarine","submarine":"yes","vayla_cdate":"13.2.2019","vayla_id":"FI006020000009686"},"coord_qc_status":"openinframap_z2_generalized","geometry_source":"OpenInfraMap z2 vector tiles (OSM-derived, generalized)"}},{"type":"Feature","geometry":{"type":"LineString","coordinates":[[26.938477,60.424699],[26.147461,60.261617],[25.905762,60.130564],[25.378418,60.086763],[24.960938,60.152442]]},"properties":{"osm_type":"way","osm_id":"804556453","source_id":"osm:way/804556453","name":"Eastern Light Sweden-Finland I","operator":"Eastern Light","owner":"","cable_type":"crowd_telecom","status":"unknown","source":"OpenStreetMap","source_url":"https://gall.openstreetmap.de/api/interpreter","osm_url":"https://www.openstreetmap.org/way/804556453","license":"ODbL 1.0","attribution":"© OpenStreetMap contributors","fetched_at":"2026-08-18T15:08:41.735626+00:00","query_hash":"3129ece2af88c320e6611b4f1007771fc999bb2a7d147e9ed754f25a5cd4e3d7","coverage_note":"incomplete_crowdsourced","raw_tags":{"communication":"line","location":"underwater","name":"Eastern Light Sweden-Finland I","operator":"Eastern Light","seamark:cable_submarine:category":"fibre_optic","seamark:type":"cable_submarine","source":"Vayla","start_date":"2019","submarine":"yes","vayla_cdate":"13.2.2019","vayla_id":"FI006020000009684"},"coord_qc_status":"openinframap_z2_generalized","geometry_source":"OpenInfraMap z2 vector tiles (OSM-derived, generalized)"}},{"type":"Feature","geometry":{"type":"LineString","coordinates":[[1.911621,58.367156],[1.691895,58.401712],[1.647949,58.573981],[2.219238,58.699776],[2.241211,58.847859]]},"properties":{"osm_type":"way","osm_id":"823270846","source_id":"osm:way/823270846","name":"TAMPNET 3","operator":"Tampnet AS","owner":"","cable_type":"crowd_telecom","status":"unknown","source":"OpenStreetMap","source_url":"https://gall.openstreetmap.de/api/interpreter","osm_url":"https://www.openstreetmap.org/way/823270846","license":"ODbL 1.0","attribution":"© OpenStreetMap contributors","fetched_at":"2026-08-18T15:08:41.735626+00:00","query_hash":"3129ece2af88c320e6611b4f1007771fc999bb2a7d147e9ed754f25a5cd4e3d7","coverage_note":"incomplete_crowdsourced","raw_tags":{"cable:technology":"fibre_optic","cables":"1","communication":"line","email":"info@tampnet.com","layer":"-1","location":"underwater","name":"TAMPNET 3","old_name":"NorSea Com 1","operator":"Tampnet AS","phone":"+47 908 03 803","seamark:cable_submarine:category":"fibre_optic","seamark:type":"cable_submarine","submarine":"yes","telecom:medium":"fibre","website":"https://www.tampnet.com/fibre-optic-network","wikipedia":"en:NorSea Com 1"},"coord_qc_status":"openinframap_z2_generalized","geometry_source":"OpenInfraMap z2 vector tiles (OSM-derived, generalized)"}},{"type":"Feature","geometry":{"type":"LineString","coordinates":[[2.548828,58.83649],[2.460938,58.825118]]},"properties":{"osm_type":"way","osm_id":"823270852","source_id":"osm:way/823270852","name":"TAMPNET (BU4-BU5)","operator":"Tampnet AS","owner":"","cable_type":"crowd_telecom","status":"unknown","source":"OpenStreetMap","source_url":"https://gall.openstreetmap.de/api/interpreter","osm_url":"https://www.openstreetmap.org/way/823270852","license":"ODbL 1.0","attribution":"© OpenStreetMap contributors","fetched_at":"2026-08-18T15:08:41.735626+00:00","query_hash":"3129ece2af88c320e6611b4f1007771fc999bb2a7d147e9ed754f25a5cd4e3d7","coverage_note":"incomplete_crowdsourced","raw_tags":{"cables":"1","communication":"line","email":"info@tampnet.com","layer":"-1","location":"underwater","name":"TAMPNET (BU4-BU5)","old_name":"NorSea Com 1","operator":"Tampnet AS","phone":"+47 908 03 803","seamark:cable_submarine:category":"fibre_optic","seamark:type":"cable_submarine","submarine":"yes","telecom:medium":"fibre","website":"https://www.tampnet.com/fibre-optic-network","wikipedia":"en:NorSea Com 1"},"coord_qc_status":"openinframap_z2_generalized","geometry_source":"OpenInfraMap z2 vector tiles (OSM-derived, generalized)"}},{"type":"Feature","geometry":{"type":"LineString","coordinates":[[2.438965,59.108308],[1.911621,58.367156]]},"properties":{"osm_type":"way","osm_id":"823270857","source_id":"osm:way/823270857","name":"Sleipnir-Grane FOC","operator":"Equinor","owner":"","cable_type":"crowd_telecom","status":"unknown","source":"OpenStreetMap","source_url":"https://gall.openstreetmap.de/api/interpreter","osm_url":"https://www.openstreetmap.org/way/823270857","license":"ODbL 1.0","attribution":"© OpenStreetMap contributors","fetched_at":"2026-08-18T15:08:41.735626+00:00","query_hash":"3129ece2af88c320e6611b4f1007771fc999bb2a7d147e9ed754f25a5cd4e3d7","coverage_note":"incomplete_crowdsourced","raw_tags":{"cable:technology":"fibre_optic","cables":"1","communication":"line","layer":"-1","location":"underwater","name":"Sleipnir-Grane FOC","operator":"Equinor","seamark:cable_submarine:category":"fibre_optic","seamark:type":"cable_submarine","submarine":"yes","telecom:medium":"fibre"},"coord_qc_status":"openinframap_z2_generalized","geometry_source":"OpenInfraMap z2 vector tiles (OSM-derived, generalized)"}},{"type":"Feature","geometry":{"type":"LineString","coordinates":[[2.241211,58.83649],[2.548828,58.83649]]},"properties":{"osm_type":"way","osm_id":"823270876","source_id":"osm:way/823270876","name":"TAMPNET (BU4-BU5)","operator":"Tampnet AS","owner":"","cable_type":"crowd_telecom","status":"unknown","source":"OpenStreetMap","source_url":"https://gall.openstreetmap.de/api/interpreter","osm_url":"https://www.openstreetmap.org/way/823270876","license":"ODbL 1.0","attribution":"© OpenStreetMap contributors","fetched_at":"2026-08-18T15:08:41.735626+00:00","query_hash":"3129ece2af88c320e6611b4f1007771fc999bb2a7d147e9ed754f25a5cd4e3d7","coverage_note":"incomplete_crowdsourced","raw_tags":{"cable:technology":"fibre_optic","cables":"1","communication":"line","email":"info@tampnet.com","layer":"-1","location":"underwater","name":"TAMPNET (BU4-BU5)","old_name":"NorSea Com 1","operator":"Tampnet AS","phone":"+47 908 03 803","seamark:cable_submarine:category":"fibre_optic","seamark:type":"cable_submarine","submarine":"yes","telecom:medium":"fibre","website":"https://www.tampnet.com/fibre-optic-network","wikipedia":"en:NorSea Com 1"},"coord_qc_status":"openinframap_z2_generalized","geometry_source":"OpenInfraMap z2 vector tiles (OSM-derived, generalized)"}},{"type":"Feature","geometry":{"type":"LineString","coordinates":[[1.142578,52.948638],[1.472168,53.107217]]},"properties":{"osm_type":"way","osm_id":"904208455","source_id":"osm:way/904208455","name":"STRATOS 1","operator":"Bae/BT","owner":"","cable_type":"crowd_telecom","status":"unknown","source":"OpenStreetMap","source_url":"https://gall.openstreetmap.de/api/interpreter","osm_url":"https://www.openstreetmap.org/way/904208455","license":"ODbL 1.0","attribution":"© OpenStreetMap contributors","fetched_at":"2026-08-18T15:08:41.735626+00:00","query_hash":"3129ece2af88c320e6611b4f1007771fc999bb2a7d147e9ed754f25a5cd4e3d7","coverage_note":"incomplete_crowdsourced","raw_tags":{"communication":"line","disused":"yes","location":"underwater","name":"STRATOS 1","operator":"Bae/BT","phone":"+44 8457 555999","seamark:cable_submarine:category":"fibre_optic","seamark:type":"cable_submarine","source":"Kingfisher Information Service, February 2010, http://www.kisca.org.uk/charts.htm"},"coord_qc_status":"openinframap_z2_generalized","geometry_source":"OpenInfraMap z2 vector tiles (OSM-derived, generalized)"}},{"type":"Feature","geometry":{"type":"LineString","coordinates":[[26.477051,59.944007],[26.345215,60.009971],[25.927734,59.877912],[24.98291,59.877912],[24.016113,59.64554],[21.137695,59.288332],[20.478516,58.950008],[20.236816,58.745407],[20.34668,58.654085],[19.995117,57.984808],[19.533691,57.444949],[19.467773,57.171992],[19.621582,57.016814],[19.489746,56.740674],[18.61084,56.279961],[18.61084,55.924586],[19.753418,55.689972],[20.610352,55.354135]]},"properties":{"osm_type":"way","osm_id":"967781385","source_id":"osm:way/967781385","name":"Baltika (Kingisepp - Kaliningrad)","operator":"Rostelecom","owner":"","cable_type":"crowd_telecom","status":"unknown","source":"OpenStreetMap","source_url":"https://gall.openstreetmap.de/api/interpreter","osm_url":"https://www.openstreetmap.org/way/967781385","license":"ODbL 1.0","attribution":"© OpenStreetMap contributors","fetched_at":"2026-08-18T15:08:41.735626+00:00","query_hash":"3129ece2af88c320e6611b4f1007771fc999bb2a7d147e9ed754f25a5cd4e3d7","coverage_note":"incomplete_crowdsourced","raw_tags":{"communication":"line","location":"underwater","name":"Baltika (Kingisepp - Kaliningrad)","operator":"Rostelecom","seamark:cable_submarine:category":"fibre_optic","seamark:type":"cable_submarine","start_date":"2021","submarine":"yes"},"coord_qc_status":"openinframap_z2_generalized","geometry_source":"OpenInfraMap z2 vector tiles (OSM-derived, generalized)"}},{"type":"Feature","geometry":{"type":"LineString","coordinates":[[-6.174316,53.357109],[-5.559082,53.540307],[-5.163574,53.501117],[-4.833984,53.252069],[-4.658203,53.291489]]},"properties":{"osm_type":"way","osm_id":"986395654","source_id":"osm:way/986395654","name":"CeltixConnect-1","operator":"","owner":"","cable_type":"crowd_telecom","status":"unknown","source":"OpenStreetMap","source_url":"https://gall.openstreetmap.de/api/interpreter","osm_url":"https://www.openstreetmap.org/way/986395654","license":"ODbL 1.0","attribution":"© OpenStreetMap contributors","fetched_at":"2026-08-18T15:08:41.735626+00:00","query_hash":"3129ece2af88c320e6611b4f1007771fc999bb2a7d147e9ed754f25a5cd4e3d7","coverage_note":"incomplete_crowdsourced","raw_tags":{"communication":"line","layer":"-1","location":"underwater","name":"CeltixConnect-1","seamark:type":"cable_submarine","submarine":"yes"},"coord_qc_status":"openinframap_z2_generalized","geometry_source":"OpenInfraMap z2 vector tiles (OSM-derived, generalized)"}},{"type":"Feature","geometry":{"type":"LineString","coordinates":[[174.572754,-36.066862],[174.990234,-35.85344]]},"properties":{"osm_type":"way","osm_id":"1000932998","source_id":"osm:way/1000932998","name":"Hawaiki Cable","operator":"","owner":"","cable_type":"crowd_telecom","status":"unknown","source":"OpenStreetMap","source_url":"https://gall.openstreetmap.de/api/interpreter","osm_url":"https://www.openstreetmap.org/way/1000932998","license":"ODbL 1.0","attribution":"© OpenStreetMap contributors","fetched_at":"2026-08-18T15:08:41.735626+00:00","query_hash":"3129ece2af88c320e6611b4f1007771fc999bb2a7d147e9ed754f25a5cd4e3d7","coverage_note":"incomplete_crowdsourced","raw_tags":{"communication":"line","layer":"-1","location":"underwater","name":"Hawaiki Cable","ref:linz:hydrographic_id":"8076312","seamark:cable_submarine:category":"fibre_optic","seamark:type":"cable_submarine","source":"LINZ;Approaches to Marsden Point Chart;HITS 14600/295","source:date":"2018-07-13"},"coord_qc_status":"openinframap_z2_generalized","geometry_source":"OpenInfraMap z2 vector tiles (OSM-derived, generalized)"}},{"type":"Feature","geometry":{"type":"LineString","coordinates":[[174.638672,-41.294317],[174.199219,-41.310824]]},"properties":{"osm_type":"way","osm_id":"1001318184","source_id":"osm:way/1001318184","name":"Cook Strait Fibre Cable","operator":"Transpower New Zealand","owner":"","cable_type":"crowd_telecom","status":"unknown","source":"OpenStreetMap","source_url":"https://gall.openstreetmap.de/api/interpreter","osm_url":"https://www.openstreetmap.org/way/1001318184","license":"ODbL 1.0","attribution":"© OpenStreetMap contributors","fetched_at":"2026-08-18T15:08:41.735626+00:00","query_hash":"3129ece2af88c320e6611b4f1007771fc999bb2a7d147e9ed754f25a5cd4e3d7","coverage_note":"incomplete_crowdsourced","raw_tags":{"communication":"line","layer":"-1","location":"underwater","name":"Cook Strait Fibre Cable","operator":"Transpower New Zealand","operator:wikidata":"Q7835339","operator:wikipedia":"en:Transpower New Zealand","ref:linz:hydrographic_id":"8165827","seamark:cable_submarine:category":"fibre_optic","seamark:type":"cable_submarine","source":"LINZ;Approaches to Wellington Chart","telecom:medium":"fibre"},"coord_qc_status":"openinframap_z2_generalized","geometry_source":"OpenInfraMap z2 vector tiles (OSM-derived, generalized)"}},{"type":"Feature","geometry":{"type":"LineString","coordinates":[[174.155273,-36.844461],[174.418945,-36.809285]]},"properties":{"osm_type":"way","osm_id":"1001599554","source_id":"osm:way/1001599554","name":"","operator":"","owner":"","cable_type":"crowd_telecom","status":"unknown","source":"OpenStreetMap","source_url":"https://gall.openstreetmap.de/api/interpreter","osm_url":"https://www.openstreetmap.org/way/1001599554","license":"ODbL 1.0","attribution":"© OpenStreetMap contributors","fetched_at":"2026-08-18T15:08:41.735626+00:00","query_hash":"3129ece2af88c320e6611b4f1007771fc999bb2a7d147e9ed754f25a5cd4e3d7","coverage_note":"incomplete_crowdsourced","raw_tags":{"communication":"line","layer":"-1","location":"underwater","seamark:cable_submarine:category":"fibre_optic","seamark:type":"cable_submarine","source":"extrapolation"},"coord_qc_status":"openinframap_z2_generalized","geometry_source":"OpenInfraMap z2 vector tiles (OSM-derived, generalized)"}},{"type":"Feature","geometry":{"type":"LineString","coordinates":[[174.133301,-36.809285],[174.418945,-36.809285]]},"properties":{"osm_type":"way","osm_id":"1001599555","source_id":"osm:way/1001599555","name":"","operator":"","owner":"","cable_type":"crowd_telecom","status":"unknown","source":"OpenStreetMap","source_url":"https://gall.openstreetmap.de/api/interpreter","osm_url":"https://www.openstreetmap.org/way/1001599555","license":"ODbL 1.0","attribution":"© OpenStreetMap contributors","fetched_at":"2026-08-18T15:08:41.735626+00:00","query_hash":"3129ece2af88c320e6611b4f1007771fc999bb2a7d147e9ed754f25a5cd4e3d7","coverage_note":"incomplete_crowdsourced","raw_tags":{"communication":"line","layer":"-1","location":"underwater","seamark:cable_submarine:category":"fibre_optic","seamark:type":"cable_submarine","source":"extrapolation"},"coord_qc_status":"openinframap_z2_generalized","geometry_source":"OpenInfraMap z2 vector tiles (OSM-derived, generalized)"}},{"type":"Feature","geometry":{"type":"LineString","coordinates":[[174.133301,-36.791691],[174.418945,-36.809285]]},"properties":{"osm_type":"way","osm_id":"1001599556","source_id":"osm:way/1001599556","name":"","operator":"","owner":"","cable_type":"crowd_telecom","status":"unknown","source":"OpenStreetMap","source_url":"https://gall.openstreetmap.de/api/interpreter","osm_url":"https://www.openstreetmap.org/way/1001599556","license":"ODbL 1.0","attribution":"© OpenStreetMap contributors","fetched_at":"2026-08-18T15:08:41.735626+00:00","query_hash":"3129ece2af88c320e6611b4f1007771fc999bb2a7d147e9ed754f25a5cd4e3d7","coverage_note":"incomplete_crowdsourced","raw_tags":{"communication":"line","layer":"-1","location":"underwater","seamark:cable_submarine:category":"fibre_optic","seamark:type":"cable_submarine","source":"extrapolation"},"coord_qc_status":"openinframap_z2_generalized","geometry_source":"OpenInfraMap z2 vector tiles (OSM-derived, generalized)"}},{"type":"Feature","geometry":{"type":"LineString","coordinates":[[174.089355,-36.75649],[174.418945,-36.809285]]},"properties":{"osm_type":"way","osm_id":"1001599557","source_id":"osm:way/1001599557","name":"","operator":"","owner":"","cable_type":"crowd_telecom","status":"unknown","source":"OpenStreetMap","source_url":"https://gall.openstreetmap.de/api/interpreter","osm_url":"https://www.openstreetmap.org/way/1001599557","license":"ODbL 1.0","attribution":"© OpenStreetMap contributors","fetched_at":"2026-08-18T15:08:41.735626+00:00","query_hash":"3129ece2af88c320e6611b4f1007771fc999bb2a7d147e9ed754f25a5cd4e3d7","coverage_note":"incomplete_crowdsourced","raw_tags":{"communication":"line","layer":"-1","location":"underwater","seamark:cable_submarine:category":"fibre_optic","seamark:type":"cable_submarine","source":"extrapolation"},"coord_qc_status":"openinframap_z2_generalized","geometry_source":"OpenInfraMap z2 vector tiles (OSM-derived, generalized)"}},{"type":"Feature","geometry":{"type":"LineString","coordinates":[[14.238281,55.441479],[14.699707,55.178868]]},"properties":{"osm_type":"way","osm_id":"1100730579","source_id":"osm:way/1100730579","name":"Aurora","operator":"GlobalConnect","owner":"","cable_type":"crowd_telecom","status":"unknown","source":"OpenStreetMap","source_url":"https://gall.openstreetmap.de/api/interpreter","osm_url":"https://www.openstreetmap.org/way/1100730579","license":"ODbL 1.0","attribution":"© OpenStreetMap contributors","fetched_at":"2026-08-18T15:08:41.735626+00:00","query_hash":"3129ece2af88c320e6611b4f1007771fc999bb2a7d147e9ed754f25a5cd4e3d7","coverage_note":"incomplete_crowdsourced","raw_tags":{"communication":"line","location":"underwater","name":"Aurora","operator":"GlobalConnect","seamark:cable_submarine:category":"fiber_optic","seamark:type":"cable_submarine","source":"Ufs 2022:929","start_date":"2024","submarine":"yes","telecom:medium":"fibre"},"coord_qc_status":"openinframap_z2_generalized","geometry_source":"OpenInfraMap z2 vector tiles (OSM-derived, generalized)"}},{"type":"Feature","geometry":{"type":"LineString","coordinates":[[9.997559,57.610107],[9.799805,58.286395],[10.129395,58.904646],[10.019531,59.051856]]},"properties":{"osm_type":"way","osm_id":"1117749478","source_id":"osm:way/1117749478","name":"Skagen Fiber West","operator":"Skagenfiber","owner":"","cable_type":"crowd_telecom","status":"unknown","source":"OpenStreetMap","source_url":"https://gall.openstreetmap.de/api/interpreter","osm_url":"https://www.openstreetmap.org/way/1117749478","license":"ODbL 1.0","attribution":"© OpenStreetMap contributors","fetched_at":"2026-08-18T15:08:41.735626+00:00","query_hash":"3129ece2af88c320e6611b4f1007771fc999bb2a7d147e9ed754f25a5cd4e3d7","coverage_note":"incomplete_crowdsourced","raw_tags":{"communication":"line","location":"underwater","name":"Skagen Fiber West","operator":"Skagenfiber","seamark:cable_submarine:category":"fibre_optic","seamark:type":"cable_submarine","start_date":"2020","submarine":"yes"},"coord_qc_status":"openinframap_z2_generalized","geometry_source":"OpenInfraMap z2 vector tiles (OSM-derived, generalized)"}},{"type":"Feature","geometry":{"type":"LineString","coordinates":[[2.856445,57.243394],[2.856445,57.112385]]},"properties":{"osm_type":"way","osm_id":"1117775082","source_id":"osm:way/1117775082","name":"Tampnet","operator":"Tampnet","owner":"","cable_type":"crowd_telecom","status":"unknown","source":"OpenStreetMap","source_url":"https://gall.openstreetmap.de/api/interpreter","osm_url":"https://www.openstreetmap.org/way/1117775082","license":"ODbL 1.0","attribution":"© OpenStreetMap contributors","fetched_at":"2026-08-18T15:08:41.735626+00:00","query_hash":"3129ece2af88c320e6611b4f1007771fc999bb2a7d147e9ed754f25a5cd4e3d7","coverage_note":"incomplete_crowdsourced","raw_tags":{"communication":"line","location":"underwater","name":"Tampnet","operator":"Tampnet","seamark:cable_submarine:category":"fibre_optic","seamark:type":"cable_submarine","submarine":"yes","website":"https://www.tampnet.com/"},"coord_qc_status":"openinframap_z2_generalized","geometry_source":"OpenInfraMap z2 vector tiles (OSM-derived, generalized)"}},{"type":"Feature","geometry":{"type":"LineString","coordinates":[[4.54834,57.809651],[5.800781,58.436233],[5.998535,58.459229]]},"properties":{"osm_type":"way","osm_id":"1117775083","source_id":"osm:way/1117775083","name":"Tampnet","operator":"Tampnet","owner":"","cable_type":"crowd_telecom","status":"unknown","source":"OpenStreetMap","source_url":"https://gall.openstreetmap.de/api/interpreter","osm_url":"https://www.openstreetmap.org/way/1117775083","license":"ODbL 1.0","attribution":"© OpenStreetMap contributors","fetched_at":"2026-08-18T15:08:41.735626+00:00","query_hash":"3129ece2af88c320e6611b4f1007771fc999bb2a7d147e9ed754f25a5cd4e3d7","coverage_note":"incomplete_crowdsourced","raw_tags":{"communication":"line","location":"underwater","name":"Tampnet","operator":"Tampnet","seamark:cable_submarine:category":"fibre_optic","seamark:type":"cable_submarine","submarine":"yes","website":"https://www.tampnet.com/"},"coord_qc_status":"openinframap_z2_generalized","geometry_source":"OpenInfraMap z2 vector tiles (OSM-derived, generalized)"}},{"type":"Feature","geometry":{"type":"LineString","coordinates":[[4.54834,57.797944],[4.504395,57.610107],[2.834473,57.219608]]},"properties":{"osm_type":"way","osm_id":"1117775084","source_id":"osm:way/1117775084","name":"Tampnet","operator":"Tampnet","owner":"","cable_type":"crowd_telecom","status":"unknown","source":"OpenStreetMap","source_url":"https://gall.openstreetmap.de/api/interpreter","osm_url":"https://www.openstreetmap.org/way/1117775084","license":"ODbL 1.0","attribution":"© OpenStreetMap contributors","fetched_at":"2026-08-18T15:08:41.735626+00:00","query_hash":"3129ece2af88c320e6611b4f1007771fc999bb2a7d147e9ed754f25a5cd4e3d7","coverage_note":"incomplete_crowdsourced","raw_tags":{"communication":"line","location":"underwater","name":"Tampnet","operator":"Tampnet","seamark:cable_submarine:category":"fibre_optic","seamark:type":"cable_submarine","submarine":"yes","website":"https://www.tampnet.com/"},"coord_qc_status":"openinframap_z2_generalized","geometry_source":"OpenInfraMap z2 vector tiles (OSM-derived, generalized)"}},{"type":"Feature","geometry":{"type":"LineString","coordinates":[[2.460938,58.193871],[1.911621,58.367156]]},"properties":{"osm_type":"way","osm_id":"1117789003","source_id":"osm:way/1117789003","name":"Tampnet","operator":"Tampnet","owner":"","cable_type":"crowd_telecom","status":"unknown","source":"OpenStreetMap","source_url":"https://gall.openstreetmap.de/api/interpreter","osm_url":"https://www.openstreetmap.org/way/1117789003","license":"ODbL 1.0","attribution":"© OpenStreetMap contributors","fetched_at":"2026-08-18T15:08:41.735626+00:00","query_hash":"3129ece2af88c320e6611b4f1007771fc999bb2a7d147e9ed754f25a5cd4e3d7","coverage_note":"incomplete_crowdsourced","raw_tags":{"communication":"line","location":"underwater","name":"Tampnet","operator":"Tampnet","seamark:cable_submarine:category":"fibre_optic","seamark:type":"cable_submarine","submarine":"yes","website":"https://www.tampnet.com/"},"coord_qc_status":"openinframap_z2_generalized","geometry_source":"OpenInfraMap z2 vector tiles (OSM-derived, generalized)"}},{"type":"Feature","geometry":{"type":"LineString","coordinates":[[5.185547,59.333189],[4.87793,59.142135],[2.460938,58.193871]]},"properties":{"osm_type":"way","osm_id":"1117789004","source_id":"osm:way/1117789004","name":"Tampnet","operator":"Tampnet","owner":"","cable_type":"crowd_telecom","status":"unknown","source":"OpenStreetMap","source_url":"https://gall.openstreetmap.de/api/interpreter","osm_url":"https://www.openstreetmap.org/way/1117789004","license":"ODbL 1.0","attribution":"© OpenStreetMap contributors","fetched_at":"2026-08-18T15:08:41.735626+00:00","query_hash":"3129ece2af88c320e6611b4f1007771fc999bb2a7d147e9ed754f25a5cd4e3d7","coverage_note":"incomplete_crowdsourced","raw_tags":{"communication":"line","location":"underwater","name":"Tampnet","operator":"Tampnet","seamark:cable_submarine:category":"fibre_optic","seamark:type":"cable_submarine","submarine":"yes","website":"https://www.tampnet.com/"},"coord_qc_status":"openinframap_z2_generalized","geometry_source":"OpenInfraMap z2 vector tiles (OSM-derived, generalized)"}},{"type":"Feature","geometry":{"type":"LineString","coordinates":[[2.834473,60.489704],[2.658691,59.987998],[2.219238,59.578851]]},"properties":{"osm_type":"way","osm_id":"1117983485","source_id":"osm:way/1117983485","name":"Tampnet","operator":"Tampnet","owner":"","cable_type":"crowd_telecom","status":"unknown","source":"OpenStreetMap","source_url":"https://gall.openstreetmap.de/api/interpreter","osm_url":"https://www.openstreetmap.org/way/1117983485","license":"ODbL 1.0","attribution":"© OpenStreetMap contributors","fetched_at":"2026-08-18T15:08:41.735626+00:00","query_hash":"3129ece2af88c320e6611b4f1007771fc999bb2a7d147e9ed754f25a5cd4e3d7","coverage_note":"incomplete_crowdsourced","raw_tags":{"communication":"line","location":"underwater","name":"Tampnet","operator":"Tampnet","seamark:cable_submarine:category":"fibre_optic","seamark:type":"cable_submarine","submarine":"yes","website":"https://www.tampnet.com/"},"coord_qc_status":"openinframap_z2_generalized","geometry_source":"OpenInfraMap z2 vector tiles (OSM-derived, generalized)"}},{"type":"Feature","geometry":{"type":"LineString","coordinates":[[2.219238,59.578851],[2.548828,59.344395],[2.460938,59.198439]]},"properties":{"osm_type":"way","osm_id":"1117983486","source_id":"osm:way/1117983486","name":"Tampnet","operator":"Tampnet","owner":"","cable_type":"crowd_telecom","status":"unknown","source":"OpenStreetMap","source_url":"https://gall.openstreetmap.de/api/interpreter","osm_url":"https://www.openstreetmap.org/way/1117983486","license":"ODbL 1.0","attribution":"© OpenStreetMap contributors","fetched_at":"2026-08-18T15:08:41.735626+00:00","query_hash":"3129ece2af88c320e6611b4f1007771fc999bb2a7d147e9ed754f25a5cd4e3d7","coverage_note":"incomplete_crowdsourced","raw_tags":{"communication":"line","location":"underwater","name":"Tampnet","operator":"Tampnet","seamark:cable_submarine:category":"fibre_optic","seamark:type":"cable_submarine","submarine":"yes","website":"https://www.tampnet.com/"},"coord_qc_status":"openinframap_z2_generalized","geometry_source":"OpenInfraMap z2 vector tiles (OSM-derived, generalized)"}},{"type":"Feature","geometry":{"type":"LineString","coordinates":[[2.834473,60.489704],[2.680664,60.543775],[2.878418,60.791343],[3.735352,60.640876]]},"properties":{"osm_type":"way","osm_id":"1118733011","source_id":"osm:way/1118733011","name":"Tampnet","operator":"Tampnet","owner":"","cable_type":"crowd_telecom","status":"unknown","source":"OpenStreetMap","source_url":"https://gall.openstreetmap.de/api/interpreter","osm_url":"https://www.openstreetmap.org/way/1118733011","license":"ODbL 1.0","attribution":"© OpenStreetMap contributors","fetched_at":"2026-08-18T15:08:41.735626+00:00","query_hash":"3129ece2af88c320e6611b4f1007771fc999bb2a7d147e9ed754f25a5cd4e3d7","coverage_note":"incomplete_crowdsourced","raw_tags":{"communication":"line","location":"underwater","name":"Tampnet","operator":"Tampnet","seamark:cable_submarine:category":"fibre_optic","seamark:type":"cable_submarine","submarine":"yes","website":"https://www.tampnet.com/"},"coord_qc_status":"openinframap_z2_generalized","geometry_source":"OpenInfraMap z2 vector tiles (OSM-derived, generalized)"}},{"type":"Feature","geometry":{"type":"LineString","coordinates":[[-8.85498,37.996163],[-9.052734,37.961523]]},"properties":{"osm_type":"way","osm_id":"1165311359","source_id":"osm:way/1165311359","name":"EllaLink","operator":"EllaLink","owner":"","cable_type":"crowd_telecom","status":"unknown","source":"OpenStreetMap","source_url":"https://gall.openstreetmap.de/api/interpreter","osm_url":"https://www.openstreetmap.org/way/1165311359","license":"ODbL 1.0","attribution":"© OpenStreetMap contributors","fetched_at":"2026-08-18T15:08:41.735626+00:00","query_hash":"3129ece2af88c320e6611b4f1007771fc999bb2a7d147e9ed754f25a5cd4e3d7","coverage_note":"incomplete_crowdsourced","raw_tags":{"communication":"line","location":"underwater","name":"EllaLink","operator":"EllaLink","seamark:cable_submarine:category":"optical","seamark:type":"cable_submarine","submarine":"yes"},"coord_qc_status":"openinframap_z2_generalized","geometry_source":"OpenInfraMap z2 vector tiles (OSM-derived, generalized)"}},{"type":"Feature","geometry":{"type":"LineString","coordinates":[[1.999512,59.567723],[2.06543,59.612212]]},"properties":{"osm_type":"way","osm_id":"1192659443","source_id":"osm:way/1192659443","name":"","operator":"","owner":"","cable_type":"crowd_telecom","status":"unknown","source":"OpenStreetMap","source_url":"https://gall.openstreetmap.de/api/interpreter","osm_url":"https://www.openstreetmap.org/way/1192659443","license":"ODbL 1.0","attribution":"© OpenStreetMap contributors","fetched_at":"2026-08-18T15:08:41.735626+00:00","query_hash":"3129ece2af88c320e6611b4f1007771fc999bb2a7d147e9ed754f25a5cd4e3d7","coverage_note":"incomplete_crowdsourced","raw_tags":{"communication":"line","location":"underwater","seamark:cable_submarine:category":"fibre_optic","seamark:type":"cable_submarine","submarine":"yes"},"coord_qc_status":"openinframap_z2_generalized","geometry_source":"OpenInfraMap z2 vector tiles (OSM-derived, generalized)"}},{"type":"Feature","geometry":{"type":"LineString","coordinates":[[1.911621,59.623325],[2.219238,59.578851]]},"properties":{"osm_type":"way","osm_id":"1192659444","source_id":"osm:way/1192659444","name":"","operator":"","owner":"","cable_type":"crowd_telecom","status":"unknown","source":"OpenStreetMap","source_url":"https://gall.openstreetmap.de/api/interpreter","osm_url":"https://www.openstreetmap.org/way/1192659444","license":"ODbL 1.0","attribution":"© OpenStreetMap contributors","fetched_at":"2026-08-18T15:08:41.735626+00:00","query_hash":"3129ece2af88c320e6611b4f1007771fc999bb2a7d147e9ed754f25a5cd4e3d7","coverage_note":"incomplete_crowdsourced","raw_tags":{"communication":"line","location":"underwater","seamark:cable_submarine:category":"fibre_optic","seamark:type":"cable_submarine","submarine":"yes"},"coord_qc_status":"openinframap_z2_generalized","geometry_source":"OpenInfraMap z2 vector tiles (OSM-derived, generalized)"}},{"type":"Feature","geometry":{"type":"LineString","coordinates":[[17.072754,57.36209],[17.182617,57.456771],[18.193359,57.586559]]},"properties":{"osm_type":"way","osm_id":"1213236769","source_id":"osm:way/1213236769","name":"Aurora","operator":"GlobalConnect","owner":"","cable_type":"crowd_telecom","status":"unknown","source":"OpenStreetMap","source_url":"https://gall.openstreetmap.de/api/interpreter","osm_url":"https://www.openstreetmap.org/way/1213236769","license":"ODbL 1.0","attribution":"© OpenStreetMap contributors","fetched_at":"2026-08-18T15:08:41.735626+00:00","query_hash":"3129ece2af88c320e6611b4f1007771fc999bb2a7d147e9ed754f25a5cd4e3d7","coverage_note":"incomplete_crowdsourced","raw_tags":{"communication":"line","location":"underwater","name":"Aurora","operator":"GlobalConnect","seamark:cable_submarine:category":"fibre_optic","seamark:type":"cable_submarine","start_date":"2024","submarine":"yes"},"coord_qc_status":"openinframap_z2_generalized","geometry_source":"OpenInfraMap z2 vector tiles (OSM-derived, generalized)"}},{"type":"Feature","geometry":{"type":"LineString","coordinates":[[14.80957,55.254077],[16.501465,56.084298],[16.479492,56.24335]]},"properties":{"osm_type":"way","osm_id":"1228083658","source_id":"osm:way/1228083658","name":"Aurora","operator":"GlobalConnect","owner":"","cable_type":"crowd_telecom","status":"unknown","source":"OpenStreetMap","source_url":"https://gall.openstreetmap.de/api/interpreter","osm_url":"https://www.openstreetmap.org/way/1228083658","license":"ODbL 1.0","attribution":"© OpenStreetMap contributors","fetched_at":"2026-08-18T15:08:41.735626+00:00","query_hash":"3129ece2af88c320e6611b4f1007771fc999bb2a7d147e9ed754f25a5cd4e3d7","coverage_note":"incomplete_crowdsourced","raw_tags":{"communication":"line","location":"underwater","name":"Aurora","operator":"GlobalConnect","seamark:cable_submarine:category":"fibre_optic","seamark:type":"cable_submarine","start_date":"2024","submarine":"yes"},"coord_qc_status":"openinframap_z2_generalized","geometry_source":"OpenInfraMap z2 vector tiles (OSM-derived, generalized)"}},{"type":"Feature","geometry":{"type":"LineString","coordinates":[[13.623047,54.508327],[14.018555,54.788017],[13.974609,54.927142],[14.326172,54.939766],[14.699707,55.090944]]},"properties":{"osm_type":"way","osm_id":"1233240504","source_id":"osm:way/1233240504","name":"Aurora","operator":"GlobalConnect","owner":"","cable_type":"crowd_telecom","status":"unknown","source":"OpenStreetMap","source_url":"https://gall.openstreetmap.de/api/interpreter","osm_url":"https://www.openstreetmap.org/way/1233240504","license":"ODbL 1.0","attribution":"© OpenStreetMap contributors","fetched_at":"2026-08-18T15:08:41.735626+00:00","query_hash":"3129ece2af88c320e6611b4f1007771fc999bb2a7d147e9ed754f25a5cd4e3d7","coverage_note":"incomplete_crowdsourced","raw_tags":{"communication":"line","location":"underwater","name":"Aurora","operator":"GlobalConnect","seamark:cable_submarine:category":"communication","seamark:type":"cable_submarine","start_date":"2024","submarine":"yes"},"coord_qc_status":"openinframap_z2_generalized","geometry_source":"OpenInfraMap z2 vector tiles (OSM-derived, generalized)"}},{"type":"Feature","geometry":{"type":"LineString","coordinates":[[12.414551,55.615589],[12.546387,55.50375],[12.897949,55.516192]]},"properties":{"osm_type":"way","osm_id":"1249254616","source_id":"osm:way/1249254616","name":"Aurora","operator":"GlobalConnect","owner":"","cable_type":"crowd_telecom","status":"unknown","source":"OpenStreetMap","source_url":"https://gall.openstreetmap.de/api/interpreter","osm_url":"https://www.openstreetmap.org/way/1249254616","license":"ODbL 1.0","attribution":"© OpenStreetMap contributors","fetched_at":"2026-08-18T15:08:41.735626+00:00","query_hash":"3129ece2af88c320e6611b4f1007771fc999bb2a7d147e9ed754f25a5cd4e3d7","coverage_note":"incomplete_crowdsourced","raw_tags":{"communication":"line","location":"underwater","name":"Aurora","operator":"GlobalConnect","seamark:cable_submarine:category":"fibre_optic","seamark:type":"cable_submarine","start_date":"2024","submarine":"yes"},"coord_qc_status":"openinframap_z2_generalized","geometry_source":"OpenInfraMap z2 vector tiles (OSM-derived, generalized)"}},{"type":"Feature","geometry":{"type":"LineString","coordinates":[[25.048828,60.141505],[25.268555,59.933],[24.016113,59.656642],[21.137695,59.209688],[20.544434,58.904646],[18.566895,56.340901],[16.523438,55.689972],[14.80957,55.391592],[14.150391,54.977614],[13.535156,54.876607],[13.40332,54.952386],[12.98584,54.939766],[12.678223,54.838664],[12.150879,54.648413],[12.019043,54.457267],[12.128906,54.188155]]},"properties":{"osm_type":"way","osm_id":"1354947234","source_id":"osm:way/1354947234","name":"C-Lion 1","operator":"Cinia","owner":"","cable_type":"crowd_telecom","status":"unknown","source":"OpenStreetMap","source_url":"https://gall.openstreetmap.de/api/interpreter","osm_url":"https://www.openstreetmap.org/way/1354947234","license":"ODbL 1.0","attribution":"© OpenStreetMap contributors","fetched_at":"2026-08-18T15:08:41.735626+00:00","query_hash":"3129ece2af88c320e6611b4f1007771fc999bb2a7d147e9ed754f25a5cd4e3d7","coverage_note":"incomplete_crowdsourced","raw_tags":{"communication":"line","location":"underwater","name":"C-Lion 1","operator":"Cinia","seamark:cable_submarine:category":"fibre_optic","seamark:type":"cable_submarine","start_date":"2016","submarine":"yes"},"coord_qc_status":"openinframap_z2_generalized","geometry_source":"OpenInfraMap z2 vector tiles (OSM-derived, generalized)"}},{"type":"Feature","geometry":{"type":"LineString","coordinates":[[19.02832,57.833055],[21.51123,57.527622],[21.599121,57.444949]]},"properties":{"osm_type":"way","osm_id":"1355003440","source_id":"osm:way/1355003440","name":"Sweden-Latvia","operator":"LVRTC","owner":"","cable_type":"crowd_telecom","status":"unknown","source":"OpenStreetMap","source_url":"https://gall.openstreetmap.de/api/interpreter","osm_url":"https://www.openstreetmap.org/way/1355003440","license":"ODbL 1.0","attribution":"© OpenStreetMap contributors","fetched_at":"2026-08-18T15:08:41.735626+00:00","query_hash":"3129ece2af88c320e6611b4f1007771fc999bb2a7d147e9ed754f25a5cd4e3d7","coverage_note":"incomplete_crowdsourced","raw_tags":{"communication":"line","location":"underwater","name":"Sweden-Latvia","operator":"LVRTC","seamark:cable_submarine:category":"fibre_optic","seamark:type":"cable_submarine","start_date":"2005","submarine":"yes"},"coord_qc_status":"openinframap_z2_generalized","geometry_source":"OpenInfraMap z2 vector tiles (OSM-derived, generalized)"}},{"type":"Feature","geometry":{"type":"LineString","coordinates":[[21.599121,57.444949],[21.401367,57.68066],[20.456543,58.170702],[18.984375,58.699776],[17.907715,58.825118]]},"properties":{"osm_type":"way","osm_id":"1355192498","source_id":"osm:way/1355192498","name":"Latvia-Sweden 1 (LV-SE 1)","operator":"Tele2 (SE), Tet (LV)","owner":"","cable_type":"crowd_telecom","status":"unknown","source":"OpenStreetMap","source_url":"https://gall.openstreetmap.de/api/interpreter","osm_url":"https://www.openstreetmap.org/way/1355192498","license":"ODbL 1.0","attribution":"© OpenStreetMap contributors","fetched_at":"2026-08-18T15:08:41.735626+00:00","query_hash":"3129ece2af88c320e6611b4f1007771fc999bb2a7d147e9ed754f25a5cd4e3d7","coverage_note":"incomplete_crowdsourced","raw_tags":{"communication":"line","location":"underwater","name":"Latvia-Sweden 1 (LV-SE 1)","operator":"Tele2 (SE), Tet (LV)","seamark:cable_submarine:category":"fibre_optic","seamark:type":"cable_submarine","start_date":"1994","submarine":"yes"},"coord_qc_status":"openinframap_z2_generalized","geometry_source":"OpenInfraMap z2 vector tiles (OSM-derived, generalized)"}},{"type":"Feature","geometry":{"type":"LineString","coordinates":[[14.963379,55.002826],[15.534668,54.188155]]},"properties":{"osm_type":"way","osm_id":"1355358820","source_id":"osm:way/1355358820","name":"Baltica","operator":"Arelion, Orange Polska, Slovak Telekom, TDC Group, Telenor, Ukrtelecom","owner":"","cable_type":"crowd_telecom","status":"unknown","source":"OpenStreetMap","source_url":"https://gall.openstreetmap.de/api/interpreter","osm_url":"https://www.openstreetmap.org/way/1355358820","license":"ODbL 1.0","attribution":"© OpenStreetMap contributors","fetched_at":"2026-08-18T15:08:41.735626+00:00","query_hash":"3129ece2af88c320e6611b4f1007771fc999bb2a7d147e9ed754f25a5cd4e3d7","coverage_note":"incomplete_crowdsourced","raw_tags":{"communication":"line","location":"underwater","name":"Baltica","operator":"Arelion, Orange Polska, Slovak Telekom, TDC Group, Telenor, Ukrtelecom","seamark:cable_submarine:category":"fibre_optic","seamark:type":"cable_submarine","start_date":"1997","submarine":"yes"},"coord_qc_status":"openinframap_z2_generalized","geometry_source":"OpenInfraMap z2 vector tiles (OSM-derived, generalized)"}},{"type":"Feature","geometry":{"type":"LineString","coordinates":[[11.008301,55.739482],[11.030273,55.961501],[10.239258,56.182254]]},"properties":{"osm_type":"way","osm_id":"1355358821","source_id":"osm:way/1355358821","name":"Aarhus-Kalundborg","operator":"Telia Denmark","owner":"","cable_type":"crowd_telecom","status":"unknown","source":"OpenStreetMap","source_url":"https://gall.openstreetmap.de/api/interpreter","osm_url":"https://www.openstreetmap.org/way/1355358821","license":"ODbL 1.0","attribution":"© OpenStreetMap contributors","fetched_at":"2026-08-18T15:08:41.735626+00:00","query_hash":"3129ece2af88c320e6611b4f1007771fc999bb2a7d147e9ed754f25a5cd4e3d7","coverage_note":"incomplete_crowdsourced","raw_tags":{"communication":"line","location":"underwater","name":"Aarhus-Kalundborg","operator":"Telia Denmark","seamark:cable_submarine:category":"fibre_optic","seamark:type":"cable_submarine","submarine":"yes"},"coord_qc_status":"openinframap_z2_generalized","geometry_source":"OpenInfraMap z2 vector tiles (OSM-derived, generalized)"}},{"type":"Feature","geometry":{"type":"LineString","coordinates":[[12.480469,56.096556],[12.590332,56.133307]]},"properties":{"osm_type":"way","osm_id":"1355358822","source_id":"osm:way/1355358822","name":"Ellekilde Hage-Viken","operator":"Telia Denmark","owner":"","cable_type":"crowd_telecom","status":"unknown","source":"OpenStreetMap","source_url":"https://gall.openstreetmap.de/api/interpreter","osm_url":"https://www.openstreetmap.org/way/1355358822","license":"ODbL 1.0","attribution":"© OpenStreetMap contributors","fetched_at":"2026-08-18T15:08:41.735626+00:00","query_hash":"3129ece2af88c320e6611b4f1007771fc999bb2a7d147e9ed754f25a5cd4e3d7","coverage_note":"incomplete_crowdsourced","raw_tags":{"communication":"line","location":"underwater","name":"Ellekilde Hage-Viken","operator":"Telia Denmark","seamark:cable_submarine:category":"fibre_optic","seamark:type":"cable_submarine","submarine":"yes"},"coord_qc_status":"openinframap_z2_generalized","geometry_source":"OpenInfraMap z2 vector tiles (OSM-derived, generalized)"}},{"type":"Feature","geometry":{"type":"LineString","coordinates":[[13.776855,55.429013],[13.908691,55.279115],[14.699707,55.153766]]},"properties":{"osm_type":"way","osm_id":"1355358823","source_id":"osm:way/1355358823","name":"Baltica","operator":"Arelion, Orange Polska, Slovak Telekom, TDC Group, Telenor, Ukrtelecom","owner":"","cable_type":"crowd_telecom","status":"unknown","source":"OpenStreetMap","source_url":"https://gall.openstreetmap.de/api/interpreter","osm_url":"https://www.openstreetmap.org/way/1355358823","license":"ODbL 1.0","attribution":"© OpenStreetMap contributors","fetched_at":"2026-08-18T15:08:41.735626+00:00","query_hash":"3129ece2af88c320e6611b4f1007771fc999bb2a7d147e9ed754f25a5cd4e3d7","coverage_note":"incomplete_crowdsourced","raw_tags":{"communication":"line","location":"underwater","name":"Baltica","operator":"Arelion, Orange Polska, Slovak Telekom, TDC Group, Telenor, Ukrtelecom","seamark:cable_submarine:category":"fibre_optic","seamark:type":"cable_submarine","start_date":"1997","submarine":"yes"},"coord_qc_status":"openinframap_z2_generalized","geometry_source":"OpenInfraMap z2 vector tiles (OSM-derived, generalized)"}},{"type":"Feature","geometry":{"type":"LineString","coordinates":[[10.810547,55.329144],[11.096191,55.354135]]},"properties":{"osm_type":"way","osm_id":"1355358824","source_id":"osm:way/1355358824","name":"Great Belt 1","operator":"Arelion","owner":"","cable_type":"crowd_telecom","status":"unknown","source":"OpenStreetMap","source_url":"https://gall.openstreetmap.de/api/interpreter","osm_url":"https://www.openstreetmap.org/way/1355358824","license":"ODbL 1.0","attribution":"© OpenStreetMap contributors","fetched_at":"2026-08-18T15:08:41.735626+00:00","query_hash":"3129ece2af88c320e6611b4f1007771fc999bb2a7d147e9ed754f25a5cd4e3d7","coverage_note":"incomplete_crowdsourced","raw_tags":{"communication":"line","location":"underwater","name":"Great Belt 1","operator":"Arelion","seamark:cable_submarine:category":"fibre_optic","seamark:type":"cable_submarine","submarine":"yes"},"coord_qc_status":"openinframap_z2_generalized","geometry_source":"OpenInfraMap z2 vector tiles (OSM-derived, generalized)"}},{"type":"Feature","geometry":{"type":"LineString","coordinates":[[18.852539,57.397624],[20.698242,56.022948],[21.071777,56.022948]]},"properties":{"osm_type":"way","osm_id":"1355358826","source_id":"osm:way/1355358826","name":"BCS East-West Interlink","operator":"Arelion","owner":"","cable_type":"crowd_telecom","status":"unknown","source":"OpenStreetMap","source_url":"https://gall.openstreetmap.de/api/interpreter","osm_url":"https://www.openstreetmap.org/way/1355358826","license":"ODbL 1.0","attribution":"© OpenStreetMap contributors","fetched_at":"2026-08-18T15:08:41.735626+00:00","query_hash":"3129ece2af88c320e6611b4f1007771fc999bb2a7d147e9ed754f25a5cd4e3d7","coverage_note":"incomplete_crowdsourced","raw_tags":{"communication":"line","end_date":"2024-11-18","location":"underwater","name":"BCS East-West Interlink","operator":"Arelion","seamark:cable_submarine:category":"fibre_optic","seamark:cable_submarine:condition":"ruined","seamark:type":"cable_submarine","start_date":"1997","submarine":"yes","wikipedia":"en:BCS_East-West_Interlink"},"coord_qc_status":"openinframap_z2_generalized","geometry_source":"OpenInfraMap z2 vector tiles (OSM-derived, generalized)"}},{"type":"Feature","geometry":{"type":"LineString","coordinates":[[10.744629,55.40407],[11.030273,55.652798]]},"properties":{"osm_type":"way","osm_id":"1355358827","source_id":"osm:way/1355358827","name":"Great Belt 2","operator":"Telia Denmark","owner":"","cable_type":"crowd_telecom","status":"unknown","source":"OpenStreetMap","source_url":"https://gall.openstreetmap.de/api/interpreter","osm_url":"https://www.openstreetmap.org/way/1355358827","license":"ODbL 1.0","attribution":"© OpenStreetMap contributors","fetched_at":"2026-08-18T15:08:41.735626+00:00","query_hash":"3129ece2af88c320e6611b4f1007771fc999bb2a7d147e9ed754f25a5cd4e3d7","coverage_note":"incomplete_crowdsourced","raw_tags":{"communication":"line","location":"underwater","name":"Great Belt 2","operator":"Telia Denmark","seamark:cable_submarine:category":"fibre_optic","seamark:type":"cable_submarine","submarine":"yes"},"coord_qc_status":"openinframap_z2_generalized","geometry_source":"OpenInfraMap z2 vector tiles (OSM-derived, generalized)"}},{"type":"Feature","geometry":{"type":"LineString","coordinates":[[10.26123,55.936895],[10.568848,55.862982]]},"properties":{"osm_type":"way","osm_id":"1355358828","source_id":"osm:way/1355358828","name":"Hou-Sælvig","operator":"Arelion","owner":"","cable_type":"crowd_telecom","status":"unknown","source":"OpenStreetMap","source_url":"https://gall.openstreetmap.de/api/interpreter","osm_url":"https://www.openstreetmap.org/way/1355358828","license":"ODbL 1.0","attribution":"© OpenStreetMap contributors","fetched_at":"2026-08-18T15:08:41.735626+00:00","query_hash":"3129ece2af88c320e6611b4f1007771fc999bb2a7d147e9ed754f25a5cd4e3d7","coverage_note":"incomplete_crowdsourced","raw_tags":{"communication":"line","location":"underwater","name":"Hou-Sælvig","operator":"Arelion","seamark:cable_submarine:category":"fibre_optic","seamark:type":"cable_submarine","submarine":"yes"},"coord_qc_status":"openinframap_z2_generalized","geometry_source":"OpenInfraMap z2 vector tiles (OSM-derived, generalized)"}},{"type":"Feature","geometry":{"type":"LineString","coordinates":[[21.005859,56.571589],[20.720215,56.559482],[20.67627,56.316537],[20.698242,56.133307],[20.852051,56.022948],[21.071777,56.022948]]},"properties":{"osm_type":"way","osm_id":"1355358829","source_id":"osm:way/1355358829","name":"BCS East","operator":"Arelion","owner":"","cable_type":"crowd_telecom","status":"unknown","source":"OpenStreetMap","source_url":"https://gall.openstreetmap.de/api/interpreter","osm_url":"https://www.openstreetmap.org/way/1355358829","license":"ODbL 1.0","attribution":"© OpenStreetMap contributors","fetched_at":"2026-08-18T15:08:41.735626+00:00","query_hash":"3129ece2af88c320e6611b4f1007771fc999bb2a7d147e9ed754f25a5cd4e3d7","coverage_note":"incomplete_crowdsourced","raw_tags":{"communication":"line","location":"underwater","name":"BCS East","operator":"Arelion","seamark:cable_submarine:category":"fibre_optic","seamark:type":"cable_submarine","start_date":"1995","submarine":"yes"},"coord_qc_status":"openinframap_z2_generalized","geometry_source":"OpenInfraMap z2 vector tiles (OSM-derived, generalized)"}},{"type":"Feature","geometry":{"type":"LineString","coordinates":[[12.678223,55.590763],[12.897949,55.541065]]},"properties":{"osm_type":"way","osm_id":"1355358830","source_id":"osm:way/1355358830","name":"Scandinavian Ring South","operator":"Arelion","owner":"","cable_type":"crowd_telecom","status":"unknown","source":"OpenStreetMap","source_url":"https://gall.openstreetmap.de/api/interpreter","osm_url":"https://www.openstreetmap.org/way/1355358830","license":"ODbL 1.0","attribution":"© OpenStreetMap contributors","fetched_at":"2026-08-18T15:08:41.735626+00:00","query_hash":"3129ece2af88c320e6611b4f1007771fc999bb2a7d147e9ed754f25a5cd4e3d7","coverage_note":"incomplete_crowdsourced","raw_tags":{"communication":"line","location":"underwater","name":"Scandinavian Ring South","operator":"Arelion","seamark:cable_submarine:category":"fibre_optic","seamark:type":"cable_submarine","start_date":"2000","submarine":"yes"},"coord_qc_status":"openinframap_z2_generalized","geometry_source":"OpenInfraMap z2 vector tiles (OSM-derived, generalized)"}},{"type":"Feature","geometry":{"type":"LineString","coordinates":[[11.206055,54.508327],[11.337891,54.661124]]},"properties":{"osm_type":"way","osm_id":"1355358832","source_id":"osm:way/1355358832","name":"Fehmarn Belt","operator":"Arelion","owner":"","cable_type":"crowd_telecom","status":"unknown","source":"OpenStreetMap","source_url":"https://gall.openstreetmap.de/api/interpreter","osm_url":"https://www.openstreetmap.org/way/1355358832","license":"ODbL 1.0","attribution":"© OpenStreetMap contributors","fetched_at":"2026-08-18T15:08:41.735626+00:00","query_hash":"3129ece2af88c320e6611b4f1007771fc999bb2a7d147e9ed754f25a5cd4e3d7","coverage_note":"incomplete_crowdsourced","raw_tags":{"communication":"line","location":"underwater","name":"Fehmarn Belt","operator":"Arelion","seamark:cable_submarine:category":"fibre_optic","seamark:type":"cable_submarine","start_date":"2000","submarine":"yes"},"coord_qc_status":"openinframap_z2_generalized","geometry_source":"OpenInfraMap z2 vector tiles (OSM-derived, generalized)"}},{"type":"Feature","geometry":{"type":"LineString","coordinates":[[10.634766,55.788929],[10.876465,55.739482]]},"properties":{"osm_type":"way","osm_id":"1355358833","source_id":"osm:way/1355358833","name":"Ballen-Røsnæs","operator":"Arelion","owner":"","cable_type":"crowd_telecom","status":"unknown","source":"OpenStreetMap","source_url":"https://gall.openstreetmap.de/api/interpreter","osm_url":"https://www.openstreetmap.org/way/1355358833","license":"ODbL 1.0","attribution":"© OpenStreetMap contributors","fetched_at":"2026-08-18T15:08:41.735626+00:00","query_hash":"3129ece2af88c320e6611b4f1007771fc999bb2a7d147e9ed754f25a5cd4e3d7","coverage_note":"incomplete_crowdsourced","raw_tags":{"communication":"line","location":"underwater","name":"Ballen-Røsnæs","operator":"Arelion","seamark:cable_submarine:category":"fibre_optic","seamark:type":"cable_submarine","submarine":"yes"},"coord_qc_status":"openinframap_z2_generalized","geometry_source":"OpenInfraMap z2 vector tiles (OSM-derived, generalized)"}},{"type":"Feature","geometry":{"type":"LineString","coordinates":[[37.243652,19.642588],[38.100586,20.653346],[39.155273,21.453069]]},"properties":{"osm_type":"way","osm_id":"1465407269","source_id":"osm:way/1465407269","name":"Saudi Arabia-Sudan-1 (SAS-1)","operator":"","owner":"","cable_type":"crowd_telecom","status":"unknown","source":"OpenStreetMap","source_url":"https://gall.openstreetmap.de/api/interpreter","osm_url":"https://www.openstreetmap.org/way/1465407269","license":"ODbL 1.0","attribution":"© OpenStreetMap contributors","fetched_at":"2026-08-18T15:08:41.735626+00:00","query_hash":"3129ece2af88c320e6611b4f1007771fc999bb2a7d147e9ed754f25a5cd4e3d7","coverage_note":"incomplete_crowdsourced","raw_tags":{"communication":"line","location":"underwater","name":"Saudi Arabia-Sudan-1 (SAS-1)","seamark:type":"cable_submarine","submarine":"yes","wikidata":"Q137733776"},"coord_qc_status":"openinframap_z2_generalized","geometry_source":"OpenInfraMap z2 vector tiles (OSM-derived, generalized)"}},{"type":"Feature","geometry":{"type":"LineString","coordinates":[[14.501953,35.924645],[15.073242,35.924645],[15.534668,36.155618],[15.908203,36.879621],[15.754395,37.230328],[15.095215,37.492294]]},"properties":{"osm_type":"way","osm_id":"1465409150","source_id":"osm:way/1465409150","name":"Epic Malta-Sicily Cable System (EMSCS)","operator":"","owner":"","cable_type":"crowd_telecom","status":"unknown","source":"OpenStreetMap","source_url":"https://gall.openstreetmap.de/api/interpreter","osm_url":"https://www.openstreetmap.org/way/1465409150","license":"ODbL 1.0","attribution":"© OpenStreetMap contributors","fetched_at":"2026-08-18T15:08:41.735626+00:00","query_hash":"3129ece2af88c320e6611b4f1007771fc999bb2a7d147e9ed754f25a5cd4e3d7","coverage_note":"incomplete_crowdsourced","raw_tags":{"communication":"line","location":"underwater","name":"Epic Malta-Sicily Cable System (EMSCS)","seamark:type":"cable_submarine","submarine":"yes","wikidata":"Q137733843"},"coord_qc_status":"openinframap_z2_generalized","geometry_source":"OpenInfraMap z2 vector tiles (OSM-derived, generalized)"}},{"type":"Feature","geometry":{"type":"LineString","coordinates":[[-135.32959,59.456243],[-135.461426,59.277108],[-135.153809,58.756805],[-134.780273,58.390197]]},"properties":{"osm_type":"way","osm_id":"1465411767","source_id":"osm:way/1465411767","name":"Lynn Canal Fiber","operator":"","owner":"","cable_type":"crowd_telecom","status":"unknown","source":"OpenStreetMap","source_url":"https://gall.openstreetmap.de/api/interpreter","osm_url":"https://www.openstreetmap.org/way/1465411767","license":"ODbL 1.0","attribution":"© OpenStreetMap contributors","fetched_at":"2026-08-18T15:08:41.735626+00:00","query_hash":"3129ece2af88c320e6611b4f1007771fc999bb2a7d147e9ed754f25a5cd4e3d7","coverage_note":"incomplete_crowdsourced","raw_tags":{"communication":"line","location":"underwater","name":"Lynn Canal Fiber","seamark:type":"cable_submarine","submarine":"yes","wikidata":"Q137733893"},"coord_qc_status":"openinframap_z2_generalized","geometry_source":"OpenInfraMap z2 vector tiles (OSM-derived, generalized)"}},{"type":"Feature","geometry":{"type":"LineString","coordinates":[[-0.285645,39.453161],[2.39502,39.3173],[2.614746,39.53794]]},"properties":{"osm_type":"way","osm_id":"1465413915","source_id":"osm:way/1465413915","name":"Balalink","operator":"","owner":"","cable_type":"crowd_telecom","status":"unknown","source":"OpenStreetMap","source_url":"https://gall.openstreetmap.de/api/interpreter","osm_url":"https://www.openstreetmap.org/way/1465413915","license":"ODbL 1.0","attribution":"© OpenStreetMap contributors","fetched_at":"2026-08-18T15:08:41.735626+00:00","query_hash":"3129ece2af88c320e6611b4f1007771fc999bb2a7d147e9ed754f25a5cd4e3d7","coverage_note":"incomplete_crowdsourced","raw_tags":{"communication":"line","location":"underwater","name":"Balalink","seamark:type":"cable_submarine","submarine":"yes","wikidata":"Q137733954"},"coord_qc_status":"openinframap_z2_generalized","geometry_source":"OpenInfraMap z2 vector tiles (OSM-derived, generalized)"}},{"type":"Feature","geometry":{"type":"LineString","coordinates":[[-27.949219,39.010648],[-28.125,38.908133],[-28.806152,39.010648],[-31.113281,39.67337],[-31.135254,39.470125],[-30.60791,39.35129],[-29.707031,38.651198],[-28.806152,38.393339],[-28.630371,38.530979]]},"properties":{"osm_type":"way","osm_id":"1465419841","source_id":"osm:way/1465419841","name":"Flores-Corvo Cable System","operator":"","owner":"","cable_type":"crowd_telecom","status":"unknown","source":"OpenStreetMap","source_url":"https://gall.openstreetmap.de/api/interpreter","osm_url":"https://www.openstreetmap.org/way/1465419841","license":"ODbL 1.0","attribution":"© OpenStreetMap contributors","fetched_at":"2026-08-18T15:08:41.735626+00:00","query_hash":"3129ece2af88c320e6611b4f1007771fc999bb2a7d147e9ed754f25a5cd4e3d7","coverage_note":"incomplete_crowdsourced","raw_tags":{"communication":"line","location":"underwater","name":"Flores-Corvo Cable System","seamark:type":"cable_submarine","submarine":"yes","wikidata":"Q137733972"},"coord_qc_status":"openinframap_z2_generalized","geometry_source":"OpenInfraMap z2 vector tiles (OSM-derived, generalized)"}},{"type":"Feature","geometry":{"type":"LineString","coordinates":[[33.925781,35.281501],[34.189453,35.227672],[34.870605,35.424868],[35.947266,36.049099]]},"properties":{"osm_type":"way","osm_id":"1465421412","source_id":"osm:way/1465421412","name":"Turcyos-2","operator":"","owner":"","cable_type":"crowd_telecom","status":"unknown","source":"OpenStreetMap","source_url":"https://gall.openstreetmap.de/api/interpreter","osm_url":"https://www.openstreetmap.org/way/1465421412","license":"ODbL 1.0","attribution":"© OpenStreetMap contributors","fetched_at":"2026-08-18T15:08:41.735626+00:00","query_hash":"3129ece2af88c320e6611b4f1007771fc999bb2a7d147e9ed754f25a5cd4e3d7","coverage_note":"incomplete_crowdsourced","raw_tags":{"communication":"line","location":"underwater","name":"Turcyos-2","seamark:type":"cable_submarine","submarine":"yes","wikidata":"Q137734148"},"coord_qc_status":"openinframap_z2_generalized","geometry_source":"OpenInfraMap z2 vector tiles (OSM-derived, generalized)"}},{"type":"Feature","geometry":{"type":"LineString","coordinates":[[-66.027832,18.437925],[-65.258789,18.895893],[-64.313965,18.791918],[-63.896484,18.687879],[-63.061523,18.020528]]},"properties":{"osm_type":"way","osm_id":"1465427301","source_id":"osm:way/1465427301","name":"Sint Maarten Puerto Rico Network One (SMPR-1)","operator":"","owner":"","cable_type":"crowd_telecom","status":"unknown","source":"OpenStreetMap","source_url":"https://gall.openstreetmap.de/api/interpreter","osm_url":"https://www.openstreetmap.org/way/1465427301","license":"ODbL 1.0","attribution":"© OpenStreetMap contributors","fetched_at":"2026-08-18T15:08:41.735626+00:00","query_hash":"3129ece2af88c320e6611b4f1007771fc999bb2a7d147e9ed754f25a5cd4e3d7","coverage_note":"incomplete_crowdsourced","raw_tags":{"communication":"line","location":"underwater","name":"Sint Maarten Puerto Rico Network One (SMPR-1)","seamark:type":"cable_submarine","submarine":"yes","wikidata":"Q7391278"},"coord_qc_status":"openinframap_z2_generalized","geometry_source":"OpenInfraMap z2 vector tiles (OSM-derived, generalized)"}},{"type":"Feature","geometry":{"type":"LineString","coordinates":[[167.145996,-20.776659],[166.838379,-20.899871],[166.486816,-20.715015],[166.025391,-20.920397],[165.344238,-20.94092]]},"properties":{"osm_type":"way","osm_id":"1465429556","source_id":"osm:way/1465429556","name":"Gondwana-1","operator":"","owner":"","cable_type":"crowd_telecom","status":"unknown","source":"OpenStreetMap","source_url":"https://gall.openstreetmap.de/api/interpreter","osm_url":"https://www.openstreetmap.org/way/1465429556","license":"ODbL 1.0","attribution":"© OpenStreetMap contributors","fetched_at":"2026-08-18T15:08:41.735626+00:00","query_hash":"3129ece2af88c320e6611b4f1007771fc999bb2a7d147e9ed754f25a5cd4e3d7","coverage_note":"incomplete_crowdsourced","raw_tags":{"communication":"line","location":"underwater","name":"Gondwana-1","seamark:type":"cable_submarine","submarine":"yes","wikidata":"Q5581482"},"coord_qc_status":"openinframap_z2_generalized","geometry_source":"OpenInfraMap z2 vector tiles (OSM-derived, generalized)"}},{"type":"Feature","geometry":{"type":"LineString","coordinates":[[151.303711,-33.706063],[154.819336,-32.212801],[157.478027,-28.709861],[165.541992,-22.69512],[166.464844,-22.289096]]},"properties":{"osm_type":"way","osm_id":"1465429557","source_id":"osm:way/1465429557","name":"Gondwana-1","operator":"","owner":"","cable_type":"crowd_telecom","status":"unknown","source":"OpenStreetMap","source_url":"https://gall.openstreetmap.de/api/interpreter","osm_url":"https://www.openstreetmap.org/way/1465429557","license":"ODbL 1.0","attribution":"© OpenStreetMap contributors","fetched_at":"2026-08-18T15:08:41.735626+00:00","query_hash":"3129ece2af88c320e6611b4f1007771fc999bb2a7d147e9ed754f25a5cd4e3d7","coverage_note":"incomplete_crowdsourced","raw_tags":{"communication":"line","location":"underwater","name":"Gondwana-1","seamark:type":"cable_submarine","submarine":"yes","wikidata":"Q5581482"},"coord_qc_status":"openinframap_z2_generalized","geometry_source":"OpenInfraMap z2 vector tiles (OSM-derived, generalized)"}},{"type":"Feature","geometry":{"type":"LineString","coordinates":[[-9.008789,53.265213],[-9.51416,53.159947],[-10.83252,53.265213],[-11.843262,54.033586],[-12.502441,55.14121],[-12.524414,58.539595],[-13.579102,59.456243],[-21.269531,60.898388],[-22.653809,63.005134],[-22.214355,63.5779],[-21.335449,63.821288],[-21.357422,63.869715]]},"properties":{"osm_type":"way","osm_id":"1465432862","source_id":"osm:way/1465432862","name":"IRIS","operator":"","owner":"","cable_type":"crowd_telecom","status":"unknown","source":"OpenStreetMap","source_url":"https://gall.openstreetmap.de/api/interpreter","osm_url":"https://www.openstreetmap.org/way/1465432862","license":"ODbL 1.0","attribution":"© OpenStreetMap contributors","fetched_at":"2026-08-18T15:08:41.735626+00:00","query_hash":"3129ece2af88c320e6611b4f1007771fc999bb2a7d147e9ed754f25a5cd4e3d7","coverage_note":"incomplete_crowdsourced","raw_tags":{"communication":"line","location":"underwater","name":"IRIS","seamark:type":"cable_submarine","submarine":"yes","wikidata":"Q137734410"},"coord_qc_status":"openinframap_z2_generalized","geometry_source":"OpenInfraMap z2 vector tiles (OSM-derived, generalized)"}},{"type":"Feature","geometry":{"type":"MultiLineString","coordinates":[[[-74.003906,40.195659],[-64.995117,32.528289],[-35.463867,1.098565],[-34.453125,-5.615986]],[[-39.484863,5.615986],[-35.463867,1.098565],[-32.211914,-20.179724],[-42.1875,-26.588527],[-46.428223,-24.026397]]]},"properties":{"osm_type":"way","osm_id":"1465437647","source_id":"osm:way/1465437647","name":"Seabras-1","operator":"","owner":"","cable_type":"crowd_telecom","status":"unknown","source":"OpenStreetMap","source_url":"https://gall.openstreetmap.de/api/interpreter","osm_url":"https://www.openstreetmap.org/way/1465437647","license":"ODbL 1.0","attribution":"© OpenStreetMap contributors","fetched_at":"2026-08-18T15:08:41.735626+00:00","query_hash":"3129ece2af88c320e6611b4f1007771fc999bb2a7d147e9ed754f25a5cd4e3d7","coverage_note":"incomplete_crowdsourced","raw_tags":{"communication":"line","location":"underwater","name":"Seabras-1","seamark:type":"cable_submarine","submarine":"yes","wikidata":"Q17127341"},"coord_qc_status":"openinframap_z2_generalized","geometry_source":"OpenInfraMap z2 vector tiles (OSM-derived, generalized)"}},{"type":"Feature","geometry":{"type":"LineString","coordinates":[[20.610352,55.354135],[20.43457,54.952386]]},"properties":{"osm_type":"way","osm_id":"1500296393","source_id":"osm:way/1500296393","name":"Baltika (Kingisepp - Kaliningrad)","operator":"Rostelecom","owner":"","cable_type":"crowd_telecom","status":"unknown","source":"OpenStreetMap","source_url":"https://gall.openstreetmap.de/api/interpreter","osm_url":"https://www.openstreetmap.org/way/1500296393","license":"ODbL 1.0","attribution":"© OpenStreetMap contributors","fetched_at":"2026-08-18T15:08:41.735626+00:00","query_hash":"3129ece2af88c320e6611b4f1007771fc999bb2a7d147e9ed754f25a5cd4e3d7","coverage_note":"incomplete_crowdsourced","raw_tags":{"communication":"line","location":"underwater","name":"Baltika (Kingisepp - Kaliningrad)","operator":"Rostelecom","seamark:cable_submarine:category":"fibre_optic","seamark:type":"cable_submarine","start_date":"2021","submarine":"yes"},"coord_qc_status":"openinframap_z2_generalized","geometry_source":"OpenInfraMap z2 vector tiles (OSM-derived, generalized)"}},{"type":"Feature","geometry":{"type":"LineString","coordinates":[[28.081055,59.512029],[26.938477,59.712097],[26.477051,59.944007]]},"properties":{"osm_type":"way","osm_id":"1514020268","source_id":"osm:way/1514020268","name":"Baltika (Kingisepp - Kaliningrad)","operator":"Rostelecom","owner":"","cable_type":"crowd_telecom","status":"unknown","source":"OpenStreetMap","source_url":"https://gall.openstreetmap.de/api/interpreter","osm_url":"https://www.openstreetmap.org/way/1514020268","license":"ODbL 1.0","attribution":"© OpenStreetMap contributors","fetched_at":"2026-08-18T15:08:41.735626+00:00","query_hash":"3129ece2af88c320e6611b4f1007771fc999bb2a7d147e9ed754f25a5cd4e3d7","coverage_note":"incomplete_crowdsourced","raw_tags":{"communication":"line","location":"underwater","name":"Baltika (Kingisepp - Kaliningrad)","operator":"Rostelecom","seamark:cable_submarine:category":"fibre_optic","seamark:type":"cable_submarine","start_date":"2021","submarine":"yes"},"coord_qc_status":"openinframap_z2_generalized","geometry_source":"OpenInfraMap z2 vector tiles (OSM-derived, generalized)"}}]}