{"type":"FeatureCollection","features":[{"type":"Feature","geometry":{"type":"Point","coordinates":[121.526446,25.045578]},"properties":{"venue_id":"pv_956ddca59a","venue_name":"1980室內樂集","address":"臺北市中正區北平東路30-1號2樓","city":"臺北市","event_count":1,"show_count":32,"coord_source":"api_mode","precision":"","lon":121.526446,"lat":25.045578}},{"type":"Feature","geometry":{"type":"Point","coordinates":[121.4970294,22.6662623]},"properties":{"venue_id":"pv_af2c0d8bc3","venue_name":"𝟐𝟎𝟐𝟲 人權之夏 威權象徵不義遺址綠島小旅行【A場次】","address":"國家人權博物館白色恐怖綠島園區（臺東縣綠島鄉公館村將軍岩20號）","city":"臺東縣","event_count":1,"show_count":1,"coord_source":"geocode","precision":"approximate","lon":121.4970294,"lat":22.6662623}},{"type":"Feature","geometry":{"type":"Point","coordinates":[121.4970294,22.6662623]},"properties":{"venue_id":"pv_00c223dbf8","venue_name":"𝟐𝟎𝟐𝟲 人權之夏 威權象徵不義遺址綠島小旅行【B場次】","address":"國家人權博物館白色恐怖綠島園區（臺東縣綠島鄉公館村將軍岩20號）","city":"臺東縣","event_count":1,"show_count":1,"coord_source":"geocode","precision":"approximate","lon":121.4970294,"lat":22.6662623}},{"type":"Feature","geometry":{"type":"Point","coordinates":[121.4970294,22.6662623]},"properties":{"venue_id":"pv_55c9d2fb2f","venue_name":"𝟐𝟎𝟐𝟲 人權之夏 草地音樂日 × 市集","address":"國家人權博物館白色恐怖綠島園區（臺東縣綠島鄉公館村將軍岩20號）","city":"臺東縣","event_count":1,"show_count":1,"coord_source":"geocode","precision":"approximate","lon":121.4970294,"lat":22.6662623}},{"type":"Feature","geometry":{"type":"Point","coordinates":[121.5181024,25.0351985]},"properties":{"venue_id":"pv_dd6c06a578","venue_name":"2026台新新光金控兩廳院夏日爵士戶外派對","address":"中正區中山南路21之1號","city":"","event_count":1,"show_count":2,"coord_source":"geocode","precision":"exact","lon":121.5181024,"lat":25.0351985}},{"type":"Feature","geometry":{"type":"Point","coordinates":[121.4618415,25.0114095]},"properties":{"venue_id":"pv_96fc13ec75","venue_name":"2026第34屆虎門科技 CAE 技術大會頒獎","address":"板橋區","city":"","event_count":1,"show_count":1,"coord_source":"geocode","precision":"approximate","lon":121.4618415,"lat":25.0114095}},{"type":"Feature","geometry":{"type":"Point","coordinates":[120.7210598,24.1663303]},"properties":{"venue_id":"pv_d5b0ce1031","venue_name":"74藝術中心","address":"臺中市北屯區環中東路二段597號","city":"臺中市","event_count":1,"show_count":1,"coord_source":"geocode","precision":"exact","lon":120.7210598,"lat":24.1663303}},{"type":"Feature","geometry":{"type":"Point","coordinates":[121.3694987,25.0601301]},"properties":{"venue_id":"pv_e9c759a494","venue_name":"A8藝文中心","address":"桃園市龜山區復興一路8號3樓","city":"桃園市","event_count":1,"show_count":1,"coord_source":"geocode","precision":"exact","lon":121.3694987,"lat":25.0601301}},{"type":"Feature","geometry":{"type":"Point","coordinates":[121.500032,25.131174]},"properties":{"venue_id":"pv_a7593a9a1d","venue_name":"ART BAR 藝術家的酒吧","address":"臺北市北投區中央南路一段102巷34號","city":"臺北市","event_count":1,"show_count":5,"coord_source":"api_mode","precision":"","lon":121.500032,"lat":25.131174}},{"type":"Feature","geometry":{"type":"Point","coordinates":[121.571013,25.045487]},"properties":{"venue_id":"pv_21a8a7af4b","venue_name":"A_SPACE","address":"臺北市信義區永吉路168號B1","city":"臺北市","event_count":1,"show_count":5,"coord_source":"api_mode","precision":"","lon":121.571013,"lat":25.045487}},{"type":"Feature","geometry":{"type":"Point","coordinates":[121.544105,25.064929]},"properties":{"venue_id":"pv_77e052aa6a","venue_name":"Comedy Plus 卡米地＋","address":"臺北市中山區復興北路480號","city":"臺北市","event_count":3,"show_count":11,"coord_source":"api_mode","precision":"","lon":121.544105,"lat":25.064929}},{"type":"Feature","geometry":{"type":"Point","coordinates":[121.58261462980235,25.046904104328792]},"properties":{"venue_id":"pv_17cdd6e11f","venue_name":"Corner House 角落文創展演空間","address":"115臺北市南港區合成里忠孝東路六段21號1樓","city":"臺北市","event_count":1,"show_count":2,"coord_source":"geocode","precision":"cached","lon":121.58261462980235,"lat":25.046904104328792}},{"type":"Feature","geometry":{"type":"Point","coordinates":[120.6232211,24.1766372]},"properties":{"venue_id":"pv_6f4decfcc6","venue_name":"Legacy Taichung 音樂展演空間","address":"臺中市西屯區安和路117號","city":"臺中市","event_count":3,"show_count":3,"coord_source":"geocode","precision":"exact","lon":120.6232211,"lat":24.1766372}},{"type":"Feature","geometry":{"type":"Point","coordinates":[120.623088,24.176601]},"properties":{"venue_id":"pv_93574958a8","venue_name":"Legacy Taichung傳音樂展演空間","address":"臺中市西屯區安和路117號","city":"臺中市","event_count":1,"show_count":1,"coord_source":"api_mode","precision":"","lon":120.623088,"lat":24.176601}},{"type":"Feature","geometry":{"type":"Point","coordinates":[121.5441811,25.0474028]},"properties":{"venue_id":"pv_54dbd19392","venue_name":"MOONDOG（微風廣場9樓）","address":"松山區復興南路一段39號9樓","city":"","event_count":1,"show_count":1,"coord_source":"geocode","precision":"exact","lon":121.5441811,"lat":25.0474028}},{"type":"Feature","geometry":{"type":"Point","coordinates":[121.557052,25.082279]},"properties":{"venue_id":"pv_5d9bf386a8","venue_name":"NOKE忠泰樂生活 3樓大階梯","address":"臺北市中山區金泰里樂群三路200號","city":"臺北市","event_count":1,"show_count":2,"coord_source":"api_mode","precision":"","lon":121.557052,"lat":25.082279}},{"type":"Feature","geometry":{"type":"Point","coordinates":[121.562029,25.031008]},"properties":{"venue_id":"pv_a204118ff8","venue_name":"PLAYground 南村劇場．青鳥．有.設計","address":"臺北市信義區松勤街56號","city":"臺北市","event_count":1,"show_count":12,"coord_source":"api_mode","precision":"","lon":121.562029,"lat":25.031008}},{"type":"Feature","geometry":{"type":"Point","coordinates":[120.1964522,22.9948212]},"properties":{"venue_id":"pv_c4b460f8ad","venue_name":"Seme Studio d'Arte","address":"中西區民生路一段157巷41之2號 2F","city":"","event_count":1,"show_count":2,"coord_source":"geocode","precision":"approximate","lon":120.1964522,"lat":22.9948212}},{"type":"Feature","geometry":{"type":"Point","coordinates":[120.6472608,24.1600178]},"properties":{"venue_id":"pv_befa152467","venue_name":"THE 201 ART 順天建築 • 文化 • 藝術中心","address":"西屯區文心路二段201號B2F","city":"","event_count":1,"show_count":2,"coord_source":"geocode","precision":"exact","lon":120.6472608,"lat":24.1600178}},{"type":"Feature","geometry":{"type":"Point","coordinates":[121.533287,25.015118]},"properties":{"venue_id":"pv_966de4d150","venue_name":"The Misanthrope Society 厭世會社","address":"中正區羅斯福路四段40巷1-2號一樓","city":"","event_count":1,"show_count":2,"coord_source":"geocode","precision":"exact","lon":121.533287,"lat":25.015118}},{"type":"Feature","geometry":{"type":"Point","coordinates":[120.285702,22.618405]},"properties":{"venue_id":"pv_34d2314c45","venue_name":"VR體感劇院","address":"高雄市鹽埕區大義街駁二大義區C9倉庫","city":"高雄市","event_count":1,"show_count":1,"coord_source":"api_mode","precision":"","lon":120.285702,"lat":22.618405}},{"type":"Feature","geometry":{"type":"Point","coordinates":[120.285702,22.618405]},"properties":{"venue_id":"pv_15247fd396","venue_name":"VR體感劇院 360影廳","address":"高雄市鹽埕區大義街駁二大義區C9倉庫","city":"高雄市","event_count":4,"show_count":529,"coord_source":"api_mode","precision":"","lon":120.285702,"lat":22.618405}},{"type":"Feature","geometry":{"type":"Point","coordinates":[120.285702,22.618405]},"properties":{"venue_id":"pv_ec6174c85e","venue_name":"VR體感劇院 互動展演區","address":"高雄市鹽埕區大義街駁二大義區C9倉庫","city":"高雄市","event_count":2,"show_count":640,"coord_source":"api_mode","precision":"","lon":120.285702,"lat":22.618405}},{"type":"Feature","geometry":{"type":"Point","coordinates":[121.507361,25.042828]},"properties":{"venue_id":"pv_f624341628","venue_name":"WESTAR","address":"台北市萬華區漢中街116號8樓 (西門捷運站6號出口)","city":"臺北市","event_count":1,"show_count":1,"coord_source":"api_mode","precision":"","lon":121.507361,"lat":25.042828}},{"type":"Feature","geometry":{"type":"Point","coordinates":[121.52545,25.088135]},"properties":{"venue_id":"pv_193d6e7855","venue_name":"Wake Up bar","address":"臺北市士林區安平街5巷11號1樓","city":"臺北市","event_count":1,"show_count":5,"coord_source":"api_mode","precision":"","lon":121.52545,"lat":25.088135}},{"type":"Feature","geometry":{"type":"Point","coordinates":[119.5677657,23.5722842]},"properties":{"venue_id":"pv_8131dd75d5","venue_name":"Yi coffee 逸咖啡","address":"澎湖縣馬公市忠孝路42號","city":"澎湖縣","event_count":1,"show_count":4,"coord_source":"geocode","precision":"exact","lon":119.5677657,"lat":23.5722842}},{"type":"Feature","geometry":{"type":"Point","coordinates":[121.5638621,25.0541591]},"properties":{"venue_id":"pv_931c9cf363","venue_name":"Zoom會議室","address":"松山區","city":"","event_count":2,"show_count":4,"coord_source":"geocode","precision":"approximate","lon":121.5638621,"lat":25.0541591}},{"type":"Feature","geometry":{"type":"Point","coordinates":[121.540166,25.048517]},"properties":{"venue_id":"pv_27a55ced06","venue_name":"io dynamic 台北館","address":"臺北市中山區長安東路二段163-1號2樓","city":"臺北市","event_count":1,"show_count":4,"coord_source":"api_mode","precision":"","lon":121.540166,"lat":25.048517}},{"type":"Feature","geometry":{"type":"Point","coordinates":[121.521879,25.0650029]},"properties":{"venue_id":"pv_d6108410c0","venue_name":"platform A","address":"臺北市platform A 網站","city":"臺北市","event_count":1,"show_count":1,"coord_source":"geocode","precision":"exact","lon":121.521879,"lat":25.0650029}},{"type":"Feature","geometry":{"type":"Point","coordinates":[121.5532471,25.0409786]},"properties":{"venue_id":"pv_2de9cb9b85","venue_name":"《吟遊於母星之間》曾詩涵個展","address":"忠孝東路四段218-6號2樓","city":"","event_count":1,"show_count":3,"coord_source":"geocode","precision":"exact","lon":121.5532471,"lat":25.0409786}},{"type":"Feature","geometry":{"type":"Point","coordinates":[121.46703529172748,25.02077680459972]},"properties":{"venue_id":"pv_a8f443c7ee","venue_name":"《定格微光》線上攝影展","address":"新北市板橋區文化路一段266號12樓之1","city":"新北市","event_count":1,"show_count":3,"coord_source":"geocode","precision":"cached","lon":121.46703529172748,"lat":25.02077680459972}},{"type":"Feature","geometry":{"type":"Point","coordinates":[120.343699,23.5598934]},"properties":{"venue_id":"pv_9516badcf6","venue_name":"【兒童書展】交朋友","address":"新港鄉新中路305號","city":"","event_count":1,"show_count":3,"coord_source":"geocode","precision":"exact","lon":120.343699,"lat":23.5598934}},{"type":"Feature","geometry":{"type":"Point","coordinates":[119.428611,23.208056]},"properties":{"venue_id":"pv_674a833693","venue_name":"七美鄉老人文康活動中心","address":"澎湖縣七美鄉55號","city":"澎湖縣","event_count":1,"show_count":1,"coord_source":"geocode","precision":"approximate","lon":119.428611,"lat":23.208056}},{"type":"Feature","geometry":{"type":"Point","coordinates":[120.3262535,22.6483444]},"properties":{"venue_id":"pv_d3c85899ca","venue_name":"三民區（高雄市）=","address":"高雄市三民區","city":"高雄市","event_count":2,"show_count":2,"coord_source":"geocode","precision":"approximate","lon":120.3262535,"lat":22.6483444}},{"type":"Feature","geometry":{"type":"Point","coordinates":[120.761181,24.405922]},"properties":{"venue_id":"pv_14bfe4305c","venue_name":"三義木雕博物館","address":"苗栗縣三義鄉廣聲新城88號","city":"苗栗縣","event_count":5,"show_count":5,"coord_source":"api_mode","precision":"","lon":120.761181,"lat":24.405922}},{"type":"Feature","geometry":{"type":"Point","coordinates":[120.769476,24.3892633]},"properties":{"venue_id":"pv_388b0da061","venue_name":"三義鄉（苗栗縣）=","address":"苗栗縣三義鄉","city":"苗栗縣","event_count":4,"show_count":4,"coord_source":"geocode","precision":"approximate","lon":120.769476,"lat":24.3892633}},{"type":"Feature","geometry":{"type":"Point","coordinates":[121.516479,25.050118]},"properties":{"venue_id":"pv_234415a685","venue_name":"不小心創作社","address":"臺北市大同區承德路一段8號4樓之3","city":"臺北市","event_count":1,"show_count":6,"coord_source":"api_mode","precision":"","lon":121.516479,"lat":25.050118}},{"type":"Feature","geometry":{"type":"Point","coordinates":[120.6818181,24.1402601]},"properties":{"venue_id":"pv_69fe668250","venue_name":"中區（臺中市）=","address":"臺中市中區","city":"臺中市","event_count":2,"show_count":2,"coord_source":"geocode","precision":"approximate","lon":120.6818181,"lat":24.1402601}},{"type":"Feature","geometry":{"type":"Point","coordinates":[121.2415834,24.9639779]},"properties":{"venue_id":"pv_7725de9390","venue_name":"中原文創園區","address":"桃園市中壢區忠仁路33號","city":"桃園市","event_count":1,"show_count":1,"coord_source":"geocode","precision":"exact","lon":121.2415834,"lat":24.9639779}},{"type":"Feature","geometry":{"type":"Point","coordinates":[121.241489,24.963562]},"properties":{"venue_id":"pv_3cb8ccb819","venue_name":"中原文創園區 1、2、3倉","address":"桃園市中壢區忠仁路33號","city":"桃園市","event_count":1,"show_count":1,"coord_source":"api_mode","precision":"","lon":121.241489,"lat":24.963562}},{"type":"Feature","geometry":{"type":"Point","coordinates":[120.9508282,24.0147831]},"properties":{"venue_id":"pv_c168446915","venue_name":"中台世界博物館","address":"埔里鎮中台路8號","city":"","event_count":3,"show_count":3,"coord_source":"geocode","precision":"exact","lon":120.9508282,"lat":24.0147831}},{"type":"Feature","geometry":{"type":"Point","coordinates":[120.9452258,24.0106547]},"properties":{"venue_id":"pv_385dab82fe","venue_name":"中台世界博物館木雕分館","address":"埔里鎮中台路6號","city":"","event_count":1,"show_count":1,"coord_source":"geocode","precision":"exact","lon":120.9452258,"lat":24.0106547}},{"type":"Feature","geometry":{"type":"Point","coordinates":[121.4853103,24.9962178]},"properties":{"venue_id":"pv_a5e9de39d2","venue_name":"中和區（新北市）=","address":"新北市中和區","city":"新北市","event_count":2,"show_count":2,"coord_source":"geocode","precision":"approximate","lon":121.4853103,"lat":24.9962178}},{"type":"Feature","geometry":{"type":"Point","coordinates":[121.19566958951351,24.975920021993886]},"properties":{"venue_id":"pv_296f72b424","venue_name":"中壢區（桃園市）=","address":"桃園市中壢區","city":"桃園市","event_count":13,"show_count":13,"coord_source":"geocode","precision":"cached","lon":121.19566958951351,"lat":24.975920021993886}},{"type":"Feature","geometry":{"type":"Point","coordinates":[121.227569,24.958223]},"properties":{"venue_id":"pv_ff751d1626","venue_name":"中壢藝術館音樂廳","address":"桃園市中壢區中美路16號","city":"桃園市","event_count":20,"show_count":26,"coord_source":"api_mode","precision":"","lon":121.227569,"lat":24.958223}},{"type":"Feature","geometry":{"type":"Point","coordinates":[120.880343,24.687534]},"properties":{"venue_id":"pv_09d4f6fb57","venue_name":"中山168","address":"苗栗縣竹南鎮中山路168-1號","city":"苗栗縣","event_count":1,"show_count":2,"coord_source":"api_mode","precision":"","lon":120.880343,"lat":24.687534}},{"type":"Feature","geometry":{"type":"Point","coordinates":[121.5427093,25.0792018]},"properties":{"venue_id":"pv_e338146d7f","venue_name":"中山區（臺北市）=","address":"臺北市中山區","city":"臺北市","event_count":11,"show_count":11,"coord_source":"geocode","precision":"approximate","lon":121.5427093,"lat":25.0792018}},{"type":"Feature","geometry":{"type":"Point","coordinates":[121.541103,25.046547]},"properties":{"venue_id":"pv_d63d75417f","venue_name":"中影八德大樓演講廳","address":"臺北市中山區八德路二段260號3樓","city":"臺北市","event_count":2,"show_count":4,"coord_source":"api_mode","precision":"","lon":121.541103,"lat":25.046547}},{"type":"Feature","geometry":{"type":"Point","coordinates":[121.5198716,25.0421407]},"properties":{"venue_id":"pv_5100ec77c6","venue_name":"中正區（臺北市）=","address":"臺北市中正區","city":"臺北市","event_count":1,"show_count":1,"coord_source":"geocode","precision":"approximate","lon":121.5198716,"lat":25.0421407}},{"type":"Feature","geometry":{"type":"Point","coordinates":[121.522604,25.035975]},"properties":{"venue_id":"pv_45b434dd26","venue_name":"中正紀念堂1展廳","address":"臺北市中正區中山南路21號","city":"臺北市","event_count":1,"show_count":1,"coord_source":"api_mode","precision":"","lon":121.522604,"lat":25.035975}},{"type":"Feature","geometry":{"type":"Point","coordinates":[121.569377,25.039686]},"properties":{"venue_id":"pv_2ad91183db","venue_name":"中油大樓國光會議廳","address":"臺北市信義區松仁路3號1樓","city":"臺北市","event_count":1,"show_count":2,"coord_source":"api_mode","precision":"","lon":121.569377,"lat":25.039686}},{"type":"Feature","geometry":{"type":"Point","coordinates":[120.697287,23.945112]},"properties":{"venue_id":"pv_4d72ce608d","venue_name":"中興會堂","address":"南投縣南投市光榮北路1號","city":"南投縣","event_count":2,"show_count":2,"coord_source":"api_mode","precision":"","lon":120.697287,"lat":23.945112}},{"type":"Feature","geometry":{"type":"Point","coordinates":[120.667499,24.142597]},"properties":{"venue_id":"pv_c091aa7a72","venue_name":"丰二三晨露廳","address":"臺中市西區梅川西路一段23號","city":"臺中市","event_count":3,"show_count":3,"coord_source":"api_mode","precision":"","lon":120.667499,"lat":24.142597}},{"type":"Feature","geometry":{"type":"Point","coordinates":[121.5163867,25.0686861]},"properties":{"venue_id":"pv_210b1b0553","venue_name":"也趣藝廊 AKI Gallery","address":"臺北市大同區民族西路141號","city":"臺北市","event_count":1,"show_count":1,"coord_source":"geocode","precision":"exact","lon":121.5163867,"lat":25.0686861}},{"type":"Feature","geometry":{"type":"Point","coordinates":[120.4011911,23.9141358]},"properties":{"venue_id":"pv_e8ebdf88ab","venue_name":"二林鎮（彰化縣）=","address":"彰化縣二林鎮","city":"彰化縣","event_count":1,"show_count":1,"coord_source":"geocode","precision":"approximate","lon":120.4011911,"lat":23.9141358}},{"type":"Feature","geometry":{"type":"Point","coordinates":[120.6160709,23.8115197]},"properties":{"venue_id":"pv_44ae8a997a","venue_name":"二水鄉（彰化縣）=","address":"彰化縣二水鄉","city":"彰化縣","event_count":1,"show_count":1,"coord_source":"geocode","precision":"approximate","lon":120.6160709,"lat":23.8115197}},{"type":"Feature","geometry":{"type":"Point","coordinates":[121.532602,25.058436]},"properties":{"venue_id":"pv_24ddffd149","venue_name":"二空間","address":"臺北市中山區松江路226巷6號","city":"臺北市","event_count":7,"show_count":34,"coord_source":"api_mode","precision":"","lon":121.532602,"lat":25.058436}},{"type":"Feature","geometry":{"type":"Point","coordinates":[121.4407843,25.0834442]},"properties":{"venue_id":"pv_c46ad16cd9","venue_name":"五股守讓堂","address":"新北市五股區新五路二段169號","city":"新北市","event_count":2,"show_count":2,"coord_source":"geocode","precision":"exact","lon":121.4407843,"lat":25.0834442}},{"type":"Feature","geometry":{"type":"Point","coordinates":[120.734995,24.044295]},"properties":{"venue_id":"pv_2a7238676f","venue_name":"亞洲大學現代美術館","address":"臺中市霧峰區柳豐路500號","city":"臺中市","event_count":2,"show_count":2,"coord_source":"api_mode","precision":"","lon":120.734995,"lat":24.044295}},{"type":"Feature","geometry":{"type":"Point","coordinates":[120.66606,24.157234]},"properties":{"venue_id":"pv_b8562707ec","venue_name":"人類文化廳二樓","address":"臺中市40453 臺中市北區館前路一號","city":"臺中市","event_count":1,"show_count":773,"coord_source":"api_mode","precision":"","lon":120.66606,"lat":24.157234}},{"type":"Feature","geometry":{"type":"Point","coordinates":[121.1252135,24.0213745]},"properties":{"venue_id":"pv_88c707cddf","venue_name":"仁愛鄉（南投縣）=","address":"南投縣仁愛鄉","city":"南投縣","event_count":1,"show_count":1,"coord_source":"geocode","precision":"approximate","lon":121.1252135,"lat":24.0213745}},{"type":"Feature","geometry":{"type":"Point","coordinates":[120.4982653,24.158174]},"properties":{"venue_id":"pv_4d848377d2","venue_name":"伸港鄉（彰化縣）=","address":"彰化縣伸港鄉","city":"彰化縣","event_count":1,"show_count":1,"coord_source":"geocode","precision":"approximate","lon":120.4982653,"lat":24.158174}},{"type":"Feature","geometry":{"type":"Point","coordinates":[120.6247208,22.4921661]},"properties":{"venue_id":"pv_337df5d202","venue_name":"來義鄉（屏東縣）=","address":"屏東縣來義鄉","city":"屏東縣","event_count":1,"show_count":1,"coord_source":"geocode","precision":"approximate","lon":120.6247208,"lat":22.4921661}},{"type":"Feature","geometry":{"type":"Point","coordinates":[121.5720055,25.0409201]},"properties":{"venue_id":"pv_baa483fba5","venue_name":"信義區（臺北市）=","address":"臺北市信義區","city":"臺北市","event_count":1,"show_count":1,"coord_source":"geocode","precision":"approximate","lon":121.5720055,"lat":25.0409201}},{"type":"Feature","geometry":{"type":"Point","coordinates":[120.9876321,23.6679756]},"properties":{"venue_id":"pv_367ada3f19","venue_name":"信義鄉（南投縣）=","address":"南投縣信義鄉","city":"南投縣","event_count":5,"show_count":5,"coord_source":"geocode","precision":"approximate","lon":120.9876321,"lat":23.6679756}},{"type":"Feature","geometry":{"type":"Point","coordinates":[121.514926,25.031199]},"properties":{"venue_id":"pv_2b6641673b","venue_name":"信誼好好生活廣場-知新劇場","address":"臺北市中正區重慶南路二段51號B1","city":"臺北市","event_count":2,"show_count":5,"coord_source":"api_mode","precision":"","lon":121.514926,"lat":25.031199}},{"type":"Feature","geometry":{"type":"Point","coordinates":[121.514774,25.049571]},"properties":{"venue_id":"pv_10cdb95d06","venue_name":"倏忽空間","address":"臺北市大同區太原路8巷3號","city":"臺北市","event_count":7,"show_count":23,"coord_source":"api_mode","precision":"","lon":121.514774,"lat":25.049571}},{"type":"Feature","geometry":{"type":"Point","coordinates":[120.5418421,24.0795216]},"properties":{"venue_id":"pv_2947fd1590","venue_name":"元清觀民藝館","address":"彰化縣彰化市陳稜路126號","city":"彰化縣","event_count":1,"show_count":1,"coord_source":"geocode","precision":"exact","lon":120.5418421,"lat":24.0795216}},{"type":"Feature","geometry":{"type":"Point","coordinates":[121.522156,25.053287]},"properties":{"venue_id":"pv_142a974dcf","venue_name":"光點台北電影院","address":"臺北市中山區中山北路二段18號","city":"臺北市","event_count":3,"show_count":6,"coord_source":"api_mode","precision":"","lon":121.522156,"lat":25.053287}},{"type":"Feature","geometry":{"type":"Point","coordinates":[121.5643296,25.0498385]},"properties":{"venue_id":"pv_6095bd215d","venue_name":"光點華山電影館","address":"中正區梅花里八德路一段1號","city":"","event_count":1,"show_count":1,"coord_source":"geocode","precision":"interpolated","lon":121.5643296,"lat":25.0498385}},{"type":"Feature","geometry":{"type":"Point","coordinates":[121.515369,25.098065]},"properties":{"venue_id":"pv_f92c425c5b","venue_name":"兒童新樂園-光XR實境樂園2F","address":"臺北市士林區承德路五段55號","city":"臺北市","event_count":1,"show_count":28,"coord_source":"api_mode","precision":"","lon":121.515369,"lat":25.098065}},{"type":"Feature","geometry":{"type":"Point","coordinates":[120.5663201,22.6151342]},"properties":{"venue_id":"pv_71592b9df4","venue_name":"內埔鄉（屏東縣）=","address":"屏東縣內埔鄉","city":"屏東縣","event_count":1,"show_count":1,"coord_source":"geocode","precision":"approximate","lon":120.5663201,"lat":22.6151342}},{"type":"Feature","geometry":{"type":"Point","coordinates":[120.2823205,22.6556423]},"properties":{"venue_id":"pv_702564ca90","venue_name":"內惟藝術中心","address":"高雄市鼓山區馬卡道路329號","city":"高雄市","event_count":23,"show_count":23,"coord_source":"geocode","precision":"exact","lon":120.2823205,"lat":22.6556423}},{"type":"Feature","geometry":{"type":"Point","coordinates":[120.2823205,22.6556423]},"properties":{"venue_id":"pv_28db645ff1","venue_name":"內惟藝術中心 Reel one 1廳","address":"高雄市鼓山區馬卡道路329號","city":"高雄市","event_count":15,"show_count":46,"coord_source":"geocode","precision":"exact","lon":120.2823205,"lat":22.6556423}},{"type":"Feature","geometry":{"type":"Point","coordinates":[120.2823205,22.6556423]},"properties":{"venue_id":"pv_0b0f6109ee","venue_name":"內惟藝術中心 Reel two 2廳","address":"高雄市鼓山區馬卡道路329號","city":"高雄市","event_count":17,"show_count":48,"coord_source":"geocode","precision":"exact","lon":120.2823205,"lat":22.6556423}},{"type":"Feature","geometry":{"type":"Point","coordinates":[120.6824495,24.1397387]},"properties":{"venue_id":"pv_135ddd5238","venue_name":"全安堂臺灣太陽餅博物館","address":"臺中市中區台灣大道一段145號","city":"臺中市","event_count":1,"show_count":1,"coord_source":"geocode","precision":"exact","lon":120.6824495,"lat":24.1397387}},{"type":"Feature","geometry":{"type":"Point","coordinates":[120.201504,22.995167]},"properties":{"venue_id":"pv_8073eae664","venue_name":"全美戲院 A廳","address":"臺南市中西區永福路二段187號","city":"臺南市","event_count":1,"show_count":4,"coord_source":"api_mode","precision":"","lon":120.201504,"lat":22.995167}},{"type":"Feature","geometry":{"type":"Point","coordinates":[121.2912463,24.9469059]},"properties":{"venue_id":"pv_b7a9f9b001","venue_name":"八德區（桃園市）=","address":"桃園市八德區","city":"桃園市","event_count":4,"show_count":4,"coord_source":"geocode","precision":"approximate","lon":121.2912463,"lat":24.9469059}},{"type":"Feature","geometry":{"type":"Point","coordinates":[120.8211796,24.5111399]},"properties":{"venue_id":"pv_aaba3817ed","venue_name":"公館鄉（苗栗縣）=","address":"苗栗縣公館鄉","city":"苗栗縣","event_count":5,"show_count":5,"coord_source":"geocode","precision":"approximate","lon":120.8211796,"lat":24.5111399}},{"type":"Feature","geometry":{"type":"Point","coordinates":[120.5586211,22.6565517]},"properties":{"venue_id":"pv_653891bf07","venue_name":"六堆客家文化園區","address":"屏東縣內埔鄉信義路588號","city":"屏東縣","event_count":1,"show_count":1,"coord_source":"geocode","precision":"exact","lon":120.5586211,"lat":22.6565517}},{"type":"Feature","geometry":{"type":"Point","coordinates":[121.470658,25.081368]},"properties":{"venue_id":"pv_ed64e53449","venue_name":"功學社音樂廳","address":"新北市蘆洲區中山二路162號2樓","city":"新北市","event_count":7,"show_count":10,"coord_source":"api_mode","precision":"","lon":121.470658,"lat":25.081368}},{"type":"Feature","geometry":{"type":"Point","coordinates":[120.2079953,23.008515]},"properties":{"venue_id":"pv_7e5d1f7e5c","venue_name":"北區（臺南市）=","address":"臺南市北區","city":"臺南市","event_count":1,"show_count":1,"coord_source":"geocode","precision":"approximate","lon":120.2079953,"lat":23.008515}},{"type":"Feature","geometry":{"type":"Point","coordinates":[120.6861019,24.1815237]},"properties":{"venue_id":"pv_254734eff3","venue_name":"北屯區（臺中市）=","address":"臺中市北屯區","city":"臺中市","event_count":1,"show_count":1,"coord_source":"geocode","precision":"approximate","lon":120.6861019,"lat":24.1815237}},{"type":"Feature","geometry":{"type":"Point","coordinates":[121.544637,25.024624]},"properties":{"venue_id":"pv_b7e063f4c7","venue_name":"北師美術館","address":"臺北市大安區和平東路二段134號","city":"臺北市","event_count":1,"show_count":1,"coord_source":"api_mode","precision":"","lon":121.544637,"lat":25.024624}},{"type":"Feature","geometry":{"type":"Point","coordinates":[121.507456,25.139249]},"properties":{"venue_id":"pv_337a76334d","venue_name":"北投中心新村-C1 藝棧","address":"臺北市北投區新民路22巷9號","city":"臺北市","event_count":7,"show_count":33,"coord_source":"api_mode","precision":"","lon":121.507456,"lat":25.139249}},{"type":"Feature","geometry":{"type":"Point","coordinates":[121.507457,25.139249]},"properties":{"venue_id":"pv_0f0c5dce53","venue_name":"北投中心新村-E2-2心村行+E2-3展間","address":"臺北市北投區新民路22巷9號","city":"臺北市","event_count":8,"show_count":34,"coord_source":"api_mode","precision":"","lon":121.507457,"lat":25.139249}},{"type":"Feature","geometry":{"type":"Point","coordinates":[121.515018,25.1151759]},"properties":{"venue_id":"pv_6552a50f8c","venue_name":"北投區（臺北市）=","address":"臺北市北投區","city":"臺北市","event_count":1,"show_count":1,"coord_source":"geocode","precision":"approximate","lon":121.515018,"lat":25.1151759}},{"type":"Feature","geometry":{"type":"Point","coordinates":[121.503824,25.137628]},"properties":{"venue_id":"pv_e1c29815d7","venue_name":"北投老爺酒店","address":"臺北市北投區中和街2號","city":"臺北市","event_count":1,"show_count":1,"coord_source":"api_mode","precision":"","lon":121.503824,"lat":25.137628}},{"type":"Feature","geometry":{"type":"Point","coordinates":[120.5336665,23.869208]},"properties":{"venue_id":"pv_f45d3a2023","venue_name":"北斗鎮（彰化縣）=","address":"彰化縣北斗鎮","city":"彰化縣","event_count":3,"show_count":3,"coord_source":"geocode","precision":"approximate","lon":120.5336665,"lat":23.869208}},{"type":"Feature","geometry":{"type":"Point","coordinates":[121.514823,25.068993]},"properties":{"venue_id":"pv_fa6cb58485","venue_name":"十方樂集音樂劇場","address":"臺北市大同區民族西路187巷4號","city":"臺北市","event_count":1,"show_count":10,"coord_source":"api_mode","precision":"","lon":121.514823,"lat":25.068993}},{"type":"Feature","geometry":{"type":"Point","coordinates":[120.230608,22.940457]},"properties":{"venue_id":"pv_0a510dbfe9","venue_name":"十鼓文創園區 夢糖劇場","address":"臺南市仁德區文華路二段326號","city":"臺南市","event_count":1,"show_count":1,"coord_source":"api_mode","precision":"","lon":120.230608,"lat":22.940457}},{"type":"Feature","geometry":{"type":"Point","coordinates":[120.795649,24.391324]},"properties":{"venue_id":"pv_4ef15a995a","venue_name":"卓也小屋","address":"苗栗縣三義鄉雙潭村崩山下1-9號","city":"苗栗縣","event_count":1,"show_count":2,"coord_source":"api_mode","precision":"","lon":120.795649,"lat":24.391324}},{"type":"Feature","geometry":{"type":"Point","coordinates":[120.8254872,24.3113039]},"properties":{"venue_id":"pv_94d5001b88","venue_name":"卓蘭鎮（苗栗縣）=","address":"苗栗縣卓蘭鎮","city":"苗栗縣","event_count":2,"show_count":2,"coord_source":"geocode","precision":"approximate","lon":120.8254872,"lat":24.3113039}},{"type":"Feature","geometry":{"type":"Point","coordinates":[120.5294466,24.0677652]},"properties":{"venue_id":"pv_b5fcdc40e9","venue_name":"南北管音樂戲曲館","address":"彰化縣彰化市平和七街66號","city":"彰化縣","event_count":6,"show_count":6,"coord_source":"geocode","precision":"exact","lon":120.5294466,"lat":24.0677652}},{"type":"Feature","geometry":{"type":"Point","coordinates":[120.6624117,24.1208445]},"properties":{"venue_id":"pv_fceace9f32","venue_name":"南區（臺中市）=","address":"臺中市南區","city":"臺中市","event_count":2,"show_count":2,"coord_source":"geocode","precision":"approximate","lon":120.6624117,"lat":24.1208445}},{"type":"Feature","geometry":{"type":"Point","coordinates":[120.1877943,22.9563522]},"properties":{"venue_id":"pv_10c6321a9f","venue_name":"南區（臺南市）=","address":"臺南市南區","city":"臺南市","event_count":3,"show_count":3,"coord_source":"geocode","precision":"approximate","lon":120.1877943,"lat":22.9563522}},{"type":"Feature","geometry":{"type":"Point","coordinates":[120.6084832,24.1471183]},"properties":{"venue_id":"pv_fc713886d6","venue_name":"南屯區（臺中市）=","address":"臺中市南屯區","city":"臺中市","event_count":5,"show_count":5,"coord_source":"geocode","precision":"approximate","lon":120.6084832,"lat":24.1471183}},{"type":"Feature","geometry":{"type":"Point","coordinates":[121.0105733,24.5802942]},"properties":{"venue_id":"pv_47b21deb31","venue_name":"南庄鄉（苗栗縣）=","address":"苗栗縣南庄鄉","city":"苗栗縣","event_count":1,"show_count":1,"coord_source":"geocode","precision":"approximate","lon":121.0105733,"lat":24.5802942}},{"type":"Feature","geometry":{"type":"Point","coordinates":[120.69265176487376,23.90963017406025]},"properties":{"venue_id":"pv_395e2304f9","venue_name":"南投市（南投縣）=","address":"南投縣南投市","city":"南投縣","event_count":7,"show_count":7,"coord_source":"geocode","precision":"cached","lon":120.69265176487376,"lat":23.90963017406025}},{"type":"Feature","geometry":{"type":"Point","coordinates":[120.68431903127082,23.91078262469811]},"properties":{"venue_id":"pv_bfb894aee6","venue_name":"南投稅務出張所（福瑞堂云深茶館）","address":"南投縣南投市中山街260號","city":"南投縣","event_count":1,"show_count":1,"coord_source":"geocode","precision":"interpolated","lon":120.68431903127082,"lat":23.91078262469811}},{"type":"Feature","geometry":{"type":"Point","coordinates":[120.763985,23.879344]},"properties":{"venue_id":"pv_74286c33eb","venue_name":"南投縣中寮鄉中寮國民小學","address":"南投縣中寮鄉永平路316號","city":"南投縣","event_count":1,"show_count":1,"coord_source":"api_mode","precision":"","lon":120.763985,"lat":23.879344}},{"type":"Feature","geometry":{"type":"Point","coordinates":[120.765992,23.879095]},"properties":{"venue_id":"pv_f66f16171f","venue_name":"南投縣中寮鄉立圖書館","address":"南投縣中寮鄉永平路270號四樓","city":"南投縣","event_count":1,"show_count":1,"coord_source":"api_mode","precision":"","lon":120.765992,"lat":23.879095}},{"type":"Feature","geometry":{"type":"Point","coordinates":[120.702733,23.838584]},"properties":{"venue_id":"pv_c126081141","venue_name":"南投縣名間鄉立圖書館","address":"南投縣名間鄉彰南路42-2號三樓","city":"南投縣","event_count":1,"show_count":1,"coord_source":"api_mode","precision":"","lon":120.702733,"lat":23.838584}},{"type":"Feature","geometry":{"type":"Point","coordinates":[120.971314,23.971922]},"properties":{"venue_id":"pv_84e3bcf3f2","venue_name":"南投縣埔里藝文中心","address":"南投縣埔里鎮中華路239號","city":"南投縣","event_count":5,"show_count":5,"coord_source":"api_mode","precision":"","lon":120.971314,"lat":23.971922}},{"type":"Feature","geometry":{"type":"Point","coordinates":[120.971366,23.970236]},"properties":{"venue_id":"pv_05d1cdeb98","venue_name":"南投縣埔里鎮立圖書館","address":"南投縣埔里鎮六合路178號","city":"南投縣","event_count":6,"show_count":6,"coord_source":"api_mode","precision":"","lon":120.971366,"lat":23.970236}},{"type":"Feature","geometry":{"type":"Point","coordinates":[120.681559,23.908225]},"properties":{"venue_id":"pv_a1f4a4f3bd","venue_name":"南投縣政府文化局","address":"南投縣南投市建國路135號","city":"南投縣","event_count":18,"show_count":18,"coord_source":"api_mode","precision":"","lon":120.681559,"lat":23.908225}},{"type":"Feature","geometry":{"type":"Point","coordinates":[120.691332,23.902789]},"properties":{"venue_id":"pv_3d4d4ad47e","venue_name":"南投縣政府文化局圖書館","address":"南投縣南投市中興路669號","city":"南投縣","event_count":7,"show_count":7,"coord_source":"api_mode","precision":"","lon":120.691332,"lat":23.902789}},{"type":"Feature","geometry":{"type":"Point","coordinates":[120.681721,23.908273]},"properties":{"venue_id":"pv_1de722295c","venue_name":"南投縣政府文化局演藝廳","address":"南投縣南投市建國路135號","city":"南投縣","event_count":7,"show_count":8,"coord_source":"api_mode","precision":"","lon":120.681721,"lat":23.908273}},{"type":"Feature","geometry":{"type":"Point","coordinates":[120.685073,23.908067]},"properties":{"venue_id":"pv_a01f4e32a4","venue_name":"南投縣文化園區","address":"南投縣南投市彰南路二段65號","city":"南投縣","event_count":2,"show_count":2,"coord_source":"api_mode","precision":"","lon":120.685073,"lat":23.908067}},{"type":"Feature","geometry":{"type":"Point","coordinates":[120.6720648,23.7592183]},"properties":{"venue_id":"pv_7fb778878c","venue_name":"南投縣竹山鎮立親子館","address":"南投縣竹山鎮公所路120號","city":"南投縣","event_count":2,"show_count":2,"coord_source":"geocode","precision":"exact","lon":120.6720648,"lat":23.7592183}},{"type":"Feature","geometry":{"type":"Point","coordinates":[120.680282,23.973685]},"properties":{"venue_id":"pv_8cc8f37af2","venue_name":"南投縣草屯鎮立圖書館","address":"南投縣草屯鎮5鄰草溪路890號","city":"南投縣","event_count":3,"show_count":3,"coord_source":"api_mode","precision":"","lon":120.680282,"lat":23.973685}},{"type":"Feature","geometry":{"type":"Point","coordinates":[120.717833,23.979017]},"properties":{"venue_id":"pv_0fe8544ded","venue_name":"南投縣草屯鎮陳府將軍廟","address":"南投縣草屯鎮中正路288之41號","city":"南投縣","event_count":1,"show_count":1,"coord_source":"api_mode","precision":"","lon":120.717833,"lat":23.979017}},{"type":"Feature","geometry":{"type":"Point","coordinates":[120.684609,23.909535]},"properties":{"venue_id":"pv_8619691dac","venue_name":"南投縣藝術家資料館","address":"南投縣南投市彰南路二段61號","city":"南投縣","event_count":6,"show_count":6,"coord_source":"api_mode","precision":"","lon":120.684609,"lat":23.909535}},{"type":"Feature","geometry":{"type":"Point","coordinates":[120.786677,23.828707]},"properties":{"venue_id":"pv_36bc07ede5","venue_name":"南投縣集集鎮公所","address":"南投縣集集鎮民生路61號","city":"南投縣","event_count":1,"show_count":1,"coord_source":"api_mode","precision":"","lon":120.786677,"lat":23.828707}},{"type":"Feature","geometry":{"type":"Point","coordinates":[120.936671,23.896585]},"properties":{"venue_id":"pv_ffb5be8f6e","venue_name":"南投縣魚池鄉立圖書館","address":"南投縣魚池鄉秀水路233號","city":"南投縣","event_count":6,"show_count":6,"coord_source":"api_mode","precision":"","lon":120.936671,"lat":23.896585}},{"type":"Feature","geometry":{"type":"Point","coordinates":[120.937054,23.899424]},"properties":{"venue_id":"pv_eb9fcdc896","venue_name":"南投縣魚池鄉魚池國民小學","address":"南投縣魚池鄉瓊文巷41號","city":"南投縣","event_count":1,"show_count":1,"coord_source":"api_mode","precision":"","lon":120.937054,"lat":23.899424}},{"type":"Feature","geometry":{"type":"Point","coordinates":[120.751531,23.748888]},"properties":{"venue_id":"pv_1023956f62","venue_name":"南投縣鹿谷鄉鹿谷國民小學","address":"南投縣鹿谷鄉中正路二段174號","city":"南投縣","event_count":1,"show_count":1,"coord_source":"api_mode","precision":"","lon":120.751531,"lat":23.748888}},{"type":"Feature","geometry":{"type":"Point","coordinates":[120.5365595,24.0677853]},"properties":{"venue_id":"pv_7d55b26881","venue_name":"南瑤宮媽祖文化館","address":"彰化縣彰化市民族一街31號","city":"彰化縣","event_count":1,"show_count":1,"coord_source":"geocode","precision":"exact","lon":120.5365595,"lat":24.0677853}},{"type":"Feature","geometry":{"type":"Point","coordinates":[119.9513711,26.160198]},"properties":{"venue_id":"pv_aaa03ccd96","venue_name":"南竿鄉（連江縣）=","address":"連江縣南竿鄉","city":"連江縣","event_count":1,"show_count":1,"coord_source":"geocode","precision":"approximate","lon":119.9513711,"lat":26.160198}},{"type":"Feature","geometry":{"type":"Point","coordinates":[121.4435645,25.0566645]},"properties":{"venue_id":"pv_bd1e91496f","venue_name":"原住民族委員會","address":"新莊區中平路439號北棟14F","city":"","event_count":1,"show_count":1,"coord_source":"geocode","precision":"exact","lon":121.4435645,"lat":25.0566645}},{"type":"Feature","geometry":{"type":"Point","coordinates":[120.6378794,22.6903584]},"properties":{"venue_id":"pv_dacda1a309","venue_name":"原住民族委員會原住民族文化發展中心","address":"屏東縣瑪家鄉風景104號","city":"屏東縣","event_count":9,"show_count":9,"coord_source":"geocode","precision":"approximate","lon":120.6378794,"lat":22.6903584}},{"type":"Feature","geometry":{"type":"Point","coordinates":[120.394819,22.504734]},"properties":{"venue_id":"pv_d5eb9628ac","venue_name":"原頂林仔邊警察官吏派出所","address":"高雄市林園區002鄰福興街97號","city":"高雄市","event_count":1,"show_count":1,"coord_source":"api_mode","precision":"","lon":120.394819,"lat":22.504734}},{"type":"Feature","geometry":{"type":"Point","coordinates":[121.527247,25.057736]},"properties":{"venue_id":"pv_f6d3c31145","venue_name":"叢口","address":"臺北市中山區⺠⽣東路⼀段98號","city":"臺北市","event_count":8,"show_count":33,"coord_source":"api_mode","precision":"","lon":121.527247,"lat":25.057736}},{"type":"Feature","geometry":{"type":"Point","coordinates":[121.505228,25.045543]},"properties":{"venue_id":"pv_26ccd4c5f7","venue_name":"可能存在的遊樂園 CollaPlay","address":"臺北市萬華區武昌街二段83之6號3樓","city":"臺北市","event_count":2,"show_count":192,"coord_source":"api_mode","precision":"","lon":121.505228,"lat":25.045543}},{"type":"Feature","geometry":{"type":"Point","coordinates":[120.665769,24.1533391]},"properties":{"venue_id":"pv_c690d1aea4","venue_name":"台中EPIC 禪藝實相人文空間","address":"西區台灣大道二段307號15樓","city":"","event_count":2,"show_count":2,"coord_source":"geocode","precision":"exact","lon":120.665769,"lat":24.1533391}},{"type":"Feature","geometry":{"type":"Point","coordinates":[120.676937,24.123488]},"properties":{"venue_id":"pv_2c14f67103","venue_name":"台中中興大學惠蓀堂","address":"台中市南區興大路145號","city":"臺中市","event_count":3,"show_count":4,"coord_source":"api_mode","precision":"","lon":120.676937,"lat":24.123488}},{"type":"Feature","geometry":{"type":"Point","coordinates":[120.647015,24.130924]},"properties":{"venue_id":"pv_704f414013","venue_name":"台中豐邑Moxy酒店 Rooftop XOXO Bistro","address":"臺中市南屯區文心南六路288號18樓","city":"臺中市","event_count":1,"show_count":1,"coord_source":"api_mode","precision":"","lon":120.647015,"lat":24.130924}},{"type":"Feature","geometry":{"type":"Point","coordinates":[121.5613325,25.047736]},"properties":{"venue_id":"pv_4710d54ec6","venue_name":"台北偶戲館","address":"臺北市松山區市民大道五段99號3樓","city":"臺北市","event_count":1,"show_count":3,"coord_source":"geocode","precision":"exact","lon":121.5613325,"lat":25.047736}},{"type":"Feature","geometry":{"type":"Point","coordinates":[121.561336,25.047741]},"properties":{"venue_id":"pv_0e750c9c7a","venue_name":"台北偶戲館黑箱劇場","address":"臺北市松山區市民大道五段99號4樓","city":"臺北市","event_count":7,"show_count":27,"coord_source":"api_mode","precision":"","lon":121.561336,"lat":25.047741}},{"type":"Feature","geometry":{"type":"Point","coordinates":[121.617951,25.056445]},"properties":{"venue_id":"pv_bdcc868bfc","venue_name":"台北南港展覽館一館四樓","address":"台北市南港區經貿二路1號","city":"臺北市","event_count":1,"show_count":1,"coord_source":"api_mode","precision":"","lon":121.617951,"lat":25.056445}},{"type":"Feature","geometry":{"type":"Point","coordinates":[121.560833,25.033611]},"properties":{"venue_id":"pv_9d3f59b271","venue_name":"台北國際會議中心大會堂","address":"台北市信義區信義路五段一號","city":"臺北市","event_count":5,"show_count":8,"coord_source":"api_mode","precision":"","lon":121.560833,"lat":25.033611}},{"type":"Feature","geometry":{"type":"Point","coordinates":[121.5160923,25.0725497]},"properties":{"venue_id":"pv_88bf639497","venue_name":"台北孔廟","address":"臺北市大同區保安里大龍街275號","city":"臺北市","event_count":2,"show_count":4,"coord_source":"geocode","precision":"exact","lon":121.5160923,"lat":25.0725497}},{"type":"Feature","geometry":{"type":"Point","coordinates":[121.5484569,25.0453546]},"properties":{"venue_id":"pv_8d4ace4c5d","venue_name":"台北富邦國際會議中心","address":"松山區福成里敦化南路1段108號","city":"","event_count":1,"show_count":1,"coord_source":"geocode","precision":"exact","lon":121.5484569,"lat":25.0453546}},{"type":"Feature","geometry":{"type":"Point","coordinates":[121.5638256,25.0375496]},"properties":{"venue_id":"pv_5800d9e5da","venue_name":"台北市政府親子劇場","address":"信義區市府路1號2樓","city":"臺北市","event_count":1,"show_count":1,"coord_source":"geocode","precision":"exact","lon":121.5638256,"lat":25.0375496}},{"type":"Feature","geometry":{"type":"Point","coordinates":[121.522651,25.042434]},"properties":{"venue_id":"pv_38fe101360","venue_name":"台北愛樂暨梅哲音樂文化館","address":"臺北市中正區濟南路一段七號 B1","city":"臺北市","event_count":1,"show_count":1,"coord_source":"api_mode","precision":"","lon":121.522651,"lat":25.042434}},{"type":"Feature","geometry":{"type":"Point","coordinates":[121.5880143,24.9793627]},"properties":{"venue_id":"pv_a0a3eac437","venue_name":"台北指南宮","address":"文山區指南里萬壽路115號","city":"","event_count":1,"show_count":1,"coord_source":"geocode","precision":"approximate","lon":121.5880143,"lat":24.9793627}},{"type":"Feature","geometry":{"type":"Point","coordinates":[121.610309,25.052286]},"properties":{"venue_id":"pv_ec19f1d0fd","venue_name":"台北生技園區多功能廳","address":"臺北市南港區忠孝東路七段508號","city":"臺北市","event_count":12,"show_count":12,"coord_source":"api_mode","precision":"","lon":121.610309,"lat":25.052286}},{"type":"Feature","geometry":{"type":"Point","coordinates":[121.533744,25.02375]},"properties":{"venue_id":"pv_5d2e73d2c0","venue_name":"台北福華國際文教會館卓越堂","address":"臺北市大安區新生南路三段30號2樓","city":"臺北市","event_count":2,"show_count":2,"coord_source":"api_mode","precision":"","lon":121.533744,"lat":25.02375}},{"type":"Feature","geometry":{"type":"Point","coordinates":[120.1792052,22.9902724]},"properties":{"venue_id":"pv_abd7c54037","venue_name":"台南梵藝術中心","address":"臺南市安平區永華路二段300號","city":"臺南市","event_count":1,"show_count":1,"coord_source":"geocode","precision":"exact","lon":120.1792052,"lat":22.9902724}},{"type":"Feature","geometry":{"type":"Point","coordinates":[121.1439117,22.761315]},"properties":{"venue_id":"pv_c427b7f971","venue_name":"台東樂山ESG創生園區","address":"台東市卑南鄉溫泉村36鄰樂山139號","city":"","event_count":8,"show_count":8,"coord_source":"geocode","precision":"approximate","lon":121.1439117,"lat":22.761315}},{"type":"Feature","geometry":{"type":"Point","coordinates":[120.187987,23.045879]},"properties":{"venue_id":"pv_283c19e1c9","venue_name":"台江文化中心台江劇場","address":"臺南市安南區安吉路一段207號","city":"臺南市","event_count":4,"show_count":7,"coord_source":"api_mode","precision":"","lon":120.187987,"lat":23.045879}},{"type":"Feature","geometry":{"type":"Point","coordinates":[121.523204,25.060588]},"properties":{"venue_id":"pv_f0e5abe93c","venue_name":"台泥大樓士敏廳","address":"臺北市中山區中山北路二段113號3樓","city":"臺北市","event_count":4,"show_count":83,"coord_source":"api_mode","precision":"","lon":121.523204,"lat":25.060588}},{"type":"Feature","geometry":{"type":"Point","coordinates":[121.5982254,23.9957661]},"properties":{"venue_id":"pv_97f2aafde7","venue_name":"台灣創價學會 花蓮文化會館","address":"花蓮縣花蓮市花蓮市富裕五街71號","city":"花蓮縣","event_count":1,"show_count":1,"coord_source":"geocode","precision":"exact","lon":121.5982254,"lat":23.9957661}},{"type":"Feature","geometry":{"type":"Point","coordinates":[120.6487563,24.1576467]},"properties":{"venue_id":"pv_347e2b2d2b","venue_name":"台灣創價學會臺中藝文中心","address":"臺中市西屯區大容東街90號3樓","city":"臺中市","event_count":1,"show_count":1,"coord_source":"geocode","precision":"exact","lon":120.6487563,"lat":24.1576467}},{"type":"Feature","geometry":{"type":"Point","coordinates":[120.3955924,24.0688429]},"properties":{"venue_id":"pv_a0907833b1","venue_name":"台灣玻璃館","address":"彰化縣鹿港鎮鹿工南四路30號","city":"彰化縣","event_count":1,"show_count":1,"coord_source":"geocode","precision":"exact","lon":120.3955924,"lat":24.0688429}},{"type":"Feature","geometry":{"type":"Point","coordinates":[120.4587825,23.8702547]},"properties":{"venue_id":"pv_a4d0256458","venue_name":"台灣穀堡","address":"彰化縣埤頭鄉彰水路二段526號","city":"彰化縣","event_count":1,"show_count":1,"coord_source":"geocode","precision":"exact","lon":120.4587825,"lat":23.8702547}},{"type":"Feature","geometry":{"type":"Point","coordinates":[120.5578014,24.0767939]},"properties":{"venue_id":"pv_badb3c5e0b","venue_name":"台語文創意園區","address":"彰化縣彰化市卦山路18號","city":"彰化縣","event_count":2,"show_count":2,"coord_source":"geocode","precision":"exact","lon":120.5578014,"lat":24.0767939}},{"type":"Feature","geometry":{"type":"Point","coordinates":[121.582825,23.9736006]},"properties":{"venue_id":"pv_2ae4a24c6f","venue_name":"吉安鄉（花蓮縣）=","address":"花蓮縣吉安鄉","city":"花蓮縣","event_count":1,"show_count":1,"coord_source":"geocode","precision":"approximate","lon":121.582825,"lat":23.9736006}},{"type":"Feature","geometry":{"type":"Point","coordinates":[120.6775054,23.8537843]},"properties":{"venue_id":"pv_cdabb57b46","venue_name":"名間鄉（南投縣）=","address":"南投縣名間鄉","city":"南投縣","event_count":2,"show_count":2,"coord_source":"geocode","precision":"approximate","lon":120.6775054,"lat":23.8537843}},{"type":"Feature","geometry":{"type":"Point","coordinates":[120.2741711,22.6207928]},"properties":{"venue_id":"pv_6c9c7f375b","venue_name":"哈瑪星","address":"鼓山區捷興二街18號","city":"","event_count":1,"show_count":1,"coord_source":"geocode","precision":"exact","lon":120.2741711,"lat":22.6207928}},{"type":"Feature","geometry":{"type":"Point","coordinates":[120.5854674,23.959574]},"properties":{"venue_id":"pv_a9622c8213","venue_name":"員林市（彰化縣）=","address":"彰化縣員林市","city":"彰化縣","event_count":1,"show_count":1,"coord_source":"geocode","precision":"approximate","lon":120.5854674,"lat":23.959574}},{"type":"Feature","geometry":{"type":"Point","coordinates":[121.5654268,25.0329636]},"properties":{"venue_id":"pv_9897d88453","venue_name":"商品","address":"臺北市","city":"臺北市","event_count":2,"show_count":2,"coord_source":"geocode","precision":"approximate","lon":121.5654268,"lat":25.0329636}},{"type":"Feature","geometry":{"type":"Point","coordinates":[120.452416,23.487996]},"properties":{"venue_id":"pv_527cfaf3ef","venue_name":"嘉義市政府文化局音樂廳","address":"嘉義市東區忠孝路275號","city":"嘉義市","event_count":8,"show_count":9,"coord_source":"api_mode","precision":"","lon":120.452416,"lat":23.487996}},{"type":"Feature","geometry":{"type":"Point","coordinates":[120.4320383,23.5441704]},"properties":{"venue_id":"pv_590427688d","venue_name":"嘉義縣表演藝術中心","address":"嘉義縣民雄鄉建國路二段265號","city":"嘉義縣","event_count":2,"show_count":2,"coord_source":"geocode","precision":"exact","lon":120.4320383,"lat":23.5441704}},{"type":"Feature","geometry":{"type":"Point","coordinates":[120.43205,23.544188]},"properties":{"venue_id":"pv_fa6706b91e","venue_name":"嘉義縣表演藝術中心實驗劇場","address":"嘉義縣民雄鄉建國路二段265號","city":"嘉義縣","event_count":1,"show_count":3,"coord_source":"api_mode","precision":"","lon":120.43205,"lat":23.544188}},{"type":"Feature","geometry":{"type":"Point","coordinates":[120.43205,23.544188]},"properties":{"venue_id":"pv_4ecf2571c8","venue_name":"嘉義縣表演藝術中心演藝廳","address":"嘉義縣民雄鄉建國路二段265號","city":"嘉義縣","event_count":8,"show_count":9,"coord_source":"api_mode","precision":"","lon":120.43205,"lat":23.544188}},{"type":"Feature","geometry":{"type":"Point","coordinates":[121.505996,25.135865]},"properties":{"venue_id":"pv_79f2a3bdd2","venue_name":"嘉賓閣溫泉會館","address":"臺北市北投區光明路230號","city":"臺北市","event_count":1,"show_count":2,"coord_source":"api_mode","precision":"","lon":121.505996,"lat":25.135865}},{"type":"Feature","geometry":{"type":"Point","coordinates":[121.512463,25.001429]},"properties":{"venue_id":"pv_69c3de0ac2","venue_name":"四號公園文創演藝廳","address":"新北市中和區中安街85號B1","city":"新北市","event_count":3,"show_count":3,"coord_source":"api_mode","precision":"","lon":121.512463,"lat":25.001429}},{"type":"Feature","geometry":{"type":"Point","coordinates":[120.700722,23.93701]},"properties":{"venue_id":"pv_c66a8a9e1e","venue_name":"國史館臺灣文獻館","address":"南投縣南投市中興新村光明一路254號","city":"南投縣","event_count":4,"show_count":4,"coord_source":"api_mode","precision":"","lon":120.700722,"lat":23.93701}},{"type":"Feature","geometry":{"type":"Point","coordinates":[120.8728615,24.0564429]},"properties":{"venue_id":"pv_6773c68639","venue_name":"國姓鄉（南投縣）=","address":"南投縣國姓鄉","city":"南投縣","event_count":2,"show_count":2,"coord_source":"geocode","precision":"approximate","lon":120.8728615,"lat":24.0564429}},{"type":"Feature","geometry":{"type":"Point","coordinates":[121.5197434,25.0371868]},"properties":{"venue_id":"pv_0e444c0bb8","venue_name":"國家兩廳院","address":"臺北市中正區中山南路21之1號","city":"臺北市","event_count":2,"show_count":2,"coord_source":"geocode","precision":"exact","lon":121.5197434,"lat":25.0371868}},{"type":"Feature","geometry":{"type":"Point","coordinates":[121.5181024,25.0351985]},"properties":{"venue_id":"pv_09541f7c0c","venue_name":"國家兩廳院 演奏廳","address":"中正區中山南路21之1號","city":"","event_count":1,"show_count":1,"coord_source":"geocode","precision":"exact","lon":121.5181024,"lat":25.0351985}},{"type":"Feature","geometry":{"type":"Point","coordinates":[121.518621,25.03511]},"properties":{"venue_id":"pv_339369319d","venue_name":"國家兩廳院實驗劇場","address":"臺北市中正區中山南路21-1號","city":"臺北市","event_count":13,"show_count":130,"coord_source":"api_mode","precision":"","lon":121.518621,"lat":25.03511}},{"type":"Feature","geometry":{"type":"Point","coordinates":[121.519047,25.036756]},"properties":{"venue_id":"pv_143a6b338a","venue_name":"國家兩廳院演奏廳","address":"臺北市中正區中山南路21-1號","city":"臺北市","event_count":101,"show_count":107,"coord_source":"api_mode","precision":"","lon":121.519047,"lat":25.036756}},{"type":"Feature","geometry":{"type":"Point","coordinates":[121.517876,25.034754]},"properties":{"venue_id":"pv_61279eb43e","venue_name":"國家兩廳院表演藝術圖書館","address":"臺北市中正區中山南路21-1號，國家戲劇院 B1","city":"臺北市","event_count":2,"show_count":9,"coord_source":"api_mode","precision":"","lon":121.517876,"lat":25.034754}},{"type":"Feature","geometry":{"type":"Point","coordinates":[121.518174,25.035357]},"properties":{"venue_id":"pv_c2ea6da7ce","venue_name":"國家戲劇院","address":"臺北市中正區中山南路21之1號，愛國東路側","city":"臺北市","event_count":11,"show_count":94,"coord_source":"api_mode","precision":"","lon":121.518174,"lat":25.035357}},{"type":"Feature","geometry":{"type":"Point","coordinates":[121.518162,25.035313]},"properties":{"venue_id":"pv_6e4e3d1593","venue_name":"國家戲劇院一樓大廳","address":"臺北市中正區中山南路21-1號","city":"臺北市","event_count":1,"show_count":1,"coord_source":"api_mode","precision":"","lon":121.518162,"lat":25.035313}},{"type":"Feature","geometry":{"type":"Point","coordinates":[121.518162,25.035313]},"properties":{"venue_id":"pv_8cdd2e3078","venue_name":"國家戲劇院四樓交誼廳","address":"臺北市中正區中山南路21-1號","city":"臺北市","event_count":2,"show_count":2,"coord_source":"api_mode","precision":"","lon":121.518162,"lat":25.035313}},{"type":"Feature","geometry":{"type":"Point","coordinates":[121.518151,25.035361]},"properties":{"venue_id":"pv_c6988ee97c","venue_name":"國家戲劇院排練室A","address":"臺北市中正區中山南路21-1號","city":"臺北市","event_count":2,"show_count":2,"coord_source":"api_mode","precision":"","lon":121.518151,"lat":25.035361}},{"type":"Feature","geometry":{"type":"Point","coordinates":[121.518213,25.035244]},"properties":{"venue_id":"pv_3b7748ed3f","venue_name":"國家戲劇院排練室B","address":"臺北市中正區中山南路21-1號","city":"臺北市","event_count":1,"show_count":1,"coord_source":"api_mode","precision":"","lon":121.518213,"lat":25.035244}},{"type":"Feature","geometry":{"type":"Point","coordinates":[121.5143601,25.0467103]},"properties":{"venue_id":"pv_1b5a287a52","venue_name":"國家攝影文化中心","address":"臺北市中正區忠孝西路一段70號","city":"臺北市","event_count":4,"show_count":4,"coord_source":"geocode","precision":"exact","lon":121.5143601,"lat":25.0467103}},{"type":"Feature","geometry":{"type":"Point","coordinates":[121.446101,25.057058]},"properties":{"venue_id":"pv_b8cabadbc4","venue_name":"國家電影及視聽文化中心-大影格","address":"新北市新莊區文藝路2號","city":"新北市","event_count":21,"show_count":40,"coord_source":"api_mode","precision":"","lon":121.446101,"lat":25.057058}},{"type":"Feature","geometry":{"type":"Point","coordinates":[121.446101,25.057058]},"properties":{"venue_id":"pv_09bfa640c8","venue_name":"國家電影及視聽文化中心-小影格","address":"新北市新莊區文藝路2號","city":"新北市","event_count":16,"show_count":28,"coord_source":"api_mode","precision":"","lon":121.446101,"lat":25.057058}},{"type":"Feature","geometry":{"type":"Point","coordinates":[121.519047,25.036756]},"properties":{"venue_id":"pv_4430c0ef81","venue_name":"國家音樂廳","address":"臺北市中正區中山南路21-1號，信義路側","city":"臺北市","event_count":84,"show_count":89,"coord_source":"api_mode","precision":"","lon":121.519047,"lat":25.036756}},{"type":"Feature","geometry":{"type":"Point","coordinates":[121.519047,25.036756]},"properties":{"venue_id":"pv_34292610b6","venue_name":"國家音樂廳一樓大廳","address":"臺北市中正區中山南路21-1號","city":"臺北市","event_count":1,"show_count":1,"coord_source":"api_mode","precision":"","lon":121.519047,"lat":25.036756}},{"type":"Feature","geometry":{"type":"Point","coordinates":[121.519047,25.036756]},"properties":{"venue_id":"pv_6eec8b73ef","venue_name":"國家音樂廳四樓交誼廳","address":"臺北市中正區中山南路21-1號","city":"臺北市","event_count":1,"show_count":1,"coord_source":"api_mode","precision":"","lon":121.519047,"lat":25.036756}},{"type":"Feature","geometry":{"type":"Point","coordinates":[121.519047,25.036756]},"properties":{"venue_id":"pv_e0fff09847","venue_name":"國家音樂廳排練室一","address":"臺北市中正區中山南路21-1號","city":"臺北市","event_count":2,"show_count":2,"coord_source":"api_mode","precision":"","lon":121.519047,"lat":25.036756}},{"type":"Feature","geometry":{"type":"Point","coordinates":[121.519047,25.036756]},"properties":{"venue_id":"pv_8adaddabc5","venue_name":"國家音樂廳排練室二","address":"臺北市中正區中山南路21-1號","city":"臺北市","event_count":1,"show_count":2,"coord_source":"api_mode","precision":"","lon":121.519047,"lat":25.036756}},{"type":"Feature","geometry":{"type":"Point","coordinates":[121.5374986,25.0581396]},"properties":{"venue_id":"pv_2c004b758d","venue_name":"國泰萬怡酒店 2 樓杜鵑廳","address":"中山區民生東路三段 6 號","city":"","event_count":1,"show_count":2,"coord_source":"geocode","precision":"exact","lon":121.5374986,"lat":25.0581396}},{"type":"Feature","geometry":{"type":"Point","coordinates":[120.264737,22.628388]},"properties":{"venue_id":"pv_6e1bbc5aac","venue_name":"國立中山大學逸仙館","address":"高雄市鼓山區蓮海路70號","city":"高雄市","event_count":1,"show_count":1,"coord_source":"api_mode","precision":"","lon":120.264737,"lat":22.628388}},{"type":"Feature","geometry":{"type":"Point","coordinates":[120.676937,24.123488]},"properties":{"venue_id":"pv_b10b0b9999","venue_name":"國立中興大學惠蓀堂","address":"臺中市南區興大路145號","city":"臺中市","event_count":1,"show_count":3,"coord_source":"api_mode","precision":"","lon":120.676937,"lat":24.123488}},{"type":"Feature","geometry":{"type":"Point","coordinates":[121.134588,24.021239]},"properties":{"venue_id":"pv_ef24e41e1c","venue_name":"國立仁愛高級農業職業學校","address":"南投縣仁愛鄉山農巷27號","city":"南投縣","event_count":1,"show_count":1,"coord_source":"api_mode","precision":"","lon":121.134588,"lat":24.021239}},{"type":"Feature","geometry":{"type":"Point","coordinates":[121.8239807,24.685616]},"properties":{"venue_id":"pv_957a20a55e","venue_name":"國立傳統藝術中心宜蘭園區","address":"宜蘭縣五結鄉24鄰五濱路二段201號","city":"宜蘭縣","event_count":2,"show_count":2,"coord_source":"geocode","precision":"exact","lon":121.8239807,"lat":24.685616}},{"type":"Feature","geometry":{"type":"Point","coordinates":[120.694397,23.949518]},"properties":{"venue_id":"pv_2f0f1a52a9","venue_name":"國立公共資訊圖書館中興分館","address":"南投縣南投市中興新村光華路 123 號","city":"南投縣","event_count":7,"show_count":7,"coord_source":"api_mode","precision":"","lon":120.694397,"lat":23.949518}},{"type":"Feature","geometry":{"type":"Point","coordinates":[120.422122,23.54382]},"properties":{"venue_id":"pv_f22930f9d0","venue_name":"國立嘉義大學民雄校區大學館演講廳","address":"嘉義縣民雄鄉文隆村85號","city":"嘉義縣","event_count":1,"show_count":1,"coord_source":"api_mode","precision":"","lon":120.422122,"lat":23.54382}},{"type":"Feature","geometry":{"type":"Point","coordinates":[120.5434796,24.0811784]},"properties":{"venue_id":"pv_f8a3b21a8e","venue_name":"國立彰化女子高級中學","address":"彰化縣彰化市光復路62號","city":"彰化縣","event_count":1,"show_count":1,"coord_source":"geocode","precision":"exact","lon":120.5434796,"lat":24.0811784}},{"type":"Feature","geometry":{"type":"Point","coordinates":[120.5578014,24.0767939]},"properties":{"venue_id":"pv_fe670b3c40","venue_name":"國立彰化生活美學館","address":"彰化縣彰化市卦山路18號","city":"彰化縣","event_count":9,"show_count":9,"coord_source":"geocode","precision":"exact","lon":120.5578014,"lat":24.0767939}},{"type":"Feature","geometry":{"type":"Point","coordinates":[120.5573073,24.0764959]},"properties":{"venue_id":"pv_c9e1870d6d","venue_name":"國立彰化生活美學館實驗劇場","address":"彰化市卦山路18號","city":"","event_count":1,"show_count":1,"coord_source":"geocode","precision":"exact","lon":120.5573073,"lat":24.0764959}},{"type":"Feature","geometry":{"type":"Point","coordinates":[120.2146338,23.0004305]},"properties":{"venue_id":"pv_e9ba10ebd1","venue_name":"國立成功大學","address":"臺南市東區大學路1號","city":"臺南市","event_count":2,"show_count":2,"coord_source":"geocode","precision":"exact","lon":120.2146338,"lat":23.0004305}},{"type":"Feature","geometry":{"type":"Point","coordinates":[120.21569,22.99807]},"properties":{"venue_id":"pv_100fafafa0","venue_name":"國立成功大學成功廳","address":"臺南市東區大學路1號光復校區","city":"臺南市","event_count":1,"show_count":4,"coord_source":"api_mode","precision":"","lon":120.21569,"lat":22.99807}},{"type":"Feature","geometry":{"type":"Point","coordinates":[120.217808,22.99884]},"properties":{"venue_id":"pv_89912c9dfa","venue_name":"國立成功大學鳳凰樹劇場","address":"臺南市東區大學路1號光復校區雲平大樓地下二樓 國立成功大學","city":"臺南市","event_count":1,"show_count":5,"coord_source":"api_mode","precision":"","lon":120.217808,"lat":22.99884}},{"type":"Feature","geometry":{"type":"Point","coordinates":[121.548616,25.0999673]},"properties":{"venue_id":"pv_7a4324592b","venue_name":"國立故宮博物院","address":"臺北市士林區外雙溪至善路2段221號","city":"臺北市","event_count":1,"show_count":1,"coord_source":"geocode","precision":"exact","lon":121.548616,"lat":25.0999673}},{"type":"Feature","geometry":{"type":"Point","coordinates":[120.967314,24.803333]},"properties":{"venue_id":"pv_840fbcd267","venue_name":"國立新竹生活美學館","address":"新竹市東區武昌街110號","city":"新竹市","event_count":3,"show_count":3,"coord_source":"api_mode","precision":"","lon":120.967314,"lat":24.803333}},{"type":"Feature","geometry":{"type":"Point","coordinates":[120.930665,23.951143]},"properties":{"venue_id":"pv_0d81b41ef0","venue_name":"國立暨南國際大學","address":"南投縣埔里鎮大學路1號","city":"南投縣","event_count":2,"show_count":2,"coord_source":"api_mode","precision":"","lon":120.930665,"lat":23.951143}},{"type":"Feature","geometry":{"type":"Point","coordinates":[120.930665,23.951143]},"properties":{"venue_id":"pv_9679ec0109","venue_name":"國立暨南國際大學圖書館","address":"南投縣埔里鎮大學路500號","city":"南投縣","event_count":2,"show_count":2,"coord_source":"api_mode","precision":"","lon":120.930665,"lat":23.951143}},{"type":"Feature","geometry":{"type":"Point","coordinates":[121.511173,25.031544]},"properties":{"venue_id":"pv_2736947fb7","venue_name":"國立歷史博物館","address":"臺北市中正區南海路49號","city":"臺北市","event_count":6,"show_count":7,"coord_source":"api_mode","precision":"","lon":121.511173,"lat":25.031544}},{"type":"Feature","geometry":{"type":"Point","coordinates":[120.85192,23.806347]},"properties":{"venue_id":"pv_6294a73eb1","venue_name":"國立水里高級商工職業學校","address":"南投縣水里鄉南湖路2號","city":"南投縣","event_count":1,"show_count":1,"coord_source":"api_mode","precision":"","lon":120.85192,"lat":23.806347}},{"type":"Feature","geometry":{"type":"Point","coordinates":[120.996673,24.796454]},"properties":{"venue_id":"pv_b18e77e9d1","venue_name":"國立清華大學","address":"新竹市東區光復路二段101號","city":"新竹市","event_count":1,"show_count":1,"coord_source":"api_mode","precision":"","lon":120.996673,"lat":24.796454}},{"type":"Feature","geometry":{"type":"Point","coordinates":[120.6663905,24.1565976]},"properties":{"venue_id":"pv_c329c64331","venue_name":"國立自然科學博物館","address":"臺中市北區館前路1號","city":"臺中市","event_count":2,"show_count":3,"coord_source":"geocode","precision":"exact","lon":120.6663905,"lat":24.1565976}},{"type":"Feature","geometry":{"type":"Point","coordinates":[120.6721626,24.1419961]},"properties":{"venue_id":"pv_7832a98068","venue_name":"國立臺中教育大學","address":"臺中市西區民生路140號","city":"臺中市","event_count":2,"show_count":2,"coord_source":"geocode","precision":"exact","lon":120.6721626,"lat":24.1419961}},{"type":"Feature","geometry":{"type":"Point","coordinates":[120.667083,24.143856]},"properties":{"venue_id":"pv_5c8fe0a01f","venue_name":"國立臺中教育大學寶成演藝廳","address":"臺中市西區民生路227號-英才校區","city":"臺中市","event_count":6,"show_count":10,"coord_source":"api_mode","precision":"","lon":120.667083,"lat":24.143856}},{"type":"Feature","geometry":{"type":"Point","coordinates":[121.469965,25.133125]},"properties":{"venue_id":"pv_5543bc9629","venue_name":"國立臺北藝術大學音樂廳","address":"臺北市北投區學園路1號","city":"臺北市","event_count":1,"show_count":1,"coord_source":"api_mode","precision":"","lon":121.469965,"lat":25.133125}},{"type":"Feature","geometry":{"type":"Point","coordinates":[120.207998,22.984781]},"properties":{"venue_id":"pv_f21fce193c","venue_name":"國立臺南大學雅音樓音樂廳","address":"臺南市中西區樹林街二段33號","city":"臺南市","event_count":1,"show_count":1,"coord_source":"api_mode","precision":"","lon":120.207998,"lat":22.984781}},{"type":"Feature","geometry":{"type":"Point","coordinates":[120.698708,24.058667]},"properties":{"venue_id":"pv_f2cd7a8ac8","venue_name":"國立臺灣交響樂團演奏廳","address":"臺中市霧峰區中正路738之2號","city":"臺中市","event_count":1,"show_count":1,"coord_source":"api_mode","precision":"","lon":120.698708,"lat":24.058667}},{"type":"Feature","geometry":{"type":"Point","coordinates":[120.2827379,23.1012596]},"properties":{"venue_id":"pv_793ef8f744","venue_name":"國立臺灣史前文化博物館南科考古館","address":"臺南市新市區南科三路10號","city":"臺南市","event_count":9,"show_count":9,"coord_source":"geocode","precision":"exact","lon":120.2827379,"lat":23.1012596}},{"type":"Feature","geometry":{"type":"Point","coordinates":[121.53725271324487,25.02260567490495]},"properties":{"venue_id":"pv_7aae03edb4","venue_name":"國立臺灣大學綜合體育館","address":"台北市大安區辛亥路二段29號","city":"臺北市","event_count":1,"show_count":1,"coord_source":"geocode","precision":"interpolated","lon":121.53725271324487,"lat":25.02260567490495}},{"type":"Feature","geometry":{"type":"Point","coordinates":[120.691857,23.980775]},"properties":{"venue_id":"pv_f84464e3f0","venue_name":"國立臺灣工藝研究發展中心（臺灣工藝文化園區）","address":"南投縣草屯鎮中正路573號","city":"南投縣","event_count":22,"show_count":22,"coord_source":"api_mode","precision":"","lon":120.691857,"lat":23.980775}},{"type":"Feature","geometry":{"type":"Point","coordinates":[121.5122773,25.0318099]},"properties":{"venue_id":"pv_830d03926e","venue_name":"國立臺灣工藝研究發展中心-臺北當代工藝設計分館","address":"臺北市中正區南海路41號","city":"臺北市","event_count":3,"show_count":3,"coord_source":"geocode","precision":"exact","lon":121.5122773,"lat":25.0318099}},{"type":"Feature","geometry":{"type":"Point","coordinates":[121.5282721,25.0260311]},"properties":{"venue_id":"pv_40ad9e6592","venue_name":"國立臺灣師範大學","address":"臺北市大安區和平東路一段162號","city":"臺北市","event_count":1,"show_count":1,"coord_source":"geocode","precision":"exact","lon":121.5282721,"lat":25.0260311}},{"type":"Feature","geometry":{"type":"Point","coordinates":[121.58684,25.08247]},"properties":{"venue_id":"pv_1b8b941e6f","venue_name":"國立臺灣戲曲學院內湖校區中正堂","address":"臺北市內湖區內湖路二段177號","city":"臺北市","event_count":1,"show_count":2,"coord_source":"api_mode","precision":"","lon":121.58684,"lat":25.08247}},{"type":"Feature","geometry":{"type":"Point","coordinates":[120.203953,22.992064]},"properties":{"venue_id":"pv_399117563e","venue_name":"國立臺灣文學館","address":"臺南市中西區中正路1號","city":"臺南市","event_count":11,"show_count":11,"coord_source":"api_mode","precision":"","lon":120.203953,"lat":22.992064}},{"type":"Feature","geometry":{"type":"Point","coordinates":[120.2046596,22.9913502]},"properties":{"venue_id":"pv_17dfa4fe82","venue_name":"國立臺灣文學館2樓．第一會議室","address":"中西區湯德章大道1號","city":"","event_count":1,"show_count":1,"coord_source":"geocode","precision":"exact","lon":120.2046596,"lat":22.9913502}},{"type":"Feature","geometry":{"type":"Point","coordinates":[120.2341439,23.0591761]},"properties":{"venue_id":"pv_d87d32a5b8","venue_name":"國立臺灣歷史博物館","address":"臺南市安南區長和路一段250號","city":"臺南市","event_count":3,"show_count":3,"coord_source":"geocode","precision":"exact","lon":120.2341439,"lat":23.0591761}},{"type":"Feature","geometry":{"type":"Point","coordinates":[121.516838,25.096072]},"properties":{"venue_id":"pv_03da4c6276","venue_name":"國立臺灣科學教育館 七樓西側特展室","address":"臺北市士林區士商路189號","city":"臺北市","event_count":1,"show_count":1,"coord_source":"api_mode","precision":"","lon":121.516838,"lat":25.096072}},{"type":"Feature","geometry":{"type":"Point","coordinates":[121.516467,25.096294]},"properties":{"venue_id":"pv_9902513a4e","venue_name":"國立臺灣科學教育館 小黑盒沉浸式劇場","address":"臺北市士林區士商路189號B1","city":"臺北市","event_count":1,"show_count":4,"coord_source":"api_mode","precision":"","lon":121.516467,"lat":25.096294}},{"type":"Feature","geometry":{"type":"Point","coordinates":[121.516838,25.096072]},"properties":{"venue_id":"pv_a5afda0452","venue_name":"國立臺灣科學教育館 未來廚房","address":"臺北市士林區士商路189號5樓","city":"臺北市","event_count":1,"show_count":3,"coord_source":"api_mode","precision":"","lon":121.516838,"lat":25.096072}},{"type":"Feature","geometry":{"type":"Point","coordinates":[121.516838,25.096072]},"properties":{"venue_id":"pv_c82c8a9fa5","venue_name":"國立臺灣科學教育館 溫暖小池塘","address":"臺北市士林區士商路189號5樓","city":"臺北市","event_count":2,"show_count":7,"coord_source":"api_mode","precision":"","lon":121.516838,"lat":25.096072}},{"type":"Feature","geometry":{"type":"Point","coordinates":[120.6623924,24.141069]},"properties":{"venue_id":"pv_10f20c0952","venue_name":"國立臺灣美術館","address":"臺中市西區五權西路一段2號","city":"臺中市","event_count":2,"show_count":2,"coord_source":"geocode","precision":"exact","lon":120.6623924,"lat":24.141069}},{"type":"Feature","geometry":{"type":"Point","coordinates":[121.5115265,25.0327726]},"properties":{"venue_id":"pv_3153988a48","venue_name":"國立臺灣藝術教育館 南海劇場","address":"臺北市中正區南海路47號","city":"臺北市","event_count":1,"show_count":1,"coord_source":"geocode","precision":"exact","lon":121.5115265,"lat":25.0327726}},{"type":"Feature","geometry":{"type":"Point","coordinates":[121.511836,25.031736]},"properties":{"venue_id":"pv_d9d3ccceeb","venue_name":"國立臺灣藝術教育館南海劇場","address":"臺北市中正區南海路47號","city":"臺北市","event_count":4,"show_count":6,"coord_source":"api_mode","precision":"","lon":121.511836,"lat":25.031736}},{"type":"Feature","geometry":{"type":"Point","coordinates":[120.999263,24.789067]},"properties":{"venue_id":"pv_d5eea46e84","venue_name":"國立陽明交通大學","address":"新竹市東區大學路1001號","city":"新竹市","event_count":1,"show_count":1,"coord_source":"api_mode","precision":"","lon":120.999263,"lat":24.789067}},{"type":"Feature","geometry":{"type":"Point","coordinates":[120.998614,24.788431]},"properties":{"venue_id":"pv_559798e856","venue_name":"國立陽明交通大學光復校區大禮堂","address":"新竹市東區大學路1001號","city":"新竹市","event_count":1,"show_count":1,"coord_source":"api_mode","precision":"","lon":120.998614,"lat":24.788431}},{"type":"Feature","geometry":{"type":"Point","coordinates":[120.534012,23.69585]},"properties":{"venue_id":"pv_9fecea9060","venue_name":"國立雲林科技大學-雲泰表演廳","address":"雲林縣斗六市大學路三段123號","city":"雲林縣","event_count":4,"show_count":4,"coord_source":"api_mode","precision":"","lon":120.534012,"lat":23.69585}},{"type":"Feature","geometry":{"type":"Point","coordinates":[120.321011,22.624057]},"properties":{"venue_id":"pv_ff9288cfcc","venue_name":"國立高雄師範大學 音樂系演奏廳","address":"高雄市苓雅區和平一路116號（和平校區藝術大樓）","city":"高雄市","event_count":1,"show_count":1,"coord_source":"api_mode","precision":"","lon":120.321011,"lat":22.624057}},{"type":"Feature","geometry":{"type":"Point","coordinates":[120.2912655,22.6518393]},"properties":{"venue_id":"pv_21a154ab6c","venue_name":"圓道文教基金會","address":"鼓山區美術東八街8號","city":"","event_count":1,"show_count":1,"coord_source":"geocode","precision":"exact","lon":120.2912655,"lat":22.6518393}},{"type":"Feature","geometry":{"type":"Point","coordinates":[121.438034,24.968371]},"properties":{"venue_id":"pv_b6a18bd640","venue_name":"土城區（新北市）=","address":"新北市土城區","city":"新北市","event_count":1,"show_count":1,"coord_source":"geocode","precision":"approximate","lon":121.438034,"lat":24.968371}},{"type":"Feature","geometry":{"type":"Point","coordinates":[121.4430628,24.973054]},"properties":{"venue_id":"pv_bde04783f8","venue_name":"土城藝文館","address":"新北市土城區和平路24號","city":"新北市","event_count":1,"show_count":1,"coord_source":"geocode","precision":"exact","lon":121.4430628,"lat":24.973054}},{"type":"Feature","geometry":{"type":"Point","coordinates":[120.557239,23.9470735]},"properties":{"venue_id":"pv_0bd88f4b82","venue_name":"埔心鄉（彰化縣）=","address":"彰化縣埔心鄉","city":"彰化縣","event_count":1,"show_count":1,"coord_source":"geocode","precision":"approximate","lon":120.557239,"lat":23.9470735}},{"type":"Feature","geometry":{"type":"Point","coordinates":[120.54413704673611,23.953136735084897]},"properties":{"venue_id":"pv_df86040891","venue_name":"埔心鄉演藝廳","address":"彰化縣埔心鄉員鹿路2段332號","city":"彰化縣","event_count":1,"show_count":1,"coord_source":"geocode","precision":"interpolated","lon":120.54413704673611,"lat":23.953136735084897}},{"type":"Feature","geometry":{"type":"Point","coordinates":[120.9646866,23.9932872]},"properties":{"venue_id":"pv_c4ebaa8b86","venue_name":"埔里鎮（南投縣）=","address":"南投縣埔里鎮","city":"南投縣","event_count":9,"show_count":9,"coord_source":"geocode","precision":"approximate","lon":120.9646866,"lat":23.9932872}},{"type":"Feature","geometry":{"type":"Point","coordinates":[121.736754,25.125069]},"properties":{"venue_id":"pv_312b46a98b","venue_name":"基隆市公共圖書館仁愛分館","address":"基隆市仁愛區光一路28號4樓","city":"基隆市","event_count":1,"show_count":1,"coord_source":"api_mode","precision":"","lon":121.736754,"lat":25.125069}},{"type":"Feature","geometry":{"type":"Point","coordinates":[121.743707,25.13142]},"properties":{"venue_id":"pv_f425a85b2c","venue_name":"基隆文化中心","address":"基隆市中正區信一路181號","city":"基隆市","event_count":1,"show_count":1,"coord_source":"api_mode","precision":"","lon":121.743707,"lat":25.13142}},{"type":"Feature","geometry":{"type":"Point","coordinates":[121.744006,25.131206]},"properties":{"venue_id":"pv_b8338cafb4","venue_name":"基隆表演藝術中心島嶼實驗劇場","address":"基隆市中正區信一路181號","city":"基隆市","event_count":2,"show_count":5,"coord_source":"api_mode","precision":"","lon":121.744006,"lat":25.131206}},{"type":"Feature","geometry":{"type":"Point","coordinates":[121.744107,25.13128]},"properties":{"venue_id":"pv_9bd7cace91","venue_name":"基隆表演藝術中心演藝廳","address":"基隆市中正區信一路181號","city":"基隆市","event_count":7,"show_count":12,"coord_source":"api_mode","precision":"","lon":121.744107,"lat":25.13128}},{"type":"Feature","geometry":{"type":"Point","coordinates":[121.5787376,25.063162]},"properties":{"venue_id":"pv_f82172894c","venue_name":"壹D1","address":"台北市內湖區新湖二路146巷18號","city":"臺北市","event_count":2,"show_count":2,"coord_source":"geocode","precision":"exact","lon":121.5787376,"lat":25.063162}},{"type":"Feature","geometry":{"type":"Point","coordinates":[121.5113064,25.0627243]},"properties":{"venue_id":"pv_d460bcde6f","venue_name":"大同區（臺北市）=","address":"臺北市大同區","city":"臺北市","event_count":1,"show_count":1,"coord_source":"geocode","precision":"approximate","lon":121.5113064,"lat":25.0627243}},{"type":"Feature","geometry":{"type":"Point","coordinates":[121.25555877468881,25.073259014270796]},"properties":{"venue_id":"pv_3aa7563c96","venue_name":"大園區（桃園市）=","address":"桃園市大園區","city":"桃園市","event_count":6,"show_count":6,"coord_source":"geocode","precision":"cached","lon":121.25555877468881,"lat":25.073259014270796}},{"type":"Feature","geometry":{"type":"Point","coordinates":[120.5912217,24.3702355]},"properties":{"venue_id":"pv_5ea8486f34","venue_name":"大安區（臺中市）=","address":"臺中市大安區","city":"臺中市","event_count":3,"show_count":3,"coord_source":"geocode","precision":"approximate","lon":120.5912217,"lat":24.3702355}},{"type":"Feature","geometry":{"type":"Point","coordinates":[121.5433783,25.0249441]},"properties":{"venue_id":"pv_02089c268b","venue_name":"大安區（臺北市）=","address":"臺北市大安區","city":"臺北市","event_count":3,"show_count":3,"coord_source":"geocode","precision":"approximate","lon":121.5433783,"lat":25.0249441}},{"type":"Feature","geometry":{"type":"Point","coordinates":[120.363435,22.624764]},"properties":{"venue_id":"pv_f88d9ff1f4","venue_name":"大東文化藝術中心","address":"高雄市鳳山區光遠路161號","city":"高雄市","event_count":22,"show_count":30,"coord_source":"api_mode","precision":"","lon":120.363435,"lat":22.624764}},{"type":"Feature","geometry":{"type":"Point","coordinates":[120.363435,22.624764]},"properties":{"venue_id":"pv_2c511dcc8e","venue_name":"大東文化藝術中心演藝廳","address":"高雄市鳳山區光遠路161號","city":"高雄市","event_count":1,"show_count":1,"coord_source":"api_mode","precision":"","lon":120.363435,"lat":22.624764}},{"type":"Feature","geometry":{"type":"Point","coordinates":[120.4242401,22.708371]},"properties":{"venue_id":"pv_ba7d85e728","venue_name":"大樹區（高雄市）=","address":"高雄市大樹區","city":"高雄市","event_count":1,"show_count":1,"coord_source":"geocode","precision":"approximate","lon":120.4242401,"lat":22.708371}},{"type":"Feature","geometry":{"type":"Point","coordinates":[120.6482933,24.1534039]},"properties":{"venue_id":"pv_69d0c8ac70","venue_name":"大河美術","address":"臺中市南屯區大業路281號","city":"臺中市","event_count":1,"show_count":1,"coord_source":"geocode","precision":"exact","lon":120.6482933,"lat":24.1534039}},{"type":"Feature","geometry":{"type":"Point","coordinates":[120.8728615,24.3980966]},"properties":{"venue_id":"pv_30068c5859","venue_name":"大湖鄉（苗栗縣）=","address":"苗栗縣大湖鄉","city":"苗栗縣","event_count":6,"show_count":6,"coord_source":"geocode","precision":"approximate","lon":120.8728615,"lat":24.3980966}},{"type":"Feature","geometry":{"type":"Point","coordinates":[121.2969674,24.8658422]},"properties":{"venue_id":"pv_63001e3a63","venue_name":"大溪區（桃園市）=","address":"桃園市大溪區","city":"桃園市","event_count":12,"show_count":12,"coord_source":"geocode","precision":"approximate","lon":121.2969674,"lat":24.8658422}},{"type":"Feature","geometry":{"type":"Point","coordinates":[120.6232203,24.34386]},"properties":{"venue_id":"pv_7c76b72d5e","venue_name":"大甲三寶文化館","address":"臺中市大甲區光明路67號","city":"臺中市","event_count":1,"show_count":1,"coord_source":"geocode","precision":"exact","lon":120.6232203,"lat":24.34386}},{"type":"Feature","geometry":{"type":"Point","coordinates":[121.510305,25.055241]},"properties":{"venue_id":"pv_261af15068","venue_name":"大稻埕戲苑","address":"臺北市大同區迪化街一段21號9樓","city":"臺北市","event_count":12,"show_count":23,"coord_source":"api_mode","precision":"","lon":121.510305,"lat":25.055241}},{"type":"Feature","geometry":{"type":"Point","coordinates":[121.510305,25.055241]},"properties":{"venue_id":"pv_06af8dd4ae","venue_name":"大稻埕戲苑曲藝場","address":"臺北市大同區迪化街一段21號8樓","city":"臺北市","event_count":11,"show_count":13,"coord_source":"api_mode","precision":"","lon":121.510305,"lat":25.055241}},{"type":"Feature","geometry":{"type":"Point","coordinates":[120.6353516,24.1604875]},"properties":{"venue_id":"pv_dd1d5478ba","venue_name":"大美無言藝術空間","address":"臺中市西屯區市政路567號","city":"臺中市","event_count":1,"show_count":1,"coord_source":"geocode","precision":"exact","lon":120.6353516,"lat":24.1604875}},{"type":"Feature","geometry":{"type":"Point","coordinates":[120.64022826469193,24.15880914795396]},"properties":{"venue_id":"pv_7715148583","venue_name":"大象藝術空間館","address":"臺中市西屯區市政路386號13樓之5","city":"臺中市","event_count":1,"show_count":1,"coord_source":"geocode","precision":"cached","lon":120.64022826469193,"lat":24.15880914795396}},{"type":"Feature","geometry":{"type":"Point","coordinates":[120.7243758,24.1340501]},"properties":{"venue_id":"pv_8be69ad570","venue_name":"太平買菸場","address":"臺中市太平區東平路464號","city":"臺中市","event_count":1,"show_count":1,"coord_source":"geocode","precision":"exact","lon":120.7243758,"lat":24.1340501}},{"type":"Feature","geometry":{"type":"Point","coordinates":[120.22639,22.934525]},"properties":{"venue_id":"pv_fa73033c8e","venue_name":"奇美博物館奇美廳","address":"臺南市仁德區文華路二段66號","city":"臺南市","event_count":6,"show_count":6,"coord_source":"api_mode","precision":"","lon":120.22639,"lat":22.934525}},{"type":"Feature","geometry":{"type":"Point","coordinates":[121.5337078,25.0205933]},"properties":{"venue_id":"pv_726ca15154","venue_name":"女書店","address":"大安區大學里新生南路三段56巷7號2樓","city":"","event_count":1,"show_count":2,"coord_source":"geocode","precision":"exact","lon":121.5337078,"lat":25.0205933}},{"type":"Feature","geometry":{"type":"Point","coordinates":[121.5321763,25.097789]},"properties":{"venue_id":"pv_b375786d8f","venue_name":"孟焦畫坊","address":"士林區雨農路17-2號1樓","city":"","event_count":2,"show_count":3,"coord_source":"geocode","precision":"exact","lon":121.5321763,"lat":25.097789}},{"type":"Feature","geometry":{"type":"Point","coordinates":[121.5670379,25.0793209]},"properties":{"venue_id":"pv_d65c83ea88","venue_name":"安卓藝術","address":"內湖區瑞光路548巷15號5樓","city":"","event_count":1,"show_count":1,"coord_source":"geocode","precision":"exact","lon":121.5670379,"lat":25.0793209}},{"type":"Feature","geometry":{"type":"Point","coordinates":[120.1358346,23.0585336]},"properties":{"venue_id":"pv_1049d15e7f","venue_name":"安南區（臺南市）=","address":"臺南市安南區","city":"臺南市","event_count":1,"show_count":1,"coord_source":"geocode","precision":"approximate","lon":120.1358346,"lat":23.0585336}},{"type":"Feature","geometry":{"type":"Point","coordinates":[120.16236555911759,22.973111559341596]},"properties":{"venue_id":"pv_a5a649330c","venue_name":"安平區（臺南市）=","address":"臺南市安平區","city":"臺南市","event_count":1,"show_count":1,"coord_source":"geocode","precision":"cached","lon":120.16236555911759,"lat":22.973111559341596}},{"type":"Feature","geometry":{"type":"Point","coordinates":[121.7537338,24.7517103]},"properties":{"venue_id":"pv_3caf2b86b8","venue_name":"宜蘭人故事館","address":"宜蘭縣宜蘭市中山路二段426號","city":"宜蘭縣","event_count":1,"show_count":1,"coord_source":"geocode","precision":"exact","lon":121.7537338,"lat":24.7517103}},{"type":"Feature","geometry":{"type":"Point","coordinates":[121.7593384,24.7882519]},"properties":{"venue_id":"pv_4983cae620","venue_name":"宜蘭場","address":"礁溪鄉北門巷39號","city":"","event_count":1,"show_count":1,"coord_source":"geocode","precision":"exact","lon":121.7593384,"lat":24.7882519}},{"type":"Feature","geometry":{"type":"Point","coordinates":[121.75274,24.75335]},"properties":{"venue_id":"pv_cca483d36f","venue_name":"宜蘭演藝廳","address":"宜蘭縣宜蘭市中山路二段482號","city":"宜蘭縣","event_count":8,"show_count":9,"coord_source":"api_mode","precision":"","lon":121.75274,"lat":24.75335}},{"type":"Feature","geometry":{"type":"Point","coordinates":[121.7634767,24.6744487]},"properties":{"venue_id":"pv_767f74192d","venue_name":"宜蘭縣羅東鎮立圖書館  李科永紀念圖書館","address":"宜蘭縣羅東鎮14鄰純精路一段88號","city":"宜蘭縣","event_count":1,"show_count":1,"coord_source":"geocode","precision":"exact","lon":121.7634767,"lat":24.6744487}},{"type":"Feature","geometry":{"type":"Point","coordinates":[121.5254459,25.0201157]},"properties":{"venue_id":"pv_69b1ee703a","venue_name":"客家文化主題公園","address":"臺北市中正區汀州路3段2號","city":"臺北市","event_count":1,"show_count":1,"coord_source":"geocode","precision":"exact","lon":121.5254459,"lat":25.0201157}},{"type":"Feature","geometry":{"type":"Point","coordinates":[121.571205,25.03938]},"properties":{"venue_id":"pv_60db405a15","venue_name":"富邦美術館1樓","address":"臺北市信義區松高路79號","city":"臺北市","event_count":1,"show_count":1,"coord_source":"api_mode","precision":"","lon":121.571205,"lat":25.03938}},{"type":"Feature","geometry":{"type":"Point","coordinates":[121.4559288,24.9959969]},"properties":{"venue_id":"pv_3861450865","venue_name":"寶嚴善覺講堂","address":"板橋區四川路一段178-180號","city":"","event_count":1,"show_count":1,"coord_source":"geocode","precision":"approximate","lon":121.4559288,"lat":24.9959969}},{"type":"Feature","geometry":{"type":"Point","coordinates":[121.515938,25.059103]},"properties":{"venue_id":"pv_a34efbc264","venue_name":"小劇場學校","address":"臺北市大同區歸綏街97巷4號B1","city":"臺北市","event_count":4,"show_count":19,"coord_source":"api_mode","precision":"","lon":121.515938,"lat":25.059103}},{"type":"Feature","geometry":{"type":"Point","coordinates":[121.545527,25.03564]},"properties":{"venue_id":"pv_5954362404","venue_name":"小馬廄","address":"臺北市大安區復興南路一段279巷33號B1","city":"臺北市","event_count":9,"show_count":26,"coord_source":"api_mode","precision":"","lon":121.545527,"lat":25.03564}},{"type":"Feature","geometry":{"type":"Point","coordinates":[121.49913,25.132862]},"properties":{"venue_id":"pv_75d9fc1182","venue_name":"尾田家","address":"臺北市北投區大同街21號","city":"臺北市","event_count":5,"show_count":16,"coord_source":"api_mode","precision":"","lon":121.49913,"lat":25.132862}},{"type":"Feature","geometry":{"type":"Point","coordinates":[120.4810691,22.6603277]},"properties":{"venue_id":"pv_a37dc9b3b0","venue_name":"屏東市立復興圖書館","address":"屏東縣屏東市建南路162號","city":"屏東縣","event_count":2,"show_count":2,"coord_source":"geocode","precision":"exact","lon":120.4810691,"lat":22.6603277}},{"type":"Feature","geometry":{"type":"Point","coordinates":[120.505572,22.663457]},"properties":{"venue_id":"pv_848ebd7913","venue_name":"屏東演藝廳-音樂廳","address":"屏東縣屏東市民生路4-17號","city":"屏東縣","event_count":1,"show_count":1,"coord_source":"api_mode","precision":"","lon":120.505572,"lat":22.663457}},{"type":"Feature","geometry":{"type":"Point","coordinates":[120.506133,22.66337]},"properties":{"venue_id":"pv_a7d98fe70d","venue_name":"屏東演藝廳實驗劇場","address":"屏東縣屏東市民生路4-17號","city":"屏東縣","event_count":5,"show_count":7,"coord_source":"api_mode","precision":"","lon":120.506133,"lat":22.66337}},{"type":"Feature","geometry":{"type":"Point","coordinates":[120.506133,22.66337]},"properties":{"venue_id":"pv_6545fda40c","venue_name":"屏東演藝廳音樂廳","address":"屏東縣屏東市民生路4-17號","city":"屏東縣","event_count":10,"show_count":17,"coord_source":"api_mode","precision":"","lon":120.506133,"lat":22.66337}},{"type":"Feature","geometry":{"type":"Point","coordinates":[120.506216,22.66361]},"properties":{"venue_id":"pv_94b86d719e","venue_name":"屏東演藝廳音樂廳 大廳","address":"屏東縣屏東市民生路4-17號","city":"屏東縣","event_count":1,"show_count":13,"coord_source":"api_mode","precision":"","lon":120.506216,"lat":22.66361}},{"type":"Feature","geometry":{"type":"Point","coordinates":[120.5487597,22.5519759]},"properties":{"venue_id":"pv_0c682deb17","venue_name":"屏東縣","address":"屏東縣全區域","city":"屏東縣","event_count":1,"show_count":1,"coord_source":"geocode","precision":"approximate","lon":120.5487597,"lat":22.5519759}},{"type":"Feature","geometry":{"type":"Point","coordinates":[120.5800059,22.6929602]},"properties":{"venue_id":"pv_2e03020d7f","venue_name":"屏東縣原住民Vusam圖書館","address":"霧台鄉魯凱街200號(長治大愛園區內)","city":"屏東縣","event_count":1,"show_count":2,"coord_source":"geocode","precision":"exact","lon":120.5800059,"lat":22.6929602}},{"type":"Feature","geometry":{"type":"Point","coordinates":[120.4599361,22.4638783]},"properties":{"venue_id":"pv_4686e680ed","venue_name":"屏東縣王船文化館","address":"屏東縣東港鎮船頭路9號","city":"屏東縣","event_count":2,"show_count":2,"coord_source":"geocode","precision":"exact","lon":120.4599361,"lat":22.4638783}},{"type":"Feature","geometry":{"type":"Point","coordinates":[120.600221486933,22.826469387190038]},"properties":{"venue_id":"pv_08b2f82c41","venue_name":"屏東縣高樹鄉立圖書館","address":"屏東縣高樹鄉興中路328號","city":"屏東縣","event_count":2,"show_count":2,"coord_source":"geocode","precision":"interpolated","lon":120.600221486933,"lat":22.826469387190038}},{"type":"Feature","geometry":{"type":"Point","coordinates":[120.477255,22.677091]},"properties":{"venue_id":"pv_0d50dc7f41","venue_name":"屏東藝術館","address":"屏東縣屏東市和平路427號","city":"屏東縣","event_count":6,"show_count":6,"coord_source":"api_mode","precision":"","lon":120.477255,"lat":22.677091}},{"type":"Feature","geometry":{"type":"Point","coordinates":[120.5046967,22.6614872]},"properties":{"venue_id":"pv_283f09fa6a","venue_name":"屏菸1936文化基地","address":"屏東縣屏東市菸廠路1號","city":"屏東縣","event_count":4,"show_count":4,"coord_source":"geocode","precision":"exact","lon":120.5046967,"lat":22.6614872}},{"type":"Feature","geometry":{"type":"Point","coordinates":[121.49994,25.130977]},"properties":{"venue_id":"pv_21cf473825","venue_name":"山峸藝術公寓ART APT. 頂樓天台劇場","address":"臺北市北投區光明路二巷25號5樓","city":"臺北市","event_count":1,"show_count":2,"coord_source":"api_mode","precision":"","lon":121.49994,"lat":25.130977}},{"type":"Feature","geometry":{"type":"Point","coordinates":[120.794445,24.40216]},"properties":{"venue_id":"pv_3df212549f","venue_name":"山板樵休閒農場","address":"苗栗縣三義鄉雙連潭138號","city":"苗栗縣","event_count":1,"show_count":2,"coord_source":"api_mode","precision":"","lon":120.794445,"lat":24.40216}},{"type":"Feature","geometry":{"type":"Point","coordinates":[121.5168352,25.0444537]},"properties":{"venue_id":"pv_dabbf3c985","venue_name":"崇友文教基金會","address":"中正區公園路30號10樓A室","city":"","event_count":1,"show_count":2,"coord_source":"geocode","precision":"exact","lon":121.5168352,"lat":25.0444537}},{"type":"Feature","geometry":{"type":"Point","coordinates":[120.2916524,22.6877358]},"properties":{"venue_id":"pv_b90edc7af2","venue_name":"左營區（高雄市）=","address":"高雄市左營區","city":"高雄市","event_count":4,"show_count":4,"coord_source":"geocode","precision":"approximate","lon":120.2916524,"lat":22.6877358}},{"type":"Feature","geometry":{"type":"Point","coordinates":[121.528167,25.024109]},"properties":{"venue_id":"pv_3c010a8da6","venue_name":"巷藝術","address":"臺北市大安區師大路68巷1號","city":"臺北市","event_count":4,"show_count":13,"coord_source":"api_mode","precision":"","lon":121.528167,"lat":25.024109}},{"type":"Feature","geometry":{"type":"Point","coordinates":[121.528715,25.023323]},"properties":{"venue_id":"pv_9e6e4d3169","venue_name":"師大白鹿洞書坊B1","address":"臺北市大安區師大路83巷3號","city":"臺北市","event_count":7,"show_count":20,"coord_source":"api_mode","precision":"","lon":121.528715,"lat":25.023323}},{"type":"Feature","geometry":{"type":"Point","coordinates":[121.7408654,25.0248314]},"properties":{"venue_id":"pv_f4a029ed40","venue_name":"平溪區（新北市）=","address":"新北市平溪區","city":"新北市","event_count":1,"show_count":1,"coord_source":"geocode","precision":"approximate","lon":121.7408654,"lat":25.0248314}},{"type":"Feature","geometry":{"type":"Point","coordinates":[121.2053963,24.9296022]},"properties":{"venue_id":"pv_671323cefa","venue_name":"平鎮區（桃園市）=","address":"桃園市平鎮區","city":"桃園市","event_count":4,"show_count":4,"coord_source":"geocode","precision":"approximate","lon":121.2053963,"lat":24.9296022}},{"type":"Feature","geometry":{"type":"Point","coordinates":[121.459623,25.009377]},"properties":{"venue_id":"pv_60b38b5c65","venue_name":"府中15","address":"新北市板橋區府中路15號B1","city":"新北市","event_count":26,"show_count":32,"coord_source":"api_mode","precision":"","lon":121.459623,"lat":25.009377}},{"type":"Feature","geometry":{"type":"Point","coordinates":[120.41423,23.3535885]},"properties":{"venue_id":"pv_909b2ca73c","venue_name":"張慶芳紀念圖書館(白河區圖書館)","address":"臺南市白河區新興路573號","city":"臺南市","event_count":1,"show_count":1,"coord_source":"geocode","precision":"exact","lon":120.41423,"lat":23.3535885}},{"type":"Feature","geometry":{"type":"Point","coordinates":[120.4345031,24.0587638]},"properties":{"venue_id":"pv_031a9941ad","venue_name":"彰化區漁會","address":"彰化縣鹿港鎮復興路485號","city":"彰化縣","event_count":1,"show_count":1,"coord_source":"geocode","precision":"exact","lon":120.4345031,"lat":24.0587638}},{"type":"Feature","geometry":{"type":"Point","coordinates":[120.54446124930415,24.071490040768445]},"properties":{"venue_id":"pv_91a2e4e13a","venue_name":"彰化基督教醫院","address":"彰化縣彰化市南校街135號","city":"彰化縣","event_count":2,"show_count":2,"coord_source":"geocode","precision":"cached","lon":120.54446124930415,"lat":24.071490040768445}},{"type":"Feature","geometry":{"type":"Point","coordinates":[120.5427532,24.0781322]},"properties":{"venue_id":"pv_6aed69daf7","venue_name":"彰化市古月民俗館","address":"彰化縣彰化市中華路57號","city":"彰化縣","event_count":1,"show_count":1,"coord_source":"geocode","precision":"exact","lon":120.5427532,"lat":24.0781322}},{"type":"Feature","geometry":{"type":"Point","coordinates":[120.5458354,24.0781062]},"properties":{"venue_id":"pv_80e4650a0f","venue_name":"彰化市立圖書館","address":"彰化縣彰化市卦山路4號","city":"彰化縣","event_count":1,"show_count":1,"coord_source":"geocode","precision":"exact","lon":120.5458354,"lat":24.0781062}},{"type":"Feature","geometry":{"type":"Point","coordinates":[120.3748749,23.8999554]},"properties":{"venue_id":"pv_b03339cb37","venue_name":"彰化縣二林鎮立圖書館","address":"彰化縣二林鎮斗苑路4段626號","city":"彰化縣","event_count":2,"show_count":2,"coord_source":"geocode","precision":"exact","lon":120.3748749,"lat":23.8999554}},{"type":"Feature","geometry":{"type":"Point","coordinates":[120.6166512,23.8100023]},"properties":{"venue_id":"pv_7f9374c157","venue_name":"彰化縣二水鄉立圖書館","address":"彰化縣二水鄉溪邊巷72號","city":"彰化縣","event_count":1,"show_count":1,"coord_source":"geocode","precision":"exact","lon":120.6166512,"lat":23.8100023}},{"type":"Feature","geometry":{"type":"Point","coordinates":[120.48514190077844,24.14479442230845]},"properties":{"venue_id":"pv_54486292ad","venue_name":"彰化縣伸港鄉立圖書館","address":"彰化縣伸港鄉中正路89號","city":"彰化縣","event_count":1,"show_count":1,"coord_source":"geocode","precision":"interpolated","lon":120.48514190077844,"lat":24.14479442230845}},{"type":"Feature","geometry":{"type":"Point","coordinates":[120.5234969,23.8776556]},"properties":{"venue_id":"pv_386a94bc1b","venue_name":"彰化縣北斗鎮立圖書館","address":"彰化縣北斗鎮光復路363號","city":"彰化縣","event_count":2,"show_count":2,"coord_source":"geocode","precision":"exact","lon":120.5234969,"lat":23.8776556}},{"type":"Feature","geometry":{"type":"Point","coordinates":[120.5603643,24.0854623]},"properties":{"venue_id":"pv_ca0f1694a3","venue_name":"彰化縣原住民生活館","address":"彰化縣彰化市中山路三段266-1號","city":"彰化縣","event_count":1,"show_count":1,"coord_source":"geocode","precision":"exact","lon":120.5603643,"lat":24.0854623}},{"type":"Feature","geometry":{"type":"Point","coordinates":[120.496669,24.107911]},"properties":{"venue_id":"pv_f50d0f5f41","venue_name":"彰化縣和美鎮立圖書館","address":"彰化縣和美鎮道周路346號","city":"彰化縣","event_count":23,"show_count":23,"coord_source":"geocode","precision":"exact","lon":120.496669,"lat":24.107911}},{"type":"Feature","geometry":{"type":"Point","coordinates":[120.5747551,23.959114]},"properties":{"venue_id":"pv_0ca6b55a6b","venue_name":"彰化縣員林市立圖書館","address":"彰化縣員林市三民街2之1號","city":"彰化縣","event_count":25,"show_count":25,"coord_source":"geocode","precision":"exact","lon":120.5747551,"lat":23.959114}},{"type":"Feature","geometry":{"type":"Point","coordinates":[120.5789254,23.9494496]},"properties":{"venue_id":"pv_f9aa802e08","venue_name":"彰化縣員林演藝廳","address":"彰化縣員林市員林大道2段99號","city":"彰化縣","event_count":18,"show_count":18,"coord_source":"geocode","precision":"exact","lon":120.5789254,"lat":23.9494496}},{"type":"Feature","geometry":{"type":"Point","coordinates":[120.46254458856079,24.00072829055543]},"properties":{"venue_id":"pv_2779f3d3ac","venue_name":"彰化縣埔鹽鄉立圖書館","address":"彰化縣埔鹽鄉員鹿路2段60號","city":"彰化縣","event_count":6,"show_count":6,"coord_source":"geocode","precision":"interpolated","lon":120.46254458856079,"lat":24.00072829055543}},{"type":"Feature","geometry":{"type":"Point","coordinates":[120.4585636,23.8935314]},"properties":{"venue_id":"pv_743bea671b","venue_name":"彰化縣埤頭鄉立圖書館","address":"彰化縣埤頭鄉文鄉路135號","city":"彰化縣","event_count":2,"show_count":2,"coord_source":"geocode","precision":"exact","lon":120.4585636,"lat":23.8935314}},{"type":"Feature","geometry":{"type":"Point","coordinates":[120.3211795,23.8526263]},"properties":{"venue_id":"pv_3d9f220237","venue_name":"彰化縣大城鄉立圖書館","address":"彰化縣大城鄉中平路163號","city":"彰化縣","event_count":7,"show_count":7,"coord_source":"geocode","precision":"exact","lon":120.3211795,"lat":23.8526263}},{"type":"Feature","geometry":{"type":"Point","coordinates":[120.5447396,24.0755521]},"properties":{"venue_id":"pv_1192fa1719","venue_name":"彰化縣政府（彰化演藝廳）","address":"彰化縣彰化市中山路2段416號","city":"彰化縣","event_count":1,"show_count":1,"coord_source":"geocode","precision":"exact","lon":120.5447396,"lat":24.0755521}},{"type":"Feature","geometry":{"type":"Point","coordinates":[120.579126,23.949177]},"properties":{"venue_id":"pv_fb5ab2c488","venue_name":"彰化縣文化局員林演藝廳小劇場","address":"彰化縣員林市員林大道二段99號","city":"彰化縣","event_count":6,"show_count":11,"coord_source":"api_mode","precision":"","lon":120.579126,"lat":23.949177}},{"type":"Feature","geometry":{"type":"Point","coordinates":[120.579127,23.949171]},"properties":{"venue_id":"pv_b3fd4b6dd1","venue_name":"彰化縣文化局員林演藝廳排練室","address":"彰化縣員林市員林大道二段99號","city":"彰化縣","event_count":4,"show_count":4,"coord_source":"api_mode","precision":"","lon":120.579127,"lat":23.949171}},{"type":"Feature","geometry":{"type":"Point","coordinates":[120.579127,23.949171]},"properties":{"venue_id":"pv_f3a4225761","venue_name":"彰化縣文化局員林演藝廳表演廳","address":"彰化縣員林市員林大道二段99號","city":"彰化縣","event_count":8,"show_count":8,"coord_source":"api_mode","precision":"","lon":120.579127,"lat":23.949171}},{"type":"Feature","geometry":{"type":"Point","coordinates":[120.5460858,23.9213053]},"properties":{"venue_id":"pv_13448453d1","venue_name":"彰化縣永靖鄉立圖書館","address":"彰化縣永靖鄉永安街86號","city":"彰化縣","event_count":1,"show_count":1,"coord_source":"geocode","precision":"exact","lon":120.5460858,"lat":23.9213053}},{"type":"Feature","geometry":{"type":"Point","coordinates":[120.4990169,23.8510595]},"properties":{"venue_id":"pv_788e30fbd8","venue_name":"彰化縣溪州鄉立圖書館","address":"彰化縣溪州鄉溪下路4段556號","city":"彰化縣","event_count":1,"show_count":1,"coord_source":"geocode","precision":"exact","lon":120.4990169,"lat":23.8510595}},{"type":"Feature","geometry":{"type":"Point","coordinates":[120.4785399,23.9628433]},"properties":{"venue_id":"pv_cc52399b32","venue_name":"彰化縣溪湖鎮立圖書館","address":"彰化縣溪湖鎮太平街147號","city":"彰化縣","event_count":1,"show_count":1,"coord_source":"geocode","precision":"exact","lon":120.4785399,"lat":23.9628433}},{"type":"Feature","geometry":{"type":"Point","coordinates":[120.5887366,23.8563229]},"properties":{"venue_id":"pv_b704595c2a","venue_name":"彰化縣田中鎮立圖書館","address":"彰化縣田中鎮中新路229號","city":"彰化縣","event_count":2,"show_count":2,"coord_source":"geocode","precision":"exact","lon":120.5887366,"lat":23.8563229}},{"type":"Feature","geometry":{"type":"Point","coordinates":[120.5257121,23.8920302]},"properties":{"venue_id":"pv_42947d15a8","venue_name":"彰化縣田尾鄉立圖書館","address":"彰化縣田尾鄉公所路185號","city":"彰化縣","event_count":1,"show_count":1,"coord_source":"geocode","precision":"exact","lon":120.5257121,"lat":23.8920302}},{"type":"Feature","geometry":{"type":"Point","coordinates":[120.5896233,23.8974997]},"properties":{"venue_id":"pv_c9f70767e2","venue_name":"彰化縣社頭鄉立圖書館","address":"彰化縣社頭鄉信義三路55號","city":"彰化縣","event_count":2,"show_count":2,"coord_source":"geocode","precision":"exact","lon":120.5896233,"lat":23.8974997}},{"type":"Feature","geometry":{"type":"Point","coordinates":[120.4438494255661,24.047950743138678]},"properties":{"venue_id":"pv_c196d6dbe8","venue_name":"彰化縣福興鄉立粘銘紀念圖書館","address":"彰化縣福興鄉彰鹿路7段495號","city":"彰化縣","event_count":1,"show_count":1,"coord_source":"geocode","precision":"cached","lon":120.4438494255661,"lat":24.047950743138678}},{"type":"Feature","geometry":{"type":"Point","coordinates":[120.50216210169019,24.034470086766056]},"properties":{"venue_id":"pv_dff0689faa","venue_name":"彰化縣秀水鄉立圖書館","address":"彰化縣秀水鄉中山路290號","city":"彰化縣","event_count":1,"show_count":1,"coord_source":"geocode","precision":"interpolated","lon":120.50216210169019,"lat":24.034470086766056}},{"type":"Feature","geometry":{"type":"Point","coordinates":[120.5452981,24.0786782]},"properties":{"venue_id":"pv_d4667ee978","venue_name":"彰化縣立圖書館","address":"彰化縣彰化市中山路2段500號","city":"彰化縣","event_count":4,"show_count":4,"coord_source":"geocode","precision":"exact","lon":120.5452981,"lat":24.0786782}},{"type":"Feature","geometry":{"type":"Point","coordinates":[120.5458437,24.0775097]},"properties":{"venue_id":"pv_1c4d333ae7","venue_name":"彰化縣立美術館","address":"彰化縣彰化市卦山路3號","city":"彰化縣","event_count":3,"show_count":3,"coord_source":"geocode","precision":"exact","lon":120.5458437,"lat":24.0775097}},{"type":"Feature","geometry":{"type":"Point","coordinates":[120.42794355366661,23.860603248581626]},"properties":{"venue_id":"pv_23bf4dc668","venue_name":"彰化縣竹塘鄉立圖書館","address":"彰化縣竹塘鄉竹林路1段315號","city":"彰化縣","event_count":1,"show_count":1,"coord_source":"geocode","precision":"interpolated","lon":120.42794355366661,"lat":23.860603248581626}},{"type":"Feature","geometry":{"type":"Point","coordinates":[120.6281215,24.0120583]},"properties":{"venue_id":"pv_ef1e47c6fa","venue_name":"彰化縣芬園鄉立圖書館","address":"彰化縣芬園鄉彰南路4段25號","city":"彰化縣","event_count":1,"show_count":1,"coord_source":"geocode","precision":"exact","lon":120.6281215,"lat":24.0120583}},{"type":"Feature","geometry":{"type":"Point","coordinates":[120.5455884,24.0276786]},"properties":{"venue_id":"pv_8c64383a9f","venue_name":"彰化縣花壇鄉立圖書館","address":"彰化縣花壇鄉中正路72號","city":"彰化縣","event_count":1,"show_count":1,"coord_source":"geocode","precision":"exact","lon":120.5455884,"lat":24.0276786}},{"type":"Feature","geometry":{"type":"Point","coordinates":[120.3199375,23.9244387]},"properties":{"venue_id":"pv_a503a6fc0c","venue_name":"彰化縣芳苑鄉立圖書館","address":"彰化縣芳苑鄉斗苑路芳苑段206號","city":"彰化縣","event_count":1,"show_count":1,"coord_source":"geocode","precision":"exact","lon":120.3199375,"lat":23.9244387}},{"type":"Feature","geometry":{"type":"Point","coordinates":[120.4314134,24.0548141]},"properties":{"venue_id":"pv_1f46dd0b7b","venue_name":"彰化縣鹿港鎮立圖書館(文化所)","address":"彰化縣鹿港鎮公園一路83號","city":"彰化縣","event_count":3,"show_count":3,"coord_source":"geocode","precision":"exact","lon":120.4314134,"lat":24.0548141}},{"type":"Feature","geometry":{"type":"Point","coordinates":[120.5454828,24.0790668]},"properties":{"venue_id":"pv_e9464fecc4","venue_name":"彰化藝術館","address":"彰化縣彰化市中山路2段542號","city":"彰化縣","event_count":8,"show_count":8,"coord_source":"geocode","precision":"exact","lon":120.5454828,"lat":24.0790668}},{"type":"Feature","geometry":{"type":"Point","coordinates":[120.7906035,24.6144348]},"properties":{"venue_id":"pv_6af2a006c5","venue_name":"後龍鎮（苗栗縣）=","address":"苗栗縣後龍鎮","city":"苗栗縣","event_count":3,"show_count":3,"coord_source":"geocode","precision":"approximate","lon":120.7906035,"lat":24.6144348}},{"type":"Feature","geometry":{"type":"Point","coordinates":[121.4369293,25.172622]},"properties":{"venue_id":"pv_57fd090894","venue_name":"得忌利士洋行","address":"新北市淡水區中正路316、316-1號","city":"新北市","event_count":1,"show_count":1,"coord_source":"geocode","precision":"exact","lon":121.4369293,"lat":25.172622}},{"type":"Feature","geometry":{"type":"Point","coordinates":[121.5441513,25.0474407]},"properties":{"venue_id":"pv_f009a2b5b8","venue_name":"復興南路一段36-9號1樓","address":"中山區復興南路一段36-9號1樓","city":"","event_count":1,"show_count":1,"coord_source":"geocode","precision":"exact","lon":121.5441513,"lat":25.0474407}},{"type":"Feature","geometry":{"type":"Point","coordinates":[120.682107,24.490112]},"properties":{"venue_id":"pv_ea1000a2bf","venue_name":"念清居咖啡","address":"苗栗縣通霄鎮通東里中正路19-5號1樓","city":"苗栗縣","event_count":1,"show_count":4,"coord_source":"api_mode","precision":"","lon":120.682107,"lat":24.490112}},{"type":"Feature","geometry":{"type":"Point","coordinates":[121.509949,25.054633]},"properties":{"venue_id":"pv_5924a22c8b","venue_name":"思劇場","address":"臺北市大同區迪化街一段32巷1號3樓","city":"臺北市","event_count":1,"show_count":5,"coord_source":"api_mode","precision":"","lon":121.509949,"lat":25.054633}},{"type":"Feature","geometry":{"type":"Point","coordinates":[120.74813,22.00657]},"properties":{"venue_id":"pv_2403006a07","venue_name":"恆春文化中心劇場館表演廳","address":"屏東縣恆春鎮東門路1巷18號1樓","city":"屏東縣","event_count":6,"show_count":9,"coord_source":"api_mode","precision":"","lon":120.74813,"lat":22.00657}},{"type":"Feature","geometry":{"type":"Point","coordinates":[120.74813,22.00657]},"properties":{"venue_id":"pv_bb93c9e46a","venue_name":"恆春文化中心劇場館視聽室","address":"屏東縣恆春鎮東門路1巷18號4樓","city":"屏東縣","event_count":1,"show_count":1,"coord_source":"api_mode","precision":"","lon":120.74813,"lat":22.00657}},{"type":"Feature","geometry":{"type":"Point","coordinates":[120.286871,22.587232]},"properties":{"venue_id":"pv_66bb6d93fe","venue_name":"戰爭與和平紀念公園主題館","address":"高雄市旗津區旗津二路701號","city":"高雄市","event_count":1,"show_count":1,"coord_source":"api_mode","precision":"","lon":120.286871,"lat":22.587232}},{"type":"Feature","geometry":{"type":"Point","coordinates":[120.224431,22.992528]},"properties":{"venue_id":"pv_973fdd10c6","venue_name":"戲巢藝術館","address":"臺南市東區林森路二段256號","city":"臺南市","event_count":1,"show_count":1,"coord_source":"api_mode","precision":"","lon":120.224431,"lat":22.992528}},{"type":"Feature","geometry":{"type":"Point","coordinates":[120.26685,22.618911]},"properties":{"venue_id":"pv_b82a2ea337","venue_name":"打狗英國領事館文化園區","address":"高雄市鼓山區蓮海路20號","city":"高雄市","event_count":1,"show_count":1,"coord_source":"api_mode","precision":"","lon":120.26685,"lat":22.618911}},{"type":"Feature","geometry":{"type":"Point","coordinates":[121.509259,25.054545]},"properties":{"venue_id":"pv_083e98b563","venue_name":"拾久駅","address":"臺北市大同區迪化街一段32巷17號","city":"臺北市","event_count":8,"show_count":35,"coord_source":"api_mode","precision":"","lon":121.509259,"lat":25.054545}},{"type":"Feature","geometry":{"type":"Point","coordinates":[121.180603,24.825239]},"properties":{"venue_id":"pv_4c11098d26","venue_name":"擬家聊天室","address":"無無線上觀賞","city":"","event_count":1,"show_count":10,"coord_source":"api_mode","precision":"","lon":121.180603,"lat":24.825239}},{"type":"Feature","geometry":{"type":"Point","coordinates":[121.4178347,25.0265985]},"properties":{"venue_id":"pv_9e35f5e3d3","venue_name":"文化部","address":"新莊區","city":"","event_count":1,"show_count":1,"coord_source":"geocode","precision":"approximate","lon":121.4178347,"lat":25.0265985}},{"type":"Feature","geometry":{"type":"Point","coordinates":[120.680893,24.132927]},"properties":{"venue_id":"pv_53cbc3a6a9","venue_name":"文化部文化資產園區","address":"臺中市南區復興路三段362號","city":"臺中市","event_count":1,"show_count":1,"coord_source":"api_mode","precision":"","lon":120.680893,"lat":24.132927}},{"type":"Feature","geometry":{"type":"Point","coordinates":[121.538087,25.025991]},"properties":{"venue_id":"pv_5262f7c471","venue_name":"文大推廣部大夏館表演廳","address":"臺北市大安區建國南路二段231號","city":"臺北市","event_count":1,"show_count":1,"coord_source":"api_mode","precision":"","lon":121.538087,"lat":25.025991}},{"type":"Feature","geometry":{"type":"Point","coordinates":[121.541168,24.992075]},"properties":{"venue_id":"pv_7da6213707","venue_name":"文山劇場","address":"臺北市文山區景文街32號，捷運景美站1號出口","city":"臺北市","event_count":7,"show_count":30,"coord_source":"api_mode","precision":"","lon":121.541168,"lat":24.992075}},{"type":"Feature","geometry":{"type":"Point","coordinates":[120.540952,23.71193]},"properties":{"venue_id":"pv_040851ae27","venue_name":"斗六火車站大廳","address":"雲林縣斗六市信義里民生路187 號","city":"雲林縣","event_count":1,"show_count":1,"coord_source":"api_mode","precision":"","lon":120.540952,"lat":23.71193}},{"type":"Feature","geometry":{"type":"Point","coordinates":[121.44799601773651,25.06462582594073]},"properties":{"venue_id":"pv_19406a68e6","venue_name":"新北市五股工商展覽中心","address":"新北市五股區五權路1號","city":"新北市","event_count":3,"show_count":3,"coord_source":"geocode","precision":"cached","lon":121.44799601773651,"lat":25.06462582594073}},{"type":"Feature","geometry":{"type":"Point","coordinates":[121.44287301929947,24.97253317947374]},"properties":{"venue_id":"pv_29354db202","venue_name":"新北市土城區公所(行政大樓)","address":"新北市土城區金城路一段101號","city":"新北市","event_count":1,"show_count":1,"coord_source":"geocode","precision":"cached","lon":121.44287301929947,"lat":24.97253317947374}},{"type":"Feature","geometry":{"type":"Point","coordinates":[121.46487,25.012251]},"properties":{"venue_id":"pv_1293b81176","venue_name":"新北市政府多功能集會堂","address":"新北市板橋區中山路一段161號3樓","city":"新北市","event_count":1,"show_count":1,"coord_source":"api_mode","precision":"","lon":121.46487,"lat":25.012251}},{"type":"Feature","geometry":{"type":"Point","coordinates":[121.4050071,25.1569963]},"properties":{"venue_id":"pv_8bf0225c02","venue_name":"新北市立十三行博物館","address":"新北市八里區博物館路200號","city":"新北市","event_count":1,"show_count":1,"coord_source":"geocode","precision":"exact","lon":121.4050071,"lat":25.1569963}},{"type":"Feature","geometry":{"type":"Point","coordinates":[121.454455,25.0110947]},"properties":{"venue_id":"pv_4f7742f808","venue_name":"新北市立國定古蹟林本源園邸","address":"新北市板橋區西門街9號","city":"新北市","event_count":1,"show_count":1,"coord_source":"geocode","precision":"exact","lon":121.454455,"lat":25.0110947}},{"type":"Feature","geometry":{"type":"Point","coordinates":[121.4742271,25.0032856]},"properties":{"venue_id":"pv_dc6ebbaa83","venue_name":"新北市立圖書館中和員山分館","address":"新北市中和區民享街37號2樓","city":"新北市","event_count":2,"show_count":2,"coord_source":"geocode","precision":"exact","lon":121.4742271,"lat":25.0032856}},{"type":"Feature","geometry":{"type":"Point","coordinates":[121.4996683,24.9961081]},"properties":{"venue_id":"pv_efbd88fdd2","venue_name":"新北市立圖書館中和大同圖書閱覽室","address":"新北市中和區圓通路121巷5號1樓","city":"新北市","event_count":1,"show_count":1,"coord_source":"geocode","precision":"exact","lon":121.4996683,"lat":24.9961081}},{"type":"Feature","geometry":{"type":"Point","coordinates":[121.43981741186379,25.082467473704757]},"properties":{"venue_id":"pv_2e151a9b7c","venue_name":"新北市立圖書館五股分館","address":"新北市五股區工商路1號3樓","city":"新北市","event_count":1,"show_count":1,"coord_source":"geocode","precision":"cached","lon":121.43981741186379,"lat":25.082467473704757}},{"type":"Feature","geometry":{"type":"Point","coordinates":[121.4465914,25.0947319]},"properties":{"venue_id":"pv_3f86796c34","venue_name":"新北市立圖書館五股成功分館","address":"新北市五股區新北市五股區西雲路165號5樓","city":"新北市","event_count":2,"show_count":2,"coord_source":"geocode","precision":"exact","lon":121.4465914,"lat":25.0947319}},{"type":"Feature","geometry":{"type":"Point","coordinates":[121.4493548,25.0980991]},"properties":{"venue_id":"pv_05dce4581d","venue_name":"新北市立圖書館五股成州圖書閱覽室","address":"新北市五股區西雲路267號2樓","city":"新北市","event_count":1,"show_count":1,"coord_source":"geocode","precision":"exact","lon":121.4493548,"lat":25.0980991}},{"type":"Feature","geometry":{"type":"Point","coordinates":[121.4572613,25.0793661]},"properties":{"venue_id":"pv_9428bd89eb","venue_name":"新北市立圖書館五股更新圖書閱覽室","address":"新北市五股區更洲路47號3樓","city":"新北市","event_count":1,"show_count":1,"coord_source":"geocode","precision":"exact","lon":121.4572613,"lat":25.0793661}},{"type":"Feature","geometry":{"type":"Point","coordinates":[121.433494,25.0716997]},"properties":{"venue_id":"pv_e0acc66d2c","venue_name":"新北市立圖書館五股水碓分館","address":"新北市五股區明德路10號4樓","city":"新北市","event_count":1,"show_count":1,"coord_source":"geocode","precision":"exact","lon":121.433494,"lat":25.0716997}},{"type":"Feature","geometry":{"type":"Point","coordinates":[121.3998651,25.1465824]},"properties":{"venue_id":"pv_00c2dad453","venue_name":"新北市立圖書館八里分館","address":"新北市八里區舊城路19號5、6樓","city":"新北市","event_count":1,"show_count":1,"coord_source":"geocode","precision":"interpolated","lon":121.3998651,"lat":25.1465824}},{"type":"Feature","geometry":{"type":"Point","coordinates":[121.4509429,25.130819]},"properties":{"venue_id":"pv_29df5c09e6","venue_name":"新北市立圖書館八里龍形圖書閱覽室","address":"新北市八里區龍形二街2之2號4樓","city":"新北市","event_count":1,"show_count":1,"coord_source":"geocode","precision":"exact","lon":121.4509429,"lat":25.130819}},{"type":"Feature","geometry":{"type":"Point","coordinates":[121.4430103,24.9750743]},"properties":{"venue_id":"pv_7abca55c02","venue_name":"新北市立圖書館土城分館","address":"新北市土城區中正路18號7樓","city":"新北市","event_count":3,"show_count":3,"coord_source":"geocode","precision":"exact","lon":121.4430103,"lat":24.9750743}},{"type":"Feature","geometry":{"type":"Point","coordinates":[121.45197,24.9870337]},"properties":{"venue_id":"pv_c9035dcb6e","venue_name":"新北市立圖書館土城柑林埤圖書閱覽室","address":"新北市土城區學享街55號3樓","city":"新北市","event_count":1,"show_count":1,"coord_source":"geocode","precision":"exact","lon":121.45197,"lat":24.9870337}},{"type":"Feature","geometry":{"type":"Point","coordinates":[121.461498,24.983432]},"properties":{"venue_id":"pv_2bc54c708f","venue_name":"新北市立圖書館土城清水圖書閱覽室","address":"新北市土城區清水路243-1號2樓","city":"新北市","event_count":1,"show_count":1,"coord_source":"geocode","precision":"exact","lon":121.461498,"lat":24.983432}},{"type":"Feature","geometry":{"type":"Point","coordinates":[121.5373306,24.9709482]},"properties":{"venue_id":"pv_c9b30407c3","venue_name":"新北市立圖書館新店三民圖書閱覽室","address":"新北市新店區三民路20-2號2樓","city":"新北市","event_count":1,"show_count":1,"coord_source":"geocode","precision":"exact","lon":121.5373306,"lat":24.9709482}},{"type":"Feature","geometry":{"type":"Point","coordinates":[121.5275101,24.975379]},"properties":{"venue_id":"pv_ef0674c4db","venue_name":"新北市立圖書館新店中央圖書閱覽室","address":"新北市新店區中央五街60號2樓","city":"新北市","event_count":1,"show_count":1,"coord_source":"geocode","precision":"exact","lon":121.5275101,"lat":24.975379}},{"type":"Feature","geometry":{"type":"Point","coordinates":[121.5408049,24.9825885]},"properties":{"venue_id":"pv_047a7ccdec","venue_name":"新北市立圖書館新店分館","address":"新北市新店區北新路三段105巷2號3樓","city":"新北市","event_count":3,"show_count":3,"coord_source":"geocode","precision":"exact","lon":121.5408049,"lat":24.9825885}},{"type":"Feature","geometry":{"type":"Point","coordinates":[121.5423719,24.9681442]},"properties":{"venue_id":"pv_fb8911c494","venue_name":"新北市立圖書館新店北新圖書閱覽室","address":"新北市新店區北新路1段92號2樓","city":"新北市","event_count":1,"show_count":1,"coord_source":"geocode","precision":"exact","lon":121.5423719,"lat":24.9681442}},{"type":"Feature","geometry":{"type":"Point","coordinates":[121.5349417,24.9914234]},"properties":{"venue_id":"pv_8ee99c7f49","venue_name":"新北市立圖書館新店大鵬圖書閱覽室","address":"新北市新店區中正路700巷26號2樓（大鵬華城內）","city":"新北市","event_count":1,"show_count":1,"coord_source":"geocode","precision":"interpolated","lon":121.5349417,"lat":24.9914234}},{"type":"Feature","geometry":{"type":"Point","coordinates":[121.5457624,24.9813465]},"properties":{"venue_id":"pv_5421d75f6e","venue_name":"新北市立圖書館新店寶興圖書閱覽室","address":"新北市新店區寶中路65巷59號3樓","city":"新北市","event_count":1,"show_count":1,"coord_source":"geocode","precision":"exact","lon":121.5457624,"lat":24.9813465}},{"type":"Feature","geometry":{"type":"Point","coordinates":[121.51657,24.9673787]},"properties":{"venue_id":"pv_ba5af7a2c8","venue_name":"新北市立圖書館新店柴埕圖書閱覽室","address":"新北市新店區安民街79號3樓","city":"新北市","event_count":1,"show_count":1,"coord_source":"geocode","precision":"exact","lon":121.51657,"lat":24.9673787}},{"type":"Feature","geometry":{"type":"Point","coordinates":[121.5370905,24.9566461]},"properties":{"venue_id":"pv_819f950bc4","venue_name":"新北市立圖書館新店碧潭圖書閱覽室","address":"新北市新店區新店路207號4樓","city":"新北市","event_count":1,"show_count":1,"coord_source":"geocode","precision":"exact","lon":121.5370905,"lat":24.9566461}},{"type":"Feature","geometry":{"type":"Point","coordinates":[121.53339656666667,24.972936366666666]},"properties":{"venue_id":"pv_8ac8413029","venue_name":"新北市立圖書館新店福民圖書閱覽室","address":"新北市新店區福園街8號3樓","city":"新北市","event_count":1,"show_count":1,"coord_source":"geocode","precision":"interpolated","lon":121.53339656666667,"lat":24.972936366666666}},{"type":"Feature","geometry":{"type":"Point","coordinates":[121.5520138,24.9031395]},"properties":{"venue_id":"pv_f50873dede","venue_name":"新北市立圖書館新店龜山圖書閱覽室","address":"新北市新店區新烏路3段136號","city":"新北市","event_count":1,"show_count":1,"coord_source":"geocode","precision":"exact","lon":121.5520138,"lat":24.9031395}},{"type":"Feature","geometry":{"type":"Point","coordinates":[121.4519671,25.0463134]},"properties":{"venue_id":"pv_abaa097eaf","venue_name":"新北市立圖書館新莊中港分館","address":"新北市新莊區中港路350號1、5-8樓","city":"新北市","event_count":4,"show_count":4,"coord_source":"geocode","precision":"interpolated","lon":121.4519671,"lat":25.0463134}},{"type":"Feature","geometry":{"type":"Point","coordinates":[121.4522475491484,25.036409390206927]},"properties":{"venue_id":"pv_8945d6d366","venue_name":"新北市立圖書館新莊分館","address":"新北市新莊區中華路一段2號5-6樓","city":"新北市","event_count":1,"show_count":1,"coord_source":"geocode","precision":"interpolated","lon":121.4522475491484,"lat":25.036409390206927}},{"type":"Feature","geometry":{"type":"Point","coordinates":[121.4239559,25.0242157]},"properties":{"venue_id":"pv_66e9ca8d34","venue_name":"新北市立圖書館新莊福營分館","address":"新北市新莊區四維路9號3-5樓","city":"新北市","event_count":3,"show_count":3,"coord_source":"geocode","precision":"interpolated","lon":121.4239559,"lat":25.0242157}},{"type":"Feature","geometry":{"type":"Point","coordinates":[121.4652512,25.0223326]},"properties":{"venue_id":"pv_525fb11e18","venue_name":"新北市立圖書館新莊聯合分館","address":"新北市新莊區自由路1號3-5樓","city":"新北市","event_count":2,"show_count":2,"coord_source":"geocode","precision":"exact","lon":121.4652512,"lat":25.0223326}},{"type":"Feature","geometry":{"type":"Point","coordinates":[121.4177799,25.0218853]},"properties":{"venue_id":"pv_aa7bc41c27","venue_name":"新北市立圖書館新莊裕民分館","address":"新北市新莊區裕民街136號4-5樓","city":"新北市","event_count":3,"show_count":3,"coord_source":"geocode","precision":"interpolated","lon":121.4177799,"lat":25.0218853}},{"type":"Feature","geometry":{"type":"Point","coordinates":[121.4279465,25.0173851]},"properties":{"venue_id":"pv_8f707d00de","venue_name":"新北市立圖書館新莊西盛分館","address":"新北市新莊區西盛街216號","city":"新北市","event_count":2,"show_count":2,"coord_source":"geocode","precision":"exact","lon":121.4279465,"lat":25.0173851}},{"type":"Feature","geometry":{"type":"Point","coordinates":[121.4601036,24.9974341]},"properties":{"venue_id":"pv_42e5081e6e","venue_name":"新北市立圖書館板橋忠孝分館","address":"新北市板橋區國慶路149巷21弄16號2-3樓","city":"新北市","event_count":1,"show_count":1,"coord_source":"geocode","precision":"interpolated","lon":121.4601036,"lat":24.9974341}},{"type":"Feature","geometry":{"type":"Point","coordinates":[121.4722189,25.0260631]},"properties":{"venue_id":"pv_b3fc91f521","venue_name":"新北市立圖書館板橋江子翠分館","address":"新北市板橋區莊敬路62號","city":"新北市","event_count":4,"show_count":4,"coord_source":"geocode","precision":"exact","lon":121.4722189,"lat":25.0260631}},{"type":"Feature","geometry":{"type":"Point","coordinates":[121.4453163,25.0004306]},"properties":{"venue_id":"pv_a1d4951518","venue_name":"新北市立圖書館板橋浮洲圖書閱覽室","address":"新北市板橋區大觀路二段163號2樓","city":"新北市","event_count":1,"show_count":1,"coord_source":"geocode","precision":"exact","lon":121.4453163,"lat":25.0004306}},{"type":"Feature","geometry":{"type":"Point","coordinates":[121.4315789,24.9902814]},"properties":{"venue_id":"pv_fc880644d7","venue_name":"新北市立圖書館板橋溪北分館","address":"新北市板橋區篤行路二段133號","city":"新北市","event_count":1,"show_count":1,"coord_source":"geocode","precision":"exact","lon":121.4315789,"lat":24.9902814}},{"type":"Feature","geometry":{"type":"Point","coordinates":[121.4724311,25.0223349]},"properties":{"venue_id":"pv_393eca9133","venue_name":"新北市立圖書館板橋萬板親子圖書閱覽室","address":"新北市板橋區萬板路28號","city":"新北市","event_count":1,"show_count":1,"coord_source":"geocode","precision":"exact","lon":121.4724311,"lat":25.0223349}},{"type":"Feature","geometry":{"type":"Point","coordinates":[121.36405755261575,25.069733889171033]},"properties":{"venue_id":"pv_71bf694b80","venue_name":"新北市立圖書館林口分館","address":"新北市林口區忠孝二路55號4、5樓","city":"新北市","event_count":2,"show_count":2,"coord_source":"geocode","precision":"interpolated","lon":121.36405755261575,"lat":25.069733889171033}},{"type":"Feature","geometry":{"type":"Point","coordinates":[121.3914416,25.0778913]},"properties":{"venue_id":"pv_67312942a3","venue_name":"新北市立圖書館林口西林圖書閱覽室","address":"新北市林口區林口路15號3樓之一","city":"新北市","event_count":1,"show_count":1,"coord_source":"geocode","precision":"exact","lon":121.3914416,"lat":25.0778913}},{"type":"Feature","geometry":{"type":"Point","coordinates":[121.4044328,25.0163723]},"properties":{"venue_id":"pv_969f798873","venue_name":"新北市立圖書館樹林三多圖書閱覽室","address":"新北市樹林區福興街17號2樓","city":"新北市","event_count":2,"show_count":2,"coord_source":"geocode","precision":"exact","lon":121.4044328,"lat":25.0163723}},{"type":"Feature","geometry":{"type":"Point","coordinates":[121.4287703,24.9962564]},"properties":{"venue_id":"pv_09911bf5a9","venue_name":"新北市立圖書館樹林分館","address":"新北市樹林區樹新路40之7號3、4樓","city":"新北市","event_count":2,"show_count":2,"coord_source":"geocode","precision":"exact","lon":121.4287703,"lat":24.9962564}},{"type":"Feature","geometry":{"type":"Point","coordinates":[121.421734,24.9975497]},"properties":{"venue_id":"pv_70c74b1571","venue_name":"新北市立圖書館樹林大安圖書閱覽室","address":"新北市樹林區大安路118之1號","city":"新北市","event_count":1,"show_count":1,"coord_source":"geocode","precision":"exact","lon":121.421734,"lat":24.9975497}},{"type":"Feature","geometry":{"type":"Point","coordinates":[121.4220892,24.9798465]},"properties":{"venue_id":"pv_c2d1b5787b","venue_name":"新北市立圖書館樹林彭厝圖書閱覽室","address":"新北市樹林區國凱街65號三樓","city":"新北市","event_count":2,"show_count":2,"coord_source":"geocode","precision":"exact","lon":121.4220892,"lat":24.9798465}},{"type":"Feature","geometry":{"type":"Point","coordinates":[121.415188,24.9840613]},"properties":{"venue_id":"pv_dc9af52d76","venue_name":"新北市立圖書館樹林東昇分館","address":"新北市樹林區中山路二段80號3樓","city":"新北市","event_count":1,"show_count":1,"coord_source":"geocode","precision":"exact","lon":121.415188,"lat":24.9840613}},{"type":"Feature","geometry":{"type":"Point","coordinates":[121.3899073,24.9736288]},"properties":{"venue_id":"pv_397d6beda8","venue_name":"新北市立圖書館樹林樂山圖書閱覽室","address":"新北市樹林區中和街38號","city":"新北市","event_count":1,"show_count":1,"coord_source":"geocode","precision":"exact","lon":121.3899073,"lat":24.9736288}},{"type":"Feature","geometry":{"type":"Point","coordinates":[121.5052295,25.0129677]},"properties":{"venue_id":"pv_16e036cd39","venue_name":"新北市立圖書館永和保生分館","address":"新北市永和區新生路218號5、6樓","city":"新北市","event_count":1,"show_count":1,"coord_source":"geocode","precision":"interpolated","lon":121.5052295,"lat":25.0129677}},{"type":"Feature","geometry":{"type":"Point","coordinates":[121.5153512,25.0168387]},"properties":{"venue_id":"pv_f9af398e46","venue_name":"新北市立圖書館永和忠孝圖書閱覽室","address":"新北市永和區忠孝街26巷8號3樓","city":"新北市","event_count":2,"show_count":2,"coord_source":"geocode","precision":"exact","lon":121.5153512,"lat":25.0168387}},{"type":"Feature","geometry":{"type":"Point","coordinates":[121.51992066730118,24.99801763925217]},"properties":{"venue_id":"pv_8e85a13608","venue_name":"新北市立圖書館永和民權分館","address":"新北市永和區民權路60號7、8樓","city":"新北市","event_count":4,"show_count":4,"coord_source":"geocode","precision":"interpolated","lon":121.51992066730118,"lat":24.99801763925217}},{"type":"Feature","geometry":{"type":"Point","coordinates":[121.6317079,25.0639889]},"properties":{"venue_id":"pv_f4b507fb34","venue_name":"新北市立圖書館汐止北峰圖書閱覽室","address":"新北市汐止區福德一路272巷5號2樓","city":"新北市","event_count":1,"show_count":1,"coord_source":"geocode","precision":"exact","lon":121.6317079,"lat":25.0639889}},{"type":"Feature","geometry":{"type":"Point","coordinates":[121.6199671,25.0505337]},"properties":{"venue_id":"pv_245463979f","venue_name":"新北市立圖書館汐止橫科圖書閱覽室","address":"新北市汐止區橫科路117號3樓","city":"新北市","event_count":1,"show_count":1,"coord_source":"geocode","precision":"exact","lon":121.6199671,"lat":25.0505337}},{"type":"Feature","geometry":{"type":"Point","coordinates":[121.4379581,25.172808]},"properties":{"venue_id":"pv_52db4f6ed8","venue_name":"新北市立圖書館淡水分館","address":"新北市淡水區文化路65號","city":"新北市","event_count":3,"show_count":3,"coord_source":"geocode","precision":"exact","lon":121.4379581,"lat":25.172808}},{"type":"Feature","geometry":{"type":"Point","coordinates":[121.437916,25.172779]},"properties":{"venue_id":"pv_24401695d3","venue_name":"新北市立圖書館淡水分館演藝廳","address":"新北市淡水區文化路65號","city":"新北市","event_count":1,"show_count":2,"coord_source":"api_mode","precision":"","lon":121.437916,"lat":25.172779}},{"type":"Feature","geometry":{"type":"Point","coordinates":[121.4442528,25.1780785]},"properties":{"venue_id":"pv_3a9123670f","venue_name":"新北市立圖書館淡水水碓分館","address":"新北市淡水區中山北路一段158號（水碓活動中心）四樓、六樓、七樓","city":"新北市","event_count":2,"show_count":2,"coord_source":"geocode","precision":"interpolated","lon":121.4442528,"lat":25.1780785}},{"type":"Feature","geometry":{"type":"Point","coordinates":[121.4613555,25.1380204]},"properties":{"venue_id":"pv_388269f45b","venue_name":"新北市立圖書館淡水竹圍分館","address":"新北市淡水區民生路27號4樓、5樓、6樓","city":"新北市","event_count":2,"show_count":2,"coord_source":"geocode","precision":"interpolated","lon":121.4613555,"lat":25.1380204}},{"type":"Feature","geometry":{"type":"Point","coordinates":[121.61596640930627,25.002522841522232]},"properties":{"venue_id":"pv_627649bf8c","venue_name":"新北市立圖書館深坑分館","address":"新北市深坑區深坑街10號1樓","city":"新北市","event_count":1,"show_count":1,"coord_source":"geocode","precision":"cached","lon":121.61596640930627,"lat":25.002522841522232}},{"type":"Feature","geometry":{"type":"Point","coordinates":[121.808181,25.107277]},"properties":{"venue_id":"pv_f931c4c3e9","venue_name":"新北市立圖書館瑞芳分館","address":"新北市瑞芳區民權街17號2樓","city":"新北市","event_count":2,"show_count":2,"coord_source":"geocode","precision":"exact","lon":121.808181,"lat":25.107277}},{"type":"Feature","geometry":{"type":"Point","coordinates":[121.8042503,25.1062874]},"properties":{"venue_id":"pv_4a90e8ab33","venue_name":"新北市立圖書館瑞芳東和圖書閱覽室","address":"新北市瑞芳區中山路20號3樓","city":"新北市","event_count":1,"show_count":1,"coord_source":"geocode","precision":"exact","lon":121.8042503,"lat":25.1062874}},{"type":"Feature","geometry":{"type":"Point","coordinates":[121.6600753,24.9915548]},"properties":{"venue_id":"pv_ba04f0bfd1","venue_name":"新北市立圖書館石碇分館","address":"新北市石碇區碇坪路一段65號","city":"新北市","event_count":1,"show_count":1,"coord_source":"geocode","precision":"exact","lon":121.6600753,"lat":24.9915548}},{"type":"Feature","geometry":{"type":"Point","coordinates":[121.566842,25.292022]},"properties":{"venue_id":"pv_d96d5b5e5b","venue_name":"新北市立圖書館石門分館","address":"新北市石門區中央路9之3號2樓","city":"新北市","event_count":3,"show_count":3,"coord_source":"geocode","precision":"exact","lon":121.566842,"lat":25.292022}},{"type":"Feature","geometry":{"type":"Point","coordinates":[121.4550334,25.0015398]},"properties":{"venue_id":"pv_4ee69b5bc4","venue_name":"新北市立圖書館總館","address":"新北市板橋區貴興路139號","city":"新北市","event_count":4,"show_count":4,"coord_source":"geocode","precision":"exact","lon":121.4550334,"lat":25.0015398}},{"type":"Feature","geometry":{"type":"Point","coordinates":[121.6897431,25.1798139]},"properties":{"venue_id":"pv_a064fef377","venue_name":"新北市立圖書館萬里分館","address":"新北市萬里區瑪鍊路221號4樓","city":"新北市","event_count":3,"show_count":3,"coord_source":"geocode","precision":"exact","lon":121.6897431,"lat":25.1798139}},{"type":"Feature","geometry":{"type":"Point","coordinates":[121.471279,25.0910173]},"properties":{"venue_id":"pv_b6ba308772","venue_name":"新北市立圖書館蘆洲仁愛智慧圖書館","address":"新北市蘆洲區民權路143號","city":"新北市","event_count":1,"show_count":1,"coord_source":"geocode","precision":"exact","lon":121.471279,"lat":25.0910173}},{"type":"Feature","geometry":{"type":"Point","coordinates":[121.4625873,25.0785885]},"properties":{"venue_id":"pv_a8af86d4da","venue_name":"新北市立圖書館蘆洲永安圖書閱覽室","address":"新北市蘆洲區永安南路2段134號2樓","city":"新北市","event_count":1,"show_count":1,"coord_source":"geocode","precision":"exact","lon":121.4625873,"lat":25.0785885}},{"type":"Feature","geometry":{"type":"Point","coordinates":[121.45917370745866,25.090358604201]},"properties":{"venue_id":"pv_9a5bf06c7b","venue_name":"新北市立圖書館蘆洲永平分館","address":"新北市蘆洲區永平街1號3樓","city":"新北市","event_count":3,"show_count":3,"coord_source":"geocode","precision":"cached","lon":121.45917370745866,"lat":25.090358604201}},{"type":"Feature","geometry":{"type":"Point","coordinates":[121.4619,25.0807]},"properties":{"venue_id":"pv_af7350aa8b","venue_name":"新北市立圖書館蘆洲長安分館","address":"新北市蘆洲區長安街96號3樓","city":"新北市","event_count":3,"show_count":3,"coord_source":"geocode","precision":"exact","lon":121.4619,"lat":25.0807}},{"type":"Feature","geometry":{"type":"Point","coordinates":[121.9269175,25.0546945]},"properties":{"venue_id":"pv_bde3c3dfc8","venue_name":"新北市立圖書館貢寮分館","address":"新北市貢寮區仁愛路79號三樓","city":"新北市","event_count":2,"show_count":2,"coord_source":"geocode","precision":"exact","lon":121.9269175,"lat":25.0546945}},{"type":"Feature","geometry":{"type":"Point","coordinates":[121.6390668,25.2184719]},"properties":{"venue_id":"pv_f8c5e15aae","venue_name":"新北市立圖書館金山分館","address":"新北市金山區龜子山8號","city":"新北市","event_count":3,"show_count":3,"coord_source":"geocode","precision":"exact","lon":121.6390668,"lat":25.2184719}},{"type":"Feature","geometry":{"type":"Point","coordinates":[121.8647765,25.0354449]},"properties":{"venue_id":"pv_78b734b2e8","venue_name":"新北市立圖書館雙溪分館","address":"新北市雙溪區太平路50號3樓","city":"新北市","event_count":2,"show_count":2,"coord_source":"geocode","precision":"exact","lon":121.8647765,"lat":25.0354449}},{"type":"Feature","geometry":{"type":"Point","coordinates":[121.3385881,24.9358353]},"properties":{"venue_id":"pv_4e4e8ae971","venue_name":"新北市立圖書館鶯歌二甲圖書閱覽室","address":"新北市鶯歌區二甲路36-2號2樓","city":"新北市","event_count":1,"show_count":1,"coord_source":"geocode","precision":"exact","lon":121.3385881,"lat":24.9358353}},{"type":"Feature","geometry":{"type":"Point","coordinates":[121.3495179,24.9573588]},"properties":{"venue_id":"pv_f530e9d5e2","venue_name":"新北市立圖書館鶯歌分館","address":"新北市鶯歌區中山路150號B1至1樓及3至5樓","city":"新北市","event_count":3,"show_count":3,"coord_source":"geocode","precision":"interpolated","lon":121.3495179,"lat":24.9573588}},{"type":"Feature","geometry":{"type":"Point","coordinates":[121.352032,24.949251]},"properties":{"venue_id":"pv_7c89e0748a","venue_name":"新北市立鶯歌陶瓷博物館","address":"鶯歌區文化路200號","city":"新北市","event_count":1,"show_count":2,"coord_source":"geocode","precision":"exact","lon":121.352032,"lat":24.949251}},{"type":"Feature","geometry":{"type":"Point","coordinates":[121.3583743,24.9531059]},"properties":{"venue_id":"pv_5709bc2cdb","venue_name":"新北市美術館","address":"新北市鶯歌區館前路300號","city":"新北市","event_count":5,"show_count":5,"coord_source":"geocode","precision":"exact","lon":121.3583743,"lat":24.9531059}},{"type":"Feature","geometry":{"type":"Point","coordinates":[121.472351,25.026124]},"properties":{"venue_id":"pv_13025ae172","venue_name":"新北市藝文中心演藝廳","address":"新北市板橋區莊敬路62號","city":"新北市","event_count":8,"show_count":26,"coord_source":"api_mode","precision":"","lon":121.472351,"lat":25.026124}},{"type":"Feature","geometry":{"type":"Point","coordinates":[121.5107772,24.9596733]},"properties":{"venue_id":"pv_872238c989","venue_name":"新北市青少年圖書館","address":"新北市新店區安康路2段151號","city":"新北市","event_count":2,"show_count":2,"coord_source":"geocode","precision":"exact","lon":121.5107772,"lat":24.9596733}},{"type":"Feature","geometry":{"type":"Point","coordinates":[121.3543632,24.9559325]},"properties":{"venue_id":"pv_be5d00e0c8","venue_name":"新北市鶯歌區公所行政大樓","address":"新北市鶯歌區仁愛路55號","city":"新北市","event_count":1,"show_count":1,"coord_source":"geocode","precision":"cached","lon":121.3543632,"lat":24.9559325}},{"type":"Feature","geometry":{"type":"Point","coordinates":[121.0908329,24.8496061]},"properties":{"venue_id":"pv_9ff9664557","venue_name":"新埔鎮（新竹縣）=","address":"新竹縣新埔鎮","city":"新竹縣","event_count":1,"show_count":1,"coord_source":"geocode","precision":"approximate","lon":121.0908329,"lat":24.8496061}},{"type":"Feature","geometry":{"type":"Point","coordinates":[121.067907,24.9826597]},"properties":{"venue_id":"pv_6491fb87c1","venue_name":"新屋區（桃園市）=","address":"桃園市新屋區","city":"桃園市","event_count":11,"show_count":11,"coord_source":"geocode","precision":"approximate","lon":121.067907,"lat":24.9826597}},{"type":"Feature","geometry":{"type":"Point","coordinates":[121.5226832,25.0485249]},"properties":{"venue_id":"pv_46f9546e8e","venue_name":"新月藝文","address":"中山區天津街25號","city":"","event_count":14,"show_count":27,"coord_source":"geocode","precision":"exact","lon":121.5226832,"lat":25.0485249}},{"type":"Feature","geometry":{"type":"Point","coordinates":[120.687785,24.158376]},"properties":{"venue_id":"pv_62cdc89ec3","venue_name":"新民高中藝術中心音樂廳","address":"臺中市北區金龍街112號","city":"臺中市","event_count":1,"show_count":1,"coord_source":"api_mode","precision":"","lon":120.687785,"lat":24.158376}},{"type":"Feature","geometry":{"type":"Point","coordinates":[120.2830677,22.6264324]},"properties":{"venue_id":"pv_7e30485932","venue_name":"新浜碼頭藝術空間1F","address":"鹽埕區大仁路146號","city":"","event_count":1,"show_count":1,"coord_source":"geocode","precision":"exact","lon":120.2830677,"lat":22.6264324}},{"type":"Feature","geometry":{"type":"Point","coordinates":[120.2830677,22.6264324]},"properties":{"venue_id":"pv_d12904767a","venue_name":"新浜碼頭藝術空間2F","address":"鹽埕區大仁路146號","city":"","event_count":1,"show_count":1,"coord_source":"geocode","precision":"exact","lon":120.2830677,"lat":22.6264324}},{"type":"Feature","geometry":{"type":"Point","coordinates":[120.3456812,23.5533604]},"properties":{"venue_id":"pv_8712976a75","venue_name":"新港公園民俗表演場（鄉味餐廳對面，鄰近兒童遊樂區）","address":"新港鄉宮前村公園路28號對面","city":"","event_count":1,"show_count":2,"coord_source":"geocode","precision":"exact","lon":120.3456812,"lat":23.5533604}},{"type":"Feature","geometry":{"type":"Point","coordinates":[120.343699,23.5598934]},"properties":{"venue_id":"pv_b2b036d656","venue_name":"新港閱讀館","address":"新港鄉新中路305號","city":"","event_count":1,"show_count":2,"coord_source":"geocode","precision":"exact","lon":120.343699,"lat":23.5598934}},{"type":"Feature","geometry":{"type":"Point","coordinates":[120.3158922,23.3085546]},"properties":{"venue_id":"pv_c7a30b0604","venue_name":"新營文化中心演藝廳","address":"新營區中正路23號","city":"","event_count":1,"show_count":1,"coord_source":"geocode","precision":"approximate","lon":120.3158922,"lat":23.3085546}},{"type":"Feature","geometry":{"type":"Point","coordinates":[120.323055,23.306732]},"properties":{"venue_id":"pv_5253aa2cae","venue_name":"新營火車站大廳","address":"臺南市新營區中營里中山路 1 號","city":"臺南市","event_count":1,"show_count":1,"coord_source":"api_mode","precision":"","lon":120.323055,"lat":23.306732}},{"type":"Feature","geometry":{"type":"Point","coordinates":[121.0270606,24.8114557]},"properties":{"venue_id":"pv_7083dec580","venue_name":"新瓦屋客家文化保存區","address":"新竹縣竹北市文興路一段123號","city":"新竹縣","event_count":4,"show_count":4,"coord_source":"geocode","precision":"exact","lon":121.0270606,"lat":24.8114557}},{"type":"Feature","geometry":{"type":"Point","coordinates":[120.9757997,24.809713]},"properties":{"venue_id":"pv_6672cd6b59","venue_name":"新竹市241藝術空間","address":"新竹市東區中央路241號6樓","city":"新竹市","event_count":1,"show_count":1,"coord_source":"geocode","precision":"exact","lon":120.9757997,"lat":24.809713}},{"type":"Feature","geometry":{"type":"Point","coordinates":[120.9688633,24.8067487]},"properties":{"venue_id":"pv_ad689bdda0","venue_name":"新竹市政府/新竹州廳","address":"新竹市北區中正路120號","city":"新竹市","event_count":1,"show_count":1,"coord_source":"geocode","precision":"cached","lon":120.9688633,"lat":24.8067487}},{"type":"Feature","geometry":{"type":"Point","coordinates":[120.968099,24.811689]},"properties":{"venue_id":"pv_8cb45c1518","venue_name":"新竹市文化局演藝廳音樂廳","address":"新竹市北區東大路二段17號","city":"新竹市","event_count":11,"show_count":12,"coord_source":"api_mode","precision":"","lon":120.968099,"lat":24.811689}},{"type":"Feature","geometry":{"type":"Point","coordinates":[120.968198,24.805316]},"properties":{"venue_id":"pv_11f1dd912a","venue_name":"新竹市美術館","address":"新竹市北區中央路116號","city":"新竹市","event_count":1,"show_count":1,"coord_source":"api_mode","precision":"","lon":120.968198,"lat":24.805316}},{"type":"Feature","geometry":{"type":"Point","coordinates":[121.104637,24.5757769]},"properties":{"venue_id":"pv_158c4bdc28","venue_name":"新竹縣張學良文化園區","address":"新竹縣五峰鄉清泉部落","city":"新竹縣","event_count":1,"show_count":1,"coord_source":"geocode","precision":"approximate","lon":121.104637,"lat":24.5757769}},{"type":"Feature","geometry":{"type":"Point","coordinates":[121.0124956,24.8300959]},"properties":{"venue_id":"pv_6529948722","venue_name":"新竹縣政府文化局","address":"新竹縣竹北市縣政九路146號","city":"新竹縣","event_count":12,"show_count":12,"coord_source":"geocode","precision":"exact","lon":121.0124956,"lat":24.8300959}},{"type":"Feature","geometry":{"type":"Point","coordinates":[121.01212,24.830148]},"properties":{"venue_id":"pv_4e8691b7cb","venue_name":"新竹縣政府文化局實驗劇場","address":"新竹縣竹北市縣政九路146號","city":"新竹縣","event_count":1,"show_count":1,"coord_source":"api_mode","precision":"","lon":121.01212,"lat":24.830148}},{"type":"Feature","geometry":{"type":"Point","coordinates":[121.01212,24.830148]},"properties":{"venue_id":"pv_a3e2f21fd5","venue_name":"新竹縣政府文化局演奏廳","address":"新竹縣竹北市縣政九路146號","city":"新竹縣","event_count":2,"show_count":2,"coord_source":"api_mode","precision":"","lon":121.01212,"lat":24.830148}},{"type":"Feature","geometry":{"type":"Point","coordinates":[121.01212,24.830148]},"properties":{"venue_id":"pv_13bcd44e38","venue_name":"新竹縣政府文化局演藝廳","address":"新竹縣竹北市縣政九路146號","city":"新竹縣","event_count":8,"show_count":13,"coord_source":"api_mode","precision":"","lon":121.01212,"lat":24.830148}},{"type":"Feature","geometry":{"type":"Point","coordinates":[120.3060706,22.6283893]},"properties":{"venue_id":"pv_385371fd75","venue_name":"新興區（高雄市）=","address":"高雄市新興區","city":"高雄市","event_count":2,"show_count":2,"coord_source":"geocode","precision":"approximate","lon":120.3060706,"lat":22.6283893}},{"type":"Feature","geometry":{"type":"Point","coordinates":[121.4447229,25.0471809]},"properties":{"venue_id":"pv_ed09cedb54","venue_name":"新莊文化藝術中心","address":"新北市新莊區中平路133號","city":"新北市","event_count":1,"show_count":1,"coord_source":"geocode","precision":"exact","lon":121.4447229,"lat":25.0471809}},{"type":"Feature","geometry":{"type":"Point","coordinates":[121.443983,25.047257]},"properties":{"venue_id":"pv_1c9643ff80","venue_name":"新莊文化藝術中心演藝廳","address":"新北市新莊區中平路133號","city":"新北市","event_count":11,"show_count":12,"coord_source":"api_mode","precision":"","lon":121.443983,"lat":25.047257}},{"type":"Feature","geometry":{"type":"Point","coordinates":[120.481979,22.884622]},"properties":{"venue_id":"pv_55cd13382f","venue_name":"旗山車站(原旗山驛)","address":"高雄市旗山區007鄰中山路1號","city":"高雄市","event_count":1,"show_count":1,"coord_source":"api_mode","precision":"","lon":120.481979,"lat":22.884622}},{"type":"Feature","geometry":{"type":"Point","coordinates":[120.902131,23.856513]},"properties":{"venue_id":"pv_ea8cd4b16a","venue_name":"日月潭國家風景區","address":"南投縣魚池鄉中山路","city":"南投縣","event_count":6,"show_count":6,"coord_source":"api_mode","precision":"","lon":120.902131,"lat":23.856513}},{"type":"Feature","geometry":{"type":"Point","coordinates":[121.520277,25.033102]},"properties":{"venue_id":"pv_f830942812","venue_name":"暗.敞 clair-obscur","address":"臺北市中正區寧波東街17號4樓","city":"臺北市","event_count":1,"show_count":3,"coord_source":"api_mode","precision":"","lon":121.520277,"lat":25.033102}},{"type":"Feature","geometry":{"type":"Point","coordinates":[120.66612712149794,24.14303632848964]},"properties":{"venue_id":"pv_fe7c2f487d","venue_name":"月臨畫廊","address":"台中市西區英才路589巷6號1F(月臨畫廊)","city":"臺中市","event_count":1,"show_count":1,"coord_source":"geocode","precision":"interpolated","lon":120.66612712149794,"lat":24.14303632848964}},{"type":"Feature","geometry":{"type":"Point","coordinates":[121.6098549,25.2429247]},"properties":{"venue_id":"pv_09a092e18a","venue_name":"朱銘美術館","address":"新北市金山區西勢湖2號","city":"新北市","event_count":2,"show_count":2,"coord_source":"geocode","precision":"exact","lon":121.6098549,"lat":25.2429247}},{"type":"Feature","geometry":{"type":"Point","coordinates":[120.886045,24.6891279]},"properties":{"venue_id":"pv_542cb0b6ed","venue_name":"李科永紀念圖書館","address":"苗栗縣竹南鎮永貞路二段196號","city":"苗栗縣","event_count":3,"show_count":3,"coord_source":"geocode","precision":"exact","lon":120.886045,"lat":24.6891279}},{"type":"Feature","geometry":{"type":"Point","coordinates":[120.993378,24.7920609]},"properties":{"venue_id":"pv_408d0f11e3","venue_name":"東區（新竹市）=","address":"新竹市東區","city":"新竹市","event_count":4,"show_count":4,"coord_source":"geocode","precision":"approximate","lon":120.993378,"lat":24.7920609}},{"type":"Feature","geometry":{"type":"Point","coordinates":[120.2224227,22.98133]},"properties":{"venue_id":"pv_3fd7926ddd","venue_name":"東區（臺南市）=","address":"臺南市東區","city":"臺南市","event_count":1,"show_count":1,"coord_source":"geocode","precision":"approximate","lon":120.2224227,"lat":22.98133}},{"type":"Feature","geometry":{"type":"Point","coordinates":[121.547118,25.09449]},"properties":{"venue_id":"pv_7a06aa7526","venue_name":"東吳大學松怡廳","address":"臺北市士林區臨溪路70號第二教研大樓二樓","city":"臺北市","event_count":3,"show_count":3,"coord_source":"api_mode","precision":"","lon":121.547118,"lat":25.09449}},{"type":"Feature","geometry":{"type":"Point","coordinates":[120.620757,24.180474]},"properties":{"venue_id":"pv_493c2203ba","venue_name":"東海大學","address":"臺中市西屯區灣大道四段1727號","city":"臺中市","event_count":1,"show_count":1,"coord_source":"api_mode","precision":"","lon":120.620757,"lat":24.180474}},{"type":"Feature","geometry":{"type":"Point","coordinates":[121.5638621,25.0541591]},"properties":{"venue_id":"pv_8bb4d4cef5","venue_name":"松山區（臺北市）=","address":"臺北市松山區","city":"臺北市","event_count":1,"show_count":1,"coord_source":"geocode","precision":"approximate","lon":121.5638621,"lat":25.0541591}},{"type":"Feature","geometry":{"type":"Point","coordinates":[121.560249,25.044354]},"properties":{"venue_id":"pv_d9b96aa4b2","venue_name":"松山文創園區 5號倉庫","address":"臺北市信義區光復南路133號","city":"臺北市","event_count":1,"show_count":1,"coord_source":"api_mode","precision":"","lon":121.560249,"lat":25.044354}},{"type":"Feature","geometry":{"type":"Point","coordinates":[121.560438,25.043304]},"properties":{"venue_id":"pv_501839699e","venue_name":"松山文化創意園區","address":"臺北市信義區光復南路133號","city":"臺北市","event_count":1,"show_count":1,"coord_source":"api_mode","precision":"","lon":121.560438,"lat":25.043304}},{"type":"Feature","geometry":{"type":"Point","coordinates":[121.5702695,25.049899]},"properties":{"venue_id":"pv_3e19c9e693","venue_name":"松山霞海城隍廟","address":"松山區八德路四段439號","city":"","event_count":2,"show_count":2,"coord_source":"geocode","precision":"exact","lon":121.5702695,"lat":25.049899}},{"type":"Feature","geometry":{"type":"Point","coordinates":[120.691627,24.182344]},"properties":{"venue_id":"pv_500be70d98","venue_name":"松風閣畫廊","address":"臺中市北屯區松竹路二段349號","city":"臺中市","event_count":1,"show_count":1,"coord_source":"geocode","precision":"cached","lon":120.691627,"lat":24.182344}},{"type":"Feature","geometry":{"type":"Point","coordinates":[120.5854674,22.3960688]},"properties":{"venue_id":"pv_ab87f96717","venue_name":"枋寮鄉（屏東縣）=","address":"屏東縣枋寮鄉","city":"屏東縣","event_count":1,"show_count":1,"coord_source":"geocode","precision":"approximate","lon":120.5854674,"lat":22.3960688}},{"type":"Feature","geometry":{"type":"Point","coordinates":[120.67273141770627,24.140766047117776]},"properties":{"venue_id":"pv_4a691d6002","venue_name":"林之助紀念館","address":"臺中市西區柳川西路二段158號","city":"臺中市","event_count":1,"show_count":1,"coord_source":"geocode","precision":"interpolated","lon":120.67273141770627,"lat":24.140766047117776}},{"type":"Feature","geometry":{"type":"Point","coordinates":[121.3743089,25.0744362]},"properties":{"venue_id":"pv_6252eac707","venue_name":"林口區李科永紀念圖書館","address":"新北市林口區公園路192號","city":"新北市","event_count":1,"show_count":1,"coord_source":"geocode","precision":"exact","lon":121.3743089,"lat":25.0744362}},{"type":"Feature","geometry":{"type":"Point","coordinates":[120.4011911,22.4986756]},"properties":{"venue_id":"pv_c91af276a5","venue_name":"林園區（高雄市）=","address":"高雄市林園區","city":"高雄市","event_count":1,"show_count":1,"coord_source":"geocode","precision":"approximate","lon":120.4011911,"lat":22.4986756}},{"type":"Feature","geometry":{"type":"Point","coordinates":[121.46988,25.0885431]},"properties":{"venue_id":"pv_f7ecfcb359","venue_name":"林建生紀念圖書館","address":"蘆洲區三民路178號","city":"","event_count":5,"show_count":6,"coord_source":"geocode","precision":"exact","lon":121.46988,"lat":25.0885431}},{"type":"Feature","geometry":{"type":"Point","coordinates":[120.6927857,24.1661998]},"properties":{"venue_id":"pv_ff8d7d4799","venue_name":"林懋陽故居(一德洋樓)","address":"臺中市北屯區文昌東十一街14巷1號","city":"臺中市","event_count":1,"show_count":1,"coord_source":"geocode","precision":"exact","lon":120.6927857,"lat":24.1661998}},{"type":"Feature","geometry":{"type":"Point","coordinates":[121.262207,24.934359]},"properties":{"venue_id":"pv_90edb03544","venue_name":"桃園北區客家會館音樂廳","address":"桃園市八德區崁頂路60號","city":"桃園市","event_count":1,"show_count":1,"coord_source":"api_mode","precision":"","lon":121.262207,"lat":24.934359}},{"type":"Feature","geometry":{"type":"Point","coordinates":[121.2969674,24.9934099]},"properties":{"venue_id":"pv_250764ce29","venue_name":"桃園區（桃園市）=","address":"桃園市桃園區","city":"桃園市","event_count":20,"show_count":20,"coord_source":"geocode","precision":"approximate","lon":121.2969674,"lat":24.9934099}},{"type":"Feature","geometry":{"type":"Point","coordinates":[121.2393248,24.8361141]},"properties":{"venue_id":"pv_f15ec19f67","venue_name":"桃園十一份美術館","address":"桃園市龍潭區佳安西路5號(A棟2樓)","city":"桃園市","event_count":1,"show_count":1,"coord_source":"geocode","precision":"interpolated","lon":121.2393248,"lat":24.8361141}},{"type":"Feature","geometry":{"type":"Point","coordinates":[121.2986473,25.0174685]},"properties":{"venue_id":"pv_162222eadc","venue_name":"桃園展演中心","address":"桃園市桃園區中正路1188號","city":"桃園市","event_count":3,"show_count":3,"coord_source":"geocode","precision":"exact","lon":121.2986473,"lat":25.0174685}},{"type":"Feature","geometry":{"type":"Point","coordinates":[121.298666,25.017511]},"properties":{"venue_id":"pv_eb6ba36599","venue_name":"桃園展演中心展演廳","address":"桃園市桃園區中正路1188號","city":"桃園市","event_count":10,"show_count":12,"coord_source":"api_mode","precision":"","lon":121.298666,"lat":25.017511}},{"type":"Feature","geometry":{"type":"Point","coordinates":[121.225138,24.965812]},"properties":{"venue_id":"pv_ad297b1b2e","venue_name":"桃園市中壢區公所","address":"桃園市中壢區環北路380號","city":"桃園市","event_count":1,"show_count":1,"coord_source":"api_mode","precision":"","lon":121.225138,"lat":24.965812}},{"type":"Feature","geometry":{"type":"Point","coordinates":[121.206224,25.005133]},"properties":{"venue_id":"pv_f6e231744c","venue_name":"桃園市兒童美術館國際演講廳","address":"桃園市中壢區高鐵南路二段90號","city":"桃園市","event_count":1,"show_count":1,"coord_source":"api_mode","precision":"","lon":121.206224,"lat":25.005133}},{"type":"Feature","geometry":{"type":"Point","coordinates":[121.28223,24.896414]},"properties":{"venue_id":"pv_07a1424d4b","venue_name":"桃園市原住民族文化會館","address":"桃園市大溪區員林路一段29巷101號","city":"桃園市","event_count":2,"show_count":2,"coord_source":"api_mode","precision":"","lon":121.28223,"lat":24.896414}},{"type":"Feature","geometry":{"type":"Point","coordinates":[121.321246,24.998189]},"properties":{"venue_id":"pv_6f91dd59c0","venue_name":"桃園市土地公文化館","address":"桃園市桃園區三民路一段100號","city":"桃園市","event_count":6,"show_count":6,"coord_source":"api_mode","precision":"","lon":121.321246,"lat":24.998189}},{"type":"Feature","geometry":{"type":"Point","coordinates":[121.2943495,24.8402618]},"properties":{"venue_id":"pv_5268ae502c","venue_name":"桃園市大溪慈湖","address":"桃園市大溪區復興路一段1097號","city":"桃園市","event_count":1,"show_count":1,"coord_source":"geocode","precision":"exact","lon":121.2943495,"lat":24.8402618}},{"type":"Feature","geometry":{"type":"Point","coordinates":[121.234544,24.84547]},"properties":{"venue_id":"pv_1bac09746f","venue_name":"桃園市客家文化館演藝廳","address":"桃園市龍潭區中正路三林段500號","city":"桃園市","event_count":1,"show_count":1,"coord_source":"api_mode","precision":"","lon":121.234544,"lat":24.84547}},{"type":"Feature","geometry":{"type":"Point","coordinates":[121.204997,24.947391]},"properties":{"venue_id":"pv_1455f82cf8","venue_name":"桃園市平鎮區褒忠祠﹙義民廟﹚","address":"桃園市平鎮區復旦路二段23巷8號","city":"桃園市","event_count":1,"show_count":1,"coord_source":"api_mode","precision":"","lon":121.204997,"lat":24.947391}},{"type":"Feature","geometry":{"type":"Point","coordinates":[121.30106,24.992903]},"properties":{"venue_id":"pv_667d557787","venue_name":"桃園市政府","address":"桃園市桃園區縣府路1號","city":"桃園市","event_count":1,"show_count":1,"coord_source":"api_mode","precision":"","lon":121.30106,"lat":24.992903}},{"type":"Feature","geometry":{"type":"Point","coordinates":[121.300519,24.994125]},"properties":{"venue_id":"pv_703905dabd","venue_name":"桃園市政府文化局","address":"桃園市桃園區縣府路21號","city":"桃園市","event_count":1,"show_count":1,"coord_source":"api_mode","precision":"","lon":121.300519,"lat":24.994125}},{"type":"Feature","geometry":{"type":"Point","coordinates":[121.300301,24.993955]},"properties":{"venue_id":"pv_77704a2b91","venue_name":"桃園市政府文化局演藝廳","address":"桃園市桃園區縣府路21號","city":"桃園市","event_count":9,"show_count":12,"coord_source":"api_mode","precision":"","lon":121.300301,"lat":24.993955}},{"type":"Feature","geometry":{"type":"Point","coordinates":[121.0265882,24.9758332]},"properties":{"venue_id":"pv_0060bbad22","venue_name":"桃園市新屋區笨港市民活動中心","address":"桃園市新屋區聖賢路39號(天后宮旁)","city":"桃園市","event_count":1,"show_count":1,"coord_source":"geocode","precision":"interpolated","lon":121.0265882,"lat":24.9758332}},{"type":"Feature","geometry":{"type":"Point","coordinates":[121.217427,24.9393267]},"properties":{"venue_id":"pv_eb14412016","venue_name":"桃園市立圖書館平鎮分館","address":"桃園市平鎮區環南路三段88號","city":"桃園市","event_count":4,"show_count":4,"coord_source":"geocode","precision":"exact","lon":121.217427,"lat":24.9393267}},{"type":"Feature","geometry":{"type":"Point","coordinates":[121.3003586,25.0181417]},"properties":{"venue_id":"pv_bdc9c828b8","venue_name":"桃園市立圖書館總館","address":"桃園市桃園區南平路303號","city":"桃園市","event_count":1,"show_count":1,"coord_source":"geocode","precision":"exact","lon":121.3003586,"lat":25.0181417}},{"type":"Feature","geometry":{"type":"Point","coordinates":[121.2223252,24.8718882]},"properties":{"venue_id":"pv_0dab8511e7","venue_name":"桃園市立圖書館龍潭分館","address":"桃園市龍潭區中興路680號","city":"桃園市","event_count":1,"show_count":1,"coord_source":"geocode","precision":"exact","lon":121.2223252,"lat":24.8718882}},{"type":"Feature","geometry":{"type":"Point","coordinates":[121.0,24.0]},"properties":{"venue_id":"pv_0ac4265ea5","venue_name":"桃園市立大溪木藝生態博物館-1號館","address":"桃園市大溪區中正路68號","city":"桃園市","event_count":1,"show_count":1,"coord_source":"api_mode","precision":"","lon":121.0,"lat":24.0}},{"type":"Feature","geometry":{"type":"Point","coordinates":[121.2868871,24.8809701]},"properties":{"venue_id":"pv_2fda41e608","venue_name":"桃園市立大溪木藝生態博物館-六廿四故事館","address":"桃園市大溪區普濟路48號","city":"桃園市","event_count":1,"show_count":1,"coord_source":"geocode","precision":"exact","lon":121.2868871,"lat":24.8809701}},{"type":"Feature","geometry":{"type":"Point","coordinates":[121.295708,24.891692]},"properties":{"venue_id":"pv_c21cd02d0a","venue_name":"桃園市立大溪木藝生態博物館-國定古蹟李騰芳古宅","address":"桃園市大溪區9鄰月眉34號","city":"桃園市","event_count":1,"show_count":1,"coord_source":"geocode","precision":"approximate","lon":121.295708,"lat":24.891692}},{"type":"Feature","geometry":{"type":"Point","coordinates":[121.2859016,24.8820495]},"properties":{"venue_id":"pv_8022b6a663","venue_name":"桃園市立大溪木藝生態博物館-大溪創生館","address":"桃園市大溪區中山路48號","city":"桃園市","event_count":1,"show_count":1,"coord_source":"geocode","precision":"exact","lon":121.2859016,"lat":24.8820495}},{"type":"Feature","geometry":{"type":"Point","coordinates":[121.2867017,24.8807139]},"properties":{"venue_id":"pv_5263a722d1","venue_name":"桃園市立大溪木藝生態博物館-大溪歷史館","address":"桃園市大溪區普濟路17、19、21、23號","city":"桃園市","event_count":1,"show_count":1,"coord_source":"geocode","precision":"exact","lon":121.2867017,"lat":24.8807139}},{"type":"Feature","geometry":{"type":"Point","coordinates":[121.2866072,24.8802874]},"properties":{"venue_id":"pv_058daf039b","venue_name":"桃園市立大溪木藝生態博物館-工藝基地","address":"桃園市大溪區普濟路13巷11、13、15號","city":"桃園市","event_count":1,"show_count":1,"coord_source":"geocode","precision":"exact","lon":121.2866072,"lat":24.8802874}},{"type":"Feature","geometry":{"type":"Point","coordinates":[121.285077,24.8817341]},"properties":{"venue_id":"pv_a3a5b9b463","venue_name":"桃園市立大溪木藝生態博物館-木生活館及大溪公會堂","address":"桃園市大溪區普濟路21-3號","city":"桃園市","event_count":1,"show_count":1,"coord_source":"geocode","precision":"exact","lon":121.285077,"lat":24.8817341}},{"type":"Feature","geometry":{"type":"Point","coordinates":[121.2861227,24.8810463]},"properties":{"venue_id":"pv_680b6e0a7b","venue_name":"桃園市立大溪木藝生態博物館-武德殿","address":"桃園市大溪區普濟路33-3號","city":"桃園市","event_count":1,"show_count":1,"coord_source":"geocode","precision":"exact","lon":121.2861227,"lat":24.8810463}},{"type":"Feature","geometry":{"type":"Point","coordinates":[121.2866367,24.8810668]},"properties":{"venue_id":"pv_cde4921da4","venue_name":"桃園市立大溪木藝生態博物館-藝師館","address":"桃園市大溪區普濟路52號","city":"桃園市","event_count":1,"show_count":1,"coord_source":"geocode","precision":"exact","lon":121.2866367,"lat":24.8810668}},{"type":"Feature","geometry":{"type":"Point","coordinates":[121.287103,24.8799164]},"properties":{"venue_id":"pv_b1f6898efb","venue_name":"桃園市立大溪木藝生態博物館-鳳飛飛故事館","address":"桃園市大溪區普濟路5號","city":"桃園市","event_count":1,"show_count":1,"coord_source":"geocode","precision":"exact","lon":121.287103,"lat":24.8799164}},{"type":"Feature","geometry":{"type":"Point","coordinates":[121.2896974,25.0467046]},"properties":{"venue_id":"pv_f6331c710f","venue_name":"桃園市蘆竹區錦興國民小學","address":"桃園市蘆竹區南竹路一段100號","city":"桃園市","event_count":1,"show_count":1,"coord_source":"geocode","precision":"exact","lon":121.2896974,"lat":25.0467046}},{"type":"Feature","geometry":{"type":"Point","coordinates":[121.2154476,24.8621092]},"properties":{"venue_id":"pv_e6d14ea837","venue_name":"桃園市龍潭區農會","address":"桃園市龍潭區東龍路112號","city":"桃園市","event_count":1,"show_count":1,"coord_source":"geocode","precision":"exact","lon":121.2154476,"lat":24.8621092}},{"type":"Feature","geometry":{"type":"Point","coordinates":[121.213838,24.8653]},"properties":{"venue_id":"pv_473d6161cc","venue_name":"桃園市龍潭區龍元宮","address":"桃園市龍潭區東龍路246號","city":"桃園市","event_count":1,"show_count":1,"coord_source":"api_mode","precision":"","lon":121.213838,"lat":24.8653}},{"type":"Feature","geometry":{"type":"Point","coordinates":[120.5386546,24.2490793]},"properties":{"venue_id":"pv_95ce4c9b56","venue_name":"梧棲區（臺中市）=","address":"臺中市梧棲區","city":"臺中市","event_count":2,"show_count":2,"coord_source":"geocode","precision":"approximate","lon":120.5386546,"lat":24.2490793}},{"type":"Feature","geometry":{"type":"Point","coordinates":[120.5296958,24.2566297]},"properties":{"venue_id":"pv_2ee03778c0","venue_name":"梧棲文化出張所","address":"臺中市梧棲區梧棲路142號","city":"臺中市","event_count":1,"show_count":1,"coord_source":"geocode","precision":"exact","lon":120.5296958,"lat":24.2566297}},{"type":"Feature","geometry":{"type":"Point","coordinates":[121.1366715,24.9242108]},"properties":{"venue_id":"pv_f9b09e4328","venue_name":"楊梅區（桃園市）=","address":"桃園市楊梅區","city":"桃園市","event_count":2,"show_count":2,"coord_source":"geocode","precision":"approximate","lon":121.1366715,"lat":24.9242108}},{"type":"Feature","geometry":{"type":"Point","coordinates":[121.428331,24.995808]},"properties":{"venue_id":"pv_16419aefaa","venue_name":"樹林藝文中心演藝廳","address":"新北市樹林區樹新路40-8號","city":"新北市","event_count":6,"show_count":16,"coord_source":"api_mode","precision":"","lon":121.428331,"lat":24.995808}},{"type":"Feature","geometry":{"type":"Point","coordinates":[121.2172044,25.0209285]},"properties":{"venue_id":"pv_6cff138c6b","venue_name":"橫山書法藝術館","address":"桃園市大園區28鄰大仁路100號","city":"桃園市","event_count":2,"show_count":2,"coord_source":"geocode","precision":"approximate","lon":121.2172044,"lat":25.0209285}},{"type":"Feature","geometry":{"type":"Point","coordinates":[120.674941,23.756975]},"properties":{"venue_id":"pv_8ac59073d6","venue_name":"欣榮紀念圖書館暨玉蘭文化會館","address":"南投縣竹山鎮大勇路 26 號","city":"南投縣","event_count":8,"show_count":8,"coord_source":"api_mode","precision":"","lon":120.674941,"lat":23.756975}},{"type":"Feature","geometry":{"type":"Point","coordinates":[120.7061973,24.2489579]},"properties":{"venue_id":"pv_578093c158","venue_name":"正太筆墨坊","address":"臺中市豐原區成功路369號","city":"臺中市","event_count":1,"show_count":1,"coord_source":"geocode","precision":"exact","lon":120.7061973,"lat":24.2489579}},{"type":"Feature","geometry":{"type":"Point","coordinates":[120.2980291,22.9640042]},"properties":{"venue_id":"pv_b977a7b3fb","venue_name":"歸仁文化中心","address":"臺南市歸仁區信義南路78號","city":"臺南市","event_count":4,"show_count":4,"coord_source":"geocode","precision":"exact","lon":120.2980291,"lat":22.9640042}},{"type":"Feature","geometry":{"type":"Point","coordinates":[120.766731,23.985923]},"properties":{"venue_id":"pv_efed9b0e33","venue_name":"毓繡美術館","address":"南投縣草屯鎮健行路150巷26號","city":"南投縣","event_count":2,"show_count":2,"coord_source":"api_mode","precision":"","lon":120.766731,"lat":23.985923}},{"type":"Feature","geometry":{"type":"Point","coordinates":[121.534902,25.013615]},"properties":{"venue_id":"pv_7c8181f58b","venue_name":"水源劇場","address":"臺北市中正區羅斯福路四段92號10樓","city":"臺北市","event_count":7,"show_count":46,"coord_source":"api_mode","precision":"","lon":121.534902,"lat":25.013615}},{"type":"Feature","geometry":{"type":"Point","coordinates":[120.8613785,23.7919524]},"properties":{"venue_id":"pv_f7da458039","venue_name":"水里鄉（南投縣）=","address":"南投縣水里鄉","city":"南投縣","event_count":8,"show_count":8,"coord_source":"geocode","precision":"approximate","lon":120.8613785,"lat":23.7919524}},{"type":"Feature","geometry":{"type":"Point","coordinates":[120.2397336,22.8112691]},"properties":{"venue_id":"pv_d3e000c630","venue_name":"永安區（高雄市）=","address":"高雄市永安區","city":"高雄市","event_count":7,"show_count":7,"coord_source":"geocode","precision":"approximate","lon":120.2397336,"lat":22.8112691}},{"type":"Feature","geometry":{"type":"Point","coordinates":[121.6397184,25.0616059]},"properties":{"venue_id":"pv_da2f1b7c63","venue_name":"汐止區（新北市）=","address":"新北市汐止區","city":"新北市","event_count":1,"show_count":1,"coord_source":"geocode","precision":"approximate","lon":121.6397184,"lat":25.0616059}},{"type":"Feature","geometry":{"type":"Point","coordinates":[119.5639694,23.565172]},"properties":{"venue_id":"pv_6caf9434d4","venue_name":"洪根深美術館","address":"澎湖縣馬公市民族路22號","city":"澎湖縣","event_count":2,"show_count":2,"coord_source":"geocode","precision":"exact","lon":119.5639694,"lat":23.565172}},{"type":"Feature","geometry":{"type":"Point","coordinates":[120.189095,22.990288]},"properties":{"venue_id":"pv_9b90073339","venue_name":"涴莎藝術展演中心-藝術館A","address":"臺南市中西區永華一街59號","city":"臺南市","event_count":5,"show_count":5,"coord_source":"api_mode","precision":"","lon":120.189095,"lat":22.990288}},{"type":"Feature","geometry":{"type":"Point","coordinates":[120.1890726,22.9902147]},"properties":{"venue_id":"pv_5c82299cb4","venue_name":"涴莎藝術展演中心藝術館","address":"臺南市中西區永華一街59號","city":"臺南市","event_count":2,"show_count":2,"coord_source":"geocode","precision":"exact","lon":120.1890726,"lat":22.9902147}},{"type":"Feature","geometry":{"type":"Point","coordinates":[120.189132,22.990566]},"properties":{"venue_id":"pv_517e0d866d","venue_name":"涴莎藝術展演中心醉美空間","address":"臺南市中西區區永華一街 83 號","city":"臺南市","event_count":1,"show_count":1,"coord_source":"geocode","precision":"exact","lon":120.189132,"lat":22.990566}},{"type":"Feature","geometry":{"type":"Point","coordinates":[120.571328,24.2754785]},"properties":{"venue_id":"pv_0dc88496fe","venue_name":"清水區（臺中市）=","address":"臺中市清水區","city":"臺中市","event_count":2,"show_count":2,"coord_source":"geocode","precision":"approximate","lon":120.571328,"lat":24.2754785}},{"type":"Feature","geometry":{"type":"Point","coordinates":[121.102272,24.5753]},"properties":{"venue_id":"pv_b0743d7d05","venue_name":"清泉藝術之森","address":"新竹縣五峰鄉16鄰清泉227號","city":"新竹縣","event_count":1,"show_count":1,"coord_source":"geocode","precision":"approximate","lon":121.102272,"lat":24.5753}},{"type":"Feature","geometry":{"type":"Point","coordinates":[118.3183922,24.4322696]},"properties":{"venue_id":"pv_3b126507f4","venue_name":"清金門鎮總兵署","address":"金門縣金城鎮浯江街五十三號","city":"金門縣","event_count":1,"show_count":1,"coord_source":"geocode","precision":"exact","lon":118.3183922,"lat":24.4322696}},{"type":"Feature","geometry":{"type":"Point","coordinates":[120.48078219041034,23.951545810928515]},"properties":{"venue_id":"pv_a3d63e2dd1","venue_name":"溪湖糖廠","address":"彰化縣溪湖鎮彰水路二段762號","city":"彰化縣","event_count":2,"show_count":2,"coord_source":"geocode","precision":"cached","lon":120.48078219041034,"lat":23.951545810928515}},{"type":"Feature","geometry":{"type":"Point","coordinates":[120.47946880664456,23.96223812504007]},"properties":{"venue_id":"pv_23b4a75748","venue_name":"溪湖藝文館","address":"彰化縣溪湖鎮員鹿路3段245號","city":"彰化縣","event_count":1,"show_count":1,"coord_source":"geocode","precision":"cached","lon":120.47946880664456,"lat":23.96223812504007}},{"type":"Feature","geometry":{"type":"Point","coordinates":[120.4933624,23.9583265]},"properties":{"venue_id":"pv_80db23cc7f","venue_name":"溪湖鎮（彰化縣）=","address":"彰化縣溪湖鎮","city":"彰化縣","event_count":1,"show_count":1,"coord_source":"geocode","precision":"approximate","lon":120.4933624,"lat":23.9583265}},{"type":"Feature","geometry":{"type":"Point","coordinates":[121.5602151,25.0463721]},"properties":{"venue_id":"pv_575158434d","venue_name":"漢聲巷――是書店，也是書院","address":"台北市松山區八德路四段72巷16弄1號","city":"臺北市","event_count":1,"show_count":2,"coord_source":"geocode","precision":"exact","lon":121.5602151,"lat":25.0463721}},{"type":"Feature","geometry":{"type":"Point","coordinates":[120.7062535,24.2163612]},"properties":{"venue_id":"pv_9a86065b16","venue_name":"潭子區（臺中市）=","address":"臺中市潭子區","city":"臺中市","event_count":5,"show_count":5,"coord_source":"geocode","precision":"approximate","lon":120.7062535,"lat":24.2163612}},{"type":"Feature","geometry":{"type":"Point","coordinates":[120.5406086,22.5530574]},"properties":{"venue_id":"pv_59ec1407d3","venue_name":"潮州日式歷史建築文化園區","address":"屏東縣潮州鎮延平路30號","city":"屏東縣","event_count":1,"show_count":1,"coord_source":"geocode","precision":"exact","lon":120.5406086,"lat":22.5530574}},{"type":"Feature","geometry":{"type":"Point","coordinates":[120.5688081322054,22.51350333304508]},"properties":{"venue_id":"pv_9daf0e3852","venue_name":"潮州鎮（屏東縣）=","address":"屏東縣潮州鎮","city":"屏東縣","event_count":2,"show_count":2,"coord_source":"geocode","precision":"cached","lon":120.5688081322054,"lat":22.51350333304508}},{"type":"Feature","geometry":{"type":"Point","coordinates":[119.57941024706467,23.56705747700864]},"properties":{"venue_id":"pv_7defbb17d0","venue_name":"澎湖生活博物館","address":"澎湖縣馬公市新生路327號","city":"澎湖縣","event_count":1,"show_count":1,"coord_source":"geocode","precision":"cached","lon":119.57941024706467,"lat":23.56705747700864}},{"type":"Feature","geometry":{"type":"Point","coordinates":[119.5774092,23.5712864]},"properties":{"venue_id":"pv_77a75ed0c8","venue_name":"澎湖縣政府文化局","address":"澎湖縣馬公市中華路230號","city":"澎湖縣","event_count":5,"show_count":5,"coord_source":"geocode","precision":"exact","lon":119.5774092,"lat":23.5712864}},{"type":"Feature","geometry":{"type":"Point","coordinates":[119.5774092,23.5712864]},"properties":{"venue_id":"pv_6df400ecea","venue_name":"澎湖縣演藝廳","address":"澎湖縣馬公市中華路230號","city":"澎湖縣","event_count":8,"show_count":10,"coord_source":"geocode","precision":"exact","lon":119.5774092,"lat":23.5712864}},{"type":"Feature","geometry":{"type":"Point","coordinates":[119.5774092,23.5712864]},"properties":{"venue_id":"pv_7ce7b37e74","venue_name":"澎湖縣演藝廳多功能室","address":"澎湖縣馬公市中華路230號","city":"澎湖縣","event_count":1,"show_count":1,"coord_source":"geocode","precision":"exact","lon":119.5774092,"lat":23.5712864}},{"type":"Feature","geometry":{"type":"Point","coordinates":[119.5787077699896,23.566024794456975]},"properties":{"venue_id":"pv_da5c994c05","venue_name":"澎湖縣馬公市公所","address":"澎湖縣馬公市永福街30號","city":"澎湖縣","event_count":1,"show_count":1,"coord_source":"geocode","precision":"cached","lon":119.5787077699896,"lat":23.566024794456975}},{"type":"Feature","geometry":{"type":"Point","coordinates":[119.56048612641932,23.564206983008713]},"properties":{"venue_id":"pv_b6341b59e6","venue_name":"澎湖縣馬公市觀音亭休閒園區","address":"澎湖縣馬公市介壽路","city":"澎湖縣","event_count":5,"show_count":5,"coord_source":"geocode","precision":"cached","lon":119.56048612641932,"lat":23.564206983008713}},{"type":"Feature","geometry":{"type":"Point","coordinates":[119.5641375,23.5634269]},"properties":{"venue_id":"pv_e1a289dc0c","venue_name":"澎湖郵便局","address":"澎湖縣馬公市中山路75號","city":"澎湖縣","event_count":1,"show_count":1,"coord_source":"geocode","precision":"exact","lon":119.5641375,"lat":23.5634269}},{"type":"Feature","geometry":{"type":"Point","coordinates":[119.5673261,23.5699364]},"properties":{"venue_id":"pv_641446fbbc","venue_name":"澎湖開拓館","address":"澎湖縣馬公市治平路30號","city":"澎湖縣","event_count":1,"show_count":1,"coord_source":"geocode","precision":"exact","lon":119.5673261,"lat":23.5699364}},{"type":"Feature","geometry":{"type":"Point","coordinates":[121.525392,25.050121]},"properties":{"venue_id":"pv_343624ddce","venue_name":"濕地Venue-B1","address":"臺北市中山區林森北路107巷10號B1","city":"臺北市","event_count":10,"show_count":29,"coord_source":"api_mode","precision":"","lon":121.525392,"lat":25.050121}},{"type":"Feature","geometry":{"type":"Point","coordinates":[118.2475458,24.4288569]},"properties":{"venue_id":"pv_f37a6c2f09","venue_name":"烈嶼鄉（金門縣）=","address":"金門縣烈嶼鄉","city":"金門縣","event_count":1,"show_count":1,"coord_source":"geocode","precision":"approximate","lon":118.2475458,"lat":24.4288569}},{"type":"Feature","geometry":{"type":"Point","coordinates":[121.515339,25.031736]},"properties":{"venue_id":"pv_e3ad46939c","venue_name":"牯嶺街小劇場一樓大廳","address":"臺北市中正區牯嶺街5巷2號","city":"臺北市","event_count":2,"show_count":12,"coord_source":"api_mode","precision":"","lon":121.515339,"lat":25.031736}},{"type":"Feature","geometry":{"type":"Point","coordinates":[121.515339,25.031736]},"properties":{"venue_id":"pv_5b669e5a43","venue_name":"牯嶺街小劇場一樓實驗劇場","address":"臺北市中正區牯嶺街5巷2號","city":"臺北市","event_count":6,"show_count":25,"coord_source":"api_mode","precision":"","lon":121.515339,"lat":25.031736}},{"type":"Feature","geometry":{"type":"Point","coordinates":[121.515339,25.031736]},"properties":{"venue_id":"pv_5de5972f7a","venue_name":"牯嶺街小劇場二樓藝文空間","address":"臺北市中正區牯嶺街5巷2號","city":"臺北市","event_count":8,"show_count":30,"coord_source":"api_mode","precision":"","lon":121.515339,"lat":25.031736}},{"type":"Feature","geometry":{"type":"Point","coordinates":[120.9302603,24.5238661]},"properties":{"venue_id":"pv_bd7a5f76be","venue_name":"獅潭鄉（苗栗縣）=","address":"苗栗縣獅潭鄉","city":"苗栗縣","event_count":1,"show_count":1,"coord_source":"geocode","precision":"approximate","lon":120.9302603,"lat":24.5238661}},{"type":"Feature","geometry":{"type":"Point","coordinates":[120.861379,23.791952]},"properties":{"venue_id":"pv_7215d3c5bf","venue_name":"玉山國家公園管理處水里遊客中心","address":"南投縣水里鄉中山路一段515號","city":"南投縣","event_count":2,"show_count":2,"coord_source":"api_mode","precision":"","lon":120.861379,"lat":23.791952}},{"type":"Feature","geometry":{"type":"Point","coordinates":[120.3258419,23.9699132]},"properties":{"venue_id":"pv_2f3d4d5c72","venue_name":"王功蚵藝文化館","address":"彰化縣芳苑鄉漁港路900號","city":"彰化縣","event_count":1,"show_count":1,"coord_source":"geocode","precision":"exact","lon":120.3258419,"lat":23.9699132}},{"type":"Feature","geometry":{"type":"Point","coordinates":[121.5086512,25.0779224]},"properties":{"venue_id":"pv_8d8179cbd2","venue_name":"琂樂堂藝文空間","address":"大同區環河北路一段111號1樓","city":"","event_count":1,"show_count":1,"coord_source":"geocode","precision":"interpolated","lon":121.5086512,"lat":25.0779224}},{"type":"Feature","geometry":{"type":"Point","coordinates":[120.5857291,23.8578405]},"properties":{"venue_id":"pv_24abcf4da6","venue_name":"田中鎮（彰化縣）=","address":"彰化縣田中鎮","city":"彰化縣","event_count":1,"show_count":1,"coord_source":"geocode","precision":"approximate","lon":120.5857291,"lat":23.8578405}},{"type":"Feature","geometry":{"type":"Point","coordinates":[120.283103,22.654384]},"properties":{"venue_id":"pv_da78d87e3c","venue_name":"田和越．茶劇場","address":"高雄市鼓山區美術南一街192號","city":"高雄市","event_count":2,"show_count":8,"coord_source":"api_mode","precision":"","lon":120.283103,"lat":22.654384}},{"type":"Feature","geometry":{"type":"Point","coordinates":[120.6314948,23.114592]},"properties":{"venue_id":"pv_02da235d38","venue_name":"甲仙區（高雄市）=","address":"高雄市甲仙區","city":"高雄市","event_count":1,"show_count":1,"coord_source":"geocode","precision":"approximate","lon":120.6314948,"lat":23.114592}},{"type":"Feature","geometry":{"type":"Point","coordinates":[120.7494508,23.7478696]},"properties":{"venue_id":"pv_6caf872d3b","venue_name":"益品美術館","address":"南投縣鹿谷鄉中正路二段211巷19號","city":"南投縣","event_count":4,"show_count":4,"coord_source":"geocode","precision":"exact","lon":120.7494508,"lat":23.7478696}},{"type":"Feature","geometry":{"type":"Point","coordinates":[121.527425,25.067214]},"properties":{"venue_id":"pv_14b39e143b","venue_name":"福利社","address":"臺北市中山區新生北路三段82號B1","city":"臺北市","event_count":7,"show_count":21,"coord_source":"api_mode","precision":"","lon":121.527425,"lat":25.067214}},{"type":"Feature","geometry":{"type":"Point","coordinates":[120.4242401,24.0377011]},"properties":{"venue_id":"pv_3828dfd490","venue_name":"福興鄉（彰化縣）=","address":"彰化縣福興鄉","city":"彰化縣","event_count":1,"show_count":1,"coord_source":"geocode","precision":"approximate","lon":120.4242401,"lat":24.0377011}},{"type":"Feature","geometry":{"type":"Point","coordinates":[121.537411,25.052181]},"properties":{"venue_id":"pv_22cf8079e4","venue_name":"禾禾文化空間","address":"臺北市中山區南京東路三段9號4樓","city":"臺北市","event_count":6,"show_count":6,"coord_source":"api_mode","precision":"","lon":121.537411,"lat":25.052181}},{"type":"Feature","geometry":{"type":"Point","coordinates":[121.499006,25.057888]},"properties":{"venue_id":"pv_c9eb6b8593","venue_name":"空軍三重一村時藝劇場","address":"新北市三重區正義南路86巷","city":"新北市","event_count":1,"show_count":4,"coord_source":"api_mode","precision":"","lon":121.499006,"lat":25.057888}},{"type":"Feature","geometry":{"type":"Point","coordinates":[121.509299,25.056808]},"properties":{"venue_id":"pv_09a84397bd","venue_name":"窩窩藝文空間","address":"臺北市大同區民生西路404號2樓","city":"臺北市","event_count":8,"show_count":31,"coord_source":"api_mode","precision":"","lon":121.509299,"lat":25.056808}},{"type":"Feature","geometry":{"type":"Point","coordinates":[121.523262,25.057825]},"properties":{"venue_id":"pv_219d5df6f1","venue_name":"窩著fossa","address":"臺北市中山區民生東路一段6號5樓","city":"臺北市","event_count":7,"show_count":41,"coord_source":"api_mode","precision":"","lon":121.523262,"lat":25.057825}},{"type":"Feature","geometry":{"type":"Point","coordinates":[121.5226153,25.0296178]},"properties":{"venue_id":"pv_6ee948fe7a","venue_name":"童里","address":"潮州街15號（近捷運古亭站）","city":"","event_count":1,"show_count":4,"coord_source":"geocode","precision":"exact","lon":121.5226153,"lat":25.0296178}},{"type":"Feature","geometry":{"type":"Point","coordinates":[120.8727074,24.6889327]},"properties":{"venue_id":"pv_ba1ea83445","venue_name":"竹南鎮（苗栗縣）=","address":"苗栗縣竹南鎮","city":"苗栗縣","event_count":4,"show_count":4,"coord_source":"geocode","precision":"approximate","lon":120.8727074,"lat":24.6889327}},{"type":"Feature","geometry":{"type":"Point","coordinates":[120.67917186714206,23.762212700812707]},"properties":{"venue_id":"pv_4f0a503005","venue_name":"竹山鎮（南投縣）=","address":"南投縣竹山鎮","city":"南投縣","event_count":3,"show_count":3,"coord_source":"geocode","precision":"cached","lon":120.67917186714206,"lat":23.762212700812707}},{"type":"Feature","geometry":{"type":"Point","coordinates":[121.095337,24.737327]},"properties":{"venue_id":"pv_e06b7f4159","venue_name":"竹東音樂巷親愛音樂廳","address":"新竹縣竹東鎮東林路194巷8號","city":"新竹縣","event_count":2,"show_count":2,"coord_source":"api_mode","precision":"","lon":121.095337,"lat":24.737327}},{"type":"Feature","geometry":{"type":"Point","coordinates":[120.5326679,22.5939138]},"properties":{"venue_id":"pv_7b77f0dd89","venue_name":"竹田鄉（屏東縣）=","address":"屏東縣竹田鄉","city":"屏東縣","event_count":1,"show_count":1,"coord_source":"geocode","precision":"approximate","lon":120.5326679,"lat":22.5939138}},{"type":"Feature","geometry":{"type":"Point","coordinates":[121.51206,25.032319]},"properties":{"venue_id":"pv_484158570d","venue_name":"第1、2展覽廳","address":"臺北市南海路四十七號","city":"臺北市","event_count":1,"show_count":1,"coord_source":"api_mode","precision":"","lon":121.51206,"lat":25.032319}},{"type":"Feature","geometry":{"type":"Point","coordinates":[121.51206,25.032319]},"properties":{"venue_id":"pv_c7f3be044f","venue_name":"第3展覽廳","address":"臺北市南海路四十七號","city":"臺北市","event_count":1,"show_count":1,"coord_source":"api_mode","precision":"","lon":121.51206,"lat":25.032319}},{"type":"Feature","geometry":{"type":"Point","coordinates":[121.307649,24.99607]},"properties":{"venue_id":"pv_7c34a299ab","venue_name":"米倉劇場","address":"桃園市桃園區新生路169號","city":"桃園市","event_count":2,"show_count":5,"coord_source":"api_mode","precision":"","lon":121.307649,"lat":24.99607}},{"type":"Feature","geometry":{"type":"Point","coordinates":[121.5206629,25.0215357]},"properties":{"venue_id":"pv_cf141a8720","venue_name":"紀州庵文學森林","address":"中正區同安街107號","city":"","event_count":2,"show_count":3,"coord_source":"geocode","precision":"exact","lon":121.5206629,"lat":25.0215357}},{"type":"Feature","geometry":{"type":"Point","coordinates":[121.520663,25.021536]},"properties":{"venue_id":"pv_fda404639e","venue_name":"紀州庵文學森林-古蹟大廣間","address":"臺北市中正區同安街107號","city":"臺北市","event_count":4,"show_count":13,"coord_source":"api_mode","precision":"","lon":121.520663,"lat":25.021536}},{"type":"Feature","geometry":{"type":"Point","coordinates":[120.360845,22.555318]},"properties":{"venue_id":"pv_bc5b0e32fb","venue_name":"紅毛港文化園區","address":"高雄市小港區006鄰南星路2808號","city":"高雄市","event_count":2,"show_count":2,"coord_source":"api_mode","precision":"","lon":120.360845,"lat":22.555318}},{"type":"Feature","geometry":{"type":"Point","coordinates":[120.924522,23.943514]},"properties":{"venue_id":"pv_7658b14fcd","venue_name":"紙教堂-新故鄉見學園區","address":"南投縣埔里鎮桃米巷52-12號","city":"南投縣","event_count":1,"show_count":1,"coord_source":"api_mode","precision":"","lon":120.924522,"lat":23.943514}},{"type":"Feature","geometry":{"type":"Point","coordinates":[121.522234,25.102057]},"properties":{"venue_id":"pv_39ef1d6e82","venue_name":"綠門","address":"臺北市士林區福國路96號","city":"臺北市","event_count":1,"show_count":2,"coord_source":"api_mode","precision":"","lon":121.522234,"lat":25.102057}},{"type":"Feature","geometry":{"type":"Point","coordinates":[121.521423,25.0941]},"properties":{"venue_id":"pv_dbe84e1cb1","venue_name":"羊檯Lamp｜鄰里關係工作室","address":"臺北市士林區中正路387號2樓","city":"臺北市","event_count":1,"show_count":6,"coord_source":"api_mode","precision":"","lon":121.521423,"lat":25.0941}},{"type":"Feature","geometry":{"type":"Point","coordinates":[121.51206,25.032319]},"properties":{"venue_id":"pv_95d57d5752","venue_name":"美學空間","address":"臺北市南海路四十七號","city":"臺北市","event_count":1,"show_count":1,"coord_source":"api_mode","precision":"","lon":121.51206,"lat":25.032319}},{"type":"Feature","geometry":{"type":"Point","coordinates":[120.22112868129442,22.98483286859438]},"properties":{"venue_id":"pv_5c14ab600d","venue_name":"耘非凡美術館","address":"臺南市東區林森路一段370號","city":"臺南市","event_count":1,"show_count":1,"coord_source":"geocode","precision":"interpolated","lon":120.22112868129442,"lat":22.98483286859438}},{"type":"Feature","geometry":{"type":"Point","coordinates":[121.5441208,25.0414095]},"properties":{"venue_id":"pv_4b6b0e72f2","venue_name":"聯邦藝術中心","address":"大安區忠孝東路四段219號","city":"","event_count":1,"show_count":2,"coord_source":"geocode","precision":"exact","lon":121.5441208,"lat":25.0414095}},{"type":"Feature","geometry":{"type":"Point","coordinates":[120.456758,23.798607]},"properties":{"venue_id":"pv_be5fbb420b","venue_name":"聲泊廳","address":"雲林縣西螺鎮中山路229巷12號","city":"雲林縣","event_count":2,"show_count":2,"coord_source":"api_mode","precision":"","lon":120.456758,"lat":23.798607}},{"type":"Feature","geometry":{"type":"Point","coordinates":[121.5326267,25.0318047]},"properties":{"venue_id":"pv_6730cdb7a8","venue_name":"聲色 Sounds Good","address":"大安區福住里新生南路二段30巷1-3號","city":"","event_count":1,"show_count":2,"coord_source":"geocode","precision":"exact","lon":121.5326267,"lat":25.0318047}},{"type":"Feature","geometry":{"type":"Point","coordinates":[120.6849939,24.1527839]},"properties":{"venue_id":"pv_a3dfef31b1","venue_name":"臺中中友百貨公司","address":"臺中市北區三民路3段161號","city":"臺中市","event_count":1,"show_count":1,"coord_source":"geocode","precision":"exact","lon":120.6849939,"lat":24.1527839}},{"type":"Feature","geometry":{"type":"Point","coordinates":[120.640303,24.162649]},"properties":{"venue_id":"pv_d1ec9ebd62","venue_name":"臺中國家歌劇院 中劇院","address":"臺中市西屯區惠來路二段101號","city":"臺中市","event_count":1,"show_count":1,"coord_source":"api_mode","precision":"","lon":120.640303,"lat":24.162649}},{"type":"Feature","geometry":{"type":"Point","coordinates":[120.640303,24.162649]},"properties":{"venue_id":"pv_693aae06d7","venue_name":"臺中國家歌劇院中劇院","address":"臺中市西屯區惠來路二段101號","city":"臺中市","event_count":31,"show_count":50,"coord_source":"api_mode","precision":"","lon":120.640303,"lat":24.162649}},{"type":"Feature","geometry":{"type":"Point","coordinates":[120.640303,24.162649]},"properties":{"venue_id":"pv_f8622566ec","venue_name":"臺中國家歌劇院大劇院","address":"臺中市西屯區惠來路二段101號","city":"臺中市","event_count":11,"show_count":21,"coord_source":"api_mode","precision":"","lon":120.640303,"lat":24.162649}},{"type":"Feature","geometry":{"type":"Point","coordinates":[120.640303,24.162649]},"properties":{"venue_id":"pv_61fdc41021","venue_name":"臺中國家歌劇院小劇場","address":"臺中市西屯區惠來路二段101號","city":"臺中市","event_count":32,"show_count":40,"coord_source":"api_mode","precision":"","lon":120.640303,"lat":24.162649}},{"type":"Feature","geometry":{"type":"Point","coordinates":[120.640303,24.162649]},"properties":{"venue_id":"pv_1e34c42431","venue_name":"臺中國家歌劇院排練室3","address":"臺中市西屯區惠來路二段101號","city":"臺中市","event_count":1,"show_count":8,"coord_source":"api_mode","precision":"","lon":120.640303,"lat":24.162649}},{"type":"Feature","geometry":{"type":"Point","coordinates":[120.640303,24.162649]},"properties":{"venue_id":"pv_849841b48a","venue_name":"臺中國家歌劇院角落沙龍","address":"臺中市西屯區惠來路二段101號","city":"臺中市","event_count":1,"show_count":1,"coord_source":"api_mode","precision":"","lon":120.640303,"lat":24.162649}},{"type":"Feature","geometry":{"type":"Point","coordinates":[120.682756,24.155298]},"properties":{"venue_id":"pv_0722c40e90","venue_name":"臺中市中山堂","address":"臺中市北區學士路98號","city":"臺中市","event_count":20,"show_count":27,"coord_source":"api_mode","precision":"","lon":120.682756,"lat":24.155298}},{"type":"Feature","geometry":{"type":"Point","coordinates":[120.6660103,24.141252]},"properties":{"venue_id":"pv_62a1b06ddb","venue_name":"臺中市大墩文化中心","address":"臺中市西區英才路600號","city":"臺中市","event_count":19,"show_count":19,"coord_source":"geocode","precision":"exact","lon":120.6660103,"lat":24.141252}},{"type":"Feature","geometry":{"type":"Point","coordinates":[120.734624,24.156612]},"properties":{"venue_id":"pv_1b5f4289f6","venue_name":"臺中市屯區藝文中心","address":"臺中市太平區大興路201號","city":"臺中市","event_count":5,"show_count":5,"coord_source":"api_mode","precision":"","lon":120.734624,"lat":24.156612}},{"type":"Feature","geometry":{"type":"Point","coordinates":[120.735044,24.156849]},"properties":{"venue_id":"pv_6fce303db8","venue_name":"臺中市屯區藝文中心實驗劇場","address":"臺中市太平區光華里大興路201號","city":"臺中市","event_count":1,"show_count":4,"coord_source":"api_mode","precision":"","lon":120.735044,"lat":24.156849}},{"type":"Feature","geometry":{"type":"Point","coordinates":[120.735044,24.156849]},"properties":{"venue_id":"pv_71445a3b4c","venue_name":"臺中市屯區藝文中心演藝廳","address":"臺中市太平區光華里大興路201號","city":"臺中市","event_count":5,"show_count":5,"coord_source":"api_mode","precision":"","lon":120.735044,"lat":24.156849}},{"type":"Feature","geometry":{"type":"Point","coordinates":[120.682756,24.155298]},"properties":{"venue_id":"pv_25f0388996","venue_name":"臺中市政府文化局中山堂","address":"臺中市北區學士路98號","city":"臺中市","event_count":1,"show_count":3,"coord_source":"api_mode","precision":"","lon":120.682756,"lat":24.155298}},{"type":"Feature","geometry":{"type":"Point","coordinates":[120.5583462,24.2704683]},"properties":{"venue_id":"pv_afc94c49d0","venue_name":"臺中市港區藝術中心","address":"臺中市清水區忠貞路21號","city":"臺中市","event_count":18,"show_count":19,"coord_source":"geocode","precision":"exact","lon":120.5583462,"lat":24.2704683}},{"type":"Feature","geometry":{"type":"Point","coordinates":[120.557655,24.269464]},"properties":{"venue_id":"pv_3451050ca9","venue_name":"臺中市港區藝術中心演藝廳","address":"臺中市清水區忠貞路21號","city":"臺中市","event_count":4,"show_count":4,"coord_source":"api_mode","precision":"","lon":120.557655,"lat":24.269464}},{"type":"Feature","geometry":{"type":"Point","coordinates":[120.70195663448459,24.15929530853038]},"properties":{"venue_id":"pv_db65a2dee6","venue_name":"臺中市眷村文物館","address":"臺中市北區天祥街19號","city":"臺中市","event_count":1,"show_count":1,"coord_source":"geocode","precision":"interpolated","lon":120.70195663448459,"lat":24.15929530853038}},{"type":"Feature","geometry":{"type":"Point","coordinates":[120.679558,24.1438673]},"properties":{"venue_id":"pv_fe6fa93f77","venue_name":"臺中市立圖書館中區分館","address":"臺中市中區成功路300號7樓","city":"臺中市","event_count":3,"show_count":3,"coord_source":"geocode","precision":"exact","lon":120.679558,"lat":24.1438673}},{"type":"Feature","geometry":{"type":"Point","coordinates":[120.6450754,24.1496298]},"properties":{"venue_id":"pv_79cd1ebd3a","venue_name":"臺中市立圖書館南屯分館","address":"臺中市南屯區大墩12街361號","city":"臺中市","event_count":4,"show_count":4,"coord_source":"geocode","precision":"exact","lon":120.6450754,"lat":24.1496298}},{"type":"Feature","geometry":{"type":"Point","coordinates":[120.708834,24.1264081]},"properties":{"venue_id":"pv_e148b886b1","venue_name":"臺中市立圖書館太平分館","address":"臺中市太平區太平三街20號","city":"臺中市","event_count":1,"show_count":1,"coord_source":"geocode","precision":"exact","lon":120.708834,"lat":24.1264081}},{"type":"Feature","geometry":{"type":"Point","coordinates":[120.8349257,24.2499555]},"properties":{"venue_id":"pv_839915dfb2","venue_name":"臺中市立圖書館東勢許良宇圖書館","address":"臺中市東勢區圓樓街88號","city":"臺中市","event_count":4,"show_count":4,"coord_source":"geocode","precision":"exact","lon":120.8349257,"lat":24.2499555}},{"type":"Feature","geometry":{"type":"Point","coordinates":[120.5315125,24.2546001]},"properties":{"venue_id":"pv_619354f133","venue_name":"臺中市立圖書館梧棲分館","address":"臺中市梧棲區雲集街72號","city":"臺中市","event_count":1,"show_count":1,"coord_source":"geocode","precision":"exact","lon":120.5315125,"lat":24.2546001}},{"type":"Feature","geometry":{"type":"Point","coordinates":[120.533022,24.251815]},"properties":{"venue_id":"pv_f1b33b59a2","venue_name":"臺中市立圖書館梧棲親子館","address":"臺中市梧棲區民生街15之77號","city":"臺中市","event_count":3,"show_count":3,"coord_source":"api_mode","precision":"","lon":120.533022,"lat":24.251815}},{"type":"Feature","geometry":{"type":"Point","coordinates":[120.5641045,24.2334376]},"properties":{"venue_id":"pv_c0985fc8f4","venue_name":"臺中市立圖書館沙鹿深波分館","address":"臺中市沙鹿區鎮南路二段 488號","city":"臺中市","event_count":2,"show_count":2,"coord_source":"geocode","precision":"exact","lon":120.5641045,"lat":24.2334376}},{"type":"Feature","geometry":{"type":"Point","coordinates":[120.72220632,24.16980231230769]},"properties":{"venue_id":"pv_8afbe3a450","venue_name":"臺中市立圖書館溪東分館","address":"臺中市北屯區軍福九路499號","city":"臺中市","event_count":2,"show_count":2,"coord_source":"geocode","precision":"interpolated","lon":120.72220632,"lat":24.16980231230769}},{"type":"Feature","geometry":{"type":"Point","coordinates":[120.6945768,24.169386]},"properties":{"venue_id":"pv_1ac5c7c490","venue_name":"臺中市立圖書館興安分館","address":"臺中市北屯區興安路一段162號","city":"臺中市","event_count":1,"show_count":1,"coord_source":"geocode","precision":"exact","lon":120.6945768,"lat":24.169386}},{"type":"Feature","geometry":{"type":"Point","coordinates":[120.7301134,24.2531469]},"properties":{"venue_id":"pv_82958ede91","venue_name":"臺中市立圖書館葫蘆墩分館","address":"臺中市豐原區圓環東路782號","city":"臺中市","event_count":1,"show_count":1,"coord_source":"geocode","precision":"exact","lon":120.7301134,"lat":24.2531469}},{"type":"Feature","geometry":{"type":"Point","coordinates":[120.654959,24.14944]},"properties":{"venue_id":"pv_9c362ff154","venue_name":"臺中市立圖書館西區分館","address":"臺中市西區精誠路256號","city":"臺中市","event_count":3,"show_count":3,"coord_source":"api_mode","precision":"","lon":120.654959,"lat":24.14944}},{"type":"Feature","geometry":{"type":"Point","coordinates":[120.699002,24.061572]},"properties":{"venue_id":"pv_f703d3b1e8","venue_name":"臺中市立圖書館霧峰以文分館","address":"臺中市霧峰區大同路8號","city":"臺中市","event_count":2,"show_count":2,"coord_source":"api_mode","precision":"","lon":120.699002,"lat":24.061572}},{"type":"Feature","geometry":{"type":"Point","coordinates":[120.5451056738263,24.19243320002364]},"properties":{"venue_id":"pv_ecc9c4cb32","venue_name":"臺中市立圖書館龍井分館","address":"臺中市龍井區觀光路2號","city":"臺中市","event_count":1,"show_count":1,"coord_source":"geocode","precision":"cached","lon":120.5451056738263,"lat":24.19243320002364}},{"type":"Feature","geometry":{"type":"Point","coordinates":[120.6851441,24.1458541]},"properties":{"venue_id":"pv_1175902351","venue_name":"臺中市精武圖書館","address":"臺中市北區精武路291之3號","city":"臺中市","event_count":2,"show_count":2,"coord_source":"geocode","precision":"exact","lon":120.6851441,"lat":24.1458541}},{"type":"Feature","geometry":{"type":"Point","coordinates":[120.683154,24.100834]},"properties":{"venue_id":"pv_97e5b2471c","venue_name":"臺中市纖維工藝博物館","address":"臺中市大里區勝利二路1號","city":"臺中市","event_count":4,"show_count":4,"coord_source":"geocode","precision":"exact","lon":120.683154,"lat":24.100834}},{"type":"Feature","geometry":{"type":"Point","coordinates":[120.686142,24.099961]},"properties":{"venue_id":"pv_059f163c4a","venue_name":"臺中市纖維工藝博物館 B1演講廳","address":"臺中市大里區勝利二路1號","city":"臺中市","event_count":1,"show_count":2,"coord_source":"api_mode","precision":"","lon":120.686142,"lat":24.099961}},{"type":"Feature","geometry":{"type":"Point","coordinates":[120.7301134,24.2531469]},"properties":{"venue_id":"pv_f9001cb74c","venue_name":"臺中市葫蘆墩文化中心","address":"臺中市豐原區圓環東路782號","city":"臺中市","event_count":12,"show_count":12,"coord_source":"geocode","precision":"exact","lon":120.7301134,"lat":24.2531469}},{"type":"Feature","geometry":{"type":"Point","coordinates":[120.730415,24.25299]},"properties":{"venue_id":"pv_83845d1b4e","venue_name":"臺中市葫蘆墩文化中心演奏廳","address":"臺中市豐原區圓環東路782號","city":"臺中市","event_count":8,"show_count":14,"coord_source":"api_mode","precision":"","lon":120.730415,"lat":24.25299}},{"type":"Feature","geometry":{"type":"Point","coordinates":[120.745789,24.255087]},"properties":{"venue_id":"pv_1a6a5a7229","venue_name":"臺中市豐原漆藝館","address":"臺中市豐原區水源路1-1號","city":"臺中市","event_count":1,"show_count":1,"coord_source":"api_mode","precision":"","lon":120.745789,"lat":24.255087}},{"type":"Feature","geometry":{"type":"Point","coordinates":[120.6550704,24.1927008]},"properties":{"venue_id":"pv_3a22cbaa6d","venue_name":"臺中綠美圖","address":"臺中市西屯區中科路2201號","city":"臺中市","event_count":2,"show_count":2,"coord_source":"geocode","precision":"exact","lon":120.6550704,"lat":24.1927008}},{"type":"Feature","geometry":{"type":"Point","coordinates":[121.550023,25.050793]},"properties":{"venue_id":"pv_08f4dc2b1c","venue_name":"臺北小巨蛋","address":"臺北市松山區南京東路四段2號","city":"臺北市","event_count":1,"show_count":5,"coord_source":"api_mode","precision":"","lon":121.550023,"lat":25.050793}},{"type":"Feature","geometry":{"type":"Point","coordinates":[121.5654268,25.0329636]},"properties":{"venue_id":"pv_b0019fde0b","venue_name":"臺北市","address":"臺北市全區域","city":"臺北市","event_count":6,"show_count":6,"coord_source":"geocode","precision":"approximate","lon":121.5654268,"lat":25.0329636}},{"type":"Feature","geometry":{"type":"Point","coordinates":[121.510354,25.042504]},"properties":{"venue_id":"pv_d83e88763a","venue_name":"臺北市中山堂中正廳","address":"臺北市中正區延平南路98號","city":"臺北市","event_count":22,"show_count":23,"coord_source":"api_mode","precision":"","lon":121.510354,"lat":25.042504}},{"type":"Feature","geometry":{"type":"Point","coordinates":[121.510105,25.043133]},"properties":{"venue_id":"pv_123c7f730d","venue_name":"臺北市中山堂光復廳","address":"臺北市中正區延平南路98號-秀山門入場","city":"臺北市","event_count":7,"show_count":14,"coord_source":"api_mode","precision":"","lon":121.510105,"lat":25.043133}},{"type":"Feature","geometry":{"type":"Point","coordinates":[121.525675,25.019667]},"properties":{"venue_id":"pv_0d88f43d1b","venue_name":"臺北市客家音樂戲劇中心二樓劇場","address":"臺北市中正區汀州路三段2號","city":"臺北市","event_count":2,"show_count":4,"coord_source":"api_mode","precision":"","lon":121.525675,"lat":25.019667}},{"type":"Feature","geometry":{"type":"Point","coordinates":[121.564433,25.037542]},"properties":{"venue_id":"pv_af65c618df","venue_name":"臺北市政大樓親子劇場","address":"臺北市信義區市府路1號2樓","city":"臺北市","event_count":7,"show_count":16,"coord_source":"api_mode","precision":"","lon":121.564433,"lat":25.037542}},{"type":"Feature","geometry":{"type":"Point","coordinates":[121.514811,25.036434]},"properties":{"venue_id":"pv_4b6fdff407","venue_name":"臺北市立大學音樂館音樂廳","address":"臺北市中正區愛國西路1號","city":"臺北市","event_count":1,"show_count":1,"coord_source":"api_mode","precision":"","lon":121.514811,"lat":25.036434}},{"type":"Feature","geometry":{"type":"Point","coordinates":[121.51032503430585,25.054500832367413]},"properties":{"venue_id":"pv_33fc4f4cfb","venue_name":"臺北市藝文推廣處-大稻埕戲苑","address":"臺北市大同區迪化街1段21號","city":"臺北市","event_count":1,"show_count":1,"coord_source":"geocode","precision":"cached","lon":121.51032503430585,"lat":25.054500832367413}},{"type":"Feature","geometry":{"type":"Point","coordinates":[121.5411838,24.9920845]},"properties":{"venue_id":"pv_2c6ebe9e2f","venue_name":"臺北市藝文推廣處-文山劇場","address":"臺北市文山區景文街32號","city":"臺北市","event_count":2,"show_count":2,"coord_source":"geocode","precision":"exact","lon":121.5411838,"lat":24.9920845}},{"type":"Feature","geometry":{"type":"Point","coordinates":[121.551461,25.048615]},"properties":{"venue_id":"pv_23a1dfd809","venue_name":"臺北市藝文推廣處城市舞台","address":"臺北市松山區八德路三段25號","city":"臺北市","event_count":10,"show_count":43,"coord_source":"api_mode","precision":"","lon":121.551461,"lat":25.048615}},{"type":"Feature","geometry":{"type":"Point","coordinates":[121.5232601483029,25.060676859817367]},"properties":{"venue_id":"pv_6cafa53431","venue_name":"臺北戲棚(士敏廳)","address":"臺北市中山區中山北路二段113號3樓","city":"臺北市","event_count":1,"show_count":1,"coord_source":"geocode","precision":"cached","lon":121.5232601483029,"lat":25.060676859817367}},{"type":"Feature","geometry":{"type":"Point","coordinates":[121.597644,25.051265]},"properties":{"venue_id":"pv_894b33cc7f","venue_name":"臺北流行音樂中心文化館","address":"臺北市南港區忠孝東路七段99號","city":"臺北市","event_count":1,"show_count":1,"coord_source":"api_mode","precision":"","lon":121.597644,"lat":25.051265}},{"type":"Feature","geometry":{"type":"Point","coordinates":[121.524399,25.084707]},"properties":{"venue_id":"pv_be4467cb8a","venue_name":"臺北表演藝術中心","address":"臺北市士林區劍潭路1號","city":"臺北市","event_count":4,"show_count":20,"coord_source":"api_mode","precision":"","lon":121.524399,"lat":25.084707}},{"type":"Feature","geometry":{"type":"Point","coordinates":[121.524399,25.084707]},"properties":{"venue_id":"pv_db1a81c1b4","venue_name":"臺北表演藝術中心 11樓排練場4","address":"臺北市士林區劍潭路1號","city":"臺北市","event_count":1,"show_count":1,"coord_source":"api_mode","precision":"","lon":121.524399,"lat":25.084707}},{"type":"Feature","geometry":{"type":"Point","coordinates":[121.524399,25.084707]},"properties":{"venue_id":"pv_22eeae9317","venue_name":"臺北表演藝術中心 11樓排練場5","address":"臺北市士林區劍潭路1號","city":"臺北市","event_count":5,"show_count":27,"coord_source":"api_mode","precision":"","lon":121.524399,"lat":25.084707}},{"type":"Feature","geometry":{"type":"Point","coordinates":[121.524367,25.085149]},"properties":{"venue_id":"pv_87eb3886a1","venue_name":"臺北表演藝術中心 2樓太陽廳東南角","address":"臺北市士林區劍潭路1號","city":"臺北市","event_count":4,"show_count":4,"coord_source":"api_mode","precision":"","lon":121.524367,"lat":25.085149}},{"type":"Feature","geometry":{"type":"Point","coordinates":[121.524399,25.084707]},"properties":{"venue_id":"pv_f713b11aa0","venue_name":"臺北表演藝術中心 7樓XL排練場","address":"臺北市士林區劍潭路1號","city":"臺北市","event_count":1,"show_count":1,"coord_source":"api_mode","precision":"","lon":121.524399,"lat":25.084707}},{"type":"Feature","geometry":{"type":"Point","coordinates":[121.524399,25.084707]},"properties":{"venue_id":"pv_51718130e4","venue_name":"臺北表演藝術中心 大劇院","address":"臺北市士林區劍潭路1號","city":"臺北市","event_count":10,"show_count":27,"coord_source":"api_mode","precision":"","lon":121.524399,"lat":25.084707}},{"type":"Feature","geometry":{"type":"Point","coordinates":[121.524399,25.084707]},"properties":{"venue_id":"pv_85711a007c","venue_name":"臺北表演藝術中心 球劇場","address":"臺北市士林區劍潭路1號","city":"臺北市","event_count":11,"show_count":40,"coord_source":"api_mode","precision":"","lon":121.524399,"lat":25.084707}},{"type":"Feature","geometry":{"type":"Point","coordinates":[121.524399,25.084775]},"properties":{"venue_id":"pv_d52279999a","venue_name":"臺北表演藝術中心 藍盒子","address":"臺北市士林區劍潭路1號","city":"臺北市","event_count":12,"show_count":54,"coord_source":"api_mode","precision":"","lon":121.524399,"lat":25.084775}},{"type":"Feature","geometry":{"type":"Point","coordinates":[121.523565,25.084564]},"properties":{"venue_id":"pv_3320bb8641","venue_name":"臺北表演藝術中心3號門外（承德路四段側，館外大客車停車格）","address":"臺北市士林區承德路四段173號","city":"臺北市","event_count":1,"show_count":32,"coord_source":"api_mode","precision":"","lon":121.523565,"lat":25.084564}},{"type":"Feature","geometry":{"type":"Point","coordinates":[120.200022,22.987169]},"properties":{"venue_id":"pv_b3227f1d10","venue_name":"臺南刑務所","address":"臺南市中西區永福路一段185號","city":"臺南市","event_count":1,"show_count":2,"coord_source":"api_mode","precision":"","lon":120.200022,"lat":22.987169}},{"type":"Feature","geometry":{"type":"Point","coordinates":[120.202216,22.990433]},"properties":{"venue_id":"pv_39b1fddfcd","venue_name":"臺南國家美術館2樓 展覽室E-I","address":"臺南市中西區忠義路二段1號","city":"臺南市","event_count":1,"show_count":1,"coord_source":"api_mode","precision":"","lon":120.202216,"lat":22.990433}},{"type":"Feature","geometry":{"type":"Point","coordinates":[120.1773583,23.1688188]},"properties":{"venue_id":"pv_c3e0d1d9b3","venue_name":"臺南市佳里區圖書館","address":"臺南市佳里區安北路118號","city":"臺南市","event_count":1,"show_count":1,"coord_source":"geocode","precision":"exact","lon":120.1773583,"lat":23.1688188}},{"type":"Feature","geometry":{"type":"Point","coordinates":[120.1248908,23.2703547]},"properties":{"venue_id":"pv_61e968cb67","venue_name":"臺南市北門區圖書館","address":"臺南市北門區港北49號","city":"臺南市","event_count":1,"show_count":1,"coord_source":"geocode","precision":"exact","lon":120.1248908,"lat":23.2703547}},{"type":"Feature","geometry":{"type":"Point","coordinates":[120.1875838,22.9672272]},"properties":{"venue_id":"pv_801bb77cbf","venue_name":"臺南市南區鹽埕圖書館","address":"臺南市南區新和東路51號","city":"臺南市","event_count":1,"show_count":1,"coord_source":"geocode","precision":"exact","lon":120.1875838,"lat":22.9672272}},{"type":"Feature","geometry":{"type":"Point","coordinates":[120.205988,22.994357]},"properties":{"venue_id":"pv_57775513a5","venue_name":"臺南市吳園藝文中心公會堂表演廳","address":"臺南市中西區民權路二段30號","city":"臺南市","event_count":1,"show_count":3,"coord_source":"api_mode","precision":"","lon":120.205988,"lat":22.994357}},{"type":"Feature","geometry":{"type":"Point","coordinates":[120.2263842,22.9344156]},"properties":{"venue_id":"pv_5a4b7bb596","venue_name":"臺南市奇美博物館","address":"臺南市仁德區文華路二段66號","city":"臺南市","event_count":12,"show_count":12,"coord_source":"geocode","precision":"exact","lon":120.2263842,"lat":22.9344156}},{"type":"Feature","geometry":{"type":"Point","coordinates":[120.2545495,23.1273597]},"properties":{"venue_id":"pv_11007ae653","venue_name":"臺南市安定區圖書館","address":"臺南市安定區262之8號","city":"臺南市","event_count":2,"show_count":2,"coord_source":"geocode","precision":"exact","lon":120.2545495,"lat":23.1273597}},{"type":"Feature","geometry":{"type":"Point","coordinates":[120.1667696,23.0007107]},"properties":{"venue_id":"pv_320463c29e","venue_name":"臺南市安平區公所","address":"臺南市安平區安北路42號","city":"臺南市","event_count":1,"show_count":1,"coord_source":"geocode","precision":"exact","lon":120.1667696,"lat":23.0007107}},{"type":"Feature","geometry":{"type":"Point","coordinates":[120.1680557,22.9948214]},"properties":{"venue_id":"pv_a3067e8690","venue_name":"臺南市安平區圖書館","address":"臺南市安平區育平路320號","city":"臺南市","event_count":1,"show_count":1,"coord_source":"geocode","precision":"exact","lon":120.1680557,"lat":22.9948214}},{"type":"Feature","geometry":{"type":"Point","coordinates":[120.29587967571936,23.079719710891172]},"properties":{"venue_id":"pv_c8479b912b","venue_name":"臺南市新市區圖書館","address":"臺南市新市區民族路192號","city":"臺南市","event_count":2,"show_count":2,"coord_source":"geocode","precision":"cached","lon":120.29587967571936,"lat":23.079719710891172}},{"type":"Feature","geometry":{"type":"Point","coordinates":[120.3089541,23.3119567]},"properties":{"venue_id":"pv_47e9ea7f9d","venue_name":"臺南市新營區圖書館","address":"臺南市新營區45之8號","city":"臺南市","event_count":1,"show_count":1,"coord_source":"geocode","precision":"approximate","lon":120.3089541,"lat":23.3119567}},{"type":"Feature","geometry":{"type":"Point","coordinates":[120.22313258184919,22.986624396633527]},"properties":{"venue_id":"pv_f03846ee8c","venue_name":"臺南市東區林森圖書館","address":"臺南市東區林森路二段46號","city":"臺南市","event_count":2,"show_count":2,"coord_source":"geocode","precision":"interpolated","lon":120.22313258184919,"lat":22.986624396633527}},{"type":"Feature","geometry":{"type":"Point","coordinates":[120.48731,23.1728609]},"properties":{"venue_id":"pv_9f527188c4","venue_name":"臺南市楠西區圖書館","address":"臺南市楠西區中正路309號","city":"臺南市","event_count":1,"show_count":1,"coord_source":"geocode","precision":"exact","lon":120.48731,"lat":23.1728609}},{"type":"Feature","geometry":{"type":"Point","coordinates":[120.31473211848734,23.311560389509985]},"properties":{"venue_id":"pv_29bcebcfb2","venue_name":"臺南市民治市政中心","address":"臺南市新營區民治路36號","city":"臺南市","event_count":1,"show_count":1,"coord_source":"geocode","precision":"cached","lon":120.31473211848734,"lat":23.311560389509985}},{"type":"Feature","geometry":{"type":"Point","coordinates":[120.217617,22.9915943]},"properties":{"venue_id":"pv_a6c41fd039","venue_name":"臺南市百達文教中心","address":"臺南市東區勝利路85號","city":"臺南市","event_count":1,"show_count":1,"coord_source":"geocode","precision":"exact","lon":120.217617,"lat":22.9915943}},{"type":"Feature","geometry":{"type":"Point","coordinates":[120.2122998,23.0039642]},"properties":{"venue_id":"pv_53a5f6bb76","venue_name":"臺南市立圖書館(北區)","address":"臺南市北區公園北路3號","city":"臺南市","event_count":3,"show_count":3,"coord_source":"geocode","precision":"exact","lon":120.2122998,"lat":23.0039642}},{"type":"Feature","geometry":{"type":"Point","coordinates":[120.2701604,23.1863368]},"properties":{"venue_id":"pv_988ce2d4f9","venue_name":"臺南市總爺藝文中心","address":"臺南市麻豆區總爺5號","city":"臺南市","event_count":2,"show_count":2,"coord_source":"geocode","precision":"exact","lon":120.2701604,"lat":23.1863368}},{"type":"Feature","geometry":{"type":"Point","coordinates":[120.1779111,23.1727523]},"properties":{"venue_id":"pv_9c927798e2","venue_name":"臺南市蕭壠文化園區","address":"臺南市佳里區六安130號","city":"臺南市","event_count":1,"show_count":1,"coord_source":"geocode","precision":"exact","lon":120.1779111,"lat":23.1727523}},{"type":"Feature","geometry":{"type":"Point","coordinates":[120.3242042,22.9600549]},"properties":{"venue_id":"pv_30b2fc28c8","venue_name":"臺南市關廟區圖書館","address":"臺南市關廟區文化街1號","city":"臺南市","event_count":2,"show_count":2,"coord_source":"geocode","precision":"exact","lon":120.3242042,"lat":22.9600549}},{"type":"Feature","geometry":{"type":"Point","coordinates":[120.212887,22.999025]},"properties":{"venue_id":"pv_79756b5329","venue_name":"臺南文創園區 漂丿白鷺live house","address":"臺南市東區北門路二段16號","city":"臺南市","event_count":1,"show_count":3,"coord_source":"api_mode","precision":"","lon":120.212887,"lat":22.999025}},{"type":"Feature","geometry":{"type":"Point","coordinates":[120.221554,22.9745075]},"properties":{"venue_id":"pv_1cb3042ac1","venue_name":"臺南文化中心","address":"臺南市東區中華東路三段332號","city":"臺南市","event_count":1,"show_count":1,"coord_source":"geocode","precision":"exact","lon":120.221554,"lat":22.9745075}},{"type":"Feature","geometry":{"type":"Point","coordinates":[120.221556,22.974833]},"properties":{"venue_id":"pv_bf5dbf9d8a","venue_name":"臺南文化中心演藝廳","address":"臺南市東區中華東路三段332號","city":"臺南市","event_count":18,"show_count":44,"coord_source":"api_mode","precision":"","lon":120.221556,"lat":22.974833}},{"type":"Feature","geometry":{"type":"Point","coordinates":[120.31578,23.308969]},"properties":{"venue_id":"pv_1880c680c3","venue_name":"臺南新營文化中心演藝廳","address":"臺南市新營區中正路23號","city":"臺南市","event_count":4,"show_count":5,"coord_source":"api_mode","precision":"","lon":120.31578,"lat":23.308969}},{"type":"Feature","geometry":{"type":"Point","coordinates":[120.2039944,22.9890945]},"properties":{"venue_id":"pv_c95dad1c70","venue_name":"臺南東門美術館","address":"臺南市中西區府前路一段203號1樓","city":"臺南市","event_count":2,"show_count":2,"coord_source":"geocode","precision":"exact","lon":120.2039944,"lat":22.9890945}},{"type":"Feature","geometry":{"type":"Point","coordinates":[120.298029,22.964006]},"properties":{"venue_id":"pv_7dccd281f1","venue_name":"臺南歸仁文化中心B1","address":"臺南市歸仁區信義南路78號","city":"臺南市","event_count":1,"show_count":16,"coord_source":"api_mode","precision":"","lon":120.298029,"lat":22.964006}},{"type":"Feature","geometry":{"type":"Point","coordinates":[120.298371,22.964204]},"properties":{"venue_id":"pv_10243acc7a","venue_name":"臺南歸仁文化中心演藝廳","address":"臺南市歸仁區信義南路78號","city":"臺南市","event_count":1,"show_count":1,"coord_source":"api_mode","precision":"","lon":120.298371,"lat":22.964204}},{"type":"Feature","geometry":{"type":"Point","coordinates":[120.182428,22.979838]},"properties":{"venue_id":"pv_e2f6402e85","venue_name":"臺南虹韻文創中心綜合演藝廳","address":"臺南市南區新忠路14號","city":"臺南市","event_count":1,"show_count":1,"coord_source":"api_mode","precision":"","lon":120.182428,"lat":22.979838}},{"type":"Feature","geometry":{"type":"Point","coordinates":[121.528393,25.014619]},"properties":{"venue_id":"pv_ca0e2449a2","venue_name":"臺大創新設計學院404室","address":"臺北市中正區思源街18號 卓越研究大樓404室","city":"臺北市","event_count":1,"show_count":3,"coord_source":"api_mode","precision":"","lon":121.528393,"lat":25.014619}},{"type":"Feature","geometry":{"type":"Point","coordinates":[121.144611,22.75655]},"properties":{"venue_id":"pv_4967377728","venue_name":"臺東縣政府文化處藝文中心演藝廳","address":"臺東縣臺東市南京路25號","city":"臺東縣","event_count":12,"show_count":13,"coord_source":"api_mode","precision":"","lon":121.144611,"lat":22.75655}},{"type":"Feature","geometry":{"type":"Point","coordinates":[121.1449392,22.7509041]},"properties":{"venue_id":"pv_caa02c9ed7","venue_name":"臺東縣立體育館","address":"臺東縣臺東市桂林北路52巷124號","city":"臺東縣","event_count":1,"show_count":1,"coord_source":"geocode","precision":"interpolated","lon":121.1449392,"lat":22.7509041}},{"type":"Feature","geometry":{"type":"Point","coordinates":[120.2113973,23.0279771]},"properties":{"venue_id":"pv_9362f92d7c","venue_name":"臺灣創價學會安南藝文中心","address":"臺南市安南區郡安路四段66號","city":"臺南市","event_count":1,"show_count":1,"coord_source":"geocode","precision":"exact","lon":120.2113973,"lat":23.0279771}},{"type":"Feature","geometry":{"type":"Point","coordinates":[121.538124,25.014656]},"properties":{"venue_id":"pv_be0f58f5dc","venue_name":"臺灣大學藝文中心遊心劇場","address":"臺北市大安區羅斯福路四段1號臺灣大學禮賢樓B1","city":"臺北市","event_count":8,"show_count":33,"coord_source":"api_mode","precision":"","lon":121.538124,"lat":25.014656}},{"type":"Feature","geometry":{"type":"Point","coordinates":[121.538679,25.013768]},"properties":{"venue_id":"pv_2576aabd00","venue_name":"臺灣大學藝文中心雅頌坊","address":"臺北市大安區羅斯福路四段1號","city":"臺北市","event_count":2,"show_count":2,"coord_source":"api_mode","precision":"","lon":121.538679,"lat":25.013768}},{"type":"Feature","geometry":{"type":"Point","coordinates":[120.764505,24.466381]},"properties":{"venue_id":"pv_5ad533cb22","venue_name":"臺灣客家文化館（客家委員會客家文化發展中心）","address":"苗栗縣銅鑼鄉銅科南路6號","city":"苗栗縣","event_count":5,"show_count":5,"coord_source":"api_mode","precision":"","lon":120.764505,"lat":24.466381}},{"type":"Feature","geometry":{"type":"Point","coordinates":[121.1909317,24.8309871]},"properties":{"venue_id":"pv_7938a68b8c","venue_name":"臺灣客家茶文化館","address":"桃園市龍潭區高原路768號","city":"桃園市","event_count":2,"show_count":2,"coord_source":"geocode","precision":"exact","lon":121.1909317,"lat":24.8309871}},{"type":"Feature","geometry":{"type":"Point","coordinates":[121.5194307,25.1027809]},"properties":{"venue_id":"pv_51bd817a50","venue_name":"臺灣戲曲中心","address":"臺北市士林區文林路751號","city":"臺北市","event_count":6,"show_count":7,"coord_source":"geocode","precision":"exact","lon":121.5194307,"lat":25.1027809}},{"type":"Feature","geometry":{"type":"Point","coordinates":[121.519779,25.102277]},"properties":{"venue_id":"pv_c36d01a56c","venue_name":"臺灣戲曲中心多功能廳","address":"臺北市士林區文林路751號","city":"臺北市","event_count":8,"show_count":24,"coord_source":"api_mode","precision":"","lon":121.519779,"lat":25.102277}},{"type":"Feature","geometry":{"type":"Point","coordinates":[121.519779,25.102277]},"properties":{"venue_id":"pv_16a9b5a419","venue_name":"臺灣戲曲中心大表演廳","address":"臺北市士林區文林路751號","city":"臺北市","event_count":6,"show_count":18,"coord_source":"api_mode","precision":"","lon":121.519779,"lat":25.102277}},{"type":"Feature","geometry":{"type":"Point","coordinates":[121.519779,25.102277]},"properties":{"venue_id":"pv_9bc45e7d96","venue_name":"臺灣戲曲中心小舞台","address":"臺北市士林區文林路751號","city":"臺北市","event_count":6,"show_count":10,"coord_source":"api_mode","precision":"","lon":121.519779,"lat":25.102277}},{"type":"Feature","geometry":{"type":"Point","coordinates":[121.519779,25.102277]},"properties":{"venue_id":"pv_95289ded2d","venue_name":"臺灣戲曲中心小表演廳","address":"臺北市士林區文林路751號","city":"臺北市","event_count":10,"show_count":38,"coord_source":"api_mode","precision":"","lon":121.519779,"lat":25.102277}},{"type":"Feature","geometry":{"type":"Point","coordinates":[121.23251498602063,25.077078277128564]},"properties":{"venue_id":"pv_f4d9e357a7","venue_name":"臺灣桃園國際機場第二航廈","address":"桃園市大園區航站南路9號","city":"桃園市","event_count":1,"show_count":1,"coord_source":"geocode","precision":"cached","lon":121.23251498602063,"lat":25.077078277128564}},{"type":"Feature","geometry":{"type":"Point","coordinates":[120.686329,23.955788]},"properties":{"venue_id":"pv_b33e17e79f","venue_name":"臺灣省政資料館","address":"南投縣南投市中正路2號","city":"南投縣","event_count":1,"show_count":1,"coord_source":"api_mode","precision":"","lon":120.686329,"lat":23.955788}},{"type":"Feature","geometry":{"type":"Point","coordinates":[120.290446,22.691449]},"properties":{"venue_id":"pv_5c8c48a064","venue_name":"臺灣豫劇團大排練場","address":"高雄市左營區實踐路102號","city":"高雄市","event_count":2,"show_count":6,"coord_source":"api_mode","precision":"","lon":120.290446,"lat":22.691449}},{"type":"Feature","geometry":{"type":"Point","coordinates":[121.448294,25.00689]},"properties":{"venue_id":"pv_eaf17348ec","venue_name":"臺藝表演廳","address":"新北市板橋區大觀路一段59號","city":"新北市","event_count":1,"show_count":2,"coord_source":"api_mode","precision":"","lon":121.448294,"lat":25.00689}},{"type":"Feature","geometry":{"type":"Point","coordinates":[121.500033,25.131173]},"properties":{"venue_id":"pv_60b5e88610","venue_name":"舊峸劇場","address":"臺北市北投區中央南路一段102巷34號","city":"臺北市","event_count":10,"show_count":41,"coord_source":"api_mode","precision":"","lon":121.500033,"lat":25.131173}},{"type":"Feature","geometry":{"type":"Point","coordinates":[120.275732,22.621913]},"properties":{"venue_id":"pv_c56383824c","venue_name":"舊打狗驛故事館","address":"高雄市鼓山區鼓山一路32號","city":"高雄市","event_count":1,"show_count":1,"coord_source":"api_mode","precision":"","lon":120.275732,"lat":22.621913}},{"type":"Feature","geometry":{"type":"Point","coordinates":[120.5624474,24.0288453]},"properties":{"venue_id":"pv_e6180fe2fb","venue_name":"花壇鄉（彰化縣）=","address":"彰化縣花壇鄉","city":"彰化縣","event_count":2,"show_count":2,"coord_source":"geocode","precision":"approximate","lon":120.5624474,"lat":24.0288453}},{"type":"Feature","geometry":{"type":"Point","coordinates":[121.611195,23.991073]},"properties":{"venue_id":"pv_7d31753c80","venue_name":"花蓮","address":"花蓮市","city":"","event_count":1,"show_count":1,"coord_source":"api_mode","precision":"","lon":121.611195,"lat":23.991073}},{"type":"Feature","geometry":{"type":"Point","coordinates":[121.6111949,23.9910732]},"properties":{"venue_id":"pv_08e3ea7649","venue_name":"花蓮市（花蓮縣）=","address":"花蓮縣花蓮市","city":"花蓮縣","event_count":13,"show_count":13,"coord_source":"geocode","precision":"approximate","lon":121.6111949,"lat":23.9910732}},{"type":"Feature","geometry":{"type":"Point","coordinates":[121.611195,23.991073]},"properties":{"venue_id":"pv_2f9efd93fe","venue_name":"花蓮市日出大道重慶市場旁","address":"花蓮市","city":"","event_count":1,"show_count":1,"coord_source":"api_mode","precision":"","lon":121.611195,"lat":23.991073}},{"type":"Feature","geometry":{"type":"Point","coordinates":[121.611195,23.991073]},"properties":{"venue_id":"pv_996fc94bff","venue_name":"花蓮日出藝文基地（花蓮市自由街60號）","address":"花蓮市","city":"","event_count":1,"show_count":1,"coord_source":"api_mode","precision":"","lon":121.611195,"lat":23.991073}},{"type":"Feature","geometry":{"type":"Point","coordinates":[121.611195,23.991073]},"properties":{"venue_id":"pv_1e12cd9bf7","venue_name":"花蓮縣","address":"花蓮市","city":"花蓮縣","event_count":1,"show_count":1,"coord_source":"api_mode","precision":"","lon":121.611195,"lat":23.991073}},{"type":"Feature","geometry":{"type":"Point","coordinates":[121.611195,23.991073]},"properties":{"venue_id":"pv_77b8ccf76f","venue_name":"花蓮縣十三鄉鎮圖書館","address":"花蓮市","city":"花蓮縣","event_count":1,"show_count":1,"coord_source":"api_mode","precision":"","lon":121.611195,"lat":23.991073}},{"type":"Feature","geometry":{"type":"Point","coordinates":[121.5598345,23.8593411]},"properties":{"venue_id":"pv_d5e49b20ce","venue_name":"花蓮縣壽豐鄉考古博物館","address":"花蓮縣壽豐鄉市場1號","city":"花蓮縣","event_count":1,"show_count":1,"coord_source":"geocode","precision":"approximate","lon":121.5598345,"lat":23.8593411}},{"type":"Feature","geometry":{"type":"Point","coordinates":[121.628739,23.989982]},"properties":{"venue_id":"pv_13cc3ba395","venue_name":"花蓮縣石雕博物館 大廳","address":"花蓮市文復路6號","city":"花蓮縣","event_count":1,"show_count":1,"coord_source":"api_mode","precision":"","lon":121.628739,"lat":23.989982}},{"type":"Feature","geometry":{"type":"Point","coordinates":[121.628739,23.989982]},"properties":{"venue_id":"pv_707f616c6b","venue_name":"花蓮縣石雕博物館 第一企劃室","address":"花蓮市文復路6號","city":"花蓮縣","event_count":1,"show_count":1,"coord_source":"api_mode","precision":"","lon":121.628739,"lat":23.989982}},{"type":"Feature","geometry":{"type":"Point","coordinates":[121.6031714,23.9787988]},"properties":{"venue_id":"pv_d1c1c44c2f","venue_name":"花蓮縣立明義國小演藝廳","address":"花蓮市國風里明義街107號","city":"花蓮縣","event_count":1,"show_count":1,"coord_source":"geocode","precision":"approximate","lon":121.6031714,"lat":23.9787988}},{"type":"Feature","geometry":{"type":"Point","coordinates":[121.610796,23.9743952]},"properties":{"venue_id":"pv_e2a3cc076c","venue_name":"花蓮縣鐵道文化園區一館調度室","address":"花蓮市花蓮市中山路71號","city":"花蓮縣","event_count":1,"show_count":1,"coord_source":"geocode","precision":"exact","lon":121.610796,"lat":23.9743952}},{"type":"Feature","geometry":{"type":"Point","coordinates":[121.628003,23.988726]},"properties":{"venue_id":"pv_cb2d886ca3","venue_name":"花蓮美術館(太平洋工作坊)","address":"花蓮市文復路4號","city":"","event_count":1,"show_count":1,"coord_source":"api_mode","precision":"","lon":121.628003,"lat":23.988726}},{"type":"Feature","geometry":{"type":"Point","coordinates":[121.628003,23.988726]},"properties":{"venue_id":"pv_0b51dc7185","venue_name":"花蓮美術館1樓","address":"花蓮市文復路4號","city":"","event_count":1,"show_count":1,"coord_source":"api_mode","precision":"","lon":121.628003,"lat":23.988726}},{"type":"Feature","geometry":{"type":"Point","coordinates":[120.64492,24.455054]},"properties":{"venue_id":"pv_3af6d33479","venue_name":"苑裡濱海藝文中心","address":"苗栗縣苑裡鎮出水路64-11號","city":"苗栗縣","event_count":1,"show_count":1,"coord_source":"api_mode","precision":"","lon":120.64492,"lat":24.455054}},{"type":"Feature","geometry":{"type":"Point","coordinates":[120.651446051578,24.451070216753912]},"properties":{"venue_id":"pv_6c81b57690","venue_name":"苑裡鎮（苗栗縣）=","address":"苗栗縣苑裡鎮","city":"苗栗縣","event_count":4,"show_count":4,"coord_source":"geocode","precision":"cached","lon":120.651446051578,"lat":24.451070216753912}},{"type":"Feature","geometry":{"type":"Point","coordinates":[120.3262535,22.6268814]},"properties":{"venue_id":"pv_db0318960f","venue_name":"苓雅區（高雄市）=","address":"高雄市苓雅區","city":"高雄市","event_count":2,"show_count":2,"coord_source":"geocode","precision":"approximate","lon":120.3262535,"lat":22.6268814}},{"type":"Feature","geometry":{"type":"Point","coordinates":[120.885946,24.690735]},"properties":{"venue_id":"pv_d654204863","venue_name":"苗北藝文中心實驗劇場","address":"苗栗縣竹南鎮公園路206號B1","city":"苗栗縣","event_count":1,"show_count":1,"coord_source":"api_mode","precision":"","lon":120.885946,"lat":24.690735}},{"type":"Feature","geometry":{"type":"Point","coordinates":[120.885946,24.690735]},"properties":{"venue_id":"pv_d87984fdfa","venue_name":"苗北藝文中心演藝廳","address":"苗栗縣竹南鎮公園路206號","city":"苗栗縣","event_count":10,"show_count":11,"coord_source":"api_mode","precision":"","lon":120.885946,"lat":24.690735}},{"type":"Feature","geometry":{"type":"Point","coordinates":[120.8860807,24.6908236]},"properties":{"venue_id":"pv_5e78e94c00","venue_name":"苗北藝文中心藝廊","address":"350苗栗縣竹南鎮公園路206號","city":"苗栗縣","event_count":1,"show_count":2,"coord_source":"geocode","precision":"exact","lon":120.8860807,"lat":24.6908236}},{"type":"Feature","geometry":{"type":"Point","coordinates":[120.816529,24.532884]},"properties":{"venue_id":"pv_495a56cc3f","venue_name":"苗栗工藝產業研發分館","address":"苗栗縣苗栗市水流娘巷11鄰8-2號","city":"苗栗縣","event_count":3,"show_count":3,"coord_source":"api_mode","precision":"","lon":120.816529,"lat":24.532884}},{"type":"Feature","geometry":{"type":"Point","coordinates":[120.8184379,24.563292]},"properties":{"venue_id":"pv_a727cd6101","venue_name":"苗栗市（苗栗縣）=","address":"苗栗縣苗栗市","city":"苗栗縣","event_count":6,"show_count":6,"coord_source":"geocode","precision":"approximate","lon":120.8184379,"lat":24.563292}},{"type":"Feature","geometry":{"type":"Point","coordinates":[120.9566929,24.6528637]},"properties":{"venue_id":"pv_e5d6e2ebbf","venue_name":"苗栗縣三灣鄉立圖書館","address":"苗栗縣三灣鄉11鄰親民路17-1 號","city":"苗栗縣","event_count":1,"show_count":1,"coord_source":"geocode","precision":"exact","lon":120.9566929,"lat":24.6528637}},{"type":"Feature","geometry":{"type":"Point","coordinates":[120.7732589,24.4143267]},"properties":{"venue_id":"pv_6d83ce549b","venue_name":"苗栗縣三義鄉立圖書館","address":"苗栗縣三義鄉新生路9-21號","city":"苗栗縣","event_count":1,"show_count":1,"coord_source":"geocode","precision":"exact","lon":120.7732589,"lat":24.4143267}},{"type":"Feature","geometry":{"type":"Point","coordinates":[120.82648938312427,24.49983603796815]},"properties":{"venue_id":"pv_0c23245ce5","venue_name":"苗栗縣公館鄉立圖書館","address":"苗栗縣公館鄉館中村8鄰宮前路6-1號","city":"苗栗縣","event_count":1,"show_count":1,"coord_source":"geocode","precision":"cached","lon":120.82648938312427,"lat":24.49983603796815}},{"type":"Feature","geometry":{"type":"Point","coordinates":[121.0003578,24.6041043]},"properties":{"venue_id":"pv_10eda0e6c4","venue_name":"苗栗縣南庄鄉立圖書館","address":"苗栗縣南庄鄉20鄰中正路165號","city":"苗栗縣","event_count":1,"show_count":1,"coord_source":"geocode","precision":"approximate","lon":121.0003578,"lat":24.6041043}},{"type":"Feature","geometry":{"type":"Point","coordinates":[120.7918468,24.6140919]},"properties":{"venue_id":"pv_70631800f8","venue_name":"苗栗縣後龍鎮立圖書館","address":"苗栗縣後龍鎮中山路142-1 號","city":"苗栗縣","event_count":3,"show_count":3,"coord_source":"geocode","precision":"exact","lon":120.7918468,"lat":24.6140919}},{"type":"Feature","geometry":{"type":"Point","coordinates":[120.82063453821219,24.564734263085906]},"properties":{"venue_id":"pv_5488b09e3a","venue_name":"苗栗縣政府（第一辦公大樓）","address":"苗栗縣苗栗市縣府路100號","city":"苗栗縣","event_count":1,"show_count":1,"coord_source":"geocode","precision":"cached","lon":120.82063453821219,"lat":24.564734263085906}},{"type":"Feature","geometry":{"type":"Point","coordinates":[120.820399,24.565963]},"properties":{"venue_id":"pv_5e0a54f9f6","venue_name":"苗栗縣政府文化觀光局","address":"苗栗縣苗栗市自治路50號","city":"苗栗縣","event_count":11,"show_count":11,"coord_source":"api_mode","precision":"","lon":120.820399,"lat":24.565963}},{"type":"Feature","geometry":{"type":"Point","coordinates":[120.820399,24.565963]},"properties":{"venue_id":"pv_0660e9b908","venue_name":"苗栗縣政府文化觀光局中正堂","address":"苗栗縣苗栗市自治路50號","city":"苗栗縣","event_count":7,"show_count":12,"coord_source":"api_mode","precision":"","lon":120.820399,"lat":24.565963}},{"type":"Feature","geometry":{"type":"Point","coordinates":[120.941504,24.466044]},"properties":{"venue_id":"pv_8b2ce30d75","venue_name":"苗栗縣泰雅原住民文化產業區","address":"苗栗縣泰安鄉圓墩6鄰46-3號","city":"苗栗縣","event_count":3,"show_count":3,"coord_source":"geocode","precision":"approximate","lon":120.941504,"lat":24.466044}},{"type":"Feature","geometry":{"type":"Point","coordinates":[120.820399,24.565963]},"properties":{"venue_id":"pv_b2c1770ef6","venue_name":"苗栗縣立圖書館","address":"苗栗縣苗栗市自治路50號","city":"苗栗縣","event_count":6,"show_count":6,"coord_source":"api_mode","precision":"","lon":120.820399,"lat":24.565963}},{"type":"Feature","geometry":{"type":"Point","coordinates":[120.8423307,24.5767284]},"properties":{"venue_id":"pv_f5a6e83837","venue_name":"苗栗縣立體育場（巨蛋體育館）","address":"苗栗縣苗栗市經國路4段79 號","city":"苗栗縣","event_count":1,"show_count":1,"coord_source":"geocode","precision":"exact","lon":120.8423307,"lat":24.5767284}},{"type":"Feature","geometry":{"type":"Point","coordinates":[120.8738295,24.6838487]},"properties":{"venue_id":"pv_4fbf7e5d8c","venue_name":"苗栗縣竹南鎮立圖書館","address":"苗栗縣竹南鎮中正路 108號","city":"苗栗縣","event_count":1,"show_count":1,"coord_source":"geocode","precision":"exact","lon":120.8738295,"lat":24.6838487}},{"type":"Feature","geometry":{"type":"Point","coordinates":[120.653078,24.4393813]},"properties":{"venue_id":"pv_9369c67797","venue_name":"苗栗縣苑裡鎮立圖書館","address":"苗栗縣苑裡鎮信義路1-1號","city":"苗栗縣","event_count":3,"show_count":3,"coord_source":"geocode","precision":"exact","lon":120.653078,"lat":24.4393813}},{"type":"Feature","geometry":{"type":"Point","coordinates":[120.888697,24.690587]},"properties":{"venue_id":"pv_ee27df93df","venue_name":"苗栗縣苗北藝文中心","address":"苗栗縣竹南鎮公園路206號（公園路及永貞路口處）","city":"苗栗縣","event_count":18,"show_count":18,"coord_source":"api_mode","precision":"","lon":120.888697,"lat":24.690587}},{"type":"Feature","geometry":{"type":"Point","coordinates":[120.81972467820361,24.561782990894027]},"properties":{"venue_id":"pv_f3d9a491d8","venue_name":"苗栗縣苗栗市公所","address":"苗栗縣苗栗市府前路76號","city":"苗栗縣","event_count":1,"show_count":1,"coord_source":"geocode","precision":"cached","lon":120.81972467820361,"lat":24.561782990894027}},{"type":"Feature","geometry":{"type":"Point","coordinates":[121.0343163,24.5831367]},"properties":{"venue_id":"pv_f5ec36bb71","venue_name":"苗栗縣賽夏族民俗文物館","address":"苗栗縣南庄鄉苗栗縣南庄鄉東河村16鄰向天湖25號","city":"苗栗縣","event_count":5,"show_count":5,"coord_source":"geocode","precision":"approximate","lon":121.0343163,"lat":24.5831367}},{"type":"Feature","geometry":{"type":"Point","coordinates":[120.8613785,24.6248068]},"properties":{"venue_id":"pv_0a135df45e","venue_name":"苗栗縣造橋鄉立圖書館","address":"苗栗縣造橋鄉14鄰1號","city":"苗栗縣","event_count":6,"show_count":6,"coord_source":"geocode","precision":"approximate","lon":120.8613785,"lat":24.6248068}},{"type":"Feature","geometry":{"type":"Point","coordinates":[120.911944,24.686107]},"properties":{"venue_id":"pv_780a185d32","venue_name":"苗栗縣頭份市公所","address":"苗栗縣頭份市中山路232號","city":"苗栗縣","event_count":2,"show_count":2,"coord_source":"api_mode","precision":"","lon":120.911944,"lat":24.686107}},{"type":"Feature","geometry":{"type":"Point","coordinates":[121.51947,25.04221]},"properties":{"venue_id":"pv_8cd2b1d7ef","venue_name":"苗栗陶瓷農創園區","address":"苗栗縣公館鄉14鄰館南352號","city":"苗栗縣","event_count":2,"show_count":2,"coord_source":"api_mode","precision":"","lon":121.51947,"lat":25.04221}},{"type":"Feature","geometry":{"type":"Point","coordinates":[120.7234992,23.9933816]},"properties":{"venue_id":"pv_57bdd81c4a","venue_name":"草屯鎮（南投縣）=","address":"南投縣草屯鎮","city":"南投縣","event_count":1,"show_count":1,"coord_source":"geocode","precision":"approximate","lon":120.7234992,"lat":23.9933816}},{"type":"Feature","geometry":{"type":"Point","coordinates":[120.692646,23.97916]},"properties":{"venue_id":"pv_2d9a2e7e34","venue_name":"草屯鎮演藝中心","address":"南投縣草屯鎮中正路571之6號","city":"南投縣","event_count":1,"show_count":1,"coord_source":"api_mode","precision":"","lon":120.692646,"lat":23.97916}},{"type":"Feature","geometry":{"type":"Point","coordinates":[121.724462,25.024819]},"properties":{"venue_id":"pv_2ec10e2926","venue_name":"菁桐煤礦紀念公園（石底大斜坑）","address":"新北市平溪區菁桐里菁桐街50號","city":"新北市","event_count":1,"show_count":2,"coord_source":"api_mode","precision":"","lon":121.724462,"lat":25.024819}},{"type":"Feature","geometry":{"type":"Point","coordinates":[121.529301,25.043279]},"properties":{"venue_id":"pv_44eded39fe","venue_name":"華山1914文創園區 中4B館","address":"臺北市中正區八德路一段1號","city":"臺北市","event_count":1,"show_count":1,"coord_source":"api_mode","precision":"","lon":121.529301,"lat":25.043279}},{"type":"Feature","geometry":{"type":"Point","coordinates":[121.529474,25.045056]},"properties":{"venue_id":"pv_5118a20963","venue_name":"華山1914文創園區 傳音樂展演空間","address":"臺北市中正區八德路一段1號","city":"臺北市","event_count":1,"show_count":2,"coord_source":"api_mode","precision":"","lon":121.529474,"lat":25.045056}},{"type":"Feature","geometry":{"type":"Point","coordinates":[121.529301,25.043279]},"properties":{"venue_id":"pv_b2a4477668","venue_name":"華山1914文創園區東3B館 烏梅劇院","address":"臺北市中正區八德路一段1號","city":"臺北市","event_count":8,"show_count":40,"coord_source":"api_mode","precision":"","lon":121.529301,"lat":25.043279}},{"type":"Feature","geometry":{"type":"Point","coordinates":[121.528896,25.044418]},"properties":{"venue_id":"pv_6782de5ca9","venue_name":"華山1914文化創意產業園區 西4館、西5-1、西5-2館","address":"臺北市中正區八德路一段1號","city":"臺北市","event_count":1,"show_count":1,"coord_source":"api_mode","precision":"","lon":121.528896,"lat":25.044418}},{"type":"Feature","geometry":{"type":"Point","coordinates":[121.529301,25.043279]},"properties":{"venue_id":"pv_48d4d60b0b","venue_name":"華山1914文化創意產業園區中2館2F 果酒練舞場","address":"臺北市中正區八德路一段1號","city":"臺北市","event_count":1,"show_count":2,"coord_source":"api_mode","precision":"","lon":121.529301,"lat":25.043279}},{"type":"Feature","geometry":{"type":"Point","coordinates":[121.5287087,25.0436919]},"properties":{"venue_id":"pv_54a82aad2b","venue_name":"華山文化創意產業園區","address":"臺北市中正區八德路一段1號","city":"臺北市","event_count":1,"show_count":1,"coord_source":"geocode","precision":"exact","lon":121.5287087,"lat":25.0436919}},{"type":"Feature","geometry":{"type":"Point","coordinates":[121.494826,25.033276]},"properties":{"venue_id":"pv_c44408bd6b","venue_name":"萬座曉劇場","address":"臺北市萬華區大理街132-9號","city":"臺北市","event_count":5,"show_count":14,"coord_source":"api_mode","precision":"","lon":121.494826,"lat":25.033276}},{"type":"Feature","geometry":{"type":"Point","coordinates":[121.5314083,25.0277162]},"properties":{"venue_id":"pv_c1183f65aa","venue_name":"蒙藏文化館","address":"臺北市大安區青田街八巷三號","city":"臺北市","event_count":8,"show_count":8,"coord_source":"geocode","precision":"exact","lon":121.5314083,"lat":25.0277162}},{"type":"Feature","geometry":{"type":"Point","coordinates":[119.5774616,23.5706269]},"properties":{"venue_id":"pv_53f3ea75dd","venue_name":"蔡廷蘭進士第","address":"澎湖縣馬公市29號","city":"澎湖縣","event_count":1,"show_count":1,"coord_source":"geocode","precision":"approximate","lon":119.5774616,"lat":23.5706269}},{"type":"Feature","geometry":{"type":"Point","coordinates":[120.196627,22.986726]},"properties":{"venue_id":"pv_ec0ac3e170","venue_name":"藍晒圖文創園區","address":"臺南市西門路一段６８９巷５９號","city":"臺南市","event_count":1,"show_count":363,"coord_source":"api_mode","precision":"","lon":120.196627,"lat":22.986726}},{"type":"Feature","geometry":{"type":"Point","coordinates":[121.518593,25.065367]},"properties":{"venue_id":"pv_1868719fcc","venue_name":"藝秀設計影像工作室","address":"臺北市大同區承德路三段63號4樓","city":"臺北市","event_count":7,"show_count":32,"coord_source":"api_mode","precision":"","lon":121.518593,"lat":25.065367}},{"type":"Feature","geometry":{"type":"Point","coordinates":[120.913488,24.7632243]},"properties":{"venue_id":"pv_0ab811ed51","venue_name":"藝站 One Station","address":"香山區中華路五段413巷1號","city":"","event_count":1,"show_count":1,"coord_source":"geocode","precision":"interpolated","lon":120.913488,"lat":24.7632243}},{"type":"Feature","geometry":{"type":"Point","coordinates":[121.49994,25.130977]},"properties":{"venue_id":"pv_cc16242472","venue_name":"藝術公寓ART APT. 二樓咖啡廳","address":"臺北市北投區光明路二巷25號2樓","city":"臺北市","event_count":1,"show_count":12,"coord_source":"api_mode","precision":"","lon":121.49994,"lat":25.130977}},{"type":"Feature","geometry":{"type":"Point","coordinates":[121.47068,25.081352]},"properties":{"venue_id":"pv_f654b0cfad","venue_name":"蘆洲功學社音樂廳","address":"新北市蘆洲區中山二路162號2樓","city":"新北市","event_count":1,"show_count":1,"coord_source":"api_mode","precision":"","lon":121.47068,"lat":25.081352}},{"type":"Feature","geometry":{"type":"Point","coordinates":[121.26123487309087,25.10043435839977]},"properties":{"venue_id":"pv_28a1d6b729","venue_name":"蘆竹區（桃園市）=","address":"桃園市蘆竹區","city":"桃園市","event_count":1,"show_count":1,"coord_source":"geocode","precision":"cached","lon":121.26123487309087,"lat":25.10043435839977}},{"type":"Feature","geometry":{"type":"Point","coordinates":[120.677481,23.917974]},"properties":{"venue_id":"pv_a49decd95b","venue_name":"虎山藝術館","address":"南投縣南投市中興新村環山路95巷26號","city":"南投縣","event_count":1,"show_count":1,"coord_source":"api_mode","precision":"","lon":120.677481,"lat":23.917974}},{"type":"Feature","geometry":{"type":"Point","coordinates":[120.3422105,22.6241719]},"properties":{"venue_id":"pv_dfa68a7448","venue_name":"衛武營國家藝術文化中心","address":"高雄市鳳山區高雄市鳳山區三多一路 1 號","city":"高雄市","event_count":4,"show_count":4,"coord_source":"geocode","precision":"exact","lon":120.3422105,"lat":22.6241719}},{"type":"Feature","geometry":{"type":"Point","coordinates":[120.342434,22.623018]},"properties":{"venue_id":"pv_a21811b84f","venue_name":"衛武營國家藝術文化中心1182排練室2","address":"高雄市鳳山區三多一路1號","city":"高雄市","event_count":1,"show_count":24,"coord_source":"api_mode","precision":"","lon":120.342434,"lat":22.623018}},{"type":"Feature","geometry":{"type":"Point","coordinates":[120.342434,22.623018]},"properties":{"venue_id":"pv_fb3b949b1b","venue_name":"衛武營國家藝術文化中心戲劇院","address":"高雄市鳳山區三多一路1號","city":"高雄市","event_count":17,"show_count":37,"coord_source":"api_mode","precision":"","lon":120.342434,"lat":22.623018}},{"type":"Feature","geometry":{"type":"Point","coordinates":[120.342434,22.623018]},"properties":{"venue_id":"pv_9703b6dd5e","venue_name":"衛武營國家藝術文化中心歌劇院","address":"高雄市鳳山區三多一路1號","city":"高雄市","event_count":11,"show_count":31,"coord_source":"api_mode","precision":"","lon":120.342434,"lat":22.623018}},{"type":"Feature","geometry":{"type":"Point","coordinates":[120.342434,22.623018]},"properties":{"venue_id":"pv_d22ac6b161","venue_name":"衛武營國家藝術文化中心繪景工廠","address":"高雄市鳳山區三多一路1號","city":"高雄市","event_count":2,"show_count":4,"coord_source":"api_mode","precision":"","lon":120.342434,"lat":22.623018}},{"type":"Feature","geometry":{"type":"Point","coordinates":[120.342434,22.623018]},"properties":{"venue_id":"pv_cf0aec330e","venue_name":"衛武營國家藝術文化中心表演廳","address":"高雄市鳳山區三多一路1號","city":"高雄市","event_count":52,"show_count":54,"coord_source":"api_mode","precision":"","lon":120.342434,"lat":22.623018}},{"type":"Feature","geometry":{"type":"Point","coordinates":[120.342434,22.623018]},"properties":{"venue_id":"pv_6afebfddd4","venue_name":"衛武營國家藝術文化中心音樂廳","address":"高雄市鳳山區三多一路1號","city":"高雄市","event_count":60,"show_count":63,"coord_source":"api_mode","precision":"","lon":120.342434,"lat":22.623018}},{"type":"Feature","geometry":{"type":"Point","coordinates":[120.342434,22.623018]},"properties":{"venue_id":"pv_08af9960fd","venue_name":"衛武營樹冠大廳東側露台","address":"高雄市鳳山區三多一路1號","city":"高雄市","event_count":1,"show_count":2,"coord_source":"api_mode","precision":"","lon":120.342434,"lat":22.623018}},{"type":"Feature","geometry":{"type":"Point","coordinates":[120.6631289,24.1430604]},"properties":{"venue_id":"pv_8cfb608a0b","venue_name":"西區（臺中市）=","address":"臺中市西區","city":"臺中市","event_count":8,"show_count":8,"coord_source":"geocode","precision":"approximate","lon":120.6631289,"lat":24.1430604}},{"type":"Feature","geometry":{"type":"Point","coordinates":[120.6424333,24.1769764]},"properties":{"venue_id":"pv_2e74ad7edb","venue_name":"西屯區（臺中市）=","address":"臺中市西屯區","city":"臺中市","event_count":4,"show_count":4,"coord_source":"geocode","precision":"approximate","lon":120.6424333,"lat":24.1769764}},{"type":"Feature","geometry":{"type":"Point","coordinates":[121.507288,25.04214]},"properties":{"venue_id":"pv_5c68884495","venue_name":"西門紅樓二樓劇場","address":"臺北市萬華區成都路10號","city":"臺北市","event_count":3,"show_count":43,"coord_source":"api_mode","precision":"","lon":121.507288,"lat":25.04214}},{"type":"Feature","geometry":{"type":"Point","coordinates":[120.291263,22.6769841]},"properties":{"venue_id":"pv_a3eb4f34cd","venue_name":"見城館","address":"高雄市左營區龜山巷157-2號","city":"高雄市","event_count":1,"show_count":1,"coord_source":"geocode","precision":"exact","lon":120.291263,"lat":22.6769841}},{"type":"Feature","geometry":{"type":"Point","coordinates":[120.355896,23.76803]},"properties":{"venue_id":"pv_0865bf8813","venue_name":"詔安客家文化館","address":"雲林縣崙背鄉民生路28之8號","city":"雲林縣","event_count":1,"show_count":1,"coord_source":"api_mode","precision":"","lon":120.355896,"lat":23.76803}},{"type":"Feature","geometry":{"type":"Point","coordinates":[121.561437,25.044755]},"properties":{"venue_id":"pv_716ff77e41","venue_name":"誠品表演廳","address":"臺北市信義區菸廠路88號B1","city":"臺北市","event_count":24,"show_count":31,"coord_source":"api_mode","precision":"","lon":121.561437,"lat":25.044755}},{"type":"Feature","geometry":{"type":"Point","coordinates":[121.5492917,25.0466572]},"properties":{"venue_id":"pv_8bfe9df917","venue_name":"谷公館","address":"敦化南路一段21號4樓之2","city":"","event_count":1,"show_count":1,"coord_source":"geocode","precision":"exact","lon":121.5492917,"lat":25.0466572}},{"type":"Feature","geometry":{"type":"Point","coordinates":[120.6612772,24.1402916]},"properties":{"venue_id":"pv_1b82c3c92a","venue_name":"豐藝館","address":"臺中市西區五權西路一段110號","city":"臺中市","event_count":1,"show_count":1,"coord_source":"geocode","precision":"interpolated","lon":120.6612772,"lat":24.1402916}},{"type":"Feature","geometry":{"type":"Point","coordinates":[120.584892,23.896613]},"properties":{"venue_id":"pv_2e0cdf56ee","venue_name":"豪所在 HAO ATELIER","address":"彰化縣社頭鄉社斗路一段353號","city":"彰化縣","event_count":1,"show_count":1,"coord_source":"api_mode","precision":"","lon":120.584892,"lat":23.896613}},{"type":"Feature","geometry":{"type":"Point","coordinates":[121.51493251741937,25.031220864963036]},"properties":{"venue_id":"pv_e0dfa38a3e","venue_name":"財團法人典美文化基金會","address":"台北市中正區重慶南路二段51號11樓","city":"臺北市","event_count":1,"show_count":1,"coord_source":"geocode","precision":"cached","lon":121.51493251741937,"lat":25.031220864963036}},{"type":"Feature","geometry":{"type":"Point","coordinates":[120.6391047,24.1378084]},"properties":{"venue_id":"pv_5eba1d79e2","venue_name":"財團法人臺中市萬和宮","address":"臺中市南屯區萬和路一段51號","city":"臺中市","event_count":1,"show_count":1,"coord_source":"geocode","precision":"exact","lon":120.6391047,"lat":24.1378084}},{"type":"Feature","geometry":{"type":"Point","coordinates":[120.645534,24.160493]},"properties":{"venue_id":"pv_06e39b66c0","venue_name":"財團法人英才文教基金會全球藝術中心","address":"臺中市西屯區府會園道179號4樓","city":"臺中市","event_count":1,"show_count":1,"coord_source":"api_mode","precision":"","lon":120.645534,"lat":24.160493}},{"type":"Feature","geometry":{"type":"Point","coordinates":[120.281557,22.629473]},"properties":{"venue_id":"pv_5842123799","venue_name":"財團法人高雄市文武聖殿","address":"高雄市鹽埕區富野路170號","city":"高雄市","event_count":1,"show_count":1,"coord_source":"api_mode","precision":"","lon":120.281557,"lat":22.629473}},{"type":"Feature","geometry":{"type":"Point","coordinates":[120.5470442,24.0839062]},"properties":{"venue_id":"pv_1f1a8dddbd","venue_name":"賴和文教基金會（賴和紀念館）","address":"彰化縣彰化市中正路1段242號4樓","city":"彰化縣","event_count":1,"show_count":1,"coord_source":"geocode","precision":"cached","lon":120.5470442,"lat":24.0839062}},{"type":"Feature","geometry":{"type":"Point","coordinates":[121.099101,24.622416]},"properties":{"venue_id":"pv_23e88a1f01","venue_name":"賽夏族矮人祭場文物館","address":"新竹縣五峰鄉16鄰331-1號","city":"新竹縣","event_count":1,"show_count":1,"coord_source":"api_mode","precision":"","lon":121.099101,"lat":24.622416}},{"type":"Feature","geometry":{"type":"Point","coordinates":[120.2628111,22.8494042]},"properties":{"venue_id":"pv_2456021e4e","venue_name":"路竹區（高雄市）=","address":"高雄市路竹區","city":"高雄市","event_count":1,"show_count":1,"coord_source":"geocode","precision":"approximate","lon":120.2628111,"lat":22.8494042}},{"type":"Feature","geometry":{"type":"Point","coordinates":[120.710611,23.794722]},"properties":{"venue_id":"pv_7787da762c","venue_name":"車籠埔斷層保存園區","address":"南投縣竹山鎮集山路二段345號","city":"南投縣","event_count":4,"show_count":4,"coord_source":"api_mode","precision":"","lon":120.710611,"lat":23.794722}},{"type":"Feature","geometry":{"type":"Point","coordinates":[120.801434,23.829463]},"properties":{"venue_id":"pv_1342f54301","venue_name":"農業部生物多樣性研究所保育教育館","address":"南投縣集集鎮民生東路1號","city":"南投縣","event_count":1,"show_count":1,"coord_source":"api_mode","precision":"","lon":120.801434,"lat":23.829463}},{"type":"Feature","geometry":{"type":"Point","coordinates":[120.68113882816901,24.13962266197183]},"properties":{"venue_id":"pv_0a967deb48","venue_name":"迴響音樂藝文展演空間","address":"臺中市中區中山路108號","city":"臺中市","event_count":4,"show_count":4,"coord_source":"geocode","precision":"interpolated","lon":120.68113882816901,"lat":24.13962266197183}},{"type":"Feature","geometry":{"type":"Point","coordinates":[120.68339511007571,24.471612152676606]},"properties":{"venue_id":"pv_d21814ddd6","venue_name":"通霄鎮（苗栗縣）=","address":"苗栗縣通霄鎮","city":"苗栗縣","event_count":11,"show_count":11,"coord_source":"geocode","precision":"cached","lon":120.68339511007571,"lat":24.471612152676606}},{"type":"Feature","geometry":{"type":"Point","coordinates":[120.8613785,24.6248068]},"properties":{"venue_id":"pv_150ab2c2ed","venue_name":"造橋鄉（苗栗縣）=","address":"苗栗縣造橋鄉","city":"苗栗縣","event_count":1,"show_count":1,"coord_source":"geocode","precision":"approximate","lon":120.8613785,"lat":24.6248068}},{"type":"Feature","geometry":{"type":"Point","coordinates":[121.518095,25.066228]},"properties":{"venue_id":"pv_32bfd5f65b","venue_name":"遊牧計畫","address":"臺北市大同區承德路三段84號4樓","city":"臺北市","event_count":8,"show_count":37,"coord_source":"api_mode","precision":"","lon":121.518095,"lat":25.066228}},{"type":"Feature","geometry":{"type":"Point","coordinates":[121.5147741,25.0315628]},"properties":{"venue_id":"pv_adade6a099","venue_name":"郵政博物館","address":"臺北市中正區重慶南路2段45號","city":"臺北市","event_count":3,"show_count":3,"coord_source":"geocode","precision":"exact","lon":121.5147741,"lat":25.0315628}},{"type":"Feature","geometry":{"type":"Point","coordinates":[121.05744136685074,24.698323665560267]},"properties":{"venue_id":"pv_16c8edbb2e","venue_name":"鄧南光影像紀念館","address":"新竹縣北埔鄉公園街15號","city":"新竹縣","event_count":1,"show_count":1,"coord_source":"geocode","precision":"interpolated","lon":121.05744136685074,"lat":24.698323665560267}},{"type":"Feature","geometry":{"type":"Point","coordinates":[121.500121,25.131827]},"properties":{"venue_id":"pv_e1480245a8","venue_name":"酒菜檔","address":"臺北市北投區中正街49巷11號","city":"臺北市","event_count":1,"show_count":6,"coord_source":"api_mode","precision":"","lon":121.500121,"lat":25.131827}},{"type":"Feature","geometry":{"type":"Point","coordinates":[118.3155101,24.4320647]},"properties":{"venue_id":"pv_1a8eadc2fd","venue_name":"金城鎮（金門縣）=","address":"金門縣金城鎮","city":"金門縣","event_count":4,"show_count":4,"coord_source":"geocode","precision":"approximate","lon":118.3155101,"lat":24.4320647}},{"type":"Feature","geometry":{"type":"Point","coordinates":[118.3058515,24.4565774]},"properties":{"venue_id":"pv_2ac159401f","venue_name":"金寧鄉（金門縣）=","address":"金門縣金寧鄉","city":"金門縣","event_count":1,"show_count":1,"coord_source":"geocode","precision":"approximate","lon":118.3058515,"lat":24.4565774}},{"type":"Feature","geometry":{"type":"Point","coordinates":[118.4279933,24.4811092]},"properties":{"venue_id":"pv_32aecd0a38","venue_name":"金沙鎮（金門縣）=","address":"金門縣金沙鎮","city":"金門縣","event_count":4,"show_count":4,"coord_source":"geocode","precision":"approximate","lon":118.4279933,"lat":24.4811092}},{"type":"Feature","geometry":{"type":"Point","coordinates":[118.4279933,24.4376913]},"properties":{"venue_id":"pv_7fb9dea02c","venue_name":"金湖鎮（金門縣）=","address":"金門縣金湖鎮","city":"金門縣","event_count":6,"show_count":6,"coord_source":"geocode","precision":"approximate","lon":118.4279933,"lat":24.4376913}},{"type":"Feature","geometry":{"type":"Point","coordinates":[121.5186697,25.0674454]},"properties":{"venue_id":"pv_8f24eae5bd","venue_name":"金車文藝中心_承德館","address":"大同區承德路三段131號","city":"","event_count":2,"show_count":2,"coord_source":"geocode","precision":"exact","lon":121.5186697,"lat":25.0674454}},{"type":"Feature","geometry":{"type":"Point","coordinates":[118.41832890734716,24.439392384837834]},"properties":{"venue_id":"pv_458a134b13","venue_name":"金門昇恆昌金湖廣場","address":"金門縣金湖鎮太湖路二段198號","city":"金門縣","event_count":1,"show_count":1,"coord_source":"geocode","precision":"cached","lon":118.41832890734716,"lat":24.439392384837834}},{"type":"Feature","geometry":{"type":"Point","coordinates":[118.3172063,24.434005]},"properties":{"venue_id":"pv_29c9c1a10b","venue_name":"金門浯江書院(朱子祠)","address":"金門縣金城鎮珠浦北路35號","city":"金門縣","event_count":1,"show_count":1,"coord_source":"geocode","precision":"exact","lon":118.3172063,"lat":24.434005}},{"type":"Feature","geometry":{"type":"Point","coordinates":[118.32294810435985,24.441239104400765]},"properties":{"venue_id":"pv_d9da386a15","venue_name":"金門縣文化局","address":"金門縣金城鎮環島北路一段66號","city":"金門縣","event_count":13,"show_count":13,"coord_source":"geocode","precision":"interpolated","lon":118.32294810435985,"lat":24.441239104400765}},{"type":"Feature","geometry":{"type":"Point","coordinates":[118.319946,24.3900267]},"properties":{"venue_id":"pv_b147d418cc","venue_name":"金門翟山坑道","address":"金門縣金城鎮小古崗90號 翟山坑道","city":"金門縣","event_count":1,"show_count":6,"coord_source":"geocode","precision":"approximate","lon":118.319946,"lat":24.3900267}},{"type":"Feature","geometry":{"type":"Point","coordinates":[120.792458,24.4481942]},"properties":{"venue_id":"pv_6bf1c01d49","venue_name":"銅鑼鄉（苗栗縣）=","address":"苗栗縣銅鑼鄉","city":"苗栗縣","event_count":1,"show_count":1,"coord_source":"geocode","precision":"approximate","lon":120.792458,"lat":24.4481942}},{"type":"Feature","geometry":{"type":"Point","coordinates":[121.5441208,25.0414095]},"properties":{"venue_id":"pv_82ceaf94aa","venue_name":"阿波羅畫廊","address":"臺北市大安區忠孝東路四段阿波羅大廈218-6號","city":"臺北市","event_count":1,"show_count":1,"coord_source":"geocode","precision":"exact","lon":121.5441208,"lat":25.0414095}},{"type":"Feature","geometry":{"type":"Point","coordinates":[121.2198365,25.0219576]},"properties":{"venue_id":"pv_248eb12968","venue_name":"隱藝術","address":"桃園市大園區大仁路48號","city":"桃園市","event_count":1,"show_count":1,"coord_source":"geocode","precision":"exact","lon":121.2198365,"lat":25.0219576}},{"type":"Feature","geometry":{"type":"Point","coordinates":[120.3918595,23.7032499]},"properties":{"venue_id":"pv_6b102df7f4","venue_name":"雲林布袋戲館","address":"雲林縣虎尾鎮林森路一段498號","city":"雲林縣","event_count":2,"show_count":2,"coord_source":"geocode","precision":"exact","lon":120.3918595,"lat":23.7032499}},{"type":"Feature","geometry":{"type":"Point","coordinates":[120.301717,23.578213]},"properties":{"venue_id":"pv_94abc876ad","venue_name":"雲林縣北港文化中心家湖廳","address":"雲林縣北港鎮公園路66號","city":"雲林縣","event_count":2,"show_count":3,"coord_source":"api_mode","precision":"","lon":120.301717,"lat":23.578213}},{"type":"Feature","geometry":{"type":"Point","coordinates":[120.5248998,23.695433]},"properties":{"venue_id":"pv_a5ae446326","venue_name":"雲林縣政府文化觀光處","address":"雲林縣斗六市大學路三段310號","city":"雲林縣","event_count":2,"show_count":2,"coord_source":"geocode","precision":"exact","lon":120.5248998,"lat":23.695433}},{"type":"Feature","geometry":{"type":"Point","coordinates":[120.525104,23.69595]},"properties":{"venue_id":"pv_23b7a23694","venue_name":"雲林表演廳","address":"雲林縣斗六市大學路三段310號","city":"雲林縣","event_count":15,"show_count":16,"coord_source":"api_mode","precision":"","lon":120.525104,"lat":23.69595}},{"type":"Feature","geometry":{"type":"Point","coordinates":[120.7350013,24.044318]},"properties":{"venue_id":"pv_352831c513","venue_name":"霧峰區（臺中市）=","address":"臺中市霧峰區","city":"臺中市","event_count":1,"show_count":1,"coord_source":"geocode","precision":"approximate","lon":120.7350013,"lat":24.044318}},{"type":"Feature","geometry":{"type":"Point","coordinates":[121.53186,25.028359]},"properties":{"venue_id":"pv_a95a8b0e8d","venue_name":"青田藝集Art Reading Cafe","address":"臺北市大安區龍安里青田街4-1號","city":"臺北市","event_count":1,"show_count":4,"coord_source":"api_mode","precision":"","lon":121.53186,"lat":25.028359}},{"type":"Feature","geometry":{"type":"Point","coordinates":[120.9024836,24.6884438]},"properties":{"venue_id":"pv_345ecda90f","venue_name":"頭份市（苗栗縣）=","address":"苗栗縣頭份市","city":"苗栗縣","event_count":5,"show_count":5,"coord_source":"geocode","precision":"approximate","lon":120.9024836,"lat":24.6884438}},{"type":"Feature","geometry":{"type":"Point","coordinates":[120.8545433,24.5765856]},"properties":{"venue_id":"pv_f700c8684a","venue_name":"頭屋鄉（苗栗縣）=","address":"苗栗縣頭屋鄉","city":"苗栗縣","event_count":4,"show_count":4,"coord_source":"geocode","precision":"approximate","lon":120.8545433,"lat":24.5765856}},{"type":"Feature","geometry":{"type":"Point","coordinates":[119.5774616,23.5706269]},"properties":{"venue_id":"pv_7c68e81fdb","venue_name":"馬公市（澎湖縣）=","address":"澎湖縣馬公市","city":"澎湖縣","event_count":2,"show_count":2,"coord_source":"geocode","precision":"approximate","lon":119.5774616,"lat":23.5706269}},{"type":"Feature","geometry":{"type":"Point","coordinates":[119.5636368,23.5631878]},"properties":{"venue_id":"pv_fdf8a6bba2","venue_name":"馬公水上警察官吏派出所","address":"澎湖縣馬公市臨海路40號","city":"澎湖縣","event_count":1,"show_count":1,"coord_source":"geocode","precision":"exact","lon":119.5636368,"lat":23.5631878}},{"type":"Feature","geometry":{"type":"Point","coordinates":[119.9513711,26.160198]},"properties":{"venue_id":"pv_b10f90ebc6","venue_name":"馬祖民俗文物館","address":"連江縣南竿鄉135號","city":"連江縣","event_count":1,"show_count":1,"coord_source":"geocode","precision":"approximate","lon":119.9513711,"lat":26.160198}},{"type":"Feature","geometry":{"type":"Point","coordinates":[120.278608,22.620155]},"properties":{"venue_id":"pv_134243f313","venue_name":"駁二正港小劇場","address":"高雄市鼓山區蓬萊路99號 駁二藝術特區蓬萊倉庫 B9棟","city":"高雄市","event_count":3,"show_count":8,"coord_source":"api_mode","precision":"","lon":120.278608,"lat":22.620155}},{"type":"Feature","geometry":{"type":"Point","coordinates":[120.291946,22.689926]},"properties":{"venue_id":"pv_db7210c00e","venue_name":"高雄中山堂劇場","address":"高雄市左營區實踐路71號","city":"高雄市","event_count":7,"show_count":14,"coord_source":"api_mode","precision":"","lon":120.291946,"lat":22.689926}},{"type":"Feature","geometry":{"type":"Point","coordinates":[120.282815,22.657858]},"properties":{"venue_id":"pv_1141f413d2","venue_name":"高雄兒童美術館","address":"高雄市鼓山區馬卡道路330號","city":"高雄市","event_count":1,"show_count":1,"coord_source":"api_mode","precision":"","lon":120.282815,"lat":22.657858}},{"type":"Feature","geometry":{"type":"Point","coordinates":[120.294696,22.702331]},"properties":{"venue_id":"pv_76db27c93d","venue_name":"高雄國家體育場﹝2009世運會主場館﹞","address":"高雄市左營區002鄰世運大道100號","city":"高雄市","event_count":3,"show_count":3,"coord_source":"api_mode","precision":"","lon":120.294696,"lat":22.702331}},{"type":"Feature","geometry":{"type":"Point","coordinates":[120.2988491,22.7830806]},"properties":{"venue_id":"pv_b014850840","venue_name":"高雄市岡山文化中心演藝廳","address":"高雄市岡山區岡山南路43號","city":"高雄市","event_count":1,"show_count":2,"coord_source":"geocode","precision":"exact","lon":120.2988491,"lat":22.7830806}},{"type":"Feature","geometry":{"type":"Point","coordinates":[120.29056,22.803449]},"properties":{"venue_id":"pv_9bff9fb4c3","venue_name":"高雄市岡山皮影戲館(3F親子劇場)","address":"高雄市岡山區岡山南路42號","city":"高雄市","event_count":1,"show_count":1,"coord_source":"api_mode","precision":"","lon":120.29056,"lat":22.803449}},{"type":"Feature","geometry":{"type":"Point","coordinates":[120.299042,22.689239]},"properties":{"venue_id":"pv_e12f2aad19","venue_name":"高雄市左營孔子廟","address":"高雄市左營區蓮潭路400號","city":"高雄市","event_count":1,"show_count":1,"coord_source":"api_mode","precision":"","lon":120.299042,"lat":22.689239}},{"type":"Feature","geometry":{"type":"Point","coordinates":[120.298271,22.783276]},"properties":{"venue_id":"pv_5c429b5538","venue_name":"高雄市政府文化局﹝岡山文化中心﹞","address":"高雄市岡山區009鄰岡山南路42號","city":"高雄市","event_count":6,"show_count":6,"coord_source":"api_mode","precision":"","lon":120.298271,"lat":22.783276}},{"type":"Feature","geometry":{"type":"Point","coordinates":[120.315541,22.627894]},"properties":{"venue_id":"pv_5cfbb5c521","venue_name":"高雄市政府文化局﹝高雄市文化中心﹞","address":"高雄市苓雅區001鄰五福一路67號","city":"高雄市","event_count":1,"show_count":1,"coord_source":"api_mode","precision":"","lon":120.315541,"lat":22.627894}},{"type":"Feature","geometry":{"type":"Point","coordinates":[120.286863,22.627625]},"properties":{"venue_id":"pv_8ba5c83f19","venue_name":"高雄市政府文化局﹝高雄市音樂館﹞","address":"高雄市鹽埕區19鄰河西路99號","city":"高雄市","event_count":4,"show_count":4,"coord_source":"api_mode","precision":"","lon":120.286863,"lat":22.627625}},{"type":"Feature","geometry":{"type":"Point","coordinates":[120.317131,22.625904]},"properties":{"venue_id":"pv_6cae4f0667","venue_name":"高雄市文化中心至善廳","address":"高雄市苓雅區五福一路67號","city":"高雄市","event_count":3,"show_count":6,"coord_source":"api_mode","precision":"","lon":120.317131,"lat":22.625904}},{"type":"Feature","geometry":{"type":"Point","coordinates":[120.317131,22.625904]},"properties":{"venue_id":"pv_c68db98233","venue_name":"高雄市文化中心至德堂","address":"高雄市苓雅區五福一路67號","city":"高雄市","event_count":10,"show_count":12,"coord_source":"api_mode","precision":"","lon":120.317131,"lat":22.625904}},{"type":"Feature","geometry":{"type":"Point","coordinates":[120.481121,22.89038]},"properties":{"venue_id":"pv_5306769a3f","venue_name":"高雄市旗山生活文化園區(原舊鼓山國小)","address":"高雄市旗山區022鄰文中路7號","city":"高雄市","event_count":1,"show_count":1,"coord_source":"api_mode","precision":"","lon":120.481121,"lat":22.89038}},{"type":"Feature","geometry":{"type":"Point","coordinates":[120.306137,22.646393]},"properties":{"venue_id":"pv_d8e31a320b","venue_name":"高雄市立圖書館三民分館","address":"高雄市三民區2鄰十全一路220號","city":"高雄市","event_count":2,"show_count":2,"coord_source":"api_mode","precision":"","lon":120.306137,"lat":22.646393}},{"type":"Feature","geometry":{"type":"Point","coordinates":[120.349661,22.601569]},"properties":{"venue_id":"pv_124d115af7","venue_name":"高雄市立圖書館中崙分館","address":"高雄市鳳山區24鄰中崙5路1號","city":"高雄市","event_count":2,"show_count":2,"coord_source":"api_mode","precision":"","lon":120.349661,"lat":22.601569}},{"type":"Feature","geometry":{"type":"Point","coordinates":[120.409814,22.628535]},"properties":{"venue_id":"pv_f5b31739d3","venue_name":"高雄市立圖書館中庄分館","address":"高雄市大寮區40鄰光明路3段1437號","city":"高雄市","event_count":1,"show_count":1,"coord_source":"api_mode","precision":"","lon":120.409814,"lat":22.628535}},{"type":"Feature","geometry":{"type":"Point","coordinates":[120.333005,22.602476]},"properties":{"venue_id":"pv_c05ff2b3e6","venue_name":"高雄市立圖書館前鎮分館","address":"高雄市前鎮區保泰路303號4樓","city":"高雄市","event_count":2,"show_count":2,"coord_source":"api_mode","precision":"","lon":120.333005,"lat":22.602476}},{"type":"Feature","geometry":{"type":"Point","coordinates":[120.273047,22.623302]},"properties":{"venue_id":"pv_546ea900a4","venue_name":"高雄市立圖書館南鼓山分館","address":"高雄市鼓山區延平街87-13號","city":"高雄市","event_count":1,"show_count":1,"coord_source":"api_mode","precision":"","lon":120.273047,"lat":22.623302}},{"type":"Feature","geometry":{"type":"Point","coordinates":[120.41929,22.658623]},"properties":{"venue_id":"pv_e37e656cd9","venue_name":"高雄市立圖書館大樹二館","address":"高雄市大樹區25鄰久堂路97-1號","city":"高雄市","event_count":2,"show_count":2,"coord_source":"api_mode","precision":"","lon":120.41929,"lat":22.658623}},{"type":"Feature","geometry":{"type":"Point","coordinates":[120.324969,22.649382]},"properties":{"venue_id":"pv_a68eb6d1d9","venue_name":"高雄市立圖書館寶珠分館","address":"高雄市三民區002鄰大順二路468號","city":"高雄市","event_count":1,"show_count":1,"coord_source":"api_mode","precision":"","lon":120.324969,"lat":22.649382}},{"type":"Feature","geometry":{"type":"Point","coordinates":[120.370576,22.560589]},"properties":{"venue_id":"pv_919df6be65","venue_name":"高雄市立圖書館小港分館","address":"高雄市小港區博學路365號","city":"高雄市","event_count":1,"show_count":1,"coord_source":"api_mode","precision":"","lon":120.370576,"lat":22.560589}},{"type":"Feature","geometry":{"type":"Point","coordinates":[120.29288,22.797164]},"properties":{"venue_id":"pv_a9369dea6e","venue_name":"高雄市立圖書館岡山分館","address":"高雄市岡山區公園路2-1號","city":"高雄市","event_count":1,"show_count":1,"coord_source":"api_mode","precision":"","lon":120.29288,"lat":22.797164}},{"type":"Feature","geometry":{"type":"Point","coordinates":[120.304629,22.67833]},"properties":{"venue_id":"pv_e055c4b847","venue_name":"高雄市立圖書館左新分館","address":"高雄市左營區博愛三路453號","city":"高雄市","event_count":1,"show_count":1,"coord_source":"api_mode","precision":"","lon":120.304629,"lat":22.67833}},{"type":"Feature","geometry":{"type":"Point","coordinates":[120.284343,22.673528]},"properties":{"venue_id":"pv_1a5e35631c","venue_name":"高雄市立圖書館左營分館","address":"高雄市左營區2鄰啟文路12號","city":"高雄市","event_count":2,"show_count":2,"coord_source":"api_mode","precision":"","lon":120.284343,"lat":22.673528}},{"type":"Feature","geometry":{"type":"Point","coordinates":[120.309893,22.631022]},"properties":{"venue_id":"pv_1724938c0f","venue_name":"高雄市立圖書館新興分館","address":"高雄市新興區1鄰中正三路34號3樓","city":"高雄市","event_count":3,"show_count":3,"coord_source":"api_mode","precision":"","lon":120.309893,"lat":22.631022}},{"type":"Feature","geometry":{"type":"Point","coordinates":[120.306843,22.627218]},"properties":{"venue_id":"pv_06c3f46e47","venue_name":"高雄市立圖書館新興民眾閱覽室","address":"高雄市新興區6鄰民生一路271號","city":"高雄市","event_count":1,"show_count":1,"coord_source":"api_mode","precision":"","lon":120.306843,"lat":22.627218}},{"type":"Feature","geometry":{"type":"Point","coordinates":[121.519872,25.042141]},"properties":{"venue_id":"pv_164e9e569f","venue_name":"高雄市立圖書館旗山分館","address":"高雄市旗山區大德里6鄰中學路42號","city":"高雄市","event_count":3,"show_count":3,"coord_source":"api_mode","precision":"","lon":121.519872,"lat":25.042141}},{"type":"Feature","geometry":{"type":"Point","coordinates":[120.306998,22.561674]},"properties":{"venue_id":"pv_1d9f824461","venue_name":"高雄市立圖書館旗津分館","address":"高雄市旗津區中洲三路528號","city":"高雄市","event_count":1,"show_count":1,"coord_source":"api_mode","precision":"","lon":120.306998,"lat":22.561674}},{"type":"Feature","geometry":{"type":"Point","coordinates":[121.519872,25.042141]},"properties":{"venue_id":"pv_b238c32470","venue_name":"高雄市立圖書館李科永紀念圖書館","address":"高雄市前金區民生二路37號","city":"高雄市","event_count":3,"show_count":3,"coord_source":"api_mode","precision":"","lon":121.519872,"lat":25.042141}},{"type":"Feature","geometry":{"type":"Point","coordinates":[120.392937,22.487547]},"properties":{"venue_id":"pv_a27d573f8d","venue_name":"高雄市立圖書館林園二館","address":"高雄市林園區中芸里西溪路56~20號2樓","city":"高雄市","event_count":1,"show_count":1,"coord_source":"api_mode","precision":"","lon":120.392937,"lat":22.487547}},{"type":"Feature","geometry":{"type":"Point","coordinates":[120.394917,22.507599]},"properties":{"venue_id":"pv_d3358108e5","venue_name":"高雄市立圖書館林園分館","address":"高雄市林園區林園北路236號","city":"高雄市","event_count":2,"show_count":2,"coord_source":"api_mode","precision":"","lon":120.394917,"lat":22.507599}},{"type":"Feature","geometry":{"type":"Point","coordinates":[120.327883,22.73349]},"properties":{"venue_id":"pv_67c20ae425","venue_name":"高雄市立圖書館楠仔坑分館","address":"高雄市楠梓區楠梓路262號","city":"高雄市","event_count":1,"show_count":1,"coord_source":"api_mode","precision":"","lon":120.327883,"lat":22.73349}},{"type":"Feature","geometry":{"type":"Point","coordinates":[120.315269,22.663171]},"properties":{"venue_id":"pv_25253bfa6d","venue_name":"高雄市立圖書館河堤分館","address":"高雄市三民區4鄰裕誠路1號","city":"高雄市","event_count":3,"show_count":3,"coord_source":"api_mode","precision":"","lon":120.315269,"lat":22.663171}},{"type":"Feature","geometry":{"type":"Point","coordinates":[120.222556,22.89555]},"properties":{"venue_id":"pv_28807f9a1e","venue_name":"高雄市立圖書館湖內分館","address":"高雄市湖內區3鄰保生路101號","city":"高雄市","event_count":5,"show_count":5,"coord_source":"api_mode","precision":"","lon":120.222556,"lat":22.89555}},{"type":"Feature","geometry":{"type":"Point","coordinates":[120.36237,22.793289]},"properties":{"venue_id":"pv_a37786cc4a","venue_name":"高雄市立圖書館燕巢分館","address":"高雄市燕巢區2鄰中民路592號","city":"高雄市","event_count":5,"show_count":5,"coord_source":"api_mode","precision":"","lon":120.36237,"lat":22.793289}},{"type":"Feature","geometry":{"type":"Point","coordinates":[120.302449,22.611553]},"properties":{"venue_id":"pv_25dd783db9","venue_name":"高雄市立圖書館總館","address":"高雄市前鎮區21鄰新光路61號","city":"高雄市","event_count":1,"show_count":1,"coord_source":"api_mode","precision":"","lon":120.302449,"lat":22.611553}},{"type":"Feature","geometry":{"type":"Point","coordinates":[120.541843,22.900167]},"properties":{"venue_id":"pv_7ce15921f0","venue_name":"高雄市立圖書館美濃分館","address":"高雄市美濃區6鄰中正路一段59號","city":"高雄市","event_count":1,"show_count":1,"coord_source":"api_mode","precision":"","lon":120.541843,"lat":22.900167}},{"type":"Feature","geometry":{"type":"Point","coordinates":[120.298234,22.618529]},"properties":{"venue_id":"pv_635702c163","venue_name":"高雄市立圖書館苓雅分館","address":"高雄市苓雅區8鄰青年二路101號4-5樓","city":"高雄市","event_count":1,"show_count":1,"coord_source":"api_mode","precision":"","lon":120.298234,"lat":22.618529}},{"type":"Feature","geometry":{"type":"Point","coordinates":[120.182478,22.906892]},"properties":{"venue_id":"pv_9b79a45ad0","venue_name":"高雄市立圖書館茄萣分館","address":"高雄市茄萣區24鄰濱海路四段31巷1號","city":"高雄市","event_count":1,"show_count":1,"coord_source":"api_mode","precision":"","lon":120.182478,"lat":22.906892}},{"type":"Feature","geometry":{"type":"Point","coordinates":[120.319712,22.583004]},"properties":{"venue_id":"pv_1daecfe4f9","venue_name":"高雄市立圖書館草衙分館","address":"高雄市前鎮區8鄰新衙路17號","city":"高雄市","event_count":2,"show_count":2,"coord_source":"api_mode","precision":"","lon":120.319712,"lat":22.583004}},{"type":"Feature","geometry":{"type":"Point","coordinates":[120.261187,22.854183]},"properties":{"venue_id":"pv_9f30b852c8","venue_name":"高雄市立圖書館路竹分館","address":"高雄市路竹區24鄰國昌路86巷9號","city":"高雄市","event_count":2,"show_count":2,"coord_source":"api_mode","precision":"","lon":120.261187,"lat":22.854183}},{"type":"Feature","geometry":{"type":"Point","coordinates":[120.34232,22.643485]},"properties":{"venue_id":"pv_0b4b6ac381","venue_name":"高雄市立圖書館陽明分館","address":"高雄市三民區陽明路300號3樓","city":"高雄市","event_count":1,"show_count":1,"coord_source":"api_mode","precision":"","lon":120.34232,"lat":22.643485}},{"type":"Feature","geometry":{"type":"Point","coordinates":[120.298017,22.625524]},"properties":{"venue_id":"pv_7373a09d8b","venue_name":"高雄市立圖書館高雄文學館","address":"高雄市前金區24鄰民生二路39號","city":"高雄市","event_count":6,"show_count":6,"coord_source":"api_mode","precision":"","lon":120.298017,"lat":22.625524}},{"type":"Feature","geometry":{"type":"Point","coordinates":[120.362251,22.663798]},"properties":{"venue_id":"pv_e204f698a4","venue_name":"高雄市立圖書館鳥松分館","address":"高雄市鳥松區18鄰大仁北路10號","city":"高雄市","event_count":1,"show_count":1,"coord_source":"api_mode","precision":"","lon":120.362251,"lat":22.663798}},{"type":"Feature","geometry":{"type":"Point","coordinates":[120.32731,22.589421]},"properties":{"venue_id":"pv_cc44495c17","venue_name":"高雄市立圖書館鳳山二館","address":"高雄市鳳山區7鄰自強一路119巷75號","city":"高雄市","event_count":1,"show_count":1,"coord_source":"api_mode","precision":"","lon":120.32731,"lat":22.589421}},{"type":"Feature","geometry":{"type":"Point","coordinates":[120.281874,22.626715]},"properties":{"venue_id":"pv_f36d4f2796","venue_name":"高雄市立圖書館鹽埕分館","address":"高雄市鹽埕區1鄰大仁路179號5樓、6樓","city":"高雄市","event_count":3,"show_count":3,"coord_source":"api_mode","precision":"","lon":120.281874,"lat":22.626715}},{"type":"Feature","geometry":{"type":"Point","coordinates":[120.275386,22.654472]},"properties":{"venue_id":"pv_6c115a2344","venue_name":"高雄市立圖書館鼓山分館","address":"高雄市鼓山區4鄰鼓山三路19-3號","city":"高雄市","event_count":7,"show_count":7,"coord_source":"api_mode","precision":"","lon":120.275386,"lat":22.654472}},{"type":"Feature","geometry":{"type":"Point","coordinates":[120.286872,22.626759]},"properties":{"venue_id":"pv_a18576a7fc","venue_name":"高雄市立歷史博物館","address":"高雄市鹽埕區019鄰中正四路272號","city":"高雄市","event_count":11,"show_count":11,"coord_source":"api_mode","precision":"","lon":120.286872,"lat":22.626759}},{"type":"Feature","geometry":{"type":"Point","coordinates":[120.359285,22.565277]},"properties":{"venue_id":"pv_90c3194c60","venue_name":"高雄市立社會教育館演藝廳","address":"高雄市小港區學府路115號","city":"高雄市","event_count":1,"show_count":1,"coord_source":"api_mode","precision":"","lon":120.359285,"lat":22.565277}},{"type":"Feature","geometry":{"type":"Point","coordinates":[120.286551,22.656697]},"properties":{"venue_id":"pv_443d7a58b1","venue_name":"高雄市立美術館","address":"高雄市鼓山區6鄰美術館路80號","city":"高雄市","event_count":6,"show_count":6,"coord_source":"api_mode","precision":"","lon":120.286551,"lat":22.656697}},{"type":"Feature","geometry":{"type":"Point","coordinates":[120.289122,22.622671]},"properties":{"venue_id":"pv_f59f509a0f","venue_name":"高雄市電影館","address":"高雄市鹽埕區4鄰河西路10號","city":"高雄市","event_count":2,"show_count":2,"coord_source":"api_mode","precision":"","lon":120.289122,"lat":22.622671}},{"type":"Feature","geometry":{"type":"Point","coordinates":[120.28912,22.62268]},"properties":{"venue_id":"pv_8467616587","venue_name":"高雄市電影館2樓","address":"高雄市鹽埕區河西路10號","city":"高雄市","event_count":1,"show_count":1,"coord_source":"api_mode","precision":"","lon":120.28912,"lat":22.62268}},{"type":"Feature","geometry":{"type":"Point","coordinates":[120.28912,22.62268]},"properties":{"venue_id":"pv_5adf2e2722","venue_name":"高雄市電影館3樓","address":"高雄市鹽埕區河西路10號","city":"高雄市","event_count":21,"show_count":50,"coord_source":"api_mode","precision":"","lon":120.28912,"lat":22.62268}},{"type":"Feature","geometry":{"type":"Point","coordinates":[120.286863,22.627625]},"properties":{"venue_id":"pv_81f6c89913","venue_name":"高雄市音樂館","address":"高雄市鹽埕區河西路99號","city":"高雄市","event_count":9,"show_count":9,"coord_source":"api_mode","precision":"","lon":120.286863,"lat":22.627625}},{"type":"Feature","geometry":{"type":"Point","coordinates":[120.286863,22.627625]},"properties":{"venue_id":"pv_fdee323612","venue_name":"高雄市音樂館演奏廳","address":"高雄市鹽埕區河西路99號","city":"高雄市","event_count":2,"show_count":2,"coord_source":"api_mode","precision":"","lon":120.286863,"lat":22.627625}},{"type":"Feature","geometry":{"type":"Point","coordinates":[120.281654,22.619967]},"properties":{"venue_id":"pv_d94ff97a19","venue_name":"高雄市駁二藝術特區","address":"高雄市鹽埕區8鄰大勇路1號","city":"高雄市","event_count":5,"show_count":5,"coord_source":"api_mode","precision":"","lon":120.281654,"lat":22.619967}},{"type":"Feature","geometry":{"type":"Point","coordinates":[120.2885805,22.6181461]},"properties":{"venue_id":"pv_240e080a5b","venue_name":"高雄流行音樂中心","address":"高雄市鹽埕區17鄰真愛路1號","city":"高雄市","event_count":14,"show_count":14,"coord_source":"geocode","precision":"exact","lon":120.2885805,"lat":22.6181461}},{"type":"Feature","geometry":{"type":"Point","coordinates":[120.288566,22.618164]},"properties":{"venue_id":"pv_af27b216fd","venue_name":"高雄流行音樂中心 海音館","address":"高雄市鹽埕區真愛路1號","city":"高雄市","event_count":3,"show_count":3,"coord_source":"api_mode","precision":"","lon":120.288566,"lat":22.618164}},{"type":"Feature","geometry":{"type":"Point","coordinates":[121.510406,25.045509]},"properties":{"venue_id":"pv_217373f461","venue_name":"鬧房間","address":"臺北市中正區延平南路58號4樓","city":"臺北市","event_count":7,"show_count":24,"coord_source":"api_mode","precision":"","lon":121.510406,"lat":25.045509}},{"type":"Feature","geometry":{"type":"Point","coordinates":[120.9187827,23.8753852]},"properties":{"venue_id":"pv_4962f8e14e","venue_name":"魚池鄉（南投縣）=","address":"南投縣魚池鄉","city":"南投縣","event_count":3,"show_count":3,"coord_source":"geocode","precision":"approximate","lon":120.9187827,"lat":23.8753852}},{"type":"Feature","geometry":{"type":"Point","coordinates":[120.358972,22.627127]},"properties":{"venue_id":"pv_2a0d1ccfee","venue_name":"鳳儀書院","address":"高雄市鳳山區013鄰鳳明街62號","city":"高雄市","event_count":1,"show_count":1,"coord_source":"api_mode","precision":"","lon":120.358972,"lat":22.627127}},{"type":"Feature","geometry":{"type":"Point","coordinates":[120.3493158,22.6113591]},"properties":{"venue_id":"pv_01c2e276b6","venue_name":"鳳山區（高雄市）=","address":"高雄市鳳山區","city":"高雄市","event_count":1,"show_count":1,"coord_source":"geocode","precision":"approximate","lon":120.3493158,"lat":22.6113591}},{"type":"Feature","geometry":{"type":"Point","coordinates":[121.34862,24.951993]},"properties":{"venue_id":"pv_392db4cb77","venue_name":"鶯歌光點美學館","address":"新北市鶯歌區陶瓷街18號","city":"新北市","event_count":1,"show_count":1,"coord_source":"api_mode","precision":"","lon":121.34862,"lat":24.951993}},{"type":"Feature","geometry":{"type":"Point","coordinates":[120.2837442,22.6235157]},"properties":{"venue_id":"pv_b759ea25fd","venue_name":"鹽埕區（高雄市）=","address":"高雄市鹽埕區","city":"高雄市","event_count":1,"show_count":1,"coord_source":"geocode","precision":"approximate","lon":120.2837442,"lat":22.6235157}},{"type":"Feature","geometry":{"type":"Point","coordinates":[120.4316519,24.0576051]},"properties":{"venue_id":"pv_5a977160c9","venue_name":"鹿港公會堂(藝文館)","address":"彰化縣鹿港鎮埔頭街74號","city":"彰化縣","event_count":1,"show_count":1,"coord_source":"geocode","precision":"exact","lon":120.4316519,"lat":24.0576051}},{"type":"Feature","geometry":{"type":"Point","coordinates":[120.4362246,24.0540607]},"properties":{"venue_id":"pv_6ca3310acb","venue_name":"鹿港民俗文物館","address":"彰化縣鹿港鎮館前街88號","city":"彰化縣","event_count":1,"show_count":1,"coord_source":"geocode","precision":"exact","lon":120.4362246,"lat":24.0540607}},{"type":"Feature","geometry":{"type":"Point","coordinates":[120.4353004,24.057454]},"properties":{"venue_id":"pv_794e9e7e13","venue_name":"鹿港街長宿舍（鹿港鎮史館）","address":"彰化縣鹿港鎮民權路160巷2號","city":"彰化縣","event_count":1,"show_count":1,"coord_source":"geocode","precision":"exact","lon":120.4353004,"lat":24.057454}},{"type":"Feature","geometry":{"type":"Point","coordinates":[120.447285,24.0755127]},"properties":{"venue_id":"pv_9498b08420","venue_name":"鹿港鎮（彰化縣）=","address":"彰化縣鹿港鎮","city":"彰化縣","event_count":4,"show_count":4,"coord_source":"geocode","precision":"approximate","lon":120.447285,"lat":24.0755127}},{"type":"Feature","geometry":{"type":"Point","coordinates":[120.7809676,23.7348372]},"properties":{"venue_id":"pv_beb1677c86","venue_name":"鹿谷鄉（南投縣）=","address":"南投縣鹿谷鄉","city":"南投縣","event_count":1,"show_count":1,"coord_source":"geocode","precision":"approximate","lon":120.7809676,"lat":23.7348372}},{"type":"Feature","geometry":{"type":"Point","coordinates":[120.2685799,22.6495866]},"properties":{"venue_id":"pv_71a4180839","venue_name":"鼓山區（高雄市）=","address":"高雄市鼓山區","city":"高雄市","event_count":10,"show_count":10,"coord_source":"geocode","precision":"approximate","lon":120.2685799,"lat":22.6495866}},{"type":"Feature","geometry":{"type":"Point","coordinates":[121.2053963,24.8444927]},"properties":{"venue_id":"pv_ea6dcaeadf","venue_name":"龍潭區（桃園市）=","address":"桃園市龍潭區","city":"桃園市","event_count":8,"show_count":8,"coord_source":"geocode","precision":"approximate","lon":121.2053963,"lat":24.8444927}},{"type":"Feature","geometry":{"type":"Point","coordinates":[121.3655989,25.0199092]},"properties":{"venue_id":"pv_d1e61efc42","venue_name":"龜山區（桃園市）=","address":"桃園市龜山區","city":"桃園市","event_count":3,"show_count":3,"coord_source":"geocode","precision":"approximate","lon":121.3655989,"lat":25.0199092}}]}