{"type":"FeatureCollection","features":[{"type":"Feature","geometry":{"type":"Point","coordinates":[121.513589,25.074698]},"properties":{"uid":"welfare_00033","name":"臺北市立啟聰學校","welfare_class":"child_dev","address":"臺北市大同區重慶北路三段320號","city":"臺北市","coord_source":"tgos_upstream","coord_precision":"upstream","src_datasets":"130229|165355","n_src":2,"sub_code":"T0199","permit_status":"C04","inst_code":"AAZ00001245","src_system":"無來源系統","unit_type":"教育單位","service_mode":"日間、時段","service_content":"集中式特殊教育班、聽障巡迴輔導班","service_hours":"請逕洽詢該單位服務人員","phone":"02-25924446"}},{"type":"Feature","geometry":{"type":"Point","coordinates":[121.51742,25.116986]},"properties":{"uid":"welfare_00732","name":"財團法人天主教白永恩神父社會福利基金會附設臺北市私立聖文生兒童發展中心(早期療育機構)","welfare_class":"child_dev","address":"臺北市北投區石牌路二段90巷20號","city":"臺北市","coord_source":"tgos_upstream","coord_precision":"upstream","src_datasets":"130229|165355","n_src":2,"sub_code":"T0703","permit_status":"C04","inst_code":"AWD00036094","src_system":"發展遲緩兒童通報暨個案管理整合系統","unit_type":"社福單位","service_mode":"時段、到宅","service_content":"時段療育、到宅療育","service_hours":"週一至週五:8時30分至17時30分","phone":"02-28237730"}},{"type":"Feature","geometry":{"type":"Point","coordinates":[120.720106,24.258987]},"properties":{"uid":"welfare_01551","name":"財團法人臺中市私立弘毓社會福利基金會","welfare_class":"child_dev","address":"臺中市豐原區成功路596-598號","city":"臺中市","coord_source":"tgos_upstream","coord_precision":"upstream","src_datasets":"130229|165355","n_src":2,"sub_code":"T0901","permit_status":"C04","inst_code":"BJA00000610","src_system":"無來源系統、社會福利及公益彩券回饋金補助系統","unit_type":"社福單位","service_mode":"時段","service_content":"自費：認知學習、音樂治療、職能治療、語言治療、物理治療","service_hours":"週一至週日:8時30至12時30分；13時30分至17時30分；18時30分至21時","phone":"04-25291790"}},{"type":"Feature","geometry":{"type":"Point","coordinates":[120.653868,24.131456]},"properties":{"uid":"welfare_01779","name":"臺中市政府社會局委託財團法人瑪利亞社會福利基金會經營管理臺中市愛心家園(身心礙障福利機構兼辦早療業務)","welfare_class":"child_dev","address":"臺中市南屯區東興路一段450號","city":"臺中市","coord_source":"tgos_upstream","coord_precision":"upstream","src_datasets":"130229|165355","n_src":2,"sub_code":"T0703","permit_status":"C04","inst_code":"BWD00036237","src_system":"發展遲緩兒童通報暨個案管理整合系統","unit_type":"社福單位","service_mode":"日間、時段","service_content":"自費：物理治療、職能治療、音樂治療、認知學習、語言治療","service_hours":"週一至週五:8時至20時","phone":"04-24713535"}},{"type":"Feature","geometry":{"type":"Point","coordinates":[120.249472,23.021512]},"properties":{"uid":"welfare_01986","name":"晉生醫療社團法人晉生慢性醫院","welfare_class":"child_dev","address":"臺南市永康區中山南路902巷5號","city":"臺南市","coord_source":"tgos_upstream","coord_precision":"upstream","src_datasets":"130229|165355","n_src":2,"sub_code":"T0501","permit_status":"C04","inst_code":"DEA00002305","src_system":"無來源系統","unit_type":"衛生單位","service_mode":"時段","service_content":"語言治療","service_hours":"請逕洽詢該單位服務人員","phone":"06-2330003"}},{"type":"Feature","geometry":{"type":"Point","coordinates":[120.226743,22.968534]},"properties":{"uid":"welfare_02065","name":"臺南市立醫院","welfare_class":"child_dev","address":"臺南市東區崇德路670號","city":"臺南市","coord_source":"tgos_upstream","coord_precision":"upstream","src_datasets":"130229|165355","n_src":2,"sub_code":"T0501","permit_status":"C04","inst_code":"DEA00013646","src_system":"醫事管理系統","unit_type":"衛生單位","service_mode":"時段","service_content":"物理、職能治療","service_hours":"請逕洽詢該單位服務人員","phone":"06-2609926分機21154或21155"}},{"type":"Feature","geometry":{"type":"Point","coordinates":[120.182693,23.236902]},"properties":{"uid":"welfare_02606","name":"財團法人臺南市私立天主教伯利恆社會福利基金會附設伯利恆兒童發展中心","welfare_class":"child_dev","uni_no":"85570038","address":"臺南市學甲區中學路95號","city":"臺南市","coord_source":"tgos_upstream","coord_precision":"upstream","src_datasets":"165355","n_src":1,"sub_code":"T0703","permit_status":"C04","inst_code":"DWD00036343","src_system":"發展遲緩兒童通報暨個案管理整合系統"}},{"type":"Feature","geometry":{"type":"Point","coordinates":[120.298029,22.964003]},"properties":{"uid":"welfare_02607","name":"臺南市政府社會局委託臺南市童心園社會福利關懷協會經營臺南市歸仁早期療育發展中心","welfare_class":"child_dev","uni_no":"10809404","address":"臺南市歸仁區信義南路78號3樓","city":"臺南市","coord_source":"tgos_upstream","coord_precision":"upstream","src_datasets":"165355","n_src":1,"sub_code":"T0703","permit_status":"C04","inst_code":"DWD00036352","src_system":"發展遲緩兒童通報暨個案管理整合系統"}},{"type":"Feature","geometry":{"type":"Point","coordinates":[120.465494,23.120265]},"properties":{"uid":"welfare_02609","name":"財團法人天主教臺南市私立德蘭啟智中心(兼辦)(日間、時段、到宅)","welfare_class":"child_dev","uni_no":"8437879","address":"臺南市玉井區中華路200號","city":"臺南市","coord_source":"tgos_upstream","coord_precision":"upstream","src_datasets":"165355","n_src":1,"sub_code":"T0703","permit_status":"C04","inst_code":"DWD00036370","src_system":"發展遲緩兒童通報暨個案管理整合系統"}},{"type":"Feature","geometry":{"type":"Point","coordinates":[120.229425,22.996562]},"properties":{"uid":"welfare_02610","name":"財團法人臺南市私立天主教美善社會福利基金會附設光明早期療育中心(早期療育機構)","welfare_class":"child_dev","address":"無","city":"臺南市","coord_source":"tgos_upstream","coord_precision":"upstream","src_datasets":"130229|165355","n_src":2,"sub_code":"T0703","permit_status":"C04","inst_code":"DWD00036389","src_system":"社會福利及公益彩券回饋金補助系統、發展遲緩兒童通報暨個案管理整合系統","unit_type":"社福單位","service_mode":"到宅","service_content":"到宅服務北區、東區、永康區","service_hours":"請逕洽詢該單位服務人員","phone":"06-2365445"}},{"type":"Feature","geometry":{"type":"Point","coordinates":[120.157889,22.978943]},"properties":{"uid":"welfare_02611","name":"財團法人臺南市私立瑞復益智中心","welfare_class":"child_dev","uni_no":"69678245","address":"臺南市安平區漁光路134號","city":"臺南市","coord_source":"tgos_upstream","coord_precision":"upstream","src_datasets":"165355","n_src":1,"sub_code":"T0703","permit_status":"C04","inst_code":"DWD00036398","src_system":"發展遲緩兒童通報暨個案管理整合系統"}},{"type":"Feature","geometry":{"type":"Point","coordinates":[120.32315,22.638912]},"properties":{"uid":"welfare_02779","name":"高雄市政府社會局兒童福利服務中心","welfare_class":"child_welfare","address":"高雄市三民區九如一路775號","city":"高雄市","coord_source":"tgos_upstream","coord_precision":"upstream","src_datasets":"161604|165355","n_src":2,"sub_code":"T0199","permit_status":"C04","inst_code":"EAZ00001520","src_system":"無來源系統","operate_mode":"公設公營","phone":"07-3850535","subtype":"福利服務中心"}},{"type":"Feature","geometry":{"type":"Point","coordinates":[120.306256,22.727253]},"properties":{"uid":"welfare_03585","name":"高雄市政府社會局委託辦理楠梓兒童發展中心(身心障礙福利機構兼辦早療業務)","welfare_class":"child_dev","address":"高雄市楠梓區德賢路220巷19號","city":"高雄市","coord_source":"tgos_upstream","coord_precision":"upstream","src_datasets":"130229|165355","n_src":2,"sub_code":"T0703","permit_status":"C04","inst_code":"EWD00036414","src_system":"發展遲緩兒童通報暨個案管理整合系統","unit_type":"社福單位","service_mode":"日間、時段","service_content":"日間療育、時段療育","service_hours":"1.日間療育週一至週五:8時至17時；2.時段療育週一至週五:9時至20時","phone":"07-3684493、3616048"}},{"type":"Feature","geometry":{"type":"Point","coordinates":[120.32315,22.638912]},"properties":{"uid":"welfare_03586","name":"高雄市政府社會局兒童福利服務中心委託辦理高雄市三民兒童早期療育發展中心(早期療育機構)","welfare_class":"child_dev","address":"高雄市三民區九如一路775號(兒童福利服務中心內)","city":"高雄市","coord_source":"tgos_upstream","coord_precision":"upstream","src_datasets":"130229|165355","n_src":2,"sub_code":"T0703","permit_status":"C04","inst_code":"EWD00036423","src_system":"發展遲緩兒童通報暨個案管理整合系統","unit_type":"社福單位","service_mode":"日間、時段、到宅","service_content":"日間療育、時段療育、到宅療育","service_hours":"週一至週五:8時至17時30分(國定假日除外)","phone":"07-3928043"}},{"type":"Feature","geometry":{"type":"Point","coordinates":[120.315259,22.594121]},"properties":{"uid":"welfare_03587","name":"高雄市政府社會局無障礙之家委託辦理兒童發展中心(身心障礙福利機構兼辦早療業務)","welfare_class":"child_dev","address":"高雄市前鎮區翠亨北路392號2 樓(無障礙之家內)","city":"高雄市","coord_source":"tgos_upstream","coord_precision":"upstream","src_datasets":"130229|165355","n_src":2,"sub_code":"T0703","permit_status":"C04","inst_code":"EWD00036432","src_system":"發展遲緩兒童通報暨個案管理整合系統","unit_type":"社福單位","service_mode":"日間、時段","service_content":"日間療育、時段療育","service_hours":"週一至週五:8時至17時30分","phone":"07-8151500分機217"}},{"type":"Feature","geometry":{"type":"Point","coordinates":[120.349678,22.617193]},"properties":{"uid":"welfare_03589","name":"高雄市政府社會局兒童福利服務中心委託辦理鳳山區兒童早期療育發展中心(身心障礙福利機構兼辦早療業務)","welfare_class":"child_dev","address":"高雄市鳳山區新富路630號(忠孝國小內)","city":"高雄市","coord_source":"tgos_upstream","coord_precision":"upstream","src_datasets":"130229|165355","n_src":2,"sub_code":"T0703","permit_status":"C04","inst_code":"EWD00036450","src_system":"發展遲緩兒童通報暨個案管理整合系統","unit_type":"社福單位","service_mode":"日間、時段、到宅","service_content":"日間療育、時段療育、到宅療育","service_hours":"週一至週五:8時至17時(國定假日除外)","phone":"07-7630369"}},{"type":"Feature","geometry":{"type":"Point","coordinates":[120.290451,22.798645]},"properties":{"uid":"welfare_03590","name":"高雄市政府社會局委託辦理岡山身心障礙福利服務中心(身心障礙福利機構兼辦早療業務)","welfare_class":"child_dev","address":"高雄市岡山區公園東路131號","city":"高雄市","coord_source":"tgos_upstream","coord_precision":"upstream","src_datasets":"130229|165355","n_src":2,"sub_code":"T0703","permit_status":"C04","inst_code":"EWD00036469","src_system":"發展遲緩兒童通報暨個案管理整合系統","unit_type":"社福單位","service_mode":"日間、時段、到宅","service_content":"日間療育、時段療育、到宅療育","service_hours":"週一至週五:8時30分至17時30分(國定假日除外)","phone":"07-6226730"}},{"type":"Feature","geometry":{"type":"Point","coordinates":[120.480828,22.890336]},"properties":{"uid":"welfare_03591","name":"高雄市政府社會局兒童福利服務中心委託辦理旗山區兒童早期療育發展中心(身心障礙福利機構兼辦早療業務)","welfare_class":"child_dev","address":"高雄市旗山區文中路7號","city":"高雄市","coord_source":"tgos_upstream","coord_precision":"upstream","src_datasets":"130229|165355","n_src":2,"sub_code":"T0703","permit_status":"C04","inst_code":"EWD00036478","src_system":"發展遲緩兒童通報暨個案管理整合系統","unit_type":"社福單位","service_mode":"日間、時段、到宅","service_content":"日間療育、時段療育、到宅療育","service_hours":"週一至週五:8時至17時(國定假日除外)","phone":"07-6618106"}},{"type":"Feature","geometry":{"type":"Point","coordinates":[121.516589,25.014506]},"properties":{"uid":"welfare_04357","name":"社團法人臺灣遲緩兒天使樂園協會(定點療育)","welfare_class":"child_dev","address":"新北市林口區忠孝二路55號1樓（林口區衛生所）","city":"新北市","coord_source":"tgos_upstream","coord_precision":"upstream","src_datasets":"130229|165355","n_src":2,"sub_code":"T0801","permit_status":"C04","inst_code":"FHA00043945","src_system":"社會福利及公益彩券回饋金補助系統","unit_type":"社福單位","service_mode":"時段","service_content":"綜合性認知","service_hours":"週二、週四9時至17時","phone":"02-29284422"}},{"type":"Feature","geometry":{"type":"Point","coordinates":[121.467367,25.046139]},"properties":{"uid":"welfare_04374","name":"財團法人中華民國唐氏症基金會(定點療育)","welfare_class":"child_dev","address":"1.新北市三芝區中山路1段12號(新北市三芝區衛生所)；2.新北市三芝區育英街22號(三芝國小)","city":"新北市","coord_source":"tgos_upstream","coord_precision":"upstream","src_datasets":"130229|165355","n_src":2,"sub_code":"T0901","permit_status":"C04","inst_code":"FJA00042232","src_system":"社會福利及公益彩券回饋金補助系統","unit_type":"社福單位","service_mode":"時段","service_content":"綜合性認知","service_hours":"請逕洽詢該單位服務人員","phone":"02-22789866分機14謝社工"}},{"type":"Feature","geometry":{"type":"Point","coordinates":[121.45648,25.013759]},"properties":{"uid":"welfare_04739","name":"新北市政府委託財團法人第一社會福利基金會辦理新北市愛智發展中心(身心障礙福利機構兼辦早療業務)","welfare_class":"child_dev","address":"新北市板橋區中正路10號1樓","city":"新北市","coord_source":"tgos_upstream","coord_precision":"upstream","src_datasets":"130229|165355","n_src":2,"sub_code":"T0703","permit_status":"C04","inst_code":"FWD00036125","src_system":"發展遲緩兒童通報暨個案管理整合系統","unit_type":"社福單位","service_mode":"日間、時段","service_content":"日間療育、時段療育","service_hours":"8時至17時","phone":"02-29688525"}},{"type":"Feature","geometry":{"type":"Point","coordinates":[121.471906,25.050006]},"properties":{"uid":"welfare_04742","name":"新北市立八里愛心教養院附設三重日間托育中心(身心障礙福利機構兼辦早療業務)","welfare_class":"child_dev","address":"新北市三重區光復路1段76號","city":"新北市","coord_source":"tgos_upstream","coord_precision":"upstream","src_datasets":"130229|165355","n_src":2,"sub_code":"T0703","permit_status":"C04","inst_code":"FWD00036152","src_system":"發展遲緩兒童通報暨個案管理整合系統","unit_type":"社福單位","service_mode":"日間、時段","service_content":"綜合課程","service_hours":"8時至17時","phone":"02-85124112"}},{"type":"Feature","geometry":{"type":"Point","coordinates":[121.499713,24.995768]},"properties":{"uid":"welfare_04743","name":"財團法人臺灣兒童暨家庭扶助基金會附設新北市私立大同育幼院早期療育部(安置及教養機構兼辦早療業務)","welfare_class":"child_dev","address":"新北市中和區圓通路121巷2號","city":"新北市","coord_source":"tgos_upstream","coord_precision":"upstream","src_datasets":"130229|165355","n_src":2,"sub_code":"T0703","permit_status":"C04","inst_code":"FWD00036161","src_system":"發展遲緩兒童通報暨個案管理整合系統","unit_type":"社福單位","service_mode":"日間、時段","service_content":"認知治療","service_hours":"1.日托:9時至15時30分；2.時制:8時40分至16時30分","phone":"02-22472455分機612、614"}},{"type":"Feature","geometry":{"type":"Point","coordinates":[121.376129,24.928297]},"properties":{"uid":"welfare_04746","name":"新北市立八里愛心教養院附設三峽日間托育中心(身心障礙福利機構兼辦早療業務)","welfare_class":"child_dev","address":"新北市三峽區光明路71號7樓","city":"新北市","coord_source":"tgos_upstream","coord_precision":"upstream","src_datasets":"130229|165355","n_src":2,"sub_code":"T0703","permit_status":"C04","inst_code":"FWD00036198","src_system":"發展遲緩兒童通報暨個案管理整合系統","unit_type":"社福單位","service_mode":"日間、時段","service_content":"綜合課程","service_hours":"8時30分至15時30分","phone":"02-26733523分機126"}},{"type":"Feature","geometry":{"type":"Point","coordinates":[121.266858,24.933002]},"properties":{"uid":"welfare_05713","name":"財團法人基督教更生團契桃園市私立少年之家","welfare_class":"child_welfare","address":"桃園市八德區長興路707號","city":"桃園市","coord_source":"tgos_upstream","coord_precision":"upstream","src_datasets":"161606|165355","n_src":2,"sub_code":"T0705","permit_status":"C04","inst_code":"HWF00041648","src_system":"社會福利及公益彩券回饋金補助系統","nature":"私立機構","authority":"桃園市政府社會局","phone":"03-3673074","subtype":"安置教養機構"}},{"type":"Feature","geometry":{"type":"Point","coordinates":[120.43526,23.46496]},"properties":{"uid":"welfare_05913","name":"嘉義市政府委託財團法人伊甸社會福利基金會辦理嘉義市身心障礙福利服務中心(身心障礙福利機構兼辦早療業務)","welfare_class":"child_dev","address":"嘉義市西區錦州二街36號","city":"嘉義市","coord_source":"tgos_upstream","coord_precision":"upstream","src_datasets":"130229|165355","n_src":2,"sub_code":"T0703","permit_status":"C04","inst_code":"IWD00036023","src_system":"發展遲緩兒童通報暨個案管理整合系統","unit_type":"社福單位","service_mode":"日間、時段","service_content":"日間療育、時段療育服務","service_hours":"1.日間療育週一至週五:8時至16時30分；2.部分時制課程依時段安排上課。","phone":"05-2834275分機12"}},{"type":"Feature","geometry":{"type":"Point","coordinates":[120.678951,23.909205]},"properties":{"uid":"welfare_06474","name":"南投縣早期療育中心(早期療育機構)","welfare_class":"child_dev","address":"南投縣南投市南崗二路87號2樓","city":"南投縣","coord_source":"tgos_upstream","coord_precision":"upstream","src_datasets":"130229|165355","n_src":2,"sub_code":"T0703","permit_status":"C04","inst_code":"MWD00035930","src_system":"發展遲緩兒童通報暨個案管理整合系統","unit_type":"社福單位","service_mode":"時段","service_content":"早期療育時段課程(認知、溝通訓練、生活自理、動作訓練、專業整合)","service_hours":"1.週二至週六:8時至17時30分；2.週四:13時至20時30分","phone":"049-2200256"}},{"type":"Feature","geometry":{"type":"Point","coordinates":[120.545407,24.075804]},"properties":{"uid":"welfare_06784","name":"彰化縣寶貝成長家園(早期療育機構)","welfare_class":"child_dev","address":"彰化市南郭路一段47巷13號2樓","city":"彰化縣","coord_source":"tgos_upstream","coord_precision":"upstream","src_datasets":"130229|165355","n_src":2,"sub_code":"T0703","permit_status":"C04","inst_code":"NWD00036334","src_system":"發展遲緩兒童通報暨個案管理整合系統","unit_type":"社福單位","service_mode":"日間、時段","service_content":"日間療育、時段療育、專家學者諮詢","service_hours":"9時至16時","phone":"04-7288908"}},{"type":"Feature","geometry":{"type":"Point","coordinates":[121.00857,24.791727]},"properties":{"uid":"welfare_06932","name":"財團法人新竹市天主教仁愛社會福利基金會","welfare_class":"child_dev","address":"新竹市東區光復路2段902巷12號","city":"新竹市","coord_source":"tgos_upstream","coord_precision":"upstream","src_datasets":"130229|165355","n_src":2,"sub_code":"T0901","permit_status":"C04","inst_code":"OJA00041513","src_system":"社會福利及公益彩券回饋金補助系統","unit_type":"社福單位","service_mode":"時段","service_content":"認知","service_hours":"週一至週五8時至17時※每堂60分鐘","phone":"03-5623360#328 許組長"}},{"type":"Feature","geometry":{"type":"Point","coordinates":[121.009938,24.790386]},"properties":{"uid":"welfare_07003","name":"新竹市政府委託財團法人心路社會福利基金會經營管理新竹市兒童發展早期療育中心","welfare_class":"child_dev","uni_no":"968326","address":"新竹市東區龍山西路99號3樓","city":"新竹市","coord_source":"tgos_upstream","coord_precision":"upstream","src_datasets":"165355","n_src":1,"sub_code":"T0703","permit_status":"C04","inst_code":"OWD00036018","src_system":"發展遲緩兒童通報暨個案管理整合系統"}},{"type":"Feature","geometry":{"type":"Point","coordinates":[120.421892,23.695309]},"properties":{"uid":"welfare_07238","name":"財團法人臺灣兒童暨家庭扶助基金會附設雲林縣私立家扶發展學園(早期療育機構)","welfare_class":"child_dev","address":"雲林縣虎尾鎮穎川里頂南56號1樓","city":"雲林縣","coord_source":"tgos_upstream","coord_precision":"upstream","src_datasets":"130229|165355","n_src":2,"sub_code":"T0901","permit_status":"C04","inst_code":"PJA00041936","src_system":"社會福利及公益彩券回饋金補助系統","unit_type":"社福單位","service_mode":"日間、時段","service_content":"時段及日間療育","service_hours":"請逕洽詢該單位服務人員","phone":"05-6361712"}},{"type":"Feature","geometry":{"type":"Point","coordinates":[120.457203,23.799461]},"properties":{"uid":"welfare_07257","name":"西螺區兒童發展中心","welfare_class":"child_dev","uni_no":"25306788","address":"雲林縣西螺鎮中山路227號","city":"雲林縣","coord_source":"tgos_upstream","coord_precision":"upstream","src_datasets":"165355","n_src":1,"sub_code":"T0703","permit_status":"C04","inst_code":"PWD00035946","src_system":"發展遲緩兒童通報暨個案管理整合系統"}},{"type":"Feature","geometry":{"type":"Point","coordinates":[120.228168,23.689824]},"properties":{"uid":"welfare_07258","name":"台西區兒童發展中心","welfare_class":"child_dev","uni_no":"45341475","address":"雲林縣臺西鄉五榔村17-1號","city":"雲林縣","coord_source":"tgos_upstream","coord_precision":"upstream","src_datasets":"165355","n_src":1,"sub_code":"T0703","permit_status":"C04","inst_code":"PWD00035955","src_system":"發展遲緩兒童通報暨個案管理整合系統"}},{"type":"Feature","geometry":{"type":"Point","coordinates":[120.19298,23.567792]},"properties":{"uid":"welfare_07259","name":"口湖區兒童發展中心","welfare_class":"child_dev","uni_no":"45341475","address":"雲林縣口湖鄉過港村119號","city":"雲林縣","coord_source":"tgos_upstream","coord_precision":"upstream","src_datasets":"165355","n_src":1,"sub_code":"T0703","permit_status":"C04","inst_code":"PWD00036107","src_system":"發展遲緩兒童通報暨個案管理整合系統"}},{"type":"Feature","geometry":{"type":"Point","coordinates":[120.527069,23.698277]},"properties":{"uid":"welfare_07260","name":"斗六區兒童發展中心","welfare_class":"child_dev","uni_no":"45341475","address":"雲林縣斗六市府文路22號3樓","city":"雲林縣","coord_source":"tgos_upstream","coord_precision":"upstream","src_datasets":"165355","n_src":1,"sub_code":"T0703","permit_status":"C04","inst_code":"PWD00036323","src_system":"發展遲緩兒童通報暨個案管理整合系統"}},{"type":"Feature","geometry":{"type":"Point","coordinates":[120.437309,23.708197]},"properties":{"uid":"welfare_07261","name":"財團法人天主教若瑟社會福利基金會","welfare_class":"child_dev","uni_no":"45341475","address":"雲林縣虎尾鎮民權路2號","city":"雲林縣","coord_source":"tgos_upstream","coord_precision":"upstream","src_datasets":"165355","n_src":1,"sub_code":"T0703","permit_status":"C04","inst_code":"PWD00346518","src_system":"失智照護管理系統"}},{"type":"Feature","geometry":{"type":"Point","coordinates":[120.45586,22.470424]},"properties":{"uid":"welfare_07809","name":"屏東縣政府委託財團法人伊甸社會福利基金會經營管理屏東縣東港兒童早期療育發展中心","welfare_class":"child_dev","uni_no":"5200169","address":"屏東縣東港鎮中正路一段10-1號","city":"屏東縣","coord_source":"tgos_upstream","coord_precision":"upstream","src_datasets":"165355","n_src":1,"sub_code":"T0703","permit_status":"C04","inst_code":"TWD00035960","src_system":"發展遲緩兒童通報暨個案管理整合系統、全國身心障礙福利資訊整合平台"}},{"type":"Feature","geometry":{"type":"Point","coordinates":[121.584134,23.970935]},"properties":{"uid":"welfare_08036","name":"花蓮縣兒童發展中心(早期療育機構)","welfare_class":"child_dev","address":"花蓮縣花蓮市順興路3號","city":"花蓮縣","coord_source":"tgos_upstream","coord_precision":"upstream","src_datasets":"130229|165355","n_src":2,"sub_code":"T0703","permit_status":"C04","inst_code":"UWD00035996","src_system":"發展遲緩兒童通報暨個案管理整合系統","unit_type":"社福單位","service_mode":"日間、時段","service_content":"1.日間照顧服務：學前特殊教育、復健訓練、健康服務、交通服務。2.時段療育：以1對1之個別療育為原則，服務提供以認知課程為主。3.家庭支持及轉銜服務。4.社區融合及宣導。","service_hours":"週一至週五:8時至15時30分","phone":"03-8222127"}},{"type":"Feature","geometry":{"type":"Point","coordinates":[121.134204,22.753941]},"properties":{"uid":"welfare_08186","name":"臺東縣兒童發展療育中心(早期療育機構)","welfare_class":"child_dev","address":"臺東縣臺東市正氣北路374號","city":"臺東縣","coord_source":"tgos_upstream","coord_precision":"upstream","src_datasets":"130229|165355","n_src":2,"sub_code":"T0703","permit_status":"C04","inst_code":"VWD00036282","src_system":"發展遲緩兒童通報暨個案管理整合系統","unit_type":"社福單位","service_mode":"時段","service_content":"時段療育","service_hours":"請逕洽詢該單位服務人員","phone":"089-333973"}},{"type":"Feature","geometry":{"type":"Point","coordinates":[118.417006,24.440189]},"properties":{"uid":"welfare_08235","name":"金門縣早期療育聯合服務中心","welfare_class":"child_dev","uni_no":"5557110","address":"金門縣金湖鎮新市里中正路1-1號1樓","city":"金門縣","coord_source":"tgos_upstream","coord_precision":"upstream","src_datasets":"165355","n_src":1,"sub_code":"T0703","permit_status":"C04","inst_code":"WWD00036038","src_system":"發展遲緩兒童通報暨個案管理整合系統"}},{"type":"Feature","geometry":{"type":"Point","coordinates":[120.480405,26.374717]},"properties":{"uid":"welfare_08312","name":"連江縣東引鄉公共托育中心","welfare_class":"parent_child_center","address":"連江縣東引鄉中柳村94-2號","city":"連江縣","coord_source":"google","coord_precision":"approximate","src_datasets":"160907|165355","n_src":2,"sub_code":"T0701","permit_status":"C04","inst_code":"ZWA00028514","src_system":"托育服務整合資訊系統","district":"東引鄉","founded":"104.12.10","phone":"0836-76520"}},{"type":"Feature","geometry":{"type":"Point","coordinates":[119.937915,26.147777]},"properties":{"uid":"welfare_08315","name":"連江縣南竿鄉公共托育中心","welfare_class":"parent_child_center","address":"連江縣南竿鄉清水村131號2樓","city":"連江縣","coord_source":"google","coord_precision":"approximate","src_datasets":"160907|165355","n_src":2,"sub_code":"T0701","permit_status":"C04","inst_code":"ZWA00030034","src_system":"托育服務整合資訊系統","district":"南竿鄉","founded":"106.05.20","phone":"0836-23880"}},{"type":"Feature","geometry":{"type":"Point","coordinates":[121.464544,25.018406]},"properties":{"uid":"welfare_08806","name":"中英醫療社團法人板英醫院","welfare_class":"child_dev","address":"新北市板橋區文化路1段269號","city":"新北市","coord_source":"offline_l2","coord_precision":"exact","src_datasets":"130229","n_src":1,"unit_type":"衛生單位","service_mode":"時段","service_content":"物理、職能、語言、心理治療","service_hours":"1.週一至週四:13時至21時；2.週五:8時至12時；3.週六:8時至12時30分","phone":"02-82513923分機218、219"}},{"type":"Feature","geometry":{"type":"Point","coordinates":[121.470153,25.027262]},"properties":{"uid":"welfare_08807","name":"恩典復健家醫科診所","welfare_class":"child_dev","address":"新北市板橋區文化路2段155號","city":"新北市","coord_source":"offline_l1","coord_precision":"cached","src_datasets":"130229","n_src":1,"unit_type":"衛生單位","service_mode":"時段","service_content":"職能、語言、認知、注意力、視知覺","service_hours":"週一至週五:9時至21時","phone":"02-22551661"}},{"type":"Feature","geometry":{"type":"Point","coordinates":[121.46168,25.002002]},"properties":{"uid":"welfare_08808","name":"佳醫診所","welfare_class":"child_dev","address":"新北市板橋區忠孝路88號","city":"新北市","coord_source":"offline_l1","coord_precision":"cached","src_datasets":"130229","n_src":1,"unit_type":"衛生單位","service_mode":"時段","service_content":"職能、語言治療","service_hours":"1.週一至週五:11時至21時；2.週六:8時30分至12時","phone":"02-29562780"}},{"type":"Feature","geometry":{"type":"Point","coordinates":[121.452312,24.997313]},"properties":{"uid":"welfare_08809","name":"醫療財團法人徐元智先生醫藥基金會亞東紀念醫院早期療育中心","welfare_class":"child_dev","address":"新北市板橋區南雅南路2段21號","city":"新北市","coord_source":"offline_l1","coord_precision":"cached","src_datasets":"130229","n_src":1,"unit_type":"衛生單位","service_mode":"時段","service_content":"物理、職能、語言、心理","service_hours":"週一至週五:8時15分至21時15分","phone":"02-89667000分機2297"}},{"type":"Feature","geometry":{"type":"Point","coordinates":[121.45786,25.023526]},"properties":{"uid":"welfare_08810","name":"新北市立聯合醫院板橋院區","welfare_class":"child_dev","address":"新北市板橋區英士路198號","city":"新北市","coord_source":"offline_l2","coord_precision":"exact","src_datasets":"130229","n_src":1,"unit_type":"衛生單位","service_mode":"時段","service_content":"語言、心理治療","service_hours":"週一至週五:8時至17時","phone":"02-22575151分機3500"}},{"type":"Feature","geometry":{"type":"Point","coordinates":[121.478439,25.018048]},"properties":{"uid":"welfare_08811","name":"德一診所","welfare_class":"child_dev","address":"新北市板橋區中山路2段236號1樓","city":"新北市","coord_source":"offline_l1","coord_precision":"cached","src_datasets":"130229","n_src":1,"unit_type":"衛生單位","service_mode":"時段","service_content":"職能、電腦認知、感覺統合","service_hours":"週一至週五:13時至21時30分","phone":"02-29535396"}},{"type":"Feature","geometry":{"type":"Point","coordinates":[121.456171,25.017938]},"properties":{"uid":"welfare_08812","name":"昌弘復健科診所","welfare_class":"child_dev","address":"新北市板橋區中正路194號","city":"新北市","coord_source":"offline_l1","coord_precision":"cached","src_datasets":"130229","n_src":1,"unit_type":"衛生單位","service_mode":"時段","service_content":"職能、語言治療","service_hours":"1.週一至週五:9時至21時；2.週六:9時至12時","phone":"02-29660066"}},{"type":"Feature","geometry":{"type":"Point","coordinates":[121.458918,25.014128]},"properties":{"uid":"welfare_08813","name":"和謙診所","welfare_class":"child_dev","address":"新北市板橋區民權路214號1樓","city":"新北市","coord_source":"offline_l1","coord_precision":"cached","src_datasets":"130229","n_src":1,"unit_type":"衛生單位","service_mode":"時段","service_content":"物理、職能、語言、人際關係團體、繪本角色扮演團體、手動訓練團體","service_hours":"1.週一至週五:8時至21時；2.週六:8時30分至12時","phone":"02-29680090"}},{"type":"Feature","geometry":{"type":"Point","coordinates":[121.432132,24.994507]},"properties":{"uid":"welfare_08814","name":"大新復健科診所","welfare_class":"child_dev","address":"新北市板橋區篤行路1段31號","city":"新北市","coord_source":"offline_l2","coord_precision":"exact","src_datasets":"130229","n_src":1,"unit_type":"衛生單位","service_mode":"時段","service_content":"物理、職能、語言","service_hours":"週一至週五:13時至21時","phone":"02-86872626"}},{"type":"Feature","geometry":{"type":"Point","coordinates":[121.456434,25.016866]},"properties":{"uid":"welfare_08815","name":"板新醫院","welfare_class":"child_dev","address":"新北市板橋區中正路189號","city":"新北市","coord_source":"offline_l1","coord_precision":"cached","src_datasets":"130229","n_src":1,"unit_type":"衛生單位","service_mode":"時段","service_content":"物理、職能、語言","service_hours":"週一至週五:8時30分至21時30分","phone":"02-29609955分機202、552"}},{"type":"Feature","geometry":{"type":"Point","coordinates":[121.455789,25.024636]},"properties":{"uid":"welfare_08816","name":"友方職能治療所","welfare_class":"child_dev","address":"新北市板橋區龍泉街108巷26號1樓","city":"新北市","coord_source":"offline_l2","coord_precision":"exact","src_datasets":"130229","n_src":1,"unit_type":"衛生單位","service_mode":"時段","service_content":"職能、知覺訓練、認知訓練、感覺統合、注意力訓練、寫字技巧","service_hours":"1.週一至週五早上(以約診為主)、13時至22時；2.週六：8時至16時","phone":"02-82585889"}},{"type":"Feature","geometry":{"type":"Point","coordinates":[121.459371,25.007416]},"properties":{"uid":"welfare_08817","name":"聆語言治療所","welfare_class":"child_dev","address":"新北市板橋區中山路1段1號9樓之25(捷運府中站旁/星聚點樓上)","city":"新北市","coord_source":"offline_l15","coord_precision":"interpolated","src_datasets":"130229","n_src":1,"unit_type":"衛生單位","service_mode":"時段","service_content":"語言","service_hours":"週一至週五:10時至20時","phone":"02-89646318、0933-356093"}},{"type":"Feature","geometry":{"type":"Point","coordinates":[121.470716,25.031517]},"properties":{"uid":"welfare_08818","name":"辰元復健科診所","welfare_class":"child_dev","address":"新北市板橋區雙十路3段31號2樓","city":"新北市","coord_source":"offline_l1","coord_precision":"cached","src_datasets":"130229","n_src":1,"unit_type":"衛生單位","service_mode":"時段","service_content":"物理、職能、語言","service_hours":"週一至週五:8時至21時","phone":"02-22582299"}},{"type":"Feature","geometry":{"type":"Point","coordinates":[121.450834,24.993841]},"properties":{"uid":"welfare_08819","name":"亮點物理治療所","welfare_class":"child_dev","address":"新北市板橋區四川路2段239號1樓","city":"新北市","coord_source":"offline_l1","coord_precision":"cached","src_datasets":"130229","n_src":1,"unit_type":"衛生單位","service_mode":"時段","service_content":"物理、職能","service_hours":"週一至週六:10時至18時(預約制)","phone":"02-89678936"}},{"type":"Feature","geometry":{"type":"Point","coordinates":[121.462934,25.001725]},"properties":{"uid":"welfare_08820","name":"健心復健科診所","welfare_class":"child_dev","address":"新北市板橋區重慶路201號","city":"新北市","coord_source":"offline_l2","coord_precision":"exact","src_datasets":"130229","n_src":1,"unit_type":"衛生單位","service_mode":"時段","service_content":"物理、職能、語言治療","service_hours":"1.週一至週五：8時至21時30分；2.週六：8時至17時","phone":"02-89612888"}},{"type":"Feature","geometry":{"type":"Point","coordinates":[121.459895,25.003492]},"properties":{"uid":"welfare_08821","name":"康庭診所","welfare_class":"child_dev","address":"新北市板橋區四川路1段150號、152號","city":"新北市","coord_source":"offline_l15","coord_precision":"interpolated","src_datasets":"130229","n_src":1,"unit_type":"衛生單位","service_mode":"時段","service_content":"物理、職能、語言治療","service_hours":"1.週一至週五：8時30分至21時30分；2.週六：8時至17時","phone":"02-29512250"}},{"type":"Feature","geometry":{"type":"Point","coordinates":[121.461739,25.022052]},"properties":{"uid":"welfare_08822","name":"方舟復健科診所","welfare_class":"child_dev","address":"新北市板橋區新海路86號","city":"新北市","coord_source":"offline_l1","coord_precision":"cached","src_datasets":"130229","n_src":1,"unit_type":"衛生單位","service_mode":"時段","service_content":"職能治療","service_hours":"週一至週五：8時至21時30分","phone":"02-22528186"}},{"type":"Feature","geometry":{"type":"Point","coordinates":[121.473324,25.030749]},"properties":{"uid":"welfare_08823","name":"原力復健科診所","welfare_class":"child_dev","address":"新北市板橋區文化路2段372號","city":"新北市","coord_source":"offline_l1","coord_precision":"cached","src_datasets":"130229","n_src":1,"unit_type":"衛生單位","service_mode":"時段","service_content":"物理、職能、語言及心理療育服務","service_hours":"1.週一至週五9時至21時；2.週六9時至17時(僅有門診，無療育)","phone":"02-22539898"}},{"type":"Feature","geometry":{"type":"Point","coordinates":[121.464854,25.023226]},"properties":{"uid":"welfare_08824","name":"板橋真好語言治療所","welfare_class":"child_dev","address":"新北市板橋區自由路17巷11號1樓","city":"新北市","coord_source":"offline_l2","coord_precision":"exact","src_datasets":"130229","n_src":1,"unit_type":"衛生單位","service_mode":"時段","service_content":"語言療育","service_hours":"1.週一至週五：8時30分至21時30分；2.週六：8時30分至17時","phone":"02-22561755"}},{"type":"Feature","geometry":{"type":"Point","coordinates":[121.45335,25.01942]},"properties":{"uid":"welfare_08825","name":"國光國小附設幼兒園","welfare_class":"child_dev","address":"新北市板橋區中正路325巷30號","city":"新北市","coord_source":"offline_l2","coord_precision":"exact","src_datasets":"130229","n_src":1,"unit_type":"教育單位","service_mode":"日間、時段","service_content":"集中式特殊教育班、巡迴輔導班","service_hours":"請逕洽詢該單位服務人員","phone":"02-29677719分機518"}},{"type":"Feature","geometry":{"type":"Point","coordinates":[121.474361,25.018505]},"properties":{"uid":"welfare_08826","name":"埔墘國小附設幼兒園","welfare_class":"child_dev","address":"新北市板橋區永豐街428號","city":"新北市","coord_source":"google","coord_precision":"approximate","src_datasets":"130229","n_src":1,"unit_type":"教育單位","service_mode":"日間、時段","service_content":"集中式特殊教育班、巡迴輔導班","service_hours":"請逕洽詢該單位服務人員","phone":"02-29616690分機282"}},{"type":"Feature","geometry":{"type":"Point","coordinates":[121.458501,25.02251]},"properties":{"uid":"welfare_08827","name":"文德國小附設幼兒園","welfare_class":"child_dev","address":"新北市板橋區英士路179號","city":"新北市","coord_source":"offline_l2","coord_precision":"exact","src_datasets":"130229","n_src":1,"unit_type":"教育單位","service_mode":"日間、時段","service_content":"集中式特殊教育班、巡迴輔導班、身障類資源班","service_hours":"請逕洽詢該單位服務人員","phone":"02-22577193分機36"}},{"type":"Feature","geometry":{"type":"Point","coordinates":[121.466392,25.005018]},"properties":{"uid":"welfare_08828","name":"實踐國小附設幼兒園","welfare_class":"child_dev","address":"新北市板橋區實踐路93巷51號","city":"新北市","coord_source":"offline_l2","coord_precision":"exact","src_datasets":"130229","n_src":1,"unit_type":"教育單位","service_mode":"日間、時段","service_content":"集中式特殊教育班、巡迴輔導班","service_hours":"請逕洽詢該單位服務人員","phone":"02-29585953分機309、310"}},{"type":"Feature","geometry":{"type":"Point","coordinates":[121.447687,25.002304]},"properties":{"uid":"welfare_08829","name":"中山國小附設幼兒園","welfare_class":"child_dev","address":"新北市板橋區大觀路2段59巷31號","city":"新北市","coord_source":"offline_l1","coord_precision":"cached","src_datasets":"130229","n_src":1,"unit_type":"教育單位","service_mode":"時段","service_content":"不分類巡迴輔導班","service_hours":"請逕洽詢該單位服務人員","phone":"02-22755313分機238"}},{"type":"Feature","geometry":{"type":"Point","coordinates":[121.494082,24.993746]},"properties":{"uid":"welfare_08830","name":"衛生福利部雙和醫院","welfare_class":"child_dev","address":"新北市中和區中正路291號","city":"新北市","coord_source":"offline_l1","coord_precision":"cached","src_datasets":"130229","n_src":1,"unit_type":"衛生單位","service_mode":"時段","service_content":"物理、職能、心理、語言治療","service_hours":"1.週一至週五:9時至21時；2.週六:9時至12時","phone":"02-22490088分機2959"}},{"type":"Feature","geometry":{"type":"Point","coordinates":[121.498506,25.001882]},"properties":{"uid":"welfare_08831","name":"怡和醫院","welfare_class":"child_dev","address":"新北市中和區連城路49號","city":"新北市","coord_source":"offline_l1","coord_precision":"cached","src_datasets":"130229","n_src":1,"unit_type":"衛生單位","service_mode":"時段","service_content":"物理、職能、心理、語言治療","service_hours":"1.週一至週五:13時至21時30分；2.週六:8時30分至12時30分","phone":"02-22450009分機9(復健科)"}},{"type":"Feature","geometry":{"type":"Point","coordinates":[121.513001,24.989047]},"properties":{"uid":"welfare_08832","name":"佳南診所","welfare_class":"child_dev","address":"新北市中和區景新街431號1樓","city":"新北市","coord_source":"offline_l1","coord_precision":"cached","src_datasets":"130229","n_src":1,"unit_type":"衛生單位","service_mode":"時段","service_content":"物理、職能、語言治療","service_hours":"1.週一至週五:9時至21時；2.週六:9時至12時","phone":"02-29408358"}},{"type":"Feature","geometry":{"type":"Point","coordinates":[121.472103,25.007047]},"properties":{"uid":"welfare_08833","name":"雄鶴診所","welfare_class":"child_dev","address":"新北市中和區漢民路404號","city":"新北市","coord_source":"google","coord_precision":"exact","src_datasets":"130229","n_src":1,"unit_type":"衛生單位","service_mode":"時段","service_content":"職能、語言治療","service_hours":"週一至週五:14時至21時30分","phone":"02-22281280"}},{"type":"Feature","geometry":{"type":"Point","coordinates":[121.493588,24.99743]},"properties":{"uid":"welfare_08834","name":"連城實和復健診所","welfare_class":"child_dev","address":"新北市中和區連城路168號1樓","city":"新北市","coord_source":"offline_l1","coord_precision":"cached","src_datasets":"130229","n_src":1,"unit_type":"衛生單位","service_mode":"時段","service_content":"物理、職能治療","service_hours":"1.週一至週五:9時至21時30分；2.週六:8時30分至16時","phone":"02-22451212"}},{"type":"Feature","geometry":{"type":"Point","coordinates":[121.474486,25.005965]},"properties":{"uid":"welfare_08835","name":"康祐診所","welfare_class":"child_dev","address":"新北市中和區中山路3段121號1樓、121之1號2樓、3樓","city":"新北市","coord_source":"offline_l15","coord_precision":"interpolated","src_datasets":"130229","n_src":1,"unit_type":"衛生單位","service_mode":"時段","service_content":"物理、職能、語言治療","service_hours":"1.週一至週五:13時至21時；2.週六:8時至12時","phone":"02-22239293"}},{"type":"Feature","geometry":{"type":"Point","coordinates":[121.482158,25.003861]},"properties":{"uid":"welfare_08836","name":"心語語言治療所","welfare_class":"child_dev","address":"新北市中和區新生街30巷30號1樓","city":"新北市","coord_source":"offline_l2","coord_precision":"exact","src_datasets":"130229","n_src":1,"unit_type":"衛生單位","service_mode":"時段","service_content":"語言治療","service_hours":"(預約制)1.週一至週五:9時至21時；2.週六:9時至17時","phone":"0968101568"}},{"type":"Feature","geometry":{"type":"Point","coordinates":[121.482902,25.001072]},"properties":{"uid":"welfare_08837","name":"穗安復健診所","welfare_class":"child_dev","address":"新北市中和區民樂路36號1樓","city":"新北市","coord_source":"offline_l1","coord_precision":"cached","src_datasets":"130229","n_src":1,"unit_type":"衛生單位","service_mode":"時段","service_content":"職能、物理、語言治療","service_hours":"1.週一至週五：8時至21時30分；2.週六：8時至17時","phone":"02-22232187"}},{"type":"Feature","geometry":{"type":"Point","coordinates":[121.498321,24.997944]},"properties":{"uid":"welfare_08838","name":"米露谷心理治療所","welfare_class":"child_dev","address":"新北市中和區連勝街28號2樓","city":"新北市","coord_source":"offline_l2","coord_precision":"exact","src_datasets":"130229","n_src":1,"unit_type":"衛生單位","service_mode":"時段","service_content":"心理治療","service_hours":"1、週一至週五:13時至21時；2、週六:9時至17時。(預約制)建議e-mail(MirukuPsyClinic@gmail.com)或臉書(米露谷心理治療所)聯繫","phone":"02-82458820"}},{"type":"Feature","geometry":{"type":"Point","coordinates":[121.512495,24.990071]},"properties":{"uid":"welfare_08839","name":"中和國泰診所","welfare_class":"child_dev","address":"新北市中和區景新街389號1～3樓","city":"新北市","coord_source":"offline_l15","coord_precision":"interpolated","src_datasets":"130229","n_src":1,"unit_type":"衛生單位","service_mode":"時段","service_content":"物理、職能、語言治療","service_hours":"週一至週五:13時至21時","phone":"02-29449797"}},{"type":"Feature","geometry":{"type":"Point","coordinates":[121.501589,24.999882]},"properties":{"uid":"welfare_08840","name":"中和國小附設幼兒園","welfare_class":"child_dev","address":"新北市中和區中和路100號","city":"新北市","coord_source":"offline_l2","coord_precision":"exact","src_datasets":"130229","n_src":1,"unit_type":"教育單位","service_mode":"日間","service_content":"集中式特殊教育班","service_hours":"請逕洽詢該單位服務人員","phone":"02-22492550分機280~289"}},{"type":"Feature","geometry":{"type":"Point","coordinates":[121.508541,24.986176]},"properties":{"uid":"welfare_08841","name":"中和國中附設幼兒園","welfare_class":"child_dev","address":"新北市中和區興南路2段3巷17號","city":"新北市","coord_source":"offline_l2","coord_precision":"exact","src_datasets":"130229","n_src":1,"unit_type":"教育單位","service_mode":"時段","service_content":"不分類巡迴輔導班","service_hours":"請逕洽詢該單位服務人員","phone":"02-29422270分機291~294"}},{"type":"Feature","geometry":{"type":"Point","coordinates":[121.521164,24.994223]},"properties":{"uid":"welfare_08842","name":"秀山國小附設幼兒園","welfare_class":"child_dev","address":"新北市中和區立人街2號","city":"新北市","coord_source":"offline_l2","coord_precision":"exact","src_datasets":"130229","n_src":1,"unit_type":"教育單位","service_mode":"日間、時段","service_content":"集中式特殊教育班、巡迴輔導班、身障類資源班","service_hours":"請逕洽詢該單位服務人員","phone":"02-29434353分機870"}},{"type":"Feature","geometry":{"type":"Point","coordinates":[121.445684,24.986537]},"properties":{"uid":"welfare_08843","name":"恩樺醫院","welfare_class":"child_dev","address":"新北市土城區中央路1段7至18號","city":"新北市","coord_source":"offline_l15","coord_precision":"interpolated","src_datasets":"130229","n_src":1,"unit_type":"衛生單位","service_mode":"時段","service_content":"物理、職能、語言治療","service_hours":"週一至週五:9時至21時","phone":"02-22639955分機6006"}},{"type":"Feature","geometry":{"type":"Point","coordinates":[121.466037,24.984365]},"properties":{"uid":"welfare_08844","name":"民安復健科診所","welfare_class":"child_dev","address":"新北市土城區延吉街311號2樓","city":"新北市","coord_source":"offline_l1","coord_precision":"cached","src_datasets":"130229","n_src":1,"unit_type":"衛生單位","service_mode":"時段","service_content":"職能治療","service_hours":"1.週一至週五:15時至21時；2.週六:8時至12時","phone":"02-82610513"}},{"type":"Feature","geometry":{"type":"Point","coordinates":[121.441902,24.975936]},"properties":{"uid":"welfare_08845","name":"建馨復健科診所","welfare_class":"child_dev","address":"新北市土城區中央路2段196號1～2樓","city":"新北市","coord_source":"offline_l15","coord_precision":"interpolated","src_datasets":"130229","n_src":1,"unit_type":"衛生單位","service_mode":"時段","service_content":"物理、職能、語言治療","service_hours":"1.週一至週五:8時至21時30分；2.週六:8時至17時","phone":"02-22639888"}},{"type":"Feature","geometry":{"type":"Point","coordinates":[121.44873,24.976437]},"properties":{"uid":"welfare_08846","name":"新北市立土城醫院","welfare_class":"child_dev","address":"新北市土城區金城路2段6號","city":"新北市","coord_source":"offline_l1","coord_precision":"cached","src_datasets":"130229","n_src":1,"unit_type":"衛生單位","service_mode":"時段","service_content":"提供物理、職能及語言療育服務","service_hours":"週一至週五8時30分至20時","phone":"02-22630588"}},{"type":"Feature","geometry":{"type":"Point","coordinates":[121.441935,24.972383]},"properties":{"uid":"welfare_08847","name":"土城國小附設幼兒園","welfare_class":"child_dev","address":"新北市土城區興城路17號","city":"新北市","coord_source":"offline_l1","coord_precision":"cached","src_datasets":"130229","n_src":1,"unit_type":"教育單位","service_mode":"日間、時段","service_content":"集中式特殊教育班、巡迴輔導班","service_hours":"請逕洽詢該單位服務人員","phone":"02-22700177分機881"}},{"type":"Feature","geometry":{"type":"Point","coordinates":[121.454896,24.986953]},"properties":{"uid":"welfare_08848","name":"廣福國小附設幼兒園","welfare_class":"child_dev","address":"新北市土城區學府路1段127號","city":"新北市","coord_source":"offline_l2","coord_precision":"exact","src_datasets":"130229","n_src":1,"unit_type":"教育單位","service_mode":"時段","service_content":"不分類巡迴輔導班","service_hours":"請逕洽詢該單位服務人員","phone":"02-22626782分機600"}},{"type":"Feature","geometry":{"type":"Point","coordinates":[121.464774,24.988807]},"properties":{"uid":"welfare_08849","name":"安和國小附設幼兒園","welfare_class":"child_dev","address":"新北市土城區延和路23號","city":"新北市","coord_source":"offline_l2","coord_precision":"exact","src_datasets":"130229","n_src":1,"unit_type":"教育單位","service_mode":"時段","service_content":"不分類巡迴輔導班","service_hours":"請逕洽詢該單位服務人員","phone":"02-22603451"}},{"type":"Feature","geometry":{"type":"Point","coordinates":[121.49084,25.060869]},"properties":{"uid":"welfare_08850","name":"新北市立聯合醫院三重院區","welfare_class":"child_dev","address":"新北市三重區新北大道1段3號","city":"新北市","coord_source":"offline_l1","coord_precision":"cached","src_datasets":"130229","n_src":1,"unit_type":"衛生單位","service_mode":"時段","service_content":"職能、語言、心理治療","service_hours":"週一至週五:8時至17時","phone":"02-29829111分機3500"}},{"type":"Feature","geometry":{"type":"Point","coordinates":[121.483481,25.077725]},"properties":{"uid":"welfare_08851","name":"德心診所","welfare_class":"child_dev","address":"新北市三重區力行路2段206號","city":"新北市","coord_source":"offline_l15","coord_precision":"interpolated","src_datasets":"130229","n_src":1,"unit_type":"衛生單位","service_mode":"時段","service_content":"職能治療","service_hours":"週一至週五:13時至21時","phone":"02-82878007分機21"}},{"type":"Feature","geometry":{"type":"Point","coordinates":[121.49077,25.06858]},"properties":{"uid":"welfare_08852","name":"德河聯合診所","welfare_class":"child_dev","address":"新北市三重區重陽路3段115號1樓、117號1至4樓","city":"新北市","coord_source":"offline_l15","coord_precision":"interpolated","src_datasets":"130229","n_src":1,"unit_type":"衛生單位","service_mode":"時段","service_content":"物理、職能治療","service_hours":"1.週一至週五:13時至21時；2.週六:9時至17時","phone":"02-89851515"}},{"type":"Feature","geometry":{"type":"Point","coordinates":[121.495223,25.061636]},"properties":{"uid":"welfare_08853","name":"德慈聯合診所","welfare_class":"child_dev","address":"新北市三重區重新路3段14號","city":"新北市","coord_source":"offline_l15","coord_precision":"interpolated","src_datasets":"130229","n_src":1,"unit_type":"衛生單位","service_mode":"時段","service_content":"職能治療","service_hours":"週一至週五:13時至21時","phone":"02-29736693"}},{"type":"Feature","geometry":{"type":"Point","coordinates":[121.499812,25.062776]},"properties":{"uid":"welfare_08854","name":"祐民醫院","welfare_class":"child_dev","address":"新北市三重區重新路2段2號","city":"新北市","coord_source":"offline_l2","coord_precision":"exact","src_datasets":"130229","n_src":1,"unit_type":"衛生單位","service_mode":"時段","service_content":"物理、職能、語言治療","service_hours":"1.週一至週五:8時30分至21時；2.週六:8時至12時30分","phone":"02-29783456"}},{"type":"Feature","geometry":{"type":"Point","coordinates":[121.495382,25.061427]},"properties":{"uid":"welfare_08855","name":"江村聯合診所","welfare_class":"child_dev","address":"新北市三重區重新路3段7號","city":"新北市","coord_source":"offline_l15","coord_precision":"interpolated","src_datasets":"130229","n_src":1,"unit_type":"衛生單位","service_mode":"時段","service_content":"物理、職能治療","service_hours":"1.週一至週五:13時至21時；2.週六:9時至17時","phone":"02-29821515分機27"}},{"type":"Feature","geometry":{"type":"Point","coordinates":[121.498631,25.068929]},"properties":{"uid":"welfare_08856","name":"宏仁醫院","welfare_class":"child_dev","address":"新北市三重區三和路二段186號","city":"新北市","coord_source":"offline_l1","coord_precision":"cached","src_datasets":"130229","n_src":1,"unit_type":"衛生單位","service_mode":"時段","service_content":"物理、職能、語言治療","service_hours":"1.週一至週五:9時至21時；2.週六:8時至12時","phone":"02-29784022"}},{"type":"Feature","geometry":{"type":"Point","coordinates":[121.469661,25.046535]},"properties":{"uid":"welfare_08857","name":"三重中興醫院","welfare_class":"child_dev","address":"新北市三重區中興北街21號","city":"新北市","coord_source":"offline_l1","coord_precision":"cached","src_datasets":"130229","n_src":1,"unit_type":"衛生單位","service_mode":"時段","service_content":"職能及物理療育服務","service_hours":"1.週一至週五8時30分至20時；2.週六8時30分至12時","phone":"02-29959680"}},{"type":"Feature","geometry":{"type":"Point","coordinates":[121.484041,25.066263]},"properties":{"uid":"welfare_08858","name":"活力復健診所","welfare_class":"child_dev","address":"新北市三重區中正北路170號1樓","city":"新北市","coord_source":"offline_l2","coord_precision":"exact","src_datasets":"130229","n_src":1,"unit_type":"衛生單位","service_mode":"時段","service_content":"職能、物理及語言療育","service_hours":"請逕洽詢該單位服務人員","phone":"02-29861066"}},{"type":"Feature","geometry":{"type":"Point","coordinates":[121.466746,25.046093]},"properties":{"uid":"welfare_08859","name":"財團法人唐氏症基金會辦理三重早療社區據點(王詹樣基金會補助)","welfare_class":"child_dev","address":"新北市三重區重新路五段609巷20號3樓之1","city":"新北市","coord_source":"offline_l1","coord_precision":"cached","src_datasets":"130229","n_src":1,"unit_type":"社福單位","service_mode":"時段","service_content":"社區據點服務、幼童發展評估、到園療育、社會福利諮詢、時段療育","service_hours":"請逕洽詢該單位服務人員","phone":"02-22789866分機14郭社工"}},{"type":"Feature","geometry":{"type":"Point","coordinates":[121.466746,25.046093]},"properties":{"uid":"welfare_08860","name":"財團法人唐氏症基金會辦理蘆洲早療社區據點(王詹樣基金會補助)","welfare_class":"child_dev","address":"新北市三重區重新路五段609巷20號3樓之1","city":"新北市","coord_source":"offline_l1","coord_precision":"cached","src_datasets":"130229","n_src":1,"unit_type":"社福單位","service_mode":"時段","service_content":"社區據點服務、社會福利諮詢、到園療育、時段療育","service_hours":"請逕洽詢該單位服務人員","phone":"02-22789866分機14郭社工"}},{"type":"Feature","geometry":{"type":"Point","coordinates":[121.490598,25.077856]},"properties":{"uid":"welfare_08861","name":"新北市政府委託社團法人新北市自閉症服務協進會辦理新北市自閉症潛能發展中心(身心障礙福利機構兼辦早療業務)","welfare_class":"child_dev","address":"新北市三重區溪尾街73號1樓","city":"新北市","coord_source":"offline_l1","coord_precision":"cached","src_datasets":"130229","n_src":1,"unit_type":"社福單位","service_mode":"日間、時段","service_content":"親子訓練班、小團班、生活機能","service_hours":"9時至17時","phone":"02-29822558"}},{"type":"Feature","geometry":{"type":"Point","coordinates":[121.48873,25.071822]},"properties":{"uid":"welfare_08862","name":"厚德國小附設幼兒園","welfare_class":"child_dev","address":"新北市三重區忠孝路一段70號","city":"新北市","coord_source":"offline_l2","coord_precision":"exact","src_datasets":"130229","n_src":1,"unit_type":"教育單位","service_mode":"日間、時段","service_content":"集中式特殊教育班、巡迴輔導班、身障類資源班","service_hours":"請逕洽詢該單位服務人員","phone":"02-29868825分機54"}},{"type":"Feature","geometry":{"type":"Point","coordinates":[121.484505,25.066307]},"properties":{"uid":"welfare_08863","name":"重陽國小附設幼兒園","welfare_class":"child_dev","address":"新北市三重區中正北路113號","city":"新北市","coord_source":"offline_l2","coord_precision":"exact","src_datasets":"130229","n_src":1,"unit_type":"教育單位","service_mode":"日間","service_content":"集中式特殊教育班","service_hours":"請逕洽詢該單位服務人員","phone":"02-29826272分機320"}},{"type":"Feature","geometry":{"type":"Point","coordinates":[121.498908,25.058881]},"properties":{"uid":"welfare_08864","name":"光興國小附設幼兒園","welfare_class":"child_dev","address":"新北市三重區正義南路62號","city":"新北市","coord_source":"offline_l1","coord_precision":"cached","src_datasets":"130229","n_src":1,"unit_type":"教育單位","service_mode":"日間","service_content":"集中式特殊教育班","service_hours":"請逕洽詢該單位服務人員","phone":"02-29755352分機23"}},{"type":"Feature","geometry":{"type":"Point","coordinates":[121.47744,25.066147]},"properties":{"uid":"welfare_08865","name":"二重國小附設幼兒園","welfare_class":"child_dev","address":"新北市三重區大有街10號","city":"新北市","coord_source":"offline_l1","coord_precision":"cached","src_datasets":"130229","n_src":1,"unit_type":"教育單位","service_mode":"時段","service_content":"不分類巡迴輔導班","service_hours":"請逕洽詢該單位服務人員","phone":"02-29846446分機190"}},{"type":"Feature","geometry":{"type":"Point","coordinates":[121.535619,24.976084]},"properties":{"uid":"welfare_08866","name":"天主教耕莘醫療財團法人耕莘醫院","welfare_class":"child_dev","address":"新北市新店區中正路362號","city":"新北市","coord_source":"offline_l1","coord_precision":"cached","src_datasets":"130229","n_src":1,"unit_type":"衛生單位","service_mode":"時段","service_content":"物理、職能、語言、心理治療","service_hours":"週一至週五:8時至17時","phone":"02-22193391"}},{"type":"Feature","geometry":{"type":"Point","coordinates":[121.535808,24.985781]},"properties":{"uid":"welfare_08867","name":"佛教慈濟醫療財團法人臺北慈濟醫院","welfare_class":"child_dev","address":"新北市新店區建國路289號7樓","city":"新北市","coord_source":"offline_l1","coord_precision":"cached","src_datasets":"130229","n_src":1,"unit_type":"衛生單位","service_mode":"時段","service_content":"物理、職能、語言、心理治療","service_hours":"週一至週五:8時至17時30分","phone":"02-66289779分機7713"}},{"type":"Feature","geometry":{"type":"Point","coordinates":[121.533419,24.986398]},"properties":{"uid":"welfare_08868","name":"佳禾復健科診所","welfare_class":"child_dev","address":"新北市新店區中正路539之3號1樓","city":"新北市","coord_source":"offline_l2","coord_precision":"exact","src_datasets":"130229","n_src":1,"unit_type":"衛生單位","service_mode":"時段","service_content":"職能治療","service_hours":"1.週一至週五:8時至21時30分；2.週六:8時至12時","phone":"02-82191110"}},{"type":"Feature","geometry":{"type":"Point","coordinates":[121.54205,24.978986]},"properties":{"uid":"welfare_08869","name":"禾康復健科診所","welfare_class":"child_dev","address":"新北市新店區民族路2之1號1樓","city":"新北市","coord_source":"offline_l1","coord_precision":"cached","src_datasets":"130229","n_src":1,"unit_type":"衛生單位","service_mode":"時段","service_content":"物理、職能、語言治療","service_hours":"1.週一至週五:8時至21時30分；2.週六:8時至17時","phone":"02-89110896"}},{"type":"Feature","geometry":{"type":"Point","coordinates":[121.538036,24.972924]},"properties":{"uid":"welfare_08870","name":"新北市政府委託財團法人心路社會福利基金會辦理新北市愛兒兒童發展中心(身心障礙福利機構兼辦早療業務)","welfare_class":"child_dev","address":"新北市新店區中正路263巷16號1至3樓","city":"新北市","coord_source":"offline_l15","coord_precision":"interpolated","src_datasets":"130229","n_src":1,"unit_type":"社福單位","service_mode":"日間、時段","service_content":"認知、社會團體互動、知覺動作、物理","service_hours":"1.日托:7時30分至18時30分；2.時制:9時至17時","phone":"02-29156786"}},{"type":"Feature","geometry":{"type":"Point","coordinates":[121.514157,24.961301]},"properties":{"uid":"welfare_08871","name":"安坑國小附設幼兒園","welfare_class":"child_dev","address":"新北市新店區安忠路36號","city":"新北市","coord_source":"offline_l2","coord_precision":"exact","src_datasets":"130229","n_src":1,"unit_type":"教育單位","service_mode":"日間","service_content":"集中式特殊教育班","service_hours":"請逕洽詢該單位服務人員","phone":"02-22119759"}},{"type":"Feature","geometry":{"type":"Point","coordinates":[121.544704,24.974359]},"properties":{"uid":"welfare_08872","name":"北新國小附設幼兒園","welfare_class":"child_dev","address":"新北市新店區寶橋路8號","city":"新北市","coord_source":"offline_l2","coord_precision":"exact","src_datasets":"130229","n_src":1,"unit_type":"教育單位","service_mode":"日間、時段","service_content":"集中式特殊教育班、巡迴輔導班、身障類資源班","service_hours":"請逕洽詢該單位服務人員","phone":"02-29189300分機135"}},{"type":"Feature","geometry":{"type":"Point","coordinates":[121.51773,25.001049]},"properties":{"uid":"welfare_08873","name":"博群復健診所","welfare_class":"child_dev","address":"新北市永和區中正路372號1樓","city":"新北市","coord_source":"offline_l1","coord_precision":"cached","src_datasets":"130229","n_src":1,"unit_type":"衛生單位","service_mode":"時段","service_content":"職能治療","service_hours":"週一至週五:12時30分至21時30分","phone":"02-32332669"}},{"type":"Feature","geometry":{"type":"Point","coordinates":[121.516995,25.005608]},"properties":{"uid":"welfare_08874","name":"德美診所","welfare_class":"child_dev","address":"新北市永和區中正路455之1號","city":"新北市","coord_source":"offline_l1","coord_precision":"cached","src_datasets":"130229","n_src":1,"unit_type":"衛生單位","service_mode":"時段","service_content":"職能治療","service_hours":"1.週一至週五:個人:13時至17時、團體:17時至21時；2.週六:預約制","phone":"02-29273001"}},{"type":"Feature","geometry":{"type":"Point","coordinates":[121.511944,25.003844]},"properties":{"uid":"welfare_08875","name":"永和復康醫院","welfare_class":"child_dev","address":"新北市永和區中和路575號","city":"新北市","coord_source":"offline_l1","coord_precision":"cached","src_datasets":"130229","n_src":1,"unit_type":"衛生單位","service_mode":"時段","service_content":"物理、職能、心理、語言治療","service_hours":"1.週一至週五:9時至21時；2.週六:9時至12時","phone":"02-29240925"}},{"type":"Feature","geometry":{"type":"Point","coordinates":[121.517869,25.011874]},"properties":{"uid":"welfare_08876","name":"天主教耕莘醫療財團法人永和耕莘醫院","welfare_class":"child_dev","address":"新北市永和區中興街80號","city":"新北市","coord_source":"offline_l1","coord_precision":"cached","src_datasets":"130229","n_src":1,"unit_type":"衛生單位","service_mode":"時段","service_content":"物理、職能、語言治療","service_hours":"1.週一至週五:8時30分至17時；2.週一、三:17時30分至21時(團體課)","phone":"02-29251302分機10512"}},{"type":"Feature","geometry":{"type":"Point","coordinates":[121.513187,24.994427]},"properties":{"uid":"welfare_08877","name":"景愛復健科診所","welfare_class":"child_dev","address":"新北市永和區中正路46號","city":"新北市","coord_source":"offline_l1","coord_precision":"cached","src_datasets":"130229","n_src":1,"unit_type":"衛生單位","service_mode":"時段","service_content":"職能、語言治療","service_hours":"1.週一至週五:9時至21時30分；2.週六:11時至17時","phone":"02-86683188"}},{"type":"Feature","geometry":{"type":"Point","coordinates":[121.514465,24.995904]},"properties":{"uid":"welfare_08878","name":"德上診所","welfare_class":"child_dev","address":"新北市永和區中正路106號","city":"新北市","coord_source":"offline_l1","coord_precision":"cached","src_datasets":"130229","n_src":1,"unit_type":"衛生單位","service_mode":"時段","service_content":"職能、口語表達課程(非語言治療)","service_hours":"週一至週五:13時至21時","phone":"02-29403938分機23、25"}},{"type":"Feature","geometry":{"type":"Point","coordinates":[121.518315,25.000054]},"properties":{"uid":"welfare_08879","name":"光晴復健科診所","welfare_class":"child_dev","address":"新北市永和區得和路110號","city":"新北市","coord_source":"offline_l1","coord_precision":"cached","src_datasets":"130229","n_src":1,"unit_type":"衛生單位","service_mode":"時段","service_content":"物理、職能治療","service_hours":"1.週一至週四:14時至21時；2.週五:14時至18時","phone":"02-29459630"}},{"type":"Feature","geometry":{"type":"Point","coordinates":[121.518673,25.007451]},"properties":{"uid":"welfare_08880","name":"沛智心理治療所","welfare_class":"child_dev","address":"新北市永和區福和路229之1號2樓","city":"新北市","coord_source":"offline_l2","coord_precision":"exact","src_datasets":"130229","n_src":1,"unit_type":"衛生單位","service_mode":"時段","service_content":"心理治療、行為訓練、認知訓練","service_hours":"1.週一、三、五:15時至21時30分；2.週二、四:18時30分至21時30分；3.週六:10時至18時","phone":"02-29289399"}},{"type":"Feature","geometry":{"type":"Point","coordinates":[121.508665,25.001188]},"properties":{"uid":"welfare_08881","name":"芽芽語言治療所","welfare_class":"child_dev","address":"新北市永和區中和路421巷16弄7號1樓","city":"新北市","coord_source":"offline_l2","coord_precision":"exact","src_datasets":"130229","n_src":1,"unit_type":"衛生單位","service_mode":"時段","service_content":"語言治療","service_hours":"（預約制）1.週一至週五:10時至20時30分；2.週六:9時至18時","phone":"02-29292092"}},{"type":"Feature","geometry":{"type":"Point","coordinates":[121.520335,25.010735]},"properties":{"uid":"welfare_08882","name":"永馨復健診所","welfare_class":"child_dev","address":"新北市永和區竹林路139號1～4樓","city":"新北市","coord_source":"offline_l15","coord_precision":"interpolated","src_datasets":"130229","n_src":1,"unit_type":"衛生單位","service_mode":"時段","service_content":"職能、物理、語言治療","service_hours":"職能：週一至週五：15時至21時。語言：1.週一、二、三、五：13時至17時；2.週四:13時至20時30分","phone":"02-89269666"}},{"type":"Feature","geometry":{"type":"Point","coordinates":[121.515724,24.997723]},"properties":{"uid":"welfare_08883","name":"世芳復健科診所","welfare_class":"child_dev","address":"新北市永和區中正路117號","city":"新北市","coord_source":"offline_l1","coord_precision":"cached","src_datasets":"130229","n_src":1,"unit_type":"衛生單位","service_mode":"時段","service_content":"職能治療","service_hours":"1.週一至週五:9時至21時；2.週六:9時至12時","phone":"02-29404635"}},{"type":"Feature","geometry":{"type":"Point","coordinates":[121.51934,25.012936]},"properties":{"uid":"welfare_08884","name":"網溪國小附設幼兒園","welfare_class":"child_dev","address":"新北市永和區竹林路79號","city":"新北市","coord_source":"offline_l2","coord_precision":"exact","src_datasets":"130229","n_src":1,"unit_type":"教育單位","service_mode":"日間","service_content":"集中式特殊教育班","service_hours":"請逕洽詢該單位服務人員","phone":"02-89264470分機850"}},{"type":"Feature","geometry":{"type":"Point","coordinates":[121.51699,25.003609]},"properties":{"uid":"welfare_08885","name":"永和國小附設幼兒園","welfare_class":"child_dev","address":"新北市永和區秀朗路1段120號","city":"新北市","coord_source":"offline_l2","coord_precision":"exact","src_datasets":"130229","n_src":1,"unit_type":"教育單位","service_mode":"時段","service_content":"不分類巡迴輔導班","service_hours":"請逕洽詢該單位服務人員","phone":"02-29213160分機600"}},{"type":"Feature","geometry":{"type":"Point","coordinates":[121.505717,25.008053]},"properties":{"uid":"welfare_08886","name":"永平國小附設幼兒園","welfare_class":"child_dev","address":"新北市永和區保生路25號","city":"新北市","coord_source":"offline_l1","coord_precision":"cached","src_datasets":"130229","n_src":1,"unit_type":"教育單位","service_mode":"時段","service_content":"不分類巡迴輔導班","service_hours":"請逕洽詢該單位服務人員","phone":"02-29259879分機801~804"}},{"type":"Feature","geometry":{"type":"Point","coordinates":[121.501634,25.257878]},"properties":{"uid":"welfare_08887","name":"三芝國小附設幼兒園","welfare_class":"child_dev","address":"新北市三芝區育英街22號","city":"新北市","coord_source":"offline_l2","coord_precision":"exact","src_datasets":"130229","n_src":1,"unit_type":"教育單位","service_mode":"時段","service_content":"不分類巡迴輔導班","service_hours":"請逕洽詢該單位服務人員","phone":"02-26362005分機160"}},{"type":"Feature","geometry":{"type":"Point","coordinates":[121.804497,25.107517]},"properties":{"uid":"welfare_08888","name":"瑞芳國小附設幼兒園","welfare_class":"child_dev","address":"新北市瑞芳區中山路2號","city":"新北市","coord_source":"offline_l2","coord_precision":"exact","src_datasets":"130229","n_src":1,"unit_type":"教育單位","service_mode":"日間、時段","service_content":"集中式特殊教育班、巡迴輔導班","service_hours":"請逕洽詢該單位服務人員","phone":"02-24972058分機152"}},{"type":"Feature","geometry":{"type":"Point","coordinates":[121.807685,25.106172]},"properties":{"uid":"welfare_08889","name":"財團法人第一社會福利基金會","welfare_class":"child_dev","address":"1.新北市瑞芳區民權街10號2樓","city":"新北市","coord_source":"google","coord_precision":"exact","src_datasets":"130229","n_src":1,"unit_type":"社福單位","service_mode":"時段","service_hours":"請逕洽詢該單位服務人員","phone":"02-27224136分機854徐社工","service_content":"綜合性認知"}},{"type":"Feature","geometry":{"type":"Point","coordinates":[121.661084,25.072872]},"properties":{"uid":"welfare_08891","name":"國泰醫療財團法人汐止國泰綜合醫院","welfare_class":"child_dev","address":"新北市汐止區建成路59巷2號","city":"新北市","coord_source":"offline_l1","coord_precision":"cached","src_datasets":"130229","n_src":1,"unit_type":"衛生單位","service_mode":"時段","service_content":"物理、職能、語言、心理治療","service_hours":"1.週一至週五:9時至20時；2.週六:8時30分至11時","phone":"02-26482121分機3608~3611"}},{"type":"Feature","geometry":{"type":"Point","coordinates":[121.653415,25.065984]},"properties":{"uid":"welfare_08892","name":"力健復健科診所","welfare_class":"child_dev","address":"新北市汐止區大同路2段263號1樓","city":"新北市","coord_source":"offline_l1","coord_precision":"cached","src_datasets":"130229","n_src":1,"unit_type":"衛生單位","service_mode":"時段","service_content":"物理、職能治療","service_hours":"1.週一至週五:15時至20時；2.週六:16時至17時","phone":"02-26470755"}},{"type":"Feature","geometry":{"type":"Point","coordinates":[121.65594,25.066114]},"properties":{"uid":"welfare_08893","name":"荃盛復健科診所","welfare_class":"child_dev","address":"新北市汐止區大同路2段312巷7號1樓","city":"新北市","coord_source":"offline_l1","coord_precision":"cached","src_datasets":"130229","n_src":1,"unit_type":"衛生單位","service_mode":"時段","service_content":"職能","service_hours":"週一至週五:16時至21時","phone":"02-86422051"}},{"type":"Feature","geometry":{"type":"Point","coordinates":[121.630242,25.067926]},"properties":{"uid":"welfare_08894","name":"祐一復健科診所","welfare_class":"child_dev","address":"新北市汐止區康寧街410號1樓","city":"新北市","coord_source":"offline_l1","coord_precision":"cached","src_datasets":"130229","n_src":1,"unit_type":"衛生單位","service_mode":"時段","service_content":"物理、職能","service_hours":"1.週一、二、四:14時至21時；2.週三、五:10時30分至12時；3.週六:8時至12時","phone":"02-26958880"}},{"type":"Feature","geometry":{"type":"Point","coordinates":[121.629,25.067662]},"properties":{"uid":"welfare_08895","name":"恆御復健科診所","welfare_class":"child_dev","address":"新北市汐止區康寧街374、376號1樓","city":"新北市","coord_source":"offline_l1","coord_precision":"cached","src_datasets":"130229","n_src":1,"unit_type":"衛生單位","service_mode":"時段","service_content":"物理、職能治療","service_hours":"1.週一至週五8時至20時30分；2.週六8時至17時","phone":"02-26927988"}},{"type":"Feature","geometry":{"type":"Point","coordinates":[121.641775,25.066695]},"properties":{"uid":"welfare_08896","name":"樟樹國小附設幼兒園","welfare_class":"child_dev","address":"新北市汐止區樟樹一路141巷2號","city":"新北市","coord_source":"offline_l2","coord_precision":"exact","src_datasets":"130229","n_src":1,"unit_type":"教育單位","service_mode":"日間、時段","service_content":"集中式特殊教育班、巡迴輔導班、身障類資源班","service_hours":"請逕洽詢該單位服務人員","phone":"02-26421407"}},{"type":"Feature","geometry":{"type":"Point","coordinates":[121.669,25.069433]},"properties":{"uid":"welfare_08897","name":"崇德國小附設幼兒園","welfare_class":"child_dev","address":"新北市汐止區茄苳路158號","city":"新北市","coord_source":"offline_l2","coord_precision":"exact","src_datasets":"130229","n_src":1,"unit_type":"教育單位","service_mode":"時段","service_content":"不分類巡迴輔導班","service_hours":"請逕洽詢該單位服務人員","phone":"02-86489616"}},{"type":"Feature","geometry":{"type":"Point","coordinates":[121.372278,24.935912]},"properties":{"uid":"welfare_08898","name":"荃祥復健科診所","welfare_class":"child_dev","address":"新北市三峽區文化路59號5樓之2","city":"新北市","coord_source":"offline_l1","coord_precision":"cached","src_datasets":"130229","n_src":1,"unit_type":"衛生單位","service_mode":"時段","service_content":"職能治療","service_hours":"1.週一至週五:11時30分至20時15分；2.週六:8時30分至21時15分","phone":"02-26722310"}},{"type":"Feature","geometry":{"type":"Point","coordinates":[121.363512,24.937048]},"properties":{"uid":"welfare_08899","name":"行天宮醫療志業醫療財團法人恩主公醫院","welfare_class":"child_dev","address":"新北市三峽區中山路198號3樓","city":"新北市","coord_source":"offline_l2","coord_precision":"exact","src_datasets":"130229","n_src":1,"unit_type":"衛生單位","service_mode":"時段","service_content":"物理、職能、語言、心理治療","service_hours":"1.週一至週五:8時30分至20時30分；2.週六:8時至12時","phone":"02-26723456分機3305"}},{"type":"Feature","geometry":{"type":"Point","coordinates":[121.36965,24.934533]},"properties":{"uid":"welfare_08900","name":"三峽國小附設幼兒園","welfare_class":"child_dev","address":"新北市三峽區中山路16號","city":"新北市","coord_source":"offline_l2","coord_precision":"exact","src_datasets":"130229","n_src":1,"unit_type":"教育單位","service_mode":"日間","service_content":"集中式特殊教育班","service_hours":"請逕洽詢該單位服務人員","phone":"02-26711018分機854、855"}},{"type":"Feature","geometry":{"type":"Point","coordinates":[121.37852,24.929829]},"properties":{"uid":"welfare_08901","name":"介壽國小附設幼兒園","welfare_class":"child_dev","address":"新北市三峽區大同路1號","city":"新北市","coord_source":"offline_l2","coord_precision":"exact","src_datasets":"130229","n_src":1,"unit_type":"教育單位","service_mode":"日間、時段","service_content":"集中式特殊教育班、巡迴輔導班","service_hours":"請逕洽詢該單位服務人員","phone":"02-26712392分機60"}},{"type":"Feature","geometry":{"type":"Point","coordinates":[121.36652,24.905711]},"properties":{"uid":"welfare_08902","name":"大埔國小附設幼兒園","welfare_class":"child_dev","address":"新北市三峽區大埔路130號","city":"新北市","coord_source":"offline_l2","coord_precision":"exact","src_datasets":"130229","n_src":1,"unit_type":"教育單位","service_mode":"時段","service_content":"不分類巡迴輔導班","service_hours":"請逕洽詢該單位服務人員","phone":"02-26712523分機140"}},{"type":"Feature","geometry":{"type":"Point","coordinates":[121.421687,24.988323]},"properties":{"uid":"welfare_08903","name":"永峰診所","welfare_class":"child_dev","address":"新北市樹林區中山路1段177-1號","city":"新北市","coord_source":"offline_l2","coord_precision":"exact","src_datasets":"130229","n_src":1,"unit_type":"衛生單位","service_mode":"時段","service_content":"職能、語言治療","service_hours":"1.職能：週一至週五:14時至21時。2.語言：週一、三、五:14時至21時","phone":"02-26813002"}},{"type":"Feature","geometry":{"type":"Point","coordinates":[121.418195,24.980154]},"properties":{"uid":"welfare_08904","name":"揚昇診所","welfare_class":"child_dev","address":"新北市樹林區太元街21號1樓","city":"新北市","coord_source":"offline_l1","coord_precision":"cached","src_datasets":"130229","n_src":1,"unit_type":"衛生單位","service_mode":"時段","service_content":"物理、職能、語言治療","service_hours":"1.週一至週五:13時至21時；2.週六:9時至12時","phone":"02-86869771"}},{"type":"Feature","geometry":{"type":"Point","coordinates":[121.425904,24.992586]},"properties":{"uid":"welfare_08905","name":"大樹診所","welfare_class":"child_dev","address":"新北市樹林區鎮前街19號","city":"新北市","coord_source":"offline_l1","coord_precision":"cached","src_datasets":"130229","n_src":1,"unit_type":"衛生單位","service_mode":"時段","service_content":"物理、職能治療","service_hours":"週一至週五:13時至21時","phone":"02-26818919"}},{"type":"Feature","geometry":{"type":"Point","coordinates":[121.415788,24.980598]},"properties":{"uid":"welfare_08906","name":"誠陽復健科診所","welfare_class":"child_dev","address":"新北市樹林區東華街85號1樓","city":"新北市","coord_source":"offline_l2","coord_precision":"exact","src_datasets":"130229","n_src":1,"unit_type":"衛生單位","service_mode":"時段","service_content":"職能、語言治療","service_hours":"1.週一至週五:10時至21時；2.週六:9時至18時","phone":"02-86852806"}},{"type":"Feature","geometry":{"type":"Point","coordinates":[121.425993,24.993801]},"properties":{"uid":"welfare_08907","name":"新北市自閉症服務協進會(定點療育)","welfare_class":"child_dev","address":"新北市樹林區保安街一段11號2樓之2","city":"新北市","coord_source":"offline_l2","coord_precision":"exact","src_datasets":"130229","n_src":1,"unit_type":"社福單位","service_mode":"時段","service_content":"綜合性認知","service_hours":"請逕洽詢該單位服務人員","phone":"02-26845933"}},{"type":"Feature","geometry":{"type":"Point","coordinates":[121.417521,24.981311]},"properties":{"uid":"welfare_08908","name":"財團法人第一社會福利基金會辦理樹林早療行動據點","welfare_class":"child_dev","address":"新北市樹林區大同街43號(大同國小附設幼兒園)","city":"新北市","coord_source":"offline_l15","coord_precision":"interpolated","src_datasets":"130229","n_src":1,"unit_type":"社福單位","service_mode":"時段","service_content":"綜合性認知","service_hours":"請逕洽詢該單位服務人員","phone":"02-29688525 魏社工"}},{"type":"Feature","geometry":{"type":"Point","coordinates":[121.42344,24.981931]},"properties":{"uid":"welfare_08909","name":"彭福國小附設幼兒園","welfare_class":"child_dev","address":"新北市樹林區忠孝街30號","city":"新北市","coord_source":"offline_l2","coord_precision":"exact","src_datasets":"130229","n_src":1,"unit_type":"教育單位","service_mode":"日間、時段","service_content":"集中式特殊教育班、巡迴輔導班","service_hours":"請逕洽詢該單位服務人員","phone":"02-86866589分機112"}},{"type":"Feature","geometry":{"type":"Point","coordinates":[121.415363,25.001646]},"properties":{"uid":"welfare_08910","name":"武林國小附設幼兒園","welfare_class":"child_dev","address":"新北市樹林區保安街2段151號","city":"新北市","coord_source":"offline_l2","coord_precision":"exact","src_datasets":"130229","n_src":1,"unit_type":"教育單位","service_mode":"時段","service_content":"不分類巡迴輔導班","service_hours":"請逕洽詢該單位服務人員","phone":"02-26812475分機808"}},{"type":"Feature","geometry":{"type":"Point","coordinates":[121.454464,25.050991]},"properties":{"uid":"welfare_08911","name":"新莊實和復健診所","welfare_class":"child_dev","address":"新北市新莊區昌隆街23號1樓","city":"新北市","coord_source":"offline_l1","coord_precision":"cached","src_datasets":"130229","n_src":1,"unit_type":"衛生單位","service_mode":"時段","service_content":"物理、職能、語言治療","service_hours":"週一至週五:9時至21時","phone":"02-22766200分機15"}},{"type":"Feature","geometry":{"type":"Point","coordinates":[121.446338,25.034075]},"properties":{"uid":"welfare_08912","name":"家豐診所","welfare_class":"child_dev","address":"新北市新莊區中正路377巷5號","city":"新北市","coord_source":"offline_l2","coord_precision":"exact","src_datasets":"130229","n_src":1,"unit_type":"衛生單位","service_mode":"時段","service_content":"職能、語言治療","service_hours":"週一至週五:14時至21時","phone":"02-22062239"}},{"type":"Feature","geometry":{"type":"Point","coordinates":[121.427285,25.012083]},"properties":{"uid":"welfare_08913","name":"大和復健科診所","welfare_class":"child_dev","address":"新北市新莊區西盛街427號","city":"新北市","coord_source":"offline_l1","coord_precision":"cached","src_datasets":"130229","n_src":1,"unit_type":"衛生單位","service_mode":"時段","service_content":"物理、職能治療","service_hours":"1.週一至週五:9時至21時；2.週六:9時至12時","phone":"02-82014260"}},{"type":"Feature","geometry":{"type":"Point","coordinates":[121.425105,25.026196]},"properties":{"uid":"welfare_08914","name":"盛豐診所","welfare_class":"child_dev","address":"新北市新莊區後港一路29號2樓","city":"新北市","coord_source":"offline_l1","coord_precision":"cached","src_datasets":"130229","n_src":1,"unit_type":"衛生單位","service_mode":"時段","service_content":"物理、職能、語言治療","service_hours":"週一至週五:14時至21時","phone":"02-22062339"}},{"type":"Feature","geometry":{"type":"Point","coordinates":[121.459623,25.043241]},"properties":{"uid":"welfare_08915","name":"衛生福利部臺北醫院","welfare_class":"child_dev","address":"新北市新莊區思源路127號","city":"新北市","coord_source":"offline_l1","coord_precision":"cached","src_datasets":"130229","n_src":1,"unit_type":"衛生單位","service_mode":"時段","service_content":"物理、職能、語言治療","service_hours":"週一至週五:8時至21時","phone":"02-22765566分機1106"}},{"type":"Feature","geometry":{"type":"Point","coordinates":[121.409851,25.021622]},"properties":{"uid":"welfare_08916","name":"衛生福利部樂生療養院樂生院區","welfare_class":"child_dev","address":"新北市新莊區中正路794號","city":"新北市","coord_source":"offline_l1","coord_precision":"cached","src_datasets":"130229","n_src":1,"unit_type":"衛生單位","service_mode":"時段","service_content":"物理、語言、職能治療","service_hours":"週一至週五:13時30分至17時","phone":"02-82006600分機2240"}},{"type":"Feature","geometry":{"type":"Point","coordinates":[121.434313,25.021564]},"properties":{"uid":"welfare_08917","name":"新泰綜合醫院","welfare_class":"child_dev","address":"新北市新莊區新樹路176號","city":"新北市","coord_source":"offline_l1","coord_precision":"cached","src_datasets":"130229","n_src":1,"unit_type":"衛生單位","service_mode":"時段","service_content":"物理、職能、語言治療","service_hours":"1.週一至週五:8時至21時；2.週六:8時至16時","phone":"02-29962121分機3樓"}},{"type":"Feature","geometry":{"type":"Point","coordinates":[121.444155,25.034475]},"properties":{"uid":"welfare_08918","name":"原華診所","welfare_class":"child_dev","address":"新北市新莊區中正路348號","city":"新北市","coord_source":"offline_l2","coord_precision":"exact","src_datasets":"130229","n_src":1,"unit_type":"衛生單位","service_mode":"時段","service_content":"職能、語言治療","service_hours":"週一至週五:14時至21時","phone":"02-22772087"}},{"type":"Feature","geometry":{"type":"Point","coordinates":[121.434105,25.032937]},"properties":{"uid":"welfare_08919","name":"輔大診所","welfare_class":"child_dev","address":"新北市新莊區中正路510號","city":"新北市","coord_source":"offline_l1","coord_precision":"cached","src_datasets":"130229","n_src":1,"unit_type":"衛生單位","service_mode":"時段","service_content":"物理、職能治療","service_hours":"週一至週五:9時至21時","phone":"02-29052526分機29"}},{"type":"Feature","geometry":{"type":"Point","coordinates":[121.444954,25.04752]},"properties":{"uid":"welfare_08920","name":"瑞和復健科診所","welfare_class":"child_dev","address":"新北市新莊區中平路160號","city":"新北市","coord_source":"offline_l1","coord_precision":"cached","src_datasets":"130229","n_src":1,"unit_type":"衛生單位","service_mode":"時段","service_content":"職能治療","service_hours":"週一至週五:9時至21時","phone":"02-89929090"}},{"type":"Feature","geometry":{"type":"Point","coordinates":[121.450093,25.034677]},"properties":{"uid":"welfare_08921","name":"恩禾物理治療所","welfare_class":"child_dev","address":"新北市新莊區中正路251巷20號1樓","city":"新北市","coord_source":"offline_l2","coord_precision":"exact","src_datasets":"130229","n_src":1,"unit_type":"衛生單位","service_mode":"時段","service_content":"物理、職能治療","service_hours":"1.週二至週五:10時至21時；2.週六:13時至21時","phone":"0952-307458"}},{"type":"Feature","geometry":{"type":"Point","coordinates":[121.445514,25.034523]},"properties":{"uid":"welfare_08922","name":"新仁醫療社團法人新仁醫院","welfare_class":"child_dev","address":"新北市新莊區中正路395號","city":"新北市","coord_source":"offline_l2","coord_precision":"exact","src_datasets":"130229","n_src":1,"unit_type":"衛生單位","service_mode":"時段","service_content":"職能、物理、語言治療","service_hours":"1.週一至週五:8時至21時30分；2.週六:8時至16時","phone":"02-22017212分機228、229"}},{"type":"Feature","geometry":{"type":"Point","coordinates":[121.456901,25.039711]},"properties":{"uid":"welfare_08923","name":"新莊語言治療所","welfare_class":"child_dev","address":"新北市新莊區明中街40號1樓","city":"新北市","coord_source":"offline_l1","coord_precision":"cached","src_datasets":"130229","n_src":1,"unit_type":"衛生單位","service_mode":"時段","service_content":"語言治療","service_hours":"週一至週六:9時至21時","phone":"02-29961755"}},{"type":"Feature","geometry":{"type":"Point","coordinates":[121.451322,25.058498]},"properties":{"uid":"welfare_08924","name":"曉依語言治療所","welfare_class":"child_dev","address":"新北市新莊區中央路303號3樓","city":"新北市","coord_source":"offline_l1","coord_precision":"cached","src_datasets":"130229","n_src":1,"unit_type":"衛生單位","service_mode":"時段","service_content":"語言治療","service_hours":"預約制：每週三、四，上午9時至下午6時","phone":"0922-024698"}},{"type":"Feature","geometry":{"type":"Point","coordinates":[121.462644,25.052689]},"properties":{"uid":"welfare_08925","name":"宏兒職能治療所","welfare_class":"child_dev","address":"新北市新莊區頭前路140號1樓","city":"新北市","coord_source":"offline_l2","coord_precision":"exact","src_datasets":"130229","n_src":1,"unit_type":"衛生單位","service_mode":"時段","service_content":"職能治療","service_hours":"1.週二至週三9時至12時；2.週一至週五13時至21時；3.週六9時至12時","phone":"02-29907792"}},{"type":"Feature","geometry":{"type":"Point","coordinates":[121.443332,25.030931]},"properties":{"uid":"welfare_08926","name":"豐年國小附設幼兒園","welfare_class":"child_dev","address":"新北市新莊區瓊泰路116號","city":"新北市","coord_source":"offline_l2","coord_precision":"exact","src_datasets":"130229","n_src":1,"unit_type":"教育單位","service_mode":"日間","service_content":"集中式特殊教育班","service_hours":"請逕洽詢該單位服務人員","phone":"02-22017102分機35"}},{"type":"Feature","geometry":{"type":"Point","coordinates":[121.418001,25.021856]},"properties":{"uid":"welfare_08927","name":"裕民國小附設幼兒園","welfare_class":"child_dev","address":"新北市新莊區裕民街123號","city":"新北市","coord_source":"offline_l2","coord_precision":"exact","src_datasets":"130229","n_src":1,"unit_type":"教育單位","service_mode":"日間、時段","service_content":"集中式特殊教育班、巡迴輔導班","service_hours":"請逕洽詢該單位服務人員","phone":"02-29062407分機38"}},{"type":"Feature","geometry":{"type":"Point","coordinates":[121.447991,25.056275]},"properties":{"uid":"welfare_08928","name":"中信國小附設幼兒園","welfare_class":"child_dev","address":"新北市新莊區中信街168號","city":"新北市","coord_source":"offline_l2","coord_precision":"exact","src_datasets":"130229","n_src":1,"unit_type":"教育單位","service_mode":"時段","service_content":"不分類巡迴輔導班","service_hours":"請逕洽詢該單位服務人員","phone":"02-85211131分機602"}},{"type":"Feature","geometry":{"type":"Point","coordinates":[121.456423,25.036968]},"properties":{"uid":"welfare_08929","name":"新莊國小附設幼兒園","welfare_class":"child_dev","address":"新北市新莊區中正路86號","city":"新北市","coord_source":"offline_l2","coord_precision":"exact","src_datasets":"130229","n_src":1,"unit_type":"教育單位","service_mode":"時段","service_content":"不分類巡迴輔導班","service_hours":"請逕洽詢該單位服務人員","phone":"02-29931201分機804、805"}},{"type":"Feature","geometry":{"type":"Point","coordinates":[121.456556,25.045562]},"properties":{"uid":"welfare_08930","name":"思賢國小附設幼兒園","welfare_class":"child_dev","address":"新北市新莊區自立街229號","city":"新北市","coord_source":"offline_l1","coord_precision":"cached","src_datasets":"130229","n_src":1,"unit_type":"教育單位","service_mode":"日間","service_content":"身障類資源班","service_hours":"請逕洽詢該單位服務人員","phone":"02- 29980443"}},{"type":"Feature","geometry":{"type":"Point","coordinates":[121.441711,25.034171]},"properties":{"uid":"welfare_08931","name":"國泰國小附設幼兒園","welfare_class":"child_dev","address":"新北市新莊區中正路386號","city":"新北市","coord_source":"offline_l2","coord_precision":"exact","src_datasets":"130229","n_src":1,"unit_type":"教育單位","service_mode":"日間","service_content":"集中式特殊教育班","service_hours":"請逕洽詢該單位服務人員","phone":"02-29043693"}},{"type":"Feature","geometry":{"type":"Point","coordinates":[121.370853,25.072276]},"properties":{"uid":"welfare_08932","name":"忠孝復健專科診所","welfare_class":"child_dev","address":"新北市林口區文化二路1段230巷22弄19號1樓","city":"新北市","coord_source":"offline_l2","coord_precision":"exact","src_datasets":"130229","n_src":1,"unit_type":"衛生單位","service_mode":"時段","service_content":"職能治療","service_hours":"1.週一至週五:9時至21時；2.週六:9時至17時","phone":"02-26094101"}},{"type":"Feature","geometry":{"type":"Point","coordinates":[121.389893,25.080842]},"properties":{"uid":"welfare_08933","name":"林口國小附設幼兒園","welfare_class":"child_dev","address":"新北市林口區林口路76號","city":"新北市","coord_source":"offline_l2","coord_precision":"exact","src_datasets":"130229","n_src":1,"unit_type":"教育單位","service_mode":"時段","service_content":"不分類巡迴輔導班","service_hours":"請逕洽詢該單位服務人員","phone":"02-26011010分機875"}},{"type":"Feature","geometry":{"type":"Point","coordinates":[121.461269,25.084893]},"properties":{"uid":"welfare_08934","name":"蘆洲實和復健診所","welfare_class":"child_dev","address":"新北市蘆洲區長榮路156號1樓","city":"新北市","coord_source":"offline_l1","coord_precision":"cached","src_datasets":"130229","n_src":1,"unit_type":"衛生單位","service_mode":"時段","service_content":"物理、職能、語言治療","service_hours":"1.週一至週五:9時至21時；2.週六:9時至12時","phone":"02-82869320分機15"}},{"type":"Feature","geometry":{"type":"Point","coordinates":[121.476461,25.087737]},"properties":{"uid":"welfare_08935","name":"沅昇復健科診所","welfare_class":"child_dev","address":"新北市蘆洲區復興路87巷6號","city":"新北市","coord_source":"offline_l1","coord_precision":"cached","src_datasets":"130229","n_src":1,"unit_type":"衛生單位","service_mode":"時段","service_content":"物理、職能、語言治療","service_hours":"1.週一至週五:9時至21時；2.週六:9時至12時","phone":"02-82856259"}},{"type":"Feature","geometry":{"type":"Point","coordinates":[121.469578,25.083482]},"properties":{"uid":"welfare_08936","name":"立博診所","welfare_class":"child_dev","address":"新北市蘆洲區光華路20號1樓","city":"新北市","coord_source":"offline_l1","coord_precision":"cached","src_datasets":"130229","n_src":1,"unit_type":"衛生單位","service_mode":"時段","service_content":"物理、職能、語言治療","service_hours":"1.週一至週五:8時至21時30分；2.週六:8時至21時；3.週日:8時至12時","phone":"02-82850785"}},{"type":"Feature","geometry":{"type":"Point","coordinates":[121.458709,25.089858]},"properties":{"uid":"welfare_08937","name":"宜興診所","welfare_class":"child_dev","address":"新北市蘆洲區永樂街38巷42弄6號1樓","city":"新北市","coord_source":"offline_l1","coord_precision":"cached","src_datasets":"130229","n_src":1,"unit_type":"衛生單位","service_mode":"時段","service_content":"提供物理及職能療育課程","service_hours":"1.週一至週五:9時至21時；週六:9時至12時","phone":"02-8281-3008分機604"}},{"type":"Feature","geometry":{"type":"Point","coordinates":[121.476137,25.084357]},"properties":{"uid":"welfare_08938","name":"鷺江國小附設幼兒園","welfare_class":"child_dev","address":"新北市蘆洲區民族路7號","city":"新北市","coord_source":"offline_l2","coord_precision":"exact","src_datasets":"130229","n_src":1,"unit_type":"教育單位","service_mode":"日間","service_content":"集中式特殊教育班、身障類資源班","service_hours":"請逕洽詢該單位服務人員","phone":"02-22819980分機602"}},{"type":"Feature","geometry":{"type":"Point","coordinates":[121.463854,25.089298]},"properties":{"uid":"welfare_08939","name":"忠義國小附設幼兒園","welfare_class":"child_dev","address":"新北市蘆洲區光榮路99號","city":"新北市","coord_source":"offline_l2","coord_precision":"exact","src_datasets":"130229","n_src":1,"unit_type":"教育單位","service_mode":"日間","service_content":"集中式特殊教育班、身障類資源班","service_hours":"請逕洽詢該單位服務人員","phone":"02-22899591分機129"}},{"type":"Feature","geometry":{"type":"Point","coordinates":[121.460499,25.139535]},"properties":{"uid":"welfare_08940","name":"台灣基督長老教會馬偕醫療財團法人淡水馬偕紀念醫院","welfare_class":"child_dev","address":"新北市淡水區民生路45號","city":"新北市","coord_source":"offline_l1","coord_precision":"cached","src_datasets":"130229","n_src":1,"unit_type":"衛生單位","service_mode":"時段","service_content":"物理、職能、語言治療","service_hours":"週二至週四:9時至16時30分","phone":"02-28094661"}},{"type":"Feature","geometry":{"type":"Point","coordinates":[121.448216,25.168781]},"properties":{"uid":"welfare_08941","name":"實康復健科診所","welfare_class":"child_dev","address":"新北市淡水區學府路36號2樓","city":"新北市","coord_source":"offline_l1","coord_precision":"cached","src_datasets":"130229","n_src":1,"unit_type":"衛生單位","service_mode":"時段","service_content":"物理、語言、職能治療","service_hours":"1.週一至週五:9時至21時；2.週六:9時至17時","phone":"02-26292000"}},{"type":"Feature","geometry":{"type":"Point","coordinates":[121.434662,25.191886]},"properties":{"uid":"welfare_08942","name":"沛迪兒居家物理治療所","welfare_class":"child_dev","address":"新北市淡水區濱海路2段202巷25號7樓","city":"新北市","coord_source":"offline_l1","coord_precision":"cached","src_datasets":"130229","n_src":1,"unit_type":"衛生單位","service_mode":"時段、到宅","service_content":"物理治療","service_hours":"1.週一至週五:9時至20時；2.週六:9時至12時。預約制，僅提供到宅療育","phone":"0921-855280"}},{"type":"Feature","geometry":{"type":"Point","coordinates":[121.449293,25.171312]},"properties":{"uid":"welfare_08943","name":"鄧公國小附設幼兒園","welfare_class":"child_dev","address":"新北市淡水區學府路99號","city":"新北市","coord_source":"offline_l2","coord_precision":"exact","src_datasets":"130229","n_src":1,"unit_type":"教育單位","service_mode":"日間、時段","service_content":"集中式特殊教育班、巡迴輔導班","service_hours":"請逕洽詢該單位服務人員","phone":"02-26297121分機160"}},{"type":"Feature","geometry":{"type":"Point","coordinates":[121.436724,25.174719]},"properties":{"uid":"welfare_08944","name":"淡水國中附設幼兒園","welfare_class":"child_dev","address":"新北市淡水區真理街10號","city":"新北市","coord_source":"offline_l2","coord_precision":"exact","src_datasets":"130229","n_src":1,"unit_type":"教育單位","service_mode":"時段","service_content":"不分類巡迴輔導班","service_hours":"請逕洽詢該單位服務人員","phone":"02-26269902"}},{"type":"Feature","geometry":{"type":"Point","coordinates":[121.43693,25.081394]},"properties":{"uid":"welfare_08945","name":"宏昇診所","welfare_class":"child_dev","address":"新北市五股區成泰路2段7號","city":"新北市","coord_source":"offline_l2","coord_precision":"exact","src_datasets":"130229","n_src":1,"unit_type":"衛生單位","service_mode":"時段","service_content":"職能治療","service_hours":"週一至週五:14時至21時30分","phone":"02-22923328"}},{"type":"Feature","geometry":{"type":"Point","coordinates":[121.436829,25.083537]},"properties":{"uid":"welfare_08946","name":"財團法人第一社會福利基金會辦理五股早療行動據點","welfare_class":"child_dev","address":"新北市五股區中興路4段67之1號(五股區衛生所)","city":"新北市","coord_source":"google","coord_precision":"exact","src_datasets":"130229","n_src":1,"unit_type":"社福單位","service_mode":"時段","service_content":"綜合性認知","service_hours":"週一至週四8時30分至11時30分","phone":"02-27224136分機828王老師"}},{"type":"Feature","geometry":{"type":"Point","coordinates":[121.450517,25.099771]},"properties":{"uid":"welfare_08947","name":"成州國小附設幼兒園","welfare_class":"child_dev","address":"新北市五股區成泰路3段493號","city":"新北市","coord_source":"offline_l2","coord_precision":"exact","src_datasets":"130229","n_src":1,"unit_type":"教育單位","service_mode":"日間、時段","service_content":"集中式特殊教育班、巡迴輔導班、身障類資源班","service_hours":"請逕洽詢該單位服務人員","phone":"02-22933613分機72"}},{"type":"Feature","geometry":{"type":"Point","coordinates":[121.688189,25.176174]},"properties":{"uid":"welfare_08948","name":"財團法人中華民國唐氏症基金會定點療育","welfare_class":"child_dev","address":"新北市萬里區瑪鋉路18號(萬里國小)","city":"新北市","coord_source":"offline_l15","coord_precision":"interpolated","src_datasets":"130229","n_src":1,"unit_type":"社福單位","service_mode":"時段","service_content":"綜合性認知","service_hours":"週二至週五9時至17時","phone":"02-22789866分機14謝社工"}},{"type":"Feature","geometry":{"type":"Point","coordinates":[121.689999,25.178457]},"properties":{"uid":"welfare_08949","name":"中華民國發展遲緩兒童基金會","welfare_class":"child_dev","address":"新北市萬里區瑪鍊路157號(萬里區衛生所)","city":"新北市","coord_source":"google","coord_precision":"exact","src_datasets":"130229","n_src":1,"unit_type":"社福單位","service_mode":"時段","service_content":"綜合性認知","service_hours":"請逕洽詢該單位服務人員","phone":"02-27530855張社工"}},{"type":"Feature","geometry":{"type":"Point","coordinates":[121.628344,25.219469]},"properties":{"uid":"welfare_08950","name":"國立臺灣大學醫學院附設醫院金山分院","welfare_class":"child_dev","address":"新北市金山區五湖里11鄰玉爐路7號","city":"新北市","coord_source":"offline_l1","coord_precision":"cached","src_datasets":"130229","n_src":1,"unit_type":"衛生單位","service_mode":"時段","service_content":"物理、職能、語言","service_hours":"週一至週五:13時至17時","phone":"02-24989898分機1201"}},{"type":"Feature","geometry":{"type":"Point","coordinates":[121.612643,25.000938]},"properties":{"uid":"welfare_08951","name":"財團法人心路社會福利基金會(定點療育)","welfare_class":"child_dev","address":"新北市深坑區深坑街165號(深坑區衛生所)","city":"新北市","coord_source":"offline_l15","coord_precision":"interpolated","src_datasets":"130229","n_src":1,"unit_type":"社福單位","service_mode":"時段、到宅","service_content":"提供發展諮詢及親子互動技巧示範、親子團體、據點療育與到宅療育、社區支持與宣導服務。","service_hours":"週一、三、五:9時至16時","phone":"02-23673824"}},{"type":"Feature","geometry":{"type":"Point","coordinates":[121.926916,25.054775]},"properties":{"uid":"welfare_08953","name":"財團法人伊甸社會福利基金會附設新北市三峽身心障礙福利服務中心定點療育","welfare_class":"child_dev","address":"新北市貢寮區仁愛路79號3樓(新北市立圖書館貢寮分館)","city":"新北市","coord_source":"offline_l15","coord_precision":"interpolated","src_datasets":"130229","n_src":1,"unit_type":"社福單位","service_mode":"時段、到宅","service_content":"綜合性認知","service_hours":"週二、週五9時至12時","phone":"02-35012063分機37蕭社工"}},{"type":"Feature","geometry":{"type":"Point","coordinates":[121.332541,24.96004]},"properties":{"uid":"welfare_08954","name":"財團法人新北市私立明新兒童發展中心定點療育","welfare_class":"child_dev","address":"1.新北市鶯歌區德昌街131號(私立學詮幼兒園)；2.新北市鶯歌區永明街22號2樓 (鶯歌昌福公共托育中心)","city":"新北市","coord_source":"google","coord_precision":"exact","src_datasets":"130229","n_src":1,"unit_type":"社福單位","service_mode":"時段","service_content":"綜合性認知","service_hours":"1.學詮： 週一:9時至16時；2.昌福公托：週一:9時至16時","phone":"02-82457309陳社工"}},{"type":"Feature","geometry":{"type":"Point","coordinates":[121.350781,24.953507]},"properties":{"uid":"welfare_08955","name":"澄欣復健科診所","welfare_class":"child_dev","address":"新北市鶯歌區國慶街136號、140號、142號1樓","city":"新北市","coord_source":"offline_l15","coord_precision":"interpolated","src_datasets":"130229","n_src":1,"unit_type":"衛生單位","service_mode":"時段","service_content":"物理、職能、語言","service_hours":"1.週一至週五:8時30分至21時；2.週六:8時30分至12時","phone":"02-26780055"}},{"type":"Feature","geometry":{"type":"Point","coordinates":[121.34658,24.954965]},"properties":{"uid":"welfare_08956","name":"建國國小附設幼兒園","welfare_class":"child_dev","address":"新北市鶯歌區育英街2號","city":"新北市","coord_source":"offline_l1","coord_precision":"cached","src_datasets":"130229","n_src":1,"unit_type":"教育單位","service_mode":"時段","service_content":"不分類巡迴輔導班","service_hours":"請逕洽詢該單位服務人員","phone":"02-26709228分機161"}},{"type":"Feature","geometry":{"type":"Point","coordinates":[121.335053,24.96914]},"properties":{"uid":"welfare_08957","name":"鳳鳴國小附設幼兒園","welfare_class":"child_dev","address":"新北市鶯歌區永和街120號","city":"新北市","coord_source":"offline_l2","coord_precision":"exact","src_datasets":"130229","n_src":1,"unit_type":"教育單位","service_mode":"時段","service_content":"不分類巡迴輔導班","service_hours":"請逕洽詢該單位服務人員","phone":"02-26797554分機501"}},{"type":"Feature","geometry":{"type":"Point","coordinates":[121.430799,25.039676]},"properties":{"uid":"welfare_08958","name":"天主教輔仁大學附設醫院","welfare_class":"child_dev","address":"新北市泰山區貴子路69號","city":"新北市","coord_source":"offline_l1","coord_precision":"cached","src_datasets":"130229","n_src":1,"unit_type":"衛生單位","service_mode":"時段","service_content":"職能、物理、語言治療","service_hours":"請逕洽詢該單位服務人員","phone":"02-85128888"}},{"type":"Feature","geometry":{"type":"Point","coordinates":[121.433758,25.054362]},"properties":{"uid":"welfare_08959","name":"綠柚語言治療所","welfare_class":"child_dev","address":"新北市泰山區仁愛路100巷58號1樓","city":"新北市","coord_source":"offline_l1","coord_precision":"cached","src_datasets":"130229","n_src":1,"unit_type":"衛生單位","service_mode":"時段","service_content":"語言療育服務","service_hours":"＊預約制。1.週一至週五9時至19時；2.週六9時至12時","phone":"02-29001106"}},{"type":"Feature","geometry":{"type":"Point","coordinates":[121.549618,25.055508]},"properties":{"uid":"welfare_08960","name":"長庚醫療財團法人臺北長庚紀念醫院","welfare_class":"child_dev","address":"臺北市松山區敦化北路199號","city":"臺北市","coord_source":"offline_l1","coord_precision":"cached","src_datasets":"130229","n_src":1,"unit_type":"衛生單位","service_mode":"時段","service_content":"物理、職能、語言治療","service_hours":"週一至週五:14時至17時","phone":"02-3281200分機8148"}},{"type":"Feature","geometry":{"type":"Point","coordinates":[121.547277,25.048053]},"properties":{"uid":"welfare_08961","name":"基督復臨安息日會醫療財團法人臺安醫院","welfare_class":"child_dev","address":"臺北市松山區八德路2段424號","city":"臺北市","coord_source":"offline_l1","coord_precision":"cached","src_datasets":"130229","n_src":1,"unit_type":"衛生單位","service_mode":"時段","service_content":"物理、職能、語言、心理治療","service_hours":"1.週一至週四:9時至21時；2.週五:9時至17時；3.週日:9時至12時(無固定時段療育)","phone":"02-27718151分機2595"}},{"type":"Feature","geometry":{"type":"Point","coordinates":[121.557099,25.052779]},"properties":{"uid":"welfare_08962","name":"正風復健科診所(早療社區公衛醫療群)","welfare_class":"child_dev","address":"臺北市松山區光復北路135號1樓","city":"臺北市","coord_source":"offline_l1","coord_precision":"cached","src_datasets":"130229","n_src":1,"unit_type":"衛生單位","service_mode":"時段","service_content":"職能、語言治療","service_hours":"週一至週六:9時至22時","phone":"02-27602666"}},{"type":"Feature","geometry":{"type":"Point","coordinates":[121.555505,25.055192]},"properties":{"uid":"welfare_08963","name":"松原復健科診所(早療社區公衛醫療群)","welfare_class":"child_dev","address":"臺北市松山區光復北路206號1樓","city":"臺北市","coord_source":"offline_l1","coord_precision":"cached","src_datasets":"130229","n_src":1,"unit_type":"衛生單位","service_mode":"時段","service_content":"職能治療","service_hours":"1.週一至週五:13時至21時；2.週六:10時至12時","phone":"02-87123552"}},{"type":"Feature","geometry":{"type":"Point","coordinates":[121.553688,25.046727]},"properties":{"uid":"welfare_08964","name":"康健診所(早療社區公衛醫療群)","welfare_class":"child_dev","address":"臺北市松山區延吉街11號2樓","city":"臺北市","coord_source":"offline_l1","coord_precision":"cached","src_datasets":"130229","n_src":1,"unit_type":"衛生單位","service_mode":"時段","service_content":"物理、職能、語言治療","service_hours":"請逕洽詢該單位服務人員","phone":"02-25779682"}},{"type":"Feature","geometry":{"type":"Point","coordinates":[121.579261,25.051172]},"properties":{"uid":"welfare_08965","name":"松山國小附設幼兒園","welfare_class":"child_dev","address":"臺北市松山區八德路四段746號","city":"臺北市","coord_source":"offline_l2","coord_precision":"exact","src_datasets":"130229","n_src":1,"unit_type":"教育單位","service_mode":"日間","service_content":"集中式特殊教育班、身障類資源班","service_hours":"請逕洽詢該單位服務人員","phone":"02-27614924"}},{"type":"Feature","geometry":{"type":"Point","coordinates":[121.518751,25.044343]},"properties":{"uid":"welfare_08966","name":"國立臺灣大學醫學院附設醫院","welfare_class":"child_dev","address":"臺北市中正區中山南路8號","city":"臺北市","coord_source":"offline_l1","coord_precision":"cached","src_datasets":"130229","n_src":1,"unit_type":"衛生單位","service_mode":"時段","service_content":"物理、職能、語言、心理","service_hours":"週一至週五:8時至17時","phone":"02-23123456分機70401"}},{"type":"Feature","geometry":{"type":"Point","coordinates":[121.506706,25.035568]},"properties":{"uid":"welfare_08967","name":"臺北市立聯合醫院和平婦幼院區(和平院址)","welfare_class":"child_dev","address":"臺北市中正區中華路2段33號","city":"臺北市","coord_source":"offline_l2","coord_precision":"exact","src_datasets":"130229","n_src":1,"unit_type":"衛生單位","service_mode":"時段","service_content":"物理、職能、語言治療","service_hours":"週一至週五:8時至17時","phone":"02-23889595分機8001"}},{"type":"Feature","geometry":{"type":"Point","coordinates":[121.519963,25.030075]},"properties":{"uid":"welfare_08968","name":"夢飛翔物理治療所(早療社區公衛醫療群)","welfare_class":"child_dev","address":"臺北市中正區羅斯福路1段94號2樓","city":"臺北市","coord_source":"offline_l1","coord_precision":"cached","src_datasets":"130229","n_src":1,"unit_type":"衛生單位","service_mode":"時段","service_content":"物理治療","service_hours":"請逕洽詢該單位服務人員","phone":"02-23222223"}},{"type":"Feature","geometry":{"type":"Point","coordinates":[121.514433,25.024924]},"properties":{"uid":"welfare_08969","name":"螢橋國小附設幼兒園","welfare_class":"child_dev","address":"臺北市中正區詔安街29號","city":"臺北市","coord_source":"offline_l2","coord_precision":"exact","src_datasets":"130229","n_src":1,"unit_type":"教育單位","service_mode":"日間","service_content":"集中式特殊教育班","service_hours":"請逕洽詢該單位服務人員","phone":"02-23048543"}},{"type":"Feature","geometry":{"type":"Point","coordinates":[121.515293,25.036324]},"properties":{"uid":"welfare_08970","name":"臺北市立大學實小附設幼兒園","welfare_class":"child_dev","address":"臺北市中正區公園路29號","city":"臺北市","coord_source":"offline_l2","coord_precision":"exact","src_datasets":"130229","n_src":1,"unit_type":"教育單位","service_mode":"日間","service_content":"集中式特殊教育班、身障類資源班","service_hours":"請逕洽詢該單位服務人員","phone":"02-23110395"}},{"type":"Feature","geometry":{"type":"Point","coordinates":[121.574885,25.03048]},"properties":{"uid":"welfare_08971","name":"臺北市立聯合醫院松德院區","welfare_class":"child_dev","address":"臺北市信義區松德路309號","city":"臺北市","coord_source":"offline_l1","coord_precision":"cached","src_datasets":"130229","n_src":1,"unit_type":"衛生單位","service_mode":"時段","service_content":"物理、職能、語言、心理治療、認知治療、行為情緒治療、親職教育","service_hours":"週一至週五:9時至17時(由門診醫師轉介)","phone":"02-27263141分機1135"}},{"type":"Feature","geometry":{"type":"Point","coordinates":[121.563638,25.026638]},"properties":{"uid":"welfare_08972","name":"臺北醫學大學附設醫院","welfare_class":"child_dev","address":"臺北市信義區吳興街252號","city":"臺北市","coord_source":"offline_l1","coord_precision":"cached","src_datasets":"130229","n_src":1,"unit_type":"衛生單位","service_mode":"時段","service_content":"物理、職能、語言、心理、音樂治療","service_hours":"1.物理、職能、語言週一到週五:8時30分至17時、18時至20時30分；週六:9時至12時；13時30至17時。2.心理治療週一到週五:8時30分至17時、18時至20時30分；2.週六:9時至12時。3.音樂治療預約制","phone":"02-27372181分機1241-15"}},{"type":"Feature","geometry":{"type":"Point","coordinates":[121.569645,25.023739]},"properties":{"uid":"welfare_08973","name":"六安復健科診所(早療社區公衛醫療群)","welfare_class":"child_dev","address":"臺北市信義區吳興街467巷2弄14號","city":"臺北市","coord_source":"offline_l2","coord_precision":"exact","src_datasets":"130229","n_src":1,"unit_type":"衛生單位","service_mode":"時段","service_content":"物理、職能治療","service_hours":"1.週一至週五:13時30分至21時30分；2.週六:8時30分至17時","phone":"02-27296677"}},{"type":"Feature","geometry":{"type":"Point","coordinates":[121.564566,25.027652]},"properties":{"uid":"welfare_08974","name":"順康復健科診所(早療社區公衛醫療群)","welfare_class":"child_dev","address":"臺北市信義區莊敬路364號1-2樓","city":"臺北市","coord_source":"offline_l15","coord_precision":"interpolated","src_datasets":"130229","n_src":1,"unit_type":"衛生單位","service_mode":"時段","service_content":"職能治療","service_hours":"請逕洽詢該單位服務人員","phone":"02-23450011"}},{"type":"Feature","geometry":{"type":"Point","coordinates":[121.555742,25.026973]},"properties":{"uid":"welfare_08975","name":"原力復健科診所(早療社區公衛醫療群)","welfare_class":"child_dev","address":"臺北市信義區基隆路2段145號B1-2樓","city":"臺北市","coord_source":"offline_l15","coord_precision":"interpolated","src_datasets":"130229","n_src":1,"unit_type":"衛生單位","service_mode":"時段","service_content":"物理、職能、語言、心理治療","service_hours":"1.週一至週五:8時至21時30分；2.週六:8時至18時","phone":"02-27327091"}},{"type":"Feature","geometry":{"type":"Point","coordinates":[121.539391,25.032989]},"properties":{"uid":"welfare_08976","name":"適安診所(早療社區公衛醫療群)","welfare_class":"child_dev","address":"臺北市信義區信義路3段134巷2-1號1樓","city":"臺北市","coord_source":"google","coord_precision":"exact","src_datasets":"130229","n_src":1,"unit_type":"衛生單位","service_mode":"時段","service_content":"物理、職能、語言治療","service_hours":"請逕洽詢該單位服務人員","phone":"02-27553700"}},{"type":"Feature","geometry":{"type":"Point","coordinates":[121.578924,25.044712]},"properties":{"uid":"welfare_08977","name":"永春國小附設幼兒園","welfare_class":"child_dev","address":"臺北市信義區松山路225巷48號","city":"臺北市","coord_source":"offline_l2","coord_precision":"exact","src_datasets":"130229","n_src":1,"unit_type":"教育單位","service_mode":"日間","service_content":"集中式特殊教育班","service_hours":"請逕洽詢該單位服務人員","phone":"02-27641314"}},{"type":"Feature","geometry":{"type":"Point","coordinates":[121.557839,25.040215]},"properties":{"uid":"welfare_08978","name":"光復國小附設幼兒園","welfare_class":"child_dev","address":"臺北市信義區光復南路271號","city":"臺北市","coord_source":"offline_l2","coord_precision":"exact","src_datasets":"130229","n_src":1,"unit_type":"教育單位","service_mode":"日間","service_content":"身障類資源班","service_hours":"請逕洽詢該單位服務人員","phone":"02-27585076分機870"}},{"type":"Feature","geometry":{"type":"Point","coordinates":[121.568593,25.026003]},"properties":{"uid":"welfare_08979","name":"吳興國小附設幼兒園","welfare_class":"child_dev","address":"臺北市信義區松仁路226號","city":"臺北市","coord_source":"offline_l2","coord_precision":"exact","src_datasets":"130229","n_src":1,"unit_type":"教育單位","service_mode":"日間","service_content":"身障類資源班","service_hours":"請逕洽詢該單位服務人員","phone":"02-27200226"}},{"type":"Feature","geometry":{"type":"Point","coordinates":[121.545302,25.03754]},"properties":{"uid":"welfare_08980","name":"臺北市立聯合醫院仁愛院區","welfare_class":"child_dev","address":"臺北市大安區仁愛路4段10號","city":"臺北市","coord_source":"offline_l1","coord_precision":"cached","src_datasets":"130229","n_src":1,"unit_type":"衛生單位","service_mode":"時段","service_content":"物理、職能、語言、心理治療","service_hours":"週一至週五:9時至17時","phone":"02-27093600分機3126"}},{"type":"Feature","geometry":{"type":"Point","coordinates":[121.553679,25.036952]},"properties":{"uid":"welfare_08981","name":"國泰醫療財團法人國泰綜合醫院","welfare_class":"child_dev","address":"臺北市大安區仁愛路4段280號","city":"臺北市","coord_source":"offline_l2","coord_precision":"exact","src_datasets":"130229","n_src":1,"unit_type":"衛生單位","service_mode":"時段","service_content":"物理、職能、語言、心理治療","service_hours":"1.週一至週五:8時至17時；2.週六:8時至12時","phone":"02-27082121分機3579"}},{"type":"Feature","geometry":{"type":"Point","coordinates":[121.546671,25.03818]},"properties":{"uid":"welfare_08982","name":"宏恩醫療財團法人宏恩綜合醫院","welfare_class":"child_dev","address":"臺北市大安區仁愛路4段61號","city":"臺北市","coord_source":"offline_l2","coord_precision":"exact","src_datasets":"130229","n_src":1,"unit_type":"衛生單位","service_mode":"時段","service_content":"物理、職能、語言、心理治療","service_hours":"1.週一至週五:8時至21時；2.週六 :8時至16時","phone":"02-27713161分機835"}},{"type":"Feature","geometry":{"type":"Point","coordinates":[121.550501,25.041282]},"properties":{"uid":"welfare_08983","name":"適健復健科診所(早療社區公衛醫療群)","welfare_class":"child_dev","address":"臺北市大安區忠孝東路4段166號8樓","city":"臺北市","coord_source":"offline_l1","coord_precision":"cached","src_datasets":"130229","n_src":1,"unit_type":"衛生單位","service_mode":"時段","service_content":"職能、語言治療","service_hours":"1.週一至週五:9時至21時；2.週六:9時至18時","phone":"02-8771-7039"}},{"type":"Feature","geometry":{"type":"Point","coordinates":[121.550464,25.033429]},"properties":{"uid":"welfare_08984","name":"杏誠復健診所(早療社區公衛醫療群)","welfare_class":"child_dev","address":"臺北市大安區信義路4段173號2樓","city":"臺北市","coord_source":"offline_l1","coord_precision":"cached","src_datasets":"130229","n_src":1,"unit_type":"衛生單位","service_mode":"時段","service_content":"物理、職能、語言治療","service_hours":"1.週一至週五:8時至21時；2.週六:8時至16時","phone":"02-27061732"}},{"type":"Feature","geometry":{"type":"Point","coordinates":[121.543139,25.025126]},"properties":{"uid":"welfare_08985","name":"永誠復健科診所(早療社區公衛醫療群)","welfare_class":"child_dev","address":"臺北市大安區復興南路2段236號2樓","city":"臺北市","coord_source":"offline_l1","coord_precision":"cached","src_datasets":"130229","n_src":1,"unit_type":"衛生單位","service_mode":"時段","service_content":"物理、職能、語言治療","service_hours":"1.週一至週五:8時至21時；2.週六:8時至16時","phone":"02-27071608"}},{"type":"Feature","geometry":{"type":"Point","coordinates":[121.54337,25.032906]},"properties":{"uid":"welfare_08986","name":"宇寧身心診所(早療社區公衛醫療群)","welfare_class":"child_dev","address":"臺北市大安區復興南路2段6號3樓","city":"臺北市","coord_source":"offline_l1","coord_precision":"cached","src_datasets":"130229","n_src":1,"unit_type":"衛生單位","service_mode":"時段","service_content":"心理治療","service_hours":"1.週一至週五:9時至21時；2.週六:9時至17時","phone":"02-27080706"}},{"type":"Feature","geometry":{"type":"Point","coordinates":[121.539391,25.032968]},"properties":{"uid":"welfare_08987","name":"適安復健科診所","welfare_class":"child_dev","address":"臺北市大安區信義路3段134巷2-1號1樓","city":"臺北市","coord_source":"offline_l2","coord_precision":"exact","src_datasets":"130229","n_src":1,"unit_type":"衛生單位","service_mode":"時段","service_content":"物理治療、職能治療、語言治療","service_hours":"請逕洽詢該單位服務人員","phone":"02-27553700"}},{"type":"Feature","geometry":{"type":"Point","coordinates":[121.545383,25.033147]},"properties":{"uid":"welfare_08988","name":"萌語語言治療所(早療社區公衛醫療群)","welfare_class":"child_dev","address":"臺北市大安區信義路4段58號8樓-6","city":"臺北市","coord_source":"offline_l1","coord_precision":"cached","src_datasets":"130229","n_src":1,"unit_type":"衛生單位","service_mode":"時段","service_content":"語言治療","service_hours":"請逕洽詢該單位服務人員","phone":"02-27000700"}},{"type":"Feature","geometry":{"type":"Point","coordinates":[121.54963,25.01953]},"properties":{"uid":"welfare_08989","name":"大安國小附設幼兒園","welfare_class":"child_dev","address":"臺北市大安區臥龍街129號","city":"臺北市","coord_source":"offline_l2","coord_precision":"exact","src_datasets":"130229","n_src":1,"unit_type":"教育單位","service_mode":"日間","service_content":"集中式特殊教育班、身障類資源班","service_hours":"請逕洽詢該單位服務人員","phone":"02-27322332"}},{"type":"Feature","geometry":{"type":"Point","coordinates":[121.531595,25.105146]},"properties":{"uid":"welfare_08990","name":"臺北市立聯合醫院陽明院區","welfare_class":"child_dev","address":"臺北市士林區雨聲街105號","city":"臺北市","coord_source":"offline_l2","coord_precision":"exact","src_datasets":"130229","n_src":1,"unit_type":"衛生單位","service_mode":"時段","service_content":"物理、職能、語言治療","service_hours":"週一至週五:8時30分至16時30分","phone":"02-28353456分機5187"}},{"type":"Feature","geometry":{"type":"Point","coordinates":[121.520289,25.096241]},"properties":{"uid":"welfare_08991","name":"新光醫療財團法人新光吳火獅紀念醫院","welfare_class":"child_dev","address":"臺北市士林區文昌路95號","city":"臺北市","coord_source":"offline_l1","coord_precision":"cached","src_datasets":"130229","n_src":1,"unit_type":"衛生單位","service_mode":"時段","service_content":"物理治療、職能治療、語言治療、心理治療","service_hours":"1.物理治療週一至週五:9時至17時。2.職能治療週一至週五:9時至17時、17時30分至21時。3.語言、心理治療1.週一至週五:9時至17時；2.週六:9時至12時","phone":"02-28332211分機2531"}},{"type":"Feature","geometry":{"type":"Point","coordinates":[121.52975,25.106211]},"properties":{"uid":"welfare_08992","name":"天母品恆復健科診所(早療社區公衛醫療群)","welfare_class":"child_dev","address":"臺北市士林區忠誠路1段137號","city":"臺北市","coord_source":"offline_l2","coord_precision":"exact","src_datasets":"130229","n_src":1,"unit_type":"衛生單位","service_mode":"時段","service_content":"物理、職能、語言治療","service_hours":"請逕洽詢該單位服務人員","phone":"0921-221989"}},{"type":"Feature","geometry":{"type":"Point","coordinates":[121.502927,25.089801]},"properties":{"uid":"welfare_08993","name":"社子國小附設幼兒園","welfare_class":"child_dev","address":"臺北市士林區延平北路六段308號","city":"臺北市","coord_source":"offline_l2","coord_precision":"exact","src_datasets":"130229","n_src":1,"unit_type":"教育單位","service_mode":"日間","service_content":"集中式特殊教育班","service_hours":"請逕洽詢該單位服務人員","phone":"02-28151320"}},{"type":"Feature","geometry":{"type":"Point","coordinates":[121.517825,25.086206]},"properties":{"uid":"welfare_08994","name":"百齡國小附設幼兒園","welfare_class":"child_dev","address":"臺北市士林區福港街205號","city":"臺北市","coord_source":"offline_l1","coord_precision":"cached","src_datasets":"130229","n_src":1,"unit_type":"教育單位","service_mode":"日間","service_content":"身障類資源班","service_hours":"請逕洽詢該單位服務人員","phone":"02-28817683分機880~889"}},{"type":"Feature","geometry":{"type":"Point","coordinates":[121.536363,25.116551]},"properties":{"uid":"welfare_08995","name":"臺北市立啟智學校","welfare_class":"child_dev","address":"臺北市士林區忠誠路二段207巷3號","city":"臺北市","coord_source":"offline_l1","coord_precision":"cached","src_datasets":"130229","n_src":1,"unit_type":"教育單位","service_mode":"日間","service_content":"集中式特殊教育班","service_hours":"請逕洽詢該單位服務人員","phone":"02-28749117"}},{"type":"Feature","geometry":{"type":"Point","coordinates":[121.535221,25.116526]},"properties":{"uid":"welfare_08996","name":"臺北市立啟明學校","welfare_class":"child_dev","address":"臺北市士林區忠誠路二段207巷1號","city":"臺北市","coord_source":"offline_l2","coord_precision":"exact","src_datasets":"130229","n_src":1,"unit_type":"教育單位","service_mode":"日間、時段","service_content":"集中式特殊教育班、視障巡迴輔導","service_hours":"請逕洽詢該單位服務人員","phone":"02-28740670"}},{"type":"Feature","geometry":{"type":"Point","coordinates":[121.529931,25.105291]},"properties":{"uid":"welfare_08997","name":"雨農國小附設幼兒園","welfare_class":"child_dev","address":"臺北市士林區忠義街1號","city":"臺北市","coord_source":"offline_l1","coord_precision":"cached","src_datasets":"130229","n_src":1,"unit_type":"教育單位","service_mode":"日間","service_content":"集中式特殊教育班","service_hours":"請逕洽詢該單位服務人員","phone":"02-28329700"}},{"type":"Feature","geometry":{"type":"Point","coordinates":[121.591982,25.0718]},"properties":{"uid":"welfare_08998","name":"國防醫學院三軍總醫院","welfare_class":"child_dev","address":"臺北市內湖區成功路2段325號","city":"臺北市","coord_source":"offline_l1","coord_precision":"cached","src_datasets":"130229","n_src":1,"unit_type":"衛生單位","service_mode":"時段","service_content":"物理、職能、語言、心理治療","service_hours":"週一至週五:8時至17時","phone":"02-87923311分機10406"}},{"type":"Feature","geometry":{"type":"Point","coordinates":[121.5906,25.082125]},"properties":{"uid":"welfare_08999","name":"中國醫藥大學附設醫院臺北分院","welfare_class":"child_dev","address":"臺北市內湖區內湖路2段360號","city":"臺北市","coord_source":"offline_l1","coord_precision":"cached","src_datasets":"130229","n_src":1,"unit_type":"衛生單位","service_mode":"時段","service_content":"物理、職能、語言治療(健保)；心理治療(健保、自費)","service_hours":"1.物理、職能、語言治療週一至週五:下午至19時。2.心理治療週一下午","phone":"02-27919696分機1008"}},{"type":"Feature","geometry":{"type":"Point","coordinates":[121.583498,25.077874]},"properties":{"uid":"welfare_09000","name":"紫陽復健科診所(早療社區公衛醫療群)","welfare_class":"child_dev","address":"臺北市內湖區文德路208巷8號1樓(文德捷運站2號出口旁)","city":"臺北市","coord_source":"offline_l15","coord_precision":"interpolated","src_datasets":"130229","n_src":1,"unit_type":"衛生單位","service_mode":"時段","service_content":"職能治療","service_hours":"週一至週六:8時至21時","phone":"02-27988128"}},{"type":"Feature","geometry":{"type":"Point","coordinates":[121.590993,25.081072]},"properties":{"uid":"welfare_09001","name":"成功復健科診所(早療社區公衛醫療群)","welfare_class":"child_dev","address":"臺北市內湖區成功路4段12號2至4樓","city":"臺北市","coord_source":"offline_l15","coord_precision":"interpolated","src_datasets":"130229","n_src":1,"unit_type":"衛生單位","service_mode":"時段","service_content":"職能治療","service_hours":"1.週一至週五:9時至21時；2.週六:9時至12時","phone":"02-27938098"}},{"type":"Feature","geometry":{"type":"Point","coordinates":[121.607764,25.072642]},"properties":{"uid":"welfare_09002","name":"祐生復健科診所(早療社區公衛醫療群)","welfare_class":"child_dev","address":"臺北市內湖區康寧路3段39號3至5樓","city":"臺北市","coord_source":"offline_l15","coord_precision":"interpolated","src_datasets":"130229","n_src":1,"unit_type":"衛生單位","service_mode":"時段","service_content":"職能治療","service_hours":"1.週一至週五:8時至21時；2.週六:8時至17時","phone":"02-26341998"}},{"type":"Feature","geometry":{"type":"Point","coordinates":[121.604799,25.071698]},"properties":{"uid":"welfare_09003","name":"內湖語言治療所(早療社區公衛醫療群)","welfare_class":"child_dev","address":"臺北市內湖區民權東路6段266號9樓","city":"臺北市","coord_source":"offline_l1","coord_precision":"cached","src_datasets":"130229","n_src":1,"unit_type":"衛生單位","service_mode":"時段","service_content":"語言治療","service_hours":"請逕洽詢該單位服務人員","phone":"0938508627"}},{"type":"Feature","geometry":{"type":"Point","coordinates":[121.580252,25.07912]},"properties":{"uid":"welfare_09004","name":"內湖國小附設幼兒園","welfare_class":"child_dev","address":"臺北市內湖區內湖路二段41號","city":"臺北市","coord_source":"offline_l2","coord_precision":"exact","src_datasets":"130229","n_src":1,"unit_type":"教育單位","service_mode":"日間","service_content":"集中式特殊教育班","service_hours":"請逕洽詢該單位服務人員","phone":"02-27998085"}},{"type":"Feature","geometry":{"type":"Point","coordinates":[121.588717,25.068809]},"properties":{"uid":"welfare_09005","name":"新湖國小附設幼兒園","welfare_class":"child_dev","address":"臺北市內湖區民權東路六段138號","city":"臺北市","coord_source":"offline_l2","coord_precision":"exact","src_datasets":"130229","n_src":1,"unit_type":"教育單位","service_mode":"日間","service_content":"身障類資源班","service_hours":"請逕洽詢該單位服務人員","phone":"02-27963721"}},{"type":"Feature","geometry":{"type":"Point","coordinates":[121.565688,25.08383]},"properties":{"uid":"welfare_09006","name":"西湖國小附設幼兒園","welfare_class":"child_dev","address":"臺北市內湖區環山路一段25號","city":"臺北市","coord_source":"offline_l2","coord_precision":"exact","src_datasets":"130229","n_src":1,"unit_type":"教育單位","service_mode":"日間","service_content":"集中式特殊教育班","service_hours":"請逕洽詢該單位服務人員","phone":"02-27971267"}},{"type":"Feature","geometry":{"type":"Point","coordinates":[121.56014,25.085862]},"properties":{"uid":"welfare_09007","name":"文湖國小附設幼兒園","welfare_class":"child_dev","address":"臺北市內湖區文湖街15號","city":"臺北市","coord_source":"offline_l2","coord_precision":"exact","src_datasets":"130229","n_src":1,"unit_type":"教育單位","service_mode":"日間","service_content":"身障類資源班","service_hours":"請逕洽詢該單位服務人員","phone":"02-26583515"}},{"type":"Feature","geometry":{"type":"Point","coordinates":[121.600374,25.088142]},"properties":{"uid":"welfare_09008","name":"大湖國小附設幼兒園","welfare_class":"child_dev","address":"臺北市內湖區大湖山莊街170號","city":"臺北市","coord_source":"offline_l2","coord_precision":"exact","src_datasets":"130229","n_src":1,"unit_type":"教育單位","service_mode":"日間","service_content":"集中式特殊教育班","service_hours":"請逕洽詢該單位服務人員","phone":"02-27915870"}},{"type":"Feature","geometry":{"type":"Point","coordinates":[121.5224,25.117543]},"properties":{"uid":"welfare_09009","name":"振興醫療財團法人振興醫院","welfare_class":"child_dev","address":"臺北市北投區振興街45號","city":"臺北市","coord_source":"offline_l1","coord_precision":"cached","src_datasets":"130229","n_src":1,"unit_type":"衛生單位","service_mode":"時段","service_content":"物理治療、職能治療、臨床心理","service_hours":"1.物理治療、職能治療、臨床心理8時30分至12時；13時至17時。2.語言治療8時30分至21時","phone":"02-28264400分機3807"}},{"type":"Feature","geometry":{"type":"Point","coordinates":[121.466358,25.120188]},"properties":{"uid":"welfare_09010","name":"臺北市立關渡醫院","welfare_class":"child_dev","address":"臺北市北投區知行路225巷12號","city":"臺北市","coord_source":"offline_l1","coord_precision":"cached","src_datasets":"130229","n_src":1,"unit_type":"衛生單位","service_mode":"時段","service_content":"職能、語言、心理治療","service_hours":"週一至週五:8時至17時30分","phone":"02-28587140"}},{"type":"Feature","geometry":{"type":"Point","coordinates":[121.519166,25.119182]},"properties":{"uid":"welfare_09011","name":"臺北榮民總醫院","welfare_class":"child_dev","address":"臺北市北投區石牌路2段201號","city":"臺北市","coord_source":"offline_l1","coord_precision":"cached","src_datasets":"130229","n_src":1,"unit_type":"衛生單位","service_mode":"時段","service_content":"物理、職能、語言治療","service_hours":"1.物理、職能、語言治療8時30分至20時30分。2.親職諮商、心理治療、音樂治療8時30分至17時30分","phone":"02-28712121分機2940"}},{"type":"Feature","geometry":{"type":"Point","coordinates":[121.501341,25.128338]},"properties":{"uid":"welfare_09012","name":"祐民聯合診所(早療社區公衛醫療群)","welfare_class":"child_dev","address":"臺北市北投區中央南路1段207號","city":"臺北市","coord_source":"offline_l1","coord_precision":"cached","src_datasets":"130229","n_src":1,"unit_type":"衛生單位","service_mode":"時段","service_content":"職能治療","service_hours":"1.週一至週五:13時至17時；2.早療時段 17時至21時；3.職能治療特殊團體週六:10時至12時","phone":"02-28951301"}},{"type":"Feature","geometry":{"type":"Point","coordinates":[121.513362,25.109017]},"properties":{"uid":"welfare_09013","name":"石牌實和復健科診所(早療社區公衛醫療群)","welfare_class":"child_dev","address":"臺北市北投區文林北路262號1樓","city":"臺北市","coord_source":"offline_l2","coord_precision":"exact","src_datasets":"130229","n_src":1,"unit_type":"衛生單位","service_mode":"時段","service_content":"物理、職能、語言治療","service_hours":"1.週一至週五:14時至21時；2.週六:9時至12時","phone":"02-28273255"}},{"type":"Feature","geometry":{"type":"Point","coordinates":[121.51048,25.113041]},"properties":{"uid":"welfare_09014","name":"旭康診所(早療社區公衛醫療群)","welfare_class":"child_dev","address":"臺北市北投區石牌路1段40號","city":"臺北市","coord_source":"offline_l1","coord_precision":"cached","src_datasets":"130229","n_src":1,"unit_type":"衛生單位","service_mode":"時段","service_content":"物理、職能、語言治療","service_hours":"1.週一至週:8時至21時30分；2.週六:8時至17時30分；3.週日:8時至12時","phone":"02-28280067"}},{"type":"Feature","geometry":{"type":"Point","coordinates":[121.500281,25.134168]},"properties":{"uid":"welfare_09015","name":"北投國小附設幼兒園","welfare_class":"child_dev","address":"臺北市北投區中央北路一段73號","city":"臺北市","coord_source":"offline_l2","coord_precision":"exact","src_datasets":"130229","n_src":1,"unit_type":"教育單位","service_mode":"日間","service_content":"集中式特殊教育班、身障類資源班","service_hours":"請逕洽詢該單位服務人員","phone":"02-28912052"}},{"type":"Feature","geometry":{"type":"Point","coordinates":[121.51475,25.105876]},"properties":{"uid":"welfare_09016","name":"文林國小附設幼兒園","welfare_class":"child_dev","address":"臺北市北投區文林北路155號","city":"臺北市","coord_source":"offline_l2","coord_precision":"exact","src_datasets":"130229","n_src":1,"unit_type":"教育單位","service_mode":"日間","service_content":"集中式特殊教育班","service_hours":"請逕洽詢該單位服務人員","phone":"02-28234212"}},{"type":"Feature","geometry":{"type":"Point","coordinates":[121.505321,25.119417]},"properties":{"uid":"welfare_09017","name":"立農國小附設幼兒園","welfare_class":"child_dev","address":"臺北市北投區立農街一段250號","city":"臺北市","coord_source":"offline_l2","coord_precision":"exact","src_datasets":"130229","n_src":1,"unit_type":"教育單位","service_mode":"日間","service_content":"集中式特殊教育班","service_hours":"請逕洽詢該單位服務人員","phone":"02-28210702"}},{"type":"Feature","geometry":{"type":"Point","coordinates":[121.55833,25.000306]},"properties":{"uid":"welfare_09018","name":"臺北市立萬芳醫院","welfare_class":"child_dev","address":"臺北市文山區興隆路3段111號","city":"臺北市","coord_source":"offline_l1","coord_precision":"cached","src_datasets":"130229","n_src":1,"unit_type":"衛生單位","service_mode":"時段","service_content":"療育","service_hours":"請逕洽詢該單位服務人員","phone":"02-29307930分機1802"}},{"type":"Feature","geometry":{"type":"Point","coordinates":[121.562524,24.982539]},"properties":{"uid":"welfare_09019","name":"合康復健科診所(早療社區公衛醫療群)","welfare_class":"child_dev","address":"臺北市文山區興隆路4段217號1-2樓","city":"臺北市","coord_source":"offline_l15","coord_precision":"interpolated","src_datasets":"130229","n_src":1,"unit_type":"衛生單位","service_mode":"時段","service_content":"物理、職能治療","service_hours":"1.週一至週五:8時至21時；2.週六:8時至17時","phone":"02-29368421"}},{"type":"Feature","geometry":{"type":"Point","coordinates":[121.559792,24.994974]},"properties":{"uid":"welfare_09020","name":"文山復健科診所(早療社區公衛醫療群)","welfare_class":"child_dev","address":"臺北市文山區興隆路3段207之4號一樓","city":"臺北市","coord_source":"offline_l1","coord_precision":"cached","src_datasets":"130229","n_src":1,"unit_type":"衛生單位","service_mode":"時段","service_content":"職能、物理治療","service_hours":"1.週一至週五: 9時至21時；2.週六:9時至17時","phone":"02-22397887"}},{"type":"Feature","geometry":{"type":"Point","coordinates":[121.539067,25.004726]},"properties":{"uid":"welfare_09021","name":"萬隆力康復健科診所(早療社區公衛醫療群)","welfare_class":"child_dev","address":"臺北市文山區羅斯福路5段127號2樓、129號2樓","city":"臺北市","coord_source":"offline_l15","coord_precision":"interpolated","src_datasets":"130229","n_src":1,"unit_type":"衛生單位","service_mode":"時段","service_content":"物理治療、職能治療、語言治療","service_hours":"請逕洽詢該單位服務人員","phone":"02-89319799"}},{"type":"Feature","geometry":{"type":"Point","coordinates":[121.540793,24.98947]},"properties":{"uid":"welfare_09022","name":"景美國小附設幼兒園","welfare_class":"child_dev","address":"臺北市文山區景文街108號","city":"臺北市","coord_source":"offline_l2","coord_precision":"exact","src_datasets":"130229","n_src":1,"unit_type":"教育單位","service_mode":"日間","service_content":"集中式特殊教育班","service_hours":"請逕洽詢該單位服務人員","phone":"02-29322151"}},{"type":"Feature","geometry":{"type":"Point","coordinates":[121.575835,25.002102]},"properties":{"uid":"welfare_09023","name":"博嘉國小附設幼兒園","welfare_class":"child_dev","address":"臺北市文山區木柵路四段159巷14-1號","city":"臺北市","coord_source":"offline_l2","coord_precision":"exact","src_datasets":"130229","n_src":1,"unit_type":"教育單位","service_mode":"日間","service_content":"身障類資源班","service_hours":"請逕洽詢該單位服務人員","phone":"02-22302585"}},{"type":"Feature","geometry":{"type":"Point","coordinates":[121.567623,24.99146]},"properties":{"uid":"welfare_09024","name":"文山特殊教育學校","welfare_class":"child_dev","address":"臺北市文山區秀明路一段169號","city":"臺北市","coord_source":"offline_l2","coord_precision":"exact","src_datasets":"130229","n_src":1,"unit_type":"教育單位","service_mode":"日間、時段","service_content":"集中式特殊教育班、巡迴輔導班","service_hours":"請逕洽詢該單位服務人員","phone":"02-86615183"}},{"type":"Feature","geometry":{"type":"Point","coordinates":[121.567565,25.001309]},"properties":{"uid":"welfare_09025","name":"萬芳國小附設幼兒園","welfare_class":"child_dev","address":"臺北市文山區萬和街1號","city":"臺北市","coord_source":"offline_l2","coord_precision":"exact","src_datasets":"130229","n_src":1,"unit_type":"教育單位","service_mode":"日間","service_content":"身障類資源班","service_hours":"請逕洽詢該單位服務人員","phone":"02-22301232"}},{"type":"Feature","geometry":{"type":"Point","coordinates":[121.522558,25.058884]},"properties":{"uid":"welfare_09026","name":"財團法人臺灣基督長老教會馬偕紀念醫院","welfare_class":"child_dev","address":"臺北市中山區中山北路2段92號","city":"臺北市","coord_source":"offline_l1","coord_precision":"cached","src_datasets":"130229","n_src":1,"unit_type":"衛生單位","service_mode":"時段","service_content":"物理、職能、語言治療、自閉症團體、心理(認知訓練)治療","service_hours":"1.物理、職能、語言治療上班時段都有。2.自閉症團體、心理(認知訓練)治療由精神科心理師另行安排","phone":"02-25433535分機3051"}},{"type":"Feature","geometry":{"type":"Point","coordinates":[121.532861,25.054977]},"properties":{"uid":"welfare_09027","name":"施宏男復健科診所(早療社區公衛醫療群)","welfare_class":"child_dev","address":"臺北市中山區松江路158號3樓","city":"臺北市","coord_source":"offline_l1","coord_precision":"cached","src_datasets":"130229","n_src":1,"unit_type":"衛生單位","service_mode":"時段","service_content":"職能、物理治療","service_hours":"1.週一:10時至21時；2.週二、三、五:10時至18時；3.週四:13時至21時","phone":"02-25819995"}},{"type":"Feature","geometry":{"type":"Point","coordinates":[121.543502,25.057462]},"properties":{"uid":"welfare_09028","name":"興安(承安)診所 (早療社區公衛醫療群)","welfare_class":"child_dev","address":"臺北市中山區民生東路3段90號","city":"臺北市","coord_source":"offline_l1","coord_precision":"cached","src_datasets":"130229","n_src":1,"unit_type":"衛生單位","service_mode":"時段","service_content":"職能治療、語言治療","service_hours":"請逕洽詢該單位服務人員","phone":"02-25032633"}},{"type":"Feature","geometry":{"type":"Point","coordinates":[121.529954,25.051331]},"properties":{"uid":"welfare_09029","name":"初色心理治療所","welfare_class":"child_dev","address":"臺北市中山區吉林路24號10樓","city":"臺北市","coord_source":"offline_l1","coord_precision":"cached","src_datasets":"130229","n_src":1,"unit_type":"衛生單位","service_mode":"時段","service_content":"心理治療","service_hours":"請逕洽詢該單位服務人員","phone":"02-25210212"}},{"type":"Feature","geometry":{"type":"Point","coordinates":[121.529629,25.05468]},"properties":{"uid":"welfare_09030","name":"吉林國小附設幼兒園","welfare_class":"child_dev","address":"臺北市中山區長春路116號","city":"臺北市","coord_source":"offline_l2","coord_precision":"exact","src_datasets":"130229","n_src":1,"unit_type":"教育單位","service_mode":"日間","service_content":"集中式特殊教育班","service_hours":"請逕洽詢該單位服務人員","phone":"02-25221525"}},{"type":"Feature","geometry":{"type":"Point","coordinates":[121.538848,25.054566]},"properties":{"uid":"welfare_09031","name":"市立育航幼兒園","welfare_class":"child_dev","address":"臺北市中山區長春路256號","city":"臺北市","coord_source":"offline_l2","coord_precision":"exact","src_datasets":"130229","n_src":1,"unit_type":"教育單位","service_mode":"日間","service_content":"集中式特殊教育班、身障類資源班","service_hours":"請逕洽詢該單位服務人員","phone":"02-25178372"}},{"type":"Feature","geometry":{"type":"Point","coordinates":[121.508887,25.050692]},"properties":{"uid":"welfare_09032","name":"臺北市立聯合醫院中興院區兒童發展評估療育中心","welfare_class":"child_dev","address":"臺北市大同區鄭州路145號","city":"臺北市","coord_source":"offline_l1","coord_precision":"cached","src_datasets":"130229","n_src":1,"unit_type":"衛生單位","service_mode":"時段","service_content":"物理、職能、語言、心理治療、認知治療、視知覺訓練、行為治療、聽能訓練、親職教育、家族治療","service_hours":"週一至週五:9時至17時","phone":"02-25553000分機2855"}},{"type":"Feature","geometry":{"type":"Point","coordinates":[121.516606,25.068448]},"properties":{"uid":"welfare_09033","name":"宜康復健科診所(早療社區公衛醫療群)","welfare_class":"child_dev","address":"臺北市大同區民族西路124號","city":"臺北市","coord_source":"offline_l1","coord_precision":"cached","src_datasets":"130229","n_src":1,"unit_type":"衛生單位","service_mode":"時段","service_content":"職能治療","service_hours":"週一至週六","phone":"02-25851555"}},{"type":"Feature","geometry":{"type":"Point","coordinates":[121.511535,25.055944]},"properties":{"uid":"welfare_09034","name":"正和復健科診所(早療社區公衛醫療群)","welfare_class":"child_dev","address":"臺北市大同區延平北路2段80、82號","city":"臺北市","coord_source":"offline_l1","coord_precision":"cached","src_datasets":"130229","n_src":1,"unit_type":"衛生單位","service_mode":"時段","service_content":"職能治療","service_hours":"週一至週六","phone":"02-25527628"}},{"type":"Feature","geometry":{"type":"Point","coordinates":[121.515598,25.056544]},"properties":{"uid":"welfare_09035","name":"蓬萊國小附設幼兒園","welfare_class":"child_dev","address":"臺北市大同區寧夏路35號","city":"臺北市","coord_source":"offline_l2","coord_precision":"exact","src_datasets":"130229","n_src":1,"unit_type":"教育單位","service_mode":"日間","service_content":"集中式特殊教育班","service_hours":"請逕洽詢該單位服務人員","phone":"02-25569835"}},{"type":"Feature","geometry":{"type":"Point","coordinates":[121.516721,25.073405]},"properties":{"uid":"welfare_09036","name":"大龍國小附設幼兒園","welfare_class":"child_dev","address":"臺北市大同區哈密街47號","city":"臺北市","coord_source":"offline_l1","coord_precision":"cached","src_datasets":"130229","n_src":1,"unit_type":"教育單位","service_mode":"日間","service_content":"身障類資源班","service_hours":"請逕洽詢該單位服務人員","phone":"02-25942635分機891"}},{"type":"Feature","geometry":{"type":"Point","coordinates":[121.516659,25.06011]},"properties":{"uid":"welfare_09037","name":"雙蓮國小附設幼兒園","welfare_class":"child_dev","address":"臺北市大同區錦西街51號","city":"臺北市","coord_source":"offline_l2","coord_precision":"exact","src_datasets":"130229","n_src":1,"unit_type":"教育單位","service_mode":"日間","service_content":"身障類資源班","service_hours":"請逕洽詢該單位服務人員","phone":"02-25570309"}},{"type":"Feature","geometry":{"type":"Point","coordinates":[121.504274,25.038051]},"properties":{"uid":"welfare_09038","name":"永康診所(早療社區公衛醫療群)","welfare_class":"child_dev","address":"臺北市萬華區桂林路47號","city":"臺北市","coord_source":"offline_l1","coord_precision":"cached","src_datasets":"130229","n_src":1,"unit_type":"衛生單位","service_mode":"時段","service_content":"職能治療","service_hours":"週一至週五:13時至17時","phone":"02-23123455"}},{"type":"Feature","geometry":{"type":"Point","coordinates":[121.494796,25.028026]},"properties":{"uid":"welfare_09039","name":"瑞生診所(早療社區公衛醫療群)","welfare_class":"child_dev","address":"臺北市萬華區西園路2段250號2樓","city":"臺北市","coord_source":"offline_l1","coord_precision":"cached","src_datasets":"130229","n_src":1,"unit_type":"衛生單位","service_mode":"時段","service_content":"職能治療","service_hours":"週一至週五:13時至21時","phone":"02-23012788"}},{"type":"Feature","geometry":{"type":"Point","coordinates":[121.509313,25.047341]},"properties":{"uid":"welfare_09040","name":"彭聆語言治療所(早療社區公衛醫療群)","welfare_class":"child_dev","address":"臺北市萬華區中華路1段16號9樓之3","city":"臺北市","coord_source":"offline_l2","coord_precision":"exact","src_datasets":"130229","n_src":1,"unit_type":"衛生單位","service_mode":"時段","service_content":"語言治療","service_hours":"請逕洽詢該單位服務人員","phone":"02-23880648"}},{"type":"Feature","geometry":{"type":"Point","coordinates":[121.496192,25.035568]},"properties":{"uid":"welfare_09041","name":"龍山國小附設幼兒園","welfare_class":"child_dev","address":"臺北市萬華區和平西路3段235號","city":"臺北市","coord_source":"offline_l2","coord_precision":"exact","src_datasets":"130229","n_src":1,"unit_type":"教育單位","service_mode":"日間","service_content":"集中式特殊教育班","service_hours":"請逕洽詢該單位服務人員","phone":"02-23082977"}},{"type":"Feature","geometry":{"type":"Point","coordinates":[121.497716,25.029501]},"properties":{"uid":"welfare_09042","name":"市立南海實驗幼兒園","welfare_class":"child_dev","address":"臺北市萬華區西藏路424號","city":"臺北市","coord_source":"offline_l1","coord_precision":"cached","src_datasets":"130229","n_src":1,"unit_type":"教育單位","service_mode":"日間","service_content":"集中式特殊教育班、身障類資源班","service_hours":"請逕洽詢該單位服務人員","phone":"02-23022984"}},{"type":"Feature","geometry":{"type":"Point","coordinates":[121.586149,25.046486]},"properties":{"uid":"welfare_09043","name":"臺北市立聯合醫院忠孝院區","welfare_class":"child_dev","address":"臺北市南港區同德路87號","city":"臺北市","coord_source":"offline_l2","coord_precision":"exact","src_datasets":"130229","n_src":1,"unit_type":"衛生單位","service_mode":"時段","service_content":"物理、職能、語言治療","service_hours":"1.物理、職能治療週一至週五:13時30分至17時。2.語言治療週一至週五:8時30分至17時","phone":"02-27861288分機8084"}},{"type":"Feature","geometry":{"type":"Point","coordinates":[121.619602,25.04026]},"properties":{"uid":"welfare_09044","name":"舊莊國小附設幼兒園","welfare_class":"child_dev","address":"臺北市南港區舊莊街一段100號","city":"臺北市","coord_source":"offline_l2","coord_precision":"exact","src_datasets":"130229","n_src":1,"unit_type":"教育單位","service_mode":"日間","service_content":"身障類資源班","service_hours":"請逕洽詢該單位服務人員","phone":"02-27836783  "}},{"type":"Feature","geometry":{"type":"Point","coordinates":[121.589669,25.045561]},"properties":{"uid":"welfare_09045","name":"修德國小附設幼兒園","welfare_class":"child_dev","address":"臺北市南港區東新街118巷86號","city":"臺北市","coord_source":"offline_l2","coord_precision":"exact","src_datasets":"130229","n_src":1,"unit_type":"教育單位","service_mode":"日間","service_content":"集中式特殊教育班","service_hours":"請逕洽詢該單位服務人員","phone":"02-27880500  "}},{"type":"Feature","geometry":{"type":"Point","coordinates":[121.268093,24.977705]},"properties":{"uid":"welfare_09046","name":"衛生福利部桃園醫院","welfare_class":"child_dev","address":"桃園市桃園區中山路1492號","city":"桃園市","coord_source":"offline_l1","coord_precision":"cached","src_datasets":"130229","n_src":1,"unit_type":"衛生單位","service_mode":"時段","service_content":"物理治療、職能治療、語言治療、心理治療、認知訓練、聽語治療、感覺統合、行為治療、輔以達治療、視知覺訓練、音樂媒介職能治療","service_hours":"週一至週五:8時30分至12時；13時30分至17時；18時至21時","phone":"03-3699721分機1203"}},{"type":"Feature","geometry":{"type":"Point","coordinates":[121.268177,24.979272]},"properties":{"uid":"welfare_09047","name":"衛生福利部桃園療養院","welfare_class":"child_dev","address":"桃園市桃園區龍壽街71號","city":"桃園市","coord_source":"offline_l1","coord_precision":"cached","src_datasets":"130229","n_src":1,"unit_type":"衛生單位","service_mode":"時段","service_content":"職能治療、心理輔導","service_hours":"週一至週五:9時至17時","phone":"03-3698553"}},{"type":"Feature","geometry":{"type":"Point","coordinates":[121.305696,24.994364]},"properties":{"uid":"welfare_09048","name":"敏盛綜合醫院三民院區","welfare_class":"child_dev","address":"桃園市桃園區三民路三段106號","city":"桃園市","coord_source":"offline_l1","coord_precision":"cached","src_datasets":"130229","n_src":1,"unit_type":"衛生單位","service_mode":"時段","service_content":"物理治療、職能治療、語言治療、心理治療、認知訓練、感覺統合、行為治療","service_hours":"週一至週五:14時至21時","phone":"03-3379340分機230或702"}},{"type":"Feature","geometry":{"type":"Point","coordinates":[121.312507,24.982115]},"properties":{"uid":"welfare_09049","name":"天主教聖保祿醫院","welfare_class":"child_dev","address":"桃園市桃園區建新街123號","city":"桃園市","coord_source":"offline_l1","coord_precision":"cached","src_datasets":"130229","n_src":1,"unit_type":"衛生單位","service_mode":"時段","service_content":"物理治療、職能治療、語言治療、認知訓練、聽語治療、感覺統合","service_hours":"請逕洽詢該單位服務人員","phone":"03-3613141"}},{"type":"Feature","geometry":{"type":"Point","coordinates":[121.309498,24.989179]},"properties":{"uid":"welfare_09050","name":"桃新醫院","welfare_class":"child_dev","address":"桃園市桃園區復興路195號","city":"桃園市","coord_source":"offline_l1","coord_precision":"cached","src_datasets":"130229","n_src":1,"unit_type":"衛生單位","service_mode":"時段","service_content":"物理、職能、語言治療","service_hours":"請逕洽詢該單位服務人員","phone":"03-3325678"}},{"type":"Feature","geometry":{"type":"Point","coordinates":[121.302586,24.993851]},"properties":{"uid":"welfare_09051","name":"賴明偉復健診所","welfare_class":"child_dev","address":"桃園市桃園區縣府路90號","city":"桃園市","coord_source":"offline_l1","coord_precision":"cached","src_datasets":"130229","n_src":1,"unit_type":"衛生單位","service_mode":"時段","service_content":"物理、職能治療","service_hours":"1.週一至週六:8時至21時30分；2.週六:8時至17時","phone":"03-3352066"}},{"type":"Feature","geometry":{"type":"Point","coordinates":[121.318791,25.012622]},"properties":{"uid":"welfare_09052","name":"悅康復健診所","welfare_class":"child_dev","address":"桃園市桃園區大有路478號","city":"桃園市","coord_source":"offline_l1","coord_precision":"cached","src_datasets":"130229","n_src":1,"unit_type":"衛生單位","service_mode":"時段","service_content":"職能、物理治療","service_hours":"1.週一至週五:8時至21時15分；2.週六:8時至12時","phone":"03-3177060"}},{"type":"Feature","geometry":{"type":"Point","coordinates":[121.318701,24.984122]},"properties":{"uid":"welfare_09053","name":"德仁醫院","welfare_class":"child_dev","address":"桃園市桃園區雲林里1鄰桃鶯路245號","city":"桃園市","coord_source":"offline_l1","coord_precision":"cached","src_datasets":"130229","n_src":1,"unit_type":"衛生單位","service_mode":"時段","service_content":"物理治療、職能治療、語言治療、心理治療、認知訓練、聽語治療、感覺統合、行為治療","service_hours":"1.週一至週五:8時至21時；2.週六:9時至12時","phone":"03-3617985"}},{"type":"Feature","geometry":{"type":"Point","coordinates":[121.309534,24.999698]},"properties":{"uid":"welfare_09054","name":"振生醫院","welfare_class":"child_dev","address":"桃園市桃園區三民路二段288號4樓","city":"桃園市","coord_source":"offline_l1","coord_precision":"cached","src_datasets":"130229","n_src":1,"unit_type":"衛生單位","service_mode":"時段","service_content":"物理、職能、語言治療","service_hours":"請逕洽詢該單位服務人員","phone":"03-3356156分機400"}},{"type":"Feature","geometry":{"type":"Point","coordinates":[121.307973,24.999741]},"properties":{"uid":"welfare_09055","name":"黃晉文診所","welfare_class":"child_dev","address":"桃園市桃園區中正路394號","city":"桃園市","coord_source":"offline_l2","coord_precision":"exact","src_datasets":"130229","n_src":1,"unit_type":"衛生單位","service_mode":"時段","service_content":"物理治療、職能治療、認知訓練、聽語治療、感覺統合、行為治療","service_hours":"1.週一至週五:13時30分至21時；2.週六:上午","phone":"03-3313304"}},{"type":"Feature","geometry":{"type":"Point","coordinates":[121.312796,24.981398]},"properties":{"uid":"welfare_09056","name":"寶貝兒童復健診所","welfare_class":"child_dev","address":"桃園市桃園區金門二街265號","city":"桃園市","coord_source":"offline_l1","coord_precision":"cached","src_datasets":"130229","n_src":1,"unit_type":"衛生單位","service_mode":"時段","service_content":"物理治療、職能治療、心理治療、認知訓練、聽語治療、感覺統合、行為治療、藝術治療、音樂治療","service_hours":"1.週一至週三:9時至21時；2.週四:10時至12時；14時至21時；3.週五:14時至21時；4.週六:9時至16時","phone":"03-3711616"}},{"type":"Feature","geometry":{"type":"Point","coordinates":[121.312413,24.98165]},"properties":{"uid":"welfare_09057","name":"陽明復健專科診所","welfare_class":"child_dev","address":"桃園市桃園區金門二街296號","city":"桃園市","coord_source":"offline_l1","coord_precision":"cached","src_datasets":"130229","n_src":1,"unit_type":"衛生單位","service_mode":"時段","service_content":"物理治療、職能治療、語言治療、認知訓練、聽語治療、感覺統合、行為治療","service_hours":"請逕洽詢該單位服務人員","phone":"03-3777891"}},{"type":"Feature","geometry":{"type":"Point","coordinates":[121.290786,24.991006]},"properties":{"uid":"welfare_09058","name":"李裕承復健科診所","welfare_class":"child_dev","address":"桃園市桃園區中山路810號","city":"桃園市","coord_source":"offline_l1","coord_precision":"cached","src_datasets":"130229","n_src":1,"unit_type":"衛生單位","service_mode":"時段","service_content":"物理治療、職能治療、語言治療、認知訓練、聽語治療、感覺統合、行為治療","service_hours":"1.週一至週五:8時至21時；2.週六:8時至17時","phone":"03-3691191"}},{"type":"Feature","geometry":{"type":"Point","coordinates":[121.302214,24.995783]},"properties":{"uid":"welfare_09059","name":"心園心理治療所","welfare_class":"child_dev","address":"桃園市桃園區忠一路15號","city":"桃園市","coord_source":"offline_l2","coord_precision":"exact","src_datasets":"130229","n_src":1,"unit_type":"衛生單位","service_mode":"時段","service_content":"壓力與情緒管理、親職教育諮詢、早期療育","service_hours":"請逕洽詢該單位服務人員","phone":"03-3317485"}},{"type":"Feature","geometry":{"type":"Point","coordinates":[121.293688,25.016264]},"properties":{"uid":"welfare_09060","name":"良祺復健診所","welfare_class":"child_dev","address":"桃園市桃園區南平路516、518號2樓","city":"桃園市","coord_source":"offline_l1","coord_precision":"cached","src_datasets":"130229","n_src":1,"unit_type":"衛生單位","service_mode":"時段","service_content":"物理治療、職能治療、語言治療、認知訓練、聽語治療、感覺統合、行為治療","service_hours":"1.週一至週五8時至21時30分；2.週六8時至17時","phone":"03-3467899"}},{"type":"Feature","geometry":{"type":"Point","coordinates":[121.313566,25.011203]},"properties":{"uid":"welfare_09061","name":"振雄復健科診所","welfare_class":"child_dev","address":"桃園市桃園區寶山街277號","city":"桃園市","coord_source":"offline_l1","coord_precision":"cached","src_datasets":"130229","n_src":1,"unit_type":"衛生單位","service_mode":"時段","service_content":"物理治療、職能治療","service_hours":"1.週一至週五:上午8時至12點、13時至17時、17時至21時；2.週六8時至12時","phone":"03-3259896"}},{"type":"Feature","geometry":{"type":"Point","coordinates":[121.317419,25.014173]},"properties":{"uid":"welfare_09062","name":"康鴻復健科診所","welfare_class":"child_dev","address":"桃園市桃園區大有路515號、517號","city":"桃園市","coord_source":"offline_l15","coord_precision":"interpolated","src_datasets":"130229","n_src":1,"unit_type":"衛生單位","service_mode":"時段","service_content":"物理治療、職能治療、認知訓練、感覺統合、行為治療","service_hours":"週一至週五、週六上午(需預約)","phone":"03-3165515"}},{"type":"Feature","geometry":{"type":"Point","coordinates":[121.268585,24.981033]},"properties":{"uid":"welfare_09063","name":"永春物理治療所","welfare_class":"child_dev","address":"桃園市桃園區龍壽街92號1樓","city":"桃園市","coord_source":"offline_l2","coord_precision":"exact","src_datasets":"130229","n_src":1,"unit_type":"衛生單位","service_mode":"時段","service_content":"物理治療","service_hours":"1.週一至週五:9時至22時；2.週六:9時至17時","phone":"03-3790101"}},{"type":"Feature","geometry":{"type":"Point","coordinates":[121.301415,24.994793]},"properties":{"uid":"welfare_09064","name":"儀嘉物理治療所","welfare_class":"child_dev","address":"桃園市桃園區縣府路136號","city":"桃園市","coord_source":"offline_l1","coord_precision":"cached","src_datasets":"130229","n_src":1,"unit_type":"衛生單位","service_mode":"時段","service_content":"物理治療","service_hours":"週一至週五:8時30分至21時30分","phone":"03-3331055"}},{"type":"Feature","geometry":{"type":"Point","coordinates":[121.294908,25.014385]},"properties":{"uid":"welfare_09065","name":"展嘉物理治療所","welfare_class":"child_dev","address":"桃園市桃園區中埔二街218號1-2樓","city":"桃園市","coord_source":"offline_l15","coord_precision":"interpolated","src_datasets":"130229","n_src":1,"unit_type":"衛生單位","service_mode":"時段","service_content":"物理治療","service_hours":"週一至週五:9時至21時30分","phone":"03-3460071"}},{"type":"Feature","geometry":{"type":"Point","coordinates":[121.290625,25.020748]},"properties":{"uid":"welfare_09066","name":"陽明物理治療所","welfare_class":"child_dev","address":"桃園市桃園區莊一街192號1樓","city":"桃園市","coord_source":"offline_l1","coord_precision":"cached","src_datasets":"130229","n_src":1,"unit_type":"衛生單位","service_mode":"時段","service_content":"物理治療","service_hours":"1.週一、週二、週五:13時至21時；2.週三:9時至21時；3.週六:9時至17時","phone":"03-2151430"}},{"type":"Feature","geometry":{"type":"Point","coordinates":[121.302432,24.99071]},"properties":{"uid":"welfare_09067","name":"優兒適職能治療所","welfare_class":"child_dev","address":"桃園市桃園區復興路389號3樓","city":"桃園市","coord_source":"offline_l2","coord_precision":"exact","src_datasets":"130229","n_src":1,"unit_type":"衛生單位","service_mode":"時段","service_content":"職能治療、語言治療、物理治療、心理治療","service_hours":"1.週一至週五:8時至20時；2.週六上午物理治療、上下午職能治療","phone":"03-3318899"}},{"type":"Feature","geometry":{"type":"Point","coordinates":[121.300772,25.015969]},"properties":{"uid":"welfare_09068","name":"若有光心理治療所","welfare_class":"child_dev","address":"桃園市桃園區藝文一街86-3號9樓","city":"桃園市","coord_source":"offline_l1","coord_precision":"cached","src_datasets":"130229","n_src":1,"unit_type":"衛生單位","service_mode":"時段","service_content":"兒童情緒、心理諮商、親職關係","service_hours":"週一至週六事先預約","phone":"0916-981327"}},{"type":"Feature","geometry":{"type":"Point","coordinates":[121.306186,24.984313]},"properties":{"uid":"welfare_09069","name":"向日天使物理治療所","welfare_class":"child_dev","address":"桃園市桃園區三和街87號1樓","city":"桃園市","coord_source":"offline_l2","coord_precision":"exact","src_datasets":"130229","n_src":1,"unit_type":"衛生單位","service_mode":"時段","service_content":"物理治療","service_hours":"請逕洽詢該單位服務人員","phone":"0939-091635"}},{"type":"Feature","geometry":{"type":"Point","coordinates":[121.31022,24.992318]},"properties":{"uid":"welfare_09070","name":"桃園國小","welfare_class":"child_dev","address":"桃園市桃園區民權路67號","city":"桃園市","coord_source":"offline_l2","coord_precision":"exact","src_datasets":"130229","n_src":1,"unit_type":"教育單位","service_mode":"日間、時段","service_content":"集中式特殊教育班、不分類巡迴輔導班","service_hours":"請逕洽詢該單位服務人員","phone":"03-3322268"}},{"type":"Feature","geometry":{"type":"Point","coordinates":[121.314853,24.995151]},"properties":{"uid":"welfare_09071","name":"東門國小","welfare_class":"child_dev","address":"桃園市桃園區東國街14號","city":"桃園市","coord_source":"offline_l2","coord_precision":"exact","src_datasets":"130229","n_src":1,"unit_type":"教育單位","service_mode":"日間、時段","service_content":"集中式特殊教育班、巡迴輔導班","service_hours":"請逕洽詢該單位服務人員","phone":"03-3322057"}},{"type":"Feature","geometry":{"type":"Point","coordinates":[121.287202,25.009467]},"properties":{"uid":"welfare_09072","name":"中埔國小","welfare_class":"child_dev","address":"桃園市桃園區永安路1054號","city":"桃園市","coord_source":"offline_l2","coord_precision":"exact","src_datasets":"130229","n_src":1,"unit_type":"教育單位","service_mode":"時段","service_content":"不分類巡迴輔導班","service_hours":"請逕洽詢該單位服務人員","phone":"03-3013028"}},{"type":"Feature","geometry":{"type":"Point","coordinates":[121.309089,25.020251]},"properties":{"uid":"welfare_09073","name":"會稽國小","welfare_class":"child_dev","address":"桃園市桃園區春日路1080號","city":"桃園市","coord_source":"offline_l2","coord_precision":"exact","src_datasets":"130229","n_src":1,"unit_type":"教育單位","service_mode":"日間","service_content":"不分類特教班","service_hours":"請逕洽詢該單位服務人員","phone":"03-3252982"}},{"type":"Feature","geometry":{"type":"Point","coordinates":[121.290207,24.986401]},"properties":{"uid":"welfare_09074","name":"中山國小","welfare_class":"child_dev","address":"桃園市桃園區國際路一段1070號","city":"桃園市","coord_source":"offline_l2","coord_precision":"exact","src_datasets":"130229","n_src":1,"unit_type":"教育單位","service_mode":"時段","service_content":"不分類巡迴輔導班","service_hours":"請逕洽詢該單位服務人員","phone":"03-2203012"}},{"type":"Feature","geometry":{"type":"Point","coordinates":[121.270016,24.980701]},"properties":{"uid":"welfare_09075","name":"龍山國小","welfare_class":"child_dev","address":"桃園市桃園區龍泉二街36號","city":"桃園市","coord_source":"offline_l2","coord_precision":"exact","src_datasets":"130229","n_src":1,"unit_type":"教育單位","service_mode":"日間","service_content":"不分類特教班","service_hours":"請逕洽詢該單位服務人員","phone":"03-3691253"}},{"type":"Feature","geometry":{"type":"Point","coordinates":[121.250298,24.941482]},"properties":{"uid":"welfare_09076","name":"邱欣禹物理治療所","welfare_class":"child_dev","address":"桃園市中壢區龍昌路8號","city":"桃園市","coord_source":"offline_l2","coord_precision":"exact","src_datasets":"130229","n_src":1,"unit_type":"衛生單位","service_mode":"時段","service_content":"物理治療","service_hours":"1.週一至週六:9時至20時；2.週日彈性調整","phone":"0926-654662"}},{"type":"Feature","geometry":{"type":"Point","coordinates":[121.256689,24.938009]},"properties":{"uid":"welfare_09077","name":"關鍵語言","welfare_class":"child_dev","address":"桃園市中壢區台貿二街92號","city":"桃園市","coord_source":"offline_l2","coord_precision":"exact","src_datasets":"130229","n_src":1,"unit_type":"衛生單位","service_mode":"時段","service_content":"語言治療","service_hours":"週一至週四:8時至21時","phone":"03-4364329、0958-021211"}},{"type":"Feature","geometry":{"type":"Point","coordinates":[121.212831,24.960048]},"properties":{"uid":"welfare_09078","name":"立倫診所","welfare_class":"child_dev","address":"桃園市中壢區中央西路二段208號","city":"桃園市","coord_source":"offline_l1","coord_precision":"cached","src_datasets":"130229","n_src":1,"unit_type":"衛生單位","service_mode":"時段","service_content":"物理、職能、語言治療","service_hours":"週一至週六:8時30分至22時","phone":"03-4953287"}},{"type":"Feature","geometry":{"type":"Point","coordinates":[121.22907,24.962598]},"properties":{"uid":"welfare_09079","name":"天成醫療社團法人天晟醫院","welfare_class":"child_dev","address":"桃園市中壢區延平路155號","city":"桃園市","coord_source":"offline_l1","coord_precision":"cached","src_datasets":"130229","n_src":1,"unit_type":"衛生單位","service_mode":"時段","service_content":"物理治療、職能治療、語言治療、心理治療、聽語治療、感覺統合","service_hours":"週一至週五:8時30分至21時","phone":"03-4629292分機22211"}},{"type":"Feature","geometry":{"type":"Point","coordinates":[121.257833,24.964415]},"properties":{"uid":"welfare_09080","name":"中壢長榮醫院(復健科)","welfare_class":"child_dev","address":"桃園市中壢區環中東路150號","city":"桃園市","coord_source":"offline_l1","coord_precision":"cached","src_datasets":"130229","n_src":1,"unit_type":"衛生單位","service_mode":"時段","service_content":"物理治療、職能治療、語言治療、認知訓練、感覺統合","service_hours":"週一至週五:13時至21時30分","phone":"03-4631230分機5121、5122"}},{"type":"Feature","geometry":{"type":"Point","coordinates":[121.229983,24.953147]},"properties":{"uid":"welfare_09081","name":"華揚醫院","welfare_class":"child_dev","address":"桃園市中壢區中北路二段316號6樓","city":"桃園市","coord_source":"offline_l1","coord_precision":"cached","src_datasets":"130229","n_src":1,"unit_type":"衛生單位","service_mode":"時段","service_content":"物理治療、職能治療、語言治療、心理治療、認知訓練、聽語治療、感覺統合、行為治療","service_hours":"週一至週五:8時至21時","phone":"03-4577200分機0605"}},{"type":"Feature","geometry":{"type":"Point","coordinates":[121.216078,24.958472]},"properties":{"uid":"welfare_09082","name":"大林復健診所","welfare_class":"child_dev","address":"桃園市中壢區中央西路二段80號","city":"桃園市","coord_source":"offline_l1","coord_precision":"cached","src_datasets":"130229","n_src":1,"unit_type":"衛生單位","service_mode":"時段","service_content":"物理治療、職能治療(視動認知)、感覺統合","service_hours":"週一至週五:13時至20時","phone":"03-4951671"}},{"type":"Feature","geometry":{"type":"Point","coordinates":[121.232514,24.953508]},"properties":{"uid":"welfare_09083","name":"聯新診所","welfare_class":"child_dev","address":"桃園市中壢區福州路21號","city":"桃園市","coord_source":"offline_l1","coord_precision":"cached","src_datasets":"130229","n_src":1,"unit_type":"衛生單位","service_mode":"時段","service_content":"物理、職能、語言治療","service_hours":"1.週一至週五:8時30分至12時、14時至17時30分、18時30分至21時30分；2.週六:彈性調整","phone":"03-4379595分機201"}},{"type":"Feature","geometry":{"type":"Point","coordinates":[121.255069,24.976023]},"properties":{"uid":"welfare_09084","name":"正倫診所","welfare_class":"child_dev","address":"桃園市中壢區忠孝路151號","city":"桃園市","coord_source":"offline_l2","coord_precision":"exact","src_datasets":"130229","n_src":1,"unit_type":"衛生單位","service_mode":"時段","service_content":"物理治療","service_hours":"請逕洽詢該單位服務人員","phone":"03-4354634"}},{"type":"Feature","geometry":{"type":"Point","coordinates":[121.227711,24.957178]},"properties":{"uid":"welfare_09085","name":"復康堡復健科診所","welfare_class":"child_dev","address":"桃園市中壢區元化路41號1-5樓","city":"桃園市","coord_source":"offline_l1","coord_precision":"cached","src_datasets":"130229","n_src":1,"unit_type":"衛生單位","service_mode":"時段","service_content":"物理治療、職能治療","service_hours":"請逕洽詢該單位服務人員","phone":"03-4252520"}},{"type":"Feature","geometry":{"type":"Point","coordinates":[121.225105,24.958635]},"properties":{"uid":"welfare_09086","name":"中美醫院","welfare_class":"child_dev","address":"桃園市中壢區中美路95號","city":"桃園市","coord_source":"offline_l1","coord_precision":"cached","src_datasets":"130229","n_src":1,"unit_type":"衛生單位","service_mode":"時段","service_content":"物理治療、職能治療、語言治療","service_hours":"週一到週五:8時至12時；13時至21時","phone":"03-4266222"}},{"type":"Feature","geometry":{"type":"Point","coordinates":[121.24637,24.94799]},"properties":{"uid":"welfare_09087","name":"長慎醫院","welfare_class":"child_dev","address":"桃園市中壢區中山東路二段525號","city":"桃園市","coord_source":"offline_l1","coord_precision":"cached","src_datasets":"130229","n_src":1,"unit_type":"衛生單位","service_mode":"時段","service_content":"物理治療、職能治療、語言治療、認知訓練、聽語治療、感覺統合","service_hours":"週一至週五:8時至12時；13時至17時；17時至21時","phone":"03-4569779"}},{"type":"Feature","geometry":{"type":"Point","coordinates":[121.205555,24.961532]},"properties":{"uid":"welfare_09088","name":"懷寧醫院","welfare_class":"child_dev","address":"桃園市中壢區志廣路119號","city":"桃園市","coord_source":"offline_l1","coord_precision":"cached","src_datasets":"130229","n_src":1,"unit_type":"衛生單位","service_mode":"時段","service_content":"物理治療、職能治療、認知訓練、感覺統合、行為治療","service_hours":"週一至週五:8時至12時；13時至17時；17時30分至21時","phone":"03-4919119"}},{"type":"Feature","geometry":{"type":"Point","coordinates":[121.257274,24.963449]},"properties":{"uid":"welfare_09089","name":"安倫診所","welfare_class":"child_dev","address":"桃園市中壢區環中東路241號1樓","city":"桃園市","coord_source":"offline_l1","coord_precision":"cached","src_datasets":"130229","n_src":1,"unit_type":"衛生單位","service_mode":"時段","service_content":"物理治療、職能治療","service_hours":"週一至週六:8時至22時","phone":"03-4635000"}},{"type":"Feature","geometry":{"type":"Point","coordinates":[121.256834,24.973274]},"properties":{"uid":"welfare_09090","name":"擁晴居家職能治療所","welfare_class":"child_dev","address":"桃園市中壢區興農路80號3樓B室","city":"桃園市","coord_source":"offline_l15","coord_precision":"interpolated","src_datasets":"130229","n_src":1,"unit_type":"衛生單位","service_mode":"時段","service_content":"職能治療","service_hours":"請逕洽該單位服務人員","phone":"0968-768818"}},{"type":"Feature","geometry":{"type":"Point","coordinates":[121.215742,24.959126]},"properties":{"uid":"welfare_09091","name":"新明國小","welfare_class":"child_dev","address":"桃園市中壢區中央西路二段97號","city":"桃園市","coord_source":"offline_l2","coord_precision":"exact","src_datasets":"130229","n_src":1,"unit_type":"教育單位","service_mode":"日間、時段","service_content":"集中式特殊教育班、不分類巡迴輔導班","service_hours":"請逕洽詢該單位服務人員","phone":"03-4933262"}},{"type":"Feature","geometry":{"type":"Point","coordinates":[121.258952,24.973792]},"properties":{"uid":"welfare_09092","name":"內壢國小","welfare_class":"child_dev","address":"桃園市中壢區福德路20號320 號","city":"桃園市","coord_source":"offline_l15","coord_precision":"interpolated","src_datasets":"130229","n_src":1,"unit_type":"教育單位","service_mode":"日間、時段","service_content":"集中式特殊教育班、巡迴輔導班","service_hours":"請逕洽詢該單位服務人員","phone":"03-4635888"}},{"type":"Feature","geometry":{"type":"Point","coordinates":[121.229829,24.942281]},"properties":{"uid":"welfare_09093","name":"龍岡國小","welfare_class":"child_dev","address":"桃園市中壢區龍岡路二段232號","city":"桃園市","coord_source":"offline_l2","coord_precision":"exact","src_datasets":"130229","n_src":1,"unit_type":"教育單位","service_mode":"日間","service_content":"集中式特殊教育班","service_hours":"請逕洽詢該單位服務人員","phone":"03-4588582"}},{"type":"Feature","geometry":{"type":"Point","coordinates":[121.240755,24.957441]},"properties":{"uid":"welfare_09094","name":"財團法人雅文兒童聽語文教基金會","welfare_class":"child_dev","address":"桃園市中壢區中北路200號","city":"桃園市","coord_source":"offline_l1","coord_precision":"cached","src_datasets":"130229","n_src":1,"unit_type":"社福單位","service_mode":"時段","service_content":"聽語訓練","service_hours":"請逕洽詢該單位服務人員","phone":"03-2658070"}},{"type":"Feature","geometry":{"type":"Point","coordinates":[121.213863,24.875063]},"properties":{"uid":"welfare_09095","name":"敏盛綜合醫院龍潭分院(復健科)","welfare_class":"child_dev","address":"桃園市龍潭區中豐路168號","city":"桃園市","coord_source":"offline_l1","coord_precision":"cached","src_datasets":"130229","n_src":1,"unit_type":"衛生單位","service_mode":"時段","service_content":"物理治療、職能治療、語言治療","service_hours":"週一至週五:13時至17時","phone":"03-4794151分機1120"}},{"type":"Feature","geometry":{"type":"Point","coordinates":[121.235947,24.877055]},"properties":{"uid":"welfare_09096","name":"國軍桃園總醫院附設民眾診療服務處","welfare_class":"child_dev","address":"桃園市龍潭區中興路168號","city":"桃園市","coord_source":"offline_l1","coord_precision":"cached","src_datasets":"130229","n_src":1,"unit_type":"衛生單位","service_mode":"時段","service_content":"物理治療、職能治療、語言治療、感覺統合","service_hours":"週一至週五:8時至12時；14時至17時","phone":"03-4807777分機325142"}},{"type":"Feature","geometry":{"type":"Point","coordinates":[121.217971,24.862749]},"properties":{"uid":"welfare_09097","name":"龍星國小","welfare_class":"child_dev","address":"桃園市龍潭區中正路269 號","city":"桃園市","coord_source":"offline_l2","coord_precision":"exact","src_datasets":"130229","n_src":1,"unit_type":"教育單位","service_mode":"日間、時段","service_content":"集中式特殊教育班、巡迴輔導班","service_hours":"請逕洽詢該單位服務人員","phone":"03-4797299"}},{"type":"Feature","geometry":{"type":"Point","coordinates":[121.234572,24.870849]},"properties":{"uid":"welfare_09098","name":"武漢國小","welfare_class":"child_dev","address":"桃園市龍潭區武漢里12鄰武漢路100號","city":"桃園市","coord_source":"offline_l2","coord_precision":"exact","src_datasets":"130229","n_src":1,"unit_type":"教育單位","service_mode":"時段","service_content":"不分類巡迴輔導班","service_hours":"請逕洽詢該單位服務人員","phone":"03-4792873"}},{"type":"Feature","geometry":{"type":"Point","coordinates":[121.205377,24.942018]},"properties":{"uid":"welfare_09099","name":"聯新國際醫院","welfare_class":"child_dev","address":"桃園市平鎮區廣泰路77號","city":"桃園市","coord_source":"offline_l15","coord_precision":"interpolated","src_datasets":"130229","n_src":1,"unit_type":"衛生單位","service_mode":"時段","service_content":"物理治療、職能治療、語言治療、心理治療、認知訓練、聽語治療、感覺統合、行為治療","service_hours":"1.  週一至週五:8時30分至12時30分、14時至17時、18時30分至21時30分；2.  週六:8時30分至12時30分","phone":"03-4941234"}},{"type":"Feature","geometry":{"type":"Point","coordinates":[121.220102,24.948557]},"properties":{"uid":"welfare_09100","name":"聲暉協進會","welfare_class":"child_dev","address":"桃園巿平鎮區承德路8巷22號","city":"桃園市","coord_source":"google","coord_precision":"exact","src_datasets":"130229","n_src":1,"unit_type":"社福單位","service_mode":"時段","service_content":"聽語訓練","service_hours":"週一至週五:9時至17時","phone":"03-2841540 03-2841844"}},{"type":"Feature","geometry":{"type":"Point","coordinates":[121.20677,24.940735]},"properties":{"uid":"welfare_09101","name":"宋屋國小","welfare_class":"child_dev","address":"桃園市平鎮區延平路2段389號","city":"桃園市","coord_source":"offline_l2","coord_precision":"exact","src_datasets":"130229","n_src":1,"unit_type":"教育單位","service_mode":"日間、時段","service_content":"集中式特殊教育班、巡迴輔導班","service_hours":"請逕洽詢該單位服務人員","phone":"03-4933654"}},{"type":"Feature","geometry":{"type":"Point","coordinates":[121.250146,24.922738]},"properties":{"uid":"welfare_09102","name":"忠貞國小","welfare_class":"child_dev","address":"桃園縣平鎮市龍南路315號","city":"桃園市","coord_source":"google","coord_precision":"exact","src_datasets":"130229","n_src":1,"unit_type":"教育單位","service_mode":"時段","service_content":"不分類巡迴輔導班","service_hours":"請逕洽詢該單位服務人員","phone":"03-4501450"}},{"type":"Feature","geometry":{"type":"Point","coordinates":[121.209625,24.950214]},"properties":{"uid":"welfare_09103","name":"義興國小","welfare_class":"child_dev","address":"桃園市平鎮區義興街55號","city":"桃園市","coord_source":"offline_l2","coord_precision":"exact","src_datasets":"130229","n_src":1,"unit_type":"教育單位","service_mode":"日間","service_content":"集中式特殊教育班","service_hours":"請逕洽詢該單位服務人員","phone":"03-4913700"}},{"type":"Feature","geometry":{"type":"Point","coordinates":[121.146863,24.908371]},"properties":{"uid":"welfare_09104","name":"天成醫院","welfare_class":"child_dev","address":"桃園市楊梅區新成路196號","city":"桃園市","coord_source":"offline_l2","coord_precision":"exact","src_datasets":"130229","n_src":1,"unit_type":"衛生單位","service_mode":"時段","service_content":"物理治療、職能治療、語言治療、認知訓練、感覺統合、行為治療","service_hours":"週一至週五:13時至21時","phone":"03-4782350分機62211"}},{"type":"Feature","geometry":{"type":"Point","coordinates":[121.15712,24.908844]},"properties":{"uid":"welfare_09105","name":"怡仁綜合醫院","welfare_class":"child_dev","address":"桃園市楊梅區中山北路1段356號","city":"桃園市","coord_source":"offline_l1","coord_precision":"cached","src_datasets":"130229","n_src":1,"unit_type":"衛生單位","service_mode":"時段","service_content":"物理治療、職能治療","service_hours":"請逕洽詢該單位服務人員","phone":"03-4855566"}},{"type":"Feature","geometry":{"type":"Point","coordinates":[121.18186,24.909034]},"properties":{"uid":"welfare_09106","name":"楊梅普心復健骨科診所","welfare_class":"child_dev","address":"桃園市楊梅區瑞溪路2段160號1樓及2樓","city":"桃園市","coord_source":"offline_l1","coord_precision":"cached","src_datasets":"130229","n_src":1,"unit_type":"衛生單位","service_mode":"時段","service_content":"物理治療、職能治療、認知訓練、感覺統合、行為治療","service_hours":"請逕洽詢該單位服務人員","phone":"03-4820508"}},{"type":"Feature","geometry":{"type":"Point","coordinates":[121.146766,24.912441]},"properties":{"uid":"welfare_09107","name":"新成復健科診所","welfare_class":"child_dev","address":"桃園市楊梅區新成路36號1、2樓","city":"桃園市","coord_source":"offline_l15","coord_precision":"interpolated","src_datasets":"130229","n_src":1,"unit_type":"衛生單位","service_mode":"時段","service_content":"物理治療、職能治療","service_hours":"請逕洽詢該單位服務人員","phone":"03-4781893"}},{"type":"Feature","geometry":{"type":"Point","coordinates":[121.172123,24.92031]},"properties":{"uid":"welfare_09108","name":"晨光職能治療所","welfare_class":"child_dev","address":"桃園市楊梅區青山二街379巷2號1樓","city":"桃園市","coord_source":"offline_l1","coord_precision":"cached","src_datasets":"130229","n_src":1,"unit_type":"衛生單位","service_mode":"時段","service_content":"職能治療","service_hours":"請逕洽詢該單位服務人員","phone":"0927-453339"}},{"type":"Feature","geometry":{"type":"Point","coordinates":[121.182016,24.90959]},"properties":{"uid":"welfare_09109","name":"瑞溪復健科診所","welfare_class":"child_dev","address":"桃園市楊梅區瑞溪路二段189號1樓至4樓","city":"桃園市","coord_source":"offline_l1","coord_precision":"cached","src_datasets":"130229","n_src":1,"unit_type":"衛生單位","service_mode":"時段","service_content":"物理治療、職能治療、語言治療","service_hours":"1.週一至週五:8時至21時；2.週六: 8時至17時；語言治療時間請逕洽詢該單位服務人員","phone":"03-4820343"}},{"type":"Feature","geometry":{"type":"Point","coordinates":[121.15683,24.910416]},"properties":{"uid":"welfare_09110","name":"新楊梅診所","welfare_class":"child_dev","address":"桃園市楊梅區環東路476號","city":"桃園市","coord_source":"offline_l1","coord_precision":"cached","src_datasets":"130229","n_src":1,"unit_type":"衛生單位","service_mode":"時段","service_content":"兒童注意力評估及專注訓練、心理諮商、音樂治療","service_hours":"請逕洽詢該單位服務人員","phone":"03-4856530"}},{"type":"Feature","geometry":{"type":"Point","coordinates":[121.159079,24.911465]},"properties":{"uid":"welfare_09111","name":"楊明國小","welfare_class":"child_dev","address":"桃園市楊梅區中山北路一段390巷50號","city":"桃園市","coord_source":"offline_l2","coord_precision":"exact","src_datasets":"130229","n_src":1,"unit_type":"教育單位","service_mode":"日間","service_content":"集中式特殊教育班","service_hours":"請逕洽詢該單位服務人員","phone":"03-4754929"}},{"type":"Feature","geometry":{"type":"Point","coordinates":[121.143002,24.912118]},"properties":{"uid":"welfare_09112","name":"楊心國小","welfare_class":"child_dev","address":"桃園市楊梅區金華街100號","city":"桃園市","coord_source":"offline_l2","coord_precision":"exact","src_datasets":"130229","n_src":1,"unit_type":"教育單位","service_mode":"時段","service_content":"不分類巡迴輔導班","service_hours":"請逕洽詢該單位服務人員","phone":"03-4758680"}},{"type":"Feature","geometry":{"type":"Point","coordinates":[121.14926,24.909738]},"properties":{"uid":"welfare_09113","name":"大同國小","welfare_class":"child_dev","address":"桃園市楊梅區新農街85號","city":"桃園市","coord_source":"offline_l2","coord_precision":"exact","src_datasets":"130229","n_src":1,"unit_type":"教育單位","service_mode":"日間","service_content":"集中式特殊教育班","service_hours":"請逕洽詢該單位服務人員","phone":"03-4782249"}},{"type":"Feature","geometry":{"type":"Point","coordinates":[121.365609,25.057575]},"properties":{"uid":"welfare_09115","name":"健雄診所","welfare_class":"child_dev","address":"桃園市龜山區復興一路220號","city":"桃園市","coord_source":"offline_l1","coord_precision":"cached","src_datasets":"130229","n_src":1,"unit_type":"衛生單位","service_mode":"時段","service_content":"物理、職能治療","service_hours":"週一至週五:8時30分至21時30分","phone":"03-3182202"}},{"type":"Feature","geometry":{"type":"Point","coordinates":[121.367317,25.061318]},"properties":{"uid":"welfare_09116","name":"長庚醫療財團法人林口長庚紀念醫院","welfare_class":"child_dev","address":"桃園市龜山區復興街5號","city":"桃園市","coord_source":"offline_l1","coord_precision":"cached","src_datasets":"130229","n_src":1,"unit_type":"衛生單位","service_mode":"時段","service_content":"物理治療、職能治療、語言治療、藝術治療、心理輔導、音樂治療(自費)","service_hours":"週一至週五:8時30分至17時","phone":"03-3281200分機8147、8148"}},{"type":"Feature","geometry":{"type":"Point","coordinates":[121.366947,25.029312]},"properties":{"uid":"welfare_09117","name":"長庚醫療財團法人桃園長庚紀念醫院","welfare_class":"child_dev","address":"桃園市龜山區舊路里頂湖路123號","city":"桃園市","coord_source":"offline_l1","coord_precision":"cached","src_datasets":"130229","n_src":1,"unit_type":"衛生單位","service_mode":"時段","service_content":"物理治療、職能治療、語言治療、藝術治療、心理輔導、特殊教育、音樂治療、認知啟蒙(自費)","service_hours":"週一至週五:8時30分至17時","phone":"03-3196200分機2371"}},{"type":"Feature","geometry":{"type":"Point","coordinates":[121.407524,25.020141]},"properties":{"uid":"welfare_09118","name":"衛生福利部樂生療養院(迴龍院區)","welfare_class":"child_dev","address":"桃園市龜山區萬壽路1段50巷2號","city":"桃園市","coord_source":"offline_l2","coord_precision":"exact","src_datasets":"130229","n_src":1,"unit_type":"衛生單位","service_mode":"時段","service_content":"物理治療、職能治療、語言治療","service_hours":"請逕洽詢該單位服務人員","phone":"02-82006600分機2240"}},{"type":"Feature","geometry":{"type":"Point","coordinates":[121.364406,25.060614]},"properties":{"uid":"welfare_09119","name":"新田心理治療所","welfare_class":"child_dev","address":"桃園市龜山區文化二路28-1號4樓","city":"桃園市","coord_source":"offline_l2","coord_precision":"exact","src_datasets":"130229","n_src":1,"unit_type":"衛生單位","service_mode":"時段","service_content":"心理治療","service_hours":"請逕洽詢該單位服務人員","phone":"03-3970581"}},{"type":"Feature","geometry":{"type":"Point","coordinates":[121.33781,24.995363]},"properties":{"uid":"welfare_09120","name":"大明醫院復健科","welfare_class":"child_dev","address":"桃園市龜山區萬壽路二段964號","city":"桃園市","coord_source":"offline_l1","coord_precision":"cached","src_datasets":"130229","n_src":1,"unit_type":"衛生單位","service_mode":"時段","service_content":"物理治療、職能治療、語言治療、聽語治療、感覺統合、行為治療","service_hours":"週一至週五:8時至21時","phone":"03-3505092"}},{"type":"Feature","geometry":{"type":"Point","coordinates":[121.330941,24.987316]},"properties":{"uid":"welfare_09121","name":"本芯居家物理治療所","welfare_class":"child_dev","address":"桃園市龜山區中興路66號5樓","city":"桃園市","coord_source":"offline_l2","coord_precision":"exact","src_datasets":"130229","n_src":1,"unit_type":"衛生單位","service_mode":"時段","service_content":"物理治療","service_hours":"週一至週六 9時至12時；14時至17時","phone":"0952-620338"}},{"type":"Feature","geometry":{"type":"Point","coordinates":[121.357744,25.052327]},"properties":{"uid":"welfare_09122","name":"大崗國小","welfare_class":"child_dev","address":"桃園市龜山區大崗里20鄰大湖一路175號","city":"桃園市","coord_source":"offline_l1","coord_precision":"cached","src_datasets":"130229","n_src":1,"unit_type":"教育單位","service_mode":"日間","service_content":"集中式特殊教育班","service_hours":"請逕洽詢該單位服務人員","phone":"03-3282457"}},{"type":"Feature","geometry":{"type":"Point","coordinates":[121.314591,25.044998]},"properties":{"uid":"welfare_09123","name":"大坑國小","welfare_class":"child_dev","address":"桃園市龜山區大坑路一段850號","city":"桃園市","coord_source":"offline_l2","coord_precision":"exact","src_datasets":"130229","n_src":1,"unit_type":"教育單位","service_mode":"時段","service_content":"不分類巡迴輔導班","service_hours":"請逕洽詢該單位服務人員","phone":"03-3252430"}},{"type":"Feature","geometry":{"type":"Point","coordinates":[121.296951,25.04782]},"properties":{"uid":"welfare_09124","name":"南美國小","welfare_class":"child_dev","address":"桃園市龜山區南上路99號","city":"桃園市","coord_source":"offline_l1","coord_precision":"cached","src_datasets":"130229","n_src":1,"unit_type":"教育單位","service_mode":"日間","service_content":"不分類特教班","service_hours":"請逕洽詢該單位服務人員","phone":"03-3126250"}},{"type":"Feature","geometry":{"type":"Point","coordinates":[121.298897,24.954448]},"properties":{"uid":"welfare_09125","name":"李復健診所","welfare_class":"child_dev","address":"桃園市八德區介壽路二段135號5樓","city":"桃園市","coord_source":"offline_l2","coord_precision":"exact","src_datasets":"130229","n_src":1,"unit_type":"衛生單位","service_mode":"時段","service_content":"物理治療、職能治療、語言治療、感覺統合","service_hours":"1.週一、三、五:9時至12時；14時至21時；2.週二:9時至11時30分","phone":"03-3643470"}},{"type":"Feature","geometry":{"type":"Point","coordinates":[121.309741,24.974886]},"properties":{"uid":"welfare_09126","name":"福安居家物理治療所","welfare_class":"child_dev","address":"桃園市八德區樹仁三街601號","city":"桃園市","coord_source":"offline_l2","coord_precision":"exact","src_datasets":"130229","n_src":1,"unit_type":"衛生單位","service_mode":"時段","service_content":"物理治療","service_hours":"請逕洽詢該單位服務人員","phone":"0965-667316"}},{"type":"Feature","geometry":{"type":"Point","coordinates":[121.29849,24.958633]},"properties":{"uid":"welfare_09127","name":"大成國小","welfare_class":"child_dev","address":"桃園市八德區廣福路31號","city":"桃園市","coord_source":"offline_l2","coord_precision":"exact","src_datasets":"130229","n_src":1,"unit_type":"教育單位","service_mode":"日間","service_content":"集中式特殊教育班","service_hours":"請逕洽詢該單位服務人員","phone":"03-3661155"}},{"type":"Feature","geometry":{"type":"Point","coordinates":[121.298896,24.935706]},"properties":{"uid":"welfare_09128","name":"瑞豐國小","welfare_class":"child_dev","address":"桃園市八德區介壽路2段933巷40號","city":"桃園市","coord_source":"offline_l2","coord_precision":"exact","src_datasets":"130229","n_src":1,"unit_type":"教育單位","service_mode":"時段","service_content":"不分類巡迴輔導班","service_hours":"請逕洽詢該單位服務人員","phone":"03-3682787"}},{"type":"Feature","geometry":{"type":"Point","coordinates":[121.107189,24.969856]},"properties":{"uid":"welfare_09129","name":"衛生福利部桃園醫院新屋分院","welfare_class":"child_dev","address":"桃園市新屋區新福二路6號","city":"桃園市","coord_source":"offline_l1","coord_precision":"cached","src_datasets":"130229","n_src":1,"unit_type":"衛生單位","service_mode":"時段","service_content":"物理、職能、語言治療","service_hours":"1.週一、四:9時至11時30分；14時至16時30分；2.週二、三、五:9時至11時30分","phone":"03-4971989分機5161"}},{"type":"Feature","geometry":{"type":"Point","coordinates":[121.106762,24.97259]},"properties":{"uid":"welfare_09130","name":"兒童發展復健站(新屋站)","welfare_class":"child_dev","address":"桃園市新屋區新生村中山路239號","city":"桃園市","coord_source":"google","coord_precision":"exact","src_datasets":"130229","n_src":1,"unit_type":"衛生單位","service_mode":"時段","service_content":"物理、職能、語言治療","service_hours":"請逕洽詢該單位服務人員及桃園市政府衛生局長期照護網查詢","phone":"03-4772018分機36"}},{"type":"Feature","geometry":{"type":"Point","coordinates":[121.102033,24.974081]},"properties":{"uid":"welfare_09131","name":"新屋國小","welfare_class":"child_dev","address":"桃園市新屋區中正路196號","city":"桃園市","coord_source":"offline_l2","coord_precision":"exact","src_datasets":"130229","n_src":1,"unit_type":"教育單位","service_mode":"時段","service_content":"不分類巡迴輔導班","service_hours":"請逕洽詢該單位服務人員","phone":"03- 4772016"}},{"type":"Feature","geometry":{"type":"Point","coordinates":[121.137623,25.01292]},"properties":{"uid":"welfare_09132","name":"新坡國小","welfare_class":"child_dev","address":"桃園市觀音區中山路二段717號","city":"桃園市","coord_source":"offline_l2","coord_precision":"exact","src_datasets":"130229","n_src":1,"unit_type":"教育單位","service_mode":"日間","service_content":"集中式特殊教育班","service_hours":"請逕洽詢該單位服務人員","phone":"03-4981534"}},{"type":"Feature","geometry":{"type":"Point","coordinates":[121.300935,25.050201]},"properties":{"uid":"welfare_09133","name":"南崁國小","welfare_class":"child_dev","address":"桃園市蘆竹區長壽里吉林路160號","city":"桃園市","coord_source":"offline_l2","coord_precision":"exact","src_datasets":"130229","n_src":1,"unit_type":"教育單位","service_mode":"時段","service_content":"不分類巡迴輔導班","service_hours":"請逕洽詢該單位服務人員","phone":"03-3115578"}},{"type":"Feature","geometry":{"type":"Point","coordinates":[121.289697,25.046705]},"properties":{"uid":"welfare_09134","name":"錦興國小","welfare_class":"child_dev","address":"桃園市蘆竹區南竹路一段100號","city":"桃園市","coord_source":"offline_l2","coord_precision":"exact","src_datasets":"130229","n_src":1,"unit_type":"教育單位","service_mode":"日間","service_content":"集中式特殊教育班","service_hours":"請逕洽詢該單位服務人員","phone":"03-2723067"}},{"type":"Feature","geometry":{"type":"Point","coordinates":[121.29985,25.053914]},"properties":{"uid":"welfare_09135","name":"旭康診所","welfare_class":"child_dev","address":"桃園市蘆竹區中山路52-1號1樓、56號1樓","city":"桃園市","coord_source":"google","coord_precision":"exact","src_datasets":"130229","n_src":1,"unit_type":"衛生單位","service_mode":"時段","service_content":"物理治療、職能治療、語言治療","service_hours":"請逕洽詢該單位服務人員","phone":"03-3129011"}},{"type":"Feature","geometry":{"type":"Point","coordinates":[121.277398,24.897363]},"properties":{"uid":"welfare_09136","name":"仁和國小","welfare_class":"child_dev","address":"桃園市大溪區仁和二街50號","city":"桃園市","coord_source":"offline_l2","coord_precision":"exact","src_datasets":"130229","n_src":1,"unit_type":"教育單位","service_mode":"時段","service_content":"不分類巡迴輔導班","service_hours":"請逕洽詢該單位服務人員","phone":"03-3076626"}},{"type":"Feature","geometry":{"type":"Point","coordinates":[121.29215,24.880464]},"properties":{"uid":"welfare_09137","name":"田心國小","welfare_class":"child_dev","address":"桃園市大溪區文化路120號","city":"桃園市","coord_source":"offline_l2","coord_precision":"exact","src_datasets":"130229","n_src":1,"unit_type":"教育單位","service_mode":"日間","service_content":"集中式特殊教育班","service_hours":"請逕洽詢該單位服務人員","phone":"03-3872008"}},{"type":"Feature","geometry":{"type":"Point","coordinates":[121.286637,24.884204]},"properties":{"uid":"welfare_09138","name":"大溪國小","welfare_class":"child_dev","address":"桃園市大溪區登龍路19號","city":"桃園市","coord_source":"offline_l2","coord_precision":"exact","src_datasets":"130229","n_src":1,"unit_type":"教育單位","service_mode":"時段","service_content":"不分類巡迴輔導班","service_hours":"請逕洽詢該單位服務人員","phone":"03- 2728421"}},{"type":"Feature","geometry":{"type":"Point","coordinates":[121.2929,24.922048]},"properties":{"uid":"welfare_09139","name":"財團法人臺灣省天主教會新竹教區附設桃園市天使發展中心辦理大溪早療社區據點(王詹樣基金會補助)","welfare_class":"child_dev","address":"桃園市大溪區僑愛一街27號","city":"桃園市","coord_source":"offline_l2","coord_precision":"exact","src_datasets":"130229","n_src":1,"unit_type":"社福單位","service_mode":"時段、到宅","service_content":"1.社區據點服務、到宅療育、幼童發展評估、到園療育、社會福利諮詢、時段療育。2.服務大溪區、八德區。","service_hours":"請逕洽詢該單位服務人員","phone":"03-3078071"}},{"type":"Feature","geometry":{"type":"Point","coordinates":[121.225201,25.049073]},"properties":{"uid":"welfare_09140","name":"埔心國小","welfare_class":"child_dev","address":"桃園市大園區埔心里25鄰中正東路1段189巷35號","city":"桃園市","coord_source":"offline_l2","coord_precision":"exact","src_datasets":"130229","n_src":1,"unit_type":"教育單位","service_mode":"時段","service_content":"不分類巡迴輔導班","service_hours":"請逕洽詢該單位服務人員","phone":"03-3812304"}},{"type":"Feature","geometry":{"type":"Point","coordinates":[120.673692,24.139144]},"properties":{"uid":"welfare_09141","name":"承輝聽力所","welfare_class":"child_dev","address":"臺中市西區四維街158.160號1、2樓","city":"臺中市","coord_source":"google","coord_precision":"approximate","src_datasets":"130229","n_src":1,"unit_type":"衛生單位","service_mode":"時段","service_content":"自費:語言治療、認知學習","service_hours":"1.週一至週五:8時30分至12時；13時30分至18時；2.週六:8時30分至12時","phone":"04-22259666"}},{"type":"Feature","geometry":{"type":"Point","coordinates":[120.674588,24.142223]},"properties":{"uid":"welfare_09142","name":"向日葵復健科診所","welfare_class":"child_dev","address":"臺中市西區民權路153號1樓","city":"臺中市","coord_source":"offline_l1","coord_precision":"cached","src_datasets":"130229","n_src":1,"unit_type":"衛生單位","service_mode":"時段","service_content":"物理治療、職能治療、語言治療","service_hours":"請逕洽詢該單位服務人員","phone":"04-22271717"}},{"type":"Feature","geometry":{"type":"Point","coordinates":[120.655303,24.148458]},"properties":{"uid":"welfare_09143","name":"十方復健科診所","welfare_class":"child_dev","address":"臺中市西區精誠路195號","city":"臺中市","coord_source":"offline_l1","coord_precision":"cached","src_datasets":"130229","n_src":1,"unit_type":"衛生單位","service_mode":"時段","service_content":"物理治療、職能治療","service_hours":"請逕洽詢該單位服務人員","phone":"04-23106610"}},{"type":"Feature","geometry":{"type":"Point","coordinates":[120.675711,24.140226]},"properties":{"uid":"welfare_09144","name":"衛生福利部臺中醫院","welfare_class":"child_dev","address":"臺中市西區三民路一段199號","city":"臺中市","coord_source":"offline_l1","coord_precision":"cached","src_datasets":"130229","n_src":1,"unit_type":"衛生單位","service_mode":"時段","service_content":"物理治療、職能治療、語言治療、特殊團體、心理治療","service_hours":"請逕洽詢該單位服務人員","phone":"04-22294411；復健科：分機5301、5300；小兒心智科：分機5652、5653 　"}},{"type":"Feature","geometry":{"type":"Point","coordinates":[120.658611,24.144226]},"properties":{"uid":"welfare_09145","name":"核甜語言治療所","welfare_class":"child_dev","address":"臺中市西區民生路523號","city":"臺中市","coord_source":"offline_l15","coord_precision":"interpolated","src_datasets":"130229","n_src":1,"unit_type":"衛生單位","service_mode":"時段","service_content":"自費：語言治療","service_hours":"請逕洽詢該單位服務人員","phone":"0928-153389"}},{"type":"Feature","geometry":{"type":"Point","coordinates":[120.66715,24.143093]},"properties":{"uid":"welfare_09146","name":"社團法人中華民國唐氏症關愛者協會","welfare_class":"child_dev","address":"臺中市西區自治街226號6樓","city":"臺中市","coord_source":"offline_l1","coord_precision":"cached","src_datasets":"130229","n_src":1,"unit_type":"社福單位","service_mode":"時段","service_content":"自費：認知學習、語言治療","service_hours":"週一至週六:8時至21時","phone":"04-23786166"}},{"type":"Feature","geometry":{"type":"Point","coordinates":[120.669906,24.133424]},"properties":{"uid":"welfare_09147","name":"臺中市惠永多元發展復健教育協會","welfare_class":"child_dev","address":"臺中市西區三民路一段103號2樓之2","city":"臺中市","coord_source":"offline_l1","coord_precision":"cached","src_datasets":"130229","n_src":1,"unit_type":"社福單位","service_mode":"時段","service_content":"自費：語言治療、職能治療、認知學習、音樂治療、物理治療","service_hours":"1.週一至週五:8時30分至12時；13時30分至20時；2.週六:9時至12時","phone":"04-23711110"}},{"type":"Feature","geometry":{"type":"Point","coordinates":[120.66563,24.133978]},"properties":{"uid":"welfare_09148","name":"財團法人瑪利亞社會福利基金會附設瑪利亞啟智學園(身心礙障福利機構兼辦早療業務)","welfare_class":"child_dev","address":"臺中市西區柳川東路二段76巷2號","city":"臺中市","coord_source":"offline_l2","coord_precision":"exact","src_datasets":"130229","n_src":1,"unit_type":"社福單位","service_mode":"日間","service_hours":"請逕洽詢該單位服務人員","phone":"04-23716701"}},{"type":"Feature","geometry":{"type":"Point","coordinates":[120.652525,24.145557]},"properties":{"uid":"welfare_09149","name":"臺中市第一區兒童發展社區資源中心","welfare_class":"child_dev","address":"臺中市西區東興路3段11巷13號","city":"臺中市","coord_source":"offline_l15","coord_precision":"interpolated","src_datasets":"130229","n_src":1,"unit_type":"社福單位","service_mode":"到宅","service_content":"1.     辦理社區化服務：社區融合、社區接納、社區資源聯繫。2.     服務西區、西屯區、中區。","service_hours":"週一至週五8時至17時","phone":"04-24715220"}},{"type":"Feature","geometry":{"type":"Point","coordinates":[120.672287,24.137791]},"properties":{"uid":"welfare_09150","name":"忠孝國小附設幼兒園","welfare_class":"child_dev","address":"臺中市西區三民路一段171號","city":"臺中市","coord_source":"offline_l2","coord_precision":"exact","src_datasets":"130229","n_src":1,"unit_type":"教育單位","service_mode":"日間","service_content":"集中式特殊教育班","service_hours":"請逕洽詢該單位服務人員","phone":"04-22242161"}},{"type":"Feature","geometry":{"type":"Point","coordinates":[120.659586,24.15978]},"properties":{"uid":"welfare_09151","name":"忠明國小附設幼兒園","welfare_class":"child_dev","address":"臺中市西區臺灣大道二段556號","city":"臺中市","coord_source":"offline_l2","coord_precision":"exact","src_datasets":"130229","n_src":1,"unit_type":"教育單位","service_mode":"時段","service_content":"不分類巡迴輔導班","service_hours":"請逕洽詢該單位服務人員","phone":"04-23172860"}},{"type":"Feature","geometry":{"type":"Point","coordinates":[120.667566,24.138875]},"properties":{"uid":"welfare_09152","name":"忠信國小附設幼兒園","welfare_class":"child_dev","address":"臺中市西區林森路155號","city":"臺中市","coord_source":"offline_l2","coord_precision":"exact","src_datasets":"130229","n_src":1,"unit_type":"教育單位","service_mode":"時段","service_content":"不分類巡迴輔導班","service_hours":"請逕洽詢該單位服務人員","phone":"04-23722866"}},{"type":"Feature","geometry":{"type":"Point","coordinates":[120.671791,24.143392]},"properties":{"uid":"welfare_09153","name":"國立臺中教育大學","welfare_class":"child_dev","address":"臺中市西區民生路140號","city":"臺中市","coord_source":"offline_l1","coord_precision":"cached","src_datasets":"130229","n_src":1,"unit_type":"教育單位","service_mode":"時段","service_content":"自費:職能治療、語言治療、認知學習","service_hours":"週一至週五:9時至21時","phone":"04-22183385"}},{"type":"Feature","geometry":{"type":"Point","coordinates":[120.708045,24.141303]},"properties":{"uid":"welfare_09154","name":"社團法人臺灣應用行為分析協會","welfare_class":"child_dev","address":"臺中市東區東英七街176號","city":"臺中市","coord_source":"offline_l15","coord_precision":"interpolated","src_datasets":"130229","n_src":1,"unit_type":"社福單位","service_mode":"時段","service_content":"自費：認知學習","service_hours":"週一至週五:9時至17時","phone":"04-22134131"}},{"type":"Feature","geometry":{"type":"Point","coordinates":[120.694967,24.138229]},"properties":{"uid":"welfare_09156","name":"樂業國小附設幼兒園","welfare_class":"child_dev","address":"臺中市東區樂業路60號","city":"臺中市","coord_source":"offline_l2","coord_precision":"exact","src_datasets":"130229","n_src":1,"unit_type":"教育單位","service_mode":"日間、時段","service_content":"集中式特殊教育班、不分類巡迴輔導班","service_hours":"請逕洽詢該單位服務人員","phone":"04-22121293"}},{"type":"Feature","geometry":{"type":"Point","coordinates":[120.705532,24.130319]},"properties":{"uid":"welfare_09157","name":"臺新醫院","welfare_class":"child_dev","address":"臺中市東區振興路441號","city":"臺中市","coord_source":"offline_l15","coord_precision":"interpolated","src_datasets":"130229","n_src":1,"unit_type":"衛生單位","service_mode":"時段","service_content":"物理治療、職能治療、語言治療","service_hours":"請逕洽詢該單位服務人員","phone":"04-22139966分機266"}},{"type":"Feature","geometry":{"type":"Point","coordinates":[120.705436,24.148147]},"properties":{"uid":"welfare_09158","name":"精武復健科診所","welfare_class":"child_dev","address":"臺中市東區精武東路13號","city":"臺中市","coord_source":"offline_l15","coord_precision":"interpolated","src_datasets":"130229","n_src":1,"unit_type":"衛生單位","service_mode":"時段","service_content":"物理治療、職能治療、語言治療","service_hours":"物理治療、職能治療、語言治療","phone":"04-22155511"}},{"type":"Feature","geometry":{"type":"Point","coordinates":[120.694796,24.142551]},"properties":{"uid":"welfare_09159","name":"中國醫藥大學附設醫院臺中東區分院","welfare_class":"child_dev","address":"臺中市東區自由路3段296號5樓","city":"臺中市","coord_source":"offline_l1","coord_precision":"cached","src_datasets":"130229","n_src":1,"unit_type":"衛生單位","service_mode":"時段","service_content":"物理治療、職能治療、語言治療","service_hours":"請逕洽詢該單位服務人員","phone":"04-22121058分機1505"}},{"type":"Feature","geometry":{"type":"Point","coordinates":[120.68161,24.142603]},"properties":{"uid":"welfare_09160","name":"澄清綜合醫院","welfare_class":"child_dev","address":"臺中市中區平等街139號","city":"臺中市","coord_source":"offline_l1","coord_precision":"cached","src_datasets":"130229","n_src":1,"unit_type":"衛生單位","service_mode":"時段","service_content":"物理治療、職能治療","service_hours":"請逕洽詢該單位服務人員","phone":"04-24632000"}},{"type":"Feature","geometry":{"type":"Point","coordinates":[120.68036,24.143565]},"properties":{"uid":"welfare_09161","name":"光復國小附設幼兒園","welfare_class":"child_dev","address":"臺中市中區三民路二段148號","city":"臺中市","coord_source":"offline_l15","coord_precision":"interpolated","src_datasets":"130229","n_src":1,"unit_type":"教育單位","service_mode":"時段","service_content":"不分類巡迴輔導班","service_hours":"請逕洽詢該單位服務人員","phone":"04-22294174"}},{"type":"Feature","geometry":{"type":"Point","coordinates":[120.682676,24.159459]},"properties":{"uid":"welfare_09162","name":"財團法人臺中市私立中杏社會福利基金會（北區）","welfare_class":"child_dev","address":"臺中市北區健行路375號4樓","city":"臺中市","coord_source":"offline_l15","coord_precision":"interpolated","src_datasets":"130229","n_src":1,"unit_type":"社福單位","service_mode":"時段","service_content":"職能治療、感覺統合、物理治療、認知學習、語言治療、戲劇治療、藝術治療、音樂治療","service_hours":"1.週一至週五:8時至21時；2.週六、日:8時至18時","phone":"04-22359622"}},{"type":"Feature","geometry":{"type":"Point","coordinates":[120.681907,24.155547]},"properties":{"uid":"welfare_09163","name":"中國醫藥大學兒童醫院","welfare_class":"child_dev","address":"臺中市北區學士路95號","city":"臺中市","coord_source":"offline_l15","coord_precision":"interpolated","src_datasets":"130229","n_src":1,"unit_type":"衛生單位","service_mode":"時段","service_content":"物理治療、職能治療、語言治療；自費:遊戲治療、心理治療、音樂治療、藝術治療","service_hours":"週一至週六採預約制","phone":"04-22052121分機2129、2130"}},{"type":"Feature","geometry":{"type":"Point","coordinates":[120.677056,24.15082]},"properties":{"uid":"welfare_09164","name":"康明診所","welfare_class":"child_dev","address":"臺中市北區五權路232號5樓","city":"臺中市","coord_source":"offline_l1","coord_precision":"cached","src_datasets":"130229","n_src":1,"unit_type":"衛生單位","service_mode":"時段","service_content":"物理治療、職能治療、語言治療","service_hours":"請逕洽詢該單位服務人員","phone":"04-22027000"}},{"type":"Feature","geometry":{"type":"Point","coordinates":[120.690371,24.157589]},"properties":{"uid":"welfare_09165","name":"仁輔職能治療所","welfare_class":"child_dev","address":"臺中市北區雙十路二段139號2樓之1","city":"臺中市","coord_source":"offline_l1","coord_precision":"cached","src_datasets":"130229","n_src":1,"unit_type":"衛生單位","service_mode":"時段","service_content":"自費:職能治療、感覺統合、認知學習、音樂治療","service_hours":"1.週一至週五:9時至20時；2.週六:9時至18時","phone":"04-22330912"}},{"type":"Feature","geometry":{"type":"Point","coordinates":[120.692275,24.155458]},"properties":{"uid":"welfare_09166","name":"韓老師語言治療所","welfare_class":"child_dev","address":"臺中市北區興進路207號1-2樓","city":"臺中市","coord_source":"offline_l15","coord_precision":"interpolated","src_datasets":"130229","n_src":1,"unit_type":"衛生單位","service_mode":"時段","service_content":"自費:認知學習、語言治療","service_hours":"1.週一至週五:9時至21時；2.週六:9時至17時","phone":"04-22339412"}},{"type":"Feature","geometry":{"type":"Point","coordinates":[120.672238,24.157381]},"properties":{"uid":"welfare_09167","name":"菁華語言治療所","welfare_class":"child_dev","address":"臺中市北區華中街35號","city":"臺中市","coord_source":"offline_l15","coord_precision":"interpolated","src_datasets":"130229","n_src":1,"unit_type":"衛生單位","service_mode":"時段","service_content":"自費:語言治療、音樂治療","service_hours":"請逕洽詢該單位服務人員","phone":"0913-311536"}},{"type":"Feature","geometry":{"type":"Point","coordinates":[120.688794,24.157235]},"properties":{"uid":"welfare_09168","name":"童心職能治療所","welfare_class":"child_dev","address":"臺中市北區三民路3段313號5樓之2","city":"臺中市","coord_source":"offline_l1","coord_precision":"cached","src_datasets":"130229","n_src":1,"unit_type":"衛生單位","service_mode":"時段","service_content":"自費:職能治療、感覺統合、認知學習","service_hours":"請逕洽詢該單位服務人員","phone":"04-22333727"}},{"type":"Feature","geometry":{"type":"Point","coordinates":[120.688516,24.152439]},"properties":{"uid":"welfare_09169","name":"臺安醫院雙十分院","welfare_class":"child_dev","address":"臺中市北區雙十路2段29號","city":"臺中市","coord_source":"offline_l1","coord_precision":"cached","src_datasets":"130229","n_src":1,"unit_type":"衛生單位","service_mode":"時段","service_content":"物理治療、職能治療、語言治療；自費:音樂治療","service_hours":"週一至週五:9時至21時","phone":"04-22254797"}},{"type":"Feature","geometry":{"type":"Point","coordinates":[120.673467,24.165696]},"properties":{"uid":"welfare_09170","name":"惠好復健科診所","welfare_class":"child_dev","address":"臺中市北區中清路1段450號","city":"臺中市","coord_source":"offline_l15","coord_precision":"interpolated","src_datasets":"130229","n_src":1,"unit_type":"衛生單位","service_mode":"時段","service_content":"職能治療、語言治療","service_hours":"請逕洽詢該單位服務人員","phone":"04-22081328"}},{"type":"Feature","geometry":{"type":"Point","coordinates":[120.68021,24.166894]},"properties":{"uid":"welfare_09171","name":"臺中市兒童多元發展教育協會","welfare_class":"child_dev","address":"臺中市北區漢口路4段202號5樓","city":"臺中市","coord_source":"offline_l15","coord_precision":"interpolated","src_datasets":"130229","n_src":1,"unit_type":"社福單位","service_mode":"時段","service_content":"自費:職能治療、語言治療、感覺統合、認知學習、物理治療、音樂治療","service_hours":"1.電話諮詢:週一至週五:8時至18時；2.療育時段:週一至週六:8時至20時","phone":"04-22313959"}},{"type":"Feature","geometry":{"type":"Point","coordinates":[120.688742,24.161583]},"properties":{"uid":"welfare_09172","name":"社團法人臺中市智障者家長協會","welfare_class":"child_dev","address":"臺中市北區德化街101號5樓之1","city":"臺中市","coord_source":"offline_l1","coord_precision":"cached","src_datasets":"130229","n_src":1,"unit_type":"社福單位","service_mode":"時段","service_content":"自費：認知學習","service_hours":"週一至週六:8時至18時","phone":"04-23809595"}},{"type":"Feature","geometry":{"type":"Point","coordinates":[120.687669,24.153147]},"properties":{"uid":"welfare_09173","name":"心晴社會福利發展協會臺中兒童療育站","welfare_class":"child_dev","address":"臺中市北區錦新街26號9樓","city":"臺中市","coord_source":"offline_l2","coord_precision":"exact","src_datasets":"130229","n_src":1,"unit_type":"社福單位","service_mode":"時段","service_content":"自費：語言治療、職能治療、感覺統合、物理治療、認知學習","service_hours":"請逕洽詢該單位服務人員","phone":"04-22253726"}},{"type":"Feature","geometry":{"type":"Point","coordinates":[120.683383,24.148304]},"properties":{"uid":"welfare_09174","name":"太平國小附設幼兒園","welfare_class":"child_dev","address":"臺中市北區太平路74號","city":"臺中市","coord_source":"offline_l15","coord_precision":"interpolated","src_datasets":"130229","n_src":1,"unit_type":"教育單位","service_mode":"時段","service_content":"不分類巡迴輔導班","service_hours":"請逕洽詢該單位服務人員","phone":"04-22294174"}},{"type":"Feature","geometry":{"type":"Point","coordinates":[120.6499,24.121754]},"properties":{"uid":"welfare_09175","name":"中山醫學大學附設醫院","welfare_class":"child_dev","address":"臺中市南區建國北路一段110號","city":"臺中市","coord_source":"offline_l1","coord_precision":"cached","src_datasets":"130229","n_src":1,"unit_type":"衛生單位","service_mode":"時段","service_content":"物理治療、職能治療、語言治療、心理治療","service_hours":"請逕洽詢該單位服務人員","phone":"04-24739595分機21510、21511"}},{"type":"Feature","geometry":{"type":"Point","coordinates":[120.660063,24.110285]},"properties":{"uid":"welfare_09176","name":"家康診所","welfare_class":"child_dev","address":"臺中市南區文心南路923號","city":"臺中市","coord_source":"offline_l15","coord_precision":"interpolated","src_datasets":"130229","n_src":1,"unit_type":"衛生單位","service_mode":"時段","service_content":"物理治療、職能治療、語言治療","service_hours":"請逕洽詢該單位服務人員","phone":"04-22630818"}},{"type":"Feature","geometry":{"type":"Point","coordinates":[120.676757,24.131164]},"properties":{"uid":"welfare_09177","name":"陽明復健科診所","welfare_class":"child_dev","address":"臺中市南區國光路62號","city":"臺中市","coord_source":"offline_l15","coord_precision":"interpolated","src_datasets":"130229","n_src":1,"unit_type":"衛生單位","service_mode":"時段","service_content":"物理治療、職能治療、語言治療","service_hours":"請逕洽詢該單位服務人員","phone":"04-22276768"}},{"type":"Feature","geometry":{"type":"Point","coordinates":[120.679264,24.124944]},"properties":{"uid":"welfare_09178","name":"愛鄰復健科診所","welfare_class":"child_dev","address":"臺中市南區國光路1160號","city":"臺中市","coord_source":"google","coord_precision":"approximate","src_datasets":"130229","n_src":1,"unit_type":"衛生單位","service_mode":"時段","service_content":"物理治療、職能治療、語言治療","service_hours":"請逕洽詢該單位服務人員","phone":"04-22851717"}},{"type":"Feature","geometry":{"type":"Point","coordinates":[120.657591,24.110176]},"properties":{"uid":"welfare_09179","name":"愛力能復健科診所","welfare_class":"child_dev","address":"臺中市南區福田路77巷2號","city":"臺中市","coord_source":"offline_l1","coord_precision":"cached","src_datasets":"130229","n_src":1,"unit_type":"衛生單位","service_mode":"時段","service_content":"物理治療、職能治療、語言治療","service_hours":"請逕洽詢該單位服務人員","phone":"04-22635700"}},{"type":"Feature","geometry":{"type":"Point","coordinates":[120.653038,24.113617]},"properties":{"uid":"welfare_09180","name":"元盛診所","welfare_class":"child_dev","address":"臺中市南區復興路1段295號","city":"臺中市","coord_source":"offline_l1","coord_precision":"cached","src_datasets":"130229","n_src":1,"unit_type":"衛生單位","service_mode":"時段","service_content":"物理治療、職能治療、語言治療","service_hours":"請逕洽詢該單位服務人員","phone":"04-22636165"}},{"type":"Feature","geometry":{"type":"Point","coordinates":[120.65856,24.118123]},"properties":{"uid":"welfare_09181","name":"中山醫學大學附設醫院中興院區","welfare_class":"child_dev","address":"臺中市南區復興路二段11號","city":"臺中市","coord_source":"offline_l1","coord_precision":"cached","src_datasets":"130229","n_src":1,"unit_type":"衛生單位","service_mode":"時段","service_content":"物理治療、職能治療、語言治療","service_hours":"請逕洽詢該單位服務人員","phone":"04-22621652分機70630"}},{"type":"Feature","geometry":{"type":"Point","coordinates":[120.655764,24.115841]},"properties":{"uid":"welfare_09182","name":"快樂城堡職能治療所","welfare_class":"child_dev","address":"臺中市南區復興路一段398號1-3樓","city":"臺中市","coord_source":"offline_l15","coord_precision":"interpolated","src_datasets":"130229","n_src":1,"unit_type":"衛生單位","service_mode":"時段","service_content":"自費：職能治療、認知學習、藝術治療、音樂治療","service_hours":"請逕洽詢該單位服務人員","phone":"04-22606508"}},{"type":"Feature","geometry":{"type":"Point","coordinates":[120.682537,24.126067]},"properties":{"uid":"welfare_09183","name":"無限職能治療所","welfare_class":"child_dev","address":"臺中市南區國光里瑞豐路23號","city":"臺中市","coord_source":"google","coord_precision":"approximate","src_datasets":"130229","n_src":1,"unit_type":"衛生單位","service_mode":"時段","service_content":"自費：職能治療","service_hours":"請逕洽詢該單位服務人員","phone":"04-22852009"}},{"type":"Feature","geometry":{"type":"Point","coordinates":[120.680124,24.127685]},"properties":{"uid":"welfare_09184","name":"臺中市優智全人發展復健教育協會","welfare_class":"child_dev","address":"臺中市南區建成路1160號4樓","city":"臺中市","coord_source":"offline_l15","coord_precision":"interpolated","src_datasets":"130229","n_src":1,"unit_type":"社福單位","service_mode":"時段","service_content":"自費：物理治療、職能治療、感覺統合、認知學習","service_hours":"1.週一至週五：8時至21時30分；2.週六:8時至12時","phone":"04-22851717分機22"}},{"type":"Feature","geometry":{"type":"Point","coordinates":[120.678885,24.119514]},"properties":{"uid":"welfare_09185","name":"臺中市腦性麻痺關懷協會","welfare_class":"child_dev","address":"臺中市南區國光路250號(國立中興大學附設游泳池)","city":"臺中市","coord_source":"offline_l15","coord_precision":"interpolated","src_datasets":"130229","n_src":1,"unit_type":"社福單位","service_mode":"時段","service_content":"自費：水中運動治療","service_hours":"週一至週六採預約制","phone":"04-23721761"}},{"type":"Feature","geometry":{"type":"Point","coordinates":[120.675983,24.123235]},"properties":{"uid":"welfare_09186","name":"社團法人臺灣適應水中活動暨動作知能發展協會","welfare_class":"child_dev","address":"臺中市南區興大路145號USB游泳大學","city":"臺中市","coord_source":"offline_l15","coord_precision":"interpolated","src_datasets":"130229","n_src":1,"unit_type":"社福單位","service_mode":"時段","service_content":"自費：水中運動治療","service_hours":"請逕洽詢該單位服務人員","phone":"04-23296695、0921-266416"}},{"type":"Feature","geometry":{"type":"Point","coordinates":[120.669031,24.113092]},"properties":{"uid":"welfare_09187","name":"童言樂語語言治療所","welfare_class":"child_dev","address":"臺中市南區南和二街7號","city":"臺中市","coord_source":"offline_l1","coord_precision":"cached","src_datasets":"130229","n_src":1,"unit_type":"社福單位","service_mode":"時段","service_content":"自費：語言治療、認知學習","service_hours":"請逕洽詢該單位服務人員","phone":"0963-513128"}},{"type":"Feature","geometry":{"type":"Point","coordinates":[120.658064,24.118518]},"properties":{"uid":"welfare_09188","name":"社團法人彰化縣樂說多元專業服務發展協會-臺中療育站","welfare_class":"child_dev","address":"臺中市南區文心南十路213號1樓","city":"臺中市","coord_source":"offline_l15","coord_precision":"interpolated","src_datasets":"130229","n_src":1,"unit_type":"社福單位","service_mode":"時段","service_content":"自費：語言治療、認知學習、音樂治療","service_hours":"1.週一至週五:9時至12時、14時至21時；2.週六:9時至12時、14時至17時","phone":"04-22657605"}},{"type":"Feature","geometry":{"type":"Point","coordinates":[120.670697,24.125561]},"properties":{"uid":"welfare_09189","name":"社團法人臺中市香柏木健康關懷協會","welfare_class":"child_dev","address":"臺中市南區仁義街246號","city":"臺中市","coord_source":"offline_l15","coord_precision":"interpolated","src_datasets":"130229","n_src":1,"unit_type":"社福單位","service_mode":"時段","service_content":"自費：語言治療、認知學習","service_hours":"請逕洽詢該單位服務人員","phone":"04-22759160"}},{"type":"Feature","geometry":{"type":"Point","coordinates":[120.666968,24.121071]},"properties":{"uid":"welfare_09191","name":"信義國小附設幼兒園","welfare_class":"child_dev","address":"臺中市南區五權南路325號","city":"臺中市","coord_source":"offline_l2","coord_precision":"exact","src_datasets":"130229","n_src":1,"unit_type":"教育單位","service_mode":"時段","service_content":"不分類巡迴輔導班","service_hours":"請逕洽詢該單位服務人員","phone":"04-22622005"}},{"type":"Feature","geometry":{"type":"Point","coordinates":[120.608961,24.191976]},"properties":{"uid":"welfare_09192","name":"陳文濱物理治療所","welfare_class":"child_dev","address":"臺中市西屯區國安一路231巷17號1樓","city":"臺中市","coord_source":"offline_l2","coord_precision":"exact","src_datasets":"130229","n_src":1,"unit_type":"衛生單位","service_mode":"時段","service_content":"自費：物理治療","service_hours":"1.週一至週五:8時30分至12時、14時至18時10分；2.週六:8時30分至12時","phone":"04-24615887"}},{"type":"Feature","geometry":{"type":"Point","coordinates":[120.646614,24.163927]},"properties":{"uid":"welfare_09193","name":"臺中榮民總醫院","welfare_class":"child_dev","address":"臺中市西屯區臺灣大道三段160號","city":"臺中市","coord_source":"offline_l15","coord_precision":"interpolated","src_datasets":"130229","n_src":1,"unit_type":"衛生單位","service_mode":"時段","service_content":"物理治療、職能治療、語言治療、心理治療","service_hours":"請逕洽詢該單位服務人員","phone":"04-23592525分機3525"}},{"type":"Feature","geometry":{"type":"Point","coordinates":[120.604647,24.184299]},"properties":{"uid":"welfare_09194","name":"澄清綜合醫院中港分院","welfare_class":"child_dev","address":"臺中市西屯區臺灣大道4段1650號","city":"臺中市","coord_source":"offline_l1","coord_precision":"cached","src_datasets":"130229","n_src":1,"unit_type":"衛生單位","service_mode":"時段","service_content":"物理治療、職能治療、語言治療、心理治療","service_hours":"請逕洽詢該單位服務人員","phone":"04-24632000分機88879/35111"}},{"type":"Feature","geometry":{"type":"Point","coordinates":[120.648835,24.171034]},"properties":{"uid":"welfare_09195","name":"林煥洲復健科診所","welfare_class":"child_dev","address":"臺中市西屯區弘孝路229號","city":"臺中市","coord_source":"offline_l1","coord_precision":"cached","src_datasets":"130229","n_src":1,"unit_type":"衛生單位","service_mode":"時段","service_content":"物理治療、職能治療、語言治療","service_hours":"請逕洽詢該單位服務人員","phone":"04-24518486"}},{"type":"Feature","geometry":{"type":"Point","coordinates":[120.620186,24.183079]},"properties":{"uid":"welfare_09196","name":"建安復健科診所","welfare_class":"child_dev","address":"臺中市西屯區永福路66-68號","city":"臺中市","coord_source":"google","coord_precision":"exact","src_datasets":"130229","n_src":1,"unit_type":"衛生單位","service_mode":"時段","service_content":"物理治療、職能治療、語言治療","service_hours":"請逕洽詢該單位服務人員","phone":"04-24620680"}},{"type":"Feature","geometry":{"type":"Point","coordinates":[120.612338,24.199391]},"properties":{"uid":"welfare_09197","name":"澄清綜合醫院中港分院兒童發展中心","welfare_class":"child_dev","address":"臺中市西屯區敬德街8號","city":"臺中市","coord_source":"offline_l2","coord_precision":"exact","src_datasets":"130229","n_src":1,"unit_type":"衛生單位","service_mode":"時段","service_content":"物理治療、職能治療、語言治療、心理治療","service_hours":"請逕洽詢該單位服務人員","phone":"04-24614546分機6"}},{"type":"Feature","geometry":{"type":"Point","coordinates":[120.656075,24.159951]},"properties":{"uid":"welfare_09198","name":"長沅復健科診所","welfare_class":"child_dev","address":"臺中市西屯區漢口路一段11號","city":"臺中市","coord_source":"offline_l1","coord_precision":"cached","src_datasets":"130229","n_src":1,"unit_type":"衛生單位","service_mode":"時段","service_content":"物理治療、職能治療、語言治療","service_hours":"請逕洽詢該單位服務人員","phone":"04-23172678"}},{"type":"Feature","geometry":{"type":"Point","coordinates":[120.659998,24.164695]},"properties":{"uid":"welfare_09199","name":"育康復健科診所","welfare_class":"child_dev","address":"臺中市西屯區甘肅路一段202-2號1-2樓","city":"臺中市","coord_source":"google","coord_precision":"exact","src_datasets":"130229","n_src":1,"unit_type":"衛生單位","service_mode":"時段","service_content":"物理治療、職能治療、語言治療","service_hours":"請逕洽詢該單位服務人員","phone":"04-23172000"}},{"type":"Feature","geometry":{"type":"Point","coordinates":[120.6161,24.180873]},"properties":{"uid":"welfare_09200","name":"預見物理治療所","welfare_class":"child_dev","address":"臺中市西屯區福中三街8號1樓","city":"臺中市","coord_source":"offline_l2","coord_precision":"exact","src_datasets":"130229","n_src":1,"unit_type":"衛生單位","service_mode":"時段","service_content":"自費:物理治療","service_hours":"請逕洽詢該單位服務人員","phone":"0972-977035"}},{"type":"Feature","geometry":{"type":"Point","coordinates":[120.61527,24.189454]},"properties":{"uid":"welfare_09201","name":"國安復健科診所","welfare_class":"child_dev","address":"臺中市西屯區西屯路3段166-25號之5","city":"臺中市","coord_source":"google","coord_precision":"exact","src_datasets":"130229","n_src":1,"unit_type":"衛生單位","service_mode":"時段","service_content":"物理治療、職能治療","service_hours":"請逕洽詢該單位服務人員","phone":"04-24613003"}},{"type":"Feature","geometry":{"type":"Point","coordinates":[120.620185,24.182033]},"properties":{"uid":"welfare_09202","name":"沐恩語言治療所","welfare_class":"child_dev","address":"臺中市西屯區福順路255巷18號","city":"臺中市","coord_source":"offline_l2","coord_precision":"exact","src_datasets":"130229","n_src":1,"unit_type":"衛生單位","service_mode":"時段","service_content":"自費：語言治療、認知學習","service_hours":"請逕洽詢該單位服務人員","phone":"0909-709988"}},{"type":"Feature","geometry":{"type":"Point","coordinates":[120.652846,24.167219]},"properties":{"uid":"welfare_09203","name":"澄田心理治療所","welfare_class":"child_dev","address":"臺中市西屯區文心路三段101號","city":"臺中市","coord_source":"offline_l2","coord_precision":"exact","src_datasets":"130229","n_src":1,"unit_type":"衛生單位","service_mode":"時段","service_content":"自費：心理治療、認知學習","service_hours":"請逕洽詢該單位服務人員","phone":"04-23178962"}},{"type":"Feature","geometry":{"type":"Point","coordinates":[120.640049,24.175779]},"properties":{"uid":"welfare_09204","name":"逢康復健科診所","welfare_class":"child_dev","address":"臺中市西屯區逢甲路212號","city":"臺中市","coord_source":"offline_l1","coord_precision":"cached","src_datasets":"130229","n_src":1,"unit_type":"衛生單位","service_mode":"時段","service_content":"物理治療、職能治療、語言治療","service_hours":"請逕洽詢該單位服務人員","phone":"04-27071221"}},{"type":"Feature","geometry":{"type":"Point","coordinates":[120.617397,24.161507]},"properties":{"uid":"welfare_09205","name":"臺中啟聰學校","welfare_class":"child_dev","address":"臺中市西屯區協和里安和路1號","city":"臺中市","coord_source":"offline_l2","coord_precision":"exact","src_datasets":"130229","n_src":1,"unit_type":"教育單位","service_mode":"日間","service_content":"集中式特殊教育班","service_hours":"請逕洽詢該單位服務人員","phone":"04-23584040"}},{"type":"Feature","geometry":{"type":"Point","coordinates":[120.665861,24.17701]},"properties":{"uid":"welfare_09206","name":"大鵬國小附設幼兒園","welfare_class":"child_dev","address":"臺中市西屯區中平路268號","city":"臺中市","coord_source":"offline_l2","coord_precision":"exact","src_datasets":"130229","n_src":1,"unit_type":"教育單位","service_mode":"時段","service_content":"不分類巡迴輔導班","service_hours":"請逕洽詢該單位服務人員","phone":"04-22914655"}},{"type":"Feature","geometry":{"type":"Point","coordinates":[120.643736,24.17324]},"properties":{"uid":"welfare_09207","name":"上石國小附設幼兒園","welfare_class":"child_dev","address":"臺中市西屯區西屯路二段上石南六巷25號","city":"臺中市","coord_source":"offline_l2","coord_precision":"exact","src_datasets":"130229","n_src":1,"unit_type":"教育單位","service_mode":"時段","service_content":"不分類巡迴輔導班","service_hours":"請逕洽詢該單位服務人員","phone":"04- 27087412"}},{"type":"Feature","geometry":{"type":"Point","coordinates":[120.682915,24.171167]},"properties":{"uid":"welfare_09208","name":"大愛復健科診所","welfare_class":"child_dev","address":"臺中市北屯區北平路三段115、117號1樓","city":"臺中市","coord_source":"offline_l1","coord_precision":"cached","src_datasets":"130229","n_src":1,"unit_type":"衛生單位","service_mode":"時段","service_content":"職能治療、語言治療；自費:認知學習","service_hours":"請逕洽詢該單位服務人員","phone":"04-22363308"}},{"type":"Feature","geometry":{"type":"Point","coordinates":[120.689823,24.19278]},"properties":{"uid":"welfare_09209","name":"示緹語言治療所","welfare_class":"child_dev","address":"臺中市北屯區豐樂路32-13號1樓","city":"臺中市","coord_source":"offline_l2","coord_precision":"exact","src_datasets":"130229","n_src":1,"unit_type":"衛生單位","service_mode":"時段","service_content":"自費：語言治療","service_hours":"1.週一至週五:9時至12時、13時至17時、18時至21時；2.週六:8時至12時、14時至18時","phone":"04-24227687"}},{"type":"Feature","geometry":{"type":"Point","coordinates":[120.66333,24.182856]},"properties":{"uid":"welfare_09210","name":"德愛物理治療所","welfare_class":"child_dev","address":"臺中市北屯區經貿一路108巷2號1樓","city":"臺中市","coord_source":"offline_l2","coord_precision":"exact","src_datasets":"130229","n_src":1,"unit_type":"衛生單位","service_mode":"時段","service_content":"自費:物理治療","service_hours":"週一至週日:8時至21時30分","phone":"04-22992575、0919-005552"}},{"type":"Feature","geometry":{"type":"Point","coordinates":[120.671909,24.177504]},"properties":{"uid":"welfare_09211","name":"佳樂水聯合醫事機構","welfare_class":"child_dev","address":"臺中市北屯區瀋陽北路65巷38號","city":"臺中市","coord_source":"offline_l2","coord_precision":"exact","src_datasets":"130229","n_src":1,"unit_type":"衛生單位","service_mode":"時段","service_content":"自費：物理治療、職能治療、感覺統合、認知學習、水中運動治療","service_hours":"請逕洽詢該單位服務人員","phone":"04-22993637"}},{"type":"Feature","geometry":{"type":"Point","coordinates":[120.72147,24.16143]},"properties":{"uid":"welfare_09212","name":"澄清復健醫院","welfare_class":"child_dev","address":"臺中市北屯區廓子里太原路三段1142號","city":"臺中市","coord_source":"offline_l2","coord_precision":"exact","src_datasets":"130229","n_src":1,"unit_type":"衛生單位","service_mode":"時段","service_content":"物理治療、職能治療、語言治療","service_hours":"請逕洽詢該單位服務人員","phone":"04-22393855分機81137"}},{"type":"Feature","geometry":{"type":"Point","coordinates":[120.694558,24.173053]},"properties":{"uid":"welfare_09213","name":"康瑞診所","welfare_class":"child_dev","address":"臺中市北屯區興安路1段280號2、3樓","city":"臺中市","coord_source":"offline_l15","coord_precision":"interpolated","src_datasets":"130229","n_src":1,"unit_type":"衛生單位","service_mode":"時段","service_content":"物理治療、職能治療、語言治療","service_hours":"請逕洽詢該單位服務人員","phone":"04-22433119"}},{"type":"Feature","geometry":{"type":"Point","coordinates":[120.715227,24.174516]},"properties":{"uid":"welfare_09214","name":"達新復健科診所","welfare_class":"child_dev","address":"臺中市北屯區東山路一段223號2樓","city":"臺中市","coord_source":"offline_l1","coord_precision":"cached","src_datasets":"130229","n_src":1,"unit_type":"衛生單位","service_mode":"時段","service_content":"物理治療、職能治療、語言治療","service_hours":"請逕洽詢該單位服務人員","phone":"04-24350583"}},{"type":"Feature","geometry":{"type":"Point","coordinates":[120.692864,24.18273]},"properties":{"uid":"welfare_09215","name":"元亨診所","welfare_class":"child_dev","address":"臺中市北屯區松竹路二段303號","city":"臺中市","coord_source":"offline_l1","coord_precision":"cached","src_datasets":"130229","n_src":1,"unit_type":"衛生單位","service_mode":"時段","service_content":"物理治療、職能治療、語言治療","service_hours":"請逕洽詢該單位服務人員","phone":"04-22413959"}},{"type":"Feature","geometry":{"type":"Point","coordinates":[120.693032,24.163375]},"properties":{"uid":"welfare_09216","name":"凱旋復健科診所","welfare_class":"child_dev","address":"臺中市北屯區北屯路149號、151號","city":"臺中市","coord_source":"offline_l15","coord_precision":"interpolated","src_datasets":"130229","n_src":1,"unit_type":"衛生單位","service_mode":"時段","service_content":"物理治療、職能治療、語言治療","service_hours":"請逕洽詢該單位服務人員","phone":"04-22331093"}},{"type":"Feature","geometry":{"type":"Point","coordinates":[120.685279,24.173055]},"properties":{"uid":"welfare_09217","name":"正好復健科診所","welfare_class":"child_dev","address":"臺中市北屯區崇德路二段139號1樓、2樓","city":"臺中市","coord_source":"offline_l15","coord_precision":"interpolated","src_datasets":"130229","n_src":1,"unit_type":"衛生單位","service_mode":"時段","service_content":"物理治療、職能治療、語言治療","service_hours":"請逕洽詢該單位服務人員","phone":"04-22470568"}},{"type":"Feature","geometry":{"type":"Point","coordinates":[120.68267,24.173164]},"properties":{"uid":"welfare_09218","name":"文心國小附設幼兒園","welfare_class":"child_dev","address":"臺中市北屯區文心路四段575號","city":"臺中市","coord_source":"offline_l2","coord_precision":"exact","src_datasets":"130229","n_src":1,"unit_type":"教育單位","service_mode":"時段","service_content":"不分類巡迴輔導班","service_hours":"請逕洽詢該單位服務人員","phone":"04-22445906"}},{"type":"Feature","geometry":{"type":"Point","coordinates":[120.640201,24.149037]},"properties":{"uid":"welfare_09220","name":"林新醫療社團法人林新醫院","welfare_class":"child_dev","address":"臺中市南屯區惠中路三段36號","city":"臺中市","coord_source":"offline_l1","coord_precision":"cached","src_datasets":"130229","n_src":1,"unit_type":"衛生單位","service_mode":"時段","service_content":"物理治療、職能治療、語言治療","service_hours":"週四:8時至12時；13時至18時","phone":"04-22586688分機1531、 1753"}},{"type":"Feature","geometry":{"type":"Point","coordinates":[120.637692,24.139985]},"properties":{"uid":"welfare_09221","name":"華馨復健科診所","welfare_class":"child_dev","address":"臺中市南屯區南屯路二段637號","city":"臺中市","coord_source":"offline_l1","coord_precision":"cached","src_datasets":"130229","n_src":1,"unit_type":"衛生單位","service_mode":"時段","service_content":"物理治療、職能治療","service_hours":"請逕洽詢該單位服務人員","phone":"04-23818718"}},{"type":"Feature","geometry":{"type":"Point","coordinates":[120.649394,24.153744]},"properties":{"uid":"welfare_09222","name":"高明復健科診所","welfare_class":"child_dev","address":"臺中市南屯區大業路228號","city":"臺中市","coord_source":"offline_l1","coord_precision":"cached","src_datasets":"130229","n_src":1,"unit_type":"衛生單位","service_mode":"時段","service_content":"物理治療、職能治療、語言治療","service_hours":"請逕洽詢該單位服務人員","phone":"04-23280608"}},{"type":"Feature","geometry":{"type":"Point","coordinates":[120.653868,24.131456]},"properties":{"uid":"welfare_09223","name":"臺中市愛心家園附設醫務室","welfare_class":"child_dev","address":"臺中市南屯區東興路一段450號","city":"臺中市","coord_source":"offline_l1","coord_precision":"cached","src_datasets":"130229","n_src":1,"unit_type":"衛生單位","service_mode":"時段","service_content":"物理治療、職能治療、語言治療","service_hours":"請逕洽詢該單位服務人員","phone":"04-24713535分機1155"}},{"type":"Feature","geometry":{"type":"Point","coordinates":[120.633557,24.152614]},"properties":{"uid":"welfare_09224","name":"永春復健科診所","welfare_class":"child_dev","address":"臺中市南屯區干城街285號","city":"臺中市","coord_source":"offline_l2","coord_precision":"exact","src_datasets":"130229","n_src":1,"unit_type":"衛生單位","service_mode":"時段","service_content":"物理治療、職能治療、語言治療","service_hours":"請逕洽詢該單位服務人員","phone":"04-22540059"}},{"type":"Feature","geometry":{"type":"Point","coordinates":[120.651455,24.14224]},"properties":{"uid":"welfare_09225","name":"亮亮語言治療所","welfare_class":"child_dev","address":"臺中市南屯區大進街30號","city":"臺中市","coord_source":"offline_l2","coord_precision":"exact","src_datasets":"130229","n_src":1,"unit_type":"衛生單位","service_mode":"時段","service_content":"自費:語言治療、認知學習","service_hours":"請逕洽詢該單位服務人員","phone":"0966-538158"}},{"type":"Feature","geometry":{"type":"Point","coordinates":[120.643463,24.140673]},"properties":{"uid":"welfare_09226","name":"蛹之生心理諮商所","welfare_class":"child_dev","address":"臺中市南屯區五權西路二段478之1號","city":"臺中市","coord_source":"offline_l2","coord_precision":"exact","src_datasets":"130229","n_src":1,"unit_type":"衛生單位","service_mode":"時段","service_content":"自費：心理治療","service_hours":"1.週一至週五：上午、下午、晚上；2.週六：上午、下午","phone":"04-23896061"}},{"type":"Feature","geometry":{"type":"Point","coordinates":[120.653868,24.131456]},"properties":{"uid":"welfare_09227","name":"臺中市第三區兒童發展社區資源中心","welfare_class":"child_dev","address":"臺中市南屯區東興路一段450號","city":"臺中市","coord_source":"offline_l1","coord_precision":"cached","src_datasets":"130229","n_src":1,"unit_type":"社福單位","service_mode":"到宅","service_content":"1.  辦理社區化服務：社區融合、社區接納、社區資源聯繫。2.  服務南屯區、大肚區、烏日區","service_hours":"週一至週五8時至17時","phone":"04-24713535"}},{"type":"Feature","geometry":{"type":"Point","coordinates":[120.627636,24.118588]},"properties":{"uid":"welfare_09228","name":"社團法人臺中市響響輔具科技協會","welfare_class":"child_dev","address":"臺中市南屯區黎明路1段283號","city":"臺中市","coord_source":"offline_l2","coord_precision":"exact","src_datasets":"130229","n_src":1,"unit_type":"社福單位","service_mode":"時段","service_content":"自費：語言治療、認知學習、職能治療","service_hours":"請逕洽詢該單位服務人員","phone":"04-24700189"}},{"type":"Feature","geometry":{"type":"Point","coordinates":[120.653868,24.131456]},"properties":{"uid":"welfare_09229","name":"社團法人臺中市聲暉協進會","welfare_class":"child_dev","address":"臺中市南屯區東興路一段450號","city":"臺中市","coord_source":"offline_l1","coord_precision":"cached","src_datasets":"130229","n_src":1,"unit_type":"社福單位","service_mode":"時段","service_content":"自費：語言治療","service_hours":"週一、四晚上","phone":"04-24711137"}},{"type":"Feature","geometry":{"type":"Point","coordinates":[120.649721,24.142969]},"properties":{"uid":"welfare_09230","name":"臺中市復健教育協會","welfare_class":"child_dev","address":"臺中市南屯區大墩路259號2樓","city":"臺中市","coord_source":"offline_l2","coord_precision":"exact","src_datasets":"130229","n_src":1,"unit_type":"社福單位","service_mode":"時段","service_content":"自費：職能治療、感覺統合","service_hours":"週一至週六：上午、下午、晚上","phone":"04-24731972"}},{"type":"Feature","geometry":{"type":"Point","coordinates":[120.641409,24.151932]},"properties":{"uid":"welfare_09231","name":"臺中特殊教育學校","welfare_class":"child_dev","address":"臺中市南屯區公益路二段296號","city":"臺中市","coord_source":"offline_l1","coord_precision":"cached","src_datasets":"130229","n_src":1,"unit_type":"教育單位","service_mode":"日間","service_content":"集中式特殊教育班","service_hours":"請逕洽詢該單位服務人員","phone":"04-22582289"}},{"type":"Feature","geometry":{"type":"Point","coordinates":[120.637393,24.136773]},"properties":{"uid":"welfare_09232","name":"南屯國小附設幼兒園","welfare_class":"child_dev","address":"臺中市南屯區黎明路一段968號","city":"臺中市","coord_source":"offline_l2","coord_precision":"exact","src_datasets":"130229","n_src":1,"unit_type":"教育單位","service_mode":"時段","service_content":"不分類巡迴輔導班","service_hours":"請逕洽詢該單位服務人員","phone":"04-23894238"}},{"type":"Feature","geometry":{"type":"Point","coordinates":[120.61439,24.15002]},"properties":{"uid":"welfare_09233","name":"文山國小附設幼兒園","welfare_class":"child_dev","address":"臺中市南屯區文山里忠勇路97號","city":"臺中市","coord_source":"offline_l2","coord_precision":"exact","src_datasets":"130229","n_src":1,"unit_type":"教育單位","service_mode":"時段","service_content":"不分類巡迴輔導班","service_hours":"請逕洽詢該單位服務人員","phone":"04-23896934"}},{"type":"Feature","geometry":{"type":"Point","coordinates":[120.734382,24.238993]},"properties":{"uid":"welfare_09234","name":"語沛語言治療所","welfare_class":"child_dev","address":"臺中市豐原區北陽里綠山二街158號2樓","city":"臺中市","coord_source":"offline_l2","coord_precision":"exact","src_datasets":"130229","n_src":1,"unit_type":"衛生單位","service_mode":"時段","service_content":"自費:語言治療、音樂治療、認知學習","service_hours":"1.週一至週五:14時至21時；2.週六:9時至12時、14時至18時","phone":"04-25155180"}},{"type":"Feature","geometry":{"type":"Point","coordinates":[120.734382,24.238993]},"properties":{"uid":"welfare_09235","name":"專心職能治療所","welfare_class":"child_dev","address":"臺中市豐原區綠山二街158號1樓","city":"臺中市","coord_source":"offline_l2","coord_precision":"exact","src_datasets":"130229","n_src":1,"unit_type":"衛生單位","service_mode":"時段","service_content":"自費:職能治療、感覺統合","service_hours":"週三至週日:8時至21時30分","phone":"04-25288714"}},{"type":"Feature","geometry":{"type":"Point","coordinates":[120.725292,24.242707]},"properties":{"uid":"welfare_09236","name":"衛生福利部豐原醫院","welfare_class":"child_dev","address":"臺中市豐原區安康路100號","city":"臺中市","coord_source":"offline_l1","coord_precision":"cached","src_datasets":"130229","n_src":1,"unit_type":"衛生單位","service_mode":"時段","service_content":"物理治療、職能治療、語言治療","service_hours":"請逕洽詢該單位服務人員","phone":"04-25271180分機2650"}},{"type":"Feature","geometry":{"type":"Point","coordinates":[120.718389,24.251674]},"properties":{"uid":"welfare_09237","name":"中國醫藥大學豐原分院","welfare_class":"child_dev","address":"臺中市豐原區中正路199號","city":"臺中市","coord_source":"offline_l1","coord_precision":"cached","src_datasets":"130229","n_src":1,"unit_type":"衛生單位","service_mode":"時段","service_content":"物理治療、職能治療、語言治療","service_hours":"請逕洽詢該單位服務人員","phone":"04-25222538分機791"}},{"type":"Feature","geometry":{"type":"Point","coordinates":[120.710457,24.250669]},"properties":{"uid":"welfare_09238","name":"健新復健診所","welfare_class":"child_dev","address":"臺中市豐原區中正路440號","city":"臺中市","coord_source":"offline_l1","coord_precision":"cached","src_datasets":"130229","n_src":1,"unit_type":"衛生單位","service_mode":"時段","service_content":"物理治療、職能治療、語言治療","service_hours":"請逕洽詢該單位服務人員","phone":"04-25273048"}},{"type":"Feature","geometry":{"type":"Point","coordinates":[120.717634,24.248145]},"properties":{"uid":"welfare_09239","name":"祥恩醫院","welfare_class":"child_dev","address":"臺中市豐原區中興路35號","city":"臺中市","coord_source":"offline_l1","coord_precision":"cached","src_datasets":"130229","n_src":1,"unit_type":"衛生單位","service_mode":"時段","service_content":"物理治療、職能治療","service_hours":"請逕洽詢該單位服務人員","phone":"04-25255522分機210"}},{"type":"Feature","geometry":{"type":"Point","coordinates":[120.716564,24.251673]},"properties":{"uid":"welfare_09240","name":"惠盛醫院","welfare_class":"child_dev","address":"臺中市豐原區中正路268號","city":"臺中市","coord_source":"offline_l1","coord_precision":"cached","src_datasets":"130229","n_src":1,"unit_type":"衛生單位","service_mode":"時段","service_content":"物理治療、職能治療、語言治療","service_hours":"請逕洽詢該單位服務人員","phone":"04-25229100；物理：分機250、職能：分機350、語言：分機353"}},{"type":"Feature","geometry":{"type":"Point","coordinates":[120.719222,24.254788]},"properties":{"uid":"welfare_09241","name":"臺中市第五區兒童發展社區資源中心","welfare_class":"child_dev","address":"臺中市豐原區新生北路155號(豐原國小105教室)","city":"臺中市","coord_source":"offline_l15","coord_precision":"interpolated","src_datasets":"130229","n_src":1,"unit_type":"社福單位","service_mode":"到宅","service_content":"1.辦理社區化服務：社區融合、社區接納、社區資源聯繫。2.服務豐原區、東勢區、新社區、和平區、石岡區。","service_hours":"週一至週五8時至17時","phone":"04-25249769"}},{"type":"Feature","geometry":{"type":"Point","coordinates":[120.742489,24.263009]},"properties":{"uid":"welfare_09242","name":"臺中市第五區兒童發展社區資源中心豐原翁子資源站","welfare_class":"child_dev","address":"臺中市豐原區豐勢路2段290巷12號","city":"臺中市","coord_source":"offline_l2","coord_precision":"exact","src_datasets":"130229","n_src":1,"unit_type":"社福單位","service_mode":"時段","service_content":"辦理社區化服務：發展教養諮詢、圖書教具借閱、親子活動","service_hours":"5/29、6/19、7/24、8/14、9/25、10/23、11/27、12/25，9時30分至12時","phone":"04-25249769"}},{"type":"Feature","geometry":{"type":"Point","coordinates":[120.722803,24.240791]},"properties":{"uid":"welfare_09243","name":"臺中市第五區兒童發展社區資源中心豐原社區療育站","welfare_class":"child_dev","address":"臺中市豐原區永康路280號","city":"臺中市","coord_source":"offline_l2","coord_precision":"exact","src_datasets":"130229","n_src":1,"unit_type":"社福單位","service_mode":"時段","service_content":"辦理社區親職諮詢及療育服務","service_hours":"每週三下午13時30分至17時","phone":"04-25249769"}},{"type":"Feature","geometry":{"type":"Point","coordinates":[120.719222,24.254788]},"properties":{"uid":"welfare_09244","name":"豐原國小附設幼兒園","welfare_class":"child_dev","address":"臺中市豐原區新生北路155號","city":"臺中市","coord_source":"offline_l2","coord_precision":"exact","src_datasets":"130229","n_src":1,"unit_type":"教育單位","service_mode":"日間、時段","service_content":"集中式特殊教育班、不分類巡迴輔導班","service_hours":"請逕洽詢該單位服務人員","phone":"04-25287359"}},{"type":"Feature","geometry":{"type":"Point","coordinates":[120.736049,24.242275]},"properties":{"uid":"welfare_09245","name":"福陽國小附設幼兒園","welfare_class":"child_dev","address":"臺中市豐原區南陽路綠山巷83號","city":"臺中市","coord_source":"offline_l2","coord_precision":"exact","src_datasets":"130229","n_src":1,"unit_type":"教育單位","service_mode":"時段","service_content":"不分類巡迴輔導班","service_hours":"請逕洽詢該單位服務人員","phone":"04-25291101"}},{"type":"Feature","geometry":{"type":"Point","coordinates":[120.561589,24.235726]},"properties":{"uid":"welfare_09246","name":"沙鹿國小附設幼兒園","welfare_class":"child_dev","address":"臺中市沙鹿區中正街3號","city":"臺中市","coord_source":"offline_l2","coord_precision":"exact","src_datasets":"130229","n_src":1,"unit_type":"教育單位","service_mode":"時段","service_content":"不分類巡迴輔導班","service_hours":"請逕洽詢該單位服務人員","phone":"04-26625014"}},{"type":"Feature","geometry":{"type":"Point","coordinates":[120.608694,24.243591]},"properties":{"uid":"welfare_09247","name":"公明國小附設幼兒園","welfare_class":"child_dev","address":"臺中市沙鹿區公明里忠貞路213號","city":"臺中市","coord_source":"offline_l2","coord_precision":"exact","src_datasets":"130229","n_src":1,"unit_type":"教育單位","service_mode":"時段","service_content":"不分類巡迴輔導班","service_hours":"請逕洽詢該單位服務人員","phone":"04-26150963分機112"}},{"type":"Feature","geometry":{"type":"Point","coordinates":[120.560577,24.242944]},"properties":{"uid":"welfare_09248","name":"童綜合醫療社團法人童綜合醫院","welfare_class":"child_dev","address":"臺中市沙鹿區成功西街8號","city":"臺中市","coord_source":"offline_l2","coord_precision":"exact","src_datasets":"130229","n_src":1,"unit_type":"衛生單位","service_mode":"時段","service_content":"物理治療、職能治療、語言治療","service_hours":"請逕洽詢該單位服務人員","phone":"04-26626161；物理分機：4583、職能分機：4820、語言分機：4808"}},{"type":"Feature","geometry":{"type":"Point","coordinates":[120.561574,24.241639]},"properties":{"uid":"welfare_09249","name":"寶貝語言治療所","welfare_class":"child_dev","address":"臺中市沙鹿區中山路378巷8號","city":"臺中市","coord_source":"offline_l2","coord_precision":"exact","src_datasets":"130229","n_src":1,"unit_type":"衛生單位","service_mode":"時段","service_content":"自費:語言治療","service_hours":"請逕洽詢該單位服務人員","phone":"04-26625085"}},{"type":"Feature","geometry":{"type":"Point","coordinates":[120.563758,24.247587]},"properties":{"uid":"welfare_09250","name":"種子聯合醫事機構","welfare_class":"child_dev","address":"臺中市沙鹿區鹿寮里中山路494-3號","city":"臺中市","coord_source":"google","coord_precision":"exact","src_datasets":"130229","n_src":1,"unit_type":"衛生單位","service_mode":"時段","service_content":"自費:物理治療、語言治療","service_hours":"採預約制","phone":"04-26655580"}},{"type":"Feature","geometry":{"type":"Point","coordinates":[120.562615,24.243322]},"properties":{"uid":"welfare_09251","name":"綠樹物理治療所","welfare_class":"child_dev","address":"臺中市沙鹿區光榮街29號","city":"臺中市","coord_source":"offline_l1","coord_precision":"cached","src_datasets":"130229","n_src":1,"unit_type":"衛生單位","service_mode":"時段","service_content":"自費:物理治療、認知學習","service_hours":"請逕洽詢該單位服務人員","phone":"04-26656651"}},{"type":"Feature","geometry":{"type":"Point","coordinates":[120.56193,24.232181]},"properties":{"uid":"welfare_09252","name":"復得適物理治療所","welfare_class":"child_dev","address":"臺中市沙鹿區光華路132號","city":"臺中市","coord_source":"offline_l2","coord_precision":"exact","src_datasets":"130229","n_src":1,"unit_type":"衛生單位","service_mode":"時段","service_content":"自費：水中運動治療","service_hours":"請逕洽詢該單位服務人員","phone":"0986-391237"}},{"type":"Feature","geometry":{"type":"Point","coordinates":[120.558832,24.235322]},"properties":{"uid":"welfare_09253","name":"光田醫療社團法人光田綜合醫院","welfare_class":"child_dev","address":"臺中市沙鹿區興仁里沙田路117號","city":"臺中市","coord_source":"offline_l2","coord_precision":"exact","src_datasets":"130229","n_src":1,"unit_type":"衛生單位","service_mode":"時段","service_content":"物理治療、職能治療、語言治療","service_hours":"請逕洽詢該單位服務人員","phone":"04-26625111分機2912"}},{"type":"Feature","geometry":{"type":"Point","coordinates":[120.56524,24.230904]},"properties":{"uid":"welfare_09254","name":"臺中市第六區兒童發展社區資源中心","welfare_class":"child_dev","address":"臺中市沙鹿區福幼街8號4樓","city":"臺中市","coord_source":"offline_l1","coord_precision":"cached","src_datasets":"130229","n_src":1,"unit_type":"社福單位","service_mode":"到宅","service_content":"1.     辦理社區化服務：社區融合、社區接納、社區資源聯繫。2.     服務龍井區、沙鹿區、梧棲區、清水區、大安區。","service_hours":"週一至週五8時至17時","phone":"04-26365175"}},{"type":"Feature","geometry":{"type":"Point","coordinates":[120.680434,24.109261]},"properties":{"uid":"welfare_09255","name":"仁愛醫療社團法人大里醫院","welfare_class":"child_dev","address":"臺中市大里區東榮路483號","city":"臺中市","coord_source":"offline_l1","coord_precision":"cached","src_datasets":"130229","n_src":1,"unit_type":"衛生單位","service_mode":"時段","service_content":"物理治療、職能治療、語言治療","service_hours":"請逕洽詢該單位服務人員","phone":"04-24819900分機11212、11214"}},{"type":"Feature","geometry":{"type":"Point","coordinates":[120.689228,24.115233]},"properties":{"uid":"welfare_09256","name":"新菩提醫院","welfare_class":"child_dev","address":"臺中市大里區中興路二段621號","city":"臺中市","coord_source":"offline_l1","coord_precision":"cached","src_datasets":"130229","n_src":1,"unit_type":"衛生單位","service_mode":"時段","service_content":"物理治療、職能治療","service_hours":"請逕洽詢該單位服務人員","phone":"04-24829966分機301"}},{"type":"Feature","geometry":{"type":"Point","coordinates":[120.711135,24.086194]},"properties":{"uid":"welfare_09257","name":"李建芳耳鼻喉科診所","welfare_class":"child_dev","address":"臺中市大里區塗城路148號","city":"臺中市","coord_source":"offline_l2","coord_precision":"exact","src_datasets":"130229","n_src":1,"unit_type":"衛生單位","service_mode":"時段","service_content":"語言治療","service_hours":"請逕洽詢該單位服務人員","phone":"04-24960366"}},{"type":"Feature","geometry":{"type":"Point","coordinates":[120.703348,24.091681]},"properties":{"uid":"welfare_09258","name":"朝陽診所","welfare_class":"child_dev","address":"臺中市大里區成功路543號1-2樓","city":"臺中市","coord_source":"offline_l15","coord_precision":"interpolated","src_datasets":"130229","n_src":1,"unit_type":"衛生單位","service_mode":"時段","service_content":"物理治療、職能治療","service_hours":"請逕洽詢該單位服務人員","phone":"04-24965000"}},{"type":"Feature","geometry":{"type":"Point","coordinates":[120.678859,24.099695]},"properties":{"uid":"welfare_09259","name":"卓立復健科診所","welfare_class":"child_dev","address":"臺中市大里區大新街34-2號1-2樓","city":"臺中市","coord_source":"google","coord_precision":"exact","src_datasets":"130229","n_src":1,"unit_type":"衛生單位","service_mode":"時段","service_content":"物理治療、職能治療","service_hours":"請逕洽詢該單位服務人員","phone":"04-24060607"}},{"type":"Feature","geometry":{"type":"Point","coordinates":[120.690067,24.111388]},"properties":{"uid":"welfare_09260","name":"達明眼科醫院","welfare_class":"child_dev","address":"臺中市大里區中興路二段490號","city":"臺中市","coord_source":"offline_l1","coord_precision":"cached","src_datasets":"130229","n_src":1,"unit_type":"衛生單位","service_mode":"時段","service_content":"物理治療、職能治療、語言治療","service_hours":"請逕洽詢該單位服務人員","phone":"04-24851437分機505"}},{"type":"Feature","geometry":{"type":"Point","coordinates":[120.703367,24.090192]},"properties":{"uid":"welfare_09261","name":"上好復健專科診所","welfare_class":"child_dev","address":"臺中市大里區成功路498號","city":"臺中市","coord_source":"offline_l2","coord_precision":"exact","src_datasets":"130229","n_src":1,"unit_type":"衛生單位","service_mode":"時段","service_content":"物理治療、職能治療、語言治療","service_hours":"請逕洽詢該單位服務人員","phone":"04-24966360"}},{"type":"Feature","geometry":{"type":"Point","coordinates":[120.663519,24.087946]},"properties":{"uid":"welfare_09262","name":"群享診所","welfare_class":"child_dev","address":"臺中市大里區中投西路3段215號1樓","city":"臺中市","coord_source":"offline_l1","coord_precision":"cached","src_datasets":"130229","n_src":1,"unit_type":"衛生單位","service_mode":"時段","service_content":"職能治療、語言治療","service_hours":"請逕洽詢該單位服務人員","phone":"04-24181155"}},{"type":"Feature","geometry":{"type":"Point","coordinates":[120.678273,24.110735]},"properties":{"uid":"welfare_09263","name":"微光聯合醫事機構","welfare_class":"child_dev","address":"臺中市大里區永隆五街3號","city":"臺中市","coord_source":"offline_l1","coord_precision":"cached","src_datasets":"130229","n_src":1,"unit_type":"衛生單位","service_mode":"時段","service_content":"自費:認知學習、職能治療","service_hours":"1.週一至週五:8時至21時；2.週六、日:8時至18時","phone":"04-24065022"}},{"type":"Feature","geometry":{"type":"Point","coordinates":[120.690353,24.113158]},"properties":{"uid":"welfare_09264","name":"和信診所","welfare_class":"child_dev","address":"臺中市大里區德芳路1段63號3樓","city":"臺中市","coord_source":"offline_l1","coord_precision":"cached","src_datasets":"130229","n_src":1,"unit_type":"衛生單位","service_mode":"時段","service_content":"物理治療、職能治療、語言治療","service_hours":"1.週一至週五：上午、下午、晚上；2.週六：上午。","phone":"04-24830848"}},{"type":"Feature","geometry":{"type":"Point","coordinates":[120.689682,24.113415]},"properties":{"uid":"welfare_09265","name":"富聆聽力所","welfare_class":"child_dev","address":"臺中市大里區中興路二段437號","city":"臺中市","coord_source":"offline_l2","coord_precision":"exact","src_datasets":"130229","n_src":1,"unit_type":"衛生單位","service_mode":"時段","service_content":"自費:語言治療、聽覺復健","service_hours":"週一至週五9時至18時","phone":"04-24836659"}},{"type":"Feature","geometry":{"type":"Point","coordinates":[120.711101,24.086206]},"properties":{"uid":"welfare_09266","name":"心語語言治療所","welfare_class":"child_dev","address":"臺中市大里區塗城路148之1號","city":"臺中市","coord_source":"offline_l2","coord_precision":"exact","src_datasets":"130229","n_src":1,"unit_type":"衛生單位","service_mode":"時段","service_content":"自費：語言治療","service_hours":"週一至週五：上午、下午、晚上","phone":"04-24960366"}},{"type":"Feature","geometry":{"type":"Point","coordinates":[120.677435,24.100069]},"properties":{"uid":"welfare_09267","name":"大里國小附設幼兒園","welfare_class":"child_dev","address":"臺中市大里區新興路50號","city":"臺中市","coord_source":"offline_l1","coord_precision":"cached","src_datasets":"130229","n_src":1,"unit_type":"教育單位","service_mode":"時段","service_content":"不分類巡迴輔導班","service_hours":"請逕洽詢該單位服務人員","phone":"04-24071674"}},{"type":"Feature","geometry":{"type":"Point","coordinates":[120.677363,24.10566]},"properties":{"uid":"welfare_09268","name":"財團法人伊甸社會福利基金會","welfare_class":"child_dev","address":"臺中市大里區永隆路102號","city":"臺中市","coord_source":"offline_l2","coord_precision":"exact","src_datasets":"130229","n_src":1,"unit_type":"社福單位","service_mode":"時段","service_content":"自費：認知學習","service_hours":"週一至週六:8時30分至17時30分","phone":"04-24070915"}},{"type":"Feature","geometry":{"type":"Point","coordinates":[120.690596,24.08984]},"properties":{"uid":"welfare_09269","name":"財團法人瑪利亞社會福利基金會辦理大里早療社區據點(王詹樣基金會補助)","welfare_class":"child_dev","address":"臺中市大里區仁化路1033號","city":"臺中市","coord_source":"offline_l2","coord_precision":"exact","src_datasets":"130229","n_src":1,"unit_type":"社福單位","service_mode":"時段、到宅","service_content":"社區療育服務，服務大里區、烏日區、霧峰區。","service_hours":"請逕洽詢該單位服務人員","phone":"04-24964313"}},{"type":"Feature","geometry":{"type":"Point","coordinates":[120.703907,24.203205]},"properties":{"uid":"welfare_09270","name":"僑忠國小附設幼兒園","welfare_class":"child_dev","address":"臺中市潭子區中山路二段31號","city":"臺中市","coord_source":"offline_l2","coord_precision":"exact","src_datasets":"130229","n_src":1,"unit_type":"教育單位","service_mode":"時段","service_content":"不分類巡迴輔導班","service_hours":"請逕洽詢該單位服務人員","phone":"04-25324740"}},{"type":"Feature","geometry":{"type":"Point","coordinates":[120.725508,24.203885]},"properties":{"uid":"welfare_09271","name":"新興國小附設幼兒園","welfare_class":"child_dev","address":"臺中市潭子區潭興路一段25號","city":"臺中市","coord_source":"offline_l2","coord_precision":"exact","src_datasets":"130229","n_src":1,"unit_type":"教育單位","service_mode":"時段","service_content":"不分類巡迴輔導班","service_hours":"請逕洽詢該單位服務人員","phone":"04-25364571"}},{"type":"Feature","geometry":{"type":"Point","coordinates":[120.705096,24.211426]},"properties":{"uid":"welfare_09272","name":"洪大為復健科診所","welfare_class":"child_dev","address":"臺中市潭子區豐興路三段13號","city":"臺中市","coord_source":"google","coord_precision":"interpolated","src_datasets":"130229","n_src":1,"unit_type":"衛生單位","service_mode":"時段","service_content":"物理治療、職能治療、語言治療","service_hours":"請逕洽詢該單位服務人員","phone":"04-25352886"}},{"type":"Feature","geometry":{"type":"Point","coordinates":[120.720344,24.193856]},"properties":{"uid":"welfare_09273","name":"慈濟醫院臺中分院","welfare_class":"child_dev","address":"臺中市潭子區豐興路一段66號","city":"臺中市","coord_source":"offline_l1","coord_precision":"cached","src_datasets":"130229","n_src":1,"unit_type":"衛生單位","service_mode":"時段","service_content":"物理治療、職能治療、語言治療","service_hours":"請逕洽詢該單位服務人員","phone":"04-36060666分機4136"}},{"type":"Feature","geometry":{"type":"Point","coordinates":[120.737088,24.144984]},"properties":{"uid":"welfare_09274","name":"坪林國小附設幼兒園","welfare_class":"child_dev","address":"臺中市太平區坪林里坪林路45號","city":"臺中市","coord_source":"offline_l2","coord_precision":"exact","src_datasets":"130229","n_src":1,"unit_type":"教育單位","service_mode":"日間、時段","service_content":"集中式特殊教育班、不分類巡迴輔導班","service_hours":"請逕洽詢該單位服務人員","phone":"04-23927677"}},{"type":"Feature","geometry":{"type":"Point","coordinates":[120.715262,24.139187]},"properties":{"uid":"welfare_09275","name":"宜欣國小附設幼兒園","welfare_class":"child_dev","address":"臺中市太平區新平路二段100號","city":"臺中市","coord_source":"offline_l2","coord_precision":"exact","src_datasets":"130229","n_src":1,"unit_type":"教育單位","service_mode":"時段","service_content":"不分類巡迴輔導班","service_hours":"請逕洽詢該單位服務人員","phone":"04- 22701567"}},{"type":"Feature","geometry":{"type":"Point","coordinates":[120.714845,24.13963]},"properties":{"uid":"welfare_09276","name":"財團法人瑪利亞社會福利基金會辦理太平早療社區據點(王詹樣基金會補助)","welfare_class":"child_dev","address":"臺中市太平區新平路二段161號","city":"臺中市","coord_source":"offline_l2","coord_precision":"exact","src_datasets":"130229","n_src":1,"unit_type":"社福單位","service_mode":"時段、到宅","service_content":"社區療育服務，服務太平區、東區、北屯區。","service_hours":"請逕洽詢該單位服務人員","phone":"04-22781006"}},{"type":"Feature","geometry":{"type":"Point","coordinates":[120.714087,24.145092]},"properties":{"uid":"welfare_09277","name":"賢德醫院","welfare_class":"child_dev","address":"臺中市太平區宜昌路420號","city":"臺中市","coord_source":"offline_l1","coord_precision":"cached","src_datasets":"130229","n_src":1,"unit_type":"衛生單位","service_mode":"時段","service_content":"物理治療、職能治療、語言治療","service_hours":"請逕洽詢該單位服務人員","phone":"04-22732551分機600"}},{"type":"Feature","geometry":{"type":"Point","coordinates":[120.718273,24.129125]},"properties":{"uid":"welfare_09278","name":"陳彥鈞復健科診所","welfare_class":"child_dev","address":"臺中市太平區中興路2號","city":"臺中市","coord_source":"offline_l1","coord_precision":"cached","src_datasets":"130229","n_src":1,"unit_type":"衛生單位","service_mode":"時段","service_content":"物理治療、職能治療、語言治療","service_hours":"請逕洽詢該單位服務人員","phone":"04-22799966"}},{"type":"Feature","geometry":{"type":"Point","coordinates":[120.71973,24.131143]},"properties":{"uid":"welfare_09279","name":"長安醫院","welfare_class":"child_dev","address":"臺中市太平區永平路1段9號","city":"臺中市","coord_source":"offline_l1","coord_precision":"cached","src_datasets":"130229","n_src":1,"unit_type":"衛生單位","service_mode":"時段","service_content":"物理治療、職能治療、語言治療","service_hours":"請逕洽詢該單位服務人員","phone":"04-36113611分機3240"}},{"type":"Feature","geometry":{"type":"Point","coordinates":[120.718104,24.153617]},"properties":{"uid":"welfare_09280","name":"馥康職能治療所","welfare_class":"child_dev","address":"臺中市太平區樹孝路267號","city":"臺中市","coord_source":"offline_l2","coord_precision":"exact","src_datasets":"130229","n_src":1,"unit_type":"衛生單位","service_mode":"時段","service_content":"自費:認知學習、職能治療、感覺統合","service_hours":"週一至週六:8時至21時30分","phone":"04-23938596"}},{"type":"Feature","geometry":{"type":"Point","coordinates":[120.715975,24.157116]},"properties":{"uid":"welfare_09281","name":"星願樹職能治療所","welfare_class":"child_dev","address":"臺中市太平區育才路436號","city":"臺中市","coord_source":"offline_l2","coord_precision":"exact","src_datasets":"130229","n_src":1,"unit_type":"衛生單位","service_mode":"時段","service_content":"自費：職能治療、感覺統合","service_hours":"1.週一至週五：上午、下午；2.週六：上午","phone":"04-23938596"}},{"type":"Feature","geometry":{"type":"Point","coordinates":[120.730101,24.150814]},"properties":{"uid":"welfare_09282","name":"國軍臺中總醫院附設民眾診療處","welfare_class":"child_dev","address":"臺中市太平區中山路2段348號","city":"臺中市","coord_source":"offline_l1","coord_precision":"cached","src_datasets":"130229","n_src":1,"unit_type":"衛生單位","service_mode":"時段","service_content":"語言治療","service_hours":"請逕洽詢該單位服務人員","phone":"04-23934191分機525389"}},{"type":"Feature","geometry":{"type":"Point","coordinates":[120.699389,24.057573]},"properties":{"uid":"welfare_09283","name":"霧峰國小附設幼兒園","welfare_class":"child_dev","address":"臺中市霧峰區中正路736號","city":"臺中市","coord_source":"offline_l2","coord_precision":"exact","src_datasets":"130229","n_src":1,"unit_type":"教育單位","service_mode":"日間、時段","service_content":"集中式特殊教育班、不分類巡迴輔導班","service_hours":"請逕洽詢該單位服務人員","phone":"04-23393069"}},{"type":"Feature","geometry":{"type":"Point","coordinates":[120.68617,24.053562]},"properties":{"uid":"welfare_09284","name":"亞洲大學附設醫院","welfare_class":"child_dev","address":"臺中市霧峰區福新路222號","city":"臺中市","coord_source":"offline_l1","coord_precision":"cached","src_datasets":"130229","n_src":1,"unit_type":"衛生單位","service_mode":"時段","service_content":"物理治療、職能治療、語言治療","service_hours":"請逕洽詢該單位服務人員","phone":"04-27061668；物理分機：1363、職能分機：1362、語言分機：1305"}},{"type":"Feature","geometry":{"type":"Point","coordinates":[120.807681,24.265903]},"properties":{"uid":"welfare_09285","name":"土牛國小附設幼兒園","welfare_class":"child_dev","address":"臺中市石岡區土牛里豐勢路308號","city":"臺中市","coord_source":"offline_l2","coord_precision":"exact","src_datasets":"130229","n_src":1,"unit_type":"教育單位","service_mode":"時段","service_content":"不分類巡迴輔導班","service_hours":"請逕洽詢該單位服務人員","phone":"04-25816043"}},{"type":"Feature","geometry":{"type":"Point","coordinates":[120.77587,24.273927]},"properties":{"uid":"welfare_09286","name":"臺中市第五區兒童發展社區資源中心石岡資源站","welfare_class":"child_dev","address":"臺中市石岡區明德路175號","city":"臺中市","coord_source":"offline_l1","coord_precision":"cached","src_datasets":"130229","n_src":1,"unit_type":"社福單位","service_mode":"時段","service_content":"辦理社區化服務：發展教養諮詢、圖書教具借閱、親子活動","service_hours":"1/14、3/17、6/16、7/21、8/18、9/15、10/20、11/17、12/15，9時30分至12時","phone":"04-25249769"}},{"type":"Feature","geometry":{"type":"Point","coordinates":[120.640495,24.107893]},"properties":{"uid":"welfare_09287","name":"僑仁國小附設幼兒園","welfare_class":"child_dev","address":"臺中市烏日區中山路一段341號","city":"臺中市","coord_source":"offline_l2","coord_precision":"exact","src_datasets":"130229","n_src":1,"unit_type":"教育單位","service_mode":"時段","service_content":"不分類巡迴輔導班","service_hours":"請逕洽詢該單位服務人員","phone":"04-23381241"}},{"type":"Feature","geometry":{"type":"Point","coordinates":[120.642822,24.06234]},"properties":{"uid":"welfare_09288","name":"喀哩國小附設幼兒園","welfare_class":"child_dev","address":"臺中市烏日區溪南路二段370號","city":"臺中市","coord_source":"offline_l2","coord_precision":"exact","src_datasets":"130229","n_src":1,"unit_type":"教育單位","service_mode":"時段","service_content":"不分類巡迴輔導班","service_hours":"請逕洽詢該單位服務人員","phone":"04-23351016"}},{"type":"Feature","geometry":{"type":"Point","coordinates":[120.626666,24.1021]},"properties":{"uid":"welfare_09289","name":"松群診所","welfare_class":"child_dev","address":"臺中市烏日區公園路88號","city":"臺中市","coord_source":"offline_l1","coord_precision":"cached","src_datasets":"130229","n_src":1,"unit_type":"衛生單位","service_mode":"時段","service_content":"物理治療、職能治療、語言治療","service_hours":"請逕洽詢該單位服務人員","phone":"04-23386690"}},{"type":"Feature","geometry":{"type":"Point","coordinates":[120.598105,24.109461]},"properties":{"uid":"welfare_09290","name":"烏日林新醫院","welfare_class":"child_dev","address":"臺中市烏日區榮和路168號","city":"臺中市","coord_source":"offline_l1","coord_precision":"cached","src_datasets":"130229","n_src":1,"unit_type":"衛生單位","service_mode":"時段","service_content":"職能治療、語言治療、物理治療","service_hours":"請逕洽詢該單位服務人員","phone":"04-23388766分機1751、1531"}},{"type":"Feature","geometry":{"type":"Point","coordinates":[120.660431,24.220029]},"properties":{"uid":"welfare_09291","name":"私立惠明盲校","welfare_class":"child_dev","address":"臺中市大雅區雅潭路四段336號","city":"臺中市","coord_source":"offline_l2","coord_precision":"exact","src_datasets":"130229","n_src":1,"unit_type":"教育單位","service_mode":"日間","service_content":"集中式特殊教育班","service_hours":"請逕洽詢該單位服務人員","phone":"04-25661024"}},{"type":"Feature","geometry":{"type":"Point","coordinates":[120.646015,24.220303]},"properties":{"uid":"welfare_09292","name":"文雅國小附設幼兒園","welfare_class":"child_dev","address":"臺中市大雅區中山北路235號","city":"臺中市","coord_source":"offline_l2","coord_precision":"exact","src_datasets":"130229","n_src":1,"unit_type":"教育單位","service_mode":"時段","service_content":"不分類巡迴輔導班","service_hours":"請逕洽詢該單位服務人員","phone":"04-25678823分機712"}},{"type":"Feature","geometry":{"type":"Point","coordinates":[120.654502,24.222502]},"properties":{"uid":"welfare_09293","name":"維弘復健診所","welfare_class":"child_dev","address":"臺中市大雅區民興路63號","city":"臺中市","coord_source":"google","coord_precision":"approximate","src_datasets":"130229","n_src":1,"unit_type":"衛生單位","service_mode":"時段","service_content":"物理治療、職能治療","service_hours":"請逕洽詢該單位服務人員","phone":"04-25681919"}},{"type":"Feature","geometry":{"type":"Point","coordinates":[120.646273,24.22545]},"properties":{"uid":"welfare_09294","name":"冠聲語言治療所","welfare_class":"child_dev","address":"臺中市大雅區中清東路258號1樓","city":"臺中市","coord_source":"offline_l2","coord_precision":"exact","src_datasets":"130229","n_src":1,"unit_type":"衛生單位","service_mode":"時段","service_content":"語言治療","service_hours":"請逕洽詢該單位服務人員","phone":"04-25650728"}},{"type":"Feature","geometry":{"type":"Point","coordinates":[120.666466,24.216943]},"properties":{"uid":"welfare_09295","name":"清泉醫院","welfare_class":"child_dev","address":"臺中市大雅區雅潭路四段80號","city":"臺中市","coord_source":"offline_l1","coord_precision":"cached","src_datasets":"130229","n_src":1,"unit_type":"衛生單位","service_mode":"時段","service_content":"物理治療、職能治療、語言治療","service_hours":"請逕洽詢該單位服務人員","phone":"04-25605600分機2413"}},{"type":"Feature","geometry":{"type":"Point","coordinates":[120.633182,24.210051]},"properties":{"uid":"welfare_09297","name":"臺中市第七區兒童發展社區資源中心大雅橫山資源站","welfare_class":"child_dev","address":"臺中市大雅區橫山里振興路228號","city":"臺中市","coord_source":"offline_l2","coord_precision":"exact","src_datasets":"130229","n_src":1,"unit_type":"社福單位","service_mode":"時段","service_content":"辦理社區化服務：發展教養諮詢、圖書教具借閱、親子活動","service_hours":"7/11、9/12、11/14，10時至11時30分","phone":"04-26881288"}},{"type":"Feature","geometry":{"type":"Point","coordinates":[120.697543,24.249766]},"properties":{"uid":"welfare_09298","name":"岸裡國小附設幼兒園","welfare_class":"child_dev","address":"臺中市神岡區中山路52號","city":"臺中市","coord_source":"offline_l2","coord_precision":"exact","src_datasets":"130229","n_src":1,"unit_type":"教育單位","service_mode":"時段","service_content":"不分類巡迴輔導班","service_hours":"請逕洽詢該單位服務人員","phone":"04-25222215"}},{"type":"Feature","geometry":{"type":"Point","coordinates":[120.658125,24.266973]},"properties":{"uid":"welfare_09299","name":"臺中市第七區兒童發展社區資源中心神岡圳前資源站","welfare_class":"child_dev","address":"臺中市神岡區三民路349號","city":"臺中市","coord_source":"offline_l1","coord_precision":"cached","src_datasets":"130229","n_src":1,"unit_type":"社福單位","service_mode":"時段","service_content":"辦理社區化服務：發展教養諮詢、圖書教具借閱、親子活動","service_hours":"4/9、4/23、5/14、5/28、6/11、7/9、7/23、8/13、8/27、9/10、9/24、10/8、10/22、11/12、11/26，10時至11時30分","phone":"04-26881288"}},{"type":"Feature","geometry":{"type":"Point","coordinates":[120.567283,24.122401]},"properties":{"uid":"welfare_09300","name":"追分國小附設幼兒園","welfare_class":"child_dev","address":"臺中市大肚區福山村沙田路一段364號","city":"臺中市","coord_source":"offline_l2","coord_precision":"exact","src_datasets":"130229","n_src":1,"unit_type":"教育單位","service_mode":"時段","service_content":"不分類巡迴輔導班","service_hours":"請逕洽詢該單位服務人員","phone":"04-26936516"}},{"type":"Feature","geometry":{"type":"Point","coordinates":[120.57316,24.266788]},"properties":{"uid":"welfare_09301","name":"清水國小附設幼兒園","welfare_class":"child_dev","address":"臺中市清水區光華路125號","city":"臺中市","coord_source":"offline_l2","coord_precision":"exact","src_datasets":"130229","n_src":1,"unit_type":"教育單位","service_mode":"日間、時段","service_content":"集中式特殊教育班、不分類巡迴輔導班","service_hours":"請逕洽詢該單位服務人員","phone":"04-26222004"}},{"type":"Feature","geometry":{"type":"Point","coordinates":[120.557267,24.279427]},"properties":{"uid":"welfare_09302","name":"大秀國小附設幼兒園","welfare_class":"child_dev","address":"臺中市清水區五權路336號","city":"臺中市","coord_source":"offline_l1","coord_precision":"cached","src_datasets":"130229","n_src":1,"unit_type":"教育單位","service_mode":"時段","service_content":"不分類巡迴輔導班","service_hours":"請逕洽詢該單位服務人員","phone":"04-26263754"}},{"type":"Feature","geometry":{"type":"Point","coordinates":[120.580416,24.290526]},"properties":{"uid":"welfare_09303","name":"三田國小附設幼兒園","welfare_class":"child_dev","address":"臺中市清水區三田路4號","city":"臺中市","coord_source":"offline_l2","coord_precision":"exact","src_datasets":"130229","n_src":1,"unit_type":"教育單位","service_mode":"時段","service_content":"不分類巡迴輔導班","service_hours":"請逕洽詢該單位服務人員","phone":"04-26271452"}},{"type":"Feature","geometry":{"type":"Point","coordinates":[120.577053,24.272226]},"properties":{"uid":"welfare_09304","name":"清水李復健科診所","welfare_class":"child_dev","address":"臺中市清水區北寧街82號","city":"臺中市","coord_source":"offline_l2","coord_precision":"exact","src_datasets":"130229","n_src":1,"unit_type":"衛生單位","service_mode":"時段","service_content":"物理治療、職能治療","service_hours":"請逕洽詢該單位服務人員","phone":"04-26225988"}},{"type":"Feature","geometry":{"type":"Point","coordinates":[120.624182,24.348088]},"properties":{"uid":"welfare_09305","name":"文昌國小附設幼兒園","welfare_class":"child_dev","address":"臺中市大甲區育德路113號","city":"臺中市","coord_source":"offline_l2","coord_precision":"exact","src_datasets":"130229","n_src":1,"unit_type":"教育單位","service_mode":"時段","service_content":"不分類巡迴輔導班","service_hours":"請逕洽詢該單位服務人員","phone":"04-26872076"}},{"type":"Feature","geometry":{"type":"Point","coordinates":[120.61797,24.344639]},"properties":{"uid":"welfare_09306","name":"順天國小附設幼兒園","welfare_class":"child_dev","address":"臺中市大甲區經國路168號","city":"臺中市","coord_source":"offline_l2","coord_precision":"exact","src_datasets":"130229","n_src":1,"unit_type":"教育單位","service_mode":"時段","service_content":"不分類巡迴輔導班","service_hours":"請逕洽詢該單位服務人員","phone":"04-26872040"}},{"type":"Feature","geometry":{"type":"Point","coordinates":[120.618073,24.350784]},"properties":{"uid":"welfare_09307","name":"李綜合醫療社團法人大甲醫院","welfare_class":"child_dev","address":"臺中市大甲區八德街2號","city":"臺中市","coord_source":"offline_l1","coord_precision":"cached","src_datasets":"130229","n_src":1,"unit_type":"衛生單位","service_mode":"時段","service_content":"物理治療、職能治療","service_hours":"請逕洽詢該單位服務人員","phone":"04-26862288分機2235"}},{"type":"Feature","geometry":{"type":"Point","coordinates":[120.616657,24.346578]},"properties":{"uid":"welfare_09308","name":"大甲光田綜合醫院","welfare_class":"child_dev","address":"臺中市大甲區經國路321號","city":"臺中市","coord_source":"offline_l1","coord_precision":"cached","src_datasets":"130229","n_src":1,"unit_type":"衛生單位","service_mode":"時段","service_content":"物理治療、職能治療、語言治療","service_hours":"請逕洽詢該單位服務人員","phone":"04-26885599分機5388"}},{"type":"Feature","geometry":{"type":"Point","coordinates":[120.621759,24.350265]},"properties":{"uid":"welfare_09309","name":"財團法人臺中市私立信望愛智能發展中心辦理大甲早療社區據點(王詹樣基金會補助)","welfare_class":"child_dev","address":"臺中市大甲區新政路162號","city":"臺中市","coord_source":"offline_l2","coord_precision":"exact","src_datasets":"130229","n_src":1,"unit_type":"社福單位","service_mode":"時段","service_content":"社區療育服務，服務大甲區、外埔區、大安區。","service_hours":"請逕洽詢該單位服務人員","phone":"04-26765456"}},{"type":"Feature","geometry":{"type":"Point","coordinates":[120.828815,24.25855]},"properties":{"uid":"welfare_09310","name":"財團法人臺中市私立信望愛智能發展中心辦理東勢早療社區據點(王詹樣基金會補助)","welfare_class":"child_dev","address":"臺中市東勢區中興街61號","city":"臺中市","coord_source":"offline_l2","coord_precision":"exact","src_datasets":"130229","n_src":1,"unit_type":"社福單位","service_mode":"時段、到宅","service_content":"1.到宅療育、社區據點服務；2.服務石岡區、新社區、東勢區。","service_hours":"請逕洽詢該單位服務人員","phone":"04-25773885"}},{"type":"Feature","geometry":{"type":"Point","coordinates":[120.827208,24.25999]},"properties":{"uid":"welfare_09311","name":"臺中市第五區兒童發展社區資源中心東勢慶東資源站","welfare_class":"child_dev","address":"臺中市東勢區慶成2巷5號","city":"臺中市","coord_source":"google","coord_precision":"approximate","src_datasets":"130229","n_src":1,"unit_type":"社福單位","service_mode":"時段","service_content":"辦理社區化服務：發展教養諮詢、圖書教具借閱、親子活動","service_hours":"3/5、4/9、5/7、6/4、7/2、8/6、9/3、10/8、11/5、12/3，9時30分至12時","phone":"04-25249769"}},{"type":"Feature","geometry":{"type":"Point","coordinates":[120.827417,24.260253]},"properties":{"uid":"welfare_09312","name":"東新國小附設幼兒園","welfare_class":"child_dev","address":"臺中市東勢區東蘭路1之1號","city":"臺中市","coord_source":"offline_l2","coord_precision":"exact","src_datasets":"130229","n_src":1,"unit_type":"教育單位","service_mode":"時段","service_content":"不分類巡迴輔導班","service_hours":"請逕洽詢該單位服務人員","phone":"04-25881083"}},{"type":"Feature","geometry":{"type":"Point","coordinates":[120.792418,24.285792]},"properties":{"uid":"welfare_09313","name":"石城國小附設幼兒園","welfare_class":"child_dev","address":"臺中市東勢區茂興里石城街182巷26號","city":"臺中市","coord_source":"offline_l2","coord_precision":"exact","src_datasets":"130229","n_src":1,"unit_type":"教育單位","service_mode":"日間","service_content":"集中式特殊教育班","service_hours":"請逕洽詢該單位服務人員","phone":"04-25773038"}},{"type":"Feature","geometry":{"type":"Point","coordinates":[120.535755,24.253733]},"properties":{"uid":"welfare_09314","name":"明德醫院","welfare_class":"child_dev","address":"臺中市梧棲區仁美街33巷50號","city":"臺中市","coord_source":"offline_l1","coord_precision":"cached","src_datasets":"130229","n_src":1,"unit_type":"衛生單位","service_mode":"時段","service_content":"物理治療、職能治療","service_hours":"請逕洽詢該單位服務人員","phone":"04-26579595分機211"}},{"type":"Feature","geometry":{"type":"Point","coordinates":[120.53255,24.228965]},"properties":{"uid":"welfare_09315","name":"永寧國小附設幼兒園","welfare_class":"child_dev","address":"臺中市梧棲區中央路一段160號","city":"臺中市","coord_source":"offline_l2","coord_precision":"exact","src_datasets":"130229","n_src":1,"unit_type":"教育單位","service_mode":"日間","service_content":"集中式特殊教育班","service_hours":"請逕洽詢該單位服務人員","phone":"04-26394234"}},{"type":"Feature","geometry":{"type":"Point","coordinates":[120.588185,24.345087]},"properties":{"uid":"welfare_09316","name":"大安國小附設幼兒園","welfare_class":"child_dev","address":"臺中市大安區中山南路296號","city":"臺中市","coord_source":"offline_l2","coord_precision":"exact","src_datasets":"130229","n_src":1,"unit_type":"教育單位","service_mode":"日間","service_content":"集中式特殊教育班","service_hours":"請逕洽詢該單位服務人員","phone":"04-26713166"}},{"type":"Feature","geometry":{"type":"Point","coordinates":[120.547667,24.196115]},"properties":{"uid":"welfare_09317","name":"龍泉國小附設幼兒園","welfare_class":"child_dev","address":"臺中市龍井區龍新路162號","city":"臺中市","coord_source":"offline_l2","coord_precision":"exact","src_datasets":"130229","n_src":1,"unit_type":"教育單位","service_mode":"時段","service_content":"不分類巡迴輔導班","service_hours":"請逕洽詢該單位服務人員","phone":"04-26353340"}},{"type":"Feature","geometry":{"type":"Point","coordinates":[120.828815,24.25855]},"properties":{"uid":"welfare_09318","name":"財團法人臺中市私立信望愛智能發展中心辦理和平行動據點(王詹樣基金會補助)","welfare_class":"child_dev","address":"臺中市東勢區中興街61號","city":"臺中市","coord_source":"offline_l2","coord_precision":"exact","src_datasets":"130229","n_src":1,"unit_type":"社福單位","service_mode":"時段","service_content":"社區療育服務，服務和平區。","service_hours":"請逕洽詢該單位服務人員","phone":"04-25773885"}},{"type":"Feature","geometry":{"type":"Point","coordinates":[120.888599,24.174105]},"properties":{"uid":"welfare_09319","name":"臺中市第五區兒童發展社區資源中心和平資源站","welfare_class":"child_dev","address":"臺中市和平區南勢里東關路3段132號","city":"臺中市","coord_source":"offline_l1","coord_precision":"cached","src_datasets":"130229","n_src":1,"unit_type":"社福單位","service_mode":"時段","service_content":"辦理社區化服務：發展教養諮詢、圖書教具借閱、親子活動","service_hours":"5/5、6/2、7/7、8/4、9/1、10/6、11/3，9時30分至12時","phone":"04-25249769"}},{"type":"Feature","geometry":{"type":"Point","coordinates":[120.808574,24.244095]},"properties":{"uid":"welfare_09320","name":"臺中市第五區兒童發展社區資源中心新社資源站","welfare_class":"child_dev","address":"臺中市新社區中和街4段207號","city":"臺中市","coord_source":"offline_l2","coord_precision":"exact","src_datasets":"130229","n_src":1,"unit_type":"社福單位","service_mode":"時段","service_content":"辦理社區化服務：發展教養諮詢、圖書教具借閱、親子活動","service_hours":"1/21、3/10、3/24、4/14、4/28、5/12、5/26、6/9、6/23、7/14、7/28、8/11、8/25、9/8、9/22、10/13、10/27、11/5、11/24、12/8、12/22，9時30分至12時","phone":"04-25249769"}},{"type":"Feature","geometry":{"type":"Point","coordinates":[120.731639,24.308146]},"properties":{"uid":"welfare_09321","name":"臺中市第七區兒童發展社區資源中心后里義里資源站","welfare_class":"child_dev","address":"臺中市后里區梅里路17-3號旁","city":"臺中市","coord_source":"google","coord_precision":"exact","src_datasets":"130229","n_src":1,"unit_type":"社福單位","service_mode":"時段","service_content":"辦理社區化服務：發展教養諮詢、圖書教具借閱、親子活動","service_hours":"5/8、6/5、7/3、8/7、9/4、10/2、11/6，10時至11時30分","phone":"04-26881288"}},{"type":"Feature","geometry":{"type":"Point","coordinates":[120.710357,24.305175]},"properties":{"uid":"welfare_09322","name":"臺中市第七區兒童發展社區資源中心后里社區療育站","welfare_class":"child_dev","address":"臺中市后里區公安路86號(后里衛生所)","city":"臺中市","coord_source":"offline_l15","coord_precision":"interpolated","src_datasets":"130229","n_src":1,"unit_type":"社福單位","service_mode":"時段","service_content":"辦理社區親職諮詢及療育服務","service_hours":"每週三13時30分至17時","phone":"04-26881288"}},{"type":"Feature","geometry":{"type":"Point","coordinates":[120.642862,24.340696]},"properties":{"uid":"welfare_09323","name":"臺中市第七區兒童發展社區資源中心外埔大東資源站","welfare_class":"child_dev","address":"臺中市外埔區大馬路373號","city":"臺中市","coord_source":"offline_l1","coord_precision":"cached","src_datasets":"130229","n_src":1,"unit_type":"社福單位","service_mode":"時段","service_content":"辦理社區化服務：發展教養諮詢、圖書教具借閱、親子活動。","service_hours":"3/11、4/8、5/6、6/10、7/8、8/12、9/9、10/7、11/11，10時至11時30分","phone":"04-26881288"}},{"type":"Feature","geometry":{"type":"Point","coordinates":[120.2104,23.000532]},"properties":{"uid":"welfare_09324","name":"公園國小","welfare_class":"child_dev","address":"臺南市北區公園路180號","city":"臺南市","coord_source":"offline_l2","coord_precision":"exact","src_datasets":"130229","n_src":1,"unit_type":"教育單位","service_mode":"時段","service_content":"不分類巡迴輔導班","service_hours":"請逕洽詢該單位服務人員","phone":"06-2223291"}},{"type":"Feature","geometry":{"type":"Point","coordinates":[120.199951,23.015355]},"properties":{"uid":"welfare_09325","name":"文元國小","welfare_class":"child_dev","address":"臺南市北區文元里6鄰海安路三段815號","city":"臺南市","coord_source":"offline_l2","coord_precision":"exact","src_datasets":"130229","n_src":1,"unit_type":"教育單位","service_mode":"時段","service_content":"不分類巡迴輔導班","service_hours":"請逕洽詢該單位服務人員","phone":"06-3584371"}},{"type":"Feature","geometry":{"type":"Point","coordinates":[120.196477,23.001928]},"properties":{"uid":"welfare_09326","name":"心悠活診所","welfare_class":"child_dev","address":"臺南市北區金華路五段14號","city":"臺南市","coord_source":"offline_l15","coord_precision":"interpolated","src_datasets":"130229","n_src":1,"unit_type":"衛生單位","service_mode":"時段","service_content":"心理治療、遊戲治療","service_hours":"請逕洽詢該單位服務人員","phone":"06-2236766"}},{"type":"Feature","geometry":{"type":"Point","coordinates":[120.20261,23.003106]},"properties":{"uid":"welfare_09327","name":"九翌復健診所","welfare_class":"child_dev","address":"臺南市北區公園南路358號","city":"臺南市","coord_source":"offline_l1","coord_precision":"cached","src_datasets":"130229","n_src":1,"unit_type":"衛生單位","service_mode":"時段","service_content":"物理、職能治療","service_hours":"請逕洽詢該單位服務人員","phone":"0937-807624"}},{"type":"Feature","geometry":{"type":"Point","coordinates":[120.195733,23.010054]},"properties":{"uid":"welfare_09328","name":"和家安復健診所","welfare_class":"child_dev","address":"臺南市北區和緯路三段285號","city":"臺南市","coord_source":"offline_l2","coord_precision":"exact","src_datasets":"130229","n_src":1,"unit_type":"衛生單位","service_mode":"時段","service_content":"物理、職能治療","service_hours":"請逕洽詢該單位服務人員","phone":"06-3585608"}},{"type":"Feature","geometry":{"type":"Point","coordinates":[120.205448,23.016537]},"properties":{"uid":"welfare_09329","name":"寬欣心理治療所","welfare_class":"child_dev","address":"臺南市北區育德一街227號","city":"臺南市","coord_source":"google","coord_precision":"exact","src_datasets":"130229","n_src":1,"unit_type":"衛生單位","service_mode":"時段","service_content":"兒童心理治療","service_hours":"請逕洽詢該單位服務人員","phone":"06-2510966"}},{"type":"Feature","geometry":{"type":"Point","coordinates":[120.199552,23.003955]},"properties":{"uid":"welfare_09330","name":"長欣復健科診所","welfare_class":"child_dev","address":"臺南市北區臨安路二段209號","city":"臺南市","coord_source":"offline_l1","coord_precision":"cached","src_datasets":"130229","n_src":1,"unit_type":"衛生單位","service_mode":"時段","service_content":"語言、物理、職能治療","service_hours":"請逕洽詢該單位服務人員","phone":"06-2589625-6"}},{"type":"Feature","geometry":{"type":"Point","coordinates":[120.210008,23.003603]},"properties":{"uid":"welfare_09331","name":"陳志誠耳鼻喉科醫院","welfare_class":"child_dev","address":"臺南市北區公園路315之1號","city":"臺南市","coord_source":"offline_l1","coord_precision":"cached","src_datasets":"130229","n_src":1,"unit_type":"衛生單位","service_mode":"時段","service_content":"語言治療","service_hours":"請逕洽詢該單位服務人員","phone":"06-2210423"}},{"type":"Feature","geometry":{"type":"Point","coordinates":[120.208416,23.000697]},"properties":{"uid":"welfare_09332","name":"鍾亞玲兒童物理治療所","welfare_class":"child_dev","address":"臺南市北區公園路257號7樓之1","city":"臺南市","coord_source":"offline_l1","coord_precision":"cached","src_datasets":"130229","n_src":1,"unit_type":"衛生單位","service_mode":"時段","service_content":"物理、職能治療","service_hours":"請逕洽詢該單位服務人員","phone":"06-2294806"}},{"type":"Feature","geometry":{"type":"Point","coordinates":[120.21923,23.00221]},"properties":{"uid":"welfare_09333","name":"成功大學附設醫院","welfare_class":"child_dev","address":"臺南市北區勝利路138號","city":"臺南市","coord_source":"offline_l1","coord_precision":"cached","src_datasets":"130229","n_src":1,"unit_type":"衛生單位","service_mode":"時段","service_content":"語言、物理、職能治療","service_hours":"請逕洽詢該單位服務人員","phone":"06-2353535分機2662"}},{"type":"Feature","geometry":{"type":"Point","coordinates":[120.208999,22.985972]},"properties":{"uid":"welfare_09335","name":"臺南大學附小","welfare_class":"child_dev","address":"臺南市中西區樹林街二段31號","city":"臺南市","coord_source":"offline_l2","coord_precision":"exact","src_datasets":"130229","n_src":1,"unit_type":"教育單位","service_mode":"日間","service_content":"集中式特殊教育班","service_hours":"請逕洽詢該單位服務人員","phone":"06-2132566"}},{"type":"Feature","geometry":{"type":"Point","coordinates":[120.20125,22.992746]},"properties":{"uid":"welfare_09336","name":"永福國小","welfare_class":"child_dev","address":"臺南市中西區永福路二段86號","city":"臺南市","coord_source":"offline_l2","coord_precision":"exact","src_datasets":"130229","n_src":1,"unit_type":"教育單位","service_mode":"時段","service_content":"不分類巡迴輔導班","service_hours":"請逕洽詢該單位服務人員","phone":"06-2223241"}},{"type":"Feature","geometry":{"type":"Point","coordinates":[120.204141,22.987699]},"properties":{"uid":"welfare_09337","name":"市立第一幼兒園","welfare_class":"child_dev","address":"臺南市中西區南門路26之1號","city":"臺南市","coord_source":"google","coord_precision":"exact","src_datasets":"130229","n_src":1,"unit_type":"教育單位","service_mode":"日間","service_content":"集中式特殊教育班","service_hours":"請逕洽詢該單位服務人員","phone":"06-2135779"}},{"type":"Feature","geometry":{"type":"Point","coordinates":[120.205223,22.997047]},"properties":{"uid":"welfare_09338","name":"上善心理治療所","welfare_class":"child_dev","address":"臺南市中西區中成路22號3樓","city":"臺南市","coord_source":"offline_l2","coord_precision":"exact","src_datasets":"130229","n_src":1,"unit_type":"衛生單位","service_mode":"時段","service_content":"兒童心理治療","service_hours":"請逕洽詢該單位服務人員","phone":"06-2375555"}},{"type":"Feature","geometry":{"type":"Point","coordinates":[120.197618,22.995134]},"properties":{"uid":"welfare_09339","name":"洪外科醫院","welfare_class":"child_dev","address":"臺南市中西區民生路二段60號","city":"臺南市","coord_source":"offline_l1","coord_precision":"cached","src_datasets":"130229","n_src":1,"unit_type":"衛生單位","service_mode":"時段","service_content":"物理治療","service_hours":"請逕洽詢該單位服務人員","phone":"06-2296121-3"}},{"type":"Feature","geometry":{"type":"Point","coordinates":[120.198917,22.990308]},"properties":{"uid":"welfare_09340","name":"永和醫院","welfare_class":"child_dev","address":"臺南市中西區府前路一段310號","city":"臺南市","coord_source":"offline_l2","coord_precision":"exact","src_datasets":"130229","n_src":1,"unit_type":"衛生單位","service_mode":"時段","service_content":"物理、職能、語言治療","service_hours":"請逕洽詢該單位服務人員","phone":"06-2231191-7分機845"}},{"type":"Feature","geometry":{"type":"Point","coordinates":[120.210593,22.983625]},"properties":{"uid":"welfare_09341","name":"松柏復健診所","welfare_class":"child_dev","address":"臺南市中西區府連路108號","city":"臺南市","coord_source":"offline_l1","coord_precision":"cached","src_datasets":"130229","n_src":1,"unit_type":"衛生單位","service_mode":"時段","service_content":"物理、職能治療","service_hours":"請逕洽詢該單位服務人員","phone":"06-2134408"}},{"type":"Feature","geometry":{"type":"Point","coordinates":[120.197745,22.983631]},"properties":{"uid":"welfare_09342","name":"仁村醫院","welfare_class":"child_dev","address":"臺南市中西區西門路一段486號","city":"臺南市","coord_source":"offline_l1","coord_precision":"cached","src_datasets":"130229","n_src":1,"unit_type":"衛生單位","service_mode":"時段","service_content":"物理、職能、語言治療","service_hours":"請逕洽詢該單位服務人員","phone":"06-2152607分機291"}},{"type":"Feature","geometry":{"type":"Point","coordinates":[120.18919,22.990877]},"properties":{"uid":"welfare_09343","name":"澤康復健診所","welfare_class":"child_dev","address":"臺南市中西區永華一街89號","city":"臺南市","coord_source":"offline_l1","coord_precision":"cached","src_datasets":"130229","n_src":1,"unit_type":"衛生單位","service_mode":"時段","service_content":"物理、職能、語言治療","service_hours":"請逕洽詢該單位服務人員","phone":"06-2992112"}},{"type":"Feature","geometry":{"type":"Point","coordinates":[120.209228,22.995819]},"properties":{"uid":"welfare_09344","name":"衛生福利部臺南醫院","welfare_class":"child_dev","address":"臺南市中西區中山路125號","city":"臺南市","coord_source":"offline_l1","coord_precision":"cached","src_datasets":"130229","n_src":1,"unit_type":"衛生單位","service_mode":"時段","service_content":"物理、職能、語言治療","service_hours":"請逕洽詢該單位服務人員","phone":"06-2200055分機3170"}},{"type":"Feature","geometry":{"type":"Point","coordinates":[120.198504,22.994862]},"properties":{"uid":"welfare_09345","name":"郭綜合醫院","welfare_class":"child_dev","address":"臺南市中西區民生路二段22號","city":"臺南市","coord_source":"offline_l2","coord_precision":"exact","src_datasets":"130229","n_src":1,"unit_type":"衛生單位","service_mode":"時段","service_content":"物理、職能、語言治療","service_hours":"請逕洽詢該單位服務人員","phone":"06-2221111分機1262"}},{"type":"Feature","geometry":{"type":"Point","coordinates":[120.218154,22.987609]},"properties":{"uid":"welfare_09346","name":"勝利國小","welfare_class":"child_dev","address":"臺南市東區勝利路10號","city":"臺南市","coord_source":"offline_l2","coord_precision":"exact","src_datasets":"130229","n_src":1,"unit_type":"教育單位","service_mode":"時段","service_content":"不分類巡迴輔導班","service_hours":"請逕洽詢該單位服務人員","phone":"06-2372982"}},{"type":"Feature","geometry":{"type":"Point","coordinates":[120.238392,22.981092]},"properties":{"uid":"welfare_09347","name":"復興國小","welfare_class":"child_dev","address":"臺南市東區裕文路60號","city":"臺南市","coord_source":"offline_l2","coord_precision":"exact","src_datasets":"130229","n_src":1,"unit_type":"教育單位","service_mode":"時段","service_content":"不分類巡迴輔導班","service_hours":"請逕洽詢該單位服務人員","phone":"06-3310457"}},{"type":"Feature","geometry":{"type":"Point","coordinates":[120.220005,22.989773]},"properties":{"uid":"welfare_09348","name":"春暉精神科診所","welfare_class":"child_dev","address":"臺南市東區長榮路二段43號","city":"臺南市","coord_source":"offline_l2","coord_precision":"exact","src_datasets":"130229","n_src":1,"unit_type":"衛生單位","service_mode":"時段","service_content":"職能治療","service_hours":"請逕洽詢該單位服務人員","phone":"06-2373888"}},{"type":"Feature","geometry":{"type":"Point","coordinates":[120.227449,22.990921]},"properties":{"uid":"welfare_09349","name":"怡安復健科診所","welfare_class":"child_dev","address":"臺南市東區怡東路15號","city":"臺南市","coord_source":"offline_l2","coord_precision":"exact","src_datasets":"130229","n_src":1,"unit_type":"衛生單位","service_mode":"時段","service_content":"職能、物理治療","service_hours":"請逕洽詢該單位服務人員","phone":"06-2350166"}},{"type":"Feature","geometry":{"type":"Point","coordinates":[120.231298,22.968003]},"properties":{"uid":"welfare_09350","name":"晉安復健科診所","welfare_class":"child_dev","address":"臺南市東區崇善路670號","city":"臺南市","coord_source":"offline_l15","coord_precision":"interpolated","src_datasets":"130229","n_src":1,"unit_type":"衛生單位","service_mode":"時段","service_content":"物理、職能、語言治療","service_hours":"請逕洽詢該單位服務人員","phone":"06-2685296"}},{"type":"Feature","geometry":{"type":"Point","coordinates":[120.225147,22.976174]},"properties":{"uid":"welfare_09351","name":"佑誠復健科診所","welfare_class":"child_dev","address":"臺南市東區中華東路三段220號","city":"臺南市","coord_source":"offline_l15","coord_precision":"interpolated","src_datasets":"130229","n_src":1,"unit_type":"衛生單位","service_mode":"時段","service_content":"職能、物理治療","service_hours":"請逕洽詢該單位服務人員","phone":"06-2899373"}},{"type":"Feature","geometry":{"type":"Point","coordinates":[120.230664,22.982306]},"properties":{"uid":"welfare_09352","name":"東仁診所","welfare_class":"child_dev","address":"臺南市東區中華東路二段305號","city":"臺南市","coord_source":"offline_l15","coord_precision":"interpolated","src_datasets":"130229","n_src":1,"unit_type":"衛生單位","service_mode":"時段","service_content":"物理、職能治療","service_hours":"請逕洽詢該單位服務人員","phone":"06-2905533"}},{"type":"Feature","geometry":{"type":"Point","coordinates":[120.216757,22.986957]},"properties":{"uid":"welfare_09353","name":"薛澤杰復健科診所","welfare_class":"child_dev","address":"臺南市東區東門路一段298號1樓","city":"臺南市","coord_source":"offline_l1","coord_precision":"cached","src_datasets":"130229","n_src":1,"unit_type":"衛生單位","service_mode":"時段","service_content":"物理、職能、語言治療","service_hours":"請逕洽詢該單位服務人員","phone":"06-2386150"}},{"type":"Feature","geometry":{"type":"Point","coordinates":[120.212807,22.989158]},"properties":{"uid":"welfare_09354","name":"臺南新樓醫院","welfare_class":"child_dev","address":"臺南市東區東門路一段57號","city":"臺南市","coord_source":"offline_l1","coord_precision":"cached","src_datasets":"130229","n_src":1,"unit_type":"衛生單位","service_mode":"時段","service_content":"職能、物理、語言治療","service_hours":"請逕洽詢該單位服務人員","phone":"06-2748316分機1048或4102、4192"}},{"type":"Feature","geometry":{"type":"Point","coordinates":[120.223137,23.003148]},"properties":{"uid":"welfare_09355","name":"小天使職能治療所","welfare_class":"child_dev","address":"臺南市東區東豐路273巷2弄5號","city":"臺南市","coord_source":"google","coord_precision":"exact","src_datasets":"130229","n_src":1,"unit_type":"衛生單位","service_mode":"時段","service_content":"職能治療","service_hours":"請逕洽詢該單位服務人員","phone":"0930-519746"}},{"type":"Feature","geometry":{"type":"Point","coordinates":[120.216333,22.988301]},"properties":{"uid":"welfare_09356","name":"必揚物理治療所","welfare_class":"child_dev","address":"臺南市東區慶東街98-1號","city":"臺南市","coord_source":"google","coord_precision":"exact","src_datasets":"130229","n_src":1,"unit_type":"衛生單位","service_mode":"時段","service_content":"語言治療","service_hours":"請逕洽詢該單位服務人員","phone":"06-2087861"}},{"type":"Feature","geometry":{"type":"Point","coordinates":[120.226316,22.985675]},"properties":{"uid":"welfare_09357","name":"曙光角落心理諮商所","welfare_class":"child_dev","address":"臺南市東區裕農路62號","city":"臺南市","coord_source":"offline_l15","coord_precision":"interpolated","src_datasets":"130229","n_src":1,"unit_type":"衛生單位","service_mode":"時段","service_content":"心理治療、親子教養","service_hours":"請逕洽詢該單位服務人員","phone":"0978-909965"}},{"type":"Feature","geometry":{"type":"Point","coordinates":[120.230331,22.992968]},"properties":{"uid":"welfare_09358","name":"心樂活診所","welfare_class":"child_dev","address":"臺南市東區凱旋路39號","city":"臺南市","coord_source":"offline_l1","coord_precision":"cached","src_datasets":"130229","n_src":1,"unit_type":"衛生單位","service_mode":"時段","service_content":"心理治療","service_hours":"請逕洽詢該單位服務人員","phone":"06-2383638"}},{"type":"Feature","geometry":{"type":"Point","coordinates":[120.223018,22.984057]},"properties":{"uid":"welfare_09359","name":"蘊能職能治療所","welfare_class":"child_dev","address":"臺南市東區崇仁街66巷1號","city":"臺南市","coord_source":"offline_l1","coord_precision":"cached","src_datasets":"130229","n_src":1,"unit_type":"衛生單位","service_mode":"時段","service_content":"職能、語言治療","service_hours":"請逕洽詢該單位服務人員","phone":"0968-230216"}},{"type":"Feature","geometry":{"type":"Point","coordinates":[120.226543,22.993097]},"properties":{"uid":"welfare_09360","name":"東安復健診所","welfare_class":"child_dev","address":"臺南市東區東安路96號","city":"臺南市","coord_source":"offline_l15","coord_precision":"interpolated","src_datasets":"130229","n_src":1,"unit_type":"衛生單位","service_mode":"時段","service_content":"物理、職能、語言治療","service_hours":"請逕洽詢該單位服務人員","phone":"06-2371157"}},{"type":"Feature","geometry":{"type":"Point","coordinates":[120.176283,22.993903]},"properties":{"uid":"welfare_09361","name":"安平國小","welfare_class":"child_dev","address":"臺南市安平區怡平路392號","city":"臺南市","coord_source":"offline_l2","coord_precision":"exact","src_datasets":"130229","n_src":1,"unit_type":"教育單位","service_mode":"時段","service_content":"不分類巡迴輔導班","service_hours":"請逕洽詢該單位服務人員","phone":"06-2996735"}},{"type":"Feature","geometry":{"type":"Point","coordinates":[120.214996,23.07376]},"properties":{"uid":"welfare_09362","name":"財團法人臺南市私立瑞復益智中心安南分部(身心障礙福利機構兼辦早療業務)","welfare_class":"child_dev","address":"臺南市安南區安和路6段126巷56號","city":"臺南市","coord_source":"offline_l2","coord_precision":"exact","src_datasets":"130229","n_src":1,"unit_type":"社福單位","service_mode":"日間、時段","service_content":"時段及日間療育","service_hours":"日托正常上下課（班）時間，時段療育原則上亦以正常上下課（班）時間為主，如家庭有特殊狀況才會晚上排課。","phone":"06-3554816"}},{"type":"Feature","geometry":{"type":"Point","coordinates":[120.184402,23.046807]},"properties":{"uid":"welfare_09363","name":"財團法人臺南市私立瑞復益智中心社區療育據點(社家署及地方政府補助)","welfare_class":"child_dev","address":"臺南市安南區海佃路二段822號","city":"臺南市","coord_source":"offline_l2","coord_precision":"exact","src_datasets":"130229","n_src":1,"unit_type":"社福單位","service_mode":"時段、到宅","service_content":"1.社區療育服務、到宅服務。2.服務安南區、西港區、安定區、七股區。","service_hours":"請逕洽詢該單位服務人員","phone":"06-2563797"}},{"type":"Feature","geometry":{"type":"Point","coordinates":[120.222343,23.064129]},"properties":{"uid":"welfare_09364","name":"臺南啟智學校","welfare_class":"child_dev","address":"臺南市安南區長和路二段74號","city":"臺南市","coord_source":"offline_l2","coord_precision":"exact","src_datasets":"130229","n_src":1,"unit_type":"教育單位","service_mode":"日間","service_content":"集中式特殊教育班","service_hours":"請逕洽詢該單位服務人員","phone":"06-3554591"}},{"type":"Feature","geometry":{"type":"Point","coordinates":[120.217427,23.048596]},"properties":{"uid":"welfare_09365","name":"安順國小","welfare_class":"child_dev","address":"臺南市安南區安和路三段193號","city":"臺南市","coord_source":"offline_l2","coord_precision":"exact","src_datasets":"130229","n_src":1,"unit_type":"教育單位","service_mode":"時段","service_content":"不分類巡迴輔導班","service_hours":"請逕洽詢該單位服務人員","phone":"06-3559451"}},{"type":"Feature","geometry":{"type":"Point","coordinates":[120.19311,23.040147]},"properties":{"uid":"welfare_09366","name":"安慶國小","welfare_class":"child_dev","address":"臺南市安南區安中路一段703巷80號","city":"臺南市","coord_source":"offline_l2","coord_precision":"exact","src_datasets":"130229","n_src":1,"unit_type":"教育單位","service_mode":"時段","service_content":"不分類巡迴輔導班","service_hours":"請逕洽詢該單位服務人員","phone":"06-2460334"}},{"type":"Feature","geometry":{"type":"Point","coordinates":[120.199816,23.028739]},"properties":{"uid":"welfare_09367","name":"海佃國小","welfare_class":"child_dev","address":"臺南市安南區郡安路五段56號","city":"臺南市","coord_source":"offline_l2","coord_precision":"exact","src_datasets":"130229","n_src":1,"unit_type":"教育單位","service_mode":"時段","service_content":"不分類巡迴輔導班","service_hours":"請逕洽詢該單位服務人員","phone":"06-2505013"}},{"type":"Feature","geometry":{"type":"Point","coordinates":[120.223858,23.064924]},"properties":{"uid":"welfare_09368","name":"臺南市立安南醫院","welfare_class":"child_dev","address":"臺南市安南區州南里 12鄰長和路二段 66 號","city":"臺南市","coord_source":"google","coord_precision":"exact","src_datasets":"130229","n_src":1,"unit_type":"衛生單位","service_mode":"時段","service_content":"物理、職能治療","service_hours":"請逕洽詢該單位服務人員","phone":"06-3553111"}},{"type":"Feature","geometry":{"type":"Point","coordinates":[120.296484,22.970048]},"properties":{"uid":"welfare_09369","name":"歸仁國小","welfare_class":"child_dev","address":"臺南市歸仁區文化街一段100號","city":"臺南市","coord_source":"offline_l2","coord_precision":"exact","src_datasets":"130229","n_src":1,"unit_type":"教育單位","service_mode":"時段","service_content":"不分類巡迴輔導班","service_hours":"請逕洽詢該單位服務人員","phone":"06-2304740"}},{"type":"Feature","geometry":{"type":"Point","coordinates":[120.298029,22.964004]},"properties":{"uid":"welfare_09370","name":"臺南市政府委託民間辦理臺南市歸仁早期療育發展中心(早期療育機構)","welfare_class":"child_dev","address":"臺南市歸仁區信義南路78號3樓(暫時搬遷至新化區全興里竹子腳247-351號1樓之二)","city":"臺南市","coord_source":"offline_l15","coord_precision":"interpolated","src_datasets":"130229","n_src":1,"unit_type":"社福單位","service_mode":"日間、時段、到宅","service_content":"1.時段及日間療育。2.到宅服務永康區、新化區、歸仁區、仁德區、關廟區、龍崎區、南區","service_hours":"請逕洽詢該單位服務人員","phone":"06-3307449"}},{"type":"Feature","geometry":{"type":"Point","coordinates":[120.291943,22.966293]},"properties":{"uid":"welfare_09371","name":"祥瑞診所","welfare_class":"child_dev","address":"臺南市歸仁區民族南街22號","city":"臺南市","coord_source":"offline_l1","coord_precision":"cached","src_datasets":"130229","n_src":1,"unit_type":"衛生單位","service_mode":"時段","service_content":"物理、職能治療","service_hours":"請逕洽詢該單位服務人員","phone":"06-2397358"}},{"type":"Feature","geometry":{"type":"Point","coordinates":[120.458712,23.121248]},"properties":{"uid":"welfare_09372","name":"玉井國小","welfare_class":"child_dev","address":"臺南市玉井區中正路一號","city":"臺南市","coord_source":"offline_l1","coord_precision":"cached","src_datasets":"130229","n_src":1,"unit_type":"教育單位","service_mode":"時段","service_content":"不分類巡迴輔導班","service_hours":"請逕洽詢該單位服務人員","phone":"06-5742047"}},{"type":"Feature","geometry":{"type":"Point","coordinates":[120.183484,23.228231]},"properties":{"uid":"welfare_09373","name":"東陽國小","welfare_class":"child_dev","address":"臺南市學甲區慈福里1鄰華宗路260號","city":"臺南市","coord_source":"offline_l2","coord_precision":"exact","src_datasets":"130229","n_src":1,"unit_type":"教育單位","service_mode":"時段","service_content":"不分類巡迴輔導班","service_hours":"請逕洽詢該單位服務人員","phone":"06-7833322"}},{"type":"Feature","geometry":{"type":"Point","coordinates":[120.182693,23.236902]},"properties":{"uid":"welfare_09374","name":"財團法人天主教伯利恆文教基金會附設伯利恆兒童發展中心(早期療育機構)","welfare_class":"child_dev","address":"臺南市學甲區中學路95號","city":"臺南市","coord_source":"offline_l2","coord_precision":"exact","src_datasets":"130229","n_src":1,"unit_type":"社福單位","service_mode":"日間、時段、到宅","service_content":"1.時段及日間療育。2.到宅服務新營區、鹽水區、後壁區、白河區、東山區、柳營區、佳里區、西港區、七股區、學甲區、將軍區、北門區、麻豆區、下營區、六甲區、官田區","service_hours":"請逕洽詢該單位服務人員","phone":"06-7830456"}},{"type":"Feature","geometry":{"type":"Point","coordinates":[120.25616,23.0262]},"properties":{"uid":"welfare_09375","name":"永康國小","welfare_class":"child_dev","address":"臺南市永康區中山南路637號","city":"臺南市","coord_source":"offline_l2","coord_precision":"exact","src_datasets":"130229","n_src":1,"unit_type":"教育單位","service_mode":"時段","service_content":"不分類巡迴輔導班","service_hours":"請逕洽詢該單位服務人員","phone":"06-2324462"}},{"type":"Feature","geometry":{"type":"Point","coordinates":[120.25823,23.006159]},"properties":{"uid":"welfare_09376","name":"崑山國小","welfare_class":"child_dev","address":"臺南市永康區國光五街72號","city":"臺南市","coord_source":"offline_l2","coord_precision":"exact","src_datasets":"130229","n_src":1,"unit_type":"教育單位","service_mode":"時段","service_content":"不分類巡迴輔導班","service_hours":"請逕洽詢該單位服務人員","phone":"06-2711640"}},{"type":"Feature","geometry":{"type":"Point","coordinates":[120.236951,23.008997]},"properties":{"uid":"welfare_09377","name":"五王國小","welfare_class":"child_dev","address":"臺南市永康區中華二路150號","city":"臺南市","coord_source":"offline_l2","coord_precision":"exact","src_datasets":"130229","n_src":1,"unit_type":"教育單位","service_mode":"時段","service_content":"不分類巡迴輔導班","service_hours":"請逕洽詢該單位服務人員","phone":"06-2336842"}},{"type":"Feature","geometry":{"type":"Point","coordinates":[120.26021,23.003167]},"properties":{"uid":"welfare_09378","name":"復國復健診所","welfare_class":"child_dev","address":"臺南市永康區永大路二段61號","city":"臺南市","coord_source":"offline_l2","coord_precision":"exact","src_datasets":"130229","n_src":1,"unit_type":"衛生單位","service_mode":"時段","service_content":"物理、職能治療","service_hours":"請逕洽詢該單位服務人員","phone":"06-2727471"}},{"type":"Feature","geometry":{"type":"Point","coordinates":[120.221897,23.020606]},"properties":{"uid":"welfare_09379","name":"奇美醫療財團法人奇美醫院","welfare_class":"child_dev","address":"臺南市永康區中華路901號","city":"臺南市","coord_source":"offline_l1","coord_precision":"cached","src_datasets":"130229","n_src":1,"unit_type":"衛生單位","service_mode":"時段","service_content":"物理、職能、語言治療","service_hours":"請逕洽詢該單位服務人員","phone":"06-2812811分機5100"}},{"type":"Feature","geometry":{"type":"Point","coordinates":[120.240316,22.997218]},"properties":{"uid":"welfare_09380","name":"高雄榮民醫院臺南分院","welfare_class":"child_dev","address":"臺南市永康區復興路427號","city":"臺南市","coord_source":"offline_l1","coord_precision":"cached","src_datasets":"130229","n_src":1,"unit_type":"衛生單位","service_mode":"時段","service_content":"物理、職能治療","service_hours":"請逕洽詢該單位服務人員","phone":"06-3125101分機1940或1937"}},{"type":"Feature","geometry":{"type":"Point","coordinates":[120.227023,23.012988]},"properties":{"uid":"welfare_09381","name":"慈恩心理治療所","welfare_class":"child_dev","address":"臺南市永康區中華西街21巷15號","city":"臺南市","coord_source":"offline_l2","coord_precision":"exact","src_datasets":"130229","n_src":1,"unit_type":"衛生單位","service_mode":"時段","service_content":"兒童遊戲治療(1.環境壓力適應、2.人際技巧課程、3.注意力提升課程、4.情緒調節、5.創傷復原)","service_hours":"週一至週六10時至21時","phone":"06-3126267"}},{"type":"Feature","geometry":{"type":"Point","coordinates":[120.245887,23.011186]},"properties":{"uid":"welfare_09382","name":"林淑娟語言治療所","welfare_class":"child_dev","address":"臺南市永康區復華五街76號","city":"臺南市","coord_source":"offline_l2","coord_precision":"exact","src_datasets":"130229","n_src":1,"unit_type":"衛生單位","service_mode":"時段","service_content":"提供語言治療相關服務","service_hours":"1.週二至週五:上午9時至12時、下午4時至7時；2.週六:上午9時至12時、下午3時至8時","phone":"0916-259949"}},{"type":"Feature","geometry":{"type":"Point","coordinates":[120.318398,23.038548]},"properties":{"uid":"welfare_09383","name":"臺南大學附屬啟聰學校","welfare_class":"child_dev","address":"臺南市新化區信義路52號","city":"臺南市","coord_source":"offline_l2","coord_precision":"exact","src_datasets":"130229","n_src":1,"unit_type":"教育單位","service_mode":"日間","service_content":"集中式特殊教育班","service_hours":"請逕洽詢該單位服務人員","phone":"06-5900504"}},{"type":"Feature","geometry":{"type":"Point","coordinates":[120.299006,23.038165]},"properties":{"uid":"welfare_09384","name":"大新國小","welfare_class":"child_dev","address":"臺南市新化區協興里14鄰太平街176號","city":"臺南市","coord_source":"offline_l2","coord_precision":"exact","src_datasets":"130229","n_src":1,"unit_type":"教育單位","service_mode":"時段","service_content":"不分類巡迴輔導班","service_hours":"請逕洽詢該單位服務人員","phone":"06-5982953"}},{"type":"Feature","geometry":{"type":"Point","coordinates":[120.254071,22.962221]},"properties":{"uid":"welfare_09385","name":"仁德國小","welfare_class":"child_dev","address":"臺南市仁德區仁義里10鄰中正路二段806號","city":"臺南市","coord_source":"offline_l2","coord_precision":"exact","src_datasets":"130229","n_src":1,"unit_type":"教育單位","service_mode":"時段","service_content":"不分類巡迴輔導班","service_hours":"請逕洽詢該單位服務人員","phone":"06-2794570"}},{"type":"Feature","geometry":{"type":"Point","coordinates":[120.251932,22.951422]},"properties":{"uid":"welfare_09386","name":"仁義復健科診所","welfare_class":"child_dev","address":"臺南市仁德區德糖路466號","city":"臺南市","coord_source":"offline_l2","coord_precision":"exact","src_datasets":"130229","n_src":1,"unit_type":"衛生單位","service_mode":"時段","service_content":"物理、職能、語言治療","service_hours":"請逕洽詢該單位服務人員","phone":"06-2496323"}},{"type":"Feature","geometry":{"type":"Point","coordinates":[120.340668,23.189885]},"properties":{"uid":"welfare_09388","name":"官田國小","welfare_class":"child_dev","address":"臺南市官田區官田里1鄰11號","city":"臺南市","coord_source":"google","coord_precision":"approximate","src_datasets":"130229","n_src":1,"unit_type":"教育單位","service_mode":"時段","service_content":"不分類巡迴輔導班","service_hours":"請逕洽詢該單位服務人員","phone":"06-6901195"}},{"type":"Feature","geometry":{"type":"Point","coordinates":[120.17225,23.164155]},"properties":{"uid":"welfare_09389","name":"佳里國小","welfare_class":"child_dev","address":"臺南市佳里區安西里公園路445 號","city":"臺南市","coord_source":"offline_l2","coord_precision":"exact","src_datasets":"130229","n_src":1,"unit_type":"教育單位","service_mode":"時段","service_content":"不分類巡迴輔導班","service_hours":"請逕洽詢該單位服務人員","phone":"06-7222031"}},{"type":"Feature","geometry":{"type":"Point","coordinates":[120.170477,23.169446]},"properties":{"uid":"welfare_09390","name":"奇美醫療財團法人佳里奇美醫院","welfare_class":"child_dev","address":"臺南市佳里區興化里606號","city":"臺南市","coord_source":"google","coord_precision":"approximate","src_datasets":"130229","n_src":1,"unit_type":"衛生單位","service_mode":"時段","service_content":"物理、職能、語言治療","service_hours":"請逕洽詢該單位服務人員","phone":"06-7263333分機37007"}},{"type":"Feature","geometry":{"type":"Point","coordinates":[120.199338,23.125785]},"properties":{"uid":"welfare_09391","name":"西港成功國小","welfare_class":"child_dev","address":"臺南市西港區竹林里11號","city":"臺南市","coord_source":"google","coord_precision":"approximate","src_datasets":"130229","n_src":1,"unit_type":"教育單位","service_mode":"時段","service_content":"不分類巡迴輔導班","service_hours":"請逕洽詢該單位服務人員","phone":"06-7952204"}},{"type":"Feature","geometry":{"type":"Point","coordinates":[120.306262,23.305225]},"properties":{"uid":"welfare_09392","name":"新民國小","welfare_class":"child_dev","address":"臺南市新營區公園路一段136號","city":"臺南市","coord_source":"offline_l2","coord_precision":"exact","src_datasets":"130229","n_src":1,"unit_type":"教育單位","service_mode":"日間","service_content":"集中式特殊教育班","service_hours":"請逕洽詢該單位服務人員","phone":"06-6562152"}},{"type":"Feature","geometry":{"type":"Point","coordinates":[120.299764,23.30839]},"properties":{"uid":"welfare_09393","name":"營新醫院","welfare_class":"child_dev","address":"臺南市新營區隋唐街228號","city":"臺南市","coord_source":"offline_l1","coord_precision":"cached","src_datasets":"130229","n_src":1,"unit_type":"衛生單位","service_mode":"時段","service_content":"物理、職能治療","service_hours":"請逕洽詢該單位服務人員","phone":"06-6592345分機171、233"}},{"type":"Feature","geometry":{"type":"Point","coordinates":[120.316862,23.303654]},"properties":{"uid":"welfare_09394","name":"新興醫院","welfare_class":"child_dev","address":"臺南市新營區中興路10號","city":"臺南市","coord_source":"offline_l1","coord_precision":"cached","src_datasets":"130229","n_src":1,"unit_type":"衛生單位","service_mode":"時段","service_content":"物理、職能治療","service_hours":"請逕洽詢該單位服務人員","phone":"06-6330011分機100"}},{"type":"Feature","geometry":{"type":"Point","coordinates":[120.312046,23.312964]},"properties":{"uid":"welfare_09395","name":"盧彥弘復健科診所","welfare_class":"child_dev","address":"臺南市新營區健康路71號","city":"臺南市","coord_source":"offline_l2","coord_precision":"exact","src_datasets":"130229","n_src":1,"unit_type":"衛生單位","service_mode":"時段","service_content":"職能治療","service_hours":"請逕洽詢該單位服務人員","phone":"06-6591666"}},{"type":"Feature","geometry":{"type":"Point","coordinates":[120.313203,23.309154]},"properties":{"uid":"welfare_09396","name":"衛生福利部新營醫院","welfare_class":"child_dev","address":"臺南市新營區信義街73號","city":"臺南市","coord_source":"offline_l1","coord_precision":"cached","src_datasets":"130229","n_src":1,"unit_type":"衛生單位","service_mode":"時段","service_content":"小兒職能治療、小兒語言治療","service_hours":"請逕洽詢該單位服務人員","phone":"06-6351131分機2315"}},{"type":"Feature","geometry":{"type":"Point","coordinates":[120.413833,23.35245]},"properties":{"uid":"welfare_09397","name":"白河國小","welfare_class":"child_dev","address":"臺南市白河區永安里三民路448號","city":"臺南市","coord_source":"offline_l2","coord_precision":"exact","src_datasets":"130229","n_src":1,"unit_type":"教育單位","service_mode":"時段","service_content":"不分類巡迴輔導班","service_hours":"請逕洽詢該單位服務人員","phone":"06-6852177"}},{"type":"Feature","geometry":{"type":"Point","coordinates":[120.267177,23.238956]},"properties":{"uid":"welfare_09398","name":"東興國小","welfare_class":"child_dev","address":"臺南市下營區新興里4鄰東興一街112號","city":"臺南市","coord_source":"offline_l2","coord_precision":"exact","src_datasets":"130229","n_src":1,"unit_type":"教育單位","service_mode":"時段","service_content":"不分類巡迴輔導班","service_hours":"請逕洽詢該單位服務人員","phone":"06-6892478"}},{"type":"Feature","geometry":{"type":"Point","coordinates":[120.270663,23.322215]},"properties":{"uid":"welfare_09399","name":"鹽水國小","welfare_class":"child_dev","address":"臺南市鹽水區朝琴路137號","city":"臺南市","coord_source":"offline_l2","coord_precision":"exact","src_datasets":"130229","n_src":1,"unit_type":"教育單位","service_mode":"時段","service_content":"不分類巡迴輔導班","service_hours":"請逕洽詢該單位服務人員","phone":"06-6521046"}},{"type":"Feature","geometry":{"type":"Point","coordinates":[120.294952,23.129118]},"properties":{"uid":"welfare_09400","name":"大成國小","welfare_class":"child_dev","address":"臺南市善化區大成路385號","city":"臺南市","coord_source":"offline_l2","coord_precision":"exact","src_datasets":"130229","n_src":1,"unit_type":"教育單位","service_mode":"時段","service_content":"不分類巡迴輔導班","service_hours":"請逕洽詢該單位服務人員","phone":"06-5831383"}},{"type":"Feature","geometry":{"type":"Point","coordinates":[120.324705,23.289269]},"properties":{"uid":"welfare_09401","name":"財團法人臺南市柳營奇美醫院","welfare_class":"child_dev","address":"臺南市柳營區太康里201號","city":"臺南市","coord_source":"offline_l1","coord_precision":"cached","src_datasets":"130229","n_src":1,"unit_type":"衛生單位","service_mode":"時段","service_content":"物理、職能、語言治療","service_hours":"請逕洽詢該單位服務人員","phone":"06-6226999分機77062"}},{"type":"Feature","geometry":{"type":"Point","coordinates":[120.232421,23.194601]},"properties":{"uid":"welfare_09402","name":"臺灣基督長老教會新樓醫療財團法人麻豆新樓醫院","welfare_class":"child_dev","address":"臺南市麻豆區小埤里苓子林20號","city":"臺南市","coord_source":"offline_l1","coord_precision":"cached","src_datasets":"130229","n_src":1,"unit_type":"衛生單位","service_mode":"時段","service_content":"物理、職能、語言治療","service_hours":"請逕洽詢該單位服務人員","phone":"06-5702228分機4170"}},{"type":"Feature","geometry":{"type":"Point","coordinates":[120.250661,23.181793]},"properties":{"uid":"welfare_09403","name":"周蓁佑復健科診所","welfare_class":"child_dev","address":"臺南市麻豆區信義路12之13號","city":"臺南市","coord_source":"google","coord_precision":"exact","src_datasets":"130229","n_src":1,"unit_type":"衛生單位","service_mode":"時段","service_content":"物理、職能治療","service_hours":"請逕洽詢該單位服務人員","phone":"06-5715811"}},{"type":"Feature","geometry":{"type":"Point","coordinates":[120.355095,23.102193]},"properties":{"uid":"welfare_09404","name":"財團法人臺南市私立德蘭啟智中心社區療育據點(社家署及地方政府補助)","welfare_class":"child_dev","address":"臺南市山上區山上里79號","city":"臺南市","coord_source":"offline_l1","coord_precision":"cached","src_datasets":"130229","n_src":1,"unit_type":"社福單位","service_mode":"時段、到宅","service_content":"1.社區療育服務、到宅服務。2.服務山上區、玉井區、新市區、左鎮區、善化區、新化區、大內區、楠西區、南化區。","service_hours":"請逕洽詢該單位服務人員","phone":"06-5783987"}},{"type":"Feature","geometry":{"type":"Point","coordinates":[120.124827,23.265256]},"properties":{"uid":"welfare_09405","name":"北門國小","welfare_class":"child_dev","address":"臺南市北門區北門里舊埕3號","city":"臺南市","coord_source":"offline_l2","coord_precision":"exact","src_datasets":"130229","n_src":1,"unit_type":"教育單位","service_mode":"時段","service_content":"不分類巡迴輔導班","service_hours":"請逕洽詢該單位服務人員","phone":"06-7862035"}},{"type":"Feature","geometry":{"type":"Point","coordinates":[120.401774,23.322118]},"properties":{"uid":"welfare_09406","name":"財團法人伯利恆文教基金會社區療育據點(社家署及地方政府補助)","welfare_class":"child_dev","address":"臺南市東山區新東路一段35號","city":"臺南市","coord_source":"offline_l2","coord_precision":"exact","src_datasets":"130229","n_src":1,"unit_type":"社福單位","service_mode":"時段、到宅","service_content":"1.到宅或定點服務，依兒童需要進行個案需求評估，提供社會互動、認知、溝通等與兒童發展相關的訓練及示範。2.提供家長適當的家長成長課程，建構家庭支持網絡。3.服務東山區、白河區、後壁區、新營區、柳營區、六甲區。","service_hours":"請逕洽詢該單位服務人員","phone":"06-7830456分機125"}},{"type":"Feature","geometry":{"type":"Point","coordinates":[120.404761,23.323704]},"properties":{"uid":"welfare_09407","name":"東山國小","welfare_class":"child_dev","address":"臺南市東山區青葉路二段49號","city":"臺南市","coord_source":"offline_l2","coord_precision":"exact","src_datasets":"130229","n_src":1,"unit_type":"教育單位","service_mode":"時段","service_content":"不分類巡迴輔導班","service_hours":"請逕洽詢該單位服務人員","phone":"06-6802274"}},{"type":"Feature","geometry":{"type":"Point","coordinates":[120.309432,22.647059]},"properties":{"uid":"welfare_09408","name":"財團法人私立高雄醫學大學附設中和紀念醫院","welfare_class":"child_dev","address":"高雄市三民區自由一路100號","city":"高雄市","coord_source":"offline_l2","coord_precision":"exact","src_datasets":"130229","n_src":1,"unit_type":"衛生單位","service_mode":"時段","service_content":"物理、職能、語言、心理治療","service_hours":"請逕洽詢該單位服務人員","phone":"07-3121101分機5710"}},{"type":"Feature","geometry":{"type":"Point","coordinates":[120.312962,22.661943]},"properties":{"uid":"welfare_09409","name":"宇泰復健科診所","welfare_class":"child_dev","address":"高雄市三民區明福街17號","city":"高雄市","coord_source":"offline_l1","coord_precision":"cached","src_datasets":"130229","n_src":1,"unit_type":"衛生單位","service_mode":"時段","service_content":"物理、職能治療","service_hours":"請逕洽詢該單位服務人員","phone":"07-3438578"}},{"type":"Feature","geometry":{"type":"Point","coordinates":[120.299645,22.64805]},"properties":{"uid":"welfare_09410","name":"文雄醫院","welfare_class":"child_dev","address":"高雄市三民區察哈爾二街132號","city":"高雄市","coord_source":"offline_l1","coord_precision":"cached","src_datasets":"130229","n_src":1,"unit_type":"衛生單位","service_mode":"時段","service_content":"物理、職能治療","service_hours":"請逕洽詢該單位服務人員","phone":"07-3165275"}},{"type":"Feature","geometry":{"type":"Point","coordinates":[120.326896,22.659987]},"properties":{"uid":"welfare_09411","name":"青彰復健科診所","welfare_class":"child_dev","address":"高雄市三民區明誠一路192號","city":"高雄市","coord_source":"offline_l1","coord_precision":"cached","src_datasets":"130229","n_src":1,"unit_type":"衛生單位","service_mode":"時段","service_content":"物理、職能、語言(自費)、音樂治療","service_hours":"請逕洽詢該單位服務人員","phone":"07-3427966"}},{"type":"Feature","geometry":{"type":"Point","coordinates":[120.341889,22.639306]},"properties":{"uid":"welfare_09412","name":"建宏復健科診所","welfare_class":"child_dev","address":"高雄市三民區覺民路82號","city":"高雄市","coord_source":"offline_l2","coord_precision":"exact","src_datasets":"130229","n_src":1,"unit_type":"衛生單位","service_mode":"時段","service_content":"物理、職能治療","service_hours":"請逕洽詢該單位服務人員","phone":"07-3811366"}},{"type":"Feature","geometry":{"type":"Point","coordinates":[120.318257,22.649991]},"properties":{"uid":"welfare_09413","name":"新高醫院","welfare_class":"child_dev","address":"高雄市三民區莊敬路288號","city":"高雄市","coord_source":"offline_l1","coord_precision":"cached","src_datasets":"130229","n_src":1,"unit_type":"衛生單位","service_mode":"時段","service_content":"物理、職能、語言治療","service_hours":"請逕洽詢該單位服務人員","phone":"07-3909230"}},{"type":"Feature","geometry":{"type":"Point","coordinates":[120.338643,22.637505]},"properties":{"uid":"welfare_09414","name":"良醫診所","welfare_class":"child_dev","address":"高雄市三民區九如一路196號","city":"高雄市","coord_source":"offline_l1","coord_precision":"cached","src_datasets":"130229","n_src":1,"unit_type":"衛生單位","service_mode":"時段","service_content":"物理、職能治療","service_hours":"請逕洽詢該單位服務人員","phone":"07-3851603"}},{"type":"Feature","geometry":{"type":"Point","coordinates":[120.34868,22.6396]},"properties":{"uid":"welfare_09415","name":"曦望語言治療所","welfare_class":"child_dev","address":"高雄市三民區文濱路60號2樓","city":"高雄市","coord_source":"offline_l2","coord_precision":"exact","src_datasets":"130229","n_src":1,"unit_type":"衛生單位","service_mode":"時段","service_content":"語言治療(自費)","service_hours":"請逕洽詢該單位服務人員","phone":"07-7774649"}},{"type":"Feature","geometry":{"type":"Point","coordinates":[120.319936,22.657575]},"properties":{"uid":"welfare_09416","name":"義大大昌醫院","welfare_class":"child_dev","address":"高雄市三民區大昌一路305號","city":"高雄市","coord_source":"offline_l1","coord_precision":"cached","src_datasets":"130229","n_src":1,"unit_type":"衛生單位","service_mode":"時段","service_content":"物理、職能、語言、心理治療","service_hours":"請逕洽詢該單位服務人員","phone":"07-5599123分機7536、7531"}},{"type":"Feature","geometry":{"type":"Point","coordinates":[120.321982,22.656129]},"properties":{"uid":"welfare_09417","name":"鼎金國小","welfare_class":"child_dev","address":"高雄市三民區鼎山街375號","city":"高雄市","coord_source":"offline_l2","coord_precision":"exact","src_datasets":"130229","n_src":1,"unit_type":"教育單位","service_mode":"日間","service_content":"集中式特殊教育班","service_hours":"請逕洽詢該單位服務人員","phone":"07-3836330"}},{"type":"Feature","geometry":{"type":"Point","coordinates":[120.313676,22.644534]},"properties":{"uid":"welfare_09418","name":"愛國國小","welfare_class":"child_dev","address":"高雄市三民區同德里8鄰十全一路1號","city":"高雄市","coord_source":"offline_l2","coord_precision":"exact","src_datasets":"130229","n_src":1,"unit_type":"教育單位","service_mode":"日間、時段","service_content":"集中式特殊教育班、不分類巡迴輔導班","service_hours":"請逕洽詢該單位服務人員","phone":"07-3161191"}},{"type":"Feature","geometry":{"type":"Point","coordinates":[120.3222,22.672152]},"properties":{"uid":"welfare_09419","name":"獅湖國小","welfare_class":"child_dev","address":"高雄市三民區鼎金後路495號","city":"高雄市","coord_source":"offline_l2","coord_precision":"exact","src_datasets":"130229","n_src":1,"unit_type":"教育單位","service_mode":"時段","service_content":"不分類巡迴輔導班","service_hours":"請逕洽詢該單位服務人員","phone":"07-3424782"}},{"type":"Feature","geometry":{"type":"Point","coordinates":[120.324133,22.656325]},"properties":{"uid":"welfare_09420","name":"莊敬國小","welfare_class":"child_dev","address":"高雄市三民區大昌一路200號","city":"高雄市","coord_source":"offline_l2","coord_precision":"exact","src_datasets":"130229","n_src":1,"unit_type":"教育單位","service_mode":"日間","service_content":"集中式特殊教育班","service_hours":"請逕洽詢該單位服務人員","phone":"07-3813210"}},{"type":"Feature","geometry":{"type":"Point","coordinates":[120.339722,22.649042]},"properties":{"uid":"welfare_09421","name":"東光國小","welfare_class":"child_dev","address":"高雄市三民區黃興路206號","city":"高雄市","coord_source":"offline_l2","coord_precision":"exact","src_datasets":"130229","n_src":1,"unit_type":"教育單位","service_mode":"時段","service_content":"不分類巡迴輔導班","service_hours":"請逕洽詢該單位服務人員","phone":"07-3839350"}},{"type":"Feature","geometry":{"type":"Point","coordinates":[120.287797,22.634036]},"properties":{"uid":"welfare_09422","name":"河濱國小","welfare_class":"child_dev","address":"高雄市三民區市中一路339號","city":"高雄市","coord_source":"offline_l2","coord_precision":"exact","src_datasets":"130229","n_src":1,"unit_type":"教育單位","service_mode":"時段","service_content":"不分類巡迴輔導班","service_hours":"請逕洽詢該單位服務人員","phone":"07-2211408"}},{"type":"Feature","geometry":{"type":"Point","coordinates":[120.322257,22.677697]},"properties":{"uid":"welfare_09423","name":"高雄榮民總醫院","welfare_class":"child_dev","address":"高雄市左營區大中一路386號","city":"高雄市","coord_source":"offline_l1","coord_precision":"cached","src_datasets":"130229","n_src":1,"unit_type":"衛生單位","service_mode":"時段","service_content":"物理、職能、語言治療","service_hours":"請逕洽詢該單位服務人員","phone":"07-3422121分機4218、4207"}},{"type":"Feature","geometry":{"type":"Point","coordinates":[120.292231,22.700352]},"properties":{"uid":"welfare_09424","name":"國軍高雄總醫院左營分院","welfare_class":"child_dev","address":"高雄市左營區軍校路553號","city":"高雄市","coord_source":"offline_l1","coord_precision":"cached","src_datasets":"130229","n_src":1,"unit_type":"衛生單位","service_mode":"時段","service_content":"物理、職能治療","service_hours":"請逕洽詢該單位服務人員","phone":"07-5817121分機2091"}},{"type":"Feature","geometry":{"type":"Point","coordinates":[120.287132,22.676804]},"properties":{"uid":"welfare_09425","name":"佑榮復健科診所","welfare_class":"child_dev","address":"高雄市左營區左營大路2-60號","city":"高雄市","coord_source":"offline_l1","coord_precision":"cached","src_datasets":"130229","n_src":1,"unit_type":"衛生單位","service_mode":"時段","service_content":"物理、職能、語言治療","service_hours":"請逕洽詢該單位服務人員","phone":"07-5883380"}},{"type":"Feature","geometry":{"type":"Point","coordinates":[120.303372,22.658131]},"properties":{"uid":"welfare_09426","name":"博正醫院","welfare_class":"child_dev","address":"高雄市左營區博愛二路100號","city":"高雄市","coord_source":"offline_l1","coord_precision":"cached","src_datasets":"130229","n_src":1,"unit_type":"衛生單位","service_mode":"時段","service_content":"物理、職能、語言治療","service_hours":"請逕洽詢該單位服務人員","phone":"07-5562212"}},{"type":"Feature","geometry":{"type":"Point","coordinates":[120.291307,22.672651]},"properties":{"uid":"welfare_09427","name":"嘉仁診所","welfare_class":"child_dev","address":"高雄市左營區翠華路609號","city":"高雄市","coord_source":"offline_l1","coord_precision":"cached","src_datasets":"130229","n_src":1,"unit_type":"衛生單位","service_mode":"時段","service_content":"物理、職能、語言治療","service_hours":"請逕洽詢該單位服務人員","phone":"07-5881977"}},{"type":"Feature","geometry":{"type":"Point","coordinates":[120.30575,22.669832]},"properties":{"uid":"welfare_09428","name":"德裕復健科診所","welfare_class":"child_dev","address":"高雄市左營區新庄仔路233號","city":"高雄市","coord_source":"offline_l2","coord_precision":"exact","src_datasets":"130229","n_src":1,"unit_type":"衛生單位","service_mode":"時段","service_content":"物理、職能、語言治療","service_hours":"請逕洽詢該單位服務人員","phone":"07-3410523"}},{"type":"Feature","geometry":{"type":"Point","coordinates":[120.298674,22.692465]},"properties":{"uid":"welfare_09429","name":"德能診所","welfare_class":"child_dev","address":"高雄市左營區左營大路692號","city":"高雄市","coord_source":"offline_l1","coord_precision":"cached","src_datasets":"130229","n_src":1,"unit_type":"衛生單位","service_mode":"時段","service_content":"物理、語言治療","service_hours":"請逕洽詢該單位服務人員","phone":"07-5857673"}},{"type":"Feature","geometry":{"type":"Point","coordinates":[120.308398,22.66177]},"properties":{"uid":"welfare_09430","name":"大道診所","welfare_class":"child_dev","address":"高雄市左營區自由二路215號","city":"高雄市","coord_source":"offline_l1","coord_precision":"cached","src_datasets":"130229","n_src":1,"unit_type":"衛生單位","service_mode":"時段","service_content":"物理、職能治療","service_hours":"請逕洽詢該單位服務人員","phone":"07-5561650"}},{"type":"Feature","geometry":{"type":"Point","coordinates":[120.310154,22.666252]},"properties":{"uid":"welfare_09431","name":"信望愛復健科診所","welfare_class":"child_dev","address":"高雄市左營區辛亥路251號","city":"高雄市","coord_source":"offline_l1","coord_precision":"cached","src_datasets":"130229","n_src":1,"unit_type":"衛生單位","service_mode":"時段","service_content":"物理、職能、語言治療","service_hours":"請逕洽詢該單位服務人員","phone":"07-5561129"}},{"type":"Feature","geometry":{"type":"Point","coordinates":[120.307855,22.676967]},"properties":{"uid":"welfare_09432","name":"巴弄居家物理治療所","welfare_class":"child_dev","address":"高雄市左營區文自路387巷53號1樓","city":"高雄市","coord_source":"offline_l1","coord_precision":"cached","src_datasets":"130229","n_src":1,"unit_type":"衛生單位","service_mode":"時段","service_content":"物理治療(自費)","service_hours":"請逕洽詢該單位服務人員","phone":"07-3455351"}},{"type":"Feature","geometry":{"type":"Point","coordinates":[120.294101,22.692171]},"properties":{"uid":"welfare_09433","name":"左營國小","welfare_class":"child_dev","address":"高雄市左營區實踐路42號","city":"高雄市","coord_source":"offline_l2","coord_precision":"exact","src_datasets":"130229","n_src":1,"unit_type":"教育單位","service_mode":"日間、時段","service_content":"集中式特殊教育班、不分類巡迴輔導班","service_hours":"請逕洽詢該單位服務人員","phone":"07-5820042"}},{"type":"Feature","geometry":{"type":"Point","coordinates":[120.291665,22.683448]},"properties":{"uid":"welfare_09434","name":"舊城國小","welfare_class":"child_dev","address":"高雄市左營區蓮潭路47號","city":"高雄市","coord_source":"offline_l2","coord_precision":"exact","src_datasets":"130229","n_src":1,"unit_type":"教育單位","service_mode":"日間、時段","service_content":"集中式特殊教育班、不分類巡迴輔導班","service_hours":"請逕洽詢該單位服務人員","phone":"07-5810010"}},{"type":"Feature","geometry":{"type":"Point","coordinates":[120.295103,22.672458]},"properties":{"uid":"welfare_09435","name":"勝利國小","welfare_class":"child_dev","address":"高雄市左營區南屏路1號","city":"高雄市","coord_source":"offline_l1","coord_precision":"cached","src_datasets":"130229","n_src":1,"unit_type":"教育單位","service_mode":"時段","service_content":"不分類巡迴輔導班","service_hours":"請逕洽詢該單位服務人員","phone":"07-5522541"}},{"type":"Feature","geometry":{"type":"Point","coordinates":[120.313158,22.676692]},"properties":{"uid":"welfare_09436","name":"新民國小","welfare_class":"child_dev","address":"高雄市左營區自由三路478號","city":"高雄市","coord_source":"offline_l2","coord_precision":"exact","src_datasets":"130229","n_src":1,"unit_type":"教育單位","service_mode":"時段","service_content":"不分類巡迴輔導班","service_hours":"請逕洽詢該單位服務人員","phone":"07-3411888"}},{"type":"Feature","geometry":{"type":"Point","coordinates":[120.300076,22.667601]},"properties":{"uid":"welfare_09437","name":"市立裕誠幼兒園","welfare_class":"child_dev","address":"高雄市左營區南屏路391號","city":"高雄市","coord_source":"offline_l2","coord_precision":"exact","src_datasets":"130229","n_src":1,"unit_type":"教育單位","service_mode":"日間","service_content":"集中式特殊教育班","service_hours":"請逕洽詢該單位服務人員","phone":"07-5522066"}},{"type":"Feature","geometry":{"type":"Point","coordinates":[120.298417,22.633849]},"properties":{"uid":"welfare_09438","name":"新華醫院","welfare_class":"child_dev","address":"高雄市新興區七賢二路97號","city":"高雄市","coord_source":"offline_l1","coord_precision":"cached","src_datasets":"130229","n_src":1,"unit_type":"衛生單位","service_mode":"時段","service_content":"物理、職能、語言治療","service_hours":"請逕洽詢該單位服務人員","phone":"07-2876080分機202"}},{"type":"Feature","geometry":{"type":"Point","coordinates":[120.306426,22.625132]},"properties":{"uid":"welfare_09439","name":"晉安復健科診所","welfare_class":"child_dev","address":"高雄市新興區五福二路158號","city":"高雄市","coord_source":"offline_l1","coord_precision":"cached","src_datasets":"130229","n_src":1,"unit_type":"衛生單位","service_mode":"時段","service_content":"物理、職能、語言治療","service_hours":"請逕洽詢該單位服務人員","phone":"07-2416888"}},{"type":"Feature","geometry":{"type":"Point","coordinates":[120.314331,22.633944]},"properties":{"uid":"welfare_09440","name":"蕭志文醫院","welfare_class":"child_dev","address":"高雄市新興區七賢一路102號","city":"高雄市","coord_source":"offline_l1","coord_precision":"cached","src_datasets":"130229","n_src":1,"unit_type":"衛生單位","service_mode":"時段","service_content":"物理、職能、語言治療","service_hours":"請逕洽詢該單位服務人員","phone":"07-2240252分機217"}},{"type":"Feature","geometry":{"type":"Point","coordinates":[120.304989,22.626266]},"properties":{"uid":"welfare_09441","name":"新興國小","welfare_class":"child_dev","address":"高雄市新興區民生ㄧ路321號","city":"高雄市","coord_source":"google","coord_precision":"approximate","src_datasets":"130229","n_src":1,"unit_type":"教育單位","service_mode":"日間","service_content":"集中式特殊教育班","service_hours":"請逕洽詢該單位服務人員","phone":"07-2412119"}},{"type":"Feature","geometry":{"type":"Point","coordinates":[120.310909,22.631232]},"properties":{"uid":"welfare_09442","name":"信義國小","welfare_class":"child_dev","address":"高雄市新興區中正三路32號","city":"高雄市","coord_source":"offline_l2","coord_precision":"exact","src_datasets":"130229","n_src":1,"unit_type":"教育單位","service_mode":"時段","service_content":"不分類巡迴輔導班","service_hours":"請逕洽詢該單位服務人員","phone":"07-2365163"}},{"type":"Feature","geometry":{"type":"Point","coordinates":[120.297205,22.62699]},"properties":{"uid":"welfare_09443","name":"高雄市立大同醫院","welfare_class":"child_dev","address":"高雄市前金區中華三路68號","city":"高雄市","coord_source":"offline_l1","coord_precision":"cached","src_datasets":"130229","n_src":1,"unit_type":"衛生單位","service_mode":"時段","service_content":"物理、職能、語言治療","service_hours":"請逕洽詢該單位服務人員","phone":"07-2911101分機8347、8555"}},{"type":"Feature","geometry":{"type":"Point","coordinates":[120.292903,22.631197]},"properties":{"uid":"welfare_09444","name":"上琳醫院","welfare_class":"child_dev","address":"高雄市前金區自強一路67號","city":"高雄市","coord_source":"offline_l2","coord_precision":"exact","src_datasets":"130229","n_src":1,"unit_type":"衛生單位","service_mode":"時段","service_content":"物理、職能、語言治療","service_hours":"請逕洽詢該單位服務人員","phone":"07-2828668分機8000"}},{"type":"Feature","geometry":{"type":"Point","coordinates":[120.296797,22.629994]},"properties":{"uid":"welfare_09445","name":"財團法人雅文兒童聽語文教基金會南區中心","welfare_class":"child_dev","address":"高雄市前金區中正四路148號7 樓","city":"高雄市","coord_source":"offline_l2","coord_precision":"exact","src_datasets":"130229","n_src":1,"unit_type":"教育單位","service_mode":"時段","service_content":"聽覺口語教學、聽能管理、聽力檢查","service_hours":"週一至週六:8時至12時30分；13時30分至18時","phone":"07-2860626"}},{"type":"Feature","geometry":{"type":"Point","coordinates":[120.293344,22.626574]},"properties":{"uid":"welfare_09446","name":"市立前金幼兒園","welfare_class":"child_dev","address":"高雄市前金區大同二路76號","city":"高雄市","coord_source":"offline_l2","coord_precision":"exact","src_datasets":"130229","n_src":1,"unit_type":"教育單位","service_mode":"日間、時段","service_content":"集中式特殊教育班、不分類巡迴輔導班","service_hours":"請逕洽詢該單位服務人員","phone":"07-2211708"}},{"type":"Feature","geometry":{"type":"Point","coordinates":[120.322262,22.579262]},"properties":{"uid":"welfare_09447","name":"財團法人高雄市私立博正兒童發展中心辦理草衙行動據點(王詹樣基金會補助)","welfare_class":"child_dev","address":"高雄市前鎮區和誠街78巷14號","city":"高雄市","coord_source":"google","coord_precision":"exact","src_datasets":"130229","n_src":1,"unit_type":"社福單位","service_mode":"時段","service_content":"社區療育服務，服務前鎮區","service_hours":"週一至週五8時至17時","phone":"0902-454569"}},{"type":"Feature","geometry":{"type":"Point","coordinates":[120.31354,22.592665]},"properties":{"uid":"welfare_09448","name":"美忠復健科診所","welfare_class":"child_dev","address":"高雄市前鎮區翠亨北路547號","city":"高雄市","coord_source":"offline_l1","coord_precision":"cached","src_datasets":"130229","n_src":1,"unit_type":"衛生單位","service_mode":"時段","service_content":"物理、職能、語言治療","service_hours":"請逕洽詢該單位服務人員","phone":"07-8225558"}},{"type":"Feature","geometry":{"type":"Point","coordinates":[120.305968,22.602346]},"properties":{"uid":"welfare_09449","name":"尚佑復健科診所","welfare_class":"child_dev","address":"高雄市前鎮區中華五路987號","city":"高雄市","coord_source":"offline_l15","coord_precision":"interpolated","src_datasets":"130229","n_src":1,"unit_type":"衛生單位","service_mode":"時段","service_content":"物理、職能治療","service_hours":"請逕洽詢該單位服務人員","phone":"07-5376995"}},{"type":"Feature","geometry":{"type":"Point","coordinates":[120.305545,22.603512]},"properties":{"uid":"welfare_09450","name":"易昌復健科診所","welfare_class":"child_dev","address":"高雄市前鎮區中華五路1011號","city":"高雄市","coord_source":"offline_l15","coord_precision":"interpolated","src_datasets":"130229","n_src":1,"unit_type":"衛生單位","service_mode":"時段","service_content":"物理、職能、語言治療","service_hours":"請逕洽詢該單位服務人員","phone":"07-5366396"}},{"type":"Feature","geometry":{"type":"Point","coordinates":[120.324938,22.602633]},"properties":{"uid":"welfare_09451","name":"瑞祥醫院","welfare_class":"child_dev","address":"高雄市前鎮區班超路92號","city":"高雄市","coord_source":"offline_l15","coord_precision":"interpolated","src_datasets":"130229","n_src":1,"unit_type":"衛生單位","service_mode":"時段","service_content":"物理.職能.語言治療","service_hours":"請逕洽詢該單位服務人員","phone":"07-7717503"}},{"type":"Feature","geometry":{"type":"Point","coordinates":[120.311554,22.607129]},"properties":{"uid":"welfare_09452","name":"安柏鄰好中西醫聯合診所","welfare_class":"child_dev","address":"高雄市前鎮區民權二路180號2樓","city":"高雄市","coord_source":"offline_l1","coord_precision":"cached","src_datasets":"130229","n_src":1,"unit_type":"衛生單位","service_mode":"時段","service_content":"物理、職能、語言治療","service_hours":"請逕洽詢該單位服務人員","phone":"07-3350802"}},{"type":"Feature","geometry":{"type":"Point","coordinates":[120.304793,22.601324]},"properties":{"uid":"welfare_09453","name":"福音復健科診所","welfare_class":"child_dev","address":"高雄市前鎮區中華五路969巷9號、11號","city":"高雄市","coord_source":"offline_l15","coord_precision":"interpolated","src_datasets":"130229","n_src":1,"unit_type":"衛生單位","service_mode":"時段","service_content":"物理、職能、語言治療","service_hours":"請逕洽詢該單位服務人員","phone":"07-5365005"}},{"type":"Feature","geometry":{"type":"Point","coordinates":[120.310936,22.608429]},"properties":{"uid":"welfare_09454","name":"復興國小","welfare_class":"child_dev","address":"高雄市前鎮區民權二路331號","city":"高雄市","coord_source":"google","coord_precision":"approximate","src_datasets":"130229","n_src":1,"unit_type":"教育單位","service_mode":"日間、時段","service_content":"集中式特殊教育班、不分類巡迴輔導班","service_hours":"請逕洽詢該單位服務人員","phone":"07-3351784"}},{"type":"Feature","geometry":{"type":"Point","coordinates":[120.326077,22.580633]},"properties":{"uid":"welfare_09455","name":"明正國小","welfare_class":"child_dev","address":"高雄市前鎮區明道路2號","city":"高雄市","coord_source":"offline_l2","coord_precision":"exact","src_datasets":"130229","n_src":1,"unit_type":"教育單位","service_mode":"日間、時段","service_content":"集中式特殊教育班、不分類巡迴輔導班","service_hours":"請逕洽詢該單位服務人員","phone":"07-8110965"}},{"type":"Feature","geometry":{"type":"Point","coordinates":[120.320127,22.572817]},"properties":{"uid":"welfare_09456","name":"佛公國小","welfare_class":"child_dev","address":"高雄巿前鎮區后平路135號","city":"高雄市","coord_source":"google","coord_precision":"approximate","src_datasets":"130229","n_src":1,"unit_type":"教育單位","service_mode":"時段","service_content":"不分類巡迴輔導班","service_hours":"請逕洽詢該單位服務人員","phone":"07-8229801"}},{"type":"Feature","geometry":{"type":"Point","coordinates":[120.324272,22.62519]},"properties":{"uid":"welfare_09457","name":"高雄市立凱旋醫院","welfare_class":"child_dev","address":"高雄市苓雅區凱旋二路130號","city":"高雄市","coord_source":"offline_l1","coord_precision":"cached","src_datasets":"130229","n_src":1,"unit_type":"衛生單位","service_mode":"時段","service_content":"職能、心理、音樂治療","service_hours":"請逕洽詢該單位服務人員","phone":"07-7513171分機2812、2166"}},{"type":"Feature","geometry":{"type":"Point","coordinates":[120.323927,22.633118]},"properties":{"uid":"welfare_09458","name":"天主教聖功醫院","welfare_class":"child_dev","address":"高雄市苓雅區建國一路352號","city":"高雄市","coord_source":"offline_l1","coord_precision":"cached","src_datasets":"130229","n_src":1,"unit_type":"衛生單位","service_mode":"時段","service_content":"物理、職能、語言治療","service_hours":"請逕洽詢該單位服務人員","phone":"07-2238153分機2237"}},{"type":"Feature","geometry":{"type":"Point","coordinates":[120.297377,22.615583]},"properties":{"uid":"welfare_09459","name":"阮綜合醫院","welfare_class":"child_dev","address":"高雄市苓雅區成功一路162號","city":"高雄市","coord_source":"offline_l1","coord_precision":"cached","src_datasets":"130229","n_src":1,"unit_type":"衛生單位","service_mode":"時段","service_content":"物理、職能、語言、音樂治療","service_hours":"請逕洽詢該單位服務人員","phone":"07-3351121分機2278"}},{"type":"Feature","geometry":{"type":"Point","coordinates":[120.323736,22.626491]},"properties":{"uid":"welfare_09460","name":"高雄市立民生醫院","welfare_class":"child_dev","address":"高雄市苓雅區凱旋二路134號","city":"高雄市","coord_source":"offline_l1","coord_precision":"cached","src_datasets":"130229","n_src":1,"unit_type":"衛生單位","service_mode":"時段","service_content":"物理、職能、語言治療","service_hours":"請逕洽詢該單位服務人員","phone":"07-7511131分機2005"}},{"type":"Feature","geometry":{"type":"Point","coordinates":[120.321435,22.627818]},"properties":{"uid":"welfare_09461","name":"大益診所","welfare_class":"child_dev","address":"高雄市苓雅區同慶路60號","city":"高雄市","coord_source":"offline_l1","coord_precision":"cached","src_datasets":"130229","n_src":1,"unit_type":"衛生單位","service_mode":"時段","service_content":"物理、職能、語言治療","service_hours":"請逕洽詢該單位服務人員","phone":"07-2231670"}},{"type":"Feature","geometry":{"type":"Point","coordinates":[120.315827,22.62078]},"properties":{"uid":"welfare_09462","name":"維新復健科診所","welfare_class":"child_dev","address":"高雄市苓雅區四維二路331號","city":"高雄市","coord_source":"offline_l1","coord_precision":"cached","src_datasets":"130229","n_src":1,"unit_type":"衛生單位","service_mode":"時段","service_content":"物理、職能治療(自費)","service_hours":"請逕洽詢該單位服務人員","phone":"07-3329655"}},{"type":"Feature","geometry":{"type":"Point","coordinates":[120.321111,22.630243]},"properties":{"uid":"welfare_09463","name":"杉合聯合診所","welfare_class":"child_dev","address":"高雄市苓雅區中正二路20號","city":"高雄市","coord_source":"offline_l1","coord_precision":"cached","src_datasets":"130229","n_src":1,"unit_type":"衛生單位","service_mode":"時段","service_content":"物理、職能、語言治療","service_hours":"請逕洽詢該單位服務人員","phone":"07-2261989"}},{"type":"Feature","geometry":{"type":"Point","coordinates":[120.324425,22.620325]},"properties":{"uid":"welfare_09464","name":"示康診所","welfare_class":"child_dev","address":"高雄市苓雅區三多二路93號","city":"高雄市","coord_source":"offline_l2","coord_precision":"exact","src_datasets":"130229","n_src":1,"unit_type":"衛生單位","service_mode":"時段","service_content":"物理、職能治療","service_hours":"請逕洽詢該單位服務人員","phone":"07-7151771"}},{"type":"Feature","geometry":{"type":"Point","coordinates":[120.324166,22.62062]},"properties":{"uid":"welfare_09465","name":"五權國小","welfare_class":"child_dev","address":"高雄市苓雅區三多二路100號","city":"高雄市","coord_source":"offline_l1","coord_precision":"cached","src_datasets":"130229","n_src":1,"unit_type":"教育單位","service_mode":"日間、時段","service_content":"集中式特殊教育班、不分類巡迴輔導班","service_hours":"請逕洽詢該單位服務人員","phone":"07-7511074"}},{"type":"Feature","geometry":{"type":"Point","coordinates":[120.319935,22.636415]},"properties":{"uid":"welfare_09466","name":"凱旋國小","welfare_class":"child_dev","address":"高雄市苓雅區憲政路235號","city":"高雄市","coord_source":"offline_l2","coord_precision":"exact","src_datasets":"130229","n_src":1,"unit_type":"教育單位","service_mode":"日間、時段","service_content":"集中式特殊教育班、不分類巡迴輔導班","service_hours":"請逕洽詢該單位服務人員","phone":"07-2235181"}},{"type":"Feature","geometry":{"type":"Point","coordinates":[120.312653,22.623092]},"properties":{"uid":"welfare_09467","name":"四維國小","welfare_class":"child_dev","address":"高雄市苓雅區青年一路103號","city":"高雄市","coord_source":"offline_l2","coord_precision":"exact","src_datasets":"130229","n_src":1,"unit_type":"教育單位","service_mode":"日間","service_content":"集中式特殊教育班","service_hours":"請逕洽詢該單位服務人員","phone":"07-3348199"}},{"type":"Feature","geometry":{"type":"Point","coordinates":[120.326947,22.624091]},"properties":{"uid":"welfare_09468","name":"福東國小","welfare_class":"child_dev","address":"高雄市苓雅區福德三路96號","city":"高雄市","coord_source":"offline_l2","coord_precision":"exact","src_datasets":"130229","n_src":1,"unit_type":"教育單位","service_mode":"時段","service_content":"不分類巡迴輔導班","service_hours":"請逕洽詢該單位服務人員","phone":"07-7510048"}},{"type":"Feature","geometry":{"type":"Point","coordinates":[120.333424,22.629807]},"properties":{"uid":"welfare_09469","name":"中正國小","welfare_class":"child_dev","address":"高雄市苓雅區輔仁路100號","city":"高雄市","coord_source":"offline_l2","coord_precision":"exact","src_datasets":"130229","n_src":1,"unit_type":"教育單位","service_mode":"時段","service_content":"不分類巡迴輔導班","service_hours":"請逕洽詢該單位服務人員","phone":"07-7225936"}},{"type":"Feature","geometry":{"type":"Point","coordinates":[120.32935,22.618957]},"properties":{"uid":"welfare_09470","name":"福康國小","welfare_class":"child_dev","address":"高雄市苓雅區漢陽街17 號","city":"高雄市","coord_source":"offline_l2","coord_precision":"exact","src_datasets":"130229","n_src":1,"unit_type":"教育單位","service_mode":"日間","service_content":"集中式特殊教育班","service_hours":"請逕洽詢該單位服務人員","phone":"07-7227134"}},{"type":"Feature","geometry":{"type":"Point","coordinates":[120.300041,22.615626]},"properties":{"uid":"welfare_09471","name":"苓洲國小","welfare_class":"child_dev","address":"高雄市苓雅區四維四路61號","city":"高雄市","coord_source":"offline_l1","coord_precision":"cached","src_datasets":"130229","n_src":1,"unit_type":"教育單位","service_mode":"時段","service_content":"不分類巡迴輔導班","service_hours":"請逕洽詢該單位服務人員","phone":"07-3351804"}},{"type":"Feature","geometry":{"type":"Point","coordinates":[120.374285,22.626366]},"properties":{"uid":"welfare_09472","name":"博勝復健科診所","welfare_class":"child_dev","address":"高雄市鳳山區博愛路23號","city":"高雄市","coord_source":"offline_l1","coord_precision":"cached","src_datasets":"130229","n_src":1,"unit_type":"衛生單位","service_mode":"時段","service_content":"物理、職能治療","service_hours":"請逕洽詢該單位服務人員","phone":"07-7017958"}},{"type":"Feature","geometry":{"type":"Point","coordinates":[120.325113,22.592033]},"properties":{"uid":"welfare_09473","name":"惠德醫院","welfare_class":"child_dev","address":"高雄市鳳山區福祥街81號","city":"高雄市","coord_source":"offline_l1","coord_precision":"cached","src_datasets":"130229","n_src":1,"unit_type":"衛生單位","service_mode":"時段","service_content":"物理、職能、語言治療","service_hours":"請逕洽詢該單位服務人員","phone":"07-8126000分機1206"}},{"type":"Feature","geometry":{"type":"Point","coordinates":[120.358831,22.626209]},"properties":{"uid":"welfare_09474","name":"新高鳳醫院","welfare_class":"child_dev","address":"高雄市鳳山區光遠路360號","city":"高雄市","coord_source":"offline_l1","coord_precision":"cached","src_datasets":"130229","n_src":1,"unit_type":"衛生單位","service_mode":"時段","service_content":"物理、職能、語言治療","service_hours":"請逕洽詢該單位服務人員","phone":"07-7408650"}},{"type":"Feature","geometry":{"type":"Point","coordinates":[120.361336,22.635383]},"properties":{"uid":"welfare_09475","name":"晨恩復健科診所","welfare_class":"child_dev","address":"高雄市鳳山區建國路二段57之1號","city":"高雄市","coord_source":"offline_l1","coord_precision":"cached","src_datasets":"130229","n_src":1,"unit_type":"衛生單位","service_mode":"時段","service_content":"物理、職能治療","service_hours":"請逕洽詢該單位服務人員","phone":"07-7408681"}},{"type":"Feature","geometry":{"type":"Point","coordinates":[120.36785,22.642978]},"properties":{"uid":"welfare_09476","name":"鎮北國小","welfare_class":"child_dev","address":"高雄市鳳山區鳳北路170號","city":"高雄市","coord_source":"offline_l2","coord_precision":"exact","src_datasets":"130229","n_src":1,"unit_type":"教育單位","service_mode":"時段","service_content":"不分類巡迴輔導班","service_hours":"請逕洽詢該單位服務人員","phone":"07-7311709"}},{"type":"Feature","geometry":{"type":"Point","coordinates":[120.358728,22.61715]},"properties":{"uid":"welfare_09477","name":"鳳西國小","welfare_class":"child_dev","address":"高雄市鳳山區光華東路100號","city":"高雄市","coord_source":"offline_l2","coord_precision":"exact","src_datasets":"130229","n_src":1,"unit_type":"教育單位","service_mode":"日間、時段","service_content":"集中式特殊教育班、不分類巡迴輔導班","service_hours":"請逕洽詢該單位服務人員","phone":"07-7199003"}},{"type":"Feature","geometry":{"type":"Point","coordinates":[120.340127,22.603997]},"properties":{"uid":"welfare_09478","name":"正義國小","welfare_class":"child_dev","address":"高雄市鳳山區南昌街55號","city":"高雄市","coord_source":"offline_l2","coord_precision":"exact","src_datasets":"130229","n_src":1,"unit_type":"教育單位","service_mode":"時段","service_content":"不分類巡迴輔導班","service_hours":"請逕洽詢該單位服務人員","phone":"07-7714440"}},{"type":"Feature","geometry":{"type":"Point","coordinates":[120.325055,22.596813]},"properties":{"uid":"welfare_09479","name":"福誠國小","welfare_class":"child_dev","address":"高雄市鳳山區忠誠路145號","city":"高雄市","coord_source":"offline_l2","coord_precision":"exact","src_datasets":"130229","n_src":1,"unit_type":"教育單位","service_mode":"時段","service_content":"不分類巡迴輔導班","service_hours":"請逕洽詢該單位服務人員","phone":"07-8120152"}},{"type":"Feature","geometry":{"type":"Point","coordinates":[120.360064,22.633337]},"properties":{"uid":"welfare_09480","name":"文山國小","welfare_class":"child_dev","address":"高雄市鳳山區鳳松路25巷20號","city":"高雄市","coord_source":"offline_l2","coord_precision":"exact","src_datasets":"130229","n_src":1,"unit_type":"教育單位","service_mode":"時段","service_content":"不分類巡迴輔導班","service_hours":"請逕洽詢該單位服務人員","phone":"07-7460444"}},{"type":"Feature","geometry":{"type":"Point","coordinates":[120.350584,22.59914]},"properties":{"uid":"welfare_09481","name":"中崙國小","welfare_class":"child_dev","address":"高雄市鳳山區中崙四路25號","city":"高雄市","coord_source":"offline_l2","coord_precision":"exact","src_datasets":"130229","n_src":1,"unit_type":"教育單位","service_mode":"日間","service_content":"集中式特殊教育班","service_hours":"請逕洽詢該單位服務人員","phone":"07-7533244"}},{"type":"Feature","geometry":{"type":"Point","coordinates":[120.295867,22.795756]},"properties":{"uid":"welfare_09482","name":"劉嘉修復健醫院","welfare_class":"child_dev","address":"高雄市岡山區岡山路428號7樓","city":"高雄市","coord_source":"offline_l1","coord_precision":"cached","src_datasets":"130229","n_src":1,"unit_type":"衛生單位","service_mode":"時段","service_content":"物理、職能治療","service_hours":"請逕洽詢該單位服務人員","phone":"07-6221906"}},{"type":"Feature","geometry":{"type":"Point","coordinates":[120.296788,22.787987]},"properties":{"uid":"welfare_09483","name":"惠川醫院","welfare_class":"child_dev","address":"高雄市岡山區岡山路92號","city":"高雄市","coord_source":"offline_l1","coord_precision":"cached","src_datasets":"130229","n_src":1,"unit_type":"衛生單位","service_mode":"時段","service_content":"物理、職能治療","service_hours":"請逕洽詢該單位服務人員","phone":"07-6229292分機1213"}},{"type":"Feature","geometry":{"type":"Point","coordinates":[120.285874,22.789456]},"properties":{"uid":"welfare_09484","name":"國軍高雄總醫院岡山分院","welfare_class":"child_dev","address":"高雄市岡山區大義二路1號","city":"高雄市","coord_source":"offline_l1","coord_precision":"cached","src_datasets":"130229","n_src":1,"unit_type":"衛生單位","service_mode":"時段","service_content":"物理、職能、語言、心理治療","service_hours":"請逕洽詢該單位服務人員","phone":"07-6250919分機6193"}},{"type":"Feature","geometry":{"type":"Point","coordinates":[120.293762,22.791093]},"properties":{"uid":"welfare_09485","name":"岡山國小","welfare_class":"child_dev","address":"高雄市岡山區柳橋東路36號","city":"高雄市","coord_source":"offline_l2","coord_precision":"exact","src_datasets":"130229","n_src":1,"unit_type":"教育單位","service_mode":"日間","service_content":"集中式特殊教育班","service_hours":"請逕洽詢該單位服務人員","phone":"07-6212032"}},{"type":"Feature","geometry":{"type":"Point","coordinates":[120.305292,22.821597]},"properties":{"uid":"welfare_09486","name":"嘉興國小","welfare_class":"child_dev","address":"高雄市岡山區嘉興里嘉興路322號","city":"高雄市","coord_source":"offline_l2","coord_precision":"exact","src_datasets":"130229","n_src":1,"unit_type":"教育單位","service_mode":"時段","service_content":"不分類巡迴輔導班","service_hours":"請逕洽詢該單位服務人員","phone":"07-6212414"}},{"type":"Feature","geometry":{"type":"Point","coordinates":[120.28671,22.785034]},"properties":{"uid":"welfare_09487","name":"兆湘國小","welfare_class":"child_dev","address":"高雄市岡山區介壽路60號","city":"高雄市","coord_source":"offline_l2","coord_precision":"exact","src_datasets":"130229","n_src":1,"unit_type":"教育單位","service_mode":"日間、時段","service_content":"集中式特殊教育班、不分類巡迴輔導班","service_hours":"請逕洽詢該單位服務人員","phone":"07-6252394"}},{"type":"Feature","geometry":{"type":"Point","coordinates":[120.285113,22.59021]},"properties":{"uid":"welfare_09488","name":"高雄市立旗津醫院","welfare_class":"child_dev","address":"高雄市旗津區旗港路33號","city":"高雄市","coord_source":"offline_l1","coord_precision":"cached","src_datasets":"130229","n_src":1,"unit_type":"衛生單位","service_mode":"時段","service_content":"物理、職能、語言治療","service_hours":"請逕洽詢該單位服務人員","phone":"07-5711188分機1103"}},{"type":"Feature","geometry":{"type":"Point","coordinates":[120.292788,22.580044]},"properties":{"uid":"welfare_09489","name":"中洲國小","welfare_class":"child_dev","address":"高雄市旗津區旗津二路275號","city":"高雄市","coord_source":"offline_l2","coord_precision":"exact","src_datasets":"130229","n_src":1,"unit_type":"教育單位","service_mode":"日間","service_content":"集中式特殊教育班","service_hours":"請逕洽詢該單位服務人員","phone":"07-5712225"}},{"type":"Feature","geometry":{"type":"Point","coordinates":[120.271554,22.608982]},"properties":{"uid":"welfare_09490","name":"高雄市政府社會局兒童福利服務中心委託辦理旗津早期療育資源服務據點","welfare_class":"child_dev","address":"高雄市旗津區中洲三路623號(旗津國小內)","city":"高雄市","coord_source":"offline_l15","coord_precision":"interpolated","src_datasets":"130229","n_src":1,"unit_type":"社福單位","service_mode":"時段、到宅","service_content":"時段療育、到宅療育","service_hours":"週一至週五:8時30分至17時30分(國定假日除外)","phone":"07-5710885"}},{"type":"Feature","geometry":{"type":"Point","coordinates":[120.483277,22.880694]},"properties":{"uid":"welfare_09491","name":"衛生福利部旗山醫院","welfare_class":"child_dev","address":"高雄市旗山區中學路60號","city":"高雄市","coord_source":"offline_l2","coord_precision":"exact","src_datasets":"130229","n_src":1,"unit_type":"衛生單位","service_mode":"時段","service_content":"物理、職能、語言治療","service_hours":"請逕洽詢該單位服務人員","phone":"07-6613811分機1019"}},{"type":"Feature","geometry":{"type":"Point","coordinates":[120.485444,22.884981]},"properties":{"uid":"welfare_09492","name":"廣聖醫院","welfare_class":"child_dev","address":"高雄市旗山區中華路618號","city":"高雄市","coord_source":"offline_l2","coord_precision":"exact","src_datasets":"130229","n_src":1,"unit_type":"衛生單位","service_mode":"時段","service_content":"物理、職能、語言治療","service_hours":"請逕洽詢該單位服務人員","phone":"07-6622391分機104"}},{"type":"Feature","geometry":{"type":"Point","coordinates":[120.480697,22.888292]},"properties":{"uid":"welfare_09493","name":"旗山國小","welfare_class":"child_dev","address":"高雄市旗山區華中街44號","city":"高雄市","coord_source":"offline_l2","coord_precision":"exact","src_datasets":"130229","n_src":1,"unit_type":"教育單位","service_mode":"時段","service_content":"不分類巡迴輔導班","service_hours":"請逕洽詢該單位服務人員","phone":"07-6612052"}},{"type":"Feature","geometry":{"type":"Point","coordinates":[120.44886,22.77615]},"properties":{"uid":"welfare_09494","name":"嶺口國小","welfare_class":"child_dev","address":"高雄市旗山區龍文巷30號","city":"高雄市","coord_source":"offline_l1","coord_precision":"cached","src_datasets":"130229","n_src":1,"unit_type":"教育單位","service_mode":"時段","service_content":"不分類巡迴輔導班","service_hours":"請逕洽詢該單位服務人員","phone":"07-6651216"}},{"type":"Feature","geometry":{"type":"Point","coordinates":[120.465207,22.847679]},"properties":{"uid":"welfare_09495","name":"溪洲國小","welfare_class":"child_dev","address":"高雄市旗山區旗南二路126號","city":"高雄市","coord_source":"offline_l2","coord_precision":"exact","src_datasets":"130229","n_src":1,"unit_type":"教育單位","service_mode":"日間","service_content":"集中式特殊教育班","service_hours":"請逕洽詢該單位服務人員","phone":"07-6661408"}},{"type":"Feature","geometry":{"type":"Point","coordinates":[120.258689,22.857968]},"properties":{"uid":"welfare_09496","name":"溫賀睿和醫院","welfare_class":"child_dev","address":"高雄市路竹區延平路57號","city":"高雄市","coord_source":"offline_l1","coord_precision":"cached","src_datasets":"130229","n_src":1,"unit_type":"衛生單位","service_mode":"時段","service_content":"物理、職能、語言、心理治療","service_hours":"請逕洽詢該單位服務人員","phone":"07-6965136分機260"}},{"type":"Feature","geometry":{"type":"Point","coordinates":[120.363369,22.567467]},"properties":{"uid":"welfare_09497","name":"高雄市立小港醫院","welfare_class":"child_dev","address":"高雄市小港區山明路482號","city":"高雄市","coord_source":"offline_l1","coord_precision":"cached","src_datasets":"130229","n_src":1,"unit_type":"衛生單位","service_mode":"時段","service_content":"物理、職能、語言治療","service_hours":"請逕洽詢該單位服務人員","phone":"07-8036783分機3537"}},{"type":"Feature","geometry":{"type":"Point","coordinates":[120.370665,22.562381]},"properties":{"uid":"welfare_09498","name":"高雄市政府社會局兒童福利服務中心委託辦理小港早期療育資源服務據點","welfare_class":"child_dev","address":"高雄市小港區博學路369號5樓(小港社會福利服務中心內)","city":"高雄市","coord_source":"offline_l15","coord_precision":"interpolated","src_datasets":"130229","n_src":1,"unit_type":"社福單位","service_mode":"時段","service_content":"時段療育","service_hours":"週二至週六:8時至17時30分(國定假日除外)","phone":"07-8010463"}},{"type":"Feature","geometry":{"type":"Point","coordinates":[120.335041,22.561717]},"properties":{"uid":"welfare_09499","name":"小港國小","welfare_class":"child_dev","address":"高雄市小港區平和路1號","city":"高雄市","coord_source":"offline_l1","coord_precision":"cached","src_datasets":"130229","n_src":1,"unit_type":"教育單位","service_mode":"時段","service_content":"不分類巡迴輔導班","service_hours":"請逕洽詢該單位服務人員","phone":"07-8215923"}},{"type":"Feature","geometry":{"type":"Point","coordinates":[120.36059,22.573022]},"properties":{"uid":"welfare_09500","name":"青山國小","welfare_class":"child_dev","address":"高雄市小港區飛機路153號","city":"高雄市","coord_source":"offline_l2","coord_precision":"exact","src_datasets":"130229","n_src":1,"unit_type":"教育單位","service_mode":"時段","service_content":"不分類巡迴輔導班","service_hours":"請逕洽詢該單位服務人員","phone":"07-8014543"}},{"type":"Feature","geometry":{"type":"Point","coordinates":[120.371222,22.571949]},"properties":{"uid":"welfare_09501","name":"太平國小","welfare_class":"child_dev","address":"高雄市小港區營口路一號","city":"高雄市","coord_source":"offline_l2","coord_precision":"exact","src_datasets":"130229","n_src":1,"unit_type":"教育單位","service_mode":"日間","service_content":"集中式特殊教育班","service_hours":"請逕洽詢該單位服務人員","phone":"07-8019006"}},{"type":"Feature","geometry":{"type":"Point","coordinates":[120.350386,22.582908]},"properties":{"uid":"welfare_09502","name":"桂林國小","welfare_class":"child_dev","address":"高雄市小港區桂陽路390號","city":"高雄市","coord_source":"offline_l2","coord_precision":"exact","src_datasets":"130229","n_src":1,"unit_type":"教育單位","service_mode":"日間、時段","service_content":"集中式特殊教育班、不分類巡迴輔導班","service_hours":"請逕洽詢該單位服務人員","phone":"07-7910766"}},{"type":"Feature","geometry":{"type":"Point","coordinates":[120.359249,22.566696]},"properties":{"uid":"welfare_09503","name":"漢民國小","welfare_class":"child_dev","address":"高雄市小港區漢民路500號","city":"高雄市","coord_source":"offline_l2","coord_precision":"exact","src_datasets":"130229","n_src":1,"unit_type":"教育單位","service_mode":"時段","service_content":"不分類巡迴輔導班","service_hours":"請逕洽詢該單位服務人員","phone":"07-8036569"}},{"type":"Feature","geometry":{"type":"Point","coordinates":[120.334513,22.88286]},"properties":{"uid":"welfare_09504","name":"高雄市政府社會局兒童福利服務中心委託辦理阿蓮早期療育資源服務據點","welfare_class":"child_dev","address":"高雄市阿蓮區成功街66號(阿蓮老人活動中心內)","city":"高雄市","coord_source":"offline_l15","coord_precision":"interpolated","src_datasets":"130229","n_src":1,"unit_type":"社福單位","service_mode":"時段、到宅","service_content":"時段療育、到宅療育","service_hours":"週二至週六:8時30分至17時30分(國定假日除外)","phone":"07-6311231"}},{"type":"Feature","geometry":{"type":"Point","coordinates":[120.324379,22.725468]},"properties":{"uid":"welfare_09505","name":"禾順復健科診所","welfare_class":"child_dev","address":"高雄市楠梓區楠梓新路138-1號","city":"高雄市","coord_source":"offline_l1","coord_precision":"cached","src_datasets":"130229","n_src":1,"unit_type":"衛生單位","service_mode":"時段","service_content":"物理、職能治療","service_hours":"請逕洽詢該單位服務人員","phone":"07-3539760"}},{"type":"Feature","geometry":{"type":"Point","coordinates":[120.290879,22.7138]},"properties":{"uid":"welfare_09506","name":"右昌聯合醫院","welfare_class":"child_dev","address":"高雄市楠梓區軍校路930號","city":"高雄市","coord_source":"offline_l1","coord_precision":"cached","src_datasets":"130229","n_src":1,"unit_type":"衛生單位","service_mode":"時段","service_content":"物理、職能、語言治療","service_hours":"請逕洽詢該單位服務人員","phone":"07-3643388分機2201"}},{"type":"Feature","geometry":{"type":"Point","coordinates":[120.328988,22.72362]},"properties":{"uid":"welfare_09507","name":"健仁醫院","welfare_class":"child_dev","address":"高雄市楠梓區楠陽路136號","city":"高雄市","coord_source":"offline_l1","coord_precision":"cached","src_datasets":"130229","n_src":1,"unit_type":"衛生單位","service_mode":"時段","service_content":"物理、職能治療","service_hours":"請逕洽詢該單位服務人員","phone":"07-351716分機3219"}},{"type":"Feature","geometry":{"type":"Point","coordinates":[120.294928,22.726514]},"properties":{"uid":"welfare_09508","name":"家毅復健科診所","welfare_class":"child_dev","address":"高雄市楠梓區藍田路19號","city":"高雄市","coord_source":"offline_l1","coord_precision":"cached","src_datasets":"130229","n_src":1,"unit_type":"衛生單位","service_mode":"時段","service_content":"物理、職能治療","service_hours":"請逕洽詢該單位服務人員","phone":"07-5912768"}},{"type":"Feature","geometry":{"type":"Point","coordinates":[120.288159,22.72013]},"properties":{"uid":"welfare_09509","name":"德嘉復健科診所","welfare_class":"child_dev","address":"高雄市楠梓區德民路979號","city":"高雄市","coord_source":"offline_l1","coord_precision":"cached","src_datasets":"130229","n_src":1,"unit_type":"衛生單位","service_mode":"時段","service_content":"物理治療","service_hours":"請逕洽詢該單位服務人員","phone":"07-3655991"}},{"type":"Feature","geometry":{"type":"Point","coordinates":[120.326095,22.728034]},"properties":{"uid":"welfare_09510","name":"元景耳鼻喉科神經科診所","welfare_class":"child_dev","address":"高雄市楠梓區楠梓新路252號1-3樓、254號1樓","city":"高雄市","coord_source":"offline_l15","coord_precision":"interpolated","src_datasets":"130229","n_src":1,"unit_type":"衛生單位","service_mode":"時段","service_content":"物理治療","service_hours":"請逕洽詢該單位服務人員","phone":"07-3524100"}},{"type":"Feature","geometry":{"type":"Point","coordinates":[120.314216,22.721706]},"properties":{"uid":"welfare_09511","name":"後勁國小","welfare_class":"child_dev","address":"高雄市楠梓區加昌路216號","city":"高雄市","coord_source":"offline_l1","coord_precision":"cached","src_datasets":"130229","n_src":1,"unit_type":"教育單位","service_mode":"日間","service_content":"集中式特殊教育班","service_hours":"請逕洽詢該單位服務人員","phone":"07-3626342"}},{"type":"Feature","geometry":{"type":"Point","coordinates":[120.295322,22.711645]},"properties":{"uid":"welfare_09512","name":"莒光國小","welfare_class":"child_dev","address":"高雄市楠梓區後昌路842號","city":"高雄市","coord_source":"offline_l2","coord_precision":"exact","src_datasets":"130229","n_src":1,"unit_type":"教育單位","service_mode":"日間","service_content":"集中式特殊教育班","service_hours":"請逕洽詢該單位服務人員","phone":"07-3612078"}},{"type":"Feature","geometry":{"type":"Point","coordinates":[120.330947,22.724188]},"properties":{"uid":"welfare_09513","name":"楠陽國小","welfare_class":"child_dev","address":"高雄市楠梓區楠陽路100號","city":"高雄市","coord_source":"offline_l2","coord_precision":"exact","src_datasets":"130229","n_src":1,"unit_type":"教育單位","service_mode":"日間、時段","service_content":"集中式特殊教育班、不分類巡迴輔導班","service_hours":"請逕洽詢該單位服務人員","phone":"07-3520675"}},{"type":"Feature","geometry":{"type":"Point","coordinates":[120.311377,22.726805]},"properties":{"uid":"welfare_09514","name":"楠梓特殊學校","welfare_class":"child_dev","address":"高雄市楠梓區德民路211號","city":"高雄市","coord_source":"offline_l2","coord_precision":"exact","src_datasets":"130229","n_src":1,"unit_type":"教育單位","service_mode":"時段","service_content":"不分類巡迴輔導班","service_hours":"請逕洽詢該單位服務人員","phone":"07-3642007"}},{"type":"Feature","geometry":{"type":"Point","coordinates":[120.296547,22.720392]},"properties":{"uid":"welfare_09515","name":"加昌國小","welfare_class":"child_dev","address":"高雄市楠梓區樂群路220號","city":"高雄市","coord_source":"offline_l2","coord_precision":"exact","src_datasets":"130229","n_src":1,"unit_type":"教育單位","service_mode":"時段","service_content":"不分類巡迴輔導班","service_hours":"請逕洽詢該單位服務人員","phone":"07-3627169"}},{"type":"Feature","geometry":{"type":"Point","coordinates":[120.356029,22.649847]},"properties":{"uid":"welfare_09516","name":"長庚醫療財團法人高雄長庚紀念醫院","welfare_class":"child_dev","address":"高雄市鳥松區大埤路123號","city":"高雄市","coord_source":"offline_l1","coord_precision":"cached","src_datasets":"130229","n_src":1,"unit_type":"衛生單位","service_mode":"時段","service_content":"物理、職能、語言治療、音樂治療","service_hours":"請逕洽詢該單位服務人員","phone":"07-7317123分機8841"}},{"type":"Feature","geometry":{"type":"Point","coordinates":[120.364451,22.765521]},"properties":{"uid":"welfare_09517","name":"義大醫療財團法人義大醫院","welfare_class":"child_dev","address":"高雄市燕巢區角宿里義大路１號","city":"高雄市","coord_source":"offline_l1","coord_precision":"cached","src_datasets":"130229","n_src":1,"unit_type":"衛生單位","service_mode":"時段","service_content":"物理、職能、語言、心理治療","service_hours":"請逕洽詢該單位服務人員","phone":"07-6150011分機2332、2353"}},{"type":"Feature","geometry":{"type":"Point","coordinates":[120.416714,22.781646]},"properties":{"uid":"welfare_09518","name":"靜和醫院燕巢分院","welfare_class":"child_dev","address":"高雄市燕巢區深水村深水路3之20號","city":"高雄市","coord_source":"google","coord_precision":"exact","src_datasets":"130229","n_src":1,"unit_type":"衛生單位","service_mode":"時段","service_content":"物理、職能治療","service_hours":"請逕洽詢該單位服務人員","phone":"07-6156555分機126"}},{"type":"Feature","geometry":{"type":"Point","coordinates":[120.396711,22.487112]},"properties":{"uid":"welfare_09519","name":"中芸國小","welfare_class":"child_dev","address":"高雄市林園區中芸里中芸路一號","city":"高雄市","coord_source":"offline_l1","coord_precision":"cached","src_datasets":"130229","n_src":1,"unit_type":"教育單位","service_mode":"時段","service_content":"不分類巡迴輔導班","service_hours":"請逕洽詢該單位服務人員","phone":"07-6412342"}},{"type":"Feature","geometry":{"type":"Point","coordinates":[120.396062,22.52809]},"properties":{"uid":"welfare_09520","name":"金潭國小","welfare_class":"child_dev","address":"高雄市林園區中厝里金潭路40號","city":"高雄市","coord_source":"offline_l2","coord_precision":"exact","src_datasets":"130229","n_src":1,"unit_type":"教育單位","service_mode":"時段","service_content":"不分類巡迴輔導班","service_hours":"請逕洽詢該單位服務人員","phone":"07-6412332"}},{"type":"Feature","geometry":{"type":"Point","coordinates":[120.388254,22.504698]},"properties":{"uid":"welfare_09521","name":"王公國小","welfare_class":"child_dev","address":"高雄市林園區王公二路100號","city":"高雄市","coord_source":"offline_l2","coord_precision":"exact","src_datasets":"130229","n_src":1,"unit_type":"教育單位","service_mode":"日間","service_content":"集中式特殊教育班","service_hours":"請逕洽詢該單位服務人員","phone":"07-6420503"}},{"type":"Feature","geometry":{"type":"Point","coordinates":[120.395369,22.485876]},"properties":{"uid":"welfare_09522","name":"高雄市政府社會局兒童福利服務中心委託辦理林園早期療育資源服務據點","welfare_class":"child_dev","address":"高雄市林園區中芸路3之100號（中芸國中內）","city":"高雄市","coord_source":"google","coord_precision":"exact","src_datasets":"130229","n_src":1,"unit_type":"社福單位","service_mode":"時段、到宅","service_content":"時段療育、到宅療育","service_hours":"週一至週五:8時至17時(國定假日除外)","phone":"07-6433361"}},{"type":"Feature","geometry":{"type":"Point","coordinates":[120.590069,23.082978]},"properties":{"uid":"welfare_09523","name":"高雄市政府社會局兒童福利服務中心委託辦理甲仙早期療育資源服務據點","welfare_class":"child_dev","address":"高雄市甲仙區林森路15號","city":"高雄市","coord_source":"offline_l2","coord_precision":"exact","src_datasets":"130229","n_src":1,"unit_type":"社福單位","service_mode":"時段、到宅","service_content":"時段療育、到宅療育","service_hours":"週一至週五:8時至17時(國定假日除外)","phone":"07-6751785"}},{"type":"Feature","geometry":{"type":"Point","coordinates":[120.281842,22.626659]},"properties":{"uid":"welfare_09524","name":"高雄市政府社會局兒童福利服務中心委託辦理鹽埕早期療育資源服務據點","welfare_class":"child_dev","address":"高雄市鹽埕區大仁路179號4樓(鹽埕社會福利服務中心內)","city":"高雄市","coord_source":"offline_l15","coord_precision":"interpolated","src_datasets":"130229","n_src":1,"unit_type":"社福單位","service_mode":"時段","service_content":"時段療育","service_hours":"週一至週五:8時30分至17時30分(國定假日除外)","phone":"07-5335011"}},{"type":"Feature","geometry":{"type":"Point","coordinates":[120.633315,22.998337]},"properties":{"uid":"welfare_09525","name":"康毅物理治療所","welfare_class":"child_dev","address":"高雄市六龜區民治路16號2樓","city":"高雄市","coord_source":"offline_l1","coord_precision":"cached","src_datasets":"130229","n_src":1,"unit_type":"衛生單位","service_mode":"時段","service_content":"物理治療","service_hours":"請逕洽詢該單位服務人員","phone":"07-6893619"}},{"type":"Feature","geometry":{"type":"Point","coordinates":[120.634884,22.995506]},"properties":{"uid":"welfare_09526","name":"財團法人伊甸社會福利基金會社區療育據點(社家署及地方政府補助)","welfare_class":"child_dev","address":"高雄市六龜區光復路102號(六龜社會福利服務中心內)","city":"高雄市","coord_source":"offline_l15","coord_precision":"interpolated","src_datasets":"130229","n_src":1,"unit_type":"社福單位","service_mode":"時段、到宅","service_content":"1.社區療育服務、到宅服務。2.服務桃源區、茂林區、六龜區。","service_hours":"週一至週五:8時30分至17時30分(國定假日除外)","phone":"07-6894164"}},{"type":"Feature","geometry":{"type":"Point","coordinates":[120.291438,22.65501]},"properties":{"uid":"welfare_09527","name":"高雄市立聯合醫院","welfare_class":"child_dev","address":"高雄市鼓山區中華ㄧ路976號","city":"高雄市","coord_source":"google","coord_precision":"exact","src_datasets":"130229","n_src":1,"unit_type":"衛生單位","service_mode":"時段","service_content":"物理、職能、語言治療","service_hours":"請逕洽詢該單位服務人員","phone":"07-5552565分機2709"}},{"type":"Feature","geometry":{"type":"Point","coordinates":[120.283191,22.654643]},"properties":{"uid":"welfare_09528","name":"李威德復健科診所","welfare_class":"child_dev","address":"高雄市鼓山區美術館路261號1樓","city":"高雄市","coord_source":"offline_l1","coord_precision":"cached","src_datasets":"130229","n_src":1,"unit_type":"衛生單位","service_mode":"時段","service_content":"物理、職能治療","service_hours":"請逕洽詢該單位服務人員","phone":"07-5551270"}},{"type":"Feature","geometry":{"type":"Point","coordinates":[120.294159,22.663502]},"properties":{"uid":"welfare_09529","name":"長佑診所","welfare_class":"child_dev","address":"高雄市鼓山區裕誠路1580號","city":"高雄市","coord_source":"offline_l1","coord_precision":"cached","src_datasets":"130229","n_src":1,"unit_type":"衛生單位","service_mode":"時段","service_content":"物理、職能、語言治療","service_hours":"請逕洽詢該單位服務人員","phone":"07-5532356"}},{"type":"Feature","geometry":{"type":"Point","coordinates":[120.300257,22.664026]},"properties":{"uid":"welfare_09530","name":"佳富復健科診所","welfare_class":"child_dev","address":"高雄市鼓山區南屏539號","city":"高雄市","coord_source":"google","coord_precision":"exact","src_datasets":"130229","n_src":1,"unit_type":"衛生單位","service_mode":"時段","service_content":"物理、職能、語言治療","service_hours":"請逕洽詢該單位服務人員","phone":"07-5528885"}},{"type":"Feature","geometry":{"type":"Point","coordinates":[120.296852,22.667942]},"properties":{"uid":"welfare_09531","name":"精華診所","welfare_class":"child_dev","address":"高雄市鼓山區明倫路46號","city":"高雄市","coord_source":"offline_l1","coord_precision":"cached","src_datasets":"130229","n_src":1,"unit_type":"衛生單位","service_mode":"時段","service_content":"物理、職能治療","service_hours":"請逕洽詢該單位服務人員","phone":"07-5504790"}},{"type":"Feature","geometry":{"type":"Point","coordinates":[120.271257,22.623579]},"properties":{"uid":"welfare_09532","name":"鼓山國小","welfare_class":"child_dev","address":"高雄市鼓山區臨海二路50號","city":"高雄市","coord_source":"offline_l2","coord_precision":"exact","src_datasets":"130229","n_src":1,"unit_type":"教育單位","service_mode":"時段","service_content":"不分類巡迴輔導班","service_hours":"請逕洽詢該單位服務人員","phone":"07-5217795"}},{"type":"Feature","geometry":{"type":"Point","coordinates":[120.279849,22.632574]},"properties":{"uid":"welfare_09533","name":"壽山國小","welfare_class":"child_dev","address":"高雄市鼓山區鼓山二路37巷38弄24號","city":"高雄市","coord_source":"offline_l2","coord_precision":"exact","src_datasets":"130229","n_src":1,"unit_type":"教育單位","service_mode":"日間","service_content":"集中式特殊教育班","service_hours":"請逕洽詢該單位服務人員","phone":"07-5514393"}},{"type":"Feature","geometry":{"type":"Point","coordinates":[120.29767,22.655044]},"properties":{"uid":"welfare_09534","name":"龍華國小","welfare_class":"child_dev","address":"高雄市鼓山區大順一路858號","city":"高雄市","coord_source":"offline_l2","coord_precision":"exact","src_datasets":"130229","n_src":1,"unit_type":"教育單位","service_mode":"日間、時段","service_content":"集中式特殊教育班、不分類巡迴輔導班","service_hours":"請逕洽詢該單位服務人員","phone":"07-5553086"}},{"type":"Feature","geometry":{"type":"Point","coordinates":[120.346105,22.683808]},"properties":{"uid":"welfare_09535","name":"仁武特殊教育學校","welfare_class":"child_dev","address":"高雄市仁武區八卦里澄觀路1389號","city":"高雄市","coord_source":"offline_l2","coord_precision":"exact","src_datasets":"130229","n_src":1,"unit_type":"教育單位","service_mode":"日間、時段","service_content":"集中式特殊教育班、不分類巡迴輔導班","service_hours":"請逕洽詢該單位服務人員","phone":"07-3749788"}},{"type":"Feature","geometry":{"type":"Point","coordinates":[120.348398,22.701336]},"properties":{"uid":"welfare_09536","name":"仁武國小","welfare_class":"child_dev","address":"高雄市仁武區中正路94號","city":"高雄市","coord_source":"offline_l1","coord_precision":"cached","src_datasets":"130229","n_src":1,"unit_type":"教育單位","service_mode":"時段","service_content":"不分類巡迴輔導班","service_hours":"請逕洽詢該單位服務人員","phone":"07-3711126"}},{"type":"Feature","geometry":{"type":"Point","coordinates":[120.372249,22.700423]},"properties":{"uid":"welfare_09537","name":"高雄市政府社會局兒童福利服務中心委託辦理仁武早期療育資源服務據點","welfare_class":"child_dev","address":"高雄市仁武區水管路三段776號（仁武社會福利服務中心內）","city":"高雄市","coord_source":"offline_l15","coord_precision":"interpolated","src_datasets":"130229","n_src":1,"unit_type":"社福單位","service_mode":"時段、到宅","service_content":"時段療育、到宅療育","service_hours":"週一至週五:8時至17時(國定假日除外)","phone":"07-3756093"}},{"type":"Feature","geometry":{"type":"Point","coordinates":[120.224539,22.815448]},"properties":{"uid":"welfare_09538","name":"永安國小","welfare_class":"child_dev","address":"高雄市永安區永華路49號","city":"高雄市","coord_source":"offline_l1","coord_precision":"cached","src_datasets":"130229","n_src":1,"unit_type":"教育單位","service_mode":"時段","service_content":"不分類巡迴輔導班","service_hours":"請逕洽詢該單位服務人員","phone":"07-6912011"}},{"type":"Feature","geometry":{"type":"Point","coordinates":[120.247963,22.804034]},"properties":{"uid":"welfare_09539","name":"維新國小","welfare_class":"child_dev","address":"高雄市永安區維新路光明九巷69之10號","city":"高雄市","coord_source":"offline_l2","coord_precision":"exact","src_datasets":"130229","n_src":1,"unit_type":"教育單位","service_mode":"時段","service_content":"不分類巡迴輔導班","service_hours":"請逕洽詢該單位服務人員","phone":"07-6913816"}},{"type":"Feature","geometry":{"type":"Point","coordinates":[120.316959,22.750253]},"properties":{"uid":"welfare_09540","name":"興糖國小","welfare_class":"child_dev","address":"高雄市橋頭區興糖路19巷1號","city":"高雄市","coord_source":"offline_l2","coord_precision":"exact","src_datasets":"130229","n_src":1,"unit_type":"教育單位","service_mode":"時段","service_content":"不分類巡迴輔導班","service_hours":"請逕洽詢該單位服務人員","phone":"07-6113804"}},{"type":"Feature","geometry":{"type":"Point","coordinates":[120.213168,22.908266]},"properties":{"uid":"welfare_09541","name":"文賢國小","welfare_class":"child_dev","address":"高雄巿湖內區中賢里中正路2段39號","city":"高雄市","coord_source":"google","coord_precision":"exact","src_datasets":"130229","n_src":1,"unit_type":"教育單位","service_mode":"時段","service_content":"不分類巡迴輔導班","service_hours":"請逕洽詢該單位服務人員","phone":"07-6993061"}},{"type":"Feature","geometry":{"type":"Point","coordinates":[120.397497,22.634717]},"properties":{"uid":"welfare_09542","name":"中庄國小","welfare_class":"child_dev","address":"高雄市大寮區中庄里中庄路59號","city":"高雄市","coord_source":"offline_l2","coord_precision":"exact","src_datasets":"130229","n_src":1,"unit_type":"教育單位","service_mode":"時段","service_content":"不分類巡迴輔導班","service_hours":"請逕洽詢該單位服務人員","phone":"07-7032838"}},{"type":"Feature","geometry":{"type":"Point","coordinates":[120.408663,22.623246]},"properties":{"uid":"welfare_09543","name":"翁園國小","welfare_class":"child_dev","address":"高雄市大寮區翁園路79號","city":"高雄市","coord_source":"offline_l2","coord_precision":"exact","src_datasets":"130229","n_src":1,"unit_type":"教育單位","service_mode":"日間","service_content":"集中式特殊教育班","service_hours":"請逕洽詢該單位服務人員","phone":"07-7811685"}},{"type":"Feature","geometry":{"type":"Point","coordinates":[120.781013,23.178855]},"properties":{"uid":"welfare_09544","name":"桃源國小","welfare_class":"child_dev","address":"高雄市桃源區勤和里南橫公路三段201號","city":"高雄市","coord_source":"offline_l2","coord_precision":"exact","src_datasets":"130229","n_src":1,"unit_type":"教育單位","service_mode":"時段","service_content":"不分類巡迴輔導班","service_hours":"請逕洽詢該單位服務人員","phone":"07-6861045"}},{"type":"Feature","geometry":{"type":"Point","coordinates":[120.264502,22.759102]},"properties":{"uid":"welfare_09545","name":"財團法人高雄市私立博正兒童發展中心辦理梓官社區據點(王詹樣基金會補助)","welfare_class":"child_dev","address":"高雄市梓官區仁愛路134號","city":"高雄市","coord_source":"offline_l2","coord_precision":"exact","src_datasets":"130229","n_src":1,"unit_type":"社福單位","service_mode":"時段","service_content":"社區療育服務，服務梓官區","service_hours":"週一至週五:8時至17時。","phone":"07-6191293、0909775071"}},{"type":"Feature","geometry":{"type":"Point","coordinates":[121.754029,24.757853]},"properties":{"uid":"welfare_09546","name":"國立陽明大學附設醫院","welfare_class":"child_dev","address":"宜蘭縣宜蘭市新民路152號","city":"宜蘭縣","coord_source":"offline_l1","coord_precision":"cached","src_datasets":"130229","n_src":1,"unit_type":"衛生單位","service_mode":"時段","service_content":"物理、職能、語言治療","service_hours":"週一至週六","phone":"03-9325192"}},{"type":"Feature","geometry":{"type":"Point","coordinates":[121.749969,24.748899]},"properties":{"uid":"welfare_09547","name":"宜蘭普門醫療財團法人普門醫院普門診所","welfare_class":"child_dev","address":"宜蘭縣宜蘭市神農路一段87號","city":"宜蘭縣","coord_source":"offline_l1","coord_precision":"cached","src_datasets":"130229","n_src":1,"unit_type":"衛生單位","service_mode":"時段","service_content":"物理、職能、語言治療","service_hours":"週一至週六","phone":"03-9327777"}},{"type":"Feature","geometry":{"type":"Point","coordinates":[121.755726,24.75032]},"properties":{"uid":"welfare_09548","name":"潘麗雲語言治療所","welfare_class":"child_dev","address":"宜蘭縣宜蘭市宜興路1段75號2樓","city":"宜蘭縣","coord_source":"offline_l15","coord_precision":"interpolated","src_datasets":"130229","n_src":1,"unit_type":"衛生單位","service_mode":"時段","service_content":"語言治療","service_hours":"請逕洽詢該單位服務人員","phone":"03-9354609"}},{"type":"Feature","geometry":{"type":"Point","coordinates":[121.740508,24.746454]},"properties":{"uid":"welfare_09549","name":"和悅語言治療所","welfare_class":"child_dev","address":"宜蘭縣宜蘭市女中路3段66號4樓","city":"宜蘭縣","coord_source":"offline_l15","coord_precision":"interpolated","src_datasets":"130229","n_src":1,"unit_type":"衛生單位","service_mode":"時段","service_content":"語言治療","service_hours":"請逕洽詢該單位服務人員","phone":"03-9351958"}},{"type":"Feature","geometry":{"type":"Point","coordinates":[121.74003,24.746697]},"properties":{"uid":"welfare_09550","name":"王意中心理治療所","welfare_class":"child_dev","address":"宜蘭縣宜蘭市女中路三段102號2樓","city":"宜蘭縣","coord_source":"offline_l15","coord_precision":"interpolated","src_datasets":"130229","n_src":1,"unit_type":"衛生單位","service_mode":"時段","service_content":"心理治療","service_hours":"請逕洽詢該單位服務人員","phone":"03-9328985"}},{"type":"Feature","geometry":{"type":"Point","coordinates":[121.757626,24.771332]},"properties":{"uid":"welfare_09551","name":"宜林大診所","welfare_class":"child_dev","address":"宜蘭縣宜蘭市中山路五段210號","city":"宜蘭縣","coord_source":"offline_l1","coord_precision":"cached","src_datasets":"130229","n_src":1,"unit_type":"衛生單位","service_mode":"時段","service_content":"物理、職能治療","service_hours":"週一至週六","phone":"03-9280535"}},{"type":"Feature","geometry":{"type":"Point","coordinates":[121.752262,24.75387]},"properties":{"uid":"welfare_09552","name":"宜昇復健科診所","welfare_class":"child_dev","address":"宜蘭縣宜蘭市中山路二段307號","city":"宜蘭縣","coord_source":"offline_l1","coord_precision":"cached","src_datasets":"130229","n_src":1,"unit_type":"衛生單位","service_mode":"時段","service_content":"物理、語言、職能治療","service_hours":"請逕洽詢該單位服務人員","phone":"03-9323000"}},{"type":"Feature","geometry":{"type":"Point","coordinates":[121.751662,24.757894]},"properties":{"uid":"welfare_09553","name":"鄭在鈞復健科診所","welfare_class":"child_dev","address":"宜蘭縣宜蘭市文昌路15號1樓","city":"宜蘭縣","coord_source":"offline_l15","coord_precision":"interpolated","src_datasets":"130229","n_src":1,"unit_type":"衛生單位","service_mode":"時段","service_content":"物理治療","service_hours":"請逕洽詢該單位服務人員","phone":"03-9356673"}},{"type":"Feature","geometry":{"type":"Point","coordinates":[121.75036,24.753924]},"properties":{"uid":"welfare_09554","name":"和信診所","welfare_class":"child_dev","address":"宜蘭縣宜蘭市民權路26-1號","city":"宜蘭縣","coord_source":"google","coord_precision":"interpolated","src_datasets":"130229","n_src":1,"unit_type":"衛生單位","service_mode":"時段","service_content":"物理治療","service_hours":"請逕洽詢該單位服務人員","phone":"03-9313505"}},{"type":"Feature","geometry":{"type":"Point","coordinates":[121.751824,24.744978]},"properties":{"uid":"welfare_09555","name":"桃樂比語言治療所","welfare_class":"child_dev","address":"宜蘭縣宜蘭市女中路二段395號","city":"宜蘭縣","coord_source":"offline_l15","coord_precision":"interpolated","src_datasets":"130229","n_src":1,"unit_type":"衛生單位","service_mode":"時段","service_content":"語言治療","service_hours":"請逕洽詢該單位服務人員","phone":"911772890"}},{"type":"Feature","geometry":{"type":"Point","coordinates":[121.750781,24.761698]},"properties":{"uid":"welfare_09556","name":"宜蘭縣政府委託財團法人雅文兒童聽語文教基金會辦理聽語訓練中心","welfare_class":"child_dev","address":"宜蘭縣宜蘭市同慶街95號4樓","city":"宜蘭縣","coord_source":"offline_l2","coord_precision":"exact","src_datasets":"130229","n_src":1,"unit_type":"社福單位","service_mode":"時段","service_content":"聽語訓練","service_hours":"請逕洽詢該單位服務人員","phone":"03-9310525"}},{"type":"Feature","geometry":{"type":"Point","coordinates":[121.758018,24.762824]},"properties":{"uid":"welfare_09558","name":"力行國小附設幼兒園","welfare_class":"child_dev","address":"宜蘭縣宜蘭市力行路2號","city":"宜蘭縣","coord_source":"offline_l15","coord_precision":"interpolated","src_datasets":"130229","n_src":1,"unit_type":"教育單位","service_mode":"日間、時段","service_content":"集中式特殊教育班、不分類巡迴輔導班","service_hours":"請逕洽詢該單位服務人員","phone":"03-9322309"}},{"type":"Feature","geometry":{"type":"Point","coordinates":[121.755842,24.753669]},"properties":{"uid":"welfare_09559","name":"中山國小","welfare_class":"child_dev","address":"宜蘭縣宜蘭市崇聖街4號","city":"宜蘭縣","coord_source":"offline_l2","coord_precision":"exact","src_datasets":"130229","n_src":1,"unit_type":"教育單位","service_mode":"時段","service_content":"不分類巡迴輔導班","service_hours":"請逕洽詢該單位服務人員","phone":"03-9322064"}},{"type":"Feature","geometry":{"type":"Point","coordinates":[121.770693,24.671145]},"properties":{"uid":"welfare_09560","name":"陳思衡復健科診所","welfare_class":"child_dev","address":"宜蘭縣羅東鎮中正南路137號","city":"宜蘭縣","coord_source":"offline_l1","coord_precision":"cached","src_datasets":"130229","n_src":1,"unit_type":"衛生單位","service_mode":"時段","service_content":"職能治療","service_hours":"週一至週六","phone":"03-9549338"}},{"type":"Feature","geometry":{"type":"Point","coordinates":[121.772752,24.671771]},"properties":{"uid":"welfare_09561","name":"醫療財團法人羅許基金會羅東博愛醫院","welfare_class":"child_dev","address":"宜蘭縣羅東鎮南昌街83號","city":"宜蘭縣","coord_source":"offline_l15","coord_precision":"interpolated","src_datasets":"130229","n_src":1,"unit_type":"衛生單位","service_mode":"時段","service_content":"物理、職能、語言治療","service_hours":"週一至週六","phone":"03-9543131"}},{"type":"Feature","geometry":{"type":"Point","coordinates":[121.76331,24.677447]},"properties":{"uid":"welfare_09562","name":"晴天語言治療所","welfare_class":"child_dev","address":"宜蘭縣羅東鎮純精路二段132號","city":"宜蘭縣","coord_source":"offline_l15","coord_precision":"interpolated","src_datasets":"130229","n_src":1,"unit_type":"衛生單位","service_mode":"時段","service_content":"語言治療","service_hours":"採預約方式","phone":"03-9577879"}},{"type":"Feature","geometry":{"type":"Point","coordinates":[121.775772,24.6791]},"properties":{"uid":"welfare_09563","name":"想享職能治療所","welfare_class":"child_dev","address":"宜蘭縣羅東鎮東宜三路58號","city":"宜蘭縣","coord_source":"offline_l15","coord_precision":"interpolated","src_datasets":"130229","n_src":1,"unit_type":"衛生單位","service_mode":"時段","service_content":"職能治療","service_hours":"請逕洽詢該單位服務人員","phone":"03-9560618"}},{"type":"Feature","geometry":{"type":"Point","coordinates":[121.763201,24.680927]},"properties":{"uid":"welfare_09564","name":"得言語言治療所","welfare_class":"child_dev","address":"宜蘭縣羅東鎮樹人路13號1樓","city":"宜蘭縣","coord_source":"offline_l15","coord_precision":"interpolated","src_datasets":"130229","n_src":1,"unit_type":"衛生單位","service_mode":"時段","service_content":"語言治療","service_hours":"請逕洽詢該單位服務人員","phone":"03-9551017"}},{"type":"Feature","geometry":{"type":"Point","coordinates":[121.766699,24.679225]},"properties":{"uid":"welfare_09565","name":"康達物理治療所","welfare_class":"child_dev","address":"宜蘭縣羅東鎮公正路200號","city":"宜蘭縣","coord_source":"offline_l15","coord_precision":"interpolated","src_datasets":"130229","n_src":1,"unit_type":"衛生單位","service_mode":"時段","service_content":"物理治療","service_hours":"請逕洽詢該單位服務人員","phone":"03-9572808"}},{"type":"Feature","geometry":{"type":"Point","coordinates":[121.76992,24.680783]},"properties":{"uid":"welfare_09566","name":"簡世霖復健科診所","welfare_class":"child_dev","address":"宜蘭縣羅東鎮倉前路77-7號","city":"宜蘭縣","coord_source":"google","coord_precision":"exact","src_datasets":"130229","n_src":1,"unit_type":"衛生單位","service_mode":"時段","service_content":"物理、職能、語言治療","service_hours":"週一至週六","phone":"03-9566619"}},{"type":"Feature","geometry":{"type":"Point","coordinates":[121.758632,24.674408]},"properties":{"uid":"welfare_09567","name":"北成國小附設幼兒園","welfare_class":"child_dev","address":"宜蘭縣羅東鎮北成路一段125號","city":"宜蘭縣","coord_source":"offline_l2","coord_precision":"exact","src_datasets":"130229","n_src":1,"unit_type":"教育單位","service_mode":"日間、時段","service_content":"集中式特殊教育班、不分類巡迴輔導班","service_hours":"請逕洽詢該單位服務人員","phone":"03-9512626"}},{"type":"Feature","geometry":{"type":"Point","coordinates":[121.687836,24.722586]},"properties":{"uid":"welfare_09568","name":"臺北榮民總醫院員山分院","welfare_class":"child_dev","address":"宜蘭縣員山鄉內城村榮光路386號","city":"宜蘭縣","coord_source":"google","coord_precision":"approximate","src_datasets":"130229","n_src":1,"unit_type":"衛生單位","service_mode":"時段","service_content":"物理、職能、語言治療","service_hours":"請逕洽詢該單位服務人員","phone":"03-9222141"}},{"type":"Feature","geometry":{"type":"Point","coordinates":[121.827748,24.863611]},"properties":{"uid":"welfare_09570","name":"頭城國小附設幼兒園","welfare_class":"child_dev","address":"宜蘭縣頭城鎮開蘭路282號","city":"宜蘭縣","coord_source":"offline_l2","coord_precision":"exact","src_datasets":"130229","n_src":1,"unit_type":"教育單位","service_mode":"日間、時段","service_content":"集中式特殊教育班、不分類巡迴輔導班","service_hours":"請逕洽詢該單位服務人員","phone":"03-9771011"}},{"type":"Feature","geometry":{"type":"Point","coordinates":[121.768341,24.821575]},"properties":{"uid":"welfare_09571","name":"礁溪國小附設幼兒園","welfare_class":"child_dev","address":"宜蘭縣礁溪鄉大忠村礁溪路四段135 號","city":"宜蘭縣","coord_source":"google","coord_precision":"approximate","src_datasets":"130229","n_src":1,"unit_type":"教育單位","service_mode":"日間","service_content":"集中式特殊教育班","service_hours":"請逕洽詢該單位服務人員","phone":"03-9882047"}},{"type":"Feature","geometry":{"type":"Point","coordinates":[121.791244,24.632389]},"properties":{"uid":"welfare_09572","name":"冬山國小附設幼兒園","welfare_class":"child_dev","address":"宜蘭縣冬山鄉安中路35號","city":"宜蘭縣","coord_source":"offline_l2","coord_precision":"exact","src_datasets":"130229","n_src":1,"unit_type":"教育單位","service_mode":"日間、時段","service_content":"集中式特殊教育班、不分類巡迴輔導班","service_hours":"請逕洽詢該單位服務人員","phone":"03-9593504"}},{"type":"Feature","geometry":{"type":"Point","coordinates":[121.786319,24.74675]},"properties":{"uid":"welfare_09573","name":"壯圍鄉早期療育復健中心","welfare_class":"child_dev","address":"宜蘭縣壯圍鄉中央路二段290號","city":"宜蘭縣","coord_source":"offline_l1","coord_precision":"cached","src_datasets":"130229","n_src":1,"unit_type":"衛生單位","service_mode":"時段","service_content":"職能、語言治療","service_hours":"請逕洽詢該單位服務人員","phone":"03-9380670"}},{"type":"Feature","geometry":{"type":"Point","coordinates":[121.848611,24.614096]},"properties":{"uid":"welfare_09576","name":"臺北榮民總醫院蘇澳分院","welfare_class":"child_dev","address":"宜蘭縣蘇澳鎮蘇濱路一段301號","city":"宜蘭縣","coord_source":"offline_l1","coord_precision":"cached","src_datasets":"130229","n_src":1,"unit_type":"衛生單位","service_mode":"時段","service_content":"物理、職能、語言治療","service_hours":"請逕洽詢該單位服務人員","phone":"03-9905106"}},{"type":"Feature","geometry":{"type":"Point","coordinates":[121.767836,24.69935]},"properties":{"uid":"welfare_09577","name":"親愛社工師事務所","welfare_class":"child_dev","address":"宜蘭縣五結鄉台興路131號1樓","city":"宜蘭縣","coord_source":"offline_l15","coord_precision":"interpolated","src_datasets":"130229","n_src":1,"unit_type":"社福單位","service_mode":"時段","service_content":"遊戲課程","service_hours":"請逕洽詢該單位服務人員","phone":"03-9572495"}},{"type":"Feature","geometry":{"type":"Point","coordinates":[121.012925,24.819769]},"properties":{"uid":"welfare_09578","name":"東元綜合醫院","welfare_class":"child_dev","address":"新竹縣竹北市縣政二路69號","city":"新竹縣","coord_source":"offline_l1","coord_precision":"cached","src_datasets":"130229","n_src":1,"unit_type":"衛生單位","service_mode":"時段","service_content":"物理治療、職能治療、語言治療、認知治療、感統治療、心理治療、專注力、人際互動個別、人際互動團課、社交情緒課程、遊戲治療","service_hours":"1.物理:週一至週五:13時30分至17時30分、18時至21時30分；2.職能:(1)週一至週四:13時30分至17時30分、18時至21時30分(2)週五:8時至12時、13時30分至17時30分；3.語言:(1)週一至週四:8時至12時、13時30分至17時30分(2)週五:8時至12時、13時30分至17時30分※每堂30分鐘","phone":"03-5527000分機1366"}},{"type":"Feature","geometry":{"type":"Point","coordinates":[121.015062,24.830635]},"properties":{"uid":"welfare_09579","name":"仁和復健科診所","welfare_class":"child_dev","address":"新竹縣竹北市光明一路238號","city":"新竹縣","coord_source":"offline_l2","coord_precision":"exact","src_datasets":"130229","n_src":1,"unit_type":"衛生單位","service_mode":"時段","service_content":"物理治療、職能治療、認知治療、感統治療、專注力、藝術治療、人際互動團體、社交情緒課程、視知覺障礙","service_hours":"週一至週五:8時至11時30分、15時至17時30分、18時30分至20時30分※每堂30分鐘","phone":"03-5586126"}},{"type":"Feature","geometry":{"type":"Point","coordinates":[121.029603,24.81654]},"properties":{"uid":"welfare_09580","name":"六竹診所","welfare_class":"child_dev","address":"新竹縣竹北市嘉豐二街一段48號","city":"新竹縣","coord_source":"offline_l1","coord_precision":"cached","src_datasets":"130229","n_src":1,"unit_type":"衛生單位","service_mode":"時段","service_content":"心理課程、專注力、人際互動個別、藝術治療、人際互動團課、社交情緒課程、遊戲治療","service_hours":"1.週一至週五:9時至12時、15時至17時、18時至21時；2.週六:9時至12時※每堂50分鐘","phone":"03-5505550"}},{"type":"Feature","geometry":{"type":"Point","coordinates":[121.024321,24.824937]},"properties":{"uid":"welfare_09581","name":"安立身心診所","welfare_class":"child_dev","address":"新竹縣竹北市莊敬北路78號","city":"新竹縣","coord_source":"offline_l1","coord_precision":"cached","src_datasets":"130229","n_src":1,"unit_type":"衛生單位","service_mode":"時段","service_content":"認知治療、心理課程、專注力、人際互動個別、藝術治療、人際互動團課、社交情緒課程、遊戲治療","service_hours":"1.週一、二、四、五、六:8時30分至12時；2.週一至週四:15時30分至19時30分※每堂50分鐘","phone":"03-6577622"}},{"type":"Feature","geometry":{"type":"Point","coordinates":[121.00884,24.829904]},"properties":{"uid":"welfare_09582","name":"慶源復健科診所","welfare_class":"child_dev","address":"新竹縣竹北市光明三路65號","city":"新竹縣","coord_source":"offline_l2","coord_precision":"exact","src_datasets":"130229","n_src":1,"unit_type":"衛生單位","service_mode":"時段","service_content":"物理治療、職能治療、認知治療、感統治療、專注力、人際互動個別、人際互動團課、社交情緒課程","service_hours":"1.週一至週五:8時至12時、14時至22時；2.週六:8時至12時※每堂30-60分鐘","phone":"03-5589686"}},{"type":"Feature","geometry":{"type":"Point","coordinates":[121.009292,24.828524]},"properties":{"uid":"welfare_09583","name":"希望種子職能治療所","welfare_class":"child_dev","address":"新竹縣竹北市光明五街349號1樓","city":"新竹縣","coord_source":"offline_l1","coord_precision":"cached","src_datasets":"130229","n_src":1,"unit_type":"衛生單位","service_mode":"時段","service_content":"職能治療、語言治療、認知訓練、感統、專注力、人際互動個別、藝術治療、人際互動團課、音樂治療、社交情緒課程、遊戲治療","service_hours":"週一至週五:9時至21時30分※每堂30-60分鐘","phone":"03-5583413"}},{"type":"Feature","geometry":{"type":"Point","coordinates":[121.043057,24.801915]},"properties":{"uid":"welfare_09584","name":"心星語言治療所","welfare_class":"child_dev","address":"新竹縣竹北市高鐵九路61巷22號","city":"新竹縣","coord_source":"offline_l2","coord_precision":"exact","src_datasets":"130229","n_src":1,"unit_type":"衛生單位","service_mode":"時段","service_content":"語言治療、藝術治療、音樂治療","service_hours":"1.週一：9-12時、14-19時；2.週二：9-12時、14-21時；週三：14-21時；週五：9-12時、14-20時；週六：9-12時","phone":"0966-722071"}},{"type":"Feature","geometry":{"type":"Point","coordinates":[121.03092,24.816488]},"properties":{"uid":"welfare_09585","name":"樂語語言治療所","welfare_class":"child_dev","address":"新竹縣竹北市光明六路東二段112號1-2樓","city":"新竹縣","coord_source":"google","coord_precision":"exact","src_datasets":"130229","n_src":1,"unit_type":"衛生單位","service_mode":"時段","service_content":"語言治療","service_hours":"1.週一至週四:8時30至21時；2.週五:9時至18時※每堂50分鐘","phone":"0933-629229"}},{"type":"Feature","geometry":{"type":"Point","coordinates":[121.044019,24.805399]},"properties":{"uid":"welfare_09586","name":"台大新竹生醫分院","welfare_class":"child_dev","address":"新竹縣竹北市生醫路一段2號","city":"新竹縣","coord_source":"offline_l1","coord_precision":"cached","src_datasets":"130229","n_src":1,"unit_type":"衛生單位","service_mode":"時段","service_content":"語言治療","service_hours":"週一至週五:8時至17時※每堂30分鐘","phone":"03-6677600"}},{"type":"Feature","geometry":{"type":"Point","coordinates":[121.019887,24.836119]},"properties":{"uid":"welfare_09587","name":"中正國小","welfare_class":"child_dev","address":"新竹縣竹北市中山路190號","city":"新竹縣","coord_source":"offline_l2","coord_precision":"exact","src_datasets":"130229","n_src":1,"unit_type":"教育單位","service_mode":"時段","service_content":"不分類巡迴輔導班","service_hours":"請逕洽詢該單位服務人員","phone":"03-5552464"}},{"type":"Feature","geometry":{"type":"Point","coordinates":[120.964241,24.842245]},"properties":{"uid":"welfare_09588","name":"豐田國小","welfare_class":"child_dev","address":"新竹縣竹北市中正西路1377號","city":"新竹縣","coord_source":"offline_l2","coord_precision":"exact","src_datasets":"130229","n_src":1,"unit_type":"教育單位","service_mode":"時段","service_content":"不分類巡迴輔導班","service_hours":"請逕洽詢該單位服務人員","phone":"03-5563930"}},{"type":"Feature","geometry":{"type":"Point","coordinates":[121.010514,24.824511]},"properties":{"uid":"welfare_09589","name":"光明國小","welfare_class":"child_dev","address":"新竹縣竹北市光明九路65號","city":"新竹縣","coord_source":"offline_l2","coord_precision":"exact","src_datasets":"130229","n_src":1,"unit_type":"教育單位","service_mode":"時段","service_content":"不分類巡迴輔導班","service_hours":"請逕洽詢該單位服務人員","phone":"03-5538656"}},{"type":"Feature","geometry":{"type":"Point","coordinates":[121.032134,24.827069]},"properties":{"uid":"welfare_09590","name":"安興國小","welfare_class":"child_dev","address":"新竹縣竹北市十興路一段435號","city":"新竹縣","coord_source":"offline_l2","coord_precision":"exact","src_datasets":"130229","n_src":1,"unit_type":"教育單位","service_mode":"時段","service_content":"不分類巡迴輔導班","service_hours":"請逕洽詢該單位服務人員","phone":"03-6684105"}},{"type":"Feature","geometry":{"type":"Point","coordinates":[121.012591,24.83676]},"properties":{"uid":"welfare_09591","name":"竹仁國小","welfare_class":"child_dev","address":"新竹縣竹北市仁和街1號","city":"新竹縣","coord_source":"offline_l1","coord_precision":"cached","src_datasets":"130229","n_src":1,"unit_type":"教育單位","service_mode":"日間","service_content":"集中式特殊教育班","service_hours":"請逕洽詢該單位服務人員","phone":"03-5552472"}},{"type":"Feature","geometry":{"type":"Point","coordinates":[121.035262,24.825108]},"properties":{"uid":"welfare_09592","name":"社團法人臺灣新願社會福利協會","welfare_class":"child_dev","address":"新竹縣竹北市十興五街90號2樓","city":"新竹縣","coord_source":"offline_l2","coord_precision":"exact","src_datasets":"130229","n_src":1,"unit_type":"社福單位","service_mode":"時段、到宅","service_content":"認知","service_hours":"週一至週五:9時至17時※每堂60分鐘","phone":"0971-412807郭老師"}},{"type":"Feature","geometry":{"type":"Point","coordinates":[121.016248,24.871165]},"properties":{"uid":"welfare_09593","name":"華興國小","welfare_class":"child_dev","address":"新竹縣湖口鄉鳳凰村文化路171號","city":"新竹縣","coord_source":"offline_l15","coord_precision":"interpolated","src_datasets":"130229","n_src":1,"unit_type":"教育單位","service_mode":"時段","service_content":"不分類巡迴輔導班","service_hours":"請逕洽詢該單位服務人員","phone":"03-5981789"}},{"type":"Feature","geometry":{"type":"Point","coordinates":[121.043165,24.899833]},"properties":{"uid":"welfare_09594","name":"新湖復健科診所","welfare_class":"child_dev","address":"新竹縣湖口鄉中山路二段50巷38號","city":"新竹縣","coord_source":"offline_l1","coord_precision":"cached","src_datasets":"130229","n_src":1,"unit_type":"衛生單位","service_mode":"時段","service_content":"物理、職能、語言治療","service_hours":"週一至週五:8時至11時30分、13時至17時、18時至21時※每堂30分鐘","phone":"03-5992572"}},{"type":"Feature","geometry":{"type":"Point","coordinates":[120.998285,24.871437]},"properties":{"uid":"welfare_09595","name":"山崎國小","welfare_class":"child_dev","address":"新竹縣新豐鄉新興路291號","city":"新竹縣","coord_source":"offline_l2","coord_precision":"exact","src_datasets":"130229","n_src":1,"unit_type":"教育單位","service_mode":"日間、時段","service_content":"集中式特殊教育班、巡迴輔導班","service_hours":"請逕洽詢該單位服務人員","phone":"03-5592714"}},{"type":"Feature","geometry":{"type":"Point","coordinates":[120.988119,24.899915]},"properties":{"uid":"welfare_09596","name":"財團法人心路社會福利基金會新竹分事務所社區療育據點(社家署及地方政府補助)","welfare_class":"child_dev","address":"結合新豐鄉衛生所辦理定點療育","city":"新竹縣","coord_source":"google","coord_precision":"exact","src_datasets":"130229","n_src":1,"unit_type":"社福單位","service_mode":"時段、到宅","service_content":"1.社區療育服務、到宅服務。2.服務新豐鄉、新埔鎮、竹東鎮、芎林鄉、寶山鄉。","service_hours":"請逕洽詢該單位服務人員","phone":"03-5626210"}},{"type":"Feature","geometry":{"type":"Point","coordinates":[121.079138,24.828126]},"properties":{"uid":"welfare_09597","name":"新埔國小","welfare_class":"child_dev","address":"新竹縣新埔鎮中正路366號","city":"新竹縣","coord_source":"offline_l2","coord_precision":"exact","src_datasets":"130229","n_src":1,"unit_type":"教育單位","service_mode":"時段","service_content":"不分類巡迴輔導班","service_hours":"請逕洽詢該單位服務人員","phone":"03-5886160"}},{"type":"Feature","geometry":{"type":"Point","coordinates":[121.173472,24.791349]},"properties":{"uid":"welfare_09598","name":"關西國小","welfare_class":"child_dev","address":"新竹縣關西鎮西安里中山路126號","city":"新竹縣","coord_source":"offline_l2","coord_precision":"exact","src_datasets":"130229","n_src":1,"unit_type":"教育單位","service_mode":"時段","service_content":"不分類巡迴輔導班","service_hours":"請逕洽詢該單位服務人員","phone":"03-5872028"}},{"type":"Feature","geometry":{"type":"Point","coordinates":[121.09223,24.720758]},"properties":{"uid":"welfare_09599","name":"縣立竹東幼兒園","welfare_class":"child_dev","address":"新竹縣竹東鎮和江街251號","city":"新竹縣","coord_source":"offline_l2","coord_precision":"exact","src_datasets":"130229","n_src":1,"unit_type":"教育單位","service_mode":"時段","service_content":"不分類巡迴輔導班","service_hours":"請逕洽詢該單位服務人員","phone":"03-5955223"}},{"type":"Feature","geometry":{"type":"Point","coordinates":[121.088327,24.735194]},"properties":{"uid":"welfare_09600","name":"竹東國小","welfare_class":"child_dev","address":"新竹縣竹東鎮康寧街1號","city":"新竹縣","coord_source":"offline_l1","coord_precision":"cached","src_datasets":"130229","n_src":1,"unit_type":"教育單位","service_mode":"時段","service_content":"不分類巡迴輔導班","service_hours":"請逕洽詢該單位服務人員","phone":"03-5962025"}},{"type":"Feature","geometry":{"type":"Point","coordinates":[121.093561,24.718676]},"properties":{"uid":"welfare_09601","name":"臺大醫院竹東分院","welfare_class":"child_dev","address":"新竹縣竹東鎮至善路52號","city":"新竹縣","coord_source":"offline_l2","coord_precision":"exact","src_datasets":"130229","n_src":1,"unit_type":"衛生單位","service_mode":"時段","service_content":"物理、職能治療","service_hours":"週一至週五:視治療師排課時間※每堂30-60分鐘","phone":"03-5943248"}},{"type":"Feature","geometry":{"type":"Point","coordinates":[121.099575,24.722702]},"properties":{"uid":"welfare_09602","name":"臺北榮民總醫院新竹分院","welfare_class":"child_dev","address":"新竹縣竹東鎮中豐路一段81號","city":"新竹縣","coord_source":"offline_l1","coord_precision":"cached","src_datasets":"130229","n_src":1,"unit_type":"衛生單位","service_mode":"時段","service_content":"物理、職能、語言治療","service_hours":"週一至週五:8時至17時※每堂30-40分鐘","phone":"03-5962134"}},{"type":"Feature","geometry":{"type":"Point","coordinates":[121.090973,24.738476]},"properties":{"uid":"welfare_09603","name":"杏林中醫診所","welfare_class":"child_dev","address":"新竹縣竹東鎮仁愛路350號","city":"新竹縣","coord_source":"offline_l1","coord_precision":"cached","src_datasets":"130229","n_src":1,"unit_type":"衛生單位","service_mode":"時段","service_content":"針灸","service_hours":"1.週一、四、五:15時30分至21時；2.週二、三、六:8時30分至12時、15時30分至21時※每堂30分鐘","phone":"03-5964361"}},{"type":"Feature","geometry":{"type":"Point","coordinates":[121.085568,24.739254]},"properties":{"uid":"welfare_09604","name":"藍青復健診所","welfare_class":"child_dev","address":"新竹縣竹東鎮興農街2號","city":"新竹縣","coord_source":"offline_l1","coord_precision":"cached","src_datasets":"130229","n_src":1,"unit_type":"衛生單位","service_mode":"時段","service_content":"物理治療、職能治療、認知、感統","service_hours":"週一至週五:7時30分至20時30分※每堂30分鐘","phone":"03-5941213"}},{"type":"Feature","geometry":{"type":"Point","coordinates":[120.991306,24.766104]},"properties":{"uid":"welfare_09605","name":"雙溪國小","welfare_class":"child_dev","address":"新竹縣寶山鄉雙園路二段2段310號","city":"新竹縣","coord_source":"google","coord_precision":"exact","src_datasets":"130229","n_src":1,"unit_type":"教育單位","service_mode":"時段","service_content":"不分類巡迴輔導班","service_hours":"請逕洽詢該單位服務人員","phone":"03-5202151"}},{"type":"Feature","geometry":{"type":"Point","coordinates":[121.26562,24.749529]},"properties":{"uid":"welfare_09606","name":"新樂國小","welfare_class":"child_dev","address":"新竹縣尖石鄉新樂村水田一鄰10號","city":"新竹縣","coord_source":"google","coord_precision":"approximate","src_datasets":"130229","n_src":1,"unit_type":"教育單位","service_mode":"時段","service_content":"不分類巡迴輔導班","service_hours":"請逕洽詢該單位服務人員","phone":"03-5841500"}},{"type":"Feature","geometry":{"type":"Point","coordinates":[121.049553,24.705432]},"properties":{"uid":"welfare_09607","name":"社團法人臺灣行動兒童療育協會社區療育據點(社家署及地方政府補助)","welfare_class":"child_dev","address":"新竹縣北埔鄉埔心街109巷36-1號(服務單位辦公地址)","city":"新竹縣","coord_source":"google","coord_precision":"interpolated","src_datasets":"130229","n_src":1,"unit_type":"社福單位","service_mode":"時段、到宅","service_content":"1.社區療育服務、到宅服務。2.服務北埔鄉、峨眉鄉、橫山鄉、尖石鄉、五峰鄉。","service_hours":"請逕洽詢該單位服務人員","phone":"0926-006028"}},{"type":"Feature","geometry":{"type":"Point","coordinates":[120.814892,24.55006]},"properties":{"uid":"welfare_09608","name":"大千綜合醫院","welfare_class":"child_dev","address":"苗栗縣苗栗市恭敬路36號","city":"苗栗縣","coord_source":"offline_l2","coord_precision":"exact","src_datasets":"130229","n_src":1,"unit_type":"衛生單位","service_mode":"時段","service_content":"物理治療、職能治療、語言治療、感統、專注力、心理治療、遊戲治療、水療 (自費/60分鐘)","service_hours":"9時至16時","phone":"037-357125分機12000"}},{"type":"Feature","geometry":{"type":"Point","coordinates":[120.818401,24.552322]},"properties":{"uid":"welfare_09609","name":"新生醫院","welfare_class":"child_dev","address":"苗栗縣苗栗市新東街17號","city":"苗栗縣","coord_source":"offline_l15","coord_precision":"interpolated","src_datasets":"130229","n_src":1,"unit_type":"衛生單位","service_mode":"時段","service_content":"物理治療、職能治療、語言治療、感統、專注力","service_hours":"9時至16時","phone":"037-320998分機120"}},{"type":"Feature","geometry":{"type":"Point","coordinates":[120.824018,24.565233]},"properties":{"uid":"welfare_09610","name":"福苗診所","welfare_class":"child_dev","address":"苗栗縣苗栗市中正路204號1樓","city":"苗栗縣","coord_source":"offline_l2","coord_precision":"exact","src_datasets":"130229","n_src":1,"unit_type":"衛生單位","service_mode":"時段","service_content":"物理、職能、語言治療","service_hours":"週一至週五:8時至12時、14時30分至17時30分、18時至21時30分","phone":"037-350009"}},{"type":"Feature","geometry":{"type":"Point","coordinates":[120.840405,24.575655]},"properties":{"uid":"welfare_09611","name":"衛生福利部苗栗醫院","welfare_class":"child_dev","address":"苗栗縣苗栗市為公路747號","city":"苗栗縣","coord_source":"offline_l1","coord_precision":"cached","src_datasets":"130229","n_src":1,"unit_type":"衛生單位","service_mode":"時段","service_content":"職能、物理、語言治療","service_hours":"1.週一至週五：8時30分至12時、14時至17時；2.週二及週四(夜間)：18時30分至20時30分。","phone":"037-261920分機2170"}},{"type":"Feature","geometry":{"type":"Point","coordinates":[120.829264,24.589804]},"properties":{"uid":"welfare_09612","name":"財團法人苗栗縣私立大千服務事業基金會","welfare_class":"child_dev","address":"苗栗縣苗栗市嘉新里經國路四段851號地下1樓","city":"苗栗縣","coord_source":"offline_l2","coord_precision":"exact","src_datasets":"130229","n_src":1,"unit_type":"社福單位","service_mode":"時段","service_content":"水療復健服務","service_hours":"9時至16時","phone":"037-262604"}},{"type":"Feature","geometry":{"type":"Point","coordinates":[120.827259,24.572949]},"properties":{"uid":"welfare_09614","name":"啟文國小","welfare_class":"child_dev","address":"苗栗縣苗栗市福星里啟賢街61號","city":"苗栗縣","coord_source":"offline_l2","coord_precision":"exact","src_datasets":"130229","n_src":1,"unit_type":"教育單位","service_mode":"日間","service_content":"集中式特殊教育班","service_hours":"請逕洽詢該單位服務人員","phone":"037-260466"}},{"type":"Feature","geometry":{"type":"Point","coordinates":[120.825977,24.579129]},"properties":{"uid":"welfare_09615","name":"福星國小","welfare_class":"child_dev","address":"苗栗縣苗栗市中華東街62號","city":"苗栗縣","coord_source":"offline_l2","coord_precision":"exact","src_datasets":"130229","n_src":1,"unit_type":"教育單位","service_mode":"時段","service_content":"不分類巡迴輔導班","service_hours":"請逕洽詢該單位服務人員","phone":"037-264724"}},{"type":"Feature","geometry":{"type":"Point","coordinates":[120.901203,24.68559]},"properties":{"uid":"welfare_09616","name":"六合國小","welfare_class":"child_dev","address":"苗栗縣頭份市東庄里民族路252 號","city":"苗栗縣","coord_source":"offline_l2","coord_precision":"exact","src_datasets":"130229","n_src":1,"unit_type":"教育單位","service_mode":"時段","service_content":"不分類巡迴輔導班","service_hours":"請逕洽詢該單位服務人員","phone":"037-663065"}},{"type":"Feature","geometry":{"type":"Point","coordinates":[120.884304,24.680925]},"properties":{"uid":"welfare_09617","name":"永貞國小","welfare_class":"child_dev","address":"苗栗縣頭份市永貞路一段335號","city":"苗栗縣","coord_source":"offline_l2","coord_precision":"exact","src_datasets":"130229","n_src":1,"unit_type":"教育單位","service_mode":"時段","service_content":"不分類巡迴輔導班","service_hours":"請逕洽詢該單位服務人員","phone":"037-623290"}},{"type":"Feature","geometry":{"type":"Point","coordinates":[120.907345,24.687096]},"properties":{"uid":"welfare_09618","name":"財團法人為恭紀念醫院","welfare_class":"child_dev","address":"苗栗縣頭份市信義路128號","city":"苗栗縣","coord_source":"offline_l1","coord_precision":"cached","src_datasets":"130229","n_src":1,"unit_type":"衛生單位","service_mode":"時段","service_content":"物理治療、職能治療、語言治療、感統、專注力、社交情緒課程、心理治療、人際互動(個別)","service_hours":"9時至16時","phone":"037-676811"}},{"type":"Feature","geometry":{"type":"Point","coordinates":[120.868269,24.681923]},"properties":{"uid":"welfare_09620","name":"宏仁診所","welfare_class":"child_dev","address":"苗栗縣竹南鎮守法街2-13號","city":"苗栗縣","coord_source":"offline_l1","coord_precision":"cached","src_datasets":"130229","n_src":1,"unit_type":"衛生單位","service_mode":"時段","service_content":"物理、職能治療","service_hours":"9時至16時","phone":"037-241119"}},{"type":"Feature","geometry":{"type":"Point","coordinates":[120.879487,24.690094]},"properties":{"uid":"welfare_09621","name":"竹南診所","welfare_class":"child_dev","address":"苗栗縣竹南鎮光復路272號","city":"苗栗縣","coord_source":"offline_l1","coord_precision":"cached","src_datasets":"130229","n_src":1,"unit_type":"衛生單位","service_mode":"時段","service_content":"物理治療、職能治療、語言治療","service_hours":"請逕洽詢該單位服務人員","phone":"037-470709 分機80938"}},{"type":"Feature","geometry":{"type":"Point","coordinates":[120.889268,24.70801]},"properties":{"uid":"welfare_09622","name":"大埔國小","welfare_class":"child_dev","address":"苗栗縣竹南鎮仁愛路1092號","city":"苗栗縣","coord_source":"offline_l2","coord_precision":"exact","src_datasets":"130229","n_src":1,"unit_type":"教育單位","service_mode":"日間","service_content":"集中式特殊教育班","service_hours":"請逕洽詢該單位服務人員","phone":"037-584370"}},{"type":"Feature","geometry":{"type":"Point","coordinates":[120.867614,24.422418]},"properties":{"uid":"welfare_09623","name":"大順醫院","welfare_class":"child_dev","address":"苗栗縣大湖鄉中正路48-5號","city":"苗栗縣","coord_source":"google","coord_precision":"approximate","src_datasets":"130229","n_src":1,"unit_type":"衛生單位","service_mode":"時段","service_content":"物理治療、職能治療、專注力、遊戲治療","service_hours":"9時至16時","phone":"037-997666"}},{"type":"Feature","geometry":{"type":"Point","coordinates":[120.86992,24.426712]},"properties":{"uid":"welfare_09624","name":"財團法人伊甸社會福利基金會苗栗分事務所小蠹蟲親子館(苗栗縣政府核備)","welfare_class":"child_dev","address":"苗栗縣大湖鄉靜湖村和平路28號","city":"苗栗縣","coord_source":"google","coord_precision":"exact","src_datasets":"130229","n_src":1,"unit_type":"社福單位","service_mode":"時段","service_content":"提供卓蘭鎮、銅鑼鄉、泰安鄉、三義鄉及獅潭鄉地區之走動式社區療育服務及到宅服務，另於大湖鄉設置定點式社區療育據點(小蠹蟲親子館-時段療育)","service_hours":"請逕洽詢該單位服務人員","phone":"037-996334"}},{"type":"Feature","geometry":{"type":"Point","coordinates":[120.675935,24.481289]},"properties":{"uid":"welfare_09625","name":"通霄光田醫院","welfare_class":"child_dev","address":"苗栗縣通霄鎮中山路88號","city":"苗栗縣","coord_source":"offline_l1","coord_precision":"cached","src_datasets":"130229","n_src":1,"unit_type":"衛生單位","service_mode":"時段","service_content":"職能、物理治療","service_hours":"9時至16時","phone":"037-759999"}},{"type":"Feature","geometry":{"type":"Point","coordinates":[120.65272,24.44182]},"properties":{"uid":"welfare_09626","name":"苑裡李綜合醫院","welfare_class":"child_dev","address":"苗栗縣苑裡鎮和平路168號","city":"苗栗縣","coord_source":"offline_l1","coord_precision":"cached","src_datasets":"130229","n_src":1,"unit_type":"衛生單位","service_mode":"時段","service_content":"職能、物理治療","service_hours":"9時至16時","phone":"037-862387"}},{"type":"Feature","geometry":{"type":"Point","coordinates":[120.655125,24.44836]},"properties":{"uid":"welfare_09627","name":"苑裡國小","welfare_class":"child_dev","address":"苗栗縣苑裡鎮中山路307號","city":"苗栗縣","coord_source":"offline_l2","coord_precision":"exact","src_datasets":"130229","n_src":1,"unit_type":"教育單位","service_mode":"日間","service_content":"集中式特殊教育班","service_hours":"請逕洽詢該單位服務人員","phone":"037-861013"}},{"type":"Feature","geometry":{"type":"Point","coordinates":[120.791123,24.61378]},"properties":{"uid":"welfare_09628","name":"後龍診所","welfare_class":"child_dev","address":"苗栗縣後龍鎮中山路123號","city":"苗栗縣","coord_source":"offline_l2","coord_precision":"exact","src_datasets":"130229","n_src":1,"unit_type":"衛生單位","service_mode":"時段","service_content":"職能、治療、語言治療","service_hours":"9時至16時","phone":"037-773088分機211"}},{"type":"Feature","geometry":{"type":"Point","coordinates":[120.828841,24.502943]},"properties":{"uid":"welfare_09629","name":"公館診所","welfare_class":"child_dev","address":"苗栗縣公館鄉館東村5鄰安東街8號","city":"苗栗縣","coord_source":"offline_l1","coord_precision":"cached","src_datasets":"130229","n_src":1,"unit_type":"衛生單位","service_mode":"時段","service_content":"物理治療、職能治療、語言治療","service_hours":"請逕洽詢該單位服務人員","phone":"037-228834"}},{"type":"Feature","geometry":{"type":"Point","coordinates":[120.765346,24.401705]},"properties":{"uid":"welfare_09630","name":"僑成國小","welfare_class":"child_dev","address":"苗栗縣三義鄉勝興村20份220號","city":"苗栗縣","coord_source":"google","coord_precision":"approximate","src_datasets":"130229","n_src":1,"unit_type":"教育單位","service_mode":"時段","service_content":"不分類巡迴輔導班","service_hours":"請逕洽詢該單位服務人員","phone":"037-872041"}},{"type":"Feature","geometry":{"type":"Point","coordinates":[120.535784,24.0613]},"properties":{"uid":"welfare_09631","name":"漢銘醫院","welfare_class":"child_dev","address":"彰化縣彰化市中山路一段366號","city":"彰化縣","coord_source":"offline_l1","coord_precision":"cached","src_datasets":"130229","n_src":1,"unit_type":"衛生單位","service_mode":"時段","service_content":"物理治療、職能治療、輔具諮詢評估","service_hours":"請逕洽詢該單位服務人員","phone":"04-7113419"}},{"type":"Feature","geometry":{"type":"Point","coordinates":[120.537508,24.064786]},"properties":{"uid":"welfare_09632","name":"秀傳醫療財團法人秀傳紀念醫院","welfare_class":"child_dev","address":"彰化縣彰化市中山路一段542號","city":"彰化縣","coord_source":"offline_l1","coord_precision":"cached","src_datasets":"130229","n_src":1,"unit_type":"衛生單位","service_mode":"時段","service_content":"物理治療、職能治療、語言治療、遊戲治療、輔具諮詢評估","service_hours":"請逕洽詢該單位服務人員","phone":"04-7256166分機83300-83303"}},{"type":"Feature","geometry":{"type":"Point","coordinates":[120.544461,24.07149]},"properties":{"uid":"welfare_09633","name":"彰化基督教醫療財團法人彰化基督教醫院","welfare_class":"child_dev","address":"彰化縣彰化市南校街135號","city":"彰化縣","coord_source":"offline_l1","coord_precision":"cached","src_datasets":"130229","n_src":1,"unit_type":"衛生單位","service_mode":"時段","service_content":"物理治療、職能治療、語言治療、心理治療、輔具諮詢評估","service_hours":"請逕洽詢該單位服務人員","phone":"04-7238595分機7425"}},{"type":"Feature","geometry":{"type":"Point","coordinates":[120.554916,24.083861]},"properties":{"uid":"welfare_09634","name":"樂說語言治療所","welfare_class":"child_dev","address":"彰化縣彰化市竹和路40巷22號","city":"彰化縣","coord_source":"offline_l2","coord_precision":"exact","src_datasets":"130229","n_src":1,"unit_type":"衛生單位","service_mode":"時段","service_content":"語言治療、音樂治療、輔具諮詢評估","service_hours":"1.週一至週五:8時至20時；2.週六:8時至12時","phone":"04-7201590、0972-915375"}},{"type":"Feature","geometry":{"type":"Point","coordinates":[120.542521,24.067354]},"properties":{"uid":"welfare_09635","name":"三和語言治療所","welfare_class":"child_dev","address":"彰化縣彰化市大埔路641號","city":"彰化縣","coord_source":"offline_l2","coord_precision":"exact","src_datasets":"130229","n_src":1,"unit_type":"衛生單位","service_mode":"時段","service_content":"語言治療、學前教育、職能治療、聽語輔具評估","service_hours":"週二至週六:9時至21時","phone":"04-7112591"}},{"type":"Feature","geometry":{"type":"Point","coordinates":[120.534789,24.060501]},"properties":{"uid":"welfare_09636","name":"同樂職能治療所","welfare_class":"child_dev","address":"彰化縣彰化市中山路一段323號1樓","city":"彰化縣","coord_source":"offline_l2","coord_precision":"exact","src_datasets":"130229","n_src":1,"unit_type":"衛生單位","service_mode":"時段","service_content":"語言治療、學前教育、職能治療","service_hours":"請逕洽詢該單位服務人員","phone":"04-7617153"}},{"type":"Feature","geometry":{"type":"Point","coordinates":[120.534174,24.066672]},"properties":{"uid":"welfare_09637","name":"樂說多元專業服務發展協會","welfare_class":"child_dev","address":"彰化市天祥路53號","city":"彰化縣","coord_source":"google","coord_precision":"exact","src_datasets":"130229","n_src":1,"unit_type":"社福單位","service_mode":"時段","service_content":"物理治療、語言治療、學前教育、輔具諮詢及評估","service_hours":"請逕洽詢該單位服務人員","phone":"04-7613138"}},{"type":"Feature","geometry":{"type":"Point","coordinates":[120.5471,24.091362]},"properties":{"uid":"welfare_09638","name":"大成國小","welfare_class":"child_dev","address":"彰化縣彰化市自強路303號","city":"彰化縣","coord_source":"offline_l2","coord_precision":"exact","src_datasets":"130229","n_src":1,"unit_type":"教育單位","service_mode":"日間、時段","service_content":"集中式特殊教育班、不分類巡迴輔導班、身障類資源班","service_hours":"請逕洽詢該單位服務人員","phone":"04-7353457"}},{"type":"Feature","geometry":{"type":"Point","coordinates":[120.499033,24.110398]},"properties":{"uid":"welfare_09639","name":"民和診所","welfare_class":"child_dev","address":"彰化縣和美鎮仁安路206號","city":"彰化縣","coord_source":"offline_l1","coord_precision":"cached","src_datasets":"130229","n_src":1,"unit_type":"衛生單位","service_mode":"時段","service_content":"物理治療","service_hours":"請逕洽詢該單位服務人員","phone":"04-7552995"}},{"type":"Feature","geometry":{"type":"Point","coordinates":[120.50091,24.109114]},"properties":{"uid":"welfare_09640","name":"吳祥富內科復健科診所","welfare_class":"child_dev","address":"彰化縣和美鎮彰美路五段217、219號","city":"彰化縣","coord_source":"offline_l2","coord_precision":"exact","src_datasets":"130229","n_src":1,"unit_type":"衛生單位","service_mode":"時段","service_content":"物理治療、職能治療、輔具諮詢評估、語言治療","service_hours":"1.物理治療、職能治療、輔具諮詢評估週一至週六:全天；2.物理治療週一至週五:上午","phone":"04-7563430"}},{"type":"Feature","geometry":{"type":"Point","coordinates":[120.531488,24.095672]},"properties":{"uid":"welfare_09641","name":"卓立物理治療所","welfare_class":"child_dev","address":"彰化縣和美鎮東發路212號","city":"彰化縣","coord_source":"offline_l2","coord_precision":"exact","src_datasets":"130229","n_src":1,"unit_type":"衛生單位","service_mode":"時段","service_content":"物理治療","service_hours":"請逕洽詢該單位服務人員","phone":"04-7358310"}},{"type":"Feature","geometry":{"type":"Point","coordinates":[120.491938,24.105214]},"properties":{"uid":"welfare_09642","name":"和美實驗學校","welfare_class":"child_dev","address":"彰化縣和美鎮鹿和路六段115號","city":"彰化縣","coord_source":"offline_l2","coord_precision":"exact","src_datasets":"130229","n_src":1,"unit_type":"教育單位","service_mode":"日間","service_content":"集中式特殊教育班","service_hours":"請逕洽詢該單位服務人員","phone":"04-7552009 "}},{"type":"Feature","geometry":{"type":"Point","coordinates":[120.43688,24.056416]},"properties":{"uid":"welfare_09643","name":"康合診所","welfare_class":"child_dev","address":"彰化縣鹿港鎮民族路36號","city":"彰化縣","coord_source":"offline_l2","coord_precision":"exact","src_datasets":"130229","n_src":1,"unit_type":"衛生單位","service_mode":"時段","service_content":"物理治療、職能治療、輔具諮詢評估","service_hours":"1.週一至週五:16時至21時；2.週六:8時至12時","phone":"04-7747198"}},{"type":"Feature","geometry":{"type":"Point","coordinates":[120.438211,24.060379]},"properties":{"uid":"welfare_09644","name":"彰化基督教醫療財團法人鹿港基督教醫院","welfare_class":"child_dev","address":"彰化縣鹿港鎮中正路480號","city":"彰化縣","coord_source":"offline_l1","coord_precision":"cached","src_datasets":"130229","n_src":1,"unit_type":"衛生單位","service_mode":"時段","service_content":"物理、職能、語言治療","service_hours":"1.週一至週五:8時至12時；13時30分至17時30分；2.週六:8時至12時","phone":"04-7779595分機7272"}},{"type":"Feature","geometry":{"type":"Point","coordinates":[120.411121,24.078274]},"properties":{"uid":"welfare_09645","name":"秀傳醫療財團法人彰濱秀傳紀念醫院","welfare_class":"child_dev","address":"彰化縣鹿港鎮鹿工路6號","city":"彰化縣","coord_source":"offline_l1","coord_precision":"cached","src_datasets":"130229","n_src":1,"unit_type":"衛生單位","service_mode":"時段","service_content":"物理治療、職能治療、語言治療","service_hours":"1.週一、二、四、五:8時至17時；2.週三:8時至21時；3.週六:8時至12時","phone":"04-7813888分機70289"}},{"type":"Feature","geometry":{"type":"Point","coordinates":[120.430642,24.054531]},"properties":{"uid":"welfare_09646","name":"洛津國小","welfare_class":"child_dev","address":"彰化縣鹿港鎮公園三路51號","city":"彰化縣","coord_source":"offline_l2","coord_precision":"exact","src_datasets":"130229","n_src":1,"unit_type":"教育單位","service_mode":"時段","service_content":"不分類巡迴輔導班","service_hours":"請逕洽詢該單位服務人員","phone":"04-7772041"}},{"type":"Feature","geometry":{"type":"Point","coordinates":[120.544572,24.00213]},"properties":{"uid":"welfare_09647","name":"員林郭醫院大村分院","welfare_class":"child_dev","address":"彰化縣大村鄉大村村田洋橫巷2-9號","city":"彰化縣","coord_source":"offline_l1","coord_precision":"cached","src_datasets":"130229","n_src":1,"unit_type":"衛生單位","service_mode":"時段","service_content":"物理、職能治療、語言治療、水療","service_hours":"1.物理、職能治療週一至週五:8時至20時、週六:8時至12時；2.語言治療週一至週五:8時至20時；3.水療週二至週五:8時至17時、週六:8時至12時","phone":"04-8539666"}},{"type":"Feature","geometry":{"type":"Point","coordinates":[120.544572,24.00213]},"properties":{"uid":"welfare_09648","name":"財團法人彰化縣私立希望社會福利慈善事業基金會","welfare_class":"child_dev","address":"彰化縣大村鄉大村村田洋橫巷2-9號3樓","city":"彰化縣","coord_source":"offline_l1","coord_precision":"cached","src_datasets":"130229","n_src":1,"unit_type":"社福單位","service_mode":"時段","service_content":"身心障礙兒童學前教育","service_hours":"週一至週五:8時至20時","phone":"04-8536868"}},{"type":"Feature","geometry":{"type":"Point","coordinates":[120.558373,23.984249]},"properties":{"uid":"welfare_09649","name":"財團法人希望社會福利慈善基金會希望家園(身心障礙福利機構)","welfare_class":"child_dev","address":"彰化縣大村鄉大村村田洋橫巷2-7號","city":"彰化縣","coord_source":"google","coord_precision":"exact","src_datasets":"130229","n_src":1,"unit_type":"社福單位","service_mode":"日間","service_content":"身心障礙兒童學前教育、水療","service_hours":"請逕洽詢該單位服務人員","phone":"04-8536868"}},{"type":"Feature","geometry":{"type":"Point","coordinates":[120.577734,23.955981]},"properties":{"uid":"welfare_09650","name":"張天長診所","welfare_class":"child_dev","address":"彰化縣員林市員水路二段482號","city":"彰化縣","coord_source":"offline_l1","coord_precision":"cached","src_datasets":"130229","n_src":1,"unit_type":"衛生單位","service_mode":"時段","service_content":"物理、職能、語言治療","service_hours":"1.週一至週四:8時至21時；2.週五:8時至17時30分","phone":"04-8324479"}},{"type":"Feature","geometry":{"type":"Point","coordinates":[120.566404,23.95925]},"properties":{"uid":"welfare_09651","name":"員生醫院","welfare_class":"child_dev","address":"彰化縣員林市莒光路359號","city":"彰化縣","coord_source":"offline_l1","coord_precision":"cached","src_datasets":"130229","n_src":1,"unit_type":"衛生單位","service_mode":"時段","service_content":"物理治療、職能治療、語言治療","service_hours":"1.週一至週五:8時至17時；2.週六:8時至12時","phone":"04-8339595分機1691、1692"}},{"type":"Feature","geometry":{"type":"Point","coordinates":[120.574795,23.95365]},"properties":{"uid":"welfare_09652","name":"員榮醫院","welfare_class":"child_dev","address":"彰化縣員林市中正路201號","city":"彰化縣","coord_source":"offline_l1","coord_precision":"cached","src_datasets":"130229","n_src":1,"unit_type":"衛生單位","service_mode":"時段","service_content":"物理治療、職能治療、語言治療","service_hours":"1.週一至週五:8時至12時、13時30分至17時30分；2.週六:8時至12時","phone":"04-8326161分機106、802"}},{"type":"Feature","geometry":{"type":"Point","coordinates":[120.566953,23.96275]},"properties":{"uid":"welfare_09653","name":"員林基督教醫院","welfare_class":"child_dev","address":"彰化縣員林市莒光路456號","city":"彰化縣","coord_source":"offline_l1","coord_precision":"cached","src_datasets":"130229","n_src":1,"unit_type":"衛生單位","service_mode":"時段","service_content":"物理治療、職能治療、語言治療","service_hours":"1.週一至週五:8時至12時、13時至17時；2.週六:8時至12時"}},{"type":"Feature","geometry":{"type":"Point","coordinates":[120.562667,23.967473]},"properties":{"uid":"welfare_09654","name":"員郭醫院","welfare_class":"child_dev","address":"彰化縣員林市員林大道六段51號","city":"彰化縣","coord_source":"offline_l1","coord_precision":"cached","src_datasets":"130229","n_src":1,"unit_type":"衛生單位","service_mode":"時段","service_content":"物理治療、職能治療、語言治療","service_hours":"請逕洽詢該單位服務人員","phone":"04-8312889分機1230"}},{"type":"Feature","geometry":{"type":"Point","coordinates":[120.565529,23.962529]},"properties":{"uid":"welfare_09655","name":"靜修國小","welfare_class":"child_dev","address":"彰化縣員林市靜修路74號","city":"彰化縣","coord_source":"offline_l2","coord_precision":"exact","src_datasets":"130229","n_src":1,"unit_type":"教育單位","service_mode":"日間、時段","service_content":"聽障集中式特殊教育班、不分類巡迴輔導班","service_hours":"請逕洽詢該單位服務人員","phone":"04-8320341"}},{"type":"Feature","geometry":{"type":"Point","coordinates":[120.543689,23.9183]},"properties":{"uid":"welfare_09656","name":"財團法人天主教會臺中教區附設彰化縣私立聖家啟智中心辦理永靖早療社區據點(王詹樣基金會補助)","welfare_class":"child_dev","address":"彰化縣永靖鄉永南村西南巷60號","city":"彰化縣","coord_source":"google","coord_precision":"exact","src_datasets":"130229","n_src":1,"unit_type":"社福單位","service_mode":"時段、到宅","service_content":"社區療育服務，服務員林市、大村鄉、埔心鄉、社頭鄉、永靖鄉。","service_hours":"請逕洽詢該單位服務人員","phone":"04-8232926"}},{"type":"Feature","geometry":{"type":"Point","coordinates":[120.527299,23.950225]},"properties":{"uid":"welfare_09657","name":"衛生福利部彰化醫院","welfare_class":"child_dev","address":"彰化縣埔心鄉舊館村中正路二段80號","city":"彰化縣","coord_source":"offline_l1","coord_precision":"cached","src_datasets":"130229","n_src":1,"unit_type":"衛生單位","service_mode":"時段","service_content":"物理治療、職能治療、語言治療、輔具諮詢評估、心理治療","service_hours":"請逕洽詢該單位服務人員","phone":"04-8298686分機2358"}},{"type":"Feature","geometry":{"type":"Point","coordinates":[120.373159,23.899691]},"properties":{"uid":"welfare_09659","name":"育安聯合診所","welfare_class":"child_dev","address":"彰化縣二林鎮斗苑路四段702號","city":"彰化縣","coord_source":"offline_l1","coord_precision":"cached","src_datasets":"130229","n_src":1,"unit_type":"衛生單位","service_mode":"時段","service_content":"物理治療、職能治療","service_hours":"1.週一至週五:8時至12時、13時30分至17時30分；2.週六:8時至12時","phone":"04-8953358"}},{"type":"Feature","geometry":{"type":"Point","coordinates":[120.363344,23.893608]},"properties":{"uid":"welfare_09660","name":"彰化基督教醫療財團法人二林基督教醫院","welfare_class":"child_dev","address":"彰化縣二林鎮大成路一段558號","city":"彰化縣","coord_source":"offline_l2","coord_precision":"exact","src_datasets":"130229","n_src":1,"unit_type":"衛生單位","service_mode":"時段","service_content":"物理治療、職能治療、語言治療、遊戲治療、輔具諮詢評估","service_hours":"1.週一至週五:8時至12時、13時30分至17時30分；2.週六:8時至12時","phone":"04-8952031分機8123、8124"}},{"type":"Feature","geometry":{"type":"Point","coordinates":[120.369435,23.904426]},"properties":{"uid":"welfare_09661","name":"財團法人彰化縣私立基督教喜樂保育院辦理定點療育服務","welfare_class":"child_dev","address":"彰化縣二林鎮明德街249號2樓","city":"彰化縣","coord_source":"offline_l1","coord_precision":"cached","src_datasets":"130229","n_src":1,"unit_type":"社福單位","service_mode":"時段","service_content":"學前教育、語言治療、物理治療","service_hours":"請逕洽詢該單位服務人員","phone":"04-8960271"}},{"type":"Feature","geometry":{"type":"Point","coordinates":[120.427034,23.896283]},"properties":{"uid":"welfare_09662","name":"原斗國小","welfare_class":"child_dev","address":"彰化縣二林鎮斗苑路一段865號","city":"彰化縣","coord_source":"offline_l2","coord_precision":"exact","src_datasets":"130229","n_src":1,"unit_type":"教育單位","service_mode":"時段","service_content":"不分類巡迴輔導班","service_hours":"請逕洽詢該單位服務人員","phone":"04-8902322"}},{"type":"Feature","geometry":{"type":"Point","coordinates":[120.480815,23.958735]},"properties":{"uid":"welfare_09663","name":"陳偉仁診所","welfare_class":"child_dev","address":"彰化縣溪湖鎮員鹿路三段69號及71號","city":"彰化縣","coord_source":"offline_l15","coord_precision":"interpolated","src_datasets":"130229","n_src":1,"unit_type":"衛生單位","service_mode":"時段","service_content":"物理治療、職能治療","service_hours":"週一至週六:8時至12時、13時30分至21時30分","phone":"04-8820399"}},{"type":"Feature","geometry":{"type":"Point","coordinates":[120.584034,23.89365]},"properties":{"uid":"welfare_09664","name":"彰化特殊教育學校","welfare_class":"child_dev","address":"彰化縣社頭鄉中山路一段306號","city":"彰化縣","coord_source":"offline_l2","coord_precision":"exact","src_datasets":"130229","n_src":1,"unit_type":"教育單位","service_mode":"日間","service_content":"智障集中式特殊教育班","service_hours":"請逕洽詢該單位服務人員","phone":"04-8712262"}},{"type":"Feature","geometry":{"type":"Point","coordinates":[120.523379,23.875748]},"properties":{"uid":"welfare_09665","name":"北斗國小","welfare_class":"child_dev","address":"彰化縣北斗鎮文苑路一段32號","city":"彰化縣","coord_source":"offline_l2","coord_precision":"exact","src_datasets":"130229","n_src":1,"unit_type":"教育單位","service_mode":"時段","service_content":"不分類巡迴輔導班","service_hours":"請逕洽詢該單位服務人員","phone":"04-8882008"}},{"type":"Feature","geometry":{"type":"Point","coordinates":[120.487828,24.148593]},"properties":{"uid":"welfare_09666","name":"財團法人臺灣兒童暨家庭扶助基金會附設彰化縣私立家扶發展學園社區辦理社區療育服務(伸港鄉)(社家署及地方政府補助)","welfare_class":"child_dev","address":"彰化縣伸港鄉忠孝東街50號","city":"彰化縣","coord_source":"offline_l2","coord_precision":"exact","src_datasets":"130229","n_src":1,"unit_type":"社福單位","service_mode":"時段、到宅","service_content":"社區療育服務、到宅服務。","service_hours":"請逕洽詢該單位服務人員","phone":"04-7569336"}},{"type":"Feature","geometry":{"type":"Point","coordinates":[120.695584,23.952646]},"properties":{"uid":"welfare_09667","name":"衛生福利部南投醫院中興分院","welfare_class":"child_dev","address":"南投縣南投市中興新村環山路57號","city":"南投縣","coord_source":"google","coord_precision":"exact","src_datasets":"130229","n_src":1,"unit_type":"衛生單位","service_mode":"時段","service_content":"早期療育復健醫療(物理、職能、語言)","service_hours":"請逕洽詢該單位服務人員","phone":"049-2339165"}},{"type":"Feature","geometry":{"type":"Point","coordinates":[120.685294,23.914094]},"properties":{"uid":"welfare_09668","name":"衛生福利部南投醫院","welfare_class":"child_dev","address":"南投縣南投市康壽里復興路478號","city":"南投縣","coord_source":"offline_l1","coord_precision":"cached","src_datasets":"130229","n_src":1,"unit_type":"衛生單位","service_mode":"時段","service_content":"早期療育復健醫療(物理、職能、語言)","service_hours":"請逕洽詢該單位服務人員","phone":"049-2231150"}},{"type":"Feature","geometry":{"type":"Point","coordinates":[120.679028,23.908793]},"properties":{"uid":"welfare_09669","name":"臺灣兒童發展早期療育協會社區療育據點(社家署及地方政府補助)","welfare_class":"child_dev","address":"南投縣南投市南崗二路87號2樓","city":"南投縣","coord_source":"google","coord_precision":"exact","src_datasets":"130229","n_src":1,"unit_type":"社福單位","service_mode":"時段、到宅","service_content":"1.社區療育服務、到宅服務。2.社區療育服務全縣(不含埔里鎮、水里鄉)。3.到宅服務地區：南投縣內有需求之家庭。","service_hours":"請逕洽詢該單位服務人員","phone":"049-2205345、2200256"}},{"type":"Feature","geometry":{"type":"Point","coordinates":[120.684353,23.913415]},"properties":{"uid":"welfare_09670","name":"南投國小","welfare_class":"child_dev","address":"南投縣南投市南陽路269號","city":"南投縣","coord_source":"offline_l2","coord_precision":"exact","src_datasets":"130229","n_src":1,"unit_type":"教育單位","service_mode":"日間","service_content":"集中式特殊教育班","service_hours":"請逕洽詢該單位服務人員","phone":"049-2222038"}},{"type":"Feature","geometry":{"type":"Point","coordinates":[120.946799,23.970928]},"properties":{"uid":"welfare_09671","name":"埔基醫療財團法人埔里基督教醫院","welfare_class":"child_dev","address":"南投縣埔里鎮愛蘭里鐵山路１號","city":"南投縣","coord_source":"offline_l1","coord_precision":"cached","src_datasets":"130229","n_src":1,"unit_type":"衛生單位","service_mode":"時段","service_content":"早期療育復健醫療(物理、職能、語言、心理、聽力)","service_hours":"請逕洽詢該單位服務人員","phone":"049-2912151"}},{"type":"Feature","geometry":{"type":"Point","coordinates":[120.967541,23.967674]},"properties":{"uid":"welfare_09672","name":"錫安診所","welfare_class":"child_dev","address":"南投縣埔里鎮北辰街119號","city":"南投縣","coord_source":"offline_l1","coord_precision":"cached","src_datasets":"130229","n_src":1,"unit_type":"衛生單位","service_mode":"時段","service_content":"早期療育復健醫療(職能)","service_hours":"請逕洽詢該單位服務人員","phone":"049-2999907"}},{"type":"Feature","geometry":{"type":"Point","coordinates":[120.970427,23.962097]},"properties":{"uid":"welfare_09673","name":"南光國小","welfare_class":"child_dev","address":"南投縣埔里鎮中正路251號","city":"南投縣","coord_source":"offline_l2","coord_precision":"exact","src_datasets":"130229","n_src":1,"unit_type":"教育單位","service_mode":"日間","service_content":"集中式特殊教育班","service_hours":"請逕洽詢該單位服務人員","phone":"049-2982025"}},{"type":"Feature","geometry":{"type":"Point","coordinates":[120.681861,23.960535]},"properties":{"uid":"welfare_09675","name":"佑民醫療社團法人佑民醫院","welfare_class":"child_dev","address":"南投縣草屯鎮山腳里太平路一段200號","city":"南投縣","coord_source":"offline_l1","coord_precision":"cached","src_datasets":"130229","n_src":1,"unit_type":"衛生單位","service_mode":"時段","service_content":"早期療育復健醫療(物理、職能、語言)","service_hours":"請逕洽詢該單位服務人員","phone":"049-2358151"}},{"type":"Feature","geometry":{"type":"Point","coordinates":[120.704532,23.990395]},"properties":{"uid":"welfare_09676","name":"衛生福利部草屯療養院","welfare_class":"child_dev","address":"南投縣草屯鎮御史里14鄰玉屏路161號","city":"南投縣","coord_source":"offline_l1","coord_precision":"cached","src_datasets":"130229","n_src":1,"unit_type":"衛生單位","service_mode":"時段","service_content":"早期療育復健醫療(職能、認知、生活自理、心理)","service_hours":"請逕洽詢該單位服務人員","phone":"049-2550800 "}},{"type":"Feature","geometry":{"type":"Point","coordinates":[120.685939,23.984736]},"properties":{"uid":"welfare_09677","name":"中國醫藥大學附設醫院草屯分院","welfare_class":"child_dev","address":"南投縣草屯鎮平等街140號","city":"南投縣","coord_source":"offline_l1","coord_precision":"cached","src_datasets":"130229","n_src":1,"unit_type":"衛生單位","service_mode":"時段","service_content":"早期療育復健醫療(物理、職能)","service_hours":"請逕洽詢該單位服務人員","phone":"049-2321188"}},{"type":"Feature","geometry":{"type":"Point","coordinates":[120.681286,23.976537]},"properties":{"uid":"welfare_09678","name":"寶仁復健診所","welfare_class":"child_dev","address":"南投縣草屯鎮草溪路993號","city":"南投縣","coord_source":"offline_l1","coord_precision":"cached","src_datasets":"130229","n_src":1,"unit_type":"衛生單位","service_mode":"時段","service_content":"早期療育復健醫療(物理、職能)","service_hours":"請逕洽詢該單位服務人員","phone":"049-2304666"}},{"type":"Feature","geometry":{"type":"Point","coordinates":[120.679317,24.003235]},"properties":{"uid":"welfare_09679","name":"群和診所","welfare_class":"child_dev","address":"南投縣草屯鎮新豐路728巷18號","city":"南投縣","coord_source":"offline_l15","coord_precision":"interpolated","src_datasets":"130229","n_src":1,"unit_type":"衛生單位","service_mode":"時段","service_content":"早期療育復健醫療(職能、語言)","service_hours":"請逕洽詢該單位服務人員","phone":"049-2353197"}},{"type":"Feature","geometry":{"type":"Point","coordinates":[120.682083,23.963738]},"properties":{"uid":"welfare_09680","name":"飛翔語言治療所","welfare_class":"child_dev","address":"南投縣草屯鎮太平路一段325號","city":"南投縣","coord_source":"offline_l15","coord_precision":"interpolated","src_datasets":"130229","n_src":1,"unit_type":"衛生單位","service_mode":"時段","service_content":"早期療育復健醫療(語言)(自費課程)","service_hours":"請逕洽詢該單位服務人員","phone":"049-2317979"}},{"type":"Feature","geometry":{"type":"Point","coordinates":[120.664436,23.975597]},"properties":{"uid":"welfare_09681","name":"臺灣兒童發展早期療育協會親子樂活堡","welfare_class":"child_dev","address":"南投縣草屯鎮碧山路887號","city":"南投縣","coord_source":"offline_l15","coord_precision":"interpolated","src_datasets":"130229","n_src":1,"unit_type":"社福單位","service_mode":"時段","service_content":"早期療育時段課程(認知、溝通訓練、生活自理、動作訓練、專業整合)","service_hours":"請逕洽詢該單位服務人員","phone":"049-2318566"}},{"type":"Feature","geometry":{"type":"Point","coordinates":[120.687178,23.981281]},"properties":{"uid":"welfare_09682","name":"草屯國小","welfare_class":"child_dev","address":"南投縣草屯鎮玉屏路210號","city":"南投縣","coord_source":"offline_l1","coord_precision":"cached","src_datasets":"130229","n_src":1,"unit_type":"教育單位","service_mode":"日間、時段","service_content":"集中式特殊教育班、不分類巡迴輔導班","service_hours":"請逕洽詢該單位服務人員","phone":"049-2362007"}},{"type":"Feature","geometry":{"type":"Point","coordinates":[120.714117,23.80015]},"properties":{"uid":"welfare_09683","name":"竹山秀傳醫院","welfare_class":"child_dev","address":"南投縣竹山鎮山崇里集山路二段75號","city":"南投縣","coord_source":"offline_l1","coord_precision":"cached","src_datasets":"130229","n_src":1,"unit_type":"衛生單位","service_mode":"時段","service_content":"早期療育復健醫療(物理、職能、語言、心理、聽力)","service_hours":"請逕洽詢該單位服務人員","phone":"049-2624266"}},{"type":"Feature","geometry":{"type":"Point","coordinates":[120.676332,23.757595]},"properties":{"uid":"welfare_09684","name":"雲林國小","welfare_class":"child_dev","address":"南投縣竹山鎮大明路666號","city":"南投縣","coord_source":"offline_l2","coord_precision":"exact","src_datasets":"130229","n_src":1,"unit_type":"教育單位","service_mode":"日間","service_content":"集中式特殊教育班","service_hours":"請逕洽詢該單位服務人員","phone":"049-2643321 "}},{"type":"Feature","geometry":{"type":"Point","coordinates":[120.855066,23.810578]},"properties":{"uid":"welfare_09685","name":"水里國小","welfare_class":"child_dev","address":"南投縣水里鄉南光村民族路151號","city":"南投縣","coord_source":"google","coord_precision":"exact","src_datasets":"130229","n_src":1,"unit_type":"教育單位","service_mode":"日間","service_content":"集中式特殊教育班","service_hours":"請逕洽詢該單位服務人員","phone":"049-2770014"}},{"type":"Feature","geometry":{"type":"Point","coordinates":[120.852578,23.808286]},"properties":{"uid":"welfare_09686","name":"臺灣兒童發展早期療育協會水里早療社區據點(王詹樣基金會補助)","welfare_class":"child_dev","address":"南投縣水里鄉七賢二街46號","city":"南投縣","coord_source":"google","coord_precision":"exact","src_datasets":"130229","n_src":1,"unit_type":"社福單位","service_mode":"時段","service_content":"社區療育服務，服務水里鄉、集集鎮、鹿谷鄉、信義鄉。","service_hours":"請逕洽詢該單位服務人員","phone":"049-2777112"}},{"type":"Feature","geometry":{"type":"Point","coordinates":[120.9375,23.895736]},"properties":{"uid":"welfare_09687","name":"語揚語言治療所","welfare_class":"child_dev","address":"南投縣魚池鄉魚池村秀水巷20-12號","city":"南投縣","coord_source":"google","coord_precision":"exact","src_datasets":"130229","n_src":1,"unit_type":"衛生單位","service_mode":"時段","service_content":"早期療育復健醫療(語言) (自費課程)","service_hours":"請逕洽詢該單位服務人員","phone":"0919-736397"}},{"type":"Feature","geometry":{"type":"Point","coordinates":[120.534404,23.705493]},"properties":{"uid":"welfare_09688","name":"國立臺灣大學醫學院附設雲林分院斗六院區","welfare_class":"child_dev","address":"雲林縣斗六市雲林路二段75號","city":"雲林縣","coord_source":"offline_l15","coord_precision":"interpolated","src_datasets":"130229","n_src":1,"unit_type":"衛生單位","service_mode":"時段","service_content":"物理、職能(感統)及語言治療","service_hours":"請逕洽詢該單位服務人員","phone":"05-5323911"}},{"type":"Feature","geometry":{"type":"Point","coordinates":[120.544886,23.709534]},"properties":{"uid":"welfare_09689","name":"葉雲宇復健診所","welfare_class":"child_dev","address":"雲林縣斗六市大同路122號","city":"雲林縣","coord_source":"offline_l1","coord_precision":"cached","src_datasets":"130229","n_src":1,"unit_type":"衛生單位","service_mode":"時段","service_content":"物理、職能治療","service_hours":"請逕洽詢該單位服務人員","phone":"05-5328708"}},{"type":"Feature","geometry":{"type":"Point","coordinates":[120.527069,23.698277]},"properties":{"uid":"welfare_09690","name":"雲林縣政府委託財團法人天主教若瑟社會福利基金會辦理斗六區早期療育日間托育中心(早期療育機構)","welfare_class":"child_dev","address":"雲林縣斗六市府文路22號3樓","city":"雲林縣","coord_source":"offline_l2","coord_precision":"exact","src_datasets":"130229","n_src":1,"unit_type":"社福單位","service_mode":"日間、時段","service_content":"時段及日間療育","service_hours":"請逕洽詢該單位服務人員","phone":"05-5361211、05-5342498"}},{"type":"Feature","geometry":{"type":"Point","coordinates":[120.538537,23.698667]},"properties":{"uid":"welfare_09691","name":"鎮南國小","welfare_class":"child_dev","address":"雲林縣斗六市南揚街60號","city":"雲林縣","coord_source":"offline_l2","coord_precision":"exact","src_datasets":"130229","n_src":1,"unit_type":"教育單位","service_mode":"時段","service_content":"不分類巡迴輔導班","service_hours":"請逕洽詢該單位服務人員","phone":"05-5347336"}},{"type":"Feature","geometry":{"type":"Point","coordinates":[120.441205,23.78122]},"properties":{"uid":"welfare_09692","name":"雲林基督教醫院","welfare_class":"child_dev","address":"雲林縣西螺鎮市場南路375號","city":"雲林縣","coord_source":"offline_l2","coord_precision":"exact","src_datasets":"130229","n_src":1,"unit_type":"衛生單位","service_mode":"時段","service_content":"物理、職能、語言治療","service_hours":"請逕洽詢該單位服務人員","phone":"05-5871111"}},{"type":"Feature","geometry":{"type":"Point","coordinates":[120.457203,23.799462]},"properties":{"uid":"welfare_09693","name":"雲林縣政府委託財團法人臺灣兒童暨家庭扶助基金會附設雲林縣私立家扶發展學園辦理西螺區早期療育日間托育中心(早期療育機構)","welfare_class":"child_dev","address":"雲林縣西螺鎮中山路227號","city":"雲林縣","coord_source":"offline_l1","coord_precision":"cached","src_datasets":"130229","n_src":1,"unit_type":"社福單位","service_mode":"日間、時段","service_content":"時段及日間療育","service_hours":"請逕洽詢該單位服務人員","phone":"05-5878313"}},{"type":"Feature","geometry":{"type":"Point","coordinates":[120.431876,23.752667]},"properties":{"uid":"welfare_09694","name":"吳厝國小","welfare_class":"child_dev","address":"雲林縣西螺鎮九隆路32-2號","city":"雲林縣","coord_source":"google","coord_precision":"exact","src_datasets":"130229","n_src":1,"unit_type":"教育單位","service_mode":"時段","service_content":"不分類巡迴輔導班","service_hours":"請逕洽詢該單位服務人員","phone":"05-5867074"}},{"type":"Feature","geometry":{"type":"Point","coordinates":[120.437886,23.708215]},"properties":{"uid":"welfare_09695","name":"天主教若瑟醫療財團法人若瑟醫院","welfare_class":"child_dev","address":"雲林縣虎尾鎮新生路 74 號","city":"雲林縣","coord_source":"offline_l1","coord_precision":"cached","src_datasets":"130229","n_src":1,"unit_type":"衛生單位","service_mode":"時段","service_content":"物理、職能(感統)及語言治療","service_hours":"請逕洽詢該單位服務人員","phone":"05-633-7333"}},{"type":"Feature","geometry":{"type":"Point","coordinates":[120.436902,23.710247]},"properties":{"uid":"welfare_09696","name":"端木梁復健診所","welfare_class":"child_dev","address":"雲林縣虎尾鎮光復路364號","city":"雲林縣","coord_source":"offline_l1","coord_precision":"cached","src_datasets":"130229","n_src":1,"unit_type":"衛生單位","service_mode":"時段","service_content":"物理、職能治療","service_hours":"請逕洽詢該單位服務人員","phone":"05-6362588"}},{"type":"Feature","geometry":{"type":"Point","coordinates":[120.444686,23.709395]},"properties":{"uid":"welfare_09697","name":"虎尾鎮農會附設中西醫聯合門診中心","welfare_class":"child_dev","address":"雲林縣虎尾鎮新興里光復路185號","city":"雲林縣","coord_source":"offline_l1","coord_precision":"cached","src_datasets":"130229","n_src":1,"unit_type":"衛生單位","service_mode":"時段","service_content":"職能治療","service_hours":"請逕洽詢該單位服務人員","phone":"05-6337375"}},{"type":"Feature","geometry":{"type":"Point","coordinates":[120.426949,23.735101]},"properties":{"uid":"welfare_09698","name":"臺大醫院虎尾院區","welfare_class":"child_dev","address":"雲林縣虎尾鎮廉使里學府路95號","city":"雲林縣","coord_source":"offline_l1","coord_precision":"cached","src_datasets":"130229","n_src":1,"unit_type":"衛生單位","service_mode":"時段","service_content":"物理、職能、語言治療","service_hours":"請逕洽詢該單位服務人員","phone":"05-6330002"}},{"type":"Feature","geometry":{"type":"Point","coordinates":[120.430887,23.680574]},"properties":{"uid":"welfare_09699","name":"雲林特殊教育學校","welfare_class":"child_dev","address":"雲林縣斗南鎮新崙里新崙路100號","city":"雲林縣","coord_source":"offline_l2","coord_precision":"exact","src_datasets":"130229","n_src":1,"unit_type":"教育單位","service_mode":"日間","service_content":"集中式特殊教育班","service_hours":"請逕洽詢該單位服務人員","phone":"05-5969241"}},{"type":"Feature","geometry":{"type":"Point","coordinates":[120.47919,23.671052]},"properties":{"uid":"welfare_09700","name":"斗南區社區療育據點","welfare_class":"child_dev","address":"雲林縣斗南鎮莒光街31-33號","city":"雲林縣","coord_source":"google","coord_precision":"exact","src_datasets":"130229","n_src":1,"unit_type":"社福單位","service_mode":"時段","service_content":"走動式:大埤鄉、古坑鄉、林內鄉、莿桐鄉、二崙鄉等","service_hours":"請逕洽詢該單位服務人員","phone":"0937-122794"}},{"type":"Feature","geometry":{"type":"Point","coordinates":[120.388965,23.676118]},"properties":{"uid":"welfare_09701","name":"土庫國小","welfare_class":"child_dev","address":"雲林縣土庫鎮順天里中正路69 號","city":"雲林縣","coord_source":"offline_l2","coord_precision":"exact","src_datasets":"130229","n_src":1,"unit_type":"教育單位","service_mode":"時段","service_content":"不分類巡迴輔導班","service_hours":"請逕洽詢該單位服務人員","phone":"05-6622524"}},{"type":"Feature","geometry":{"type":"Point","coordinates":[120.300982,23.566462]},"properties":{"uid":"welfare_09702","name":"南陽國小","welfare_class":"child_dev","address":"雲林縣北港鎮光明路59號","city":"雲林縣","coord_source":"offline_l2","coord_precision":"exact","src_datasets":"130229","n_src":1,"unit_type":"教育單位","service_mode":"時段","service_content":"不分類巡迴輔導班","service_hours":"請逕洽詢該單位服務人員","phone":"05-7832106"}},{"type":"Feature","geometry":{"type":"Point","coordinates":[120.30782,23.591763]},"properties":{"uid":"welfare_09703","name":"中國醫藥大學北港附設媽祖醫院","welfare_class":"child_dev","address":"雲林縣北港鎮新德路123號","city":"雲林縣","coord_source":"offline_l1","coord_precision":"cached","src_datasets":"130229","n_src":1,"unit_type":"衛生單位","service_mode":"時段","service_content":"物理、職能、語言治療","service_hours":"請逕洽詢該單位服務人員","phone":"05-7837901"}},{"type":"Feature","geometry":{"type":"Point","coordinates":[120.300377,23.578177]},"properties":{"uid":"welfare_09704","name":"財團法人臺灣兒童暨家庭扶助基金會附設雲林縣私立家扶發展學園辦理北港社區療育據點(王詹樣基金會補助)","welfare_class":"child_dev","address":"雲林縣北港鎮吉祥路168號","city":"雲林縣","coord_source":"offline_l2","coord_precision":"exact","src_datasets":"130229","n_src":1,"unit_type":"社福單位","service_mode":"時段","service_content":"社區療育服務，服務北港鎮、口湖鄉、水林鄉、四湖鄉","service_hours":"請逕洽詢該單位服務人員","phone":"05-7836437"}},{"type":"Feature","geometry":{"type":"Point","coordinates":[120.300747,23.58223]},"properties":{"uid":"welfare_09705","name":"北港區社區療育據點","welfare_class":"child_dev","address":"雲林縣北港鎮新街里公園路332號","city":"雲林縣","coord_source":"offline_l1","coord_precision":"cached","src_datasets":"130229","n_src":1,"unit_type":"社福單位","service_mode":"時段","service_content":"走動式:四湖鄉、土庫鎮、褒忠鄉、元長鄉、東勢鄉、水林鄉等","service_hours":"請逕洽詢該單位服務人員","phone":"0937-122794"}},{"type":"Feature","geometry":{"type":"Point","coordinates":[120.254952,23.748343]},"properties":{"uid":"welfare_09706","name":"財團法人臺灣兒童暨家庭扶助基金會附設雲林縣私立家扶發展學園辦理麥寮早療社區據點(王詹樣基金會補助)","welfare_class":"child_dev","address":"雲林縣麥寮鄉中正路27號","city":"雲林縣","coord_source":"google","coord_precision":"exact","src_datasets":"130229","n_src":1,"unit_type":"社福單位","service_mode":"時段","service_content":"社區療育服務，服務麥寮鄉、崙背鄉、臺西鄉、東勢鄉、褒忠鄉","service_hours":"請逕洽詢該單位服務人員","phone":"05-6930311"}},{"type":"Feature","geometry":{"type":"Point","coordinates":[120.218341,23.795184]},"properties":{"uid":"welfare_09707","name":"雲林長庚紀念醫院","welfare_class":"child_dev","address":"雲林縣麥寮鄉中興村工業路1500號","city":"雲林縣","coord_source":"offline_l1","coord_precision":"cached","src_datasets":"130229","n_src":1,"unit_type":"衛生單位","service_mode":"時段","service_content":"物理、職能治療","service_hours":"請逕洽詢該單位服務人員","phone":"05-6915151"}},{"type":"Feature","geometry":{"type":"Point","coordinates":[120.254103,23.749193]},"properties":{"uid":"welfare_09708","name":"麥寮國小","welfare_class":"child_dev","address":"雲林縣麥寮鄉中山路260號","city":"雲林縣","coord_source":"offline_l2","coord_precision":"exact","src_datasets":"130229","n_src":1,"unit_type":"教育單位","service_mode":"時段","service_content":"不分類巡迴輔導班","service_hours":"請逕洽詢該單位服務人員","phone":"05-6932266"}},{"type":"Feature","geometry":{"type":"Point","coordinates":[120.189237,23.569559]},"properties":{"uid":"welfare_09709","name":"雲林縣政府委託財團法人天主教若瑟社會福利基金會辦理口湖區早期療育日間托育中心(早期療育機構)","welfare_class":"child_dev","address":"雲林縣口湖鄉過港村119號","city":"雲林縣","coord_source":"google","coord_precision":"approximate","src_datasets":"130229","n_src":1,"unit_type":"社福單位","service_mode":"日間、時段","service_content":"時段及日間療育","service_hours":"請逕洽詢該單位服務人員","phone":"05-7894803"}},{"type":"Feature","geometry":{"type":"Point","coordinates":[120.225308,23.686649]},"properties":{"uid":"welfare_09710","name":"雲林縣政府委託財團法人天主教若瑟社會福利基金會辦理臺西區早期療育日間托育中心(早期療育機構)","welfare_class":"child_dev","address":"雲林縣臺西鄉五榔村17-1號","city":"雲林縣","coord_source":"google","coord_precision":"approximate","src_datasets":"130229","n_src":1,"unit_type":"社福單位","service_mode":"日間、時段","service_content":"時段及日間療育","service_hours":"請逕洽詢該單位服務人員","phone":"05-6986593"}},{"type":"Feature","geometry":{"type":"Point","coordinates":[120.45745,23.596312]},"properties":{"uid":"welfare_09711","name":"佛教慈濟醫療財團法人大林慈濟醫院","welfare_class":"child_dev","address":"嘉義縣大林鎮民生路2號","city":"嘉義縣","coord_source":"offline_l1","coord_precision":"cached","src_datasets":"130229","n_src":1,"unit_type":"衛生單位","service_mode":"時段","service_content":"物理、職能、語言治療","service_hours":"週一至週五:8時30分至17時30分","phone":"05-2648000分機5561復健科"}},{"type":"Feature","geometry":{"type":"Point","coordinates":[120.450765,23.606548]},"properties":{"uid":"welfare_09712","name":"大林樂齡居家物理治療所","welfare_class":"child_dev","address":"嘉義縣大林鎮明和里忠孝路569巷13弄73號","city":"嘉義縣","coord_source":"offline_l2","coord_precision":"exact","src_datasets":"130229","n_src":1,"unit_type":"衛生單位","service_mode":"時段","service_content":"物理治療","service_hours":"預約制-居家式(到宅服務)","phone":"973203526"}},{"type":"Feature","geometry":{"type":"Point","coordinates":[120.453604,23.602446]},"properties":{"uid":"welfare_09713","name":"大林國小","welfare_class":"child_dev","address":"嘉義縣大林鎮西林里中正路423號","city":"嘉義縣","coord_source":"offline_l2","coord_precision":"exact","src_datasets":"130229","n_src":1,"unit_type":"教育單位","service_mode":"時段","service_content":"不分類巡迴輔導班","service_hours":"請逕洽詢該單位服務人員","phone":"05-2652061"}},{"type":"Feature","geometry":{"type":"Point","coordinates":[120.285239,23.463483]},"properties":{"uid":"welfare_09714","name":"長庚醫療財團法人嘉義長庚紀念醫院","welfare_class":"child_dev","address":"嘉義縣朴子市嘉朴路西段6號","city":"嘉義縣","coord_source":"offline_l1","coord_precision":"cached","src_datasets":"130229","n_src":1,"unit_type":"衛生單位","service_mode":"時段","service_content":"物理、職能、語言治療","service_hours":"週一至週五:8時至17時","phone":"05-3621000分機2684、2688"}},{"type":"Feature","geometry":{"type":"Point","coordinates":[120.234633,23.464433]},"properties":{"uid":"welfare_09715","name":"衛生福利部朴子醫院","welfare_class":"child_dev","address":"嘉義縣朴子市永和里 42-50 號","city":"嘉義縣","coord_source":"offline_l1","coord_precision":"cached","src_datasets":"130229","n_src":1,"unit_type":"衛生單位","service_mode":"時段","service_content":"物理、職能治療","service_hours":"請逕洽詢該單位服務人員","phone":"05-3790600"}},{"type":"Feature","geometry":{"type":"Point","coordinates":[120.257042,23.446415]},"properties":{"uid":"welfare_09716","name":"德家診所","welfare_class":"child_dev","address":"嘉義縣朴子市文化里海通路21-4號","city":"嘉義縣","coord_source":"google","coord_precision":"approximate","src_datasets":"130229","n_src":1,"unit_type":"衛生單位","service_mode":"時段","service_content":"物理治療","service_hours":"請逕洽詢該單位服務人員","phone":"05-3707190"}},{"type":"Feature","geometry":{"type":"Point","coordinates":[120.247938,23.466659]},"properties":{"uid":"welfare_09717","name":"朴子國小","welfare_class":"child_dev","address":"嘉義縣朴子市山通路11號","city":"嘉義縣","coord_source":"offline_l2","coord_precision":"exact","src_datasets":"130229","n_src":1,"unit_type":"教育單位","service_mode":"時段","service_content":"不分類巡迴輔導班","service_hours":"請逕洽詢該單位服務人員","phone":"05-3792032"}},{"type":"Feature","geometry":{"type":"Point","coordinates":[120.287141,23.456986]},"properties":{"uid":"welfare_09718","name":"祥和國小","welfare_class":"child_dev","address":"嘉義縣朴子市祥和二路西段9號","city":"嘉義縣","coord_source":"offline_l2","coord_precision":"exact","src_datasets":"130229","n_src":1,"unit_type":"教育單位","service_mode":"時段","service_content":"不分類巡迴輔導班","service_hours":"請逕洽詢該單位服務人員","phone":"05-3621428"}},{"type":"Feature","geometry":{"type":"Point","coordinates":[120.331562,23.455121]},"properties":{"uid":"welfare_09719","name":"太保國小","welfare_class":"child_dev","address":"嘉義縣太保市太保里31號","city":"嘉義縣","coord_source":"offline_l1","coord_precision":"cached","src_datasets":"130229","n_src":1,"unit_type":"教育單位","service_mode":"時段","service_content":"不分類巡迴輔導班","service_hours":"請逕洽詢該單位服務人員","phone":"05-3711015"}},{"type":"Feature","geometry":{"type":"Point","coordinates":[120.552522,23.520443]},"properties":{"uid":"welfare_09720","name":"竹崎國小","welfare_class":"child_dev","address":"嘉義縣竹崎鄉竹崎村文化路28號","city":"嘉義縣","coord_source":"offline_l15","coord_precision":"interpolated","src_datasets":"130229","n_src":1,"unit_type":"教育單位","service_mode":"時段","service_content":"不分類巡迴輔導班","service_hours":"請逕洽詢該單位服務人員","phone":"05-2611018"}},{"type":"Feature","geometry":{"type":"Point","coordinates":[120.50638,23.48778]},"properties":{"uid":"welfare_09721","name":"臺中榮民總醫院灣橋分院","welfare_class":"child_dev","address":"嘉義縣竹崎鄉灣橋村石麻園38號","city":"嘉義縣","coord_source":"offline_l1","coord_precision":"cached","src_datasets":"130229","n_src":1,"unit_type":"衛生單位","service_mode":"時段","service_content":"物理、職能治療","service_hours":"請逕洽詢該單位服務人員","phone":"05-2791072分機3072"}},{"type":"Feature","geometry":{"type":"Point","coordinates":[120.701762,23.468863]},"properties":{"uid":"welfare_09723","name":"阿里山國民中小學","welfare_class":"child_dev","address":"嘉義縣阿里山鄉樂野村1鄰31號","city":"嘉義縣","coord_source":"offline_l2","coord_precision":"exact","src_datasets":"130229","n_src":1,"unit_type":"教育單位","service_mode":"時段","service_content":"不分類巡迴輔導班","service_hours":"請逕洽詢該單位服務人員","phone":"05-2561180"}},{"type":"Feature","geometry":{"type":"Point","coordinates":[120.780968,23.435468]},"properties":{"uid":"welfare_09724","name":"嘉義縣阿里山鄉衛生所附設物理治療所","welfare_class":"child_dev","address":"嘉義縣阿里山鄉達邦村4鄰85號","city":"嘉義縣","coord_source":"google","coord_precision":"approximate","src_datasets":"130229","n_src":1,"unit_type":"衛生單位","service_mode":"時段","service_content":"物理治療","service_hours":"週一至週五8時至17時"}},{"type":"Feature","geometry":{"type":"Point","coordinates":[120.700867,23.469803]},"properties":{"uid":"welfare_09725","name":"財團法人雙福社會福利慈善事業基金會附設嘉義市私立晨光智能發展中心理阿里山行動據點(王詹樣基金會補助)","welfare_class":"child_dev","address":"1.嘉義縣阿里山鄉2鄰57-1號(樂野慕噶納娜)；2.嘉義縣阿里山鄉山美村4鄰61號(山美國小)","city":"嘉義縣","coord_source":"google","coord_precision":"approximate","src_datasets":"130229","n_src":1,"unit_type":"社福單位","service_mode":"時段","service_content":"社區療育服務，服務阿里山鄉","service_hours":"請逕洽詢該單位服務人員","phone":"05-2561035、05-2586520"}},{"type":"Feature","geometry":{"type":"Point","coordinates":[120.396689,23.42817]},"properties":{"uid":"welfare_09726","name":"水上國小","welfare_class":"child_dev","address":"嘉義縣水上鄉正義路182號","city":"嘉義縣","coord_source":"google","coord_precision":"approximate","src_datasets":"130229","n_src":1,"unit_type":"教育單位","service_mode":"時段","service_content":"不分類巡迴輔導班","service_hours":"請逕洽詢該單位服務人員","phone":"05-2682073"}},{"type":"Feature","geometry":{"type":"Point","coordinates":[120.346595,23.555379]},"properties":{"uid":"welfare_09727","name":"新港國小","welfare_class":"child_dev","address":"嘉義縣新港鄉登雲路105號","city":"嘉義縣","coord_source":"offline_l15","coord_precision":"interpolated","src_datasets":"130229","n_src":1,"unit_type":"教育單位","service_mode":"時段","service_content":"不分類巡迴輔導班","service_hours":"請逕洽詢該單位服務人員","phone":"05-3742039"}},{"type":"Feature","geometry":{"type":"Point","coordinates":[120.420099,23.527349]},"properties":{"uid":"welfare_09728","name":"興中國小","welfare_class":"child_dev","address":"嘉義縣民雄鄉興中村30號","city":"嘉義縣","coord_source":"google","coord_precision":"approximate","src_datasets":"130229","n_src":1,"unit_type":"教育單位","service_mode":"時段","service_content":"不分類巡迴輔導班","service_hours":"請逕洽詢該單位服務人員","phone":"05-2214725"}},{"type":"Feature","geometry":{"type":"Point","coordinates":[120.495546,22.673264]},"properties":{"uid":"welfare_09729","name":"衛生福利部屏東醫院","welfare_class":"child_dev","address":"屏東縣屏東市自由路270號","city":"屏東縣","coord_source":"offline_l1","coord_precision":"cached","src_datasets":"130229","n_src":1,"unit_type":"衛生單位","service_mode":"時段","service_content":"職能、物理治療","service_hours":"週一至週五:8時至12時、13時30分至17時30分","phone":"08-7363011"}},{"type":"Feature","geometry":{"type":"Point","coordinates":[120.484426,22.681802]},"properties":{"uid":"welfare_09730","name":"寶建醫療社團法人寶建醫院","welfare_class":"child_dev","address":"屏東縣屏東市中山路123號","city":"屏東縣","coord_source":"offline_l1","coord_precision":"cached","src_datasets":"130229","n_src":1,"unit_type":"衛生單位","service_mode":"時段","service_content":"職能、物理治療","service_hours":"1.職能、物理治療8時至12時、13時30分至17時30分、週六:上午(彈性)；2.語言治療週一至週三:8時至12時、13時30分至17時30分、週四:13時30分至21時30分、週五:下午(彈性)","phone":"08-7665995分機2130"}},{"type":"Feature","geometry":{"type":"Point","coordinates":[120.514592,22.658298]},"properties":{"uid":"welfare_09731","name":"國仁醫院","welfare_class":"child_dev","address":"屏東縣屏東市民生東路12-2號","city":"屏東縣","coord_source":"offline_l1","coord_precision":"cached","src_datasets":"130229","n_src":1,"unit_type":"衛生單位","service_mode":"時段","service_content":"物理治療","service_hours":"8時至17時","phone":"08-7223000"}},{"type":"Feature","geometry":{"type":"Point","coordinates":[120.502588,22.682041]},"properties":{"uid":"welfare_09732","name":"屏基醫療財團法人屏東基督教醫院","welfare_class":"child_dev","address":"屏東縣屏東市大連路60號","city":"屏東縣","coord_source":"offline_l1","coord_precision":"cached","src_datasets":"130229","n_src":1,"unit_type":"衛生單位","service_mode":"時段","service_content":"語言、職能、物理治療","service_hours":"週一至週五:8時至12時、13時30分至17時30分","phone":"08-7368686"}},{"type":"Feature","geometry":{"type":"Point","coordinates":[120.494754,22.676695]},"properties":{"uid":"welfare_09733","name":"仁愛國小","welfare_class":"child_dev","address":"屏東縣屏東市興樂里仁愛路98號","city":"屏東縣","coord_source":"offline_l2","coord_precision":"exact","src_datasets":"130229","n_src":1,"unit_type":"教育單位","service_mode":"日間、時段","service_content":"身障類資源班、不分類巡迴輔導班","service_hours":"請逕洽詢該單位服務人員","phone":"08-7361114"}},{"type":"Feature","geometry":{"type":"Point","coordinates":[120.485241,22.671599]},"properties":{"uid":"welfare_09734","name":"唐榮國小","welfare_class":"child_dev","address":"屏東縣屏東市中山路41號","city":"屏東縣","coord_source":"offline_l2","coord_precision":"exact","src_datasets":"130229","n_src":1,"unit_type":"教育單位","service_mode":"日間","service_content":"集中式特殊教育班","service_hours":"請逕洽詢該單位服務人員","phone":"08-7322306"}},{"type":"Feature","geometry":{"type":"Point","coordinates":[120.459127,22.474326]},"properties":{"uid":"welfare_09735","name":"安泰醫療社團法人安泰醫院","welfare_class":"child_dev","address":"屏東縣東港鎮中正路一段210號","city":"屏東縣","coord_source":"offline_l1","coord_precision":"cached","src_datasets":"130229","n_src":1,"unit_type":"衛生單位","service_mode":"時段","service_content":"語言、職能、物理治療","service_hours":"8時至17時","phone":"08-8329966"}},{"type":"Feature","geometry":{"type":"Point","coordinates":[120.452734,22.465199]},"properties":{"uid":"welfare_09736","name":"輔英科技大學附設醫院","welfare_class":"child_dev","address":"屏東縣東港鎮中山路5號","city":"屏東縣","coord_source":"offline_l1","coord_precision":"cached","src_datasets":"130229","n_src":1,"unit_type":"衛生單位","service_mode":"時段","service_content":"物理、職能治療","service_hours":"8時至17時","phone":"08-8323146"}},{"type":"Feature","geometry":{"type":"Point","coordinates":[120.456655,22.468163]},"properties":{"uid":"welfare_09737","name":"屏東縣東港兒童早期療育發展中心(早期療育機構)","welfare_class":"child_dev","address":"屏東縣東港鎮新興二街41號","city":"屏東縣","coord_source":"offline_l2","coord_precision":"exact","src_datasets":"130229","n_src":1,"unit_type":"社福單位","service_mode":"日間、時段","service_content":"一般療育、語言、職能、物理治療","service_hours":"8時至17時","phone":"08-8336925"}},{"type":"Feature","geometry":{"type":"Point","coordinates":[120.454766,22.47073]},"properties":{"uid":"welfare_09738","name":"東港國小","welfare_class":"child_dev","address":"屏東縣東港鎮中正路一段10號","city":"屏東縣","coord_source":"offline_l2","coord_precision":"exact","src_datasets":"130229","n_src":1,"unit_type":"教育單位","service_mode":"日間、時段","service_content":"集中式特殊教育班、不分類巡迴輔導班","service_hours":"請逕洽詢該單位服務人員","phone":"08-8322019"}},{"type":"Feature","geometry":{"type":"Point","coordinates":[120.459937,22.468389]},"properties":{"uid":"welfare_09739","name":"東光國小","welfare_class":"child_dev","address":"屏東縣東港鎮長春二路15號","city":"屏東縣","coord_source":"offline_l2","coord_precision":"exact","src_datasets":"130229","n_src":1,"unit_type":"教育單位","service_mode":"時段","service_content":"不分類巡迴輔導班","service_hours":"請逕洽詢該單位服務人員","phone":"08-8324927"}},{"type":"Feature","geometry":{"type":"Point","coordinates":[120.745146,21.999108]},"properties":{"uid":"welfare_09740","name":"衛生福利部恆春旅遊醫院","welfare_class":"child_dev","address":"屏東縣恆春鎮山腳里恆南路188號","city":"屏東縣","coord_source":"google","coord_precision":"exact","src_datasets":"130229","n_src":1,"unit_type":"衛生單位","service_mode":"時段","service_content":"語言、職能、物理治療","service_hours":"週一至週五:8時至12時、13時30分至17時30分","phone":"08-8892705"}},{"type":"Feature","geometry":{"type":"Point","coordinates":[120.74661,22.006389]},"properties":{"uid":"welfare_09741","name":"恆春國小","welfare_class":"child_dev","address":"屏東縣恆春鎮北門路39巷26號","city":"屏東縣","coord_source":"offline_l2","coord_precision":"exact","src_datasets":"130229","n_src":1,"unit_type":"教育單位","service_mode":"時段","service_content":"不分類巡迴輔導班","service_hours":"請逕洽詢該單位服務人員","phone":"08-8892035"}},{"type":"Feature","geometry":{"type":"Point","coordinates":[120.744208,22.008663]},"properties":{"uid":"welfare_09742","name":"僑勇國小","welfare_class":"child_dev","address":"屏東縣恆春鎮西門路146號","city":"屏東縣","coord_source":"offline_l2","coord_precision":"exact","src_datasets":"130229","n_src":1,"unit_type":"教育單位","service_mode":"日間","service_content":"集中式特殊教育班","service_hours":"請逕洽詢該單位服務人員","phone":"08-8892141"}},{"type":"Feature","geometry":{"type":"Point","coordinates":[120.494082,22.781211]},"properties":{"uid":"welfare_09743","name":"里港國小","welfare_class":"child_dev","address":"屏東縣里港鄉過江路41號","city":"屏東縣","coord_source":"offline_l2","coord_precision":"exact","src_datasets":"130229","n_src":1,"unit_type":"教育單位","service_mode":"時段","service_content":"不分類巡迴輔導班","service_hours":"請逕洽詢該單位服務人員","phone":"08-7752161"}},{"type":"Feature","geometry":{"type":"Point","coordinates":[120.599094,22.826168]},"properties":{"uid":"welfare_09745","name":"高樹國小","welfare_class":"child_dev","address":"屏東縣高樹鄉高樹村華光路32號","city":"屏東縣","coord_source":"google","coord_precision":"exact","src_datasets":"130229","n_src":1,"unit_type":"教育單位","service_mode":"時段","service_content":"不分類巡迴輔導班","service_hours":"請逕洽詢該單位服務人員","phone":"08-7960802"}},{"type":"Feature","geometry":{"type":"Point","coordinates":[120.566758,22.611836]},"properties":{"uid":"welfare_09747","name":"內埔國小","welfare_class":"child_dev","address":"屏東縣內埔鄉內埔村廣濟路2號","city":"屏東縣","coord_source":"offline_l15","coord_precision":"interpolated","src_datasets":"130229","n_src":1,"unit_type":"教育單位","service_mode":"日間","service_content":"集中式特殊教育班","service_hours":"請逕洽詢該單位服務人員","phone":"08-7792055"}},{"type":"Feature","geometry":{"type":"Point","coordinates":[120.600144,22.667057]},"properties":{"uid":"welfare_09748","name":"崇文國小","welfare_class":"child_dev","address":"屏東縣內埔鄉龍泉村原勝路六號","city":"屏東縣","coord_source":"google","coord_precision":"exact","src_datasets":"130229","n_src":1,"unit_type":"教育單位","service_mode":"時段","service_content":"不分類巡迴輔導班","service_hours":"請逕洽詢該單位服務人員","phone":"08-7701004"}},{"type":"Feature","geometry":{"type":"Point","coordinates":[120.540323,22.626623]},"properties":{"uid":"welfare_09749","name":"豐田國小","welfare_class":"child_dev","address":"屏東縣內埔鄉新中路49號","city":"屏東縣","coord_source":"google","coord_precision":"approximate","src_datasets":"130229","n_src":1,"unit_type":"教育單位","service_mode":"時段","service_content":"不分類巡迴輔導班","service_hours":"請逕洽詢該單位服務人員","phone":"08-7792445"}},{"type":"Feature","geometry":{"type":"Point","coordinates":[120.488863,22.582138]},"properties":{"uid":"welfare_09751","name":"萬丹國小","welfare_class":"child_dev","address":"屏東縣萬丹鄉寶厝村萬新路1497號","city":"屏東縣","coord_source":"offline_l2","coord_precision":"exact","src_datasets":"130229","n_src":1,"unit_type":"教育單位","service_mode":"時段","service_content":"不分類巡迴輔導班","service_hours":"請逕洽詢該單位服務人員","phone":"08-7772014"}},{"type":"Feature","geometry":{"type":"Point","coordinates":[120.541139,22.548406]},"properties":{"uid":"welfare_09752","name":"潮州國小","welfare_class":"child_dev","address":"屏東縣潮州鎮育英路31號","city":"屏東縣","coord_source":"offline_l2","coord_precision":"exact","src_datasets":"130229","n_src":1,"unit_type":"教育單位","service_mode":"時段","service_content":"不分類巡迴輔導班","service_hours":"請逕洽詢該單位服務人員","phone":"08-7882770"}},{"type":"Feature","geometry":{"type":"Point","coordinates":[120.546964,22.55403]},"properties":{"uid":"welfare_09753","name":"安泰醫院社團法人潮州安泰醫院","welfare_class":"child_dev","address":"屏東縣潮州鎮四維路162號","city":"屏東縣","coord_source":"offline_l2","coord_precision":"exact","src_datasets":"130229","n_src":1,"unit_type":"衛生單位","service_mode":"時段","service_content":"職能、物理治療","service_hours":"1.週一至週五：8時30分至21時；2.週六：8時30分至17時30分。","phone":"08-7800888"}},{"type":"Feature","geometry":{"type":"Point","coordinates":[120.581149,22.509639]},"properties":{"uid":"welfare_09754","name":"財團法人伊甸社會福利基金會社區療育據點(社家署及地方政府補助)","welfare_class":"child_dev","address":"屏東縣來義鄉義林村義新路12巷36號","city":"屏東縣","coord_source":"offline_l15","coord_precision":"interpolated","src_datasets":"130229","n_src":1,"unit_type":"社福單位","service_mode":"時段、到宅","service_content":"1.社區療育服務、到宅服務。2.服務來義鄉、新埤鄉、佳冬鄉、枋寮鄉、潮州鎮、萬巒鄉、泰武鄉。","service_hours":"請逕洽詢該單位服務人員","phone":"08-7872956"}},{"type":"Feature","geometry":{"type":"Point","coordinates":[120.384631,22.350774]},"properties":{"uid":"welfare_09755","name":"白沙國小","welfare_class":"child_dev","address":"屏東縣琉球鄉三民路124號","city":"屏東縣","coord_source":"offline_l15","coord_precision":"interpolated","src_datasets":"130229","n_src":1,"unit_type":"教育單位","service_mode":"時段","service_content":"不分類巡迴輔導班","service_hours":"請逕洽詢該單位服務人員","phone":"08-8612510"}},{"type":"Feature","geometry":{"type":"Point","coordinates":[120.458535,22.488463]},"properties":{"uid":"welfare_09756","name":"烏龍國小","welfare_class":"child_dev","address":"屏東縣新園鄉南興路217號","city":"屏東縣","coord_source":"offline_l2","coord_precision":"exact","src_datasets":"130229","n_src":1,"unit_type":"教育單位","service_mode":"日間","service_content":"身障類資源班","service_hours":"請逕洽詢該單位服務人員","phone":"08-8325896"}},{"type":"Feature","geometry":{"type":"Point","coordinates":[120.598945,22.363576]},"properties":{"uid":"welfare_09757","name":"僑德國小","welfare_class":"child_dev","address":"屏東縣枋寮鄉僑德路186號","city":"屏東縣","coord_source":"offline_l2","coord_precision":"exact","src_datasets":"130229","n_src":1,"unit_type":"教育單位","service_mode":"日間、時段","service_content":"集中式特殊教育班、不分類巡迴輔導班","service_hours":"請逕洽詢該單位服務人員","phone":"08-8782096"}},{"type":"Feature","geometry":{"type":"Point","coordinates":[120.522657,22.648882]},"properties":{"uid":"welfare_09758","name":"麟洛國小","welfare_class":"child_dev","address":"屏東縣麟洛鄉中華路86號","city":"屏東縣","coord_source":"offline_l2","coord_precision":"exact","src_datasets":"130229","n_src":1,"unit_type":"教育單位","service_mode":"時段","service_content":"不分類巡迴輔導班","service_hours":"請逕洽詢該單位服務人員","phone":"08-7221670"}},{"type":"Feature","geometry":{"type":"Point","coordinates":[121.140602,22.751293]},"properties":{"uid":"welfare_09760","name":"馬偕紀念醫院臺東分院","welfare_class":"child_dev","address":"臺東縣臺東市長沙街303巷1號","city":"臺東縣","coord_source":"offline_l1","coord_precision":"cached","src_datasets":"130229","n_src":1,"unit_type":"衛生單位","service_mode":"時段","service_content":"物理、職能、語言、心理治療","service_hours":"週一至週五","phone":"089-351642"}},{"type":"Feature","geometry":{"type":"Point","coordinates":[121.146016,22.763821]},"properties":{"uid":"welfare_09761","name":"東基醫療財團法人臺東基督教醫院","welfare_class":"child_dev","address":"臺東縣臺東市開封街350號","city":"臺東縣","coord_source":"offline_l1","coord_precision":"cached","src_datasets":"130229","n_src":1,"unit_type":"衛生單位","service_mode":"時段","service_content":"物理、職能、語言、心理、藝術治療","service_hours":"週一至週六","phone":"089-960888"}},{"type":"Feature","geometry":{"type":"Point","coordinates":[121.132431,22.772346]},"properties":{"uid":"welfare_09762","name":"臺北榮民總醫院臺東分院","welfare_class":"child_dev","address":"臺東縣臺東市更生路1000號","city":"臺東縣","coord_source":"offline_l1","coord_precision":"cached","src_datasets":"130229","n_src":1,"unit_type":"衛生單位","service_mode":"時段","service_content":"物理、職能、語言、心理治療","service_hours":"週一至週六","phone":"089-222995"}},{"type":"Feature","geometry":{"type":"Point","coordinates":[121.151467,22.747104]},"properties":{"uid":"welfare_09763","name":"復興國小","welfare_class":"child_dev","address":"臺東縣臺東市鐵花路87巷55號","city":"臺東縣","coord_source":"offline_l2","coord_precision":"exact","src_datasets":"130229","n_src":1,"unit_type":"教育單位","service_mode":"時段","service_content":"不分類巡迴輔導班","service_hours":"請逕洽詢該單位服務人員","phone":"089-322672"}},{"type":"Feature","geometry":{"type":"Point","coordinates":[121.151147,22.762188]},"properties":{"uid":"welfare_09764","name":"寶桑國小","welfare_class":"child_dev","address":"臺東縣臺東市四維路二段23號","city":"臺東縣","coord_source":"offline_l2","coord_precision":"exact","src_datasets":"130229","n_src":1,"unit_type":"教育單位","service_mode":"日間","service_content":"集中式特殊教育班","service_hours":"請逕洽詢該單位服務人員","phone":"089-322807"}},{"type":"Feature","geometry":{"type":"Point","coordinates":[121.122094,22.737106]},"properties":{"uid":"welfare_09765","name":"豐里國小","welfare_class":"child_dev","address":"臺東縣臺東市中華路三段80號","city":"臺東縣","coord_source":"offline_l2","coord_precision":"exact","src_datasets":"130229","n_src":1,"unit_type":"教育單位","service_mode":"時段","service_content":"不分類巡迴輔導班","service_hours":"請逕洽詢該單位服務人員","phone":"089-324040"}},{"type":"Feature","geometry":{"type":"Point","coordinates":[121.11087,22.772446]},"properties":{"uid":"welfare_09766","name":"豐年國小","welfare_class":"child_dev","address":"臺東縣臺東市中興路三段320號","city":"臺東縣","coord_source":"offline_l2","coord_precision":"exact","src_datasets":"130229","n_src":1,"unit_type":"教育單位","service_mode":"時段","service_content":"不分類巡迴輔導班","service_hours":"請逕洽詢該單位服務人員","phone":"089-226733"}},{"type":"Feature","geometry":{"type":"Point","coordinates":[121.086732,22.774823]},"properties":{"uid":"welfare_09767","name":"豐田國小","welfare_class":"child_dev","address":"臺東縣臺東市中興路四段750號","city":"臺東縣","coord_source":"offline_l2","coord_precision":"exact","src_datasets":"130229","n_src":1,"unit_type":"教育單位","service_mode":"時段","service_content":"不分類巡迴輔導班","service_hours":"請逕洽詢該單位服務人員","phone":"089-380345"}},{"type":"Feature","geometry":{"type":"Point","coordinates":[121.157792,22.75615]},"properties":{"uid":"welfare_09768","name":"臺東縣立四維幼兒園","welfare_class":"child_dev","address":"臺東縣臺東市四維路一段396號","city":"臺東縣","coord_source":"offline_l15","coord_precision":"interpolated","src_datasets":"130229","n_src":1,"unit_type":"教育單位","service_mode":"時段","service_content":"不分類巡迴輔導班","service_hours":"請逕洽詢該單位服務人員","phone":"089-320270"}},{"type":"Feature","geometry":{"type":"Point","coordinates":[121.382538,23.102396]},"properties":{"uid":"welfare_09769","name":"成功國小","welfare_class":"child_dev","address":"臺東縣成功鎮太平路28號","city":"臺東縣","coord_source":"offline_l2","coord_precision":"exact","src_datasets":"130229","n_src":1,"unit_type":"教育單位","service_mode":"日間","service_content":"集中式特殊教育班","service_hours":"請逕洽詢該單位服務人員","phone":"089-851021"}},{"type":"Feature","geometry":{"type":"Point","coordinates":[121.371178,23.101974]},"properties":{"uid":"welfare_09770","name":"臺灣公益社會實踐協會成功社區療育據點","welfare_class":"child_dev","address":"臺東縣成功鎮三民里三民路18號(三民國小內)","city":"臺東縣","coord_source":"offline_l15","coord_precision":"interpolated","src_datasets":"130229","n_src":1,"unit_type":"社福單位","service_mode":"時段、到宅","service_content":"物理治療、職能治療、語言治療、特殊教育、到宅服務","service_hours":"週三至週日：8時至12時下午1時30分至4時(視個案情況安排治療)","phone":"089-854822"}},{"type":"Feature","geometry":{"type":"Point","coordinates":[121.458992,23.31547]},"properties":{"uid":"welfare_09771","name":"臺灣公益社會實踐協會長濱社區療育據點","welfare_class":"child_dev","address":"臺東縣長濱鄉長濱村15鄰長濱180號","city":"臺東縣","coord_source":"offline_l2","coord_precision":"exact","src_datasets":"130229","n_src":1,"unit_type":"社福單位","service_mode":"時段、到宅","service_content":"物理治療、職能治療、語言治療、特殊教育、到宅服務","service_hours":"週三及週六：13時30分至16時30分(視個案情況安排治療)","phone":"089-832850"}},{"type":"Feature","geometry":{"type":"Point","coordinates":[121.003942,22.613181]},"properties":{"uid":"welfare_09772","name":"大王國小","welfare_class":"child_dev","address":"臺東縣太麻里鄉文化路60號","city":"臺東縣","coord_source":"google","coord_precision":"approximate","src_datasets":"130229","n_src":1,"unit_type":"教育單位","service_mode":"時段","service_content":"不分類巡迴輔導班","service_hours":"請逕洽詢該單位服務人員","phone":"089-781342"}},{"type":"Feature","geometry":{"type":"Point","coordinates":[121.007585,22.615683]},"properties":{"uid":"welfare_09773","name":"臺灣兒童發展早期療育協會太麻里社區服務據點","welfare_class":"child_dev","address":"臺東縣太麻里鄉泰和村民權路22號","city":"臺東縣","coord_source":"offline_l15","coord_precision":"interpolated","src_datasets":"130229","n_src":1,"unit_type":"社福單位","service_mode":"時段、到宅","service_content":"職能治療、語言治療、物理治療、心理諮詢、特殊教育、到宅服務","service_hours":"週二至週五:9時至17時(視個案情況安排治療) (外展及活動安排張貼公告另行告知)","phone":"089-781252"}},{"type":"Feature","geometry":{"type":"Point","coordinates":[121.520505,22.080213]},"properties":{"uid":"welfare_09774","name":"朗島國小","welfare_class":"child_dev","address":"臺東縣蘭嶼鄉朗島村17號","city":"臺東縣","coord_source":"google","coord_precision":"exact","src_datasets":"130229","n_src":1,"unit_type":"教育單位","service_mode":"時段","service_content":"不分類巡迴輔導班","service_hours":"請逕洽詢該單位服務人員","phone":"089-732109"}},{"type":"Feature","geometry":{"type":"Point","coordinates":[121.136934,22.979066]},"properties":{"uid":"welfare_09775","name":"瑞豐國小","welfare_class":"child_dev","address":"臺東縣鹿野鄉瑞豐村中山路67號","city":"臺東縣","coord_source":"google","coord_precision":"exact","src_datasets":"130229","n_src":1,"unit_type":"教育單位","service_mode":"時段","service_content":"不分類巡迴輔導班","service_hours":"請逕洽詢該單位服務人員","phone":"089-581118"}},{"type":"Feature","geometry":{"type":"Point","coordinates":[121.135972,22.914121]},"properties":{"uid":"welfare_09776","name":"臺灣兒童發展早期療育協會工作站(社家署及地方政府補助)","welfare_class":"child_dev","address":"臺東縣鹿野鄉中華路二段137號","city":"臺東縣","coord_source":"offline_l1","coord_precision":"cached","src_datasets":"130229","n_src":1,"unit_type":"社福單位","service_mode":"時段","service_content":"社區療育服務","service_hours":"請逕洽詢該單位服務人員","phone":"無"}},{"type":"Feature","geometry":{"type":"Point","coordinates":[121.16342,23.051344]},"properties":{"uid":"welfare_09777","name":"關山國小","welfare_class":"child_dev","address":"臺東縣關山鎮中華路101 號","city":"臺東縣","coord_source":"offline_l2","coord_precision":"exact","src_datasets":"130229","n_src":1,"unit_type":"教育單位","service_mode":"日間","service_content":"集中式特殊教育班","service_hours":"請逕洽詢該單位服務人員","phone":"089-811012"}},{"type":"Feature","geometry":{"type":"Point","coordinates":[121.173561,23.073083]},"properties":{"uid":"welfare_09778","name":"臺灣兒童發展早期療育協會社區療育據點(社家署及地方政府補助)","welfare_class":"child_dev","address":"臺東縣關山鎮德高里7鄰永豐16號(德高國小)","city":"臺東縣","coord_source":"google","coord_precision":"approximate","src_datasets":"130229","n_src":1,"unit_type":"社福單位","service_mode":"時段、到宅","service_content":"社區療育服務、到宅服務","service_hours":"請逕洽詢該單位服務人員","phone":"無"}},{"type":"Feature","geometry":{"type":"Point","coordinates":[121.175686,23.130561]},"properties":{"uid":"welfare_09779","name":"海端國小","welfare_class":"child_dev","address":"臺東縣海端鄉山界路36號","city":"臺東縣","coord_source":"google","coord_precision":"approximate","src_datasets":"130229","n_src":1,"unit_type":"教育單位","service_mode":"時段","service_content":"不分類巡迴輔導班","service_hours":"請逕洽詢該單位服務人員","phone":"089-931184"}},{"type":"Feature","geometry":{"type":"Point","coordinates":[121.076428,22.83656]},"properties":{"uid":"welfare_09780","name":"賓朗國小","welfare_class":"child_dev","address":"臺東縣卑南鄉東47-1鄉道","city":"臺東縣","coord_source":"google","coord_precision":"approximate","src_datasets":"130229","n_src":1,"unit_type":"教育單位","service_mode":"時段","service_content":"不分類巡迴輔導班","service_hours":"請逕洽詢該單位服務人員","phone":"089-224129"}},{"type":"Feature","geometry":{"type":"Point","coordinates":[121.279803,22.958534]},"properties":{"uid":"welfare_09781","name":"東河國小","welfare_class":"child_dev","address":"臺東縣東河鄉東河村16鄰35號","city":"臺東縣","coord_source":"google","coord_precision":"approximate","src_datasets":"130229","n_src":1,"unit_type":"教育單位","service_mode":"時段","service_content":"不分類巡迴輔導班","service_hours":"請逕洽詢該單位服務人員","phone":"089-896160"}},{"type":"Feature","geometry":{"type":"Point","coordinates":[120.892705,22.339321]},"properties":{"uid":"welfare_09782","name":"臺灣兒童發展早期療育協會大武社區療育工作站","welfare_class":"child_dev","address":"臺東縣大武鄉尚武村客庄路48號","city":"臺東縣","coord_source":"offline_l1","coord_precision":"cached","src_datasets":"130229","n_src":1,"unit_type":"社福單位","service_mode":"時段、到宅","service_content":"個案時段療育、外展服務、療育諮詢","service_hours":"1.週二至週四:13時至17時；2.週三:9時至17時；3.週一休館(其餘時間外展、活動安排將張貼公告)","phone":"0927-098255(黃老師)"}},{"type":"Feature","geometry":{"type":"Point","coordinates":[120.904972,22.365097]},"properties":{"uid":"welfare_09783","name":"大武國小","welfare_class":"child_dev","address":"臺東縣大武鄉大武村民族街2巷49號","city":"臺東縣","coord_source":"google","coord_precision":"approximate","src_datasets":"130229","n_src":1,"unit_type":"教育單位","service_mode":"日間","service_content":"集中式特殊教育班","service_hours":"請逕洽詢該單位服務人員","phone":"089-791135"}},{"type":"Feature","geometry":{"type":"Point","coordinates":[121.626626,23.988257]},"properties":{"uid":"welfare_09784","name":"臺灣基督教門諾會醫療財團法人門諾醫院","welfare_class":"child_dev","address":"花蓮縣花蓮市民權路44號","city":"花蓮縣","coord_source":"offline_l1","coord_precision":"cached","src_datasets":"130229","n_src":1,"unit_type":"衛生單位","service_mode":"時段","service_content":"職能、物理、語言治療","service_hours":"1.週二:13時至16時；2.週三:9時至12時；3.週五:13時至16時","phone":"03-8241234"}},{"type":"Feature","geometry":{"type":"Point","coordinates":[121.592282,23.99573]},"properties":{"uid":"welfare_09785","name":"佛教慈濟醫療財團法人花蓮慈濟醫院","welfare_class":"child_dev","address":"花蓮縣花蓮市中央路三段707號","city":"花蓮縣","coord_source":"offline_l1","coord_precision":"cached","src_datasets":"130229","n_src":1,"unit_type":"衛生單位","service_mode":"時段","service_content":"職能、物理、語言、心理治療","service_hours":"1.週一至週五:9時至17時30分；2.週六:9時至12時","phone":"03-8561825分機2311"}},{"type":"Feature","geometry":{"type":"Point","coordinates":[121.590361,23.974005]},"properties":{"uid":"welfare_09786","name":"國泰聯合診所","welfare_class":"child_dev","address":"花蓮縣花蓮市中華路459號","city":"花蓮縣","coord_source":"offline_l1","coord_precision":"cached","src_datasets":"130229","n_src":1,"unit_type":"衛生單位","service_mode":"時段","service_content":"職能治療","service_hours":"週一至週五:13時至21時","phone":"03-8542031分機31"}},{"type":"Feature","geometry":{"type":"Point","coordinates":[121.625689,23.990271]},"properties":{"uid":"welfare_09787","name":"財團法人門諾社會福利慈善事業基金會早療到宅","welfare_class":"child_dev","address":"花蓮縣花蓮市民權路4號","city":"花蓮縣","coord_source":"offline_l2","coord_precision":"exact","src_datasets":"130229","n_src":1,"unit_type":"社福單位","service_mode":"到宅","service_content":"採一對一在家教學，由資深教保員，針對幼兒發展需求及家長期望共同擬訂個別化教育計畫，提供發展訓練，過程需由家長陪同一起學習。透過定期服務，協助家長有效運用療育資源，提昇療育知能。","service_hours":"週一至週三8時至17時","phone":"03-8338009"}},{"type":"Feature","geometry":{"type":"Point","coordinates":[121.594718,23.995007]},"properties":{"uid":"welfare_09788","name":"明廉國小","welfare_class":"child_dev","address":"花蓮縣花蓮市中山路903號","city":"花蓮縣","coord_source":"offline_l2","coord_precision":"exact","src_datasets":"130229","n_src":1,"unit_type":"教育單位","service_mode":"日間","service_content":"集中式特殊教育班","service_hours":"請逕洽詢該單位服務人員","phone":"03-8569088"}},{"type":"Feature","geometry":{"type":"Point","coordinates":[121.631002,23.99183]},"properties":{"uid":"welfare_09789","name":"明恥國小","welfare_class":"child_dev","address":"花蓮縣花蓮市中興路41號","city":"花蓮縣","coord_source":"offline_l2","coord_precision":"exact","src_datasets":"130229","n_src":1,"unit_type":"教育單位","service_mode":"時段","service_content":"不分類巡迴輔導班","service_hours":"請逕洽詢該單位服務人員","phone":"03-8222231"}},{"type":"Feature","geometry":{"type":"Point","coordinates":[121.596448,23.971763]},"properties":{"uid":"welfare_09790","name":"中原國小","welfare_class":"child_dev","address":"花蓮縣花蓮市中原路531號","city":"花蓮縣","coord_source":"offline_l2","coord_precision":"exact","src_datasets":"130229","n_src":1,"unit_type":"教育單位","service_mode":"日間","service_content":"集中式特殊教育班","service_hours":"請逕洽詢該單位服務人員","phone":"03-8333547"}},{"type":"Feature","geometry":{"type":"Point","coordinates":[121.320848,23.34749]},"properties":{"uid":"welfare_09791","name":"衛生福利部玉里醫院","welfare_class":"child_dev","address":"花蓮縣玉里鎮中華路448號","city":"花蓮縣","coord_source":"offline_l1","coord_precision":"cached","src_datasets":"130229","n_src":1,"unit_type":"衛生單位","service_mode":"時段","service_content":"物理、職能、心理治療","service_hours":"週一至週五:9時至17時30分","phone":"03-8886141"}},{"type":"Feature","geometry":{"type":"Point","coordinates":[121.312031,23.339213]},"properties":{"uid":"welfare_09792","name":"臺北榮民總醫院玉里分院","welfare_class":"child_dev","address":"花蓮縣玉里鎮新興街91號","city":"花蓮縣","coord_source":"offline_l1","coord_precision":"cached","src_datasets":"130229","n_src":1,"unit_type":"衛生單位","service_mode":"時段","service_content":"職能、心理治療","service_hours":"週一至週五:9時至17時30分","phone":"03-8883141"}},{"type":"Feature","geometry":{"type":"Point","coordinates":[121.318526,23.334662]},"properties":{"uid":"welfare_09793","name":"佛教慈濟醫院玉里院區","welfare_class":"child_dev","address":"花蓮縣玉里鎮民權街1-1號","city":"花蓮縣","coord_source":"offline_l1","coord_precision":"cached","src_datasets":"130229","n_src":1,"unit_type":"衛生單位","service_mode":"時段","service_content":"物理、語言治療","service_hours":"週一至週五:9時至17時30分","phone":"03-8882718分機710"}},{"type":"Feature","geometry":{"type":"Point","coordinates":[121.319138,23.328496]},"properties":{"uid":"welfare_09794","name":"玉里國小","welfare_class":"child_dev","address":"花蓮縣玉里鎮忠智路43號","city":"花蓮縣","coord_source":"offline_l2","coord_precision":"exact","src_datasets":"130229","n_src":1,"unit_type":"教育單位","service_mode":"日間、時段","service_content":"集中式特殊教育班、不分類巡迴輔導班","service_hours":"請逕洽詢該單位服務人員","phone":"03-8882007"}},{"type":"Feature","geometry":{"type":"Point","coordinates":[121.320388,23.340955]},"properties":{"uid":"welfare_09795","name":"臺灣兒童發展早期療育協會玉里工作站(社家署及地方政府補助)","welfare_class":"child_dev","address":"花蓮縣玉里鎮莊敬路8號2樓","city":"花蓮縣","coord_source":"offline_l1","coord_precision":"cached","src_datasets":"130229","n_src":1,"unit_type":"社福單位","service_mode":"時段、到宅","service_content":"開館時間固定辦理親子團體，透過團體課程， 達到社區學齡前兒童及早療兒童同儕互動，同時增加親子互動的機會","service_hours":"每週四上午","phone":"03-8870979"}},{"type":"Feature","geometry":{"type":"Point","coordinates":[121.439215,23.727428]},"properties":{"uid":"welfare_09796","name":"臺北榮民總醫院鳳林分院","welfare_class":"child_dev","address":"花蓮縣鳳林鎮中正路1段2號","city":"花蓮縣","coord_source":"offline_l1","coord_precision":"cached","src_datasets":"130229","n_src":1,"unit_type":"衛生單位","service_mode":"時段","service_content":"物理、職能治療","service_hours":"週一至週五:9時至17時30分","phone":"03-8764539分機337、349"}},{"type":"Feature","geometry":{"type":"Point","coordinates":[121.447179,23.742943]},"properties":{"uid":"welfare_09797","name":"鳳林國小","welfare_class":"child_dev","address":"花蓮縣鳳林鎮中正路二段一號","city":"花蓮縣","coord_source":"offline_l1","coord_precision":"cached","src_datasets":"130229","n_src":1,"unit_type":"教育單位","service_mode":"日間","service_content":"集中式特殊教育班","service_hours":"請逕洽詢該單位服務人員","phone":"03-8762031"}},{"type":"Feature","geometry":{"type":"Point","coordinates":[121.374532,23.499171]},"properties":{"uid":"welfare_09798","name":"瑞穗國小","welfare_class":"child_dev","address":"花蓮縣瑞穗鄉成功北路十八號","city":"花蓮縣","coord_source":"google","coord_precision":"approximate","src_datasets":"130229","n_src":1,"unit_type":"教育單位","service_mode":"時段","service_content":"不分類巡迴輔導班","service_hours":"請逕洽詢該單位服務人員","phone":"03-8876366"}},{"type":"Feature","geometry":{"type":"Point","coordinates":[121.378733,23.49816]},"properties":{"uid":"welfare_09799","name":"臺灣兒童發展早期療育協會社區療育據點(社家署及地方政府補助)","welfare_class":"child_dev","address":"花蓮縣瑞穗鄉中華路67號","city":"花蓮縣","coord_source":"offline_l15","coord_precision":"interpolated","src_datasets":"130229","n_src":1,"unit_type":"社福單位","service_mode":"時段、到宅","service_content":"1.社區療育服務、到宅服務、親職諮詢、親職講座。2.服務瑞穗鄉、玉里鎮、卓溪鄉、富里鄉、萬榮鄉","service_hours":"週一至週五:8時至17時","phone":"03-8870979"}},{"type":"Feature","geometry":{"type":"Point","coordinates":[121.6515,24.126667]},"properties":{"uid":"welfare_09800","name":"新城國小","welfare_class":"child_dev","address":"花蓮縣新城鄉新城村博愛路30號","city":"花蓮縣","coord_source":"offline_l15","coord_precision":"interpolated","src_datasets":"130229","n_src":1,"unit_type":"教育單位","service_mode":"日間、時段","service_content":"集中式特殊教育班、不分類巡迴輔導班","service_hours":"請逕洽詢該單位服務人員","phone":"03-8611006"}},{"type":"Feature","geometry":{"type":"Point","coordinates":[121.585515,23.971077]},"properties":{"uid":"welfare_09801","name":"宜昌國小","welfare_class":"child_dev","address":"花蓮縣吉安鄉宜昌一街45 號","city":"花蓮縣","coord_source":"offline_l1","coord_precision":"cached","src_datasets":"130229","n_src":1,"unit_type":"教育單位","service_mode":"時段","service_content":"不分類巡迴輔導班","service_hours":"請逕洽詢該單位服務人員","phone":"03-8520209"}},{"type":"Feature","geometry":{"type":"Point","coordinates":[121.50847,23.870721]},"properties":{"uid":"welfare_09802","name":"壽豐國小","welfare_class":"child_dev","address":"花蓮縣壽豐鄉壽山路37號","city":"花蓮縣","coord_source":"offline_l15","coord_precision":"interpolated","src_datasets":"130229","n_src":1,"unit_type":"教育單位","service_mode":"時段","service_content":"不分類巡迴輔導班","service_hours":"請逕洽詢該單位服務人員","phone":"03-8651024"}},{"type":"Feature","geometry":{"type":"Point","coordinates":[121.426467,23.67171]},"properties":{"uid":"welfare_09803","name":"光復國小","welfare_class":"child_dev","address":"花蓮縣光復鄉中山路三段75號","city":"花蓮縣","coord_source":"offline_l15","coord_precision":"interpolated","src_datasets":"130229","n_src":1,"unit_type":"教育單位","service_mode":"時段","service_content":"不分類巡迴輔導班","service_hours":"請逕洽詢該單位服務人員","phone":"03-8701029"}},{"type":"Feature","geometry":{"type":"Point","coordinates":[121.296967,23.524767]},"properties":{"uid":"welfare_09804","name":"臺灣兒童發展早期療育協會崙山工作站(社家署及地方政府補助)","welfare_class":"child_dev","address":"花蓮縣卓溪鄉崙山村8號","city":"花蓮縣","coord_source":"google","coord_precision":"approximate","src_datasets":"130229","n_src":1,"unit_type":"社福單位","service_mode":"時段、到宅","service_content":"1.依據到宅早療兒童及社區兒童之能力，設計團體課程，創造社區學齡前兒童及早療兒童同儕互動機會。2.提供學齡前益智玩具，讓社區兒童不同學習經驗，以及讓家長有陪伴孩子玩玩具的機會。","service_hours":"週二早上9時至11時","phone":"03-8870979"}},{"type":"Feature","geometry":{"type":"Point","coordinates":[121.436406,23.815343]},"properties":{"uid":"welfare_09805","name":"臺灣兒童發展早期療育協會萬榮兒童暨家庭部落社區服務據點(社家署及地方政府補助)","welfare_class":"child_dev","address":"花蓮縣萬榮鄉西林村西林77號","city":"花蓮縣","coord_source":"google","coord_precision":"interpolated","src_datasets":"130229","n_src":1,"unit_type":"社福單位","service_mode":"時段、到宅","service_content":"親職諮詢、1-3歲學前準備班、親職講座、據點療育、社區繪本巡迴服務、家庭喘息服務","service_hours":"週一到週五:8時至17時","phone":"03-8772529"}},{"type":"Feature","geometry":{"type":"Point","coordinates":[121.519941,23.595832]},"properties":{"uid":"welfare_09806","name":"財團法人門諾社會福利慈善事業基金會辦理定點療育服務(社家署及地方政府補助)","welfare_class":"child_dev","address":"花蓮縣豐濱鄉豐濱村8鄰民族街82巷8之2號","city":"花蓮縣","coord_source":"google","coord_precision":"exact","src_datasets":"130229","n_src":1,"unit_type":"社福單位","service_mode":"時段","service_content":"1.社區預防：社區宣導篩檢服務。2.療育服務：(1)到宅療育、(2)服務行動式社區小站療育服務。3.家庭支持服務：(1)兒童發展的認識。(2)親子互動的提升。(3)親職教育的提供","service_hours":"週四9時至12時30分","phone":"03-8791082"}},{"type":"Feature","geometry":{"type":"Point","coordinates":[119.566218,23.569342]},"properties":{"uid":"welfare_09807","name":"澎湖縣兒童少年發展中心","welfare_class":"child_dev","address":"澎湖縣馬公市中正路115號","city":"澎湖縣","coord_source":"offline_l2","coord_precision":"exact","src_datasets":"130229","n_src":1,"unit_type":"衛生單位","service_mode":"時段","service_content":"語言治療、物理治療、職能治療、心理治療、個別及團體課程、家長心理支持、專業諮詢","service_hours":"週一至週五:8時至12時；13時30分至17時","phone":"06-9260256、06-9272162分機310、239"}},{"type":"Feature","geometry":{"type":"Point","coordinates":[119.568775,23.568953]},"properties":{"uid":"welfare_09808","name":"財團法人天主教靈醫會惠民醫院","welfare_class":"child_dev","address":"澎湖縣馬公市樹德路14號","city":"澎湖縣","coord_source":"offline_l1","coord_precision":"cached","src_datasets":"130229","n_src":1,"unit_type":"衛生單位","service_mode":"時段","service_content":"語言治療、物理治療、職能治療、心理評估","service_hours":"週一至週五:8時至12時；14時至17時","phone":"06-9272318分機120"}},{"type":"Feature","geometry":{"type":"Point","coordinates":[119.565423,23.564553]},"properties":{"uid":"welfare_09809","name":"衛生福利部澎湖醫院","welfare_class":"child_dev","address":"澎湖縣馬公市中正路10號","city":"澎湖縣","coord_source":"offline_l1","coord_precision":"cached","src_datasets":"130229","n_src":1,"unit_type":"衛生單位","service_mode":"時段","service_content":"每月1次兒童心智科門診、心理治療","service_hours":"週一至週五:8時至12時；14時至17時","phone":"06-9261151分機50130、50815"}},{"type":"Feature","geometry":{"type":"Point","coordinates":[119.591179,23.563053]},"properties":{"uid":"welfare_09810","name":"財團法人伊甸社會福利基金會澎湖工作站","welfare_class":"child_dev","address":"澎湖縣馬公市西文澳165號","city":"澎湖縣","coord_source":"offline_l2","coord_precision":"exact","src_datasets":"130229","n_src":1,"unit_type":"社福單位","service_mode":"時段","service_content":"個別時段服務、專業諮詢","service_hours":"週一至週五:8時至17時","phone":"06-9212009"}},{"type":"Feature","geometry":{"type":"Point","coordinates":[119.596565,23.524042]},"properties":{"uid":"welfare_09811","name":"澎湖縣兒童少年發展中心社區療育據點","welfare_class":"child_dev","address":"澎湖縣馬公市鎖港里19號(馬公市立幼兒園澎南分部)","city":"澎湖縣","coord_source":"google","coord_precision":"interpolated","src_datasets":"130229","n_src":1,"unit_type":"衛生單位","service_mode":"時段","service_content":"社區療育服務","service_hours":"請逕洽詢該單位服務人員","phone":"06-9952095"}},{"type":"Feature","geometry":{"type":"Point","coordinates":[119.569233,23.571613]},"properties":{"uid":"welfare_09812","name":"馬公國小附設幼兒園","welfare_class":"child_dev","address":"澎湖縣馬公市明遠路2號","city":"澎湖縣","coord_source":"offline_l2","coord_precision":"exact","src_datasets":"130229","n_src":1,"unit_type":"教育單位","service_mode":"時段","service_content":"不分類巡迴輔導班","service_hours":"請逕洽詢該單位服務人員","phone":"06-9264070"}},{"type":"Feature","geometry":{"type":"Point","coordinates":[119.512221,23.601714]},"properties":{"uid":"welfare_09813","name":"澎湖縣私立財團法人天主教澎湖教區附設惠民啟智中心辦理西嶼早療社區據點(王詹樣基金會補助)","welfare_class":"child_dev","address":"澎湖縣西嶼鄉池東村138-1號","city":"澎湖縣","coord_source":"google","coord_precision":"approximate","src_datasets":"130229","n_src":1,"unit_type":"社福單位","service_mode":"時段","service_content":"社區療育服務，服務西嶼鄉、白沙鄉、七美鄉、望安鄉、湖西鄉","service_hours":"請逕洽詢該單位服務人員","phone":"06-9984163"}},{"type":"Feature","geometry":{"type":"Point","coordinates":[121.748322,25.130456]},"properties":{"uid":"welfare_09814","name":"衛生福利部基隆醫院","welfare_class":"child_dev","address":"基隆市信義區信二路268號","city":"基隆市","coord_source":"offline_l1","coord_precision":"cached","src_datasets":"130229","n_src":1,"unit_type":"衛生單位","service_mode":"時段","service_content":"復健科/物理、職能、語言治療","service_hours":"1.採約診制，掛號前先進行電話諮詢。2.約診時段：週一至週五:8時30分至16時30分","phone":"02-24292525分機3518"}},{"type":"Feature","geometry":{"type":"Point","coordinates":[121.739684,25.131302]},"properties":{"uid":"welfare_09816","name":"正祥復健科診所","welfare_class":"child_dev","address":"基隆市仁愛區忠一路20號3樓","city":"基隆市","coord_source":"offline_l1","coord_precision":"cached","src_datasets":"130229","n_src":1,"unit_type":"衛生單位","service_mode":"時段","service_content":"復健科/物理、職能治療","service_hours":"1.採預約掛號制；2.週一至週五:7時30分至21時30分；3.週六:7時30分至16時","phone":"02-24281850"}},{"type":"Feature","geometry":{"type":"Point","coordinates":[121.743628,25.129633]},"properties":{"uid":"welfare_09817","name":"楊光復健診所","welfare_class":"child_dev","address":"基隆市仁愛區愛三路120號4樓","city":"基隆市","coord_source":"offline_l1","coord_precision":"cached","src_datasets":"130229","n_src":1,"unit_type":"衛生單位","service_mode":"時段","service_content":"復健科/物理、職能治療","service_hours":"1.週一:8時30分至12時；2.週三、五:9時30分至12時；3.週二、四、六:14時30分至17時30分；4.週一、三:18時30分至21時；5.週六:14時30分至17時30分","phone":"02-24292288分機18"}},{"type":"Feature","geometry":{"type":"Point","coordinates":[121.741752,25.127377]},"properties":{"uid":"welfare_09818","name":"愛及德職能治療所","welfare_class":"child_dev","address":"基隆市仁愛區愛三路9號5樓之5","city":"基隆市","coord_source":"offline_l2","coord_precision":"exact","src_datasets":"130229","n_src":1,"unit_type":"衛生單位","service_mode":"時段","service_content":"職能治療","service_hours":"請逕洽詢該單位服務人員","phone":"02-24281992"}},{"type":"Feature","geometry":{"type":"Point","coordinates":[121.748456,25.127478]},"properties":{"uid":"welfare_09819","name":"語果語言治療所","welfare_class":"child_dev","address":"基隆市仁愛區仁二路95號8樓","city":"基隆市","coord_source":"offline_l1","coord_precision":"cached","src_datasets":"130229","n_src":1,"unit_type":"衛生單位","service_mode":"時段","service_content":"語言治療","service_hours":"週二至週六早上、中午、晚上（預約制）","phone":"938097861"}},{"type":"Feature","geometry":{"type":"Point","coordinates":[121.739684,25.131302]},"properties":{"uid":"welfare_09820","name":"仁祥診所","welfare_class":"child_dev","address":"基隆市仁愛區忠一路20號","city":"基隆市","coord_source":"offline_l1","coord_precision":"cached","src_datasets":"130229","n_src":1,"unit_type":"衛生單位","service_mode":"時段","service_content":"物理治療、職能治療、語言治療","service_hours":"1.物理治療-週二、週四13時至20時30分；2.職能治療-週二8時至17時、週四13時至20時30分；3.語言治療-週二8時至17時、週四13時至20時30分","phone":"02-24232111分機3001"}},{"type":"Feature","geometry":{"type":"Point","coordinates":[121.746008,25.127959]},"properties":{"uid":"welfare_09821","name":"仁愛國小","welfare_class":"child_dev","address":"基隆市仁愛區和明里5鄰仁二路139號","city":"基隆市","coord_source":"offline_l2","coord_precision":"exact","src_datasets":"130229","n_src":1,"unit_type":"教育單位","service_mode":"日間","service_content":"集中式特殊教育班","service_hours":"請逕洽詢該單位服務人員","phone":"02-24289131"}},{"type":"Feature","geometry":{"type":"Point","coordinates":[121.707717,25.148064]},"properties":{"uid":"welfare_09822","name":"長庚醫療財團法人基隆長庚紀念醫院","welfare_class":"child_dev","address":"基隆市安樂區基金一路208巷200號(情人湖院區)","city":"基隆市","coord_source":"offline_l15","coord_precision":"interpolated","src_datasets":"130229","n_src":1,"unit_type":"衛生單位","service_mode":"時段","service_content":"1.復健科/物理、職能、語言治療。2.心智科/社交、認知、ADHD(團體治療)小兒科/兒童腦神經科","service_hours":"週一至週五:9時至12時、13時至17時","phone":"02-24313131分機2414"}},{"type":"Feature","geometry":{"type":"Point","coordinates":[121.73187,25.131764]},"properties":{"uid":"welfare_09823","name":"安樂國小","welfare_class":"child_dev","address":"基隆市安樂區安一路177巷23號","city":"基隆市","coord_source":"offline_l2","coord_precision":"exact","src_datasets":"130229","n_src":1,"unit_type":"教育單位","service_mode":"日間","service_content":"集中式特殊教育班","service_hours":"請逕洽詢該單位服務人員","phone":"02-24271703"}},{"type":"Feature","geometry":{"type":"Point","coordinates":[121.714892,25.097547]},"properties":{"uid":"welfare_09824","name":"惠安復健科診所","welfare_class":"child_dev","address":"基隆市七堵區南興路10、12號2樓、地下層及1樓後半段","city":"基隆市","coord_source":"offline_l15","coord_precision":"interpolated","src_datasets":"130229","n_src":1,"unit_type":"衛生單位","service_mode":"時段","service_content":"復健科/職能、物理治療","service_hours":"1.週一至週五:8時至21時；2.週六:8時至17時","phone":"02-24569908"}},{"type":"Feature","geometry":{"type":"Point","coordinates":[121.713618,25.09775]},"properties":{"uid":"welfare_09825","name":"七堵國小","welfare_class":"child_dev","address":"基隆市七堵區明德一路184號","city":"基隆市","coord_source":"offline_l2","coord_precision":"exact","src_datasets":"130229","n_src":1,"unit_type":"教育單位","service_mode":"日間","service_content":"集中式特殊教育班","service_hours":"請逕洽詢該單位服務人員","phone":"02-24567116"}},{"type":"Feature","geometry":{"type":"Point","coordinates":[121.751119,25.135678]},"properties":{"uid":"welfare_09826","name":"中正國小","welfare_class":"child_dev","address":"基隆市中正區中船路36巷4號","city":"基隆市","coord_source":"offline_l2","coord_precision":"exact","src_datasets":"130229","n_src":1,"unit_type":"教育單位","service_mode":"時段","service_content":"不分類巡迴輔導班","service_hours":"請逕洽詢該單位服務人員","phone":"02-24223064"}},{"type":"Feature","geometry":{"type":"Point","coordinates":[120.990781,24.800088]},"properties":{"uid":"welfare_09827","name":"財團法人馬偕紀念醫院新竹分院","welfare_class":"child_dev","address":"新竹市東區光復路二段690號","city":"新竹市","coord_source":"offline_l1","coord_precision":"cached","src_datasets":"130229","n_src":1,"unit_type":"衛生單位","service_mode":"時段","service_content":"物理治療、職能治療、語言治療、認知訓練、感統、人際互動(個別、團課)、社交情緒課程、心理治療、專注力","service_hours":"週一至週五:8時至12時、13時30分至17時※每堂30-50分鐘","phone":"03-6119595分機6040、03-6118866(人工掛號專線)"}},{"type":"Feature","geometry":{"type":"Point","coordinates":[120.964881,24.798499]},"properties":{"uid":"welfare_09828","name":"新竹國泰綜合醫院","welfare_class":"child_dev","address":"新竹市東區中華路二段678號","city":"新竹市","coord_source":"offline_l2","coord_precision":"exact","src_datasets":"130229","n_src":1,"unit_type":"衛生單位","service_mode":"時段","service_content":"物理治療、職能治療、語言治療、專注力、社交情緒課程、心理治療、人際互動(團體)","service_hours":"週一至週五:8時30分至12時、13時30分至17時※每堂30-60分鐘","phone":"03-5278999"}},{"type":"Feature","geometry":{"type":"Point","coordinates":[120.973138,24.813061]},"properties":{"uid":"welfare_09829","name":"闕弘昌復健科診所","welfare_class":"child_dev","address":"新竹市東區北大路32號","city":"新竹市","coord_source":"offline_l1","coord_precision":"cached","src_datasets":"130229","n_src":1,"unit_type":"衛生單位","service_mode":"時段","service_content":"物理治療、職能治療、語言治療、認知、感統、專注力、社交情緒課程、社交情緒課程、遊戲治療、人際互動(個別、團課)","service_hours":"1.週一至週五:8時至21時；2.週六:8時至17時※每堂30分鐘","phone":"03-5340860"}},{"type":"Feature","geometry":{"type":"Point","coordinates":[120.967701,24.800553]},"properties":{"uid":"welfare_09830","name":"余鄭錦峰復健診所","welfare_class":"child_dev","address":"新竹市東區南門街22號","city":"新竹市","coord_source":"offline_l2","coord_precision":"exact","src_datasets":"130229","n_src":1,"unit_type":"衛生單位","service_mode":"時段","service_content":"物理治療、職能治療、認知、語言治療、感統、專注力、人際互動(個別、團體)、社交情緒課程、遊戲治療","service_hours":"1.週一至週五:10時至12時、13時30分至21時；2.週六:8時30分至12時※每堂30分鐘","phone":"03-5223339"}},{"type":"Feature","geometry":{"type":"Point","coordinates":[120.975018,24.808957]},"properties":{"uid":"welfare_09831","name":"能清安欣診所","welfare_class":"child_dev","address":"新竹市東區中央路214號","city":"新竹市","coord_source":"offline_l15","coord_precision":"interpolated","src_datasets":"130229","n_src":1,"unit_type":"衛生單位","service_mode":"時段","service_content":"認知、心理治療、專注力、社交情緒課程、遊戲治療、人際互動(個別、團課)","service_hours":"預約門診，由心理師排定治療課程；1.週一至週六:8時30分至12時；2.週一至週五:14時至17時30分、18時至21時30分；3.週三至20時※每堂30-90分鐘","phone":"03-5357600"}},{"type":"Feature","geometry":{"type":"Point","coordinates":[120.974625,24.806493]},"properties":{"uid":"welfare_09832","name":"黃志豪職能治療所","welfare_class":"child_dev","address":"新竹市東區民族路55-1號2樓","city":"新竹市","coord_source":"google","coord_precision":"exact","src_datasets":"130229","n_src":1,"unit_type":"衛生單位","service_mode":"時段","service_content":"物理治療、職能治療、語言治療、認知、感統、人際互動(個別、團體)、社交情緒課程、專注力、藝術治療、遊戲治療","service_hours":"週一至週五:9時至12時、14時至18時※每堂40-50分鐘","phone":"03-5153003"}},{"type":"Feature","geometry":{"type":"Point","coordinates":[120.979253,24.814161]},"properties":{"uid":"welfare_09833","name":"安禾安新聯合診所","welfare_class":"child_dev","address":"新竹市東區經國路一段379巷8號","city":"新竹市","coord_source":"offline_l15","coord_precision":"interpolated","src_datasets":"130229","n_src":1,"unit_type":"衛生單位","service_mode":"時段","service_content":"物理治療、職能治療、語言治療","service_hours":"1.週一、五:9時至12時30分；2.週二:15時至18時；3.週三、四:9時至12時30分、15時至18時※每堂30至50分鐘","phone":"03-5353336"}},{"type":"Feature","geometry":{"type":"Point","coordinates":[120.992609,24.816127]},"properties":{"uid":"welfare_09834","name":"財團法人伊甸社會福利基金會新竹分事務所","welfare_class":"child_dev","address":"新竹市東區經國路一段343-1號4樓","city":"新竹市","coord_source":"google","coord_precision":"exact","src_datasets":"130229","n_src":1,"unit_type":"社福單位","service_mode":"時段","service_content":"認知","service_hours":"1.週一至週五:9時至12時、14時至17時；2.週六:9時至12時※每堂50分鐘","phone":"03-5339763"}},{"type":"Feature","geometry":{"type":"Point","coordinates":[120.973228,24.796806]},"properties":{"uid":"welfare_09835","name":"社團法人新竹市聲暉協會","welfare_class":"child_dev","address":"新竹市東區東南街142巷28號","city":"新竹市","coord_source":"google","coord_precision":"exact","src_datasets":"130229","n_src":1,"unit_type":"社福單位","service_mode":"時段","service_content":"語言治療、認知治療、藝術治療、遊戲治療、聽覺口語、繪本故事","service_hours":"週一至週五:8時30分至12時、13時至17時30分※每堂50-60分鐘","phone":"03-5610268"}},{"type":"Feature","geometry":{"type":"Point","coordinates":[120.971514,24.797083]},"properties":{"uid":"welfare_09836","name":"新竹市政府委託財團法人心路社會福利基金會經營管理新竹市兒童日間服務中心(身心障礙福利機構兼辦早療業務)","welfare_class":"child_dev","address":"新竹市東區竹蓮街6號7樓","city":"新竹市","coord_source":"offline_l15","coord_precision":"interpolated","src_datasets":"130229","n_src":1,"unit_type":"社福單位","service_mode":"日間、時段、到宅","service_content":"物理治療、職能治療、認知治療、人際互動團課、社交情緒課程","service_hours":"週一至週五:8時30分至17時※每堂40-60分鐘","phone":"03-5612511"}},{"type":"Feature","geometry":{"type":"Point","coordinates":[121.006347,24.804422]},"properties":{"uid":"welfare_09837","name":"財團法人福榮融合教育推廣基金會","welfare_class":"child_dev","address":"新竹市東區水利路52號","city":"新竹市","coord_source":"offline_l15","coord_precision":"interpolated","src_datasets":"130229","n_src":1,"unit_type":"教育單位","service_mode":"時段","service_content":"語言治療、認知治療、心理課程、專注力、人際互動個別、藝術治療、人際互動團課、音樂治療、社交情緒課程","service_hours":"週一至週五:8時至17時※每堂40-60分鐘","phone":"03-5753133"}},{"type":"Feature","geometry":{"type":"Point","coordinates":[120.981161,24.813782]},"properties":{"uid":"welfare_09838","name":"雲起心理治療所","welfare_class":"child_dev","address":"新竹市東區自由路67號7樓之2","city":"新竹市","coord_source":"offline_l15","coord_precision":"interpolated","src_datasets":"130229","n_src":1,"unit_type":"衛生單位","service_mode":"時段","service_content":"情緒、注意力、心理治療","service_hours":"1.  週一至週五:8時至21時30分；2.  週六:8時至17時※每堂50分鐘※團體課60分鐘","phone":"03-5335580"}},{"type":"Feature","geometry":{"type":"Point","coordinates":[120.961483,24.797432]},"properties":{"uid":"welfare_09839","name":"新朝診所","welfare_class":"child_dev","address":"新竹市北區林森路299號","city":"新竹市","coord_source":"offline_l15","coord_precision":"interpolated","src_datasets":"130229","n_src":1,"unit_type":"衛生單位","service_mode":"時段","service_content":"物理治療、職能治療、語言治療、認知訓練、感統、專注力、人際互動(個別)、遊戲治療","service_hours":"週一至週五:8時至12時、14時至21時※每堂30分鐘","phone":"03-5261718"}},{"type":"Feature","geometry":{"type":"Point","coordinates":[120.980615,24.815873]},"properties":{"uid":"welfare_09840","name":"國立臺灣大學醫學院附設醫院新竹分院","welfare_class":"child_dev","address":"新竹市北區經國路一段442巷25號","city":"新竹市","coord_source":"offline_l1","coord_precision":"cached","src_datasets":"130229","n_src":1,"unit_type":"衛生單位","service_mode":"時段","service_content":"物理治療、職能治療、語言治療、認知、感統、專注力、社交情緒課程、人際互動(個別、團課)、遊戲治療、心理治療","service_hours":"1.週一至週五8時至17時；2.週三17時30分-21時※每堂30-45分鐘","phone":"03-5326151分機3523"}},{"type":"Feature","geometry":{"type":"Point","coordinates":[120.97346,24.81969]},"properties":{"uid":"welfare_09841","name":"宇治語言治療所","welfare_class":"child_dev","address":"新竹市北區湳雅街126巷24號","city":"新竹市","coord_source":"offline_l15","coord_precision":"interpolated","src_datasets":"130229","n_src":1,"unit_type":"衛生單位","service_mode":"時段","service_content":"語言治療","service_hours":"請逕洽詢該單位服務人員","phone":"986861580"}},{"type":"Feature","geometry":{"type":"Point","coordinates":[120.960229,24.798343]},"properties":{"uid":"welfare_09842","name":"清華大學附小","welfare_class":"child_dev","address":"新竹市北區四維路47號","city":"新竹市","coord_source":"offline_l2","coord_precision":"exact","src_datasets":"130229","n_src":1,"unit_type":"教育單位","service_mode":"時段","service_content":"集中式特殊教育班","service_hours":"請逕洽詢該單位服務人員","phone":"03-5282420"}},{"type":"Feature","geometry":{"type":"Point","coordinates":[120.965744,24.812224]},"properties":{"uid":"welfare_09843","name":"北門國小","welfare_class":"child_dev","address":"新竹市北區水田街33號","city":"新竹市","coord_source":"offline_l1","coord_precision":"cached","src_datasets":"130229","n_src":1,"unit_type":"教育單位","service_mode":"時段","service_content":"不分類巡迴輔導班","service_hours":"請逕洽詢該單位服務人員","phone":"03-5316668"}},{"type":"Feature","geometry":{"type":"Point","coordinates":[120.962684,24.819059]},"properties":{"uid":"welfare_09844","name":"載熙國小","welfare_class":"child_dev","address":"新竹市北區東大路二段386號","city":"新竹市","coord_source":"offline_l2","coord_precision":"exact","src_datasets":"130229","n_src":1,"unit_type":"教育單位","service_mode":"日間","service_content":"集中式特殊教育班","service_hours":"請逕洽詢該單位服務人員","phone":"03-5316675"}},{"type":"Feature","geometry":{"type":"Point","coordinates":[120.963258,24.80573]},"properties":{"uid":"welfare_09845","name":"新竹市立幼兒園","welfare_class":"child_dev","address":"新竹市北區西大路508號","city":"新竹市","coord_source":"offline_l2","coord_precision":"exact","src_datasets":"130229","n_src":1,"unit_type":"教育單位","service_mode":"日間","service_content":"集中式特殊教育班","service_hours":"請逕洽詢該單位服務人員","phone":"03-5222597"}},{"type":"Feature","geometry":{"type":"Point","coordinates":[120.941191,24.805278]},"properties":{"uid":"welfare_09846","name":"虎林國小","welfare_class":"child_dev","address":"新竹市香山區延平路二段78號","city":"新竹市","coord_source":"offline_l1","coord_precision":"cached","src_datasets":"130229","n_src":1,"unit_type":"教育單位","service_mode":"日間","service_content":"集中式特殊教育班","service_hours":"請逕洽詢該單位服務人員","phone":"03-5381820"}},{"type":"Feature","geometry":{"type":"Point","coordinates":[120.455393,23.486546]},"properties":{"uid":"welfare_09847","name":"嘉義大學附小","welfare_class":"child_dev","address":"嘉義市東區林森東路46號","city":"嘉義市","coord_source":"offline_l2","coord_precision":"exact","src_datasets":"130229","n_src":1,"unit_type":"教育單位","service_mode":"日間","service_content":"集中式特殊教育班","service_hours":"請逕洽詢該單位服務人員","phone":"05-2788002"}},{"type":"Feature","geometry":{"type":"Point","coordinates":[120.452109,23.472045]},"properties":{"uid":"welfare_09848","name":"崇文國小","welfare_class":"child_dev","address":"嘉義市東區垂楊路241號","city":"嘉義市","coord_source":"offline_l2","coord_precision":"exact","src_datasets":"130229","n_src":1,"unit_type":"教育單位","service_mode":"時段","service_content":"不分類巡迴輔導班","service_hours":"請逕洽詢該單位服務人員","phone":"05-2222310"}},{"type":"Feature","geometry":{"type":"Point","coordinates":[120.453925,23.474373]},"properties":{"uid":"welfare_09849","name":"民族國小","welfare_class":"child_dev","address":"嘉義市東區民族路235號","city":"嘉義市","coord_source":"offline_l2","coord_precision":"exact","src_datasets":"130229","n_src":1,"unit_type":"教育單位","service_mode":"時段","service_content":"不分類巡迴輔導班","service_hours":"請逕洽詢該單位服務人員","phone":"05-2222113"}},{"type":"Feature","geometry":{"type":"Point","coordinates":[120.467427,23.489303]},"properties":{"uid":"welfare_09850","name":"林森國小","welfare_class":"child_dev","address":"嘉義市東區林森東路346號","city":"嘉義市","coord_source":"offline_l2","coord_precision":"exact","src_datasets":"130229","n_src":1,"unit_type":"教育單位","service_mode":"日間","service_content":"集中式特殊教育班","service_hours":"請逕洽詢該單位服務人員","phone":"05-2762063"}},{"type":"Feature","geometry":{"type":"Point","coordinates":[120.450083,23.499268]},"properties":{"uid":"welfare_09851","name":"戴德森醫療財團法人嘉義基督教醫院","welfare_class":"child_dev","address":"嘉義市東區忠孝路539號","city":"嘉義市","coord_source":"offline_l2","coord_precision":"exact","src_datasets":"130229","n_src":1,"unit_type":"衛生單位","service_mode":"時段","service_content":"物理、職能、語言、聽語治療","service_hours":"請逕洽詢該單位服務人員","phone":"05-2765041"}},{"type":"Feature","geometry":{"type":"Point","coordinates":[120.4671,23.47568]},"properties":{"uid":"welfare_09852","name":"天主教中華聖母修女會醫療財團法人天主教聖馬爾定醫院","welfare_class":"child_dev","address":"嘉義市東區蘭潭里大雅路二段565號","city":"嘉義市","coord_source":"offline_l1","coord_precision":"cached","src_datasets":"130229","n_src":1,"unit_type":"衛生單位","service_mode":"時段","service_content":"物理、職能、語言治療","service_hours":"請逕洽詢該單位服務人員","phone":"05-2756000"}},{"type":"Feature","geometry":{"type":"Point","coordinates":[120.45235,23.48463]},"properties":{"uid":"welfare_09853","name":"福音聯合診所","welfare_class":"child_dev","address":"嘉義市東區吳鳳北路340號","city":"嘉義市","coord_source":"offline_l15","coord_precision":"interpolated","src_datasets":"130229","n_src":1,"unit_type":"衛生單位","service_mode":"時段","service_content":"感覺統合、語言治療","service_hours":"請逕洽詢該單位服務人員","phone":"05-2782036"}},{"type":"Feature","geometry":{"type":"Point","coordinates":[120.453496,23.480395]},"properties":{"uid":"welfare_09854","name":"陽明醫院","welfare_class":"child_dev","address":"嘉義市東區吳鳯北路252號","city":"嘉義市","coord_source":"google","coord_precision":"approximate","src_datasets":"130229","n_src":1,"unit_type":"衛生單位","service_mode":"時段","service_content":"物理、職能、語言治療","service_hours":"請逕洽詢該單位服務人員","phone":"05-2284567　"}},{"type":"Feature","geometry":{"type":"Point","coordinates":[120.443951,23.480065]},"properties":{"uid":"welfare_09855","name":"慶昇醫院","welfare_class":"child_dev","address":"嘉義市東區新榮路339-1號","city":"嘉義市","coord_source":"google","coord_precision":"exact","src_datasets":"130229","n_src":1,"unit_type":"衛生單位","service_mode":"時段","service_content":"物理、職能、感統治療","service_hours":"請逕洽詢該單位服務人員","phone":"05-2229191"}},{"type":"Feature","geometry":{"type":"Point","coordinates":[120.45132,23.50572]},"properties":{"uid":"welfare_09856","name":"財團法人雙福社會福利慈善事業基金會附設嘉義市私立晨光智能發展中心發展遲緩兒童到宅及社區療育服務方案","welfare_class":"child_dev","address":"嘉義市東區後湖里忠孝一街98號","city":"嘉義市","coord_source":"offline_l15","coord_precision":"interpolated","src_datasets":"130229","n_src":1,"unit_type":"社福單位","service_mode":"時段、到宅","service_content":"1.療育服務、家庭支持服務、社區療育服務。2.服務全市。","service_hours":"1.週一至週五:8時至17時；2.週三時段療育:8時至17時","phone":"05-2759129"}},{"type":"Feature","geometry":{"type":"Point","coordinates":[120.421246,23.481451]},"properties":{"uid":"welfare_09857","name":"嘉義特殊教育學校","welfare_class":"child_dev","address":"嘉義市西區世賢路二段123號","city":"嘉義市","coord_source":"offline_l2","coord_precision":"exact","src_datasets":"130229","n_src":1,"unit_type":"教育單位","service_mode":"日間","service_content":"集中式特殊教育班","service_hours":"請逕洽詢該單位服務人員","phone":"05-2858549"}},{"type":"Feature","geometry":{"type":"Point","coordinates":[120.430932,23.484983]},"properties":{"uid":"welfare_09858","name":"僑平國小","welfare_class":"child_dev","address":"嘉義市西區德安路10號","city":"嘉義市","coord_source":"offline_l2","coord_precision":"exact","src_datasets":"130229","n_src":1,"unit_type":"教育單位","service_mode":"時段","service_content":"不分類巡迴輔導班","service_hours":"請逕洽詢該單位服務人員","phone":"05-2333746"}},{"type":"Feature","geometry":{"type":"Point","coordinates":[120.44148,23.47596]},"properties":{"uid":"welfare_09859","name":"祥太醫院","welfare_class":"child_dev","address":"嘉義市西區延平街490號","city":"嘉義市","coord_source":"offline_l15","coord_precision":"interpolated","src_datasets":"130229","n_src":1,"unit_type":"衛生單位","service_mode":"時段","service_content":"物理、職能、語言治療","service_hours":"請逕洽詢該單位服務人員","phone":"05-2230398"}},{"type":"Feature","geometry":{"type":"Point","coordinates":[120.44324,23.48017]},"properties":{"uid":"welfare_09860","name":"陳仁德醫院","welfare_class":"child_dev","address":"嘉義市西區林森西路285號","city":"嘉義市","coord_source":"offline_l1","coord_precision":"cached","src_datasets":"130229","n_src":1,"unit_type":"衛生單位","service_mode":"時段","service_content":"物理、職能、語言治療","service_hours":"請逕洽詢該單位服務人員","phone":"05-2258279"}},{"type":"Feature","geometry":{"type":"Point","coordinates":[120.42907,23.48117]},"properties":{"uid":"welfare_09861","name":"衛生福利部嘉義醫院","welfare_class":"child_dev","address":"嘉義市西區北港路312號","city":"嘉義市","coord_source":"offline_l1","coord_precision":"cached","src_datasets":"130229","n_src":1,"unit_type":"衛生單位","service_mode":"時段","service_content":"物理、職能、語言治療","service_hours":"請逕洽詢該單位服務人員","phone":"05-2319090"}},{"type":"Feature","geometry":{"type":"Point","coordinates":[120.42299,23.467366]},"properties":{"uid":"welfare_09862","name":"臺中榮民總醫院嘉義分院","welfare_class":"child_dev","address":"嘉義市西區世賢路二段600號","city":"嘉義市","coord_source":"offline_l2","coord_precision":"exact","src_datasets":"130229","n_src":1,"unit_type":"衛生單位","service_mode":"時段","service_content":"物理、職能、語言治療","service_hours":"請逕洽詢該單位服務人員","phone":"05-2359630"}},{"type":"Feature","geometry":{"type":"Point","coordinates":[120.442357,23.468333]},"properties":{"uid":"welfare_09863","name":"博愛診所","welfare_class":"child_dev","address":"嘉義市西區興業西路136號1樓","city":"嘉義市","coord_source":"offline_l15","coord_precision":"interpolated","src_datasets":"130229","n_src":1,"unit_type":"衛生單位","service_mode":"時段","service_content":"物理、職能、語言治療","service_hours":"請逕洽詢該單位服務人員","phone":"05-2866600"}},{"type":"Feature","geometry":{"type":"Point","coordinates":[118.416373,24.441003]},"properties":{"uid":"welfare_09864","name":"衛生福利部金門醫院(離島免收部分負擔)","welfare_class":"child_dev","address":"金門縣金湖鎮新市里復興路2號","city":"金門縣","coord_source":"offline_l15","coord_precision":"interpolated","src_datasets":"130229","n_src":1,"unit_type":"衛生單位","service_mode":"時段","service_content":"物理、職能治療、語言治療","service_hours":"1.物理、職能治療請逕洽詢該單位服務人員；2.語言治療週一至週五:8時至16時","phone":"082-332546"}},{"type":"Feature","geometry":{"type":"Point","coordinates":[118.417015,24.44023]},"properties":{"uid":"welfare_09865","name":"早期療育聯合服務中心(早期療育機構) (免費)","welfare_class":"child_dev","address":"金門縣金湖鎮中正路1-1號1樓","city":"金門縣","coord_source":"google","coord_precision":"exact","src_datasets":"130229","n_src":1,"unit_type":"社福單位","service_mode":"時段、到宅","service_content":"時段療育/到宅服務/烈嶼社區據點-物理治療、職能治療、語言治療、認知治療、個別及團體課程、巡迴輔導服務、家長心理支持、專業諮詢","service_hours":"週一至週五:8時至17時","phone":"082-337886、082-330995"}},{"type":"Feature","geometry":{"type":"Point","coordinates":[118.414979,24.442669]},"properties":{"uid":"welfare_09866","name":"金湖國小附設幼兒園","welfare_class":"child_dev","address":"金門縣金湖鎮新市里林森路12號","city":"金門縣","coord_source":"google","coord_precision":"exact","src_datasets":"130229","n_src":1,"unit_type":"教育單位","service_mode":"日間","service_content":"身障類資源班","service_hours":"請逕洽詢該單位服務人員","phone":"082-335977"}},{"type":"Feature","geometry":{"type":"Point","coordinates":[118.41489,24.48753]},"properties":{"uid":"welfare_09867","name":"金沙國小","welfare_class":"child_dev","address":"金門縣金沙鎮汶沙里後埔頭117 號","city":"金門縣","coord_source":"google","coord_precision":"approximate","src_datasets":"130229","n_src":1,"unit_type":"教育單位","service_mode":"時段","service_content":"不分類巡迴輔導班","service_hours":"請逕洽詢該單位服務人員","phone":"082-352569"}},{"type":"Feature","geometry":{"type":"Point","coordinates":[118.25892,24.42564]},"properties":{"uid":"welfare_09868","name":"財團法人瑪利亞社會福利基金會服務據點","welfare_class":"child_dev","address":"金門縣烈嶼鄉羅厝6之1號2樓","city":"金門縣","coord_source":"google","coord_precision":"approximate","src_datasets":"130229","n_src":1,"unit_type":"社福單位","service_mode":"時段、到宅","service_content":"時段療育","service_hours":"請逕洽詢該單位服務人員","phone":"082-337886"}},{"type":"Feature","geometry":{"type":"Point","coordinates":[118.244677,24.429515]},"properties":{"uid":"welfare_09869","name":"卓環國小附設幼兒園","welfare_class":"child_dev","address":"金門縣烈嶼鄉西路23號","city":"金門縣","coord_source":"offline_l15","coord_precision":"interpolated","src_datasets":"130229","n_src":1,"unit_type":"教育單位","service_mode":"時段","service_content":"不分類巡迴輔導班","service_hours":"請逕洽詢該單位服務人員","phone":"082-362124"}},{"type":"Feature","geometry":{"type":"Point","coordinates":[118.319179,24.435297]},"properties":{"uid":"welfare_09870","name":"金城幼兒園","welfare_class":"child_dev","address":"金門縣金城鎮民生路38號","city":"金門縣","coord_source":"offline_l15","coord_precision":"interpolated","src_datasets":"130229","n_src":1,"unit_type":"教育單位","service_mode":"日間、時段","service_content":"集中式特殊教育班、不分類巡迴輔導班","service_hours":"請逕洽詢該單位服務人員","phone":"082-325648"}},{"type":"Feature","geometry":{"type":"Point","coordinates":[119.949168,26.160844]},"properties":{"uid":"welfare_09871","name":"連江縣立醫院","welfare_class":"child_dev","address":"連江縣南竿鄉復興村217號","city":"連江縣","coord_source":"offline_l1","coord_precision":"cached","src_datasets":"130229","n_src":1,"unit_type":"衛生單位","service_mode":"時段","service_content":"語言、職能治療","service_hours":"每月第4週六、日","phone":"0836-23995分機1316"}},{"type":"Feature","geometry":{"type":"Point","coordinates":[119.937915,26.147777]},"properties":{"uid":"welfare_09872","name":"財團法人伊甸社會福利基金會(連江縣早療據點)","welfare_class":"child_dev","address":"連江縣南竿鄉清水村131號5樓(馬祖綜合福利園區)","city":"連江縣","coord_source":"google","coord_precision":"approximate","src_datasets":"130229","n_src":1,"unit_type":"社福單位","service_mode":"時段、到宅","service_content":"時段療育、到宅療育","service_hours":"請逕洽詢該單位服務人員","phone":"0836-23923"}},{"type":"Feature","geometry":{"type":"Point","coordinates":[119.944289,26.157748]},"properties":{"uid":"welfare_09873","name":"財團法人臺灣兒童暨家庭扶助基金會馬祖分事務所","welfare_class":"child_dev","address":"連江縣南竿鄉福沃村63-1號1樓","city":"連江縣","coord_source":"offline_l1","coord_precision":"cached","src_datasets":"130229","n_src":1,"unit_type":"社福單位","service_mode":"到宅","service_content":"到宅療育","service_hours":"請逕洽詢該單位服務人員","phone":"0836-23545"}},{"type":"Feature","geometry":{"type":"Point","coordinates":[119.949813,26.160321]},"properties":{"uid":"welfare_09874","name":"介壽國中小附設幼兒園","welfare_class":"child_dev","address":"連江縣南竿鄉介壽村13號","city":"連江縣","coord_source":"offline_l1","coord_precision":"cached","src_datasets":"130229","n_src":1,"unit_type":"教育單位","service_mode":"時段","service_content":"不分類巡迴輔導班","service_hours":"請逕洽詢該單位服務人員","phone":"0836-22192分機181"}},{"type":"Feature","geometry":{"type":"Point","coordinates":[121.481622,25.08483]},"properties":{"uid":"welfare_09875","name":"新北市蘆洲少年福利服務中心","welfare_class":"child_welfare","address":"新北市蘆洲區集賢路245號6樓","city":"新北市","coord_source":"offline_l1","coord_precision":"cached","src_datasets":"161604","n_src":1,"operate_mode":"公設民營","phone":"02-82862224","subtype":"福利服務中心"}},{"type":"Feature","geometry":{"type":"Point","coordinates":[121.630702,25.066789]},"properties":{"uid":"welfare_09876","name":"新北市汐止少年福利服務中心","welfare_class":"child_welfare","address":"新北市汐止區中興路250號3樓","city":"新北市","coord_source":"offline_l1","coord_precision":"cached","src_datasets":"161604","n_src":1,"operate_mode":"公設民營","phone":"02 26956543","subtype":"福利服務中心"}},{"type":"Feature","geometry":{"type":"Point","coordinates":[121.430813,25.058434]},"properties":{"uid":"welfare_09877","name":"新北市少年培力園","welfare_class":"child_welfare","address":"新北市泰山區明志路一段350號","city":"新北市","coord_source":"offline_l2","coord_precision":"exact","src_datasets":"161604","n_src":1,"operate_mode":"公設民營","phone":"02-22977113","subtype":"福利服務中心"}},{"type":"Feature","geometry":{"type":"Point","coordinates":[121.519056,25.008989]},"properties":{"uid":"welfare_09878","name":"新北市漾青春基地","welfare_class":"child_welfare","address":"新北市永和區中正路666巷70號","city":"新北市","coord_source":"offline_l15","coord_precision":"interpolated","src_datasets":"161604","n_src":1,"operate_mode":"公設民營","phone":"02-29266177","subtype":"福利服務中心"}},{"type":"Feature","geometry":{"type":"Point","coordinates":[121.488362,25.070723]},"properties":{"uid":"welfare_09879","name":"新北市花漾青春館","welfare_class":"child_welfare","address":"新北市三重區自強路二段93號B1","city":"新北市","coord_source":"offline_l2","coord_precision":"exact","src_datasets":"161604","n_src":1,"operate_mode":"公設民營","phone":"02-29833995","subtype":"福利服務中心"}},{"type":"Feature","geometry":{"type":"Point","coordinates":[121.54297,24.964364]},"properties":{"uid":"welfare_09880","name":"新北市新店少年福利服務中心","welfare_class":"child_welfare","address":"新北市新店區中興路一段170號1樓","city":"新北市","coord_source":"offline_l2","coord_precision":"exact","src_datasets":"161604","n_src":1,"operate_mode":"公設民營","phone":"02-89193217","subtype":"福利服務中心"}},{"type":"Feature","geometry":{"type":"Point","coordinates":[121.452182,25.03669]},"properties":{"uid":"welfare_09881","name":"新北市新莊少年福利服務中心","welfare_class":"child_welfare","address":"新北市新莊區中華路一段8號6樓","city":"新北市","coord_source":"offline_l1","coord_precision":"cached","src_datasets":"161604","n_src":1,"operate_mode":"公設民營","phone":"02-29909100","subtype":"福利服務中心"}},{"type":"Feature","geometry":{"type":"Point","coordinates":[121.55153,25.056993]},"properties":{"uid":"welfare_09882","name":"臺北市東區少年服務中心","welfare_class":"child_welfare","address":"臺北市松山區敦化北路199巷5號3樓","city":"臺北市","coord_source":"offline_l1","coord_precision":"cached","src_datasets":"161604","n_src":1,"operate_mode":"公設民營","phone":"02-27191980","subtype":"福利服務中心"}},{"type":"Feature","geometry":{"type":"Point","coordinates":[121.495667,25.027917]},"properties":{"uid":"welfare_09883","name":"臺北市西區少年服務中心","welfare_class":"child_welfare","address":"臺北市萬華區東園街19號1樓及地下1樓","city":"臺北市","coord_source":"offline_l1","coord_precision":"cached","src_datasets":"161604","n_src":1,"operate_mode":"公設民營","phone":"02-23030168","subtype":"福利服務中心"}},{"type":"Feature","geometry":{"type":"Point","coordinates":[121.555324,25.035329]},"properties":{"uid":"welfare_09884","name":"臺北市南區少年服務中心","welfare_class":"child_welfare","address":"臺北市大安區延吉街246巷10號4樓","city":"臺北市","coord_source":"offline_l2","coord_precision":"exact","src_datasets":"161604","n_src":1,"operate_mode":"公設民營","phone":"02-27048595","subtype":"福利服務中心"}},{"type":"Feature","geometry":{"type":"Point","coordinates":[121.501022,25.13389]},"properties":{"uid":"welfare_09885","name":"臺北市北區少年服務中心","welfare_class":"child_welfare","address":"臺北市北投區中央北路一段12號5樓","city":"臺北市","coord_source":"offline_l1","coord_precision":"cached","src_datasets":"161604","n_src":1,"operate_mode":"公設民營","phone":"02-28971567","subtype":"福利服務中心"}},{"type":"Feature","geometry":{"type":"Point","coordinates":[121.525656,25.058487]},"properties":{"uid":"welfare_09886","name":"臺北市中山大同區少年服務中心","welfare_class":"child_welfare","address":"臺北市中山區林森北路381號4樓","city":"臺北市","coord_source":"offline_l1","coord_precision":"cached","src_datasets":"161604","n_src":1,"operate_mode":"方案委託","phone":"02-25539005","subtype":"福利服務中心"}},{"type":"Feature","geometry":{"type":"Point","coordinates":[121.5752,25.033044]},"properties":{"uid":"welfare_09887","name":"臺北市南港信義區少年服務中心","welfare_class":"child_welfare","address":"臺北市信義區信義路六段12巷21號1樓","city":"臺北市","coord_source":"offline_l2","coord_precision":"exact","src_datasets":"161604","n_src":1,"operate_mode":"方案委託","phone":"02-23468070","subtype":"福利服務中心"}},{"type":"Feature","geometry":{"type":"Point","coordinates":[121.495667,25.027917]},"properties":{"uid":"welfare_09888","name":"臺北市萬華兒童服務中心","welfare_class":"child_welfare","address":"臺北市萬華區東園街19號3、8樓","city":"臺北市","coord_source":"offline_l15","coord_precision":"interpolated","src_datasets":"161604","n_src":1,"operate_mode":"公設民營","phone":"02-23320710","subtype":"福利服務中心"}},{"type":"Feature","geometry":{"type":"Point","coordinates":[121.509454,25.028178]},"properties":{"uid":"welfare_09889","name":"臺北市福安兒童服務中心","welfare_class":"child_welfare","address":"臺北市中正區汀州路一段123號","city":"臺北市","coord_source":"offline_l1","coord_precision":"cached","src_datasets":"161604","n_src":1,"operate_mode":"公設民營","phone":"02-23391305","subtype":"福利服務中心"}},{"type":"Feature","geometry":{"type":"Point","coordinates":[121.249684,24.980304]},"properties":{"uid":"welfare_09890","name":"桃園市少年培力發展中心","welfare_class":"child_welfare","address":"桃園市中壢區文化路399號","city":"桃園市","coord_source":"offline_l1","coord_precision":"cached","src_datasets":"161604","n_src":1,"operate_mode":"方案委託","phone":"03-4511549","subtype":"福利服務中心"}},{"type":"Feature","geometry":{"type":"Point","coordinates":[120.56524,24.230904]},"properties":{"uid":"welfare_09891","name":"臺中市兒童福利服務中心","welfare_class":"child_welfare","address":"臺中市沙鹿區福幼街8號","city":"臺中市","coord_source":"offline_l1","coord_precision":"cached","src_datasets":"161604","n_src":1,"operate_mode":"公設公營","phone":"04-26352551","subtype":"福利服務中心"}},{"type":"Feature","geometry":{"type":"Point","coordinates":[120.69179,24.110606]},"properties":{"uid":"welfare_09892","name":"臺中市兒童青少年福利服務中心","welfare_class":"child_welfare","address":"臺中市大里區新光路32號","city":"臺中市","coord_source":"offline_l2","coord_precision":"exact","src_datasets":"161604","n_src":1,"operate_mode":"公設公營","phone":"04-24827405","subtype":"福利服務中心"}},{"type":"Feature","geometry":{"type":"Point","coordinates":[120.186287,22.991871]},"properties":{"uid":"welfare_09893","name":"臺南市兒童福利服務中心","welfare_class":"child_welfare","address":"臺南市安平區中華西路二段315號2樓","city":"臺南市","coord_source":"offline_l2","coord_precision":"exact","src_datasets":"161604","n_src":1,"operate_mode":"公設民營","phone":"06-2999381#216","subtype":"福利服務中心"}},{"type":"Feature","geometry":{"type":"Point","coordinates":[120.186287,22.991871]},"properties":{"uid":"welfare_09894","name":"臺南市青少年福利服務中心","welfare_class":"child_welfare","address":"臺南市安平區中華西路二段315號5樓","city":"臺南市","coord_source":"offline_l2","coord_precision":"exact","src_datasets":"161604","n_src":1,"operate_mode":"公設公營","phone":"06-2991111#5906","subtype":"福利服務中心"}},{"type":"Feature","geometry":{"type":"Point","coordinates":[120.311511,23.31407]},"properties":{"uid":"welfare_09895","name":"財團法人臺南市私立慶美社會福利慈善事業基金會附設兒童福利服務中心","welfare_class":"child_welfare","address":"臺南市新營區育德街99號","city":"臺南市","coord_source":"offline_l2","coord_precision":"exact","src_datasets":"161604","n_src":1,"operate_mode":"民間自辦","phone":"06-6594180","subtype":"福利服務中心"}},{"type":"Feature","geometry":{"type":"Point","coordinates":[120.347007,22.629776]},"properties":{"uid":"welfare_09896","name":"高雄市政府社會局婦幼青少年活動中心","welfare_class":"child_welfare","address":"高雄市鳳山區光復路2段120號","city":"高雄市","coord_source":"offline_l1","coord_precision":"cached","src_datasets":"161604","n_src":1,"operate_mode":"公設公營","phone":"07-7466900","subtype":"福利服務中心"}},{"type":"Feature","geometry":{"type":"Point","coordinates":[121.645141,24.709372]},"properties":{"uid":"welfare_09897","name":"財團法人慈懷社會福利基金會附設私立噶瑪蘭兒童少年服務中心","welfare_class":"child_welfare","address":"宜蘭縣員山鄉中華村粗坑路245號","city":"宜蘭縣","coord_source":"google","coord_precision":"exact","src_datasets":"161604","n_src":1,"operate_mode":"民間自辦","phone":"03-9231208","subtype":"福利服務中心"}},{"type":"Feature","geometry":{"type":"Point","coordinates":[120.691341,24.494812]},"properties":{"uid":"welfare_09898","name":"苗栗縣青少年服務中心暨平安社區活動中心","welfare_class":"child_welfare","address":"苗栗縣通霄鎮環市路2段9鄰715號2樓","city":"苗栗縣","coord_source":"offline_l1","coord_precision":"cached","src_datasets":"161604","n_src":1,"operate_mode":"公設公營","phone":"037-752104","subtype":"福利服務中心"}},{"type":"Feature","geometry":{"type":"Point","coordinates":[120.47851,23.956882]},"properties":{"uid":"welfare_09899","name":"彰化縣兒童青少年福利服務中心","welfare_class":"child_welfare","address":"彰化縣溪湖鎮德華街17號2樓、3樓","city":"彰化縣","coord_source":"offline_l15","coord_precision":"interpolated","src_datasets":"161604","n_src":1,"operate_mode":"公設公營","phone":"04-8850097","subtype":"福利服務中心"}},{"type":"Feature","geometry":{"type":"Point","coordinates":[120.948724,23.970375]},"properties":{"uid":"welfare_09900","name":"財團法人良顯堂社會福利基金會附設陳綢兒童及少年服務中心","welfare_class":"child_welfare","address":"南投縣埔里鎮中山路三段637巷9號","city":"南投縣","coord_source":"google","coord_precision":"exact","src_datasets":"161604","n_src":1,"operate_mode":"民間自辦","phone":"049-2911811","subtype":"福利服務中心"}},{"type":"Feature","geometry":{"type":"Point","coordinates":[120.457203,23.799462]},"properties":{"uid":"welfare_09901","name":"雲林縣兒童福利服務中心","welfare_class":"child_welfare","address":"雲林縣西螺鎮中山路227號","city":"雲林縣","coord_source":"offline_l1","coord_precision":"cached","src_datasets":"161604","n_src":1,"operate_mode":"公設公營","phone":"05-5878585","subtype":"福利服務中心"}},{"type":"Feature","geometry":{"type":"Point","coordinates":[120.490931,22.6747]},"properties":{"uid":"welfare_09902","name":"屏東縣青少年中心","welfare_class":"child_welfare","address":"屏東縣屏東市中華路80-2號","city":"屏東縣","coord_source":"offline_l2","coord_precision":"exact","src_datasets":"161604","n_src":1,"operate_mode":"公設公營","phone":"08-7366066","subtype":"福利服務中心"}},{"type":"Feature","geometry":{"type":"Point","coordinates":[120.544236,22.559671]},"properties":{"uid":"welfare_09903","name":"財團法人台灣兒童暨家庭扶助基金會附設屏東縣私立家扶兒少福利中心","welfare_class":"child_welfare","address":"屏東縣潮州鎮文化路226號","city":"屏東縣","coord_source":"offline_l2","coord_precision":"exact","src_datasets":"161604","n_src":1,"operate_mode":"民間自辦","phone":"08-7806449","subtype":"福利服務中心"}},{"type":"Feature","geometry":{"type":"Point","coordinates":[121.151789,22.760348]},"properties":{"uid":"welfare_09904","name":"臺東縣青少年福利服務中心籌備處","welfare_class":"child_welfare","address":"臺東縣臺東市博愛路130號","city":"臺東縣","coord_source":"offline_l15","coord_precision":"interpolated","src_datasets":"161604","n_src":1,"operate_mode":"方案委託","phone":"089-324444#227","subtype":"福利服務中心"}},{"type":"Feature","geometry":{"type":"Point","coordinates":[121.628943,23.991022]},"properties":{"uid":"welfare_09905","name":"花蓮縣青少年福利服務中心","welfare_class":"child_welfare","address":"花蓮縣花蓮市文苑路12號5樓","city":"花蓮縣","coord_source":"offline_l1","coord_precision":"cached","src_datasets":"161604","n_src":1,"operate_mode":"公設民營","phone":"03-8235682","subtype":"福利服務中心"}},{"type":"Feature","geometry":{"type":"Point","coordinates":[119.572548,23.575134]},"properties":{"uid":"welfare_09906","name":"澎湖縣兒童少年福利服務中心","welfare_class":"child_welfare","address":"澎湖縣馬公市貿商街60號","city":"澎湖縣","coord_source":"offline_l1","coord_precision":"cached","src_datasets":"161604","n_src":1,"operate_mode":"公設公營","phone":"06-9274167","subtype":"福利服務中心"}},{"type":"Feature","geometry":{"type":"Point","coordinates":[121.723205,25.121029]},"properties":{"uid":"welfare_09907","name":"基隆市青少年福利服務中心","welfare_class":"child_welfare","address":"基隆市安樂區安樂路二段164號10樓","city":"基隆市","coord_source":"offline_l1","coord_precision":"cached","src_datasets":"161604","n_src":1,"operate_mode":"公設民營","phone":"02-24322700","subtype":"福利服務中心"}},{"type":"Feature","geometry":{"type":"Point","coordinates":[120.460809,23.470279]},"properties":{"uid":"welfare_09908","name":"嘉義市兒童福利服務中心","welfare_class":"child_welfare","address":"嘉義市興業東路555號","city":"嘉義市","coord_source":"offline_l1","coord_precision":"cached","src_datasets":"161604","n_src":1,"operate_mode":"公設公營","phone":"05-2163370","subtype":"福利服務中心"}},{"type":"Feature","geometry":{"type":"Point","coordinates":[120.460188,23.471782]},"properties":{"uid":"welfare_09909","name":"嘉義市青少年福利服務中心","welfare_class":"child_welfare","address":"嘉義市東區體育路10號","city":"嘉義市","coord_source":"offline_l15","coord_precision":"interpolated","src_datasets":"161604","n_src":1,"operate_mode":"公設公營","phone":"05-2237963","subtype":"福利服務中心"}},{"type":"Feature","geometry":{"type":"Point","coordinates":[118.320156,24.433129]},"properties":{"uid":"welfare_09910","name":"金門縣兒童及少年福利服務中心","welfare_class":"child_welfare","address":"金門縣金城鎮民生路7號7樓","city":"金門縣","coord_source":"offline_l1","coord_precision":"cached","src_datasets":"161604","n_src":1,"operate_mode":"公設民營","phone":"082-312838","subtype":"福利服務中心"}},{"type":"Feature","geometry":{"type":"Point","coordinates":[121.300025,25.056561]},"properties":{"uid":"welfare_09911","name":"衛生福利部北區兒童之家","welfare_class":"child_welfare","address":"桃園市蘆竹區營福里中山路108巷36號","city":"桃園市","coord_source":"offline_l2","coord_precision":"exact","src_datasets":"161606","n_src":1,"nature":"公立機構","authority":"衛生福利部","phone":"03-3525634","subtype":"安置教養機構"}},{"type":"Feature","geometry":{"type":"Point","coordinates":[120.674807,24.139414]},"properties":{"uid":"welfare_09912","name":"衛生福利部中區兒童之家","welfare_class":"child_welfare","address":"臺中市西區大明街27號","city":"臺中市","coord_source":"offline_l15","coord_precision":"interpolated","src_datasets":"161606","n_src":1,"nature":"公立機構","authority":"衛生福利部","phone":"04-22222294","subtype":"安置教養機構"}},{"type":"Feature","geometry":{"type":"Point","coordinates":[120.325531,22.736586]},"properties":{"uid":"welfare_09913","name":"衛生福利部南區兒童之家","welfare_class":"child_welfare","address":"高雄市楠梓區楠梓路416號","city":"高雄市","coord_source":"offline_l2","coord_precision":"exact","src_datasets":"161606","n_src":1,"nature":"公立機構","authority":"衛生福利部","phone":"07-3514645","subtype":"安置教養機構"}},{"type":"Feature","geometry":{"type":"Point","coordinates":[120.954377,24.791724]},"properties":{"uid":"welfare_09914","name":"衛生福利部少年之家","welfare_class":"child_welfare","address":"新竹市北區曲溪里崧嶺路181號","city":"新竹市","coord_source":"offline_l2","coord_precision":"exact","src_datasets":"161606","n_src":1,"nature":"公立機構","authority":"衛生福利部","phone":"03-5222238","subtype":"安置教養機構"}},{"type":"Feature","geometry":{"type":"Point","coordinates":[120.5081,22.662974]},"properties":{"uid":"welfare_09915","name":"衛生福利部南區老人之家少年教養所","welfare_class":"child_welfare","address":"屏東縣屏東市瑞光里香揚巷1號","city":"屏東縣","coord_source":"offline_l2","coord_precision":"exact","src_datasets":"161606","n_src":1,"nature":"公立機構","authority":"衛生福利部","phone":"08-7223434","subtype":"安置教養機構"}},{"type":"Feature","geometry":{"type":"Point","coordinates":[119.604999,23.558157]},"properties":{"uid":"welfare_09916","name":"衛生福利部澎湖老人之家少年教養所","welfare_class":"child_welfare","address":"澎湖縣馬公市光華里123號","city":"澎湖縣","coord_source":"google","coord_precision":"approximate","src_datasets":"161606","n_src":1,"nature":"公立機構","authority":"衛生福利部","phone":"06-9217056","subtype":"安置教養機構"}},{"type":"Feature","geometry":{"type":"Point","coordinates":[121.172269,24.957646]},"properties":{"uid":"welfare_09917","name":"財團法人台灣省私立台灣國際兒童村","welfare_class":"child_welfare","address":"桃園市楊梅區民族路五段201巷12 號","city":"桃園市","coord_source":"offline_l2","coord_precision":"exact","src_datasets":"161606","n_src":1,"nature":"私立機構","authority":"衛生福利部","phone":"03-4902304","subtype":"安置教養機構"}},{"type":"Feature","geometry":{"type":"Point","coordinates":[120.237507,23.043203]},"properties":{"uid":"welfare_09918","name":"財團法人台灣省私立台南仁愛之家育幼所","welfare_class":"child_welfare","address":"臺南市永康區三村一街151號","city":"臺南市","coord_source":"offline_l1","coord_precision":"cached","src_datasets":"161606","n_src":1,"nature":"私立機構","authority":"衛生福利部","phone":"06-2531845-23","subtype":"安置教養機構"}},{"type":"Feature","geometry":{"type":"Point","coordinates":[121.394979,25.014189]},"properties":{"uid":"welfare_09919","name":"財團法人基督教芥菜種會附設新北市私立愛心育幼院","welfare_class":"child_welfare","address":"新北市樹林區三興路61號","city":"新北市","coord_source":"offline_l2","coord_precision":"exact","src_datasets":"161606","n_src":1,"nature":"私立機構","authority":"新北市政府社會局","phone":"02-29927503","subtype":"安置教養機構"}},{"type":"Feature","geometry":{"type":"Point","coordinates":[121.519411,25.013603]},"properties":{"uid":"welfare_09920","name":"財團法人新北市私立榮光育幼院","welfare_class":"child_welfare","address":"新北市永和區竹林路75巷11號","city":"新北市","coord_source":"offline_l2","coord_precision":"exact","src_datasets":"161606","n_src":1,"nature":"私立機構","authority":"新北市政府社會局","phone":" 02-89276225","subtype":"安置教養機構"}},{"type":"Feature","geometry":{"type":"Point","coordinates":[121.499713,24.995769]},"properties":{"uid":"welfare_09921","name":"財團法人台灣兒童暨家庭扶助基金會附設新北市私立大同育幼院","welfare_class":"child_welfare","address":"新北市中和區圓通路121巷2號","city":"新北市","coord_source":"offline_l2","coord_precision":"exact","src_datasets":"161606","n_src":1,"nature":"私立機構","authority":"新北市政府社會局","phone":"02-22472455","subtype":"安置教養機構"}},{"type":"Feature","geometry":{"type":"Point","coordinates":[121.614145,25.002115]},"properties":{"uid":"welfare_09922","name":"財團法人天主教福利會附設新北市私立約納家園","welfare_class":"child_welfare","address":"新北市深坑區北深路二段155號","city":"新北市","coord_source":"offline_l1","coord_precision":"cached","src_datasets":"161606","n_src":1,"nature":"私立機構","authority":"新北市政府社會局","phone":"02-26625184","subtype":"安置教養機構"}},{"type":"Feature","geometry":{"type":"Point","coordinates":[121.538238,25.104556]},"properties":{"uid":"welfare_09923","name":"財團法人台北市私立華興育幼院","welfare_class":"child_welfare","address":"臺北市士林區仰德大道一段101號","city":"臺北市","coord_source":"offline_l2","coord_precision":"exact","src_datasets":"161606","n_src":1,"nature":"私立機構","authority":"臺北市政府社會局","phone":"02-28330150","subtype":"安置教養機構"}},{"type":"Feature","geometry":{"type":"Point","coordinates":[121.492062,25.034551]},"properties":{"uid":"welfare_09924","name":"財團法人台北市私立義光育幼院","welfare_class":"child_welfare","address":"臺北市萬華區和平西路三段382巷11弄17號","city":"臺北市","coord_source":"offline_l2","coord_precision":"exact","src_datasets":"161606","n_src":1,"nature":"私立機構","authority":"臺北市政府社會局","phone":"02-23045561","subtype":"安置教養機構"}},{"type":"Feature","geometry":{"type":"Point","coordinates":[121.545439,24.99632]},"properties":{"uid":"welfare_09925","name":"財團法人忠義社會福利事業基金會附設臺北市私立忠義育幼院","welfare_class":"child_welfare","address":"臺北市文山區景興路85巷12號","city":"臺北市","coord_source":"offline_l2","coord_precision":"exact","src_datasets":"161606","n_src":1,"nature":"私立機構","authority":"臺北市政府社會局","phone":"02-29310213","subtype":"安置教養機構"}},{"type":"Feature","geometry":{"type":"Point","coordinates":[121.567241,24.984888]},"properties":{"uid":"welfare_09926","name":"財團法人基督教台北市私立伯大尼兒少家園","welfare_class":"child_welfare","address":"臺北市文山區木新里13鄰保儀路129號","city":"臺北市","coord_source":"offline_l1","coord_precision":"cached","src_datasets":"161606","n_src":1,"nature":"私立機構","authority":"臺北市政府社會局","phone":"02-29396396","subtype":"安置教養機構"}},{"type":"Feature","geometry":{"type":"Point","coordinates":[121.530186,25.124524]},"properties":{"uid":"welfare_09927","name":"財團法人台北市私立體惠育幼院","welfare_class":"child_welfare","address":"臺北市士林區中山北路七段141巷43號","city":"臺北市","coord_source":"offline_l2","coord_precision":"exact","src_datasets":"161606","n_src":1,"nature":"私立機構","authority":"臺北市政府社會局","phone":"02-28715276","subtype":"安置教養機構"}},{"type":"Feature","geometry":{"type":"Point","coordinates":[121.570861,25.04223]},"properties":{"uid":"welfare_09928","name":"財團法人中華文化社會福利事業基金會台北兒童福利中心","welfare_class":"child_welfare","address":"臺北市信義區虎林街120巷270號","city":"臺北市","coord_source":"offline_l2","coord_precision":"exact","src_datasets":"161606","n_src":1,"nature":"私立機構","authority":"臺北市政府社會局","phone":"02-37652575","subtype":"安置教養機構"}},{"type":"Feature","geometry":{"type":"Point","coordinates":[121.502074,25.119625]},"properties":{"uid":"welfare_09929","name":"財團法人基督教聖道兒少福利基金會附屬台北市私立聖道兒童之家","welfare_class":"child_welfare","address":"臺北市北投區承德路七段388號","city":"臺北市","coord_source":"offline_l2","coord_precision":"exact","src_datasets":"161606","n_src":1,"nature":"私立機構","authority":"臺北市政府社會局","phone":"02-28200002","subtype":"安置教養機構"}},{"type":"Feature","geometry":{"type":"Point","coordinates":[121.544412,25.138547]},"properties":{"uid":"welfare_09930","name":"財團法人台北市私立非拉鐵非兒少之家","welfare_class":"child_welfare","address":"臺北市士林區愛富二街7號","city":"臺北市","coord_source":"offline_l2","coord_precision":"exact","src_datasets":"161606","n_src":1,"nature":"私立機構","authority":"臺北市政府社會局","phone":"02-28622332","subtype":"安置教養機構"}},{"type":"Feature","geometry":{"type":"Point","coordinates":[121.612976,25.05519]},"properties":{"uid":"welfare_09931","name":"財團法人台灣關愛基金會附設台北市私立關愛之子家園","welfare_class":"child_welfare","address":"臺北市南港區南港路1段173號4樓","city":"臺北市","coord_source":"offline_l2","coord_precision":"exact","src_datasets":"161606","n_src":1,"nature":"私立機構","authority":"臺北市政府社會局","phone":"(02)2651-9773","subtype":"安置教養機構"}},{"type":"Feature","geometry":{"type":"Point","coordinates":[121.17041,24.951856]},"properties":{"uid":"welfare_09932","name":"財團法人桃園市藍迪基金會附設桃園市私立藍迪兒童之家","welfare_class":"child_welfare","address":"桃園是楊梅區電研路190巷92弄100 號","coord_source":"google","coord_precision":"exact","src_datasets":"161606","n_src":1,"nature":"私立機構","authority":"桃園市政府社會局","phone":"03-4901500","subtype":"安置教養機構"}},{"type":"Feature","geometry":{"type":"Point","coordinates":[121.22355,25.097622]},"properties":{"uid":"welfare_09933","name":"財團法人桃園市私立懷德風箏緣地育幼院","welfare_class":"child_welfare","address":"桃園市大園區沙崙里97-6號","city":"桃園市","coord_source":"google","coord_precision":"approximate","src_datasets":"161606","n_src":1,"nature":"私立機構","authority":"桃園市政府社會局","phone":"03-3933386","subtype":"安置教養機構"}},{"type":"Feature","geometry":{"type":"Point","coordinates":[121.200306,25.058908]},"properties":{"uid":"welfare_09934","name":"桃園市私立睦祥育幼院","welfare_class":"child_welfare","address":"桃園市大園區中山南路286巷15號","city":"桃園市","coord_source":"offline_l2","coord_precision":"exact","src_datasets":"161606","n_src":1,"nature":"私立機構","authority":"桃園市政府社會局","phone":"03-3935757","subtype":"安置教養機構"}},{"type":"Feature","geometry":{"type":"Point","coordinates":[121.128741,24.936715]},"properties":{"uid":"welfare_09935","name":"財團法人桃園市私立育德兒童之家","welfare_class":"child_welfare","address":"桃園巿楊梅區上田里10鄰和平路173巷100號","coord_source":"google","coord_precision":"interpolated","src_datasets":"161606","n_src":1,"nature":"私立機構","authority":"桃園市政府社會局","phone":"03-2888975","subtype":"安置教養機構"}},{"type":"Feature","geometry":{"type":"Point","coordinates":[121.211108,24.919592]},"properties":{"uid":"welfare_09936","name":"財團法人桃園市樂福社會福利基金會附設桃園市私立樂活育幼院","welfare_class":"child_welfare","address":"桃園市平鎮區中豐路南勢二段535巷10號","city":"桃園市","coord_source":"google","coord_precision":"exact","src_datasets":"161606","n_src":1,"nature":"私立機構","authority":"桃園市政府社會局","phone":"03-4398932","subtype":"安置教養機構"}},{"type":"Feature","geometry":{"type":"Point","coordinates":[121.083859,24.97275]},"properties":{"uid":"welfare_09937","name":"桃園市天城兒童之家","welfare_class":"child_welfare","address":"桃園市新屋區東明里9鄰甲頭厝21-22號","city":"桃園市","coord_source":"google","coord_precision":"approximate","src_datasets":"161606","n_src":1,"nature":"私立機構(非財團法人)","authority":"桃園市政府社會局","phone":"03-4772707","subtype":"安置教養機構"}},{"type":"Feature","geometry":{"type":"Point","coordinates":[120.615058,24.356353]},"properties":{"uid":"welfare_09938","name":"財團法人大甲媽社會福利基金會附設臺中市私立鎮瀾兒童家園","welfare_class":"child_welfare","address":"臺中市大甲區橫圳街163號","city":"臺中市","coord_source":"offline_l2","coord_precision":"exact","src_datasets":"161606","n_src":1,"nature":"私立機構","authority":"臺中市政府社會局","phone":"04-26763788","subtype":"安置教養機構"}},{"type":"Feature","geometry":{"type":"Point","coordinates":[120.665389,24.163044]},"properties":{"uid":"welfare_09939","name":"財團法人向上社會福利基金會附屬台中光音育幼院","welfare_class":"child_welfare","address":"臺中市北區西屯路一段502號","city":"臺中市","coord_source":"offline_l2","coord_precision":"exact","src_datasets":"161606","n_src":1,"nature":"私立機構","authority":"臺中市政府社會局","phone":"04-22034455","subtype":"安置教養機構"}},{"type":"Feature","geometry":{"type":"Point","coordinates":[120.705031,24.136888]},"properties":{"uid":"welfare_09940","name":"財團法人台中市私立慈光社會福利慈善事業基金會附設台中市私立慈馨兒少之家","welfare_class":"child_welfare","address":"臺中市東區東英路303號","city":"臺中市","coord_source":"offline_l15","coord_precision":"interpolated","src_datasets":"161606","n_src":1,"nature":"私立機構","authority":"臺中市政府社會局","phone":"04-22133300","subtype":"安置教養機構"}},{"type":"Feature","geometry":{"type":"Point","coordinates":[120.704427,24.136498]},"properties":{"uid":"welfare_09941","name":"財團法人台中市私立慈光社會福利慈善事業基金會附設台中市私立慈馨少年家園","welfare_class":"child_welfare","address":"臺中市東區東英五街88號","city":"臺中市","coord_source":"offline_l15","coord_precision":"interpolated","src_datasets":"161606","n_src":1,"nature":"私立機構","authority":"臺中市政府社會局","phone":"04-22153376","subtype":"安置教養機構"}},{"type":"Feature","geometry":{"type":"Point","coordinates":[120.777746,24.274298]},"properties":{"uid":"welfare_09942","name":"財團法人台中市私立張秀菊社會福利慈善事業基金會附設奇歷兒少之家","welfare_class":"child_welfare","address":"臺中市石岡區明德路88號","city":"臺中市","coord_source":"offline_l2","coord_precision":"exact","src_datasets":"161606","n_src":1,"nature":"私立機構","authority":"臺中市政府社會局","phone":"04-25724514","subtype":"安置教養機構"}},{"type":"Feature","geometry":{"type":"Point","coordinates":[120.229133,23.007712]},"properties":{"uid":"welfare_09944","name":"財團法人天主教善牧社會福利基金會附設台南嬰兒之家","welfare_class":"child_welfare","address":"臺南市北區力行街12號","city":"臺南市","coord_source":"offline_l15","coord_precision":"interpolated","src_datasets":"161606","n_src":1,"nature":"私立機構","authority":"臺南市政府社會局","phone":"06-2344009","subtype":"安置教養機構"}},{"type":"Feature","geometry":{"type":"Point","coordinates":[120.232115,23.105891]},"properties":{"uid":"welfare_09945","name":"財團法人國際單親兒童文教基金會附設臺南市私立麻二甲之家","welfare_class":"child_welfare","address":"臺南市麻豆區港尾里港子尾1-30號","city":"臺南市","coord_source":"google","coord_precision":"approximate","src_datasets":"161606","n_src":1,"nature":"私立機構","authority":"臺南市政府社會局","phone":"06-5701122","subtype":"安置教養機構"}},{"type":"Feature","geometry":{"type":"Point","coordinates":[120.330188,22.65014]},"properties":{"uid":"welfare_09946","name":"財團法人高雄市私立佛教淨覺育幼院","welfare_class":"child_welfare","address":"高雄市三民區正忠路453號","city":"高雄市","coord_source":"offline_l2","coord_precision":"exact","src_datasets":"161606","n_src":1,"nature":"私立機構","authority":"高雄市政府社會局","phone":"07-3811507","subtype":"安置教養機構"}},{"type":"Feature","geometry":{"type":"Point","coordinates":[120.656066,23.008769]},"properties":{"uid":"welfare_09947","name":"財團法人高雄市私立基督教山地育幼院","welfare_class":"child_welfare","address":"高雄市六龜區東溪山莊1號","city":"高雄市","coord_source":"offline_l2","coord_precision":"exact","src_datasets":"161606","n_src":1,"nature":"私立機構","authority":"高雄市政府社會局","phone":"07-6891054","subtype":"安置教養機構"}},{"type":"Feature","geometry":{"type":"Point","coordinates":[120.44628,22.747267]},"properties":{"uid":"welfare_09948","name":"高雄市私立大慈育幼院","welfare_class":"child_welfare","address":"高雄市大樹區興田路153號","city":"高雄市","coord_source":"offline_l2","coord_precision":"exact","src_datasets":"161606","n_src":1,"nature":"私立機構","authority":"高雄市政府社會局","phone":"07-6566305","subtype":"安置教養機構"}},{"type":"Feature","geometry":{"type":"Point","coordinates":[120.414262,22.574062]},"properties":{"uid":"welfare_09949","name":"財團法人高雄市私立永安兒童之家","welfare_class":"child_welfare","address":"高雄市大寮區過溪里濃公路192號","city":"高雄市","coord_source":"offline_l2","coord_precision":"exact","src_datasets":"161606","n_src":1,"nature":"私立機構","authority":"高雄市政府社會局","phone":"07-7876081","subtype":"安置教養機構"}},{"type":"Feature","geometry":{"type":"Point","coordinates":[120.371576,22.772101]},"properties":{"uid":"welfare_09950","name":"財團法人高雄市私立慈德育幼院","welfare_class":"child_welfare","address":"高雄市燕巢區深水里湖內巷78之20 號","city":"高雄市","coord_source":"offline_l2","coord_precision":"exact","src_datasets":"161606","n_src":1,"nature":"私立機構","authority":"高雄市政府社會局","phone":"07-6162312","subtype":"安置教養機構"}},{"type":"Feature","geometry":{"type":"Point","coordinates":[120.25742,22.866536]},"properties":{"uid":"welfare_09951","name":"財團法人高雄市私立小天使家園","welfare_class":"child_welfare","address":"高雄市路竹區自由街132巷13號","city":"高雄市","coord_source":"offline_l1","coord_precision":"cached","src_datasets":"161606","n_src":1,"nature":"私立機構","authority":"高雄市政府社會局","phone":"07-6960777","subtype":"安置教養機構"}},{"type":"Feature","geometry":{"type":"Point","coordinates":[120.383612,22.738317]},"properties":{"uid":"welfare_09952","name":"財團法人高雄市私立希恩之家","welfare_class":"child_welfare","address":"高雄市大社區學府路210巷16號","city":"高雄市","coord_source":"offline_l1","coord_precision":"cached","src_datasets":"161606","n_src":1,"nature":"私立機構","authority":"高雄市政府社會局","phone":"07-3560463","subtype":"安置教養機構"}},{"type":"Feature","geometry":{"type":"Point","coordinates":[120.359961,22.628304]},"properties":{"uid":"welfare_09953","name":"財團法人高雄市私立慈暉關懷學園","welfare_class":"child_welfare","address":"高雄市鳳山區鳳崗里鳳崗路1-3號","city":"高雄市","coord_source":"offline_l1","coord_precision":"cached","src_datasets":"161606","n_src":1,"nature":"私立機構","authority":"高雄市政府社會局","phone":"07-7471393","subtype":"安置教養機構"}},{"type":"Feature","geometry":{"type":"Point","coordinates":[120.343489,22.64622]},"properties":{"uid":"welfare_09954","name":"財團法人台灣關愛基金會附設高雄市私立關愛家園","welfare_class":"child_welfare","address":"高雄市三民區黃興路39號","city":"高雄市","coord_source":"offline_l2","coord_precision":"exact","src_datasets":"161606","n_src":1,"nature":"私立機構","authority":"高雄市政府社會局","phone":"07-3908671","subtype":"安置教養機構"}},{"type":"Feature","geometry":{"type":"Point","coordinates":[121.729282,24.645154]},"properties":{"uid":"welfare_09959","name":"財團法人宜蘭縣私立神愛兒童之家","welfare_class":"child_welfare","address":"宜蘭縣冬山鄉得安村大埤二路189巷36號","city":"宜蘭縣","coord_source":"google","coord_precision":"exact","src_datasets":"161606","n_src":1,"nature":"私立機構","authority":"宜蘭縣政府","phone":"03-9514652","subtype":"安置教養機構"}},{"type":"Feature","geometry":{"type":"Point","coordinates":[121.738526,24.683141]},"properties":{"uid":"welfare_09960","name":"財團法人宜蘭縣私立佛教幸夫社會福利慈善事業基金會附設幸夫愛兒園","welfare_class":"child_welfare","address":"宜蘭縣冬山鄉柯林路463巷50號","city":"宜蘭縣","coord_source":"google","coord_precision":"exact","src_datasets":"161606","n_src":1,"nature":"私立機構","authority":"宜蘭縣政府","phone":"03-9515532","subtype":"安置教養機構"}},{"type":"Feature","geometry":{"type":"Point","coordinates":[121.645141,24.709372]},"properties":{"uid":"welfare_09961","name":"財團法人慈懷社會福利基金會附設私立慈懷園","welfare_class":"child_welfare","address":"宜蘭縣員山鄉中華村9鄰粗坑路245之1號","city":"宜蘭縣","coord_source":"google","coord_precision":"exact","src_datasets":"161606","n_src":1,"nature":"私立機構","authority":"宜蘭縣政府","phone":"03-9231208","subtype":"安置教養機構"}},{"type":"Feature","geometry":{"type":"Point","coordinates":[120.990276,24.76529]},"properties":{"uid":"welfare_09962","name":"財團法人天主教德來會附設私立德蘭兒童中心","welfare_class":"child_welfare","address":"新竹縣寶山鄉雙園路二段319號","city":"新竹縣","coord_source":"offline_l15","coord_precision":"interpolated","src_datasets":"161606","n_src":1,"nature":"私立機構","authority":"新竹縣政府","phone":"03-5202170","subtype":"安置教養機構"}},{"type":"Feature","geometry":{"type":"Point","coordinates":[120.790316,24.615344]},"properties":{"uid":"welfare_09964","name":"財團法人台灣省天主教會新竹教區附設苗栗縣私立聖方濟育幼院","welfare_class":"child_welfare","address":"苗栗縣後龍鎮東門街150號","city":"苗栗縣","coord_source":"offline_l2","coord_precision":"exact","src_datasets":"161606","n_src":1,"nature":"私立機構","authority":"苗栗縣政府","phone":"037-722524","subtype":"安置教養機構"}},{"type":"Feature","geometry":{"type":"Point","coordinates":[120.825619,24.569667]},"properties":{"uid":"welfare_09965","name":"財團法人台灣省天主教會新竹教區附設苗栗縣私立聖方濟少女之家","welfare_class":"child_welfare","address":"苗栗縣苗栗市長安街15號","city":"苗栗縣","coord_source":"offline_l2","coord_precision":"exact","src_datasets":"161606","n_src":1,"nature":"私立機構","authority":"苗栗縣政府","phone":"037-275226","subtype":"安置教養機構"}},{"type":"Feature","geometry":{"type":"Point","coordinates":[120.678831,23.906161]},"properties":{"uid":"welfare_09966","name":"財團法人南投縣私立南投仁愛之家附設仁愛兒少家園","welfare_class":"child_welfare","address":"南投縣南投市三興里民族路573、573-1號","city":"南投縣","coord_source":"google","coord_precision":"exact","src_datasets":"161606","n_src":1,"nature":"私立機構","authority":"南投縣政府","phone":"049-2224834","subtype":"安置教養機構"}},{"type":"Feature","geometry":{"type":"Point","coordinates":[120.993776,23.932678]},"properties":{"uid":"welfare_09967","name":"財團法人私立台東基督教阿尼色弗兒童之家附設南投家園","welfare_class":"child_welfare","address":"南投埔里鎮東潤路33之2號","coord_source":"google","coord_precision":"exact","src_datasets":"161606","n_src":1,"nature":"私立機構","authority":"南投縣政府","phone":"049-2926811","subtype":"安置教養機構"}},{"type":"Feature","geometry":{"type":"Point","coordinates":[120.993082,23.941861]},"properties":{"uid":"welfare_09968","name":"財團法人良顯堂社會福利基金會附設南投縣私立陳綢少年家園","welfare_class":"child_welfare","address":"南投縣埔里鎮水頭里東潤路38-8號","city":"南投縣","coord_source":"offline_l2","coord_precision":"exact","src_datasets":"161606","n_src":1,"nature":"私立機構","authority":"南投縣政府","phone":"049-2925963","subtype":"安置教養機構"}},{"type":"Feature","geometry":{"type":"Point","coordinates":[120.656344,23.933354]},"properties":{"uid":"welfare_09969","name":"財團法人南投縣永山宮附設南投縣私立玄愛兒少關懷家園","welfare_class":"child_welfare","address":"南投縣南投市永鳴路122之1號","city":"南投縣","coord_source":"google","coord_precision":"exact","src_datasets":"161606","n_src":1,"nature":"私立機構","authority":"南投縣政府","phone":"049-2255052","subtype":"安置教養機構"}},{"type":"Feature","geometry":{"type":"Point","coordinates":[120.702218,23.845088]},"properties":{"uid":"welfare_09970","name":"財團法人勵馨社會福利事業基金會附設南投縣私立欣恩之家","welfare_class":"child_welfare","address":"南投縣名間鄉中正村彰南路145之1 號","city":"南投縣","coord_source":"google","coord_precision":"exact","src_datasets":"161606","n_src":1,"nature":"私立機構","authority":"南投縣政府","phone":"049-2730025","subtype":"安置教養機構"}},{"type":"Feature","geometry":{"type":"Point","coordinates":[120.503206,23.670527]},"properties":{"uid":"welfare_09971","name":"財團法人雲林縣私立信義育幼院","welfare_class":"child_welfare","address":"雲林縣斗南鎮將軍里將軍188號","city":"雲林縣","coord_source":"offline_l2","coord_precision":"exact","src_datasets":"161606","n_src":1,"nature":"私立機構","authority":"雲林縣政府","phone":"05-5955836","subtype":"安置教養機構"}},{"type":"Feature","geometry":{"type":"Point","coordinates":[120.438417,23.648744]},"properties":{"uid":"welfare_09972","name":"雲林縣私立長愛家園育幼院","welfare_class":"child_welfare","address":"雲林縣大埤路448號1樓2樓","city":"雲林縣","coord_source":"google","coord_precision":"exact","src_datasets":"161606","n_src":1,"nature":"私立機構","authority":"雲林縣政府","phone":"05-5915710","subtype":"安置教養機構"}},{"type":"Feature","geometry":{"type":"Point","coordinates":[120.506266,23.706017]},"properties":{"uid":"welfare_09973","name":"財團法人雲林縣大慈社會福利慈善基金會附設私立一心育幼院","welfare_class":"child_welfare","address":"雲林縣斗六市長平里2鄰忠潭路122 號","city":"雲林縣","coord_source":"offline_l2","coord_precision":"exact","src_datasets":"161606","n_src":1,"nature":"私立機構","authority":"雲林縣政府","phone":"05-5336037","subtype":"安置教養機構"}},{"type":"Feature","geometry":{"type":"Point","coordinates":[120.295978,23.487746]},"properties":{"uid":"welfare_09974","name":"財團法人天主教會嘉義教區附設嘉義縣私立安仁家園","welfare_class":"child_welfare","address":"嘉義縣六腳鄉蒜東村272-1號1樓","city":"嘉義縣","coord_source":"google","coord_precision":"approximate","src_datasets":"161606","n_src":1,"nature":"私立機構","authority":"嘉義縣政府","phone":"05-3802678","subtype":"安置教養機構"}},{"type":"Feature","geometry":{"type":"Point","coordinates":[120.638658,22.709515]},"properties":{"uid":"welfare_09975","name":"財團法人屏東縣私立青山育幼院","welfare_class":"child_welfare","address":"屏東縣高樹鄉新豐村沿山公路一段110號","city":"屏東縣","coord_source":"google","coord_precision":"interpolated","src_datasets":"161606","n_src":1,"nature":"私立機構","authority":"屏東縣政府","phone":"08-7965852","subtype":"安置教養機構"}},{"type":"Feature","geometry":{"type":"Point","coordinates":[120.506931,22.821328]},"properties":{"uid":"welfare_09976","name":"財團法人屏東縣私立基督教信望愛家園","welfare_class":"child_welfare","address":"屏東縣里港鄉土庫村東榮巷30之6 號","city":"屏東縣","coord_source":"google","coord_precision":"approximate","src_datasets":"161606","n_src":1,"nature":"私立機構","authority":"屏東縣政府","phone":"08-7731202","subtype":"安置教養機構"}},{"type":"Feature","geometry":{"type":"Point","coordinates":[120.522936,22.487706]},"properties":{"uid":"welfare_09977","name":"財團法人台灣省屏東縣南州鄉精明寶宮附設私立精忠育幼院","welfare_class":"child_welfare","address":"屏東縣南州鄉米崙村精明路51號","city":"屏東縣","coord_source":"google","coord_precision":"exact","src_datasets":"161606","n_src":1,"nature":"私立機構","authority":"屏東縣政府","phone":"08-8642118","subtype":"安置教養機構"}},{"type":"Feature","geometry":{"type":"Point","coordinates":[120.489266,22.671066]},"properties":{"uid":"welfare_09978","name":"財團法人屏東縣私立基督教沐恩之家附設亞當學園","welfare_class":"child_welfare","address":"912屏東郵政34-6號信箱","coord_source":"google","coord_precision":"approximate","src_datasets":"161606","n_src":1,"nature":"私立機構","authority":"屏東縣政府","phone":"08-7705031","subtype":"安置教養機構"}},{"type":"Feature","geometry":{"type":"Point","coordinates":[120.484093,22.670778]},"properties":{"uid":"welfare_09979","name":"財團法人勵馨社會福利事業基金會附設屏東縣私立耕馨家園","welfare_class":"child_welfare","address":"屏東市民族路140號（屏東分事務所）","coord_source":"google","coord_precision":"exact","src_datasets":"161606","n_src":1,"nature":"私立機構","authority":"屏東縣政府","phone":"08-7330955","subtype":"安置教養機構"}},{"type":"Feature","geometry":{"type":"Point","coordinates":[121.650401,24.125982]},"properties":{"uid":"welfare_09980","name":"財團法人佛教私立禪光育幼院","welfare_class":"child_welfare","address":"花蓮縣新城鄉仁愛路17-2號","city":"花蓮縣","coord_source":"google","coord_precision":"exact","src_datasets":"161606","n_src":1,"nature":"私立機構","authority":"花蓮縣政府","phone":"038-611698","subtype":"安置教養機構"}},{"type":"Feature","geometry":{"type":"Point","coordinates":[121.614906,24.003112]},"properties":{"uid":"welfare_09981","name":"財團法人天主教善牧社會福利基金會附設花蓮縣私立善牧兒童之家","welfare_class":"child_welfare","address":"花蓮縣新城鄉嘉新村嘉南路28巷6號","city":"花蓮縣","coord_source":"google","coord_precision":"exact","src_datasets":"161606","n_src":1,"nature":"私立機構","authority":"花蓮縣政府","phone":"038-233684","subtype":"安置教養機構"}},{"type":"Feature","geometry":{"type":"Point","coordinates":[121.60342,24.002768]},"properties":{"uid":"welfare_09982","name":"財團法人基督教芥菜種會附設花蓮縣私立少年之家","welfare_class":"child_welfare","address":"花蓮縣花蓮市國強里1鄰豐村23號","city":"花蓮縣","coord_source":"offline_l2","coord_precision":"exact","src_datasets":"161606","n_src":1,"nature":"私立機構","authority":"花蓮縣政府","phone":"038-562343","subtype":"安置教養機構"}},{"type":"Feature","geometry":{"type":"Point","coordinates":[121.405096,23.637902]},"properties":{"uid":"welfare_09983","name":"財團法人基督教更生團契附設花蓮縣私立信望愛少年學園","welfare_class":"child_welfare","address":"花蓮縣光復鄉大興村民族街2號","city":"花蓮縣","coord_source":"google","coord_precision":"exact","src_datasets":"161606","n_src":1,"nature":"私立機構","authority":"花蓮縣政府","phone":"038-700046","subtype":"安置教養機構"}},{"type":"Feature","geometry":{"type":"Point","coordinates":[121.604303,24.064799]},"properties":{"uid":"welfare_09984","name":"財團法人台灣基督教主愛之家輔導中心附設花蓮縣私立凱歌園少年中途之家","welfare_class":"child_welfare","address":"花蓮縣秀林鄉景美村一鄰加灣3之8號","city":"花蓮縣","coord_source":"offline_l2","coord_precision":"exact","src_datasets":"161606","n_src":1,"nature":"私立機構","authority":"花蓮縣政府","phone":"03-8260360","subtype":"安置教養機構"}},{"type":"Feature","geometry":{"type":"Point","coordinates":[121.624777,24.119377]},"properties":{"uid":"welfare_09985","name":"財團法人台灣省花蓮縣中華基督長老會山宣總會附設花蓮縣私立原住民少年兒童之家","welfare_class":"child_welfare","address":"花蓮縣秀林鄉秀林路9鄰10之6號","city":"花蓮縣","coord_source":"google","coord_precision":"interpolated","src_datasets":"161606","n_src":1,"nature":"私立機構","authority":"花蓮縣政府","phone":"03-8611341","subtype":"安置教養機構"}},{"type":"Feature","geometry":{"type":"Point","coordinates":[121.094625,22.801564]},"properties":{"uid":"welfare_09986","name":"財團法人私立台東基督教阿尼色弗兒童之家","welfare_class":"child_welfare","address":"臺東縣卑南鄉賓朗路260號","city":"臺東縣","coord_source":"offline_l15","coord_precision":"interpolated","src_datasets":"161606","n_src":1,"nature":"私立機構","authority":"臺東縣政府","phone":"089-223194","subtype":"安置教養機構"}},{"type":"Feature","geometry":{"type":"Point","coordinates":[121.15744,22.753505]},"properties":{"uid":"welfare_09987","name":"財團法人台東縣私立海山弘願慈善基金會附設台東縣私立海山扶兒家園","welfare_class":"child_welfare","address":"臺東縣臺東市中正路92號","city":"臺東縣","coord_source":"offline_l2","coord_precision":"exact","src_datasets":"161606","n_src":1,"nature":"私立機構","authority":"臺東縣政府","phone":"089-318699","subtype":"安置教養機構"}},{"type":"Feature","geometry":{"type":"Point","coordinates":[121.143078,22.766011]},"properties":{"uid":"welfare_09988","name":"財團法人天主教善牧社會福利基金會附設臺東縣私立德蕾之家","welfare_class":"child_welfare","address":"臺東縣臺東市四維路三段68號","city":"臺東縣","coord_source":"offline_l2","coord_precision":"exact","src_datasets":"161606","n_src":1,"nature":"私立機構","authority":"臺東縣政府","phone":"089-231747","subtype":"安置教養機構"}},{"type":"Feature","geometry":{"type":"Point","coordinates":[121.138886,22.758703]},"properties":{"uid":"welfare_09989","name":"財團法人臺東縣私立家立立社會福利慈善事業基金會附設臺東縣私立哈拿之家","welfare_class":"child_welfare","address":"臺東縣臺東市咸陽街112號3樓","city":"臺東縣","coord_source":"offline_l2","coord_precision":"exact","src_datasets":"161606","n_src":1,"nature":"私立機構","authority":"臺東縣政府","phone":"089-343494","subtype":"安置教養機構"}},{"type":"Feature","geometry":{"type":"Point","coordinates":[121.715012,25.140315]},"properties":{"uid":"welfare_09990","name":"財團法人基隆市私立基督教信心社會福利慈善事業基金會附設大光兒少之家","welfare_class":"child_welfare","address":"基隆市安樂區基金一路112巷110弄14號","city":"基隆市","coord_source":"offline_l2","coord_precision":"exact","src_datasets":"161606","n_src":1,"nature":"私立機構","authority":"基隆市政府","phone":"02-34010560","subtype":"安置教養機構"}},{"type":"Feature","geometry":{"type":"Point","coordinates":[121.776952,25.13324]},"properties":{"uid":"welfare_09991","name":"財團法人計志文聖道基金會附設私立主恩兒童之家","welfare_class":"child_welfare","address":"基隆市信義區深澳坑路8號","city":"基隆市","coord_source":"offline_l2","coord_precision":"exact","src_datasets":"161606","n_src":1,"nature":"私立機構","authority":"基隆市政府","phone":"02-24683046","subtype":"安置教養機構"}},{"type":"Feature","geometry":{"type":"Point","coordinates":[120.977936,24.779887]},"properties":{"uid":"welfare_09992","name":"財團法人新竹市私立新竹仁愛兒童之家","welfare_class":"child_welfare","address":"新竹市東區高峰里高峰路306巷65號","city":"新竹市","coord_source":"offline_l2","coord_precision":"exact","src_datasets":"161606","n_src":1,"nature":"私立機構","authority":"新竹市政府","phone":"03-5221574","subtype":"安置教養機構"}},{"type":"Feature","geometry":{"type":"Point","coordinates":[120.97523,24.79193]},"properties":{"uid":"welfare_09993","name":"財團法人天主教瑪利亞方濟各傳教女修會附設私立米可之家","welfare_class":"child_welfare","address":"新竹市北區寶山路150巷2-1號","city":"新竹市","coord_source":"google","coord_precision":"exact","src_datasets":"161606","n_src":1,"nature":"私立機構","authority":"新竹市政府","phone":"03-5628057","subtype":"安置教養機構"}},{"type":"Feature","geometry":{"type":"Point","coordinates":[120.426083,23.478235]},"properties":{"uid":"welfare_09994","name":"財團法人嘉義市私立修緣育幼院","welfare_class":"child_welfare","address":"嘉義市西區永春二街30號","city":"嘉義市","coord_source":"offline_l2","coord_precision":"exact","src_datasets":"161606","n_src":1,"nature":"私立機構","authority":"嘉義市政府","phone":"05-2355695","subtype":"安置教養機構"}},{"type":"Feature","geometry":{"type":"Point","coordinates":[121.640863,25.065988]},"properties":{"uid":"welfare_09995","name":"汐止忠厚公共托育中心","welfare_class":"parent_child_center","address":"新北市汐止區樟樹一路137巷26號2樓","city":"新北市","coord_source":"offline_l1","coord_precision":"cached","src_datasets":"160907","n_src":1,"district":"汐止區","founded":"100.09.30","phone":"02-26413300"}},{"type":"Feature","geometry":{"type":"Point","coordinates":[121.471833,25.046602]},"properties":{"uid":"welfare_09996","name":"三重重新公共托育中心","welfare_class":"parent_child_center","address":"新北市三重區重新路五段511號2樓","city":"新北市","coord_source":"offline_l1","coord_precision":"cached","src_datasets":"160907","n_src":1,"district":"三重區","founded":"100.11.30","phone":"02-29953933"}},{"type":"Feature","geometry":{"type":"Point","coordinates":[121.467832,25.013826]},"properties":{"uid":"welfare_09997","name":"板橋新板公共托育中心","welfare_class":"parent_child_center","address":"新北市板橋區漢生東路258號2樓","city":"新北市","coord_source":"offline_l1","coord_precision":"cached","src_datasets":"160907","n_src":1,"district":"板橋區","founded":"101.01.17","phone":"02-29610601"}},{"type":"Feature","geometry":{"type":"Point","coordinates":[121.508136,24.990784]},"properties":{"uid":"welfare_09998","name":"中和南勢角公共托育中心","welfare_class":"parent_child_center","address":"新北市中和區捷運路56號2樓","city":"新北市","coord_source":"offline_l1","coord_precision":"cached","src_datasets":"160907","n_src":1,"district":"中和區","founded":"101.07.25","phone":"02-29449595"}},{"type":"Feature","geometry":{"type":"Point","coordinates":[121.512816,24.962809]},"properties":{"uid":"welfare_09999","name":"新店安康公共托育中心","welfare_class":"parent_child_center","address":"新北市新店區安康路2段120號2樓","city":"新北市","coord_source":"offline_l2","coord_precision":"exact","src_datasets":"160907","n_src":1,"district":"新店區","founded":"101.08.22","phone":"02-86662789"}},{"type":"Feature","geometry":{"type":"Point","coordinates":[121.433653,25.056131]},"properties":{"uid":"welfare_10000","name":"泰山幼獅公共托育中心","welfare_class":"parent_child_center","address":"新北市泰山區全興路212號3樓","city":"新北市","coord_source":"offline_l1","coord_precision":"cached","src_datasets":"160907","n_src":1,"district":"泰山區","founded":"101.09.18","phone":"02-22960028"}},{"type":"Feature","geometry":{"type":"Point","coordinates":[121.455581,25.056404]},"properties":{"uid":"welfare_10001","name":"新莊昌平公共托育中心","welfare_class":"parent_child_center","address":"新北市新莊區昌平街200號","city":"新北市","coord_source":"offline_l2","coord_precision":"exact","src_datasets":"160907","n_src":1,"district":"新莊區","founded":"101.09.24","phone":"02-85213521"}},{"type":"Feature","geometry":{"type":"Point","coordinates":[121.37391,25.071966]},"properties":{"uid":"welfare_10002","name":"林口仁愛公共托育中心","welfare_class":"parent_child_center","address":"新北市林口區文化一路一段137號3樓","city":"新北市","coord_source":"offline_l1","coord_precision":"cached","src_datasets":"160907","n_src":1,"district":"林口區","founded":"101.12.22","phone":"02-26097311"}},{"type":"Feature","geometry":{"type":"Point","coordinates":[121.47744,25.066147]},"properties":{"uid":"welfare_10003","name":"三重二重公共托育中心","welfare_class":"parent_child_center","address":"新北市三重區大有街10號","city":"新北市","coord_source":"offline_l1","coord_precision":"cached","src_datasets":"160907","n_src":1,"district":"三重區","founded":"101.12.22","phone":"02-29718441"}},{"type":"Feature","geometry":{"type":"Point","coordinates":[121.44935,25.00861]},"properties":{"uid":"welfare_10004","name":"板橋大觀公共托育中心","welfare_class":"parent_child_center","address":"新北市板橋區大觀路一段30號","city":"新北市","coord_source":"offline_l2","coord_precision":"exact","src_datasets":"160907","n_src":1,"district":"板橋區","founded":"101.12.28","phone":"02-29659922"}},{"type":"Feature","geometry":{"type":"Point","coordinates":[121.44301,24.975074]},"properties":{"uid":"welfare_10005","name":"土城和平公共托育中心","welfare_class":"parent_child_center","address":"新北市土城區中正路18號2樓","city":"新北市","coord_source":"offline_l1","coord_precision":"cached","src_datasets":"160907","n_src":1,"district":"土城區","founded":"102.01.24","phone":"02-22609588"}},{"type":"Feature","geometry":{"type":"Point","coordinates":[121.518101,25.011491]},"properties":{"uid":"welfare_10006","name":"永和中興公共托育中心","welfare_class":"parent_child_center","address":"新北市永和區國光路116巷2號2、3樓","city":"新北市","coord_source":"offline_l15","coord_precision":"interpolated","src_datasets":"160907","n_src":1,"district":"永和區","founded":"102.01.30","phone":"02-89230013"}},{"type":"Feature","geometry":{"type":"Point","coordinates":[121.4217,25.182487]},"properties":{"uid":"welfare_10007","name":"淡水淡海公共托育中心","welfare_class":"parent_child_center","address":"新北市淡水區淡海路111號2樓","city":"新北市","coord_source":"offline_l1","coord_precision":"cached","src_datasets":"160907","n_src":1,"district":"淡水區","founded":"102.02.06","phone":" 02-28056620 "}},{"type":"Feature","geometry":{"type":"Point","coordinates":[121.476137,25.084357]},"properties":{"uid":"welfare_10008","name":"蘆洲鷺江公共托育中心","welfare_class":"parent_child_center","address":"新北市蘆洲區民族路7號","city":"新北市","coord_source":"offline_l2","coord_precision":"exact","src_datasets":"160907","n_src":1,"district":"蘆洲區","founded":"102.06.19","phone":"02-82827702"}},{"type":"Feature","geometry":{"type":"Point","coordinates":[121.46194,25.080733]},"properties":{"uid":"welfare_10009","name":"蘆洲長安公共托育中心","welfare_class":"parent_child_center","address":"新北市蘆洲區長安街96號2樓","city":"新北市","coord_source":"offline_l1","coord_precision":"cached","src_datasets":"160907","n_src":1,"district":"蘆洲區","founded":"102.06.19","phone":"02-82867150"}},{"type":"Feature","geometry":{"type":"Point","coordinates":[121.426485,24.993503]},"properties":{"uid":"welfare_10010","name":"樹林保安公共托育中心","welfare_class":"parent_child_center","address":"新北市樹林區保安街1段7號1、2樓","city":"新北市","coord_source":"offline_l15","coord_precision":"interpolated","src_datasets":"160907","n_src":1,"district":"樹林區","founded":"102.07.30","phone":"02-26758333"}},{"type":"Feature","geometry":{"type":"Point","coordinates":[121.630702,25.066789]},"properties":{"uid":"welfare_10011","name":"汐止北峰公共托育中心","welfare_class":"parent_child_center","address":"新北市汐止區中興路250號2樓","city":"新北市","coord_source":"offline_l1","coord_precision":"cached","src_datasets":"160907","n_src":1,"district":"汐止區","founded":"102.08.14","phone":"02-86933229"}},{"type":"Feature","geometry":{"type":"Point","coordinates":[121.339162,24.955644]},"properties":{"uid":"welfare_10012","name":"鶯歌昌福公共托育中心","welfare_class":"parent_child_center","address":"新北市鶯歌區永明街22號2樓","city":"新北市","coord_source":"offline_l2","coord_precision":"exact","src_datasets":"160907","n_src":1,"district":"鶯歌區","founded":"102.09.11","phone":"02-86776209"}},{"type":"Feature","geometry":{"type":"Point","coordinates":[121.518178,24.984616]},"properties":{"uid":"welfare_10013","name":"新店新和公共托育中心","welfare_class":"parent_child_center","address":"新北市新店區安和路3段100號","city":"新北市","coord_source":"offline_l2","coord_precision":"exact","src_datasets":"160907","n_src":1,"district":"新店區","founded":"102.10.08","phone":"02-86680995"}},{"type":"Feature","geometry":{"type":"Point","coordinates":[121.454896,24.986953]},"properties":{"uid":"welfare_10014","name":"土城廣福公共托育中心","welfare_class":"parent_child_center","address":"新北市土城區學府路1段127號","city":"新北市","coord_source":"offline_l2","coord_precision":"exact","src_datasets":"160907","n_src":1,"district":"土城區","founded":"102.10.23","phone":"02-22669000"}},{"type":"Feature","geometry":{"type":"Point","coordinates":[121.501589,24.999882]},"properties":{"uid":"welfare_10015","name":"中和連城公共托育中心","welfare_class":"parent_child_center","address":"新北市中和區中和路100號","city":"新北市","coord_source":"offline_l2","coord_precision":"exact","src_datasets":"160907","n_src":1,"district":"中和區","founded":"102.11.22","phone":"02-82452018"}},{"type":"Feature","geometry":{"type":"Point","coordinates":[121.415363,25.001646]},"properties":{"uid":"welfare_10016","name":"樹林武林公共托育中心","welfare_class":"parent_child_center","address":"新北市樹林區保安街2段151號","city":"新北市","coord_source":"offline_l2","coord_precision":"exact","src_datasets":"160907","n_src":1,"district":"樹林區","founded":"102.11.29","phone":"02-26845000"}},{"type":"Feature","geometry":{"type":"Point","coordinates":[121.417201,25.022685]},"properties":{"uid":"welfare_10017","name":"新莊裕民公共托育中心","welfare_class":"parent_child_center","address":"新北市新莊區中正路新生巷66號","city":"新北市","coord_source":"offline_l2","coord_precision":"exact","src_datasets":"160907","n_src":1,"district":"新莊區","founded":"102.12.10","phone":"02-29068321"}},{"type":"Feature","geometry":{"type":"Point","coordinates":[121.363695,24.936624]},"properties":{"uid":"welfare_10018","name":"三峽鳶山公共托育中心","welfare_class":"parent_child_center","address":"新北市三峽區中山路175號","city":"新北市","coord_source":"offline_l2","coord_precision":"exact","src_datasets":"160907","n_src":1,"district":"三峽區","founded":"102.12.19","phone":"02-26736782"}},{"type":"Feature","geometry":{"type":"Point","coordinates":[121.500851,25.063165]},"properties":{"uid":"welfare_10019","name":"三重台北橋公共托育中心","welfare_class":"parent_child_center","address":"新北市三重區重新路1段108號","city":"新北市","coord_source":"offline_l1","coord_precision":"cached","src_datasets":"160907","n_src":1,"district":"三重區","founded":"103.01.23","phone":"02-29764358"}},{"type":"Feature","geometry":{"type":"Point","coordinates":[121.450643,25.061521]},"properties":{"uid":"welfare_10020","name":"五股興珍公共托育中心","welfare_class":"parent_child_center","address":"新北市五股區五工六路9號2樓","city":"新北市","coord_source":"offline_l1","coord_precision":"cached","src_datasets":"160907","n_src":1,"district":"五股區","founded":"103.05.26","phone":"02-22992089"}},{"type":"Feature","geometry":{"type":"Point","coordinates":[121.4309,25.056731]},"properties":{"uid":"welfare_10021","name":"泰山同榮公共托育中心","welfare_class":"parent_child_center","address":"新北市泰山區明志路1段427號2、3樓","city":"新北市","coord_source":"offline_l15","coord_precision":"interpolated","src_datasets":"160907","n_src":1,"district":"泰山區","founded":"103.06.24","phone":"02-22966939"}},{"type":"Feature","geometry":{"type":"Point","coordinates":[121.474129,25.003573]},"properties":{"uid":"welfare_10022","name":"中和民享公共托育中心","welfare_class":"parent_child_center","address":"新北市中和區民享街37號2樓","city":"新北市","coord_source":"offline_l1","coord_precision":"cached","src_datasets":"160907","n_src":1,"district":"中和區","founded":"103.07.28","phone":"02-22251139"}},{"type":"Feature","geometry":{"type":"Point","coordinates":[121.376148,24.928323]},"properties":{"uid":"welfare_10023","name":"三峽光明公共托育中心","welfare_class":"parent_child_center","address":"新北市三峽區光明路71號2樓","city":"新北市","coord_source":"offline_l1","coord_precision":"cached","src_datasets":"160907","n_src":1,"district":"三峽區","founded":"103.08.28","phone":"02-86713626"}},{"type":"Feature","geometry":{"type":"Point","coordinates":[121.489565,24.98947]},"properties":{"uid":"welfare_10024","name":"中和錦和公共托育中心","welfare_class":"parent_child_center","address":"新北市中和區圓通路292號2-3樓","city":"新北市","coord_source":"offline_l15","coord_precision":"interpolated","src_datasets":"160907","n_src":1,"district":"中和區","founded":"103.09.19","phone":"02-22420016"}},{"type":"Feature","geometry":{"type":"Point","coordinates":[121.544704,24.974359]},"properties":{"uid":"welfare_10025","name":"新店北新公共托育中心","welfare_class":"parent_child_center","address":"新北市新店區寶橋路8號","city":"新北市","coord_source":"offline_l2","coord_precision":"exact","src_datasets":"160907","n_src":1,"district":"新店區","founded":"103.10.20","phone":"02-29132289"}},{"type":"Feature","geometry":{"type":"Point","coordinates":[121.443054,25.178396]},"properties":{"uid":"welfare_10026","name":"淡水新興公共托育中心","welfare_class":"parent_child_center","address":"新北市淡水區大義街18號","city":"新北市","coord_source":"offline_l1","coord_precision":"cached","src_datasets":"160907","n_src":1,"district":"淡水區","founded":"103.10.23","phone":"02-26259966"}},{"type":"Feature","geometry":{"type":"Point","coordinates":[121.399865,25.146582]},"properties":{"uid":"welfare_10027","name":"八里下庄公共托育中心","welfare_class":"parent_child_center","address":"新北市八里區舊城路19號2樓","city":"新北市","coord_source":"offline_l1","coord_precision":"cached","src_datasets":"160907","n_src":1,"district":"八里區","founded":"103.11.03","phone":"02-86303740"}},{"type":"Feature","geometry":{"type":"Point","coordinates":[121.452813,24.991737]},"properties":{"uid":"welfare_10028","name":"板橋信義公共托育中心","welfare_class":"parent_child_center","address":"新北市板橋區四川路2段245巷60號","city":"新北市","coord_source":"offline_l2","coord_precision":"exact","src_datasets":"160907","n_src":1,"district":"板橋區","founded":"104.07.22","phone":"02-89664066"}},{"type":"Feature","geometry":{"type":"Point","coordinates":[121.367185,24.927829]},"properties":{"uid":"welfare_10029","name":"三峽中園公共托育中心","welfare_class":"parent_child_center","address":"新北市三峽區弘園街22號","city":"新北市","coord_source":"offline_l2","coord_precision":"exact","src_datasets":"160907","n_src":1,"district":"三峽區","founded":"104.08.04","phone":"02-26739366"}},{"type":"Feature","geometry":{"type":"Point","coordinates":[121.552256,24.953073]},"properties":{"uid":"welfare_10030","name":"新店青潭公共托育中心","welfare_class":"parent_child_center","address":"新北市新店區北宜路2段80號","city":"新北市","coord_source":"offline_l2","coord_precision":"exact","src_datasets":"160907","n_src":1,"district":"新店區","founded":"104.08.24","phone":"02-22171216"}},{"type":"Feature","geometry":{"type":"Point","coordinates":[121.45335,25.01942]},"properties":{"uid":"welfare_10031","name":"板橋國光公共托育中心","welfare_class":"parent_child_center","address":"新北市板橋區中正路325巷30號","city":"新北市","coord_source":"offline_l2","coord_precision":"exact","src_datasets":"160907","n_src":1,"district":"板橋區","founded":"104.10.23","phone":"02-89658118"}},{"type":"Feature","geometry":{"type":"Point","coordinates":[121.457458,25.085673]},"properties":{"uid":"welfare_10032","name":"蘆洲成功公共托育中心","welfare_class":"parent_child_center","address":"新北市蘆洲區長安街311號","city":"新北市","coord_source":"offline_l2","coord_precision":"exact","src_datasets":"160907","n_src":1,"district":"蘆洲區","founded":"104.10.30","phone":"02-22820206"}},{"type":"Feature","geometry":{"type":"Point","coordinates":[121.496746,25.056154]},"properties":{"uid":"welfare_10033","name":"三重三光公共托育中心","welfare_class":"parent_child_center","address":"新北市三重區大同南路157號","city":"新北市","coord_source":"offline_l2","coord_precision":"exact","src_datasets":"160907","n_src":1,"district":"三重區","founded":"104.11.24","phone":"02-29701501"}},{"type":"Feature","geometry":{"type":"Point","coordinates":[121.364058,25.069734]},"properties":{"uid":"welfare_10034","name":"林口忠孝公共托育中心","welfare_class":"parent_child_center","address":"新北市林口區忠孝二路55號1樓","city":"新北市","coord_source":"offline_l1","coord_precision":"cached","src_datasets":"160907","n_src":1,"district":"林口區","founded":"105.02.19","phone":"02-26098915"}},{"type":"Feature","geometry":{"type":"Point","coordinates":[121.51657,24.967379]},"properties":{"uid":"welfare_10035","name":"新店柴埕公共托育中心","welfare_class":"parent_child_center","address":"新北市新店區安民街79號","city":"新北市","coord_source":"offline_l1","coord_precision":"cached","src_datasets":"160907","n_src":1,"district":"新店區","founded":"105.02.26","phone":"02-86669801"}},{"type":"Feature","geometry":{"type":"Point","coordinates":[121.481622,25.08483]},"properties":{"uid":"welfare_10036","name":"蘆洲集賢公共托育中心","welfare_class":"parent_child_center","address":"新北市蘆洲區集賢路245號3樓","city":"新北市","coord_source":"offline_l1","coord_precision":"cached","src_datasets":"160907","n_src":1,"district":"蘆洲區","founded":"105.03.10","phone":"02-82836000"}},{"type":"Feature","geometry":{"type":"Point","coordinates":[121.45648,25.013759]},"properties":{"uid":"welfare_10037","name":"板橋社後公共托育中心","welfare_class":"parent_child_center","address":"新北市板橋區中正路10號2樓","city":"新北市","coord_source":"offline_l2","coord_precision":"exact","src_datasets":"160907","n_src":1,"district":"板橋區","founded":"106.01.25","phone":"02-89652255"}},{"type":"Feature","geometry":{"type":"Point","coordinates":[121.447166,25.04507]},"properties":{"uid":"welfare_10038","name":"新莊中港公共托育中心","welfare_class":"parent_child_center","address":"新北市新莊區中港一街142號","city":"新北市","coord_source":"offline_l2","coord_precision":"exact","src_datasets":"160907","n_src":1,"district":"新莊區","founded":"106.02.10","phone":"02-22761115"}},{"type":"Feature","geometry":{"type":"Point","coordinates":[121.406436,25.016364]},"properties":{"uid":"welfare_10039","name":"樹林三多公共托育中心","welfare_class":"parent_child_center","address":"新北市樹林區三福街52號","city":"新北市","coord_source":"offline_l2","coord_precision":"exact","src_datasets":"160907","n_src":1,"district":"樹林區","founded":"106.04.21","phone":"02-26888228"}},{"type":"Feature","geometry":{"type":"Point","coordinates":[121.377771,24.944196]},"properties":{"uid":"welfare_10040","name":"三峽北大公共托育中心","welfare_class":"parent_child_center","address":"新北市三峽區學成路396號2樓","city":"新北市","coord_source":"offline_l1","coord_precision":"cached","src_datasets":"160907","n_src":1,"district":"三峽區","founded":"106.04.21","phone":"02-26741588"}},{"type":"Feature","geometry":{"type":"Point","coordinates":[121.367623,25.068816]},"properties":{"uid":"welfare_10041","name":"林口麗林公共托育中心","welfare_class":"parent_child_center","address":"新北市林口區公園路59號2樓","city":"新北市","coord_source":"offline_l1","coord_precision":"cached","src_datasets":"160907","n_src":1,"district":"林口區","founded":"106.05.15","phone":"02-26083659"}},{"type":"Feature","geometry":{"type":"Point","coordinates":[121.4261,24.997506]},"properties":{"uid":"welfare_10042","name":"樹林文林公共托育中心","welfare_class":"parent_child_center","address":"新北市樹林區千歲街59號","city":"新北市","coord_source":"offline_l2","coord_precision":"exact","src_datasets":"160907","n_src":1,"district":"樹林區","founded":"106.08.23","phone":"02-26810118"}},{"type":"Feature","geometry":{"type":"Point","coordinates":[121.518468,24.99095]},"properties":{"uid":"welfare_10043","name":"中和青年宅公共托育中心","welfare_class":"parent_child_center","address":"新北市中和區景德街23號","city":"新北市","coord_source":"offline_l1","coord_precision":"cached","src_datasets":"160907","n_src":1,"district":"中和區","founded":"106.08.28","phone":"02-86689000"}},{"type":"Feature","geometry":{"type":"Point","coordinates":[121.514994,24.9893]},"properties":{"uid":"welfare_10044","name":"中和景新公共托育中心","welfare_class":"parent_child_center","address":"新北市中和區景新街467巷37號","city":"新北市","coord_source":"offline_l1","coord_precision":"cached","src_datasets":"160907","n_src":1,"district":"中和區","founded":"106.09.01","phone":"02-86689292"}},{"type":"Feature","geometry":{"type":"Point","coordinates":[121.455404,25.051403]},"properties":{"uid":"welfare_10045","name":"新莊昌隆公共托育中心","welfare_class":"parent_child_center","address":"新北市新莊區昌隆街63號","city":"新北市","coord_source":"offline_l1","coord_precision":"cached","src_datasets":"160907","n_src":1,"district":"新莊區","founded":"106.09.18","phone":"02-29946688"}},{"type":"Feature","geometry":{"type":"Point","coordinates":[121.446052,25.087448]},"properties":{"uid":"welfare_10046","name":"五股成泰公共托育中心","welfare_class":"parent_child_center","address":"新北市五股區芳洲八路79號","city":"新北市","coord_source":"offline_l2","coord_precision":"exact","src_datasets":"160907","n_src":1,"district":"五股區","founded":"107.03.02","phone":"02-22935585"}},{"type":"Feature","geometry":{"type":"Point","coordinates":[121.656711,25.064377]},"properties":{"uid":"welfare_10047","name":"汐止智興公共托育中心","welfare_class":"parent_child_center","address":"新北市汐止區忠孝東路3號","city":"新北市","coord_source":"offline_l2","coord_precision":"exact","src_datasets":"160907","n_src":1,"district":"汐止區","founded":"107.05.14","phone":"02-26473119"}},{"type":"Feature","geometry":{"type":"Point","coordinates":[121.51934,25.012936]},"properties":{"uid":"welfare_10048","name":"永和網溪公共托育中心","welfare_class":"parent_child_center","address":"新北市永和區竹林路79號","city":"新北市","coord_source":"offline_l2","coord_precision":"exact","src_datasets":"160907","n_src":1,"district":"永和區","founded":"107.07.06","phone":"02-89281199"}},{"type":"Feature","geometry":{"type":"Point","coordinates":[121.447559,24.985602]},"properties":{"uid":"welfare_10049","name":"土城樂利公共托育中心","welfare_class":"parent_child_center","address":"新北市土城區裕生路65號","city":"新北市","coord_source":"offline_l2","coord_precision":"exact","src_datasets":"160907","n_src":1,"district":"土城區","founded":"107.08.10","phone":"02-22640666"}},{"type":"Feature","geometry":{"type":"Point","coordinates":[121.417818,25.021279]},"properties":{"uid":"welfare_10050","name":"新莊裕民國小公共托育中心","welfare_class":"parent_child_center","address":"新北市新莊區裕民街123號之1","city":"新北市","coord_source":"offline_l2","coord_precision":"exact","src_datasets":"160907","n_src":1,"district":"新莊區","founded":"107.09.07","phone":"02-29066321"}},{"type":"Feature","geometry":{"type":"Point","coordinates":[121.441935,24.972383]},"properties":{"uid":"welfare_10051","name":"土城興城公共托育中心","welfare_class":"parent_child_center","address":"新北市土城區興城路17號","city":"新北市","coord_source":"offline_l1","coord_precision":"cached","src_datasets":"160907","n_src":1,"district":"土城區","founded":"107.10.15","phone":"02-22737350"}},{"type":"Feature","geometry":{"type":"Point","coordinates":[121.431359,25.000146]},"properties":{"uid":"welfare_10052","name":"新豐公共托育中心","welfare_class":"parent_child_center","address":"新北市新莊區樹新路226號3樓","city":"新北市","coord_source":"offline_l2","coord_precision":"exact","src_datasets":"160907","n_src":1,"district":"新莊區","founded":"107.11.07","phone":"02-22075665"}},{"type":"Feature","geometry":{"type":"Point","coordinates":[121.808896,25.10777]},"properties":{"uid":"welfare_10053","name":"瑞芳公共托育中心","welfare_class":"parent_child_center","address":"新北市瑞芳區明燈路3段2號2樓","city":"新北市","coord_source":"offline_l1","coord_precision":"cached","src_datasets":"160907","n_src":1,"district":"瑞芳區","founded":"107.12.24","phone":"02-24975781"}},{"type":"Feature","geometry":{"type":"Point","coordinates":[121.615556,25.003112]},"properties":{"uid":"welfare_10054","name":"深坑公共托育中心","welfare_class":"parent_child_center","address":"新北市深坑區北深路2段136巷5號","city":"新北市","coord_source":"offline_l2","coord_precision":"exact","src_datasets":"160907","n_src":1,"district":"深坑區","founded":"108.02.01","phone":"02-26620663"}},{"type":"Feature","geometry":{"type":"Point","coordinates":[121.456556,25.045562]},"properties":{"uid":"welfare_10055","name":"新莊思賢公共托育中心","welfare_class":"parent_child_center","address":"新北市新莊區自立街229號2-3樓","city":"新北市","coord_source":"offline_l15","coord_precision":"interpolated","src_datasets":"160907","n_src":1,"district":"新莊區","founded":"108.05.06","phone":"02-29918718"}},{"type":"Feature","geometry":{"type":"Point","coordinates":[121.443332,25.030931]},"properties":{"uid":"welfare_10056","name":"新莊豐年公共托育中心","welfare_class":"parent_child_center","address":"新北市新莊區瓊泰路116號1-2樓","city":"新北市","coord_source":"offline_l15","coord_precision":"interpolated","src_datasets":"160907","n_src":1,"district":"新莊區","founded":"108.05.06","phone":"02-22068698"}},{"type":"Feature","geometry":{"type":"Point","coordinates":[121.386776,25.096194]},"properties":{"uid":"welfare_10057","name":"林口湖北公共托育中心","welfare_class":"parent_child_center","address":"新北市林口區湖北里後湖17-6號2樓","city":"新北市","coord_source":"offline_l1","coord_precision":"cached","src_datasets":"160907","n_src":1,"district":"林口區","founded":"108.07.31","phone":"02-26010605"}},{"type":"Feature","geometry":{"type":"Point","coordinates":[121.562908,25.059288]},"properties":{"uid":"welfare_10058","name":"臺北市松山親子館","welfare_class":"parent_child_center","address":"臺北市松山區民生東路5段163-1號3樓","city":"臺北市","coord_source":"offline_l1","coord_precision":"cached","src_datasets":"160907","n_src":1,"district":"松山區","founded":"101.08.08","phone":"02-27486008"}},{"type":"Feature","geometry":{"type":"Point","coordinates":[121.520497,25.070359]},"properties":{"uid":"welfare_10059","name":"臺北市中山親子館","welfare_class":"parent_child_center","address":"臺北市中山區玉門街1號","city":"臺北市","coord_source":"offline_l1","coord_precision":"cached","src_datasets":"160907","n_src":1,"district":"中山區","founded":"102.02.20","phone":"02-25980657"}},{"type":"Feature","geometry":{"type":"Point","coordinates":[121.499368,25.132209]},"properties":{"uid":"welfare_10060","name":"臺北市北投親子館","welfare_class":"parent_child_center","address":"臺北市北投區光明路22號1-2樓","city":"臺北市","coord_source":"offline_l15","coord_precision":"interpolated","src_datasets":"160907","n_src":1,"district":"北投區","founded":"102.02.27","phone":"02-28983217"}},{"type":"Feature","geometry":{"type":"Point","coordinates":[121.515138,25.060718]},"properties":{"uid":"welfare_10061","name":"臺北市大同親子館","welfare_class":"parent_child_center","address":"臺北市大同區涼州街2-16號1-2樓","city":"臺北市","coord_source":"google","coord_precision":"exact","src_datasets":"160907","n_src":1,"district":"大同區","founded":"102.04.22","phone":"02-25571403"}},{"type":"Feature","geometry":{"type":"Point","coordinates":[121.571133,24.99168]},"properties":{"uid":"welfare_10062","name":"臺北市文山親子館","welfare_class":"parent_child_center","address":"臺北市木柵路一段177號2樓","city":"臺北市","coord_source":"google","coord_precision":"approximate","src_datasets":"160907","n_src":1,"district":"文山區","founded":"102.07.29","phone":"02-22361388"}},{"type":"Feature","geometry":{"type":"Point","coordinates":[121.522789,25.089144]},"properties":{"uid":"welfare_10063","name":"臺北市士林親子館","welfare_class":"parent_child_center","address":"臺北市士林區基河路130號1樓","city":"臺北市","coord_source":"offline_l1","coord_precision":"cached","src_datasets":"160907","n_src":1,"district":"士林區","founded":"103.02.06","phone":"02-28830262"}},{"type":"Feature","geometry":{"type":"Point","coordinates":[121.575335,25.080257]},"properties":{"uid":"welfare_10064","name":"臺北市內湖親子館","welfare_class":"parent_child_center","address":"臺北市內湖區內湖路一段659號2樓","city":"臺北市","coord_source":"offline_l1","coord_precision":"cached","src_datasets":"160907","n_src":1,"district":"內湖區","founded":"103.02.11","phone":"02-77097990"}},{"type":"Feature","geometry":{"type":"Point","coordinates":[121.506977,25.022109]},"properties":{"uid":"welfare_10065","name":"臺北市萬華親子館","welfare_class":"parent_child_center","address":"臺北市萬華區水源路199號2樓","city":"臺北市","coord_source":"offline_l2","coord_precision":"exact","src_datasets":"160907","n_src":1,"district":"萬華區","founded":"103.04.01","phone":"02-23047468"}},{"type":"Feature","geometry":{"type":"Point","coordinates":[121.580009,25.050254]},"properties":{"uid":"welfare_10066","name":"臺北市南港親子館","welfare_class":"parent_child_center","address":"臺北市南港區八德路四段768-1號1-2樓","city":"臺北市","coord_source":"google","coord_precision":"exact","src_datasets":"160907","n_src":1,"district":"南港區","founded":"103.04.09","phone":"02-26533310"}},{"type":"Feature","geometry":{"type":"Point","coordinates":[121.555324,25.035329]},"properties":{"uid":"welfare_10067","name":"臺北市大安親子館","welfare_class":"parent_child_center","address":"臺北市大安區延吉街246巷10號1-3樓","city":"臺北市","coord_source":"offline_l15","coord_precision":"interpolated","src_datasets":"160907","n_src":1,"district":"大安區","founded":"103.08.08","phone":"02-23254399"}},{"type":"Feature","geometry":{"type":"Point","coordinates":[121.56217,25.031584]},"properties":{"uid":"welfare_10068","name":"臺北市信義親子館","welfare_class":"parent_child_center","address":"臺北市信義區松勤街50號1樓","city":"臺北市","coord_source":"offline_l2","coord_precision":"exact","src_datasets":"160907","n_src":1,"district":"信義區","founded":"103.08.30","phone":"02-27202555"}},{"type":"Feature","geometry":{"type":"Point","coordinates":[121.522237,25.039062]},"properties":{"uid":"welfare_10069","name":"臺北市中正親子館","welfare_class":"parent_child_center","address":"臺北市中正區仁愛路1段17號3樓","city":"臺北市","coord_source":"offline_l2","coord_precision":"exact","src_datasets":"160907","n_src":1,"district":"中正區","founded":"103.09.13","phone":"02-23516730"}},{"type":"Feature","geometry":{"type":"Point","coordinates":[121.200352,25.062649]},"properties":{"uid":"welfare_10070","name":"桃園市大園親子館","welfare_class":"parent_child_center","address":"桃園市大園區和平東路89號3樓","city":"桃園市","coord_source":"offline_l1","coord_precision":"cached","src_datasets":"160907","n_src":1,"district":"大園區","founded":"101.08.29","phone":"03-3863316"}},{"type":"Feature","geometry":{"type":"Point","coordinates":[121.296916,24.963053]},"properties":{"uid":"welfare_10071","name":"桃園市八德親子館","welfare_class":"parent_child_center","address":"桃園市八德區福國北街220號2樓","city":"桃園市","coord_source":"offline_l2","coord_precision":"exact","src_datasets":"160907","n_src":1,"district":"八德區","founded":"101.08.29","phone":"03-3766220"}},{"type":"Feature","geometry":{"type":"Point","coordinates":[121.228005,24.959848]},"properties":{"uid":"welfare_10072","name":"桃園市中壢親子館","welfare_class":"parent_child_center","address":"桃園市中壢區元化路159號4樓","city":"桃園市","coord_source":"offline_l1","coord_precision":"cached","src_datasets":"160907","n_src":1,"district":"中壢區","founded":"104.02.02","phone":"03-4251620"}},{"type":"Feature","geometry":{"type":"Point","coordinates":[121.320179,25.000559]},"properties":{"uid":"welfare_10073","name":"桃園市桃園親子館","welfare_class":"parent_child_center","address":"桃園市桃園區三民路一段200號","city":"桃園市","coord_source":"offline_l2","coord_precision":"exact","src_datasets":"160907","n_src":1,"district":"桃園區","founded":"104.11.27","phone":"03-3398607"}},{"type":"Feature","geometry":{"type":"Point","coordinates":[121.105119,24.972593]},"properties":{"uid":"welfare_10074","name":"桃園市新屋親子館","welfare_class":"parent_child_center","address":"桃園市新屋區中山路269號3、4樓","city":"桃園市","coord_source":"offline_l15","coord_precision":"interpolated","src_datasets":"160907","n_src":1,"district":"新屋區","founded":"107.03.22","phone":"03-4971720"}},{"type":"Feature","geometry":{"type":"Point","coordinates":[121.204444,24.959254]},"properties":{"uid":"welfare_10075","name":"桃園市中壢五權親子館","welfare_class":"parent_child_center","address":"桃園市中壢區正大街55號","city":"桃園市","coord_source":"offline_l2","coord_precision":"exact","src_datasets":"160907","n_src":1,"district":"中壢區","founded":"107.05.29","phone":"03-4911788"}},{"type":"Feature","geometry":{"type":"Point","coordinates":[121.208847,24.956201]},"properties":{"uid":"welfare_10076","name":"桃園市平鎮親子館","welfare_class":"parent_child_center","address":"桃園市平鎮區廣成街10號4樓","city":"桃園市","coord_source":"offline_l15","coord_precision":"interpolated","src_datasets":"160907","n_src":1,"district":"平鎮區","founded":"107.06.05","phone":"03-4921366"}},{"type":"Feature","geometry":{"type":"Point","coordinates":[121.083808,25.027885]},"properties":{"uid":"welfare_10077","name":"桃園市觀音親子館","welfare_class":"parent_child_center","address":"桃園市觀音區觀新路52號","city":"桃園市","coord_source":"offline_l1","coord_precision":"cached","src_datasets":"160907","n_src":1,"district":"觀音區","founded":"107.08.27","phone":"03-4732005"}},{"type":"Feature","geometry":{"type":"Point","coordinates":[121.144603,24.912924]},"properties":{"uid":"welfare_10078","name":"桃園市楊梅親子館","welfare_class":"parent_child_center","address":"桃園市楊梅區大模街10號3樓","city":"桃園市","coord_source":"offline_l1","coord_precision":"cached","src_datasets":"160907","n_src":1,"district":"楊梅區","founded":"107.11.20","phone":"03-4881920"}},{"type":"Feature","geometry":{"type":"Point","coordinates":[121.281006,24.989665]},"properties":{"uid":"welfare_10079","name":"桃園市龍寶貝親子館","welfare_class":"parent_child_center","address":"桃園市桃園區國豐二街6號","city":"桃園市","coord_source":"offline_l2","coord_precision":"exact","src_datasets":"160907","n_src":1,"district":"桃園區","founded":"107.12.24","phone":"03-3605530"}},{"type":"Feature","geometry":{"type":"Point","coordinates":[121.215639,24.9509]},"properties":{"uid":"welfare_10080","name":"桃園市平鎮新勢親子館","welfare_class":"parent_child_center","address":"桃園市平鎮區延平路一段168號","city":"桃園市","coord_source":"offline_l1","coord_precision":"cached","src_datasets":"160907","n_src":1,"district":"平鎮區","founded":"108.09.25","phone":"03-4029791"}},{"type":"Feature","geometry":{"type":"Point","coordinates":[121.264061,24.902197]},"properties":{"uid":"welfare_10081","name":"桃園市大溪親子館","welfare_class":"parent_child_center","address":"桃園市大溪區永昌路80號3樓","city":"桃園市","coord_source":"offline_l2","coord_precision":"exact","src_datasets":"160907","n_src":1,"district":"大溪區","founded":"108.10.14","phone":" 03-3809970"}},{"type":"Feature","geometry":{"type":"Point","coordinates":[121.175718,24.956772]},"properties":{"uid":"welfare_10082","name":"桃園市楊梅雙榮親子館","welfare_class":"parent_child_center","address":"桃園市楊梅區民族路五段107巷63號","city":"桃園市","coord_source":"offline_l1","coord_precision":"cached","src_datasets":"160907","n_src":1,"district":"楊梅區","founded":"108.10.21","phone":"手機0970034093"}},{"type":"Feature","geometry":{"type":"Point","coordinates":[121.257187,25.024981]},"properties":{"uid":"welfare_10083","name":"桃園市蘆竹親子館","welfare_class":"parent_child_center","address":"桃園市蘆竹區大新路26號1、2樓","city":"桃園市","coord_source":"offline_l15","coord_precision":"interpolated","src_datasets":"160907","n_src":1,"district":"蘆竹區","founded":"108.12.31","phone":"03-3236116"}},{"type":"Feature","geometry":{"type":"Point","coordinates":[121.285613,24.929417]},"properties":{"uid":"welfare_10084","name":"桃園市八德興豐親子館","welfare_class":"parent_child_center","address":"桃園市八德區興豐路287號3樓","city":"桃園市","coord_source":"offline_l1","coord_precision":"cached","src_datasets":"160907","n_src":1,"district":"八德區","founded":"109.07.02","phone":"03-3653184"}},{"type":"Feature","geometry":{"type":"Point","coordinates":[121.366195,25.050746]},"properties":{"uid":"welfare_10085","name":"桃園市龜山大華親子館","welfare_class":"parent_child_center","address":"桃園市龜山區文化七路118巷7號2樓","city":"桃園市","coord_source":"offline_l1","coord_precision":"cached","src_datasets":"160907","n_src":1,"district":"龜山區","founded":"110.01.04","phone":" 03-3270237"}},{"type":"Feature","geometry":{"type":"Point","coordinates":[121.163827,24.96154]},"properties":{"uid":"welfare_10086","name":"桃園市中壢過嶺親子館","welfare_class":"parent_child_center","address":"桃園市中壢區松勇二街61號4、5樓","city":"桃園市","coord_source":"offline_l15","coord_precision":"interpolated","src_datasets":"160907","n_src":1,"district":"中壢區","founded":"110.01.26","phone":"03-4201320"}},{"type":"Feature","geometry":{"type":"Point","coordinates":[121.338484,24.992012]},"properties":{"uid":"welfare_10087","name":"桃園市龜山親子館","welfare_class":"parent_child_center","address":"桃園市龜山區自強南路97號2樓","city":"桃園市","coord_source":"offline_l1","coord_precision":"cached","src_datasets":"160907","n_src":1,"district":"龜山區","founded":"110.05.30","phone":"03-3595251"}},{"type":"Feature","geometry":{"type":"Point","coordinates":[121.250633,24.976233]},"properties":{"uid":"welfare_10088","name":"桃園市內壢親子館","welfare_class":"parent_child_center","address":"桃園市中壢區文化二路219號1-2樓","city":"桃園市","coord_source":"offline_l15","coord_precision":"interpolated","src_datasets":"160907","n_src":1,"district":"中壢區","founded":"111.03.17","phone":"03-4518321"}},{"type":"Feature","geometry":{"type":"Point","coordinates":[121.254455,24.93476]},"properties":{"uid":"welfare_10089","name":"桃園市中壢龍福親子館","welfare_class":"parent_child_center","address":"桃園市中壢區中山東路四段26號4樓","city":"桃園市","coord_source":"offline_l1","coord_precision":"cached","src_datasets":"160907","n_src":1,"district":"中壢區","founded":"111.07.15","phone":"03-2830173"}},{"type":"Feature","geometry":{"type":"Point","coordinates":[121.136606,25.014526]},"properties":{"uid":"welfare_10090","name":"桃園市觀音新坡親子館","welfare_class":"parent_child_center","address":"桃園市觀音區新坡里新生路76巷5弄2號","city":"桃園市","coord_source":"offline_l1","coord_precision":"cached","src_datasets":"160907","n_src":1,"district":"觀音區","founded":"111.08.16","phone":"03-2824288"}},{"type":"Feature","geometry":{"type":"Point","coordinates":[120.670886,24.155179]},"properties":{"uid":"welfare_10091","name":"臺中市北區親子館","welfare_class":"parent_child_center","address":"臺中市民權路400號","city":"臺中市","coord_source":"offline_l1","coord_precision":"cached","src_datasets":"160907","n_src":1,"district":"北區","founded":"92.08.10","phone":"04-22058580"}},{"type":"Feature","geometry":{"type":"Point","coordinates":[120.72051,24.258756]},"properties":{"uid":"welfare_10092","name":"臺中市豐原親子館","welfare_class":"parent_child_center","address":"臺中市豐原區圓環北路一段355號2樓","city":"臺中市","coord_source":"offline_l15","coord_precision":"interpolated","src_datasets":"160907","n_src":1,"district":"豐原區","founded":"101.10.27","phone":"04-25280975"}},{"type":"Feature","geometry":{"type":"Point","coordinates":[120.56524,24.230904]},"properties":{"uid":"welfare_10093","name":"臺中市沙鹿親子館","welfare_class":"parent_child_center","address":"臺中市沙鹿區福幼街8號2樓","city":"臺中市","coord_source":"offline_l1","coord_precision":"cached","src_datasets":"160907","n_src":1,"district":"沙鹿區","founded":"101.11.14","phone":"04-26363780"}},{"type":"Feature","geometry":{"type":"Point","coordinates":[120.69179,24.110606]},"properties":{"uid":"welfare_10094","name":"臺中市大里親子館","welfare_class":"parent_child_center","address":"臺中市大里區新光路32號","city":"臺中市","coord_source":"offline_l2","coord_precision":"exact","src_datasets":"160907","n_src":1,"district":"大里區","founded":"102.04.01","phone":"04-2486 6520"}},{"type":"Feature","geometry":{"type":"Point","coordinates":[120.627098,24.341078]},"properties":{"uid":"welfare_10095","name":"臺中市大甲親子館","welfare_class":"parent_child_center","address":"臺中市大甲區水源路169號2樓","city":"臺中市","coord_source":"offline_l1","coord_precision":"cached","src_datasets":"160907","n_src":1,"district":"大甲區","founded":"102.04.02","phone":"04-26869399"}},{"type":"Feature","geometry":{"type":"Point","coordinates":[120.643,24.138152]},"properties":{"uid":"welfare_10096","name":"臺中市南屯親子館","welfare_class":"parent_child_center","address":"臺中市南屯區南屯路2段407號","city":"臺中市","coord_source":"offline_l1","coord_precision":"cached","src_datasets":"160907","n_src":1,"district":"南屯區","founded":"106.08.08","phone":"04-23803141"}},{"type":"Feature","geometry":{"type":"Point","coordinates":[120.731354,24.14218]},"properties":{"uid":"welfare_10097","name":"臺中市坪林親子館","welfare_class":"parent_child_center","address":"臺中市太平區中山路一段213號","city":"臺中市","coord_source":"offline_l1","coord_precision":"cached","src_datasets":"160907","n_src":1,"district":"太平區","founded":"107.10.09","phone":"04-23913251"}},{"type":"Feature","geometry":{"type":"Point","coordinates":[120.813405,24.259966]},"properties":{"uid":"welfare_10098","name":"臺中市石岡親子館","welfare_class":"parent_child_center","address":"臺中市石岡區和盛街13巷50號","city":"臺中市","coord_source":"offline_l2","coord_precision":"exact","src_datasets":"160907","n_src":1,"district":"石岡區","founded":"108.12.18","phone":"04-25826736"}},{"type":"Feature","geometry":{"type":"Point","coordinates":[120.719915,24.102762]},"properties":{"uid":"welfare_10099","name":"臺中市太平親子館","welfare_class":"parent_child_center","address":"臺中市太平區明德里德明路422號","city":"臺中市","coord_source":"offline_l2","coord_precision":"exact","src_datasets":"160907","n_src":1,"district":"太平區","founded":"109.06.12","phone":"04-22710140"}},{"type":"Feature","geometry":{"type":"Point","coordinates":[120.890327,24.270785]},"properties":{"uid":"welfare_10100","name":"臺中市和平親子館","welfare_class":"parent_child_center","address":"臺中市和平區東崎路二段三叉巷8號","city":"臺中市","coord_source":"offline_l2","coord_precision":"exact","src_datasets":"160907","n_src":1,"district":"和平區","founded":"110.04.09","phone":"04-25911576"}},{"type":"Feature","geometry":{"type":"Point","coordinates":[120.650762,24.227313]},"properties":{"uid":"welfare_10101","name":"臺中市大雅親子館","welfare_class":"parent_child_center","address":"臺中市大雅區民生路一段196號","city":"臺中市","coord_source":"offline_l1","coord_precision":"cached","src_datasets":"160907","n_src":1,"district":"大雅區","founded":"110.04.11","phone":"04-25694321"}},{"type":"Feature","geometry":{"type":"Point","coordinates":[120.71827,24.30664]},"properties":{"uid":"welfare_10102","name":"臺中市后里親子館","welfare_class":"parent_child_center","address":"臺中市后里區文明路77號","city":"臺中市","coord_source":"offline_l2","coord_precision":"exact","src_datasets":"160907","n_src":1,"district":"后里區","founded":"110.11.19","phone":"04-25588660"}},{"type":"Feature","geometry":{"type":"Point","coordinates":[120.289847,23.072345]},"properties":{"uid":"welfare_10103","name":"臺南市新市親子悠遊館","welfare_class":"parent_child_center","address":"臺南市新市區富強路16巷1號4-5樓","city":"臺南市","coord_source":"google","coord_precision":"exact","src_datasets":"160907","n_src":1,"district":"新市區","founded":"102.03.28","phone":"06-5890050"}},{"type":"Feature","geometry":{"type":"Point","coordinates":[120.186287,22.991871]},"properties":{"uid":"welfare_10104","name":"臺南市安平親子悠遊館","welfare_class":"parent_child_center","address":"臺南市安平區中華西路二段315號1樓","city":"臺南市","coord_source":"offline_l2","coord_precision":"exact","src_datasets":"160907","n_src":1,"district":"安平區","founded":"103.07.03","phone":"06-2984289"}},{"type":"Feature","geometry":{"type":"Point","coordinates":[120.177188,23.168592]},"properties":{"uid":"welfare_10105","name":"臺南市佳里親子悠遊館","welfare_class":"parent_child_center","address":"臺南市佳里區安北路116號2樓","city":"臺南市","coord_source":"offline_l2","coord_precision":"exact","src_datasets":"160907","n_src":1,"district":"佳里區","founded":"105.10.06","phone":"06-7237320"}},{"type":"Feature","geometry":{"type":"Point","coordinates":[120.253059,22.947797]},"properties":{"uid":"welfare_10106","name":"臺南市仁德親子悠遊館","welfare_class":"parent_child_center","address":"臺南市仁德區德南路68號4樓","city":"臺南市","coord_source":"offline_l2","coord_precision":"exact","src_datasets":"160907","n_src":1,"district":"仁德區","founded":"106.10.12","phone":"06-2706729"}},{"type":"Feature","geometry":{"type":"Point","coordinates":[120.316578,23.311894]},"properties":{"uid":"welfare_10107","name":"臺南市南瀛親子館","welfare_class":"parent_child_center","address":"臺南市新營區中正路32號","city":"臺南市","coord_source":"offline_l15","coord_precision":"interpolated","src_datasets":"160907","n_src":1,"district":"新營區","founded":"106.07.01","phone":"06-6322725"}},{"type":"Feature","geometry":{"type":"Point","coordinates":[120.287907,23.12897]},"properties":{"uid":"welfare_10108","name":"臺南市善化親子悠遊館","welfare_class":"parent_child_center","address":"臺南市善化區三民路6-6號2樓","city":"臺南市","coord_source":"offline_l2","coord_precision":"exact","src_datasets":"160907","n_src":1,"district":"善化區","founded":"107.11.07","phone":"06-5817521"}},{"type":"Feature","geometry":{"type":"Point","coordinates":[120.24009,22.982242]},"properties":{"uid":"welfare_10109","name":"臺南市東區親子悠遊館","welfare_class":"parent_child_center","address":"臺南市東區裕文路62號","city":"臺南市","coord_source":"offline_l15","coord_precision":"interpolated","src_datasets":"160907","n_src":1,"district":"東區","founded":"107.11.20","phone":"06-3319126"}},{"type":"Feature","geometry":{"type":"Point","coordinates":[120.243523,23.178365]},"properties":{"uid":"welfare_10110","name":"臺南市麻豆親子悠遊館","welfare_class":"parent_child_center","address":"臺南市麻豆區和平路11號","city":"臺南市","coord_source":"offline_l2","coord_precision":"exact","src_datasets":"160907","n_src":1,"district":"麻豆區","founded":"107.12.12","phone":"06-2094059"}},{"type":"Feature","geometry":{"type":"Point","coordinates":[120.300178,22.960635]},"properties":{"uid":"welfare_10111","name":"臺南市歸仁親子悠遊館","welfare_class":"parent_child_center","address":"臺南市歸仁區仁愛南街288號2樓","city":"臺南市","coord_source":"offline_l2","coord_precision":"exact","src_datasets":"160907","n_src":1,"district":"歸仁區","founded":"109.01.03","phone":"06-2300501"}},{"type":"Feature","geometry":{"type":"Point","coordinates":[120.192393,22.977782]},"properties":{"uid":"welfare_10112","name":"臺南市南區親子悠遊館","welfare_class":"parent_child_center","address":"臺南市南區三官路176巷5弄19號","city":"臺南市","coord_source":"offline_l15","coord_precision":"interpolated","src_datasets":"160907","n_src":1,"district":"南區","founded":"109.11.04","phone":"06-2639967"}},{"type":"Feature","geometry":{"type":"Point","coordinates":[120.267423,23.321192]},"properties":{"uid":"welfare_10113","name":"臺南市鹽水區親子悠遊館","welfare_class":"parent_child_center","address":"臺南市鹽水區三福路14號3樓","city":"臺南市","coord_source":"offline_l1","coord_precision":"cached","src_datasets":"160907","n_src":1,"district":"鹽水區","founded":"110.06.30","phone":"06-6525585"}},{"type":"Feature","geometry":{"type":"Point","coordinates":[120.139553,23.140674]},"properties":{"uid":"welfare_10114","name":"臺南市七股區親子悠遊館","welfare_class":"parent_child_center","address":"臺南市七股區大埕里大埕380號2樓","city":"臺南市","coord_source":"offline_l2","coord_precision":"exact","src_datasets":"160907","n_src":1,"district":"七股區","founded":"111.10.26","phone":"06-7871008"}},{"type":"Feature","geometry":{"type":"Point","coordinates":[120.317411,22.583548]},"properties":{"uid":"welfare_10115","name":"高雄市前鎮草衙育兒資源中心","welfare_class":"parent_child_center","address":"高雄市前鎮區信義里同安路120號","city":"高雄市","coord_source":"offline_l2","coord_precision":"exact","src_datasets":"160907","n_src":1,"district":"前鎮區","founded":"101.04.02","phone":"07-8127225"}},{"type":"Feature","geometry":{"type":"Point","coordinates":[120.32315,22.638912]},"properties":{"uid":"welfare_10116","name":"高雄市三民兒福育兒資源中心","welfare_class":"parent_child_center","address":"高雄市三民區九如一路775號","city":"高雄市","coord_source":"offline_l2","coord_precision":"exact","src_datasets":"160907","n_src":1,"district":"三民區","founded":"101.10.14","phone":"07-3943322"}},{"type":"Feature","geometry":{"type":"Point","coordinates":[120.342424,22.643336]},"properties":{"uid":"welfare_10117","name":"高雄市三民陽明育兒資源中心","welfare_class":"parent_child_center","address":"高雄市三民區陽明路300號2樓","city":"高雄市","coord_source":"offline_l1","coord_precision":"cached","src_datasets":"160907","n_src":1,"district":"三民區","founded":"102.02.01","phone":"07-3801856"}},{"type":"Feature","geometry":{"type":"Point","coordinates":[120.319814,22.60933]},"properties":{"uid":"welfare_10118","name":"高雄市前鎮竹西育兒資源中心","welfare_class":"parent_child_center","address":"高雄市前鎮區廣東三街73號2樓","city":"高雄市","coord_source":"offline_l2","coord_precision":"exact","src_datasets":"160907","n_src":1,"district":"前鎮區","founded":"102.08.01","phone":"07-7161625"}},{"type":"Feature","geometry":{"type":"Point","coordinates":[120.348398,22.701336]},"properties":{"uid":"welfare_10119","name":"高雄市仁武育兒資源中心","welfare_class":"parent_child_center","address":"高雄市仁武區中正路94號","city":"高雄市","coord_source":"offline_l1","coord_precision":"cached","src_datasets":"160907","n_src":1,"district":"仁武區","founded":"102.12.22","phone":"07-3721884"}},{"type":"Feature","geometry":{"type":"Point","coordinates":[120.311893,22.614963]},"properties":{"uid":"welfare_10120","name":"高雄市前鎮愛群育兒資源中心","welfare_class":"parent_child_center","address":"高雄市前鎮區二聖二路194號","city":"高雄市","coord_source":"offline_l2","coord_precision":"exact","src_datasets":"160907","n_src":1,"district":"前鎮區","founded":"103.01.06","phone":"07-7662351"}},{"type":"Feature","geometry":{"type":"Point","coordinates":[120.397972,22.600592]},"properties":{"uid":"welfare_10121","name":"高雄市大寮育兒資源中心","welfare_class":"parent_child_center","address":"高雄市大寮區鳳林三路315-22號2樓","city":"高雄市","coord_source":"offline_l1","coord_precision":"cached","src_datasets":"160907","n_src":1,"district":"大寮區","founded":"103.01.10","phone":"07-7828330"}},{"type":"Feature","geometry":{"type":"Point","coordinates":[120.355688,22.568261]},"properties":{"uid":"welfare_10122","name":"高雄市小港育兒資源中心","welfare_class":"parent_child_center","address":"高雄市小港區康莊路80號2樓","city":"高雄市","coord_source":"offline_l2","coord_precision":"exact","src_datasets":"160907","n_src":1,"district":"小港區","founded":"103.02.27","phone":"07-8055828"}},{"type":"Feature","geometry":{"type":"Point","coordinates":[120.295851,22.786512]},"properties":{"uid":"welfare_10123","name":"高雄市岡山育兒資源中心","welfare_class":"parent_child_center","address":"高雄市岡山區河堤路二段122號","city":"高雄市","coord_source":"offline_l2","coord_precision":"exact","src_datasets":"160907","n_src":1,"district":"岡山區","founded":"103.07.19","phone":"07-6298550"}},{"type":"Feature","geometry":{"type":"Point","coordinates":[120.394594,22.508498]},"properties":{"uid":"welfare_10124","name":"高雄市林園育兒資源中心","welfare_class":"parent_child_center","address":"高雄市林園區林園北路191號2樓","city":"高雄市","coord_source":"offline_l2","coord_precision":"exact","src_datasets":"160907","n_src":1,"district":"林園區","founded":"103.12.15","phone":"07-6421938"}},{"type":"Feature","geometry":{"type":"Point","coordinates":[120.261757,22.856787]},"properties":{"uid":"welfare_10125","name":"高雄市路竹育兒資源中心","welfare_class":"parent_child_center","address":"高雄市路竹區中正路51號2F","city":"高雄市","coord_source":"offline_l15","coord_precision":"interpolated","src_datasets":"160907","n_src":1,"district":"路竹區","founded":"104.05.21","phone":"07-6071107"}},{"type":"Feature","geometry":{"type":"Point","coordinates":[120.289858,22.627101]},"properties":{"uid":"welfare_10126","name":"高雄市前金育兒資源中心","welfare_class":"parent_child_center","address":"高雄市前金區中正四路261號2樓","city":"高雄市","coord_source":"offline_l1","coord_precision":"cached","src_datasets":"160907","n_src":1,"district":"前金區","founded":"104.02.06","phone":"07-21539985"}},{"type":"Feature","geometry":{"type":"Point","coordinates":[120.479916,22.89019]},"properties":{"uid":"welfare_10127","name":"高雄市旗山育兒資源中心","welfare_class":"parent_child_center","address":"高雄市旗山區中正路199號1樓","city":"高雄市","coord_source":"offline_l1","coord_precision":"cached","src_datasets":"160907","n_src":1,"district":"旗山區","founded":"104.12.18","phone":"07-6622281"}},{"type":"Feature","geometry":{"type":"Point","coordinates":[120.294091,22.715355]},"properties":{"uid":"welfare_10128","name":"高雄市楠梓育兒資源中心","welfare_class":"parent_child_center","address":"高雄市楠梓區後昌路960巷19號3樓","city":"高雄市","coord_source":"offline_l2","coord_precision":"exact","src_datasets":"160907","n_src":1,"district":"楠梓區","founded":"105.07.14","phone":"07-3640791"}},{"type":"Feature","geometry":{"type":"Point","coordinates":[120.250789,22.782206]},"properties":{"uid":"welfare_10129","name":"高雄市彌陀育兒資源中心","welfare_class":"parent_child_center","address":"高雄市彌陀區中華路1巷5弄2號","city":"高雄市","coord_source":"offline_l2","coord_precision":"exact","src_datasets":"160907","n_src":1,"district":"彌陀區","founded":"105.05.25","phone":"07-6171333"}},{"type":"Feature","geometry":{"type":"Point","coordinates":[120.305703,22.668044]},"properties":{"uid":"welfare_10130","name":"高雄市左營富民育兒資源中心","welfare_class":"parent_child_center","address":"高雄市左營區富民路435號2樓","city":"高雄市","coord_source":"offline_l1","coord_precision":"cached","src_datasets":"160907","n_src":1,"district":"左營區","founded":"106.11.08","phone":"07-5566105"}},{"type":"Feature","geometry":{"type":"Point","coordinates":[120.418234,22.658341]},"properties":{"uid":"welfare_10131","name":"高雄市大樹育兒資源中心","welfare_class":"parent_child_center","address":"高雄市大樹區久堂路128號1樓","city":"高雄市","coord_source":"offline_l2","coord_precision":"exact","src_datasets":"160907","n_src":1,"district":"大樹區","founded":"107.12.19","phone":"07-6525569"}},{"type":"Feature","geometry":{"type":"Point","coordinates":[120.534095,22.883128]},"properties":{"uid":"welfare_10132","name":"高雄市美濃育兒資源中心","welfare_class":"parent_child_center","address":"高雄市美濃區中正路二段351號","city":"高雄市","coord_source":"offline_l2","coord_precision":"exact","src_datasets":"160907","n_src":1,"district":"美濃區","founded":"108.10.03","phone":"07-6819456"}},{"type":"Feature","geometry":{"type":"Point","coordinates":[120.272679,22.606162]},"properties":{"uid":"welfare_10133","name":"高雄市旗津育兒資源中心","welfare_class":"parent_child_center","address":"高雄市旗津區旗津三路900巷1弄33號","city":"高雄市","coord_source":"offline_l15","coord_precision":"interpolated","src_datasets":"160907","n_src":1,"district":"旗津區","founded":"110.02.05","phone":"07-5711191"}},{"type":"Feature","geometry":{"type":"Point","coordinates":[120.765606,23.158561]},"properties":{"uid":"welfare_10134","name":"高雄市桃源育兒資源中心","welfare_class":"parent_child_center","address":"高雄市桃源區南進巷180-10號3樓","city":"高雄市","coord_source":"offline_l2","coord_precision":"exact","src_datasets":"160907","n_src":1,"district":"桃源區","founded":"110.04.01","phone":" 07-6861280"}},{"type":"Feature","geometry":{"type":"Point","coordinates":[120.719829,23.276979]},"properties":{"uid":"welfare_10135","name":"高雄市那瑪夏育兒資源中心","welfare_class":"parent_child_center","address":"高雄市那瑪夏區達卡努瓦里大光巷236號","city":"高雄市","coord_source":"offline_l1","coord_precision":"cached","src_datasets":"160907","n_src":1,"district":"那瑪夏區","founded":"110.12.28","phone":"07-6701708"}},{"type":"Feature","geometry":{"type":"Point","coordinates":[121.756045,24.752135]},"properties":{"uid":"welfare_10136","name":"宜蘭縣托育資源中心(宜蘭站)","welfare_class":"parent_child_center","address":"宜蘭市神農里民權路1段65號3樓","city":"宜蘭縣","coord_source":"google","coord_precision":"interpolated","src_datasets":"160907","n_src":1,"district":"宜蘭市","founded":"102.12.14","phone":"03-9353718"}},{"type":"Feature","geometry":{"type":"Point","coordinates":[121.753197,24.752531]},"properties":{"uid":"welfare_10137","name":"宜蘭縣熊讚親子館","welfare_class":"parent_child_center","address":"宜蘭市中山路2段462號3樓","city":"宜蘭縣","coord_source":"google","coord_precision":"exact","src_datasets":"160907","n_src":1,"district":"宜蘭市","founded":"107.10.30","phone":"03-9333030"}},{"type":"Feature","geometry":{"type":"Point","coordinates":[121.797478,24.772039]},"properties":{"uid":"welfare_10138","name":"宜蘭縣壯圍親子館","welfare_class":"parent_child_center","address":"宜蘭縣壯圍鄉古亭路81號","city":"宜蘭縣","coord_source":"offline_l2","coord_precision":"exact","src_datasets":"160907","n_src":1,"district":"壯圍鄉","founded":"108.04.03","phone":"03-9301669"}},{"type":"Feature","geometry":{"type":"Point","coordinates":[121.745236,24.779689]},"properties":{"uid":"welfare_10139","name":"宜蘭縣礁溪親子館","welfare_class":"parent_child_center","address":"宜蘭縣礁溪鄉龍潭村育龍路 71 號","city":"宜蘭縣","coord_source":"offline_l15","coord_precision":"interpolated","src_datasets":"160907","n_src":1,"district":"礁溪鄉","founded":"109.06.01","phone":"03-9221810"}},{"type":"Feature","geometry":{"type":"Point","coordinates":[121.728858,24.762778]},"properties":{"uid":"welfare_10140","name":"宜蘭縣員山親子館","welfare_class":"parent_child_center","address":"宜蘭縣員山鄉新城路84-4號","city":"宜蘭縣","coord_source":"google","coord_precision":"exact","src_datasets":"160907","n_src":1,"district":"員山鄉","founded":"109.06.01","phone":"03-9283206"}},{"type":"Feature","geometry":{"type":"Point","coordinates":[121.791244,24.632389]},"properties":{"uid":"welfare_10141","name":"宜蘭縣冬山親子館","welfare_class":"parent_child_center","address":"宜蘭縣冬山鄉安中路35號","city":"宜蘭縣","coord_source":"offline_l2","coord_precision":"exact","src_datasets":"160907","n_src":1,"district":"冬山鄉","founded":"109.06.02","phone":"03-9595592"}},{"type":"Feature","geometry":{"type":"Point","coordinates":[121.82086,24.865769]},"properties":{"uid":"welfare_10142","name":"宜蘭縣頭城親子館","welfare_class":"parent_child_center","address":"宜蘭縣頭城鎮復興路145號","city":"宜蘭縣","coord_source":"offline_l2","coord_precision":"exact","src_datasets":"160907","n_src":1,"district":"頭城鎮","founded":"109.06.02","phone":"03-9770588"}},{"type":"Feature","geometry":{"type":"Point","coordinates":[121.653807,24.667798]},"properties":{"uid":"welfare_10143","name":"宜蘭縣三星親子館","welfare_class":"parent_child_center","address":"宜蘭縣三星鄉月眉街54號","city":"宜蘭縣","coord_source":"google","coord_precision":"exact","src_datasets":"160907","n_src":1,"district":"三星鄉","founded":"109.06.02","phone":"03-9895766"}},{"type":"Feature","geometry":{"type":"Point","coordinates":[121.79834,24.684306]},"properties":{"uid":"welfare_10144","name":"宜蘭縣五結親子館","welfare_class":"parent_child_center","address":"宜蘭縣五結鄉五結中路一段500號","city":"宜蘭縣","coord_source":"offline_l1","coord_precision":"cached","src_datasets":"160907","n_src":1,"district":"五結鄉","founded":"110.02.05","phone":"03-9509968"}},{"type":"Feature","geometry":{"type":"Point","coordinates":[121.766084,24.679219]},"properties":{"uid":"welfare_10145","name":"宜蘭縣羅東親子館","welfare_class":"parent_child_center","address":"宜蘭縣羅東鎮公正路199號","city":"宜蘭縣","coord_source":"offline_l2","coord_precision":"exact","src_datasets":"160907","n_src":1,"district":"羅東鎮","founded":"110.04.09","phone":"03-9550397"}},{"type":"Feature","geometry":{"type":"Point","coordinates":[121.793314,24.467992]},"properties":{"uid":"welfare_10146","name":"宜蘭縣南澳親子館","welfare_class":"parent_child_center","address":"宜蘭縣南澳鄉中正路52號","city":"宜蘭縣","coord_source":"offline_l15","coord_precision":"interpolated","src_datasets":"160907","n_src":1,"district":"南澳鄉","founded":"111.01.05","phone":"03-9981138"}},{"type":"Feature","geometry":{"type":"Point","coordinates":[121.451565,24.531767]},"properties":{"uid":"welfare_10147","name":"宜蘭縣大同親子館","welfare_class":"parent_child_center","address":"宜蘭縣大同鄉泰雅路五段70號","city":"宜蘭縣","coord_source":"google","coord_precision":"exact","src_datasets":"160907","n_src":1,"district":"大同鄉","founded":"111.01.10","phone":"03-9229275"}},{"type":"Feature","geometry":{"type":"Point","coordinates":[121.019911,24.834005]},"properties":{"uid":"welfare_10148","name":"新竹縣托育資源中心","welfare_class":"parent_child_center","address":"新竹縣竹北市縣政二路620號1樓","city":"新竹縣","coord_source":"offline_l1","coord_precision":"cached","src_datasets":"160907","n_src":1,"district":"竹北市","founded":"102.06.17","phone":"03-6570620"}},{"type":"Feature","geometry":{"type":"Point","coordinates":[120.818603,24.539527]},"properties":{"uid":"welfare_10149","name":"苗栗縣中區托育資源中心","welfare_class":"parent_child_center","address":"苗栗市金鳳街22號1樓","city":"苗栗縣","coord_source":"offline_l1","coord_precision":"cached","src_datasets":"160907","n_src":1,"district":"苗栗市","founded":"101.11.04","phone":"037-368112"}},{"type":"Feature","geometry":{"type":"Point","coordinates":[120.86992,24.426712]},"properties":{"uid":"welfare_10150","name":"苗栗縣南區托育資源中心","welfare_class":"parent_child_center","address":"苗栗縣大湖鄉靜湖村和平路28號","city":"苗栗縣","coord_source":"google","coord_precision":"exact","src_datasets":"160907","n_src":1,"district":"大湖鄉","founded":"104.07.04","phone":"037-992825"}},{"type":"Feature","geometry":{"type":"Point","coordinates":[120.897046,24.70874]},"properties":{"uid":"welfare_10151","name":"苗栗縣北區托育資源中心","welfare_class":"parent_child_center","address":"苗栗縣竹南鎮公義路936號","city":"苗栗縣","coord_source":"offline_l1","coord_precision":"cached","src_datasets":"160907","n_src":1,"district":"竹南鎮","founded":"104.08.13","phone":"037-582581"}},{"type":"Feature","geometry":{"type":"Point","coordinates":[120.685892,24.414518]},"properties":{"uid":"welfare_10152","name":"苗栗縣通苑區托育資源中心","welfare_class":"parent_child_center","address":"苗栗縣苑裡鎮彎麗路101號","city":"苗栗縣","coord_source":"offline_l2","coord_precision":"exact","src_datasets":"160907","n_src":1,"district":"苑裡鎮","founded":"105.11.06","phone":"037-742197"}},{"type":"Feature","geometry":{"type":"Point","coordinates":[120.573411,23.968944]},"properties":{"uid":"welfare_10153","name":"彰化縣員林托育資源中心","welfare_class":"parent_child_center","address":"彰化縣員林市大同路二段273號1、2樓","city":"彰化縣","coord_source":"offline_l15","coord_precision":"interpolated","src_datasets":"160907","n_src":1,"district":"員林市","founded":"102.11.08","phone":"04-8363628"}},{"type":"Feature","geometry":{"type":"Point","coordinates":[120.529559,24.079245]},"properties":{"uid":"welfare_10154","name":"彰化縣彰化育兒親子館","welfare_class":"parent_child_center","address":"彰化縣彰化市金馬路三段656號3樓","city":"彰化縣","coord_source":"offline_l2","coord_precision":"exact","src_datasets":"160907","n_src":1,"district":"彰化市","founded":"106.12.26","phone":"04-7517126"}},{"type":"Feature","geometry":{"type":"Point","coordinates":[120.436138,24.059434]},"properties":{"uid":"welfare_10155","name":"彰化縣鹿港育兒親子館","welfare_class":"parent_child_center","address":"彰化縣鹿港鎮正興路66號2、3樓","city":"彰化縣","coord_source":"offline_l15","coord_precision":"interpolated","src_datasets":"160907","n_src":1,"district":"鹿港鎮","founded":"107.12.01","phone":"04-7775758"}},{"type":"Feature","geometry":{"type":"Point","coordinates":[120.369435,23.904426]},"properties":{"uid":"welfare_10156","name":"彰化縣二林育兒親子館","welfare_class":"parent_child_center","address":"彰化縣二林鎮明德街249號","city":"彰化縣","coord_source":"offline_l1","coord_precision":"cached","src_datasets":"160907","n_src":1,"district":"二林鎮","founded":"108.12.25","phone":"04-8951388"}},{"type":"Feature","geometry":{"type":"Point","coordinates":[120.496466,24.102952]},"properties":{"uid":"welfare_10157","name":"彰化縣和美育兒親子館","welfare_class":"parent_child_center","address":"彰化縣和美鎮惠來五街45號2樓","city":"彰化縣","coord_source":"offline_l2","coord_precision":"exact","src_datasets":"160907","n_src":1,"district":"和美鎮","founded":"111.12.27","phone":"04-7563866"}},{"type":"Feature","geometry":{"type":"Point","coordinates":[120.679195,23.908683]},"properties":{"uid":"welfare_10158","name":"南投縣托育資源中心","welfare_class":"parent_child_center","address":"南投縣南投市南崗二路87號1樓","city":"南投縣","coord_source":"google","coord_precision":"exact","src_datasets":"160907","n_src":1,"district":"南投市","founded":"105.04.02","phone":"049-2247511"}},{"type":"Feature","geometry":{"type":"Point","coordinates":[120.961828,23.963821]},"properties":{"uid":"welfare_10159","name":"埔里區親子館","welfare_class":"parent_child_center","address":"南投縣埔里鎮育英街20號","city":"南投縣","coord_source":"offline_l2","coord_precision":"exact","src_datasets":"160907","n_src":1,"district":"埔里鎮","founded":"110.12.25","phone":"049-242 1949"}},{"type":"Feature","geometry":{"type":"Point","coordinates":[120.68021,23.751399]},"properties":{"uid":"welfare_10160","name":"竹山區親子館","welfare_class":"parent_child_center","address":"南投縣竹山鎮鯉南路19之18號","city":"南投縣","coord_source":"offline_l2","coord_precision":"exact","src_datasets":"160907","n_src":1,"district":"竹山鎮","founded":"110.12.26","phone":"049-2630180"}},{"type":"Feature","geometry":{"type":"Point","coordinates":[120.457203,23.799462]},"properties":{"uid":"welfare_10161","name":"雲林縣西螺托育資源中心","welfare_class":"parent_child_center","address":"雲林縣西螺鎮中山路227號2樓(兒福館2樓)","city":"雲林縣","coord_source":"offline_l15","coord_precision":"interpolated","src_datasets":"160907","n_src":1,"district":"西螺鎮","founded":"101.12.27","phone":"05-5870520"}},{"type":"Feature","geometry":{"type":"Point","coordinates":[120.304862,23.575157]},"properties":{"uid":"welfare_10162","name":"雲林縣北港托育資源中心","welfare_class":"parent_child_center","address":"雲林縣北港鎮文化路246號3樓","city":"雲林縣","coord_source":"offline_l2","coord_precision":"exact","src_datasets":"160907","n_src":1,"district":"北港鎮","founded":"107.10.20","phone":"05-5870520"}},{"type":"Feature","geometry":{"type":"Point","coordinates":[120.446603,23.707448]},"properties":{"uid":"welfare_10163","name":"虎尾親子館","welfare_class":"parent_child_center","address":"虎尾鎮光明路70號","city":"雲林縣","coord_source":"google","coord_precision":"exact","src_datasets":"160907","n_src":1,"district":"虎尾鎮","founded":"110.12.10","phone":"05-5324511#83"}},{"type":"Feature","geometry":{"type":"Point","coordinates":[120.47823,23.670744]},"properties":{"uid":"welfare_10164","name":"斗南親子館","welfare_class":"parent_child_center","address":"斗南鎮莒光街30號","city":"雲林縣","coord_source":"google","coord_precision":"exact","src_datasets":"160907","n_src":1,"district":"斗南鎮","founded":"110.12.20","phone":"05-5977659"}},{"type":"Feature","geometry":{"type":"Point","coordinates":[120.541515,23.705001]},"properties":{"uid":"welfare_10165","name":"斗六親子館","welfare_class":"parent_child_center","address":"斗六市府前街58號","city":"雲林縣","coord_source":"google","coord_precision":"exact","src_datasets":"160907","n_src":1,"district":"斗六市","founded":"110.12.24","phone":"05-5361566"}},{"type":"Feature","geometry":{"type":"Point","coordinates":[120.249663,23.466081]},"properties":{"uid":"welfare_10166","name":"嘉義縣朴子托育資源中心暨親子館","welfare_class":"parent_child_center","address":"嘉義縣朴子市山通路7號","city":"嘉義縣","coord_source":"offline_l1","coord_precision":"cached","src_datasets":"160907","n_src":1,"district":"朴子市","founded":"108.12.30","phone":"05-3707042"}},{"type":"Feature","geometry":{"type":"Point","coordinates":[120.501272,22.684786]},"properties":{"uid":"welfare_10167","name":"屏東托育資源中心","welfare_class":"parent_child_center","address":"屏東市華正路95號108室(社福館1樓)","city":"屏東縣","coord_source":"offline_l15","coord_precision":"interpolated","src_datasets":"160907","n_src":1,"district":"屏東市","founded":"101.07.01","phone":"08-7362972"}},{"type":"Feature","geometry":{"type":"Point","coordinates":[120.536438,22.53435]},"properties":{"uid":"welfare_10168","name":"潮州托育資源中心","welfare_class":"parent_child_center","address":"屏東縣潮州鎮光春路292號(潮州多元社福園區)","city":"屏東縣","coord_source":"offline_l15","coord_precision":"interpolated","src_datasets":"160907","n_src":1,"district":"潮州鎮","founded":"106.04.23","phone":"08-7889918"}},{"type":"Feature","geometry":{"type":"Point","coordinates":[120.489589,22.736432]},"properties":{"uid":"welfare_10169","name":"九如托育資源中心","welfare_class":"parent_child_center","address":"屏東縣九如鄉九如路二段3-1號3樓","city":"屏東縣","coord_source":"offline_l2","coord_precision":"exact","src_datasets":"160907","n_src":1,"district":"九如鄉","founded":"109.08.26","phone":"08-7396011#30"}},{"type":"Feature","geometry":{"type":"Point","coordinates":[120.748382,22.003512]},"properties":{"uid":"welfare_10170","name":"恆春托育資源中心","welfare_class":"parent_child_center","address":"屏東縣恆春鎮文化路33號1樓","city":"屏東縣","coord_source":"offline_l1","coord_precision":"cached","src_datasets":"160907","n_src":1,"district":"恆春鎮","founded":"111.12.12","phone":"08-8891233#113"}},{"type":"Feature","geometry":{"type":"Point","coordinates":[121.146939,22.74913]},"properties":{"uid":"welfare_10171","name":"臺東縣托育資源中心(臺東站)","welfare_class":"parent_child_center","address":"臺東縣臺東市中華路1段684號1樓","city":"臺東縣","coord_source":"offline_l1","coord_precision":"cached","src_datasets":"160907","n_src":1,"district":"臺東市","founded":"101.07.07","phone":"089-353839"}},{"type":"Feature","geometry":{"type":"Point","coordinates":[121.628943,23.991022]},"properties":{"uid":"welfare_10172","name":"洄瀾親子館─花蓮縣托育資源中心","welfare_class":"parent_child_center","address":"花蓮縣花蓮市文苑路12號4樓","city":"花蓮縣","coord_source":"offline_l1","coord_precision":"cached","src_datasets":"160907","n_src":1,"district":"花蓮市","founded":"102.07.19","phone":"03-8234370"}},{"type":"Feature","geometry":{"type":"Point","coordinates":[121.320388,23.340955]},"properties":{"uid":"welfare_10173","name":"玉里鎮托育資源中心","welfare_class":"parent_child_center","address":"花蓮縣玉里鎮莊敬路8號2樓","city":"花蓮縣","coord_source":"offline_l1","coord_precision":"cached","src_datasets":"160907","n_src":1,"district":"玉里鎮","founded":"109.07.01","phone":"03-8886675"}},{"type":"Feature","geometry":{"type":"Point","coordinates":[121.520739,23.59571]},"properties":{"uid":"welfare_10174","name":"豐濱鄉托育資源中心","welfare_class":"parent_child_center","address":"花蓮縣豐濱鄉豐濱村民權街63號","city":"花蓮縣","coord_source":"offline_l15","coord_precision":"interpolated","src_datasets":"160907","n_src":1,"district":"豐濱鄉","founded":"109.11.02","phone":"03-8791528"}},{"type":"Feature","geometry":{"type":"Point","coordinates":[119.572548,23.575134]},"properties":{"uid":"welfare_10175","name":"澎湖縣托育資源中心","welfare_class":"parent_child_center","address":"澎湖縣馬公市貿商街60號2樓(兒少福利中心)","city":"澎湖縣","coord_source":"offline_l15","coord_precision":"interpolated","src_datasets":"160907","n_src":1,"district":"馬公市","founded":"101.07.14","phone":"06-9265596"}},{"type":"Feature","geometry":{"type":"Point","coordinates":[121.719337,25.125205]},"properties":{"uid":"welfare_10176","name":"基隆市安樂托育資源中心","welfare_class":"parent_child_center","address":"基隆市麥金路482號3樓","city":"基隆市","coord_source":"offline_l15","coord_precision":"interpolated","src_datasets":"160907","n_src":1,"district":"安樂區","founded":"102.05.25","phone":"02-34010618"}},{"type":"Feature","geometry":{"type":"Point","coordinates":[121.713231,25.095863]},"properties":{"uid":"welfare_10177","name":"基隆市七堵托育資源中心","welfare_class":"parent_child_center","address":"基隆市七堵區自治街15號2樓(家庭服務中心2F)","city":"基隆市","coord_source":"offline_l15","coord_precision":"interpolated","src_datasets":"160907","n_src":1,"district":"七堵區","founded":"104.04.07","phone":"02-24564366"}},{"type":"Feature","geometry":{"type":"Point","coordinates":[121.73225,25.137119]},"properties":{"uid":"welfare_10178","name":"基隆市西定托育資源中心","welfare_class":"parent_child_center","address":"基隆市中山區西定路230號2樓","city":"基隆市","coord_source":"offline_l1","coord_precision":"cached","src_datasets":"160907","n_src":1,"district":"中山區","founded":"105.01.01","phone":"02-24213313"}},{"type":"Feature","geometry":{"type":"Point","coordinates":[121.735197,25.093846]},"properties":{"uid":"welfare_10179","name":"基隆市暖暖托育資源中心","welfare_class":"parent_child_center","address":"基隆市暖暖區暖暖街350號1樓","city":"基隆市","coord_source":"offline_l1","coord_precision":"cached","src_datasets":"160907","n_src":1,"district":"暖暖區","founded":"105.12.17","phone":"02-24590206"}},{"type":"Feature","geometry":{"type":"Point","coordinates":[121.736712,25.125216]},"properties":{"uid":"welfare_10180","name":"基隆市仁愛托育資源中心","welfare_class":"parent_child_center","address":"基隆市仁愛區光一路28號5樓","city":"基隆市","coord_source":"offline_l1","coord_precision":"cached","src_datasets":"160907","n_src":1,"district":"仁愛區","founded":"106.12.29","phone":"02-24319096"}},{"type":"Feature","geometry":{"type":"Point","coordinates":[121.796526,25.139082]},"properties":{"uid":"welfare_10181","name":"基隆市中正托育資源中心(基隆祖孫館)","welfare_class":"parent_child_center","address":"基隆市中正區調和街3號2樓","city":"基隆市","coord_source":"offline_l1","coord_precision":"cached","src_datasets":"160907","n_src":1,"district":"中正區","founded":"107.06.21","phone":"02-24696899"}},{"type":"Feature","geometry":{"type":"Point","coordinates":[120.976231,24.80967]},"properties":{"uid":"welfare_10182","name":"新竹市東區托育資源中心暨親子館","welfare_class":"parent_child_center","address":"新竹市中央路241號3樓","city":"新竹市","coord_source":"offline_l1","coord_precision":"cached","src_datasets":"160907","n_src":1,"district":"東區","founded":"104.04.04","phone":"03-5330761"}},{"type":"Feature","geometry":{"type":"Point","coordinates":[120.942245,24.794028]},"properties":{"uid":"welfare_10183","name":"新竹市香山區托育資源中心暨親子館","welfare_class":"parent_child_center","address":"新竹市育德街188號1樓","city":"新竹市","coord_source":"google","coord_precision":"exact","src_datasets":"160907","n_src":1,"district":"香山區","founded":"107.08.19","phone":"03-5301268"}},{"type":"Feature","geometry":{"type":"Point","coordinates":[120.947991,24.8022]},"properties":{"uid":"welfare_10184","name":"新竹市北區托育資源中心暨親子館","welfare_class":"parent_child_center","address":"新竹市南勢六街11號2樓","city":"新竹市","coord_source":"offline_l1","coord_precision":"cached","src_datasets":"160907","n_src":1,"district":"北區","founded":"109.01.20","phone":"03-5230866"}},{"type":"Feature","geometry":{"type":"Point","coordinates":[120.460809,23.470279]},"properties":{"uid":"welfare_10185","name":"嘉義市托育資源中心(東區)","welfare_class":"parent_child_center","address":"嘉義市興業東路555號2樓(兒童福利服務中心2樓)","city":"嘉義市","coord_source":"offline_l15","coord_precision":"interpolated","src_datasets":"160907","n_src":1,"district":"東區","founded":"101.12.01","phone":"05-2225212"}},{"type":"Feature","geometry":{"type":"Point","coordinates":[118.380088,24.452322]},"properties":{"uid":"welfare_10186","name":"金門縣托育資源中心","welfare_class":"parent_child_center","address":"金門縣金湖鎮瓊徑路35號1樓","city":"金門縣","coord_source":"offline_l15","coord_precision":"interpolated","src_datasets":"160907","n_src":1,"district":"金湖鎮","founded":"105.06.01","phone":"082-337733"}},{"type":"Feature","geometry":{"type":"Point","coordinates":[118.417089,24.441362]},"properties":{"uid":"welfare_10187","name":"金湖托育資源中心(醫遊館)","welfare_class":"parent_child_center","address":"金門縣金湖鎮林森路2-7號","city":"金門縣","coord_source":"google","coord_precision":"exact","src_datasets":"160907","n_src":1,"district":"金湖鎮","founded":"110.11.14","phone":"082-336029"}},{"type":"Feature","geometry":{"type":"Point","coordinates":[118.237642,24.434337]},"properties":{"uid":"welfare_10188","name":"烈嶼托育資源中心(生態館)","welfare_class":"parent_child_center","address":"金門縣烈嶼鄉西口村西方76號2樓","city":"金門縣","coord_source":"google","coord_precision":"exact","src_datasets":"160907","n_src":1,"district":"烈嶼鄉","founded":"111.11.13","phone":"082-362172"}}]}