{"type":"FeatureCollection","features":[{"type":"Feature","geometry":{"type":"Point","coordinates":[121.530328,25.120127]},"properties":{"uid":"welfare_00736","name":"臺北市私立天玉老人長期照顧中心(長期照護型)","welfare_class":"elderly_residential","address":"臺北市士林區天玉街38巷18弄18號1-6樓","city":"臺北市","coord_source":"tgos_upstream","coord_precision":"upstream","src_datasets":"165355|8572","n_src":2,"sub_code":"T0705","permit_status":"C01","inst_code":"AWF00307604","src_system":"長照機構暨長照人員相關管理資訊系統","attr_type":"私立","beds_approved":"39","target":"長照","licensed_at":"105.04.12","district":"士林區","phone":"02-28720239"}},{"type":"Feature","geometry":{"type":"Point","coordinates":[121.523545,25.059957]},"properties":{"uid":"welfare_00737","name":"臺北市私立松湛園老人養護所","welfare_class":"elderly_residential","address":"臺北市中山區聚盛里003鄰錦州街4巷1號2樓、2樓之1","city":"臺北市","coord_source":"tgos_upstream","coord_precision":"upstream","src_datasets":"165355|8572","n_src":2,"sub_code":"T0706","permit_status":"C01","inst_code":"AWG00303193","src_system":"長照機構暨長照人員相關管理資訊系統","attr_type":"私立","beds_approved":"37","target":"養護","licensed_at":"93.05","district":"中山區","phone":"02-25652281"}},{"type":"Feature","geometry":{"type":"Point","coordinates":[121.521636,25.057638]},"properties":{"uid":"welfare_00738","name":"臺北市私立松青園老人養護所","welfare_class":"elderly_residential","address":"臺北市中山區民安里021鄰民生西路30號2樓、2樓之1~4","city":"臺北市","coord_source":"tgos_upstream","coord_precision":"upstream","src_datasets":"165355|8572","n_src":2,"sub_code":"T0706","permit_status":"C01","inst_code":"AWG00303201","src_system":"長照機構暨長照人員相關管理資訊系統","attr_type":"私立","beds_approved":"29","target":"養護","licensed_at":"89.02","district":"中山區","phone":"02-25110903"}},{"type":"Feature","geometry":{"type":"Point","coordinates":[121.541038,25.046976]},"properties":{"uid":"welfare_00739","name":"臺北市私立法泉老人長期照顧中心(養護型)","welfare_class":"elderly_residential","address":"臺北市中山區朱崙里012鄰八德路2段251號2樓","city":"臺北市","coord_source":"tgos_upstream","coord_precision":"upstream","src_datasets":"165355|8572","n_src":2,"sub_code":"T0706","permit_status":"C01","inst_code":"AWG00303210","src_system":"長照機構暨長照人員相關管理資訊系統","attr_type":"私立","beds_approved":"39","target":"養護","licensed_at":"88.11","district":"中山區","phone":"02-87731706"}},{"type":"Feature","geometry":{"type":"Point","coordinates":[121.541949,25.067356]},"properties":{"uid":"welfare_00740","name":"臺北市私立仁群老人長期照顧中心(養護型)","welfare_class":"elderly_residential","address":"臺北市中山區下埤里019鄰民族東路512巷14號1~2樓、16號2樓","city":"臺北市","coord_source":"tgos_upstream","coord_precision":"upstream","src_datasets":"165355|8572","n_src":2,"sub_code":"T0706","permit_status":"C01","inst_code":"AWG00303229","src_system":"長照機構暨長照人員相關管理資訊系統","attr_type":"私立","beds_approved":"48","target":"養護","licensed_at":"88.11","district":"中山區","phone":"02-25013369"}},{"type":"Feature","geometry":{"type":"Point","coordinates":[121.541949,25.067356]},"properties":{"uid":"welfare_00741","name":"臺北市私立群仁老人長期照顧中心(養護型)","welfare_class":"elderly_residential","address":"臺北市中山區下埤里019鄰民族東路512巷14號3~5樓","city":"臺北市","coord_source":"tgos_upstream","coord_precision":"upstream","src_datasets":"165355|8572","n_src":2,"sub_code":"T0706","permit_status":"C01","inst_code":"AWG00303238","src_system":"長照機構暨長照人員相關管理資訊系統","attr_type":"私立","beds_approved":"42","target":"養護","licensed_at":"95.04","district":"中山區","phone":"02-25010048"}},{"type":"Feature","geometry":{"type":"Point","coordinates":[121.533874,25.071114]},"properties":{"uid":"welfare_00742","name":"臺北市私立福成老人長期照顧中心(養護型)","welfare_class":"elderly_residential","address":"臺北市中山區新福里004鄰松江路374、380、382號4樓","city":"臺北市","coord_source":"tgos_upstream","coord_precision":"upstream","src_datasets":"165355|8572","n_src":2,"sub_code":"T0706","permit_status":"C01","inst_code":"AWG00303247","src_system":"長照機構暨長照人員相關管理資訊系統","attr_type":"私立","beds_approved":"29","target":"養護","licensed_at":"96.02","district":"中山區","phone":"02-25982507"}},{"type":"Feature","geometry":{"type":"Point","coordinates":[121.533874,25.071114]},"properties":{"uid":"welfare_00743","name":"臺北市私立福喜老人長期照顧中心(養護型)","welfare_class":"elderly_residential","address":"臺北市中山區松江路374、380、382號7樓","city":"臺北市","coord_source":"tgos_upstream","coord_precision":"upstream","src_datasets":"165355|8572","n_src":2,"sub_code":"T0706","permit_status":"C01","inst_code":"AWG00303256","src_system":"長照機構暨長照人員相關管理資訊系統","attr_type":"私立","beds_approved":"29","target":"養護","licensed_at":"105.03","district":"中山區","phone":"02-25919087"}},{"type":"Feature","geometry":{"type":"Point","coordinates":[121.491277,25.035337]},"properties":{"uid":"welfare_00744","name":"臺北市私立軒儀老人長期照顧中心(養護型)","welfare_class":"elderly_residential","address":"臺北市萬華區華江里028鄰和平西路3段384號1樓","city":"臺北市","coord_source":"tgos_upstream","coord_precision":"upstream","src_datasets":"165355|8572","n_src":2,"sub_code":"T0706","permit_status":"C01","inst_code":"AWG00304156","src_system":"長照機構暨長照人員相關管理資訊系統","attr_type":"私立","beds_approved":"47","target":"養護","licensed_at":"98.07","district":"萬華區","phone":"02-23088661"}},{"type":"Feature","geometry":{"type":"Point","coordinates":[121.530133,25.033968]},"properties":{"uid":"welfare_00745","name":"臺北市私立仁泰老人長期照顧中心(養護型)","welfare_class":"elderly_residential","address":"臺北市中正區三愛里001鄰連雲街3號1、3樓、3之4號及三愛里001鄰新生南路1段124之3號5樓","city":"臺北市","coord_source":"tgos_upstream","coord_precision":"upstream","src_datasets":"165355|8572","n_src":2,"sub_code":"T0706","permit_status":"C01","inst_code":"AWG00304516","src_system":"長照機構暨長照人員相關管理資訊系統","attr_type":"私立","beds_approved":"31","target":"養護","licensed_at":"92.08","district":"中正區","phone":"02-33931662"}},{"type":"Feature","geometry":{"type":"Point","coordinates":[121.530919,25.015798]},"properties":{"uid":"welfare_00746","name":"臺北市私立博愛老人長期照顧中心(養護型)","welfare_class":"elderly_residential","address":"臺北市中正區富水里001鄰汀州路3段56號2樓","city":"臺北市","coord_source":"tgos_upstream","coord_precision":"upstream","src_datasets":"165355|8572","n_src":2,"sub_code":"T0706","permit_status":"C01","inst_code":"AWG00304525","src_system":"長照機構暨長照人員相關管理資訊系統","attr_type":"私立","beds_approved":"41","target":"養護","licensed_at":"89.04","district":"中正區","phone":"02-23671050  02-23671819"}},{"type":"Feature","geometry":{"type":"Point","coordinates":[121.508803,25.026185]},"properties":{"uid":"welfare_00747","name":"臺北市私立明德老人長期照顧中心(養護型)","welfare_class":"elderly_residential","address":"臺北市中正區永昌里014鄰詔安街220巷2、4號1樓","city":"臺北市","coord_source":"tgos_upstream","coord_precision":"upstream","src_datasets":"165355|8572","n_src":2,"sub_code":"T0706","permit_status":"C01","inst_code":"AWG00304534","src_system":"長照機構暨長照人員相關管理資訊系統","attr_type":"私立","beds_approved":"20","target":"養護","licensed_at":"89.02","district":"中正區","phone":"02-23090381"}},{"type":"Feature","geometry":{"type":"Point","coordinates":[121.532516,25.037617]},"properties":{"uid":"welfare_00748","name":"臺北市私立大園老人長期照顧中心(養護型)","welfare_class":"elderly_residential","address":"臺北市中正區三愛里001鄰新生南路1段124之3號1~4樓","city":"臺北市","coord_source":"tgos_upstream","coord_precision":"upstream","src_datasets":"165355|8572","n_src":2,"sub_code":"T0706","permit_status":"C01","inst_code":"AWG00304543","src_system":"長照機構暨長照人員相關管理資訊系統","attr_type":"私立","beds_approved":"34","target":"養護","licensed_at":"87.08","district":"中正區","phone":"02-33931661"}},{"type":"Feature","geometry":{"type":"Point","coordinates":[121.589684,25.073256]},"properties":{"uid":"welfare_00749","name":"臺北市私立銀髮族老人養護所","welfare_class":"elderly_residential","address":"臺北市內湖區成功路2段488號2~5樓、490號2樓、4樓","city":"臺北市","coord_source":"tgos_upstream","coord_precision":"upstream","src_datasets":"165355|8572","n_src":2,"sub_code":"T0706","permit_status":"C01","inst_code":"AWG00304552","src_system":"長照機構暨長照人員相關管理資訊系統","attr_type":"私立","beds_approved":"46","target":"養護","licensed_at":"90.08","district":"內湖區","phone":"02-27926006"}},{"type":"Feature","geometry":{"type":"Point","coordinates":[121.604939,25.071541]},"properties":{"uid":"welfare_00750","name":"臺北市私立童音老人長期照顧中心(養護型)","welfare_class":"elderly_residential","address":"臺北市內湖區葫洲里004鄰民權東路6段280巷19弄1、3、5、7號1樓","city":"臺北市","coord_source":"tgos_upstream","coord_precision":"upstream","src_datasets":"165355|8572","n_src":2,"sub_code":"T0706","permit_status":"C01","inst_code":"AWG00304561","src_system":"長照機構暨長照人員相關管理資訊系統","attr_type":"私立","beds_approved":"37","target":"養護\n長照","licensed_at":"89.03","district":"內湖區","phone":"02-26345131\n 02-26345132"}},{"type":"Feature","geometry":{"type":"Point","coordinates":[121.586327,25.076378]},"properties":{"uid":"welfare_00751","name":"臺北市私立文德老人長期照顧中心(養護型)","welfare_class":"elderly_residential","address":"臺北市內湖區紫陽里011鄰陽光街70-2、70-3、72、72-1號1樓","city":"臺北市","coord_source":"tgos_upstream","coord_precision":"upstream","src_datasets":"165355|8572","n_src":2,"sub_code":"T0706","permit_status":"C01","inst_code":"AWG00304570","src_system":"長照機構暨長照人員相關管理資訊系統","attr_type":"私立","beds_approved":"31","target":"養護","licensed_at":"94.12","district":"內湖區","phone":"02-26581303"}},{"type":"Feature","geometry":{"type":"Point","coordinates":[121.539917,24.994112]},"properties":{"uid":"welfare_00752","name":"臺北市私立景安老人長期照顧中心(養護型)","welfare_class":"elderly_residential","address":"臺北市文山區景慶里001鄰溪口街1巷5號1~2樓","city":"臺北市","coord_source":"tgos_upstream","coord_precision":"upstream","src_datasets":"165355|8572","n_src":2,"sub_code":"T0706","permit_status":"C01","inst_code":"AWG00304598","src_system":"長照機構暨長照人員相關管理資訊系統","attr_type":"私立","beds_approved":"41","target":"養護","licensed_at":"99.12","district":"文山區","phone":"02-29325698"}},{"type":"Feature","geometry":{"type":"Point","coordinates":[121.563187,24.989211]},"properties":{"uid":"welfare_00753","name":"臺北市私立慧誠老人長期照顧中心(養護型)","welfare_class":"elderly_residential","address":"臺北市文山區木柵里025鄰木柵路2段163、165號1~5樓","city":"臺北市","coord_source":"tgos_upstream","coord_precision":"upstream","src_datasets":"165355|8572","n_src":2,"sub_code":"T0706","permit_status":"C01","inst_code":"AWG00304606","src_system":"長照機構暨長照人員相關管理資訊系統","attr_type":"私立","beds_approved":"48","target":"養護","licensed_at":"102.12","district":"文山區","phone":"02-29392222"}},{"type":"Feature","geometry":{"type":"Point","coordinates":[121.567363,25.001933]},"properties":{"uid":"welfare_00754","name":"臺北市私立蓮馨老人長期照顧中心(養護型)","welfare_class":"elderly_residential","address":"臺北市文山區萬和街6號8樓","city":"臺北市","coord_source":"tgos_upstream","coord_precision":"upstream","src_datasets":"165355|8572","n_src":2,"sub_code":"T0706","permit_status":"C01","inst_code":"AWG00304615","src_system":"長照機構暨長照人員相關管理資訊系統","attr_type":"私立","beds_approved":"29","target":"養護","licensed_at":"103.02","district":"文山區","phone":"02-82300373"}},{"type":"Feature","geometry":{"type":"Point","coordinates":[121.539417,25.004175]},"properties":{"uid":"welfare_00755","name":"臺北市私立慈安老人長期照顧中心(養護型)","welfare_class":"elderly_residential","address":"臺北市文山區萬有里001鄰興隆路1段2、4號1~4樓","city":"臺北市","coord_source":"tgos_upstream","coord_precision":"upstream","src_datasets":"165355|8572","n_src":2,"sub_code":"T0706","permit_status":"C01","inst_code":"AWG00304624","src_system":"長照機構暨長照人員相關管理資訊系統","attr_type":"私立","beds_approved":"47","target":"養護","licensed_at":"87.08","district":"文山區","phone":"02-29337745"}},{"type":"Feature","geometry":{"type":"Point","coordinates":[121.539917,24.994112]},"properties":{"uid":"welfare_00756","name":"臺北市私立美安老人長期照顧中心(養護型)","welfare_class":"elderly_residential","address":"臺北市文山區景慶里001鄰溪口街1巷5號3-4樓","city":"臺北市","coord_source":"tgos_upstream","coord_precision":"upstream","src_datasets":"165355|8572","n_src":2,"sub_code":"T0706","permit_status":"C01","inst_code":"AWG00304633","src_system":"長照機構暨長照人員相關管理資訊系統","attr_type":"私立","beds_approved":"45","target":"養護","licensed_at":"99.07","district":"文山區","phone":"02-29316388"}},{"type":"Feature","geometry":{"type":"Point","coordinates":[121.543282,24.991099]},"properties":{"uid":"welfare_00757","name":"臺北市私立景興老人長期照顧中心(養護型)","welfare_class":"elderly_residential","address":"臺北市文山區景行里021鄰景興路222號3樓","city":"臺北市","coord_source":"tgos_upstream","coord_precision":"upstream","src_datasets":"165355|8572","n_src":2,"sub_code":"T0706","permit_status":"C01","inst_code":"AWG00304642","src_system":"長照機構暨長照人員相關管理資訊系統","attr_type":"私立","beds_approved":"38","target":"養護","licensed_at":"98.09","district":"文山區","phone":"02-29349412"}},{"type":"Feature","geometry":{"type":"Point","coordinates":[121.540914,24.991471]},"properties":{"uid":"welfare_00758","name":"臺北市私立三園老人長期照顧中心(養護型)","welfare_class":"elderly_residential","address":"臺北市文山區景行里002鄰車前路12號3-4樓","city":"臺北市","coord_source":"tgos_upstream","coord_precision":"upstream","src_datasets":"165355|8572","n_src":2,"sub_code":"T0706","permit_status":"C01","inst_code":"AWG00304651","src_system":"長照機構暨長照人員相關管理資訊系統","attr_type":"私立","beds_approved":"48","target":"養護","licensed_at":"99.1","district":"文山區","phone":"02-29321147"}},{"type":"Feature","geometry":{"type":"Point","coordinates":[121.551695,25.000855]},"properties":{"uid":"welfare_00759","name":"臺北市私立慧華老人長期照顧中心(養護型)","welfare_class":"elderly_residential","address":"臺北市文山區興隆路2段154巷11號1樓","city":"臺北市","coord_source":"tgos_upstream","coord_precision":"upstream","src_datasets":"165355|8572","n_src":2,"sub_code":"T0706","permit_status":"C01","inst_code":"AWG00304660","src_system":"長照機構暨長照人員相關管理資訊系統","attr_type":"私立","beds_approved":"30","target":"養護","licensed_at":"102.03","district":"文山區","phone":"02-29356272"}},{"type":"Feature","geometry":{"type":"Point","coordinates":[121.567725,25.002008]},"properties":{"uid":"welfare_00760","name":"臺北市私立萬芳老人長期照顧中心(養護型)","welfare_class":"elderly_residential","address":"臺北市文山區萬和街8號3樓","city":"臺北市","coord_source":"tgos_upstream","coord_precision":"upstream","src_datasets":"165355|8572","n_src":2,"sub_code":"T0706","permit_status":"C01","inst_code":"AWG00304679","src_system":"長照機構暨長照人員相關管理資訊系統","attr_type":"私立","beds_approved":"48","target":"養護","licensed_at":"105.01","district":"文山區","phone":"02-22303000"}},{"type":"Feature","geometry":{"type":"Point","coordinates":[121.523469,25.122657]},"properties":{"uid":"welfare_00761","name":"臺北市私立尊暉老人長期照顧中心(養護型)","welfare_class":"elderly_residential","address":"臺北市北投區石牌路2段343巷17號1~2樓","city":"臺北市","coord_source":"tgos_upstream","coord_precision":"upstream","src_datasets":"165355|8572","n_src":2,"sub_code":"T0706","permit_status":"C01","inst_code":"AWG00304688","src_system":"長照機構暨長照人員相關管理資訊系統","attr_type":"私立","beds_approved":"26","target":"養護","licensed_at":"103.03","district":"北投區","phone":"02-28761997"}},{"type":"Feature","geometry":{"type":"Point","coordinates":[121.523431,25.123068]},"properties":{"uid":"welfare_00762","name":"臺北市私立賢暉老人長期照顧中心(養護型)","welfare_class":"elderly_residential","address":"臺北市北投區石牌路2段315巷34弄14、16號1樓","city":"臺北市","coord_source":"tgos_upstream","coord_precision":"upstream","src_datasets":"165355|8572","n_src":2,"sub_code":"T0706","permit_status":"C01","inst_code":"AWG00304697","src_system":"長照機構暨長照人員相關管理資訊系統","attr_type":"私立","beds_approved":"18","target":"養護","licensed_at":"91.05","district":"北投區","phone":"02-28710770"}},{"type":"Feature","geometry":{"type":"Point","coordinates":[121.547345,25.150789]},"properties":{"uid":"welfare_00763","name":"臺北市私立陽明山老人長期照顧中心(養護型)","welfare_class":"elderly_residential","address":"臺北市北投區湖山里006鄰紗帽路116號","city":"臺北市","coord_source":"tgos_upstream","coord_precision":"upstream","src_datasets":"165355|8572","n_src":2,"sub_code":"T0706","permit_status":"C01","inst_code":"AWG00304705","src_system":"長照機構暨長照人員相關管理資訊系統","attr_type":"私立","beds_approved":"36","target":"養護","licensed_at":"91.01","district":"北投區","phone":"02-28615006"}},{"type":"Feature","geometry":{"type":"Point","coordinates":[121.528887,25.126667]},"properties":{"uid":"welfare_00764","name":"臺北市私立全家老人長期照顧中心(養護型)","welfare_class":"elderly_residential","address":"臺北市北投區永和里007鄰行義路96巷1號1~2樓","city":"臺北市","coord_source":"tgos_upstream","coord_precision":"upstream","src_datasets":"165355|8572","n_src":2,"sub_code":"T0706","permit_status":"C01","inst_code":"AWG00304714","src_system":"長照機構暨長照人員相關管理資訊系統","attr_type":"私立","beds_approved":"29","target":"養護","licensed_at":"90.04","district":"北投區","phone":"02-28761692"}},{"type":"Feature","geometry":{"type":"Point","coordinates":[121.524874,25.123667]},"properties":{"uid":"welfare_00765","name":"臺北市私立義行老人長期照顧中心(養護型)","welfare_class":"elderly_residential","address":"臺北市北投區永和里001鄰石牌路2段357巷1號4~6樓","city":"臺北市","coord_source":"tgos_upstream","coord_precision":"upstream","src_datasets":"165355|8572","n_src":2,"sub_code":"T0706","permit_status":"C01","inst_code":"AWG00304723","src_system":"長照機構暨長照人員相關管理資訊系統","attr_type":"私立","beds_approved":"49","target":"養護","licensed_at":"88.11","district":"北投區","phone":"02-28767880"}},{"type":"Feature","geometry":{"type":"Point","coordinates":[121.516795,25.107932]},"properties":{"uid":"welfare_00766","name":"臺北市私立建民老人長期照顧中心(養護型)","welfare_class":"elderly_residential","address":"臺北市北投區文林里019鄰建民路22、24、26、26之1號1樓","city":"臺北市","coord_source":"tgos_upstream","coord_precision":"upstream","src_datasets":"165355|8572","n_src":2,"sub_code":"T0706","permit_status":"C01","inst_code":"AWG00304732","src_system":"長照機構暨長照人員相關管理資訊系統","attr_type":"私立","beds_approved":"34","target":"養護","licensed_at":"88.1","district":"北投區","phone":"02-28250799"}},{"type":"Feature","geometry":{"type":"Point","coordinates":[121.516267,25.107151]},"properties":{"uid":"welfare_00767","name":"臺北市私立榮祥老人長期照顧中心(養護型)","welfare_class":"elderly_residential","address":"臺北市北投區文林里019鄰文林北路166巷5弄2號1~2樓、4號1樓","city":"臺北市","coord_source":"tgos_upstream","coord_precision":"upstream","src_datasets":"165355|8572","n_src":2,"sub_code":"T0706","permit_status":"C01","inst_code":"AWG00304741","src_system":"長照機構暨長照人員相關管理資訊系統","attr_type":"私立","beds_approved":"34","target":"養護","licensed_at":"88.09","district":"北投區","phone":"02-28213709"}},{"type":"Feature","geometry":{"type":"Point","coordinates":[121.509249,25.126653]},"properties":{"uid":"welfare_00768","name":"臺北市私立北投老人長期照顧中心(養護型)","welfare_class":"elderly_residential","address":"臺北市北投區公館路231巷20號1樓","city":"臺北市","coord_source":"tgos_upstream","coord_precision":"upstream","src_datasets":"165355|8572","n_src":2,"sub_code":"T0706","permit_status":"C01","inst_code":"AWG00304750","src_system":"長照機構暨長照人員相關管理資訊系統","attr_type":"私立","beds_approved":"17","target":"養護","licensed_at":"88.09","district":"北投區","phone":"02-28937412"}},{"type":"Feature","geometry":{"type":"Point","coordinates":[121.467423,25.118113]},"properties":{"uid":"welfare_00769","name":"臺北市私立崇順老人養護所","welfare_class":"elderly_residential","address":"臺北市北投區關渡里013鄰知行路52巷1號、54號1~2樓","city":"臺北市","coord_source":"tgos_upstream","coord_precision":"upstream","src_datasets":"165355|8572","n_src":2,"sub_code":"T0706","permit_status":"C01","inst_code":"AWG00304769","src_system":"長照機構暨長照人員相關管理資訊系統","attr_type":"私立","beds_approved":"27","target":"養護","licensed_at":"88.09","district":"北投區","phone":"02-28581979"}},{"type":"Feature","geometry":{"type":"Point","coordinates":[121.513056,25.116689]},"properties":{"uid":"welfare_00770","name":"臺北市私立怡靜老人長期照顧中心(養護型)","welfare_class":"elderly_residential","address":"臺北市北投區吉利里002鄰致遠二路96巷3弄1、3號1樓","city":"臺北市","coord_source":"tgos_upstream","coord_precision":"upstream","src_datasets":"165355|8572","n_src":2,"sub_code":"T0706","permit_status":"C01","inst_code":"AWG00304778","src_system":"長照機構暨長照人員相關管理資訊系統","attr_type":"私立","beds_approved":"23","target":"養護","licensed_at":"104.04","district":"北投區","phone":"02-28200437"}},{"type":"Feature","geometry":{"type":"Point","coordinates":[121.524874,25.123667]},"properties":{"uid":"welfare_00771","name":"臺北市私立行義老人長期照顧中心(養護型)","welfare_class":"elderly_residential","address":"臺北市北投區永和里001鄰石牌路2段357巷1號1~3樓","city":"臺北市","coord_source":"tgos_upstream","coord_precision":"upstream","src_datasets":"165355|8572","n_src":2,"sub_code":"T0706","permit_status":"C01","inst_code":"AWG00304787","src_system":"長照機構暨長照人員相關管理資訊系統","attr_type":"私立","beds_approved":"49","target":"養護","licensed_at":"95.09","district":"北投區","phone":"02-28729599"}},{"type":"Feature","geometry":{"type":"Point","coordinates":[121.508239,25.120151]},"properties":{"uid":"welfare_00772","name":"臺北市私立奇里岸老人長期照顧中心(養護型)","welfare_class":"elderly_residential","address":"臺北市北投區立農里013鄰西安街2段245號1.2樓","city":"臺北市","coord_source":"tgos_upstream","coord_precision":"upstream","src_datasets":"165355|8572","n_src":2,"sub_code":"T0706","permit_status":"C01","inst_code":"AWG00304796","src_system":"長照機構暨長照人員相關管理資訊系統","attr_type":"私立","beds_approved":"36","target":"養護","licensed_at":"105.06.29","district":"北投區","phone":"02-28275139"}},{"type":"Feature","geometry":{"type":"Point","coordinates":[121.500857,25.147487]},"properties":{"uid":"welfare_00773","name":"財團法人台灣基督教道生院附設臺北市私立道生院老人長期照顧中心(養護型)","welfare_class":"elderly_residential","address":"臺北市北投區秀山里002鄰中和街錫安巷112號1.2樓及地下1樓","city":"臺北市","coord_source":"tgos_upstream","coord_precision":"upstream","src_datasets":"165355|8572","n_src":2,"sub_code":"T0706","permit_status":"C01","inst_code":"AWG00304804","src_system":"長照機構暨長照人員相關管理資訊系統","attr_type":"私立","beds_approved":"88","target":"養護","licensed_at":"100.01","district":"北投區","phone":"02-28936161"}},{"type":"Feature","geometry":{"type":"Point","coordinates":[121.522254,25.115221]},"properties":{"uid":"welfare_00774","name":"臺北市私立同德老人長期照顧中心(養護型)","welfare_class":"elderly_residential","address":"臺北市北投區榮華里004鄰明德路306號1-7樓","city":"臺北市","coord_source":"tgos_upstream","coord_precision":"upstream","src_datasets":"165355|8572","n_src":2,"sub_code":"T0706","permit_status":"C01","inst_code":"AWG00304822","src_system":"長照機構暨長照人員相關管理資訊系統","attr_type":"私立","beds_approved":"41","target":"養護","licensed_at":"101.04","district":"北投區","phone":"02-28281328"}},{"type":"Feature","geometry":{"type":"Point","coordinates":[121.569691,25.051062]},"properties":{"uid":"welfare_00775","name":"臺北市私立仁仁老人長期照顧中心(養護型)","welfare_class":"elderly_residential","address":"臺北市松山區新聚里003鄰南京東路5段356號2樓","city":"臺北市","coord_source":"tgos_upstream","coord_precision":"upstream","src_datasets":"165355|8572","n_src":2,"sub_code":"T0706","permit_status":"C01","inst_code":"AWG00304831","src_system":"長照機構暨長照人員相關管理資訊系統","attr_type":"私立","beds_approved":"34","target":"養護","licensed_at":"105.08.11","district":"松山區","phone":"02-27659900"}},{"type":"Feature","geometry":{"type":"Point","coordinates":[121.580838,25.044906]},"properties":{"uid":"welfare_00776","name":"臺北市私立倚青苑老人長期照顧中心(養護型)","welfare_class":"elderly_residential","uni_no":"88184236","address":"臺北市信義區永春里002鄰中坡北路21號1~2樓、23號2樓","city":"臺北市","coord_source":"tgos_upstream","coord_precision":"upstream","src_datasets":"165355","n_src":1,"sub_code":"T0706","permit_status":"C01","inst_code":"AWG00304840","src_system":"長照機構暨長照人員相關管理資訊系統"}},{"type":"Feature","geometry":{"type":"Point","coordinates":[121.575407,25.035239]},"properties":{"uid":"welfare_00777","name":"臺北市私立康庭老人養護所","welfare_class":"elderly_residential","address":"臺北市信義區安康里017鄰信義路6段15巷16號1樓","city":"臺北市","coord_source":"tgos_upstream","coord_precision":"upstream","src_datasets":"165355|8572","n_src":2,"sub_code":"T0706","permit_status":"C01","inst_code":"AWG00304859","src_system":"長照機構暨長照人員相關管理資訊系統","attr_type":"私立","beds_approved":"29","target":"養護","licensed_at":"88.07","district":"信義區","phone":"02-23460684"}},{"type":"Feature","geometry":{"type":"Point","coordinates":[121.582618,25.043848]},"properties":{"uid":"welfare_00778","name":"臺北市私立福安老人長期照顧中心(養護型)","welfare_class":"elderly_residential","address":"臺北市南港區萬福里 007鄰 玉成街140巷21、23號2樓","city":"臺北市","coord_source":"tgos_upstream","coord_precision":"upstream","src_datasets":"165355|8572","n_src":2,"sub_code":"T0706","permit_status":"C01","inst_code":"AWG00304868","src_system":"長照機構暨長照人員相關管理資訊系統","attr_type":"私立","beds_approved":"20","target":"養護","licensed_at":"88.01","district":"南港區","phone":"02-27850584"}},{"type":"Feature","geometry":{"type":"Point","coordinates":[121.543013,25.102021]},"properties":{"uid":"welfare_00779","name":"臺北市至善老人安養護中心","welfare_class":"elderly_residential","address":"臺北市士林區永福里001鄰仰德大道2段2巷50號","city":"臺北市","coord_source":"tgos_upstream","coord_precision":"upstream","src_datasets":"165355|8572","n_src":2,"sub_code":"T0706","permit_status":"C01","inst_code":"AWG00307522","src_system":"長照機構暨長照人員相關管理資訊系統","attr_type":"公設\n民營","beds_approved":"471","target":"安養\n養護\n長照  ","licensed_at":"92.12","district":"士林區","phone":"02-28832666 "}},{"type":"Feature","geometry":{"type":"Point","coordinates":[121.509722,25.079975]},"properties":{"uid":"welfare_00780","name":"臺北市私立璞園老人長期照顧中心(養護型)","welfare_class":"elderly_residential","address":"臺北市士林區富光里010鄰葫蘆街33號4、5、6樓","city":"臺北市","coord_source":"tgos_upstream","coord_precision":"upstream","src_datasets":"165355|8572","n_src":2,"sub_code":"T0706","permit_status":"C01","inst_code":"AWG00307531","src_system":"長照機構暨長照人員相關管理資訊系統","attr_type":"私立","beds_approved":"46","target":"養護","licensed_at":"102.06.03","district":"士林區","phone":"02-28163696"}},{"type":"Feature","geometry":{"type":"Point","coordinates":[121.531738,25.101461]},"properties":{"uid":"welfare_00781","name":"臺北市私立祐心老人長期照顧中心(養護型)","welfare_class":"elderly_residential","address":"臺北市士林區名山里 009鄰至誠路1段305巷3弄14號1-2樓","city":"臺北市","coord_source":"tgos_upstream","coord_precision":"upstream","src_datasets":"165355|8572","n_src":2,"sub_code":"T0706","permit_status":"C01","inst_code":"AWG00307540","src_system":"長照機構暨長照人員相關管理資訊系統","attr_type":"私立","beds_approved":"16","target":"養護","licensed_at":"97.09","district":"士林區","phone":"02-28310432"}},{"type":"Feature","geometry":{"type":"Point","coordinates":[121.52654,25.114248]},"properties":{"uid":"welfare_00782","name":"臺北市私立永青老人長期照顧中心(養護型)","welfare_class":"elderly_residential","address":"臺北市士林區天壽里003鄰中山北路6段427巷8號1~4樓","city":"臺北市","coord_source":"tgos_upstream","coord_precision":"upstream","src_datasets":"165355|8572","n_src":2,"sub_code":"T0706","permit_status":"C01","inst_code":"AWG00307559","src_system":"長照機構暨長照人員相關管理資訊系統","attr_type":"私立","beds_approved":"31","target":"養護\n長照","licensed_at":"106.6.28","district":"士林區","phone":"02-28761908"}},{"type":"Feature","geometry":{"type":"Point","coordinates":[121.529436,25.108855]},"properties":{"uid":"welfare_00783","name":"臺北市私立祇福老人養護所","welfare_class":"elderly_residential","address":"臺北市士林區三玉里016鄰忠誠路2段10巷11、13號1~2樓","city":"臺北市","coord_source":"tgos_upstream","coord_precision":"upstream","src_datasets":"165355|8572","n_src":2,"sub_code":"T0706","permit_status":"C01","inst_code":"AWG00307568","src_system":"長照機構暨長照人員相關管理資訊系統","attr_type":"私立","beds_approved":"39","target":"養護","licensed_at":"89.11","district":"士林區","phone":"02-28317713"}},{"type":"Feature","geometry":{"type":"Point","coordinates":[121.509722,25.079975]},"properties":{"uid":"welfare_00784","name":"臺北市私立荷園老人長期照顧中心(養護型)","welfare_class":"elderly_residential","address":"臺北市士林區富光里010鄰葫蘆街33號2~3樓","city":"臺北市","coord_source":"tgos_upstream","coord_precision":"upstream","src_datasets":"165355|8572","n_src":2,"sub_code":"T0706","permit_status":"C01","inst_code":"AWG00307577","src_system":"長照機構暨長照人員相關管理資訊系統","attr_type":"私立","beds_approved":"39","target":"養護","licensed_at":"102.06.03","district":"士林區","phone":"02-28163696"}},{"type":"Feature","geometry":{"type":"Point","coordinates":[121.527658,25.108817]},"properties":{"uid":"welfare_00785","name":"臺北市私立柏安老人養護所","welfare_class":"elderly_residential","address":"臺北市士林區蘭雅里 024鄰 中山北路6段290巷52、54號1樓","city":"臺北市","coord_source":"tgos_upstream","coord_precision":"upstream","src_datasets":"165355|8572","n_src":2,"sub_code":"T0706","permit_status":"C01","inst_code":"AWG00307586","src_system":"長照機構暨長照人員相關管理資訊系統","attr_type":"私立","beds_approved":"20","target":"養護","licensed_at":"88.06","district":"士林區","phone":"02-28333536"}},{"type":"Feature","geometry":{"type":"Point","coordinates":[121.526436,25.107595]},"properties":{"uid":"welfare_00786","name":"臺北市私立松園老人長期照顧中心(養護型)","welfare_class":"elderly_residential","address":"臺北市士林區蘭雅里 020鄰德行東路61巷1、2、3號1~2樓","city":"臺北市","coord_source":"tgos_upstream","coord_precision":"upstream","src_datasets":"165355|8572","n_src":2,"sub_code":"T0706","permit_status":"C01","inst_code":"AWG00307595","src_system":"長照機構暨長照人員相關管理資訊系統","attr_type":"私立","beds_approved":"49","target":"養護","licensed_at":"88.02","district":"士林區","phone":"02-88662097"}},{"type":"Feature","geometry":{"type":"Point","coordinates":[121.515165,25.055978]},"properties":{"uid":"welfare_00787","name":"臺北市私立慧光老人養護所","welfare_class":"elderly_residential","address":"臺北市大同區星明里 014鄰寧夏路32 號5樓","city":"臺北市","coord_source":"tgos_upstream","coord_precision":"upstream","src_datasets":"165355|8572","n_src":2,"sub_code":"T0706","permit_status":"C01","inst_code":"AWG00307612","src_system":"長照機構暨長照人員相關管理資訊系統","attr_type":"私立","beds_approved":"40","target":"養護","licensed_at":"92.1","district":"大同區","phone":"02-25582275"}},{"type":"Feature","geometry":{"type":"Point","coordinates":[121.510921,25.066088]},"properties":{"uid":"welfare_00788","name":"臺北市私立祥安尊榮老人長期照顧中心(養護型)","welfare_class":"elderly_residential","address":"臺北市大同區國順里008鄰延平北路3段4號2樓","city":"臺北市","coord_source":"tgos_upstream","coord_precision":"upstream","src_datasets":"165355|8572","n_src":2,"sub_code":"T0706","permit_status":"C01","inst_code":"AWG00307621","src_system":"長照機構暨長照人員相關管理資訊系統","attr_type":"私立","beds_approved":"47","target":"養護","licensed_at":"89.11","district":"大同區","phone":"02-25860098"}},{"type":"Feature","geometry":{"type":"Point","coordinates":[121.513597,25.073148]},"properties":{"uid":"welfare_00789","name":"臺北市私立永安老人養護所","welfare_class":"elderly_residential","address":"臺北市大同區老師里008鄰重慶北路3段284號2~4樓、286號1~4樓","city":"臺北市","coord_source":"tgos_upstream","coord_precision":"upstream","src_datasets":"165355|8572","n_src":2,"sub_code":"T0706","permit_status":"C01","inst_code":"AWG00307630","src_system":"長照機構暨長照人員相關管理資訊系統","attr_type":"私立","beds_approved":"49","target":"養護","licensed_at":"89.07","district":"大同區","phone":"02-25980197"}},{"type":"Feature","geometry":{"type":"Point","coordinates":[121.518553,25.050011]},"properties":{"uid":"welfare_00790","name":"臺北市私立德寶老人養護所","welfare_class":"elderly_residential","address":"臺北市大同區建明里002鄰長安西路78巷4弄11號1~4樓","city":"臺北市","coord_source":"tgos_upstream","coord_precision":"upstream","src_datasets":"165355|8572","n_src":2,"sub_code":"T0706","permit_status":"C01","inst_code":"AWG00307649","src_system":"長照機構暨長照人員相關管理資訊系統","attr_type":"私立","beds_approved":"28","target":"養護","licensed_at":"89.06","district":"大同區","phone":"02-25522062"}},{"type":"Feature","geometry":{"type":"Point","coordinates":[121.512846,25.059778]},"properties":{"uid":"welfare_00791","name":"臺北市私立仁家老人長期照顧中心(養護型)","welfare_class":"elderly_residential","address":"臺北市大同區延平里001鄰甘州街55號5~6樓","city":"臺北市","coord_source":"tgos_upstream","coord_precision":"upstream","src_datasets":"165355|8572","n_src":2,"sub_code":"T0706","permit_status":"C01","inst_code":"AWG00307658","src_system":"長照機構暨長照人員相關管理資訊系統","attr_type":"私立","beds_approved":"49","target":"養護","licensed_at":"89.05","district":"大同區","phone":"02-25530799"}},{"type":"Feature","geometry":{"type":"Point","coordinates":[121.512846,25.059778]},"properties":{"uid":"welfare_00792","name":"臺北市私立建順老人長期照顧中心(養護型)","welfare_class":"elderly_residential","address":"臺北市大同區延平里001鄰甘州街55號3樓","city":"臺北市","coord_source":"tgos_upstream","coord_precision":"upstream","src_datasets":"165355|8572","n_src":2,"sub_code":"T0706","permit_status":"C01","inst_code":"AWG00307667","src_system":"長照機構暨長照人員相關管理資訊系統","attr_type":"私立","beds_approved":"30","target":"養護","licensed_at":"88.12","district":"大同區","phone":"02-25520199"}},{"type":"Feature","geometry":{"type":"Point","coordinates":[121.512846,25.059778]},"properties":{"uid":"welfare_00793","name":"臺北市私立建興老人長期照顧中心(養護型)","welfare_class":"elderly_residential","address":"臺北市大同區延平里001鄰甘州街55號2樓","city":"臺北市","coord_source":"tgos_upstream","coord_precision":"upstream","src_datasets":"165355|8572","n_src":2,"sub_code":"T0706","permit_status":"C01","inst_code":"AWG00307676","src_system":"長照機構暨長照人員相關管理資訊系統","attr_type":"私立","beds_approved":"31","target":"養護","licensed_at":"94.04","district":"大同區","phone":"02-25520199"}},{"type":"Feature","geometry":{"type":"Point","coordinates":[121.514007,25.071892]},"properties":{"uid":"welfare_00794","name":"臺北市私立晉安老人長期照顧中心(養護型)","welfare_class":"elderly_residential","address":"臺北市大同區至聖里032鄰重慶北路3段175、177號1~4樓","city":"臺北市","coord_source":"tgos_upstream","coord_precision":"upstream","src_datasets":"165355|8572","n_src":2,"sub_code":"T0706","permit_status":"C01","inst_code":"AWG00307685","src_system":"長照機構暨長照人員相關管理資訊系統","attr_type":"私立","beds_approved":"49","target":"養護","licensed_at":"96.11","district":"大同區","phone":"02-25982301\n02-25982401"}},{"type":"Feature","geometry":{"type":"Point","coordinates":[121.516919,25.052021]},"properties":{"uid":"welfare_00795","name":"臺北市私立祥寶尊榮老人長期照顧中心(養護型)","welfare_class":"elderly_residential","address":"臺北市大同區建泰里019鄰太原路97巷4、6號","city":"臺北市","coord_source":"tgos_upstream","coord_precision":"upstream","src_datasets":"165355|8572","n_src":2,"sub_code":"T0706","permit_status":"C01","inst_code":"AWG00307694","src_system":"長照機構暨長照人員相關管理資訊系統","attr_type":"私立","beds_approved":"49","target":"養護","licensed_at":"106.6.9","district":"大同區","phone":"02-25501118"}},{"type":"Feature","geometry":{"type":"Point","coordinates":[121.53501,25.025568]},"properties":{"uid":"welfare_00796","name":"臺北市私立天恩老人長期照顧中心(養護型)","welfare_class":"elderly_residential","address":"臺北市大安區龍門里008鄰新生南路3段7-4號、9-4號、9-5號","city":"臺北市","coord_source":"tgos_upstream","coord_precision":"upstream","src_datasets":"165355|8572","n_src":2,"sub_code":"T0706","permit_status":"C01","inst_code":"AWG00307702","src_system":"長照機構暨長照人員相關管理資訊系統","attr_type":"私立","beds_approved":"48","target":"養護","licensed_at":"89.05","district":"大安區","phone":"02-23620457\n 02-23634382"}},{"type":"Feature","geometry":{"type":"Point","coordinates":[121.553821,25.020119]},"properties":{"uid":"welfare_00797","name":"臺北市私立新常安老人長期照顧中心(養護型)","welfare_class":"elderly_residential","address":"臺北市大安區黎孝里006鄰安居街46巷14號1~3樓及芳和里 013鄰 和平東路3段228巷39號2樓","city":"臺北市","coord_source":"tgos_upstream","coord_precision":"upstream","src_datasets":"165355|8572","n_src":2,"sub_code":"T0706","permit_status":"C01","inst_code":"AWG00307711","src_system":"長照機構暨長照人員相關管理資訊系統","attr_type":"私立","beds_approved":"39","target":"養護","licensed_at":"105.12.26","district":"大安區","phone":"02-23775448"}},{"type":"Feature","geometry":{"type":"Point","coordinates":[121.526117,25.028704]},"properties":{"uid":"welfare_00798","name":"臺北市私立健全老人長期照顧中心(養護型)","welfare_class":"elderly_residential","address":"臺北市大安區錦華里001鄰金山南路2段152號2、3、5、6樓","city":"臺北市","coord_source":"tgos_upstream","coord_precision":"upstream","src_datasets":"165355|8572","n_src":2,"sub_code":"T0706","permit_status":"C01","inst_code":"AWG00307720","src_system":"長照機構暨長照人員相關管理資訊系統","attr_type":"私立","beds_approved":"47","target":"養護\n長照","licensed_at":"105.08.30","district":"大安區","phone":"02-23943265~6"}},{"type":"Feature","geometry":{"type":"Point","coordinates":[121.554619,25.020583]},"properties":{"uid":"welfare_00799","name":"臺北市私立嘉恩老人長期照顧中心(養護型)","welfare_class":"elderly_residential","address":"臺北市大安區黎孝里008鄰安居街27號4、6樓及29號4、5樓","city":"臺北市","coord_source":"tgos_upstream","coord_precision":"upstream","src_datasets":"165355|8572","n_src":2,"sub_code":"T0706","permit_status":"C01","inst_code":"AWG00307739","src_system":"長照機構暨長照人員相關管理資訊系統","attr_type":"私立","beds_approved":"43","target":"養護","licensed_at":"106.5.12","district":"大安區","phone":"02-27371330"}},{"type":"Feature","geometry":{"type":"Point","coordinates":[121.554514,25.036721]},"properties":{"uid":"welfare_00800","name":"臺北市私立康寧老人長期照顧中心(養護型)","welfare_class":"elderly_residential","address":"臺北市大安區光信里020鄰仁愛路4段300巷20弄15號2樓、17號2樓","city":"臺北市","coord_source":"tgos_upstream","coord_precision":"upstream","src_datasets":"165355|8572","n_src":2,"sub_code":"T0706","permit_status":"C01","inst_code":"AWG00307748","src_system":"長照機構暨長照人員相關管理資訊系統","attr_type":"私立","beds_approved":"30","target":"養護","licensed_at":"104.06","district":"大安區","phone":"02-27053835"}},{"type":"Feature","geometry":{"type":"Point","coordinates":[121.545771,25.035643]},"properties":{"uid":"welfare_00801","name":"臺北市私立上上老人養護所","welfare_class":"elderly_residential","address":"臺北市大安區仁慈里009鄰復興南路1段279巷14、16號1樓","city":"臺北市","coord_source":"tgos_upstream","coord_precision":"upstream","src_datasets":"165355|8572","n_src":2,"sub_code":"T0706","permit_status":"C01","inst_code":"AWG00307757","src_system":"長照機構暨長照人員相關管理資訊系統","attr_type":"私立","beds_approved":"15","target":"養護","licensed_at":"87.09","district":"大安區","phone":"02-27032223"}},{"type":"Feature","geometry":{"type":"Point","coordinates":[121.517771,25.106473]},"properties":{"uid":"welfare_00802","name":"臺北市私立榮健老人長期照顧中心(養護型)","welfare_class":"elderly_residential","address":"臺北市北投區建民里016鄰文林北路94巷5弄13號1~2樓、15號2樓","city":"臺北市","coord_source":"tgos_upstream","coord_precision":"upstream","src_datasets":"165355|8572","n_src":2,"sub_code":"T0706","permit_status":"C01","inst_code":"AWG00307865","src_system":"長照機構暨長照人員相關管理資訊系統","attr_type":"私立","beds_approved":"46","target":"養護","licensed_at":"88.12","district":"北投區","phone":"02-28216113"}},{"type":"Feature","geometry":{"type":"Point","coordinates":[121.567246,24.989374]},"properties":{"uid":"welfare_00803","name":"臺北市私立吉祥老人長期照顧中心(養護型)","welfare_class":"elderly_residential","address":"臺北市文山區木柵里004鄰木柵路3段85巷8弄4-1、4-2號1樓及2、2-1、2-2、4、4-1、4-2號2樓","city":"臺北市","coord_source":"tgos_upstream","coord_precision":"upstream","src_datasets":"165355|8572","n_src":2,"sub_code":"T0706","permit_status":"C01","inst_code":"AWG00308017","src_system":"長照機構暨長照人員相關管理資訊系統","attr_type":"私立","beds_approved":"43","target":"養護","licensed_at":"98.12","district":"文山區","phone":"02-22343511"}},{"type":"Feature","geometry":{"type":"Point","coordinates":[121.486558,25.142934]},"properties":{"uid":"welfare_00804","name":"臺北市私立聖心老人養護所","welfare_class":"elderly_residential","address":"臺北市北投區稻香路321號1樓","city":"臺北市","coord_source":"tgos_upstream","coord_precision":"upstream","src_datasets":"165355|8572","n_src":2,"sub_code":"T0706","permit_status":"C01","inst_code":"AWG00308026","src_system":"長照機構暨長照人員相關管理資訊系統","attr_type":"私立","beds_approved":"18","target":"養護","licensed_at":"88.08","district":"北投區","phone":"02-28913890"}},{"type":"Feature","geometry":{"type":"Point","coordinates":[121.586811,25.082954]},"properties":{"uid":"welfare_00805","name":"臺北市私立湖濱老人長期照顧中心(養護型)","welfare_class":"elderly_residential","address":"臺北市內湖區湖濱里010鄰內湖路2段179巷58、60號1樓","city":"臺北市","coord_source":"tgos_upstream","coord_precision":"upstream","src_datasets":"165355|8572","n_src":2,"sub_code":"T0706","permit_status":"C01","inst_code":"AWG00308035","src_system":"長照機構暨長照人員相關管理資訊系統","attr_type":"私立","beds_approved":"18","target":"養護","licensed_at":"89.02","district":"內湖區","phone":"02-27933081"}},{"type":"Feature","geometry":{"type":"Point","coordinates":[121.589191,25.078565]},"properties":{"uid":"welfare_00806","name":"臺北市私立瑞安老人長期照顧中心(養護型)","welfare_class":"elderly_residential","uni_no":"42321481","address":"臺北市內湖區紫陽里成功路三段88、90、92號2樓、76巷9號2樓","city":"臺北市","coord_source":"tgos_upstream","coord_precision":"upstream","src_datasets":"165355","n_src":1,"sub_code":"T0706","permit_status":"C01","inst_code":"AWG00308062","src_system":"長照機構暨長照人員相關管理資訊系統"}},{"type":"Feature","geometry":{"type":"Point","coordinates":[121.552212,24.997527]},"properties":{"uid":"welfare_00807","name":"臺北市私立心慈老人養護所","welfare_class":"elderly_residential","address":"臺北市文山區興業里022鄰辛亥路5段120-1號1~4樓","city":"臺北市","coord_source":"tgos_upstream","coord_precision":"upstream","src_datasets":"165355|8572","n_src":2,"sub_code":"T0706","permit_status":"C01","inst_code":"AWG00308107","src_system":"長照機構暨長照人員相關管理資訊系統","attr_type":"私立","beds_approved":"22","target":"養護","licensed_at":"92.04","district":"文山區","phone":"02-29314730"}},{"type":"Feature","geometry":{"type":"Point","coordinates":[121.589789,25.082312]},"properties":{"uid":"welfare_00808","name":"臺北市私立祥家老人養護所","welfare_class":"elderly_residential","address":"臺北市內湖區湖濱里026鄰內湖路2段253巷1弄1.3號1-2樓","city":"臺北市","coord_source":"tgos_upstream","coord_precision":"upstream","src_datasets":"165355|8572","n_src":2,"sub_code":"T0706","permit_status":"C01","inst_code":"AWG00308116","src_system":"長照機構暨長照人員相關管理資訊系統","attr_type":"私立","beds_approved":"46","target":"養護","licensed_at":"87.1","district":"內湖區","phone":"02-27922281"}},{"type":"Feature","geometry":{"type":"Point","coordinates":[121.528384,25.127759]},"properties":{"uid":"welfare_00809","name":"臺北市私立全泰老人長期照顧中心(養護型)","welfare_class":"elderly_residential","address":"臺北市北投區永和里006鄰行義路105號1~2樓","city":"臺北市","coord_source":"tgos_upstream","coord_precision":"upstream","src_datasets":"165355|8572","n_src":2,"sub_code":"T0706","permit_status":"C01","inst_code":"AWG00308125","src_system":"長照機構暨長照人員相關管理資訊系統","attr_type":"私立","beds_approved":"41","target":"養護","licensed_at":"88.09","district":"北投區","phone":"02-28747739"}},{"type":"Feature","geometry":{"type":"Point","coordinates":[121.523167,25.121941]},"properties":{"uid":"welfare_00810","name":"臺北市私立全寶老人長期照顧中心(養護型)","welfare_class":"elderly_residential","address":"臺北市北投區永欣里014鄰石牌路2段315巷16弄2、2-1號1樓","city":"臺北市","coord_source":"tgos_upstream","coord_precision":"upstream","src_datasets":"165355|8572","n_src":2,"sub_code":"T0706","permit_status":"C01","inst_code":"AWG00308134","src_system":"長照機構暨長照人員相關管理資訊系統","attr_type":"私立","beds_approved":"24","target":"養護","licensed_at":"88.11","district":"北投區","phone":"02-28710793"}},{"type":"Feature","geometry":{"type":"Point","coordinates":[121.512199,25.084057]},"properties":{"uid":"welfare_00811","name":"臺北市私立上美老人長期照顧中心(養護型)","welfare_class":"elderly_residential","address":"臺北市士林區重慶北路4段162號1-4樓","city":"臺北市","coord_source":"tgos_upstream","coord_precision":"upstream","src_datasets":"165355|8572","n_src":2,"sub_code":"T0706","permit_status":"C01","inst_code":"AWG00308143","src_system":"長照機構暨長照人員相關管理資訊系統","attr_type":"私立","beds_approved":"33","target":"養護","licensed_at":"88.12","district":"士林區","phone":"02-28122366"}},{"type":"Feature","geometry":{"type":"Point","coordinates":[121.584193,24.989315]},"properties":{"uid":"welfare_00812","name":"臺北市兆如老人安養護中心","welfare_class":"elderly_residential","address":"臺北市文山區政大里005鄰政大二街129號","city":"臺北市","coord_source":"tgos_upstream","coord_precision":"upstream","src_datasets":"165355|8572","n_src":2,"sub_code":"T0706","permit_status":"C01","inst_code":"AWG00308918","src_system":"長照機構暨長照人員相關管理資訊系統","attr_type":"公設\n民營","beds_approved":"453","target":"安養\n養護\n長照\n","licensed_at":"91.02","district":"文山區","phone":"02-86616365"}},{"type":"Feature","geometry":{"type":"Point","coordinates":[121.495563,25.034541]},"properties":{"uid":"welfare_00813","name":"財團法人臺北市私立愛愛院","welfare_class":"elderly_residential","address":"臺北市萬華區糖?里006鄰大理街175巷27號","city":"臺北市","coord_source":"tgos_upstream","coord_precision":"upstream","src_datasets":"165355|8572","n_src":2,"sub_code":"T0706","permit_status":"C01","inst_code":"AWG00309368","src_system":"長照機構暨長照人員相關管理資訊系統","attr_type":"私立","beds_approved":"238","target":"養護","licensed_at":"48.11","district":"萬華區","phone":"02-23060493"}},{"type":"Feature","geometry":{"type":"Point","coordinates":[121.468892,25.118514]},"properties":{"uid":"welfare_00814","name":"臺北市私立精英國際老人長期照顧中心(養護型)","welfare_class":"elderly_residential","address":"臺北市北投區關渡里003鄰關渡路60、62之1號1樓","city":"臺北市","coord_source":"tgos_upstream","coord_precision":"upstream","src_datasets":"165355|8572","n_src":2,"sub_code":"T0706","permit_status":"C01","inst_code":"AWG00309421","src_system":"長照機構暨長照人員相關管理資訊系統","attr_type":"私立","beds_approved":"26","target":"養護","licensed_at":"106.6.9","district":"北投區","phone":"02-28582701"}},{"type":"Feature","geometry":{"type":"Point","coordinates":[121.493025,25.026108]},"properties":{"uid":"welfare_00815","name":"臺北市私立葉爸爸老人長期照顧中心(養護型)","welfare_class":"elderly_residential","address":"臺北市萬華區錦德里012鄰西園路2段243之14號1~4樓","city":"臺北市","coord_source":"tgos_upstream","coord_precision":"upstream","src_datasets":"165355|8572","n_src":2,"sub_code":"T0706","permit_status":"C01","inst_code":"AWG00309845","src_system":"長照機構暨長照人員相關管理資訊系統","attr_type":"私立","beds_approved":"31","target":"養護","licensed_at":"106.5.12","district":"萬華區","phone":"02-23329985"}},{"type":"Feature","geometry":{"type":"Point","coordinates":[121.549297,25.046914]},"properties":{"uid":"welfare_00816","name":"臺北市私立台大老人長期照顧中心(養護型)","welfare_class":"elderly_residential","address":"臺北市松山區仁愛里013鄰敦化南路1段7號4樓之1","city":"臺北市","coord_source":"tgos_upstream","coord_precision":"upstream","src_datasets":"165355|8572","n_src":2,"sub_code":"T0706","permit_status":"C01","inst_code":"AWG00309854","src_system":"長照機構暨長照人員相關管理資訊系統","attr_type":"私立","beds_approved":"24","target":"養護","licensed_at":"89.12","district":"松山區","phone":"02-25792816"}},{"type":"Feature","geometry":{"type":"Point","coordinates":[121.549297,25.046914]},"properties":{"uid":"welfare_00817","name":"臺北市私立群英老人長期照顧中心(養護型)","welfare_class":"elderly_residential","address":"臺北市松山區仁愛里013鄰敦化南路1段7號4樓","city":"臺北市","coord_source":"tgos_upstream","coord_precision":"upstream","src_datasets":"165355|8572","n_src":2,"sub_code":"T0706","permit_status":"C01","inst_code":"AWG00309863","src_system":"長照機構暨長照人員相關管理資訊系統","attr_type":"私立","beds_approved":"24","target":"養護","licensed_at":"93.06","district":"松山區","phone":"02-25791400"}},{"type":"Feature","geometry":{"type":"Point","coordinates":[121.502139,25.044577]},"properties":{"uid":"welfare_00818","name":"臺北市私立中山老人長期照顧中心(養護型)","welfare_class":"elderly_residential","address":"臺北市萬華區菜園里001鄰峨眉街124號、124之1號1樓","city":"臺北市","coord_source":"tgos_upstream","coord_precision":"upstream","src_datasets":"165355|8572","n_src":2,"sub_code":"T0706","permit_status":"C01","inst_code":"AWG00309872","src_system":"長照機構暨長照人員相關管理資訊系統","attr_type":"私立","beds_approved":"26","target":"養護","licensed_at":"105.08.02","district":"萬華區","phone":"02-23759590"}},{"type":"Feature","geometry":{"type":"Point","coordinates":[121.517465,25.074871]},"properties":{"uid":"welfare_00819","name":"臺北市私立敦煌老人長期照顧中心(養護型)","welfare_class":"elderly_residential","address":"臺北市大同區重慶里014鄰敦煌路80巷3號及3-1號1樓","city":"臺北市","coord_source":"tgos_upstream","coord_precision":"upstream","src_datasets":"165355|8572","n_src":2,"sub_code":"T0706","permit_status":"C01","inst_code":"AWG00309890","src_system":"長照機構暨長照人員相關管理資訊系統","attr_type":"私立","beds_approved":"29","target":"養護","licensed_at":"90.02","district":"大同區","phone":"02-25945133"}},{"type":"Feature","geometry":{"type":"Point","coordinates":[121.515306,25.117652]},"properties":{"uid":"welfare_00820","name":"臺北市私立倚青園老人長期照顧中心(養護型)","welfare_class":"elderly_residential","address":"臺北市北投區永明里008鄰義理街63巷4弄7、11之1~3號1樓","city":"臺北市","coord_source":"tgos_upstream","coord_precision":"upstream","src_datasets":"165355|8572","n_src":2,"sub_code":"T0706","permit_status":"C01","inst_code":"AWG00309908","src_system":"長照機構暨長照人員相關管理資訊系統","attr_type":"私立","beds_approved":"31","target":"養護","licensed_at":"89.02","district":"北投區","phone":"02-28283533"}},{"type":"Feature","geometry":{"type":"Point","coordinates":[121.496863,25.131455]},"properties":{"uid":"welfare_00821","name":"臺北市私立豪門老人長期照顧中心(養護型)","welfare_class":"elderly_residential","address":"臺北市北投區大同里013鄰大業路452巷2號6~9樓","city":"臺北市","coord_source":"offline_l15","coord_precision":"interpolated","src_datasets":"165355|8572","n_src":2,"sub_code":"T0706","permit_status":"C01","inst_code":"AWG00309917","src_system":"長照機構暨長照人員相關管理資訊系統","attr_type":"私立","beds_approved":"42","target":"養護","licensed_at":"105.11.16","district":"北投區","phone":"02-28954492"}},{"type":"Feature","geometry":{"type":"Point","coordinates":[121.496863,25.131455]},"properties":{"uid":"welfare_00822","name":"臺北市私立貴族老人長期照顧中心(養護型)","welfare_class":"elderly_residential","address":"臺北市北投區大同里013鄰大業路452巷2號2~5樓","city":"臺北市","coord_source":"offline_l15","coord_precision":"interpolated","src_datasets":"165355|8572","n_src":2,"sub_code":"T0706","permit_status":"C01","inst_code":"AWG00309926","src_system":"長照機構暨長照人員相關管理資訊系統","attr_type":"私立","beds_approved":"42","target":"養護","licensed_at":"94.12","district":"北投區","phone":"02-28965555"}},{"type":"Feature","geometry":{"type":"Point","coordinates":[121.563811,25.048911]},"properties":{"uid":"welfare_00823","name":"臺北市私立康壯老人長期照顧中心(養護型)","welfare_class":"elderly_residential","address":"臺北市松山區吉祥里001鄰八德路4段203、205號1、2樓","city":"臺北市","coord_source":"tgos_upstream","coord_precision":"upstream","src_datasets":"165355|8572","n_src":2,"sub_code":"T0706","permit_status":"C01","inst_code":"AWG00309935","src_system":"長照機構暨長照人員相關管理資訊系統","attr_type":"私立","beds_approved":"49","target":"養護","licensed_at":"103.05","district":"松山區","phone":"02-27686697"}},{"type":"Feature","geometry":{"type":"Point","coordinates":[121.52197,25.059894]},"properties":{"uid":"welfare_00824","name":"臺北市私立晨欣老人長期照顧中心(養護型)","welfare_class":"elderly_residential","address":"臺北市中山區集英里006鄰中山北路2段96巷19號3樓","city":"臺北市","coord_source":"tgos_upstream","coord_precision":"upstream","src_datasets":"165355|8572","n_src":2,"sub_code":"T0706","permit_status":"C01","inst_code":"AWG00309944","src_system":"長照機構暨長照人員相關管理資訊系統","attr_type":"私立","beds_approved":"27","target":"養護","licensed_at":"106.4.21","district":"中山區","phone":"02-25212226"}},{"type":"Feature","geometry":{"type":"Point","coordinates":[121.493025,25.026108]},"properties":{"uid":"welfare_00825","name":"臺北市私立葉媽媽老人長期照顧中心(養護型)","welfare_class":"elderly_residential","address":"臺北市萬華區錦德里012鄰西園路2段243之13號1~4樓","city":"臺北市","coord_source":"tgos_upstream","coord_precision":"upstream","src_datasets":"165355|8572","n_src":2,"sub_code":"T0706","permit_status":"C01","inst_code":"AWG00309953","src_system":"長照機構暨長照人員相關管理資訊系統","attr_type":"私立","beds_approved":"30","target":"養護","licensed_at":"106.5.5","district":"萬華區","phone":"02-23329986"}},{"type":"Feature","geometry":{"type":"Point","coordinates":[121.502986,25.128654]},"properties":{"uid":"welfare_00826","name":"臺北市私立高德老人長期照顧中心(養護型)","welfare_class":"elderly_residential","address":"臺北市北投區磺港路156號1~3樓","city":"臺北市","coord_source":"tgos_upstream","coord_precision":"upstream","src_datasets":"165355|8572","n_src":2,"sub_code":"T0706","permit_status":"C01","inst_code":"AWG00309962","src_system":"長照機構暨長照人員相關管理資訊系統","attr_type":"私立","beds_approved":"45","target":"養護","licensed_at":"106.6.1","district":"北投區","phone":"02-28982418"}},{"type":"Feature","geometry":{"type":"Point","coordinates":[121.54688,24.999974]},"properties":{"uid":"welfare_00827","name":"臺北市文山老人養護中心","welfare_class":"elderly_residential","address":"臺北市文山區興豐里016鄰興隆路2段95巷8號3~6樓","city":"臺北市","coord_source":"tgos_upstream","coord_precision":"upstream","src_datasets":"165355|8572","n_src":2,"sub_code":"T0706","permit_status":"C01","inst_code":"AWG00309980","src_system":"長照機構暨長照人員相關管理資訊系統","attr_type":"公設\n民營","beds_approved":"46","target":"養護  \n","licensed_at":"90.02","district":"文山區","phone":"02-89313190"}},{"type":"Feature","geometry":{"type":"Point","coordinates":[121.537161,25.048532]},"properties":{"uid":"welfare_00828","name":"臺北市私立龍江老人長期照顧中心(養護型)","welfare_class":"elderly_residential","address":"臺北市中山區力行里007鄰長安東路1段63號4樓","city":"臺北市","coord_source":"tgos_upstream","coord_precision":"upstream","src_datasets":"165355|8572","n_src":2,"sub_code":"T0706","permit_status":"C01","inst_code":"AWG00313372","src_system":"長照機構暨長照人員相關管理資訊系統","attr_type":"私立","beds_approved":"37","target":"養護","licensed_at":"88.07","district":"中山區","phone":"02-25672208"}},{"type":"Feature","geometry":{"type":"Point","coordinates":[121.497009,25.024007]},"properties":{"uid":"welfare_00829","name":"財團法人天主教失智老人社會福利基金會附設臺北市私立聖若瑟失智老人養護中心附設日間照顧","welfare_class":"elderly_residential","uni_no":"18495927","address":"臺北市萬華區保德里德昌街125巷11號","city":"臺北市","coord_source":"tgos_upstream","coord_precision":"upstream","src_datasets":"165355","n_src":1,"sub_code":"T0707","permit_status":"C04","inst_code":"AWH00309970","src_system":"長照機構暨長照人員相關管理資訊系統"}},{"type":"Feature","geometry":{"type":"Point","coordinates":[121.540549,25.047416]},"properties":{"uid":"welfare_00830","name":"臺北市政府社會局委託天主教耕莘醫療財團法人永和耕莘醫院經營管理臺北市朱崙老人公寓","welfare_class":"elderly_residential","uni_no":"48698884","address":"臺北市中山區龍江路15號4-7樓","city":"臺北市","coord_source":"tgos_upstream","coord_precision":"upstream","src_datasets":"165355","n_src":1,"sub_code":"T0708","permit_status":"C04","inst_code":"AWJ00004796","src_system":"無來源系統"}},{"type":"Feature","geometry":{"type":"Point","coordinates":[121.562175,24.986609]},"properties":{"uid":"welfare_00831","name":"臺北市政府社會局老人自費安養中心","welfare_class":"elderly_residential","address":"臺北市文山區忠順里009鄰興隆路4段109巷30弄6號","city":"臺北市","coord_source":"tgos_upstream","coord_precision":"upstream","src_datasets":"165355|8572","n_src":2,"sub_code":"T0708","permit_status":"C01","inst_code":"AWJ00304586","src_system":"長照機構暨長照人員相關管理資訊系統","attr_type":"公立","beds_approved":"366","target":"安養","licensed_at":"71.12","district":"文山區","phone":"02-29393146"}},{"type":"Feature","geometry":{"type":"Point","coordinates":[121.467775,25.118345]},"properties":{"uid":"welfare_00832","name":"臺北市立浩然敬老院","welfare_class":"elderly_residential","address":"臺北市北投區關渡里016鄰知行路75號","city":"臺北市","coord_source":"tgos_upstream","coord_precision":"upstream","src_datasets":"165355|8572","n_src":2,"sub_code":"T0708","permit_status":"C01","inst_code":"AWJ00304810","src_system":"無來源系統、長照機構暨長照人員相關管理資訊系統","attr_type":"公立","beds_approved":"400","target":"安養\n養護","licensed_at":"75.02","district":"北投區","phone":"02-28581081"}},{"type":"Feature","geometry":{"type":"Point","coordinates":[120.692566,24.161518]},"properties":{"uid":"welfare_01780","name":"財團法人臺中市私立長生老人長期照護中心","welfare_class":"elderly_residential","address":"臺中市北區錦祥里001鄰北屯路26號9、10、12樓(不含12樓之9及12樓之10)","city":"臺中市","coord_source":"tgos_upstream","coord_precision":"upstream","src_datasets":"165355|8572","n_src":2,"sub_code":"T0705","permit_status":"C01","inst_code":"BWF00308611","src_system":"長照機構暨長照人員相關管理資訊系統、無來源系統","attr_type":"私立","beds_approved":"91","target":"長照","licensed_at":"88.11.19","district":"北區","phone":"04-22302033"}},{"type":"Feature","geometry":{"type":"Point","coordinates":[120.721875,24.244007]},"properties":{"uid":"welfare_01781","name":"臺中市私立豐盛老人長期照顧中心","welfare_class":"elderly_residential","address":"臺中市豐原區南陽里027鄰圓環東路241號","city":"臺中市","coord_source":"tgos_upstream","coord_precision":"upstream","src_datasets":"165355|8572","n_src":2,"sub_code":"T0705","permit_status":"C01","inst_code":"BWF00310456","src_system":"長照機構暨長照人員相關管理資訊系統、無來源系統","attr_type":"私立","beds_approved":"23","target":"長照","licensed_at":"106.10.13","district":"豐原區","phone":"04-25122371"}},{"type":"Feature","geometry":{"type":"Point","coordinates":[120.714008,24.292352]},"properties":{"uid":"welfare_01782","name":"臺中市私立桃太郎老人養護中心","welfare_class":"elderly_residential","address":"臺中市后里區墩南里010鄰南村路333巷42-36號3、4樓","city":"臺中市","coord_source":"tgos_upstream","coord_precision":"upstream","src_datasets":"165355|8572","n_src":2,"sub_code":"T0706","permit_status":"C05","inst_code":"BWG00005904","src_system":"無來源系統","attr_type":"私立","beds_approved":"46","target":"養護","licensed_at":"102.04.03","district":"后里區","phone":"04-25561811"}},{"type":"Feature","geometry":{"type":"Point","coordinates":[120.687524,24.115071]},"properties":{"uid":"welfare_01783","name":"財團法人台灣省私立菩提仁愛之家","welfare_class":"elderly_residential","address":"臺中市大里區大明路55號","city":"臺中市","coord_source":"tgos_upstream","coord_precision":"upstream","src_datasets":"165355|8572","n_src":2,"sub_code":"T0706","permit_status":"C01","inst_code":"BWG00305460","src_system":"無來源系統、長照機構暨長照人員相關管理資訊系統","attr_type":"私立","beds_approved":"297","target":"長照 \n養護","licensed_at":"66.5","district":"大里區","phone":"04-24837148"}},{"type":"Feature","geometry":{"type":"Point","coordinates":[120.6301,24.236321]},"properties":{"uid":"welfare_01784","name":"臺中市私立健德老人養護中心","welfare_class":"elderly_residential","address":"臺中市大雅區六寶里002鄰光復路2-5號","city":"臺中市","coord_source":"tgos_upstream","coord_precision":"upstream","src_datasets":"165355|8572","n_src":2,"sub_code":"T0706","permit_status":"C01","inst_code":"BWG00305479","src_system":"長照機構暨長照人員相關管理資訊系統","attr_type":"私立","beds_approved":"49","target":"長照\n養護","licensed_at":"102.11.20","district":"大雅區","phone":"04-25604290"}},{"type":"Feature","geometry":{"type":"Point","coordinates":[120.685122,24.141043]},"properties":{"uid":"welfare_01785","name":"臺中市私立溫興老人長期照顧中心(養護型)","welfare_class":"elderly_residential","uni_no":"39854997","address":"臺中市中區雙十路一段19巷6號","city":"臺中市","coord_source":"tgos_upstream","coord_precision":"upstream","src_datasets":"165355","n_src":1,"sub_code":"T0706","permit_status":"C01","inst_code":"BWG00305488","src_system":"無來源系統、長照機構暨長照人員相關管理資訊系統"}},{"type":"Feature","geometry":{"type":"Point","coordinates":[120.720083,24.184065]},"properties":{"uid":"welfare_01786","name":"臺中市立仁愛之家","welfare_class":"elderly_residential","address":"臺中市北屯區軍功里006鄰軍功路二段490號","city":"臺中市","coord_source":"tgos_upstream","coord_precision":"upstream","src_datasets":"165355|8572","n_src":2,"sub_code":"T0706","permit_status":"C01","inst_code":"BWG00305497","src_system":"無來源系統、長照機構暨長照人員相關管理資訊系統","attr_type":"公立","beds_approved":"187","target":"安養\n養護","licensed_at":"62.01.01","district":"北屯區","phone":"04-22392074\n"}},{"type":"Feature","geometry":{"type":"Point","coordinates":[120.688747,24.196382]},"properties":{"uid":"welfare_01787","name":"台中市私立惠恩老人養護中心","welfare_class":"elderly_residential","address":"臺中市北屯區仁美里027鄰崇德18路213號","city":"臺中市","coord_source":"tgos_upstream","coord_precision":"upstream","src_datasets":"165355|8572","n_src":2,"sub_code":"T0706","permit_status":"C01","inst_code":"BWG00305505","src_system":"長照機構暨長照人員相關管理資訊系統、無來源系統","attr_type":"私立","beds_approved":"45","target":"養護","licensed_at":"89.07.12","district":"北屯區","phone":"04-24223627"}},{"type":"Feature","geometry":{"type":"Point","coordinates":[120.678045,24.191088]},"properties":{"uid":"welfare_01788","name":"臺中市私立同心居老人養護中心","welfare_class":"elderly_residential","address":"臺中市北屯區仁和里023鄰崇德十路二段266號","city":"臺中市","coord_source":"tgos_upstream","coord_precision":"upstream","src_datasets":"165355|8572","n_src":2,"sub_code":"T0706","permit_status":"C01","inst_code":"BWG00305514","src_system":"長照機構暨長照人員相關管理資訊系統、無來源系統","attr_type":"私立","beds_approved":"49","target":"養護","licensed_at":"92.07.07","district":"北屯區","phone":"04-24225880 04-24225958"}},{"type":"Feature","geometry":{"type":"Point","coordinates":[120.668719,24.184183]},"properties":{"uid":"welfare_01789","name":"台中市私立大德老人養護中心","welfare_class":"elderly_residential","address":"臺中市北屯區忠平里008鄰陳平一街36巷30號、32號","city":"臺中市","coord_source":"tgos_upstream","coord_precision":"upstream","src_datasets":"165355|8572","n_src":2,"sub_code":"T0706","permit_status":"C01","inst_code":"BWG00305523","src_system":"長照機構暨長照人員相關管理資訊系統、無來源系統","attr_type":"私立","beds_approved":"36","target":"養護","licensed_at":"91.03.08","district":"北屯區","phone":"04-22930666 04-22989030"}},{"type":"Feature","geometry":{"type":"Point","coordinates":[120.721211,24.17583]},"properties":{"uid":"welfare_01790","name":"台中市私立永春老人長期照顧中心(養護型)","welfare_class":"elderly_residential","address":"臺中市北屯區和平里023鄰東山路一段308號2樓","city":"臺中市","coord_source":"tgos_upstream","coord_precision":"upstream","src_datasets":"165355|8572","n_src":2,"sub_code":"T0706","permit_status":"C01","inst_code":"BWG00305532","src_system":"長照機構暨長照人員相關管理資訊系統、無來源系統","attr_type":"私立","beds_approved":"46","target":"養護","licensed_at":"99.07.13","district":"北屯區","phone":"04-24368956"}},{"type":"Feature","geometry":{"type":"Point","coordinates":[120.696696,24.169902]},"properties":{"uid":"welfare_01791","name":"台中市私立永安老人長期照顧中心(養護型)","welfare_class":"elderly_residential","address":"臺中市北屯區三光里012鄰北平路四段199號","city":"臺中市","coord_source":"tgos_upstream","coord_precision":"upstream","src_datasets":"165355|8572","n_src":2,"sub_code":"T0706","permit_status":"C01","inst_code":"BWG00305541","src_system":"無來源系統、長照機構暨長照人員相關管理資訊系統","attr_type":"私立","beds_approved":"47","target":"養護","licensed_at":"102.10.09","district":"北屯區","phone":"04-22389266"}},{"type":"Feature","geometry":{"type":"Point","coordinates":[120.721149,24.175616]},"properties":{"uid":"welfare_01792","name":"台中市私立嘉民老人長期照顧中心(養護型)","welfare_class":"elderly_residential","address":"中市北屯區和平里023鄰環中東路二段255號3樓","city":"臺中市","coord_source":"tgos_upstream","coord_precision":"upstream","src_datasets":"165355|8572","n_src":2,"sub_code":"T0706","permit_status":"C01","inst_code":"BWG00305550","src_system":"長照機構暨長照人員相關管理資訊系統、無來源系統","attr_type":"私立","beds_approved":"48","target":"養護","licensed_at":"103.01.09","district":"北屯區","phone":"04-24370892"}},{"type":"Feature","geometry":{"type":"Point","coordinates":[120.721211,24.17583]},"properties":{"uid":"welfare_01793","name":"台中市私立福欣老人長期照顧中心(養護型)","welfare_class":"elderly_residential","address":"臺中市北屯區和平里023鄰東山路一段308號5樓","city":"臺中市","coord_source":"tgos_upstream","coord_precision":"upstream","src_datasets":"165355|8572","n_src":2,"sub_code":"T0706","permit_status":"C01","inst_code":"BWG00305569","src_system":"長照機構暨長照人員相關管理資訊系統、無來源系統","attr_type":"私立","beds_approved":"46","target":"養護","licensed_at":"103.8.19","district":"北屯區","phone":"04-24376502"}},{"type":"Feature","geometry":{"type":"Point","coordinates":[120.679025,24.15808]},"properties":{"uid":"welfare_01794","name":"台中市私立信望愛老人養護中心","welfare_class":"elderly_residential","address":"臺中市北區育德里002鄰美德街211號2樓~6樓","city":"臺中市","coord_source":"tgos_upstream","coord_precision":"upstream","src_datasets":"165355|8572","n_src":2,"sub_code":"T0706","permit_status":"C01","inst_code":"BWG00305578","src_system":"無來源系統、長照機構暨長照人員相關管理資訊系統","attr_type":"私立","beds_approved":"49","target":"養護","licensed_at":"91.03.29","district":"北區","phone":"04-22031097 04-22057036"}},{"type":"Feature","geometry":{"type":"Point","coordinates":[120.67907,24.159846]},"properties":{"uid":"welfare_01795","name":"台中市私立慈恩老人養護中心","welfare_class":"elderly_residential","address":"臺中市北區賴村里015鄰健行路518巷15弄2號","city":"臺中市","coord_source":"tgos_upstream","coord_precision":"upstream","src_datasets":"165355|8572","n_src":2,"sub_code":"T0706","permit_status":"C01","inst_code":"BWG00305587","src_system":"長照機構暨長照人員相關管理資訊系統、無來源系統","attr_type":"私立","beds_approved":"48","target":"養護","licensed_at":"91.06.17","district":"北區","phone":"04-22039778"}},{"type":"Feature","geometry":{"type":"Point","coordinates":[120.641617,24.318731]},"properties":{"uid":"welfare_01796","name":"臺中市私立常春老人養護中心","welfare_class":"elderly_residential","address":"臺中市外埔區三崁里008鄰三崁路72之3號","city":"臺中市","coord_source":"tgos_upstream","coord_precision":"upstream","src_datasets":"165355|8572","n_src":2,"sub_code":"T0706","permit_status":"C01","inst_code":"BWG00305596","src_system":"無來源系統、長照機構暨長照人員相關管理資訊系統","attr_type":"私立","beds_approved":"45","target":"養護　","licensed_at":"107.4.25","district":"外埔區","phone":"04-26839990"}},{"type":"Feature","geometry":{"type":"Point","coordinates":[120.621379,24.186404]},"properties":{"uid":"welfare_01797","name":"臺中市私立杏林老人長期照顧中心(養護型)","welfare_class":"elderly_residential","address":"臺中市西屯區福雅里024鄰西屯路三段153-5號3樓~6樓","city":"臺中市","coord_source":"tgos_upstream","coord_precision":"upstream","src_datasets":"165355|8572","n_src":2,"sub_code":"T0706","permit_status":"C01","inst_code":"BWG00305604","src_system":"長照機構暨長照人員相關管理資訊系統、無來源系統","attr_type":"私立","beds_approved":"49","target":"養護","licensed_at":"89.01.26","district":"西屯區","phone":"04-24618119"}},{"type":"Feature","geometry":{"type":"Point","coordinates":[120.653204,24.159413]},"properties":{"uid":"welfare_01798","name":"臺中市私立長青老人養護中心","welfare_class":"elderly_residential","address":"臺中市西屯區何南里022鄰大墩二十街116、118號","city":"臺中市","coord_source":"tgos_upstream","coord_precision":"upstream","src_datasets":"165355|8572","n_src":2,"sub_code":"T0706","permit_status":"C01","inst_code":"BWG00305613","src_system":"無來源系統、長照機構暨長照人員相關管理資訊系統","attr_type":"私立","beds_approved":"47","target":"養護","licensed_at":"90.12.13","district":"西屯區","phone":"04-23107959"}},{"type":"Feature","geometry":{"type":"Point","coordinates":[120.658265,24.159127]},"properties":{"uid":"welfare_01799","name":"臺中市私立安健老人養護中心","welfare_class":"elderly_residential","address":"臺中市西屯區何明里006鄰太原路一段25號","city":"臺中市","coord_source":"tgos_upstream","coord_precision":"upstream","src_datasets":"165355|8572","n_src":2,"sub_code":"T0706","permit_status":"C01","inst_code":"BWG00305622","src_system":"無來源系統、長照機構暨長照人員相關管理資訊系統","attr_type":"私立","beds_approved":"49","target":"養護","licensed_at":"92.02.14","district":"西屯區","phone":"04-23119033"}},{"type":"Feature","geometry":{"type":"Point","coordinates":[120.626855,24.199608]},"properties":{"uid":"welfare_01800","name":"台中市私立善心園老人長期照顧中心(養護型)","welfare_class":"elderly_residential","address":"臺中市西屯區林厝里009鄰福雅路550號","city":"臺中市","coord_source":"tgos_upstream","coord_precision":"upstream","src_datasets":"165355|8572","n_src":2,"sub_code":"T0706","permit_status":"C01","inst_code":"BWG00305631","src_system":"無來源系統、長照機構暨長照人員相關管理資訊系統","attr_type":"私立","beds_approved":"49","target":"養護","licensed_at":"103.11.24","district":"西屯區","phone":"04-24635886"}},{"type":"Feature","geometry":{"type":"Point","coordinates":[120.671816,24.150282]},"properties":{"uid":"welfare_01801","name":"臺中市私立福祿貝老老人養護中心","welfare_class":"elderly_residential","address":"臺中市西區和龍里014鄰梅川東路二段11號","city":"臺中市","coord_source":"offline_l2","coord_precision":"exact","src_datasets":"165355|8572","n_src":2,"sub_code":"T0706","permit_status":"C01","inst_code":"BWG00305640","src_system":"長照機構暨長照人員相關管理資訊系統、無來源系統","attr_type":"私立","beds_approved":"46","target":"養護","licensed_at":"87.07.03","district":"西區","phone":"04-22026788"}},{"type":"Feature","geometry":{"type":"Point","coordinates":[120.570318,24.20727]},"properties":{"uid":"welfare_01802","name":"臺中市私立皇家老人養護中心","welfare_class":"elderly_residential","address":"臺中市沙鹿區埔子里016鄰正義路97巷30號","city":"臺中市","coord_source":"tgos_upstream","coord_precision":"upstream","src_datasets":"165355|8572","n_src":2,"sub_code":"T0706","permit_status":"C01","inst_code":"BWG00305659","src_system":"無來源系統、長照機構暨長照人員相關管理資訊系統","attr_type":"私立","beds_approved":"40","target":"養護","licensed_at":"104.12.31","district":"沙鹿區","phone":"04-26336666"}},{"type":"Feature","geometry":{"type":"Point","coordinates":[120.562454,24.2113]},"properties":{"uid":"welfare_01803","name":"臺中市私立康祥老人長期照顧中心(養護型)","welfare_class":"elderly_residential","address":"臺中市沙鹿區三鹿里023鄰保成六街90號","city":"臺中市","coord_source":"tgos_upstream","coord_precision":"upstream","src_datasets":"165355|8572","n_src":2,"sub_code":"T0706","permit_status":"C01","inst_code":"BWG00305668","src_system":"無來源系統、長照機構暨長照人員相關管理資訊系統","attr_type":"私立","beds_approved":"32","target":"養護","licensed_at":"92.12.23\n(吳心)\n107.07.02\n(張銓彬)","district":"沙鹿區","phone":"04-26367669"}},{"type":"Feature","geometry":{"type":"Point","coordinates":[120.693605,24.142516]},"properties":{"uid":"welfare_01804","name":"臺中市私立惠群老人長期照顧中心(養護型)","welfare_class":"elderly_residential","address":"臺中市東區干城里004鄰自由路三段276號5樓","city":"臺中市","coord_source":"tgos_upstream","coord_precision":"upstream","src_datasets":"165355|8572","n_src":2,"sub_code":"T0706","permit_status":"C01","inst_code":"BWG00305677","src_system":"無來源系統、長照機構暨長照人員相關管理資訊系統","attr_type":"私立","beds_approved":"47","target":"養護","licensed_at":"93.12.17","district":"東區","phone":"04-22130557"}},{"type":"Feature","geometry":{"type":"Point","coordinates":[120.637137,24.13973]},"properties":{"uid":"welfare_01805","name":"台中市私立至善園老人養護中心","welfare_class":"elderly_residential","address":"臺中市南屯區南屯里021鄰五福街205號","city":"臺中市","coord_source":"tgos_upstream","coord_precision":"upstream","src_datasets":"165355|8572","n_src":2,"sub_code":"T0706","permit_status":"C01","inst_code":"BWG00305686","src_system":"長照機構暨長照人員相關管理資訊系統、無來源系統","attr_type":"私立","beds_approved":"49","target":"養護","licensed_at":"95.05.15","district":"南屯區","phone":"04-23852299"}},{"type":"Feature","geometry":{"type":"Point","coordinates":[120.608326,24.139284]},"properties":{"uid":"welfare_01806","name":"臺中市私立葳采老人長期照顧中心(養護型)","welfare_class":"elderly_residential","address":"臺中市南屯區春社里033鄰永春南路188巷71號","city":"臺中市","coord_source":"tgos_upstream","coord_precision":"upstream","src_datasets":"165355|8572","n_src":2,"sub_code":"T0706","permit_status":"C01","inst_code":"BWG00305695","src_system":"長照機構暨長照人員相關管理資訊系統、無來源系統","attr_type":"私立","beds_approved":"43","target":"養護","licensed_at":"100.11.07","district":"南屯區","phone":"04-23807788"}},{"type":"Feature","geometry":{"type":"Point","coordinates":[120.660882,24.10939]},"properties":{"uid":"welfare_01807","name":"財團法人臺中市私立永耕社會福利基金會附設臺中市私立永耕老人養護中心","welfare_class":"elderly_residential","address":"臺中市南區工學里011鄰文心南路766號","city":"臺中市","coord_source":"tgos_upstream","coord_precision":"upstream","src_datasets":"165355|8572","n_src":2,"sub_code":"T0706","permit_status":"C01","inst_code":"BWG00305703","src_system":"長照機構暨長照人員相關管理資訊系統、無來源系統","attr_type":"私立","beds_approved":"153","target":"養護","licensed_at":"92.10.06","district":"南區","phone":"04-22611698"}},{"type":"Feature","geometry":{"type":"Point","coordinates":[120.655496,24.113876]},"properties":{"uid":"welfare_01808","name":"台中市私立祥和老人養護中心","welfare_class":"elderly_residential","address":"臺中市南區樹義里014鄰大慶街一段242號","city":"臺中市","coord_source":"tgos_upstream","coord_precision":"upstream","src_datasets":"165355|8572","n_src":2,"sub_code":"T0706","permit_status":"C01","inst_code":"BWG00305712","src_system":"長照機構暨長照人員相關管理資訊系統、無來源系統","attr_type":"私立","beds_approved":"45","target":"養護","licensed_at":"90.01.12","district":"南區","phone":"04-22605999"}},{"type":"Feature","geometry":{"type":"Point","coordinates":[120.633398,24.104257]},"properties":{"uid":"welfare_01809","name":"臺中市私立享壽老人長期照顧中心(養護型)","welfare_class":"elderly_residential","address":"臺中市烏日區仁德里015鄰麻園東街76號","city":"臺中市","coord_source":"tgos_upstream","coord_precision":"upstream","src_datasets":"165355|8572","n_src":2,"sub_code":"T0706","permit_status":"C01","inst_code":"BWG00305721","src_system":"長照機構暨長照人員相關管理資訊系統、無來源系統","attr_type":"私立","beds_approved":"49","target":"養護","licensed_at":"105.10.31","district":"烏日區","phone":"04-23385355"}},{"type":"Feature","geometry":{"type":"Point","coordinates":[120.634884,24.106978]},"properties":{"uid":"welfare_01810","name":"臺中市私立泰安老人長期照顧中心(養護型)","welfare_class":"elderly_residential","address":"臺中市烏日區九德里025鄰中山路一段548號8、9樓","city":"臺中市","coord_source":"tgos_upstream","coord_precision":"upstream","src_datasets":"165355|8572","n_src":2,"sub_code":"T0706","permit_status":"C01","inst_code":"BWG00305730","src_system":"長照機構暨長照人員相關管理資訊系統、無來源系統","attr_type":"私立","beds_approved":"49","target":"養護","licensed_at":"94.11.15","district":"烏日區","phone":"04-23380707"}},{"type":"Feature","geometry":{"type":"Point","coordinates":[120.659144,24.26632]},"properties":{"uid":"welfare_01811","name":"臺中市私立松群老人養護中心","welfare_class":"elderly_residential","address":"臺中市神岡區圳前里004鄰神圳路82號","city":"臺中市","coord_source":"tgos_upstream","coord_precision":"upstream","src_datasets":"165355|8572","n_src":2,"sub_code":"T0706","permit_status":"C01","inst_code":"BWG00305749","src_system":"長照機構暨長照人員相關管理資訊系統、無來源系統","attr_type":"私立","beds_approved":"48","target":"養護","licensed_at":"93.04.29","district":"神岡區","phone":"04-25625627"}},{"type":"Feature","geometry":{"type":"Point","coordinates":[120.693825,24.221927]},"properties":{"uid":"welfare_01812","name":"臺中市私立孝親園老人長期照顧中心(養護型)","welfare_class":"elderly_residential","address":"臺中市潭子區大豐里012鄰雅豐街197巷8號","city":"臺中市","coord_source":"tgos_upstream","coord_precision":"upstream","src_datasets":"165355|8572","n_src":2,"sub_code":"T0706","permit_status":"C01","inst_code":"BWG00305758","src_system":"無來源系統、長照機構暨長照人員相關管理資訊系統","attr_type":"私立","beds_approved":"49","target":"養護","licensed_at":"95.04.03","district":"潭子區","phone":"04-25345412"}},{"type":"Feature","geometry":{"type":"Point","coordinates":[120.679458,24.168648]},"properties":{"uid":"welfare_01813","name":"臺中市私立欣德老人長期照顧中心(養護型)","welfare_class":"elderly_residential","address":"臺中市北屯區平德里012鄰青島路三段13號","city":"臺中市","coord_source":"tgos_upstream","coord_precision":"upstream","src_datasets":"165355|8572","n_src":2,"sub_code":"T0706","permit_status":"C01","inst_code":"BWG00307800","src_system":"無來源系統、長照機構暨長照人員相關管理資訊系統","attr_type":"私立","beds_approved":"46","target":"長照\n養護","licensed_at":"97.02.25","district":"北屯區","phone":"04-22316611"}},{"type":"Feature","geometry":{"type":"Point","coordinates":[120.730261,24.271346]},"properties":{"uid":"welfare_01814","name":"臺中市私立太夫老人長期照顧中心(養護型)","welfare_class":"elderly_residential","address":"臺中市豐原區東湳里005鄰角潭路二段119巷22號1樓","city":"臺中市","coord_source":"tgos_upstream","coord_precision":"upstream","src_datasets":"165355|8572","n_src":2,"sub_code":"T0706","permit_status":"C01","inst_code":"BWG00307855","src_system":"長照機構暨長照人員相關管理資訊系統、無來源系統","attr_type":"私立","beds_approved":"20","target":"養護","licensed_at":"92.02.10","district":"豐原區","phone":"04-25232048"}},{"type":"Feature","geometry":{"type":"Point","coordinates":[120.692066,24.306839]},"properties":{"uid":"welfare_01815","name":"臺中市私立健復老人長期照顧中心(養護型)","welfare_class":"elderly_residential","address":"臺中市后里區三月路5-10號","city":"臺中市","coord_source":"tgos_upstream","coord_precision":"upstream","src_datasets":"165355|8572","n_src":2,"sub_code":"T0706","permit_status":"C01","inst_code":"BWG00308179","src_system":"無來源系統、長照機構暨長照人員相關管理資訊系統","attr_type":"私立","beds_approved":"49","target":"養護","licensed_at":"88.06.21","district":"后里區","phone":"04-25570002"}},{"type":"Feature","geometry":{"type":"Point","coordinates":[120.671816,24.150282]},"properties":{"uid":"welfare_01816","name":"台中市私立貝思特老人長期照顧中心(養護型)","welfare_class":"elderly_residential","address":"臺中市西區和龍里014鄰梅川東路二段11號","city":"臺中市","coord_source":"tgos_upstream","coord_precision":"upstream","src_datasets":"165355|8572","n_src":2,"sub_code":"T0706","permit_status":"C01","inst_code":"BWG00308403","src_system":"長照機構暨長照人員相關管理資訊系統、無來源系統","attr_type":"私立","beds_approved":"26","target":"長照\n養護","licensed_at":"98.10.08","district":"西區","phone":"04-22026788"}},{"type":"Feature","geometry":{"type":"Point","coordinates":[120.679558,24.095737]},"properties":{"uid":"welfare_01817","name":"台中市私立全家老人養護中心","welfare_class":"elderly_residential","address":"臺中市大里區大元里022鄰東里路77號1、2樓","city":"臺中市","coord_source":"tgos_upstream","coord_precision":"upstream","src_datasets":"165355|8572","n_src":2,"sub_code":"T0706","permit_status":"C01","inst_code":"BWG00308502","src_system":"無來源系統、長照機構暨長照人員相關管理資訊系統","attr_type":"私立","beds_approved":"49","target":"養護","licensed_at":"90.05.22","district":"大里區","phone":"04-24180505"}},{"type":"Feature","geometry":{"type":"Point","coordinates":[120.646094,24.345956]},"properties":{"uid":"welfare_01818","name":"臺中市私立安宜田園老人長期照顧中心(養護型)","welfare_class":"elderly_residential","address":"臺中市外埔區鐵山里017鄰長生路425號","city":"臺中市","coord_source":"tgos_upstream","coord_precision":"upstream","src_datasets":"165355|8572","n_src":2,"sub_code":"T0706","permit_status":"C01","inst_code":"BWG00308511","src_system":"無來源系統、長照機構暨長照人員相關管理資訊系統","attr_type":"私立","beds_approved":"49","target":"養護","licensed_at":"91.10.04","district":"外埔區","phone":"04-26838781"}},{"type":"Feature","geometry":{"type":"Point","coordinates":[120.67811,24.132152]},"properties":{"uid":"welfare_01819","name":"臺中市私立沐陽306老人長期照顧中心(養護型)","welfare_class":"elderly_residential","address":"臺中市南區長榮里010鄰復興路三段304號","city":"臺中市","coord_source":"tgos_upstream","coord_precision":"upstream","src_datasets":"165355|8572","n_src":2,"sub_code":"T0706","permit_status":"C01","inst_code":"BWG00308520","src_system":"長照機構暨長照人員相關管理資訊系統、無來源系統","attr_type":"私立","beds_approved":"49","target":"養護","licensed_at":"106.05.11","district":"南區","phone":"04-22222859"}},{"type":"Feature","geometry":{"type":"Point","coordinates":[120.626124,24.180678]},"properties":{"uid":"welfare_01820","name":"台中市私立玫園老人長期照顧中心(養護型)","welfare_class":"elderly_residential","address":"臺中市西屯區福順路66號","city":"臺中市","coord_source":"tgos_upstream","coord_precision":"upstream","src_datasets":"165355|8572","n_src":2,"sub_code":"T0706","permit_status":"C01","inst_code":"BWG00308539","src_system":"無來源系統、長照機構暨長照人員相關管理資訊系統","attr_type":"私立","beds_approved":"49","target":"養護","licensed_at":"92.12.11","district":"西屯區","phone":"04-24623902 04-24626799"}},{"type":"Feature","geometry":{"type":"Point","coordinates":[120.725628,24.275554]},"properties":{"uid":"welfare_01821","name":"臺中市私立愛老郎老人長期照顧中心(養護型)","welfare_class":"elderly_residential","address":"臺中市豐原區東湳里002鄰三豐路2段396巷69號","city":"臺中市","coord_source":"tgos_upstream","coord_precision":"upstream","src_datasets":"165355|8572","n_src":2,"sub_code":"T0706","permit_status":"C01","inst_code":"BWG00308566","src_system":"長照機構暨長照人員相關管理資訊系統、無來源系統","attr_type":"私立","beds_approved":"49","target":"長照\n養護","licensed_at":"100.10.27","district":"豐原區","phone":"04-25293499"}},{"type":"Feature","geometry":{"type":"Point","coordinates":[120.832111,24.251276]},"properties":{"uid":"welfare_01822","name":"財團法人中華基督教福音信義傳道會附設台中市私立信義老人養護中心","welfare_class":"elderly_residential","address":"臺中市東勢區泰昌里002鄰東崎路五段425號","city":"臺中市","coord_source":"tgos_upstream","coord_precision":"upstream","src_datasets":"165355|8572","n_src":2,"sub_code":"T0706","permit_status":"C01","inst_code":"BWG00308629","src_system":"長照機構暨長照人員相關管理資訊系統、無來源系統","attr_type":"私立","beds_approved":"49","target":"養護","licensed_at":"90.04.12","district":"東勢區","phone":"04-25888225"}},{"type":"Feature","geometry":{"type":"Point","coordinates":[120.646413,24.360876]},"properties":{"uid":"welfare_01823","name":"財團法人臺灣省私立永信社會福利基金會附設臺中市私立松柏園老人養護中心","welfare_class":"elderly_residential","address":"臺中市大甲區頂店里002鄰成功路319號","city":"臺中市","coord_source":"tgos_upstream","coord_precision":"upstream","src_datasets":"165355|8572","n_src":2,"sub_code":"T0706","permit_status":"C01","inst_code":"BWG00308638","src_system":"長照機構暨長照人員相關管理資訊系統、無來源系統","attr_type":"私立","beds_approved":"161","target":"養護","licensed_at":"90.11.07","district":"大甲區","phone":"04-26760180"}},{"type":"Feature","geometry":{"type":"Point","coordinates":[120.668873,24.155912]},"properties":{"uid":"welfare_01824","name":"臺中市私立永和老人養護中心","welfare_class":"elderly_residential","address":"臺中市北區淡溝里016鄰西屯路一段250巷1號","city":"臺中市","coord_source":"tgos_upstream","coord_precision":"upstream","src_datasets":"165355|8572","n_src":2,"sub_code":"T0706","permit_status":"C01","inst_code":"BWG00308647","src_system":"長照機構暨長照人員相關管理資訊系統、無來源系統","attr_type":"私立","beds_approved":"49","target":"養護","licensed_at":"90.07.23","district":"北區","phone":"04-22030609"}},{"type":"Feature","geometry":{"type":"Point","coordinates":[120.702195,24.166803]},"properties":{"uid":"welfare_01825","name":"臺中市私立真善美老人長期照顧中心(養護型)","welfare_class":"elderly_residential","address":"臺中市北屯區三和里005鄰東山路一段50巷63號","city":"臺中市","coord_source":"tgos_upstream","coord_precision":"upstream","src_datasets":"165355|8572","n_src":2,"sub_code":"T0706","permit_status":"C01","inst_code":"BWG00308656","src_system":"長照機構暨長照人員相關管理資訊系統、無來源系統","attr_type":"私立","beds_approved":"49","target":"養護","licensed_at":"91.05.24","district":"北屯區","phone":"04-24363201 04-24369228"}},{"type":"Feature","geometry":{"type":"Point","coordinates":[120.686831,24.203462]},"properties":{"uid":"welfare_01826","name":"臺中市私立長生老人養護中心","welfare_class":"elderly_residential","address":"臺中市北屯區仁美里001鄰崇德路三段942號","city":"臺中市","coord_source":"tgos_upstream","coord_precision":"upstream","src_datasets":"165355|8572","n_src":2,"sub_code":"T0706","permit_status":"C01","inst_code":"BWG00308665","src_system":"無來源系統、長照機構暨長照人員相關管理資訊系統","attr_type":"私立","beds_approved":"49","target":"養護","licensed_at":"87.07.18","district":"北屯區","phone":"04-24226226"}},{"type":"Feature","geometry":{"type":"Point","coordinates":[120.695852,24.022739]},"properties":{"uid":"welfare_01827","name":"臺中市私立健民老人長期照顧中心(養護型)","welfare_class":"elderly_residential","address":"臺中市霧峰區萬豐里007鄰中正路129號1樓","city":"臺中市","coord_source":"tgos_upstream","coord_precision":"upstream","src_datasets":"165355|8572","n_src":2,"sub_code":"T0706","permit_status":"C01","inst_code":"BWG00308674","src_system":"無來源系統、長照機構暨長照人員相關管理資訊系統","attr_type":"私立","beds_approved":"39","target":"養護","licensed_at":"96.01.09","district":"霧峰區","phone":"04-23328287"}},{"type":"Feature","geometry":{"type":"Point","coordinates":[120.679475,24.143982]},"properties":{"uid":"welfare_01828","name":"臺中市私立麗新老人長期照顧中心(養護型)","welfare_class":"elderly_residential","uni_no":"72420591","address":"臺中市中區柳川里成功路341號","city":"臺中市","coord_source":"tgos_upstream","coord_precision":"upstream","src_datasets":"165355","n_src":1,"sub_code":"T0706","permit_status":"C01","inst_code":"BWG00310347","src_system":"無來源系統、長照機構暨長照人員相關管理資訊系統"}},{"type":"Feature","geometry":{"type":"Point","coordinates":[120.679475,24.143982]},"properties":{"uid":"welfare_01829","name":"台中市私立麗安老人長期照顧中心(養護型)","welfare_class":"elderly_residential","address":"臺中市中區中華里024鄰成功路341號3、4樓","city":"臺中市","coord_source":"tgos_upstream","coord_precision":"upstream","src_datasets":"165355|8572","n_src":2,"sub_code":"T0706","permit_status":"C01","inst_code":"BWG00310356","src_system":"無來源系統、長照機構暨長照人員相關管理資訊系統","attr_type":"私立","beds_approved":"48","target":"長照\n養護","licensed_at":"103.03.06","district":"中區","phone":"04-22250345"}},{"type":"Feature","geometry":{"type":"Point","coordinates":[120.656116,24.155871]},"properties":{"uid":"welfare_01830","name":"臺中市私立長庚老人養護中心","welfare_class":"elderly_residential","address":"臺中市西區忠誠里029鄰精誠路72號3、4樓","city":"臺中市","coord_source":"tgos_upstream","coord_precision":"upstream","src_datasets":"165355|8572","n_src":2,"sub_code":"T0706","permit_status":"C01","inst_code":"BWG00310365","src_system":"長照機構暨長照人員相關管理資訊系統、無來源系統","attr_type":"私立","beds_approved":"40","target":"養護","licensed_at":"91.01.28","district":"西區","phone":"04-23103586"}},{"type":"Feature","geometry":{"type":"Point","coordinates":[120.695263,24.142184]},"properties":{"uid":"welfare_01831","name":"臺中市私立敬馨老人長期照顧中心(養護型)","welfare_class":"elderly_residential","address":"臺中市東區旱溪里019鄰自由路三段314巷12號","city":"臺中市","coord_source":"offline_l1","coord_precision":"cached","src_datasets":"165355|8572","n_src":2,"sub_code":"T0706","permit_status":"C01","inst_code":"BWG00310374","src_system":"長照機構暨長照人員相關管理資訊系統、無來源系統","attr_type":"私立","beds_approved":"49","target":"養護","licensed_at":"104.12.16","district":"東區","phone":"04-22116802"}},{"type":"Feature","geometry":{"type":"Point","coordinates":[120.559314,24.25464]},"properties":{"uid":"welfare_01832","name":"財團法人臺中市私立好耆老人長期照顧中心(養護型)","welfare_class":"elderly_residential","address":"臺中市梧棲區南簡里027鄰星美路197號","city":"臺中市","coord_source":"tgos_upstream","coord_precision":"upstream","src_datasets":"165355|8572","n_src":2,"sub_code":"T0706","permit_status":"C01","inst_code":"BWG00310383","src_system":"長照機構暨長照人員相關管理資訊系統、無來源系統","attr_type":"私立","beds_approved":"82","target":"養護","licensed_at":"105.05.22","district":"梧棲區","phone":"04-26630197"}},{"type":"Feature","geometry":{"type":"Point","coordinates":[120.736999,24.259861]},"properties":{"uid":"welfare_01833","name":"臺中市私立健安老人養護中心","welfare_class":"elderly_residential","address":"臺中市豐原區南田里011鄰南田街41號","city":"臺中市","coord_source":"tgos_upstream","coord_precision":"upstream","src_datasets":"165355|8572","n_src":2,"sub_code":"T0706","permit_status":"C01","inst_code":"BWG00310392","src_system":"長照機構暨長照人員相關管理資訊系統、無來源系統","attr_type":"私立","beds_approved":"49","target":"養護","licensed_at":"90.04.10","district":"豐原區","phone":"04-25255777"}},{"type":"Feature","geometry":{"type":"Point","coordinates":[120.653857,24.146509]},"properties":{"uid":"welfare_01834","name":"台中市私立大墩老人養護中心","welfare_class":"elderly_residential","address":"臺中市西區公正里011鄰向上路一段451號3~6樓","city":"臺中市","coord_source":"tgos_upstream","coord_precision":"upstream","src_datasets":"165355|8572","n_src":2,"sub_code":"T0706","permit_status":"C01","inst_code":"BWG00310400","src_system":"長照機構暨長照人員相關管理資訊系統、無來源系統","attr_type":"私立","beds_approved":"48","target":"養護","licensed_at":"90.02.21","district":"西區","phone":"04-24735983 04-24716768"}},{"type":"Feature","geometry":{"type":"Point","coordinates":[120.597339,24.188534]},"properties":{"uid":"welfare_01835","name":"財團法人臺中市私立普濟社會福利慈善事業基金會附設臺中市私立普濟老人長期照顧中心(養護型)","welfare_class":"elderly_residential","address":"臺中市龍井區東海里006鄰遠東街209巷2號","city":"臺中市","coord_source":"tgos_upstream","coord_precision":"upstream","src_datasets":"165355|8572","n_src":2,"sub_code":"T0706","permit_status":"C01","inst_code":"BWG00310419","src_system":"無來源系統、長照機構暨長照人員相關管理資訊系統","attr_type":"私立","beds_approved":"46","target":"養護","licensed_at":"95.11.20","district":"龍井區","phone":"04-26522166"}},{"type":"Feature","geometry":{"type":"Point","coordinates":[120.733929,24.255365]},"properties":{"uid":"welfare_01836","name":"臺中市私立豐原長生老人養護中心","welfare_class":"elderly_residential","address":"臺中市豐原區南村里017鄰水源路407號","city":"臺中市","coord_source":"offline_l2","coord_precision":"exact","src_datasets":"165355|8572","n_src":2,"sub_code":"T0706","permit_status":"C01","inst_code":"BWG00310428","src_system":"長照機構暨長照人員相關管理資訊系統、無來源系統","attr_type":"私立","beds_approved":"49","target":"養護","licensed_at":"91.09.13","district":"豐原區","phone":"04-25151111"}},{"type":"Feature","geometry":{"type":"Point","coordinates":[120.607361,24.125451]},"properties":{"uid":"welfare_01837","name":"臺中市私立昇柏老人養護中心","welfare_class":"elderly_residential","address":"臺中市烏日區學田里001鄰學田路732號","city":"臺中市","coord_source":"tgos_upstream","coord_precision":"upstream","src_datasets":"165355|8572","n_src":2,"sub_code":"T0706","permit_status":"C01","inst_code":"BWG00310437","src_system":"長照機構暨長照人員相關管理資訊系統","attr_type":"私立","beds_approved":"34","target":"養護","licensed_at":"93.11.24","district":"烏日區","phone":"04-23381438"}},{"type":"Feature","geometry":{"type":"Point","coordinates":[120.69341,24.328728]},"properties":{"uid":"welfare_01838","name":"財團法人臺中市私立廣達社會福利慈善事業基金會附設臺中市私立廣達老人長期照顧中心(養護型)","welfare_class":"elderly_residential","address":"臺中市外埔區六分里009鄰月眉西路398巷100號","city":"臺中市","coord_source":"tgos_upstream","coord_precision":"upstream","src_datasets":"165355|8572","n_src":2,"sub_code":"T0706","permit_status":"C01","inst_code":"BWG00310446","src_system":"長照機構暨長照人員相關管理資訊系統、無來源系統","attr_type":"私立","beds_approved":"200","target":"養護","licensed_at":"94.12.14","district":"外埔區","phone":"04-26836161"}},{"type":"Feature","geometry":{"type":"Point","coordinates":[120.624531,24.352579]},"properties":{"uid":"welfare_01839","name":"臺中市私立永和老人長期照顧中心(養護型)","welfare_class":"elderly_residential","address":"臺中市大甲區文武里001鄰育英路128號","city":"臺中市","coord_source":"offline_l2","coord_precision":"exact","src_datasets":"165355|8572","n_src":2,"sub_code":"T0706","permit_status":"C01","inst_code":"BWG00310464","src_system":"長照機構暨長照人員相關管理資訊系統、無來源系統","attr_type":"私立","beds_approved":"48","target":"養護","licensed_at":"98.03.12","district":"大甲區","phone":"04-26870788"}},{"type":"Feature","geometry":{"type":"Point","coordinates":[120.530095,24.24269]},"properties":{"uid":"welfare_01840","name":"臺中市私立育沛老人長期照顧中心(養護型)","welfare_class":"elderly_residential","address":"臺中市梧棲區草湳里21鄰自強三街96巷8號","city":"臺中市","coord_source":"tgos_upstream","coord_precision":"upstream","src_datasets":"165355|8572","n_src":2,"sub_code":"T0706","permit_status":"C01","inst_code":"BWG00310473","src_system":"無來源系統、長照機構暨長照人員相關管理資訊系統","attr_type":"私立","beds_approved":"26","target":"養護","licensed_at":"98.03.25","district":"梧棲區","phone":"04-26392378"}},{"type":"Feature","geometry":{"type":"Point","coordinates":[120.693657,24.147378]},"properties":{"uid":"welfare_01841","name":"臺中市私立德康老人長期照顧中心(養護型)","welfare_class":"elderly_residential","address":"臺中市東區東勢里021鄰玉皇街63號3~5樓","city":"臺中市","coord_source":"offline_l15","coord_precision":"interpolated","src_datasets":"165355|8572","n_src":2,"sub_code":"T0706","permit_status":"C01","inst_code":"BWG00310482","src_system":"長照機構暨長照人員相關管理資訊系統、無來源系統","attr_type":"私立","beds_approved":"49","target":"養護","licensed_at":"89.10.18","district":"東區","phone":"04-22154171"}},{"type":"Feature","geometry":{"type":"Point","coordinates":[120.76399,24.259177]},"properties":{"uid":"welfare_01842","name":"財團法人臺中市私立公老坪社會福利慈善事業基金會附設臺中市私立田園老人養護中心","welfare_class":"elderly_residential","address":"臺中市豐原區南嵩里014鄰水源路坪頂巷8-7號","city":"臺中市","coord_source":"tgos_upstream","coord_precision":"upstream","src_datasets":"165355|8572","n_src":2,"sub_code":"T0706","permit_status":"C01","inst_code":"BWG00310491","src_system":"長照機構暨長照人員相關管理資訊系統、無來源系統","attr_type":"私立","beds_approved":"200","target":"養護","licensed_at":"94.05.18","district":"豐原區","phone":"04-25220123"}},{"type":"Feature","geometry":{"type":"Point","coordinates":[120.625542,24.10252]},"properties":{"uid":"welfare_01843","name":"臺中市私立福碩老人長期照顧中心(養護型)","welfare_class":"elderly_residential","address":"臺中市烏日區烏日里020鄰一德街1號","city":"臺中市","coord_source":"tgos_upstream","coord_precision":"upstream","src_datasets":"165355|8572","n_src":2,"sub_code":"T0706","permit_status":"C01","inst_code":"BWG00310509","src_system":"無來源系統、長照機構暨長照人員相關管理資訊系統","attr_type":"私立","beds_approved":"47","target":"養護","licensed_at":"106.09.12","district":"烏日區","phone":"04-23386608"}},{"type":"Feature","geometry":{"type":"Point","coordinates":[120.68987,24.098331]},"properties":{"uid":"welfare_01844","name":"臺中市私立清心老人養護中心","welfare_class":"elderly_residential","address":"臺中市大里區大元里001鄰內元路158號","city":"臺中市","coord_source":"tgos_upstream","coord_precision":"upstream","src_datasets":"165355|8572","n_src":2,"sub_code":"T0706","permit_status":"C01","inst_code":"BWG00310518","src_system":"無來源系統、長照機構暨長照人員相關管理資訊系統","attr_type":"私立","beds_approved":"49","target":"養護","licensed_at":"90.03.20","district":"大里區","phone":"04-24864567"}},{"type":"Feature","geometry":{"type":"Point","coordinates":[120.680293,24.161864]},"properties":{"uid":"welfare_01845","name":"財團法人台中市順天宮輔順將軍廟附設私立輔順仁愛之家","welfare_class":"elderly_residential","address":"臺中市北區賴村里015鄰德化街362號","city":"臺中市","coord_source":"tgos_upstream","coord_precision":"upstream","src_datasets":"165355|8572","n_src":2,"sub_code":"T0708","permit_status":"C01","inst_code":"BWJ00304035","src_system":"無來源系統、長照機構暨長照人員相關管理資訊系統","attr_type":"私立","beds_approved":"170","target":"安養\n養護","licensed_at":"82.10.30","district":"北區","phone":"04-22030602"}},{"type":"Feature","geometry":{"type":"Point","coordinates":[121.726862,25.112777]},"properties":{"uid":"welfare_01936","name":"基隆市私立長青老人養護中心","welfare_class":"elderly_residential","address":"基隆市七堵區八德里5鄰八德路21號2樓及21之1號1樓","city":"基隆市","coord_source":"tgos_upstream","coord_precision":"upstream","src_datasets":"165355|8572","n_src":2,"sub_code":"T0706","permit_status":"C01","inst_code":"CWG00304875","src_system":"長照機構暨長照人員相關管理資訊系統","attr_type":"私立","beds_approved":"30","target":"養護","licensed_at":"88.6","district":"七堵區","phone":"02-24329690"}},{"type":"Feature","geometry":{"type":"Point","coordinates":[121.721135,25.094784]},"properties":{"uid":"welfare_01937","name":"基隆市私立宏安老人長期照顧中心(養護型)","welfare_class":"elderly_residential","address":"基隆市七堵區長興里29鄰東新街91號2樓","city":"基隆市","coord_source":"tgos_upstream","coord_precision":"upstream","src_datasets":"165355|8572","n_src":2,"sub_code":"T0706","permit_status":"C01","inst_code":"CWG00304884","src_system":"長照機構暨長照人員相關管理資訊系統","attr_type":"私立","beds_approved":"33","target":"養護","licensed_at":"103.8","district":"七堵區","phone":"02-24553517"}},{"type":"Feature","geometry":{"type":"Point","coordinates":[121.695634,25.085999]},"properties":{"uid":"welfare_01938","name":"基隆市私立健慈老人長期照顧中心（養護型）","welfare_class":"elderly_residential","address":"基隆市七堵區堵北里14鄰福2街205號","city":"基隆市","coord_source":"tgos_upstream","coord_precision":"upstream","src_datasets":"165355|8572","n_src":2,"sub_code":"T0706","permit_status":"C01","inst_code":"CWG00304893","src_system":"長照機構暨長照人員相關管理資訊系統","attr_type":"私立","beds_approved":"46","target":"養護","licensed_at":"98.12","district":"七堵區","phone":"02-24526532"}},{"type":"Feature","geometry":{"type":"Point","coordinates":[121.763054,25.143601]},"properties":{"uid":"welfare_01939","name":"基隆市私立宏欣老人養護中心","welfare_class":"elderly_residential","address":"基隆市中正區正砂里5鄰正榮街28之6號2樓.50號1樓.51號1樓","city":"基隆市","coord_source":"google","coord_precision":"exact","src_datasets":"165355|8572","n_src":2,"sub_code":"T0706","permit_status":"C01","inst_code":"CWG00304901","src_system":"長照機構暨長照人員相關管理資訊系統","attr_type":"私立","beds_approved":"24","target":"養護","licensed_at":"88.1","district":"中正區","phone":"02-24620285"}},{"type":"Feature","geometry":{"type":"Point","coordinates":[121.739093,25.130503]},"properties":{"uid":"welfare_01940","name":"基隆市私立慈安老人長期照顧中心（養護型）","welfare_class":"elderly_residential","address":"基隆市仁愛區文昌里6鄰忠二路55號4樓","city":"基隆市","coord_source":"tgos_upstream","coord_precision":"upstream","src_datasets":"165355|8572","n_src":2,"sub_code":"T0706","permit_status":"C01","inst_code":"CWG00304910","src_system":"長照機構暨長照人員相關管理資訊系統","attr_type":"私立","beds_approved":"31","target":"養護","licensed_at":"98.7","district":"仁愛區","phone":"02-24276592"}},{"type":"Feature","geometry":{"type":"Point","coordinates":[121.739093,25.130503]},"properties":{"uid":"welfare_01941","name":"基隆市私立仁安老人長期照顧中心（養護型）","welfare_class":"elderly_residential","address":"基隆市仁愛區文昌里6鄰忠二路55號5樓","city":"基隆市","coord_source":"tgos_upstream","coord_precision":"upstream","src_datasets":"165355|8572","n_src":2,"sub_code":"T0706","permit_status":"C01","inst_code":"CWG00304929","src_system":"長照機構暨長照人員相關管理資訊系統","attr_type":"私立","beds_approved":"31","target":"養護","licensed_at":"98.7","district":"仁愛區","phone":"02-24276692"}},{"type":"Feature","geometry":{"type":"Point","coordinates":[121.739431,25.127943]},"properties":{"uid":"welfare_01942","name":"基隆市私立逸嘉老人長期照顧中心（養護型）","welfare_class":"elderly_residential","address":"基隆市仁愛區同風里11鄰忠4路13號7樓","city":"基隆市","coord_source":"tgos_upstream","coord_precision":"upstream","src_datasets":"165355|8572","n_src":2,"sub_code":"T0706","permit_status":"C01","inst_code":"CWG00304938","src_system":"長照機構暨長照人員相關管理資訊系統","attr_type":"私立","beds_approved":"39","target":"養護","licensed_at":"98.8","district":"仁愛區","phone":"02-24288092"}},{"type":"Feature","geometry":{"type":"Point","coordinates":[121.717999,25.126667]},"properties":{"uid":"welfare_01943","name":"基隆市私立志心老人長期照顧中心(養護型)","welfare_class":"elderly_residential","address":"基隆市安樂區六合里24鄰樂利三街189號.193號1樓","city":"基隆市","coord_source":"tgos_upstream","coord_precision":"upstream","src_datasets":"165355|8572","n_src":2,"sub_code":"T0706","permit_status":"C01","inst_code":"CWG00304947","src_system":"長照機構暨長照人員相關管理資訊系統","attr_type":"私立","beds_approved":"24","target":"養護","licensed_at":"89.5","district":"安樂區","phone":"02-24323059"}},{"type":"Feature","geometry":{"type":"Point","coordinates":[121.714406,25.127763]},"properties":{"uid":"welfare_01944","name":"基隆市私立安安老人養護中心","welfare_class":"elderly_residential","address":"基隆市安樂區六合里24鄰樂利三街201號.203號1樓","city":"基隆市","coord_source":"tgos_upstream","coord_precision":"upstream","src_datasets":"165355|8572","n_src":2,"sub_code":"T0706","permit_status":"C01","inst_code":"CWG00304956","src_system":"長照機構暨長照人員相關管理資訊系統","attr_type":"私立","beds_approved":"20","target":"養護","licensed_at":"89.7","district":"安樂區","phone":"02-24337079"}},{"type":"Feature","geometry":{"type":"Point","coordinates":[121.733718,25.133683]},"properties":{"uid":"welfare_01945","name":"基隆市私立祝安老人長期照顧中心(養護型)","welfare_class":"elderly_residential","address":"基隆市安樂區定國里2鄰定國街11巷49.50.51號2樓","city":"基隆市","coord_source":"tgos_upstream","coord_precision":"upstream","src_datasets":"165355|8572","n_src":2,"sub_code":"T0706","permit_status":"C01","inst_code":"CWG00304965","src_system":"長照機構暨長照人員相關管理資訊系統","attr_type":"私立","beds_approved":"24","target":"養護","licensed_at":"89.5","district":"安樂區","phone":"02-24213300"}},{"type":"Feature","geometry":{"type":"Point","coordinates":[121.708055,25.145693]},"properties":{"uid":"welfare_01946","name":"基隆市私立順逸老人長期照顧中心(養護型)","welfare_class":"elderly_residential","address":"基隆市安樂區新崙里22鄰基金一路210巷58號","city":"基隆市","coord_source":"tgos_upstream","coord_precision":"upstream","src_datasets":"165355|8572","n_src":2,"sub_code":"T0706","permit_status":"C01","inst_code":"CWG00304974","src_system":"長照機構暨長照人員相關管理資訊系統","attr_type":"私立","beds_approved":"49","target":"養護","licensed_at":"90.5","district":"安樂區","phone":"02-24340129"}},{"type":"Feature","geometry":{"type":"Point","coordinates":[121.777743,25.135145]},"properties":{"uid":"welfare_01947","name":"基隆市私立深美老人長期照顧中心(養護型)","welfare_class":"elderly_residential","address":"基隆市信義區教忠里20鄰教忠街37號","city":"基隆市","coord_source":"tgos_upstream","coord_precision":"upstream","src_datasets":"165355|8572","n_src":2,"sub_code":"T0706","permit_status":"C01","inst_code":"CWG00304983","src_system":"長照機構暨長照人員相關管理資訊系統","attr_type":"私立","beds_approved":"33","target":"養護","licensed_at":"104.4","district":"信義區","phone":"02-24685311"}},{"type":"Feature","geometry":{"type":"Point","coordinates":[121.777617,25.134352]},"properties":{"uid":"welfare_01948","name":"基隆市私立康富老人長期照顧中心（養護型）","welfare_class":"elderly_residential","address":"基隆市信義區教忠里20鄰教忠街48號1-4樓","city":"基隆市","coord_source":"tgos_upstream","coord_precision":"upstream","src_datasets":"165355|8572","n_src":2,"sub_code":"T0706","permit_status":"C01","inst_code":"CWG00304992","src_system":"長照機構暨長照人員相關管理資訊系統","attr_type":"私立","beds_approved":"48","target":"養護","licensed_at":"99.2","district":"信義區","phone":"02-24669917"}},{"type":"Feature","geometry":{"type":"Point","coordinates":[121.779427,25.135915]},"properties":{"uid":"welfare_01949","name":"基隆市私立尚暉老人長期照顧中心(養護型)","welfare_class":"elderly_residential","address":"基隆市信義區教忠里21鄰深美街121號1至4樓","city":"基隆市","coord_source":"tgos_upstream","coord_precision":"upstream","src_datasets":"165355|8572","n_src":2,"sub_code":"T0706","permit_status":"C01","inst_code":"CWG00305009","src_system":"長照機構暨長照人員相關管理資訊系統","attr_type":"私立","beds_approved":"44","target":"養護","licensed_at":"102.1","district":"信義區","phone":"02-24663099"}},{"type":"Feature","geometry":{"type":"Point","coordinates":[121.745581,25.130633]},"properties":{"uid":"welfare_01950","name":"基隆市私立健安老人長期照顧中心(養護型)","welfare_class":"elderly_residential","address":"基隆市信義區德義里5鄰義2路2巷9號、13號3樓","city":"基隆市","coord_source":"tgos_upstream","coord_precision":"upstream","src_datasets":"165355|8572","n_src":2,"sub_code":"T0706","permit_status":"C01","inst_code":"CWG00305018","src_system":"長照機構暨長照人員相關管理資訊系統","attr_type":"私立","beds_approved":"22","target":"養護","licensed_at":"102.4","district":"中正區","phone":"02-24229001"}},{"type":"Feature","geometry":{"type":"Point","coordinates":[121.761421,25.127573]},"properties":{"uid":"welfare_01951","name":"基隆市私立惠安老人養護中心","welfare_class":"elderly_residential","address":"基隆市信義區禮儀里16鄰東明路97號2樓","city":"基隆市","coord_source":"tgos_upstream","coord_precision":"upstream","src_datasets":"165355|8572","n_src":2,"sub_code":"T0706","permit_status":"C01","inst_code":"CWG00305027","src_system":"長照機構暨長照人員相關管理資訊系統","attr_type":"私立","beds_approved":"35","target":"養護","licensed_at":"89.3","district":"信義區","phone":"02-24662899"}},{"type":"Feature","geometry":{"type":"Point","coordinates":[121.756405,25.098651]},"properties":{"uid":"welfare_01952","name":"基隆市私立祥瑞老人長期照顧中心(養護型)","welfare_class":"elderly_residential","address":"基隆市暖暖區碇安里源遠路280巷126號4樓.5樓、128號4樓.5樓","city":"基隆市","coord_source":"tgos_upstream","coord_precision":"upstream","src_datasets":"165355|8572","n_src":2,"sub_code":"T0706","permit_status":"C01","inst_code":"CWG00305036","src_system":"長照機構暨長照人員相關管理資訊系統","attr_type":"私立","beds_approved":"23","target":"養護","licensed_at":"91.1","district":"暖暖區","phone":"02-24588935"}},{"type":"Feature","geometry":{"type":"Point","coordinates":[121.779321,25.135984]},"properties":{"uid":"welfare_01953","name":"基隆市私立春暉老人長期照顧中心(養護型)","welfare_class":"elderly_residential","address":"基隆市信義區教忠里21鄰深美街123號1至4樓","city":"基隆市","coord_source":"tgos_upstream","coord_precision":"upstream","src_datasets":"165355|8572","n_src":2,"sub_code":"T0706","permit_status":"C01","inst_code":"CWG00308321","src_system":"長照機構暨長照人員相關管理資訊系統","attr_type":"私立","beds_approved":"44","target":"養護","licensed_at":"102.1","district":"信義區","phone":"02-24622128"}},{"type":"Feature","geometry":{"type":"Point","coordinates":[121.696025,25.157046]},"properties":{"uid":"welfare_01954","name":"基隆市私立福慧老人長期照顧中心（養護型）","welfare_class":"elderly_residential","address":"基隆市安樂區武聖街內寮里3鄰12號","city":"基隆市","coord_source":"tgos_upstream","coord_precision":"upstream","src_datasets":"165355|8572","n_src":2,"sub_code":"T0706","permit_status":"C01","inst_code":"CWG00308844","src_system":"長照機構暨長照人員相關管理資訊系統","attr_type":"私立","beds_approved":"31","target":"養護","licensed_at":"100.1","district":"安樂區","phone":"02-24320418"}},{"type":"Feature","geometry":{"type":"Point","coordinates":[121.757119,25.14093]},"properties":{"uid":"welfare_01955","name":"基隆市私立祥安老人長期照顧中心（養護型）","welfare_class":"elderly_residential","address":"基隆市中正區正砂里19鄰中正路99號2樓、2樓之1、2樓之2","city":"基隆市","coord_source":"tgos_upstream","coord_precision":"upstream","src_datasets":"165355|8572","n_src":2,"sub_code":"T0706","permit_status":"C01","inst_code":"CWG00308853","src_system":"長照機構暨長照人員相關管理資訊系統","attr_type":"私立","beds_approved":"30","target":"養護","licensed_at":"100.1","district":"中正區","phone":"02-24629990"}},{"type":"Feature","geometry":{"type":"Point","coordinates":[121.763732,25.158021]},"properties":{"uid":"welfare_01956","name":"基隆市私立中正老人養護中心","welfare_class":"elderly_residential","address":"基隆市中正區平寮里14鄰平一路274號2-4樓.276號2-4樓","city":"基隆市","coord_source":"tgos_upstream","coord_precision":"upstream","src_datasets":"165355|8572","n_src":2,"sub_code":"T0706","permit_status":"C01","inst_code":"CWG00308862","src_system":"長照機構暨長照人員相關管理資訊系統","attr_type":"私立","beds_approved":"47","target":"養護","licensed_at":"94.1","district":"中正區","phone":"02-24637000"}},{"type":"Feature","geometry":{"type":"Point","coordinates":[121.746,25.128855]},"properties":{"uid":"welfare_01957","name":"基隆市私立聯安老人長期照顧中心（養護型）","welfare_class":"elderly_residential","address":"基隆市仁愛區和明里7鄰愛五路34號7樓","city":"基隆市","coord_source":"tgos_upstream","coord_precision":"upstream","src_datasets":"165355|8572","n_src":2,"sub_code":"T0706","permit_status":"C01","inst_code":"CWG00309375","src_system":"長照機構暨長照人員相關管理資訊系統","attr_type":"私立","beds_approved":"47","target":"養護","licensed_at":"100.2","district":"仁愛區","phone":"02-24241071"}},{"type":"Feature","geometry":{"type":"Point","coordinates":[121.72741,25.134231]},"properties":{"uid":"welfare_01958","name":"基隆市立仁愛之家養護大樓","welfare_class":"elderly_residential","uni_no":"87386023","address":"基隆市安樂區干城里安一路370巷1-5號","city":"基隆市","coord_source":"tgos_upstream","coord_precision":"upstream","src_datasets":"165355","n_src":1,"sub_code":"T0706","permit_status":"C01","inst_code":"CWG00309537","src_system":"長照機構暨長照人員相關管理資訊系統"}},{"type":"Feature","geometry":{"type":"Point","coordinates":[121.738649,25.095841]},"properties":{"uid":"welfare_01959","name":"基隆市私立松濤老人長期照顧中心(養護型)","welfare_class":"elderly_residential","address":"基隆市暖暖區暖西里17鄰東勢街6之46號4樓","city":"基隆市","coord_source":"tgos_upstream","coord_precision":"upstream","src_datasets":"165355|8572","n_src":2,"sub_code":"T0706","permit_status":"C01","inst_code":"CWG00309997","src_system":"長照機構暨長照人員相關管理資訊系統","attr_type":"私立","beds_approved":"40","target":"養護","licensed_at":"102.1","district":"暖暖區","phone":"02-24571397"}},{"type":"Feature","geometry":{"type":"Point","coordinates":[121.710973,25.09525]},"properties":{"uid":"welfare_01960","name":"基隆市私立無量壽老人養護中心","welfare_class":"elderly_residential","address":"基隆市七堵區正明里14鄰開元路138號2至5樓及140號1至5樓","city":"基隆市","coord_source":"tgos_upstream","coord_precision":"upstream","src_datasets":"165355|8572","n_src":2,"sub_code":"T0706","permit_status":"C01","inst_code":"CWG00310003","src_system":"長照機構暨長照人員相關管理資訊系統","attr_type":"私立","beds_approved":"43","target":"養護","licensed_at":"92.1","district":"七堵區","phone":"02-24555167"}},{"type":"Feature","geometry":{"type":"Point","coordinates":[121.694857,25.084557]},"properties":{"uid":"welfare_01961","name":"基隆市私立愛心老人長期照顧中心(養護型)","welfare_class":"elderly_residential","address":"基隆市七堵區堵北里16鄰福一街162號2樓","city":"基隆市","coord_source":"tgos_upstream","coord_precision":"upstream","src_datasets":"165355|8572","n_src":2,"sub_code":"T0706","permit_status":"C01","inst_code":"CWG00310012","src_system":"長照機構暨長照人員相關管理資訊系統","attr_type":"私立","beds_approved":"42","target":"養護","licensed_at":"103.5.1","district":"七堵區","phone":"02-24524532"}},{"type":"Feature","geometry":{"type":"Point","coordinates":[121.752447,25.098033]},"properties":{"uid":"welfare_01962","name":"財團法人基隆市私立博愛仁愛之家","welfare_class":"elderly_residential","address":"基隆市暖暖區碇內里15鄰源遠路254號","city":"基隆市","coord_source":"tgos_upstream","coord_precision":"upstream","src_datasets":"165355|8572","n_src":2,"sub_code":"T0708","permit_status":"C01","inst_code":"CWJ00305042","src_system":"長照機構暨長照人員相關管理資訊系統","attr_type":"私立","beds_approved":"317","target":"安養\n養護","licensed_at":"66.9","district":"暖暖區","phone":"02-24578214"}},{"type":"Feature","geometry":{"type":"Point","coordinates":[120.477272,23.343086]},"properties":{"uid":"welfare_02439","name":"國軍退除役官兵輔導委員會白河榮譽國民之家","welfare_class":"elderly_residential","uni_no":"71805788","address":"臺南市白河區仙草63號","city":"臺南市","coord_source":"tgos_upstream","coord_precision":"upstream","src_datasets":"165355","n_src":1,"sub_code":"T0605","permit_status":"C04","inst_code":"DFE00347227","src_system":"長照機構暨長照人員相關管理資訊系統"}},{"type":"Feature","geometry":{"type":"Point","coordinates":[120.123064,23.104616]},"properties":{"uid":"welfare_02440","name":"國軍退除役官兵輔導委員會佳里榮譽國民之家","welfare_class":"elderly_residential","uni_no":"74721159","address":"臺南市七股區三股里147號","city":"臺南市","coord_source":"tgos_upstream","coord_precision":"upstream","src_datasets":"165355","n_src":1,"sub_code":"T0605","permit_status":"C04","inst_code":"DFE00347236","src_system":"長照機構暨長照人員相關管理資訊系統"}},{"type":"Feature","geometry":{"type":"Point","coordinates":[120.217858,22.979023]},"properties":{"uid":"welfare_02441","name":"國軍退除役官兵輔導委員會臺南榮譽國民之家","welfare_class":"elderly_residential","uni_no":"69106014","address":"臺南市東區崇明路190號","city":"臺南市","coord_source":"tgos_upstream","coord_precision":"upstream","src_datasets":"165355","n_src":1,"sub_code":"T0605","permit_status":"C04","inst_code":"DFE00347245","src_system":"長照機構暨長照人員相關管理資訊系統"}},{"type":"Feature","geometry":{"type":"Point","coordinates":[120.19562,23.225819]},"properties":{"uid":"welfare_02612","name":"臺南市私立樂健心邨老人長期照顧中心(養護型)","welfare_class":"elderly_residential","uni_no":"14932433","address":"臺南市學甲區豐和里美和4之53號","city":"臺南市","coord_source":"tgos_upstream","coord_precision":"upstream","src_datasets":"165355","n_src":1,"sub_code":"T0706","permit_status":"C01","inst_code":"DWG00303271","src_system":"長照機構暨長照人員相關管理資訊系統"}},{"type":"Feature","geometry":{"type":"Point","coordinates":[120.176554,23.243022]},"properties":{"uid":"welfare_02613","name":"臺南市私立學甲老人養護中心","welfare_class":"elderly_residential","address":"臺南市學甲區秀昌里煥昌140-52號","city":"臺南市","coord_source":"tgos_upstream","coord_precision":"upstream","src_datasets":"165355|8572","n_src":2,"sub_code":"T0706","permit_status":"C01","inst_code":"DWG00303280","src_system":"長照機構暨長照人員相關管理資訊系統","attr_type":"私立","beds_approved":"49","target":"養護","licensed_at":"95.11.08","district":"學甲區","phone":"06-7820353"}},{"type":"Feature","geometry":{"type":"Point","coordinates":[120.344264,23.377713]},"properties":{"uid":"welfare_02614","name":"臺南市私立存德老人養護中心","welfare_class":"elderly_residential","address":"臺南市後壁區菁豐里1之4號","city":"臺南市","coord_source":"tgos_upstream","coord_precision":"upstream","src_datasets":"165355|8572","n_src":2,"sub_code":"T0706","permit_status":"C01","inst_code":"DWG00303299","src_system":"長照機構暨長照人員相關管理資訊系統","attr_type":"私立","beds_approved":"45","target":"養護","licensed_at":"91.06.24","district":"後壁區","phone":"06-6623588"}},{"type":"Feature","geometry":{"type":"Point","coordinates":[120.251176,23.231673]},"properties":{"uid":"welfare_02615","name":"臺南市私立和平老人長期照顧中心(養護型)","welfare_class":"elderly_residential","address":"臺南市下營區仁里里工業街2巷19號","city":"臺南市","coord_source":"tgos_upstream","coord_precision":"upstream","src_datasets":"165355|8572","n_src":2,"sub_code":"T0706","permit_status":"C01","inst_code":"DWG00303307","src_system":"長照機構暨長照人員相關管理資訊系統","attr_type":"私立","beds_approved":"48","target":"養護","licensed_at":"93.07.13","district":"下營區","phone":"06-6898268"}},{"type":"Feature","geometry":{"type":"Point","coordinates":[120.20686,22.989829]},"properties":{"uid":"welfare_02616","name":"臺南市私立祐健老人長期照顧中心(養護型)","welfare_class":"elderly_residential","address":"臺南市中西區開山路90號2、3樓","city":"臺南市","coord_source":"tgos_upstream","coord_precision":"upstream","src_datasets":"165355|8572","n_src":2,"sub_code":"T0706","permit_status":"C01","inst_code":"DWG00303316","src_system":"長照機構暨長照人員相關管理資訊系統","attr_type":"私立","beds_approved":"41","target":"養護","licensed_at":"89.11.10","district":"中西區","phone":"06-2260303"}},{"type":"Feature","geometry":{"type":"Point","coordinates":[120.192623,23.001007]},"properties":{"uid":"welfare_02617","name":"臺南市私立慈心老人長期照顧中心(養護型)","welfare_class":"elderly_residential","address":"臺南市中西區臨安路1段193號1~2樓","city":"臺南市","coord_source":"tgos_upstream","coord_precision":"upstream","src_datasets":"165355|8572","n_src":2,"sub_code":"T0706","permit_status":"C01","inst_code":"DWG00303325","src_system":"長照機構暨長照人員相關管理資訊系統","attr_type":"私立","beds_approved":"42","target":"養護","licensed_at":"105.07.06","district":"中西區","phone":"06-2586999"}},{"type":"Feature","geometry":{"type":"Point","coordinates":[120.192623,23.001007]},"properties":{"uid":"welfare_02618","name":"臺南市私立慈恩老人長期照顧中心(養護型)","welfare_class":"elderly_residential","address":"臺南市中西區臨安路1段193號3-4樓","city":"臺南市","coord_source":"tgos_upstream","coord_precision":"upstream","src_datasets":"165355|8572","n_src":2,"sub_code":"T0706","permit_status":"C01","inst_code":"DWG00303334","src_system":"長照機構暨長照人員相關管理資訊系統","attr_type":"私立","beds_approved":"49","target":"養護","licensed_at":"105.09.07","district":"中西區","phone":"06-2501843"}},{"type":"Feature","geometry":{"type":"Point","coordinates":[120.187611,22.994723]},"properties":{"uid":"welfare_02619","name":"臺南市私立慈善老人長期照顧中心(養護型)","welfare_class":"elderly_residential","address":"臺南市中西區府前一街9巷12弄77、79號","city":"臺南市","coord_source":"tgos_upstream","coord_precision":"upstream","src_datasets":"165355|8572","n_src":2,"sub_code":"T0706","permit_status":"C01","inst_code":"DWG00303343","src_system":"長照機構暨長照人員相關管理資訊系統","attr_type":"私立","beds_approved":"45","target":"養護","licensed_at":"107.01.05","district":"中西區","phone":"06-2994591"}},{"type":"Feature","geometry":{"type":"Point","coordinates":[120.237568,22.973953]},"properties":{"uid":"welfare_02620","name":"台南市私立佑惠老人養護中心","welfare_class":"elderly_residential","address":"臺南市東區自由路2段176號1-2樓","city":"臺南市","coord_source":"tgos_upstream","coord_precision":"upstream","src_datasets":"165355|8572","n_src":2,"sub_code":"T0706","permit_status":"C01","inst_code":"DWG00303352","src_system":"長照機構暨長照人員相關管理資訊系統","attr_type":"私立","beds_approved":"21","target":"養護","licensed_at":"95.04.28","district":"東區","phone":"06-2695457"}},{"type":"Feature","geometry":{"type":"Point","coordinates":[120.236147,22.964829]},"properties":{"uid":"welfare_02621","name":"台南市私立崇善老人養護中心","welfare_class":"elderly_residential","address":"臺南市東區崇善路1089巷57號","city":"臺南市","coord_source":"tgos_upstream","coord_precision":"upstream","src_datasets":"165355|8572","n_src":2,"sub_code":"T0706","permit_status":"C01","inst_code":"DWG00303361","src_system":"長照機構暨長照人員相關管理資訊系統","attr_type":"私立","beds_approved":"45","target":"養護","licensed_at":"89.08.18","district":"東區","phone":"06-3364911"}},{"type":"Feature","geometry":{"type":"Point","coordinates":[120.231314,22.968634]},"properties":{"uid":"welfare_02622","name":"台南市私立中華老人養護中心","welfare_class":"elderly_residential","address":"臺南市東區崇善路741號","city":"臺南市","coord_source":"tgos_upstream","coord_precision":"upstream","src_datasets":"165355|8572","n_src":2,"sub_code":"T0706","permit_status":"C01","inst_code":"DWG00303370","src_system":"長照機構暨長照人員相關管理資訊系統","attr_type":"私立","beds_approved":"18","target":"養護","licensed_at":"89.10.16","district":"東區","phone":"06-3356320"}},{"type":"Feature","geometry":{"type":"Point","coordinates":[120.226662,22.969325]},"properties":{"uid":"welfare_02623","name":"台南市私立平安老人養護中心","welfare_class":"elderly_residential","address":"臺南市東區崇明二十街23號","city":"臺南市","coord_source":"tgos_upstream","coord_precision":"upstream","src_datasets":"165355|8572","n_src":2,"sub_code":"T0706","permit_status":"C01","inst_code":"DWG00303389","src_system":"長照機構暨長照人員相關管理資訊系統","attr_type":"私立","beds_approved":"49","target":"養護","licensed_at":"95.11.13","district":"東區","phone":"06-2602050"}},{"type":"Feature","geometry":{"type":"Point","coordinates":[120.229155,22.972307]},"properties":{"uid":"welfare_02624","name":"台南市私立千慈老人養護中心","welfare_class":"elderly_residential","address":"臺南市東區崇道路139號","city":"臺南市","coord_source":"tgos_upstream","coord_precision":"upstream","src_datasets":"165355|8572","n_src":2,"sub_code":"T0706","permit_status":"C01","inst_code":"DWG00303398","src_system":"長照機構暨長照人員相關管理資訊系統","attr_type":"私立","beds_approved":"35","target":"養護","licensed_at":"95.05.29","district":"東區","phone":"06-2906407"}},{"type":"Feature","geometry":{"type":"Point","coordinates":[120.234142,22.967839]},"properties":{"uid":"welfare_02625","name":"臺南市私立臻德老人長期照顧中心(養護型)","welfare_class":"elderly_residential","address":"臺南市東區仁和路208巷27號","city":"臺南市","coord_source":"tgos_upstream","coord_precision":"upstream","src_datasets":"165355|8572","n_src":2,"sub_code":"T0706","permit_status":"C01","inst_code":"DWG00303406","src_system":"長照機構暨長照人員相關管理資訊系統","attr_type":"私立","beds_approved":"46","target":"養護","licensed_at":"105.04.20","district":"東區","phone":"06-2696828"}},{"type":"Feature","geometry":{"type":"Point","coordinates":[120.214097,22.967841]},"properties":{"uid":"welfare_02626","name":"臺南市私立國民老人長期照顧中心(養護型)","welfare_class":"elderly_residential","address":"臺南市南區國民路60巷9號","city":"臺南市","coord_source":"tgos_upstream","coord_precision":"upstream","src_datasets":"165355|8572","n_src":2,"sub_code":"T0706","permit_status":"C01","inst_code":"DWG00303415","src_system":"長照機構暨長照人員相關管理資訊系統","attr_type":"私立","beds_approved":"38","target":"養護","licensed_at":"100.10.03","district":"南區","phone":"06-2891829"}},{"type":"Feature","geometry":{"type":"Point","coordinates":[120.188743,22.982596]},"properties":{"uid":"welfare_02627","name":"台南市私立健康老人長期照顧中心(養護型)","welfare_class":"elderly_residential","address":"臺南市南區永南街20號","city":"臺南市","coord_source":"tgos_upstream","coord_precision":"upstream","src_datasets":"165355|8572","n_src":2,"sub_code":"T0706","permit_status":"C01","inst_code":"DWG00303424","src_system":"長照機構暨長照人員相關管理資訊系統","attr_type":"私立","beds_approved":"45","target":"養護","licensed_at":"99.04.21","district":"南區","phone":"06-2614516"}},{"type":"Feature","geometry":{"type":"Point","coordinates":[120.185661,22.983318]},"properties":{"uid":"welfare_02628","name":"台南市私立長生老人養護中心","welfare_class":"elderly_residential","address":"臺南市南區南功街36號","city":"臺南市","coord_source":"tgos_upstream","coord_precision":"upstream","src_datasets":"165355|8572","n_src":2,"sub_code":"T0706","permit_status":"C01","inst_code":"DWG00303433","src_system":"長照機構暨長照人員相關管理資訊系統","attr_type":"私立","beds_approved":"47","target":"養護","licensed_at":"91.09.30","district":"南區","phone":"06-2916098"}},{"type":"Feature","geometry":{"type":"Point","coordinates":[120.194536,22.977626]},"properties":{"uid":"welfare_02629","name":"臺南市私立樂活屋老人長期照顧中心(養護型)","welfare_class":"elderly_residential","address":"臺南市南區新興路173號","city":"臺南市","coord_source":"tgos_upstream","coord_precision":"upstream","src_datasets":"165355|8572","n_src":2,"sub_code":"T0706","permit_status":"C01","inst_code":"DWG00303442","src_system":"長照機構暨長照人員相關管理資訊系統","attr_type":"私立","beds_approved":"48","target":"養護","licensed_at":"101.04.23","district":"南區","phone":"06-2640777"}},{"type":"Feature","geometry":{"type":"Point","coordinates":[120.194643,22.959775]},"properties":{"uid":"welfare_02630","name":"臺南市私立永佳老人長期照顧中心(養護型)","welfare_class":"elderly_residential","address":"臺南市南區永成路2段827巷25弄28號3樓","city":"臺南市","coord_source":"tgos_upstream","coord_precision":"upstream","src_datasets":"165355|8572","n_src":2,"sub_code":"T0706","permit_status":"C01","inst_code":"DWG00303451","src_system":"長照機構暨長照人員相關管理資訊系統","attr_type":"私立","beds_approved":"24","target":"養護","licensed_at":"104.04.10","district":"南區","phone":"06-2960052"}},{"type":"Feature","geometry":{"type":"Point","coordinates":[120.213949,22.970077]},"properties":{"uid":"welfare_02631","name":"臺南市私立康得老人長期照顧中心(養護型)","welfare_class":"elderly_residential","address":"臺南市南區公英一街37巷26號","city":"臺南市","coord_source":"tgos_upstream","coord_precision":"upstream","src_datasets":"165355|8572","n_src":2,"sub_code":"T0706","permit_status":"C01","inst_code":"DWG00303460","src_system":"長照機構暨長照人員相關管理資訊系統","attr_type":"私立","beds_approved":"19","target":"養護","licensed_at":"105.02.22","district":"南區","phone":"06-2670027"}},{"type":"Feature","geometry":{"type":"Point","coordinates":[120.18203,22.937027]},"properties":{"uid":"welfare_02632","name":"臺南市私立森川老人長期照顧中心(養護型)","welfare_class":"elderly_residential","address":"臺南市南區喜東里12鄰明興路735巷31號","city":"臺南市","coord_source":"tgos_upstream","coord_precision":"upstream","src_datasets":"165355|8572","n_src":2,"sub_code":"T0706","permit_status":"C01","inst_code":"DWG00303479","src_system":"長照機構暨長照人員相關管理資訊系統","attr_type":"私立","beds_approved":"48","target":"養護","licensed_at":"107.02.07","district":"南區","phone":"06-2626009"}},{"type":"Feature","geometry":{"type":"Point","coordinates":[120.203688,23.019711]},"properties":{"uid":"welfare_02633","name":"臺南市私立佳和老人長期照顧中心(養護型)","welfare_class":"elderly_residential","address":"臺南市北區北成路350號","city":"臺南市","coord_source":"tgos_upstream","coord_precision":"upstream","src_datasets":"165355|8572","n_src":2,"sub_code":"T0706","permit_status":"C01","inst_code":"DWG00303488","src_system":"長照機構暨長照人員相關管理資訊系統","attr_type":"私立","beds_approved":"47","target":"養護","licensed_at":"105.04.14","district":"北區","phone":"06-2826717"}},{"type":"Feature","geometry":{"type":"Point","coordinates":[120.202731,22.999351]},"properties":{"uid":"welfare_02634","name":"臺南市私立宜家老人長期照顧中心(養護型)","welfare_class":"elderly_residential","address":"臺南市北區成功路246號","city":"臺南市","coord_source":"tgos_upstream","coord_precision":"upstream","src_datasets":"165355|8572","n_src":2,"sub_code":"T0706","permit_status":"C01","inst_code":"DWG00303497","src_system":"長照機構暨長照人員相關管理資訊系統","attr_type":"私立","beds_approved":"44","target":"養護","licensed_at":"105.04.06","district":"北區","phone":"06-2230861"}},{"type":"Feature","geometry":{"type":"Point","coordinates":[120.212703,23.016504]},"properties":{"uid":"welfare_02635","name":"臺南市私立正覺老人長期照顧中心(養護型)","welfare_class":"elderly_residential","address":"臺南市北區正覺街47號","city":"臺南市","coord_source":"tgos_upstream","coord_precision":"upstream","src_datasets":"165355|8572","n_src":2,"sub_code":"T0706","permit_status":"C01","inst_code":"DWG00303505","src_system":"長照機構暨長照人員相關管理資訊系統","attr_type":"私立","beds_approved":"48","target":"養護","licensed_at":"103.01.28","district":"北區","phone":"06-2525882"}},{"type":"Feature","geometry":{"type":"Point","coordinates":[120.182229,22.998497]},"properties":{"uid":"welfare_02636","name":"台南市私立馨心老人養護中心","welfare_class":"elderly_residential","address":"臺南市安平區安平路162號","city":"臺南市","coord_source":"tgos_upstream","coord_precision":"upstream","src_datasets":"165355|8572","n_src":2,"sub_code":"T0706","permit_status":"C01","inst_code":"DWG00303514","src_system":"長照機構暨長照人員相關管理資訊系統","attr_type":"私立","beds_approved":"25","target":"養護","licensed_at":"95.11.08","district":"安平區","phone":"06-2507032"}},{"type":"Feature","geometry":{"type":"Point","coordinates":[120.185439,23.021792]},"properties":{"uid":"welfare_02637","name":"台南市私立和豐園老人長期照顧中心(養護型)","welfare_class":"elderly_residential","address":"臺南市安南區國安街196、198號","city":"臺南市","coord_source":"tgos_upstream","coord_precision":"upstream","src_datasets":"165355|8572","n_src":2,"sub_code":"T0706","permit_status":"C01","inst_code":"DWG00303523","src_system":"長照機構暨長照人員相關管理資訊系統","attr_type":"私立","beds_approved":"48","target":"養護","licensed_at":"99.07.22","district":"安南區","phone":"06-2800959"}},{"type":"Feature","geometry":{"type":"Point","coordinates":[120.18861,23.039905]},"properties":{"uid":"welfare_02638","name":"台南市私立同安老人長期照顧中心(養護型)","welfare_class":"elderly_residential","address":"臺南市安南區同安路17巷18號","city":"臺南市","coord_source":"tgos_upstream","coord_precision":"upstream","src_datasets":"165355|8572","n_src":2,"sub_code":"T0706","permit_status":"C01","inst_code":"DWG00303532","src_system":"長照機構暨長照人員相關管理資訊系統","attr_type":"私立","beds_approved":"48","target":"養護","licensed_at":"99.03.18","district":"安南區","phone":"06-2466618"}},{"type":"Feature","geometry":{"type":"Point","coordinates":[120.207229,23.030058]},"properties":{"uid":"welfare_02639","name":"台南市私立佑康老人長期照顧中心(養護型)","welfare_class":"elderly_residential","address":"臺南市安南區安通路4段119巷24號","city":"臺南市","coord_source":"tgos_upstream","coord_precision":"upstream","src_datasets":"165355|8572","n_src":2,"sub_code":"T0706","permit_status":"C01","inst_code":"DWG00303541","src_system":"長照機構暨長照人員相關管理資訊系統","attr_type":"私立","beds_approved":"23","target":"養護","licensed_at":"99.02.02","district":"安南區","phone":"06-2569757"}},{"type":"Feature","geometry":{"type":"Point","coordinates":[120.179084,23.06886]},"properties":{"uid":"welfare_02640","name":"臺南市私立佳欣老人長期照顧中心(養護型)","welfare_class":"elderly_residential","address":"臺南市安南區公學路4段54巷117號","city":"臺南市","coord_source":"tgos_upstream","coord_precision":"upstream","src_datasets":"165355|8572","n_src":2,"sub_code":"T0706","permit_status":"C01","inst_code":"DWG00303550","src_system":"長照機構暨長照人員相關管理資訊系統","attr_type":"私立","beds_approved":"37","target":"養護","licensed_at":"89.09.01","district":"安南區","phone":"06-2872816"}},{"type":"Feature","geometry":{"type":"Point","coordinates":[120.179081,23.069376]},"properties":{"uid":"welfare_02641","name":"台南市私立麗新老人養護中心","welfare_class":"elderly_residential","address":"臺南市安南區公學路4段54巷90號","city":"臺南市","coord_source":"tgos_upstream","coord_precision":"upstream","src_datasets":"165355|8572","n_src":2,"sub_code":"T0706","permit_status":"C01","inst_code":"DWG00303569","src_system":"長照機構暨長照人員相關管理資訊系統","attr_type":"私立","beds_approved":"31","target":"養護","licensed_at":"88.12.28","district":"安南區","phone":"06-2873078"}},{"type":"Feature","geometry":{"type":"Point","coordinates":[120.178939,23.052423]},"properties":{"uid":"welfare_02642","name":"臺南市私立愛和老人長期照顧中心(養護型)","welfare_class":"elderly_residential","address":"臺南市安南區海佃路3段273號","city":"臺南市","coord_source":"tgos_upstream","coord_precision":"upstream","src_datasets":"165355|8572","n_src":2,"sub_code":"T0706","permit_status":"C01","inst_code":"DWG00303578","src_system":"長照機構暨長照人員相關管理資訊系統","attr_type":"私立","beds_approved":"48","target":"養護","licensed_at":"106.06.03","district":"安南區","phone":"06-2560884"}},{"type":"Feature","geometry":{"type":"Point","coordinates":[120.205341,23.065033]},"properties":{"uid":"welfare_02643","name":"臺南市私立安和老人長期照顧中心(養護型)","welfare_class":"elderly_residential","address":"臺南市安南區長和路4段283號","city":"臺南市","coord_source":"tgos_upstream","coord_precision":"upstream","src_datasets":"165355|8572","n_src":2,"sub_code":"T0706","permit_status":"C01","inst_code":"DWG00303587","src_system":"長照機構暨長照人員相關管理資訊系統","attr_type":"私立","beds_approved":"48","target":"養護","licensed_at":"101.11.12","district":"安南區","phone":"06-2558385"}},{"type":"Feature","geometry":{"type":"Point","coordinates":[120.141955,23.057646]},"properties":{"uid":"welfare_02644","name":"臺南市私立美麗園老人長期照顧中心(養護型)","welfare_class":"elderly_residential","address":"臺南市安南區北汕尾三路532號","city":"臺南市","coord_source":"tgos_upstream","coord_precision":"upstream","src_datasets":"165355|8572","n_src":2,"sub_code":"T0706","permit_status":"C01","inst_code":"DWG00303596","src_system":"長照機構暨長照人員相關管理資訊系統","attr_type":"私立","beds_approved":"48","target":"養護","licensed_at":"103.06.18","district":"安南區","phone":"06-2571212"}},{"type":"Feature","geometry":{"type":"Point","coordinates":[120.142216,23.057525]},"properties":{"uid":"welfare_02645","name":"臺南市私立裕康美老人長期照顧中心(養護型)","welfare_class":"elderly_residential","address":"臺南市安南區北汕尾三路536號","city":"臺南市","coord_source":"tgos_upstream","coord_precision":"upstream","src_datasets":"165355|8572","n_src":2,"sub_code":"T0706","permit_status":"C01","inst_code":"DWG00303604","src_system":"長照機構暨長照人員相關管理資訊系統","attr_type":"私立","beds_approved":"49","target":"養護","licensed_at":"105.03.08","district":"安南區","phone":"06-2571212"}},{"type":"Feature","geometry":{"type":"Point","coordinates":[120.195744,23.04595]},"properties":{"uid":"welfare_02646","name":"臺南市私立怡安老人長期照顧中心(養護型)","welfare_class":"elderly_residential","address":"臺南市安南區怡安路二段516巷86號1樓","city":"臺南市","coord_source":"tgos_upstream","coord_precision":"upstream","src_datasets":"165355|8572","n_src":2,"sub_code":"T0706","permit_status":"C01","inst_code":"DWG00303613","src_system":"長照機構暨長照人員相關管理資訊系統","attr_type":"私立","beds_approved":"49","target":"養護","licensed_at":"105.12.08","district":"安南區","phone":"06-2455566\n06-2565108"}},{"type":"Feature","geometry":{"type":"Point","coordinates":[120.150754,23.078509]},"properties":{"uid":"welfare_02647","name":"臺南市私立東園老人長期照顧中心(養護型)","welfare_class":"elderly_residential","address":"臺南市安南區學東里公學路六段360號","city":"臺南市","coord_source":"tgos_upstream","coord_precision":"upstream","src_datasets":"165355|8572","n_src":2,"sub_code":"T0706","permit_status":"C01","inst_code":"DWG00303622","src_system":"長照機構暨長照人員相關管理資訊系統","attr_type":"私立","beds_approved":"49","target":"養護","licensed_at":"107.05.25","district":"安南區","phone":"06-2873663"}},{"type":"Feature","geometry":{"type":"Point","coordinates":[120.195744,23.04595]},"properties":{"uid":"welfare_02648","name":"臺南市私立順安老人長期照顧中心(養護型)","welfare_class":"elderly_residential","address":"臺南市安南區怡安路二段516巷86號2樓","city":"臺南市","coord_source":"tgos_upstream","coord_precision":"upstream","src_datasets":"165355|8572","n_src":2,"sub_code":"T0706","permit_status":"C01","inst_code":"DWG00303631","src_system":"長照機構暨長照人員相關管理資訊系統","attr_type":"私立","beds_approved":"49","target":"養護","licensed_at":"108.01.31","district":"安南區","phone":"06-2459966"}},{"type":"Feature","geometry":{"type":"Point","coordinates":[120.333371,23.314229]},"properties":{"uid":"welfare_02649","name":"臺南市私立萬泰老人長期照顧中心(養護型)","welfare_class":"elderly_residential","address":"臺南市新營區中營里東山中路55號","city":"臺南市","coord_source":"tgos_upstream","coord_precision":"upstream","src_datasets":"165355|8572","n_src":2,"sub_code":"T0706","permit_status":"C01","inst_code":"DWG00303640","src_system":"長照機構暨長照人員相關管理資訊系統","attr_type":"私立","beds_approved":"49","target":"養護","licensed_at":"102.03.01","district":"新營區","phone":"06-6330899"}},{"type":"Feature","geometry":{"type":"Point","coordinates":[120.32443,23.310759]},"properties":{"uid":"welfare_02650","name":"臺南市私立欣園老人長期照顧中心(養護型)","welfare_class":"elderly_residential","address":"臺南市新營區大宏里綠川路8號","city":"臺南市","coord_source":"tgos_upstream","coord_precision":"upstream","src_datasets":"165355|8572","n_src":2,"sub_code":"T0706","permit_status":"C01","inst_code":"DWG00303659","src_system":"長照機構暨長照人員相關管理資訊系統","attr_type":"私立","beds_approved":"48","target":"養護","licensed_at":"103.07.03","district":"新營區","phone":"06-6337830"}},{"type":"Feature","geometry":{"type":"Point","coordinates":[120.29803,23.30891]},"properties":{"uid":"welfare_02651","name":"臺南市私立合信老人長期照顧中心(養護型)","welfare_class":"elderly_residential","address":"臺南市新營區新南里明清街14號、14-1號、14-2號、14-3號、14-4號","city":"臺南市","coord_source":"tgos_upstream","coord_precision":"upstream","src_datasets":"165355|8572","n_src":2,"sub_code":"T0706","permit_status":"C01","inst_code":"DWG00303668","src_system":"長照機構暨長照人員相關管理資訊系統","attr_type":"私立","beds_approved":"38","target":"養護","licensed_at":"106.10.27","district":"新營區","phone":"06-6572886"}},{"type":"Feature","geometry":{"type":"Point","coordinates":[120.331565,23.311895]},"properties":{"uid":"welfare_02652","name":"臺南市私立泰安老人養護中心","welfare_class":"elderly_residential","address":"臺南市新營區中營里東山三路69之1號","city":"臺南市","coord_source":"tgos_upstream","coord_precision":"upstream","src_datasets":"165355|8572","n_src":2,"sub_code":"T0706","permit_status":"C01","inst_code":"DWG00303677","src_system":"長照機構暨長照人員相關管理資訊系統","attr_type":"私立","beds_approved":"49","target":"養護","licensed_at":"89.12.12","district":"新營區","phone":"06-6352262"}},{"type":"Feature","geometry":{"type":"Point","coordinates":[120.33129,23.311869]},"properties":{"uid":"welfare_02653","name":"臺南市私立美安老人養護中心","welfare_class":"elderly_residential","address":"臺南市新營區中營里東山三路69號","city":"臺南市","coord_source":"tgos_upstream","coord_precision":"upstream","src_datasets":"165355|8572","n_src":2,"sub_code":"T0706","permit_status":"C01","inst_code":"DWG00303686","src_system":"長照機構暨長照人員相關管理資訊系統","attr_type":"私立","beds_approved":"36","target":"養護","licensed_at":"91.05.09","district":"新營區","phone":"06-6352262"}},{"type":"Feature","geometry":{"type":"Point","coordinates":[120.274827,23.284611]},"properties":{"uid":"welfare_02654","name":"臺南市私立太子宮老人養護中心","welfare_class":"elderly_residential","address":"臺南市新營區太南里太子宮316-10及316-11號","city":"臺南市","coord_source":"tgos_upstream","coord_precision":"upstream","src_datasets":"165355|8572","n_src":2,"sub_code":"T0706","permit_status":"C01","inst_code":"DWG00303695","src_system":"長照機構暨長照人員相關管理資訊系統","attr_type":"私立","beds_approved":"49","target":"養護","licensed_at":"91.12.24","district":"新營區","phone":"06-6525528"}},{"type":"Feature","geometry":{"type":"Point","coordinates":[120.320725,23.320737]},"properties":{"uid":"welfare_02655","name":"臺南市私立佑安老人長期照顧中心(養護型)","welfare_class":"elderly_residential","address":"臺南市新營區長榮路一段530巷16號","city":"臺南市","coord_source":"tgos_upstream","coord_precision":"upstream","src_datasets":"165355|8572","n_src":2,"sub_code":"T0706","permit_status":"C01","inst_code":"DWG00303703","src_system":"長照機構暨長照人員相關管理資訊系統","attr_type":"私立","beds_approved":"49","target":"養護","licensed_at":"107.04.18","district":"新營區","phone":"06-6325999"}},{"type":"Feature","geometry":{"type":"Point","coordinates":[120.178332,23.170138]},"properties":{"uid":"welfare_02656","name":"臺南市私立公園老人長期照顧中心(養護型)","welfare_class":"elderly_residential","address":"臺南市佳里區六安里佳北路165及165-1號","city":"臺南市","coord_source":"tgos_upstream","coord_precision":"upstream","src_datasets":"165355|8572","n_src":2,"sub_code":"T0706","permit_status":"C01","inst_code":"DWG00303712","src_system":"長照機構暨長照人員相關管理資訊系統","attr_type":"私立","beds_approved":"48","target":"養護","licensed_at":"100.12.23","district":"佳里區","phone":"06-7212829"}},{"type":"Feature","geometry":{"type":"Point","coordinates":[120.17684,23.153518]},"properties":{"uid":"welfare_02657","name":"臺南市私立宏瑋養護院","welfare_class":"elderly_residential","address":"臺南市佳里區建南里四維二街223號","city":"臺南市","coord_source":"tgos_upstream","coord_precision":"upstream","src_datasets":"165355|8572","n_src":2,"sub_code":"T0706","permit_status":"C01","inst_code":"DWG00303721","src_system":"長照機構暨長照人員相關管理資訊系統","attr_type":"私立","beds_approved":"48","target":"養護","licensed_at":"90.03.01","district":"佳里區","phone":"06-7230265"}},{"type":"Feature","geometry":{"type":"Point","coordinates":[120.17684,23.153518]},"properties":{"uid":"welfare_02658","name":"臺南市私立宏佳老人養護院","welfare_class":"elderly_residential","address":"臺南市佳里區建南里四維二街221號","city":"臺南市","coord_source":"tgos_upstream","coord_precision":"upstream","src_datasets":"165355|8572","n_src":2,"sub_code":"T0706","permit_status":"C01","inst_code":"DWG00303730","src_system":"長照機構暨長照人員相關管理資訊系統","attr_type":"私立","beds_approved":"39","target":"養護","licensed_at":"92.05.21","district":"佳里區","phone":"06-7230265"}},{"type":"Feature","geometry":{"type":"Point","coordinates":[120.167886,23.171914]},"properties":{"uid":"welfare_02659","name":"臺南市私立宏祐老人養護之家","welfare_class":"elderly_residential","address":"臺南市佳里區海澄里番子寮45號之16","city":"臺南市","coord_source":"tgos_upstream","coord_precision":"upstream","src_datasets":"165355|8572","n_src":2,"sub_code":"T0706","permit_status":"C01","inst_code":"DWG00303749","src_system":"長照機構暨長照人員相關管理資訊系統","attr_type":"私立","beds_approved":"49","target":"養護","licensed_at":"95.04.21","district":"佳里區","phone":"06-7215700"}},{"type":"Feature","geometry":{"type":"Point","coordinates":[120.16768,23.172058]},"properties":{"uid":"welfare_02660","name":"臺南市私立宏丞老人養護之家","welfare_class":"elderly_residential","address":"臺南市佳里區海澄里番子寮45號之15","city":"臺南市","coord_source":"tgos_upstream","coord_precision":"upstream","src_datasets":"165355|8572","n_src":2,"sub_code":"T0706","permit_status":"C01","inst_code":"DWG00303758","src_system":"長照機構暨長照人員相關管理資訊系統","attr_type":"私立","beds_approved":"46","target":"養護","licensed_at":"97.03.10","district":"佳里區","phone":"06-7215800"}},{"type":"Feature","geometry":{"type":"Point","coordinates":[120.295424,23.042311]},"properties":{"uid":"welfare_02661","name":"臺南市私立天寶老人長期照顧中心(養護型)","welfare_class":"elderly_residential","address":"臺南市新化區唪口里唪口201號","city":"臺南市","coord_source":"tgos_upstream","coord_precision":"upstream","src_datasets":"165355|8572","n_src":2,"sub_code":"T0706","permit_status":"C01","inst_code":"DWG00303767","src_system":"長照機構暨長照人員相關管理資訊系統","attr_type":"私立","beds_approved":"49","target":"養護","licensed_at":"105.12.15","district":"新化區","phone":"06-5982336"}},{"type":"Feature","geometry":{"type":"Point","coordinates":[120.290464,23.033349]},"properties":{"uid":"welfare_02662","name":"臺南市私立松柏養護之家","welfare_class":"elderly_residential","address":"臺南市新化區全興里竹子腳136之1號","city":"臺南市","coord_source":"tgos_upstream","coord_precision":"upstream","src_datasets":"165355|8572","n_src":2,"sub_code":"T0706","permit_status":"C01","inst_code":"DWG00303776","src_system":"長照機構暨長照人員相關管理資訊系統","attr_type":"私立","beds_approved":"48","target":"養護","licensed_at":"91.08.12","district":"新化區","phone":"06-5980662"}},{"type":"Feature","geometry":{"type":"Point","coordinates":[120.34291,23.065508]},"properties":{"uid":"welfare_02663","name":"財團法人臺南市私立佛教觀音村社會福利慈善事業基金會附設臺南市私立觀音村老人養護靜修院","welfare_class":"elderly_residential","address":"臺南市新化區那拔里那拔林1-10號","city":"臺南市","coord_source":"tgos_upstream","coord_precision":"upstream","src_datasets":"165355|8572","n_src":2,"sub_code":"T0706","permit_status":"C01","inst_code":"DWG00303785","src_system":"長照機構暨長照人員相關管理資訊系統","attr_type":"私立","beds_approved":"80","target":"養護","licensed_at":"94.11.30","district":"新化區","phone":"06-5912800"}},{"type":"Feature","geometry":{"type":"Point","coordinates":[120.329598,23.146878]},"properties":{"uid":"welfare_02664","name":"臺南市私立安心養護之家","welfare_class":"elderly_residential","address":"臺南市善化區昌隆里東勢寮1之17號","city":"臺南市","coord_source":"tgos_upstream","coord_precision":"upstream","src_datasets":"165355|8572","n_src":2,"sub_code":"T0706","permit_status":"C01","inst_code":"DWG00303794","src_system":"長照機構暨長照人員相關管理資訊系統","attr_type":"私立","beds_approved":"46","target":"養護","licensed_at":"91.06.07","district":"善化區","phone":"06-5835388"}},{"type":"Feature","geometry":{"type":"Point","coordinates":[120.390148,23.318204]},"properties":{"uid":"welfare_02665","name":"臺南市私立廣恩老人養護中心","welfare_class":"elderly_residential","address":"臺南市東山區三榮里木柵60號之1","city":"臺南市","coord_source":"tgos_upstream","coord_precision":"upstream","src_datasets":"165355|8572","n_src":2,"sub_code":"T0706","permit_status":"C01","inst_code":"DWG00303802","src_system":"長照機構暨長照人員相關管理資訊系統","attr_type":"私立","beds_approved":"49","target":"養護","licensed_at":"92.08.26","district":"東山區","phone":"06-6801785"}},{"type":"Feature","geometry":{"type":"Point","coordinates":[120.408114,23.315657]},"properties":{"uid":"welfare_02666","name":"臺南市私立大慶老人長期照顧中心(養護型)","welfare_class":"elderly_residential","address":"臺南市東山區東中里12鄰育群街1號","city":"臺南市","coord_source":"tgos_upstream","coord_precision":"upstream","src_datasets":"165355|8572","n_src":2,"sub_code":"T0706","permit_status":"C01","inst_code":"DWG00303811","src_system":"長照機構暨長照人員相關管理資訊系統","attr_type":"私立","beds_approved":"44","target":"養護","licensed_at":"103.07.02","district":"東山區","phone":"06-6804197"}},{"type":"Feature","geometry":{"type":"Point","coordinates":[120.176477,23.127755]},"properties":{"uid":"welfare_02667","name":"臺南市私立藤澤養護之家","welfare_class":"elderly_residential","address":"臺南市西港區劉厝里十三鄰劉厝110之3號","city":"臺南市","coord_source":"tgos_upstream","coord_precision":"upstream","src_datasets":"165355|8572","n_src":2,"sub_code":"T0706","permit_status":"C01","inst_code":"DWG00303820","src_system":"長照機構暨長照人員相關管理資訊系統","attr_type":"私立","beds_approved":"40","target":"養護","licensed_at":"90.04.10","district":"西港區","phone":"06-7952180"}},{"type":"Feature","geometry":{"type":"Point","coordinates":[120.196375,23.128284]},"properties":{"uid":"welfare_02668","name":"臺南市私立為仁老人長期照顧中心(養護型)","welfare_class":"elderly_residential","address":"臺南市西港區慶安里中州89號","city":"臺南市","coord_source":"tgos_upstream","coord_precision":"upstream","src_datasets":"165355|8572","n_src":2,"sub_code":"T0706","permit_status":"C01","inst_code":"DWG00303839","src_system":"長照機構暨長照人員相關管理資訊系統","attr_type":"私立","beds_approved":"48","target":"養護","licensed_at":"100.12.13","district":"西港區","phone":"06-7956402"}},{"type":"Feature","geometry":{"type":"Point","coordinates":[120.177184,23.127361]},"properties":{"uid":"welfare_02669","name":"臺南市私立藤龍老人長期照顧中心(養護型)","welfare_class":"elderly_residential","address":"臺南市西港區劉厝里劉厝8之15號","city":"臺南市","coord_source":"tgos_upstream","coord_precision":"upstream","src_datasets":"165355|8572","n_src":2,"sub_code":"T0706","permit_status":"C01","inst_code":"DWG00303848","src_system":"長照機構暨長照人員相關管理資訊系統","attr_type":"私立","beds_approved":"49","target":"養護","licensed_at":"106.06.14","district":"西港區","phone":"06-7958138"}},{"type":"Feature","geometry":{"type":"Point","coordinates":[120.163188,23.194915]},"properties":{"uid":"welfare_02670","name":"臺南市私立順園老人長期照顧中心（養護型）","welfare_class":"elderly_residential","address":"臺南市將軍區長榮里長榮66-12號","city":"臺南市","coord_source":"tgos_upstream","coord_precision":"upstream","src_datasets":"165355|8572","n_src":2,"sub_code":"T0706","permit_status":"C01","inst_code":"DWG00303857","src_system":"長照機構暨長照人員相關管理資訊系統","attr_type":"私立","beds_approved":"48","target":"養護","licensed_at":"101.02.29","district":"將軍區","phone":"06-7941286"}},{"type":"Feature","geometry":{"type":"Point","coordinates":[120.163317,23.194946]},"properties":{"uid":"welfare_02671","name":"臺南市私立喜園老人長期照顧中心（養護型）","welfare_class":"elderly_residential","address":"臺南市將軍區長榮里長榮66-11號","city":"臺南市","coord_source":"tgos_upstream","coord_precision":"upstream","src_datasets":"165355|8572","n_src":2,"sub_code":"T0706","permit_status":"C01","inst_code":"DWG00303866","src_system":"長照機構暨長照人員相關管理資訊系統","attr_type":"私立","beds_approved":"48","target":"養護","licensed_at":"103.04.01","district":"將軍區","phone":"06-7941286"}},{"type":"Feature","geometry":{"type":"Point","coordinates":[120.224808,22.957453]},"properties":{"uid":"welfare_02672","name":"臺南市私立惠群老人長期照顧中心(養護型)","welfare_class":"elderly_residential","address":"臺南市仁德區成功里成功一街106號","city":"臺南市","coord_source":"tgos_upstream","coord_precision":"upstream","src_datasets":"165355|8572","n_src":2,"sub_code":"T0706","permit_status":"C01","inst_code":"DWG00303875","src_system":"長照機構暨長照人員相關管理資訊系統","attr_type":"私立","beds_approved":"31","target":"養護","licensed_at":"97.04.29","district":"仁德區","phone":"06-2684356"}},{"type":"Feature","geometry":{"type":"Point","coordinates":[120.239656,22.979762]},"properties":{"uid":"welfare_02673","name":"臺南市私立迦南山莊老人長期照顧中心(養護型)","welfare_class":"elderly_residential","address":"臺南市仁德區仁德里裕忠三街85號","city":"臺南市","coord_source":"tgos_upstream","coord_precision":"upstream","src_datasets":"165355|8572","n_src":2,"sub_code":"T0706","permit_status":"C01","inst_code":"DWG00303884","src_system":"長照機構暨長照人員相關管理資訊系統","attr_type":"私立","beds_approved":"49","target":"養護","licensed_at":"103.07.16","district":"仁德區","phone":"06-2884303"}},{"type":"Feature","geometry":{"type":"Point","coordinates":[120.250559,22.947047]},"properties":{"uid":"welfare_02674","name":"臺南市私立尚美老人養護中心","welfare_class":"elderly_residential","address":"臺南市仁德區後壁里中正路2段187巷12、16號","city":"臺南市","coord_source":"tgos_upstream","coord_precision":"upstream","src_datasets":"165355|8572","n_src":2,"sub_code":"T0706","permit_status":"C01","inst_code":"DWG00303893","src_system":"長照機構暨長照人員相關管理資訊系統","attr_type":"私立","beds_approved":"27","target":"養護","licensed_at":"96.02.02","district":"仁德區","phone":"06-2496576"}},{"type":"Feature","geometry":{"type":"Point","coordinates":[120.241086,22.961043]},"properties":{"uid":"welfare_02675","name":"臺南市私立恩欣老人長期照顧中心(養護型)","welfare_class":"elderly_residential","address":"臺南市仁德區仁德里19鄰文華路三段116號","city":"臺南市","coord_source":"tgos_upstream","coord_precision":"upstream","src_datasets":"165355|8572","n_src":2,"sub_code":"T0706","permit_status":"C01","inst_code":"DWG00303901","src_system":"長照機構暨長照人員相關管理資訊系統","attr_type":"私立","beds_approved":"45","target":"養護","licensed_at":"106.06.13","district":"仁德區","phone":"06-2895999"}},{"type":"Feature","geometry":{"type":"Point","coordinates":[120.284031,22.993787]},"properties":{"uid":"welfare_02676","name":"臺南市私立媽廟老人養護院","welfare_class":"elderly_residential","address":"臺南市歸仁區媽廟里和順路一段336巷16號","city":"臺南市","coord_source":"tgos_upstream","coord_precision":"upstream","src_datasets":"165355|8572","n_src":2,"sub_code":"T0706","permit_status":"C01","inst_code":"DWG00303910","src_system":"長照機構暨長照人員相關管理資訊系統","attr_type":"私立","beds_approved":"48","target":"養護","licensed_at":"91.06.13","district":"歸仁區","phone":"06-2719123"}},{"type":"Feature","geometry":{"type":"Point","coordinates":[120.290629,22.987359]},"properties":{"uid":"welfare_02677","name":"臺南市私立歸仁愛心養護中心","welfare_class":"elderly_residential","address":"臺南市歸仁區七甲里中正北路2段417巷118號","city":"臺南市","coord_source":"tgos_upstream","coord_precision":"upstream","src_datasets":"165355|8572","n_src":2,"sub_code":"T0706","permit_status":"C01","inst_code":"DWG00303929","src_system":"長照機構暨長照人員相關管理資訊系統","attr_type":"私立","beds_approved":"48","target":"養護","licensed_at":"91.09.25","district":"歸仁區","phone":"06-2396618"}},{"type":"Feature","geometry":{"type":"Point","coordinates":[120.23085,23.010217]},"properties":{"uid":"welfare_02678","name":"臺南市私立友廉養護中心","welfare_class":"elderly_residential","address":"臺南市永康區六合里六合路55之1號","city":"臺南市","coord_source":"tgos_upstream","coord_precision":"upstream","src_datasets":"165355|8572","n_src":2,"sub_code":"T0706","permit_status":"C01","inst_code":"DWG00303938","src_system":"長照機構暨長照人員相關管理資訊系統","attr_type":"私立","beds_approved":"32","target":"養護","licensed_at":"89.03.08","district":"永康區","phone":"06-2020707"}},{"type":"Feature","geometry":{"type":"Point","coordinates":[120.232225,23.012547]},"properties":{"uid":"welfare_02679","name":"臺南市私立保健老人長期照顧中心（養護型）","welfare_class":"elderly_residential","address":"臺南市永康區五王里五福街19、21、23號","city":"臺南市","coord_source":"tgos_upstream","coord_precision":"upstream","src_datasets":"165355|8572","n_src":2,"sub_code":"T0706","permit_status":"C01","inst_code":"DWG00303947","src_system":"長照機構暨長照人員相關管理資訊系統","attr_type":"私立","beds_approved":"31","target":"養護","licensed_at":"89.04.08","district":"永康區","phone":"06-2028884"}},{"type":"Feature","geometry":{"type":"Point","coordinates":[120.222108,23.022539]},"properties":{"uid":"welfare_02680","name":"臺南市私立南臺養護中心","welfare_class":"elderly_residential","address":"臺南市永康區尚頂里南臺街65號","city":"臺南市","coord_source":"tgos_upstream","coord_precision":"upstream","src_datasets":"165355|8572","n_src":2,"sub_code":"T0706","permit_status":"C01","inst_code":"DWG00303956","src_system":"長照機構暨長照人員相關管理資訊系統","attr_type":"私立","beds_approved":"48","target":"養護","licensed_at":"90.08.16","district":"永康區","phone":"06-2425538"}},{"type":"Feature","geometry":{"type":"Point","coordinates":[120.234928,23.012125]},"properties":{"uid":"welfare_02681","name":"臺南市私立和春老人長期照顧中心(養護型)","welfare_class":"elderly_residential","address":"臺南市永康區五王里振興路98號","city":"臺南市","coord_source":"tgos_upstream","coord_precision":"upstream","src_datasets":"165355|8572","n_src":2,"sub_code":"T0706","permit_status":"C01","inst_code":"DWG00303965","src_system":"長照機構暨長照人員相關管理資訊系統","attr_type":"私立","beds_approved":"49","target":"養護","licensed_at":"96.10.18","district":"永康區","phone":"06-3025908"}},{"type":"Feature","geometry":{"type":"Point","coordinates":[120.236082,23.014831]},"properties":{"uid":"welfare_02682","name":"臺南市私立陽光老人長期照顧中心(養護型)","welfare_class":"elderly_residential","address":"臺南市永康區二王里47鄰中山東路25號1樓","city":"臺南市","coord_source":"tgos_upstream","coord_precision":"upstream","src_datasets":"165355|8572","n_src":2,"sub_code":"T0706","permit_status":"C01","inst_code":"DWG00303974","src_system":"長照機構暨長照人員相關管理資訊系統","attr_type":"私立","beds_approved":"24","target":"養護","licensed_at":"105.04.22","district":"永康區","phone":"06-3020288"}},{"type":"Feature","geometry":{"type":"Point","coordinates":[120.266844,23.029499]},"properties":{"uid":"welfare_02683","name":"臺南市私立宜仁老人長期照顧中心(養護型)","welfare_class":"elderly_residential","address":"臺南市永康區中山北路385巷3弄4號","city":"臺南市","coord_source":"tgos_upstream","coord_precision":"upstream","src_datasets":"165355|8572","n_src":2,"sub_code":"T0706","permit_status":"C01","inst_code":"DWG00303983","src_system":"長照機構暨長照人員相關管理資訊系統","attr_type":"私立","beds_approved":"45","target":"養護","licensed_at":"105.11.18","district":"永康區","phone":"06-2019321"}},{"type":"Feature","geometry":{"type":"Point","coordinates":[120.196306,22.967721]},"properties":{"uid":"welfare_02684","name":"財團法人台灣省私立台南仁愛之家新都養護所","welfare_class":"elderly_residential","uni_no":"69118905","address":"臺南市南區新都路346號","city":"臺南市","coord_source":"tgos_upstream","coord_precision":"upstream","src_datasets":"165355","n_src":1,"sub_code":"T0706","permit_status":"C01","inst_code":"DWG00306223","src_system":"長照機構暨長照人員相關管理資訊系統"}},{"type":"Feature","geometry":{"type":"Point","coordinates":[120.203216,23.000233]},"properties":{"uid":"welfare_02685","name":"財團法人台灣省私立台南仁愛之家成功養護中心","welfare_class":"elderly_residential","uni_no":"69118905","address":"臺南市北區成功路238巷11號","city":"臺南市","coord_source":"tgos_upstream","coord_precision":"upstream","src_datasets":"165355","n_src":1,"sub_code":"T0706","permit_status":"C01","inst_code":"DWG00306232","src_system":"長照機構暨長照人員相關管理資訊系統"}},{"type":"Feature","geometry":{"type":"Point","coordinates":[120.188944,23.000295]},"properties":{"uid":"welfare_02686","name":"財團法人台南市私立林澄輝社會福利慈善事業基金會附設臺南市私立璐德老人長期照顧中心(養護型)","welfare_class":"elderly_residential","address":"臺南市中西區西和路100號","city":"臺南市","coord_source":"tgos_upstream","coord_precision":"upstream","src_datasets":"165355|8572","n_src":2,"sub_code":"T0706","permit_status":"C01","inst_code":"DWG00308591","src_system":"長照機構暨長照人員相關管理資訊系統","attr_type":"私立","beds_approved":"72","target":"養護","licensed_at":"105.04.14","district":"中西區","phone":"06-3588670"}},{"type":"Feature","geometry":{"type":"Point","coordinates":[120.31537,22.976253]},"properties":{"uid":"welfare_02687","name":"財團法人樹河社會福利基金會附設臺灣省私立悠然山莊安養中心","welfare_class":"elderly_residential","address":"臺南市關廟區下湖里關新路一段85號","city":"臺南市","coord_source":"tgos_upstream","coord_precision":"upstream","src_datasets":"165355|8572","n_src":2,"sub_code":"T0706","permit_status":"C01","inst_code":"DWG00308609","src_system":"長照機構暨長照人員相關管理資訊系統","attr_type":"私立","beds_approved":"122","target":"安養\n養護\n長照","licensed_at":"84.12","district":"關廟區","phone":"06-5954188"}},{"type":"Feature","geometry":{"type":"Point","coordinates":[120.163072,23.194951]},"properties":{"uid":"welfare_02688","name":"臺南市私立善園老人長期照顧中心（養護型）","welfare_class":"elderly_residential","address":"臺南市將軍區長榮里長榮66-13號","city":"臺南市","coord_source":"tgos_upstream","coord_precision":"upstream","src_datasets":"165355|8572","n_src":2,"sub_code":"T0706","permit_status":"C01","inst_code":"DWG00309013","src_system":"長照機構暨長照人員相關管理資訊系統","attr_type":"私立","beds_approved":"48","target":"養護","licensed_at":"108.08.12","district":"將軍區","phone":"06-7941286"}},{"type":"Feature","geometry":{"type":"Point","coordinates":[120.194643,22.959775]},"properties":{"uid":"welfare_02689","name":"臺南市私立永承老人長期照顧中心(養護型)","welfare_class":"elderly_residential","address":"臺南市南區永成路2段827巷25弄28號1、2樓","city":"臺南市","coord_source":"tgos_upstream","coord_precision":"upstream","src_datasets":"165355|8572","n_src":2,"sub_code":"T0706","permit_status":"C01","inst_code":"DWG00309293","src_system":"長照機構暨長照人員相關管理資訊系統","attr_type":"私立","beds_approved":"38","target":"養護","licensed_at":"108.09.09","district":"南區","phone":"06-2965588"}},{"type":"Feature","geometry":{"type":"Point","coordinates":[120.36102,23.074558]},"properties":{"uid":"welfare_02690","name":"臺南市私立玉山老人長期照顧中心(養護型)","welfare_class":"elderly_residential","address":"臺南市山上區豐德里隙子口39號","city":"臺南市","coord_source":"tgos_upstream","coord_precision":"upstream","src_datasets":"165355|8572","n_src":2,"sub_code":"T0706","permit_status":"C01","inst_code":"DWG00309482","src_system":"長照機構暨長照人員相關管理資訊系統","attr_type":"私立","beds_approved":"49","target":"養護","licensed_at":"110.03.16","district":"山上區"}},{"type":"Feature","geometry":{"type":"Point","coordinates":[120.204695,23.212741]},"properties":{"uid":"welfare_02691","name":"臺南市私立宜心園老人長期照顧中心(養護型)","welfare_class":"elderly_residential","uni_no":"89028522","address":"臺南市麻豆區港尾里麻學路二段1272號","city":"臺南市","coord_source":"tgos_upstream","coord_precision":"upstream","src_datasets":"165355","n_src":1,"sub_code":"T0706","permit_status":"C01","inst_code":"DWG00309518","src_system":"長照機構暨長照人員相關管理資訊系統"}},{"type":"Feature","geometry":{"type":"Point","coordinates":[120.182444,22.990638]},"properties":{"uid":"welfare_02692","name":"臺南市政府社會局委託財團法人樹河社會福利基金會經營臺南市悠然綠園安養暨長期照顧中心","welfare_class":"elderly_residential","address":"臺南市安平區建平路2號","city":"臺南市","coord_source":"tgos_upstream","coord_precision":"upstream","src_datasets":"165355|8572","n_src":2,"sub_code":"T0706","permit_status":"C01","inst_code":"DWG00310741","src_system":"長照機構暨長照人員相關管理資訊系統","attr_type":"公設民營","beds_approved":"200","target":"養護\n長照\n安養\n失智","licensed_at":"105.08.17","district":"安平區","phone":"06-2957168"}},{"type":"Feature","geometry":{"type":"Point","coordinates":[120.322788,23.195796]},"properties":{"uid":"welfare_02693","name":"臺南市政府社會局委託財團法人高雄市私立萃文書院社會福利慈善事業基金會經營臺南市官田老人養護中心","welfare_class":"elderly_residential","address":"臺南市官田區隆本里中華路一段325號","city":"臺南市","coord_source":"tgos_upstream","coord_precision":"upstream","src_datasets":"165355|8572","n_src":2,"sub_code":"T0706","permit_status":"C01","inst_code":"DWG00310750","src_system":"長照機構暨長照人員相關管理資訊系統","attr_type":"公設民營","beds_approved":"152","target":"養護","licensed_at":"94.06.30","district":"官田區","phone":"06-5790749"}},{"type":"Feature","geometry":{"type":"Point","coordinates":[120.341404,23.015204]},"properties":{"uid":"welfare_02694","name":"財團法人臺灣省臺南市臺灣首廟天壇附設臺南市私立天壇老人養護中心","welfare_class":"elderly_residential","address":"臺南市新化區知義里新和庄22號","city":"臺南市","coord_source":"google","coord_precision":"approximate","src_datasets":"165355|8572","n_src":2,"sub_code":"T0706","permit_status":"C01","inst_code":"DWG00310769","src_system":"長照機構暨長照人員相關管理資訊系統","attr_type":"私立","beds_approved":"250","target":"養護","licensed_at":"90.09.17","district":"新化區","phone":"06-5800111"}},{"type":"Feature","geometry":{"type":"Point","coordinates":[120.190043,22.998277]},"properties":{"uid":"welfare_02695","name":"財團法人台南市基督教青年會社會福利慈善事業基金會附設台南市私立臨安老人養護中心","welfare_class":"elderly_residential","address":"臺南市中西區民權路3段370號","city":"臺南市","coord_source":"tgos_upstream","coord_precision":"upstream","src_datasets":"165355|8572","n_src":2,"sub_code":"T0706","permit_status":"C01","inst_code":"DWG00310778","src_system":"長照機構暨長照人員相關管理資訊系統","attr_type":"私立","beds_approved":"68","target":"養護","licensed_at":"97.08.22","district":"中西區","phone":"06-3583000"}},{"type":"Feature","geometry":{"type":"Point","coordinates":[120.191926,22.974039]},"properties":{"uid":"welfare_02696","name":"財團法人台灣省台南市天主教仁愛修女會附設台南市私立老吾老養護中心","welfare_class":"elderly_residential","address":"臺南市南區金華路1段530巷19號","city":"臺南市","coord_source":"tgos_upstream","coord_precision":"upstream","src_datasets":"165355|8572","n_src":2,"sub_code":"T0706","permit_status":"C01","inst_code":"DWG00310787","src_system":"長照機構暨長照人員相關管理資訊系統","attr_type":"私立","beds_approved":"79","target":"養護\n長照","licensed_at":"80.01.03","district":"南區","phone":"06-2643837"}},{"type":"Feature","geometry":{"type":"Point","coordinates":[120.244799,23.143619]},"properties":{"uid":"welfare_02697","name":"財團法人臺南市私立麻豆社會福利慈善事業基金會附設臺南市私立麻豆老人養護中心","welfare_class":"elderly_residential","address":"臺南市麻豆區中民里謝厝寮101號之35","city":"臺南市","coord_source":"tgos_upstream","coord_precision":"upstream","src_datasets":"165355|8572","n_src":2,"sub_code":"T0706","permit_status":"C01","inst_code":"DWG00310796","src_system":"長照機構暨長照人員相關管理資訊系統","attr_type":"私立","beds_approved":"164","target":"養護","licensed_at":"94.04.12","district":"麻豆區","phone":"06-5710979"}},{"type":"Feature","geometry":{"type":"Point","coordinates":[120.333428,23.314328]},"properties":{"uid":"welfare_02698","name":"臺南市私立萬安老人長期照顧中心(養護型)","welfare_class":"elderly_residential","address":"臺南市新營區中營里東山中路57號","city":"臺南市","coord_source":"tgos_upstream","coord_precision":"upstream","src_datasets":"165355|8572","n_src":2,"sub_code":"T0706","permit_status":"C01","inst_code":"DWG00310804","src_system":"長照機構暨長照人員相關管理資訊系統","attr_type":"私立","beds_approved":"49","target":"養護","licensed_at":"93.04.15","district":"新營區","phone":"06-6330899"}},{"type":"Feature","geometry":{"type":"Point","coordinates":[120.222814,23.011872]},"properties":{"uid":"welfare_02699","name":"台南市私立慈愛老人養護中心","welfare_class":"elderly_residential","address":"臺南市北區北園街89號3樓","city":"臺南市","coord_source":"tgos_upstream","coord_precision":"upstream","src_datasets":"165355|8572","n_src":2,"sub_code":"T0706","permit_status":"C01","inst_code":"DWG00310813","src_system":"長照機構暨長照人員相關管理資訊系統","attr_type":"私立","beds_approved":"49","target":"養護","licensed_at":"89.12.05","district":"北區","phone":"06-2088818"}},{"type":"Feature","geometry":{"type":"Point","coordinates":[120.248256,23.021284]},"properties":{"uid":"welfare_02700","name":"臺南市私立康鈞老人長期照顧中心(養護型)","welfare_class":"elderly_residential","address":"臺南市永康區二王里8鄰中山南路858號","city":"臺南市","coord_source":"tgos_upstream","coord_precision":"upstream","src_datasets":"165355|8572","n_src":2,"sub_code":"T0706","permit_status":"C01","inst_code":"DWG00310822","src_system":"長照機構暨長照人員相關管理資訊系統","attr_type":"私立","beds_approved":"48","target":"養護","licensed_at":"98.12.11","district":"永康區","phone":"06-2020816"}},{"type":"Feature","geometry":{"type":"Point","coordinates":[120.196211,23.226279]},"properties":{"uid":"welfare_02701","name":"臺南市私立健樂老人長期照顧中心(養護型)","welfare_class":"elderly_residential","address":"臺南市學甲區豐和里美和4之51號","city":"臺南市","coord_source":"tgos_upstream","coord_precision":"upstream","src_datasets":"165355|8572","n_src":2,"sub_code":"T0706","permit_status":"C01","inst_code":"DWG00310831","src_system":"長照機構暨長照人員相關管理資訊系統","attr_type":"私立","beds_approved":"49","target":"養護","licensed_at":"90.11.22","district":"學甲區","phone":"06-7830536"}},{"type":"Feature","geometry":{"type":"Point","coordinates":[120.226119,22.981196]},"properties":{"uid":"welfare_02702","name":"台南市私立長佳老人養護中心","welfare_class":"elderly_residential","address":"臺南市東區崇學路230巷59號2、3樓","city":"臺南市","coord_source":"tgos_upstream","coord_precision":"upstream","src_datasets":"165355|8572","n_src":2,"sub_code":"T0706","permit_status":"C01","inst_code":"DWG00310840","src_system":"長照機構暨長照人員相關管理資訊系統","attr_type":"私立","beds_approved":"49","target":"養護","licensed_at":"94.12.05","district":"東區","phone":"06-2676812"}},{"type":"Feature","geometry":{"type":"Point","coordinates":[120.215172,23.015881]},"properties":{"uid":"welfare_02703","name":"臺南市私立詮恩老人長期照顧中心(養護型)","welfare_class":"elderly_residential","address":"臺南市北區公園路952巷42號","city":"臺南市","coord_source":"tgos_upstream","coord_precision":"upstream","src_datasets":"165355|8572","n_src":2,"sub_code":"T0706","permit_status":"C01","inst_code":"DWG00310859","src_system":"長照機構暨長照人員相關管理資訊系統","attr_type":"私立","beds_approved":"47","target":"養護","licensed_at":"103.05.30","district":"北區","phone":"06-2520670"}},{"type":"Feature","geometry":{"type":"Point","coordinates":[120.246436,22.907881]},"properties":{"uid":"welfare_02704","name":"臺南市私立長祐老人長期照顧中心(養護型)","welfare_class":"elderly_residential","address":"臺南市仁德區中洲里中生街252巷52號","city":"臺南市","coord_source":"tgos_upstream","coord_precision":"upstream","src_datasets":"165355|8572","n_src":2,"sub_code":"T0706","permit_status":"C01","inst_code":"DWG00310868","src_system":"長照機構暨長照人員相關管理資訊系統","attr_type":"私立","beds_approved":"49","target":"養護","licensed_at":"103.03.03","district":"仁德區","phone":"06-2666425"}},{"type":"Feature","geometry":{"type":"Point","coordinates":[120.227872,22.962296]},"properties":{"uid":"welfare_02705","name":"台南市私立同德老人養護中心","welfare_class":"elderly_residential","address":"臺南市東區崇德二十六街7號","city":"臺南市","coord_source":"offline_l15","coord_precision":"interpolated","src_datasets":"165355|8572","n_src":2,"sub_code":"T0706","permit_status":"C01","inst_code":"DWG00310877","src_system":"長照機構暨長照人員相關管理資訊系統","attr_type":"私立","beds_approved":"48","target":"養護","licensed_at":"95.11.16","district":"東區","phone":"06-2697970"}},{"type":"Feature","geometry":{"type":"Point","coordinates":[120.308954,23.311957]},"properties":{"uid":"welfare_02706","name":"臺南市私立新營老人長期照顧中心(養護型)","welfare_class":"elderly_residential","address":"臺南市新營區舊?里2之10號及2之11號","city":"臺南市","coord_source":"google","coord_precision":"approximate","src_datasets":"165355|8572","n_src":2,"sub_code":"T0706","permit_status":"C01","inst_code":"DWG00310886","src_system":"長照機構暨長照人員相關管理資訊系統","attr_type":"私立","beds_approved":"48","target":"養護","licensed_at":"101.10.11","district":"新營區","phone":"06-6581517"}},{"type":"Feature","geometry":{"type":"Point","coordinates":[120.192678,22.977177]},"properties":{"uid":"welfare_02707","name":"台南市私立瑞園老人長期照顧中心(養護型)","welfare_class":"elderly_residential","address":"臺南市南區三官路205號","city":"臺南市","coord_source":"tgos_upstream","coord_precision":"upstream","src_datasets":"165355|8572","n_src":2,"sub_code":"T0706","permit_status":"C01","inst_code":"DWG00310895","src_system":"長照機構暨長照人員相關管理資訊系統","attr_type":"私立","beds_approved":"48","target":"養護","licensed_at":"97.05.27","district":"南區","phone":"06-2652911"}},{"type":"Feature","geometry":{"type":"Point","coordinates":[120.18437,22.950543]},"properties":{"uid":"welfare_02708","name":"台南市私立明興老人養護中心","welfare_class":"elderly_residential","address":"臺南市南區明興路320號2-3樓","city":"臺南市","coord_source":"tgos_upstream","coord_precision":"upstream","src_datasets":"165355|8572","n_src":2,"sub_code":"T0706","permit_status":"C01","inst_code":"DWG00310903","src_system":"長照機構暨長照人員相關管理資訊系統","attr_type":"私立","beds_approved":"48","target":"養護","licensed_at":"95.05.08","district":"南區","phone":"06-2622377"}},{"type":"Feature","geometry":{"type":"Point","coordinates":[120.214393,22.969131]},"properties":{"uid":"welfare_02709","name":"臺南市私立惠慈老人長期照顧中心(養護型)","welfare_class":"elderly_residential","address":"臺南市南區公英一街37巷35號、41號","city":"臺南市","coord_source":"tgos_upstream","coord_precision":"upstream","src_datasets":"165355|8572","n_src":2,"sub_code":"T0706","permit_status":"C01","inst_code":"DWG00310912","src_system":"長照機構暨長照人員相關管理資訊系統","attr_type":"私立","beds_approved":"38","target":"養護","licensed_at":"101.04.23","district":"南區","phone":"06-3368789"}},{"type":"Feature","geometry":{"type":"Point","coordinates":[120.158427,22.991963]},"properties":{"uid":"welfare_02710","name":"財團法人台南市私立吾愛吾家養護中心","welfare_class":"elderly_residential","address":"臺南市安平區永華12街27巷10號","city":"臺南市","coord_source":"tgos_upstream","coord_precision":"upstream","src_datasets":"165355|8572","n_src":2,"sub_code":"T0706","permit_status":"C01","inst_code":"DWG00310921","src_system":"長照機構暨長照人員相關管理資訊系統","attr_type":"私立","beds_approved":"68","target":"養護","licensed_at":"90.03.27","district":"安平區","phone":"06-2952763"}},{"type":"Feature","geometry":{"type":"Point","coordinates":[120.194444,23.012035]},"properties":{"uid":"welfare_02711","name":"台南市私立聖功老人養護中心","welfare_class":"elderly_residential","address":"臺南市北區文成路785號","city":"臺南市","coord_source":"tgos_upstream","coord_precision":"upstream","src_datasets":"165355|8572","n_src":2,"sub_code":"T0706","permit_status":"C01","inst_code":"DWG00310930","src_system":"長照機構暨長照人員相關管理資訊系統","attr_type":"私立","beds_approved":"40","target":"養護","licensed_at":"91.09.30","district":"北區","phone":"06-2591081"}},{"type":"Feature","geometry":{"type":"Point","coordinates":[120.23419,22.967393]},"properties":{"uid":"welfare_02712","name":"臺南市私立有德老人長期照顧中心(養護型)","welfare_class":"elderly_residential","address":"臺南市東區自由路1段61號","city":"臺南市","coord_source":"tgos_upstream","coord_precision":"upstream","src_datasets":"165355|8572","n_src":2,"sub_code":"T0706","permit_status":"C01","inst_code":"DWG00310949","src_system":"長照機構暨長照人員相關管理資訊系統","attr_type":"私立","beds_approved":"48","target":"養護","licensed_at":"102.01.14","district":"東區","phone":"06-3352768"}},{"type":"Feature","geometry":{"type":"Point","coordinates":[120.168122,23.153058]},"properties":{"uid":"welfare_02713","name":"臺南市私立康泰老人長期照顧中心(養護型)","welfare_class":"elderly_residential","address":"臺南市佳里區建南里佳南路799號","city":"臺南市","coord_source":"tgos_upstream","coord_precision":"upstream","src_datasets":"165355|8572","n_src":2,"sub_code":"T0706","permit_status":"C01","inst_code":"DWG00310958","src_system":"長照機構暨長照人員相關管理資訊系統","attr_type":"私立","beds_approved":"48","target":"養護","licensed_at":"102.09.25","district":"佳里區","phone":"06-7222955"}},{"type":"Feature","geometry":{"type":"Point","coordinates":[120.181303,23.234749]},"properties":{"uid":"welfare_02714","name":"臺南市私立馨園老人長期照顧中心(養護型)","welfare_class":"elderly_residential","address":"臺南市學甲區新達里中山路98號","city":"臺南市","coord_source":"tgos_upstream","coord_precision":"upstream","src_datasets":"165355|8572","n_src":2,"sub_code":"T0706","permit_status":"C01","inst_code":"DWG00310967","src_system":"長照機構暨長照人員相關管理資訊系統","attr_type":"私立","beds_approved":"48","target":"養護","licensed_at":"100.07.01","district":"學甲區","phone":"06-7834077"}},{"type":"Feature","geometry":{"type":"Point","coordinates":[120.205335,23.212748]},"properties":{"uid":"welfare_02715","name":"臺南市私立清心園老人長期照顧中心(養護型)","welfare_class":"elderly_residential","address":"臺南市麻豆區港尾里客子寮1-27號","city":"臺南市","coord_source":"tgos_upstream","coord_precision":"upstream","src_datasets":"165355|8572","n_src":2,"sub_code":"T0706","permit_status":"C01","inst_code":"DWG00310976","src_system":"長照機構暨長照人員相關管理資訊系統","attr_type":"私立","beds_approved":"48","target":"養護","licensed_at":"95.11.10","district":"麻豆區","phone":"06-5700010"}},{"type":"Feature","geometry":{"type":"Point","coordinates":[120.383773,23.147157]},"properties":{"uid":"welfare_02716","name":"臺南市私立康慈老人長期照顧中心(養護型)","welfare_class":"elderly_residential","address":"臺南市大內區頭社里頭社83之16號","city":"臺南市","coord_source":"tgos_upstream","coord_precision":"upstream","src_datasets":"165355|8572","n_src":2,"sub_code":"T0706","permit_status":"C01","inst_code":"DWG00310985","src_system":"長照機構暨長照人員相關管理資訊系統","attr_type":"私立","beds_approved":"49","target":"養護","licensed_at":"98.04.06","district":"大內區","phone":"06-5761878"}},{"type":"Feature","geometry":{"type":"Point","coordinates":[120.270351,23.031842]},"properties":{"uid":"welfare_02717","name":"臺南市私立永康慈善老人養護之家","welfare_class":"elderly_residential","address":"臺南市永康區龍潭里龍國街562號","city":"臺南市","coord_source":"tgos_upstream","coord_precision":"upstream","src_datasets":"165355|8572","n_src":2,"sub_code":"T0706","permit_status":"C01","inst_code":"DWG00310994","src_system":"長照機構暨長照人員相關管理資訊系統","attr_type":"私立","beds_approved":"44","target":"養護","licensed_at":"94.11.07","district":"永康區","phone":"06-2015439"}},{"type":"Feature","geometry":{"type":"Point","coordinates":[120.168119,23.15301]},"properties":{"uid":"welfare_02718","name":"臺南市私立康健老人長期照顧中心(養護型)","welfare_class":"elderly_residential","address":"臺南市佳里區建南里佳南路797號","city":"臺南市","coord_source":"tgos_upstream","coord_precision":"upstream","src_datasets":"165355|8572","n_src":2,"sub_code":"T0706","permit_status":"C01","inst_code":"DWG00311001","src_system":"長照機構暨長照人員相關管理資訊系統","attr_type":"私立","beds_approved":"49","target":"養護","licensed_at":"105.01.07","district":"佳里區","phone":"06-7222977"}},{"type":"Feature","geometry":{"type":"Point","coordinates":[120.25395,23.013221]},"properties":{"uid":"welfare_02719","name":"臺南市私立樺馨苑老人長期照顧中心(養護型)","welfare_class":"elderly_residential","address":"臺南市永康區網寮里大灣路942巷641弄75號","city":"臺南市","coord_source":"tgos_upstream","coord_precision":"upstream","src_datasets":"165355|8572","n_src":2,"sub_code":"T0706","permit_status":"C01","inst_code":"DWG00311010","src_system":"長照機構暨長照人員相關管理資訊系統","attr_type":"私立","beds_approved":"48","target":"養護","licensed_at":"103.07.28","district":"永康區","phone":"06-2719998"}},{"type":"Feature","geometry":{"type":"Point","coordinates":[120.228551,22.955703]},"properties":{"uid":"welfare_02720","name":"臺南市私立慈安老人長期照顧中心(養護型)","welfare_class":"elderly_residential","address":"臺南市仁德區成功里成功二街200號","city":"臺南市","coord_source":"tgos_upstream","coord_precision":"upstream","src_datasets":"165355|8572","n_src":2,"sub_code":"T0706","permit_status":"C01","inst_code":"DWG00311029","src_system":"長照機構暨長照人員相關管理資訊系統","attr_type":"私立","beds_approved":"48","target":"養護","licensed_at":"99.05.21","district":"仁德區","phone":"06-2905728"}},{"type":"Feature","geometry":{"type":"Point","coordinates":[120.20101,23.129669]},"properties":{"uid":"welfare_02721","name":"臺南市私立家園老人養護中心","welfare_class":"elderly_residential","address":"臺南市西港區慶安里中山路479號","city":"臺南市","coord_source":"tgos_upstream","coord_precision":"upstream","src_datasets":"165355|8572","n_src":2,"sub_code":"T0706","permit_status":"C01","inst_code":"DWG00311038","src_system":"長照機構暨長照人員相關管理資訊系統","attr_type":"私立","beds_approved":"49","target":"養護","licensed_at":"96.02.08","district":"西港區","phone":"06-7955282"}},{"type":"Feature","geometry":{"type":"Point","coordinates":[120.22922,23.022736]},"properties":{"uid":"welfare_02722","name":"臺南市私立維康老人養護中心","welfare_class":"elderly_residential","address":"臺南市永康區大橋里大橋五街151號","city":"臺南市","coord_source":"tgos_upstream","coord_precision":"upstream","src_datasets":"165355|8572","n_src":2,"sub_code":"T0706","permit_status":"C01","inst_code":"DWG00311047","src_system":"長照機構暨長照人員相關管理資訊系統","attr_type":"私立","beds_approved":"39","target":"養護","licensed_at":"96.01.11","district":"永康區","phone":"06-3027655"}},{"type":"Feature","geometry":{"type":"Point","coordinates":[120.187121,23.083618]},"properties":{"uid":"welfare_02723","name":"臺南市私立春柏老人長期照顧中心(養護型)","welfare_class":"elderly_residential","address":"臺南市西港區永樂里溪埔寮162號","city":"臺南市","coord_source":"tgos_upstream","coord_precision":"upstream","src_datasets":"165355|8572","n_src":2,"sub_code":"T0706","permit_status":"C01","inst_code":"DWG00311056","src_system":"長照機構暨長照人員相關管理資訊系統","attr_type":"私立","beds_approved":"48","target":"養護","licensed_at":"104.11.18","district":"西港區","phone":"06-7955397"}},{"type":"Feature","geometry":{"type":"Point","coordinates":[120.209892,23.004259]},"properties":{"uid":"welfare_02724","name":"財團法人台灣省私立台南仁愛之家康寧園安養中心","welfare_class":"elderly_residential","uni_no":"69118905","address":"臺南市北區公園路321巷8號","city":"臺南市","coord_source":"tgos_upstream","coord_precision":"upstream","src_datasets":"165355","n_src":1,"sub_code":"T0708","permit_status":"C01","inst_code":"DWJ00306248","src_system":"長照機構暨長照人員相關管理資訊系統"}},{"type":"Feature","geometry":{"type":"Point","coordinates":[120.258709,23.191358]},"properties":{"uid":"welfare_02725","name":"財團法人台灣省私立普門仁愛之家","welfare_class":"elderly_residential","address":"臺南市麻豆區南勢里關帝廟23之15號","city":"臺南市","coord_source":"tgos_upstream","coord_precision":"upstream","src_datasets":"165355|8572","n_src":2,"sub_code":"T0708","permit_status":"C01","inst_code":"DWJ00309254","src_system":"長照機構暨長照人員相關管理資訊系統","attr_type":"私立","beds_approved":"72","target":"安養\n養護","licensed_at":"62.11","district":"麻豆區","phone":"06-5722384"}},{"type":"Feature","geometry":{"type":"Point","coordinates":[120.302349,22.716397]},"properties":{"uid":"welfare_03397","name":"國軍退除役官兵輔導委員會高雄榮譽國民之家","welfare_class":"elderly_residential","uni_no":"39301617","address":"高雄市楠梓區加昌路631號","city":"高雄市","coord_source":"tgos_upstream","coord_precision":"upstream","src_datasets":"165355","n_src":1,"sub_code":"T0605","permit_status":"C04","inst_code":"EFE00347253","src_system":"長照機構暨長照人員相關管理資訊系統"}},{"type":"Feature","geometry":{"type":"Point","coordinates":[120.362099,22.786321]},"properties":{"uid":"welfare_03398","name":"國軍退除役官兵輔導委員會岡山榮譽國民之家","welfare_class":"elderly_residential","uni_no":"88500212","address":"高雄市燕巢區成功路1號","city":"高雄市","coord_source":"tgos_upstream","coord_precision":"upstream","src_datasets":"165355","n_src":1,"sub_code":"T0605","permit_status":"C04","inst_code":"EFE00347262","src_system":"長照機構暨長照人員相關管理資訊系統"}},{"type":"Feature","geometry":{"type":"Point","coordinates":[120.418893,22.780995]},"properties":{"uid":"welfare_03592","name":"高雄市政府社會局仁愛之家","welfare_class":"elderly_residential","address":"高雄市燕巢區深水里深水路1號","city":"高雄市","coord_source":"tgos_upstream","coord_precision":"upstream","src_datasets":"165355|8572","n_src":2,"sub_code":"T0705","permit_status":"C01","inst_code":"EWF00309022","src_system":"長照機構暨長照人員相關管理資訊系統","attr_type":"公立","beds_approved":"424","target":"養護\n安養","licensed_at":"61.03.01","district":"燕巢區","phone":"07-6151439"}},{"type":"Feature","geometry":{"type":"Point","coordinates":[120.376681,22.766883]},"properties":{"uid":"welfare_03593","name":"財團法人濟興長青基金會附設高雄市私立濟興長青園老人長期照顧中心（長期照護型）","welfare_class":"elderly_residential","address":"高雄市燕巢區橫山路72號","city":"高雄市","coord_source":"tgos_upstream","coord_precision":"upstream","src_datasets":"165355|8572","n_src":2,"sub_code":"T0705","permit_status":"C01","inst_code":"EWF00312794","src_system":"長照機構暨長照人員相關管理資訊系統","attr_type":"私立","beds_approved":"95","target":"長期照護","licensed_at":"102.04.24","district":"燕巢區","phone":"07-6155548"}},{"type":"Feature","geometry":{"type":"Point","coordinates":[120.419321,22.644375]},"properties":{"uid":"welfare_03594","name":"高雄市私立博仁老人長期照顧中心（長期照護型）","welfare_class":"elderly_residential","address":"高雄市大寮區九和路23、25號1至2樓","city":"高雄市","coord_source":"tgos_upstream","coord_precision":"upstream","src_datasets":"165355|8572","n_src":2,"sub_code":"T0705","permit_status":"C01","inst_code":"EWF00313243","src_system":"長照機構暨長照人員相關管理資訊系統","attr_type":"私立","beds_approved":"49","target":"長期照護","licensed_at":"105.01.05","district":"大寮區","phone":"07-6518879"}},{"type":"Feature","geometry":{"type":"Point","coordinates":[120.395844,22.51958]},"properties":{"uid":"welfare_03595","name":"高雄市私立親育園老人養護中心","welfare_class":"elderly_residential","address":"高雄市林園區鳳林路3段127號1樓","city":"高雄市","coord_source":"tgos_upstream","coord_precision":"upstream","src_datasets":"165355|8572","n_src":2,"sub_code":"T0706","permit_status":"C01","inst_code":"EWG00303162","src_system":"長照機構暨長照人員相關管理資訊系統","attr_type":"私立","beds_approved":"43","target":"養護","licensed_at":"92.01.21","district":"林園區","phone":"07-6466535"}},{"type":"Feature","geometry":{"type":"Point","coordinates":[120.396315,22.510621]},"properties":{"uid":"welfare_03596","name":"高雄市私立祐德老人長期照顧中心（養護型）","welfare_class":"elderly_residential","address":"高雄市林園區鳳林路2段700號1至3樓","city":"高雄市","coord_source":"tgos_upstream","coord_precision":"upstream","src_datasets":"165355|8572","n_src":2,"sub_code":"T0706","permit_status":"C01","inst_code":"EWG00303171","src_system":"長照機構暨長照人員相關管理資訊系統","attr_type":"私立","beds_approved":"49","target":"養護","licensed_at":"105.10.24","district":"林園區","phone":"07-6427307"}},{"type":"Feature","geometry":{"type":"Point","coordinates":[120.269263,22.766152]},"properties":{"uid":"welfare_03597","name":"高雄市私立宏鑫老人長期照顧中心（養護型）","welfare_class":"elderly_residential","address":"高雄市梓官區公館路139號1至3樓","city":"高雄市","coord_source":"google","coord_precision":"exact","src_datasets":"165355|8572","n_src":2,"sub_code":"T0706","permit_status":"C01","inst_code":"EWG00308680","src_system":"長照機構暨長照人員相關管理資訊系統","attr_type":"私立","beds_approved":"49","target":"養護","licensed_at":"108.03.21","district":"梓官區","phone":"07-6103630"}},{"type":"Feature","geometry":{"type":"Point","coordinates":[120.296713,22.740113]},"properties":{"uid":"welfare_03598","name":"高雄市私立萬冠老人長期照顧中心（養護型）","welfare_class":"elderly_residential","address":"高雄市橋頭區甲樹路1208號1至2樓","city":"高雄市","coord_source":"tgos_upstream","coord_precision":"upstream","src_datasets":"165355|8572","n_src":2,"sub_code":"T0706","permit_status":"C01","inst_code":"EWG00308699","src_system":"長照機構暨長照人員相關管理資訊系統","attr_type":"私立","beds_approved":"48","target":"養護","licensed_at":"108.05.16","district":"橋頭區","phone":"07-6130032"}},{"type":"Feature","geometry":{"type":"Point","coordinates":[120.337666,22.681007]},"properties":{"uid":"welfare_03599","name":"高雄市私立鑫安大老人長期照顧中心(養護型)","welfare_class":"elderly_residential","address":"高雄市仁武區北屋六街57號2樓","city":"高雄市","coord_source":"tgos_upstream","coord_precision":"upstream","src_datasets":"165355|8572","n_src":2,"sub_code":"T0706","permit_status":"C01","inst_code":"EWG00309337","src_system":"長照機構暨長照人員相關管理資訊系統","attr_type":"私立","beds_approved":"49","target":"養護","licensed_at":"108.10.01","district":"仁武區","phone":"07-3736369"}},{"type":"Feature","geometry":{"type":"Point","coordinates":[120.337666,22.681007]},"properties":{"uid":"welfare_03600","name":"高雄市私立鑫安泰老人長期照顧中心(養護型)","welfare_class":"elderly_residential","address":"高雄市仁武區北屋六街57號1樓","city":"高雄市","coord_source":"tgos_upstream","coord_precision":"upstream","src_datasets":"165355|8572","n_src":2,"sub_code":"T0706","permit_status":"C01","inst_code":"EWG00309346","src_system":"長照機構暨長照人員相關管理資訊系統","attr_type":"私立","beds_approved":"49","target":"養護","licensed_at":"108.10.01","district":"仁武區","phone":"07-3736635"}},{"type":"Feature","geometry":{"type":"Point","coordinates":[120.317673,22.615482]},"properties":{"uid":"welfare_03601","name":"高雄市私立溫心養護中心","welfare_class":"elderly_residential","address":"高雄市前鎮區廣西路200號1-3樓","city":"高雄市","coord_source":"tgos_upstream","coord_precision":"upstream","src_datasets":"165355|8572","n_src":2,"sub_code":"T0706","permit_status":"C01","inst_code":"EWG00312117","src_system":"長照機構暨長照人員相關管理資訊系統","attr_type":"私立","beds_approved":"49","target":"養護","licensed_at":"94.01.11","district":"前鎮區","phone":"07-3339696"}},{"type":"Feature","geometry":{"type":"Point","coordinates":[120.328256,22.608626]},"properties":{"uid":"welfare_03602","name":"高雄市私立耀群老人長期照顧中心(養護型)","welfare_class":"elderly_residential","address":"高雄市前鎮區瑞北路241號1-2樓","city":"高雄市","coord_source":"tgos_upstream","coord_precision":"upstream","src_datasets":"165355|8572","n_src":2,"sub_code":"T0706","permit_status":"C01","inst_code":"EWG00312126","src_system":"長照機構暨長照人員相關管理資訊系統","attr_type":"私立","beds_approved":"47","target":"養護","licensed_at":"89.09.21","district":"前鎮區","phone":"07-7171168"}},{"type":"Feature","geometry":{"type":"Point","coordinates":[120.320742,22.578544]},"properties":{"uid":"welfare_03603","name":"高雄市私立上和老人長期照顧中心(養護型)","welfare_class":"elderly_residential","address":"高雄市前鎮區草衙中街95號","city":"高雄市","coord_source":"tgos_upstream","coord_precision":"upstream","src_datasets":"165355|8572","n_src":2,"sub_code":"T0706","permit_status":"C01","inst_code":"EWG00312135","src_system":"長照機構暨長照人員相關管理資訊系統","attr_type":"私立","beds_approved":"38","target":"養護","licensed_at":"104.08.11","district":"前鎮區","phone":"07-8127575"}},{"type":"Feature","geometry":{"type":"Point","coordinates":[120.366916,22.564681]},"properties":{"uid":"welfare_03604","name":"高雄市私立瑞翁老人長期照顧中心(養護型)","welfare_class":"elderly_residential","address":"高雄市小港區水秀路35號1樓","city":"高雄市","coord_source":"tgos_upstream","coord_precision":"upstream","src_datasets":"165355|8572","n_src":2,"sub_code":"T0706","permit_status":"C01","inst_code":"EWG00312144","src_system":"長照機構暨長照人員相關管理資訊系統","attr_type":"私立","beds_approved":"46","target":"養護","licensed_at":"94.12.27","district":"小港區","phone":"07-8038600"}},{"type":"Feature","geometry":{"type":"Point","coordinates":[120.389121,22.562306]},"properties":{"uid":"welfare_03605","name":"高雄市私立人愛養護之家","welfare_class":"elderly_residential","address":"高雄市小港區高坪二十三路712號2-3樓","city":"高雄市","coord_source":"tgos_upstream","coord_precision":"upstream","src_datasets":"165355|8572","n_src":2,"sub_code":"T0706","permit_status":"C01","inst_code":"EWG00312153","src_system":"長照機構暨長照人員相關管理資訊系統","attr_type":"私立","beds_approved":"44","target":"養護","licensed_at":"95.04.26","district":"小港區","phone":"07-8913131"}},{"type":"Feature","geometry":{"type":"Point","coordinates":[120.361165,22.570197]},"properties":{"uid":"welfare_03606","name":"高雄市私立祐安養護中心","welfare_class":"elderly_residential","address":"高雄市小港區宏平路292號1-4樓","city":"高雄市","coord_source":"tgos_upstream","coord_precision":"upstream","src_datasets":"165355|8572","n_src":2,"sub_code":"T0706","permit_status":"C01","inst_code":"EWG00312162","src_system":"長照機構暨長照人員相關管理資訊系統","attr_type":"私立","beds_approved":"48","target":"養護","licensed_at":"100.06.01","district":"小港區","phone":"07-8036565"}},{"type":"Feature","geometry":{"type":"Point","coordinates":[120.393997,22.557175]},"properties":{"uid":"welfare_03607","name":"高雄市私立康庭老人長期照顧中心(養護型)","welfare_class":"elderly_residential","address":"高雄市小港區高坪二十街25巷51號1-2樓","city":"高雄市","coord_source":"tgos_upstream","coord_precision":"upstream","src_datasets":"165355|8572","n_src":2,"sub_code":"T0706","permit_status":"C01","inst_code":"EWG00312171","src_system":"長照機構暨長照人員相關管理資訊系統","attr_type":"私立","beds_approved":"40","target":"養護","licensed_at":"101.03.12","district":"小港區","phone":"07-8913966"}},{"type":"Feature","geometry":{"type":"Point","coordinates":[120.296142,22.614184]},"properties":{"uid":"welfare_03608","name":"信義醫療財團法人附設高雄市私立方舟養護之家","welfare_class":"elderly_residential","address":"高雄市苓雅區成功一路135巷26號1-5樓","city":"高雄市","coord_source":"tgos_upstream","coord_precision":"upstream","src_datasets":"165355|8572","n_src":2,"sub_code":"T0706","permit_status":"C01","inst_code":"EWG00312180","src_system":"長照機構暨長照人員相關管理資訊系統","attr_type":"私立","beds_approved":"86","target":"養護","licensed_at":"90.07.31","district":"苓雅區","phone":"07-3321111"}},{"type":"Feature","geometry":{"type":"Point","coordinates":[120.344845,22.633413]},"properties":{"uid":"welfare_03609","name":"高雄市私立吉翁養護之家","welfare_class":"elderly_residential","address":"高雄市苓雅區澄清路200號1-2樓","city":"高雄市","coord_source":"tgos_upstream","coord_precision":"upstream","src_datasets":"165355|8572","n_src":2,"sub_code":"T0706","permit_status":"C01","inst_code":"EWG00312199","src_system":"長照機構暨長照人員相關管理資訊系統","attr_type":"私立","beds_approved":"46","target":"養護","licensed_at":"89.10.13","district":"苓雅區","phone":"07-7470522"}},{"type":"Feature","geometry":{"type":"Point","coordinates":[120.293958,22.645938]},"properties":{"uid":"welfare_03610","name":"高雄市私立新松柏養護之家","welfare_class":"elderly_residential","address":"高雄市三民區十全二路323號4樓","city":"高雄市","coord_source":"tgos_upstream","coord_precision":"upstream","src_datasets":"165355|8572","n_src":2,"sub_code":"T0706","permit_status":"C01","inst_code":"EWG00312207","src_system":"長照機構暨長照人員相關管理資訊系統","attr_type":"私立","beds_approved":"43","target":"養護","licensed_at":"88.02.08","district":"三民區","phone":"07-3229507"}},{"type":"Feature","geometry":{"type":"Point","coordinates":[120.332209,22.646298]},"properties":{"uid":"welfare_03611","name":"高雄市私立安大老人長期照顧中心(養護型)","welfare_class":"elderly_residential","address":"高雄市三民區大昌二路268號3樓","city":"高雄市","coord_source":"tgos_upstream","coord_precision":"upstream","src_datasets":"165355|8572","n_src":2,"sub_code":"T0706","permit_status":"C01","inst_code":"EWG00312216","src_system":"長照機構暨長照人員相關管理資訊系統","attr_type":"私立","beds_approved":"49","target":"養護","licensed_at":"102.05.29","district":"三民區","phone":"07-3978666"}},{"type":"Feature","geometry":{"type":"Point","coordinates":[120.332209,22.646298]},"properties":{"uid":"welfare_03612","name":"高雄市私立安泰老人長期照顧中心(養護型)","welfare_class":"elderly_residential","address":"高雄市三民區大昌二路268號4樓","city":"高雄市","coord_source":"tgos_upstream","coord_precision":"upstream","src_datasets":"165355|8572","n_src":2,"sub_code":"T0706","permit_status":"C01","inst_code":"EWG00312225","src_system":"長照機構暨長照人員相關管理資訊系統","attr_type":"私立","beds_approved":"49","target":"養護","licensed_at":"99.12.08","district":"三民區","phone":"07-3907789"}},{"type":"Feature","geometry":{"type":"Point","coordinates":[120.332125,22.647863]},"properties":{"uid":"welfare_03613","name":"高雄市私立立昌老人長期照顧中心(養護型)","welfare_class":"elderly_residential","address":"高雄市三民區大昌二路346號4、5樓","city":"高雄市","coord_source":"tgos_upstream","coord_precision":"upstream","src_datasets":"165355|8572","n_src":2,"sub_code":"T0706","permit_status":"C01","inst_code":"EWG00312234","src_system":"長照機構暨長照人員相關管理資訊系統","attr_type":"私立","beds_approved":"31","target":"養護","licensed_at":"97.11.04","district":"三民區","phone":"07-3835495"}},{"type":"Feature","geometry":{"type":"Point","coordinates":[120.302533,22.642824]},"properties":{"uid":"welfare_03614","name":"高雄市私立德安養護之家","welfare_class":"elderly_residential","address":"高雄市三民區博愛一路55號11樓","city":"高雄市","coord_source":"tgos_upstream","coord_precision":"upstream","src_datasets":"165355|8572","n_src":2,"sub_code":"T0706","permit_status":"C01","inst_code":"EWG00312243","src_system":"長照機構暨長照人員相關管理資訊系統","attr_type":"私立","beds_approved":"47","target":"養護","licensed_at":"88.09.06","district":"三民區","phone":"07-3121010"}},{"type":"Feature","geometry":{"type":"Point","coordinates":[120.392689,22.597114]},"properties":{"uid":"welfare_03615","name":"財團法人高雄市私立張簡秋風社會福利慈善事業基金會附設高雄市私立松喬老人養護中心","welfare_class":"elderly_residential","address":"高雄市大寮區內坑里內坑路77之36號B1-3樓","city":"高雄市","coord_source":"tgos_upstream","coord_precision":"upstream","src_datasets":"165355|8572","n_src":2,"sub_code":"T0706","permit_status":"C01","inst_code":"EWG00312252","src_system":"長照機構暨長照人員相關管理資訊系統","attr_type":"私立","beds_approved":"110","target":"養護","licensed_at":"92.06.06","district":"大寮區","phone":"07-7830789"}},{"type":"Feature","geometry":{"type":"Point","coordinates":[120.397311,22.640025]},"properties":{"uid":"welfare_03616","name":"財團法人台灣省私立高雄仁愛之家","welfare_class":"elderly_residential","address":"高雄市大寮區後庄里民順街1號","city":"高雄市","coord_source":"tgos_upstream","coord_precision":"upstream","src_datasets":"165355|8572","n_src":2,"sub_code":"T0706","permit_status":"C01","inst_code":"EWG00312261","src_system":"長照機構暨長照人員相關管理資訊系統","attr_type":"私立","beds_approved":"398","target":"安養\n養護","licensed_at":"66.05","district":"大寮區","phone":"07-7037380"}},{"type":"Feature","geometry":{"type":"Point","coordinates":[120.414109,22.57514]},"properties":{"uid":"welfare_03617","name":"財團法人高雄市私立永安老人養護中心","welfare_class":"elderly_residential","address":"高雄市大寮區過溪里濃中街12號1-5樓","city":"高雄市","coord_source":"tgos_upstream","coord_precision":"upstream","src_datasets":"165355|8572","n_src":2,"sub_code":"T0706","permit_status":"C01","inst_code":"EWG00312270","src_system":"長照機構暨長照人員相關管理資訊系統","attr_type":"私立","beds_approved":"45","target":"養護","licensed_at":"85.05.21","district":"大寮區","phone":"07-7881876"}},{"type":"Feature","geometry":{"type":"Point","coordinates":[120.436147,22.707232]},"properties":{"uid":"welfare_03618","name":"高雄市私立千葉老人長期照顧中心(養護型)","welfare_class":"elderly_residential","address":"高雄市大樹區姑山里姑山路19之1號1樓","city":"高雄市","coord_source":"tgos_upstream","coord_precision":"upstream","src_datasets":"165355|8572","n_src":2,"sub_code":"T0706","permit_status":"C01","inst_code":"EWG00312289","src_system":"長照機構暨長照人員相關管理資訊系統","attr_type":"私立","beds_approved":"46","target":"養護","licensed_at":"101.07.10","district":"大樹區","phone":"07-6565119"}},{"type":"Feature","geometry":{"type":"Point","coordinates":[120.436119,22.706997]},"properties":{"uid":"welfare_03619","name":"高雄市私立新樂園老人長期照顧中心（養護型）","welfare_class":"elderly_residential","address":"高雄市大樹區姑山里姑山路19之2號1樓","city":"高雄市","coord_source":"tgos_upstream","coord_precision":"upstream","src_datasets":"165355|8572","n_src":2,"sub_code":"T0706","permit_status":"C01","inst_code":"EWG00312298","src_system":"長照機構暨長照人員相關管理資訊系統","attr_type":"私立","beds_approved":"46","target":"養護","licensed_at":"104.06.02","district":"大樹區","phone":"07-6565119"}},{"type":"Feature","geometry":{"type":"Point","coordinates":[120.347755,22.566448]},"properties":{"uid":"welfare_03620","name":"高雄市私立祥和養護中心","welfare_class":"elderly_residential","address":"高雄市小港區民益路27號1-6樓","city":"高雄市","coord_source":"tgos_upstream","coord_precision":"upstream","src_datasets":"165355|8572","n_src":2,"sub_code":"T0706","permit_status":"C01","inst_code":"EWG00312306","src_system":"長照機構暨長照人員相關管理資訊系統","attr_type":"私立","beds_approved":"43","target":"養護","licensed_at":"96.12.20","district":"小港區","phone":"07-8063516"}},{"type":"Feature","geometry":{"type":"Point","coordinates":[120.355016,22.563946]},"properties":{"uid":"welfare_03621","name":"高雄市私立傳祐老人長期照顧中心(養護型)","welfare_class":"elderly_residential","address":"高雄市小港區沿海一路377號1至3樓","city":"高雄市","coord_source":"tgos_upstream","coord_precision":"upstream","src_datasets":"165355|8572","n_src":2,"sub_code":"T0706","permit_status":"C01","inst_code":"EWG00312315","src_system":"長照機構暨長照人員相關管理資訊系統","attr_type":"私立","beds_approved":"49","target":"養護","licensed_at":"103.02.18","district":"小港區","phone":"07-8071593"}},{"type":"Feature","geometry":{"type":"Point","coordinates":[120.354906,22.584505]},"properties":{"uid":"welfare_03622","name":"高雄市私立中安崇恩老人長期照顧中心(養護型)","welfare_class":"elderly_residential","address":"高雄市小港區桂園路106號","city":"高雄市","coord_source":"tgos_upstream","coord_precision":"upstream","src_datasets":"165355|8572","n_src":2,"sub_code":"T0706","permit_status":"C01","inst_code":"EWG00312324","src_system":"長照機構暨長照人員相關管理資訊系統","attr_type":"私立","beds_approved":"49","target":"養護","licensed_at":"104.12.29","district":"小港區","phone":"07-7915106"}},{"type":"Feature","geometry":{"type":"Point","coordinates":[120.345156,22.675744]},"properties":{"uid":"welfare_03623","name":"高雄市私立大灣家園老人長期照顧中心(養護型)","welfare_class":"elderly_residential","address":"高雄市仁武區仁孝路450巷15號1-4樓","city":"高雄市","coord_source":"tgos_upstream","coord_precision":"upstream","src_datasets":"165355|8572","n_src":2,"sub_code":"T0706","permit_status":"C01","inst_code":"EWG00312333","src_system":"長照機構暨長照人員相關管理資訊系統","attr_type":"私立","beds_approved":"36","target":"養護","licensed_at":"102.04.18","district":"仁武區","phone":"07-3746110"}},{"type":"Feature","geometry":{"type":"Point","coordinates":[120.365031,22.685338]},"properties":{"uid":"welfare_03624","name":"高雄市明山慈安居老人養護中心","welfare_class":"elderly_residential","address":"高雄市仁武區考潭里成功路5號1-3樓","city":"高雄市","coord_source":"tgos_upstream","coord_precision":"upstream","src_datasets":"165355|8572","n_src":2,"sub_code":"T0706","permit_status":"C01","inst_code":"EWG00312342","src_system":"長照機構暨長照人員相關管理資訊系統","attr_type":"公辦民營","beds_approved":"90","target":"養護","licensed_at":"95.05.09","district":"仁武區","phone":"07-3722268"}},{"type":"Feature","geometry":{"type":"Point","coordinates":[120.454926,22.912696]},"properties":{"uid":"welfare_03625","name":"財團法人高雄市私立萃文書院社會福利慈善事業基金會附設萃文佛恩養護院","welfare_class":"elderly_residential","address":"高雄市內門區觀亭里番子路16之10號B1-4樓","city":"高雄市","coord_source":"tgos_upstream","coord_precision":"upstream","src_datasets":"165355|8572","n_src":2,"sub_code":"T0706","permit_status":"C01","inst_code":"EWG00312351","src_system":"長照機構暨長照人員相關管理資訊系統","attr_type":"私立","beds_approved":"180","target":"養護","licensed_at":"94.09.02","district":"內門區","phone":"07-6672888"}},{"type":"Feature","geometry":{"type":"Point","coordinates":[120.296521,22.690102]},"properties":{"uid":"welfare_03626","name":"高雄市私立慈祐老人長期照顧中心(養護型)","welfare_class":"elderly_residential","address":"高雄市左營區左營大路554巷7號1-3樓","city":"高雄市","coord_source":"tgos_upstream","coord_precision":"upstream","src_datasets":"165355|8572","n_src":2,"sub_code":"T0706","permit_status":"C01","inst_code":"EWG00312360","src_system":"長照機構暨長照人員相關管理資訊系統","attr_type":"私立","beds_approved":"37","target":"養護","licensed_at":"97.05.21","district":"左營區","phone":"07-5889035"}},{"type":"Feature","geometry":{"type":"Point","coordinates":[120.320153,22.686684]},"properties":{"uid":"welfare_03627","name":"高雄市私立新如意老人長期照顧中心(養護型)","welfare_class":"elderly_residential","address":"高雄市左營區民族一路1167號1、2樓","city":"高雄市","coord_source":"tgos_upstream","coord_precision":"upstream","src_datasets":"165355|8572","n_src":2,"sub_code":"T0706","permit_status":"C01","inst_code":"EWG00312379","src_system":"長照機構暨長照人員相關管理資訊系統","attr_type":"私立","beds_approved":"38","target":"養護","licensed_at":"94.02.05","district":"左營區","phone":"07-3101731"}},{"type":"Feature","geometry":{"type":"Point","coordinates":[120.320153,22.686684]},"properties":{"uid":"welfare_03628","name":"高雄市私立新吉祥養護之家","welfare_class":"elderly_residential","address":"高雄市左營區民族一路1167號3、4樓","city":"高雄市","coord_source":"tgos_upstream","coord_precision":"upstream","src_datasets":"165355|8572","n_src":2,"sub_code":"T0706","permit_status":"C01","inst_code":"EWG00312388","src_system":"長照機構暨長照人員相關管理資訊系統","attr_type":"私立","beds_approved":"45","target":"養護","licensed_at":"94.02.05","district":"左營區","phone":"07-3422435"}},{"type":"Feature","geometry":{"type":"Point","coordinates":[120.314701,22.685033]},"properties":{"uid":"welfare_03629","name":"高雄市私立日光樂家老人長期照顧中心（養護型）","welfare_class":"elderly_residential","address":"高雄市左營區博愛四路250號2樓","city":"高雄市","coord_source":"tgos_upstream","coord_precision":"upstream","src_datasets":"165355|8572","n_src":2,"sub_code":"T0706","permit_status":"C01","inst_code":"EWG00312397","src_system":"長照機構暨長照人員相關管理資訊系統","attr_type":"私立","beds_approved":"41","target":"養護","licensed_at":"100.07.20","district":"左營區","phone":"07-3482999"}},{"type":"Feature","geometry":{"type":"Point","coordinates":[120.308597,22.678125]},"properties":{"uid":"welfare_03630","name":"高雄市私立安康養護之家","welfare_class":"elderly_residential","address":"高雄市左營區曾子路211號1樓","city":"高雄市","coord_source":"tgos_upstream","coord_precision":"upstream","src_datasets":"165355|8572","n_src":2,"sub_code":"T0706","permit_status":"C01","inst_code":"EWG00312405","src_system":"長照機構暨長照人員相關管理資訊系統","attr_type":"私立","beds_approved":"44","target":"養護","licensed_at":"90.01.31","district":"左營區","phone":"07-3461008"}},{"type":"Feature","geometry":{"type":"Point","coordinates":[120.322427,22.612922]},"properties":{"uid":"welfare_03631","name":"高雄市私立合信老人長期照顧中心（養護型）","welfare_class":"elderly_residential","address":"高雄市前鎮區和平二路203、207號11樓","city":"高雄市","coord_source":"tgos_upstream","coord_precision":"upstream","src_datasets":"165355|8572","n_src":2,"sub_code":"T0706","permit_status":"C01","inst_code":"EWG00312414","src_system":"長照機構暨長照人員相關管理資訊系統","attr_type":"私立","beds_approved":"36","target":"養護","licensed_at":"98.03.10","district":"前鎮區","phone":"07-7220726"}},{"type":"Feature","geometry":{"type":"Point","coordinates":[120.322366,22.615518]},"properties":{"uid":"welfare_03632","name":"高雄市私立心橋老人長期照顧中心（養護型）","welfare_class":"elderly_residential","address":"高雄市前鎮區和平二路203、205號3樓","city":"高雄市","coord_source":"tgos_upstream","coord_precision":"upstream","src_datasets":"165355|8572","n_src":2,"sub_code":"T0706","permit_status":"C01","inst_code":"EWG00312423","src_system":"長照機構暨長照人員相關管理資訊系統","attr_type":"私立","beds_approved":"39","target":"養護","licensed_at":"100.2.11","district":"前鎮區","phone":"07-7224765"}},{"type":"Feature","geometry":{"type":"Point","coordinates":[120.322427,22.612922]},"properties":{"uid":"welfare_03633","name":"高雄市私立安仁老人長期照顧中心(養護型)","welfare_class":"elderly_residential","address":"高雄市前鎮區和平二路203、205、207號4樓","city":"高雄市","coord_source":"tgos_upstream","coord_precision":"upstream","src_datasets":"165355|8572","n_src":2,"sub_code":"T0706","permit_status":"C01","inst_code":"EWG00312432","src_system":"長照機構暨長照人員相關管理資訊系統","attr_type":"私立","beds_approved":"49","target":"養護","licensed_at":"97.01.02","district":"前鎮區","phone":"07-7226456"}},{"type":"Feature","geometry":{"type":"Point","coordinates":[120.322427,22.612922]},"properties":{"uid":"welfare_03634","name":"高雄市私立全人老人長期照顧中心(養護型)","welfare_class":"elderly_residential","address":"高雄市前鎮區和平二路203號6樓","city":"高雄市","coord_source":"tgos_upstream","coord_precision":"upstream","src_datasets":"165355|8572","n_src":2,"sub_code":"T0706","permit_status":"C01","inst_code":"EWG00312441","src_system":"長照機構暨長照人員相關管理資訊系統","attr_type":"私立","beds_approved":"31","target":"養護","licensed_at":"101.01.06","district":"前鎮區","phone":"07-7617665"}},{"type":"Feature","geometry":{"type":"Point","coordinates":[120.322343,22.612974]},"properties":{"uid":"welfare_03635","name":"高雄市私立雙喜老人長期照顧中心（養護型）","welfare_class":"elderly_residential","address":"高雄市前鎮區和平二路205、207號10樓","city":"高雄市","coord_source":"tgos_upstream","coord_precision":"upstream","src_datasets":"165355|8572","n_src":2,"sub_code":"T0706","permit_status":"C01","inst_code":"EWG00312450","src_system":"長照機構暨長照人員相關管理資訊系統","attr_type":"私立","beds_approved":"47","target":"養護","licensed_at":"98.12.25","district":"前鎮區","phone":"07-7224765"}},{"type":"Feature","geometry":{"type":"Point","coordinates":[120.322343,22.612974]},"properties":{"uid":"welfare_03636","name":"高雄市私立安和老人長期照顧中心（養護型）","welfare_class":"elderly_residential","address":"高雄市前鎮區和平二路205、207號12樓","city":"高雄市","coord_source":"tgos_upstream","coord_precision":"upstream","src_datasets":"165355|8572","n_src":2,"sub_code":"T0706","permit_status":"C01","inst_code":"EWG00312469","src_system":"長照機構暨長照人員相關管理資訊系統","attr_type":"私立","beds_approved":"49","target":"養護","licensed_at":"97.01.02","district":"前鎮區","phone":"07-7226456"}},{"type":"Feature","geometry":{"type":"Point","coordinates":[120.322343,22.612974]},"properties":{"uid":"welfare_03637","name":"高雄市私立親親老人長期照顧中心（養護型）","welfare_class":"elderly_residential","address":"高雄市前鎮區和平二路205、207號5樓","city":"高雄市","coord_source":"tgos_upstream","coord_precision":"upstream","src_datasets":"165355|8572","n_src":2,"sub_code":"T0706","permit_status":"C01","inst_code":"EWG00312478","src_system":"長照機構暨長照人員相關管理資訊系統","attr_type":"私立","beds_approved":"46","target":"養護","licensed_at":"102.07.15","district":"前鎮區","phone":"07-7220251"}},{"type":"Feature","geometry":{"type":"Point","coordinates":[120.322421,22.613012]},"properties":{"uid":"welfare_03638","name":"高雄市私立和信老人長期照顧中心 (養護型)","welfare_class":"elderly_residential","address":"高雄市前鎮區和平二路207號6樓、203號7樓","city":"高雄市","coord_source":"tgos_upstream","coord_precision":"upstream","src_datasets":"165355|8572","n_src":2,"sub_code":"T0706","permit_status":"C01","inst_code":"EWG00312487","src_system":"長照機構暨長照人員相關管理資訊系統","attr_type":"私立","beds_approved":"47","target":"養護","licensed_at":"101.01.11","district":"前鎮區","phone":"07-7220726"}},{"type":"Feature","geometry":{"type":"Point","coordinates":[120.323944,22.582059]},"properties":{"uid":"welfare_03639","name":"高雄市私立幸福一家老人長期照顧中心（養護型）","welfare_class":"elderly_residential","address":"高雄市前鎮區漁港路93-1號","city":"高雄市","coord_source":"tgos_upstream","coord_precision":"upstream","src_datasets":"165355|8572","n_src":2,"sub_code":"T0706","permit_status":"C01","inst_code":"EWG00312496","src_system":"長照機構暨長照人員相關管理資訊系統","attr_type":"私立","beds_approved":"49","target":"養護","licensed_at":"106.3.29","district":"前鎮區","phone":"07-8157277"}},{"type":"Feature","geometry":{"type":"Point","coordinates":[120.555847,22.881091]},"properties":{"uid":"welfare_03640","name":"高雄市私立惠心老人養護之家","welfare_class":"elderly_residential","address":"高雄市美濃區祿興里中興路1段49巷5號1樓","city":"高雄市","coord_source":"tgos_upstream","coord_precision":"upstream","src_datasets":"165355|8572","n_src":2,"sub_code":"T0706","permit_status":"C01","inst_code":"EWG00312504","src_system":"長照機構暨長照人員相關管理資訊系統","attr_type":"私立","beds_approved":"49","target":"養護","licensed_at":"91.06.25","district":"美濃區","phone":"07-6850826"}},{"type":"Feature","geometry":{"type":"Point","coordinates":[120.529071,22.879798]},"properties":{"uid":"welfare_03641","name":"財團法人高雄市私立日新老人長期照顧中心（養護型）","welfare_class":"elderly_residential","address":"高雄市美濃區德興里忠孝路1段219號","city":"高雄市","coord_source":"tgos_upstream","coord_precision":"upstream","src_datasets":"165355|8572","n_src":2,"sub_code":"T0706","permit_status":"C01","inst_code":"EWG00312513","src_system":"長照機構暨長照人員相關管理資訊系統","attr_type":"私立","beds_approved":"83","target":"養護","licensed_at":"103.12.03","district":"美濃區","phone":"07-6815800"}},{"type":"Feature","geometry":{"type":"Point","coordinates":[120.54374,22.90353]},"properties":{"uid":"welfare_03642","name":"高雄市私立愛欣老人養護中心","welfare_class":"elderly_residential","address":"高雄市美濃區中圳里泰安路249巷2之1號1樓","city":"高雄市","coord_source":"tgos_upstream","coord_precision":"upstream","src_datasets":"165355|8572","n_src":2,"sub_code":"T0706","permit_status":"C01","inst_code":"EWG00312522","src_system":"長照機構暨長照人員相關管理資訊系統","attr_type":"私立","beds_approved":"34","target":"養護","licensed_at":"89.08.09","district":"美濃區","phone":"07-6813958"}},{"type":"Feature","geometry":{"type":"Point","coordinates":[120.544137,22.903386]},"properties":{"uid":"welfare_03643","name":"財團法人高雄市私立愛心老人養護中心","welfare_class":"elderly_residential","address":"高雄市美濃區泰安路249巷2之2號1-3樓","city":"高雄市","coord_source":"tgos_upstream","coord_precision":"upstream","src_datasets":"165355|8572","n_src":2,"sub_code":"T0706","permit_status":"C01","inst_code":"EWG00312531","src_system":"長照機構暨長照人員相關管理資訊系統","attr_type":"私立","beds_approved":"99","target":"養護","licensed_at":"92.03.31","district":"美濃區","phone":"07-6813958"}},{"type":"Feature","geometry":{"type":"Point","coordinates":[120.301723,22.612638]},"properties":{"uid":"welfare_03644","name":"高雄市私立新立養護中心","welfare_class":"elderly_residential","address":"高雄市苓雅區三多四路63號9樓之7","city":"高雄市","coord_source":"tgos_upstream","coord_precision":"upstream","src_datasets":"165355|8572","n_src":2,"sub_code":"T0706","permit_status":"C01","inst_code":"EWG00312540","src_system":"長照機構暨長照人員相關管理資訊系統","attr_type":"私立","beds_approved":"37","target":"養護","licensed_at":"89.12.08","district":"苓雅區","phone":"07-3301000"}},{"type":"Feature","geometry":{"type":"Point","coordinates":[120.382529,22.658441]},"properties":{"uid":"welfare_03645","name":"高雄市私立大同老人長期照顧中心（養護型）","welfare_class":"elderly_residential","address":"高雄市鳥松區?埔里大同路8號1樓","city":"高雄市","coord_source":"tgos_upstream","coord_precision":"upstream","src_datasets":"165355|8572","n_src":2,"sub_code":"T0706","permit_status":"C01","inst_code":"EWG00312559","src_system":"長照機構暨長照人員相關管理資訊系統","attr_type":"私立","beds_approved":"49","target":"養護","licensed_at":"98.01.17","district":"鳥松區","phone":"07-7336188"}},{"type":"Feature","geometry":{"type":"Point","coordinates":[120.366559,22.669996]},"properties":{"uid":"welfare_03646","name":"高雄市私立健康老人長期照顧中心（養護型)","welfare_class":"elderly_residential","address":"高雄市鳥松區鳥松里東山路橫一巷3號1樓","city":"高雄市","coord_source":"tgos_upstream","coord_precision":"upstream","src_datasets":"165355|8572","n_src":2,"sub_code":"T0706","permit_status":"C01","inst_code":"EWG00312568","src_system":"長照機構暨長照人員相關管理資訊系統","attr_type":"私立","beds_approved":"48","target":"養護","licensed_at":"97.05.22","district":"鳥松區","phone":"07-7321129"}},{"type":"Feature","geometry":{"type":"Point","coordinates":[120.242368,22.899322]},"properties":{"uid":"welfare_03647","name":"高雄市私立慈慧老人長期照顧中心（養護型）","welfare_class":"elderly_residential","address":"高雄市湖內區田尾里中山路1段496巷300號1樓","city":"高雄市","coord_source":"tgos_upstream","coord_precision":"upstream","src_datasets":"165355|8572","n_src":2,"sub_code":"T0706","permit_status":"C01","inst_code":"EWG00312577","src_system":"長照機構暨長照人員相關管理資訊系統","attr_type":"私立","beds_approved":"49","target":"養護","licensed_at":"97.03.05","district":"湖內區","phone":"07-6938505"}},{"type":"Feature","geometry":{"type":"Point","coordinates":[120.31176,22.720904]},"properties":{"uid":"welfare_03648","name":"財團法人高雄市私立濟眾老人養護中心","welfare_class":"elderly_residential","address":"高雄市楠梓區加昌路298號1.3.4.5.7.8樓","city":"高雄市","coord_source":"tgos_upstream","coord_precision":"upstream","src_datasets":"165355|8572","n_src":2,"sub_code":"T0706","permit_status":"C01","inst_code":"EWG00312586","src_system":"長照機構暨長照人員相關管理資訊系統","attr_type":"私立","beds_approved":"138","target":"養護","licensed_at":"85.02.06","district":"楠梓區","phone":"07-3639437"}},{"type":"Feature","geometry":{"type":"Point","coordinates":[120.335243,22.740677]},"properties":{"uid":"welfare_03649","name":"高雄市私立崇恩老人長期照顧中心（養護型）","welfare_class":"elderly_residential","address":"高雄市楠梓區立仁街131、133號5樓","city":"高雄市","coord_source":"tgos_upstream","coord_precision":"upstream","src_datasets":"165355|8572","n_src":2,"sub_code":"T0706","permit_status":"C01","inst_code":"EWG00312595","src_system":"長照機構暨長照人員相關管理資訊系統","attr_type":"私立","beds_approved":"49","target":"養護","licensed_at":"99.07.21","district":"楠梓區","phone":"07-3539619"}},{"type":"Feature","geometry":{"type":"Point","coordinates":[120.336395,22.736601]},"properties":{"uid":"welfare_03650","name":"高雄市私立崇祐老人長期照顧中心（養護型）","welfare_class":"elderly_residential","address":"高雄市楠梓區常德路317巷9弄29號","city":"高雄市","coord_source":"tgos_upstream","coord_precision":"upstream","src_datasets":"165355|8572","n_src":2,"sub_code":"T0706","permit_status":"C01","inst_code":"EWG00312603","src_system":"長照機構暨長照人員相關管理資訊系統","attr_type":"私立","beds_approved":"34","target":"養護","licensed_at":"102.07.15","district":"楠梓區","phone":"07-3516260"}},{"type":"Feature","geometry":{"type":"Point","coordinates":[120.28719,22.716277]},"properties":{"uid":"welfare_03651","name":"高雄市私立怡泉老人長期照顧中心（養護型）","welfare_class":"elderly_residential","address":"高雄市楠梓區盛昌街255巷100號1-4樓","city":"高雄市","coord_source":"tgos_upstream","coord_precision":"upstream","src_datasets":"165355|8572","n_src":2,"sub_code":"T0706","permit_status":"C01","inst_code":"EWG00312612","src_system":"長照機構暨長照人員相關管理資訊系統","attr_type":"私立","beds_approved":"30","target":"養護","licensed_at":"101.11.08","district":"楠梓區","phone":"07-3685535"}},{"type":"Feature","geometry":{"type":"Point","coordinates":[120.294194,22.723609]},"properties":{"uid":"welfare_03652","name":"高雄市私立新禾康養護之家","welfare_class":"elderly_residential","address":"高雄市楠梓區惠民路210號1樓","city":"高雄市","coord_source":"tgos_upstream","coord_precision":"upstream","src_datasets":"165355|8572","n_src":2,"sub_code":"T0706","permit_status":"C01","inst_code":"EWG00312621","src_system":"長照機構暨長照人員相關管理資訊系統","attr_type":"私立","beds_approved":"31","target":"養護","licensed_at":"96.12.19","district":"楠梓區","phone":"07-3644351"}},{"type":"Feature","geometry":{"type":"Point","coordinates":[120.248998,22.850956]},"properties":{"uid":"welfare_03653","name":"高雄市私立永新老人長期照顧中心(養護型)","welfare_class":"elderly_residential","address":"高雄市路竹區中華路436號","city":"高雄市","coord_source":"tgos_upstream","coord_precision":"upstream","src_datasets":"165355|8572","n_src":2,"sub_code":"T0706","permit_status":"C01","inst_code":"EWG00312630","src_system":"長照機構暨長照人員相關管理資訊系統","attr_type":"私立","beds_approved":"48","target":"養護","licensed_at":"104.03.24","district":"路竹區","phone":"07-6961085"}},{"type":"Feature","geometry":{"type":"Point","coordinates":[120.270473,22.844459]},"properties":{"uid":"welfare_03654","name":"財團法人高雄市私立聖和社會福利慈善事業基金會附設高雄市私立聖和老人長期照顧中心（養護型）","welfare_class":"elderly_residential","address":"高雄市路竹區鴨寮里保民路99巷36號1-2樓","city":"高雄市","coord_source":"tgos_upstream","coord_precision":"upstream","src_datasets":"165355|8572","n_src":2,"sub_code":"T0706","permit_status":"C01","inst_code":"EWG00312649","src_system":"長照機構暨長照人員相關管理資訊系統","attr_type":"私立","beds_approved":"200","target":"養護","licensed_at":"99.04.29","district":"路竹區","phone":"07-6071466"}},{"type":"Feature","geometry":{"type":"Point","coordinates":[120.27929,22.65579]},"properties":{"uid":"welfare_03655","name":"高雄市私立九如老人長期照顧中心（養護型）","welfare_class":"elderly_residential","address":"高雄市鼓山區九如四路1034號1-6樓","city":"高雄市","coord_source":"tgos_upstream","coord_precision":"upstream","src_datasets":"165355|8572","n_src":2,"sub_code":"T0706","permit_status":"C01","inst_code":"EWG00312658","src_system":"長照機構暨長照人員相關管理資訊系統","attr_type":"私立","beds_approved":"45","target":"養護","licensed_at":"99.06.02","district":"鼓山區","phone":"07-5215820"}},{"type":"Feature","geometry":{"type":"Point","coordinates":[120.298655,22.665047]},"properties":{"uid":"welfare_03656","name":"高雄市私立文宗老人長期照顧中心（養護型）","welfare_class":"elderly_residential","address":"高雄市鼓山區文忠路123號1-2樓","city":"高雄市","coord_source":"tgos_upstream","coord_precision":"upstream","src_datasets":"165355|8572","n_src":2,"sub_code":"T0706","permit_status":"C01","inst_code":"EWG00312667","src_system":"長照機構暨長照人員相關管理資訊系統","attr_type":"私立","beds_approved":"42","target":"養護","licensed_at":"100.8.9","district":"鼓山區","phone":"07-5530506"}},{"type":"Feature","geometry":{"type":"Point","coordinates":[120.481448,22.903945]},"properties":{"uid":"welfare_03657","name":"高雄市私立慈心老人養護中心","welfare_class":"elderly_residential","address":"高雄市旗山區旗甲路1段215巷21號1-2樓","city":"高雄市","coord_source":"tgos_upstream","coord_precision":"upstream","src_datasets":"165355|8572","n_src":2,"sub_code":"T0706","permit_status":"C01","inst_code":"EWG00312676","src_system":"長照機構暨長照人員相關管理資訊系統","attr_type":"私立","beds_approved":"40","target":"養護","licensed_at":"90.10.19","district":"旗山區","phone":"07-6613077"}},{"type":"Feature","geometry":{"type":"Point","coordinates":[120.462016,22.828212]},"properties":{"uid":"welfare_03658","name":"財團法人高雄市私立合信興老人養護中心","welfare_class":"elderly_residential","address":"高雄市旗山區旗南三路112之2號1-4樓","city":"高雄市","coord_source":"tgos_upstream","coord_precision":"upstream","src_datasets":"165355|8572","n_src":2,"sub_code":"T0706","permit_status":"C01","inst_code":"EWG00312685","src_system":"長照機構暨長照人員相關管理資訊系統","attr_type":"私立","beds_approved":"81","target":"養護","licensed_at":"94.03.16","district":"旗山區","phone":"07-6661236"}},{"type":"Feature","geometry":{"type":"Point","coordinates":[120.362333,22.628844]},"properties":{"uid":"welfare_03659","name":"高雄市私立信展老人養護中心","welfare_class":"elderly_residential","address":"高雄市鳳山區光復路6號1-4樓","city":"高雄市","coord_source":"tgos_upstream","coord_precision":"upstream","src_datasets":"165355|8572","n_src":2,"sub_code":"T0706","permit_status":"C01","inst_code":"EWG00312694","src_system":"長照機構暨長照人員相關管理資訊系統","attr_type":"私立","beds_approved":"45","target":"養護","licensed_at":"88.12.01","district":"鳳山區","phone":"07-7482383"}},{"type":"Feature","geometry":{"type":"Point","coordinates":[120.34508,22.614046]},"properties":{"uid":"welfare_03660","name":"高雄市私立成大老人養護中心","welfare_class":"elderly_residential","address":"高雄市鳳山區南京路387巷2之1-2號1-2樓","city":"高雄市","coord_source":"tgos_upstream","coord_precision":"upstream","src_datasets":"165355|8572","n_src":2,"sub_code":"T0706","permit_status":"C01","inst_code":"EWG00312702","src_system":"長照機構暨長照人員相關管理資訊系統","attr_type":"私立","beds_approved":"34","target":"養護","licensed_at":"90.05.09","district":"鳳山區","phone":"07-7663348"}},{"type":"Feature","geometry":{"type":"Point","coordinates":[120.345294,22.614217]},"properties":{"uid":"welfare_03661","name":"高雄市私立鳳新老人養護中心","welfare_class":"elderly_residential","address":"高雄市鳳山區南京路391巷1號1-2樓","city":"高雄市","coord_source":"tgos_upstream","coord_precision":"upstream","src_datasets":"165355|8572","n_src":2,"sub_code":"T0706","permit_status":"C01","inst_code":"EWG00312711","src_system":"長照機構暨長照人員相關管理資訊系統","attr_type":"私立","beds_approved":"30","target":"養護","licensed_at":"96.07.10","district":"鳳山區","phone":"07-7663348"}},{"type":"Feature","geometry":{"type":"Point","coordinates":[120.344821,22.607412]},"properties":{"uid":"welfare_03662","name":"高雄市私立安祥老人長期照顧中心(養護型)","welfare_class":"elderly_residential","address":"高雄市鳳山區南京路49巷6號1樓","city":"高雄市","coord_source":"tgos_upstream","coord_precision":"upstream","src_datasets":"165355|8572","n_src":2,"sub_code":"T0706","permit_status":"C01","inst_code":"EWG00312720","src_system":"長照機構暨長照人員相關管理資訊系統","attr_type":"私立","beds_approved":"48","target":"養護","licensed_at":"90.12.21","district":"鳳山區","phone":"07-7663456"}},{"type":"Feature","geometry":{"type":"Point","coordinates":[120.362346,22.628364]},"properties":{"uid":"welfare_03663","name":"高雄市私立快樂家族老人長期照顧中心（養護型）","welfare_class":"elderly_residential","address":"高雄市鳳山區經武路85之20號1-3樓","city":"高雄市","coord_source":"tgos_upstream","coord_precision":"upstream","src_datasets":"165355|8572","n_src":2,"sub_code":"T0706","permit_status":"C01","inst_code":"EWG00312739","src_system":"長照機構暨長照人員相關管理資訊系統","attr_type":"私立","beds_approved":"40","target":"養護","licensed_at":"101.08.20","district":"鳳山區","phone":"07-7475675"}},{"type":"Feature","geometry":{"type":"Point","coordinates":[120.362365,22.628488]},"properties":{"uid":"welfare_03664","name":"高雄市私立真善美老人長期照顧中心（養護型）","welfare_class":"elderly_residential","address":"高雄市鳳山區經武路85之21號1-4樓","city":"高雄市","coord_source":"tgos_upstream","coord_precision":"upstream","src_datasets":"165355|8572","n_src":2,"sub_code":"T0706","permit_status":"C01","inst_code":"EWG00312748","src_system":"長照機構暨長照人員相關管理資訊系統","attr_type":"私立","beds_approved":"33","target":"養護","licensed_at":"97.12.11","district":"鳳山區","phone":"07-7482383"}},{"type":"Feature","geometry":{"type":"Point","coordinates":[120.359164,22.586096]},"properties":{"uid":"welfare_03665","name":"高雄市私立青園老人長期照顧中心（養護型）","welfare_class":"elderly_residential","address":"高雄市鳳山區鳳頂路56號1-3樓","city":"高雄市","coord_source":"tgos_upstream","coord_precision":"upstream","src_datasets":"165355|8572","n_src":2,"sub_code":"T0706","permit_status":"C01","inst_code":"EWG00312757","src_system":"長照機構暨長照人員相關管理資訊系統","attr_type":"私立","beds_approved":"48","target":"養護","licensed_at":"98.08.05","district":"鳳山區","phone":"07-7969090"}},{"type":"Feature","geometry":{"type":"Point","coordinates":[120.353876,22.626711]},"properties":{"uid":"welfare_03666","name":"高雄市私立新長松老人長期照顧中心（養護型）","welfare_class":"elderly_residential","address":"高雄市鳳山區中山西路70之1號1至2樓","city":"高雄市","coord_source":"tgos_upstream","coord_precision":"upstream","src_datasets":"165355|8572","n_src":2,"sub_code":"T0706","permit_status":"C01","inst_code":"EWG00312766","src_system":"長照機構暨長照人員相關管理資訊系統","attr_type":"私立","beds_approved":"38","target":"養護","licensed_at":"105.10.26","district":"鳳山區","phone":"07-7409781"}},{"type":"Feature","geometry":{"type":"Point","coordinates":[120.30922,22.761462]},"properties":{"uid":"welfare_03667","name":"高雄市私立橋頭社區老人養護中心","welfare_class":"elderly_residential","address":"高雄市橋頭區成功路8號1-5樓","city":"高雄市","coord_source":"tgos_upstream","coord_precision":"upstream","src_datasets":"165355|8572","n_src":2,"sub_code":"T0706","permit_status":"C01","inst_code":"EWG00312775","src_system":"長照機構暨長照人員相關管理資訊系統","attr_type":"私立","beds_approved":"49","target":"養護","licensed_at":"96.03.07","district":"橋頭區","phone":"07-6111108"}},{"type":"Feature","geometry":{"type":"Point","coordinates":[120.342907,22.787972]},"properties":{"uid":"welfare_03668","name":"高雄市私立康欣老人長期照顧中心(養護型)","welfare_class":"elderly_residential","address":"高雄市燕巢區安東街188號1F","city":"高雄市","coord_source":"tgos_upstream","coord_precision":"upstream","src_datasets":"165355|8572","n_src":2,"sub_code":"T0706","permit_status":"C01","inst_code":"EWG00312784","src_system":"長照機構暨長照人員相關管理資訊系統","attr_type":"私立","beds_approved":"49","target":"養護","licensed_at":"90.06.13","district":"燕巢區","phone":"07-6141273"}},{"type":"Feature","geometry":{"type":"Point","coordinates":[120.29429,22.766317]},"properties":{"uid":"welfare_03669","name":"高雄市私立橋頭老人養護中心","welfare_class":"elderly_residential","address":"高雄市橋頭區林里公厝北路46號1樓","city":"高雄市","coord_source":"tgos_upstream","coord_precision":"upstream","src_datasets":"165355|8572","n_src":2,"sub_code":"T0706","permit_status":"C01","inst_code":"EWG00312973","src_system":"長照機構暨長照人員相關管理資訊系統","attr_type":"私立","beds_approved":"30","target":"養護","licensed_at":"88.12.15","district":"橋頭區","phone":"07-6128510"}},{"type":"Feature","geometry":{"type":"Point","coordinates":[120.287088,22.663868]},"properties":{"uid":"welfare_03670","name":"高雄市私立高安老人長期照顧中心(養護型)","welfare_class":"elderly_residential","address":"高雄市鼓山區美術北三路262號","city":"高雄市","coord_source":"tgos_upstream","coord_precision":"upstream","src_datasets":"165355|8572","n_src":2,"sub_code":"T0706","permit_status":"C01","inst_code":"EWG00312982","src_system":"長照機構暨長照人員相關管理資訊系統","attr_type":"私立","beds_approved":"28","target":"養護","licensed_at":"97.03.14","district":"鼓山區","phone":"07-5523201"}},{"type":"Feature","geometry":{"type":"Point","coordinates":[120.288036,22.681296]},"properties":{"uid":"welfare_03671","name":"高雄市私立大福心老人長期照顧中心(養護型)","welfare_class":"elderly_residential","address":"高雄市左營區左營大路56號","city":"高雄市","coord_source":"tgos_upstream","coord_precision":"upstream","src_datasets":"165355|8572","n_src":2,"sub_code":"T0706","permit_status":"C01","inst_code":"EWG00312991","src_system":"長照機構暨長照人員相關管理資訊系統","attr_type":"私立","beds_approved":"38","target":"養護","licensed_at":"103.12.09","district":"左營區","phone":"07-5818877"}},{"type":"Feature","geometry":{"type":"Point","coordinates":[120.309627,22.758837]},"properties":{"uid":"welfare_03672","name":"高雄市私立泰和老人養護中心","welfare_class":"elderly_residential","address":"高雄市橋頭區橋頭里成功路97號1-4樓","city":"高雄市","coord_source":"tgos_upstream","coord_precision":"upstream","src_datasets":"165355|8572","n_src":2,"sub_code":"T0706","permit_status":"C01","inst_code":"EWG00313008","src_system":"長照機構暨長照人員相關管理資訊系統","attr_type":"私立","beds_approved":"43","target":"養護","licensed_at":"89.11.27","district":"橋頭區","phone":"07-6111128"}},{"type":"Feature","geometry":{"type":"Point","coordinates":[120.219793,22.907626]},"properties":{"uid":"welfare_03673","name":"高雄市私立湖內老人養護之家","welfare_class":"elderly_residential","address":"高雄市湖內區中正路1段315巷22號1樓","city":"高雄市","coord_source":"tgos_upstream","coord_precision":"upstream","src_datasets":"165355|8572","n_src":2,"sub_code":"T0706","permit_status":"C01","inst_code":"EWG00313017","src_system":"長照機構暨長照人員相關管理資訊系統","attr_type":"私立","beds_approved":"47","target":"養護","licensed_at":"96.08.07","district":"湖內區","phone":"07-6990472"}},{"type":"Feature","geometry":{"type":"Point","coordinates":[120.288036,22.681296]},"properties":{"uid":"welfare_03674","name":"高雄市私立小福心老人長期照顧中心(養護型)","welfare_class":"elderly_residential","address":"高雄市左營區左營大路56號2樓","city":"高雄市","coord_source":"tgos_upstream","coord_precision":"upstream","src_datasets":"165355|8572","n_src":2,"sub_code":"T0706","permit_status":"C01","inst_code":"EWG00313026","src_system":"長照機構暨長照人員相關管理資訊系統","attr_type":"私立","beds_approved":"48","target":"養護","licensed_at":"104.08.11","district":"左營區","phone":"07-5818877"}},{"type":"Feature","geometry":{"type":"Point","coordinates":[120.292578,22.671047]},"properties":{"uid":"welfare_03675","name":"高雄市私立華榮養護中心","welfare_class":"elderly_residential","address":"高雄市鼓山區華榮路610號","city":"高雄市","coord_source":"tgos_upstream","coord_precision":"upstream","src_datasets":"165355|8572","n_src":2,"sub_code":"T0706","permit_status":"C01","inst_code":"EWG00313035","src_system":"長照機構暨長照人員相關管理資訊系統","attr_type":"私立","beds_approved":"49","target":"養護","licensed_at":"88.03.08","district":"鼓山區","phone":"07-5535111"}},{"type":"Feature","geometry":{"type":"Point","coordinates":[120.278823,22.648581]},"properties":{"uid":"welfare_03676","name":"高雄市私立仁心老人長期照顧中心(養護型)","welfare_class":"elderly_residential","address":"高雄市鼓山區九如四路637號1樓","city":"高雄市","coord_source":"tgos_upstream","coord_precision":"upstream","src_datasets":"165355|8572","n_src":2,"sub_code":"T0706","permit_status":"C01","inst_code":"EWG00313044","src_system":"長照機構暨長照人員相關管理資訊系統","attr_type":"私立","beds_approved":"48","target":"養護","licensed_at":"105.02.26","district":"鼓山區","phone":"07-5336363"}},{"type":"Feature","geometry":{"type":"Point","coordinates":[120.302057,22.673134]},"properties":{"uid":"welfare_03677","name":"高雄市私立冠仁老人長期照顧中心(養護型)","welfare_class":"elderly_residential","address":"高雄市左營區文上路116號","city":"高雄市","coord_source":"tgos_upstream","coord_precision":"upstream","src_datasets":"165355|8572","n_src":2,"sub_code":"T0706","permit_status":"C01","inst_code":"EWG00313053","src_system":"長照機構暨長照人員相關管理資訊系統","attr_type":"私立","beds_approved":"48","target":"養護","licensed_at":"105.03.23","district":"左營區","phone":"07-3411265"}},{"type":"Feature","geometry":{"type":"Point","coordinates":[120.258806,22.853062]},"properties":{"uid":"welfare_03678","name":"高雄市私立快樂家園老人長期照顧中心（養護型）","welfare_class":"elderly_residential","address":"高雄市路竹區竹南里竹南街93號1樓","city":"高雄市","coord_source":"tgos_upstream","coord_precision":"upstream","src_datasets":"165355|8572","n_src":2,"sub_code":"T0706","permit_status":"C01","inst_code":"EWG00313062","src_system":"長照機構暨長照人員相關管理資訊系統","attr_type":"私立","beds_approved":"46","target":"養護","licensed_at":"97.11.25","district":"路竹區","phone":"07-6960460"}},{"type":"Feature","geometry":{"type":"Point","coordinates":[120.381919,22.738461]},"properties":{"uid":"welfare_03679","name":"高雄市私立菩心老人長期照顧中心（養護型）","welfare_class":"elderly_residential","address":"高雄市大社區學府路196號1樓","city":"高雄市","coord_source":"tgos_upstream","coord_precision":"upstream","src_datasets":"165355|8572","n_src":2,"sub_code":"T0706","permit_status":"C01","inst_code":"EWG00313071","src_system":"長照機構暨長照人員相關管理資訊系統","attr_type":"私立","beds_approved":"48","target":"養護","licensed_at":"99.08.09","district":"大社區","phone":"07-3561393"}},{"type":"Feature","geometry":{"type":"Point","coordinates":[120.278823,22.648581]},"properties":{"uid":"welfare_03680","name":"高雄市私立新仁心老人長期照顧中心(養護型)","welfare_class":"elderly_residential","address":"高雄市鼓山區九如四路637號2樓","city":"高雄市","coord_source":"tgos_upstream","coord_precision":"upstream","src_datasets":"165355|8572","n_src":2,"sub_code":"T0706","permit_status":"C01","inst_code":"EWG00313080","src_system":"長照機構暨長照人員相關管理資訊系統","attr_type":"私立","beds_approved":"48","target":"養護","licensed_at":"105.02.26","district":"鼓山區","phone":"07-5336363"}},{"type":"Feature","geometry":{"type":"Point","coordinates":[120.282816,22.661816]},"properties":{"uid":"welfare_03681","name":"高雄市私立欣榮總養護中心","welfare_class":"elderly_residential","address":"高雄市鼓山區葆禎路163號","city":"高雄市","coord_source":"tgos_upstream","coord_precision":"upstream","src_datasets":"165355|8572","n_src":2,"sub_code":"T0706","permit_status":"C01","inst_code":"EWG00313099","src_system":"長照機構暨長照人員相關管理資訊系統","attr_type":"私立","beds_approved":"44","target":"養護","licensed_at":"95.08.18","district":"鼓山區","phone":"07-5818501"}},{"type":"Feature","geometry":{"type":"Point","coordinates":[120.344635,22.655846]},"properties":{"uid":"welfare_03682","name":"高雄市私立圓山老人養護中心","welfare_class":"elderly_residential","address":"高雄市鳥松區圓山路27號1樓","city":"高雄市","coord_source":"tgos_upstream","coord_precision":"upstream","src_datasets":"165355|8572","n_src":2,"sub_code":"T0706","permit_status":"C01","inst_code":"EWG00313107","src_system":"長照機構暨長照人員相關管理資訊系統","attr_type":"私立","beds_approved":"24","target":"養護","licensed_at":"88.10.08","district":"鳥松區","phone":"07-3709676"}},{"type":"Feature","geometry":{"type":"Point","coordinates":[120.386636,22.617063]},"properties":{"uid":"welfare_03683","name":"高雄市私立福安老人養護中心","welfare_class":"elderly_residential","address":"高雄市大寮區中正路3之1號 1樓","city":"高雄市","coord_source":"tgos_upstream","coord_precision":"upstream","src_datasets":"165355|8572","n_src":2,"sub_code":"T0706","permit_status":"C01","inst_code":"EWG00313116","src_system":"長照機構暨長照人員相關管理資訊系統","attr_type":"私立","beds_approved":"46","target":"養護","licensed_at":"95.03.16","district":"大寮區","phone":"07-7816000"}},{"type":"Feature","geometry":{"type":"Point","coordinates":[120.297309,22.687889]},"properties":{"uid":"welfare_03684","name":"高雄市私立睿祥老人長期照顧中心(養護型)","welfare_class":"elderly_residential","address":"高雄市左營區孔營路1號1樓","city":"高雄市","coord_source":"tgos_upstream","coord_precision":"upstream","src_datasets":"165355|8572","n_src":2,"sub_code":"T0706","permit_status":"C01","inst_code":"EWG00313125","src_system":"長照機構暨長照人員相關管理資訊系統","attr_type":"私立","beds_approved":"43","target":"養護","licensed_at":"105.07.01","district":"左營區","phone":"07-5880101"}},{"type":"Feature","geometry":{"type":"Point","coordinates":[120.282892,22.66178]},"properties":{"uid":"welfare_03685","name":"高雄市私立榮恩老人長期照顧中心(養護型)","welfare_class":"elderly_residential","address":"高雄市鼓山區葆禎路161號","city":"高雄市","coord_source":"tgos_upstream","coord_precision":"upstream","src_datasets":"165355|8572","n_src":2,"sub_code":"T0706","permit_status":"C01","inst_code":"EWG00313134","src_system":"長照機構暨長照人員相關管理資訊系統","attr_type":"私立","beds_approved":"31","target":"養護","licensed_at":"96.12.19","district":"鼓山區","phone":"07-5818501"}},{"type":"Feature","geometry":{"type":"Point","coordinates":[120.386647,22.616895]},"properties":{"uid":"welfare_03686","name":"高雄市私立慈安老人長期照顧中心（養護型）","welfare_class":"elderly_residential","address":"高雄市大寮區中正路3之48號1樓","city":"高雄市","coord_source":"tgos_upstream","coord_precision":"upstream","src_datasets":"165355|8572","n_src":2,"sub_code":"T0706","permit_status":"C01","inst_code":"EWG00313143","src_system":"長照機構暨長照人員相關管理資訊系統","attr_type":"私立","beds_approved":"46","target":"養護","licensed_at":"101.04.10","district":"大寮區","phone":"07-7818088"}},{"type":"Feature","geometry":{"type":"Point","coordinates":[120.321057,22.678332]},"properties":{"uid":"welfare_03687","name":"高雄市私立同心老人長期照顧中心(養護型)","welfare_class":"elderly_residential","address":"高雄市左營區大中一路430號1-4樓","city":"高雄市","coord_source":"tgos_upstream","coord_precision":"upstream","src_datasets":"165355|8572","n_src":2,"sub_code":"T0706","permit_status":"C01","inst_code":"EWG00313152","src_system":"長照機構暨長照人員相關管理資訊系統","attr_type":"私立","beds_approved":"47","target":"養護","licensed_at":"102.06.10","district":"左營區","phone":"07-3101122"}},{"type":"Feature","geometry":{"type":"Point","coordinates":[120.314701,22.685033]},"properties":{"uid":"welfare_03688","name":"高雄市私立日賀老人長期照顧中心(養護型)","welfare_class":"elderly_residential","address":"高雄市左營區博愛四路250號1樓","city":"高雄市","coord_source":"tgos_upstream","coord_precision":"upstream","src_datasets":"165355|8572","n_src":2,"sub_code":"T0706","permit_status":"C01","inst_code":"EWG00313161","src_system":"長照機構暨長照人員相關管理資訊系統","attr_type":"私立","beds_approved":"40","target":"養護","licensed_at":"105.08.01","district":"左營區","phone":"07-3482999"}},{"type":"Feature","geometry":{"type":"Point","coordinates":[120.372266,22.654385]},"properties":{"uid":"welfare_03689","name":"高雄市私立慈善園老人長期照顧中心(養護型)","welfare_class":"elderly_residential","uni_no":"17659210","address":"高雄市鳥松區大同路2之115號","city":"高雄市","coord_source":"tgos_upstream","coord_precision":"upstream","src_datasets":"165355","n_src":1,"sub_code":"T0706","permit_status":"C01","inst_code":"EWG00313170","src_system":"長照機構暨長照人員相關管理資訊系統"}},{"type":"Feature","geometry":{"type":"Point","coordinates":[120.402505,22.631322]},"properties":{"uid":"welfare_03690","name":"高雄市私立真安老人長期照顧中心(養護型)","welfare_class":"elderly_residential","address":"高雄市大寮區八德路570號1樓(含夾層)","city":"高雄市","coord_source":"tgos_upstream","coord_precision":"upstream","src_datasets":"165355|8572","n_src":2,"sub_code":"T0706","permit_status":"C01","inst_code":"EWG00313189","src_system":"長照機構暨長照人員相關管理資訊系統","attr_type":"私立","beds_approved":"48","target":"養護","licensed_at":"104.07.06","district":"大寮區","phone":"07-7027779"}},{"type":"Feature","geometry":{"type":"Point","coordinates":[120.31456,22.690384]},"properties":{"uid":"welfare_03691","name":"高雄市私立長群老人長期照顧中心(養護型)","welfare_class":"elderly_residential","address":"高雄市左營區重忠路155號1-5樓","city":"高雄市","coord_source":"tgos_upstream","coord_precision":"upstream","src_datasets":"165355|8572","n_src":2,"sub_code":"T0706","permit_status":"C01","inst_code":"EWG00313198","src_system":"長照機構暨長照人員相關管理資訊系統","attr_type":"私立","beds_approved":"28","target":"養護","licensed_at":"105.10.24","district":"左營區","phone":"07-3427181"}},{"type":"Feature","geometry":{"type":"Point","coordinates":[120.297309,22.687889]},"properties":{"uid":"welfare_03692","name":"高雄市私立睿城老人長期照顧中心(養護型)","welfare_class":"elderly_residential","address":"高雄市左營區孔營路1號2樓","city":"高雄市","coord_source":"tgos_upstream","coord_precision":"upstream","src_datasets":"165355|8572","n_src":2,"sub_code":"T0706","permit_status":"C01","inst_code":"EWG00313206","src_system":"長照機構暨長照人員相關管理資訊系統","attr_type":"私立","beds_approved":"46","target":"養護","licensed_at":"106.5.22","district":"左營區","phone":"07-5880197"}},{"type":"Feature","geometry":{"type":"Point","coordinates":[120.287207,22.663813]},"properties":{"uid":"welfare_03693","name":"高雄市私立冠安老人養護中心","welfare_class":"elderly_residential","address":"高雄市鼓山區美術北三路260號","city":"高雄市","coord_source":"tgos_upstream","coord_precision":"upstream","src_datasets":"165355|8572","n_src":2,"sub_code":"T0706","permit_status":"C01","inst_code":"EWG00313215","src_system":"長照機構暨長照人員相關管理資訊系統","attr_type":"私立","beds_approved":"49","target":"養護","licensed_at":"96.02.07","district":"鼓山區","phone":"07-5523031"}},{"type":"Feature","geometry":{"type":"Point","coordinates":[120.31158,22.677634]},"properties":{"uid":"welfare_03694","name":"高雄市私立容安老人長期照顧中心(養護型)","welfare_class":"elderly_residential","address":"高雄市左營區文敬路28號","city":"高雄市","coord_source":"tgos_upstream","coord_precision":"upstream","src_datasets":"165355|8572","n_src":2,"sub_code":"T0706","permit_status":"C01","inst_code":"EWG00313224","src_system":"長照機構暨長照人員相關管理資訊系統","attr_type":"私立","beds_approved":"48","target":"養護","licensed_at":"106.05.31","district":"左營區","phone":"07-3501247"}},{"type":"Feature","geometry":{"type":"Point","coordinates":[120.319616,22.687224]},"properties":{"uid":"welfare_03695","name":"高雄市私立偉恩老人長期照顧中心(養護型)","welfare_class":"elderly_residential","address":"高雄市左營區文恩路200號1-3F","city":"高雄市","coord_source":"tgos_upstream","coord_precision":"upstream","src_datasets":"165355|8572","n_src":2,"sub_code":"T0706","permit_status":"C01","inst_code":"EWG00313233","src_system":"長照機構暨長照人員相關管理資訊系統","attr_type":"私立","beds_approved":"49","target":"養護","licensed_at":"103.02.21","district":"左營區","phone":"07-3508037"}},{"type":"Feature","geometry":{"type":"Point","coordinates":[120.372998,22.656571]},"properties":{"uid":"welfare_03696","name":"高雄市私立欣緣老人長期照顧中心（養護型）","welfare_class":"elderly_residential","address":"高雄市鳥松區神農路150巷81號","city":"高雄市","coord_source":"tgos_upstream","coord_precision":"upstream","src_datasets":"165355|8572","n_src":2,"sub_code":"T0706","permit_status":"C01","inst_code":"EWG00313251","src_system":"長照機構暨長照人員相關管理資訊系統","attr_type":"私立","beds_approved":"43","target":"養護","licensed_at":"105.04.29","district":"鳥松區","phone":"07-7313030"}},{"type":"Feature","geometry":{"type":"Point","coordinates":[120.277767,22.661816]},"properties":{"uid":"welfare_03697","name":"高雄市私立孝星老人養護中心","welfare_class":"elderly_residential","address":"高雄市鼓山區鼓山三路108-18號","city":"高雄市","coord_source":"tgos_upstream","coord_precision":"upstream","src_datasets":"165355|8572","n_src":2,"sub_code":"T0706","permit_status":"C01","inst_code":"EWG00313260","src_system":"長照機構暨長照人員相關管理資訊系統","attr_type":"私立","beds_approved":"32","target":"養護","licensed_at":"93.12.28","district":"鼓山區","phone":"07-5814818"}},{"type":"Feature","geometry":{"type":"Point","coordinates":[120.288051,22.681315]},"properties":{"uid":"welfare_03698","name":"高雄市私立福心老人長期照顧中心(養護型)","welfare_class":"elderly_residential","address":"高雄市左營區左營大路56號之1","city":"高雄市","coord_source":"tgos_upstream","coord_precision":"upstream","src_datasets":"165355|8572","n_src":2,"sub_code":"T0706","permit_status":"C01","inst_code":"EWG00313279","src_system":"長照機構暨長照人員相關管理資訊系統","attr_type":"私立","beds_approved":"38","target":"養護","licensed_at":"103.09.03","district":"左營區","phone":"07-5818877"}},{"type":"Feature","geometry":{"type":"Point","coordinates":[120.352823,22.644409]},"properties":{"uid":"welfare_03699","name":"高雄市私立文清老人養護中心","welfare_class":"elderly_residential","address":"高雄市鳳山區文清街125巷16號1-2樓","city":"高雄市","coord_source":"tgos_upstream","coord_precision":"upstream","src_datasets":"165355|8572","n_src":2,"sub_code":"T0706","permit_status":"C01","inst_code":"EWG00313288","src_system":"長照機構暨長照人員相關管理資訊系統","attr_type":"私立","beds_approved":"30","target":"養護","licensed_at":"92.6.5","district":"鳳山區","phone":"07-7801658"}},{"type":"Feature","geometry":{"type":"Point","coordinates":[120.410991,22.662752]},"properties":{"uid":"welfare_03700","name":"高雄市私立欣家老人長期照顧中心(養護型)","welfare_class":"elderly_residential","address":"高雄市大樹區中山路26號","city":"高雄市","coord_source":"tgos_upstream","coord_precision":"upstream","src_datasets":"165355|8572","n_src":2,"sub_code":"T0706","permit_status":"C01","inst_code":"EWG00313297","src_system":"長照機構暨長照人員相關管理資訊系統","attr_type":"私立","beds_approved":"48","target":"養護","licensed_at":"105.12.16","district":"大樹區","phone":"07-6521155"}},{"type":"Feature","geometry":{"type":"Point","coordinates":[120.278225,22.80244]},"properties":{"uid":"welfare_03701","name":"高雄市私立博愛老人長期照顧中心（養護型）","welfare_class":"elderly_residential","address":"高雄市岡山區前鋒里阿公店路3段226號1樓","city":"高雄市","coord_source":"tgos_upstream","coord_precision":"upstream","src_datasets":"165355|8572","n_src":2,"sub_code":"T0706","permit_status":"C01","inst_code":"EWG00313305","src_system":"長照機構暨長照人員相關管理資訊系統","attr_type":"私立","beds_approved":"49","target":"養護","licensed_at":"97.02.29","district":"岡山區","phone":"07-6251515"}},{"type":"Feature","geometry":{"type":"Point","coordinates":[120.329335,22.846302]},"properties":{"uid":"welfare_03702","name":"財團法人高雄市私立淨覺社會福利基金會附設高雄市私立淨覺老人養護中心","welfare_class":"elderly_residential","address":"高雄市阿蓮區復安里9鄰復安95之70號B1-2樓","city":"高雄市","coord_source":"tgos_upstream","coord_precision":"upstream","src_datasets":"165355|8572","n_src":2,"sub_code":"T0706","permit_status":"C01","inst_code":"EWG00313314","src_system":"長照機構暨長照人員相關管理資訊系統","attr_type":"私立","beds_approved":"132","target":"養護","licensed_at":"95.09.11","district":"阿蓮區","phone":"07-6333720"}},{"type":"Feature","geometry":{"type":"Point","coordinates":[120.522519,22.845478]},"properties":{"uid":"welfare_03703","name":"高雄市私立吉園老人養護中心","welfare_class":"elderly_residential","address":"高雄市美濃區吉和里四維50之1號1樓","city":"高雄市","coord_source":"tgos_upstream","coord_precision":"upstream","src_datasets":"165355|8572","n_src":2,"sub_code":"T0706","permit_status":"C01","inst_code":"EWG00313323","src_system":"長照機構暨長照人員相關管理資訊系統","attr_type":"私立","beds_approved":"47","target":"養護","licensed_at":"90.03.06","district":"美濃區","phone":"07-6832379"}},{"type":"Feature","geometry":{"type":"Point","coordinates":[120.381718,22.629196]},"properties":{"uid":"welfare_03704","name":"高雄市私立康齡老人養護中心","welfare_class":"elderly_residential","address":"高雄市鳳山區中山東路559號1-3樓","city":"高雄市","coord_source":"tgos_upstream","coord_precision":"upstream","src_datasets":"165355|8572","n_src":2,"sub_code":"T0706","permit_status":"C01","inst_code":"EWG00313332","src_system":"長照機構暨長照人員相關管理資訊系統","attr_type":"私立","beds_approved":"44","target":"養護","licensed_at":"88.12.08","district":"鳳山區","phone":"07-7025536"}},{"type":"Feature","geometry":{"type":"Point","coordinates":[120.309062,22.640984]},"properties":{"uid":"welfare_03705","name":"高雄市私立富華養護中心","welfare_class":"elderly_residential","address":"高雄市三民區九如二路150號15樓之1","city":"高雄市","coord_source":"tgos_upstream","coord_precision":"upstream","src_datasets":"165355|8572","n_src":2,"sub_code":"T0706","permit_status":"C01","inst_code":"EWG00313341","src_system":"長照機構暨長照人員相關管理資訊系統","attr_type":"私立","beds_approved":"46","target":"養護","licensed_at":"90.09.18","district":"三民區","phone":"07-3161076"}},{"type":"Feature","geometry":{"type":"Point","coordinates":[120.291275,22.644048]},"properties":{"uid":"welfare_03706","name":"高雄市私立慈融老人長期照顧中心(養護型)","welfare_class":"elderly_residential","address":"高雄市三民區中華二路213號","city":"高雄市","coord_source":"tgos_upstream","coord_precision":"upstream","src_datasets":"165355|8572","n_src":2,"sub_code":"T0706","permit_status":"C01","inst_code":"EWG00313350","src_system":"長照機構暨長照人員相關管理資訊系統","attr_type":"私立","beds_approved":"42","target":"養護","licensed_at":"97.03.31","district":"三民區","phone":"07-3223278"}},{"type":"Feature","geometry":{"type":"Point","coordinates":[120.309062,22.640984]},"properties":{"uid":"welfare_03707","name":"高雄市私立天誠老人養護中心","welfare_class":"elderly_residential","address":"高雄市三民區九如二路150號5樓之1","city":"高雄市","coord_source":"tgos_upstream","coord_precision":"upstream","src_datasets":"165355|8572","n_src":2,"sub_code":"T0706","permit_status":"C01","inst_code":"EWG00313369","src_system":"長照機構暨長照人員相關管理資訊系統","attr_type":"私立","beds_approved":"49","target":"養護","licensed_at":"88.12.17","district":"三民區","phone":"07-3125009"}},{"type":"Feature","geometry":{"type":"Point","coordinates":[120.303976,22.650967]},"properties":{"uid":"welfare_03708","name":"高雄市私立高生老人養護中心","welfare_class":"elderly_residential","address":"高雄市三民區博愛一路372號8樓","city":"高雄市","coord_source":"tgos_upstream","coord_precision":"upstream","src_datasets":"165355|8572","n_src":2,"sub_code":"T0706","permit_status":"C01","inst_code":"EWG00313387","src_system":"長照機構暨長照人員相關管理資訊系統","attr_type":"私立","beds_approved":"30","target":"養護","licensed_at":"88.12.23","district":"三民區","phone":"07-3138636"}},{"type":"Feature","geometry":{"type":"Point","coordinates":[120.331007,22.640977]},"properties":{"uid":"welfare_03709","name":"高雄市私立佛心老人長期照顧中心(養護型)","welfare_class":"elderly_residential","address":"高雄市三民區寶安街62號1-2樓","city":"高雄市","coord_source":"tgos_upstream","coord_precision":"upstream","src_datasets":"165355|8572","n_src":2,"sub_code":"T0706","permit_status":"C01","inst_code":"EWG00313396","src_system":"長照機構暨長照人員相關管理資訊系統","attr_type":"私立","beds_approved":"49","target":"養護","licensed_at":"102.10.01","district":"三民區","phone":"07-3873677"}},{"type":"Feature","geometry":{"type":"Point","coordinates":[120.317072,22.637186]},"properties":{"uid":"welfare_03710","name":"高雄市私立安心老人長期照顧中心(養護型)","welfare_class":"elderly_residential","address":"高雄市三民區凱歌路161號1樓","city":"高雄市","coord_source":"tgos_upstream","coord_precision":"upstream","src_datasets":"165355|8572","n_src":2,"sub_code":"T0706","permit_status":"C01","inst_code":"EWG00313404","src_system":"長照機構暨長照人員相關管理資訊系統","attr_type":"私立","beds_approved":"38","target":"養護","licensed_at":"102.06.11","district":"三民區","phone":"07-2223077"}},{"type":"Feature","geometry":{"type":"Point","coordinates":[120.313443,22.637463]},"properties":{"uid":"welfare_03711","name":"高雄市私立永康老人養護中心","welfare_class":"elderly_residential","address":"高雄市三民區建國二路2號8樓","city":"高雄市","coord_source":"tgos_upstream","coord_precision":"upstream","src_datasets":"165355|8572","n_src":2,"sub_code":"T0706","permit_status":"C01","inst_code":"EWG00313413","src_system":"長照機構暨長照人員相關管理資訊系統","attr_type":"私立","beds_approved":"40","target":"養護","licensed_at":"89.06.12","district":"三民區","phone":"07-2388603"}},{"type":"Feature","geometry":{"type":"Point","coordinates":[120.332125,22.647863]},"properties":{"uid":"welfare_03712","name":"高雄市私立大昌老人長期照顧中心(養護型)","welfare_class":"elderly_residential","address":"高雄市三民區大昌二路346號2、3樓","city":"高雄市","coord_source":"tgos_upstream","coord_precision":"upstream","src_datasets":"165355|8572","n_src":2,"sub_code":"T0706","permit_status":"C01","inst_code":"EWG00313422","src_system":"長照機構暨長照人員相關管理資訊系統","attr_type":"私立","beds_approved":"36","target":"養護","licensed_at":"97.11.04","district":"三民區","phone":"07-3835495"}},{"type":"Feature","geometry":{"type":"Point","coordinates":[120.334211,22.637812]},"properties":{"uid":"welfare_03713","name":"高雄市私立仁祥養護之家","welfare_class":"elderly_residential","address":"高雄市三民區九如一路299、301號1-5樓","city":"高雄市","coord_source":"tgos_upstream","coord_precision":"upstream","src_datasets":"165355|8572","n_src":2,"sub_code":"T0706","permit_status":"C01","inst_code":"EWG00313431","src_system":"長照機構暨長照人員相關管理資訊系統","attr_type":"私立","beds_approved":"47","target":"養護","licensed_at":"95.08.21","district":"三民區","phone":"07-3973255"}},{"type":"Feature","geometry":{"type":"Point","coordinates":[120.308438,22.642696]},"properties":{"uid":"welfare_03714","name":"高雄市私立信心養護中心","welfare_class":"elderly_residential","address":"高雄市三民區自由一路61號(1-2樓)","city":"高雄市","coord_source":"tgos_upstream","coord_precision":"upstream","src_datasets":"165355|8572","n_src":2,"sub_code":"T0706","permit_status":"C01","inst_code":"EWG00313440","src_system":"長照機構暨長照人員相關管理資訊系統","attr_type":"私立","beds_approved":"47","target":"養護","licensed_at":"93.12.31","district":"三民區","phone":"07-3137999"}},{"type":"Feature","geometry":{"type":"Point","coordinates":[120.305477,22.640868]},"properties":{"uid":"welfare_03715","name":"高雄市私立昭和養護之家","welfare_class":"elderly_residential","address":"高雄市三民區九如二路295號1-5樓","city":"高雄市","coord_source":"tgos_upstream","coord_precision":"upstream","src_datasets":"165355|8572","n_src":2,"sub_code":"T0706","permit_status":"C01","inst_code":"EWG00313459","src_system":"長照機構暨長照人員相關管理資訊系統","attr_type":"私立","beds_approved":"40","target":"養護","licensed_at":"94.11.14","district":"三民區","phone":"07-3222749"}},{"type":"Feature","geometry":{"type":"Point","coordinates":[120.30452,22.648989]},"properties":{"uid":"welfare_03716","name":"高雄市私立善之老人長期照顧中心(養護型)","welfare_class":"elderly_residential","address":"高雄市三民區松江街348號","city":"高雄市","coord_source":"tgos_upstream","coord_precision":"upstream","src_datasets":"165355|8572","n_src":2,"sub_code":"T0706","permit_status":"C01","inst_code":"EWG00313468","src_system":"長照機構暨長照人員相關管理資訊系統","attr_type":"私立","beds_approved":"32","target":"養護","licensed_at":"106.02.24","district":"三民區","phone":"07-3228986"}},{"type":"Feature","geometry":{"type":"Point","coordinates":[120.323759,22.649328]},"properties":{"uid":"welfare_03717","name":"高雄市私立珍心老人長期照顧中心(養護型)","welfare_class":"elderly_residential","address":"高雄市三民區建工路445號1樓","city":"高雄市","coord_source":"tgos_upstream","coord_precision":"upstream","src_datasets":"165355|8572","n_src":2,"sub_code":"T0706","permit_status":"C01","inst_code":"EWG00313477","src_system":"長照機構暨長照人員相關管理資訊系統","attr_type":"私立","beds_approved":"40","target":"養護","licensed_at":"104.08.28","district":"三民區","phone":"07-3806101"}},{"type":"Feature","geometry":{"type":"Point","coordinates":[120.323759,22.649328]},"properties":{"uid":"welfare_03718","name":"高雄市私立新珍心老人長期照顧中心(養護型)","welfare_class":"elderly_residential","address":"高雄市三民區建工路445號2樓","city":"高雄市","coord_source":"tgos_upstream","coord_precision":"upstream","src_datasets":"165355|8572","n_src":2,"sub_code":"T0706","permit_status":"C01","inst_code":"EWG00313486","src_system":"長照機構暨長照人員相關管理資訊系統","attr_type":"私立","beds_approved":"42","target":"養護","licensed_at":"105.06.01","district":"三民區","phone":"07-3806101"}},{"type":"Feature","geometry":{"type":"Point","coordinates":[120.308447,22.642807]},"properties":{"uid":"welfare_03719","name":"高雄市私立信心好老人長期照顧中心(養護型)","welfare_class":"elderly_residential","address":"高雄市三民區自由一路63號(3.4樓)","city":"高雄市","coord_source":"tgos_upstream","coord_precision":"upstream","src_datasets":"165355|8572","n_src":2,"sub_code":"T0706","permit_status":"C01","inst_code":"EWG00313495","src_system":"長照機構暨長照人員相關管理資訊系統","attr_type":"私立","beds_approved":"48","target":"養護","licensed_at":"106.5.19","district":"三民區","phone":"07-3137999"}},{"type":"Feature","geometry":{"type":"Point","coordinates":[120.324071,22.645012]},"properties":{"uid":"welfare_03720","name":"高雄市私立和興老人長期照顧中心(養護型)","welfare_class":"elderly_residential","address":"高雄市三民區建興路277號4樓","city":"高雄市","coord_source":"tgos_upstream","coord_precision":"upstream","src_datasets":"165355|8572","n_src":2,"sub_code":"T0706","permit_status":"C01","inst_code":"EWG00313503","src_system":"長照機構暨長照人員相關管理資訊系統","attr_type":"私立","beds_approved":"47","target":"養護","licensed_at":"107.12.12","district":"三民區","phone":"07-3871285"}},{"type":"Feature","geometry":{"type":"Point","coordinates":[120.338908,22.736792]},"properties":{"uid":"welfare_03721","name":"高雄市私立吉仁養護中心","welfare_class":"elderly_residential","address":"高雄市楠梓區清平街51巷2號1-3樓","city":"高雄市","coord_source":"tgos_upstream","coord_precision":"upstream","src_datasets":"165355|8572","n_src":2,"sub_code":"T0706","permit_status":"C01","inst_code":"EWG00313512","src_system":"長照機構暨長照人員相關管理資訊系統","attr_type":"私立","beds_approved":"18","target":"養護","licensed_at":"88.06.03","district":"楠梓區","phone":"07-3531408"}},{"type":"Feature","geometry":{"type":"Point","coordinates":[120.294566,22.711577]},"properties":{"uid":"welfare_03722","name":"高雄市私立小護士老人長期照顧中心(養護型)","welfare_class":"elderly_residential","address":"高雄市楠梓區後昌路837巷11號1-2樓","city":"高雄市","coord_source":"tgos_upstream","coord_precision":"upstream","src_datasets":"165355|8572","n_src":2,"sub_code":"T0706","permit_status":"C01","inst_code":"EWG00313521","src_system":"長照機構暨長照人員相關管理資訊系統","attr_type":"私立","beds_approved":"20","target":"養護","licensed_at":"105.11.04","district":"楠梓區","phone":"07-3610037"}},{"type":"Feature","geometry":{"type":"Point","coordinates":[120.290332,22.720116]},"properties":{"uid":"welfare_03723","name":"高雄市私立健安老人養護中心","welfare_class":"elderly_residential","address":"高雄市楠梓區東昌街17號1樓","city":"高雄市","coord_source":"tgos_upstream","coord_precision":"upstream","src_datasets":"165355|8572","n_src":2,"sub_code":"T0706","permit_status":"C01","inst_code":"EWG00313530","src_system":"長照機構暨長照人員相關管理資訊系統","attr_type":"私立","beds_approved":"47","target":"養護","licensed_at":"93.07.02","district":"楠梓區","phone":"07-3012490"}},{"type":"Feature","geometry":{"type":"Point","coordinates":[120.29027,22.720248]},"properties":{"uid":"welfare_03724","name":"高雄市私立新健安老人養護中心","welfare_class":"elderly_residential","address":"高雄市楠梓區東昌街19號1樓","city":"高雄市","coord_source":"tgos_upstream","coord_precision":"upstream","src_datasets":"165355|8572","n_src":2,"sub_code":"T0706","permit_status":"C01","inst_code":"EWG00313549","src_system":"長照機構暨長照人員相關管理資訊系統","attr_type":"私立","beds_approved":"47","target":"養護\n長期照護","licensed_at":"93.07.02","district":"楠梓區","phone":"07-3012490"}},{"type":"Feature","geometry":{"type":"Point","coordinates":[120.292908,22.721395]},"properties":{"uid":"welfare_03725","name":"高雄市私立德民老人長期照顧中心(養護型)","welfare_class":"elderly_residential","address":"高雄市楠梓區德民路797號","city":"高雄市","coord_source":"tgos_upstream","coord_precision":"upstream","src_datasets":"165355|8572","n_src":2,"sub_code":"T0706","permit_status":"C01","inst_code":"EWG00313558","src_system":"長照機構暨長照人員相關管理資訊系統","attr_type":"私立","beds_approved":"47","target":"養護","licensed_at":"106.06.02","district":"楠梓區","phone":"07-3626281"}},{"type":"Feature","geometry":{"type":"Point","coordinates":[120.400955,22.64938]},"properties":{"uid":"welfare_03726","name":"財團法人高雄市私立宏仁老人長期照顧中心（養護型）","welfare_class":"elderly_residential","address":"高雄市鳥松區神農路971巷96號1-2樓","city":"高雄市","coord_source":"tgos_upstream","coord_precision":"upstream","src_datasets":"165355|8572","n_src":2,"sub_code":"T0706","permit_status":"C01","inst_code":"EWG00313576","src_system":"長照機構暨長照人員相關管理資訊系統","attr_type":"私立","beds_approved":"60","target":"養護","licensed_at":"104.12.01","district":"鳥松區","phone":"07-6512656"}},{"type":"Feature","geometry":{"type":"Point","coordinates":[120.356103,22.674762]},"properties":{"uid":"welfare_03727","name":"高雄市私立天恩老人長期照顧中心(養護型)","welfare_class":"elderly_residential","address":"高雄市仁武區仁勇路95號1-2樓","city":"高雄市","coord_source":"tgos_upstream","coord_precision":"upstream","src_datasets":"165355|8572","n_src":2,"sub_code":"T0706","permit_status":"C01","inst_code":"EWG00313585","src_system":"長照機構暨長照人員相關管理資訊系統","attr_type":"私立","beds_approved":"37","target":"養護","licensed_at":"102.11.22","district":"仁武區","phone":"07-7334967"}},{"type":"Feature","geometry":{"type":"Point","coordinates":[120.341714,22.679458]},"properties":{"uid":"welfare_03728","name":"高雄市私立雪美老人長期照顧中心（養護型）","welfare_class":"elderly_residential","address":"高雄市仁武區赤山里澄仁西街239號1樓","city":"高雄市","coord_source":"tgos_upstream","coord_precision":"upstream","src_datasets":"165355|8572","n_src":2,"sub_code":"T0706","permit_status":"C01","inst_code":"EWG00313594","src_system":"長照機構暨長照人員相關管理資訊系統","attr_type":"私立","beds_approved":"47","target":"養護","licensed_at":"89.03.03","district":"仁武區","phone":"07-3727063"}},{"type":"Feature","geometry":{"type":"Point","coordinates":[120.569492,22.872121]},"properties":{"uid":"welfare_03729","name":"高雄市私立新效堂老人養護中心","welfare_class":"elderly_residential","address":"高雄市美濃區獅山里獅山街35號1樓","city":"高雄市","coord_source":"tgos_upstream","coord_precision":"upstream","src_datasets":"165355|8572","n_src":2,"sub_code":"T0706","permit_status":"C01","inst_code":"EWG00313602","src_system":"長照機構暨長照人員相關管理資訊系統","attr_type":"私立","beds_approved":"21","target":"養護","licensed_at":"90.04.19","district":"美濃區","phone":"07-6850588"}},{"type":"Feature","geometry":{"type":"Point","coordinates":[120.357523,22.671961]},"properties":{"uid":"welfare_03730","name":"高雄市私立信愛老人養護中心","welfare_class":"elderly_residential","address":"高雄市仁武區仁慈里仁慈路85巷18號1-2樓","city":"高雄市","coord_source":"tgos_upstream","coord_precision":"upstream","src_datasets":"165355|8572","n_src":2,"sub_code":"T0706","permit_status":"C01","inst_code":"EWG00313611","src_system":"長照機構暨長照人員相關管理資訊系統","attr_type":"私立","beds_approved":"32","target":"養護","licensed_at":"92.01.21","district":"仁武區","phone":"07-7353687"}},{"type":"Feature","geometry":{"type":"Point","coordinates":[120.546327,22.901814]},"properties":{"uid":"welfare_03731","name":"高雄市私立康乃心老人長期照顧中心(養護型)","welfare_class":"elderly_residential","address":"高雄市美濃區中圳里泰中路207號","city":"高雄市","coord_source":"tgos_upstream","coord_precision":"upstream","src_datasets":"165355|8572","n_src":2,"sub_code":"T0706","permit_status":"C01","inst_code":"EWG00313620","src_system":"長照機構暨長照人員相關管理資訊系統","attr_type":"私立","beds_approved":"49","target":"養護","licensed_at":"105.12.20","district":"美濃區","phone":"07-6822033"}},{"type":"Feature","geometry":{"type":"Point","coordinates":[120.283674,22.667083]},"properties":{"uid":"welfare_03732","name":"高雄市私立良安老人養護中心","welfare_class":"elderly_residential","address":"高雄市鼓山區永德街141號2樓","city":"高雄市","coord_source":"tgos_upstream","coord_precision":"upstream","src_datasets":"165355|8572","n_src":2,"sub_code":"T0706","permit_status":"C01","inst_code":"EWG00313639","src_system":"長照機構暨長照人員相關管理資訊系統","attr_type":"私立","beds_approved":"42","target":"養護","licensed_at":"95.09.04","district":"鼓山區","phone":"07-5857740"}},{"type":"Feature","geometry":{"type":"Point","coordinates":[120.326218,22.611996]},"properties":{"uid":"welfare_03733","name":"高雄市私立好順心老人長期照顧中心(養護型)","welfare_class":"elderly_residential","address":"高雄市苓雅區二聖一路12號","city":"高雄市","coord_source":"tgos_upstream","coord_precision":"upstream","src_datasets":"165355|8572","n_src":2,"sub_code":"T0706","permit_status":"C01","inst_code":"EWG00313648","src_system":"長照機構暨長照人員相關管理資訊系統","attr_type":"私立","beds_approved":"49","target":"養護","licensed_at":"106.05.31","district":"苓雅區","phone":"07-7166177"}},{"type":"Feature","geometry":{"type":"Point","coordinates":[120.326159,22.612003]},"properties":{"uid":"welfare_03734","name":"高雄市私立順心老人長期照顧中心(養護型)","welfare_class":"elderly_residential","address":"高雄市苓雅區二聖一路16號","city":"高雄市","coord_source":"tgos_upstream","coord_precision":"upstream","src_datasets":"165355|8572","n_src":2,"sub_code":"T0706","permit_status":"C01","inst_code":"EWG00313657","src_system":"長照機構暨長照人員相關管理資訊系統","attr_type":"私立","beds_approved":"49","target":"養護","licensed_at":"106.05.31","district":"苓雅區","phone":"07-7165977"}},{"type":"Feature","geometry":{"type":"Point","coordinates":[120.287764,22.630749]},"properties":{"uid":"welfare_03735","name":"高雄市私立健生老人養護中心","welfare_class":"elderly_residential","address":"高雄市前金區七賢二路426號3樓","city":"高雄市","coord_source":"tgos_upstream","coord_precision":"upstream","src_datasets":"165355|8572","n_src":2,"sub_code":"T0706","permit_status":"C01","inst_code":"EWG00313666","src_system":"長照機構暨長照人員相關管理資訊系統","attr_type":"私立","beds_approved":"48","target":"養護","licensed_at":"88.06.22","district":"前金區","phone":"07-2614912"}},{"type":"Feature","geometry":{"type":"Point","coordinates":[120.283606,22.667048]},"properties":{"uid":"welfare_03736","name":"高雄市私立永安老人長期照顧中心(養護型)","welfare_class":"elderly_residential","address":"高雄市鼓山區永德街143號","city":"高雄市","coord_source":"tgos_upstream","coord_precision":"upstream","src_datasets":"165355|8572","n_src":2,"sub_code":"T0706","permit_status":"C01","inst_code":"EWG00313675","src_system":"長照機構暨長照人員相關管理資訊系統","attr_type":"私立","beds_approved":"42","target":"養護","licensed_at":"97.11.19","district":"鼓山區","phone":"07-5857740"}},{"type":"Feature","geometry":{"type":"Point","coordinates":[120.364093,22.635766]},"properties":{"uid":"welfare_03737","name":"高雄市私立松霖老人長期照顧中心（養護型）","welfare_class":"elderly_residential","address":"高雄市鳳山區經武路156號1-4樓","city":"高雄市","coord_source":"tgos_upstream","coord_precision":"upstream","src_datasets":"165355|8572","n_src":2,"sub_code":"T0706","permit_status":"C01","inst_code":"EWG00313684","src_system":"長照機構暨長照人員相關管理資訊系統","attr_type":"私立","beds_approved":"36","target":"養護","licensed_at":"96.02.07","district":"鳳山區","phone":"07-7425829"}},{"type":"Feature","geometry":{"type":"Point","coordinates":[120.327994,22.593316]},"properties":{"uid":"welfare_03738","name":"高雄市私立宏亞老人長期照顧中心(養護型)","welfare_class":"elderly_residential","address":"高雄市鳳山區五甲三路12號1-5樓","city":"高雄市","coord_source":"tgos_upstream","coord_precision":"upstream","src_datasets":"165355|8572","n_src":2,"sub_code":"T0706","permit_status":"C01","inst_code":"EWG00313693","src_system":"長照機構暨長照人員相關管理資訊系統","attr_type":"私立","beds_approved":"48","target":"養護","licensed_at":"103.11.12","district":"鳳山區","phone":"07-8211218"}},{"type":"Feature","geometry":{"type":"Point","coordinates":[120.292371,22.632268]},"properties":{"uid":"welfare_03739","name":"高雄市私立孝升老人長期照顧中心(養護型)","welfare_class":"elderly_residential","address":"高雄市前金區七賢二路256號1-6樓","city":"高雄市","coord_source":"tgos_upstream","coord_precision":"upstream","src_datasets":"165355|8572","n_src":2,"sub_code":"T0706","permit_status":"C01","inst_code":"EWG00313701","src_system":"長照機構暨長照人員相關管理資訊系統","attr_type":"私立","beds_approved":"49","target":"養護","licensed_at":"93.05.18","district":"前金區","phone":"07-2723067"}},{"type":"Feature","geometry":{"type":"Point","coordinates":[120.242684,22.890637]},"properties":{"uid":"welfare_03740","name":"高雄市私立怡園老人養護中心","welfare_class":"elderly_residential","address":"高雄市湖內區中山路1段402巷8弄35號1-2樓","city":"高雄市","coord_source":"tgos_upstream","coord_precision":"upstream","src_datasets":"165355|8572","n_src":2,"sub_code":"T0706","permit_status":"C01","inst_code":"EWG00313710","src_system":"長照機構暨長照人員相關管理資訊系統","attr_type":"私立","beds_approved":"39","target":"養護","licensed_at":"89.06.05","district":"湖內區","phone":"07-6935989"}},{"type":"Feature","geometry":{"type":"Point","coordinates":[120.594371,22.871485]},"properties":{"uid":"welfare_03741","name":"財團法人高雄市私立寶光建德社會福利慈善事業基金會附設高雄市私立彌勒家園老人長期照顧中心(養護型)","welfare_class":"elderly_residential","address":"高雄市六龜區新寮里新威175-6號","city":"高雄市","coord_source":"tgos_upstream","coord_precision":"upstream","src_datasets":"165355|8572","n_src":2,"sub_code":"T0706","permit_status":"C01","inst_code":"EWG00313729","src_system":"長照機構暨長照人員相關管理資訊系統","attr_type":"私立","beds_approved":"156","target":"養護","licensed_at":"106.01.26","district":"六龜區","phone":"07-6871708"}},{"type":"Feature","geometry":{"type":"Point","coordinates":[120.35397,22.628468]},"properties":{"uid":"welfare_03742","name":"高雄市私立長松老人養護中心","welfare_class":"elderly_residential","address":"高雄市鳳山區五權路97號1-3樓","city":"高雄市","coord_source":"tgos_upstream","coord_precision":"upstream","src_datasets":"165355|8572","n_src":2,"sub_code":"T0706","permit_status":"C01","inst_code":"EWG00313738","src_system":"長照機構暨長照人員相關管理資訊系統","attr_type":"私立","beds_approved":"22","target":"養護","licensed_at":"90.07.23","district":"鳳山區","phone":"07-7460957"}},{"type":"Feature","geometry":{"type":"Point","coordinates":[120.34007,22.628723]},"properties":{"uid":"welfare_03743","name":"高雄市私立芳園老人長期照顧中心(養護型)","welfare_class":"elderly_residential","address":"高雄市苓雅區文山路142號","city":"高雄市","coord_source":"tgos_upstream","coord_precision":"upstream","src_datasets":"165355|8572","n_src":2,"sub_code":"T0706","permit_status":"C01","inst_code":"EWG00313747","src_system":"長照機構暨長照人員相關管理資訊系統","attr_type":"私立","beds_approved":"48","target":"養護","licensed_at":"104.07.27","district":"苓雅區","phone":"07-7470306"}},{"type":"Feature","geometry":{"type":"Point","coordinates":[121.445531,25.001225]},"properties":{"uid":"welfare_04340","name":"國軍退除役官兵輔導委員會板橋榮譽國民之家","welfare_class":"elderly_residential","uni_no":"33506233","address":"新北市板橋區大觀路二段32號","city":"新北市","coord_source":"tgos_upstream","coord_precision":"upstream","src_datasets":"165355","n_src":1,"sub_code":"T0605","permit_status":"C04","inst_code":"FFE00347144","src_system":"長照機構暨長照人員相關管理資訊系統"}},{"type":"Feature","geometry":{"type":"Point","coordinates":[121.398145,24.905962]},"properties":{"uid":"welfare_04341","name":"國軍退除役官兵輔導委員會臺北榮譽國民之家","welfare_class":"elderly_residential","uni_no":"43511143","address":"新北市三峽區白雞路127號","city":"新北市","coord_source":"offline_l15","coord_precision":"interpolated","src_datasets":"165355","n_src":1,"sub_code":"T0605","permit_status":"C04","inst_code":"FFE00347153","src_system":"長照機構暨長照人員相關管理資訊系統"}},{"type":"Feature","geometry":{"type":"Point","coordinates":[121.358537,25.068107]},"properties":{"uid":"welfare_04748","name":"新北市私立夏雨老人長期照顧中心（長期照護型）","welfare_class":"elderly_residential","address":"新北市林口區三民路75號2樓","city":"新北市","coord_source":"tgos_upstream","coord_precision":"upstream","src_datasets":"165355|8572","n_src":2,"sub_code":"T0705","permit_status":"C01","inst_code":"FWF00307087","src_system":"長照機構暨長照人員相關管理資訊系統","attr_type":"私立","beds_approved":"41","target":"長照","licensed_at":"102.9","district":"林口區","phone":"02-26000888"}},{"type":"Feature","geometry":{"type":"Point","coordinates":[121.536717,24.983301]},"properties":{"uid":"welfare_04749","name":"新北市私立民權老人長期照顧中心(長期照護型)","welfare_class":"elderly_residential","address":"新北市新店區民權路88之1號2樓","city":"新北市","coord_source":"tgos_upstream","coord_precision":"upstream","src_datasets":"165355|8572","n_src":2,"sub_code":"T0705","permit_status":"C01","inst_code":"FWF00307203","src_system":"長照機構暨長照人員相關管理資訊系統","attr_type":"私立","beds_approved":"16","target":"長照","licensed_at":"102.04","district":"新店區","phone":"02-86671476"}},{"type":"Feature","geometry":{"type":"Point","coordinates":[121.430162,25.031482]},"properties":{"uid":"welfare_04750","name":"新北市私立智英老人長期照護中心","welfare_class":"elderly_residential","address":"新北市新莊區中正路544-36號1樓","city":"新北市","coord_source":"tgos_upstream","coord_precision":"upstream","src_datasets":"165355|8572","n_src":2,"sub_code":"T0705","permit_status":"C01","inst_code":"FWF00307276","src_system":"長照機構暨長照人員相關管理資訊系統","attr_type":"私立","beds_approved":"25","target":"長照","licensed_at":"93.12","district":"新莊區","phone":"02-29085498"}},{"type":"Feature","geometry":{"type":"Point","coordinates":[121.635633,25.067254]},"properties":{"uid":"welfare_04751","name":"新北市私立大漢老人長期照顧中心（養護型）","welfare_class":"elderly_residential","address":"新北市汐止區福德路38號5樓之1","city":"新北市","coord_source":"tgos_upstream","coord_precision":"upstream","src_datasets":"165355|8572","n_src":2,"sub_code":"T0706","permit_status":"C01","inst_code":"FWG00304016","src_system":"長照機構暨長照人員相關管理資訊系統","attr_type":"私立","beds_approved":"49","target":"養護","licensed_at":"102.03","district":"汐止區","phone":"02-26932918"}},{"type":"Feature","geometry":{"type":"Point","coordinates":[121.459074,25.007107]},"properties":{"uid":"welfare_04752","name":"新北市私立迦順老人長期照顧中心（養護型）","welfare_class":"elderly_residential","address":"新北市板橋區館前西路6號8樓","city":"新北市","coord_source":"tgos_upstream","coord_precision":"upstream","src_datasets":"165355|8572","n_src":2,"sub_code":"T0706","permit_status":"C01","inst_code":"FWG00304025","src_system":"長照機構暨長照人員相關管理資訊系統","attr_type":"私立","beds_approved":"49","target":"養護","licensed_at":"97.1","district":"板橋區","phone":"02-29645889"}},{"type":"Feature","geometry":{"type":"Point","coordinates":[121.635633,25.067254]},"properties":{"uid":"welfare_04753","name":"新北市私立百齡家園老人長期照顧中心（養護型）","welfare_class":"elderly_residential","address":"新北市汐止區福德路38號11樓、11樓之1、11樓之2、11樓之3、11樓之4、11樓之5、11樓之6、11樓之7","city":"新北市","coord_source":"tgos_upstream","coord_precision":"upstream","src_datasets":"165355|8572","n_src":2,"sub_code":"T0706","permit_status":"C01","inst_code":"FWG00304089","src_system":"長照機構暨長照人員相關管理資訊系統","attr_type":"私立","beds_approved":"40","target":"養護","licensed_at":"106.07","district":"汐止區","phone":"02-86931606"}},{"type":"Feature","geometry":{"type":"Point","coordinates":[121.635633,25.067254]},"properties":{"uid":"welfare_04754","name":"新北市私立百寧老人長期照顧中心(養護型)","welfare_class":"elderly_residential","address":"新北市汐止區福德路38號9樓、38號9樓之1、38號9樓之2、38號9樓之3、38號9樓之4、38號9樓之5、38號9樓之6、38號9樓之7","city":"新北市","coord_source":"tgos_upstream","coord_precision":"upstream","src_datasets":"165355|8572","n_src":2,"sub_code":"T0706","permit_status":"C01","inst_code":"FWG00304098","src_system":"長照機構暨長照人員相關管理資訊系統","attr_type":"私立","beds_approved":"40","target":"養護","licensed_at":"103.12","district":"汐止區","phone":"02-86931901"}},{"type":"Feature","geometry":{"type":"Point","coordinates":[121.635633,25.067254]},"properties":{"uid":"welfare_04755","name":"新北市私立百睿老人長期照顧中心(養護型)","welfare_class":"elderly_residential","address":"新北市汐止區福德路38號10樓、10樓之1~10樓之7","city":"新北市","coord_source":"tgos_upstream","coord_precision":"upstream","src_datasets":"165355|8572","n_src":2,"sub_code":"T0706","permit_status":"C01","inst_code":"FWG00304106","src_system":"長照機構暨長照人員相關管理資訊系統","attr_type":"私立","beds_approved":"42","target":"養護","licensed_at":"97.06","district":"汐止區","phone":"02-86933112"}},{"type":"Feature","geometry":{"type":"Point","coordinates":[121.493404,25.001562]},"properties":{"uid":"welfare_04756","name":"新北市私立忠祥老人長期照顧中心（養護型）","welfare_class":"elderly_residential","address":"新北市中和區中山路2段327巷1號4樓","city":"新北市","coord_source":"tgos_upstream","coord_precision":"upstream","src_datasets":"165355|8572","n_src":2,"sub_code":"T0706","permit_status":"C01","inst_code":"FWG00304115","src_system":"長照機構暨長照人員相關管理資訊系統","attr_type":"私立","beds_approved":"41","target":"養護","licensed_at":"97.06","district":"中和區","phone":"02-22473386"}},{"type":"Feature","geometry":{"type":"Point","coordinates":[121.479409,25.008627]},"properties":{"uid":"welfare_04757","name":"新北市私立展欣老人長期照顧中心（養護型）","welfare_class":"elderly_residential","address":"新北市中和區員山路506號2樓","city":"新北市","coord_source":"tgos_upstream","coord_precision":"upstream","src_datasets":"165355|8572","n_src":2,"sub_code":"T0706","permit_status":"C01","inst_code":"FWG00304124","src_system":"長照機構暨長照人員相關管理資訊系統","attr_type":"私立","beds_approved":"41","target":"養護","licensed_at":"101.04","district":"中和區","phone":"02-22267373"}},{"type":"Feature","geometry":{"type":"Point","coordinates":[121.432429,25.063808]},"properties":{"uid":"welfare_04758","name":"新北市私立恆輝老人長期照顧中心（養護型）","welfare_class":"elderly_residential","address":"新北市泰山區明志路1段122巷33號","city":"新北市","coord_source":"tgos_upstream","coord_precision":"upstream","src_datasets":"165355|8572","n_src":2,"sub_code":"T0706","permit_status":"C01","inst_code":"FWG00304133","src_system":"長照機構暨長照人員相關管理資訊系統","attr_type":"私立","beds_approved":"36","target":"養護","licensed_at":"98.01","district":"泰山區","phone":"02-22962153"}},{"type":"Feature","geometry":{"type":"Point","coordinates":[121.380184,24.929034]},"properties":{"uid":"welfare_04759","name":"新北市私立清水養老院老人長期照顧中心(養護型)","welfare_class":"elderly_residential","address":"新北市三峽區介壽路1段286號5樓","city":"新北市","coord_source":"tgos_upstream","coord_precision":"upstream","src_datasets":"165355|8572","n_src":2,"sub_code":"T0706","permit_status":"C01","inst_code":"FWG00304142","src_system":"長照機構暨長照人員相關管理資訊系統","attr_type":"私立","beds_approved":"48","target":"養護","licensed_at":"103.07","district":"三峽區","phone":"02-86725678"}},{"type":"Feature","geometry":{"type":"Point","coordinates":[121.488705,25.051286]},"properties":{"uid":"welfare_04760","name":"新北市私立豐禾老人長期照顧中心(養護型)","welfare_class":"elderly_residential","address":"新北市三重區成功路79號1樓-5樓","city":"新北市","coord_source":"tgos_upstream","coord_precision":"upstream","src_datasets":"165355|8572","n_src":2,"sub_code":"T0706","permit_status":"C01","inst_code":"FWG00306276","src_system":"長照機構暨長照人員相關管理資訊系統","attr_type":"私立","beds_approved":"45","target":"養護","licensed_at":"92.01","district":"三重區","phone":"02-89720166"}},{"type":"Feature","geometry":{"type":"Point","coordinates":[121.488106,25.051618]},"properties":{"uid":"welfare_04761","name":"新北市私立靜園老人長期照顧中心(養護型)","welfare_class":"elderly_residential","address":"新北市三重區成功路97號10樓","city":"新北市","coord_source":"tgos_upstream","coord_precision":"upstream","src_datasets":"165355|8572","n_src":2,"sub_code":"T0706","permit_status":"C01","inst_code":"FWG00306285","src_system":"長照機構暨長照人員相關管理資訊系統","attr_type":"私立","beds_approved":"49","target":"養護","licensed_at":"105.01","district":"三重區","phone":"02-89731580"}},{"type":"Feature","geometry":{"type":"Point","coordinates":[121.488106,25.051618]},"properties":{"uid":"welfare_04762","name":"新北市私立今光愛心老人養護中心","welfare_class":"elderly_residential","address":"新北市三重區成功路97號2樓","city":"新北市","coord_source":"tgos_upstream","coord_precision":"upstream","src_datasets":"165355|8572","n_src":2,"sub_code":"T0706","permit_status":"C01","inst_code":"FWG00306294","src_system":"長照機構暨長照人員相關管理資訊系統","attr_type":"私立","beds_approved":"48","target":"養護","licensed_at":"89.1","district":"三重區","phone":"02-29768888"}},{"type":"Feature","geometry":{"type":"Point","coordinates":[121.491463,25.079999]},"properties":{"uid":"welfare_04763","name":"新北市私立大安老人長期照顧中心（養護型）","welfare_class":"elderly_residential","address":"新北市三重區自強路4段110號3樓","city":"新北市","coord_source":"tgos_upstream","coord_precision":"upstream","src_datasets":"165355|8572","n_src":2,"sub_code":"T0706","permit_status":"C01","inst_code":"FWG00306302","src_system":"長照機構暨長照人員相關管理資訊系統","attr_type":"私立","beds_approved":"24","target":"養護","licensed_at":"98.07","district":"三重區","phone":"02-89819911"}},{"type":"Feature","geometry":{"type":"Point","coordinates":[121.466793,25.043407]},"properties":{"uid":"welfare_04764","name":"新北市私立圓滿老人長期照顧中心（養護型）","welfare_class":"elderly_residential","address":"新北市三重區重新路5段639號10樓、639之1號10樓","city":"新北市","coord_source":"tgos_upstream","coord_precision":"upstream","src_datasets":"165355|8572","n_src":2,"sub_code":"T0706","permit_status":"C01","inst_code":"FWG00306311","src_system":"長照機構暨長照人員相關管理資訊系統","attr_type":"私立","beds_approved":"39","target":"養護","licensed_at":"106.05","district":"三重區","phone":"02-29998867"}},{"type":"Feature","geometry":{"type":"Point","coordinates":[121.491264,25.076132]},"properties":{"uid":"welfare_04765","name":"新北市私立蓮愛老人養護中心","welfare_class":"elderly_residential","address":"新北市三重區溪尾街41號2樓","city":"新北市","coord_source":"tgos_upstream","coord_precision":"upstream","src_datasets":"165355|8572","n_src":2,"sub_code":"T0706","permit_status":"C01","inst_code":"FWG00306320","src_system":"長照機構暨長照人員相關管理資訊系統","attr_type":"私立","beds_approved":"32","target":"養護","licensed_at":"95.06","district":"三重區","phone":"02-29896770"}},{"type":"Feature","geometry":{"type":"Point","coordinates":[121.502324,25.064253]},"properties":{"uid":"welfare_04766","name":"新北市私立安泰老人長期照顧中心（養護型）","welfare_class":"elderly_residential","address":"新北市三重區福德北路4號3樓、4樓","city":"新北市","coord_source":"tgos_upstream","coord_precision":"upstream","src_datasets":"165355|8572","n_src":2,"sub_code":"T0706","permit_status":"C01","inst_code":"FWG00306339","src_system":"長照機構暨長照人員相關管理資訊系統","attr_type":"私立","beds_approved":"30","target":"養護","licensed_at":"100.07","district":"三重區","phone":"02-29737632"}},{"type":"Feature","geometry":{"type":"Point","coordinates":[121.494832,25.071009]},"properties":{"uid":"welfare_04767","name":"新北市私立長園老人長期照顧中心(養護型)","welfare_class":"elderly_residential","address":"新北市三重區龍門路1號3樓、3樓之1","city":"新北市","coord_source":"tgos_upstream","coord_precision":"upstream","src_datasets":"165355|8572","n_src":2,"sub_code":"T0706","permit_status":"C01","inst_code":"FWG00306348","src_system":"長照機構暨長照人員相關管理資訊系統","attr_type":"私立","beds_approved":"46","target":"養護","licensed_at":"105.05","district":"三重區","phone":"02-29860063"}},{"type":"Feature","geometry":{"type":"Point","coordinates":[121.366386,24.911539]},"properties":{"uid":"welfare_04768","name":"新北市私立慈恩老人長期照顧中心(養護型)","welfare_class":"elderly_residential","address":"新北市三峽區大利路2號(1、2層)、4號、6號2樓","city":"新北市","coord_source":"tgos_upstream","coord_precision":"upstream","src_datasets":"165355|8572","n_src":2,"sub_code":"T0706","permit_status":"C01","inst_code":"FWG00306357","src_system":"長照機構暨長照人員相關管理資訊系統","attr_type":"私立","beds_approved":"45","target":"養護","licensed_at":"89.03","district":"三峽區","phone":"02-26738500"}},{"type":"Feature","geometry":{"type":"Point","coordinates":[121.37418,24.932652]},"properties":{"uid":"welfare_04769","name":"新北市私立安康老人長期照顧中心（養護型）","welfare_class":"elderly_residential","address":"新北市三峽區中華路22號3樓之3","city":"新北市","coord_source":"tgos_upstream","coord_precision":"upstream","src_datasets":"165355|8572","n_src":2,"sub_code":"T0706","permit_status":"C01","inst_code":"FWG00306366","src_system":"長照機構暨長照人員相關管理資訊系統","attr_type":"私立","beds_approved":"31","target":"養護","licensed_at":"99.02","district":"三峽區","phone":"02-86719488"}},{"type":"Feature","geometry":{"type":"Point","coordinates":[121.379842,24.929151]},"properties":{"uid":"welfare_04770","name":"新北市私立清安養老院老人長期照顧中心(養護型)","welfare_class":"elderly_residential","address":"新北市三峽區介壽路1段278號3樓","city":"新北市","coord_source":"tgos_upstream","coord_precision":"upstream","src_datasets":"165355|8572","n_src":2,"sub_code":"T0706","permit_status":"C01","inst_code":"FWG00306375","src_system":"長照機構暨長照人員相關管理資訊系統","attr_type":"私立","beds_approved":"48","target":"養護","licensed_at":"102.09","district":"三峽區","phone":"02-86722809"}},{"type":"Feature","geometry":{"type":"Point","coordinates":[121.379885,24.929047]},"properties":{"uid":"welfare_04771","name":"新北市私立清景養老院老人長期照顧中心(養護型)","welfare_class":"elderly_residential","address":"新北市三峽區介壽路1段280號3樓","city":"新北市","coord_source":"tgos_upstream","coord_precision":"upstream","src_datasets":"165355|8572","n_src":2,"sub_code":"T0706","permit_status":"C01","inst_code":"FWG00306384","src_system":"長照機構暨長照人員相關管理資訊系統","attr_type":"私立","beds_approved":"48","target":"養護","licensed_at":"105.05","district":"三峽區","phone":"02-86725678"}},{"type":"Feature","geometry":{"type":"Point","coordinates":[121.379885,24.929047]},"properties":{"uid":"welfare_04772","name":"新北市私立清風養老院老人長期照顧中心(養護型)","welfare_class":"elderly_residential","address":"新北市三峽區介壽路1段280號4樓","city":"新北市","coord_source":"tgos_upstream","coord_precision":"upstream","src_datasets":"165355|8572","n_src":2,"sub_code":"T0706","permit_status":"C01","inst_code":"FWG00306393","src_system":"長照機構暨長照人員相關管理資訊系統","attr_type":"私立","beds_approved":"48","target":"養護","licensed_at":"105.08","district":"三峽區","phone":"02-86725678"}},{"type":"Feature","geometry":{"type":"Point","coordinates":[121.379885,24.929047]},"properties":{"uid":"welfare_04773","name":"新北市私立清照養老院老人長期照顧中心(養護型)","welfare_class":"elderly_residential","address":"新北市三峽區介壽路1段280號5樓","city":"新北市","coord_source":"tgos_upstream","coord_precision":"upstream","src_datasets":"165355|8572","n_src":2,"sub_code":"T0706","permit_status":"C01","inst_code":"FWG00306401","src_system":"長照機構暨長照人員相關管理資訊系統","attr_type":"私立","beds_approved":"48","target":"養護","licensed_at":"103.03","district":"三峽區","phone":"02-86725678"}},{"type":"Feature","geometry":{"type":"Point","coordinates":[121.379885,24.929047]},"properties":{"uid":"welfare_04774","name":"新北市私立清日養老院老人長期照顧中心(養護型)","welfare_class":"elderly_residential","address":"新北市三峽區介壽路1段280號6樓","city":"新北市","coord_source":"tgos_upstream","coord_precision":"upstream","src_datasets":"165355|8572","n_src":2,"sub_code":"T0706","permit_status":"C01","inst_code":"FWG00306410","src_system":"長照機構暨長照人員相關管理資訊系統","attr_type":"私立","beds_approved":"48","target":"養護","licensed_at":"102.08","district":"三峽區","phone":"02-86722937"}},{"type":"Feature","geometry":{"type":"Point","coordinates":[121.380184,24.929034]},"properties":{"uid":"welfare_04775","name":"新北市私立清涼養老院老人長期照顧中心(養護型)","welfare_class":"elderly_residential","address":"新北市三峽區介壽路1段286號3樓","city":"新北市","coord_source":"tgos_upstream","coord_precision":"upstream","src_datasets":"165355|8572","n_src":2,"sub_code":"T0706","permit_status":"C01","inst_code":"FWG00306429","src_system":"長照機構暨長照人員相關管理資訊系統","attr_type":"私立","beds_approved":"48","target":"養護","licensed_at":"104.07","district":"三峽區","phone":"02-86725678"}},{"type":"Feature","geometry":{"type":"Point","coordinates":[121.380184,24.929034]},"properties":{"uid":"welfare_04776","name":"新北市私立清清養老院老人長期照顧中心(養護型)","welfare_class":"elderly_residential","address":"新北市三峽區介壽路1段286號4樓","city":"新北市","coord_source":"tgos_upstream","coord_precision":"upstream","src_datasets":"165355|8572","n_src":2,"sub_code":"T0706","permit_status":"C01","inst_code":"FWG00306438","src_system":"長照機構暨長照人員相關管理資訊系統","attr_type":"私立","beds_approved":"48","target":"養護","licensed_at":"103.08","district":"三峽區","phone":"02-86725678"}},{"type":"Feature","geometry":{"type":"Point","coordinates":[121.380184,24.929034]},"properties":{"uid":"welfare_04777","name":"新北市私立清泉養老院老人長期照顧中心 (養護型)","welfare_class":"elderly_residential","address":"新北市三峽區介壽路1段286號6樓","city":"新北市","coord_source":"tgos_upstream","coord_precision":"upstream","src_datasets":"165355|8572","n_src":2,"sub_code":"T0706","permit_status":"C01","inst_code":"FWG00306447","src_system":"長照機構暨長照人員相關管理資訊系統","attr_type":"私立","beds_approved":"48","target":"養護","licensed_at":"103.02","district":"三峽區","phone":"02-86725678"}},{"type":"Feature","geometry":{"type":"Point","coordinates":[121.374761,24.935711]},"properties":{"uid":"welfare_04778","name":"新北市私立安新老人長期照顧中心（養護型）","welfare_class":"elderly_residential","address":"新北市三峽區民生街83號4樓、85號4樓、85號5樓","city":"新北市","coord_source":"tgos_upstream","coord_precision":"upstream","src_datasets":"165355|8572","n_src":2,"sub_code":"T0706","permit_status":"C01","inst_code":"FWG00306456","src_system":"長照機構暨長照人員相關管理資訊系統","attr_type":"私立","beds_approved":"49","target":"養護","licensed_at":"89.09","district":"三峽區","phone":"02-86710158"}},{"type":"Feature","geometry":{"type":"Point","coordinates":[121.370498,24.938704]},"properties":{"uid":"welfare_04779","name":"新北市私立廣春老人長期照顧中心(養護型)","welfare_class":"elderly_residential","address":"新北市三峽區復興路176號2樓","city":"新北市","coord_source":"tgos_upstream","coord_precision":"upstream","src_datasets":"165355|8572","n_src":2,"sub_code":"T0706","permit_status":"C01","inst_code":"FWG00306465","src_system":"長照機構暨長照人員相關管理資訊系統","attr_type":"私立","beds_approved":"40","target":"養護","licensed_at":"95.12","district":"三峽區","phone":"02-86715396"}},{"type":"Feature","geometry":{"type":"Point","coordinates":[121.370498,24.938704]},"properties":{"uid":"welfare_04780","name":"新北市私立鴻欣老人長期照顧中心（養護型）","welfare_class":"elderly_residential","address":"新北市三峽區復興路176號3樓","city":"新北市","coord_source":"tgos_upstream","coord_precision":"upstream","src_datasets":"165355|8572","n_src":2,"sub_code":"T0706","permit_status":"C01","inst_code":"FWG00306474","src_system":"長照機構暨長照人員相關管理資訊系統","attr_type":"私立","beds_approved":"40","target":"養護","licensed_at":"91.11","district":"三峽區","phone":"02-86715396"}},{"type":"Feature","geometry":{"type":"Point","coordinates":[121.37444,24.935502]},"properties":{"uid":"welfare_04781","name":"新北市私立智理老人長期照顧中心（養護型）","welfare_class":"elderly_residential","address":"新北市三峽區復興路1號3樓之1、3樓之2、3樓之3","city":"新北市","coord_source":"tgos_upstream","coord_precision":"upstream","src_datasets":"165355|8572","n_src":2,"sub_code":"T0706","permit_status":"C01","inst_code":"FWG00306483","src_system":"長照機構暨長照人員相關管理資訊系統","attr_type":"私立","beds_approved":"23","target":"養護","licensed_at":"101.09","district":"三峽區","phone":"02-26741007"}},{"type":"Feature","geometry":{"type":"Point","coordinates":[121.409034,24.950341]},"properties":{"uid":"welfare_04782","name":"新北市私立博楷老人長期照顧中心（養護型）","welfare_class":"elderly_residential","address":"新北市土城區中央路4段84號2-3樓、86巷2號1-3樓、88號1-3樓、90號3樓","city":"新北市","coord_source":"tgos_upstream","coord_precision":"upstream","src_datasets":"165355|8572","n_src":2,"sub_code":"T0706","permit_status":"C01","inst_code":"FWG00306492","src_system":"長照機構暨長照人員相關管理資訊系統","attr_type":"私立","beds_approved":"47","target":"養護","licensed_at":"101.11","district":"土城區","phone":"02-22672952"}},{"type":"Feature","geometry":{"type":"Point","coordinates":[121.412617,24.954632]},"properties":{"uid":"welfare_04783","name":"新北市私立博群老人長期照顧中心（養護型）","welfare_class":"elderly_residential","address":"新北市土城區中央路4段84號4-5樓、86巷2號4-5樓、88號4-5樓、90號4-5樓","city":"新北市","coord_source":"tgos_upstream","coord_precision":"upstream","src_datasets":"165355|8572","n_src":2,"sub_code":"T0706","permit_status":"C01","inst_code":"FWG00306500","src_system":"長照機構暨長照人員相關管理資訊系統","attr_type":"私立","beds_approved":"47","target":"養護","licensed_at":"101.07","district":"土城區","phone":"02-22677356"}},{"type":"Feature","geometry":{"type":"Point","coordinates":[121.442322,24.974903]},"properties":{"uid":"welfare_04784","name":"新北市私立連馨老人長期照顧中心（養護型）","welfare_class":"elderly_residential","address":"新北市土城區中正路2號3樓","city":"新北市","coord_source":"tgos_upstream","coord_precision":"upstream","src_datasets":"165355|8572","n_src":2,"sub_code":"T0706","permit_status":"C01","inst_code":"FWG00306519","src_system":"長照機構暨長照人員相關管理資訊系統","attr_type":"私立","beds_approved":"49","target":"養護","licensed_at":"98.11","district":"土城區","phone":"02-22635701"}},{"type":"Feature","geometry":{"type":"Point","coordinates":[121.458042,24.981506]},"properties":{"uid":"welfare_04785","name":"新北市私立大眾老人養護中心","welfare_class":"elderly_residential","address":"新北市土城區清水路114號2樓","city":"新北市","coord_source":"tgos_upstream","coord_precision":"upstream","src_datasets":"165355|8572","n_src":2,"sub_code":"T0706","permit_status":"C01","inst_code":"FWG00306528","src_system":"長照機構暨長照人員相關管理資訊系統","attr_type":"私立","beds_approved":"31","target":"養護","licensed_at":"94.03","district":"土城區","phone":"02-22602532"}},{"type":"Feature","geometry":{"type":"Point","coordinates":[121.503298,25.003919]},"properties":{"uid":"welfare_04786","name":"新北市私立永泰老人養護中心","welfare_class":"elderly_residential","address":"新北市中和區中山路2段101號1樓-4樓","city":"新北市","coord_source":"tgos_upstream","coord_precision":"upstream","src_datasets":"165355|8572","n_src":2,"sub_code":"T0706","permit_status":"C01","inst_code":"FWG00306537","src_system":"長照機構暨長照人員相關管理資訊系統","attr_type":"私立","beds_approved":"20","target":"養護","licensed_at":"93.04","district":"中和區","phone":"02-22409933"}},{"type":"Feature","geometry":{"type":"Point","coordinates":[121.502272,25.003067]},"properties":{"uid":"welfare_04787","name":"新北市私立雙和老人長期照顧中心（養護型）","welfare_class":"elderly_residential","address":"新北市中和區中山路2段133號2樓","city":"新北市","coord_source":"tgos_upstream","coord_precision":"upstream","src_datasets":"165355|8572","n_src":2,"sub_code":"T0706","permit_status":"C01","inst_code":"FWG00306546","src_system":"長照機構暨長照人員相關管理資訊系統","attr_type":"私立","beds_approved":"34","target":"養護","licensed_at":"103.01","district":"中和區","phone":"02-82458280"}},{"type":"Feature","geometry":{"type":"Point","coordinates":[121.493404,25.001562]},"properties":{"uid":"welfare_04788","name":"新北市私立逢海老人長期照顧中心（養護型）","welfare_class":"elderly_residential","address":"新北市中和區中山路2段327巷1號5樓","city":"新北市","coord_source":"tgos_upstream","coord_precision":"upstream","src_datasets":"165355|8572","n_src":2,"sub_code":"T0706","permit_status":"C01","inst_code":"FWG00306555","src_system":"長照機構暨長照人員相關管理資訊系統","attr_type":"私立","beds_approved":"49","target":"養護","licensed_at":"102.09","district":"中和區","phone":"02-22451915"}},{"type":"Feature","geometry":{"type":"Point","coordinates":[121.487371,25.004642]},"properties":{"uid":"welfare_04789","name":"新北市私立福泰老人長期照顧中心(養護型)","welfare_class":"elderly_residential","uni_no":"42150825","address":"新北市中和區中山路2段371號4樓","city":"新北市","coord_source":"tgos_upstream","coord_precision":"upstream","src_datasets":"165355","n_src":1,"sub_code":"T0706","permit_status":"C01","inst_code":"FWG00306564","src_system":"長照機構暨長照人員相關管理資訊系統"}},{"type":"Feature","geometry":{"type":"Point","coordinates":[121.485299,24.999815]},"properties":{"uid":"welfare_04790","name":"新北市私立怡安老人長期照顧中心（養護型）","welfare_class":"elderly_residential","address":"新北市中和區中正路770號5樓","city":"新北市","coord_source":"tgos_upstream","coord_precision":"upstream","src_datasets":"165355|8572","n_src":2,"sub_code":"T0706","permit_status":"C01","inst_code":"FWG00306573","src_system":"長照機構暨長照人員相關管理資訊系統","attr_type":"私立","beds_approved":"47","target":"養護","licensed_at":"102.01","district":"中和區","phone":"02-82213542"}},{"type":"Feature","geometry":{"type":"Point","coordinates":[121.483558,25.006443]},"properties":{"uid":"welfare_04791","name":"新北市私立慈和老人長期照顧中心（養護型）","welfare_class":"elderly_residential","address":"新北市中和區中正路909號2樓","city":"新北市","coord_source":"tgos_upstream","coord_precision":"upstream","src_datasets":"165355|8572","n_src":2,"sub_code":"T0706","permit_status":"C01","inst_code":"FWG00306582","src_system":"長照機構暨長照人員相關管理資訊系統","attr_type":"私立","beds_approved":"32","target":"養護","licensed_at":"102.12","district":"中和區","phone":"02-22212393"}},{"type":"Feature","geometry":{"type":"Point","coordinates":[121.483558,25.006443]},"properties":{"uid":"welfare_04792","name":"新北市私立慈安老人長期照顧中心（養護型）","welfare_class":"elderly_residential","address":"新北市中和區中正路909號3樓","city":"新北市","coord_source":"tgos_upstream","coord_precision":"upstream","src_datasets":"165355|8572","n_src":2,"sub_code":"T0706","permit_status":"C01","inst_code":"FWG00306591","src_system":"長照機構暨長照人員相關管理資訊系統","attr_type":"私立","beds_approved":"32","target":"養護","licensed_at":"102.11","district":"中和區","phone":"02-22212393"}},{"type":"Feature","geometry":{"type":"Point","coordinates":[121.493848,24.998177]},"properties":{"uid":"welfare_04793","name":"新北市私立美馨老人長期照顧中心（養護型）","welfare_class":"elderly_residential","address":"新北市中和區板南路337號5樓","city":"新北市","coord_source":"tgos_upstream","coord_precision":"upstream","src_datasets":"165355|8572","n_src":2,"sub_code":"T0706","permit_status":"C01","inst_code":"FWG00306609","src_system":"長照機構暨長照人員相關管理資訊系統","attr_type":"私立","beds_approved":"28","target":"養護","licensed_at":"100.08","district":"中和區","phone":"02-22451915"}},{"type":"Feature","geometry":{"type":"Point","coordinates":[121.488178,25.002454]},"properties":{"uid":"welfare_04794","name":"新北市私立安怡老人長期照顧中心(養護型)","welfare_class":"elderly_residential","address":"新北市中和區建一路87號3樓","city":"新北市","coord_source":"tgos_upstream","coord_precision":"upstream","src_datasets":"165355|8572","n_src":2,"sub_code":"T0706","permit_status":"C01","inst_code":"FWG00306618","src_system":"長照機構暨長照人員相關管理資訊系統","attr_type":"私立","beds_approved":"43","target":"養護","licensed_at":"103.11","district":"中和區","phone":"02-22287623"}},{"type":"Feature","geometry":{"type":"Point","coordinates":[121.479409,25.008627]},"properties":{"uid":"welfare_04795","name":"新北市私立享居老人長期照顧中心（養護型）","welfare_class":"elderly_residential","address":"新北市中和區員山路506號6樓","city":"新北市","coord_source":"tgos_upstream","coord_precision":"upstream","src_datasets":"165355|8572","n_src":2,"sub_code":"T0706","permit_status":"C01","inst_code":"FWG00306627","src_system":"長照機構暨長照人員相關管理資訊系統","attr_type":"私立","beds_approved":"46","target":"養護","licensed_at":"106.06","district":"中和區","phone":"02-22250966"}},{"type":"Feature","geometry":{"type":"Point","coordinates":[121.493984,24.99789]},"properties":{"uid":"welfare_04796","name":"新北市私立仁安老人長期照顧中心（養護型）","welfare_class":"elderly_residential","address":"新北市中和區連城路164號2樓","city":"新北市","coord_source":"tgos_upstream","coord_precision":"upstream","src_datasets":"165355|8572","n_src":2,"sub_code":"T0706","permit_status":"C01","inst_code":"FWG00306636","src_system":"長照機構暨長照人員相關管理資訊系統","attr_type":"私立","beds_approved":"37","target":"養護","licensed_at":"100.03","district":"中和區","phone":"02-22481617"}},{"type":"Feature","geometry":{"type":"Point","coordinates":[121.493984,24.99789]},"properties":{"uid":"welfare_04797","name":"新北市私立仁和老人長期照顧中心（養護型）","welfare_class":"elderly_residential","address":"新北市中和區連城路164號4樓、164之2號4樓","city":"新北市","coord_source":"tgos_upstream","coord_precision":"upstream","src_datasets":"165355|8572","n_src":2,"sub_code":"T0706","permit_status":"C01","inst_code":"FWG00306645","src_system":"長照機構暨長照人員相關管理資訊系統","attr_type":"私立","beds_approved":"40","target":"養護","licensed_at":"104.08","district":"中和區","phone":"02-22481607"}},{"type":"Feature","geometry":{"type":"Point","coordinates":[121.493821,24.985053]},"properties":{"uid":"welfare_04798","name":"新北市私立御林園老人長期照顧中心（養護型）","welfare_class":"elderly_residential","address":"新北市中和區圓通路367巷33弄6號","city":"新北市","coord_source":"tgos_upstream","coord_precision":"upstream","src_datasets":"165355|8572","n_src":2,"sub_code":"T0706","permit_status":"C01","inst_code":"FWG00306654","src_system":"長照機構暨長照人員相關管理資訊系統","attr_type":"私立","beds_approved":"19","target":"養護","licensed_at":"104.01","district":"中和區","phone":"02-22492772"}},{"type":"Feature","geometry":{"type":"Point","coordinates":[121.492902,25.003599]},"properties":{"uid":"welfare_04799","name":"新北市私立中山老人長期照顧中心（養護型）","welfare_class":"elderly_residential","address":"新北市中和區橋安街6號2、3樓","city":"新北市","coord_source":"tgos_upstream","coord_precision":"upstream","src_datasets":"165355|8572","n_src":2,"sub_code":"T0706","permit_status":"C01","inst_code":"FWG00306663","src_system":"長照機構暨長照人員相關管理資訊系統","attr_type":"私立","beds_approved":"24","target":"養護","licensed_at":"104.08","district":"中和區","phone":"02-22438323"}},{"type":"Feature","geometry":{"type":"Point","coordinates":[121.493435,25.000964]},"properties":{"uid":"welfare_04800","name":"新北市私立逢源老人長期照顧中心(養護型）","welfare_class":"elderly_residential","address":"新北市中和區中山路2段327巷9號3樓","city":"新北市","coord_source":"tgos_upstream","coord_precision":"upstream","src_datasets":"165355|8572","n_src":2,"sub_code":"T0706","permit_status":"C01","inst_code":"FWG00306672","src_system":"長照機構暨長照人員相關管理資訊系統","attr_type":"私立","beds_approved":"49","target":"養護","licensed_at":"106.01","district":"中和區","phone":"02-22450139"}},{"type":"Feature","geometry":{"type":"Point","coordinates":[121.483558,25.006443]},"properties":{"uid":"welfare_04801","name":"新北市私立禾藝老人長期照顧中心（養護型）","welfare_class":"elderly_residential","address":"新北市中和區中正路909號7樓","city":"新北市","coord_source":"tgos_upstream","coord_precision":"upstream","src_datasets":"165355|8572","n_src":2,"sub_code":"T0706","permit_status":"C01","inst_code":"FWG00306681","src_system":"長照機構暨長照人員相關管理資訊系統","attr_type":"私立","beds_approved":"32","target":"養護","licensed_at":"106.06","district":"中和區","phone":"02-22226268"}},{"type":"Feature","geometry":{"type":"Point","coordinates":[121.436913,25.081347]},"properties":{"uid":"welfare_04802","name":"新北市私立五股愛心老人長期照顧中心（養護型）","welfare_class":"elderly_residential","address":"新北市五股區成泰路2段5號、5號2樓、5號3樓、5號4樓、7號2樓、7號3樓、7號4樓、9號2樓、9號3樓、9號4樓","city":"新北市","coord_source":"tgos_upstream","coord_precision":"upstream","src_datasets":"165355|8572","n_src":2,"sub_code":"T0706","permit_status":"C01","inst_code":"FWG00306690","src_system":"長照機構暨長照人員相關管理資訊系統","attr_type":"私立","beds_approved":"48","target":"養護","licensed_at":"99.11","district":"五股區","phone":"02-22936066"}},{"type":"Feature","geometry":{"type":"Point","coordinates":[121.45328,25.106325]},"properties":{"uid":"welfare_04803","name":"新北市私立明泰老人長期照顧中心（養護型）","welfare_class":"elderly_residential","address":"新北市五股區成泰路4段10號3樓之3","city":"新北市","coord_source":"tgos_upstream","coord_precision":"upstream","src_datasets":"165355|8572","n_src":2,"sub_code":"T0706","permit_status":"C01","inst_code":"FWG00306708","src_system":"長照機構暨長照人員相關管理資訊系統","attr_type":"私立","beds_approved":"35","target":"養護","licensed_at":"101.07","district":"五股區","phone":"02-22930992"}},{"type":"Feature","geometry":{"type":"Point","coordinates":[121.516971,25.005692]},"properties":{"uid":"welfare_04804","name":"新北市私立松永老人長期照顧中心（養護型）","welfare_class":"elderly_residential","address":"新北市永和區中正路455號8樓、8樓之1、8樓之2、8樓之3、8樓之4、8樓之5、8樓之6","city":"新北市","coord_source":"tgos_upstream","coord_precision":"upstream","src_datasets":"165355|8572","n_src":2,"sub_code":"T0706","permit_status":"C01","inst_code":"FWG00306717","src_system":"長照機構暨長照人員相關管理資訊系統","attr_type":"私立","beds_approved":"47","target":"養護","licensed_at":"100.11","district":"永和區","phone":"02-29237197"}},{"type":"Feature","geometry":{"type":"Point","coordinates":[121.517152,25.006833]},"properties":{"uid":"welfare_04805","name":"新北市私立寶貝爹娘老人長期照顧中心（養護型）","welfare_class":"elderly_residential","address":"新北市永和區中正路588號4樓","city":"新北市","coord_source":"tgos_upstream","coord_precision":"upstream","src_datasets":"165355|8572","n_src":2,"sub_code":"T0706","permit_status":"C01","inst_code":"FWG00306726","src_system":"長照機構暨長照人員相關管理資訊系統","attr_type":"私立","beds_approved":"48","target":"養護","licensed_at":"93.03","district":"永和區","phone":"02-29230306"}},{"type":"Feature","geometry":{"type":"Point","coordinates":[121.511523,25.008253]},"properties":{"uid":"welfare_04806","name":"新北市私立宏德老人長期照顧中心（養護型）","welfare_class":"elderly_residential","address":"新北市永和區永平路81巷2號(2層)、4號(2層)、12號2樓(2層)","city":"新北市","coord_source":"tgos_upstream","coord_precision":"upstream","src_datasets":"165355|8572","n_src":2,"sub_code":"T0706","permit_status":"C01","inst_code":"FWG00306735","src_system":"長照機構暨長照人員相關管理資訊系統","attr_type":"私立","beds_approved":"47","target":"養護","licensed_at":"88.12","district":"永和區","phone":"02-29231336"}},{"type":"Feature","geometry":{"type":"Point","coordinates":[121.512911,25.006769]},"properties":{"uid":"welfare_04807","name":"新北市私立育昇老人長期照顧中心（養護型）","welfare_class":"elderly_residential","address":"新北市永和區永和路1段57號（5至8層）","city":"新北市","coord_source":"tgos_upstream","coord_precision":"upstream","src_datasets":"165355|8572","n_src":2,"sub_code":"T0706","permit_status":"C01","inst_code":"FWG00306744","src_system":"長照機構暨長照人員相關管理資訊系統","attr_type":"私立","beds_approved":"49","target":"養護","licensed_at":"101.12","district":"永和區","phone":"02-29261199"}},{"type":"Feature","geometry":{"type":"Point","coordinates":[121.521339,25.00793]},"properties":{"uid":"welfare_04808","name":"新北市私立福和老人長期照顧中心(養護型)","welfare_class":"elderly_residential","address":"新北市永和區福和路160號2樓","city":"新北市","coord_source":"tgos_upstream","coord_precision":"upstream","src_datasets":"165355|8572","n_src":2,"sub_code":"T0706","permit_status":"C01","inst_code":"FWG00306753","src_system":"長照機構暨長照人員相關管理資訊系統","attr_type":"私立","beds_approved":"19","target":"養護","licensed_at":"102.12","district":"永和區","phone":"02-89277187"}},{"type":"Feature","geometry":{"type":"Point","coordinates":[121.663269,25.070805]},"properties":{"uid":"welfare_04809","name":"新北市私立健銓老人長期照顧中心(養護型)","welfare_class":"elderly_residential","address":"新北市汐止區和平街8號四樓","city":"新北市","coord_source":"tgos_upstream","coord_precision":"upstream","src_datasets":"165355|8572","n_src":2,"sub_code":"T0706","permit_status":"C01","inst_code":"FWG00306762","src_system":"長照機構暨長照人員相關管理資訊系統","attr_type":"私立","beds_approved":"40","target":"養護","licensed_at":"106.07","district":"汐止區","phone":"02-26422467"}},{"type":"Feature","geometry":{"type":"Point","coordinates":[121.656195,25.062111]},"properties":{"uid":"welfare_04810","name":"新北市私立祥恩老人養護中心","welfare_class":"elderly_residential","address":"新北市汐止區青山路15號1樓-3樓","city":"新北市","coord_source":"tgos_upstream","coord_precision":"upstream","src_datasets":"165355|8572","n_src":2,"sub_code":"T0706","permit_status":"C01","inst_code":"FWG00306771","src_system":"長照機構暨長照人員相關管理資訊系統","attr_type":"私立","beds_approved":"39","target":"養護","licensed_at":"105.05","district":"汐止區","phone":"02-86424959"}},{"type":"Feature","geometry":{"type":"Point","coordinates":[121.656195,25.062111]},"properties":{"uid":"welfare_04811","name":"新北市私立祥和老人養護中心","welfare_class":"elderly_residential","address":"新北市汐止區青山路15號4樓、4樓之1、5樓","city":"新北市","coord_source":"tgos_upstream","coord_precision":"upstream","src_datasets":"165355|8572","n_src":2,"sub_code":"T0706","permit_status":"C01","inst_code":"FWG00306780","src_system":"長照機構暨長照人員相關管理資訊系統","attr_type":"私立","beds_approved":"33","target":"養護","licensed_at":"90.03","district":"汐止區","phone":"02-26499691"}},{"type":"Feature","geometry":{"type":"Point","coordinates":[121.622754,25.061886]},"properties":{"uid":"welfare_04812","name":"新北市私立童心老人長期照顧中心（養護型）","welfare_class":"elderly_residential","address":"新北市汐止區南陽街90巷14號","city":"新北市","coord_source":"tgos_upstream","coord_precision":"upstream","src_datasets":"165355|8572","n_src":2,"sub_code":"T0706","permit_status":"C01","inst_code":"FWG00306799","src_system":"長照機構暨長照人員相關管理資訊系統","attr_type":"私立","beds_approved":"49","target":"養護","licensed_at":"89.04","district":"汐止區","phone":"02-26940170"}},{"type":"Feature","geometry":{"type":"Point","coordinates":[121.635633,25.067254]},"properties":{"uid":"welfare_04813","name":"新北市私立幸福家園老人長期照顧中心(養護型)","welfare_class":"elderly_residential","address":"新北市汐止區福德路38號12樓、12樓之1、12樓之2、12樓之3、12樓之4、12樓之5、12樓之6","city":"新北市","coord_source":"tgos_upstream","coord_precision":"upstream","src_datasets":"165355|8572","n_src":2,"sub_code":"T0706","permit_status":"C01","inst_code":"FWG00306807","src_system":"長照機構暨長照人員相關管理資訊系統","attr_type":"私立","beds_approved":"42","target":"養護","licensed_at":"101.1","district":"汐止區","phone":"02-26926777"}},{"type":"Feature","geometry":{"type":"Point","coordinates":[121.635633,25.067254]},"properties":{"uid":"welfare_04814","name":"新北市私立新陽光老人長期照顧中心(養護型)","welfare_class":"elderly_residential","address":"新北市汐止區福德路38號4樓、4樓之1","city":"新北市","coord_source":"tgos_upstream","coord_precision":"upstream","src_datasets":"165355|8572","n_src":2,"sub_code":"T0706","permit_status":"C01","inst_code":"FWG00306816","src_system":"長照機構暨長照人員相關管理資訊系統","attr_type":"私立","beds_approved":"49","target":"養護","licensed_at":"99.01","district":"汐止區","phone":"02-26933978"}},{"type":"Feature","geometry":{"type":"Point","coordinates":[121.635633,25.067254]},"properties":{"uid":"welfare_04815","name":"新北市私立天愛老人長期照顧中心(養護型)","welfare_class":"elderly_residential","address":"新北市汐止區福德路38號8樓、8樓之1、8樓之2、8樓之3、8樓之4、8樓之5、8樓之6、8樓之7","city":"新北市","coord_source":"tgos_upstream","coord_precision":"upstream","src_datasets":"165355|8572","n_src":2,"sub_code":"T0706","permit_status":"C01","inst_code":"FWG00306825","src_system":"長照機構暨長照人員相關管理資訊系統","attr_type":"私立","beds_approved":"49","target":"養護","licensed_at":"100.07","district":"汐止區","phone":"02-26932239"}},{"type":"Feature","geometry":{"type":"Point","coordinates":[121.445449,25.000624]},"properties":{"uid":"welfare_04816","name":"新北市私立東宜老人長期照顧中心（養護型）","welfare_class":"elderly_residential","address":"新北市板橋區大觀路2段159號之1、159號之2、159號之3","city":"新北市","coord_source":"tgos_upstream","coord_precision":"upstream","src_datasets":"165355|8572","n_src":2,"sub_code":"T0706","permit_status":"C01","inst_code":"FWG00306834","src_system":"長照機構暨長照人員相關管理資訊系統","attr_type":"私立","beds_approved":"40","target":"養護","licensed_at":"100.04","district":"板橋區","phone":"02-22755050"}},{"type":"Feature","geometry":{"type":"Point","coordinates":[121.429567,24.992837]},"properties":{"uid":"welfare_04817","name":"新北市私立康達老人長期照顧中心（養護型）","welfare_class":"elderly_residential","address":"新北市板橋區大觀路3段220巷22號2~6樓","city":"新北市","coord_source":"tgos_upstream","coord_precision":"upstream","src_datasets":"165355|8572","n_src":2,"sub_code":"T0706","permit_status":"C01","inst_code":"FWG00306843","src_system":"長照機構暨長照人員相關管理資訊系統","attr_type":"私立","beds_approved":"47","target":"養護","licensed_at":"106.08","district":"板橋區","phone":"02-26878791"}},{"type":"Feature","geometry":{"type":"Point","coordinates":[121.429799,24.992229]},"properties":{"uid":"welfare_04818","name":"新北市私立松和老人長期照顧中心(養護型)","welfare_class":"elderly_residential","address":"新北市板橋區大觀路3段236號7樓","city":"新北市","coord_source":"tgos_upstream","coord_precision":"upstream","src_datasets":"165355|8572","n_src":2,"sub_code":"T0706","permit_status":"C01","inst_code":"FWG00306852","src_system":"長照機構暨長照人員相關管理資訊系統","attr_type":"私立","beds_approved":"46","target":"養護","licensed_at":"106.05","district":"板橋區","phone":"02-26823334"}},{"type":"Feature","geometry":{"type":"Point","coordinates":[121.429799,24.992229]},"properties":{"uid":"welfare_04819","name":"新北市私立松林老人長期照顧中心(養護型)","welfare_class":"elderly_residential","address":"新北市板橋區大觀路3段236號7樓之2","city":"新北市","coord_source":"tgos_upstream","coord_precision":"upstream","src_datasets":"165355|8572","n_src":2,"sub_code":"T0706","permit_status":"C01","inst_code":"FWG00306861","src_system":"長照機構暨長照人員相關管理資訊系統","attr_type":"私立","beds_approved":"41","target":"養護","licensed_at":"99.07","district":"板橋區","phone":"02-25116881"}},{"type":"Feature","geometry":{"type":"Point","coordinates":[121.429799,24.992229]},"properties":{"uid":"welfare_04820","name":"新北市私立春天老人長期照顧中心（養護型）","welfare_class":"elderly_residential","address":"新北市板橋區大觀路3段236號8樓","city":"新北市","coord_source":"tgos_upstream","coord_precision":"upstream","src_datasets":"165355|8572","n_src":2,"sub_code":"T0706","permit_status":"C01","inst_code":"FWG00306870","src_system":"長照機構暨長照人員相關管理資訊系統","attr_type":"私立","beds_approved":"49","target":"養護","licensed_at":"105.09","district":"板橋區","phone":"02-26841858"}},{"type":"Feature","geometry":{"type":"Point","coordinates":[121.470339,25.012868]},"properties":{"uid":"welfare_04821","name":"新北市私立祥寶老人長期照顧中心(養護型)","welfare_class":"elderly_residential","address":"新北市板橋區中山路1段206巷6號1樓-2樓","city":"新北市","coord_source":"tgos_upstream","coord_precision":"upstream","src_datasets":"165355|8572","n_src":2,"sub_code":"T0706","permit_status":"C01","inst_code":"FWG00306889","src_system":"長照機構暨長照人員相關管理資訊系統","attr_type":"私立","beds_approved":"48","target":"養護","licensed_at":"103.06","district":"板橋區","phone":"02-29539299"}},{"type":"Feature","geometry":{"type":"Point","coordinates":[121.470339,25.012868]},"properties":{"uid":"welfare_04822","name":"新北市私立祥永老人長期照顧中心(養護型)","welfare_class":"elderly_residential","address":"新北市板橋區中山路1段206巷6號3樓","city":"新北市","coord_source":"tgos_upstream","coord_precision":"upstream","src_datasets":"165355|8572","n_src":2,"sub_code":"T0706","permit_status":"C01","inst_code":"FWG00306898","src_system":"長照機構暨長照人員相關管理資訊系統","attr_type":"私立","beds_approved":"49","target":"養護","licensed_at":"95.06","district":"板橋區","phone":"02-89535859"}},{"type":"Feature","geometry":{"type":"Point","coordinates":[121.470339,25.012868]},"properties":{"uid":"welfare_04823","name":"新北市私立祥好尊榮老人養護中心","welfare_class":"elderly_residential","address":"新北市板橋區中山路1段206巷6號4樓","city":"新北市","coord_source":"tgos_upstream","coord_precision":"upstream","src_datasets":"165355|8572","n_src":2,"sub_code":"T0706","permit_status":"C01","inst_code":"FWG00306906","src_system":"長照機構暨長照人員相關管理資訊系統","attr_type":"私立","beds_approved":"48","target":"養護","licensed_at":"106.05","district":"板橋區","phone":"02-29540868"}},{"type":"Feature","geometry":{"type":"Point","coordinates":[121.471433,25.014754]},"properties":{"uid":"welfare_04824","name":"新北市私立連旺老人長期照顧中心（養護型）","welfare_class":"elderly_residential","address":"新北市板橋區中山路1段311號、313號、315之1號","city":"新北市","coord_source":"tgos_upstream","coord_precision":"upstream","src_datasets":"165355|8572","n_src":2,"sub_code":"T0706","permit_status":"C01","inst_code":"FWG00306915","src_system":"長照機構暨長照人員相關管理資訊系統","attr_type":"私立","beds_approved":"47","target":"養護","licensed_at":"96.01","district":"板橋區","phone":"02-89520508"}},{"type":"Feature","geometry":{"type":"Point","coordinates":[121.456114,24.997339]},"properties":{"uid":"welfare_04825","name":"新北市私立宏國老人長期照顧中心（養護型）","welfare_class":"elderly_residential","address":"新北市板橋區四川路2段16巷10號7樓","city":"新北市","coord_source":"tgos_upstream","coord_precision":"upstream","src_datasets":"165355|8572","n_src":2,"sub_code":"T0706","permit_status":"C01","inst_code":"FWG00306924","src_system":"長照機構暨長照人員相關管理資訊系統","attr_type":"私立","beds_approved":"49","target":"養護","licensed_at":"98.11","district":"板橋區","phone":"02-89667037"}},{"type":"Feature","geometry":{"type":"Point","coordinates":[121.455834,24.996506]},"properties":{"uid":"welfare_04826","name":"新北市私立祥安居老人長期照顧中心（養護型）","welfare_class":"elderly_residential","address":"新北市板橋區四川路2段16巷1號10樓","city":"新北市","coord_source":"tgos_upstream","coord_precision":"upstream","src_datasets":"165355|8572","n_src":2,"sub_code":"T0706","permit_status":"C01","inst_code":"FWG00306933","src_system":"長照機構暨長照人員相關管理資訊系統","attr_type":"私立","beds_approved":"44","target":"養護","licensed_at":"102.01","district":"板橋區","phone":"02-89665598"}},{"type":"Feature","geometry":{"type":"Point","coordinates":[121.455834,24.996506]},"properties":{"uid":"welfare_04827","name":"新北市私立瑞昇老人長期照顧中心（養護型）","welfare_class":"elderly_residential","address":"新北市板橋區四川路2段16巷1號1樓","city":"新北市","coord_source":"tgos_upstream","coord_precision":"upstream","src_datasets":"165355|8572","n_src":2,"sub_code":"T0706","permit_status":"C01","inst_code":"FWG00306942","src_system":"長照機構暨長照人員相關管理資訊系統","attr_type":"私立","beds_approved":"46","target":"養護","licensed_at":"96.11","district":"板橋區","phone":"02-89675498"}},{"type":"Feature","geometry":{"type":"Point","coordinates":[121.455834,24.996506]},"properties":{"uid":"welfare_04828","name":"新北市私立慈徽老人養護中心","welfare_class":"elderly_residential","address":"新北市板橋區四川路2段16巷1號2樓","city":"新北市","coord_source":"tgos_upstream","coord_precision":"upstream","src_datasets":"165355|8572","n_src":2,"sub_code":"T0706","permit_status":"C01","inst_code":"FWG00306951","src_system":"長照機構暨長照人員相關管理資訊系統","attr_type":"私立","beds_approved":"43","target":"養護","licensed_at":"102.01","district":"板橋區","phone":"02-89665598"}},{"type":"Feature","geometry":{"type":"Point","coordinates":[121.455834,24.996506]},"properties":{"uid":"welfare_04829","name":"新北市私立陽光老人長期照顧中心（養護型）","welfare_class":"elderly_residential","address":"新北市板橋區四川路2段16巷1號5樓","city":"新北市","coord_source":"tgos_upstream","coord_precision":"upstream","src_datasets":"165355|8572","n_src":2,"sub_code":"T0706","permit_status":"C01","inst_code":"FWG00306960","src_system":"長照機構暨長照人員相關管理資訊系統","attr_type":"私立","beds_approved":"46","target":"養護","licensed_at":"100.02","district":"板橋區","phone":"02-89665598"}},{"type":"Feature","geometry":{"type":"Point","coordinates":[121.455834,24.996506]},"properties":{"uid":"welfare_04830","name":"新北市私立皖美老人長期照顧中心（養護型）","welfare_class":"elderly_residential","address":"新北市板橋區四川路2段16巷1號8樓","city":"新北市","coord_source":"tgos_upstream","coord_precision":"upstream","src_datasets":"165355|8572","n_src":2,"sub_code":"T0706","permit_status":"C01","inst_code":"FWG00306979","src_system":"長照機構暨長照人員相關管理資訊系統","attr_type":"私立","beds_approved":"47","target":"養護","licensed_at":"106.02","district":"板橋區","phone":"02-89665598"}},{"type":"Feature","geometry":{"type":"Point","coordinates":[121.456129,24.99704]},"properties":{"uid":"welfare_04831","name":"新北市私立松園老人長期照顧中心（養護型）","welfare_class":"elderly_residential","address":"新北市板橋區四川路2段16巷8號7樓","city":"新北市","coord_source":"tgos_upstream","coord_precision":"upstream","src_datasets":"165355|8572","n_src":2,"sub_code":"T0706","permit_status":"C01","inst_code":"FWG00306988","src_system":"長照機構暨長照人員相關管理資訊系統","attr_type":"私立","beds_approved":"49","target":"養護","licensed_at":"98.11","district":"板橋區","phone":"02-89665034"}},{"type":"Feature","geometry":{"type":"Point","coordinates":[121.45581,24.997409]},"properties":{"uid":"welfare_04832","name":"新北市私立鴻祥老人長期照顧中心（養護型）","welfare_class":"elderly_residential","address":"新北市板橋區四川路2段16巷9號8樓","city":"新北市","coord_source":"tgos_upstream","coord_precision":"upstream","src_datasets":"165355|8572","n_src":2,"sub_code":"T0706","permit_status":"C01","inst_code":"FWG00306997","src_system":"長照機構暨長照人員相關管理資訊系統","attr_type":"私立","beds_approved":"49","target":"養護","licensed_at":"88.12","district":"板橋區","phone":"02-89675401"}},{"type":"Feature","geometry":{"type":"Point","coordinates":[121.464409,25.022645]},"properties":{"uid":"welfare_04833","name":"新北市私立仁民老人長期照顧中心（養護型）","welfare_class":"elderly_residential","address":"新北市板橋區陽明街61號、61號2樓、61號3樓、61號4樓、61號5樓、61號6樓、61號7樓","city":"新北市","coord_source":"tgos_upstream","coord_precision":"upstream","src_datasets":"165355|8572","n_src":2,"sub_code":"T0706","permit_status":"C01","inst_code":"FWG00307004","src_system":"長照機構暨長照人員相關管理資訊系統","attr_type":"私立","beds_approved":"49","target":"養護","licensed_at":"101.06","district":"板橋區","phone":"02-22587336"}},{"type":"Feature","geometry":{"type":"Point","coordinates":[121.460611,24.991091]},"properties":{"uid":"welfare_04834","name":"新北市私立迦蜜老人長期照顧中心（養護型）","welfare_class":"elderly_residential","address":"新北市板橋區廣權路10號2、3樓","city":"新北市","coord_source":"tgos_upstream","coord_precision":"upstream","src_datasets":"165355|8572","n_src":2,"sub_code":"T0706","permit_status":"C01","inst_code":"FWG00307013","src_system":"長照機構暨長照人員相關管理資訊系統","attr_type":"私立","beds_approved":"47","target":"養護","licensed_at":"104.09","district":"板橋區","phone":"02-29511181"}},{"type":"Feature","geometry":{"type":"Point","coordinates":[121.460611,24.991091]},"properties":{"uid":"welfare_04835","name":"新北市私立重慶老人長期照顧中心(養護型)","welfare_class":"elderly_residential","address":"新北市板橋區廣權路10號4樓","city":"新北市","coord_source":"tgos_upstream","coord_precision":"upstream","src_datasets":"165355|8572","n_src":2,"sub_code":"T0706","permit_status":"C01","inst_code":"FWG00307022","src_system":"長照機構暨長照人員相關管理資訊系統","attr_type":"私立","beds_approved":"29","target":"養護","licensed_at":"102.03","district":"板橋區","phone":"02-29648140"}},{"type":"Feature","geometry":{"type":"Point","coordinates":[121.460292,24.990881]},"properties":{"uid":"welfare_04836","name":"新北市私立慧心老人長期照顧中心（養護型）","welfare_class":"elderly_residential","address":"新北市板橋區廣權路2號2樓","city":"新北市","coord_source":"tgos_upstream","coord_precision":"upstream","src_datasets":"165355|8572","n_src":2,"sub_code":"T0706","permit_status":"C01","inst_code":"FWG00307031","src_system":"長照機構暨長照人員相關管理資訊系統","attr_type":"私立","beds_approved":"28","target":"養護","licensed_at":"98.09","district":"板橋區","phone":"02-29567230"}},{"type":"Feature","geometry":{"type":"Point","coordinates":[121.460292,24.990881]},"properties":{"uid":"welfare_04837","name":"新北市私立心田老人長期照顧中心（養護型）","welfare_class":"elderly_residential","address":"新北市板橋區廣權路2號3樓、6號3樓","city":"新北市","coord_source":"tgos_upstream","coord_precision":"upstream","src_datasets":"165355|8572","n_src":2,"sub_code":"T0706","permit_status":"C01","inst_code":"FWG00307040","src_system":"長照機構暨長照人員相關管理資訊系統","attr_type":"私立","beds_approved":"45","target":"養護\n長照","licensed_at":"96.1","district":"板橋區","phone":"02-89511426"}},{"type":"Feature","geometry":{"type":"Point","coordinates":[121.470339,25.012868]},"properties":{"uid":"welfare_04838","name":"新北市私立祥弘老人長期照顧中心（養護型）","welfare_class":"elderly_residential","address":"新北市板橋區中山路1段206巷6號5樓","city":"新北市","coord_source":"tgos_upstream","coord_precision":"upstream","src_datasets":"165355|8572","n_src":2,"sub_code":"T0706","permit_status":"C01","inst_code":"FWG00307059","src_system":"長照機構暨長照人員相關管理資訊系統","attr_type":"私立","beds_approved":"48","target":"養護","licensed_at":"102.08","district":"板橋區","phone":"02-89533339"}},{"type":"Feature","geometry":{"type":"Point","coordinates":[121.429799,24.992229]},"properties":{"uid":"welfare_04839","name":"新北市私立松樹老人長期照顧中心(養護型)","welfare_class":"elderly_residential","address":"新北市板橋區大觀路3段236號7樓之1","city":"新北市","coord_source":"tgos_upstream","coord_precision":"upstream","src_datasets":"165355|8572","n_src":2,"sub_code":"T0706","permit_status":"C01","inst_code":"FWG00307068","src_system":"長照機構暨長照人員相關管理資訊系統","attr_type":"私立","beds_approved":"47","target":"養護","licensed_at":"104.11","district":"板橋區","phone":"02-25116881"}},{"type":"Feature","geometry":{"type":"Point","coordinates":[121.358537,25.068107]},"properties":{"uid":"welfare_04840","name":"新北市私立惟思老人養護中心","welfare_class":"elderly_residential","address":"新北市林口區三民路75號1樓","city":"新北市","coord_source":"tgos_upstream","coord_precision":"upstream","src_datasets":"165355|8572","n_src":2,"sub_code":"T0706","permit_status":"C01","inst_code":"FWG00307077","src_system":"長照機構暨長照人員相關管理資訊系統","attr_type":"私立","beds_approved":"43","target":"養護","licensed_at":"97.1","district":"林口區","phone":"02-26000888"}},{"type":"Feature","geometry":{"type":"Point","coordinates":[121.446563,25.20823]},"properties":{"uid":"welfare_04841","name":"新北市私立思親老人長期照顧中心（養護型）","welfare_class":"elderly_residential","address":"新北市淡水區下圭柔山114之6號","city":"新北市","coord_source":"tgos_upstream","coord_precision":"upstream","src_datasets":"165355|8572","n_src":2,"sub_code":"T0706","permit_status":"C01","inst_code":"FWG00307095","src_system":"長照機構暨長照人員相關管理資訊系統","attr_type":"私立","beds_approved":"47","target":"養護","licensed_at":"101.02","district":"淡水區","phone":"02-26211033"}},{"type":"Feature","geometry":{"type":"Point","coordinates":[121.446952,25.208352]},"properties":{"uid":"welfare_04842","name":"新北市私立思福老人長期照顧中心（養護型）","welfare_class":"elderly_residential","address":"新北市淡水區下圭柔山114之7號","city":"新北市","coord_source":"tgos_upstream","coord_precision":"upstream","src_datasets":"165355|8572","n_src":2,"sub_code":"T0706","permit_status":"C01","inst_code":"FWG00307103","src_system":"長照機構暨長照人員相關管理資訊系統","attr_type":"私立","beds_approved":"45","target":"養護","licensed_at":"100.01","district":"淡水區","phone":"02-26211033"}},{"type":"Feature","geometry":{"type":"Point","coordinates":[121.446814,25.208193]},"properties":{"uid":"welfare_04843","name":"新北市私立思源老人養護中心","welfare_class":"elderly_residential","address":"新北市淡水區下圭柔山114之8號","city":"新北市","coord_source":"tgos_upstream","coord_precision":"upstream","src_datasets":"165355|8572","n_src":2,"sub_code":"T0706","permit_status":"C01","inst_code":"FWG00307112","src_system":"長照機構暨長照人員相關管理資訊系統","attr_type":"私立","beds_approved":"44","target":"養護","licensed_at":"91.06","district":"淡水區","phone":"02-26211033"}},{"type":"Feature","geometry":{"type":"Point","coordinates":[121.462076,25.138096]},"properties":{"uid":"welfare_04844","name":"新北市私立富祥老人長期照顧中心（養護型）","welfare_class":"elderly_residential","address":"新北市淡水區民生路47之4號5、6樓、47之5號4、5樓","city":"新北市","coord_source":"tgos_upstream","coord_precision":"upstream","src_datasets":"165355|8572","n_src":2,"sub_code":"T0706","permit_status":"C01","inst_code":"FWG00307121","src_system":"長照機構暨長照人員相關管理資訊系統","attr_type":"私立","beds_approved":"36","target":"養護","licensed_at":"100.1","district":"淡水區","phone":"02-88093550"}},{"type":"Feature","geometry":{"type":"Point","coordinates":[121.460155,25.161109]},"properties":{"uid":"welfare_04845","name":"新北市私立崇惠老人長期照顧中心（養護型）","welfare_class":"elderly_residential","address":"新北市淡水區坪頂路70巷27號","city":"新北市","coord_source":"tgos_upstream","coord_precision":"upstream","src_datasets":"165355|8572","n_src":2,"sub_code":"T0706","permit_status":"C01","inst_code":"FWG00307130","src_system":"長照機構暨長照人員相關管理資訊系統","attr_type":"私立","beds_approved":"41","target":"養護","licensed_at":"100.07","district":"淡水區","phone":"02-86268833"}},{"type":"Feature","geometry":{"type":"Point","coordinates":[121.545379,24.969687]},"properties":{"uid":"welfare_04846","name":"新北市私立模範老人養護中心","welfare_class":"elderly_residential","address":"新北市新店區中正路20號3樓、26號3樓","city":"新北市","coord_source":"tgos_upstream","coord_precision":"upstream","src_datasets":"165355|8572","n_src":2,"sub_code":"T0706","permit_status":"C01","inst_code":"FWG00307149","src_system":"長照機構暨長照人員相關管理資訊系統","attr_type":"私立","beds_approved":"44","target":"養護","licensed_at":"95.04","district":"新店區","phone":"02-29126188"}},{"type":"Feature","geometry":{"type":"Point","coordinates":[121.538329,24.974872]},"properties":{"uid":"welfare_04847","name":"新北市私立國泰老人長期照顧中心（養護型）","welfare_class":"elderly_residential","address":"新北市新店區中正路284巷4弄1號、1號2樓、1號3樓","city":"新北市","coord_source":"tgos_upstream","coord_precision":"upstream","src_datasets":"165355|8572","n_src":2,"sub_code":"T0706","permit_status":"C01","inst_code":"FWG00307158","src_system":"長照機構暨長照人員相關管理資訊系統","attr_type":"私立","beds_approved":"35","target":"養護","licensed_at":"106.05","district":"新店區","phone":"02-29125619"}},{"type":"Feature","geometry":{"type":"Point","coordinates":[121.533126,24.986743]},"properties":{"uid":"welfare_04848","name":"新北市私立新家老人長期照顧中心（養護型）","welfare_class":"elderly_residential","address":"新北市新店區民生路13號4樓","city":"新北市","coord_source":"tgos_upstream","coord_precision":"upstream","src_datasets":"165355|8572","n_src":2,"sub_code":"T0706","permit_status":"C01","inst_code":"FWG00307167","src_system":"長照機構暨長照人員相關管理資訊系統","attr_type":"私立","beds_approved":"24","target":"養護","licensed_at":"95.03","district":"新店區","phone":"02-22180877"}},{"type":"Feature","geometry":{"type":"Point","coordinates":[121.534497,24.982375]},"properties":{"uid":"welfare_04849","name":"新北市私立溫馨老人長期照顧中心（養護型）","welfare_class":"elderly_residential","address":"新北市新店區民權路147號4樓","city":"新北市","coord_source":"tgos_upstream","coord_precision":"upstream","src_datasets":"165355|8572","n_src":2,"sub_code":"T0706","permit_status":"C01","inst_code":"FWG00307176","src_system":"長照機構暨長照人員相關管理資訊系統","attr_type":"私立","beds_approved":"45","target":"養護","licensed_at":"102.03","district":"新店區","phone":"02-82187408"}},{"type":"Feature","geometry":{"type":"Point","coordinates":[121.538349,24.984027]},"properties":{"uid":"welfare_04850","name":"新北市私立亞洲老人長期照顧中心（養護型）","welfare_class":"elderly_residential","address":"新北市新店區民權路42巷59弄2號2樓","city":"新北市","coord_source":"tgos_upstream","coord_precision":"upstream","src_datasets":"165355|8572","n_src":2,"sub_code":"T0706","permit_status":"C01","inst_code":"FWG00307185","src_system":"長照機構暨長照人員相關管理資訊系統","attr_type":"私立","beds_approved":"26","target":"養護","licensed_at":"101.05","district":"新店區","phone":"02-86671476"}},{"type":"Feature","geometry":{"type":"Point","coordinates":[121.538349,24.984027]},"properties":{"uid":"welfare_04851","name":"新北市私立亞恩老人長期照顧中心（養護型）","welfare_class":"elderly_residential","address":"新北市新店區民權路42巷59弄2號5樓","city":"新北市","coord_source":"tgos_upstream","coord_precision":"upstream","src_datasets":"165355|8572","n_src":2,"sub_code":"T0706","permit_status":"C01","inst_code":"FWG00307194","src_system":"長照機構暨長照人員相關管理資訊系統","attr_type":"私立","beds_approved":"26","target":"養護","licensed_at":"99.03","district":"新店區","phone":"02-89146536"}},{"type":"Feature","geometry":{"type":"Point","coordinates":[121.533715,24.975874]},"properties":{"uid":"welfare_04852","name":"新北市私立日祥老人養護中心","welfare_class":"elderly_residential","address":"新北市新店區百忍街38號","city":"新北市","coord_source":"tgos_upstream","coord_precision":"upstream","src_datasets":"165355|8572","n_src":2,"sub_code":"T0706","permit_status":"C01","inst_code":"FWG00307211","src_system":"長照機構暨長照人員相關管理資訊系統","attr_type":"私立","beds_approved":"21","target":"養護","licensed_at":"89.1","district":"新店區","phone":"02-86659609"}},{"type":"Feature","geometry":{"type":"Point","coordinates":[121.533715,24.975874]},"properties":{"uid":"welfare_04853","name":"新北市私立承新老人長期照顧中心（養護型）","welfare_class":"elderly_residential","address":"新北市新店區百忍街38號2樓、3樓、40號2樓、3樓","city":"新北市","coord_source":"tgos_upstream","coord_precision":"upstream","src_datasets":"165355|8572","n_src":2,"sub_code":"T0706","permit_status":"C01","inst_code":"FWG00307220","src_system":"長照機構暨長照人員相關管理資訊系統","attr_type":"私立","beds_approved":"45","target":"養護","licensed_at":"101.05","district":"新店區","phone":"02-86653731"}},{"type":"Feature","geometry":{"type":"Point","coordinates":[121.549227,24.974152]},"properties":{"uid":"welfare_04854","name":"新北市私立東海老人長期照顧中心(養護型)","welfare_class":"elderly_residential","address":"新北市新店區寶興路37號4樓","city":"新北市","coord_source":"tgos_upstream","coord_precision":"upstream","src_datasets":"165355|8572","n_src":2,"sub_code":"T0706","permit_status":"C01","inst_code":"FWG00307239","src_system":"長照機構暨長照人員相關管理資訊系統","attr_type":"私立","beds_approved":"38","target":"養護","licensed_at":"94.08","district":"新店區","phone":"02-29143333"}},{"type":"Feature","geometry":{"type":"Point","coordinates":[121.549227,24.974152]},"properties":{"uid":"welfare_04855","name":"新北市私立南山老人長期照顧中心(養護型)","welfare_class":"elderly_residential","address":"新北市新店區寶興路37號5樓","city":"新北市","coord_source":"tgos_upstream","coord_precision":"upstream","src_datasets":"165355|8572","n_src":2,"sub_code":"T0706","permit_status":"C01","inst_code":"FWG00307248","src_system":"長照機構暨長照人員相關管理資訊系統","attr_type":"私立","beds_approved":"49","target":"養護","licensed_at":"105.04","district":"新店區","phone":"02-29125070"}},{"type":"Feature","geometry":{"type":"Point","coordinates":[121.533024,24.986643]},"properties":{"uid":"welfare_04856","name":"新北市私立康泰老人長期照顧中心（養護型）","welfare_class":"elderly_residential","address":"新北市新店區民生路15號3樓","city":"新北市","coord_source":"tgos_upstream","coord_precision":"upstream","src_datasets":"165355|8572","n_src":2,"sub_code":"T0706","permit_status":"C01","inst_code":"FWG00307257","src_system":"長照機構暨長照人員相關管理資訊系統","attr_type":"私立","beds_approved":"47","target":"養護","licensed_at":"105.09","district":"新店區","phone":"02-22181535"}},{"type":"Feature","geometry":{"type":"Point","coordinates":[121.446447,25.034951]},"properties":{"uid":"welfare_04857","name":"新北市私立新中老人長期照顧中心(養護型)","welfare_class":"elderly_residential","address":"新北市新莊區中正路316號5樓","city":"新北市","coord_source":"offline_l2","coord_precision":"exact","src_datasets":"165355|8572","n_src":2,"sub_code":"T0706","permit_status":"C01","inst_code":"FWG00307266","src_system":"長照機構暨長照人員相關管理資訊系統","attr_type":"私立","beds_approved":"41","target":"養護","licensed_at":"104.09","district":"新莊區","phone":"02-29938702"}},{"type":"Feature","geometry":{"type":"Point","coordinates":[121.430162,25.031482]},"properties":{"uid":"welfare_04858","name":"新北市私立中英老人養護中心","welfare_class":"elderly_residential","address":"新北市新莊區中正路544-36號2樓","city":"新北市","coord_source":"tgos_upstream","coord_precision":"upstream","src_datasets":"165355|8572","n_src":2,"sub_code":"T0706","permit_status":"C01","inst_code":"FWG00307284","src_system":"長照機構暨長照人員相關管理資訊系統","attr_type":"私立","beds_approved":"45","target":"養護","licensed_at":"89.09","district":"新莊區","phone":"02-29085498"}},{"type":"Feature","geometry":{"type":"Point","coordinates":[121.430162,25.031482]},"properties":{"uid":"welfare_04859","name":"新北市私立仁英老人養護中心","welfare_class":"elderly_residential","address":"新北市新莊區中正路544-36號4樓","city":"新北市","coord_source":"tgos_upstream","coord_precision":"upstream","src_datasets":"165355|8572","n_src":2,"sub_code":"T0706","permit_status":"C01","inst_code":"FWG00307293","src_system":"長照機構暨長照人員相關管理資訊系統","attr_type":"私立","beds_approved":"45","target":"養護","licensed_at":"105.03","district":"新莊區","phone":"02-29085498"}},{"type":"Feature","geometry":{"type":"Point","coordinates":[121.430162,25.031482]},"properties":{"uid":"welfare_04860","name":"新北市私立傅英老人長期照顧中心（養護型）","welfare_class":"elderly_residential","address":"新北市新莊區中正路544-36號3樓","city":"新北市","coord_source":"tgos_upstream","coord_precision":"upstream","src_datasets":"165355|8572","n_src":2,"sub_code":"T0706","permit_status":"C01","inst_code":"FWG00307301","src_system":"長照機構暨長照人員相關管理資訊系統","attr_type":"私立","beds_approved":"45","target":"養護","licensed_at":"92.08","district":"新莊區","phone":"02-29085498"}},{"type":"Feature","geometry":{"type":"Point","coordinates":[121.463262,25.04577]},"properties":{"uid":"welfare_04861","name":"新北市私立景馨老人長期照顧中心（養護型）","welfare_class":"elderly_residential","address":"新北市新莊區化成路63巷41號3樓","city":"新北市","coord_source":"tgos_upstream","coord_precision":"upstream","src_datasets":"165355|8572","n_src":2,"sub_code":"T0706","permit_status":"C01","inst_code":"FWG00307310","src_system":"長照機構暨長照人員相關管理資訊系統","attr_type":"私立","beds_approved":"29","target":"養護","licensed_at":"98.06","district":"新莊區","phone":"02-89921892"}},{"type":"Feature","geometry":{"type":"Point","coordinates":[121.459603,25.042214]},"properties":{"uid":"welfare_04862","name":"新北市私立家安老人長期照顧中心(養護型)","welfare_class":"elderly_residential","address":"新北市新莊區思源路117號(2層)、119號、119號2樓、121號2樓、123號2樓","city":"新北市","coord_source":"tgos_upstream","coord_precision":"upstream","src_datasets":"165355|8572","n_src":2,"sub_code":"T0706","permit_status":"C01","inst_code":"FWG00307329","src_system":"長照機構暨長照人員相關管理資訊系統","attr_type":"私立","beds_approved":"49","target":"養護","licensed_at":"103.04","district":"新莊區","phone":"02-89929235"}},{"type":"Feature","geometry":{"type":"Point","coordinates":[121.459603,25.042269]},"properties":{"uid":"welfare_04863","name":"新北市私立馨安老人長期照顧中心（養護型）","welfare_class":"elderly_residential","address":"新北市新莊區思源路119號3樓、121號3樓、123號3樓","city":"新北市","coord_source":"tgos_upstream","coord_precision":"upstream","src_datasets":"165355|8572","n_src":2,"sub_code":"T0706","permit_status":"C01","inst_code":"FWG00307338","src_system":"長照機構暨長照人員相關管理資訊系統","attr_type":"私立","beds_approved":"39","target":"養護","licensed_at":"102.08","district":"新莊區","phone":"02-29921656"}},{"type":"Feature","geometry":{"type":"Point","coordinates":[121.459603,25.042269]},"properties":{"uid":"welfare_04864","name":"新北市私立安馨老人長期照顧中心（養護型）","welfare_class":"elderly_residential","address":"新北市新莊區思源路119號4樓、121號4樓、123號4樓","city":"新北市","coord_source":"tgos_upstream","coord_precision":"upstream","src_datasets":"165355|8572","n_src":2,"sub_code":"T0706","permit_status":"C01","inst_code":"FWG00307347","src_system":"長照機構暨長照人員相關管理資訊系統","attr_type":"私立","beds_approved":"42","target":"養護","licensed_at":"99.08","district":"新莊區","phone":"02-29920766"}},{"type":"Feature","geometry":{"type":"Point","coordinates":[121.458382,25.041405]},"properties":{"uid":"welfare_04865","name":"新北市私立常福緣老人長期照顧中心(養護型)","welfare_class":"elderly_residential","address":"新北市新莊區思源路87巷18號3樓","city":"新北市","coord_source":"tgos_upstream","coord_precision":"upstream","src_datasets":"165355|8572","n_src":2,"sub_code":"T0706","permit_status":"C01","inst_code":"FWG00307356","src_system":"長照機構暨長照人員相關管理資訊系統","attr_type":"私立","beds_approved":"38","target":"養護","licensed_at":"106.06","district":"新莊區","phone":"02-89933507"}},{"type":"Feature","geometry":{"type":"Point","coordinates":[121.454252,25.035011]},"properties":{"uid":"welfare_04866","name":"新北市私立景福老人長期照顧中心（養護型）","welfare_class":"elderly_residential","address":"新北市新莊區新莊路192號","city":"新北市","coord_source":"tgos_upstream","coord_precision":"upstream","src_datasets":"165355|8572","n_src":2,"sub_code":"T0706","permit_status":"C01","inst_code":"FWG00307365","src_system":"長照機構暨長照人員相關管理資訊系統","attr_type":"私立","beds_approved":"35","target":"養護","licensed_at":"100.1","district":"新莊區","phone":"02-22798833"}},{"type":"Feature","geometry":{"type":"Point","coordinates":[121.413932,25.028072]},"properties":{"uid":"welfare_04867","name":"新北市私立佳康老人長期照顧中心（養護型）","welfare_class":"elderly_residential","address":"新北市新莊區雙鳳路109號4樓、111號4樓、113號4樓","city":"新北市","coord_source":"tgos_upstream","coord_precision":"upstream","src_datasets":"165355|8572","n_src":2,"sub_code":"T0706","permit_status":"C01","inst_code":"FWG00307374","src_system":"長照機構暨長照人員相關管理資訊系統","attr_type":"私立","beds_approved":"49","target":"養護","licensed_at":"101.09","district":"新莊區","phone":"02-29083466"}},{"type":"Feature","geometry":{"type":"Point","coordinates":[121.413347,25.028029]},"properties":{"uid":"welfare_04868","name":"新北市私立吉康老人長期照顧中心(養護型)","welfare_class":"elderly_residential","address":"新北市新莊區雙鳳路121號6樓","city":"新北市","coord_source":"tgos_upstream","coord_precision":"upstream","src_datasets":"165355|8572","n_src":2,"sub_code":"T0706","permit_status":"C01","inst_code":"FWG00307383","src_system":"長照機構暨長照人員相關管理資訊系統","attr_type":"私立","beds_approved":"29","target":"養護","licensed_at":"105.04","district":"新莊區","phone":"02-29031720"}},{"type":"Feature","geometry":{"type":"Point","coordinates":[121.458382,25.041405]},"properties":{"uid":"welfare_04869","name":"新北市私立景頤老人長期照顧中心(養護型)","welfare_class":"elderly_residential","address":"新北市新莊區思源路87巷18號3樓之1","city":"新北市","coord_source":"tgos_upstream","coord_precision":"upstream","src_datasets":"165355|8572","n_src":2,"sub_code":"T0706","permit_status":"C01","inst_code":"FWG00307392","src_system":"長照機構暨長照人員相關管理資訊系統","attr_type":"私立","beds_approved":"44","target":"養護","licensed_at":"106.06","district":"新莊區","phone":"02-22772203"}},{"type":"Feature","geometry":{"type":"Point","coordinates":[121.762411,25.101837]},"properties":{"uid":"welfare_04870","name":"新北市私立宏祈老人長期照顧中心（養護型）","welfare_class":"elderly_residential","address":"新北市瑞芳區大埔路110號","city":"新北市","coord_source":"tgos_upstream","coord_precision":"upstream","src_datasets":"165355|8572","n_src":2,"sub_code":"T0706","permit_status":"C01","inst_code":"FWG00307400","src_system":"長照機構暨長照人員相關管理資訊系統","attr_type":"私立","beds_approved":"48","target":"養護","licensed_at":"102.07","district":"瑞芳區","phone":"02-24579446"}},{"type":"Feature","geometry":{"type":"Point","coordinates":[121.417278,24.991081]},"properties":{"uid":"welfare_04871","name":"新北市私立慈嘉老人長期照顧中心（養護型）","welfare_class":"elderly_residential","address":"新北市樹林區大安路323巷10弄14號、16號、18號、20號","city":"新北市","coord_source":"tgos_upstream","coord_precision":"upstream","src_datasets":"165355|8572","n_src":2,"sub_code":"T0706","permit_status":"C01","inst_code":"FWG00307428","src_system":"長照機構暨長照人員相關管理資訊系統","attr_type":"私立","beds_approved":"38","target":"養護","licensed_at":"89.07","district":"樹林區","phone":"02-26863706"}},{"type":"Feature","geometry":{"type":"Point","coordinates":[121.413441,24.98608]},"properties":{"uid":"welfare_04872","name":"新北市私立嘉恩老人長期照顧中心（養護型）","welfare_class":"elderly_residential","address":"新北市樹林區大安路512號3樓、516號3樓、518號3樓","city":"新北市","coord_source":"tgos_upstream","coord_precision":"upstream","src_datasets":"165355|8572","n_src":2,"sub_code":"T0706","permit_status":"C01","inst_code":"FWG00307437","src_system":"長照機構暨長照人員相關管理資訊系統","attr_type":"私立","beds_approved":"47","target":"養護","licensed_at":"101.03","district":"樹林區","phone":"02-26833348"}},{"type":"Feature","geometry":{"type":"Point","coordinates":[121.406797,24.978202]},"properties":{"uid":"welfare_04873","name":"新北市私立恆愛老人長期照顧中心（養護型）","welfare_class":"elderly_residential","address":"新北市樹林區中山路2段151巷12號5樓、12之1號5樓","city":"新北市","coord_source":"tgos_upstream","coord_precision":"upstream","src_datasets":"165355|8572","n_src":2,"sub_code":"T0706","permit_status":"C01","inst_code":"FWG00307446","src_system":"長照機構暨長照人員相關管理資訊系統","attr_type":"私立","beds_approved":"39","target":"養護","licensed_at":"103.08","district":"樹林區","phone":"02-86852927"}},{"type":"Feature","geometry":{"type":"Point","coordinates":[121.412122,24.982938]},"properties":{"uid":"welfare_04874","name":"新北市私立禾閤老人長期照顧中心(養護型)","welfare_class":"elderly_residential","address":"新北市樹林區中山路2段162號","city":"新北市","coord_source":"tgos_upstream","coord_precision":"upstream","src_datasets":"165355|8572","n_src":2,"sub_code":"T0706","permit_status":"C01","inst_code":"FWG00307455","src_system":"長照機構暨長照人員相關管理資訊系統","attr_type":"私立","beds_approved":"33","target":"養護","licensed_at":"105.07","district":"樹林區","phone":"02-26852999"}},{"type":"Feature","geometry":{"type":"Point","coordinates":[121.410321,25.016418]},"properties":{"uid":"welfare_04875","name":"新北市私立慈泰老人長期照顧中心（養護型）","welfare_class":"elderly_residential","address":"新北市樹林區中正路632巷1號","city":"新北市","coord_source":"tgos_upstream","coord_precision":"upstream","src_datasets":"165355|8572","n_src":2,"sub_code":"T0706","permit_status":"C01","inst_code":"FWG00307464","src_system":"長照機構暨長照人員相關管理資訊系統","attr_type":"私立","beds_approved":"47","target":"養護","licensed_at":"100.06","district":"樹林區","phone":"02-26899333"}},{"type":"Feature","geometry":{"type":"Point","coordinates":[121.415434,25.002635]},"properties":{"uid":"welfare_04876","name":"新北市私立保安老人長期照顧中心(養護型)","welfare_class":"elderly_residential","address":"新北市樹林區保安街二段64號4樓、64號5樓、64號6樓","city":"新北市","coord_source":"tgos_upstream","coord_precision":"upstream","src_datasets":"165355|8572","n_src":2,"sub_code":"T0706","permit_status":"C01","inst_code":"FWG00307473","src_system":"長照機構暨長照人員相關管理資訊系統","attr_type":"私立","beds_approved":"48","target":"養護","licensed_at":"103.06","district":"樹林區","phone":"02-26863810"}},{"type":"Feature","geometry":{"type":"Point","coordinates":[121.478061,25.083214]},"properties":{"uid":"welfare_04877","name":"新北市私立恩祥老人長期照顧中心（養護型）","welfare_class":"elderly_residential","address":"新北市蘆洲區三民路26巷51號3樓","city":"新北市","coord_source":"tgos_upstream","coord_precision":"upstream","src_datasets":"165355|8572","n_src":2,"sub_code":"T0706","permit_status":"C01","inst_code":"FWG00307482","src_system":"長照機構暨長照人員相關管理資訊系統","attr_type":"私立","beds_approved":"49","target":"養護","licensed_at":"103.03","district":"蘆洲區","phone":"02-22885959"}},{"type":"Feature","geometry":{"type":"Point","coordinates":[121.468733,25.076544]},"properties":{"uid":"welfare_04878","name":"新北市私立吉立老人養護中心","welfare_class":"elderly_residential","address":"新北市蘆洲區中山一路238、240號各2樓","city":"新北市","coord_source":"tgos_upstream","coord_precision":"upstream","src_datasets":"165355|8572","n_src":2,"sub_code":"T0706","permit_status":"C01","inst_code":"FWG00307491","src_system":"長照機構暨長照人員相關管理資訊系統","attr_type":"私立","beds_approved":"19","target":"養護","licensed_at":"93.12","district":"蘆洲區","phone":"02-22855703"}},{"type":"Feature","geometry":{"type":"Point","coordinates":[121.340266,24.951998]},"properties":{"uid":"welfare_04879","name":"新北市私立愛鄰田園老人長期照顧中心（養護型）","welfare_class":"elderly_residential","address":"新北市鶯歌區建國路596巷38號、40號","city":"新北市","coord_source":"tgos_upstream","coord_precision":"upstream","src_datasets":"165355|8572","n_src":2,"sub_code":"T0706","permit_status":"C01","inst_code":"FWG00307509","src_system":"長照機構暨長照人員相關管理資訊系統","attr_type":"私立","beds_approved":"40","target":"養護","licensed_at":"100.1","district":"鶯歌區","phone":"02-86773288"}},{"type":"Feature","geometry":{"type":"Point","coordinates":[121.353189,24.9539]},"properties":{"uid":"welfare_04880","name":"新北市私立溫馨園老人長期照顧中心（養護型）","welfare_class":"elderly_residential","address":"新北市鶯歌區建國路85號4樓","city":"新北市","coord_source":"tgos_upstream","coord_precision":"upstream","src_datasets":"165355|8572","n_src":2,"sub_code":"T0706","permit_status":"C01","inst_code":"FWG00307518","src_system":"長照機構暨長照人員相關管理資訊系統","attr_type":"私立","beds_approved":"49","target":"養護","licensed_at":"101.08","district":"鶯歌區","phone":"02-26782277"}},{"type":"Feature","geometry":{"type":"Point","coordinates":[121.496712,25.003755]},"properties":{"uid":"welfare_04881","name":"新北市私立祥逸老人長期照顧中心（養護型）","welfare_class":"elderly_residential","address":"新北市中和區景平路726-8號、726-6號2樓之1、726-6號2樓之2、726-6號2樓之3","city":"新北市","coord_source":"tgos_upstream","coord_precision":"upstream","src_datasets":"165355|8572","n_src":2,"sub_code":"T0706","permit_status":"C01","inst_code":"FWG00307761","src_system":"長照機構暨長照人員相關管理資訊系統","attr_type":"私立","beds_approved":"30","target":"養護","licensed_at":"101.1","district":"中和區","phone":"02-82453559"}},{"type":"Feature","geometry":{"type":"Point","coordinates":[121.515377,25.013843]},"properties":{"uid":"welfare_04882","name":"新北市私立永康老人長期照顧中心（養護型）","welfare_class":"elderly_residential","address":"新北市永和區永和路2段209號5樓","city":"新北市","coord_source":"tgos_upstream","coord_precision":"upstream","src_datasets":"165355|8572","n_src":2,"sub_code":"T0706","permit_status":"C01","inst_code":"FWG00307879","src_system":"長照機構暨長照人員相關管理資訊系統","attr_type":"私立","beds_approved":"48","target":"養護","licensed_at":"89.12","district":"永和區","phone":"02-29283862"}},{"type":"Feature","geometry":{"type":"Point","coordinates":[121.515377,25.013843]},"properties":{"uid":"welfare_04883","name":"新北市私立永恩老人長期照顧中心（養護型）","welfare_class":"elderly_residential","address":"新北市永和區永和路2段209號4樓","city":"新北市","coord_source":"tgos_upstream","coord_precision":"upstream","src_datasets":"165355|8572","n_src":2,"sub_code":"T0706","permit_status":"C01","inst_code":"FWG00307888","src_system":"長照機構暨長照人員相關管理資訊系統","attr_type":"私立","beds_approved":"48","target":"養護","licensed_at":"95.03","district":"永和區","phone":"02-29283862"}},{"type":"Feature","geometry":{"type":"Point","coordinates":[121.483558,25.006443]},"properties":{"uid":"welfare_04884","name":"新北市私立慈鴻老人長期照顧中心(養護型)","welfare_class":"elderly_residential","address":"新北市中和區中正路909號4樓","city":"新北市","coord_source":"tgos_upstream","coord_precision":"upstream","src_datasets":"165355|8572","n_src":2,"sub_code":"T0706","permit_status":"C01","inst_code":"FWG00307897","src_system":"長照機構暨長照人員相關管理資訊系統","attr_type":"私立","beds_approved":"32","target":"養護","licensed_at":"106.07","district":"中和區","phone":"02-22588868"}},{"type":"Feature","geometry":{"type":"Point","coordinates":[121.41341,25.028072]},"properties":{"uid":"welfare_04885","name":"新北市私立盛禾老人長期照顧中心（養護型）","welfare_class":"elderly_residential","address":"新北市新莊區雙鳳路117號4樓、119號4樓、121號4樓","city":"新北市","coord_source":"tgos_upstream","coord_precision":"upstream","src_datasets":"165355|8572","n_src":2,"sub_code":"T0706","permit_status":"C01","inst_code":"FWG00307905","src_system":"長照機構暨長照人員相關管理資訊系統","attr_type":"私立","beds_approved":"47","target":"養護","licensed_at":"101.11","district":"新莊區","phone":"02-29081656"}},{"type":"Feature","geometry":{"type":"Point","coordinates":[121.351902,24.956931]},"properties":{"uid":"welfare_04886","name":"新北市私立佳緣老人長期照顧中心（養護型）","welfare_class":"elderly_residential","address":"新北市鶯歌區中山路41號、41號2樓、41號3樓、41號4樓","city":"新北市","coord_source":"tgos_upstream","coord_precision":"upstream","src_datasets":"165355|8572","n_src":2,"sub_code":"T0706","permit_status":"C01","inst_code":"FWG00307914","src_system":"長照機構暨長照人員相關管理資訊系統","attr_type":"私立","beds_approved":"47","target":"養護","licensed_at":"101.11","district":"鶯歌區","phone":"02-26707278"}},{"type":"Feature","geometry":{"type":"Point","coordinates":[121.483558,25.006443]},"properties":{"uid":"welfare_04887","name":"新北市私立双慈老人長期照顧中心(養護型)","welfare_class":"elderly_residential","uni_no":"39957810","address":"新北市中和區中正路909號5樓","city":"新北市","coord_source":"tgos_upstream","coord_precision":"upstream","src_datasets":"165355","n_src":1,"sub_code":"T0706","permit_status":"C01","inst_code":"FWG00307923","src_system":"長照機構暨長照人員相關管理資訊系統"}},{"type":"Feature","geometry":{"type":"Point","coordinates":[121.488039,25.076098]},"properties":{"uid":"welfare_04888","name":"新北市私立心侑老人長期照顧中心(養護型)","welfare_class":"elderly_residential","address":"新北市三重區三和路4段95之1號2樓、3樓","city":"新北市","coord_source":"tgos_upstream","coord_precision":"upstream","src_datasets":"165355|8572","n_src":2,"sub_code":"T0706","permit_status":"C01","inst_code":"FWG00307932","src_system":"長照機構暨長照人員相關管理資訊系統","attr_type":"私立","beds_approved":"29","target":"養護","licensed_at":"106.07","district":"三重區","phone":"02-22819099"}},{"type":"Feature","geometry":{"type":"Point","coordinates":[121.380184,24.929034]},"properties":{"uid":"welfare_04889","name":"新北市私立清山養老院老人長期照顧中心（養護型）","welfare_class":"elderly_residential","address":"新北市三峽區介壽路1段286號7樓","city":"新北市","coord_source":"tgos_upstream","coord_precision":"upstream","src_datasets":"165355|8572","n_src":2,"sub_code":"T0706","permit_status":"C01","inst_code":"FWG00307941","src_system":"長照機構暨長照人員相關管理資訊系統","attr_type":"私立","beds_approved":"48","target":"養護","licensed_at":"102.03","district":"三峽區","phone":"02-86725678"}},{"type":"Feature","geometry":{"type":"Point","coordinates":[121.379842,24.929151]},"properties":{"uid":"welfare_04890","name":"新北市私立清福養老院老人長期照顧中心（養護型）","welfare_class":"elderly_residential","address":"新北市三峽區介壽路1段278號7樓","city":"新北市","coord_source":"tgos_upstream","coord_precision":"upstream","src_datasets":"165355|8572","n_src":2,"sub_code":"T0706","permit_status":"C01","inst_code":"FWG00307950","src_system":"長照機構暨長照人員相關管理資訊系統","attr_type":"私立","beds_approved":"48","target":"養護","licensed_at":"101.03","district":"三峽區","phone":"02-86725678"}},{"type":"Feature","geometry":{"type":"Point","coordinates":[121.379842,24.929151]},"properties":{"uid":"welfare_04891","name":"新北市私立清氣養老院老人長期照顧中心（養護型）","welfare_class":"elderly_residential","address":"新北市三峽區介壽路1段278號6樓","city":"新北市","coord_source":"tgos_upstream","coord_precision":"upstream","src_datasets":"165355|8572","n_src":2,"sub_code":"T0706","permit_status":"C01","inst_code":"FWG00307969","src_system":"長照機構暨長照人員相關管理資訊系統","attr_type":"私立","beds_approved":"48","target":"養護","licensed_at":"101.04","district":"三峽區","phone":"02-86721354"}},{"type":"Feature","geometry":{"type":"Point","coordinates":[121.379842,24.929151]},"properties":{"uid":"welfare_04892","name":"新北市私立清心養老院老人長期照顧中心（養護型）","welfare_class":"elderly_residential","address":"新北市三峽區介壽路1段278號5樓","city":"新北市","coord_source":"tgos_upstream","coord_precision":"upstream","src_datasets":"165355|8572","n_src":2,"sub_code":"T0706","permit_status":"C01","inst_code":"FWG00307978","src_system":"長照機構暨長照人員相關管理資訊系統","attr_type":"私立","beds_approved":"48","target":"養護","licensed_at":"101.07","district":"三峽區","phone":"02-86721354"}},{"type":"Feature","geometry":{"type":"Point","coordinates":[121.379842,24.929151]},"properties":{"uid":"welfare_04893","name":"新北市私立清平養老院老人長期照顧中心（養護型）","welfare_class":"elderly_residential","address":"新北市三峽區介壽路1段278號4樓","city":"新北市","coord_source":"tgos_upstream","coord_precision":"upstream","src_datasets":"165355|8572","n_src":2,"sub_code":"T0706","permit_status":"C01","inst_code":"FWG00307987","src_system":"長照機構暨長照人員相關管理資訊系統","attr_type":"私立","beds_approved":"48","target":"養護","licensed_at":"101.08","district":"三峽區","phone":"02-86725678"}},{"type":"Feature","geometry":{"type":"Point","coordinates":[121.379885,24.929047]},"properties":{"uid":"welfare_04894","name":"新北市私立清春養老院老人長期照顧中心（養護型）","welfare_class":"elderly_residential","address":"新北市三峽區介壽路1段280號7樓","city":"新北市","coord_source":"tgos_upstream","coord_precision":"upstream","src_datasets":"165355|8572","n_src":2,"sub_code":"T0706","permit_status":"C01","inst_code":"FWG00307996","src_system":"長照機構暨長照人員相關管理資訊系統","attr_type":"私立","beds_approved":"48","target":"養護","licensed_at":"102.01","district":"三峽區","phone":"02-86726395"}},{"type":"Feature","geometry":{"type":"Point","coordinates":[121.451974,25.16338]},"properties":{"uid":"welfare_04895","name":"新北市私立新明厚老人長期照顧中心（養護型）","welfare_class":"elderly_residential","address":"新北市淡水區中正東路1段27號、27號2樓之1","city":"新北市","coord_source":"tgos_upstream","coord_precision":"upstream","src_datasets":"165355|8572","n_src":2,"sub_code":"T0706","permit_status":"C01","inst_code":"FWG00308003","src_system":"長照機構暨長照人員相關管理資訊系統","attr_type":"私立","beds_approved":"43","target":"養護","licensed_at":"106.04","district":"淡水區","phone":"02-26297290"}},{"type":"Feature","geometry":{"type":"Point","coordinates":[121.424519,25.040018]},"properties":{"uid":"welfare_04896","name":"新北市私立尚樂老人長期照顧中心(養護型)","welfare_class":"elderly_residential","uni_no":"72855997","address":"新北市泰山區明志路3段142巷8號8樓","city":"新北市","coord_source":"tgos_upstream","coord_precision":"upstream","src_datasets":"165355","n_src":1,"sub_code":"T0706","permit_status":"C01","inst_code":"FWG00308058","src_system":"長照機構暨長照人員相關管理資訊系統"}},{"type":"Feature","geometry":{"type":"Point","coordinates":[121.545275,24.969828]},"properties":{"uid":"welfare_04897","name":"新北市私立榮華老人長期照顧中心(養護型)","welfare_class":"elderly_residential","address":"新北市新店區中正路24號5樓、28號5樓","city":"新北市","coord_source":"tgos_upstream","coord_precision":"upstream","src_datasets":"165355|8572","n_src":2,"sub_code":"T0706","permit_status":"C01","inst_code":"FWG00308076","src_system":"長照機構暨長照人員相關管理資訊系統","attr_type":"私立","beds_approved":"42","target":"養護","licensed_at":"106.02","district":"新店區","phone":"02-29124106"}},{"type":"Feature","geometry":{"type":"Point","coordinates":[121.500165,25.067688]},"properties":{"uid":"welfare_04898","name":"新北市私立鴻澄老人長期照顧中心(養護型)","welfare_class":"elderly_residential","address":"新北市三重區三和路2段30號3樓、3樓之1、3樓之2、3樓之3、3樓之4","city":"新北市","coord_source":"tgos_upstream","coord_precision":"upstream","src_datasets":"165355|8572","n_src":2,"sub_code":"T0706","permit_status":"C01","inst_code":"FWG00308085","src_system":"長照機構暨長照人員相關管理資訊系統","attr_type":"私立","beds_approved":"35","target":"養護","licensed_at":"104.03","district":"三重區","phone":"02-29791130"}},{"type":"Feature","geometry":{"type":"Point","coordinates":[121.635633,25.067254]},"properties":{"uid":"welfare_04899","name":"新北市私立美麗家園老人長期照顧中心(養護型)","welfare_class":"elderly_residential","uni_no":"82339466","address":"新北市汐止區興福里福德路38號7樓、7樓之1-7","city":"新北市","coord_source":"tgos_upstream","coord_precision":"upstream","src_datasets":"165355","n_src":1,"sub_code":"T0706","permit_status":"C01","inst_code":"FWG00308094","src_system":"長照機構暨長照人員相關管理資訊系統"}},{"type":"Feature","geometry":{"type":"Point","coordinates":[121.45636,25.00776]},"properties":{"uid":"welfare_04900","name":"新北市私立安佳老人長期照顧中心（養護型）","welfare_class":"elderly_residential","address":"新北市板橋區館前西路139號6樓","city":"新北市","coord_source":"tgos_upstream","coord_precision":"upstream","src_datasets":"165355|8572","n_src":2,"sub_code":"T0706","permit_status":"C01","inst_code":"FWG00308157","src_system":"長照機構暨長照人員相關管理資訊系統","attr_type":"私立","beds_approved":"40","target":"養護","licensed_at":"106.03","district":"板橋區","phone":"02-29688745"}},{"type":"Feature","geometry":{"type":"Point","coordinates":[121.369837,24.936848]},"properties":{"uid":"welfare_04901","name":"新北市私立主恩福老人長期照顧中心(養護型)","welfare_class":"elderly_residential","address":"新北市三峽區和平街65-5、65-7號、65-4號2樓之1","city":"新北市","coord_source":"tgos_upstream","coord_precision":"upstream","src_datasets":"165355|8572","n_src":2,"sub_code":"T0706","permit_status":"C01","inst_code":"FWG00308166","src_system":"長照機構暨長照人員相關管理資訊系統","attr_type":"私立","beds_approved":"47","target":"養護","licensed_at":"91.06","district":"三峽區","phone":"02-86713896"}},{"type":"Feature","geometry":{"type":"Point","coordinates":[121.456129,24.99704]},"properties":{"uid":"welfare_04902","name":"新北市私立仁福老人長期照顧中心(養護型)","welfare_class":"elderly_residential","uni_no":"91388987","address":"新北市板橋區四川路2段16巷8號6樓-2","city":"新北市","coord_source":"tgos_upstream","coord_precision":"upstream","src_datasets":"165355","n_src":1,"sub_code":"T0706","permit_status":"C01","inst_code":"FWG00308184","src_system":"長照機構暨長照人員相關管理資訊系統"}},{"type":"Feature","geometry":{"type":"Point","coordinates":[121.431679,24.993271]},"properties":{"uid":"welfare_04903","name":"新北市私立寶樺老人長期照顧中心（養護型）","welfare_class":"elderly_residential","address":"新北市板橋區大觀路3段201、201-1、201-2、201-3號","city":"新北市","coord_source":"tgos_upstream","coord_precision":"upstream","src_datasets":"165355|8572","n_src":2,"sub_code":"T0706","permit_status":"C01","inst_code":"FWG00308193","src_system":"長照機構暨長照人員相關管理資訊系統","attr_type":"私立","beds_approved":"47","target":"養護","licensed_at":"101.11","district":"板橋區","phone":"02-26820680"}},{"type":"Feature","geometry":{"type":"Point","coordinates":[121.410321,25.016418]},"properties":{"uid":"welfare_04904","name":"新北市私立嘉宥老人長期照顧中心(養護型)","welfare_class":"elderly_residential","address":"新北市樹林區中正路632巷1號（2層）","city":"新北市","coord_source":"tgos_upstream","coord_precision":"upstream","src_datasets":"165355|8572","n_src":2,"sub_code":"T0706","permit_status":"C01","inst_code":"FWG00308238","src_system":"長照機構暨長照人員相關管理資訊系統","attr_type":"私立","beds_approved":"49","target":"養護","licensed_at":"106.07","district":"樹林區","phone":"02-26863706"}},{"type":"Feature","geometry":{"type":"Point","coordinates":[121.456129,24.99704]},"properties":{"uid":"welfare_04905","name":"新北市私立仁慈老人長期照顧中心(養護型)","welfare_class":"elderly_residential","uni_no":"91923123","address":"新北市板橋區四川路2段16巷8號6樓-1","city":"新北市","coord_source":"tgos_upstream","coord_precision":"upstream","src_datasets":"165355","n_src":1,"sub_code":"T0706","permit_status":"C01","inst_code":"FWG00308256","src_system":"長照機構暨長照人員相關管理資訊系統"}},{"type":"Feature","geometry":{"type":"Point","coordinates":[121.456129,24.99704]},"properties":{"uid":"welfare_04906","name":"新北市私立祥元尊榮老人長期照顧中心(養護型)","welfare_class":"elderly_residential","address":"新北市板橋區四川路2段16巷8號6樓","city":"新北市","coord_source":"tgos_upstream","coord_precision":"upstream","src_datasets":"165355|8572","n_src":2,"sub_code":"T0706","permit_status":"C01","inst_code":"FWG00308265","src_system":"長照機構暨長照人員相關管理資訊系統","attr_type":"私立","beds_approved":"44","target":"養護","licensed_at":"97.03","district":"板橋區","phone":"02-89668658"}},{"type":"Feature","geometry":{"type":"Point","coordinates":[121.518773,25.013417]},"properties":{"uid":"welfare_04907","name":"新北市私立寶安老人長期照顧中心(養護型)","welfare_class":"elderly_residential","uni_no":"82154278","address":"新北市永和區竹林路73號2樓、3樓","city":"新北市","coord_source":"tgos_upstream","coord_precision":"upstream","src_datasets":"165355","n_src":1,"sub_code":"T0706","permit_status":"C01","inst_code":"FWG00308274","src_system":"長照機構暨長照人員相關管理資訊系統"}},{"type":"Feature","geometry":{"type":"Point","coordinates":[121.442655,24.987476]},"properties":{"uid":"welfare_04908","name":"新北市私立銀享樂園老人長期照顧中心(養護型)","welfare_class":"elderly_residential","address":"新北市土城區日新街33巷8號3樓、4樓","city":"新北市","coord_source":"tgos_upstream","coord_precision":"upstream","src_datasets":"165355|8572","n_src":2,"sub_code":"T0706","permit_status":"C01","inst_code":"FWG00308292","src_system":"長照機構暨長照人員相關管理資訊系統","attr_type":"私立","beds_approved":"49","target":"養護","licensed_at":"106.07","district":"土城區","phone":"02-22658299"}},{"type":"Feature","geometry":{"type":"Point","coordinates":[121.803163,25.109518]},"properties":{"uid":"welfare_04909","name":"新北市私立頤瑞老人長期照顧中心（養護型）","welfare_class":"elderly_residential","address":"新北市瑞芳區明燈路3段180號、180號2樓、180號3樓","city":"新北市","coord_source":"tgos_upstream","coord_precision":"upstream","src_datasets":"165355|8572","n_src":2,"sub_code":"T0706","permit_status":"C01","inst_code":"FWG00308300","src_system":"長照機構暨長照人員相關管理資訊系統","attr_type":"私立","beds_approved":"49","target":"養護","licensed_at":"99.06","district":"瑞芳區","phone":"02-24063372"}},{"type":"Feature","geometry":{"type":"Point","coordinates":[121.442655,24.987476]},"properties":{"uid":"welfare_04910","name":"新北市私立銀享家園老人長期照顧中心(養護型)","welfare_class":"elderly_residential","address":"新北市土城區日新街33巷8號1樓、2樓","city":"新北市","coord_source":"tgos_upstream","coord_precision":"upstream","src_datasets":"165355|8572","n_src":2,"sub_code":"T0706","permit_status":"C01","inst_code":"FWG00308319","src_system":"長照機構暨長照人員相關管理資訊系統","attr_type":"私立","beds_approved":"49","target":"養護","licensed_at":"106.07","district":"土城區","phone":"02-22658289"}},{"type":"Feature","geometry":{"type":"Point","coordinates":[121.630373,25.061371]},"properties":{"uid":"welfare_04911","name":"新北市私立安濟老人長期照顧中心(養護型)","welfare_class":"elderly_residential","address":"新北市汐止區福德一路351巷11弄18號2樓","city":"新北市","coord_source":"tgos_upstream","coord_precision":"upstream","src_datasets":"165355|8572","n_src":2,"sub_code":"T0706","permit_status":"C01","inst_code":"FWG00308337","src_system":"長照機構暨長照人員相關管理資訊系統","attr_type":"私立","beds_approved":"21","target":"養護","licensed_at":"101.12","district":"汐止區","phone":"02-26951800"}},{"type":"Feature","geometry":{"type":"Point","coordinates":[121.635633,25.067254]},"properties":{"uid":"welfare_04912","name":"新北市私立銀泰老人長期照顧中心（養護型）","welfare_class":"elderly_residential","address":"新北市汐止區福德路38號6樓之1、之2、之3、之4、之5、之6","city":"新北市","coord_source":"tgos_upstream","coord_precision":"upstream","src_datasets":"165355|8572","n_src":2,"sub_code":"T0706","permit_status":"C01","inst_code":"FWG00308355","src_system":"長照機構暨長照人員相關管理資訊系統","attr_type":"私立","beds_approved":"20","target":"養護","licensed_at":"100.01","district":"汐止區","phone":"02-26934386"}},{"type":"Feature","geometry":{"type":"Point","coordinates":[121.493298,25.000129]},"properties":{"uid":"welfare_04913","name":"新北市私立和樂老人長期照顧中心（養護型）","welfare_class":"elderly_residential","address":"新北市中和區中山路2段327巷11弄17號5樓","city":"新北市","coord_source":"tgos_upstream","coord_precision":"upstream","src_datasets":"165355|8572","n_src":2,"sub_code":"T0706","permit_status":"C01","inst_code":"FWG00308364","src_system":"長照機構暨長照人員相關管理資訊系統","attr_type":"私立","beds_approved":"39","target":"養護","licensed_at":"97.11","district":"中和區","phone":"02-82458131"}},{"type":"Feature","geometry":{"type":"Point","coordinates":[121.493298,25.000129]},"properties":{"uid":"welfare_04914","name":"新北市私立合樂老人長期照顧中心（養護型）","welfare_class":"elderly_residential","address":"新北市中和區中山路2段327巷11弄17號3樓","city":"新北市","coord_source":"tgos_upstream","coord_precision":"upstream","src_datasets":"165355|8572","n_src":2,"sub_code":"T0706","permit_status":"C01","inst_code":"FWG00308373","src_system":"長照機構暨長照人員相關管理資訊系統","attr_type":"私立","beds_approved":"39","target":"養護","licensed_at":"102.04","district":"中和區","phone":"02-82458130"}},{"type":"Feature","geometry":{"type":"Point","coordinates":[121.493404,25.001562]},"properties":{"uid":"welfare_04915","name":"新北市私立闔樂老人長期照顧中心(養護型)","welfare_class":"elderly_residential","address":"新北市中和區中山路2段327巷1號2樓","city":"新北市","coord_source":"tgos_upstream","coord_precision":"upstream","src_datasets":"165355|8572","n_src":2,"sub_code":"T0706","permit_status":"C01","inst_code":"FWG00308382","src_system":"長照機構暨長照人員相關管理資訊系統","attr_type":"私立","beds_approved":"49","target":"養護","licensed_at":"105.01","district":"中和區","phone":"02-22422502"}},{"type":"Feature","geometry":{"type":"Point","coordinates":[121.456759,25.040521]},"properties":{"uid":"welfare_04916","name":"新北市私立佳興老人長期照顧中心（養護型）","welfare_class":"elderly_residential","address":"新北市新莊區公園路226號2樓","city":"新北市","coord_source":"tgos_upstream","coord_precision":"upstream","src_datasets":"165355|8572","n_src":2,"sub_code":"T0706","permit_status":"C01","inst_code":"FWG00308418","src_system":"長照機構暨長照人員相關管理資訊系統","attr_type":"私立","beds_approved":"21","target":"養護","licensed_at":"104.01","district":"新莊區","phone":"02-89920004"}},{"type":"Feature","geometry":{"type":"Point","coordinates":[121.663269,25.070805]},"properties":{"uid":"welfare_04917","name":"新北市私立德馨老人長期照顧中心(養護型)","welfare_class":"elderly_residential","address":"新北市汐止區和平街8號5樓","city":"新北市","coord_source":"tgos_upstream","coord_precision":"upstream","src_datasets":"165355|8572","n_src":2,"sub_code":"T0706","permit_status":"C01","inst_code":"FWG00308436","src_system":"長照機構暨長照人員相關管理資訊系統","attr_type":"私立","beds_approved":"49","target":"養護","licensed_at":"75.1","district":"汐止區","phone":"02-26471288"}},{"type":"Feature","geometry":{"type":"Point","coordinates":[121.677741,25.07168]},"properties":{"uid":"welfare_04918","name":"財團法人恆安社會福利慈善事業基金會附設新北市私立大同老人長期照顧中心(養護型)","welfare_class":"elderly_residential","uni_no":"1000909","address":"新北市汐止區大同路三段425號","city":"新北市","coord_source":"tgos_upstream","coord_precision":"upstream","src_datasets":"165355","n_src":1,"sub_code":"T0706","permit_status":"C01","inst_code":"FWG00308706","src_system":"長照機構暨長照人員相關管理資訊系統"}},{"type":"Feature","geometry":{"type":"Point","coordinates":[121.460292,24.990881]},"properties":{"uid":"welfare_04919","name":"新北市私立廣權老人長期照顧中心(養護型)","welfare_class":"elderly_residential","uni_no":"9675672","address":"新北市板橋區廣權路2號5樓","city":"新北市","coord_source":"tgos_upstream","coord_precision":"upstream","src_datasets":"165355","n_src":1,"sub_code":"T0706","permit_status":"C01","inst_code":"FWG00308724","src_system":"長照機構暨長照人員相關管理資訊系統"}},{"type":"Feature","geometry":{"type":"Point","coordinates":[121.616756,24.981604]},"properties":{"uid":"welfare_04920","name":"財團法人台灣省私立健順養護中心","welfare_class":"elderly_residential","address":"新北市深坑區昇高里王軍寮 9 號?","city":"新北市","coord_source":"tgos_upstream","coord_precision":"upstream","src_datasets":"165355|8572","n_src":2,"sub_code":"T0706","permit_status":"C01","inst_code":"FWG00308742","src_system":"長照機構暨長照人員相關管理資訊系統","attr_type":"私立","beds_approved":"134","target":"失智\n養護\n長照","licensed_at":"82.11","district":"深坑區","phone":"02-2662-2499"}},{"type":"Feature","geometry":{"type":"Point","coordinates":[121.372277,24.935911]},"properties":{"uid":"welfare_04921","name":"新北市私立衡安老人長期照顧中心（養護型）","welfare_class":"elderly_residential","address":"新北市三峽區文化路59巷7號之2、8樓之2","city":"新北市","coord_source":"tgos_upstream","coord_precision":"upstream","src_datasets":"165355|8572","n_src":2,"sub_code":"T0706","permit_status":"C01","inst_code":"FWG00308779","src_system":"長照機構暨長照人員相關管理資訊系統","attr_type":"私立","beds_approved":"49","target":"養護","licensed_at":"98.01","district":"三峽區","phone":"02-86711558"}},{"type":"Feature","geometry":{"type":"Point","coordinates":[121.44273,25.033922]},"properties":{"uid":"welfare_04922","name":"新北市私立長恩老人長期照顧中心（養護型）","welfare_class":"elderly_residential","address":"新北市新莊區中正路393號4樓、387號4樓、389號4樓","city":"新北市","coord_source":"tgos_upstream","coord_precision":"upstream","src_datasets":"165355|8572","n_src":2,"sub_code":"T0706","permit_status":"C01","inst_code":"FWG00308788","src_system":"長照機構暨長照人員相關管理資訊系統","attr_type":"私立","beds_approved":"49","target":"養護","licensed_at":"100.04","district":"新莊區","phone":"02-22013158"}},{"type":"Feature","geometry":{"type":"Point","coordinates":[121.471305,24.990338]},"properties":{"uid":"welfare_04923","name":"新北市私立迦勒老人長期照顧中心（養護型）","welfare_class":"elderly_residential","address":"新北市土城區延壽路9號(1樓、2樓)","city":"新北市","coord_source":"tgos_upstream","coord_precision":"upstream","src_datasets":"165355|8572","n_src":2,"sub_code":"T0706","permit_status":"C01","inst_code":"FWG00308797","src_system":"長照機構暨長照人員相關管理資訊系統","attr_type":"私立","beds_approved":"38","target":"養護","licensed_at":"95.1","district":"土城區","phone":"02-82621966"}},{"type":"Feature","geometry":{"type":"Point","coordinates":[121.490222,25.078637]},"properties":{"uid":"welfare_04924","name":"新北市私立祐安老人長期照顧中心（養護型）","welfare_class":"elderly_residential","address":"新北市三重區自強路4段6號3樓","city":"新北市","coord_source":"tgos_upstream","coord_precision":"upstream","src_datasets":"165355|8572","n_src":2,"sub_code":"T0706","permit_status":"C01","inst_code":"FWG00308805","src_system":"長照機構暨長照人員相關管理資訊系統","attr_type":"私立","beds_approved":"49","target":"養護","licensed_at":"100.06","district":"三重區","phone":"02-22866311"}},{"type":"Feature","geometry":{"type":"Point","coordinates":[121.493848,24.998177]},"properties":{"uid":"welfare_04925","name":"新北市私立連城老人長期照顧中心（養護型）","welfare_class":"elderly_residential","address":"新北市中和區板南路335號4樓、337號4樓","city":"新北市","coord_source":"tgos_upstream","coord_precision":"upstream","src_datasets":"165355|8572","n_src":2,"sub_code":"T0706","permit_status":"C01","inst_code":"FWG00308814","src_system":"長照機構暨長照人員相關管理資訊系統","attr_type":"私立","beds_approved":"48","target":"養護","licensed_at":"97.1","district":"中和區","phone":"02-22479996"}},{"type":"Feature","geometry":{"type":"Point","coordinates":[121.499865,25.255972]},"properties":{"uid":"welfare_04926","name":"新北市私立長勤老人長期照顧中心（養護型)","welfare_class":"elderly_residential","address":"新北市三芝區長勤街63號、63 號2樓、63號3樓、63號4樓","city":"新北市","coord_source":"tgos_upstream","coord_precision":"upstream","src_datasets":"165355|8572","n_src":2,"sub_code":"T0706","permit_status":"C01","inst_code":"FWG00308823","src_system":"長照機構暨長照人員相關管理資訊系統","attr_type":"私立","beds_approved":"49","target":"養護","licensed_at":"106.08","district":"三芝區","phone":"02-26366887"}},{"type":"Feature","geometry":{"type":"Point","coordinates":[121.635633,25.067254]},"properties":{"uid":"welfare_04927","name":"新北市私立好家園老人長期照顧中心（養護型）","welfare_class":"elderly_residential","address":"新北市汐止區福德路38號2樓、2樓之1","city":"新北市","coord_source":"tgos_upstream","coord_precision":"upstream","src_datasets":"165355|8572","n_src":2,"sub_code":"T0706","permit_status":"C01","inst_code":"FWG00308832","src_system":"長照機構暨長照人員相關管理資訊系統","attr_type":"私立","beds_approved":"41","target":"養護","licensed_at":"104.12","district":"汐止區","phone":"02-26926777"}},{"type":"Feature","geometry":{"type":"Point","coordinates":[121.482992,25.265132]},"properties":{"uid":"welfare_04928","name":"新北市私立仁惠老人長期照顧中心(養護型)","welfare_class":"elderly_residential","address":"新北市三芝區四棧橋53之11號","city":"新北市","coord_source":"tgos_upstream","coord_precision":"upstream","src_datasets":"165355|8572","n_src":2,"sub_code":"T0706","permit_status":"C01","inst_code":"FWG00308977","src_system":"長照機構暨長照人員相關管理資訊系統","attr_type":"私立","beds_approved":"49","target":"養護","licensed_at":"100.09","district":"三芝區","phone":"02-26365222"}},{"type":"Feature","geometry":{"type":"Point","coordinates":[121.533418,24.986398]},"properties":{"uid":"welfare_04929","name":"新北市私立溫昕老人長期照顧中心（養護型）","welfare_class":"elderly_residential","address":"新北市新店區中正路539之3號2樓","city":"新北市","coord_source":"tgos_upstream","coord_precision":"upstream","src_datasets":"165355|8572","n_src":2,"sub_code":"T0706","permit_status":"C01","inst_code":"FWG00308986","src_system":"長照機構暨長照人員相關管理資訊系統","attr_type":"私立","beds_approved":"39","target":"養護","licensed_at":"102.12","district":"新店區","phone":"02-22190258"}},{"type":"Feature","geometry":{"type":"Point","coordinates":[121.468836,25.051103]},"properties":{"uid":"welfare_04930","name":"新北市私立幸福老人長期照顧中心(養護型)","welfare_class":"elderly_residential","address":"新北市三重區中興北街54號5樓","city":"新北市","coord_source":"tgos_upstream","coord_precision":"upstream","src_datasets":"165355|8572","n_src":2,"sub_code":"T0706","permit_status":"C01","inst_code":"FWG00308995","src_system":"長照機構暨長照人員相關管理資訊系統","attr_type":"私立","beds_approved":"46","target":"養護","licensed_at":"106.07","district":"三重區","phone":"02-85122666"}},{"type":"Feature","geometry":{"type":"Point","coordinates":[121.465901,25.049191]},"properties":{"uid":"welfare_04931","name":"新北市私立珍珍老人長期照顧中心（養護型）","welfare_class":"elderly_residential","address":"新北市新莊區化成路354號3樓","city":"新北市","coord_source":"tgos_upstream","coord_precision":"upstream","src_datasets":"165355|8572","n_src":2,"sub_code":"T0706","permit_status":"C01","inst_code":"FWG00309039","src_system":"長照機構暨長照人員相關管理資訊系統","attr_type":"私立","beds_approved":"31","target":"養護","licensed_at":"104.07","district":"新莊區","phone":"02-29981530"}},{"type":"Feature","geometry":{"type":"Point","coordinates":[121.486997,25.076815]},"properties":{"uid":"welfare_04932","name":"新北市私立大德老人長期照顧中心(養護型)","welfare_class":"elderly_residential","address":"新北市三重區三和路4段103-1號4樓","city":"新北市","coord_source":"tgos_upstream","coord_precision":"upstream","src_datasets":"165355|8572","n_src":2,"sub_code":"T0706","permit_status":"C01","inst_code":"FWG00309048","src_system":"長照機構暨長照人員相關管理資訊系統","attr_type":"私立","beds_approved":"39","target":"養護","licensed_at":"106.05","district":"三重區","phone":"02-22870889"}},{"type":"Feature","geometry":{"type":"Point","coordinates":[121.467033,25.0436]},"properties":{"uid":"welfare_04933","name":"新北市私立沐心老人長期照顧中心（養護型）","welfare_class":"elderly_residential","address":"新北市三重區重新路5段635之2號、635之2號2樓、635之2號3樓","city":"新北市","coord_source":"tgos_upstream","coord_precision":"upstream","src_datasets":"165355|8572","n_src":2,"sub_code":"T0706","permit_status":"C01","inst_code":"FWG00309057","src_system":"長照機構暨長照人員相關管理資訊系統","attr_type":"私立","beds_approved":"46","target":"養護","licensed_at":"99.08","district":"三重區","phone":"02-29990737"}},{"type":"Feature","geometry":{"type":"Point","coordinates":[121.416241,24.957446]},"properties":{"uid":"welfare_04934","name":"新北市私立同心老人長期照顧中心(養護型)","welfare_class":"elderly_residential","address":"新北市土城區中央路4段127號9-10樓、9-11樓之1","city":"新北市","coord_source":"tgos_upstream","coord_precision":"upstream","src_datasets":"165355|8572","n_src":2,"sub_code":"T0706","permit_status":"C01","inst_code":"FWG00309066","src_system":"長照機構暨長照人員相關管理資訊系統","attr_type":"私立","beds_approved":"48","target":"養護","licensed_at":"96.05","district":"土城區","phone":"02-22679979"}},{"type":"Feature","geometry":{"type":"Point","coordinates":[121.483231,25.005262]},"properties":{"uid":"welfare_04935","name":"新北市私立一德老人長期照顧中心（養護型）","welfare_class":"elderly_residential","address":"新北市中和區中山路2段560號7樓","city":"新北市","coord_source":"tgos_upstream","coord_precision":"upstream","src_datasets":"165355|8572","n_src":2,"sub_code":"T0706","permit_status":"C01","inst_code":"FWG00309075","src_system":"長照機構暨長照人員相關管理資訊系統","attr_type":"私立","beds_approved":"42","target":"養護","licensed_at":"104.01","district":"中和區","phone":"02-22286655"}},{"type":"Feature","geometry":{"type":"Point","coordinates":[121.483047,25.005199]},"properties":{"uid":"welfare_04936","name":"新北市私立皇佳老人長期照顧中心（養護型）","welfare_class":"elderly_residential","address":"新北市中和區中山路2段562號10樓","city":"新北市","coord_source":"tgos_upstream","coord_precision":"upstream","src_datasets":"165355|8572","n_src":2,"sub_code":"T0706","permit_status":"C01","inst_code":"FWG00309084","src_system":"長照機構暨長照人員相關管理資訊系統","attr_type":"私立","beds_approved":"42","target":"養護","licensed_at":"98.04","district":"中和區","phone":"02-22286187"}},{"type":"Feature","geometry":{"type":"Point","coordinates":[121.483231,25.005262]},"properties":{"uid":"welfare_04937","name":"新北市私立中原老人長期照顧中心（養護型）","welfare_class":"elderly_residential","address":"新北市中和區中山路2段560號6樓、6樓之1","city":"新北市","coord_source":"tgos_upstream","coord_precision":"upstream","src_datasets":"165355|8572","n_src":2,"sub_code":"T0706","permit_status":"C01","inst_code":"FWG00309093","src_system":"長照機構暨長照人員相關管理資訊系統","attr_type":"私立","beds_approved":"42","target":"養護","licensed_at":"104.1","district":"中和區","phone":"02-22286187"}},{"type":"Feature","geometry":{"type":"Point","coordinates":[121.485288,24.999925]},"properties":{"uid":"welfare_04938","name":"新北市私立怡和老人長期照顧中心（養護型）","welfare_class":"elderly_residential","address":"新北市中和區中正路772號5樓","city":"新北市","coord_source":"tgos_upstream","coord_precision":"upstream","src_datasets":"165355|8572","n_src":2,"sub_code":"T0706","permit_status":"C01","inst_code":"FWG00309101","src_system":"長照機構暨長照人員相關管理資訊系統","attr_type":"私立","beds_approved":"47","target":"養護","licensed_at":"102.04","district":"中和區","phone":"02-82213540"}},{"type":"Feature","geometry":{"type":"Point","coordinates":[121.506777,24.99802]},"properties":{"uid":"welfare_04939","name":"新北市私立宜安老人長期照顧中心（養護型）","welfare_class":"elderly_residential","address":"新北市中和區景安路48號7樓","city":"新北市","coord_source":"tgos_upstream","coord_precision":"upstream","src_datasets":"165355|8572","n_src":2,"sub_code":"T0706","permit_status":"C01","inst_code":"FWG00309110","src_system":"長照機構暨長照人員相關管理資訊系統","attr_type":"私立","beds_approved":"47","target":"養護","licensed_at":"98.07","district":"中和區","phone":"02-22409304"}},{"type":"Feature","geometry":{"type":"Point","coordinates":[121.45328,25.106325]},"properties":{"uid":"welfare_04940","name":"新北市私立再芳老人長期照顧中心（養護型）","welfare_class":"elderly_residential","address":"新北市五股區成泰路4段10號3樓之2","city":"新北市","coord_source":"tgos_upstream","coord_precision":"upstream","src_datasets":"165355|8572","n_src":2,"sub_code":"T0706","permit_status":"C01","inst_code":"FWG00309129","src_system":"長照機構暨長照人員相關管理資訊系統","attr_type":"私立","beds_approved":"39","target":"養護","licensed_at":"101.06","district":"五股區","phone":"02-22923158"}},{"type":"Feature","geometry":{"type":"Point","coordinates":[121.538788,24.983065]},"properties":{"uid":"welfare_04941","name":"新北市私立大坪林老人長期照顧中心（養護型）","welfare_class":"elderly_residential","address":"新北市新店區民權路58號5樓、60號5樓","city":"新北市","coord_source":"offline_l15","coord_precision":"interpolated","src_datasets":"165355|8572","n_src":2,"sub_code":"T0706","permit_status":"C01","inst_code":"FWG00309138","src_system":"長照機構暨長照人員相關管理資訊系統","attr_type":"私立","beds_approved":"46","target":"養護\n長照","licensed_at":"95.01","district":"新店區","phone":"02-29111377"}},{"type":"Feature","geometry":{"type":"Point","coordinates":[121.534308,24.976892]},"properties":{"uid":"welfare_04942","name":"新北市私立匯安老人長期照顧中心（養護型）","welfare_class":"elderly_residential","address":"新北市新店區中正路399巷7號1樓-4樓","city":"新北市","coord_source":"offline_l15","coord_precision":"interpolated","src_datasets":"165355|8572","n_src":2,"sub_code":"T0706","permit_status":"C01","inst_code":"FWG00309147","src_system":"長照機構暨長照人員相關管理資訊系統","attr_type":"私立","beds_approved":"48","target":"養護","licensed_at":"89.03","district":"新店區","phone":"02-86656656"}},{"type":"Feature","geometry":{"type":"Point","coordinates":[121.554547,24.950354]},"properties":{"uid":"welfare_04943","name":"新北市私立匯福老人長期照顧中心（養護型）","welfare_class":"elderly_residential","address":"新北市新店區竹林路99號1樓-4樓","city":"新北市","coord_source":"tgos_upstream","coord_precision":"upstream","src_datasets":"165355|8572","n_src":2,"sub_code":"T0706","permit_status":"C01","inst_code":"FWG00309156","src_system":"長照機構暨長照人員相關管理資訊系統","attr_type":"私立","beds_approved":"48","target":"養護","licensed_at":"93.01","district":"新店區","phone":"02-22178035"}},{"type":"Feature","geometry":{"type":"Point","coordinates":[121.5333,24.984973]},"properties":{"uid":"welfare_04944","name":"新北市私立莊敬老人長期照顧中心（養護型）","welfare_class":"elderly_residential","address":"新北市新店區中正路521巷1號3樓、3號3樓","city":"新北市","coord_source":"offline_l15","coord_precision":"interpolated","src_datasets":"165355|8572","n_src":2,"sub_code":"T0706","permit_status":"C01","inst_code":"FWG00309165","src_system":"長照機構暨長照人員相關管理資訊系統","attr_type":"私立","beds_approved":"40","target":"養護","licensed_at":"105.1","district":"新店區","phone":"02-22185571"}},{"type":"Feature","geometry":{"type":"Point","coordinates":[121.465901,25.049191]},"properties":{"uid":"welfare_04945","name":"新北市私立永瑞老人長期照顧中心（養護型）","welfare_class":"elderly_residential","address":"新北市新莊區化成路354號4樓","city":"新北市","coord_source":"tgos_upstream","coord_precision":"upstream","src_datasets":"165355|8572","n_src":2,"sub_code":"T0706","permit_status":"C01","inst_code":"FWG00309174","src_system":"長照機構暨長照人員相關管理資訊系統","attr_type":"私立","beds_approved":"31","target":"養護","licensed_at":"100.01","district":"新莊區","phone":"02-29941223"}},{"type":"Feature","geometry":{"type":"Point","coordinates":[121.413347,25.028029]},"properties":{"uid":"welfare_04946","name":"新北市私立健安老人長期照顧中心（養護型）","welfare_class":"elderly_residential","address":"新北市新莊區雙鳳路121號7樓、123號7樓","city":"新北市","coord_source":"tgos_upstream","coord_precision":"upstream","src_datasets":"165355|8572","n_src":2,"sub_code":"T0706","permit_status":"C01","inst_code":"FWG00309183","src_system":"長照機構暨長照人員相關管理資訊系統","attr_type":"私立","beds_approved":"37","target":"養護","licensed_at":"103.12","district":"新莊區","phone":"02-29031356"}},{"type":"Feature","geometry":{"type":"Point","coordinates":[121.43379,25.019262]},"properties":{"uid":"welfare_04947","name":"新北市私立老吾老老人長期照顧中心（養護型）","welfare_class":"elderly_residential","address":"新北市新莊區新樹路315巷1號4樓、1號5樓","city":"新北市","coord_source":"tgos_upstream","coord_precision":"upstream","src_datasets":"165355|8572","n_src":2,"sub_code":"T0706","permit_status":"C01","inst_code":"FWG00309192","src_system":"長照機構暨長照人員相關管理資訊系統","attr_type":"私立","beds_approved":"46","target":"養護","licensed_at":"101.07","district":"新莊區","phone":"02-22020119"}},{"type":"Feature","geometry":{"type":"Point","coordinates":[121.565259,24.955718]},"properties":{"uid":"welfare_04948","name":"財團法人私立廣恩老人養護中心","welfare_class":"elderly_residential","address":"新北市新店區北宜路2段579巷45號","city":"新北市","coord_source":"tgos_upstream","coord_precision":"upstream","src_datasets":"165355|8572","n_src":2,"sub_code":"T0706","permit_status":"C01","inst_code":"FWG00309219","src_system":"長照機構暨長照人員相關管理資訊系統","attr_type":"私立","beds_approved":"133","target":"養護\n長照","licensed_at":"77.01","district":"新店區","phone":"02-22173517"}},{"type":"Feature","geometry":{"type":"Point","coordinates":[121.636037,25.213456]},"properties":{"uid":"welfare_04949","name":"財團法人新北市私立馨園老人養護中心","welfare_class":"elderly_residential","address":"新北市萬里區公?崙23-1號","city":"新北市","coord_source":"tgos_upstream","coord_precision":"upstream","src_datasets":"165355|8572","n_src":2,"sub_code":"T0706","permit_status":"C01","inst_code":"FWG00309228","src_system":"長照機構暨長照人員相關管理資訊系統","attr_type":"私立","beds_approved":"160","target":"養護","licensed_at":"89.04","district":"萬里區","phone":"02-24989331"}},{"type":"Feature","geometry":{"type":"Point","coordinates":[121.538704,24.983068]},"properties":{"uid":"welfare_04950","name":"新北市私立皇冠老人養護中心","welfare_class":"elderly_residential","address":"新北市新店區民權路60號4樓","city":"新北市","coord_source":"offline_l2","coord_precision":"exact","src_datasets":"165355|8572","n_src":2,"sub_code":"T0706","permit_status":"C01","inst_code":"FWG00309886","src_system":"長照機構暨長照人員相關管理資訊系統","attr_type":"私立","beds_approved":"47","target":"養護\n長照","licensed_at":"97.02","district":"新店區","phone":"02-29125488"}},{"type":"Feature","geometry":{"type":"Point","coordinates":[121.460293,24.990882]},"properties":{"uid":"welfare_04951","name":"新北市私立廣福老人長期照顧中心(養護型)","welfare_class":"elderly_residential","uni_no":"10021709","address":"新北市板橋區留侯里廣權路2號4樓","city":"新北市","coord_source":"offline_l2","coord_precision":"exact","src_datasets":"165355","n_src":1,"sub_code":"T0706","permit_status":"C01","inst_code":"FWG00310028","src_system":"長照機構暨長照人員相關管理資訊系統"}},{"type":"Feature","geometry":{"type":"Point","coordinates":[121.485646,25.000059]},"properties":{"uid":"welfare_04952","name":"新北市私立永順老人養護中心","welfare_class":"elderly_residential","address":"新北市中和區建康路2號5樓、2之2號5樓","city":"新北市","coord_source":"tgos_upstream","coord_precision":"upstream","src_datasets":"165355|8572","n_src":2,"sub_code":"T0706","permit_status":"C01","inst_code":"FWG00310037","src_system":"長照機構暨長照人員相關管理資訊系統","attr_type":"私立","beds_approved":"47","target":"養護","licensed_at":"89.06","district":"中和區","phone":"02-32340828"}},{"type":"Feature","geometry":{"type":"Point","coordinates":[121.454869,25.020724]},"properties":{"uid":"welfare_04953","name":"新北市私立桐心老人長期照顧中心(養護型)","welfare_class":"elderly_residential","uni_no":"87518474","address":"新北市板橋區湳興里中正路302號2樓","city":"新北市","coord_source":"offline_l1","coord_precision":"cached","src_datasets":"165355","n_src":1,"sub_code":"T0706","permit_status":"C01","inst_code":"FWG00310046","src_system":"長照機構暨長照人員相關管理資訊系統"}},{"type":"Feature","geometry":{"type":"Point","coordinates":[121.494031,25.001777]},"properties":{"uid":"welfare_04954","name":"新北市私立慈美老人養護中心","welfare_class":"elderly_residential","address":"新北市中和區中山路2段315巷2號6樓","city":"新北市","coord_source":"tgos_upstream","coord_precision":"upstream","src_datasets":"165355|8572","n_src":2,"sub_code":"T0706","permit_status":"C01","inst_code":"FWG00310055","src_system":"長照機構暨長照人員相關管理資訊系統","attr_type":"私立","beds_approved":"49","target":"養護","licensed_at":"96.09","district":"中和區","phone":"02-22467727"}},{"type":"Feature","geometry":{"type":"Point","coordinates":[121.54521,24.922685]},"properties":{"uid":"welfare_04955","name":"衛生福利部北區老人之家(含頤苑大廈)","welfare_class":"elderly_residential","address":"新北市新店區屈尺路 81 號、83號","city":"新北市","coord_source":"tgos_upstream","coord_precision":"upstream","src_datasets":"165355|8572","n_src":2,"sub_code":"T0708","permit_status":"C01","inst_code":"FWJ00306255","src_system":"長照機構暨長照人員相關管理資訊系統","attr_type":"公立","beds_approved":"602","target":"安養\n養護\n長照","licensed_at":"35.03","district":"新店區","phone":"02-2666-8695\n02-2666-6497"}},{"type":"Feature","geometry":{"type":"Point","coordinates":[121.420768,25.159206]},"properties":{"uid":"welfare_04956","name":"財團法人新北市私立台灣天主教安老院","welfare_class":"elderly_residential","address":"新北市八里區中山路1段33號","city":"新北市","coord_source":"tgos_upstream","coord_precision":"upstream","src_datasets":"165355|8572","n_src":2,"sub_code":"T0708","permit_status":"C01","inst_code":"FWJ00306264","src_system":"長照機構暨長照人員相關管理資訊系統","attr_type":"私立","beds_approved":"78","target":"養護\n安養","licensed_at":"61.05","district":"八里區","phone":"02-26102034"}},{"type":"Feature","geometry":{"type":"Point","coordinates":[121.685485,25.196629]},"properties":{"uid":"welfare_04957","name":"新北市立仁愛之家","welfare_class":"elderly_residential","address":"新北市萬里區玉田路61號","city":"新北市","coord_source":"offline_l2","coord_precision":"exact","src_datasets":"165355|8572","n_src":2,"sub_code":"T0708","permit_status":"C01","inst_code":"FWJ00307416","src_system":"長照機構暨長照人員相關管理資訊系統","attr_type":"公立","beds_approved":"416","target":"養護\n安養","licensed_at":"64.07","district":"萬里區","phone":"02-24922511"}},{"type":"Feature","geometry":{"type":"Point","coordinates":[121.460048,25.145831]},"properties":{"uid":"welfare_04958","name":"財團法人臺灣省私立臺北仁濟院附設仁濟安老所","welfare_class":"elderly_residential","address":"新北市淡水區中正東路 2 段 153 號?","city":"新北市","coord_source":"tgos_upstream","coord_precision":"upstream","src_datasets":"165355|8572","n_src":2,"sub_code":"T0708","permit_status":"C01","inst_code":"FWJ00309207","src_system":"長照機構暨長照人員相關管理資訊系統","attr_type":"私立","beds_approved":"122","target":"安養","licensed_at":"26.05","district":"淡水區","phone":"02-2809-5600"}},{"type":"Feature","geometry":{"type":"Point","coordinates":[121.475778,25.253743]},"properties":{"uid":"welfare_04959","name":"財團法人台灣基督長老教會雙連教會附設新北市私立雙連安養中心","welfare_class":"elderly_residential","address":"新北市三芝區後厝里北勢子22-17號","city":"新北市","coord_source":"tgos_upstream","coord_precision":"upstream","src_datasets":"165355|8572","n_src":2,"sub_code":"T0708","permit_status":"C01","inst_code":"FWJ00309261","src_system":"長照機構暨長照人員相關管理資訊系統","attr_type":"私立","beds_approved":"432","target":"失智\n養護\n安養","licensed_at":"106.08","district":"三芝區","phone":"02-26365999"}},{"type":"Feature","geometry":{"type":"Point","coordinates":[121.602401,25.112396]},"properties":{"uid":"welfare_04960","name":"財團法人中華文化社會福利事業基金會附設新北市私立翠柏新村老人安養中心","welfare_class":"elderly_residential","address":"新北市汐止區永春一路5號","city":"新北市","coord_source":"tgos_upstream","coord_precision":"upstream","src_datasets":"165355|8572","n_src":2,"sub_code":"T0708","permit_status":"C01","inst_code":"FWJ00309324","src_system":"長照機構暨長照人員相關管理資訊系統","attr_type":"私立","beds_approved":"295","target":"養護\n安養","licensed_at":"104.04","district":"汐止區","phone":"02-2645-1001\n2645-1002"}},{"type":"Feature","geometry":{"type":"Point","coordinates":[121.842219,24.618531]},"properties":{"uid":"welfare_05166","name":"宜蘭縣私立惠民老人長期照顧中心(養護型)","welfare_class":"elderly_residential","address":"宜蘭縣蘇澳鎮隘界路290巷11號","city":"宜蘭縣","coord_source":"tgos_upstream","coord_precision":"upstream","src_datasets":"165355|8572","n_src":2,"sub_code":"T0706","permit_status":"C01","inst_code":"GWG00304466","src_system":"長照機構暨長照人員相關管理資訊系統","attr_type":"私立","beds_approved":"40","target":"養護","licensed_at":"93.10.21","district":"蘇澳鎮","phone":"03-9904705"}},{"type":"Feature","geometry":{"type":"Point","coordinates":[121.747891,24.774251]},"properties":{"uid":"welfare_05167","name":"宜蘭縣私立豐閤老人長期照顧中心(養護型)","welfare_class":"elderly_residential","address":"宜蘭縣宜蘭市大坡路一段37、41號1樓","city":"宜蘭縣","coord_source":"tgos_upstream","coord_precision":"upstream","src_datasets":"165355|8572","n_src":2,"sub_code":"T0706","permit_status":"C01","inst_code":"GWG00304475","src_system":"長照機構暨長照人員相關管理資訊系統","attr_type":"私立","beds_approved":"21","target":"養護","licensed_at":"106.02.20","district":"宜蘭市","phone":"03-9281285"}},{"type":"Feature","geometry":{"type":"Point","coordinates":[121.84008,24.596132]},"properties":{"uid":"welfare_05168","name":"宜蘭縣私立信踴老人長期照顧中心(養護型)","welfare_class":"elderly_residential","address":"宜蘭縣蘇澳鎮中山路一段415號","city":"宜蘭縣","coord_source":"tgos_upstream","coord_precision":"upstream","src_datasets":"165355|8572","n_src":2,"sub_code":"T0706","permit_status":"C01","inst_code":"GWG00304484","src_system":"長照機構暨長照人員相關管理資訊系統","attr_type":"私立","beds_approved":"45","target":"養護","licensed_at":"106.03.09","district":"蘇澳鎮","phone":"03-9960909"}},{"type":"Feature","geometry":{"type":"Point","coordinates":[121.759075,24.76897]},"properties":{"uid":"welfare_05169","name":"宜蘭縣私立永安老人長期照顧中心(養護型)","welfare_class":"elderly_residential","address":"宜蘭縣宜蘭市宜興路3段109、111號","city":"宜蘭縣","coord_source":"tgos_upstream","coord_precision":"upstream","src_datasets":"165355|8572","n_src":2,"sub_code":"T0706","permit_status":"C01","inst_code":"GWG00308219","src_system":"長照機構暨長照人員相關管理資訊系統","attr_type":"私立","beds_approved":"34","target":"養護","licensed_at":"97.11.13","district":"宜蘭市","phone":"03-9289063"}},{"type":"Feature","geometry":{"type":"Point","coordinates":[121.690924,24.719723]},"properties":{"uid":"welfare_05170","name":"宜蘭縣私立員山翠林老人長期照顧中心(養護型)","welfare_class":"elderly_residential","address":"宜蘭縣員山鄉內城村10鄰榮光路236號","city":"宜蘭縣","coord_source":"tgos_upstream","coord_precision":"upstream","src_datasets":"165355|8572","n_src":2,"sub_code":"T0706","permit_status":"C01","inst_code":"GWG00309452","src_system":"長照機構暨長照人員相關管理資訊系統","attr_type":"私立","beds_approved":"49","target":"養護","licensed_at":"107.12.26","district":"員山鄉","phone":"03-9658367"}},{"type":"Feature","geometry":{"type":"Point","coordinates":[121.762415,24.674949]},"properties":{"uid":"welfare_05171","name":"財團法人天主教靈醫修女會附設宜蘭縣私立瑪利亞老人長期照顧中心(養護型)","welfare_class":"elderly_residential","address":"宜蘭縣羅東鎮北成路1段17號2、3、4樓","city":"宜蘭縣","coord_source":"tgos_upstream","coord_precision":"upstream","src_datasets":"165355|8572","n_src":2,"sub_code":"T0706","permit_status":"C01","inst_code":"GWG00311783","src_system":"長照機構暨長照人員相關管理資訊系統","attr_type":"私立","beds_approved":"106","target":"養護\n長照","licensed_at":"78.12.21","district":"羅東鎮","phone":"03-9512060"}},{"type":"Feature","geometry":{"type":"Point","coordinates":[121.705444,24.666896]},"properties":{"uid":"welfare_05172","name":"財團法人天主教靈醫會附設宜蘭縣私立聖嘉民老人長期照顧中心(養護型)","welfare_class":"elderly_residential","address":"宜蘭縣三星鄉大隱村三星路2段103號","city":"宜蘭縣","coord_source":"tgos_upstream","coord_precision":"upstream","src_datasets":"165355|8572","n_src":2,"sub_code":"T0706","permit_status":"C01","inst_code":"GWG00311792","src_system":"長照機構暨長照人員相關管理資訊系統","attr_type":"私立","beds_approved":"122","target":"養護\n長照","licensed_at":"98.07.21","district":"三星鄉","phone":"03-9898806"}},{"type":"Feature","geometry":{"type":"Point","coordinates":[121.68313,24.664805]},"properties":{"uid":"welfare_05173","name":"宜蘭縣私立安親老人養護院","welfare_class":"elderly_residential","address":"宜蘭縣三星鄉大坑三路30號","city":"宜蘭縣","coord_source":"tgos_upstream","coord_precision":"upstream","src_datasets":"165355|8572","n_src":2,"sub_code":"T0706","permit_status":"C01","inst_code":"GWG00311800","src_system":"長照機構暨長照人員相關管理資訊系統","attr_type":"私立","beds_approved":"49","target":"養護","licensed_at":"88.12.31","district":"三星鄉","phone":"03-9894085"}},{"type":"Feature","geometry":{"type":"Point","coordinates":[121.759728,24.672077]},"properties":{"uid":"welfare_05174","name":"財團法人感恩社會福利慈善基金會承辦羅東鎮養護所","welfare_class":"elderly_residential","address":"宜蘭縣羅東鎮維揚路132號","city":"宜蘭縣","coord_source":"tgos_upstream","coord_precision":"upstream","src_datasets":"165355|8572","n_src":2,"sub_code":"T0706","permit_status":"C01","inst_code":"GWG00311819","src_system":"長照機構暨長照人員相關管理資訊系統","attr_type":"公設\n民營","beds_approved":"161","target":"養護\n長照","licensed_at":"96.01.30","district":"羅東鎮","phone":"03-9510789"}},{"type":"Feature","geometry":{"type":"Point","coordinates":[121.751451,24.750171]},"properties":{"uid":"welfare_05175","name":"宜蘭縣私立順泰老人長期照顧中心(養護型)","welfare_class":"elderly_residential","address":"宜蘭縣宜蘭市民權新路47巷10、12、14、16號","city":"宜蘭縣","coord_source":"tgos_upstream","coord_precision":"upstream","src_datasets":"165355|8572","n_src":2,"sub_code":"T0706","permit_status":"C01","inst_code":"GWG00311828","src_system":"長照機構暨長照人員相關管理資訊系統","attr_type":"私立","beds_approved":"49","target":"養護","licensed_at":"96.09.19","district":"宜蘭市","phone":"03-9321989"}},{"type":"Feature","geometry":{"type":"Point","coordinates":[121.775312,24.812231]},"properties":{"uid":"welfare_05176","name":"財團法人宜蘭縣私立竹林養護院","welfare_class":"elderly_residential","address":"宜蘭縣礁溪鄉六結路151號","city":"宜蘭縣","coord_source":"tgos_upstream","coord_precision":"upstream","src_datasets":"165355|8572","n_src":2,"sub_code":"T0706","permit_status":"C01","inst_code":"GWG00311837","src_system":"長照機構暨長照人員相關管理資訊系統","attr_type":"私立","beds_approved":"100","target":"養護","licensed_at":"84.07.22","district":"礁溪鄉","phone":"03-9889357"}},{"type":"Feature","geometry":{"type":"Point","coordinates":[121.830565,24.676746]},"properties":{"uid":"welfare_05177","name":"財團法人宜蘭縣私立親水園養護之家","welfare_class":"elderly_residential","address":"宜蘭縣五結鄉季水路15巷46號","city":"宜蘭縣","coord_source":"tgos_upstream","coord_precision":"upstream","src_datasets":"165355|8572","n_src":2,"sub_code":"T0706","permit_status":"C01","inst_code":"GWG00311846","src_system":"長照機構暨長照人員相關管理資訊系統","attr_type":"私立","beds_approved":"64","target":"養護","licensed_at":"91.10.21","district":"五結鄉","phone":"03-9500180"}},{"type":"Feature","geometry":{"type":"Point","coordinates":[121.764405,24.6625]},"properties":{"uid":"welfare_05178","name":"宜蘭縣私立杏林老人長期照顧中心(養護型)","welfare_class":"elderly_residential","address":"宜蘭縣冬山鄉清溝村永安路389號","city":"宜蘭縣","coord_source":"tgos_upstream","coord_precision":"upstream","src_datasets":"165355|8572","n_src":2,"sub_code":"T0706","permit_status":"C01","inst_code":"GWG00311855","src_system":"長照機構暨長照人員相關管理資訊系統","attr_type":"私立","beds_approved":"49","target":"養護","licensed_at":"88.05.29","district":"冬山鄉","phone":"03-9587985"}},{"type":"Feature","geometry":{"type":"Point","coordinates":[121.764156,24.662496]},"properties":{"uid":"welfare_05179","name":"宜蘭縣私立順安老人長期照顧中心(養護型)","welfare_class":"elderly_residential","address":"宜蘭縣冬山鄉清溝村永安路393號","city":"宜蘭縣","coord_source":"tgos_upstream","coord_precision":"upstream","src_datasets":"165355|8572","n_src":2,"sub_code":"T0706","permit_status":"C01","inst_code":"GWG00311864","src_system":"長照機構暨長照人員相關管理資訊系統","attr_type":"私立","beds_approved":"49","target":"養護","licensed_at":"95.12.29","district":"冬山鄉","phone":"03-9588990"}},{"type":"Feature","geometry":{"type":"Point","coordinates":[121.809979,24.629676]},"properties":{"uid":"welfare_05180","name":"宜蘭縣私立百齡老人長期照顧中心(養護型)","welfare_class":"elderly_residential","address":"宜蘭縣冬山鄉福興東路71號","city":"宜蘭縣","coord_source":"tgos_upstream","coord_precision":"upstream","src_datasets":"165355|8572","n_src":2,"sub_code":"T0706","permit_status":"C01","inst_code":"GWG00311873","src_system":"長照機構暨長照人員相關管理資訊系統","attr_type":"私立","beds_approved":"40","target":"養護","licensed_at":"97.03.26","district":"冬山鄉","phone":"03-9592563"}},{"type":"Feature","geometry":{"type":"Point","coordinates":[121.737225,24.751059]},"properties":{"uid":"welfare_05181","name":"宜蘭縣私立廣親老人長期照顧中心(養護型)","welfare_class":"elderly_residential","address":"宜蘭縣宜蘭市泰山路260、262號","city":"宜蘭縣","coord_source":"tgos_upstream","coord_precision":"upstream","src_datasets":"165355|8572","n_src":2,"sub_code":"T0706","permit_status":"C01","inst_code":"GWG00311882","src_system":"長照機構暨長照人員相關管理資訊系統","attr_type":"私立","beds_approved":"48","target":"養護","licensed_at":"96.12.23","district":"宜蘭市","phone":"03-9329922"}},{"type":"Feature","geometry":{"type":"Point","coordinates":[121.75273,24.767358]},"properties":{"uid":"welfare_05182","name":"宜蘭縣私立慈恩老人長期照顧中心(養護型)","welfare_class":"elderly_residential","address":"宜蘭縣宜蘭市津梅路71號","city":"宜蘭縣","coord_source":"tgos_upstream","coord_precision":"upstream","src_datasets":"165355|8572","n_src":2,"sub_code":"T0706","permit_status":"C01","inst_code":"GWG00311891","src_system":"長照機構暨長照人員相關管理資訊系統","attr_type":"私立","beds_approved":"42","target":"養護","licensed_at":"98.06.02","district":"宜蘭市","phone":"03-9280860"}},{"type":"Feature","geometry":{"type":"Point","coordinates":[121.752645,24.767409]},"properties":{"uid":"welfare_05183","name":"宜蘭縣私立祥愛老人長期照顧中心(養護型)","welfare_class":"elderly_residential","address":"宜蘭縣宜蘭市津梅路73號","city":"宜蘭縣","coord_source":"tgos_upstream","coord_precision":"upstream","src_datasets":"165355|8572","n_src":2,"sub_code":"T0706","permit_status":"C01","inst_code":"GWG00311909","src_system":"長照機構暨長照人員相關管理資訊系統","attr_type":"私立","beds_approved":"42","target":"養護","licensed_at":"99.03.18","district":"宜蘭市","phone":"03-9282777"}},{"type":"Feature","geometry":{"type":"Point","coordinates":[121.765213,24.751562]},"properties":{"uid":"welfare_05184","name":"宜蘭縣私立祥德老人長期照顧中心(養護型)","welfare_class":"elderly_residential","address":"宜蘭縣宜蘭市陽明三路160巷2、6號","city":"宜蘭縣","coord_source":"tgos_upstream","coord_precision":"upstream","src_datasets":"165355|8572","n_src":2,"sub_code":"T0706","permit_status":"C01","inst_code":"GWG00311918","src_system":"長照機構暨長照人員相關管理資訊系統","attr_type":"私立","beds_approved":"37","target":"養護","licensed_at":"96.11.29","district":"宜蘭市","phone":"03-9387733"}},{"type":"Feature","geometry":{"type":"Point","coordinates":[121.759034,24.769604]},"properties":{"uid":"welfare_05185","name":"宜蘭縣私立馨愛老人長期照顧中心(養護型)","welfare_class":"elderly_residential","address":"宜蘭縣宜蘭市宜興路3段121號","city":"宜蘭縣","coord_source":"tgos_upstream","coord_precision":"upstream","src_datasets":"165355|8572","n_src":2,"sub_code":"T0706","permit_status":"C01","inst_code":"GWG00311927","src_system":"長照機構暨長照人員相關管理資訊系統","attr_type":"私立","beds_approved":"45","target":"養護","licensed_at":"98.07.09","district":"宜蘭市","phone":"03-9283148"}},{"type":"Feature","geometry":{"type":"Point","coordinates":[121.76366,24.732475]},"properties":{"uid":"welfare_05186","name":"宜蘭縣私立長青老人養護中心","welfare_class":"elderly_residential","address":"宜蘭縣宜蘭市縣政12街40號","city":"宜蘭縣","coord_source":"tgos_upstream","coord_precision":"upstream","src_datasets":"165355|8572","n_src":2,"sub_code":"T0706","permit_status":"C01","inst_code":"GWG00311936","src_system":"長照機構暨長照人員相關管理資訊系統","attr_type":"私立","beds_approved":"48","target":"養護","licensed_at":"95.12.29","district":"宜蘭市","phone":"03-9255757"}},{"type":"Feature","geometry":{"type":"Point","coordinates":[121.738211,24.750371]},"properties":{"uid":"welfare_05187","name":"宜蘭縣私立健康老人長期照顧中心(養護型)","welfare_class":"elderly_residential","address":"宜蘭縣宜蘭市農權路3段178號3、4樓","city":"宜蘭縣","coord_source":"tgos_upstream","coord_precision":"upstream","src_datasets":"165355|8572","n_src":2,"sub_code":"T0706","permit_status":"C01","inst_code":"GWG00311945","src_system":"長照機構暨長照人員相關管理資訊系統","attr_type":"私立","beds_approved":"38","target":"養護","licensed_at":"89.07.24","district":"宜蘭市","phone":"03-9364673"}},{"type":"Feature","geometry":{"type":"Point","coordinates":[121.751785,24.760586]},"properties":{"uid":"welfare_05188","name":"財團法人宜蘭縣私立宏仁老人長期照顧中心(養護型)","welfare_class":"elderly_residential","address":"宜蘭縣宜蘭市舊城北路177號","city":"宜蘭縣","coord_source":"tgos_upstream","coord_precision":"upstream","src_datasets":"165355|8572","n_src":2,"sub_code":"T0706","permit_status":"C01","inst_code":"GWG00311954","src_system":"長照機構暨長照人員相關管理資訊系統","attr_type":"私立","beds_approved":"88","target":"養護\n長照","licensed_at":"97.09.08","district":"宜蘭市","phone":"03-9354176"}},{"type":"Feature","geometry":{"type":"Point","coordinates":[121.751855,24.760558]},"properties":{"uid":"welfare_05189","name":"宜蘭縣私立寬仁養護之家","welfare_class":"elderly_residential","address":"宜蘭縣宜蘭市舊城北路182號","city":"宜蘭縣","coord_source":"tgos_upstream","coord_precision":"upstream","src_datasets":"165355|8572","n_src":2,"sub_code":"T0706","permit_status":"C01","inst_code":"GWG00311963","src_system":"長照機構暨長照人員相關管理資訊系統","attr_type":"私立","beds_approved":"35","target":"養護","licensed_at":"95.04.10","district":"宜蘭市","phone":"03-9328639"}},{"type":"Feature","geometry":{"type":"Point","coordinates":[121.75193,24.760411]},"properties":{"uid":"welfare_05190","name":"宜蘭縣私立救仁養護之家","welfare_class":"elderly_residential","uni_no":"17121611","address":"宜蘭縣宜蘭市舊城北路173號","city":"宜蘭縣","coord_source":"tgos_upstream","coord_precision":"upstream","src_datasets":"165355","n_src":1,"sub_code":"T0706","permit_status":"C01","inst_code":"GWG00311972","src_system":"長照機構暨長照人員相關管理資訊系統"}},{"type":"Feature","geometry":{"type":"Point","coordinates":[121.752543,24.757631]},"properties":{"uid":"welfare_05191","name":"宜蘭縣私立祥泰老人長期照顧中心(養護型)","welfare_class":"elderly_residential","address":"宜蘭縣宜蘭市中山路3段87號5、6樓","city":"宜蘭縣","coord_source":"tgos_upstream","coord_precision":"upstream","src_datasets":"165355|8572","n_src":2,"sub_code":"T0706","permit_status":"C01","inst_code":"GWG00311981","src_system":"長照機構暨長照人員相關管理資訊系統","attr_type":"私立","beds_approved":"49","target":"養護","licensed_at":"99.12.30","district":"宜蘭市","phone":"03-9366666"}},{"type":"Feature","geometry":{"type":"Point","coordinates":[121.752543,24.757631]},"properties":{"uid":"welfare_05192","name":"宜蘭縣私立溫馨居老人長期照顧中心(養護型)","welfare_class":"elderly_residential","address":"宜蘭縣宜蘭市中山路3段87號3、4樓","city":"宜蘭縣","coord_source":"tgos_upstream","coord_precision":"upstream","src_datasets":"165355|8572","n_src":2,"sub_code":"T0706","permit_status":"C01","inst_code":"GWG00311990","src_system":"長照機構暨長照人員相關管理資訊系統","attr_type":"私立","beds_approved":"49","target":"養護","licensed_at":"103.02.11","district":"宜蘭市","phone":"03-9362222"}},{"type":"Feature","geometry":{"type":"Point","coordinates":[121.812668,24.673539]},"properties":{"uid":"welfare_05193","name":"財團法人宜蘭縣私立慈愛養護院","welfare_class":"elderly_residential","address":"宜蘭縣五結鄉親河路2段58巷78號","city":"宜蘭縣","coord_source":"tgos_upstream","coord_precision":"upstream","src_datasets":"165355|8572","n_src":2,"sub_code":"T0706","permit_status":"C01","inst_code":"GWG00312007","src_system":"長照機構暨長照人員相關管理資訊系統","attr_type":"私立","beds_approved":"162","target":"養護","licensed_at":"100.12.30","district":"五結鄉","phone":"03-9606000"}},{"type":"Feature","geometry":{"type":"Point","coordinates":[121.755478,24.758668]},"properties":{"uid":"welfare_05194","name":"宜蘭縣私立萬安老人長期照顧中心(養護型)","welfare_class":"elderly_residential","address":"宜蘭縣宜蘭市聖後街118號4樓","city":"宜蘭縣","coord_source":"tgos_upstream","coord_precision":"upstream","src_datasets":"165355|8572","n_src":2,"sub_code":"T0706","permit_status":"C01","inst_code":"GWG00312016","src_system":"長照機構暨長照人員相關管理資訊系統","attr_type":"私立","beds_approved":"42","target":"養護","licensed_at":"101.09.04","district":"宜蘭市","phone":"03-9359697"}},{"type":"Feature","geometry":{"type":"Point","coordinates":[121.769974,24.703334]},"properties":{"uid":"welfare_05195","name":"財團法人宜蘭縣私立力麗樂活老人長期照顧中心(養護型)","welfare_class":"elderly_residential","address":"宜蘭縣五結鄉中正路三段21號2-6樓","city":"宜蘭縣","coord_source":"tgos_upstream","coord_precision":"upstream","src_datasets":"165355|8572","n_src":2,"sub_code":"T0706","permit_status":"C01","inst_code":"GWG00312025","src_system":"長照機構暨長照人員相關管理資訊系統","attr_type":"私立","beds_approved":"118","target":"養護\n長照","licensed_at":"102.08.21","district":"五結鄉","phone":"03-9650736"}},{"type":"Feature","geometry":{"type":"Point","coordinates":[121.771925,24.706909]},"properties":{"uid":"welfare_05196","name":"宜蘭縣私立桑榆老人長期照顧中心(養護型)","welfare_class":"elderly_residential","address":"宜蘭縣五結鄉中正路三段146巷7號","city":"宜蘭縣","coord_source":"tgos_upstream","coord_precision":"upstream","src_datasets":"165355|8572","n_src":2,"sub_code":"T0706","permit_status":"C01","inst_code":"GWG00312034","src_system":"長照機構暨長照人員相關管理資訊系統","attr_type":"私立","beds_approved":"31","target":"養護","licensed_at":"102.04.12","district":"五結鄉","phone":"03-9659696"}},{"type":"Feature","geometry":{"type":"Point","coordinates":[121.767478,24.674323]},"properties":{"uid":"welfare_05197","name":"宜蘭縣私立品如老人長期照顧中心(養護型)","welfare_class":"elderly_residential","address":"宜蘭縣羅東鎮興東南路232號6樓","city":"宜蘭縣","coord_source":"tgos_upstream","coord_precision":"upstream","src_datasets":"165355|8572","n_src":2,"sub_code":"T0706","permit_status":"C01","inst_code":"GWG00312043","src_system":"長照機構暨長照人員相關管理資訊系統","attr_type":"私立","beds_approved":"47","target":"養護","licensed_at":"103.07.21","district":"羅東鎮","phone":"03-9552378"}},{"type":"Feature","geometry":{"type":"Point","coordinates":[121.767478,24.674323]},"properties":{"uid":"welfare_05198","name":"宜蘭縣私立靜心老人長期照顧中心(養護型)","welfare_class":"elderly_residential","address":"宜蘭縣羅東鎮興東南路232號5樓","city":"宜蘭縣","coord_source":"tgos_upstream","coord_precision":"upstream","src_datasets":"165355|8572","n_src":2,"sub_code":"T0706","permit_status":"C01","inst_code":"GWG00312052","src_system":"長照機構暨長照人員相關管理資訊系統","attr_type":"私立","beds_approved":"47","target":"養護","licensed_at":"104.07.16","district":"羅東鎮","phone":"03-9552379"}},{"type":"Feature","geometry":{"type":"Point","coordinates":[121.756887,24.668572]},"properties":{"uid":"welfare_05199","name":"宜蘭縣私立幸福老人長期照顧中心(養護型)","welfare_class":"elderly_residential","address":"宜蘭縣羅東鎮西安街313號","city":"宜蘭縣","coord_source":"tgos_upstream","coord_precision":"upstream","src_datasets":"165355|8572","n_src":2,"sub_code":"T0706","permit_status":"C01","inst_code":"GWG00312061","src_system":"長照機構暨長照人員相關管理資訊系統","attr_type":"私立","beds_approved":"35","target":"養護","licensed_at":"98.04.21","district":"羅東鎮","phone":"03-9617611"}},{"type":"Feature","geometry":{"type":"Point","coordinates":[121.82198,24.854319]},"properties":{"uid":"welfare_05200","name":"財團法人天主教白永恩神父社會福利基金會附設宜蘭縣私立聖方濟老人長期照顧中心(養護型)","welfare_class":"elderly_residential","address":"宜蘭縣頭城鎮開蘭東路1-1號","city":"宜蘭縣","coord_source":"tgos_upstream","coord_precision":"upstream","src_datasets":"165355|8572","n_src":2,"sub_code":"T0706","permit_status":"C01","inst_code":"GWG00312070","src_system":"長照機構暨長照人員相關管理資訊系統","attr_type":"私立","beds_approved":"40","target":"養護","licensed_at":"80.08.20","district":"頭城鎮","phone":"03-9771132"}},{"type":"Feature","geometry":{"type":"Point","coordinates":[121.635147,24.696822]},"properties":{"uid":"welfare_05201","name":"財團法人宜蘭縣私立鴻德養護院","welfare_class":"elderly_residential","address":"宜蘭縣員山鄉中華村冷水路17號","city":"宜蘭縣","coord_source":"tgos_upstream","coord_precision":"upstream","src_datasets":"165355|8572","n_src":2,"sub_code":"T0706","permit_status":"C01","inst_code":"GWG00312089","src_system":"長照機構暨長照人員相關管理資訊系統","attr_type":"私立","beds_approved":"174","target":"養護","licensed_at":"96.4.18","district":"員山鄉","phone":"03-9231106"}},{"type":"Feature","geometry":{"type":"Point","coordinates":[121.773114,24.668855]},"properties":{"uid":"welfare_05202","name":"宜蘭縣私立禾樂園老人長期照顧中心(養護型)","welfare_class":"elderly_residential","address":"宜蘭縣羅東鎮站前南路11號","city":"宜蘭縣","coord_source":"tgos_upstream","coord_precision":"upstream","src_datasets":"165355|8572","n_src":2,"sub_code":"T0706","permit_status":"C01","inst_code":"GWG00312098","src_system":"長照機構暨長照人員相關管理資訊系統","attr_type":"私立","beds_approved":"48","target":"養護","licensed_at":"105.05.30","district":"羅東鎮","phone":"03-9566651"}},{"type":"Feature","geometry":{"type":"Point","coordinates":[121.768384,24.336024]},"properties":{"uid":"welfare_05203","name":"財團法人宜蘭縣私立天主教弘道仁愛之家","welfare_class":"elderly_residential","address":"宜蘭縣南澳鄉蘇花路2段251號","city":"宜蘭縣","coord_source":"tgos_upstream","coord_precision":"upstream","src_datasets":"165355|8572","n_src":2,"sub_code":"T0708","permit_status":"C01","inst_code":"GWJ00309431","src_system":"長照機構暨長照人員相關管理資訊系統","attr_type":"私立","beds_approved":"36","target":"安養","licensed_at":"73.12.28","district":"南澳鄉","phone":"03-9981059"}},{"type":"Feature","geometry":{"type":"Point","coordinates":[121.742777,24.784054]},"properties":{"uid":"welfare_05204","name":"財團法人宜蘭縣私立蘭陽仁愛之家","welfare_class":"elderly_residential","address":"宜蘭縣礁溪鄉龍潭村龍泉路31路","city":"宜蘭縣","coord_source":"tgos_upstream","coord_precision":"upstream","src_datasets":"165355|8572","n_src":2,"sub_code":"T0708","permit_status":"C01","inst_code":"GWJ00312103","src_system":"長照機構暨長照人員相關管理資訊系統","attr_type":"私立","beds_approved":"60","target":"安養","licensed_at":"51.05.01","district":"礁溪鄉","phone":"03-9283880"}},{"type":"Feature","geometry":{"type":"Point","coordinates":[121.307781,24.996126]},"properties":{"uid":"welfare_05492","name":"桃園市私立慈庭老人長期照顧中心(長期照護型)","welfare_class":"elderly_residential","address":"桃園市桃園區新生路165號6樓之2","city":"桃園市","coord_source":"offline_l2","coord_precision":"exact","src_datasets":"165355|8572","n_src":2,"sub_code":"T0603","permit_status":"C04","inst_code":"HFC00000085","src_system":"無來源系統","attr_type":"私立","beds_approved":"27","target":"長照","licensed_at":"90.10.17","district":"桃園區","phone":"03-3319379"}},{"type":"Feature","geometry":{"type":"Point","coordinates":[121.308361,24.938623]},"properties":{"uid":"welfare_05516","name":"國軍退除役官兵輔導委員會桃園榮譽國民之家","welfare_class":"elderly_residential","uni_no":"4128893","address":"桃園市八德區興豐路1217號","city":"桃園市","coord_source":"tgos_upstream","coord_precision":"upstream","src_datasets":"165355","n_src":1,"sub_code":"T0605","permit_status":"C04","inst_code":"HFE00347160","src_system":"長照機構暨長照人員相關管理資訊系統"}},{"type":"Feature","geometry":{"type":"Point","coordinates":[121.304809,24.938482]},"properties":{"uid":"welfare_05517","name":"國軍退除役官兵輔導委員會八德榮譽國民之家","welfare_class":"elderly_residential","uni_no":"46801026","address":"桃園市八德區榮興路1100號","city":"桃園市","coord_source":"tgos_upstream","coord_precision":"upstream","src_datasets":"165355","n_src":1,"sub_code":"T0605","permit_status":"C04","inst_code":"HFE00347179","src_system":"長照機構暨長照人員相關管理資訊系統"}},{"type":"Feature","geometry":{"type":"Point","coordinates":[121.367932,25.058816]},"properties":{"uid":"welfare_05714","name":"桃園市私立松林老人長期照顧中心（長期照護型）","welfare_class":"elderly_residential","address":"桃園市龜山區復興北路6巷42號","city":"桃園市","coord_source":"tgos_upstream","coord_precision":"upstream","src_datasets":"165355|8572","n_src":2,"sub_code":"T0705","permit_status":"C01","inst_code":"HWF00308570","src_system":"長照機構暨長照人員相關管理資訊系統","attr_type":"私立","beds_approved":"46","target":"長照","licensed_at":"93.04.19","district":"龜山區","phone":"03-3288158"}},{"type":"Feature","geometry":{"type":"Point","coordinates":[121.243362,25.001142]},"properties":{"uid":"welfare_05715","name":"桃園市私立安生老人長期照顧中心(長期照護型)","welfare_class":"elderly_residential","address":"桃園市中壢區內定八街286號","city":"桃園市","coord_source":"tgos_upstream","coord_precision":"upstream","src_datasets":"165355|8572","n_src":2,"sub_code":"T0705","permit_status":"C01","inst_code":"HWF00309416","src_system":"長照機構暨長照人員相關管理資訊系統","attr_type":"私立","beds_approved":"31","target":"長照","licensed_at":"109.01.30","district":"中壢區","phone":"03-4510116"}},{"type":"Feature","geometry":{"type":"Point","coordinates":[121.211166,24.837051]},"properties":{"uid":"welfare_05716","name":"桃園市私立龍祥老人長期照顧中心(長期照護型)","welfare_class":"elderly_residential","address":"桃園市龍潭區高平里高楊南路97-1號1F","city":"桃園市","coord_source":"google","coord_precision":"exact","src_datasets":"165355|8572","n_src":2,"sub_code":"T0705","permit_status":"C01","inst_code":"HWF00310612","src_system":"長照機構暨長照人員相關管理資訊系統","attr_type":"私立","beds_approved":"42","target":"長照","licensed_at":"100.12.13","district":"龍潭區","phone":"03-4719302"}},{"type":"Feature","geometry":{"type":"Point","coordinates":[121.201646,24.832674]},"properties":{"uid":"welfare_05717","name":"桃園市私立厚德老人長期照顧中心(養護型)","welfare_class":"elderly_residential","address":"桃園市龍潭區高原里高原路239號(1-2F)","city":"桃園市","coord_source":"tgos_upstream","coord_precision":"upstream","src_datasets":"165355|8572","n_src":2,"sub_code":"T0706","permit_status":"C01","inst_code":"HWG00304168","src_system":"長照機構暨長照人員相關管理資訊系統","attr_type":"私立","beds_approved":"49","target":"養護      ","licensed_at":"104.09.11","district":"龍潭區","phone":"03-4718866"}},{"type":"Feature","geometry":{"type":"Point","coordinates":[121.314322,24.985099]},"properties":{"uid":"welfare_05718","name":"桃園市私立長安老人長期照顧中心(養護型)","welfare_class":"elderly_residential","address":"桃園市桃園區延平路42號2樓","city":"桃園市","coord_source":"tgos_upstream","coord_precision":"upstream","src_datasets":"165355|8572","n_src":2,"sub_code":"T0706","permit_status":"C01","inst_code":"HWG00305059","src_system":"長照機構暨長照人員相關管理資訊系統","attr_type":"私立","beds_approved":"20","target":"養護","licensed_at":"89.06.29","district":"桃園區","phone":"03-3758059"}},{"type":"Feature","geometry":{"type":"Point","coordinates":[121.318169,24.980719]},"properties":{"uid":"welfare_05719","name":"桃園市私立建元老人長期照顧中心(養護型)","welfare_class":"elderly_residential","address":"桃園市桃園區大豐路56號1-2樓、60、62號1樓","city":"桃園市","coord_source":"tgos_upstream","coord_precision":"upstream","src_datasets":"165355|8572","n_src":2,"sub_code":"T0706","permit_status":"C01","inst_code":"HWG00305068","src_system":"長照機構暨長照人員相關管理資訊系統","attr_type":"私立","beds_approved":"38","target":"養護","licensed_at":"89.08.17","district":"桃園區","phone":"03-3631755"}},{"type":"Feature","geometry":{"type":"Point","coordinates":[121.31671,25.006554]},"properties":{"uid":"welfare_05720","name":"桃園市私立逸園老人長期照顧中心(養護型)","welfare_class":"elderly_residential","address":"桃園市桃園區民富五街5、7號1、2樓、5之2號3樓","city":"桃園市","coord_source":"tgos_upstream","coord_precision":"upstream","src_datasets":"165355|8572","n_src":2,"sub_code":"T0706","permit_status":"C01","inst_code":"HWG00305077","src_system":"長照機構暨長照人員相關管理資訊系統","attr_type":"私立","beds_approved":"48","target":"養護","licensed_at":"100.12.14","district":"桃園區","phone":"03-3319523"}},{"type":"Feature","geometry":{"type":"Point","coordinates":[121.313275,24.979445]},"properties":{"uid":"welfare_05721","name":"桃園市私立康全老人長期照顧中心(養護型)","welfare_class":"elderly_residential","address":"桃園市桃園區樹林四街26號1、2樓(B1)","city":"桃園市","coord_source":"tgos_upstream","coord_precision":"upstream","src_datasets":"165355|8572","n_src":2,"sub_code":"T0706","permit_status":"C01","inst_code":"HWG00305086","src_system":"長照機構暨長照人員相關管理資訊系統","attr_type":"私立","beds_approved":"38","target":"養護","licensed_at":"96.01.22","district":"桃園區","phone":"03-3615577"}},{"type":"Feature","geometry":{"type":"Point","coordinates":[121.292446,24.968297]},"properties":{"uid":"welfare_05722","name":"桃園市私立陽光老人長期照顧中心（養護型）","welfare_class":"elderly_residential","address":"桃園市桃園區國際路一段264號1樓","city":"桃園市","coord_source":"tgos_upstream","coord_precision":"upstream","src_datasets":"165355|8572","n_src":2,"sub_code":"T0706","permit_status":"C01","inst_code":"HWG00305095","src_system":"長照機構暨長照人員相關管理資訊系統","attr_type":"私立","beds_approved":"15","target":"養護","licensed_at":"103.03.04","district":"桃園區","phone":"03-3618728"}},{"type":"Feature","geometry":{"type":"Point","coordinates":[121.300954,25.020409]},"properties":{"uid":"welfare_05723","name":"桃園市私立同安老人長期照顧中心(養護型)","welfare_class":"elderly_residential","address":"桃園市桃園區新埔七街101號1樓","city":"桃園市","coord_source":"tgos_upstream","coord_precision":"upstream","src_datasets":"165355|8572","n_src":2,"sub_code":"T0706","permit_status":"C01","inst_code":"HWG00305103","src_system":"長照機構暨長照人員相關管理資訊系統","attr_type":"私立","beds_approved":"40","target":"養護","licensed_at":"100.05.27","district":"桃園區","phone":"03-3552546"}},{"type":"Feature","geometry":{"type":"Point","coordinates":[121.300954,25.020409]},"properties":{"uid":"welfare_05724","name":"桃園市私立康健老人長期照顧中心(養護型)","welfare_class":"elderly_residential","address":"桃園市桃園區新埔七街101號2、3樓","city":"桃園市","coord_source":"tgos_upstream","coord_precision":"upstream","src_datasets":"165355|8572","n_src":2,"sub_code":"T0706","permit_status":"C01","inst_code":"HWG00305112","src_system":"長照機構暨長照人員相關管理資訊系統","attr_type":"私立","beds_approved":"48","target":"養護","licensed_at":"101.02.21","district":"桃園區","phone":"03-2552638"}},{"type":"Feature","geometry":{"type":"Point","coordinates":[121.290929,25.088602]},"properties":{"uid":"welfare_05725","name":"桃園市蘆竹區老人長期照顧中心(養護型)","welfare_class":"elderly_residential","address":"桃園市蘆竹區山腳里5鄰黃帝街168號","city":"桃園市","coord_source":"tgos_upstream","coord_precision":"upstream","src_datasets":"165355|8572","n_src":2,"sub_code":"T0706","permit_status":"C01","inst_code":"HWG00305121","src_system":"長照機構暨長照人員相關管理資訊系統","attr_type":"私立","beds_approved":"200","target":"養護","licensed_at":"98.02.22","district":"蘆竹區","phone":"03-3245369"}},{"type":"Feature","geometry":{"type":"Point","coordinates":[121.336395,25.063673]},"properties":{"uid":"welfare_05726","name":"桃園市私立台北老人長期照顧中心（養護型）","welfare_class":"elderly_residential","address":"桃園市蘆竹區坑子里13鄰八德一路263號","city":"桃園市","coord_source":"tgos_upstream","coord_precision":"upstream","src_datasets":"165355|8572","n_src":2,"sub_code":"T0706","permit_status":"C01","inst_code":"HWG00305130","src_system":"長照機構暨長照人員相關管理資訊系統","attr_type":"私立","beds_approved":"46","target":"養護","licensed_at":"91.06.12","district":"蘆竹區","phone":"03-3246538"}},{"type":"Feature","geometry":{"type":"Point","coordinates":[121.268838,25.00737]},"properties":{"uid":"welfare_05727","name":"桃園市私立友愛老人長期照顧中心（養護型）","welfare_class":"elderly_residential","address":"桃園市蘆竹區新興街273巷63號、65號1樓","city":"桃園市","coord_source":"tgos_upstream","coord_precision":"upstream","src_datasets":"165355|8572","n_src":2,"sub_code":"T0706","permit_status":"C01","inst_code":"HWG00305149","src_system":"長照機構暨長照人員相關管理資訊系統","attr_type":"私立","beds_approved":"47","target":"養護","licensed_at":"89.07.13","district":"蘆竹區","phone":"03-3027510"}},{"type":"Feature","geometry":{"type":"Point","coordinates":[121.201533,25.080314]},"properties":{"uid":"welfare_05728","name":"桃園市私立大園老人長期照顧中心（養護型）","welfare_class":"elderly_residential","address":"桃園市大園區圳頭里6鄰圳頭路342號","city":"桃園市","coord_source":"tgos_upstream","coord_precision":"upstream","src_datasets":"165355|8572","n_src":2,"sub_code":"T0706","permit_status":"C01","inst_code":"HWG00305158","src_system":"長照機構暨長照人員相關管理資訊系統","attr_type":"私立","beds_approved":"44","target":"養護","licensed_at":"90.06.20","district":"大園區","phone":"03-3864499"}},{"type":"Feature","geometry":{"type":"Point","coordinates":[121.197397,25.054314]},"properties":{"uid":"welfare_05729","name":"桃園市私立長青老人長期照顧中心（養護型）","welfare_class":"elderly_residential","address":"桃園市大園區田心里華興路1段81號","city":"桃園市","coord_source":"tgos_upstream","coord_precision":"upstream","src_datasets":"165355|8572","n_src":2,"sub_code":"T0706","permit_status":"C01","inst_code":"HWG00305167","src_system":"長照機構暨長照人員相關管理資訊系統","attr_type":"私立","beds_approved":"49","target":"養護","licensed_at":"96.08.21","district":"大園區","phone":"03-3861559"}},{"type":"Feature","geometry":{"type":"Point","coordinates":[121.361431,25.058168]},"properties":{"uid":"welfare_05730","name":"桃園市私立祥安老人長期照顧中心（養護型）","welfare_class":"elderly_residential","address":"桃園市龜山區文化三路78巷30弄26號","city":"桃園市","coord_source":"tgos_upstream","coord_precision":"upstream","src_datasets":"165355|8572","n_src":2,"sub_code":"T0706","permit_status":"C01","inst_code":"HWG00305176","src_system":"長照機構暨長照人員相關管理資訊系統","attr_type":"私立","beds_approved":"46","target":"養護","licensed_at":"89.04.10","district":"龜山區","phone":"03-3975862"}},{"type":"Feature","geometry":{"type":"Point","coordinates":[121.356593,25.001283]},"properties":{"uid":"welfare_05731","name":"桃園市私立慈慧老人長期照顧中心（養護型）","welfare_class":"elderly_residential","address":"桃園市龜山區萬壽路二段345號","city":"桃園市","coord_source":"tgos_upstream","coord_precision":"upstream","src_datasets":"165355|8572","n_src":2,"sub_code":"T0706","permit_status":"C01","inst_code":"HWG00305185","src_system":"長照機構暨長照人員相關管理資訊系統","attr_type":"私立","beds_approved":"19","target":"養護","licensed_at":"89.06.29","district":"龜山區","phone":"03-3194922"}},{"type":"Feature","geometry":{"type":"Point","coordinates":[121.338065,25.060993]},"properties":{"uid":"welfare_05732","name":"桃園市私立吳木同老人長期照顧中心（養護型）","welfare_class":"elderly_residential","address":"桃園市龜山區大坑里17鄰陳厝坑路395號","city":"桃園市","coord_source":"tgos_upstream","coord_precision":"upstream","src_datasets":"165355|8572","n_src":2,"sub_code":"T0706","permit_status":"C01","inst_code":"HWG00305194","src_system":"長照機構暨長照人員相關管理資訊系統","attr_type":"私立","beds_approved":"49","target":"養護","licensed_at":"91.07.03","district":"龜山區","phone":"03-3161021"}},{"type":"Feature","geometry":{"type":"Point","coordinates":[121.407104,25.017842]},"properties":{"uid":"welfare_05733","name":"桃園市私立真愛老人長期照顧中心（養護型）","welfare_class":"elderly_residential","address":"桃園市龜山區萬壽路一段163號3樓之1、之2","city":"桃園市","coord_source":"tgos_upstream","coord_precision":"upstream","src_datasets":"165355|8572","n_src":2,"sub_code":"T0706","permit_status":"C01","inst_code":"HWG00305202","src_system":"長照機構暨長照人員相關管理資訊系統","attr_type":"私立","beds_approved":"32","target":"養護","licensed_at":"98.04.03","district":"龜山區","phone":"02-82000148"}},{"type":"Feature","geometry":{"type":"Point","coordinates":[121.236016,24.873315]},"properties":{"uid":"welfare_05734","name":"桃園市私立佳心老人長期照顧中心(養護型)","welfare_class":"elderly_residential","address":"桃園市龍潭區中興路211巷30號(1-3F)","city":"桃園市","coord_source":"tgos_upstream","coord_precision":"upstream","src_datasets":"165355|8572","n_src":2,"sub_code":"T0706","permit_status":"C01","inst_code":"HWG00305211","src_system":"長照機構暨長照人員相關管理資訊系統","attr_type":"私立","beds_approved":"42","target":"養護      ","licensed_at":"88.11.05","district":"龍潭區","phone":"03-4995577"}},{"type":"Feature","geometry":{"type":"Point","coordinates":[121.237782,24.845538]},"properties":{"uid":"welfare_05735","name":"桃園市私立慈航老人長期照顧中心(養護型)","welfare_class":"elderly_residential","address":"桃園市龍潭區富林里中正路三林段619巷3號(1-2F)","city":"桃園市","coord_source":"tgos_upstream","coord_precision":"upstream","src_datasets":"165355|8572","n_src":2,"sub_code":"T0706","permit_status":"C01","inst_code":"HWG00305220","src_system":"長照機構暨長照人員相關管理資訊系統","attr_type":"私立","beds_approved":"43","target":"養護       長照","licensed_at":"92.02.23","district":"龍潭區","phone":"03-4097532"}},{"type":"Feature","geometry":{"type":"Point","coordinates":[121.212838,24.864139]},"properties":{"uid":"welfare_05736","name":"桃園市私立庭園老人長期照顧中心（養護型）","welfare_class":"elderly_residential","address":"桃園市龍潭區南龍路42號1F","city":"桃園市","coord_source":"tgos_upstream","coord_precision":"upstream","src_datasets":"165355|8572","n_src":2,"sub_code":"T0706","permit_status":"C01","inst_code":"HWG00305239","src_system":"長照機構暨長照人員相關管理資訊系統、無來源系統","attr_type":"私立","beds_approved":"36","target":"養護       長照","licensed_at":"97.03.24","district":"龍潭區","phone":"03-4991812"}},{"type":"Feature","geometry":{"type":"Point","coordinates":[121.237136,24.838096]},"properties":{"uid":"welfare_05737","name":"財團法人桃園市私立佳安老人長期照顧中心(養護型)","welfare_class":"elderly_residential","address":"桃園市龍潭區佳安西路4巷101號(1-6F)","city":"桃園市","coord_source":"tgos_upstream","coord_precision":"upstream","src_datasets":"165355|8572","n_src":2,"sub_code":"T0706","permit_status":"C01","inst_code":"HWG00305248","src_system":"長照機構暨長照人員相關管理資訊系統","attr_type":"私立","beds_approved":"124","target":"養護","licensed_at":"101.02.17","district":"龍潭區","phone":"03-4111111"}},{"type":"Feature","geometry":{"type":"Point","coordinates":[121.237348,24.884322]},"properties":{"uid":"welfare_05738","name":"桃園市私立慈園老人長期照顧中心(養護型)","welfare_class":"elderly_residential","address":"桃園市龍潭區武中路558號","city":"桃園市","coord_source":"tgos_upstream","coord_precision":"upstream","src_datasets":"165355|8572","n_src":2,"sub_code":"T0706","permit_status":"C01","inst_code":"HWG00305257","src_system":"長照機構暨長照人員相關管理資訊系統","attr_type":"私立","beds_approved":"43","target":"養護","licensed_at":"102.05.07","district":"龍潭區","phone":"03-4700766"}},{"type":"Feature","geometry":{"type":"Point","coordinates":[121.14857,24.951723]},"properties":{"uid":"welfare_05739","name":"桃園市私立欣園老人長期照顧中心(養護型)","welfare_class":"elderly_residential","address":"桃園市新屋區頭洲里梅高路三段八號1F-2F","city":"桃園市","coord_source":"tgos_upstream","coord_precision":"upstream","src_datasets":"165355|8572","n_src":2,"sub_code":"T0706","permit_status":"C01","inst_code":"HWG00305266","src_system":"長照機構暨長照人員相關管理資訊系統","attr_type":"私立","beds_approved":"31","target":"養護","licensed_at":"97.01.24","district":"新屋區","phone":"03-4207286"}},{"type":"Feature","geometry":{"type":"Point","coordinates":[121.304092,25.020583]},"properties":{"uid":"welfare_05740","name":"桃園市私立宜家老人長期照顧中心(養護型)","welfare_class":"elderly_residential","address":"桃園市桃園區經國路242號2樓","city":"桃園市","coord_source":"tgos_upstream","coord_precision":"upstream","src_datasets":"165355|8572","n_src":2,"sub_code":"T0706","permit_status":"C01","inst_code":"HWG00305275","src_system":"長照機構暨長照人員相關管理資訊系統","attr_type":"私立","beds_approved":"49","target":"養護","licensed_at":"101.02.29","district":"桃園區","phone":"03-3568881"}},{"type":"Feature","geometry":{"type":"Point","coordinates":[121.212689,24.864792]},"properties":{"uid":"welfare_05741","name":"桃園市私立愛心老人長期照顧中心(養護型)","welfare_class":"elderly_residential","address":"桃園市龍潭區龍元路45號1樓","city":"桃園市","coord_source":"tgos_upstream","coord_precision":"upstream","src_datasets":"165355|8572","n_src":2,"sub_code":"T0706","permit_status":"C01","inst_code":"HWG00305284","src_system":"長照機構暨長照人員相關管理資訊系統","attr_type":"私立","beds_approved":"22","target":"養護","licensed_at":"104.11.09","district":"龍潭區","phone":"03-4990650"}},{"type":"Feature","geometry":{"type":"Point","coordinates":[121.267692,24.991612]},"properties":{"uid":"welfare_05742","name":"桃園市私立馨禾老人長期照顧中心（養護型）","welfare_class":"elderly_residential","address":"桃園市蘆竹區文中路一段108號","city":"桃園市","coord_source":"tgos_upstream","coord_precision":"upstream","src_datasets":"165355|8572","n_src":2,"sub_code":"T0706","permit_status":"C01","inst_code":"HWG00305293","src_system":"長照機構暨長照人員相關管理資訊系統","attr_type":"私立","beds_approved":"49","target":"養護","licensed_at":"103.10.07","district":"蘆竹區","phone":"03-3782533"}},{"type":"Feature","geometry":{"type":"Point","coordinates":[121.203886,24.910913]},"properties":{"uid":"welfare_05743","name":"桃園市私立平鎮老人長期照顧中心(養護型)","welfare_class":"elderly_residential","address":"桃園市平鎮區平南里35鄰開封街77號","city":"桃園市","coord_source":"tgos_upstream","coord_precision":"upstream","src_datasets":"165355|8572","n_src":2,"sub_code":"T0706","permit_status":"C01","inst_code":"HWG00305301","src_system":"長照機構暨長照人員相關管理資訊系統","attr_type":"私立","beds_approved":"42","target":"養護","licensed_at":"106.1.26","district":"平鎮區","phone":"03-4398361"}},{"type":"Feature","geometry":{"type":"Point","coordinates":[121.312478,24.996141]},"properties":{"uid":"welfare_05744","name":"桃園市私立民享老人長期照顧中心(養護型)","welfare_class":"elderly_residential","address":"桃園市桃園區民生路290號","city":"桃園市","coord_source":"tgos_upstream","coord_precision":"upstream","src_datasets":"165355|8572","n_src":2,"sub_code":"T0706","permit_status":"C01","inst_code":"HWG00308047","src_system":"長照機構暨長照人員相關管理資訊系統","attr_type":"私立","beds_approved":"39","target":"養護","licensed_at":"106.7.11","district":"桃園區","phone":"03-3350800"}},{"type":"Feature","geometry":{"type":"Point","coordinates":[121.172777,24.992204]},"properties":{"uid":"welfare_05745","name":"桃園市私立賀立安老人長期照顧中心(養護型)","welfare_class":"elderly_residential","uni_no":"82212164","address":"桃園市中壢區中正路四段594號8樓596號8樓9樓","city":"桃園市","coord_source":"tgos_upstream","coord_precision":"upstream","src_datasets":"165355","n_src":1,"sub_code":"T0706","permit_status":"C01","inst_code":"HWG00308461","src_system":"長照機構暨長照人員相關管理資訊系統"}},{"type":"Feature","geometry":{"type":"Point","coordinates":[121.29598,25.02353]},"properties":{"uid":"welfare_05746","name":"桃園市私立莊敬園老人長期照顧中心(養護型)","welfare_class":"elderly_residential","address":"桃園市桃園區莊敬路1段375號3樓","city":"桃園市","coord_source":"tgos_upstream","coord_precision":"upstream","src_datasets":"165355|8572","n_src":2,"sub_code":"T0706","permit_status":"C01","inst_code":"HWG00308470","src_system":"長照機構暨長照人員相關管理資訊系統","attr_type":"私立","beds_approved":"49","target":"養護","licensed_at":"106.9.7","district":"桃園區","phone":"03-3250813"}},{"type":"Feature","geometry":{"type":"Point","coordinates":[121.267675,25.005144]},"properties":{"uid":"welfare_05747","name":"桃園市私立友德老人長期照顧中心(養護型)","welfare_class":"elderly_residential","address":"桃園市蘆竹區新興街273巷63、65號2樓","city":"桃園市","coord_source":"tgos_upstream","coord_precision":"upstream","src_datasets":"165355|8572","n_src":2,"sub_code":"T0706","permit_status":"C01","inst_code":"HWG00308498","src_system":"長照機構暨長照人員相關管理資訊系統","attr_type":"私立","beds_approved":"49","target":"養護","licensed_at":"106.11.02","district":"蘆竹區","phone":"03-3029320"}},{"type":"Feature","geometry":{"type":"Point","coordinates":[121.292409,25.013781]},"properties":{"uid":"welfare_05748","name":"桃園市私立逸慈老人長期照顧中心(養護型)","welfare_class":"elderly_residential","address":"桃園市桃園區寶慶路201號","city":"桃園市","coord_source":"tgos_upstream","coord_precision":"upstream","src_datasets":"165355|8572","n_src":2,"sub_code":"T0706","permit_status":"C01","inst_code":"HWG00308542","src_system":"長照機構暨長照人員相關管理資訊系統","attr_type":"私立","beds_approved":"49","target":"安養       養護","licensed_at":"91.03.04","district":"桃園區","phone":"03-3015051"}},{"type":"Feature","geometry":{"type":"Point","coordinates":[121.297262,24.859741]},"properties":{"uid":"welfare_05749","name":"桃園市私立眾生老人長期照顧中心(養護型)","welfare_class":"elderly_residential","address":"桃園市大溪區福安里順和路65號","city":"桃園市","coord_source":"tgos_upstream","coord_precision":"upstream","src_datasets":"165355|8572","n_src":2,"sub_code":"T0706","permit_status":"C01","inst_code":"HWG00308551","src_system":"長照機構暨長照人員相關管理資訊系統","attr_type":"私立","beds_approved":"49","target":"養護","licensed_at":"103.06.12","district":"大溪區","phone":"03-3887167"}},{"type":"Feature","geometry":{"type":"Point","coordinates":[121.317437,24.994437]},"properties":{"uid":"welfare_05750","name":"財團法人台灣省私立桃園仁愛之家附設成功老人養護中心","welfare_class":"elderly_residential","uni_no":"43502806","address":"桃園市桃園區東門里成功路二段99號","city":"桃園市","coord_source":"tgos_upstream","coord_precision":"upstream","src_datasets":"165355","n_src":1,"sub_code":"T0706","permit_status":"C01","inst_code":"HWG00308713","src_system":"長照機構暨長照人員相關管理資訊系統"}},{"type":"Feature","geometry":{"type":"Point","coordinates":[121.356684,25.001283]},"properties":{"uid":"welfare_05751","name":"桃園市私立宥恩老人長期照顧中心（養護型）","welfare_class":"elderly_residential","address":"桃園市龜山區萬壽路2段343號3樓","city":"桃園市","coord_source":"tgos_upstream","coord_precision":"upstream","src_datasets":"165355|8572","n_src":2,"sub_code":"T0706","permit_status":"C01","inst_code":"HWG00308731","src_system":"長照機構暨長照人員相關管理資訊系統","attr_type":"私立","beds_approved":"31","target":"養護","licensed_at":"105.10.14","district":"龜山區","phone":"03-3191665"}},{"type":"Feature","geometry":{"type":"Point","coordinates":[121.316188,24.99126]},"properties":{"uid":"welfare_05752","name":"桃園市私立吉安老人長期照顧中心(養護型)","welfare_class":"elderly_residential","address":"桃園市桃園區朝陽街二段26、28號","city":"桃園市","coord_source":"tgos_upstream","coord_precision":"upstream","src_datasets":"165355|8572","n_src":2,"sub_code":"T0706","permit_status":"C01","inst_code":"HWG00308759","src_system":"長照機構暨長照人員相關管理資訊系統","attr_type":"私立","beds_approved":"34","target":"養護","licensed_at":"103.08.12","district":"桃園區","phone":"03-3345631"}},{"type":"Feature","geometry":{"type":"Point","coordinates":[121.316188,24.99126]},"properties":{"uid":"welfare_05753","name":"桃園市私立禾安老人長期照顧中心(養護型)","welfare_class":"elderly_residential","address":"桃園市桃園區武陵里9鄰朝陽街2段26、28號2樓","city":"桃園市","coord_source":"tgos_upstream","coord_precision":"upstream","src_datasets":"165355|8572","n_src":2,"sub_code":"T0706","permit_status":"C01","inst_code":"HWG00308768","src_system":"長照機構暨長照人員相關管理資訊系統","attr_type":"私立","beds_approved":"49","target":"養護","licensed_at":"106.9.7","district":"桃園區","phone":"03-3329899"}},{"type":"Feature","geometry":{"type":"Point","coordinates":[121.088477,24.97143]},"properties":{"uid":"welfare_05754","name":"桃園市私立博愛老人長期照顧中心(養護型)","welfare_class":"elderly_residential","address":"桃園市新屋區東明里上庄子5之5號","city":"桃園市","coord_source":"tgos_upstream","coord_precision":"upstream","src_datasets":"165355|8572","n_src":2,"sub_code":"T0706","permit_status":"C01","inst_code":"HWG00308939","src_system":"長照機構暨長照人員相關管理資訊系統","attr_type":"私立","beds_approved":"48","target":"養護","licensed_at":"106.01.12","district":"新屋區","phone":"03-4775570"}},{"type":"Feature","geometry":{"type":"Point","coordinates":[121.318606,24.974231]},"properties":{"uid":"welfare_05755","name":"桃園市私立坤宏老人長期照顧中心(養護型)","welfare_class":"elderly_residential","address":"桃園市桃園區大樹里2鄰樹仁三街218號","city":"桃園市","coord_source":"tgos_upstream","coord_precision":"upstream","src_datasets":"165355|8572","n_src":2,"sub_code":"T0706","permit_status":"C01","inst_code":"HWG00308957","src_system":"長照機構暨長照人員相關管理資訊系統","attr_type":"私立","beds_approved":"49","target":"養護","licensed_at":"108.01.31","district":"桃園區","phone":"03-3670286"}},{"type":"Feature","geometry":{"type":"Point","coordinates":[121.285589,25.033757]},"properties":{"uid":"welfare_05756","name":"桃園市私立海森老人長期照顧中心(養護型)","welfare_class":"elderly_residential","address":"桃園市蘆竹區蘆興里3鄰蘆興南路403巷26號","city":"桃園市","coord_source":"tgos_upstream","coord_precision":"upstream","src_datasets":"165355|8572","n_src":2,"sub_code":"T0706","permit_status":"C01","inst_code":"HWG00309389","src_system":"長照機構暨長照人員相關管理資訊系統","attr_type":"私立","beds_approved":"49","target":"養護","licensed_at":"108.03.28","district":"蘆竹區","phone":"03-3228886"}},{"type":"Feature","geometry":{"type":"Point","coordinates":[121.031739,24.987756]},"properties":{"uid":"welfare_05757","name":"桃園市私立泰安老人長期照顧中心(養護型)","welfare_class":"elderly_residential","address":"桃園市新屋區永安里中山西路三段603巷36號","city":"桃園市","coord_source":"tgos_upstream","coord_precision":"upstream","src_datasets":"165355|8572","n_src":2,"sub_code":"T0706","permit_status":"C01","inst_code":"HWG00309497","src_system":"長照機構暨長照人員相關管理資訊系統","attr_type":"私立","beds_approved":"48","target":"養護","licensed_at":"109.12.28","district":"新屋區","phone":"03-4861967"}},{"type":"Feature","geometry":{"type":"Point","coordinates":[121.179708,24.832943]},"properties":{"uid":"welfare_05758","name":"財團法人天下為公社會福利基金會附設桃園市私立龍潭老人長期照顧中心(養護型)","welfare_class":"elderly_residential","address":"桃園市龍潭區高原里8鄰南坑路3-5號1-4樓","city":"桃園市","coord_source":"tgos_upstream","coord_precision":"upstream","src_datasets":"165355|8572","n_src":2,"sub_code":"T0706","permit_status":"C01","inst_code":"HWG00310521","src_system":"長照機構暨長照人員相關管理資訊系統","attr_type":"私立","beds_approved":"141","target":"養護","licensed_at":"105.07.18","district":"龍潭區","phone":"03-4116889"}},{"type":"Feature","geometry":{"type":"Point","coordinates":[121.25342,24.965312]},"properties":{"uid":"welfare_05759","name":"桃園市私立慈恩老人長期照顧中心(養護型)","welfare_class":"elderly_residential","address":"桃園市中壢區自立里自立三街二巷16、18號(1-3F)","city":"桃園市","coord_source":"tgos_upstream","coord_precision":"upstream","src_datasets":"165355|8572","n_src":2,"sub_code":"T0706","permit_status":"C01","inst_code":"HWG00310530","src_system":"長照機構暨長照人員相關管理資訊系統","attr_type":"私立","beds_approved":"28","target":"養護","licensed_at":"89.01.29","district":"中壢區","phone":"03-4558858"}},{"type":"Feature","geometry":{"type":"Point","coordinates":[121.304146,25.020605]},"properties":{"uid":"welfare_05760","name":"桃園市私立台大老人長期照顧中心(養護型)","welfare_class":"elderly_residential","address":"桃園市桃園區經國路242號4樓","city":"桃園市","coord_source":"tgos_upstream","coord_precision":"upstream","src_datasets":"165355|8572","n_src":2,"sub_code":"T0706","permit_status":"C01","inst_code":"HWG00310549","src_system":"長照機構暨長照人員相關管理資訊系統","attr_type":"私立","beds_approved":"49","target":"養護","licensed_at":"91.06.25","district":"桃園區","phone":"03-3555036"}},{"type":"Feature","geometry":{"type":"Point","coordinates":[121.317759,24.995805]},"properties":{"uid":"welfare_05761","name":"桃園市私立恩澤老人長期照顧中心(養護型)","welfare_class":"elderly_residential","address":"桃園市桃園區中央街26號1樓","city":"桃園市","coord_source":"tgos_upstream","coord_precision":"upstream","src_datasets":"165355|8572","n_src":2,"sub_code":"T0706","permit_status":"C01","inst_code":"HWG00310558","src_system":"長照機構暨長照人員相關管理資訊系統","attr_type":"私立","beds_approved":"41","target":"養護","licensed_at":"104.11.23","district":"桃園區","phone":"03-3333636"}},{"type":"Feature","geometry":{"type":"Point","coordinates":[121.257311,24.963915]},"properties":{"uid":"welfare_05762","name":"桃園市私立長祐老人長期照顧中心(養護型)","welfare_class":"elderly_residential","address":"桃園市中壢區環中東路188號、190號2樓","city":"桃園市","coord_source":"tgos_upstream","coord_precision":"upstream","src_datasets":"165355|8572","n_src":2,"sub_code":"T0706","permit_status":"C01","inst_code":"HWG00310567","src_system":"長照機構暨長照人員相關管理資訊系統","attr_type":"私立","beds_approved":"46","target":"養護        ","licensed_at":"95.03.28","district":"中壢區","phone":"03-4356337"}},{"type":"Feature","geometry":{"type":"Point","coordinates":[121.104755,24.966681]},"properties":{"uid":"welfare_05763","name":"桃園市私立龍德老人長期照顧中心（養護型）","welfare_class":"elderly_residential","address":"桃園市新屋區三民路265巷68號1F","city":"桃園市","coord_source":"tgos_upstream","coord_precision":"upstream","src_datasets":"165355|8572","n_src":2,"sub_code":"T0706","permit_status":"C01","inst_code":"HWG00310576","src_system":"長照機構暨長照人員相關管理資訊系統","attr_type":"私立","beds_approved":"49","target":"養護       ","licensed_at":"98.04.23","district":"新屋區","phone":"03-4970361"}},{"type":"Feature","geometry":{"type":"Point","coordinates":[121.299941,24.96385]},"properties":{"uid":"welfare_05764","name":"桃園市私立八德老人長期照顧中心(養護型)","welfare_class":"elderly_residential","address":"桃園市八德區大智里介壽路一段758巷8號","city":"桃園市","coord_source":"tgos_upstream","coord_precision":"upstream","src_datasets":"165355|8572","n_src":2,"sub_code":"T0706","permit_status":"C01","inst_code":"HWG00310585","src_system":"長照機構暨長照人員相關管理資訊系統","attr_type":"私立","beds_approved":"40","target":"養護       長照","licensed_at":"93.12.24","district":"八德區","phone":"03-2182128"}},{"type":"Feature","geometry":{"type":"Point","coordinates":[121.307878,24.995982]},"properties":{"uid":"welfare_05765","name":"桃園市私立家悅老人長期照顧中心(養護型)","welfare_class":"elderly_residential","address":"桃園市桃園區新生路165號5樓之2","city":"桃園市","coord_source":"tgos_upstream","coord_precision":"upstream","src_datasets":"165355|8572","n_src":2,"sub_code":"T0706","permit_status":"C01","inst_code":"HWG00310594","src_system":"長照機構暨長照人員相關管理資訊系統","attr_type":"私立","beds_approved":"49","target":"養護","licensed_at":"96.02.07","district":"桃園區","phone":"03-3342139"}},{"type":"Feature","geometry":{"type":"Point","coordinates":[121.307878,24.995982]},"properties":{"uid":"welfare_05766","name":"桃園市私立康益老人長期照顧中心(養護型)","welfare_class":"elderly_residential","address":"桃園市桃園區新生路165號5樓之1","city":"桃園市","coord_source":"tgos_upstream","coord_precision":"upstream","src_datasets":"165355|8572","n_src":2,"sub_code":"T0706","permit_status":"C01","inst_code":"HWG00310602","src_system":"長照機構暨長照人員相關管理資訊系統","attr_type":"私立","beds_approved":"21","target":"養護","licensed_at":"105.10.19","district":"桃園區","phone":"03-3347259"}},{"type":"Feature","geometry":{"type":"Point","coordinates":[121.360563,25.055339]},"properties":{"uid":"welfare_05767","name":"桃園市私立愈健老人長期照顧中心(養護型)","welfare_class":"elderly_residential","address":"桃園市龜山區大湖里文三三街5巷5號","city":"桃園市","coord_source":"offline_l2","coord_precision":"exact","src_datasets":"165355|8572","n_src":2,"sub_code":"T0706","permit_status":"C01","inst_code":"HWG00310620","src_system":"長照機構暨長照人員相關管理資訊系統","attr_type":"私立","beds_approved":"49","target":"養護       ","licensed_at":"90.09.03","district":"龜山區","phone":"03-3181946"}},{"type":"Feature","geometry":{"type":"Point","coordinates":[121.307878,24.995982]},"properties":{"uid":"welfare_05768","name":"桃園市私立慈家老人長期照顧中心(養護型)","welfare_class":"elderly_residential","address":"桃園市桃園區新生路165號6樓之1","city":"桃園市","coord_source":"tgos_upstream","coord_precision":"upstream","src_datasets":"165355|8572","n_src":2,"sub_code":"T0706","permit_status":"C01","inst_code":"HWG00310639","src_system":"無來源系統、長照機構暨長照人員相關管理資訊系統","attr_type":"私立","beds_approved":"40","target":"養護","licensed_at":"90.08.27","district":"桃園區","phone":"03-3331155"}},{"type":"Feature","geometry":{"type":"Point","coordinates":[121.185548,24.924562]},"properties":{"uid":"welfare_05769","name":"財團法人台灣省私立桃園仁愛之家","welfare_class":"elderly_residential","address":"桃園市楊梅區高榮里14鄰梅獅路539巷3號","city":"桃園市","coord_source":"tgos_upstream","coord_precision":"upstream","src_datasets":"165355|8572","n_src":2,"sub_code":"T0706","permit_status":"C01","inst_code":"HWG00310648","src_system":"長照機構暨長照人員相關管理資訊系統","attr_type":"私立","beds_approved":"403","target":"安養       養護","licensed_at":"66.05","district":"楊梅區","phone":"03-4643385"}},{"type":"Feature","geometry":{"type":"Point","coordinates":[121.23074,24.911304]},"properties":{"uid":"welfare_05770","name":"桃園市私立瑞生老人長期照顧中心(養護型)","welfare_class":"elderly_residential","address":"桃園市平鎮區金陵路五段32之1號.32之2號(1-2F)","city":"桃園市","coord_source":"tgos_upstream","coord_precision":"upstream","src_datasets":"165355|8572","n_src":2,"sub_code":"T0706","permit_status":"C01","inst_code":"HWG00310657","src_system":"長照機構暨長照人員相關管理資訊系統","attr_type":"私立","beds_approved":"42","target":"養護        長照","licensed_at":"97.07.29","district":"平鎮區","phone":"03-4502966"}},{"type":"Feature","geometry":{"type":"Point","coordinates":[121.221342,24.929358]},"properties":{"uid":"welfare_05771","name":"財團法人桃園市私立國宏老人長期照顧中心（養護型）","welfare_class":"elderly_residential","address":"桃園市平鎮區北貴里20鄰關爺東路19-5號(1-2F、B1)","city":"桃園市","coord_source":"tgos_upstream","coord_precision":"upstream","src_datasets":"165355|8572","n_src":2,"sub_code":"T0706","permit_status":"C01","inst_code":"HWG00310666","src_system":"無來源系統、長照機構暨長照人員相關管理資訊系統","attr_type":"私立","beds_approved":"93","target":"養護","licensed_at":"91.06.17","district":"平鎮區","phone":"03-4582977"}},{"type":"Feature","geometry":{"type":"Point","coordinates":[121.157357,24.908376]},"properties":{"uid":"welfare_05772","name":"桃園市私立雲鵬老人長期照顧中心(養護型)","welfare_class":"elderly_residential","address":"桃園市楊梅區中山北路一段319號","city":"桃園市","coord_source":"tgos_upstream","coord_precision":"upstream","src_datasets":"165355|8572","n_src":2,"sub_code":"T0706","permit_status":"C01","inst_code":"HWG00310675","src_system":"長照機構暨長照人員相關管理資訊系統","attr_type":"私立","beds_approved":"49","target":"養護","licensed_at":"104.4.24","district":"楊梅區","phone":"03-4881300"}},{"type":"Feature","geometry":{"type":"Point","coordinates":[121.239028,24.847745]},"properties":{"uid":"welfare_05773","name":"財團法人桃園市私立怡德老人長期照顧中心(養護型)","welfare_class":"elderly_residential","address":"桃園市龍潭區中正路三林段619巷105號(1-4F、B1)","city":"桃園市","coord_source":"tgos_upstream","coord_precision":"upstream","src_datasets":"165355|8572","n_src":2,"sub_code":"T0706","permit_status":"C01","inst_code":"HWG00310684","src_system":"長照機構暨長照人員相關管理資訊系統、無來源系統","attr_type":"私立","beds_approved":"200","target":"養護       長照","licensed_at":"93.10.15","district":"龍潭區","phone":"03-4092468"}},{"type":"Feature","geometry":{"type":"Point","coordinates":[121.356593,25.001283]},"properties":{"uid":"welfare_05774","name":"桃園市私立友緣老人長期照顧中心（養護型）","welfare_class":"elderly_residential","address":"桃園市龜山區萬壽路2段345號3樓","city":"桃園市","coord_source":"tgos_upstream","coord_precision":"upstream","src_datasets":"165355|8572","n_src":2,"sub_code":"T0706","permit_status":"C01","inst_code":"HWG00310693","src_system":"長照機構暨長照人員相關管理資訊系統","attr_type":"私立","beds_approved":"39","target":"養護","licensed_at":"97.09.25","district":"龜山區","phone":"03-3195969"}},{"type":"Feature","geometry":{"type":"Point","coordinates":[121.077879,24.93127]},"properties":{"uid":"welfare_05775","name":"桃園市私立富佑老人長期照顧中心(養護型)","welfare_class":"elderly_residential","address":"桃園市楊梅區富豐南路418號","city":"桃園市","coord_source":"tgos_upstream","coord_precision":"upstream","src_datasets":"165355|8572","n_src":2,"sub_code":"T0706","permit_status":"C01","inst_code":"HWG00310701","src_system":"長照機構暨長照人員相關管理資訊系統","attr_type":"私立","beds_approved":"49","target":"養護","licensed_at":"103.2.21","district":"楊梅區","phone":"03-4721972"}},{"type":"Feature","geometry":{"type":"Point","coordinates":[121.262818,24.965001]},"properties":{"uid":"welfare_05776","name":"桃園市私立東陽老人長期照顧中心(養護型)","welfare_class":"elderly_residential","address":"桃園市中壢區內壢興仁路二段152之2號","city":"桃園市","coord_source":"tgos_upstream","coord_precision":"upstream","src_datasets":"165355|8572","n_src":2,"sub_code":"T0706","permit_status":"C01","inst_code":"HWG00310710","src_system":"長照機構暨長照人員相關管理資訊系統","attr_type":"私立","beds_approved":"48","target":"養護      ","licensed_at":"88.10.26","district":"中壢區","phone":"03-2850571"}},{"type":"Feature","geometry":{"type":"Point","coordinates":[121.302977,25.007885]},"properties":{"uid":"welfare_05777","name":"桃園市私立陽光空氣水老人長期照顧中心(養護型)","welfare_class":"elderly_residential","address":"桃園市桃園區中正路720之7號8樓","city":"桃園市","coord_source":"tgos_upstream","coord_precision":"upstream","src_datasets":"165355|8572","n_src":2,"sub_code":"T0706","permit_status":"C01","inst_code":"HWG00310729","src_system":"長照機構暨長照人員相關管理資訊系統","attr_type":"私立","beds_approved":"48","target":"養護","licensed_at":"105.12.6","district":"桃園區","phone":"03-3588966"}},{"type":"Feature","geometry":{"type":"Point","coordinates":[121.289145,24.882185]},"properties":{"uid":"welfare_05778","name":"桃園市私立大溪老人長期照顧中心(養護型)","welfare_class":"elderly_residential","address":"桃園市大溪區慈湖路85號4樓","city":"桃園市","coord_source":"tgos_upstream","coord_precision":"upstream","src_datasets":"165355|8572","n_src":2,"sub_code":"T0706","permit_status":"C01","inst_code":"HWG00310738","src_system":"長照機構暨長照人員相關管理資訊系統","attr_type":"私立","beds_approved":"43","target":"養護","licensed_at":"104.09.21","district":"大溪區","phone":"03-3870119"}},{"type":"Feature","geometry":{"type":"Point","coordinates":[120.43825,23.457599]},"properties":{"uid":"welfare_05914","name":"嘉義市私立安心老人長期照顧中心（長期照護型）","welfare_class":"elderly_residential","address":"嘉義市西區湖內里25鄰南京路279號","city":"嘉義市","coord_source":"tgos_upstream","coord_precision":"upstream","src_datasets":"165355|8572","n_src":2,"sub_code":"T0705","permit_status":"C01","inst_code":"IWF00306085","src_system":"長照機構暨長照人員相關管理資訊系統","attr_type":"私立","beds_approved":"45","target":"長照","licensed_at":"104.05","district":"西區","phone":"05-2355860"}},{"type":"Feature","geometry":{"type":"Point","coordinates":[120.459344,23.49596]},"properties":{"uid":"welfare_05915","name":"嘉義市私立展順老人長期照護中心","welfare_class":"elderly_residential","address":"嘉義市東區頂庄里5鄰義教街585巷33號","city":"嘉義市","coord_source":"tgos_upstream","coord_precision":"upstream","src_datasets":"165355|8572","n_src":2,"sub_code":"T0705","permit_status":"C01","inst_code":"IWF00306102","src_system":"長照機構暨長照人員相關管理資訊系統","attr_type":"私立","beds_approved":"40","target":"長照","licensed_at":"94.06","district":"東區","phone":"05-2783023"}},{"type":"Feature","geometry":{"type":"Point","coordinates":[120.450114,23.506871]},"properties":{"uid":"welfare_05916","name":"財團法人嘉義市私立保康社會福利慈善事業基金會附設嘉義市私立保康老人長期照顧中心（長照型）","welfare_class":"elderly_residential","address":"嘉義市東區後湖里17鄰保順路121號","city":"嘉義市","coord_source":"tgos_upstream","coord_precision":"upstream","src_datasets":"165355|8572","n_src":2,"sub_code":"T0705","permit_status":"C01","inst_code":"IWF00309820","src_system":"長照機構暨長照人員相關管理資訊系統","attr_type":"私立","beds_approved":"196","target":"失智\n長照","licensed_at":"100.02","district":"東區","phone":"05-2715565"}},{"type":"Feature","geometry":{"type":"Point","coordinates":[120.413586,23.468931]},"properties":{"uid":"welfare_05917","name":"財團法人嘉義市私立瑞泰老人長期照護中心","welfare_class":"elderly_residential","address":"嘉義市西區劉厝里15鄰玉山路669號","city":"嘉義市","coord_source":"tgos_upstream","coord_precision":"upstream","src_datasets":"165355|8572","n_src":2,"sub_code":"T0705","permit_status":"C01","inst_code":"IWF00311773","src_system":"長照機構暨長照人員相關管理資訊系統","attr_type":"私立","beds_approved":"90","target":"長照","licensed_at":"90.09","district":"西區","phone":"05-2352600"}},{"type":"Feature","geometry":{"type":"Point","coordinates":[120.46402,23.46714]},"properties":{"uid":"welfare_05918","name":"財團法人台灣省私立嘉義仁愛之家","welfare_class":"elderly_residential","address":"嘉義市東區芳草里草地尾8號","city":"嘉義市","coord_source":"tgos_upstream","coord_precision":"upstream","src_datasets":"165355|8572","n_src":2,"sub_code":"T0706","permit_status":"C01","inst_code":"IWG00303997","src_system":"長照機構暨長照人員相關管理資訊系統","attr_type":"私立","beds_approved":"173","target":"養護","licensed_at":"65.05","district":"東區","phone":"05-2250065"}},{"type":"Feature","geometry":{"type":"Point","coordinates":[120.483323,23.492968]},"properties":{"uid":"welfare_05919","name":"財團法人台灣省私立嘉義濟美仁愛之家","welfare_class":"elderly_residential","address":"嘉義市東區圳頭里3鄰盧義路361號","city":"嘉義市","coord_source":"tgos_upstream","coord_precision":"upstream","src_datasets":"165355|8572","n_src":2,"sub_code":"T0706","permit_status":"C01","inst_code":"IWG00304004","src_system":"長照機構暨長照人員相關管理資訊系統","attr_type":"私立","beds_approved":"197","target":"安養\n養護","licensed_at":"60.01","district":"東區","phone":"05-2766130 "}},{"type":"Feature","geometry":{"type":"Point","coordinates":[120.42792,23.49193]},"properties":{"uid":"welfare_05920","name":"嘉義市私立博仁老人養護中心","welfare_class":"elderly_residential","address":"嘉義市西區保安里12鄰北社尾路49號","city":"嘉義市","coord_source":"tgos_upstream","coord_precision":"upstream","src_datasets":"165355|8572","n_src":2,"sub_code":"T0706","permit_status":"C01","inst_code":"IWG00306075","src_system":"長照機構暨長照人員相關管理資訊系統","attr_type":"私立","beds_approved":"49","target":"養護","licensed_at":"88.05","district":"西區","phone":"05-2372088"}},{"type":"Feature","geometry":{"type":"Point","coordinates":[120.44327,23.51125]},"properties":{"uid":"welfare_05921","name":"嘉義市私立宏仁老人養護中心","welfare_class":"elderly_residential","address":"嘉義市東區荖藤里3鄰荖藤宅28之1號","city":"嘉義市","coord_source":"tgos_upstream","coord_precision":"upstream","src_datasets":"165355|8572","n_src":2,"sub_code":"T0706","permit_status":"C01","inst_code":"IWG00306093","src_system":"長照機構暨長照人員相關管理資訊系統","attr_type":"私立","beds_approved":"41","target":"養護","licensed_at":"93.07","district":"東區","phone":"05-2318756"}},{"type":"Feature","geometry":{"type":"Point","coordinates":[120.449411,23.482562]},"properties":{"uid":"welfare_05922","name":"嘉義市私立新仁友老人長期照顧中心(養護型)","welfare_class":"elderly_residential","uni_no":"10195378","address":"嘉義市東區北門里民權路332巷38號","city":"嘉義市","coord_source":"tgos_upstream","coord_precision":"upstream","src_datasets":"165355","n_src":1,"sub_code":"T0706","permit_status":"C01","inst_code":"IWG00306110","src_system":"長照機構暨長照人員相關管理資訊系統"}},{"type":"Feature","geometry":{"type":"Point","coordinates":[120.441807,23.510507]},"properties":{"uid":"welfare_05923","name":"嘉義市私立鴻海老人長期照顧中心（養護型）","welfare_class":"elderly_residential","address":"嘉義市東區荖藤里荖藤宅87號","city":"嘉義市","coord_source":"tgos_upstream","coord_precision":"upstream","src_datasets":"165355|8572","n_src":2,"sub_code":"T0706","permit_status":"C01","inst_code":"IWG00306129","src_system":"長照機構暨長照人員相關管理資訊系統","attr_type":"私立","beds_approved":"49","target":"養護","licensed_at":"104.1","district":"東區","phone":"05-2318518"}},{"type":"Feature","geometry":{"type":"Point","coordinates":[120.46311,23.48875]},"properties":{"uid":"welfare_05924","name":"財團法人臺灣省私立嘉義博愛仁愛之家","welfare_class":"elderly_residential","address":"嘉義市東區太平里林森東路235號","city":"嘉義市","coord_source":"tgos_upstream","coord_precision":"upstream","src_datasets":"165355|8572","n_src":2,"sub_code":"T0706","permit_status":"C01","inst_code":"IWG00308488","src_system":"長照機構暨長照人員相關管理資訊系統","attr_type":"私立","beds_approved":"256","target":"安養\n養護","licensed_at":"66.08","district":"東區","phone":"05-2762306"}},{"type":"Feature","geometry":{"type":"Point","coordinates":[120.449223,23.48265]},"properties":{"uid":"welfare_05925","name":"嘉義市私立仁友老人長期照顧中心（養護型）","welfare_class":"elderly_residential","address":"嘉義市東區社口里1鄰文化路254-1號","city":"嘉義市","coord_source":"tgos_upstream","coord_precision":"upstream","src_datasets":"165355|8572","n_src":2,"sub_code":"T0706","permit_status":"C01","inst_code":"IWG00308965","src_system":"長照機構暨長照人員相關管理資訊系統","attr_type":"私立","beds_approved":"49","target":"養護","licensed_at":"101.01","district":"東區","phone":"05-2786604"}},{"type":"Feature","geometry":{"type":"Point","coordinates":[120.401585,23.468554]},"properties":{"uid":"welfare_05926","name":"嘉義市私立誠泰老人長期照顧中心(養護型)","welfare_class":"elderly_residential","uni_no":"37637067","address":"嘉義市西區頭港里玉山路1188號","city":"嘉義市","coord_source":"tgos_upstream","coord_precision":"upstream","src_datasets":"165355","n_src":1,"sub_code":"T0706","permit_status":"C01","inst_code":"IWG00309757","src_system":"長照機構暨長照人員相關管理資訊系統"}},{"type":"Feature","geometry":{"type":"Point","coordinates":[120.482291,23.495159]},"properties":{"uid":"welfare_05927","name":"嘉義市私立金蓮園老人長期照顧中心（養護型）","welfare_class":"elderly_residential","address":"嘉義市東區後庄里2鄰林森東路875號","city":"嘉義市","coord_source":"tgos_upstream","coord_precision":"upstream","src_datasets":"165355|8572","n_src":2,"sub_code":"T0706","permit_status":"C01","inst_code":"IWG00309766","src_system":"長照機構暨長照人員相關管理資訊系統","attr_type":"私立","beds_approved":"49","target":"養護","licensed_at":"99.04","district":"東區","phone":"05-2741616"}},{"type":"Feature","geometry":{"type":"Point","coordinates":[120.482386,23.495279]},"properties":{"uid":"welfare_05928","name":"嘉義市私立梅香園老人長期照顧中心（養護型）","welfare_class":"elderly_residential","address":"嘉義市東區後庄里2鄰林森東路877號","city":"嘉義市","coord_source":"tgos_upstream","coord_precision":"upstream","src_datasets":"165355|8572","n_src":2,"sub_code":"T0706","permit_status":"C01","inst_code":"IWG00309775","src_system":"長照機構暨長照人員相關管理資訊系統","attr_type":"私立","beds_approved":"47","target":"養護","licensed_at":"99.05","district":"東區","phone":"05-2741717"}},{"type":"Feature","geometry":{"type":"Point","coordinates":[121.008313,24.83451]},"properties":{"uid":"welfare_06116","name":"新竹縣私立建安長期照顧中心(養護型)","welfare_class":"elderly_residential","address":"30259 新竹縣竹北市博愛街298巷9號","city":"新竹縣","coord_source":"tgos_upstream","coord_precision":"upstream","src_datasets":"165355|8572","n_src":2,"sub_code":"T0706","permit_status":"C01","inst_code":"JWG00305345","src_system":"長照機構暨長照人員相關管理資訊系統","attr_type":"私立","beds_approved":"49","target":"養護","licensed_at":"96.11.19","district":"竹北市","phone":"03-5537221"}},{"type":"Feature","geometry":{"type":"Point","coordinates":[120.99936,24.849473]},"properties":{"uid":"welfare_06117","name":"新竹縣私立馨緣老人長期照顧中心(養護型)","welfare_class":"elderly_residential","address":"30265 新竹縣竹北市聯興里9鄰環北路三段 216 號","city":"新竹縣","coord_source":"tgos_upstream","coord_precision":"upstream","src_datasets":"165355|8572","n_src":2,"sub_code":"T0706","permit_status":"C01","inst_code":"JWG00305354","src_system":"長照機構暨長照人員相關管理資訊系統","attr_type":"私立","beds_approved":"49","target":"養護","licensed_at":"105.12.08","district":"竹北市","phone":"03-5533850"}},{"type":"Feature","geometry":{"type":"Point","coordinates":[121.113235,24.736798]},"properties":{"uid":"welfare_06118","name":"新竹縣私立瑪琍亞養護中心","welfare_class":"elderly_residential","address":"30746 新竹縣芎林鄉秀湖村富林路一段399巷21號","city":"新竹縣","coord_source":"tgos_upstream","coord_precision":"upstream","src_datasets":"165355|8572","n_src":2,"sub_code":"T0706","permit_status":"C01","inst_code":"JWG00305363","src_system":"長照機構暨長照人員相關管理資訊系統","attr_type":"私立","beds_approved":"32","target":"養護","licensed_at":"92.02","district":"芎林鄉","phone":"03-5937055"}},{"type":"Feature","geometry":{"type":"Point","coordinates":[121.049664,24.898987]},"properties":{"uid":"welfare_06119","name":"新竹縣私立長春長期照顧中心","welfare_class":"elderly_residential","address":"30342 新竹縣湖口鄉達生路326號","city":"新竹縣","coord_source":"tgos_upstream","coord_precision":"upstream","src_datasets":"165355|8572","n_src":2,"sub_code":"T0706","permit_status":"C01","inst_code":"JWG00305372","src_system":"長照機構暨長照人員相關管理資訊系統","attr_type":"私立","beds_approved":"49","target":"養護","licensed_at":"102.12.30","district":"湖口鄉","phone":"03-5996854\n03-5993171"}},{"type":"Feature","geometry":{"type":"Point","coordinates":[121.036193,24.883633]},"properties":{"uid":"welfare_06120","name":"新竹縣私立新湖長期照顧中心(養護型)","welfare_class":"elderly_residential","address":"30345 新竹縣湖口鄉信義村千湖路38巷20號3樓","city":"新竹縣","coord_source":"tgos_upstream","coord_precision":"upstream","src_datasets":"165355|8572","n_src":2,"sub_code":"T0706","permit_status":"C01","inst_code":"JWG00305381","src_system":"長照機構暨長照人員相關管理資訊系統","attr_type":"私立","beds_approved":"48","target":"養護","licensed_at":"97.11.20","district":"湖口鄉","phone":"03-5907808"}},{"type":"Feature","geometry":{"type":"Point","coordinates":[121.036193,24.883633]},"properties":{"uid":"welfare_06121","name":"新竹縣私立竹光長期照顧中心(養護型)","welfare_class":"elderly_residential","address":"30345 新竹縣湖口鄉信義村千湖路38巷20號1-2樓","city":"新竹縣","coord_source":"tgos_upstream","coord_precision":"upstream","src_datasets":"165355|8572","n_src":2,"sub_code":"T0706","permit_status":"C01","inst_code":"JWG00305390","src_system":"長照機構暨長照人員相關管理資訊系統","attr_type":"私立","beds_approved":"48","target":"養護","licensed_at":"97.11.28","district":"湖口鄉","phone":"03-5999519"}},{"type":"Feature","geometry":{"type":"Point","coordinates":[121.086698,24.887992]},"properties":{"uid":"welfare_06122","name":"新竹縣私立德欣老人長期照顧中心(養護型)","welfare_class":"elderly_residential","address":"30347 新竹縣湖口鄉八德路二段713號","city":"新竹縣","coord_source":"tgos_upstream","coord_precision":"upstream","src_datasets":"165355|8572","n_src":2,"sub_code":"T0706","permit_status":"C01","inst_code":"JWG00305408","src_system":"長照機構暨長照人員相關管理資訊系統","attr_type":"私立","beds_approved":"37","target":"養護","licensed_at":"105.8.1","district":"湖口鄉","phone":"03-5691118"}},{"type":"Feature","geometry":{"type":"Point","coordinates":[121.072342,24.818484]},"properties":{"uid":"welfare_06123","name":"新竹縣私立新埔家園老人長期照顧中心(養護型)","welfare_class":"elderly_residential","address":"30544 新竹縣新埔鎮關埔路水車頭段338號、338號2樓","city":"新竹縣","coord_source":"tgos_upstream","coord_precision":"upstream","src_datasets":"165355|8572","n_src":2,"sub_code":"T0706","permit_status":"C01","inst_code":"JWG00305417","src_system":"長照機構暨長照人員相關管理資訊系統","attr_type":"私立","beds_approved":"49","target":"養護","licensed_at":"101.02.10","district":"新埔鎮","phone":"03-5888893"}},{"type":"Feature","geometry":{"type":"Point","coordinates":[121.062637,24.837107]},"properties":{"uid":"welfare_06124","name":"財團法人台灣省私立桃園仁愛之家附設新竹縣私立新埔長期照顧中心(養護型)","welfare_class":"elderly_residential","address":"30548 新竹縣新埔鎮旱坑里18鄰義民路1段566巷71、73、75、77號","city":"新竹縣","coord_source":"tgos_upstream","coord_precision":"upstream","src_datasets":"165355|8572","n_src":2,"sub_code":"T0706","permit_status":"C01","inst_code":"JWG00308892","src_system":"長照機構暨長照人員相關管理資訊系統","attr_type":"私立","beds_approved":"200","target":"養護\n失智","licensed_at":"102.07.31","district":"新埔鎮","phone":"03-5886460"}},{"type":"Feature","geometry":{"type":"Point","coordinates":[121.090958,24.735963]},"properties":{"uid":"welfare_06125","name":"財團法人台灣省天主教會新竹教區附設新竹縣私立長安老人養護中心","welfare_class":"elderly_residential","address":"31044 新竹縣竹東鎮長安路130號","city":"新竹縣","coord_source":"tgos_upstream","coord_precision":"upstream","src_datasets":"165355|8572","n_src":2,"sub_code":"T0706","permit_status":"C01","inst_code":"JWG00311690","src_system":"長照機構暨長照人員相關管理資訊系統","attr_type":"私立","beds_approved":"124","target":"養護","licensed_at":"83.05.27","district":"竹東鎮","phone":"03-5943987"}},{"type":"Feature","geometry":{"type":"Point","coordinates":[121.102439,24.747677]},"properties":{"uid":"welfare_06126","name":"財團法人新竹縣私立保順養護中心","welfare_class":"elderly_residential","address":"30742 新竹縣芎林鄉石潭村福昌街10鄰134巷19號","city":"新竹縣","coord_source":"tgos_upstream","coord_precision":"upstream","src_datasets":"165355|8572","n_src":2,"sub_code":"T0706","permit_status":"C01","inst_code":"JWG00311708","src_system":"長照機構暨長照人員相關管理資訊系統","attr_type":"私立","beds_approved":"200","target":"養護\n失智","licensed_at":"93.9.24","district":"芎林鄉","phone":"03-5922299"}},{"type":"Feature","geometry":{"type":"Point","coordinates":[121.055546,24.877908]},"properties":{"uid":"welfare_06127","name":"新竹縣私立勝光長期照顧中心(養護型)","welfare_class":"elderly_residential","address":"30372 新竹縣湖口鄉湖鏡村八德路二段10號","city":"新竹縣","coord_source":"tgos_upstream","coord_precision":"upstream","src_datasets":"165355|8572","n_src":2,"sub_code":"T0706","permit_status":"C01","inst_code":"JWG00311717","src_system":"長照機構暨長照人員相關管理資訊系統","attr_type":"私立","beds_approved":"45","target":"養護","licensed_at":"97.11.07","district":"湖口鄉","phone":"03-5692978"}},{"type":"Feature","geometry":{"type":"Point","coordinates":[120.975711,24.859614]},"properties":{"uid":"welfare_06128","name":"新竹縣私立弘欣老人長期照顧中心(養護型)","welfare_class":"elderly_residential","address":"30282 新竹縣竹北市鳳岡路2段295號","city":"新竹縣","coord_source":"tgos_upstream","coord_precision":"upstream","src_datasets":"165355|8572","n_src":2,"sub_code":"T0706","permit_status":"C01","inst_code":"JWG00311726","src_system":"長照機構暨長照人員相關管理資訊系統","attr_type":"私立","beds_approved":"49","target":"養護","licensed_at":"91.06","district":"竹北市","phone":"03-5562159"}},{"type":"Feature","geometry":{"type":"Point","coordinates":[121.024893,24.926748]},"properties":{"uid":"welfare_06129","name":"新竹縣私立康福長期照顧中心(養護型)","welfare_class":"elderly_residential","address":"30447 新竹縣新豐鄉後湖村11鄰十一股12之1號","city":"新竹縣","coord_source":"tgos_upstream","coord_precision":"upstream","src_datasets":"165355|8572","n_src":2,"sub_code":"T0706","permit_status":"C01","inst_code":"JWG00311735","src_system":"長照機構暨長照人員相關管理資訊系統","attr_type":"私立","beds_approved":"49","target":"養護","licensed_at":"101.10.2","district":"新豐鄉","phone":"03-5688925"}},{"type":"Feature","geometry":{"type":"Point","coordinates":[121.097967,24.71204]},"properties":{"uid":"welfare_06130","name":"新竹縣私立慈恩養護中心","welfare_class":"elderly_residential","address":"31051 新竹縣竹東鎮東峰路340號","city":"新竹縣","coord_source":"tgos_upstream","coord_precision":"upstream","src_datasets":"165355|8572","n_src":2,"sub_code":"T0706","permit_status":"C01","inst_code":"JWG00311744","src_system":"長照機構暨長照人員相關管理資訊系統","attr_type":"私立","beds_approved":"43","target":"養護","licensed_at":"91.06.14","district":"竹東鎮","phone":"03-5946566"}},{"type":"Feature","geometry":{"type":"Point","coordinates":[120.970026,24.894611]},"properties":{"uid":"welfare_06131","name":"新竹縣私立立慈養護中心","welfare_class":"elderly_residential","address":"30445 新竹縣新豐鄉鳳坑村8鄰720之2號","city":"新竹縣","coord_source":"tgos_upstream","coord_precision":"upstream","src_datasets":"165355|8572","n_src":2,"sub_code":"T0706","permit_status":"C01","inst_code":"JWG00311753","src_system":"長照機構暨長照人員相關管理資訊系統","attr_type":"私立","beds_approved":"49","target":"養護","licensed_at":"91.06","district":"新豐鄉","phone":"03-5571694"}},{"type":"Feature","geometry":{"type":"Point","coordinates":[120.970859,24.894369]},"properties":{"uid":"welfare_06132","name":"新竹縣私立廣慈長期照顧中心(養護型)","welfare_class":"elderly_residential","address":"30445 新竹縣新豐鄉鳳坑村8鄰720之3號","city":"新竹縣","coord_source":"tgos_upstream","coord_precision":"upstream","src_datasets":"165355|8572","n_src":2,"sub_code":"T0706","permit_status":"C01","inst_code":"JWG00311762","src_system":"長照機構暨長照人員相關管理資訊系統","attr_type":"私立","beds_approved":"49","target":"養護","licensed_at":"97.10.09","district":"新豐鄉","phone":"03-5577407"}},{"type":"Feature","geometry":{"type":"Point","coordinates":[121.025524,24.81781]},"properties":{"uid":"welfare_06133","name":"天主教仁慈醫療財團法人經營竹北市老人安養中心","welfare_class":"elderly_residential","uni_no":"14920979","address":"新竹縣竹北市鹿場里福興東路一段353號","city":"新竹縣","coord_source":"tgos_upstream","coord_precision":"upstream","src_datasets":"165355","n_src":1,"sub_code":"T0708","permit_status":"C01","inst_code":"JWJ00303263","src_system":"長照機構暨長照人員相關管理資訊系統"}},{"type":"Feature","geometry":{"type":"Point","coordinates":[121.023401,24.852761]},"properties":{"uid":"welfare_06134","name":"新竹縣私立金色天地安養中心","welfare_class":"elderly_residential","uni_no":"92526517","address":"新竹縣新埔鎮下寮里新湖路350號、366號","city":"新竹縣","coord_source":"tgos_upstream","coord_precision":"upstream","src_datasets":"165355","n_src":1,"sub_code":"T0708","permit_status":"C01","inst_code":"JWJ00309546","src_system":"長照機構暨長照人員相關管理資訊系統"}},{"type":"Feature","geometry":{"type":"Point","coordinates":[120.8685,24.710311]},"properties":{"uid":"welfare_06265","name":"苗栗縣私立杏安老人長期照顧中心(長照型)","welfare_class":"elderly_residential","address":"苗栗縣竹南鎮崎頂里3鄰天祥街2段327號","city":"苗栗縣","coord_source":"tgos_upstream","coord_precision":"upstream","src_datasets":"165355|8572","n_src":2,"sub_code":"T0705","permit_status":"C01","inst_code":"KWF00309585","src_system":"長照機構暨長照人員相關管理資訊系統","attr_type":"私立","beds_approved":"49","target":"長照","licensed_at":"100.11","district":"竹南鎮","phone":"037-478292"}},{"type":"Feature","geometry":{"type":"Point","coordinates":[120.900767,24.694516]},"properties":{"uid":"welfare_06266","name":"苗栗縣私立頭份老人養護中心","welfare_class":"elderly_residential","address":"苗栗縣頭份市建國路2段271號","city":"苗栗縣","coord_source":"offline_l2","coord_precision":"exact","src_datasets":"165355|8572","n_src":2,"sub_code":"T0706","permit_status":"C01","inst_code":"KWG00305425","src_system":"長照機構暨長照人員相關管理資訊系統","attr_type":"私立","beds_approved":"46","target":"養護","licensed_at":"89.8","district":"頭份市","phone":"037-596376"}},{"type":"Feature","geometry":{"type":"Point","coordinates":[120.898588,24.676351]},"properties":{"uid":"welfare_06267","name":"苗栗縣私立慈愛老人長期照顧中心(養護型)","welfare_class":"elderly_residential","address":"苗栗縣頭份市銀河南路195號","city":"苗栗縣","coord_source":"tgos_upstream","coord_precision":"upstream","src_datasets":"165355|8572","n_src":2,"sub_code":"T0706","permit_status":"C01","inst_code":"KWG00305434","src_system":"長照機構暨長照人員相關管理資訊系統","attr_type":"私立","beds_approved":"48","target":"\n養護\n","licensed_at":"100.8","district":"頭份市","phone":"037-590151"}},{"type":"Feature","geometry":{"type":"Point","coordinates":[120.90146,24.694618]},"properties":{"uid":"welfare_06268","name":"苗栗縣私立振群老人長期照顧中心(養護型)","welfare_class":"elderly_residential","address":"苗栗縣頭份市大勇街61號3樓","city":"苗栗縣","coord_source":"offline_l2","coord_precision":"exact","src_datasets":"165355|8572","n_src":2,"sub_code":"T0706","permit_status":"C01","inst_code":"KWG00305443","src_system":"長照機構暨長照人員相關管理資訊系統","attr_type":"私立","beds_approved":"49","target":"養護","licensed_at":"102.11","district":"頭份市","phone":"037-596376"}},{"type":"Feature","geometry":{"type":"Point","coordinates":[120.709466,24.452832]},"properties":{"uid":"welfare_06269","name":"財團法人苗栗縣私立海青老人養護中心","welfare_class":"elderly_residential","address":"苗栗縣通霄鎮坪頂里15鄰坪頂142-5號","city":"苗栗縣","coord_source":"tgos_upstream","coord_precision":"upstream","src_datasets":"165355|8572","n_src":2,"sub_code":"T0706","permit_status":"C01","inst_code":"KWG00309566","src_system":"長照機構暨長照人員相關管理資訊系統、社會福利及公益彩券回饋金補助系統","attr_type":"私立","beds_approved":"150","target":"養護","licensed_at":"84.4","district":"通霄鎮","phone":"037-783409"}},{"type":"Feature","geometry":{"type":"Point","coordinates":[120.92058,24.675939]},"properties":{"uid":"welfare_06270","name":"苗栗縣私立聖庭老人長期照顧中心(養護型)","welfare_class":"elderly_residential","address":"苗栗縣頭份市吉祥路262號","city":"苗栗縣","coord_source":"tgos_upstream","coord_precision":"upstream","src_datasets":"165355|8572","n_src":2,"sub_code":"T0706","permit_status":"C01","inst_code":"KWG00309575","src_system":"長照機構暨長照人員相關管理資訊系統","attr_type":"私立","beds_approved":"49","target":"長照\n養護","licensed_at":"97.12","district":"頭份市","phone":"037-685608"}},{"type":"Feature","geometry":{"type":"Point","coordinates":[120.90146,24.694617]},"properties":{"uid":"welfare_06271","name":"苗栗縣私立邦群老人長期照顧中心(養護型)","welfare_class":"elderly_residential","address":"苗栗縣頭份市大勇街61號2樓","city":"苗栗縣","coord_source":"tgos_upstream","coord_precision":"upstream","src_datasets":"165355|8572","n_src":2,"sub_code":"T0706","permit_status":"C01","inst_code":"KWG00309593","src_system":"長照機構暨長照人員相關管理資訊系統","attr_type":"私立","beds_approved":"49","target":"養護","licensed_at":"102.11","district":"頭份市","phone":"037-696555"}},{"type":"Feature","geometry":{"type":"Point","coordinates":[120.998459,24.597812]},"properties":{"uid":"welfare_06272","name":"苗栗縣私立清暉老人養護中心","welfare_class":"elderly_residential","address":"苗栗縣南庄鄉員林村15鄰屯營63之1號","city":"苗栗縣","coord_source":"tgos_upstream","coord_precision":"upstream","src_datasets":"165355|8572","n_src":2,"sub_code":"T0706","permit_status":"C01","inst_code":"KWG00309601","src_system":"長照機構暨長照人員相關管理資訊系統","attr_type":"私立","beds_approved":"48","target":"養護","licensed_at":"91.8","district":"南庄鄉","phone":"037-831588"}},{"type":"Feature","geometry":{"type":"Point","coordinates":[120.711271,24.401686]},"properties":{"uid":"welfare_06273","name":"苗栗縣苑裡社區老人養護中心","welfare_class":"elderly_residential","address":"苗栗縣苑裡鎮石鎮里5鄰石鎮34之5號","city":"苗栗縣","coord_source":"tgos_upstream","coord_precision":"upstream","src_datasets":"165355|8572","n_src":2,"sub_code":"T0706","permit_status":"C01","inst_code":"KWG00309610","src_system":"長照機構暨長照人員相關管理資訊系統","attr_type":"公設\n民營","beds_approved":"108","target":"養護\n","licensed_at":"92.9","district":"苑裡鎮","phone":"037-743433"}},{"type":"Feature","geometry":{"type":"Point","coordinates":[120.820671,24.551931]},"properties":{"uid":"welfare_06274","name":"財團法人台灣省私立桃園仁愛之家附設苗栗老人養護中心","welfare_class":"elderly_residential","address":"苗栗縣苗栗市新東街115巷2號","city":"苗栗縣","coord_source":"tgos_upstream","coord_precision":"upstream","src_datasets":"165355|8572","n_src":2,"sub_code":"T0706","permit_status":"C01","inst_code":"KWG00309629","src_system":"長照機構暨長照人員相關管理資訊系統","attr_type":"私立","beds_approved":"164","target":"養護","licensed_at":"79.11","district":"苗栗市","phone":"037-325720"}},{"type":"Feature","geometry":{"type":"Point","coordinates":[120.817173,24.564257]},"properties":{"uid":"welfare_06275","name":"苗栗縣私立嘉原老人長期照顧中心(養護型)","welfare_class":"elderly_residential","address":"苗栗縣苗栗市華民路49號","city":"苗栗縣","coord_source":"tgos_upstream","coord_precision":"upstream","src_datasets":"165355|8572","n_src":2,"sub_code":"T0706","permit_status":"C01","inst_code":"KWG00309638","src_system":"長照機構暨長照人員相關管理資訊系統","attr_type":"私立","beds_approved":"49","target":"養護","licensed_at":"106.9","district":"苗栗市","phone":"037-367800"}},{"type":"Feature","geometry":{"type":"Point","coordinates":[120.884776,24.693771]},"properties":{"uid":"welfare_06276","name":"苗栗縣私立誠意老人長期照顧中心(養護型)","welfare_class":"elderly_residential","address":"苗栗縣頭份市中央路921號","city":"苗栗縣","coord_source":"tgos_upstream","coord_precision":"upstream","src_datasets":"165355|8572","n_src":2,"sub_code":"T0706","permit_status":"C01","inst_code":"KWG00309647","src_system":"長照機構暨長照人員相關管理資訊系統","attr_type":"私立","beds_approved":"49","target":"養護","licensed_at":"98.8","district":"頭份市","phone":"037-633220"}},{"type":"Feature","geometry":{"type":"Point","coordinates":[120.797805,24.527535]},"properties":{"uid":"welfare_06277","name":"苗栗縣社區老人安養護中心(戊山園)","welfare_class":"elderly_residential","address":"苗栗縣苗栗市南勢里8鄰新勝7之1號","city":"苗栗縣","coord_source":"tgos_upstream","coord_precision":"upstream","src_datasets":"165355|8572","n_src":2,"sub_code":"T0706","permit_status":"C01","inst_code":"KWG00309656","src_system":"長照機構暨長照人員相關管理資訊系統","attr_type":"公設\n民營","beds_approved":"100","target":"安養\n養護","licensed_at":"87.5","district":"苗栗市","phone":"037-330022"}},{"type":"Feature","geometry":{"type":"Point","coordinates":[120.901723,24.695036]},"properties":{"uid":"welfare_06278","name":"苗栗縣私立聖亞社區養護中心","welfare_class":"elderly_residential","address":"苗栗縣頭份市大勇街66號","city":"苗栗縣","coord_source":"tgos_upstream","coord_precision":"upstream","src_datasets":"165355|8572","n_src":2,"sub_code":"T0706","permit_status":"C01","inst_code":"KWG00313750","src_system":"長照機構暨長照人員相關管理資訊系統","attr_type":"私立","beds_approved":"49","target":"養護","licensed_at":"94.12","district":"頭份市","phone":"037-691624"}},{"type":"Feature","geometry":{"type":"Point","coordinates":[121.002329,23.960298]},"properties":{"uid":"welfare_06475","name":"財團法人台灣省私立光明仁愛之家","welfare_class":"elderly_residential","address":"南投縣埔里鎮鯉魚路25-6號","city":"南投縣","coord_source":"tgos_upstream","coord_precision":"upstream","src_datasets":"165355|8572","n_src":2,"sub_code":"T0705","permit_status":"C01","inst_code":"MWF00312804","src_system":"長照機構暨長照人員相關管理資訊系統","attr_type":"私立","beds_approved":"120","target":"長照\n養護","licensed_at":"70.02","district":"埔里鎮","phone":"049-2984506"}},{"type":"Feature","geometry":{"type":"Point","coordinates":[120.67258,23.923511]},"properties":{"uid":"welfare_06476","name":"南投縣私立仁和長期照顧中心(長期照護型)","welfare_class":"elderly_residential","address":"南投縣南投市平山里仁和路14號","city":"南投縣","coord_source":"tgos_upstream","coord_precision":"upstream","src_datasets":"165355|8572","n_src":2,"sub_code":"T0705","permit_status":"C01","inst_code":"MWF00312868","src_system":"長照機構暨長照人員相關管理資訊系統","attr_type":"私立","beds_approved":"48","target":"長照    ","licensed_at":"97.04","district":"南投市","phone":"049-2263166"}},{"type":"Feature","geometry":{"type":"Point","coordinates":[120.684243,23.98596]},"properties":{"uid":"welfare_06477","name":"南投縣私立博愛長期照顧中心","welfare_class":"elderly_residential","address":"南投縣草屯鎮明正里29鄰博愛路470號","city":"南投縣","coord_source":"offline_l15","coord_precision":"interpolated","src_datasets":"165355|8572","n_src":2,"sub_code":"T0705","permit_status":"C01","inst_code":"MWF00312886","src_system":"長照機構暨長照人員相關管理資訊系統","attr_type":"私立","beds_approved":"49","target":"長照","licensed_at":"101.1","district":"草屯鎮","phone":"049-2381777"}},{"type":"Feature","geometry":{"type":"Point","coordinates":[120.675462,23.910236]},"properties":{"uid":"welfare_06478","name":"南投縣私立千恩老人長期照顧中心（養護型）","welfare_class":"elderly_residential","address":"南投縣南投市彰和里文化路322號","city":"南投縣","coord_source":"tgos_upstream","coord_precision":"upstream","src_datasets":"165355|8572","n_src":2,"sub_code":"T0706","permit_status":"C01","inst_code":"MWG00305450","src_system":"長照機構暨長照人員相關管理資訊系統","attr_type":"私立","beds_approved":"48","target":"養護","licensed_at":"98.1","district":"南投市","phone":"049-2225577"}},{"type":"Feature","geometry":{"type":"Point","coordinates":[120.658032,23.899448]},"properties":{"uid":"welfare_06479","name":"財團法人南投縣私立傑瑞社會福利基金會附設南投縣私立傑瑞老人安養中心","welfare_class":"elderly_residential","address":"南投縣南投市三興里31鄰嶺興路210-3號","city":"南投縣","coord_source":"google","coord_precision":"exact","src_datasets":"165355|8572","n_src":2,"sub_code":"T0706","permit_status":"C01","inst_code":"MWG00312812","src_system":"長照機構暨長照人員相關管理資訊系統","attr_type":"私立","beds_approved":"438","target":"長照\n養護\n安養","licensed_at":"80.05","district":"南投市","phone":"049-2230990"}},{"type":"Feature","geometry":{"type":"Point","coordinates":[120.685419,23.998405]},"properties":{"uid":"welfare_06480","name":"南投縣私立寶優養護中心","welfare_class":"elderly_residential","address":"南投縣草屯鎮新豐里6鄰稻香路25-27號","city":"南投縣","coord_source":"tgos_upstream","coord_precision":"upstream","src_datasets":"165355|8572","n_src":2,"sub_code":"T0706","permit_status":"C01","inst_code":"MWG00312821","src_system":"長照機構暨長照人員相關管理資訊系統","attr_type":"私立","beds_approved":"49","target":"養護","licensed_at":"88.1","district":"草屯鎮","phone":"049-2336848\n049-2353338"}},{"type":"Feature","geometry":{"type":"Point","coordinates":[120.693639,23.763843]},"properties":{"uid":"welfare_06481","name":"南投縣私立億安老人養護中心","welfare_class":"elderly_residential","address":"南投縣竹山鎮延和里4鄰大和街258號","city":"南投縣","coord_source":"tgos_upstream","coord_precision":"upstream","src_datasets":"165355|8572","n_src":2,"sub_code":"T0706","permit_status":"C01","inst_code":"MWG00312830","src_system":"長照機構暨長照人員相關管理資訊系統","attr_type":"私立","beds_approved":"36","target":"養護","licensed_at":"91.02","district":"竹山鎮","phone":"049-2658342"}},{"type":"Feature","geometry":{"type":"Point","coordinates":[120.704693,23.86619]},"properties":{"uid":"welfare_06482","name":"南投縣私立尚德老人養護中心","welfare_class":"elderly_residential","address":"南投縣名間鄉東湖村2鄰山腳巷54-20號","city":"南投縣","coord_source":"tgos_upstream","coord_precision":"upstream","src_datasets":"165355|8572","n_src":2,"sub_code":"T0706","permit_status":"C01","inst_code":"MWG00312849","src_system":"長照機構暨長照人員相關管理資訊系統","attr_type":"私立","beds_approved":"44","target":"養護","licensed_at":"96.02","district":"名間鄉","phone":"049-2738847"}},{"type":"Feature","geometry":{"type":"Point","coordinates":[120.679702,23.923155]},"properties":{"uid":"welfare_06483","name":"南投縣私立慈嘉老人長期照顧中心(養護型)","welfare_class":"elderly_residential","address":"南投縣南投市彰南路二段672巷92號1樓","city":"南投縣","coord_source":"tgos_upstream","coord_precision":"upstream","src_datasets":"165355|8572","n_src":2,"sub_code":"T0706","permit_status":"C01","inst_code":"MWG00312858","src_system":"長照機構暨長照人員相關管理資訊系統","attr_type":"私立","beds_approved":"43","target":"養護","licensed_at":"104.06","district":"南投市","phone":"049-2257507"}},{"type":"Feature","geometry":{"type":"Point","coordinates":[120.678711,23.923164]},"properties":{"uid":"welfare_06484","name":"南投縣私立佳尚好長期照顧中心(養護型)","welfare_class":"elderly_residential","address":"南投縣南投市彰南路2段672巷65號","city":"南投縣","coord_source":"tgos_upstream","coord_precision":"upstream","src_datasets":"165355|8572","n_src":2,"sub_code":"T0706","permit_status":"C01","inst_code":"MWG00312876","src_system":"長照機構暨長照人員相關管理資訊系統","attr_type":"私立","beds_approved":"24","target":"養護","licensed_at":"103.02","district":"南投市","phone":"049-2258879"}},{"type":"Feature","geometry":{"type":"Point","coordinates":[120.672898,23.757325]},"properties":{"uid":"welfare_06485","name":"南投縣私立同心居老人養護中心","welfare_class":"elderly_residential","address":"南投縣竹山鎮雲林里33鄰大仁路199巷2號","city":"南投縣","coord_source":"tgos_upstream","coord_precision":"upstream","src_datasets":"165355|8572","n_src":2,"sub_code":"T0706","permit_status":"C01","inst_code":"MWG00312894","src_system":"長照機構暨長照人員相關管理資訊系統","attr_type":"私立","beds_approved":"46","target":"養護","licensed_at":"94.11","district":"竹山鎮","phone":"049-2635717"}},{"type":"Feature","geometry":{"type":"Point","coordinates":[120.975566,24.007397]},"properties":{"uid":"welfare_06486","name":"財團法人利河伯社會福利基金會附設台灣省私立基督仁愛之家","welfare_class":"elderly_residential","address":"南投縣埔里鎮福興里福興路146巷48號","city":"南投縣","coord_source":"tgos_upstream","coord_precision":"upstream","src_datasets":"165355|8572","n_src":2,"sub_code":"T0706","permit_status":"C01","inst_code":"MWG00312902","src_system":"長照機構暨長照人員相關管理資訊系統","attr_type":"私立","beds_approved":"140","target":"安養\n養護","licensed_at":"87.04","district":"埔里鎮","phone":"049-2930390"}},{"type":"Feature","geometry":{"type":"Point","coordinates":[120.674515,23.757339]},"properties":{"uid":"welfare_06487","name":"南投縣私立慈愛老人養護中心","welfare_class":"elderly_residential","address":"南投縣竹山鎮雲林里34鄰大勇路21號","city":"南投縣","coord_source":"tgos_upstream","coord_precision":"upstream","src_datasets":"165355|8572","n_src":2,"sub_code":"T0706","permit_status":"C01","inst_code":"MWG00312911","src_system":"長照機構暨長照人員相關管理資訊系統","attr_type":"私立","beds_approved":"48","target":"養護","licensed_at":"89.11","district":"竹山鎮","phone":"049-2655669"}},{"type":"Feature","geometry":{"type":"Point","coordinates":[120.716401,23.923247]},"properties":{"uid":"welfare_06488","name":"南投縣私立東山長期照顧中心(養護型)","welfare_class":"elderly_residential","address":"南投縣南投市東山里2鄰東山路13之1號","city":"南投縣","coord_source":"tgos_upstream","coord_precision":"upstream","src_datasets":"165355|8572","n_src":2,"sub_code":"T0706","permit_status":"C01","inst_code":"MWG00312920","src_system":"長照機構暨長照人員相關管理資訊系統","attr_type":"私立","beds_approved":"48","target":"養護","licensed_at":"99.12","district":"南投市","phone":"049-2207008"}},{"type":"Feature","geometry":{"type":"Point","coordinates":[120.685726,23.99738]},"properties":{"uid":"welfare_06489","name":"南投縣私立草屯長期照顧中心(養護型)","welfare_class":"elderly_residential","address":"南投縣草屯鎮稻香路23之61號","city":"南投縣","coord_source":"tgos_upstream","coord_precision":"upstream","src_datasets":"165355|8572","n_src":2,"sub_code":"T0706","permit_status":"C01","inst_code":"MWG00312939","src_system":"長照機構暨長照人員相關管理資訊系統","attr_type":"私立","beds_approved":"48","target":"養護\n日照","licensed_at":"106.08","district":"草屯鎮","phone":"049-2318568"}},{"type":"Feature","geometry":{"type":"Point","coordinates":[120.676179,23.987013]},"properties":{"uid":"welfare_06490","name":"南投縣私立保生長期照顧中心(養護型)","welfare_class":"elderly_residential","address":"南投縣草屯鎮敦和里33鄰博愛路689號","city":"南投縣","coord_source":"tgos_upstream","coord_precision":"upstream","src_datasets":"165355|8572","n_src":2,"sub_code":"T0706","permit_status":"C01","inst_code":"MWG00312948","src_system":"長照機構暨長照人員相關管理資訊系統","attr_type":"私立","beds_approved":"30","target":"養護","licensed_at":"101.03","district":"草屯鎮","phone":"049-2354107"}},{"type":"Feature","geometry":{"type":"Point","coordinates":[120.676506,23.905272]},"properties":{"uid":"welfare_06491","name":"財團法人南投縣私立南投仁愛之家","welfare_class":"elderly_residential","address":"南投縣南投市三興里39鄰民族路617號","city":"南投縣","coord_source":"tgos_upstream","coord_precision":"upstream","src_datasets":"165355|8572","n_src":2,"sub_code":"T0706","permit_status":"C01","inst_code":"MWG00312957","src_system":"長照機構暨長照人員相關管理資訊系統","attr_type":"私立","beds_approved":"147","target":"養護\n安養","licensed_at":"66.09","district":"南投市","phone":"049-2222151"}},{"type":"Feature","geometry":{"type":"Point","coordinates":[120.695055,23.866685]},"properties":{"uid":"welfare_06492","name":"南投縣私立祥和長期照顧中心(養護型)","welfare_class":"elderly_residential","address":"南投縣名間鄉東湖村15鄰彰南路256-1巷100號","city":"南投縣","coord_source":"tgos_upstream","coord_precision":"upstream","src_datasets":"165355|8572","n_src":2,"sub_code":"T0706","permit_status":"C01","inst_code":"MWG00312966","src_system":"長照機構暨長照人員相關管理資訊系統","attr_type":"私立","beds_approved":"48","target":"養護","licensed_at":"93.03","district":"名間鄉","phone":"049-2739868"}},{"type":"Feature","geometry":{"type":"Point","coordinates":[120.679702,23.923155]},"properties":{"uid":"welfare_06493","name":"南投縣私立慈孝老人安養中心","welfare_class":"elderly_residential","address":"南投縣南投市彰南路二段672巷92號2樓","city":"南投縣","coord_source":"tgos_upstream","coord_precision":"upstream","src_datasets":"165355|8572","n_src":2,"sub_code":"T0708","permit_status":"C01","inst_code":"MWJ00309462","src_system":"長照機構暨長照人員相關管理資訊系統","attr_type":"私立","beds_approved":"37","target":"安養","licensed_at":"109.02","district":"南投市","phone":"049-2254972"}},{"type":"Feature","geometry":{"type":"Point","coordinates":[120.565127,24.070401]},"properties":{"uid":"welfare_06710","name":"國軍退除役官兵輔導委員會中彰榮譽國民之家","welfare_class":"elderly_residential","uni_no":"58813103","address":"彰化縣彰化市公園路二段301號","city":"彰化縣","coord_source":"tgos_upstream","coord_precision":"upstream","src_datasets":"165355","n_src":1,"sub_code":"T0605","permit_status":"C04","inst_code":"NFE00347191","src_system":"長照機構暨長照人員相關管理資訊系統"}},{"type":"Feature","geometry":{"type":"Point","coordinates":[120.605936,23.852114]},"properties":{"uid":"welfare_06711","name":"國軍退除役官兵輔導委員會彰化榮譽國民之家","welfare_class":"elderly_residential","uni_no":"60002404","address":"彰化縣田中鎮中南路二段421號","city":"彰化縣","coord_source":"tgos_upstream","coord_precision":"upstream","src_datasets":"165355","n_src":1,"sub_code":"T0605","permit_status":"C04","inst_code":"NFE00347209","src_system":"長照機構暨長照人員相關管理資訊系統"}},{"type":"Feature","geometry":{"type":"Point","coordinates":[120.54598,24.043049]},"properties":{"uid":"welfare_06785","name":"彰化縣私立馨園老人長期照護中心","welfare_class":"elderly_residential","address":"彰化縣花壇鄉白沙村溪北街17號","city":"彰化縣","coord_source":"tgos_upstream","coord_precision":"upstream","src_datasets":"165355|8572","n_src":2,"sub_code":"T0705","permit_status":"C01","inst_code":"NWF00305847","src_system":"長照機構暨長照人員相關管理資訊系統","attr_type":"私立","beds_approved":"49","target":"長照","licensed_at":"92.10.7","district":"花壇鄉","phone":"04-7878847"}},{"type":"Feature","geometry":{"type":"Point","coordinates":[120.569228,24.015796]},"properties":{"uid":"welfare_06786","name":"彰化縣私立聖仁老人長期照護中心(長期照護型)","welfare_class":"elderly_residential","uni_no":"45588315","address":"彰化縣花壇鄉三春村後厝1巷12弄36號","city":"彰化縣","coord_source":"tgos_upstream","coord_precision":"upstream","src_datasets":"165355","n_src":1,"sub_code":"T0705","permit_status":"C01","inst_code":"NWF00305865","src_system":"長照機構暨長照人員相關管理資訊系統"}},{"type":"Feature","geometry":{"type":"Point","coordinates":[120.531125,24.073675]},"properties":{"uid":"welfare_06787","name":"彰化縣私立崇愛老人長期照護中心","welfare_class":"elderly_residential","address":"彰化縣彰化市金馬路三段912號2-5樓","city":"彰化縣","coord_source":"tgos_upstream","coord_precision":"upstream","src_datasets":"165355|8572","n_src":2,"sub_code":"T0705","permit_status":"C01","inst_code":"NWF00305946","src_system":"長照機構暨長照人員相關管理資訊系統","attr_type":"私立","beds_approved":"49","target":"長照","licensed_at":"90.8.14","district":"彰化市","phone":"04-7626956"}},{"type":"Feature","geometry":{"type":"Point","coordinates":[120.430845,24.034866]},"properties":{"uid":"welfare_06788","name":"彰化縣私立文開老人長期照顧中心","welfare_class":"elderly_residential","address":"彰化縣福興鄉秀厝村秀安二街112巷75號","city":"彰化縣","coord_source":"tgos_upstream","coord_precision":"upstream","src_datasets":"165355|8572","n_src":2,"sub_code":"T0705","permit_status":"C01","inst_code":"NWF00305982","src_system":"長照機構暨長照人員相關管理資訊系統","attr_type":"私立","beds_approved":"30","target":"長照","licensed_at":"105.8.18","district":"福興鄉","phone":"04-7781015"}},{"type":"Feature","geometry":{"type":"Point","coordinates":[120.49566,24.032128]},"properties":{"uid":"welfare_06789","name":"彰化縣私立寶譽老人長期照顧中心(長期照護型)","welfare_class":"elderly_residential","address":"彰化縣秀水鄉中山路589號","city":"彰化縣","coord_source":"tgos_upstream","coord_precision":"upstream","src_datasets":"165355|8572","n_src":2,"sub_code":"T0705","permit_status":"C01","inst_code":"NWF00307845","src_system":"長照機構暨長照人員相關管理資訊系統","attr_type":"私立","beds_approved":"49","target":"長照","licensed_at":"107.1.5","district":"秀水鄉","phone":"04-7690781"}},{"type":"Feature","geometry":{"type":"Point","coordinates":[120.517232,24.068199]},"properties":{"uid":"welfare_06790","name":"彰化縣私立和園老人長期照顧中心(長期照護型)","welfare_class":"elderly_residential","address":"彰化縣彰化市東芳里環河南路一段118號","city":"彰化縣","coord_source":"tgos_upstream","coord_precision":"upstream","src_datasets":"165355|8572","n_src":2,"sub_code":"T0705","permit_status":"C01","inst_code":"NWF00309474","src_system":"長照機構暨長照人員相關管理資訊系統","attr_type":"私立","beds_approved":"49","target":"長照","licensed_at":"110.4.15","district":"彰化市","phone":"04-7516831"}},{"type":"Feature","geometry":{"type":"Point","coordinates":[120.545513,24.080584]},"properties":{"uid":"welfare_06791","name":"彰化縣私立寶祥老人長期照護中心","welfare_class":"elderly_residential","address":"彰化縣彰化市永福里中山路二段605號3樓-2、-3","city":"彰化縣","coord_source":"tgos_upstream","coord_precision":"upstream","src_datasets":"165355|8572","n_src":2,"sub_code":"T0705","permit_status":"C01","inst_code":"NWF00310094","src_system":"長照機構暨長照人員相關管理資訊系統","attr_type":"私立","beds_approved":"22","target":"長照","licensed_at":"93.3.25","district":"彰化市","phone":"04-7290005"}},{"type":"Feature","geometry":{"type":"Point","coordinates":[120.539077,24.070215]},"properties":{"uid":"welfare_06792","name":"彰化縣私立彰居老人長期照顧中心(長期照護型)","welfare_class":"elderly_residential","address":"彰化縣彰化市民族路178-1號","city":"彰化縣","coord_source":"tgos_upstream","coord_precision":"upstream","src_datasets":"165355|8572","n_src":2,"sub_code":"T0705","permit_status":"C01","inst_code":"NWF00310102","src_system":"長照機構暨長照人員相關管理資訊系統","attr_type":"私立","beds_approved":"29","target":"長照","licensed_at":"98.5.14","district":"彰化市","phone":"04-7286828"}},{"type":"Feature","geometry":{"type":"Point","coordinates":[120.567561,23.957339]},"properties":{"uid":"welfare_06793","name":"彰化縣私立良安老人長期照護中心","welfare_class":"elderly_residential","address":"彰化縣員林市新義街85號3樓","city":"彰化縣","coord_source":"tgos_upstream","coord_precision":"upstream","src_datasets":"165355|8572","n_src":2,"sub_code":"T0705","permit_status":"C01","inst_code":"NWF00310139","src_system":"長照機構暨長照人員相關管理資訊系統","attr_type":"私立","beds_approved":"40","target":"長照","licensed_at":"95.2.24","district":"員林市","phone":"04-8397555"}},{"type":"Feature","geometry":{"type":"Point","coordinates":[120.575428,23.820063]},"properties":{"uid":"welfare_06794","name":"彰化縣私立松柏老人長期照護中心","welfare_class":"elderly_residential","address":"彰化縣溪州鄉榮光村政民路287巷51弄5號","city":"彰化縣","coord_source":"tgos_upstream","coord_precision":"upstream","src_datasets":"165355|8572","n_src":2,"sub_code":"T0705","permit_status":"C01","inst_code":"NWF00310157","src_system":"長照機構暨長照人員相關管理資訊系統","attr_type":"私立","beds_approved":"48","target":"長照","licensed_at":"96.9.7","district":"溪州鄉","phone":"04-8795090"}},{"type":"Feature","geometry":{"type":"Point","coordinates":[120.559572,24.005379]},"properties":{"uid":"welfare_06795","name":"彰化縣私立通堡老人長期照顧中心(長期照護型)","welfare_class":"elderly_residential","address":"彰化縣花壇鄉中庄村中山路1段40巷88號","city":"彰化縣","coord_source":"tgos_upstream","coord_precision":"upstream","src_datasets":"165355|8572","n_src":2,"sub_code":"T0705","permit_status":"C01","inst_code":"NWF00310175","src_system":"長照機構暨長照人員相關管理資訊系統","attr_type":"私立","beds_approved":"49","target":"長照","licensed_at":"97.1.11","district":"花壇鄉","phone":"04-7877538"}},{"type":"Feature","geometry":{"type":"Point","coordinates":[120.522443,23.962582]},"properties":{"uid":"welfare_06796","name":"彰化縣私立埔心老人長期照顧中心","welfare_class":"elderly_residential","address":"彰化縣埔心鄉興霖路577號","city":"彰化縣","coord_source":"tgos_upstream","coord_precision":"upstream","src_datasets":"165355|8572","n_src":2,"sub_code":"T0706","permit_status":"C01","inst_code":"NWG00304171","src_system":"長照機構暨長照人員相關管理資訊系統","attr_type":"私立","beds_approved":"49","target":"養護","licensed_at":"89.5.17","district":"埔心鄉","phone":"04-8282932"}},{"type":"Feature","geometry":{"type":"Point","coordinates":[120.535715,23.874172]},"properties":{"uid":"welfare_06797","name":"彰化縣私立北斗老人養護中心","welfare_class":"elderly_residential","address":"彰化縣北斗鎮東光里地政路17號","city":"彰化縣","coord_source":"tgos_upstream","coord_precision":"upstream","src_datasets":"165355|8572","n_src":2,"sub_code":"T0706","permit_status":"C01","inst_code":"NWG00305765","src_system":"長照機構暨長照人員相關管理資訊系統","attr_type":"私立","beds_approved":"48","target":"養護","licensed_at":"88.6.24","district":"北斗鎮","phone":"04-8877631"}},{"type":"Feature","geometry":{"type":"Point","coordinates":[120.609362,23.853728]},"properties":{"uid":"welfare_06798","name":"衛生福利部中區老人之家","welfare_class":"elderly_residential","address":"彰化縣田中鎮碧峰里中南路2段210號","city":"彰化縣","coord_source":"tgos_upstream","coord_precision":"upstream","src_datasets":"165355|8572","n_src":2,"sub_code":"T0706","permit_status":"C01","inst_code":"NWG00305774","src_system":"長照機構暨長照人員相關管理資訊系統","attr_type":"公立","beds_approved":"350","target":"安養\n養護\n長照  ","licensed_at":"63.7","district":"田中鎮","phone":"04-8742811"}},{"type":"Feature","geometry":{"type":"Point","coordinates":[120.548469,23.883832]},"properties":{"uid":"welfare_06799","name":"彰化縣私立田尾老人養護中心","welfare_class":"elderly_residential","address":"彰化縣田尾鄉睦宜村聖德巷261號","city":"彰化縣","coord_source":"tgos_upstream","coord_precision":"upstream","src_datasets":"165355|8572","n_src":2,"sub_code":"T0706","permit_status":"C01","inst_code":"NWG00305783","src_system":"長照機構暨長照人員相關管理資訊系統","attr_type":"私立","beds_approved":"40","target":"養護","licensed_at":"91.2.18","district":"田尾鄉","phone":"04-8831262"}},{"type":"Feature","geometry":{"type":"Point","coordinates":[120.54928,23.87871]},"properties":{"uid":"welfare_06800","name":"彰化縣私立明昇老人養護中心","welfare_class":"elderly_residential","address":"彰化縣田尾鄉睦宜村睦宜路22號","city":"彰化縣","coord_source":"tgos_upstream","coord_precision":"upstream","src_datasets":"165355|8572","n_src":2,"sub_code":"T0706","permit_status":"C01","inst_code":"NWG00305792","src_system":"長照機構暨長照人員相關管理資訊系統","attr_type":"私立","beds_approved":"49","target":"養護\n長照","licensed_at":"96.1.3","district":"田尾鄉","phone":"04-8837395"}},{"type":"Feature","geometry":{"type":"Point","coordinates":[120.493948,24.031231]},"properties":{"uid":"welfare_06801","name":"彰化縣私立寶贊老人養護中心","welfare_class":"elderly_residential","address":"彰化縣秀水鄉民意街165巷19號","city":"彰化縣","coord_source":"tgos_upstream","coord_precision":"upstream","src_datasets":"165355|8572","n_src":2,"sub_code":"T0706","permit_status":"C01","inst_code":"NWG00305800","src_system":"長照機構暨長照人員相關管理資訊系統","attr_type":"私立","beds_approved":"29","target":"養護","licensed_at":"89.2.23","district":"秀水鄉","phone":"04-7680316"}},{"type":"Feature","geometry":{"type":"Point","coordinates":[120.493291,24.03111]},"properties":{"uid":"welfare_06802","name":"彰化縣私立福澤長期照顧中心(養護型)","welfare_class":"elderly_residential","uni_no":"39746604","address":"彰化縣秀水鄉福安村民意街187巷40號","city":"彰化縣","coord_source":"tgos_upstream","coord_precision":"upstream","src_datasets":"165355","n_src":1,"sub_code":"T0706","permit_status":"C01","inst_code":"NWG00305819","src_system":"長照機構暨長照人員相關管理資訊系統"}},{"type":"Feature","geometry":{"type":"Point","coordinates":[120.503424,24.055962]},"properties":{"uid":"welfare_06803","name":"彰化縣私立立安老人長期照顧中心(養護型)","welfare_class":"elderly_residential","address":"彰化縣秀水鄉鶴鳴村6鄰明山街70-2號","city":"彰化縣","coord_source":"tgos_upstream","coord_precision":"upstream","src_datasets":"165355|8572","n_src":2,"sub_code":"T0706","permit_status":"C01","inst_code":"NWG00305828","src_system":"長照機構暨長照人員相關管理資訊系統","attr_type":"私立","beds_approved":"14","target":"養護","licensed_at":"103.6.19","district":"秀水鄉","phone":"04-7685493"}},{"type":"Feature","geometry":{"type":"Point","coordinates":[120.489834,24.10105]},"properties":{"uid":"welfare_06804","name":"彰化縣私立和慷老人養護中心","welfare_class":"elderly_residential","address":"彰化縣和美鎮鹿和路5段301巷25號","city":"彰化縣","coord_source":"tgos_upstream","coord_precision":"upstream","src_datasets":"165355|8572","n_src":2,"sub_code":"T0706","permit_status":"C01","inst_code":"NWG00305837","src_system":"長照機構暨長照人員相關管理資訊系統","attr_type":"私立","beds_approved":"43","target":"養護\n長照","licensed_at":"94.9.21","district":"和美鎮","phone":"04-7559222"}},{"type":"Feature","geometry":{"type":"Point","coordinates":[120.567449,24.015509]},"properties":{"uid":"welfare_06805","name":"彰化縣私立龍慶老人養護中心","welfare_class":"elderly_residential","address":"彰化縣花壇鄉三春村後厝2巷41弄3號","city":"彰化縣","coord_source":"tgos_upstream","coord_precision":"upstream","src_datasets":"165355|8572","n_src":2,"sub_code":"T0706","permit_status":"C01","inst_code":"NWG00305855","src_system":"長照機構暨長照人員相關管理資訊系統","attr_type":"私立","beds_approved":"48","target":"養護","licensed_at":"88.5.17","district":"花壇鄉","phone":"04-7878407"}},{"type":"Feature","geometry":{"type":"Point","coordinates":[120.593108,23.945264]},"properties":{"uid":"welfare_06806","name":"彰化縣私立惠親老人養護中心","welfare_class":"elderly_residential","address":"彰化縣員林市崙雅里崙雅巷5-27號","city":"彰化縣","coord_source":"tgos_upstream","coord_precision":"upstream","src_datasets":"165355|8572","n_src":2,"sub_code":"T0706","permit_status":"C01","inst_code":"NWG00305873","src_system":"長照機構暨長照人員相關管理資訊系統","attr_type":"私立","beds_approved":"49","target":"養護\n長照","licensed_at":"95.12.28","district":"員林市","phone":"04-8310331"}},{"type":"Feature","geometry":{"type":"Point","coordinates":[120.514275,23.933737]},"properties":{"uid":"welfare_06807","name":"彰化縣私立羅厝老人長期照顧中心(長期照護型)","welfare_class":"elderly_residential","address":"彰化縣埔心鄉羅永路49-8號","city":"彰化縣","coord_source":"tgos_upstream","coord_precision":"upstream","src_datasets":"165355|8572","n_src":2,"sub_code":"T0706","permit_status":"C01","inst_code":"NWG00305882","src_system":"長照機構暨長照人員相關管理資訊系統","attr_type":"私立","beds_approved":"41","target":"養護\n長照","licensed_at":"99.11.23","district":"埔心鄉","phone":"04-8283650"}},{"type":"Feature","geometry":{"type":"Point","coordinates":[120.466753,23.873398]},"properties":{"uid":"welfare_06808","name":"彰化縣私立和煬老人長期照顧中心(養護型)","welfare_class":"elderly_residential","address":"彰化縣埤頭鄉芙朝村東環路二段320巷36號","city":"彰化縣","coord_source":"tgos_upstream","coord_precision":"upstream","src_datasets":"165355|8572","n_src":2,"sub_code":"T0706","permit_status":"C01","inst_code":"NWG00305891","src_system":"長照機構暨長照人員相關管理資訊系統","attr_type":"私立","beds_approved":"48","target":"養護","licensed_at":"101.10.11","district":"埤頭鄉","phone":"04-8921878"}},{"type":"Feature","geometry":{"type":"Point","coordinates":[120.487858,23.933886]},"properties":{"uid":"welfare_06809","name":"彰化縣私立新溪湖老人長期照顧中心(養護型)","welfare_class":"elderly_residential","address":"彰化縣溪湖鎮媽厝里湳底路89-38號","city":"彰化縣","coord_source":"tgos_upstream","coord_precision":"upstream","src_datasets":"165355|8572","n_src":2,"sub_code":"T0706","permit_status":"C01","inst_code":"NWG00305909","src_system":"長照機構暨長照人員相關管理資訊系統","attr_type":"私立","beds_approved":"43","target":"養護\n長照","licensed_at":"99.8.5","district":"溪湖鎮","phone":"04-8821991"}},{"type":"Feature","geometry":{"type":"Point","coordinates":[120.510763,23.959403]},"properties":{"uid":"welfare_06810","name":"彰化縣私立聖榕園老人長期照顧中心(養護型)","welfare_class":"elderly_residential","address":"彰化縣溪湖鎮東溪里榕樹路130號","city":"彰化縣","coord_source":"tgos_upstream","coord_precision":"upstream","src_datasets":"165355|8572","n_src":2,"sub_code":"T0706","permit_status":"C01","inst_code":"NWG00305918","src_system":"長照機構暨長照人員相關管理資訊系統","attr_type":"私立","beds_approved":"44","target":"養護","licensed_at":"97.6.6","district":"溪湖鎮","phone":"04-8822022"}},{"type":"Feature","geometry":{"type":"Point","coordinates":[120.568864,24.066645]},"properties":{"uid":"welfare_06811","name":"衛生福利部彰化老人養護中心","welfare_class":"elderly_residential","address":"彰化縣彰化市桃源里虎崗路1號","city":"彰化縣","coord_source":"tgos_upstream","coord_precision":"upstream","src_datasets":"165355|8572","n_src":2,"sub_code":"T0706","permit_status":"C01","inst_code":"NWG00305927","src_system":"長照機構暨長照人員相關管理資訊系統","attr_type":"公立","beds_approved":"360","target":"養護              長照    失智","licensed_at":"96.9","district":"彰化市","phone":"04-7258131"}},{"type":"Feature","geometry":{"type":"Point","coordinates":[120.540381,24.062259]},"properties":{"uid":"welfare_06812","name":"彰化縣私立新仁愛老人養護中心","welfare_class":"elderly_residential","address":"彰化縣彰化市延平路475巷9號1樓、2樓","city":"彰化縣","coord_source":"tgos_upstream","coord_precision":"upstream","src_datasets":"165355|8572","n_src":2,"sub_code":"T0706","permit_status":"C01","inst_code":"NWG00305936","src_system":"長照機構暨長照人員相關管理資訊系統","attr_type":"私立","beds_approved":"10","target":"養護","licensed_at":"91.6.5","district":"彰化市","phone":"04-7119597"}},{"type":"Feature","geometry":{"type":"Point","coordinates":[120.526019,24.072678]},"properties":{"uid":"welfare_06813","name":"彰化縣私立群燕老人養護中心","welfare_class":"elderly_residential","address":"彰化縣彰化市林森路157號","city":"彰化縣","coord_source":"tgos_upstream","coord_precision":"upstream","src_datasets":"165355|8572","n_src":2,"sub_code":"T0706","permit_status":"C01","inst_code":"NWG00305954","src_system":"長照機構暨長照人員相關管理資訊系統","attr_type":"私立","beds_approved":"35","target":"養護\n長照","licensed_at":"95.8.26","district":"彰化市","phone":"04-7610988"}},{"type":"Feature","geometry":{"type":"Point","coordinates":[120.547054,24.083134]},"properties":{"uid":"welfare_06814","name":"財團法人台灣省私立台中仁愛之家附設彰化縣私立慈惠老人養護中心","welfare_class":"elderly_residential","address":"彰化縣彰化市中民街100號","city":"彰化縣","coord_source":"tgos_upstream","coord_precision":"upstream","src_datasets":"165355|8572","n_src":2,"sub_code":"T0706","permit_status":"C01","inst_code":"NWG00305963","src_system":"長照機構暨長照人員相關管理資訊系統","attr_type":"私立","beds_approved":"212","target":"養護\n長照","licensed_at":"95.3.17","district":"彰化市","phone":"04-7276668"}},{"type":"Feature","geometry":{"type":"Point","coordinates":[120.519355,24.064305]},"properties":{"uid":"welfare_06815","name":"彰化縣私立和德老人長期照顧中心(養護型)","welfare_class":"elderly_residential","address":"彰化縣彰化市東芳里永芳路58號","city":"彰化縣","coord_source":"tgos_upstream","coord_precision":"upstream","src_datasets":"165355|8572","n_src":2,"sub_code":"T0706","permit_status":"C01","inst_code":"NWG00305972","src_system":"長照機構暨長照人員相關管理資訊系統","attr_type":"私立","beds_approved":"49","target":"養護\n長照","licensed_at":"102.12.9","district":"彰化市","phone":"04-7638508"}},{"type":"Feature","geometry":{"type":"Point","coordinates":[120.372424,23.99615]},"properties":{"uid":"welfare_06816","name":"彰化縣私立澄欣老人長期照顧中心(養護型)","welfare_class":"elderly_residential","address":"彰化縣芳苑鄉漢寶村漢崙路77巷8號","city":"彰化縣","coord_source":"tgos_upstream","coord_precision":"upstream","src_datasets":"165355|8572","n_src":2,"sub_code":"T0706","permit_status":"C01","inst_code":"NWG00305990","src_system":"長照機構暨長照人員相關管理資訊系統","attr_type":"私立","beds_approved":"49","target":"養護","licensed_at":"105.8.18","district":"芳苑鄉","phone":"04-8991047"}},{"type":"Feature","geometry":{"type":"Point","coordinates":[120.586499,23.910156]},"properties":{"uid":"welfare_06817","name":"彰化縣私立一尚安老人養護中心","welfare_class":"elderly_residential","address":"彰化縣社頭鄉中山路三段60巷288弄60號","city":"彰化縣","coord_source":"tgos_upstream","coord_precision":"upstream","src_datasets":"165355|8572","n_src":2,"sub_code":"T0706","permit_status":"C01","inst_code":"NWG00307817","src_system":"長照機構暨長照人員相關管理資訊系統","attr_type":"私立","beds_approved":"41","target":"養護\n長照","licensed_at":"93.4.23","district":"社頭鄉","phone":"04-8736035"}},{"type":"Feature","geometry":{"type":"Point","coordinates":[120.63023,23.960429]},"properties":{"uid":"welfare_06818","name":"彰化縣私立芬園老人養護中心","welfare_class":"elderly_residential","address":"彰化縣芬園鄉大彰路一段458號","city":"彰化縣","coord_source":"tgos_upstream","coord_precision":"upstream","src_datasets":"165355|8572","n_src":2,"sub_code":"T0706","permit_status":"C01","inst_code":"NWG00307826","src_system":"長照機構暨長照人員相關管理資訊系統","attr_type":"私立","beds_approved":"35","target":"養護\n長照","licensed_at":"96.10.22","district":"芬園鄉","phone":"04-8590760 "}},{"type":"Feature","geometry":{"type":"Point","coordinates":[120.603109,23.939447]},"properties":{"uid":"welfare_06819","name":"彰化縣私立大員林老人長期照顧中心(養護型)","welfare_class":"elderly_residential","address":"彰化縣員林市林厝里5鄰員南路360號","city":"彰化縣","coord_source":"tgos_upstream","coord_precision":"upstream","src_datasets":"165355|8572","n_src":2,"sub_code":"T0706","permit_status":"C01","inst_code":"NWG00307835","src_system":"長照機構暨長照人員相關管理資訊系統","attr_type":"私立","beds_approved":"49","target":"養護\n長照","licensed_at":"103.4.1","district":"員林市","phone":"04-8394888"}},{"type":"Feature","geometry":{"type":"Point","coordinates":[120.55694,23.889541]},"properties":{"uid":"welfare_06820","name":"彰化縣私立博愛老人養護中心","welfare_class":"elderly_residential","address":"彰化縣田尾鄉南鎮村平和路1段73號","city":"彰化縣","coord_source":"tgos_upstream","coord_precision":"upstream","src_datasets":"165355|8572","n_src":2,"sub_code":"T0706","permit_status":"C01","inst_code":"NWG00308447","src_system":"長照機構暨長照人員相關管理資訊系統","attr_type":"私立","beds_approved":"41","target":"養護","licensed_at":"96.3.20","district":"田尾鄉","phone":"04-8238338"}},{"type":"Feature","geometry":{"type":"Point","coordinates":[120.514626,23.934195]},"properties":{"uid":"welfare_06821","name":"彰化縣私立友福老人長期照顧中心(養護型)","welfare_class":"elderly_residential","address":"彰化縣埔心鄉羅永路49-9號1樓","city":"彰化縣","coord_source":"google","coord_precision":"exact","src_datasets":"165355|8572","n_src":2,"sub_code":"T0706","permit_status":"C01","inst_code":"NWG00308456","src_system":"長照機構暨長照人員相關管理資訊系統","attr_type":"私立","beds_approved":"45","target":"養護","licensed_at":"98.5.22","district":"埔心鄉","phone":"04-8285720"}},{"type":"Feature","geometry":{"type":"Point","coordinates":[120.45786,23.844311]},"properties":{"uid":"welfare_06822","name":"彰化縣私立晨閔老人長期照顧中心(養護型)","welfare_class":"elderly_residential","address":"彰化縣埤頭鄉彰水路1段275號","city":"彰化縣","coord_source":"tgos_upstream","coord_precision":"upstream","src_datasets":"165355|8572","n_src":2,"sub_code":"T0706","permit_status":"C01","inst_code":"NWG00308870","src_system":"長照機構暨長照人員相關管理資訊系統","attr_type":"私立","beds_approved":"33","target":"養護","licensed_at":"108.5.20","district":"埤頭鄉","phone":"04-8891992"}},{"type":"Feature","geometry":{"type":"Point","coordinates":[120.391178,23.935986]},"properties":{"uid":"welfare_06823","name":"彰化縣私立德昌老人長期照顧中心(養護型)","welfare_class":"elderly_residential","address":"彰化縣二林鎮趙甲里鎮平巷15-25號","city":"彰化縣","coord_source":"tgos_upstream","coord_precision":"upstream","src_datasets":"165355|8572","n_src":2,"sub_code":"T0706","permit_status":"C01","inst_code":"NWG00309004","src_system":"長照機構暨長照人員相關管理資訊系統","attr_type":"私立","beds_approved":"45","target":"養護","licensed_at":"108.7.1","district":"二林鎮","phone":"04-8961212"}},{"type":"Feature","geometry":{"type":"Point","coordinates":[120.488674,23.939958]},"properties":{"uid":"welfare_06824","name":"彰化縣私立璽悅老人長期照顧中心(養護型)","welfare_class":"elderly_residential","address":"彰化縣溪湖鎮媽厝里湳底路87之18號","city":"彰化縣","coord_source":"tgos_upstream","coord_precision":"upstream","src_datasets":"165355|8572","n_src":2,"sub_code":"T0706","permit_status":"C01","inst_code":"NWG00309446","src_system":"長照機構暨長照人員相關管理資訊系統","attr_type":"私立","beds_approved":"49","target":"養護","licensed_at":"109.7.9","district":"溪湖鎮","phone":"04-8810558"}},{"type":"Feature","geometry":{"type":"Point","coordinates":[120.521548,23.919184]},"properties":{"uid":"welfare_06825","name":"財團法人彰化縣私立葳群公益慈善事業基金會附設彰化縣私立葳群老人長期照顧中心(養護型)","welfare_class":"elderly_residential","address":"彰化縣永靖鄉福興村永福路二段218號","city":"彰化縣","coord_source":"tgos_upstream","coord_precision":"upstream","src_datasets":"165355|8572","n_src":2,"sub_code":"T0706","permit_status":"C01","inst_code":"NWG00309554","src_system":"長照機構暨長照人員相關管理資訊系統","attr_type":"私立","beds_approved":"186","target":"養護\n長照","licensed_at":"100.11.25","district":"永靖鄉","phone":"04-8246888"}},{"type":"Feature","geometry":{"type":"Point","coordinates":[120.443884,23.949777]},"properties":{"uid":"welfare_06826","name":"財團法人彰化縣私立慈恩老人養護中心","welfare_class":"elderly_residential","address":"彰化縣二林鎮華崙里光復路61巷20號","city":"彰化縣","coord_source":"tgos_upstream","coord_precision":"upstream","src_datasets":"165355|8572","n_src":2,"sub_code":"T0706","permit_status":"C01","inst_code":"NWG00310066","src_system":"長照機構暨長照人員相關管理資訊系統","attr_type":"私立","beds_approved":"198","target":"養護\n長照","licensed_at":"91.2.18","district":"二林鎮","phone":"04-8681199"}},{"type":"Feature","geometry":{"type":"Point","coordinates":[120.609053,23.911923]},"properties":{"uid":"welfare_06827","name":"財團法人彰化縣私立珍瑩老人養護中心","welfare_class":"elderly_residential","address":"彰化縣社頭鄉山腳路2段726巷23號","city":"彰化縣","coord_source":"tgos_upstream","coord_precision":"upstream","src_datasets":"165355|8572","n_src":2,"sub_code":"T0706","permit_status":"C01","inst_code":"NWG00310075","src_system":"長照機構暨長照人員相關管理資訊系統","attr_type":"私立","beds_approved":"45","target":"養護","licensed_at":"83.6.20","district":"社頭鄉","phone":"04-8721297"}},{"type":"Feature","geometry":{"type":"Point","coordinates":[120.545103,24.080845]},"properties":{"uid":"welfare_06828","name":"彰化縣私立吉祥老人養護中心","welfare_class":"elderly_residential","address":"彰化縣彰化市永福里光復路25號2至4樓","city":"彰化縣","coord_source":"tgos_upstream","coord_precision":"upstream","src_datasets":"165355|8572","n_src":2,"sub_code":"T0706","permit_status":"C01","inst_code":"NWG00310084","src_system":"長照機構暨長照人員相關管理資訊系統","attr_type":"私立","beds_approved":"49","target":"養護","licensed_at":"89.6.27","district":"彰化市","phone":"04-7299727"}},{"type":"Feature","geometry":{"type":"Point","coordinates":[120.514174,24.014818]},"properties":{"uid":"welfare_06829","name":"彰化縣私立賜福老人長期照顧中心(養護型)","welfare_class":"elderly_residential","uni_no":"99375182","address":"彰化縣秀水鄉陜西水尾巷2號","city":"彰化縣","coord_source":"tgos_upstream","coord_precision":"upstream","src_datasets":"165355","n_src":1,"sub_code":"T0706","permit_status":"C01","inst_code":"NWG00310110","src_system":"長照機構暨長照人員相關管理資訊系統"}},{"type":"Feature","geometry":{"type":"Point","coordinates":[120.487502,24.122188]},"properties":{"uid":"welfare_06830","name":"彰化縣私立慈美老人長期照顧中心(養護型)","welfare_class":"elderly_residential","address":"彰化縣和美鎮西美路183號","city":"彰化縣","coord_source":"tgos_upstream","coord_precision":"upstream","src_datasets":"165355|8572","n_src":2,"sub_code":"T0706","permit_status":"C01","inst_code":"NWG00310129","src_system":"長照機構暨長照人員相關管理資訊系統","attr_type":"私立","beds_approved":"49","target":"養護\n長照","licensed_at":"101.6.12","district":"和美鎮","phone":"04-7568497"}},{"type":"Feature","geometry":{"type":"Point","coordinates":[120.430452,24.034882]},"properties":{"uid":"welfare_06831","name":"彰化縣私立文祥老人長期照顧中心(養護型)","welfare_class":"elderly_residential","address":"彰化縣福興鄉秀厝村秀安二街112巷77號","city":"彰化縣","coord_source":"tgos_upstream","coord_precision":"upstream","src_datasets":"165355|8572","n_src":2,"sub_code":"T0706","permit_status":"C01","inst_code":"NWG00310147","src_system":"長照機構暨長照人員相關管理資訊系統","attr_type":"私立","beds_approved":"48","target":"養護","licensed_at":"103.12.9","district":"福興鄉","phone":"04-7781015"}},{"type":"Feature","geometry":{"type":"Point","coordinates":[120.524165,24.046019]},"properties":{"uid":"welfare_06832","name":"財團法人彰化縣私立茉莉園社會福利慈善事業基金會附設彰化縣私立茉莉園老人長期照顧中心(養護型)","welfare_class":"elderly_residential","address":"彰化縣花壇鄉北口村彰花路651巷37號","city":"彰化縣","coord_source":"tgos_upstream","coord_precision":"upstream","src_datasets":"165355|8572","n_src":2,"sub_code":"T0706","permit_status":"C01","inst_code":"NWG00310165","src_system":"長照機構暨長照人員相關管理資訊系統","attr_type":"私立","beds_approved":"156","target":"長照","licensed_at":"97.6.26","district":"花壇鄉","phone":"04-7519088"}},{"type":"Feature","geometry":{"type":"Point","coordinates":[120.485615,24.148565]},"properties":{"uid":"welfare_06833","name":"彰化縣私立主光老人養護中心","welfare_class":"elderly_residential","address":"彰化縣伸港鄉忠孝路31號","city":"彰化縣","coord_source":"tgos_upstream","coord_precision":"upstream","src_datasets":"165355|8572","n_src":2,"sub_code":"T0706","permit_status":"C01","inst_code":"NWG00310183","src_system":"長照機構暨長照人員相關管理資訊系統","attr_type":"私立","beds_approved":"48","target":"養護\n長照","licensed_at":"96.11.14","district":"伸港鄉","phone":"04-7980892"}},{"type":"Feature","geometry":{"type":"Point","coordinates":[120.607874,24.034081]},"properties":{"uid":"welfare_06834","name":"財團法人彰化縣私立愛如心老人養護中心","welfare_class":"elderly_residential","address":"彰化縣芬園鄉舊社村中興路376號","city":"彰化縣","coord_source":"tgos_upstream","coord_precision":"upstream","src_datasets":"165355|8572","n_src":2,"sub_code":"T0706","permit_status":"C01","inst_code":"NWG00310192","src_system":"長照機構暨長照人員相關管理資訊系統","attr_type":"私立","beds_approved":"77","target":"養護\n長照","licensed_at":"91.10.31","district":"芬園鄉","phone":"049-2520987"}},{"type":"Feature","geometry":{"type":"Point","coordinates":[120.457623,24.008057]},"properties":{"uid":"welfare_06835","name":"彰化縣私立好修老人長期照顧中心(養護型)","welfare_class":"elderly_residential","address":"彰化縣埔鹽鄉好修村3鄰員鹿路二段170號","city":"彰化縣","coord_source":"tgos_upstream","coord_precision":"upstream","src_datasets":"165355|8572","n_src":2,"sub_code":"T0706","permit_status":"C01","inst_code":"NWG00310200","src_system":"長照機構暨長照人員相關管理資訊系統","attr_type":"私立","beds_approved":"49","target":"養護","licensed_at":"103.2.25","district":"埔鹽鄉","phone":"04-8654888"}},{"type":"Feature","geometry":{"type":"Point","coordinates":[120.603678,23.951606]},"properties":{"uid":"welfare_06836","name":"財團法人彰化縣私立廣成社會福利慈善事業基金會附設老人安養中心","welfare_class":"elderly_residential","address":"彰化縣員林市員水路1段102巷76號","city":"彰化縣","coord_source":"tgos_upstream","coord_precision":"upstream","src_datasets":"165355|8572","n_src":2,"sub_code":"T0708","permit_status":"C01","inst_code":"NWJ00307797","src_system":"長照機構暨長照人員相關管理資訊系統","attr_type":"私立","beds_approved":"101","target":"安養\n養護","licensed_at":"79.12.15","district":"員林市","phone":"04-8337536"}},{"type":"Feature","geometry":{"type":"Point","coordinates":[120.954679,24.793538]},"properties":{"uid":"welfare_06920","name":"國軍退除役官兵輔導委員會新竹榮譽國民之家","welfare_class":"elderly_residential","uni_no":"46807605","address":"新竹市北區崧嶺路57巷41號","city":"新竹市","coord_source":"tgos_upstream","coord_precision":"upstream","src_datasets":"165355","n_src":1,"sub_code":"T0605","permit_status":"C04","inst_code":"OFE00347181","src_system":"長照機構暨長照人員相關管理資訊系統"}},{"type":"Feature","geometry":{"type":"Point","coordinates":[120.964884,24.827608]},"properties":{"uid":"welfare_07004","name":"新竹市私立人瑞老人長期照顧中心(養護型)","welfare_class":"elderly_residential","address":"新竹市北區公道五路四段547號","city":"新竹市","coord_source":"tgos_upstream","coord_precision":"upstream","src_datasets":"165355|8572","n_src":2,"sub_code":"T0706","permit_status":"C01","inst_code":"OWG00305313","src_system":"長照機構暨長照人員相關管理資訊系統","attr_type":"私立","beds_approved":"38","target":"養護","licensed_at":"95.10.11設立103.10.25變更負責人","district":"北區","phone":"03-5330080"}},{"type":"Feature","geometry":{"type":"Point","coordinates":[120.920461,24.733658]},"properties":{"uid":"welfare_07005","name":"新竹市私立仙樂園老人長期照顧中心（養護型）","welfare_class":"elderly_residential","address":"新竹市香山區中華路六段647巷75弄1之3號","city":"新竹市","coord_source":"tgos_upstream","coord_precision":"upstream","src_datasets":"165355|8572","n_src":2,"sub_code":"T0706","permit_status":"C01","inst_code":"OWG00305322","src_system":"長照機構暨長照人員相關管理資訊系統","attr_type":"私立","beds_approved":"34","target":"養護","licensed_at":"88.04.13設立\n101.11.16變更負責人","district":"香山區","phone":"03-5371155"}},{"type":"Feature","geometry":{"type":"Point","coordinates":[120.952212,24.832612]},"properties":{"uid":"welfare_07006","name":"新竹市私立弘愛老人長期照顧中心(養護型)","welfare_class":"elderly_residential","address":"新竹市北區東大路三段180號","city":"新竹市","coord_source":"tgos_upstream","coord_precision":"upstream","src_datasets":"165355|8572","n_src":2,"sub_code":"T0706","permit_status":"C01","inst_code":"OWG00305331","src_system":"長照機構暨長照人員相關管理資訊系統","attr_type":"私立","beds_approved":"43","target":"養護","licensed_at":"105.01.06","district":"北區","phone":"03-5366906"}},{"type":"Feature","geometry":{"type":"Point","coordinates":[120.91846,24.778714]},"properties":{"uid":"welfare_07007","name":"新竹市私立建嘉老人長期照顧中心(養護型)","welfare_class":"elderly_residential","address":"新竹市香山區中華路五段392、396號","city":"新竹市","coord_source":"tgos_upstream","coord_precision":"upstream","src_datasets":"165355|8572","n_src":2,"sub_code":"T0706","permit_status":"C01","inst_code":"OWG00308905","src_system":"長照機構暨長照人員相關管理資訊系統","attr_type":"私立","beds_approved":"48","target":"養護","licensed_at":"97.03.23","district":"香山區","phone":"03-5386677"}},{"type":"Feature","geometry":{"type":"Point","coordinates":[120.963514,24.801715]},"properties":{"uid":"welfare_07008","name":"財團法人台灣省私立桃園仁愛之家附設新竹老人養護中心","welfare_class":"elderly_residential","address":"新竹市北區興南里西門街116號","city":"新竹市","coord_source":"tgos_upstream","coord_precision":"upstream","src_datasets":"165355|8572","n_src":2,"sub_code":"T0706","permit_status":"C01","inst_code":"OWG00309319","src_system":"長照機構暨長照人員相關管理資訊系統","attr_type":"私立","beds_approved":"200","target":"養護   ","licensed_at":"89.05","district":"北區","phone":"03-5285585"}},{"type":"Feature","geometry":{"type":"Point","coordinates":[120.945507,24.804811]},"properties":{"uid":"welfare_07009","name":"財團法人基督教中華協力會附設新竹市私立伯大尼老人養護中心","welfare_class":"elderly_residential","address":"新竹市北區延平路一段491號","city":"新竹市","coord_source":"tgos_upstream","coord_precision":"upstream","src_datasets":"165355|8572","n_src":2,"sub_code":"T0706","permit_status":"C01","inst_code":"OWG00311398","src_system":"長照機構暨長照人員相關管理資訊系統","attr_type":"私立","beds_approved":"48","target":"養護","licensed_at":"93.01.16","district":"北區","phone":"03-5244222"}},{"type":"Feature","geometry":{"type":"Point","coordinates":[120.911272,24.758343]},"properties":{"uid":"welfare_07010","name":"新竹市私立懷親老人養護中心","welfare_class":"elderly_residential","address":"新竹市香山區中華路五段599巷3號","city":"新竹市","coord_source":"tgos_upstream","coord_precision":"upstream","src_datasets":"165355|8572","n_src":2,"sub_code":"T0706","permit_status":"C01","inst_code":"OWG00311406","src_system":"長照機構暨長照人員相關管理資訊系統","attr_type":"私立","beds_approved":"43","target":"養護","licensed_at":"95.05.24","district":"香山區","phone":"03-5377686"}},{"type":"Feature","geometry":{"type":"Point","coordinates":[120.968704,24.797089]},"properties":{"uid":"welfare_07011","name":"新竹市私立欣安老人長期照顧中心(養護型)","welfare_class":"elderly_residential","address":"新竹市東區南大路428號2樓、3樓","city":"新竹市","coord_source":"tgos_upstream","coord_precision":"upstream","src_datasets":"165355|8572","n_src":2,"sub_code":"T0706","permit_status":"C01","inst_code":"OWG00311415","src_system":"長照機構暨長照人員相關管理資訊系統","attr_type":"私立","beds_approved":"43","target":"養護","licensed_at":"95.02.13設立\n105.01.26擴床","district":"東區","phone":"03-5629737"}},{"type":"Feature","geometry":{"type":"Point","coordinates":[120.963319,24.808506]},"properties":{"uid":"welfare_07012","name":"新竹市私立慈慧老人長期照顧中心（養護型）","welfare_class":"elderly_residential","address":"新竹市北區新民街27之1號、新竹市北區新民街33巷9號","city":"新竹市","coord_source":"tgos_upstream","coord_precision":"upstream","src_datasets":"165355|8572","n_src":2,"sub_code":"T0706","permit_status":"C01","inst_code":"OWG00311424","src_system":"長照機構暨長照人員相關管理資訊系統","attr_type":"私立","beds_approved":"48","target":"養護","licensed_at":"101.10.05","district":"北區","phone":"03-5266200"}},{"type":"Feature","geometry":{"type":"Point","coordinates":[120.558995,23.703759]},"properties":{"uid":"welfare_07218","name":"國軍退除役官兵輔導委員會雲林榮譽國民之家","welfare_class":"elderly_residential","uni_no":"63505008","address":"雲林縣斗六市榮譽路160號","city":"雲林縣","coord_source":"tgos_upstream","coord_precision":"upstream","src_datasets":"165355","n_src":1,"sub_code":"T0605","permit_status":"C04","inst_code":"PFE00347216","src_system":"長照機構暨長照人員相關管理資訊系統"}},{"type":"Feature","geometry":{"type":"Point","coordinates":[120.320757,23.645316]},"properties":{"uid":"welfare_07262","name":"雲林縣私立萊園長期照護中心","welfare_class":"elderly_residential","address":"雲林縣元長鄉元南路6-20號","city":"雲林縣","coord_source":"tgos_upstream","coord_precision":"upstream","src_datasets":"165355|8572","n_src":2,"sub_code":"T0705","permit_status":"C01","inst_code":"PWF00306024","src_system":"長照機構暨長照人員相關管理資訊系統","attr_type":"私立","beds_approved":"30","target":"長照","licensed_at":"97.07","district":"元長鄉","phone":"05-7888955"}},{"type":"Feature","geometry":{"type":"Point","coordinates":[120.563258,23.615364]},"properties":{"uid":"welfare_07263","name":"雲林縣私立古坑老人長期照顧中心(長期照護型)","welfare_class":"elderly_residential","uni_no":"45735978","address":"雲林縣古坑鄉永光村光華路190號","city":"雲林縣","coord_source":"tgos_upstream","coord_precision":"upstream","src_datasets":"165355","n_src":1,"sub_code":"T0705","permit_status":"C01","inst_code":"PWF00311181","src_system":"長照機構暨長照人員相關管理資訊系統"}},{"type":"Feature","geometry":{"type":"Point","coordinates":[120.28779,23.583117]},"properties":{"uid":"welfare_07264","name":"雲林縣私立長榮老人長期照顧中心(長期照護型)","welfare_class":"elderly_residential","uni_no":"25342807","address":"雲林縣北港鎮西勢里民樂路427-28號","city":"雲林縣","coord_source":"offline_l2","coord_precision":"exact","src_datasets":"165355","n_src":1,"sub_code":"T0705","permit_status":"C01","inst_code":"PWF00311208","src_system":"長照機構暨長照人員相關管理資訊系統"}},{"type":"Feature","geometry":{"type":"Point","coordinates":[120.322194,23.700931]},"properties":{"uid":"welfare_07265","name":"雲林縣私立三和老人長期照顧中心(長期照護型)","welfare_class":"elderly_residential","address":"雲林縣褒忠鄉中民村大部路2-68號","city":"雲林縣","coord_source":"tgos_upstream","coord_precision":"upstream","src_datasets":"165355|8572","n_src":2,"sub_code":"T0705","permit_status":"C01","inst_code":"PWF00311244","src_system":"長照機構暨長照人員相關管理資訊系統","attr_type":"私立","beds_approved":"49","target":"長照","licensed_at":"99.06","district":"褒忠鄉","phone":"05-6973618"}},{"type":"Feature","geometry":{"type":"Point","coordinates":[120.574403,23.676071]},"properties":{"uid":"welfare_07266","name":"雲林縣私立平安老人長期照顧中心(長期照護型)","welfare_class":"elderly_residential","uni_no":"25300784","address":"雲林縣古坑鄉荷苞村荷苞厝109-8號","city":"雲林縣","coord_source":"tgos_upstream","coord_precision":"upstream","src_datasets":"165355","n_src":1,"sub_code":"T0705","permit_status":"C01","inst_code":"PWF00311253","src_system":"長照機構暨長照人員相關管理資訊系統"}},{"type":"Feature","geometry":{"type":"Point","coordinates":[120.288304,23.58343]},"properties":{"uid":"welfare_07267","name":"私立安泰老人長期照護中心","welfare_class":"elderly_residential","uni_no":"14703804","address":"雲林縣北港鎮西勢里民樂路427-22號","city":"雲林縣","coord_source":"offline_l2","coord_precision":"exact","src_datasets":"165355","n_src":1,"sub_code":"T0705","permit_status":"C01","inst_code":"PWF00311299","src_system":"長照機構暨長照人員相關管理資訊系統"}},{"type":"Feature","geometry":{"type":"Point","coordinates":[120.387092,23.668558]},"properties":{"uid":"welfare_07268","name":"雲林縣私立養生老人長期照顧中心（養護型）","welfare_class":"elderly_residential","address":"雲林縣土庫鎮忠正里中華路100號","city":"雲林縣","coord_source":"tgos_upstream","coord_precision":"upstream","src_datasets":"165355|8572","n_src":2,"sub_code":"T0706","permit_status":"C01","inst_code":"PWG00306005","src_system":"長照機構暨長照人員相關管理資訊系統","attr_type":"私立","beds_approved":"49","target":"養護","licensed_at":"102.3","district":"土庫鎮","phone":"05-6624800"}},{"type":"Feature","geometry":{"type":"Point","coordinates":[120.433983,23.6429]},"properties":{"uid":"welfare_07269","name":"雲林縣私立大華老人長期照顧中心〈養護型〉","welfare_class":"elderly_residential","address":"雲林縣大埤鄉南和村20鄰民族路81號","city":"雲林縣","coord_source":"tgos_upstream","coord_precision":"upstream","src_datasets":"165355|8572","n_src":2,"sub_code":"T0706","permit_status":"C01","inst_code":"PWG00306014","src_system":"長照機構暨長照人員相關管理資訊系統","attr_type":"私立","beds_approved":"49","target":"養護","licensed_at":"101.1","district":"大埤鄉","phone":"05-5918758"}},{"type":"Feature","geometry":{"type":"Point","coordinates":[120.516559,23.729444]},"properties":{"uid":"welfare_07270","name":"雲林縣私立慈暉老人養護中心","welfare_class":"elderly_residential","address":"雲林縣斗六市虎溪里興農路632號","city":"雲林縣","coord_source":"tgos_upstream","coord_precision":"upstream","src_datasets":"165355|8572","n_src":2,"sub_code":"T0706","permit_status":"C01","inst_code":"PWG00306032","src_system":"長照機構暨長照人員相關管理資訊系統","attr_type":"私立","beds_approved":"46","target":"養護","licensed_at":"93.04","district":"斗六市","phone":"05-5510711"}},{"type":"Feature","geometry":{"type":"Point","coordinates":[120.315045,23.579573]},"properties":{"uid":"welfare_07271","name":"雲林縣私立安家園老人長期照顧中心〈養護型〉","welfare_class":"elderly_residential","address":"雲林縣北港鎮後溝里7鄰灣內77號","city":"雲林縣","coord_source":"tgos_upstream","coord_precision":"upstream","src_datasets":"165355|8572","n_src":2,"sub_code":"T0706","permit_status":"C01","inst_code":"PWG00306041","src_system":"長照機構暨長照人員相關管理資訊系統","attr_type":"私立","beds_approved":"49","target":"養護","licensed_at":"100.11","district":"北港鎮","phone":"05-7821666"}},{"type":"Feature","geometry":{"type":"Point","coordinates":[120.314933,23.579236]},"properties":{"uid":"welfare_07272","name":"雲林縣私立安親院老人長期照顧中心〈養護型〉","welfare_class":"elderly_residential","address":"雲林縣北港鎮後溝里灣仔內路76號","city":"雲林縣","coord_source":"tgos_upstream","coord_precision":"upstream","src_datasets":"165355|8572","n_src":2,"sub_code":"T0706","permit_status":"C01","inst_code":"PWG00306050","src_system":"長照機構暨長照人員相關管理資訊系統","attr_type":"私立","beds_approved":"49","target":"養護","licensed_at":"101.8","district":"北港鎮","phone":"05-7834995"}},{"type":"Feature","geometry":{"type":"Point","coordinates":[120.585866,23.599888]},"properties":{"uid":"welfare_07273","name":"雲林縣私立華山老人養護中心","welfare_class":"elderly_residential","address":"雲林縣古坑鄉華山村91號","city":"雲林縣","coord_source":"tgos_upstream","coord_precision":"upstream","src_datasets":"165355|8572","n_src":2,"sub_code":"T0706","permit_status":"C01","inst_code":"PWG00306069","src_system":"長照機構暨長照人員相關管理資訊系統","attr_type":"私立","beds_approved":"38","target":"養護","licensed_at":"99.08","district":"古坑鄉","phone":"05-5901879"}},{"type":"Feature","geometry":{"type":"Point","coordinates":[120.607414,23.750947]},"properties":{"uid":"welfare_07274","name":"財團法人雲林縣私立同仁仁愛之家","welfare_class":"elderly_residential","address":"雲林縣林內鄉林茂村復興路34號","city":"雲林縣","coord_source":"tgos_upstream","coord_precision":"upstream","src_datasets":"165355|8572","n_src":2,"sub_code":"T0706","permit_status":"C01","inst_code":"PWG00309354","src_system":"長照機構暨長照人員相關管理資訊系統","attr_type":"私立","beds_approved":"200","target":"養護","licensed_at":"102.3","district":"林內鄉","phone":"05-5892670"}},{"type":"Feature","geometry":{"type":"Point","coordinates":[120.485628,23.696648]},"properties":{"uid":"welfare_07275","name":"雲林縣私立寬宏老人長期照顧中心(養護型)","welfare_class":"elderly_residential","address":"雲林縣斗南鎮田頭里15鄰後庄路85號","city":"雲林縣","coord_source":"tgos_upstream","coord_precision":"upstream","src_datasets":"165355|8572","n_src":2,"sub_code":"T0706","permit_status":"C01","inst_code":"PWG00309408","src_system":"長照機構暨長照人員相關管理資訊系統","attr_type":"私立","beds_approved":"49","target":"養護","licensed_at":"109.2","district":"斗南鎮","phone":"05-5952318\n05-5952328"}},{"type":"Feature","geometry":{"type":"Point","coordinates":[120.575826,23.66447]},"properties":{"uid":"welfare_07276","name":"雲林縣私立家安老人長期照顧中心(養護型)","welfare_class":"elderly_residential","uni_no":"88580398","address":"雲林縣古坑鄉荷苞村荷包厝56-39號","city":"雲林縣","coord_source":"tgos_upstream","coord_precision":"upstream","src_datasets":"165355","n_src":1,"sub_code":"T0706","permit_status":"C01","inst_code":"PWG00309507","src_system":"長照機構暨長照人員相關管理資訊系統"}},{"type":"Feature","geometry":{"type":"Point","coordinates":[120.39685,23.686297]},"properties":{"uid":"welfare_07277","name":"雲林縣私立新樂園老人長期照顧中心(養護型)","welfare_class":"elderly_residential","uni_no":"45693739","address":"雲林縣虎尾鎮三合里吳厝59號","city":"雲林縣","coord_source":"tgos_upstream","coord_precision":"upstream","src_datasets":"165355","n_src":1,"sub_code":"T0706","permit_status":"C01","inst_code":"PWG00311063","src_system":"長照機構暨長照人員相關管理資訊系統"}},{"type":"Feature","geometry":{"type":"Point","coordinates":[120.599813,23.759051]},"properties":{"uid":"welfare_07278","name":"雲林縣私立永祥老人長期照顧中心(養護型)","welfare_class":"elderly_residential","address":"雲林縣林內鄉烏塗村5鄰忠庄58號","city":"雲林縣","coord_source":"tgos_upstream","coord_precision":"upstream","src_datasets":"165355|8572","n_src":2,"sub_code":"T0706","permit_status":"C01","inst_code":"PWG00311072","src_system":"長照機構暨長照人員相關管理資訊系統","attr_type":"私立","beds_approved":"48","target":"養護","licensed_at":"102.7","district":"林內鄉","phone":"05-5899266"}},{"type":"Feature","geometry":{"type":"Point","coordinates":[120.44819,23.795473]},"properties":{"uid":"welfare_07279","name":"雲林縣私立歡禧老人長期照顧中心(養護型)","welfare_class":"elderly_residential","address":"雲林縣西螺鎮中興里19鄰福來路265巷15號","city":"雲林縣","coord_source":"tgos_upstream","coord_precision":"upstream","src_datasets":"165355|8572","n_src":2,"sub_code":"T0706","permit_status":"C01","inst_code":"PWG00311081","src_system":"長照機構暨長照人員相關管理資訊系統","attr_type":"私立","beds_approved":"45","target":"養護","licensed_at":"99.06","district":"西螺鎮","phone":"05-5880797"}},{"type":"Feature","geometry":{"type":"Point","coordinates":[120.315038,23.58713]},"properties":{"uid":"welfare_07280","name":"雲林縣私立長青老人長期照顧中心(養護型)","welfare_class":"elderly_residential","uni_no":"26872281","address":"雲林縣北港鎮新厝里新厝110-30號","city":"雲林縣","coord_source":"tgos_upstream","coord_precision":"upstream","src_datasets":"165355","n_src":1,"sub_code":"T0706","permit_status":"C01","inst_code":"PWG00311090","src_system":"長照機構暨長照人員相關管理資訊系統"}},{"type":"Feature","geometry":{"type":"Point","coordinates":[120.458427,23.701575]},"properties":{"uid":"welfare_07281","name":"雲林縣私立健群老人長期照顧中心(養護型)","welfare_class":"elderly_residential","address":"雲林縣虎尾鎮平和里平和路35號","city":"雲林縣","coord_source":"google","coord_precision":"interpolated","src_datasets":"165355|8572","n_src":2,"sub_code":"T0706","permit_status":"C01","inst_code":"PWG00311108","src_system":"長照機構暨長照人員相關管理資訊系統","attr_type":"私立","beds_approved":"36","target":"養護","licensed_at":"103.12","district":"虎尾鎮","phone":"05-6362786"}},{"type":"Feature","geometry":{"type":"Point","coordinates":[120.540028,23.632536]},"properties":{"uid":"welfare_07282","name":"雲林縣私立聖誕老人長期照顧中心(養護型)","welfare_class":"elderly_residential","address":"雲林縣古坑鄉麻園村8鄰麻園60號","city":"雲林縣","coord_source":"tgos_upstream","coord_precision":"upstream","src_datasets":"165355|8572","n_src":2,"sub_code":"T0706","permit_status":"C01","inst_code":"PWG00311117","src_system":"長照機構暨長照人員相關管理資訊系統","attr_type":"私立","beds_approved":"49","target":"養護","licensed_at":"103.4","district":"古坑鄉","phone":"05-5823336"}},{"type":"Feature","geometry":{"type":"Point","coordinates":[120.496439,23.679549]},"properties":{"uid":"welfare_07283","name":"雲林縣私立恩惠老人長期照顧中心(養護型)","welfare_class":"elderly_residential","uni_no":"26899612","address":"雲林縣斗南鎮東明里新庄20-36號","city":"雲林縣","coord_source":"tgos_upstream","coord_precision":"upstream","src_datasets":"165355","n_src":1,"sub_code":"T0706","permit_status":"C01","inst_code":"PWG00311126","src_system":"長照機構暨長照人員相關管理資訊系統"}},{"type":"Feature","geometry":{"type":"Point","coordinates":[120.355119,23.754318]},"properties":{"uid":"welfare_07284","name":"雲林縣私立源春老人長期照顧中心(養護型)","welfare_class":"elderly_residential","uni_no":"39737400","address":"雲林縣崙背鄉崙前村面前厝60號","city":"雲林縣","coord_source":"tgos_upstream","coord_precision":"upstream","src_datasets":"165355","n_src":1,"sub_code":"T0706","permit_status":"C01","inst_code":"PWG00311135","src_system":"長照機構暨長照人員相關管理資訊系統"}},{"type":"Feature","geometry":{"type":"Point","coordinates":[120.407193,23.733611]},"properties":{"uid":"welfare_07285","name":"雲林縣私立孝親養源老人長期照顧中心(養護型)","welfare_class":"elderly_residential","address":"雲林縣虎尾鎮墾地里1鄰虎興西八路368號","city":"雲林縣","coord_source":"tgos_upstream","coord_precision":"upstream","src_datasets":"165355|8572","n_src":2,"sub_code":"T0706","permit_status":"C01","inst_code":"PWG00311144","src_system":"長照機構暨長照人員相關管理資訊系統","attr_type":"私立","beds_approved":"49","target":"養護","licensed_at":"102.8","district":"虎尾鎮","phone":"05-5529091"}},{"type":"Feature","geometry":{"type":"Point","coordinates":[120.390972,23.795169]},"properties":{"uid":"welfare_07286","name":"雲林縣私立金典老人長期照顧中心(養護型)","welfare_class":"elderly_residential","address":"雲林縣二崙鄉港後村15鄰港後路63-1號","city":"雲林縣","coord_source":"tgos_upstream","coord_precision":"upstream","src_datasets":"165355|8572","n_src":2,"sub_code":"T0706","permit_status":"C01","inst_code":"PWG00311153","src_system":"長照機構暨長照人員相關管理資訊系統","attr_type":"私立","beds_approved":"35","target":"養護","licensed_at":"103.6","district":"二崙鄉","phone":"05-5980868"}},{"type":"Feature","geometry":{"type":"Point","coordinates":[120.408959,23.776979]},"properties":{"uid":"welfare_07287","name":"雲林縣私立幸福之家老人長期照顧中心(養護型)","welfare_class":"elderly_residential","address":"雲林縣二崙鄉崙東村6鄰裕民路22巷9號","city":"雲林縣","coord_source":"tgos_upstream","coord_precision":"upstream","src_datasets":"165355|8572","n_src":2,"sub_code":"T0706","permit_status":"C01","inst_code":"PWG00311162","src_system":"長照機構暨長照人員相關管理資訊系統","attr_type":"私立","beds_approved":"49","target":"養護","licensed_at":"103.6","district":"二崙鄉","phone":"05-5980379"}},{"type":"Feature","geometry":{"type":"Point","coordinates":[120.481611,23.694776]},"properties":{"uid":"welfare_07288","name":"雲林縣私立全佑老人長期照顧中心(養護型)","welfare_class":"elderly_residential","uni_no":"39893181","address":"雲林縣斗南鎮新光里文安30-22號","city":"雲林縣","coord_source":"tgos_upstream","coord_precision":"upstream","src_datasets":"165355","n_src":1,"sub_code":"T0706","permit_status":"C01","inst_code":"PWG00311171","src_system":"長照機構暨長照人員相關管理資訊系統"}},{"type":"Feature","geometry":{"type":"Point","coordinates":[120.463826,23.714959]},"properties":{"uid":"welfare_07289","name":"雲林縣私立天主教聖家老人長期照顧中心（長期照護型）","welfare_class":"elderly_residential","address":"雲林縣虎尾鎮下溪里8鄰大庄1-39號","city":"雲林縣","coord_source":"tgos_upstream","coord_precision":"upstream","src_datasets":"165355|8572","n_src":2,"sub_code":"T0706","permit_status":"C01","inst_code":"PWG00311199","src_system":"長照機構暨長照人員相關管理資訊系統","attr_type":"私立","beds_approved":"44","target":"長照","licensed_at":"105.4","district":"虎尾鎮","phone":"05-6226830"}},{"type":"Feature","geometry":{"type":"Point","coordinates":[120.469421,23.696677]},"properties":{"uid":"welfare_07290","name":"雲林縣私立雙福佛門老人長期照顧中心(長期照護型)","welfare_class":"elderly_residential","address":"雲林縣斗南鎮小東里17鄰大葉路152巷5弄28號","city":"雲林縣","coord_source":"tgos_upstream","coord_precision":"upstream","src_datasets":"165355|8572","n_src":2,"sub_code":"T0706","permit_status":"C01","inst_code":"PWG00311216","src_system":"長照機構暨長照人員相關管理資訊系統","attr_type":"私立","beds_approved":"48","target":"長照","licensed_at":"103.6","district":"斗南鎮","phone":"05-5977899"}},{"type":"Feature","geometry":{"type":"Point","coordinates":[120.306349,23.647476]},"properties":{"uid":"welfare_07291","name":"雲林縣私立吉祥老人長期照顧中心(養護型)","welfare_class":"elderly_residential","address":"雲林縣元長鄉長南村8鄰中山路9-100號","city":"雲林縣","coord_source":"tgos_upstream","coord_precision":"upstream","src_datasets":"165355|8572","n_src":2,"sub_code":"T0706","permit_status":"C01","inst_code":"PWG00311225","src_system":"長照機構暨長照人員相關管理資訊系統","attr_type":"私立","beds_approved":"49","target":"養護","licensed_at":"105.4","district":"元長鄉","phone":"05-7888699"}},{"type":"Feature","geometry":{"type":"Point","coordinates":[120.31077,23.644577]},"properties":{"uid":"welfare_07292","name":"私立博愛養護中心","welfare_class":"elderly_residential","uni_no":"15754358","address":"雲林縣元長鄉長南村中山路1巷22號","city":"雲林縣","coord_source":"tgos_upstream","coord_precision":"upstream","src_datasets":"165355","n_src":1,"sub_code":"T0706","permit_status":"C01","inst_code":"PWG00311234","src_system":"長照機構暨長照人員相關管理資訊系統"}},{"type":"Feature","geometry":{"type":"Point","coordinates":[120.562279,23.751211]},"properties":{"uid":"welfare_07293","name":"雲林縣私立弘愛老人長期照顧中心(養護型)","welfare_class":"elderly_residential","address":"雲林縣斗六市十三里10鄰十三北路101號","city":"雲林縣","coord_source":"tgos_upstream","coord_precision":"upstream","src_datasets":"165355|8572","n_src":2,"sub_code":"T0706","permit_status":"C01","inst_code":"PWG00311261","src_system":"長照機構暨長照人員相關管理資訊系統","attr_type":"私立","beds_approved":"45","target":"養護","licensed_at":"103.4","district":"斗六市","phone":"05-5518976"}},{"type":"Feature","geometry":{"type":"Point","coordinates":[120.473924,23.692157]},"properties":{"uid":"welfare_07294","name":"雲林縣私立聖元老人養護中心","welfare_class":"elderly_residential","address":"雲林縣斗南鎮小東里17鄰大業路125-1號","city":"雲林縣","coord_source":"tgos_upstream","coord_precision":"upstream","src_datasets":"165355|8572","n_src":2,"sub_code":"T0706","permit_status":"C01","inst_code":"PWG00311270","src_system":"長照機構暨長照人員相關管理資訊系統","attr_type":"私立","beds_approved":"44","target":"養護","licensed_at":"99.5","district":"斗南鎮","phone":"05-5968545"}},{"type":"Feature","geometry":{"type":"Point","coordinates":[120.460257,23.70521]},"properties":{"uid":"welfare_07295","name":"雲林縣私立伊甸園老人長期照顧中心(養護型)","welfare_class":"elderly_residential","uni_no":"39856616","address":"雲林縣虎尾鎮下溪里大庄76-16號","city":"雲林縣","coord_source":"tgos_upstream","coord_precision":"upstream","src_datasets":"165355","n_src":1,"sub_code":"T0706","permit_status":"C01","inst_code":"PWG00311289","src_system":"長照機構暨長照人員相關管理資訊系統"}},{"type":"Feature","geometry":{"type":"Point","coordinates":[120.479979,23.644431]},"properties":{"uid":"welfare_07296","name":"雲林縣私立石龜老人養護中心","welfare_class":"elderly_residential","address":"雲林縣斗南鎮靖興里靖光路37號","city":"雲林縣","coord_source":"tgos_upstream","coord_precision":"upstream","src_datasets":"165355|8572","n_src":2,"sub_code":"T0706","permit_status":"C01","inst_code":"PWG00311306","src_system":"長照機構暨長照人員相關管理資訊系統","attr_type":"私立","beds_approved":"36","target":"養護","licensed_at":"101.7","district":"斗南鎮","phone":"05-5968757"}},{"type":"Feature","geometry":{"type":"Point","coordinates":[120.558522,23.709539]},"properties":{"uid":"welfare_07297","name":"私立朝陽老人養護中心","welfare_class":"elderly_residential","uni_no":"17727723","address":"雲林縣斗六市鎮東里大學路一段201巷79號","city":"雲林縣","coord_source":"tgos_upstream","coord_precision":"upstream","src_datasets":"165355","n_src":1,"sub_code":"T0706","permit_status":"C01","inst_code":"PWG00311315","src_system":"長照機構暨長照人員相關管理資訊系統"}},{"type":"Feature","geometry":{"type":"Point","coordinates":[120.478015,23.666713]},"properties":{"uid":"welfare_07298","name":"雲林縣私立僑真老人養護中心","welfare_class":"elderly_residential","address":"雲林縣斗南鎮舊社里新生3路2840號","city":"雲林縣","coord_source":"tgos_upstream","coord_precision":"upstream","src_datasets":"165355|8572","n_src":2,"sub_code":"T0706","permit_status":"C01","inst_code":"PWG00311324","src_system":"長照機構暨長照人員相關管理資訊系統","attr_type":"私立","beds_approved":"45","target":"養護","licensed_at":"101.6.4","district":"斗南鎮","phone":"05-5954859"}},{"type":"Feature","geometry":{"type":"Point","coordinates":[120.558115,23.619479]},"properties":{"uid":"welfare_07299","name":"雲林縣私立永光老人養護中心","welfare_class":"elderly_residential","address":"雲林縣古坑鄉永光村光興路20號","city":"雲林縣","coord_source":"tgos_upstream","coord_precision":"upstream","src_datasets":"165355|8572","n_src":2,"sub_code":"T0706","permit_status":"C01","inst_code":"PWG00311333","src_system":"長照機構暨長照人員相關管理資訊系統","attr_type":"私立","beds_approved":"41","target":"養護","licensed_at":"101.6","district":"古坑鄉","phone":"05-5828927"}},{"type":"Feature","geometry":{"type":"Point","coordinates":[120.457238,23.708749]},"properties":{"uid":"welfare_07300","name":"雲林縣私立柏翔老人養護中心","welfare_class":"elderly_residential","address":"雲林縣虎尾鎮下溪里大庄73之58號","city":"雲林縣","coord_source":"tgos_upstream","coord_precision":"upstream","src_datasets":"165355|8572","n_src":2,"sub_code":"T0706","permit_status":"C01","inst_code":"PWG00311342","src_system":"長照機構暨長照人員相關管理資訊系統","attr_type":"私立","beds_approved":"46","target":"養護","licensed_at":"102.3","district":"虎尾鎮","phone":"05-6225088"}},{"type":"Feature","geometry":{"type":"Point","coordinates":[120.454984,23.703078]},"properties":{"uid":"welfare_07301","name":"雲林縣私立雙福寶佛門老人養護中心","welfare_class":"elderly_residential","address":"雲林縣虎尾鎮平和里平和厝68之3號","city":"雲林縣","coord_source":"tgos_upstream","coord_precision":"upstream","src_datasets":"165355|8572","n_src":2,"sub_code":"T0706","permit_status":"C01","inst_code":"PWG00311351","src_system":"長照機構暨長照人員相關管理資訊系統","attr_type":"私立","beds_approved":"48","target":"養護","licensed_at":"92.03","district":"虎尾鎮","phone":"05-6314899"}},{"type":"Feature","geometry":{"type":"Point","coordinates":[120.374177,23.753595]},"properties":{"uid":"welfare_07302","name":"雲林縣私立祐康老人養護中心","welfare_class":"elderly_residential","address":"雲林縣崙背鄉港尾村新鎮路45之3號","city":"雲林縣","coord_source":"tgos_upstream","coord_precision":"upstream","src_datasets":"165355|8572","n_src":2,"sub_code":"T0706","permit_status":"C01","inst_code":"PWG00311360","src_system":"長照機構暨長照人員相關管理資訊系統","attr_type":"私立","beds_approved":"20","target":"養護","licensed_at":"99.03","district":"崙背鄉","phone":"05-6969110"}},{"type":"Feature","geometry":{"type":"Point","coordinates":[120.501388,23.658989]},"properties":{"uid":"welfare_07303","name":"雲林縣私立慈愛老人養護所","welfare_class":"elderly_residential","address":"雲林縣斗南鎮阿丹里興中1號","city":"雲林縣","coord_source":"tgos_upstream","coord_precision":"upstream","src_datasets":"165355|8572","n_src":2,"sub_code":"T0706","permit_status":"C01","inst_code":"PWG00311379","src_system":"長照機構暨長照人員相關管理資訊系統","attr_type":"私立","beds_approved":"49","target":"養護","licensed_at":"101.6","district":"斗南鎮","phone":"05-5961134"}},{"type":"Feature","geometry":{"type":"Point","coordinates":[120.48181,23.679288]},"properties":{"uid":"welfare_07304","name":"財團法人天主教中華道明修女會附設私立福安老人療養所","welfare_class":"elderly_residential","address":"雲林縣斗南鎮北銘里15鄰興北路99號","city":"雲林縣","coord_source":"tgos_upstream","coord_precision":"upstream","src_datasets":"165355|8572","n_src":2,"sub_code":"T0706","permit_status":"C01","inst_code":"PWG00311388","src_system":"長照機構暨長照人員相關管理資訊系統","attr_type":"私立","beds_approved":"99","target":"養護","licensed_at":"102.1","district":"斗南鎮","phone":"05-5974374"}},{"type":"Feature","geometry":{"type":"Point","coordinates":[120.461954,23.583438]},"properties":{"uid":"welfare_07458","name":"嘉義縣私立祥賀老人長期照顧中心（養護型）","welfare_class":"elderly_residential","address":"嘉義縣大林鎮上林里大民北路15號","city":"嘉義縣","coord_source":"tgos_upstream","coord_precision":"upstream","src_datasets":"165355|8572","n_src":2,"sub_code":"T0706","permit_status":"C01","inst_code":"QWG00306130","src_system":"長照機構暨長照人員相關管理資訊系統","attr_type":"私立","beds_approved":"49","target":"養護","licensed_at":"97.01","district":"大林鎮","phone":"05-2642933"}},{"type":"Feature","geometry":{"type":"Point","coordinates":[120.525136,23.493707]},"properties":{"uid":"welfare_07459","name":"嘉義縣私立養生老人長期照顧中心（養護型）","welfare_class":"elderly_residential","address":"嘉義縣竹崎鄉灣橋村6鄰李厝10-1號","city":"嘉義縣","coord_source":"tgos_upstream","coord_precision":"upstream","src_datasets":"165355|8572","n_src":2,"sub_code":"T0706","permit_status":"C01","inst_code":"QWG00306149","src_system":"長照機構暨長照人員相關管理資訊系統","attr_type":"私立","beds_approved":"49","target":"養護         ","licensed_at":"99.04","district":"竹崎鄉","phone":"05-2791700"}},{"type":"Feature","geometry":{"type":"Point","coordinates":[120.45769,23.450492]},"properties":{"uid":"welfare_07460","name":"嘉義縣私立長春老人養護中心","welfare_class":"elderly_residential","address":"嘉義縣中埔鄉和興村17鄰後庄39巷96之1號","city":"嘉義縣","coord_source":"tgos_upstream","coord_precision":"upstream","src_datasets":"165355|8572","n_src":2,"sub_code":"T0706","permit_status":"C01","inst_code":"QWG00306158","src_system":"長照機構暨長照人員相關管理資訊系統","attr_type":"私立","beds_approved":"38","target":"養護","licensed_at":"89.01","district":"中埔鄉","phone":"05-2301012"}},{"type":"Feature","geometry":{"type":"Point","coordinates":[120.596768,23.523336]},"properties":{"uid":"welfare_07461","name":"嘉義縣私立松柏老人長期照顧中心(養護型)","welfare_class":"elderly_residential","address":"嘉義縣竹崎鄉緞繻村松腳1之11號","city":"嘉義縣","coord_source":"tgos_upstream","coord_precision":"upstream","src_datasets":"165355|8572","n_src":2,"sub_code":"T0706","permit_status":"C01","inst_code":"QWG00306167","src_system":"長照機構暨長照人員相關管理資訊系統","attr_type":"私立","beds_approved":"49","target":"養護","licensed_at":"106.05","district":"竹崎鄉","phone":"05-2630201"}},{"type":"Feature","geometry":{"type":"Point","coordinates":[120.38336,23.492222]},"properties":{"uid":"welfare_07462","name":"嘉義縣私立南新老人養護中心","welfare_class":"elderly_residential","address":"嘉義縣太保市南新里南埤路120巷70號","city":"嘉義縣","coord_source":"tgos_upstream","coord_precision":"upstream","src_datasets":"165355|8572","n_src":2,"sub_code":"T0706","permit_status":"C01","inst_code":"QWG00306176","src_system":"長照機構暨長照人員相關管理資訊系統","attr_type":"私立","beds_approved":"38","target":"養護","licensed_at":"90.05","district":"太保市","phone":"05-2383837"}},{"type":"Feature","geometry":{"type":"Point","coordinates":[120.364447,23.498501]},"properties":{"uid":"welfare_07463","name":"嘉義縣私立慈護老人養護中心","welfare_class":"elderly_residential","address":"嘉義縣太保市麻寮里19鄰麻太路98巷16號","city":"嘉義縣","coord_source":"tgos_upstream","coord_precision":"upstream","src_datasets":"165355|8572","n_src":2,"sub_code":"T0706","permit_status":"C01","inst_code":"QWG00306185","src_system":"長照機構暨長照人員相關管理資訊系統","attr_type":"私立","beds_approved":"14","target":"養護","licensed_at":"91.07","district":"太保市","phone":"05-2386267"}},{"type":"Feature","geometry":{"type":"Point","coordinates":[120.481509,23.631301]},"properties":{"uid":"welfare_07464","name":"嘉義縣私立宜家老人長期照顧中心（養護型）","welfare_class":"elderly_residential","address":"嘉義縣大林鎮三村里1鄰潭漧1之5號","city":"嘉義縣","coord_source":"tgos_upstream","coord_precision":"upstream","src_datasets":"165355|8572","n_src":2,"sub_code":"T0706","permit_status":"C01","inst_code":"QWG00306194","src_system":"長照機構暨長照人員相關管理資訊系統","attr_type":"私立","beds_approved":"45","target":"養護","licensed_at":"91.06","district":"大林鎮","phone":"05-2955081"}},{"type":"Feature","geometry":{"type":"Point","coordinates":[120.422051,23.533519]},"properties":{"uid":"welfare_07465","name":"嘉義縣私立松庭老人長期照顧中心(養護型)","welfare_class":"elderly_residential","address":"嘉義縣民雄鄉興中村3鄰劉竹仔腳15之3號","city":"嘉義縣","coord_source":"tgos_upstream","coord_precision":"upstream","src_datasets":"165355|8572","n_src":2,"sub_code":"T0706","permit_status":"C01","inst_code":"QWG00306202","src_system":"長照機構暨長照人員相關管理資訊系統","attr_type":"私立","beds_approved":"37","target":"養護","licensed_at":"102.4","district":"民雄鄉","phone":"05-2212338"}},{"type":"Feature","geometry":{"type":"Point","coordinates":[120.431576,23.547094]},"properties":{"uid":"welfare_07466","name":"嘉義縣私立六福老人長期照顧中心(養護型)","welfare_class":"elderly_residential","address":"嘉義縣民雄鄉建國路2段273巷12號","city":"嘉義縣","coord_source":"tgos_upstream","coord_precision":"upstream","src_datasets":"165355|8572","n_src":2,"sub_code":"T0706","permit_status":"C01","inst_code":"QWG00306211","src_system":"長照機構暨長照人員相關管理資訊系統","attr_type":"私立","beds_approved":"49","target":"養護","licensed_at":"104.12","district":"民雄鄉","phone":"05-2066161"}},{"type":"Feature","geometry":{"type":"Point","coordinates":[120.475286,23.626928]},"properties":{"uid":"welfare_07467","name":"嘉義縣私立博愛老人長期照顧中心(養護型)","welfare_class":"elderly_residential","address":"嘉義縣大林鎮三村里2鄰潭墘36號","city":"嘉義縣","coord_source":"tgos_upstream","coord_precision":"upstream","src_datasets":"165355|8572","n_src":2,"sub_code":"T0706","permit_status":"C01","inst_code":"QWG00307779","src_system":"長照機構暨長照人員相關管理資訊系統","attr_type":"私立","beds_approved":"48","target":"養護","licensed_at":"101.1","district":"大林鎮","phone":"05-2951619"}},{"type":"Feature","geometry":{"type":"Point","coordinates":[120.268396,23.480495]},"properties":{"uid":"welfare_07468","name":"嘉義縣私立福安老人長期照顧中心(養護型)","welfare_class":"elderly_residential","address":"嘉義縣朴子市溪口里雙溪口174之20號","city":"嘉義縣","coord_source":"tgos_upstream","coord_precision":"upstream","src_datasets":"165355|8572","n_src":2,"sub_code":"T0706","permit_status":"C01","inst_code":"QWG00307788","src_system":"長照機構暨長照人員相關管理資訊系統","attr_type":"私立","beds_approved":"49","target":"養護","licensed_at":"101.05","district":"朴子市","phone":"05-3700895"}},{"type":"Feature","geometry":{"type":"Point","coordinates":[120.217474,23.470399]},"properties":{"uid":"welfare_07469","name":"嘉義縣私立孝樂老人長期照顧中心(養護型)","welfare_class":"elderly_residential","address":"嘉義縣東石鄉蔦松村下蔦松356號","city":"嘉義縣","coord_source":"tgos_upstream","coord_precision":"upstream","src_datasets":"165355|8572","n_src":2,"sub_code":"T0706","permit_status":"C01","inst_code":"QWG00308426","src_system":"長照機構暨長照人員相關管理資訊系統","attr_type":"私立","beds_approved":"24","target":"養護","licensed_at":"106.05","district":"東石鄉","phone":"05-3660653"}},{"type":"Feature","geometry":{"type":"Point","coordinates":[120.455153,23.6053]},"properties":{"uid":"welfare_07470","name":"財團法人利河伯社會福利基金會附設嘉義縣私立基督老人長期照顧中心(養護型)","welfare_class":"elderly_residential","address":"嘉義縣大林鎮西林里西榮路3號","city":"嘉義縣","coord_source":"tgos_upstream","coord_precision":"upstream","src_datasets":"165355|8572","n_src":2,"sub_code":"T0706","permit_status":"C01","inst_code":"QWG00308886","src_system":"長照機構暨長照人員相關管理資訊系統","attr_type":"私立","beds_approved":"70","target":"養護","licensed_at":"90.02","district":"大林鎮","phone":"05-2656969"}},{"type":"Feature","geometry":{"type":"Point","coordinates":[120.457876,23.604742]},"properties":{"uid":"welfare_07471","name":"財團法人嘉義縣私立天主教安道社會福利慈善事業基金會附設嘉義縣私立安納家園老人長期照顧中心（養護型）","welfare_class":"elderly_residential","address":"嘉義縣大林鎮平林里東榮街38號","city":"嘉義縣","coord_source":"tgos_upstream","coord_precision":"upstream","src_datasets":"165355|8572","n_src":2,"sub_code":"T0706","permit_status":"C01","inst_code":"QWG00309399","src_system":"長照機構暨長照人員相關管理資訊系統","attr_type":"私立","beds_approved":"97","target":"養護","licensed_at":"109.02","district":"大林鎮","phone":"05-2649500"}},{"type":"Feature","geometry":{"type":"Point","coordinates":[120.375138,23.604759]},"properties":{"uid":"welfare_07472","name":"財團法人嘉義縣私立開元殿福松老人養護中心","welfare_class":"elderly_residential","address":"嘉義縣溪口鄉柴林村65之2號","city":"嘉義縣","coord_source":"tgos_upstream","coord_precision":"upstream","src_datasets":"165355|8572","n_src":2,"sub_code":"T0706","permit_status":"C01","inst_code":"QWG00309669","src_system":"長照機構暨長照人員相關管理資訊系統","attr_type":"私立","beds_approved":"138","target":"養護","licensed_at":"93.03","district":"溪口鄉","phone":"05-2691234"}},{"type":"Feature","geometry":{"type":"Point","coordinates":[120.465588,23.455843]},"properties":{"uid":"welfare_07473","name":"嘉義縣私立慶安老人長期照顧中心（養護型）","welfare_class":"elderly_residential","address":"嘉義縣中埔鄉和美村後庄202號","city":"嘉義縣","coord_source":"tgos_upstream","coord_precision":"upstream","src_datasets":"165355|8572","n_src":2,"sub_code":"T0706","permit_status":"C01","inst_code":"QWG00309678","src_system":"長照機構暨長照人員相關管理資訊系統","attr_type":"私立","beds_approved":"42","target":"養護","licensed_at":"89.08","district":"中埔鄉","phone":"05-2309868"}},{"type":"Feature","geometry":{"type":"Point","coordinates":[120.50433,23.493666]},"properties":{"uid":"welfare_07474","name":"嘉義縣私立長青老人養護中心","welfare_class":"elderly_residential","address":"嘉義縣竹崎鄉灣橋村340巷22號之2","city":"嘉義縣","coord_source":"tgos_upstream","coord_precision":"upstream","src_datasets":"165355|8572","n_src":2,"sub_code":"T0706","permit_status":"C01","inst_code":"QWG00309687","src_system":"長照機構暨長照人員相關管理資訊系統","attr_type":"私立","beds_approved":"49","target":"養護\n長照","licensed_at":"90.01","district":"竹崎鄉","phone":"05-2791499"}},{"type":"Feature","geometry":{"type":"Point","coordinates":[120.467282,23.601351]},"properties":{"uid":"welfare_07475","name":"嘉義縣私立大林老人養護中心","welfare_class":"elderly_residential","address":"嘉義縣大林鎮三和里10鄰民生路478號","city":"嘉義縣","coord_source":"tgos_upstream","coord_precision":"upstream","src_datasets":"165355|8572","n_src":2,"sub_code":"T0706","permit_status":"C01","inst_code":"QWG00309696","src_system":"長照機構暨長照人員相關管理資訊系統","attr_type":"私立","beds_approved":"49","target":"養護","licensed_at":"94.09","district":"大林鎮","phone":"05-2654687"}},{"type":"Feature","geometry":{"type":"Point","coordinates":[120.473778,23.59457]},"properties":{"uid":"welfare_07476","name":"嘉義縣私立中林老人養護中心","welfare_class":"elderly_residential","address":"嘉義縣大林鎮中林里中林155號","city":"嘉義縣","coord_source":"tgos_upstream","coord_precision":"upstream","src_datasets":"165355|8572","n_src":2,"sub_code":"T0706","permit_status":"C01","inst_code":"QWG00309704","src_system":"長照機構暨長照人員相關管理資訊系統","attr_type":"私立","beds_approved":"32","target":"養護","licensed_at":"91.06","district":"大林鎮","phone":"05-2655233"}},{"type":"Feature","geometry":{"type":"Point","coordinates":[120.456902,23.593416]},"properties":{"uid":"welfare_07477","name":"嘉義縣私立雙福寶慈濟佛門老人長期照顧中心(養護型)","welfare_class":"elderly_residential","address":"嘉義縣大林鎮平林里6鄰下潭底69號","city":"嘉義縣","coord_source":"tgos_upstream","coord_precision":"upstream","src_datasets":"165355|8572","n_src":2,"sub_code":"T0706","permit_status":"C01","inst_code":"QWG00309713","src_system":"長照機構暨長照人員相關管理資訊系統","attr_type":"私立","beds_approved":"46","target":"養護","licensed_at":"91.01","district":"大林鎮","phone":"05-2657899"}},{"type":"Feature","geometry":{"type":"Point","coordinates":[120.434721,23.555717]},"properties":{"uid":"welfare_07478","name":"嘉義縣私立感恩老人養護中心","welfare_class":"elderly_residential","address":"嘉義縣民雄鄉東榮村中庄21之45號","city":"嘉義縣","coord_source":"tgos_upstream","coord_precision":"upstream","src_datasets":"165355|8572","n_src":2,"sub_code":"T0706","permit_status":"C01","inst_code":"QWG00309722","src_system":"長照機構暨長照人員相關管理資訊系統","attr_type":"私立","beds_approved":"36","target":"養護","licensed_at":"93.01","district":"民雄鄉","phone":"05-2266062"}},{"type":"Feature","geometry":{"type":"Point","coordinates":[120.228643,23.455016]},"properties":{"uid":"welfare_07479","name":"嘉義縣私立怡園老人養護中心","welfare_class":"elderly_residential","address":"嘉義縣朴子市永和里應菜埔150之8號","city":"嘉義縣","coord_source":"tgos_upstream","coord_precision":"upstream","src_datasets":"165355|8572","n_src":2,"sub_code":"T0706","permit_status":"C01","inst_code":"QWG00309731","src_system":"長照機構暨長照人員相關管理資訊系統","attr_type":"私立","beds_approved":"42","target":"養護","licensed_at":"91.06","district":"朴子市","phone":"05-3705522"}},{"type":"Feature","geometry":{"type":"Point","coordinates":[120.203867,23.457279]},"properties":{"uid":"welfare_07480","name":"嘉義縣私立祥和老人長期照顧中心（養護型）","welfare_class":"elderly_residential","address":"嘉義縣東石鄉洲仔村188號","city":"嘉義縣","coord_source":"tgos_upstream","coord_precision":"upstream","src_datasets":"165355|8572","n_src":2,"sub_code":"T0706","permit_status":"C01","inst_code":"QWG00309740","src_system":"長照機構暨長照人員相關管理資訊系統","attr_type":"私立","beds_approved":"49","target":"養護","licensed_at":"96.12","district":"東石鄉","phone":"05-3703285"}},{"type":"Feature","geometry":{"type":"Point","coordinates":[120.435134,23.555323]},"properties":{"uid":"welfare_07481","name":"嘉義縣私立惜福老人長期照顧中心(養護型)","welfare_class":"elderly_residential","address":"嘉義縣民雄鄉東榮村3鄰中庄21-20號","city":"嘉義縣","coord_source":"tgos_upstream","coord_precision":"upstream","src_datasets":"165355|8572","n_src":2,"sub_code":"T0706","permit_status":"C01","inst_code":"QWG00309786","src_system":"長照機構暨長照人員相關管理資訊系統","attr_type":"私立","beds_approved":"47","target":"養護","licensed_at":"101.1","district":"民雄鄉","phone":"05-2263830"}},{"type":"Feature","geometry":{"type":"Point","coordinates":[120.532308,23.459205]},"properties":{"uid":"welfare_07482","name":"嘉義縣私立瑞泰社會福利基金會附設嘉義縣私立幸福老人長期照顧中心(養護型)","welfare_class":"elderly_residential","uni_no":"37606629","address":"嘉義縣番路鄉新福村許厝22號","city":"嘉義縣","coord_source":"tgos_upstream","coord_precision":"upstream","src_datasets":"165355","n_src":1,"sub_code":"T0706","permit_status":"C01","inst_code":"QWG00309795","src_system":"長照機構暨長照人員相關管理資訊系統"}},{"type":"Feature","geometry":{"type":"Point","coordinates":[120.237858,23.335827]},"properties":{"uid":"welfare_07483","name":"嘉義縣私立尚愛老人養護中心","welfare_class":"elderly_residential","address":"嘉義縣義竹鄉頭竹村6鄰265號","city":"嘉義縣","coord_source":"tgos_upstream","coord_precision":"upstream","src_datasets":"165355|8572","n_src":2,"sub_code":"T0706","permit_status":"C01","inst_code":"QWG00309803","src_system":"長照機構暨長照人員相關管理資訊系統","attr_type":"私立","beds_approved":"44","target":"養護","licensed_at":"89.06","district":"義竹鄉","phone":"05-3418500"}},{"type":"Feature","geometry":{"type":"Point","coordinates":[120.529822,23.43879]},"properties":{"uid":"welfare_07484","name":"嘉義縣私立慈保老人養護中心","welfare_class":"elderly_residential","address":"嘉義縣中埔鄉隆興村枋樹腳20之20號","city":"嘉義縣","coord_source":"tgos_upstream","coord_precision":"upstream","src_datasets":"165355|8572","n_src":2,"sub_code":"T0706","permit_status":"C01","inst_code":"QWG00309812","src_system":"長照機構暨長照人員相關管理資訊系統","attr_type":"私立","beds_approved":"49","target":"養護","licensed_at":"91.06","district":"中埔鄉","phone":"05-2537112"}},{"type":"Feature","geometry":{"type":"Point","coordinates":[120.430999,23.53911]},"properties":{"uid":"welfare_07485","name":"嘉義縣私立雙福寶佛門老人長期照顧中心(養護型)","welfare_class":"elderly_residential","address":"嘉義縣民雄鄉文隆村建國路二段187之101號","city":"嘉義縣","coord_source":"tgos_upstream","coord_precision":"upstream","src_datasets":"165355|8572","n_src":2,"sub_code":"T0706","permit_status":"C01","inst_code":"QWG00309830","src_system":"長照機構暨長照人員相關管理資訊系統","attr_type":"私立","beds_approved":"45","target":"養護","licensed_at":"101.7","district":"民雄鄉","phone":"05-2260899"}},{"type":"Feature","geometry":{"type":"Point","coordinates":[120.575474,22.655025]},"properties":{"uid":"welfare_07758","name":"國軍退除役官兵輔導委員會屏東榮譽國民之家","welfare_class":"elderly_residential","uni_no":"91000036","address":"屏東縣內埔鄉建興村建興路100號","city":"屏東縣","coord_source":"tgos_upstream","coord_precision":"upstream","src_datasets":"165355","n_src":1,"sub_code":"T0605","permit_status":"C04","inst_code":"TFE00347276","src_system":"長照機構暨長照人員相關管理資訊系統"}},{"type":"Feature","geometry":{"type":"Point","coordinates":[120.596324,22.6426]},"properties":{"uid":"welfare_07811","name":"屏東縣私立佳南老人長期照顧中心(養護型)","welfare_class":"elderly_residential","address":"屏東縣內埔鄉中林村中林路48號","city":"屏東縣","coord_source":"tgos_upstream","coord_precision":"upstream","src_datasets":"165355|8572","n_src":2,"sub_code":"T0706","permit_status":"C01","inst_code":"TWG00304049","src_system":"無來源系統、長照機構暨長照人員相關管理資訊系統","attr_type":"私立","beds_approved":"48","target":"養護","licensed_at":"91.07.15","district":"內埔鄉","phone":"08-7705568"}},{"type":"Feature","geometry":{"type":"Point","coordinates":[120.507974,22.675231]},"properties":{"uid":"welfare_07812","name":"屏東縣私立天佑老人長期照顧中心（養護型）","welfare_class":"elderly_residential","address":"屏東縣屏東市豐田里建豐路65號","city":"屏東縣","coord_source":"tgos_upstream","coord_precision":"upstream","src_datasets":"165355|8572","n_src":2,"sub_code":"T0706","permit_status":"C01","inst_code":"TWG00304184","src_system":"長照機構暨長照人員相關管理資訊系統","attr_type":"私立","beds_approved":"48","target":"養護","licensed_at":"89.02.11","district":"屏東市","phone":"08-7380117\n08-7380151"}},{"type":"Feature","geometry":{"type":"Point","coordinates":[120.482738,22.671236]},"properties":{"uid":"welfare_07813","name":"屏東縣私立安德老人養護中心","welfare_class":"elderly_residential","address":"屏東縣屏東市民權里桂林街106號","city":"屏東縣","coord_source":"tgos_upstream","coord_precision":"upstream","src_datasets":"165355|8572","n_src":2,"sub_code":"T0706","permit_status":"C01","inst_code":"TWG00304193","src_system":"長照機構暨長照人員相關管理資訊系統","attr_type":"私立","beds_approved":"30","target":"養護","licensed_at":"92.03.12","district":"屏東市","phone":"08-7336595"}},{"type":"Feature","geometry":{"type":"Point","coordinates":[120.492849,22.689024]},"properties":{"uid":"welfare_07814","name":"屏東縣私立菩提樹老人長期照顧中心(養護型)","welfare_class":"elderly_residential","address":"屏東縣屏東市北興里永吉街50號","city":"屏東縣","coord_source":"tgos_upstream","coord_precision":"upstream","src_datasets":"165355|8572","n_src":2,"sub_code":"T0706","permit_status":"C01","inst_code":"TWG00304201","src_system":"長照機構暨長照人員相關管理資訊系統","attr_type":"私立","beds_approved":"42","target":"養護","licensed_at":"92.09.04","district":"屏東市","phone":"08-7328433"}},{"type":"Feature","geometry":{"type":"Point","coordinates":[120.490858,22.675992]},"properties":{"uid":"welfare_07815","name":"屏東縣私立嘉鴻老人長期照顧中心(養護型)","welfare_class":"elderly_residential","address":"屏東縣屏東市明正里開封街5號","city":"屏東縣","coord_source":"tgos_upstream","coord_precision":"upstream","src_datasets":"165355|8572","n_src":2,"sub_code":"T0706","permit_status":"C01","inst_code":"TWG00304210","src_system":"長照機構暨長照人員相關管理資訊系統","attr_type":"私立","beds_approved":"29","target":"養護","licensed_at":"90.12.11","district":"屏東市","phone":"08-7371446"}},{"type":"Feature","geometry":{"type":"Point","coordinates":[120.462981,22.653715]},"properties":{"uid":"welfare_07816","name":"屏東縣私立頭前溪老人養護中心","welfare_class":"elderly_residential","address":"屏東縣屏東市前進里建國路405巷5號","city":"屏東縣","coord_source":"tgos_upstream","coord_precision":"upstream","src_datasets":"165355|8572","n_src":2,"sub_code":"T0706","permit_status":"C01","inst_code":"TWG00304229","src_system":"長照機構暨長照人員相關管理資訊系統","attr_type":"私立","beds_approved":"28","target":"養護","licensed_at":"92.09.04","district":"屏東市","phone":"08-7552777\n08-7519182"}},{"type":"Feature","geometry":{"type":"Point","coordinates":[120.472622,22.621414]},"properties":{"uid":"welfare_07817","name":"屏東縣私立社皮老人長期照顧中心","welfare_class":"elderly_residential","address":"屏東縣萬丹鄉社中村大功路161號","city":"屏東縣","coord_source":"tgos_upstream","coord_precision":"upstream","src_datasets":"165355|8572","n_src":2,"sub_code":"T0706","permit_status":"C01","inst_code":"TWG00304238","src_system":"長照機構暨長照人員相關管理資訊系統","attr_type":"私立","beds_approved":"36","target":"養護","licensed_at":"96.11.30","district":"萬丹鄉","phone":"08-7071919"}},{"type":"Feature","geometry":{"type":"Point","coordinates":[120.471856,22.6203]},"properties":{"uid":"welfare_07818","name":"屏東縣私立順心老人長期照顧中心（養護型）","welfare_class":"elderly_residential","address":"屏東縣萬丹鄉香社村中興路1段285巷31號","city":"屏東縣","coord_source":"tgos_upstream","coord_precision":"upstream","src_datasets":"165355|8572","n_src":2,"sub_code":"T0706","permit_status":"C01","inst_code":"TWG00304247","src_system":"長照機構暨長照人員相關管理資訊系統","attr_type":"私立","beds_approved":"42","target":"養護","licensed_at":"97.10.29","district":"萬丹鄉","phone":"08-7771359"}},{"type":"Feature","geometry":{"type":"Point","coordinates":[120.470543,22.618113]},"properties":{"uid":"welfare_07819","name":"屏東縣私立順仁老人養護中心","welfare_class":"elderly_residential","address":"屏東縣萬丹鄉香社村香社路138號","city":"屏東縣","coord_source":"tgos_upstream","coord_precision":"upstream","src_datasets":"165355|8572","n_src":2,"sub_code":"T0706","permit_status":"C01","inst_code":"TWG00304256","src_system":"長照機構暨長照人員相關管理資訊系統","attr_type":"私立","beds_approved":"46","target":"養護","licensed_at":"92.06.10","district":"萬丹鄉","phone":"08-7775656"}},{"type":"Feature","geometry":{"type":"Point","coordinates":[120.498929,22.761975]},"properties":{"uid":"welfare_07820","name":"屏東縣私立普昇老人長期照顧中心（養護型）","welfare_class":"elderly_residential","address":"屏東縣九如鄉洽興村平和路145號","city":"屏東縣","coord_source":"tgos_upstream","coord_precision":"upstream","src_datasets":"165355|8572","n_src":2,"sub_code":"T0706","permit_status":"C01","inst_code":"TWG00304265","src_system":"長照機構暨長照人員相關管理資訊系統","attr_type":"私立","beds_approved":"49","target":"養護","licensed_at":"105.7.26","district":"九如鄉","phone":"08-7751947"}},{"type":"Feature","geometry":{"type":"Point","coordinates":[120.579462,22.642885]},"properties":{"uid":"welfare_07821","name":"屏東縣私立青山老人長期照顧中心(養護型)","welfare_class":"elderly_residential","address":"屏東縣內埔鄉東勢村大同路3段134之2號","city":"屏東縣","coord_source":"tgos_upstream","coord_precision":"upstream","src_datasets":"165355|8572","n_src":2,"sub_code":"T0706","permit_status":"C01","inst_code":"TWG00304274","src_system":"長照機構暨長照人員相關管理資訊系統","attr_type":"私立","beds_approved":"43","target":"養護","licensed_at":"90.03.13","district":"內埔鄉","phone":"08-7784928"}},{"type":"Feature","geometry":{"type":"Point","coordinates":[120.58829,22.660927]},"properties":{"uid":"welfare_07822","name":"屏東縣私立宏泰老人養護中心","welfare_class":"elderly_residential","address":"屏東縣內埔鄉龍泉村五鄰新生路592巷1號","city":"屏東縣","coord_source":"tgos_upstream","coord_precision":"upstream","src_datasets":"165355|8572","n_src":2,"sub_code":"T0706","permit_status":"C01","inst_code":"TWG00304283","src_system":"長照機構暨長照人員相關管理資訊系統","attr_type":"私立","beds_approved":"48","target":"養護","licensed_at":"91.06.18","district":"內埔鄉","phone":"08-7701874"}},{"type":"Feature","geometry":{"type":"Point","coordinates":[120.605746,22.682234]},"properties":{"uid":"welfare_07823","name":"屏東縣私立百齡老人養護中心","welfare_class":"elderly_residential","address":"屏東縣內埔鄉龍潭村昭勝路546-60號","city":"屏東縣","coord_source":"tgos_upstream","coord_precision":"upstream","src_datasets":"165355|8572","n_src":2,"sub_code":"T0706","permit_status":"C01","inst_code":"TWG00304292","src_system":"長照機構暨長照人員相關管理資訊系統","attr_type":"私立","beds_approved":"36","target":"養護","licensed_at":"96.07.12","district":"內埔鄉","phone":"08-7702261"}},{"type":"Feature","geometry":{"type":"Point","coordinates":[120.518354,22.587429]},"properties":{"uid":"welfare_07824","name":"屏東縣私立新吉祥老人養護中心","welfare_class":"elderly_residential","address":"屏東縣竹田鄉大湖鄉大湖村大新路66號","city":"屏東縣","coord_source":"tgos_upstream","coord_precision":"upstream","src_datasets":"165355|8572","n_src":2,"sub_code":"T0706","permit_status":"C01","inst_code":"TWG00304300","src_system":"長照機構暨長照人員相關管理資訊系統","attr_type":"私立","beds_approved":"49","target":"養護","licensed_at":"93.11.09","district":"竹田鄉","phone":"08-7807183\n08-7807193"}},{"type":"Feature","geometry":{"type":"Point","coordinates":[120.652775,22.719408]},"properties":{"uid":"welfare_07825","name":"屏東縣私立三地門老人長期照顧中心（養護型）","welfare_class":"elderly_residential","address":"屏東縣三地門鄉三地村5鄰中正路2段77巷23號","city":"屏東縣","coord_source":"tgos_upstream","coord_precision":"upstream","src_datasets":"165355|8572","n_src":2,"sub_code":"T0706","permit_status":"C01","inst_code":"TWG00304319","src_system":"長照機構暨長照人員相關管理資訊系統","attr_type":"私立","beds_approved":"30","target":"養護","licensed_at":"99.01.15","district":"三地門鄉","phone":"08-7994715"}},{"type":"Feature","geometry":{"type":"Point","coordinates":[120.461788,22.461648]},"properties":{"uid":"welfare_07826","name":"屏東縣私立佑康老人長期照顧中心（養護型）","welfare_class":"elderly_residential","address":"屏東縣東港鎮船頭里24之51附11","city":"屏東縣","coord_source":"tgos_upstream","coord_precision":"upstream","src_datasets":"165355|8572","n_src":2,"sub_code":"T0706","permit_status":"C01","inst_code":"TWG00304328","src_system":"長照機構暨長照人員相關管理資訊系統","attr_type":"私立","beds_approved":"48","target":"養護","licensed_at":"93.05.11","district":"東港鎮","phone":"08-8325859"}},{"type":"Feature","geometry":{"type":"Point","coordinates":[120.580135,22.80488]},"properties":{"uid":"welfare_07827","name":"屏東縣私立聖恩老人養護中心(養護型)","welfare_class":"elderly_residential","address":"屏東縣高樹鄉田子村勝利路136號","city":"屏東縣","coord_source":"tgos_upstream","coord_precision":"upstream","src_datasets":"165355|8572","n_src":2,"sub_code":"T0706","permit_status":"C01","inst_code":"TWG00304337","src_system":"長照機構暨長照人員相關管理資訊系統","attr_type":"私立","beds_approved":"24","target":"養護","licensed_at":"89.07.27","district":"高樹鄉","phone":"08-7960577\n08-7961072"}},{"type":"Feature","geometry":{"type":"Point","coordinates":[120.600465,22.818565]},"properties":{"uid":"welfare_07828","name":"屏東縣私立信愛老人養護中心","welfare_class":"elderly_residential","address":"屏東縣高樹鄉高樹村慈新路一段70之8號","city":"屏東縣","coord_source":"tgos_upstream","coord_precision":"upstream","src_datasets":"165355|8572","n_src":2,"sub_code":"T0706","permit_status":"C01","inst_code":"TWG00304346","src_system":"長照機構暨長照人員相關管理資訊系統","attr_type":"私立","beds_approved":"49","target":"養護","licensed_at":"91.06.25","district":"高樹鄉","phone":"08-7966110"}},{"type":"Feature","geometry":{"type":"Point","coordinates":[120.438377,22.48722]},"properties":{"uid":"welfare_07829","name":"屏東縣私立永慈老人養護中心","welfare_class":"elderly_residential","address":"屏東縣新園鄉鹽埔村義仁路213號","city":"屏東縣","coord_source":"tgos_upstream","coord_precision":"upstream","src_datasets":"165355|8572","n_src":2,"sub_code":"T0706","permit_status":"C01","inst_code":"TWG00304355","src_system":"長照機構暨長照人員相關管理資訊系統","attr_type":"私立","beds_approved":"49","target":"養護","licensed_at":"92.08.15","district":"新園鄉","phone":"08-8332213"}},{"type":"Feature","geometry":{"type":"Point","coordinates":[120.443513,22.493176]},"properties":{"uid":"welfare_07830","name":"屏東縣私立安宮老人長期照顧中心（養護型）","welfare_class":"elderly_residential","address":"屏東縣新園鄉鹽埔村義仁路396號","city":"屏東縣","coord_source":"tgos_upstream","coord_precision":"upstream","src_datasets":"165355|8572","n_src":2,"sub_code":"T0706","permit_status":"C01","inst_code":"TWG00304364","src_system":"長照機構暨長照人員相關管理資訊系統","attr_type":"私立","beds_approved":"48","target":"養護","licensed_at":"99.03.15","district":"新園鄉","phone":"08-8311055 "}},{"type":"Feature","geometry":{"type":"Point","coordinates":[120.443528,22.493258]},"properties":{"uid":"welfare_07831","name":"屏東縣私立昱秀老人養護中心","welfare_class":"elderly_residential","address":"屏東縣新園鄉鹽埔村義仁路398號","city":"屏東縣","coord_source":"tgos_upstream","coord_precision":"upstream","src_datasets":"165355|8572","n_src":2,"sub_code":"T0706","permit_status":"C01","inst_code":"TWG00304373","src_system":"長照機構暨長照人員相關管理資訊系統","attr_type":"私立","beds_approved":"49","target":"養護","licensed_at":"95.01.12","district":"新園鄉","phone":"08-8311055"}},{"type":"Feature","geometry":{"type":"Point","coordinates":[120.580648,22.581288]},"properties":{"uid":"welfare_07832","name":"屏東縣私立靜園老人長期照顧中心(養護型)","welfare_class":"elderly_residential","address":"屏東縣萬巒鄉硫黃村光復路37之8號","city":"屏東縣","coord_source":"tgos_upstream","coord_precision":"upstream","src_datasets":"165355|8572","n_src":2,"sub_code":"T0706","permit_status":"C01","inst_code":"TWG00304382","src_system":"長照機構暨長照人員相關管理資訊系統","attr_type":"私立","beds_approved":"48","target":"養護","licensed_at":"100.10.18","district":"萬巒鄉","phone":"08-7810205"}},{"type":"Feature","geometry":{"type":"Point","coordinates":[120.5402,22.722258]},"properties":{"uid":"welfare_07833","name":"屏東縣私立柏愛老人養護中心","welfare_class":"elderly_residential","address":"屏東縣鹽埔鄉新二村大仁東街10巷13-9號","city":"屏東縣","coord_source":"tgos_upstream","coord_precision":"upstream","src_datasets":"165355|8572","n_src":2,"sub_code":"T0706","permit_status":"C01","inst_code":"TWG00304391","src_system":"長照機構暨長照人員相關管理資訊系統","attr_type":"私立","beds_approved":"49","target":"養護","licensed_at":"97.10.17","district":"鹽埔鄉","phone":"08-7626700"}},{"type":"Feature","geometry":{"type":"Point","coordinates":[120.59305,22.804766]},"properties":{"uid":"welfare_07834","name":"屏東縣私立長春園老人長期照顧中心(養護型)","welfare_class":"elderly_residential","address":"屏東縣高樹鄉舊庄村慈新路2段50號","city":"屏東縣","coord_source":"tgos_upstream","coord_precision":"upstream","src_datasets":"165355|8572","n_src":2,"sub_code":"T0706","permit_status":"C01","inst_code":"TWG00304409","src_system":"長照機構暨長照人員相關管理資訊系統","attr_type":"私立","beds_approved":"49","target":"養護","licensed_at":"103.7.17","district":"高樹鄉","phone":"08-7962999"}},{"type":"Feature","geometry":{"type":"Point","coordinates":[120.546519,22.469957]},"properties":{"uid":"welfare_07835","name":"屏東縣私立新安老人長期照顧中心(養護型)","welfare_class":"elderly_residential","address":"屏東縣新埤鄉新埤村中正路96號","city":"屏東縣","coord_source":"tgos_upstream","coord_precision":"upstream","src_datasets":"165355|8572","n_src":2,"sub_code":"T0706","permit_status":"C01","inst_code":"TWG00304418","src_system":"長照機構暨長照人員相關管理資訊系統","attr_type":"私立","beds_approved":"48","target":"養護","licensed_at":"103.7.28","district":"新埤鄉","phone":"08-7973737"}},{"type":"Feature","geometry":{"type":"Point","coordinates":[120.51108,22.667511]},"properties":{"uid":"welfare_07836","name":"屏東縣私立朝陽老人長期照顧中心(養護型)","welfare_class":"elderly_residential","address":"屏東縣長治鄉香揚村瑞源路90號","city":"屏東縣","coord_source":"tgos_upstream","coord_precision":"upstream","src_datasets":"165355|8572","n_src":2,"sub_code":"T0706","permit_status":"C01","inst_code":"TWG00304427","src_system":"長照機構暨長照人員相關管理資訊系統","attr_type":"私立","beds_approved":"32","target":"養護","licensed_at":"106.2.15","district":"長治鄉","phone":"08-7234567"}},{"type":"Feature","geometry":{"type":"Point","coordinates":[120.458095,22.465637]},"properties":{"uid":"welfare_07837","name":"屏東縣私立松柏老人長期照顧中心（養護型）","welfare_class":"elderly_residential","address":"屏東縣東港鎮船頭里水源路239號","city":"屏東縣","coord_source":"offline_l2","coord_precision":"exact","src_datasets":"165355|8572","n_src":2,"sub_code":"T0706","permit_status":"C01","inst_code":"TWG00308225","src_system":"無來源系統、長照機構暨長照人員相關管理資訊系統","attr_type":"私立","beds_approved":"48","target":"養護","licensed_at":"101.06.06","district":"東港鎮","phone":"08-8356658"}},{"type":"Feature","geometry":{"type":"Point","coordinates":[120.469537,22.46038]},"properties":{"uid":"welfare_07838","name":"屏東縣私立佑生老人長期照顧機構","welfare_class":"elderly_residential","address":"屏東縣東港鎮船頭里船頭路75之10號","city":"屏東縣","coord_source":"tgos_upstream","coord_precision":"upstream","src_datasets":"165355|8572","n_src":2,"sub_code":"T0706","permit_status":"C01","inst_code":"TWG00308243","src_system":"長照機構暨長照人員相關管理資訊系統","attr_type":"私立","beds_approved":"49","target":"養護\n","licensed_at":"99.11.10","district":"東港鎮","phone":"08-8335588\n08-8339758"}},{"type":"Feature","geometry":{"type":"Point","coordinates":[120.524583,22.738171]},"properties":{"uid":"welfare_07839","name":"屏東縣私立喜樂老人長期照顧中心（養護型）","welfare_class":"elderly_residential","address":"屏東縣鹽埔鄉洛陽村七份路10-20號","city":"屏東縣","coord_source":"tgos_upstream","coord_precision":"upstream","src_datasets":"165355|8572","n_src":2,"sub_code":"T0706","permit_status":"C01","inst_code":"TWG00308289","src_system":"長照機構暨長照人員相關管理資訊系統","attr_type":"私立","beds_approved":"32","target":"養護","licensed_at":"106.8.10","district":"鹽埔鄉","phone":"08-7032247"}},{"type":"Feature","geometry":{"type":"Point","coordinates":[120.512412,22.520737]},"properties":{"uid":"welfare_07840","name":"屏東縣私立真愛老人長期照顧機構(養護型)","welfare_class":"elderly_residential","address":"屏東縣崁頂鄉崁頂村後壁路62號","city":"屏東縣","coord_source":"tgos_upstream","coord_precision":"upstream","src_datasets":"165355|8572","n_src":2,"sub_code":"T0706","permit_status":"C01","inst_code":"TWG00308342","src_system":"長照機構暨長照人員相關管理資訊系統","attr_type":"私立","beds_approved":"49","target":"養護","licensed_at":"97.02.20","district":"崁頂鄉","phone":"08-8633798"}},{"type":"Feature","geometry":{"type":"Point","coordinates":[120.580237,22.546002]},"properties":{"uid":"welfare_07841","name":"屏東縣私立怡康園老人長期照顧中心(養護型)","welfare_class":"elderly_residential","address":"屏東縣潮州鎮四春里潮義路430之22號","city":"屏東縣","coord_source":"tgos_upstream","coord_precision":"upstream","src_datasets":"165355|8572","n_src":2,"sub_code":"T0706","permit_status":"C01","inst_code":"TWG00308397","src_system":"長照機構暨長照人員相關管理資訊系統","attr_type":"私立","beds_approved":"46","target":"養護","licensed_at":"103.12.8","district":"潮州鎮","phone":"08-7811518"}},{"type":"Feature","geometry":{"type":"Point","coordinates":[120.572267,22.503086]},"properties":{"uid":"welfare_07842","name":"屏東縣私立宜安老人養護中心","welfare_class":"elderly_residential","address":"屏東縣新埤鄉萬隆村萬安路10-1號","city":"屏東縣","coord_source":"tgos_upstream","coord_precision":"upstream","src_datasets":"165355|8572","n_src":2,"sub_code":"T0706","permit_status":"C01","inst_code":"TWG00308928","src_system":"長照機構暨長照人員相關管理資訊系統","attr_type":"私立","beds_approved":"48","target":"養護","licensed_at":"95.07.20","district":"新埤鄉","phone":"08-7870515"}},{"type":"Feature","geometry":{"type":"Point","coordinates":[120.565803,22.66324]},"properties":{"uid":"welfare_07843","name":"屏東縣私立慈仁老人長期照顧機構（養護型）","welfare_class":"elderly_residential","address":"屏東縣內埔鄉建興村建興路218巷5號","city":"屏東縣","coord_source":"tgos_upstream","coord_precision":"upstream","src_datasets":"165355|8572","n_src":2,"sub_code":"T0706","permit_status":"C01","inst_code":"TWG00309279","src_system":"長照機構暨長照人員相關管理資訊系統","attr_type":"私立","beds_approved":"49","target":"養護","licensed_at":"99.08.18","district":"內埔鄉","phone":"08-7707191"}},{"type":"Feature","geometry":{"type":"Point","coordinates":[120.741291,22.020271]},"properties":{"uid":"welfare_07844","name":"財團法人屏東縣私立永安老人養護中心","welfare_class":"elderly_residential","address":"屏東縣恆春鎮網紗里大埔路8號","city":"屏東縣","coord_source":"tgos_upstream","coord_precision":"upstream","src_datasets":"165355|8572","n_src":2,"sub_code":"T0706","permit_status":"C01","inst_code":"TWG00309288","src_system":"長照機構暨長照人員相關管理資訊系統、無來源系統","attr_type":"私立","beds_approved":"152","target":"養護","licensed_at":"91.11.12","district":"恆春鎮","phone":"08-8899720\n08-8899721"}},{"type":"Feature","geometry":{"type":"Point","coordinates":[120.623866,22.368842]},"properties":{"uid":"welfare_07845","name":"財團法人台灣基督長老教會原住民宣道會附設屏東縣私立春日老人長期照顧中心(養護型)","welfare_class":"elderly_residential","address":"屏東縣春日鄉春日村98-1號","city":"屏東縣","coord_source":"tgos_upstream","coord_precision":"upstream","src_datasets":"165355|8572","n_src":2,"sub_code":"T0706","permit_status":"C01","inst_code":"TWG00309305","src_system":"長照機構暨長照人員相關管理資訊系統","attr_type":"私立","beds_approved":"32","target":"養護","licensed_at":"101.04.02","district":"春日鄉","phone":"08-8781900"}},{"type":"Feature","geometry":{"type":"Point","coordinates":[120.546036,22.554217]},"properties":{"uid":"welfare_07846","name":"財團法人台灣省私立孝愛仁愛之家","welfare_class":"elderly_residential","address":"屏東縣潮州鎮四維路189巷13號","city":"屏東縣","coord_source":"tgos_upstream","coord_precision":"upstream","src_datasets":"165355|8572","n_src":2,"sub_code":"T0706","permit_status":"C01","inst_code":"TWG00311438","src_system":"長照機構暨長照人員相關管理資訊系統","attr_type":"私立","beds_approved":"144","target":"安養\n養護","licensed_at":"63.08","district":"潮州鎮","phone":"08-7882351\n08-7880411"}},{"type":"Feature","geometry":{"type":"Point","coordinates":[120.529283,22.759416]},"properties":{"uid":"welfare_07847","name":"財團法人屏東縣私立聖欣老人養護中心","welfare_class":"elderly_residential","address":"屏東縣鹽埔鄉永隆村大山街22號","city":"屏東縣","coord_source":"tgos_upstream","coord_precision":"upstream","src_datasets":"165355|8572","n_src":2,"sub_code":"T0706","permit_status":"C01","inst_code":"TWG00311447","src_system":"長照機構暨長照人員相關管理資訊系統","attr_type":"私立","beds_approved":"150","target":"養護","licensed_at":"93.07.14","district":"鹽埔鄉","phone":"08-7032088  "}},{"type":"Feature","geometry":{"type":"Point","coordinates":[120.558521,22.669129]},"properties":{"uid":"welfare_07848","name":"財團法人屏東縣私立長青老人養護中心","welfare_class":"elderly_residential","address":"屏東縣長治鄉榮華村信義路55號","city":"屏東縣","coord_source":"tgos_upstream","coord_precision":"upstream","src_datasets":"165355|8572","n_src":2,"sub_code":"T0706","permit_status":"C01","inst_code":"TWG00311456","src_system":"無來源系統、長照機構暨長照人員相關管理資訊系統","attr_type":"私立","beds_approved":"108","target":"養護","licensed_at":"89.06.13","district":"長治鄉","phone":"08-7620915"}},{"type":"Feature","geometry":{"type":"Point","coordinates":[120.570227,22.502777]},"properties":{"uid":"welfare_07849","name":"屏東縣私立經立老人長期照顧中心（養護型）","welfare_class":"elderly_residential","address":"屏東縣新埤鄉萬隆村萬安路68之20號","city":"屏東縣","coord_source":"tgos_upstream","coord_precision":"upstream","src_datasets":"165355|8572","n_src":2,"sub_code":"T0706","permit_status":"C01","inst_code":"TWG00311465","src_system":"長照機構暨長照人員相關管理資訊系統","attr_type":"私立","beds_approved":"49","target":"養護","licensed_at":"89.07.12","district":"新埤鄉","phone":"08-7870052\n08-7870562"}},{"type":"Feature","geometry":{"type":"Point","coordinates":[120.461868,22.641909]},"properties":{"uid":"welfare_07850","name":"屏東縣私立慈暉老人長期照顧中心（養護型）","welfare_class":"elderly_residential","address":"屏東縣屏東市大洲里2鄰大洲75-3號","city":"屏東縣","coord_source":"tgos_upstream","coord_precision":"upstream","src_datasets":"165355|8572","n_src":2,"sub_code":"T0706","permit_status":"C01","inst_code":"TWG00311474","src_system":"長照機構暨長照人員相關管理資訊系統、無來源系統","attr_type":"私立","beds_approved":"49","target":"養護","licensed_at":"102.08.28","district":"屏東市","phone":"08-7537991\n08-7533821"}},{"type":"Feature","geometry":{"type":"Point","coordinates":[120.5081,22.662973]},"properties":{"uid":"welfare_07851","name":"衛生福利部南區老人之家","welfare_class":"elderly_residential","address":"屏東縣屏東市瑞光里香揚巷1號","city":"屏東縣","coord_source":"tgos_upstream","coord_precision":"upstream","src_datasets":"165355|8572","n_src":2,"sub_code":"T0706","permit_status":"C01","inst_code":"TWG00311483","src_system":"無來源系統、長照機構暨長照人員相關管理資訊系統","attr_type":"公立","beds_approved":"230","target":"安養\n養護\n長照\n失智","licensed_at":"65.07","district":"屏東市","phone":"08-7223434\n08-7233281"}},{"type":"Feature","geometry":{"type":"Point","coordinates":[120.572283,22.502806]},"properties":{"uid":"welfare_07852","name":"屏東縣私立宜家老人長期照顧中心（養護型）","welfare_class":"elderly_residential","address":"屏東縣新埤鄉萬隆村萬安路10之2號","city":"屏東縣","coord_source":"tgos_upstream","coord_precision":"upstream","src_datasets":"165355|8572","n_src":2,"sub_code":"T0706","permit_status":"C01","inst_code":"TWG00311492","src_system":"長照機構暨長照人員相關管理資訊系統","attr_type":"私立","beds_approved":"47","target":"養護","licensed_at":"90.09.14","district":"新埤鄉","phone":"08-7870515"}},{"type":"Feature","geometry":{"type":"Point","coordinates":[120.552696,22.539152]},"properties":{"uid":"welfare_07853","name":"屏東縣私立長生老人長期照顧中心（養護型）","welfare_class":"elderly_residential","address":"屏東縣潮州鎮彭城里永樂路78號","city":"屏東縣","coord_source":"tgos_upstream","coord_precision":"upstream","src_datasets":"165355|8572","n_src":2,"sub_code":"T0706","permit_status":"C01","inst_code":"TWG00311500","src_system":"長照機構暨長照人員相關管理資訊系統","attr_type":"私立","beds_approved":"45","target":"養護","licensed_at":"90.03.14","district":"潮州鎮","phone":"08-7806815 \n08-7806729"}},{"type":"Feature","geometry":{"type":"Point","coordinates":[120.524392,22.608304]},"properties":{"uid":"welfare_07854","name":"屏東縣私立田園老人長期照顧中心(養護型)","welfare_class":"elderly_residential","address":"屏東縣竹田鄉六巷村太平路70巷20號","city":"屏東縣","coord_source":"tgos_upstream","coord_precision":"upstream","src_datasets":"165355|8572","n_src":2,"sub_code":"T0706","permit_status":"C01","inst_code":"TWG00311519","src_system":"長照機構暨長照人員相關管理資訊系統","attr_type":"私立","beds_approved":"49","target":"養護","licensed_at":"103.11.20","district":"竹田鄉","phone":"08-7781140\n08-7781141"}},{"type":"Feature","geometry":{"type":"Point","coordinates":[120.552536,22.589468]},"properties":{"uid":"welfare_07855","name":"屏東縣私立無量壽老人養護中心","welfare_class":"elderly_residential","address":"屏東縣竹田鄉二崙村忠義路7號","city":"屏東縣","coord_source":"tgos_upstream","coord_precision":"upstream","src_datasets":"165355|8572","n_src":2,"sub_code":"T0706","permit_status":"C01","inst_code":"TWG00311528","src_system":"長照機構暨長照人員相關管理資訊系統","attr_type":"私立","beds_approved":"49","target":"養護","licensed_at":"91.01.09","district":"竹田鄉","phone":"08-7711751"}},{"type":"Feature","geometry":{"type":"Point","coordinates":[120.582085,22.709579]},"properties":{"uid":"welfare_07856","name":"財團法人屏東縣私立椰子園老人養護之家","welfare_class":"elderly_residential","address":"屏東縣長治鄉繁昌村振興路16之9號","city":"屏東縣","coord_source":"tgos_upstream","coord_precision":"upstream","src_datasets":"165355|8572","n_src":2,"sub_code":"T0706","permit_status":"C01","inst_code":"TWG00311546","src_system":"長照機構暨長照人員相關管理資訊系統","attr_type":"私立","beds_approved":"156","target":"養護","licensed_at":"91.08.29","district":"長治鄉","phone":"08-7621111\n08-7624127"}},{"type":"Feature","geometry":{"type":"Point","coordinates":[120.610752,22.346257]},"properties":{"uid":"welfare_07857","name":"財團法人屏東縣私立枋寮老人養護中心","welfare_class":"elderly_residential","address":"屏東縣枋寮鄉隆山村中正大路32號","city":"屏東縣","coord_source":"tgos_upstream","coord_precision":"upstream","src_datasets":"165355|8572","n_src":2,"sub_code":"T0706","permit_status":"C01","inst_code":"TWG00311555","src_system":"長照機構暨長照人員相關管理資訊系統","attr_type":"私立","beds_approved":"48","target":"養護","licensed_at":"91.02.19","district":"枋寮鄉","phone":"08-8788784"}},{"type":"Feature","geometry":{"type":"Point","coordinates":[120.553935,22.415769]},"properties":{"uid":"welfare_07858","name":"屏東縣私立博仁老人養護中心","welfare_class":"elderly_residential","address":"屏東縣佳冬鄉佳冬村民生路48號","city":"屏東縣","coord_source":"tgos_upstream","coord_precision":"upstream","src_datasets":"165355|8572","n_src":2,"sub_code":"T0706","permit_status":"C01","inst_code":"TWG00311564","src_system":"無來源系統、長照機構暨長照人員相關管理資訊系統","attr_type":"私立","beds_approved":"49","target":"養護","licensed_at":"93.11.09","district":"佳冬鄉","phone":"08-8670938"}},{"type":"Feature","geometry":{"type":"Point","coordinates":[120.553757,22.415747]},"properties":{"uid":"welfare_07859","name":"屏東縣私立新博愛老人養護中心","welfare_class":"elderly_residential","address":"屏東縣佳冬鄉佳冬村民生路50號","city":"屏東縣","coord_source":"tgos_upstream","coord_precision":"upstream","src_datasets":"165355|8572","n_src":2,"sub_code":"T0706","permit_status":"C01","inst_code":"TWG00311573","src_system":"長照機構暨長照人員相關管理資訊系統","attr_type":"私立","beds_approved":"49","target":"養護","licensed_at":"93.11.09","district":"佳冬鄉","phone":"08-8670938"}},{"type":"Feature","geometry":{"type":"Point","coordinates":[120.48366,22.753537]},"properties":{"uid":"welfare_07860","name":"屏東縣私立慈德老人養護之家","welfare_class":"elderly_residential","address":"屏東縣九如鄉三塊村三多路286巷65之3號","city":"屏東縣","coord_source":"tgos_upstream","coord_precision":"upstream","src_datasets":"165355|8572","n_src":2,"sub_code":"T0706","permit_status":"C01","inst_code":"TWG00311582","src_system":"長照機構暨長照人員相關管理資訊系統","attr_type":"私立","beds_approved":"49","target":"養護","licensed_at":"91.08.02","district":"九如鄉","phone":"08-7752821\n08-7757820"}},{"type":"Feature","geometry":{"type":"Point","coordinates":[120.565524,22.662863]},"properties":{"uid":"welfare_07861","name":"屏東縣私立慈航老人長期照顧中心（養護型）","welfare_class":"elderly_residential","address":"屏東縣內埔鄉建興村8鄰建興路218巷3號","city":"屏東縣","coord_source":"tgos_upstream","coord_precision":"upstream","src_datasets":"165355|8572","n_src":2,"sub_code":"T0706","permit_status":"C01","inst_code":"TWG00311591","src_system":"長照機構暨長照人員相關管理資訊系統","attr_type":"私立","beds_approved":"49","target":"養護","licensed_at":"91.05.15","district":"內埔鄉","phone":"08-7707191"}},{"type":"Feature","geometry":{"type":"Point","coordinates":[120.55201,22.589234]},"properties":{"uid":"welfare_07862","name":"財團法人屏東縣私立國淳社會福利慈善事業基金會附設屏東縣私立琉璃光老人長期照顧中心(失智型)","welfare_class":"elderly_residential","address":"屏東縣竹田鄉竹田村自強路8號","city":"屏東縣","coord_source":"tgos_upstream","coord_precision":"upstream","src_datasets":"165355|8572","n_src":2,"sub_code":"T0707","permit_status":"C01","inst_code":"TWH00311536","src_system":"長照機構暨長照人員相關管理資訊系統","attr_type":"私立","beds_approved":"76","target":"失智\n養護","licensed_at":"101.01.02","district":"竹田鄉","phone":"08-7710308"}},{"type":"Feature","geometry":{"type":"Point","coordinates":[121.618163,24.001747]},"properties":{"uid":"welfare_08011","name":"國軍退除役官兵輔導委員會花蓮榮譽國民之家","welfare_class":"elderly_residential","uni_no":"94509900","address":"花蓮縣花蓮市府前路29號","city":"花蓮縣","coord_source":"tgos_upstream","coord_precision":"upstream","src_datasets":"165355","n_src":1,"sub_code":"T0605","permit_status":"C04","inst_code":"UFE00347284","src_system":"長照機構暨長照人員相關管理資訊系統"}},{"type":"Feature","geometry":{"type":"Point","coordinates":[121.571712,23.970016]},"properties":{"uid":"welfare_08037","name":"花蓮縣私立祥雲老人長期照顧中心(長期照護型)","welfare_class":"elderly_residential","address":"花蓮縣吉安鄉吉安村10鄰中興路101號","city":"花蓮縣","coord_source":"tgos_upstream","coord_precision":"upstream","src_datasets":"165355|8572","n_src":2,"sub_code":"T0705","permit_status":"C01","inst_code":"UWF00304436","src_system":"長照機構暨長照人員相關管理資訊系統","attr_type":"私立","beds_approved":"49","target":"長期照護","licensed_at":"101.7","district":"吉安鄉","phone":"03-8511095"}},{"type":"Feature","geometry":{"type":"Point","coordinates":[121.571173,23.991102]},"properties":{"uid":"welfare_08038","name":"花蓮縣私立富康老人長期照顧中心(養護型)","welfare_class":"elderly_residential","address":"花蓮縣吉安鄉太昌村2鄰明義2街28號","city":"花蓮縣","coord_source":"tgos_upstream","coord_precision":"upstream","src_datasets":"165355|8572","n_src":2,"sub_code":"T0706","permit_status":"C01","inst_code":"UWG00304444","src_system":"長照機構暨長照人員相關管理資訊系統","attr_type":"私立","beds_approved":"49","target":"養護","licensed_at":"104.1","district":"吉安鄉","phone":"03-8571151"}},{"type":"Feature","geometry":{"type":"Point","coordinates":[121.626879,23.989514]},"properties":{"uid":"welfare_08039","name":"衛生福利部東區老人之家","welfare_class":"elderly_residential","address":"花蓮縣花蓮市民立里民權路125號","city":"花蓮縣","coord_source":"tgos_upstream","coord_precision":"upstream","src_datasets":"165355|8572","n_src":2,"sub_code":"T0706","permit_status":"C01","inst_code":"UWG00304453","src_system":"長照機構暨長照人員相關管理資訊系統","attr_type":"公立","beds_approved":"300","target":"安養\n養護\n長照\n失智","licensed_at":"37.1","district":"花蓮市","phone":"03-8509228 "}},{"type":"Feature","geometry":{"type":"Point","coordinates":[121.600173,23.960777]},"properties":{"uid":"welfare_08040","name":"花蓮縣私立長生老人長期照顧中心(養護型)","welfare_class":"elderly_residential","address":"花蓮縣吉安鄉東昌村東海10街243號","city":"花蓮縣","coord_source":"tgos_upstream","coord_precision":"upstream","src_datasets":"165355|8572","n_src":2,"sub_code":"T0706","permit_status":"C01","inst_code":"UWG00308206","src_system":"長照機構暨長照人員相關管理資訊系統","attr_type":"私立","beds_approved":"49","target":"養護","licensed_at":"105.4","district":"吉安鄉","phone":"03-8542258"}},{"type":"Feature","geometry":{"type":"Point","coordinates":[121.606761,24.05421]},"properties":{"uid":"welfare_08041","name":"花蓮縣私立康樂心居老人長期照顧中心(養護型)","welfare_class":"elderly_residential","uni_no":"91616011","address":"花蓮縣新城鄉康樂村康樂路698巷11號1樓及2樓","city":"花蓮縣","coord_source":"tgos_upstream","coord_precision":"upstream","src_datasets":"165355","n_src":1,"sub_code":"T0706","permit_status":"C01","inst_code":"UWG00309520","src_system":"長照機構暨長照人員相關管理資訊系統"}},{"type":"Feature","geometry":{"type":"Point","coordinates":[121.65133,24.126611]},"properties":{"uid":"welfare_08042","name":"財團法人天主教會花蓮教區附設花蓮縣私立聲遠老人養護之家","welfare_class":"elderly_residential","address":"花蓮縣新城鄉新城村博愛路31號","city":"花蓮縣","coord_source":"tgos_upstream","coord_precision":"upstream","src_datasets":"165355|8572","n_src":2,"sub_code":"T0706","permit_status":"C01","inst_code":"UWG00310212","src_system":"長照機構暨長照人員相關管理資訊系統","attr_type":"私立","beds_approved":"54","target":"養護","licensed_at":"84.11","district":"新城鄉","phone":"03-8610075"}},{"type":"Feature","geometry":{"type":"Point","coordinates":[121.561516,23.973058]},"properties":{"uid":"welfare_08043","name":"財團法人花蓮縣私立博愛居安廬老人長期照顧中心(養護型)","welfare_class":"elderly_residential","address":"花蓮縣吉安鄉吉安村吉昌1街258巷11號","city":"花蓮縣","coord_source":"tgos_upstream","coord_precision":"upstream","src_datasets":"165355|8572","n_src":2,"sub_code":"T0706","permit_status":"C01","inst_code":"UWG00310221","src_system":"長照機構暨長照人員相關管理資訊系統","attr_type":"私立","beds_approved":"90","target":"養護","licensed_at":"87.6","district":"吉安鄉","phone":"03-8529789"}},{"type":"Feature","geometry":{"type":"Point","coordinates":[121.590705,23.989574]},"properties":{"uid":"welfare_08044","name":"花蓮縣私立全民老人長期照顧中心(養護型)","welfare_class":"elderly_residential","address":"花蓮縣吉安鄉北昌村建昌路185號","city":"花蓮縣","coord_source":"tgos_upstream","coord_precision":"upstream","src_datasets":"165355|8572","n_src":2,"sub_code":"T0706","permit_status":"C01","inst_code":"UWG00310230","src_system":"長照機構暨長照人員相關管理資訊系統","attr_type":"私立","beds_approved":"48","target":"養護","licensed_at":"89.7","district":"吉安鄉","phone":"03-8572877"}},{"type":"Feature","geometry":{"type":"Point","coordinates":[121.547469,23.958355]},"properties":{"uid":"welfare_08045","name":"花蓮縣私立長春養護之家","welfare_class":"elderly_residential","address":"花蓮縣吉安鄉南華村十五鄰南華2街295號","city":"花蓮縣","coord_source":"tgos_upstream","coord_precision":"upstream","src_datasets":"165355|8572","n_src":2,"sub_code":"T0706","permit_status":"C01","inst_code":"UWG00310249","src_system":"長照機構暨長照人員相關管理資訊系統","attr_type":"私立","beds_approved":"38","target":"養護","licensed_at":"92.11","district":"吉安鄉","phone":"03-8549946"}},{"type":"Feature","geometry":{"type":"Point","coordinates":[121.327077,23.353679]},"properties":{"uid":"welfare_08046","name":"花蓮縣私立長青老人養護中心","welfare_class":"elderly_residential","address":"花蓮縣玉里鎮大禹里酸柑1鄰11之2號","city":"花蓮縣","coord_source":"tgos_upstream","coord_precision":"upstream","src_datasets":"165355|8572","n_src":2,"sub_code":"T0706","permit_status":"C01","inst_code":"UWG00310258","src_system":"長照機構暨長照人員相關管理資訊系統","attr_type":"私立","beds_approved":"49","target":"養護","licensed_at":"90.8","district":"玉里鎮","phone":"03-8980299"}},{"type":"Feature","geometry":{"type":"Point","coordinates":[121.580596,23.972977]},"properties":{"uid":"welfare_08047","name":"花蓮縣私立祥安養護中心","welfare_class":"elderly_residential","address":"花蓮縣吉安鄉宜昌村19鄰荳蘭七街28號","city":"花蓮縣","coord_source":"tgos_upstream","coord_precision":"upstream","src_datasets":"165355|8572","n_src":2,"sub_code":"T0706","permit_status":"C01","inst_code":"UWG00310267","src_system":"長照機構暨長照人員相關管理資訊系統","attr_type":"私立","beds_approved":"45","target":"養護","licensed_at":"89.7","district":"吉安鄉","phone":"03-8510448"}},{"type":"Feature","geometry":{"type":"Point","coordinates":[121.553122,23.889199]},"properties":{"uid":"welfare_08048","name":"財團法人花蓮縣私立吉豐老人養護所","welfare_class":"elderly_residential","address":"花蓮縣壽豐鄉平和村23鄰吳全96之10號","city":"花蓮縣","coord_source":"tgos_upstream","coord_precision":"upstream","src_datasets":"165355|8572","n_src":2,"sub_code":"T0706","permit_status":"C01","inst_code":"UWG00310276","src_system":"長照機構暨長照人員相關管理資訊系統","attr_type":"私立","beds_approved":"180","target":"養護","licensed_at":"93.4","district":"壽豐鄉","phone":"03-8664998"}},{"type":"Feature","geometry":{"type":"Point","coordinates":[121.595709,23.96627]},"properties":{"uid":"welfare_08049","name":"花蓮縣私立崇恩老人長期照顧中心(養護型)","welfare_class":"elderly_residential","address":"花蓮縣吉安鄉東昌村8鄰東海6街81號","city":"花蓮縣","coord_source":"tgos_upstream","coord_precision":"upstream","src_datasets":"165355|8572","n_src":2,"sub_code":"T0706","permit_status":"C01","inst_code":"UWG00310285","src_system":"長照機構暨長照人員相關管理資訊系統","attr_type":"私立","beds_approved":"36","target":"養護","licensed_at":"106.1","district":"吉安鄉","phone":"03-8522020"}},{"type":"Feature","geometry":{"type":"Point","coordinates":[121.571487,23.938417]},"properties":{"uid":"welfare_08050","name":"花蓮縣私立惠馨老人長期照顧中心(養護型)","welfare_class":"elderly_residential","address":"花蓮縣吉安鄉永興村全民街27號","city":"花蓮縣","coord_source":"google","coord_precision":"exact","src_datasets":"165355|8572","n_src":2,"sub_code":"T0706","permit_status":"C01","inst_code":"UWG00310294","src_system":"長照機構暨長照人員相關管理資訊系統","attr_type":"私立","beds_approved":"40","target":"養護","licensed_at":"106.9","district":"吉安鄉","phone":"03-8528868"}},{"type":"Feature","geometry":{"type":"Point","coordinates":[121.59374,23.931508]},"properties":{"uid":"welfare_08051","name":"財團法人中華基督教伯特利會總會附設花蓮縣私立長榮老人長期照顧中心養護型","welfare_class":"elderly_residential","uni_no":"19478828","address":"花蓮縣吉安鄉光華村華城5街550號","city":"花蓮縣","coord_source":"tgos_upstream","coord_precision":"upstream","src_datasets":"165355","n_src":1,"sub_code":"T0706","permit_status":"C01","inst_code":"UWG00310302","src_system":"長照機構暨長照人員相關管理資訊系統"}},{"type":"Feature","geometry":{"type":"Point","coordinates":[121.32324,23.334499]},"properties":{"uid":"welfare_08052","name":"花蓮縣私立玉里老人長期照顧中心(養護型)","welfare_class":"elderly_residential","address":"花蓮縣玉里鎮國武里興國路2段20巷42弄7號","city":"花蓮縣","coord_source":"tgos_upstream","coord_precision":"upstream","src_datasets":"165355|8572","n_src":2,"sub_code":"T0706","permit_status":"C01","inst_code":"UWG00310311","src_system":"長照機構暨長照人員相關管理資訊系統","attr_type":"私立","beds_approved":"49","target":"養護","licensed_at":"107.1","district":"玉里鎮","phone":"03-8886533 "}},{"type":"Feature","geometry":{"type":"Point","coordinates":[121.424856,23.669741]},"properties":{"uid":"welfare_08053","name":"花蓮縣私立光復老人長期照顧中心(養護型)","welfare_class":"elderly_residential","address":"花蓮縣光復鄉大華村林森路183號","city":"花蓮縣","coord_source":"tgos_upstream","coord_precision":"upstream","src_datasets":"165355|8572","n_src":2,"sub_code":"T0706","permit_status":"C01","inst_code":"UWG00310320","src_system":"長照機構暨長照人員相關管理資訊系統","attr_type":"私立","beds_approved":"47","target":"養護","licensed_at":"107.2","district":"光復鄉","phone":"03-8700168"}},{"type":"Feature","geometry":{"type":"Point","coordinates":[121.309359,23.333693]},"properties":{"uid":"welfare_08054","name":"花蓮縣私立愛愛老人長期照顧中心(養護型)","welfare_class":"elderly_residential","address":"花蓮縣玉里鎮西邊街15之1號","city":"花蓮縣","coord_source":"tgos_upstream","coord_precision":"upstream","src_datasets":"165355|8572","n_src":2,"sub_code":"T0706","permit_status":"C01","inst_code":"UWG00310339","src_system":"長照機構暨長照人員相關管理資訊系統","attr_type":"私立","beds_approved":"48","target":"養護","licensed_at":"107.6","district":"玉里鎮","phone":"03-8887136 "}},{"type":"Feature","geometry":{"type":"Point","coordinates":[121.332121,23.491016]},"properties":{"uid":"welfare_08055","name":"花蓮縣萬榮鄉老人會","welfare_class":"elderly_residential","uni_no":"26116370","address":"花蓮縣萬榮鄉紅葉村52之一號","city":"花蓮縣","coord_source":"tgos_upstream","coord_precision":"upstream","src_datasets":"165355","n_src":1,"sub_code":"T0707","permit_status":"C04","inst_code":"UWH00346104","src_system":"失智照護管理系統"}},{"type":"Feature","geometry":{"type":"Point","coordinates":[121.131523,22.772936]},"properties":{"uid":"welfare_08154","name":"國軍退除役官兵輔導委員會馬蘭榮譽國民之家","welfare_class":"elderly_residential","uni_no":"93504505","address":"臺東縣臺東市更生路1010號","city":"臺東縣","coord_source":"tgos_upstream","coord_precision":"upstream","src_datasets":"165355","n_src":1,"sub_code":"T0605","permit_status":"C04","inst_code":"VFE00347292","src_system":"長照機構暨長照人員相關管理資訊系統"}},{"type":"Feature","geometry":{"type":"Point","coordinates":[121.119266,22.752849]},"properties":{"uid":"welfare_08187","name":"台東縣私立樂齡老人長期照顧中心(長期照護型)","welfare_class":"elderly_residential","uni_no":"47921098","address":"臺東縣臺東市永樂里4鄰太原路2段242號","city":"臺東縣","coord_source":"tgos_upstream","coord_precision":"upstream","src_datasets":"165355","n_src":1,"sub_code":"T0705","permit_status":"C01","inst_code":"VWF00311662","src_system":"長照機構暨長照人員相關管理資訊系統"}},{"type":"Feature","geometry":{"type":"Point","coordinates":[121.135535,22.752828]},"properties":{"uid":"welfare_08188","name":"台東縣私立一心老人養護中心","welfare_class":"elderly_residential","address":"臺東縣臺東市豐榮里正氣北路339巷19號","city":"臺東縣","coord_source":"offline_l2","coord_precision":"exact","src_datasets":"165355|8572","n_src":2,"sub_code":"T0706","permit_status":"C01","inst_code":"VWG00304056","src_system":"長照機構暨長照人員相關管理資訊系統","attr_type":"私立","beds_approved":"18","target":"養護","licensed_at":"87.12","district":"臺東市","phone":"089-338358"}},{"type":"Feature","geometry":{"type":"Point","coordinates":[121.16146,23.049741]},"properties":{"uid":"welfare_08189","name":"財團法人台東縣天主教聖十字架慈愛修女會附設天主教私立聖十字架療養院","welfare_class":"elderly_residential","address":"臺東縣關山鎮中福里中正路55號","city":"臺東縣","coord_source":"tgos_upstream","coord_precision":"upstream","src_datasets":"165355|8572","n_src":2,"sub_code":"T0706","permit_status":"C01","inst_code":"VWG00308584","src_system":"長照機構暨長照人員相關管理資訊系統","attr_type":"私立","beds_approved":"40","target":"養護","licensed_at":"79.6","district":"關山鎮","phone":"089-811073  "}},{"type":"Feature","geometry":{"type":"Point","coordinates":[121.003556,22.606061]},"properties":{"uid":"welfare_08190","name":"臺東縣私立太麻里老人長期照顧中心（養護型）","welfare_class":"elderly_residential","address":"臺東縣太麻里鄉泰和村13鄰外環路220號","city":"臺東縣","coord_source":"tgos_upstream","coord_precision":"upstream","src_datasets":"165355|8572","n_src":2,"sub_code":"T0706","permit_status":"C01","inst_code":"VWG00308944","src_system":"長照機構暨長照人員相關管理資訊系統","attr_type":"私立","beds_approved":"46","target":"養護","licensed_at":"100.6","district":"太麻里","phone":"089-780699\n#333"}},{"type":"Feature","geometry":{"type":"Point","coordinates":[121.143722,22.748745]},"properties":{"uid":"welfare_08191","name":"臺東縣私立慈心老人長期照顧中心(養護型)","welfare_class":"elderly_residential","address":"臺東縣臺東市東海里桂林北路75號","city":"臺東縣","coord_source":"offline_l2","coord_precision":"exact","src_datasets":"165355|8572","n_src":2,"sub_code":"T0706","permit_status":"C01","inst_code":"VWG00309231","src_system":"長照機構暨長照人員相關管理資訊系統","attr_type":"私立","beds_approved":"48","target":"養護","licensed_at":"99.4","district":"臺東市","phone":"089-342378"}},{"type":"Feature","geometry":{"type":"Point","coordinates":[121.128544,22.740691]},"properties":{"uid":"welfare_08192","name":"台東縣私立豐禾老人養護中心","welfare_class":"elderly_residential","address":"臺東縣臺東市豐谷里中華路2段618巷17號","city":"臺東縣","coord_source":"tgos_upstream","coord_precision":"upstream","src_datasets":"165355|8572","n_src":2,"sub_code":"T0706","permit_status":"C01","inst_code":"VWG00309240","src_system":"長照機構暨長照人員相關管理資訊系統","attr_type":"私立","beds_approved":"16","target":"養護","licensed_at":"98.4","district":"臺東市","phone":"089-346552"}},{"type":"Feature","geometry":{"type":"Point","coordinates":[121.152163,22.74764]},"properties":{"uid":"welfare_08193","name":"財團法人北部台灣基督長老教會東部中會附設台東縣私立長青老人養護中心","welfare_class":"elderly_residential","address":"臺東縣臺東市新興里鐵花路51號","city":"臺東縣","coord_source":"tgos_upstream","coord_precision":"upstream","src_datasets":"165355|8572","n_src":2,"sub_code":"T0706","permit_status":"C01","inst_code":"VWG00311607","src_system":"長照機構暨長照人員相關管理資訊系統","attr_type":"私立","beds_approved":"70","target":"養護","licensed_at":"90.6","district":"臺東市","phone":"089-358406"}},{"type":"Feature","geometry":{"type":"Point","coordinates":[121.106682,22.771678]},"properties":{"uid":"welfare_08194","name":"財團法人台東縣私立台東仁愛之家","welfare_class":"elderly_residential","address":"臺東縣臺東市豐年里中興路3段549號","city":"臺東縣","coord_source":"tgos_upstream","coord_precision":"upstream","src_datasets":"165355|8572","n_src":2,"sub_code":"T0706","permit_status":"C01","inst_code":"VWG00311616","src_system":"長照機構暨長照人員相關管理資訊系統","attr_type":"私立","beds_approved":"196","target":"養護\n安養","licensed_at":"78.7","district":"臺東市","phone":"089-227592  "}},{"type":"Feature","geometry":{"type":"Point","coordinates":[121.066377,22.772176]},"properties":{"uid":"welfare_08195","name":"台東縣私立仁和老人養護中心","welfare_class":"elderly_residential","uni_no":"14530135","address":"臺東縣卑南鄉利嘉村利嘉路627巷31弄16號","city":"臺東縣","coord_source":"tgos_upstream","coord_precision":"upstream","src_datasets":"165355","n_src":1,"sub_code":"T0706","permit_status":"C01","inst_code":"VWG00311625","src_system":"長照機構暨長照人員相關管理資訊系統"}},{"type":"Feature","geometry":{"type":"Point","coordinates":[121.13824,22.750056]},"properties":{"uid":"welfare_08196","name":"台東縣私立大愛老人養護中心","welfare_class":"elderly_residential","address":"臺東縣臺東市豐榮里仁義北路165號","city":"臺東縣","coord_source":"tgos_upstream","coord_precision":"upstream","src_datasets":"165355|8572","n_src":2,"sub_code":"T0706","permit_status":"C01","inst_code":"VWG00311634","src_system":"長照機構暨長照人員相關管理資訊系統","attr_type":"私立","beds_approved":"40","target":"養護","licensed_at":"95.6","district":"臺東市","phone":"089-346129"}},{"type":"Feature","geometry":{"type":"Point","coordinates":[121.065869,22.772324]},"properties":{"uid":"welfare_08197","name":"臺東縣私立利嘉老人長期照顧中心（養護型）","welfare_class":"elderly_residential","address":"臺東縣卑南鄉利嘉村627巷31弄20號","city":"臺東縣","coord_source":"tgos_upstream","coord_precision":"upstream","src_datasets":"165355|8572","n_src":2,"sub_code":"T0706","permit_status":"C01","inst_code":"VWG00311643","src_system":"長照機構暨長照人員相關管理資訊系統","attr_type":"私立","beds_approved":"48","target":"養護","licensed_at":"102.2","district":"卑南鄉","phone":"089-385204"}},{"type":"Feature","geometry":{"type":"Point","coordinates":[121.128317,22.725504]},"properties":{"uid":"welfare_08198","name":"財團法人台東縣私立柏林老人養護中心","welfare_class":"elderly_residential","address":"臺東縣臺東市豐里里重慶路831號","city":"臺東縣","coord_source":"tgos_upstream","coord_precision":"upstream","src_datasets":"165355|8572","n_src":2,"sub_code":"T0706","permit_status":"C01","inst_code":"VWG00311652","src_system":"長照機構暨長照人員相關管理資訊系統","attr_type":"私立","beds_approved":"192","target":"養護\n長照","licensed_at":"94.5","district":"臺東市","phone":"089-339985"}},{"type":"Feature","geometry":{"type":"Point","coordinates":[118.47049,24.448792]},"properties":{"uid":"welfare_08236","name":"金門縣松柏園老人長期照顧中心","welfare_class":"elderly_residential","uni_no":"88182835","address":"金門縣金湖鎮溪湖里溪湖里裕民農莊22號","city":"金門縣","coord_source":"tgos_upstream","coord_precision":"upstream","src_datasets":"165355","n_src":1,"sub_code":"T0705","permit_status":"C01","inst_code":"WWF00304074","src_system":"長照機構暨長照人員相關管理資訊系統"}},{"type":"Feature","geometry":{"type":"Point","coordinates":[118.317831,24.438828]},"properties":{"uid":"welfare_08237","name":"金門縣大同之家","welfare_class":"elderly_residential","address":"金門縣金城鎮西門里021鄰民生路72號","city":"金門縣","coord_source":"tgos_upstream","coord_precision":"upstream","src_datasets":"161606|165355|8572","n_src":3,"sub_code":"T0708","permit_status":"C01","inst_code":"WWJ00304061","src_system":"兒少安置追蹤個案管理系統、長照機構暨長照人員相關管理資訊系統","nature":"公立機構","authority":"金門縣政府","phone":"082-325052","subtype":"安置教養機構","attr_type":"公立","beds_approved":"120","target":"安養\n養護","licensed_at":"82.4","district":"金城鎮"}},{"type":"Feature","geometry":{"type":"Point","coordinates":[119.603618,23.559771]},"properties":{"uid":"welfare_08296","name":"衛生福利部澎湖老人之家","welfare_class":"elderly_residential","address":"澎湖縣馬公市光華里123號","city":"澎湖縣","coord_source":"tgos_upstream","coord_precision":"upstream","src_datasets":"165355|8572","n_src":2,"sub_code":"T0706","permit_status":"C01","inst_code":"XWG00303181","src_system":"長照機構暨長照人員相關管理資訊系統","attr_type":"公立","beds_approved":"72","target":"安養            養護                ","licensed_at":"37.1","district":"馬公市","phone":"06-9217056"}},{"type":"Feature","geometry":{"type":"Point","coordinates":[119.607266,23.614284]},"properties":{"uid":"welfare_08297","name":"澎湖縣私立感恩養護中心","welfare_class":"elderly_residential","address":"澎湖縣白沙鄉中屯村100號","city":"澎湖縣","coord_source":"tgos_upstream","coord_precision":"upstream","src_datasets":"165355|8572","n_src":2,"sub_code":"T0706","permit_status":"C01","inst_code":"XWG00304496","src_system":"長照機構暨長照人員相關管理資訊系統","attr_type":"私立","beds_approved":"49","target":"養護","licensed_at":"96.06.30","district":"白沙鄉","phone":"06-9933888"}},{"type":"Feature","geometry":{"type":"Point","coordinates":[119.607539,23.613861]},"properties":{"uid":"welfare_08298","name":"澎湖縣私立慈安養護中心","welfare_class":"elderly_residential","address":"澎湖縣白沙鄉中屯村99號","city":"澎湖縣","coord_source":"tgos_upstream","coord_precision":"upstream","src_datasets":"165355|8572","n_src":2,"sub_code":"T0706","permit_status":"C04","inst_code":"XWG00304504","src_system":"長照機構暨長照人員相關管理資訊系統","attr_type":"私立","beds_approved":"36","target":"養護","licensed_at":"101.09.20","district":"白沙鄉","phone":"06-9931899"}},{"type":"Feature","geometry":{"type":"Point","coordinates":[119.610215,23.582346]},"properties":{"uid":"welfare_08299","name":"澎湖縣私立四季常照養護中心","welfare_class":"elderly_residential","address":"澎湖縣湖西鄉許家村港子尾78-16號","city":"澎湖縣","coord_source":"tgos_upstream","coord_precision":"upstream","src_datasets":"165355|8572","n_src":2,"sub_code":"T0706","permit_status":"C01","inst_code":"XWG00311678","src_system":"長照機構暨長照人員相關管理資訊系統","attr_type":"私立","beds_approved":"49","target":"養護","licensed_at":"107.01.31","district":"湖西鄉","phone":"06-9219899"}},{"type":"Feature","geometry":{"type":"Point","coordinates":[119.938374,26.154011]},"properties":{"uid":"welfare_08317","name":"連江縣大同之家","welfare_class":"elderly_residential","address":"連江縣南竿鄉清水村131號","city":"連江縣","coord_source":"tgos_upstream","coord_precision":"upstream","src_datasets":"165355|8572","n_src":2,"sub_code":"T0708","permit_status":"C01","inst_code":"ZWJ00311682","src_system":"長照機構暨長照人員相關管理資訊系統","attr_type":"公立","beds_approved":"34","target":"安養\n養護","licensed_at":"80.01","district":"南竿鄉","phone":"0836-22033"}},{"type":"Feature","geometry":{"type":"Point","coordinates":[120.493264,24.031031]},"properties":{"uid":"welfare_08725","name":"彰化縣私立福澤老人長期照顧中心(養護型)","welfare_class":"elderly_residential","address":"彰化縣秀水鄉福安村民意街187巷40號","city":"彰化縣","coord_source":"offline_l15","coord_precision":"interpolated","src_datasets":"8572","n_src":1,"attr_type":"私立","beds_approved":"32","target":"養護","licensed_at":"101.9.17","district":"秀水鄉","phone":"04-7680007"}},{"type":"Feature","geometry":{"type":"Point","coordinates":[120.523878,23.999894]},"properties":{"uid":"welfare_08726","name":"彰化縣私立賜福長期照顧中心(養護型)","welfare_class":"elderly_residential","address":"彰化縣秀水鄉陝西村水尾巷2號","city":"彰化縣","coord_source":"google","coord_precision":"exact","src_datasets":"8572","n_src":1,"attr_type":"私立","beds_approved":"35","target":"養護\n長照","licensed_at":"97.4.30","district":"秀水鄉","phone":"04-7697439"}},{"type":"Feature","geometry":{"type":"Point","coordinates":[120.569202,24.015839]},"properties":{"uid":"welfare_08727","name":"彰化縣私立聖仁老人長期照顧中心(長期照護型)","welfare_class":"elderly_residential","address":"彰化縣花壇鄉三春村後厝一巷12弄36號","city":"彰化縣","coord_source":"google","coord_precision":"exact","src_datasets":"8572","n_src":1,"attr_type":"私立","beds_approved":"49","target":"長照","licensed_at":"96.12.31","district":"花壇鄉","phone":"04-7877779"}},{"type":"Feature","geometry":{"type":"Point","coordinates":[120.391794,23.957736]},"properties":{"uid":"welfare_08728","name":"彰化縣私立詮福莊園老人長期照顧中心(養護型)","welfare_class":"elderly_residential","address":"彰化縣芳苑鄉二溪路草二段807號","city":"彰化縣","coord_source":"google","coord_precision":"exact","src_datasets":"8572","n_src":1,"attr_type":"私立","beds_approved":"49","target":"養護","licensed_at":"108.8.1","district":"芳苑鄉","phone":"04-8862928"}},{"type":"Feature","geometry":{"type":"Point","coordinates":[120.523763,23.944236]},"properties":{"uid":"welfare_08729","name":"彰化縣私立迦南老人長期照顧中心(養護型)","welfare_class":"elderly_residential","address":"彰化縣埔心鄉南館村四湳路383巷30號","city":"彰化縣","coord_source":"google","coord_precision":"exact","src_datasets":"8572","n_src":1,"attr_type":"私立","beds_approved":"49","target":"養護\n長照","licensed_at":"101.3.12","district":"埔心鄉","phone":"04-8281278"}},{"type":"Feature","geometry":{"type":"Point","coordinates":[120.516131,24.081555]},"properties":{"uid":"welfare_08730","name":"彰化縣私立大眾老人養護中心（歇業日期109.03.16）","welfare_class":"elderly_residential","address":"彰化縣和美鎮源埤里德南路18號","city":"彰化縣","coord_source":"offline_l1","coord_precision":"cached","src_datasets":"8572","n_src":1,"attr_type":"私立","beds_approved":"25","target":"長照\n養護","licensed_at":"91.8","district":"和美鎮","phone":"04-7626552"}},{"type":"Feature","geometry":{"type":"Point","coordinates":[120.602666,24.073205]},"properties":{"uid":"welfare_08731","name":"彰化縣私立全祥老人養護中心（歇業日期109.12.14）","welfare_class":"elderly_residential","address":"彰化縣彰化市台鳳里互助一街五巷九十五號1樓","city":"彰化縣","coord_source":"offline_l2","coord_precision":"exact","src_datasets":"8572","n_src":1,"attr_type":"私立","beds_approved":"10","target":"長照\n養護","licensed_at":"91.11","district":"彰化市","phone":"04-7371619"}},{"type":"Feature","geometry":{"type":"Point","coordinates":[120.573735,23.953423]},"properties":{"uid":"welfare_08732","name":"彰化縣私立伍倫惠來老人養護中心（歇業日期108.7.15）","welfare_class":"elderly_residential","address":"彰化縣員林市光明街77號","city":"彰化縣","coord_source":"offline_l2","coord_precision":"exact","src_datasets":"8572","n_src":1,"attr_type":"私立","beds_approved":"42","target":"養護","licensed_at":"89.6","district":"員林市","phone":"04-8326161#830"}},{"type":"Feature","geometry":{"type":"Point","coordinates":[120.551325,24.097266]},"properties":{"uid":"welfare_08733","name":"彰化縣私立鈺燕老人養護中心（歇業日期107.6.20）","welfare_class":"elderly_residential","address":"彰化縣彰化市金馬路1段595號2-3樓","city":"彰化縣","coord_source":"offline_l15","coord_precision":"interpolated","src_datasets":"8572","n_src":1,"attr_type":"私立","beds_approved":"22","target":"養護","licensed_at":"91.8","district":"彰化市","phone":"04-7276552"}},{"type":"Feature","geometry":{"type":"Point","coordinates":[120.196458,22.966989]},"properties":{"uid":"welfare_08734","name":"財團法人台灣省私立台南仁愛之家（新都養護所）","welfare_class":"elderly_residential","address":"臺南市南區新都路346號","city":"臺南市","coord_source":"offline_l15","coord_precision":"interpolated","src_datasets":"8572","n_src":1,"attr_type":"私立","beds_approved":"139","target":"養護","licensed_at":"65.02","district":"南區","phone":"06-2630431"}},{"type":"Feature","geometry":{"type":"Point","coordinates":[120.224667,22.984542]},"properties":{"uid":"welfare_08735","name":"台南市私立愛惠老人養護中心","welfare_class":"elderly_residential","address":"臺南市東區東門路2段236號","city":"臺南市","coord_source":"offline_l15","coord_precision":"interpolated","src_datasets":"8572","n_src":1,"attr_type":"私立","beds_approved":"28","target":"養護","licensed_at":"95.01.20","district":"東區","phone":"06-2684254"}},{"type":"Feature","geometry":{"type":"Point","coordinates":[120.213927,22.968356]},"properties":{"uid":"welfare_08736","name":"臺南市私立福康老人長期照顧中心(養護型)","welfare_class":"elderly_residential","address":"臺南市南區大同路2段640巷35弄3、5號","city":"臺南市","coord_source":"google","coord_precision":"exact","src_datasets":"8572","n_src":1,"attr_type":"私立","beds_approved":"21","target":"養護","licensed_at":"100.12.12","district":"南區","phone":"06-2908005"}},{"type":"Feature","geometry":{"type":"Point","coordinates":[120.170477,23.25538]},"properties":{"uid":"welfare_08737","name":"臺南市私立樂健心?老人長期照顧中心(養護型)","welfare_class":"elderly_residential","address":"臺南市學甲區豐和里美和4之53號","city":"臺南市","coord_source":"google","coord_precision":"approximate","src_datasets":"8572","n_src":1,"attr_type":"私立","beds_approved":"49","target":"養護","licensed_at":"106.07.31","district":"學甲區","phone":"06-7830536"}},{"type":"Feature","geometry":{"type":"Point","coordinates":[120.243659,22.971715]},"properties":{"uid":"welfare_08738","name":"臺南市私立仁田老人長期照顧中心(養護型)","welfare_class":"elderly_residential","address":"臺南市仁德區仁德里文華路三段460號","city":"臺南市","coord_source":"offline_l2","coord_precision":"exact","src_datasets":"8572","n_src":1,"attr_type":"私立","beds_approved":"30","target":"養護","licensed_at":"99.06.07","district":"仁德區","phone":"06-2797977"}},{"type":"Feature","geometry":{"type":"Point","coordinates":[120.352557,23.336015]},"properties":{"uid":"welfare_08739","name":"臺南市私立天和老人長期照顧中心(養護型)","welfare_class":"elderly_residential","address":"後壁區頂安里頂寮290之2號","city":"臺南市","coord_source":"google","coord_precision":"approximate","src_datasets":"8572","n_src":1,"attr_type":"私立","beds_approved":"48","target":"養護","licensed_at":"91.12.12","district":"後壁區","phone":"06-6355553"}},{"type":"Feature","geometry":{"type":"Point","coordinates":[120.317604,23.173309]},"properties":{"uid":"welfare_08740","name":"臺南市私立融園老人長期照顧中心(養護型)","welfare_class":"elderly_residential","address":"官田區拔林里86之5號","city":"臺南市","coord_source":"google","coord_precision":"approximate","src_datasets":"8572","n_src":1,"attr_type":"私立","beds_approved":"49","target":"養護","licensed_at":"91.06.21","district":"官田區","phone":"06-5793333"}},{"type":"Feature","geometry":{"type":"Point","coordinates":[120.205124,23.065204]},"properties":{"uid":"welfare_08741","name":"臺南市私立長和老人長期照顧中心(養護型)","welfare_class":"elderly_residential","address":"臺南市安南區長和路4段285號","city":"臺南市","coord_source":"offline_l2","coord_precision":"exact","src_datasets":"8572","n_src":1,"attr_type":"私立","beds_approved":"48","target":"養護","licensed_at":"101.11.12","district":"安南區","phone":"06-2552551"}},{"type":"Feature","geometry":{"type":"Point","coordinates":[120.293838,22.632751]},"properties":{"uid":"welfare_08742","name":"高雄市私立大順老人長期照顧中心（養護型）","welfare_class":"elderly_residential","address":"高雄市前金區七賢二路220-8號1-5樓","city":"高雄市","coord_source":"google","coord_precision":"exact","src_datasets":"8572","n_src":1,"attr_type":"私立","beds_approved":"48","target":"養護","licensed_at":"92.02.26","district":"前金區","phone":"07-2015501"}},{"type":"Feature","geometry":{"type":"Point","coordinates":[120.297902,22.629773]},"properties":{"uid":"welfare_08743","name":"高雄市私立安安養護之家","welfare_class":"elderly_residential","address":"高雄市前金區中正四路105號3-4樓","city":"高雄市","coord_source":"offline_l15","coord_precision":"interpolated","src_datasets":"8572","n_src":1,"attr_type":"私立","beds_approved":"47","target":"養護","licensed_at":"89.02.10","district":"前金區","phone":"07-2412956"}},{"type":"Feature","geometry":{"type":"Point","coordinates":[120.296352,22.641212]},"properties":{"uid":"welfare_08744","name":"高雄市私立普祐老人長期照顧中心(養護型)","welfare_class":"elderly_residential","address":"高雄市三民區自立一路226號4樓","city":"高雄市","coord_source":"offline_l2","coord_precision":"exact","src_datasets":"8572","n_src":1,"attr_type":"私立","beds_approved":"37","target":"養護","licensed_at":"97.08.12","district":"三民區","phone":"07-3232938"}},{"type":"Feature","geometry":{"type":"Point","coordinates":[120.372267,22.654386]},"properties":{"uid":"welfare_08745","name":"高雄市私立慈善園老人養護中心","welfare_class":"elderly_residential","address":"高雄市鳥松區大同路2之115號1樓","city":"高雄市","coord_source":"offline_l2","coord_precision":"exact","src_datasets":"8572","n_src":1,"attr_type":"私立","beds_approved":"44","target":"養護","licensed_at":"95.8.10","district":"鳥松區","phone":"07-7334113"}},{"type":"Feature","geometry":{"type":"Point","coordinates":[121.558853,23.930424]},"properties":{"uid":"welfare_08746","name":"財團法人中華基督教伯特利會總會附設花蓮縣私立長榮老人長期照顧中心(養護型)","welfare_class":"elderly_residential","address":"花蓮縣吉安鄉光華村4鄰華城5街550號","city":"花蓮縣","coord_source":"google","coord_precision":"exact","src_datasets":"8572","n_src":1,"attr_type":"私立","beds_approved":"100","target":"養護","licensed_at":"92.9","district":"吉安鄉","phone":"03-8420122"}},{"type":"Feature","geometry":{"type":"Point","coordinates":[121.72741,25.134231]},"properties":{"uid":"welfare_08747","name":"財團法人臺北市私立恆安老人長期照顧中心(長期照護型)承辦基隆市立仁愛之家養護大樓","welfare_class":"elderly_residential","address":"基隆市安樂區干城里17鄰安一路370巷1之5號","city":"基隆市","coord_source":"offline_l2","coord_precision":"exact","src_datasets":"8572","n_src":1,"attr_type":"公設\n民營","beds_approved":"230","target":"養護","licensed_at":"91.3","district":"安樂區","phone":"02-24216299"}},{"type":"Feature","geometry":{"type":"Point","coordinates":[121.72741,25.134231]},"properties":{"uid":"welfare_08748","name":"基隆市立仁愛之家","welfare_class":"elderly_residential","address":"基隆市安樂區干城里17鄰安一路370巷1號","city":"基隆市","coord_source":"offline_l2","coord_precision":"exact","src_datasets":"8572","n_src":1,"attr_type":"公立","beds_approved":"394","target":"安養","licensed_at":"61.12","district":"安樂區","phone":"02-24241186"}},{"type":"Feature","geometry":{"type":"Point","coordinates":[120.413406,23.472872]},"properties":{"uid":"welfare_08749","name":"嘉義市私立國泰長期照護中心","welfare_class":"elderly_residential","address":"嘉義市西區港坪里2鄰育人路329號","city":"嘉義市","coord_source":"google","coord_precision":"exact","src_datasets":"8572","n_src":1,"attr_type":"私立","beds_approved":"49","target":"長照","licensed_at":"107.08","district":"西區","phone":"05-2363963"}},{"type":"Feature","geometry":{"type":"Point","coordinates":[120.401573,23.468329]},"properties":{"uid":"welfare_08750","name":"嘉義市私立誠泰老人長期照顧中心〈養護型〉","welfare_class":"elderly_residential","address":"嘉義市西區劉厝里16鄰玉山路1188號","city":"嘉義市","coord_source":"google","coord_precision":"exact","src_datasets":"8572","n_src":1,"attr_type":"私立","beds_approved":"49","target":"養護","licensed_at":"108.06","district":"西區","phone":"05-2366317"}},{"type":"Feature","geometry":{"type":"Point","coordinates":[120.44959,23.4827]},"properties":{"uid":"welfare_08751","name":"嘉義市私立新仁友老人長期照護中心（養護型）","welfare_class":"elderly_residential","address":"嘉義市東區北門里7鄰民權路332巷38號","city":"嘉義市","coord_source":"offline_l15","coord_precision":"interpolated","src_datasets":"8572","n_src":1,"attr_type":"私立","beds_approved":"49","target":"養護","licensed_at":"96.10.","district":"東區","phone":"05-2786603"}},{"type":"Feature","geometry":{"type":"Point","coordinates":[120.477169,23.478646]},"properties":{"uid":"welfare_08752","name":"嘉義市私立慈保老人養護中心","welfare_class":"elderly_residential","address":"嘉義市東區長竹里6鄰大雅路二段234巷8、10、12、14、16、18號","city":"嘉義市","coord_source":"google","coord_precision":"interpolated","src_datasets":"8572","n_src":1,"attr_type":"私立","beds_approved":"40","target":"養護","licensed_at":"88.07","district":"東區","phone":"05-2769992"}},{"type":"Feature","geometry":{"type":"Point","coordinates":[120.532308,23.459205]},"properties":{"uid":"welfare_08753","name":"財團法人嘉義縣私立瑞泰社會福利基金會附設嘉義縣私立幸福老人長期照顧中心(養護型)","welfare_class":"elderly_residential","address":"嘉義縣番路鄉新福村5鄰許厝22號","city":"嘉義縣","coord_source":"offline_l2","coord_precision":"exact","src_datasets":"8572","n_src":1,"attr_type":"私立","beds_approved":"90","target":"養護","licensed_at":"101.1","district":"番路鄉","phone":"05-2590613"}},{"type":"Feature","geometry":{"type":"Point","coordinates":[118.441551,24.443367]},"properties":{"uid":"welfare_08754","name":"財團法人華仁社會福利慈善事業基金會承辦金門縣松柏園老人長期照顧中心","welfare_class":"elderly_residential","address":"金門縣金湖鎮溪湖里裕民農莊22號","city":"金門縣","coord_source":"google","coord_precision":"approximate","src_datasets":"8572","n_src":1,"attr_type":"公設\n民營","beds_approved":"175","target":"長照\n失智","licensed_at":"101.4","district":"金湖鎮","phone":"082-335395"}},{"type":"Feature","geometry":{"type":"Point","coordinates":[120.870718,24.690137]},"properties":{"uid":"welfare_08755","name":"苗栗縣私立美麗家園老人長期照顧中心(養護型)","welfare_class":"elderly_residential","address":"苗栗縣竹南鎮營盤里14鄰環市路3段69號1-6樓","city":"苗栗縣","coord_source":"offline_l15","coord_precision":"interpolated","src_datasets":"8572","n_src":1,"attr_type":"私立","beds_approved":"44","target":"長照\n養護","licensed_at":"96.1","district":"竹南鎮","phone":"037-480588"}},{"type":"Feature","geometry":{"type":"Point","coordinates":[120.506163,22.641909]},"properties":{"uid":"welfare_08756","name":"財團法人屏東縣私立清境家園社會福利慈善事業基金會附設屏東縣私立清境家園老人長期照護中心","welfare_class":"elderly_residential","address":"屏東縣屏東市湖南里歸禮巷2-36號","city":"屏東縣","coord_source":"offline_l2","coord_precision":"exact","src_datasets":"8572","n_src":1,"attr_type":"私立","beds_approved":"181","target":"長照\n養護\n失智","licensed_at":"93.05.27","district":"屏東市","phone":"08-7533557"}},{"type":"Feature","geometry":{"type":"Point","coordinates":[120.502213,22.505861]},"properties":{"uid":"welfare_08757","name":"屏東縣私立崑泰老人長期照顧中心(養護型)","welfare_class":"elderly_residential","address":"屏東縣崁頂鄉北勢村17鄰中正路836號","city":"屏東縣","coord_source":"offline_l2","coord_precision":"exact","src_datasets":"8572","n_src":1,"attr_type":"私立","beds_approved":"49","target":"\n養護\n","licensed_at":"102.09.27","district":"崁頂鄉","phone":"08-8635667"}},{"type":"Feature","geometry":{"type":"Point","coordinates":[120.532958,22.689581]},"properties":{"uid":"welfare_08758","name":"屏東縣私立托媞園老人長期照顧中心(養護型)","welfare_class":"elderly_residential","address":"屏東縣長治鄉崙上村崑崙路179-6~7號","city":"屏東縣","coord_source":"google","coord_precision":"exact","src_datasets":"8572","n_src":1,"attr_type":"私立","beds_approved":"49","target":"養護","licensed_at":"103.9.26","district":"長治鄉","phone":"08-7620407"}},{"type":"Feature","geometry":{"type":"Point","coordinates":[120.501715,22.506145]},"properties":{"uid":"welfare_08759","name":"屏東縣私立天生老人長期照顧中心(養護型)","welfare_class":"elderly_residential","address":"屏東縣崁頂鄉北勢村中正路838號","city":"屏東縣","coord_source":"google","coord_precision":"exact","src_datasets":"8572","n_src":1,"attr_type":"私立","beds_approved":"49","target":"養護","licensed_at":"106.8.16","district":"崁頂鄉","phone":"08-8631317"}},{"type":"Feature","geometry":{"type":"Point","coordinates":[120.588771,22.688843]},"properties":{"uid":"welfare_08760","name":"屏東縣私立宗佑老人長期照顧中心（養護型）","welfare_class":"elderly_residential","address":"屏東縣長治鄉榮華村信義路1328號","city":"屏東縣","coord_source":"google","coord_precision":"exact","src_datasets":"8572","n_src":1,"attr_type":"私立","beds_approved":"0","target":"養護","licensed_at":"98.11.05","district":"長治鄉","phone":"08-7623716"}},{"type":"Feature","geometry":{"type":"Point","coordinates":[121.589351,25.078696]},"properties":{"uid":"welfare_08761","name":"臺北市私立瑞安老人長期照顧中(養護型)","welfare_class":"elderly_residential","address":"臺北市內湖區紫陽里002鄰成功路3段88、90、92號2樓、76巷9號2樓","city":"臺北市","coord_source":"offline_l15","coord_precision":"interpolated","src_datasets":"8572","n_src":1,"attr_type":"私立","beds_approved":"33","target":"養護","licensed_at":"104.07.24","district":"內湖區","phone":"02-27925292"}},{"type":"Feature","geometry":{"type":"Point","coordinates":[121.507265,25.128117]},"properties":{"uid":"welfare_08762","name":"臺北市私立安安老人長期照顧中心(養護型)","welfare_class":"elderly_residential","address":"臺北市北投區奇岩里003鄰公館路194、196號1樓","city":"臺北市","coord_source":"offline_l2","coord_precision":"exact","src_datasets":"8572","n_src":1,"attr_type":"私立","beds_approved":"12","target":"養護","licensed_at":"97.09","district":"北投區","phone":"02-28953298"}},{"type":"Feature","geometry":{"type":"Point","coordinates":[121.580824,25.044899]},"properties":{"uid":"welfare_08763","name":"臺北市私立倚青苑老人養護所","welfare_class":"elderly_residential","address":"臺北市信義區永春里002鄰中坡北路21號1~2樓、23號2樓","city":"臺北市","coord_source":"offline_l15","coord_precision":"interpolated","src_datasets":"8572","n_src":1,"attr_type":"私立","beds_approved":"28","target":"養護","licensed_at":"89.06","district":"信義區","phone":"02-27477232"}},{"type":"Feature","geometry":{"type":"Point","coordinates":[121.49699,25.023984]},"properties":{"uid":"welfare_08764","name":"財團法人天主教失智老人社會福利基金會附設臺北市私立聖若瑟失智老人養護中心","welfare_class":"elderly_residential","address":"臺北市萬華區保德里001鄰德昌街125巷11號1~4樓、13號1樓","city":"臺北市","coord_source":"offline_l15","coord_precision":"interpolated","src_datasets":"8572","n_src":1,"attr_type":"私立","beds_approved":"62","target":"失智","licensed_at":"90.03","district":"萬華區","phone":"02-23046715~6\n02-23046602"}},{"type":"Feature","geometry":{"type":"Point","coordinates":[121.510771,25.023605]},"properties":{"uid":"welfare_08765","name":"財團法人臺北市私立恆安老人長期照顧中心(長期照護型)","welfare_class":"elderly_residential","address":"臺北市萬華區騰雲里004鄰水源路187號","city":"臺北市","coord_source":"offline_l1","coord_precision":"cached","src_datasets":"8572","n_src":1,"attr_type":"私立","beds_approved":"117","target":"長照","licensed_at":"83.01","district":"萬華區","phone":"02-23327973"}},{"type":"Feature","geometry":{"type":"Point","coordinates":[121.556862,25.043112]},"properties":{"uid":"welfare_08766","name":"臺北市私立華安老人長期照護中心","welfare_class":"elderly_residential","address":"臺北市大安區光復南路116巷1、3、5號5樓及3號6樓","city":"臺北市","coord_source":"offline_l1","coord_precision":"cached","src_datasets":"8572","n_src":1,"attr_type":"私立","beds_approved":"20","target":"長照","licensed_at":"102.11","district":"大安區","phone":"02-27717172#60061"}},{"type":"Feature","geometry":{"type":"Point","coordinates":[121.523311,25.121829]},"properties":{"uid":"welfare_08767","name":"臺北市私立全民老人長期照顧中心(養護型)","welfare_class":"elderly_residential","address":"臺北市北投區永欣里013鄰石牌路2段317號1~2樓","city":"臺北市","coord_source":"offline_l15","coord_precision":"interpolated","src_datasets":"8572","n_src":1,"attr_type":"私立","beds_approved":"24","target":"養護","licensed_at":"88.06","district":"北投區","phone":"02-28711625\n 02-28316666"}},{"type":"Feature","geometry":{"type":"Point","coordinates":[121.119251,22.752857]},"properties":{"uid":"welfare_08768","name":"臺東縣私立樂齡老人長期照護中心","welfare_class":"elderly_residential","address":"臺東縣臺東市永樂里太原路2段242號","city":"臺東縣","coord_source":"offline_l2","coord_precision":"exact","src_datasets":"8572","n_src":1,"attr_type":"私立","beds_approved":"49","target":"長照","licensed_at":"106.05","district":"臺東市","phone":"089-227846  "}},{"type":"Feature","geometry":{"type":"Point","coordinates":[121.146939,22.760075]},"properties":{"uid":"welfare_08769","name":"臺東縣私立九如長期照顧中心(養護型)","welfare_class":"elderly_residential","address":"臺東縣臺東市民生里寧波街21巷35號","city":"臺東縣","coord_source":"offline_l2","coord_precision":"exact","src_datasets":"8572","n_src":1,"attr_type":"私立","beds_approved":"12","target":"養護","licensed_at":"97.4","district":"臺東市","phone":"089-348386"}},{"type":"Feature","geometry":{"type":"Point","coordinates":[121.061149,22.775384]},"properties":{"uid":"welfare_08770","name":"台東縣私立仁和養護中心","welfare_class":"elderly_residential","address":"臺東縣卑南鄉利嘉村利嘉路627巷31弄16號","city":"臺東縣","coord_source":"google","coord_precision":"exact","src_datasets":"8572","n_src":1,"attr_type":"私立","beds_approved":"49","target":"養護","licensed_at":"91.1","district":"卑南鄉","phone":"089-383477  "}},{"type":"Feature","geometry":{"type":"Point","coordinates":[120.685122,24.141043]},"properties":{"uid":"welfare_08771","name":"臺中市私立溫興長期照顧中心(養護型)","welfare_class":"elderly_residential","address":"臺中市中區繼光里024鄰雙十路一段19巷6號","city":"臺中市","coord_source":"offline_l1","coord_precision":"cached","src_datasets":"8572","n_src":1,"attr_type":"私立","beds_approved":"28","target":"養護","licensed_at":"102.03.06","district":"中區","phone":"04-22230938"}},{"type":"Feature","geometry":{"type":"Point","coordinates":[120.677684,24.145194]},"properties":{"uid":"welfare_08772","name":"臺中市私立麗新長期照顧中心(養護型)","welfare_class":"elderly_residential","address":"臺中市中區中華里024鄰成功路341號2樓","city":"臺中市","coord_source":"offline_l2","coord_precision":"exact","src_datasets":"8572","n_src":1,"attr_type":"私立","beds_approved":"37","target":"養護","licensed_at":"106.09.01","district":"中區","phone":"04-22250345"}},{"type":"Feature","geometry":{"type":"Point","coordinates":[121.317437,24.994437]},"properties":{"uid":"welfare_08773","name":"財團法人台灣省私立桃園仁愛之家附設成功養護中心","welfare_class":"elderly_residential","address":"桃園市桃園區成功路2段99號","city":"桃園市","coord_source":"offline_l2","coord_precision":"exact","src_datasets":"8572","n_src":1,"attr_type":"私立","beds_approved":"160","target":"養護","licensed_at":"66.05","district":"桃園區","phone":"03-3394151"}},{"type":"Feature","geometry":{"type":"Point","coordinates":[121.193823,24.924031]},"properties":{"uid":"welfare_08774","name":"財團法人桃園市私立甡光社會福利基金會附設桃園市私立甡光老人長期照顧中心(養護型)","welfare_class":"elderly_residential","address":"桃園市平鎮區南平路二段516巷99號(1-3F)","city":"桃園市","coord_source":"offline_l15","coord_precision":"interpolated","src_datasets":"8572","n_src":1,"attr_type":"私立","beds_approved":"196","target":"養護  ","licensed_at":"91.06.10","district":"平鎮區","phone":"03-4643380"}},{"type":"Feature","geometry":{"type":"Point","coordinates":[121.15799,24.898938]},"properties":{"uid":"welfare_08775","name":"桃園市私立明新老人長期照顧中心(養護型)","welfare_class":"elderly_residential","address":"桃園市楊梅區裕成南路313號、315號1樓","city":"桃園市","coord_source":"offline_l15","coord_precision":"interpolated","src_datasets":"8572","n_src":1,"attr_type":"私立","beds_approved":"13","target":"養護","licensed_at":"103.07.01","district":"楊梅區","phone":"03-4314349"}},{"type":"Feature","geometry":{"type":"Point","coordinates":[121.172777,24.992204]},"properties":{"uid":"welfare_08776","name":"桃園市私立少同老人長期照顧中心(養護型)","welfare_class":"elderly_residential","address":"桃園市中壢區中正路四段594號8樓、596號8、9樓","city":"桃園市","coord_source":"offline_l15","coord_precision":"interpolated","src_datasets":"8572","n_src":1,"attr_type":"私立","beds_approved":"48","target":"養護","licensed_at":"107.09.11","district":"中壢區","phone":"03-4081905"}},{"type":"Feature","geometry":{"type":"Point","coordinates":[121.489967,25.26107]},"properties":{"uid":"welfare_08777","name":"新北市私立三禾老人長期照顧中心(長期照護型)","welfare_class":"elderly_residential","address":"新北市三芝區四棧橋53之11號2樓、3樓","city":"新北市","coord_source":"google","coord_precision":"approximate","src_datasets":"8572","n_src":1,"attr_type":"私立","beds_approved":"46","target":"長照","licensed_at":"84.07","district":"三芝區","phone":"02-26363222"}},{"type":"Feature","geometry":{"type":"Point","coordinates":[121.487372,25.004642]},"properties":{"uid":"welfare_08778","name":"新北市私立福泰老人老人長期照顧中心（養護型）","welfare_class":"elderly_residential","address":"新北市中和區中山路2段371號4樓","city":"新北市","coord_source":"offline_l2","coord_precision":"exact","src_datasets":"8572","n_src":1,"attr_type":"私立","beds_approved":"43","target":"養護","licensed_at":"104.09","district":"中和區","phone":"02-22233325"}},{"type":"Feature","geometry":{"type":"Point","coordinates":[121.483558,25.006444]},"properties":{"uid":"welfare_08779","name":"新北市私立?慈老人長期照顧中心（養護型）","welfare_class":"elderly_residential","address":"新北市中和區中正路909號5樓","city":"新北市","coord_source":"offline_l1","coord_precision":"cached","src_datasets":"8572","n_src":1,"attr_type":"私立","beds_approved":"36","target":"養護","licensed_at":"102.06","district":"中和區","phone":"02-82286093"}},{"type":"Feature","geometry":{"type":"Point","coordinates":[121.518774,25.013417]},"properties":{"uid":"welfare_08780","name":"新北市私立寶安老人長期照顧心（養護型）","welfare_class":"elderly_residential","address":"新北市永和區竹林路73號2樓、3樓","city":"新北市","coord_source":"offline_l15","coord_precision":"interpolated","src_datasets":"8572","n_src":1,"attr_type":"私立","beds_approved":"47","target":"養護","licensed_at":"100.07","district":"永和區","phone":"02-89281517"}},{"type":"Feature","geometry":{"type":"Point","coordinates":[121.677745,25.071678]},"properties":{"uid":"welfare_08781","name":"財團法人臺北市私立恆安老人長期照顧中心附設新北市私立大同老人長期照顧中心(養護)","welfare_class":"elderly_residential","address":"新北市汐止區大同路3段425號3樓、4樓","city":"新北市","coord_source":"offline_l15","coord_precision":"interpolated","src_datasets":"8572","n_src":1,"attr_type":"私立","beds_approved":"196","target":"養護","licensed_at":"105.06","district":"汐止區","phone":"02-86489888"}},{"type":"Feature","geometry":{"type":"Point","coordinates":[121.635633,25.067255]},"properties":{"uid":"welfare_08782","name":"新北市私立美麗家園老人長期照顧心（養護型）","welfare_class":"elderly_residential","address":"新北市汐止區福德路38號7樓、7樓之1、7樓之2、7樓之3、7樓之4、7樓之5、7樓之6、7樓之7","city":"新北市","coord_source":"offline_l15","coord_precision":"interpolated","src_datasets":"8572","n_src":1,"attr_type":"私立","beds_approved":"48","target":"養護","licensed_at":"96.09","district":"汐止區","phone":"02-26926111"}},{"type":"Feature","geometry":{"type":"Point","coordinates":[121.454869,25.020724]},"properties":{"uid":"welfare_08783","name":"新北市私立桐心老人養護中心","welfare_class":"elderly_residential","address":"新北市板橋區中正路302號2樓","city":"新北市","coord_source":"offline_l1","coord_precision":"cached","src_datasets":"8572","n_src":1,"attr_type":"私立","beds_approved":"42","target":"養護","licensed_at":"90.05","district":"板橋區","phone":"02-29688657"}},{"type":"Feature","geometry":{"type":"Point","coordinates":[121.456129,24.997041]},"properties":{"uid":"welfare_08784","name":"新北市私立領袖天下老人長期照顧中心(養護型)","welfare_class":"elderly_residential","address":"新北市板橋區四川路2段16巷8號6樓之1","city":"新北市","coord_source":"offline_l2","coord_precision":"exact","src_datasets":"8572","n_src":1,"attr_type":"私立","beds_approved":"37","target":"養護","licensed_at":"97.12","district":"板橋區","phone":"02-89668656"}},{"type":"Feature","geometry":{"type":"Point","coordinates":[121.456129,24.997041]},"properties":{"uid":"welfare_08785","name":"新北市私立祥仁尊榮老人長期照顧中心(養護型)","welfare_class":"elderly_residential","address":"新北市板橋區四川路2段16巷8號6樓之2","city":"新北市","coord_source":"offline_l2","coord_precision":"exact","src_datasets":"8572","n_src":1,"attr_type":"私立","beds_approved":"49","target":"養護","licensed_at":"101.05","district":"板橋區","phone":"02-89668657"}},{"type":"Feature","geometry":{"type":"Point","coordinates":[121.460293,24.990882]},"properties":{"uid":"welfare_08786","name":"新北市私立廣福老人養護中心","welfare_class":"elderly_residential","address":"新北市板橋區廣權路2號4樓","city":"新北市","coord_source":"offline_l2","coord_precision":"exact","src_datasets":"8572","n_src":1,"attr_type":"私立","beds_approved":"49","target":"養護","licensed_at":"95.04","district":"板橋區","phone":"02-89514435"}},{"type":"Feature","geometry":{"type":"Point","coordinates":[121.460293,24.990882]},"properties":{"uid":"welfare_08787","name":"新北市私立廣權老人養護中心","welfare_class":"elderly_residential","address":"新北市板橋區廣權路2號5樓","city":"新北市","coord_source":"offline_l2","coord_precision":"exact","src_datasets":"8572","n_src":1,"attr_type":"私立","beds_approved":"26","target":"養護","licensed_at":"97.01","district":"板橋區","phone":"02-89514435"}},{"type":"Feature","geometry":{"type":"Point","coordinates":[121.424519,25.040018]},"properties":{"uid":"welfare_08788","name":"新北市私立泰山台欣老人長期照顧中心(養護型)","welfare_class":"elderly_residential","address":"新北市泰山區明志路3段142巷8號8樓","city":"新北市","coord_source":"offline_l1","coord_precision":"cached","src_datasets":"8572","n_src":1,"attr_type":"私立","beds_approved":"48","target":"養護","licensed_at":"102.04","district":"泰山區","phone":"02-29085527"}},{"type":"Feature","geometry":{"type":"Point","coordinates":[120.96744,24.812126]},"properties":{"uid":"welfare_08789","name":"新竹市私立松慈老人養護中心","welfare_class":"elderly_residential","address":"新竹市北區東大路二段65巷36號","city":"新竹市","coord_source":"offline_l15","coord_precision":"interpolated","src_datasets":"8572","n_src":1,"attr_type":"私立","beds_approved":"42","target":"養護","licensed_at":"98.08.27","district":"北區","phone":"03-5355366"}},{"type":"Feature","geometry":{"type":"Point","coordinates":[120.976309,24.767422]},"properties":{"uid":"welfare_08790","name":"新竹市私立青草湖長壽老人養護中心","welfare_class":"elderly_residential","address":"新竹市東區明湖路1006巷102弄1、2、4號","city":"新竹市","coord_source":"google","coord_precision":"interpolated","src_datasets":"8572","n_src":1,"attr_type":"私立","beds_approved":"30","target":"養護","licensed_at":"95.10.31設立\n107.06.29變更負責人","district":"東區","phone":"03-5293859"}},{"type":"Feature","geometry":{"type":"Point","coordinates":[121.025524,24.817811]},"properties":{"uid":"welfare_08791","name":"財團法人台灣省天主教會新竹教區辦理竹北市老人安養中心","welfare_class":"elderly_residential","address":"30264 新竹縣竹北市福興東路一段353號","city":"新竹縣","coord_source":"offline_l2","coord_precision":"exact","src_datasets":"8572","n_src":1,"attr_type":"公設\n民營","beds_approved":"49","target":"安養\n養護","licensed_at":"91.06","district":"竹北市","phone":"03-5500797"}},{"type":"Feature","geometry":{"type":"Point","coordinates":[120.39685,23.686297]},"properties":{"uid":"welfare_08792","name":"雲林縣私立新樂園老人長期照顧中心〈養護型〉","welfare_class":"elderly_residential","address":"雲林縣虎尾鎮三合里10鄰吳厝59號","city":"雲林縣","coord_source":"offline_l2","coord_precision":"exact","src_datasets":"8572","n_src":1,"attr_type":"私立","beds_approved":"49","target":"養護","licensed_at":"97.07","district":"虎尾鎮","phone":"05-6621559"}},{"type":"Feature","geometry":{"type":"Point","coordinates":[120.315038,23.587131]},"properties":{"uid":"welfare_08793","name":"雲林縣私立長青老人長期照顧中心〈養護型〉","welfare_class":"elderly_residential","address":"雲林縣北港鎮新厝里9鄰新厝110-30號","city":"雲林縣","coord_source":"offline_l2","coord_precision":"exact","src_datasets":"8572","n_src":1,"attr_type":"私立","beds_approved":"40","target":"養護","licensed_at":"100.6","district":"北港鎮","phone":" 05-7822866"}},{"type":"Feature","geometry":{"type":"Point","coordinates":[120.496439,23.67955]},"properties":{"uid":"welfare_08794","name":"雲林縣私立恩惠老人長期照顧中心〈養護型〉","welfare_class":"elderly_residential","address":"雲林縣斗南鎮東明里2鄰新庄20-36號","city":"雲林縣","coord_source":"offline_l2","coord_precision":"exact","src_datasets":"8572","n_src":1,"attr_type":"私立","beds_approved":"49","target":"養護","licensed_at":"100.9","district":"斗南鎮","phone":"05-5952519"}},{"type":"Feature","geometry":{"type":"Point","coordinates":[120.354633,23.753186]},"properties":{"uid":"welfare_08795","name":"雲林縣私立源春老人長期照顧中心〈養護型〉","welfare_class":"elderly_residential","address":"雲林縣崙背鄉崙前村16鄰面前厝60號","city":"雲林縣","coord_source":"google","coord_precision":"approximate","src_datasets":"8572","n_src":1,"attr_type":"私立","beds_approved":"49","target":"養護","licensed_at":"101.8","district":"崙背鄉","phone":"05-6964007"}},{"type":"Feature","geometry":{"type":"Point","coordinates":[120.558314,23.710213]},"properties":{"uid":"welfare_08796","name":"雲林縣私立朝陽老人養護中心","welfare_class":"elderly_residential","address":"雲林縣斗六市鎮東里大學路1段201巷79號","city":"雲林縣","coord_source":"offline_l2","coord_precision":"exact","src_datasets":"8572","n_src":1,"attr_type":"私立","beds_approved":"30","target":"養護","licensed_at":"93.8","district":"斗六市","phone":"05-5345039"}},{"type":"Feature","geometry":{"type":"Point","coordinates":[120.31077,23.645129]},"properties":{"uid":"welfare_08797","name":"雲林縣私立博愛老人養護中心","welfare_class":"elderly_residential","address":"雲林縣元長鄉長南村中山路1巷22號","city":"雲林縣","coord_source":"google","coord_precision":"exact","src_datasets":"8572","n_src":1,"attr_type":"私立","beds_approved":"49","target":"養護","licensed_at":"91.12","district":"元長鄉","phone":"05-7888688"}},{"type":"Feature","geometry":{"type":"Point","coordinates":[120.460257,23.705211]},"properties":{"uid":"welfare_08798","name":"雲林縣私立伊甸園老人長期照顧中心〈養護型〉","welfare_class":"elderly_residential","address":"雲林縣虎尾鎮下溪里大庄76-16號","city":"雲林縣","coord_source":"offline_l2","coord_precision":"exact","src_datasets":"8572","n_src":1,"attr_type":"私立","beds_approved":"49","target":"養護","licensed_at":"102.3","district":"虎尾鎮","phone":"05-6326767"}},{"type":"Feature","geometry":{"type":"Point","coordinates":[120.481611,23.694776]},"properties":{"uid":"welfare_08799","name":"雲林縣私立全佑老人長期照顧中心〈養護型〉","welfare_class":"elderly_residential","address":"雲林縣斗南鎮新光里18鄰文安30-22號","city":"雲林縣","coord_source":"offline_l2","coord_precision":"exact","src_datasets":"8572","n_src":1,"attr_type":"私立","beds_approved":"49","target":"養護","licensed_at":"102.5","district":"斗南鎮","phone":"05-5977129"}},{"type":"Feature","geometry":{"type":"Point","coordinates":[120.560217,23.618109]},"properties":{"uid":"welfare_08800","name":"雲林縣私立古坑老人長期照顧中心〈長期照護型〉","welfare_class":"elderly_residential","address":"雲林縣古坑鄉永光村光華路190號","city":"雲林縣","coord_source":"offline_l15","coord_precision":"interpolated","src_datasets":"8572","n_src":1,"attr_type":"私立","beds_approved":"49","target":"長照","licensed_at":"97.09","district":"古坑鄉","phone":"05-5829879"}},{"type":"Feature","geometry":{"type":"Point","coordinates":[120.580717,23.666961]},"properties":{"uid":"welfare_08801","name":"雲林縣私立平安老人長期照顧中心〈長期照護型〉","welfare_class":"elderly_residential","address":"雲林縣古坑鄉荷苞村荷苞厝109-8號","city":"雲林縣","coord_source":"google","coord_precision":"approximate","src_datasets":"8572","n_src":1,"attr_type":"私立","beds_approved":"28","target":"長照","licensed_at":"98.06","district":"古坑鄉","phone":"05-5266979"}},{"type":"Feature","geometry":{"type":"Point","coordinates":[120.28779,23.583117]},"properties":{"uid":"welfare_08802","name":"雲林縣私立長榮老人長期照顧中心〈長期照護型〉","welfare_class":"elderly_residential","address":"雲林縣北港鎮劉厝里民樂路427-28號","city":"雲林縣","coord_source":"offline_l2","coord_precision":"exact","src_datasets":"8572","n_src":1,"attr_type":"私立","beds_approved":"41","target":"長照","licensed_at":"98.11","district":"北港鎮","phone":"05-7832988"}},{"type":"Feature","geometry":{"type":"Point","coordinates":[120.288304,23.58343]},"properties":{"uid":"welfare_08803","name":"雲林縣私立安泰老人長期照護中心","welfare_class":"elderly_residential","address":"雲林縣北港鎮劉厝里民樂路427-22號","city":"雲林縣","coord_source":"offline_l2","coord_precision":"exact","src_datasets":"8572","n_src":1,"attr_type":"私立","beds_approved":"48","target":"長照","licensed_at":"91.05","district":"北港鎮","phone":"05-7832588"}},{"type":"Feature","geometry":{"type":"Point","coordinates":[121.752099,24.760568]},"properties":{"uid":"welfare_08804","name":"宜蘭縣私立救仁老人養護之家","welfare_class":"elderly_residential","address":"宜蘭縣宜蘭市舊城北路173號","city":"宜蘭縣","coord_source":"offline_l1","coord_precision":"cached","src_datasets":"8572","n_src":1,"attr_type":"私立","beds_approved":"48","target":"養護","licensed_at":"90.05.31","district":"宜蘭市","phone":"03-9328295"}},{"type":"Feature","geometry":{"type":"Point","coordinates":[121.754563,24.751]},"properties":{"uid":"welfare_08805","name":"宜蘭縣私立和信老人長期照顧中心(養護型)","welfare_class":"elderly_residential","address":"宜蘭縣宜蘭市和睦路團管區巷17號2、3樓","city":"宜蘭縣","coord_source":"google","coord_precision":"exact","src_datasets":"8572","n_src":1,"attr_type":"私立","beds_approved":"49","target":"養護","licensed_at":"100.03.08","district":"宜蘭市","phone":"03-9310463"}}]}