layerKey,group,uiTheme,candidateClass,status,sourceCluster,clusterProof,verifiedSourceVersion,sourceArtifact,upstreamDatasetIds,blocker,currentStep,nextStep,acceptanceReceipt
aqiImagery,taiwan_gis,環境氣候 Environment,unknown_or_unavailable,SOURCE_MISSING,declared-upstream:air_quality,declared_contract_only_raw_family_unverified,NOT_VERIFIED,NOT_VERIFIED,air_quality,NO_DECLARED_RAW_ARTIFACT_OR_RPC_RECEIPT,find_raw_artifact_or_bounded_rpc,"Find the owning raw artifact/RPC and its version, license, freshness, null policy, and geometry contract; keep this layer ungrouped until then.",NONE_YET
aqiMicroSensors,taiwan_gis,環境氣候 Environment,unknown_or_unavailable,SOURCE_MISSING,declared-upstream:air_quality,declared_contract_only_raw_family_unverified,NOT_VERIFIED,NOT_VERIFIED,air_quality,NO_DECLARED_RAW_ARTIFACT_OR_RPC_RECEIPT,find_raw_artifact_or_bounded_rpc,"Find the owning raw artifact/RPC and its version, license, freshness, null policy, and geometry contract; keep this layer ungrouped until then.",NONE_YET
aqiStations,taiwan_gis,環境氣候 Environment,unknown_or_unavailable,SOURCE_MISSING,declared-upstream:air_quality,declared_contract_only_raw_family_unverified,NOT_VERIFIED,NOT_VERIFIED,air_quality,NO_DECLARED_RAW_ARTIFACT_OR_RPC_RECEIPT,find_raw_artifact_or_bounded_rpc,"Find the owning raw artifact/RPC and its version, license, freshness, null policy, and geometry contract; keep this layer ungrouped until then.",NONE_YET
busIntercityLive,taiwan_gis,交通 Move,unknown_or_unavailable,SOURCE_MISSING,declared-upstream:bus_realtime,declared_contract_only_raw_family_unverified,NOT_VERIFIED,NOT_VERIFIED,bus_realtime,NO_DECLARED_RAW_ARTIFACT_OR_RPC_RECEIPT,find_raw_artifact_or_bounded_rpc,"Find the owning raw artifact/RPC and its version, license, freshness, null policy, and geometry contract; keep this layer ungrouped until then.",NONE_YET
touristShuttleLive,taiwan_gis,交通 Move,unknown_or_unavailable,SOURCE_MISSING,declared-upstream:bus_realtime,declared_contract_only_raw_family_unverified,NOT_VERIFIED,NOT_VERIFIED,bus_realtime,NO_DECLARED_RAW_ARTIFACT_OR_RPC_RECEIPT,find_raw_artifact_or_bounded_rpc,"Find the owning raw artifact/RPC and its version, license, freshness, null policy, and geometry contract; keep this layer ungrouped until then.",NONE_YET
satellitesBeidou,taiwan_gis,太空 Space,unknown_or_unavailable,SOURCE_MISSING,declared-upstream:celestrak_satellites,declared_contract_only_raw_family_unverified,NOT_VERIFIED,NOT_VERIFIED,celestrak_satellites,NO_DECLARED_RAW_ARTIFACT_OR_RPC_RECEIPT,find_raw_artifact_or_bounded_rpc,"Find the owning raw artifact/RPC and its version, license, freshness, null policy, and geometry contract; keep this layer ungrouped until then.",NONE_YET
satellitesFrance,taiwan_gis,太空 Space,unknown_or_unavailable,SOURCE_MISSING,declared-upstream:celestrak_satellites,declared_contract_only_raw_family_unverified,NOT_VERIFIED,NOT_VERIFIED,celestrak_satellites,NO_DECLARED_RAW_ARTIFACT_OR_RPC_RECEIPT,find_raw_artifact_or_bounded_rpc,"Find the owning raw artifact/RPC and its version, license, freshness, null policy, and geometry contract; keep this layer ungrouped until then.",NONE_YET
satellitesGaofen,taiwan_gis,太空 Space,unknown_or_unavailable,SOURCE_MISSING,declared-upstream:celestrak_satellites,declared_contract_only_raw_family_unverified,NOT_VERIFIED,NOT_VERIFIED,celestrak_satellites,NO_DECLARED_RAW_ARTIFACT_OR_RPC_RECEIPT,find_raw_artifact_or_bounded_rpc,"Find the owning raw artifact/RPC and its version, license, freshness, null policy, and geometry contract; keep this layer ungrouped until then.",NONE_YET
satellitesGermany,taiwan_gis,太空 Space,unknown_or_unavailable,SOURCE_MISSING,declared-upstream:celestrak_satellites,declared_contract_only_raw_family_unverified,NOT_VERIFIED,NOT_VERIFIED,celestrak_satellites,NO_DECLARED_RAW_ARTIFACT_OR_RPC_RECEIPT,find_raw_artifact_or_bounded_rpc,"Find the owning raw artifact/RPC and its version, license, freshness, null policy, and geometry contract; keep this layer ungrouped until then.",NONE_YET
satellitesIndia,taiwan_gis,太空 Space,unknown_or_unavailable,SOURCE_MISSING,declared-upstream:celestrak_satellites,declared_contract_only_raw_family_unverified,NOT_VERIFIED,NOT_VERIFIED,celestrak_satellites,NO_DECLARED_RAW_ARTIFACT_OR_RPC_RECEIPT,find_raw_artifact_or_bounded_rpc,"Find the owning raw artifact/RPC and its version, license, freshness, null policy, and geometry contract; keep this layer ungrouped until then.",NONE_YET
satellitesIsrael,taiwan_gis,太空 Space,unknown_or_unavailable,SOURCE_MISSING,declared-upstream:celestrak_satellites,declared_contract_only_raw_family_unverified,NOT_VERIFIED,NOT_VERIFIED,celestrak_satellites,NO_DECLARED_RAW_ARTIFACT_OR_RPC_RECEIPT,find_raw_artifact_or_bounded_rpc,"Find the owning raw artifact/RPC and its version, license, freshness, null policy, and geometry contract; keep this layer ungrouped until then.",NONE_YET
satellitesItaly,taiwan_gis,太空 Space,unknown_or_unavailable,SOURCE_MISSING,declared-upstream:celestrak_satellites,declared_contract_only_raw_family_unverified,NOT_VERIFIED,NOT_VERIFIED,celestrak_satellites,NO_DECLARED_RAW_ARTIFACT_OR_RPC_RECEIPT,find_raw_artifact_or_bounded_rpc,"Find the owning raw artifact/RPC and its version, license, freshness, null policy, and geometry contract; keep this layer ungrouped until then.",NONE_YET
satellitesJapan,taiwan_gis,太空 Space,unknown_or_unavailable,SOURCE_MISSING,declared-upstream:celestrak_satellites,declared_contract_only_raw_family_unverified,NOT_VERIFIED,NOT_VERIFIED,celestrak_satellites,NO_DECLARED_RAW_ARTIFACT_OR_RPC_RECEIPT,find_raw_artifact_or_bounded_rpc,"Find the owning raw artifact/RPC and its version, license, freshness, null policy, and geometry contract; keep this layer ungrouped until then.",NONE_YET
satellitesJilin,taiwan_gis,太空 Space,unknown_or_unavailable,SOURCE_MISSING,declared-upstream:celestrak_satellites,declared_contract_only_raw_family_unverified,NOT_VERIFIED,NOT_VERIFIED,celestrak_satellites,NO_DECLARED_RAW_ARTIFACT_OR_RPC_RECEIPT,find_raw_artifact_or_bounded_rpc,"Find the owning raw artifact/RPC and its version, license, freshness, null policy, and geometry contract; keep this layer ungrouped until then.",NONE_YET
satellitesKorea,taiwan_gis,太空 Space,unknown_or_unavailable,SOURCE_MISSING,declared-upstream:celestrak_satellites,declared_contract_only_raw_family_unverified,NOT_VERIFIED,NOT_VERIFIED,celestrak_satellites,NO_DECLARED_RAW_ARTIFACT_OR_RPC_RECEIPT,find_raw_artifact_or_bounded_rpc,"Find the owning raw artifact/RPC and its version, license, freshness, null policy, and geometry contract; keep this layer ungrouped until then.",NONE_YET
satellitesRussia,taiwan_gis,太空 Space,unknown_or_unavailable,SOURCE_MISSING,declared-upstream:celestrak_satellites,declared_contract_only_raw_family_unverified,NOT_VERIFIED,NOT_VERIFIED,celestrak_satellites,NO_DECLARED_RAW_ARTIFACT_OR_RPC_RECEIPT,find_raw_artifact_or_bounded_rpc,"Find the owning raw artifact/RPC and its version, license, freshness, null policy, and geometry contract; keep this layer ungrouped until then.",NONE_YET
satellitesShiyan,taiwan_gis,太空 Space,unknown_or_unavailable,SOURCE_MISSING,declared-upstream:celestrak_satellites,declared_contract_only_raw_family_unverified,NOT_VERIFIED,NOT_VERIFIED,celestrak_satellites,NO_DECLARED_RAW_ARTIFACT_OR_RPC_RECEIPT,find_raw_artifact_or_bounded_rpc,"Find the owning raw artifact/RPC and its version, license, freshness, null policy, and geometry contract; keep this layer ungrouped until then.",NONE_YET
satellitesTaiwan,taiwan_gis,太空 Space,unknown_or_unavailable,SOURCE_MISSING,declared-upstream:celestrak_satellites,declared_contract_only_raw_family_unverified,NOT_VERIFIED,NOT_VERIFIED,celestrak_satellites,NO_DECLARED_RAW_ARTIFACT_OR_RPC_RECEIPT,find_raw_artifact_or_bounded_rpc,"Find the owning raw artifact/RPC and its version, license, freshness, null policy, and geometry contract; keep this layer ungrouped until then.",NONE_YET
satellitesTJS,taiwan_gis,太空 Space,unknown_or_unavailable,SOURCE_MISSING,declared-upstream:celestrak_satellites,declared_contract_only_raw_family_unverified,NOT_VERIFIED,NOT_VERIFIED,celestrak_satellites,NO_DECLARED_RAW_ARTIFACT_OR_RPC_RECEIPT,find_raw_artifact_or_bounded_rpc,"Find the owning raw artifact/RPC and its version, license, freshness, null policy, and geometry contract; keep this layer ungrouped until then.",NONE_YET
satellitesUSA,taiwan_gis,太空 Space,unknown_or_unavailable,SOURCE_MISSING,declared-upstream:celestrak_satellites,declared_contract_only_raw_family_unverified,NOT_VERIFIED,NOT_VERIFIED,celestrak_satellites,NO_DECLARED_RAW_ARTIFACT_OR_RPC_RECEIPT,find_raw_artifact_or_bounded_rpc,"Find the owning raw artifact/RPC and its version, license, freshness, null policy, and geometry contract; keep this layer ungrouped until then.",NONE_YET
satellitesYaogan,taiwan_gis,太空 Space,unknown_or_unavailable,SOURCE_MISSING,declared-upstream:celestrak_satellites,declared_contract_only_raw_family_unverified,NOT_VERIFIED,NOT_VERIFIED,celestrak_satellites,NO_DECLARED_RAW_ARTIFACT_OR_RPC_RECEIPT,find_raw_artifact_or_bounded_rpc,"Find the owning raw artifact/RPC and its version, license, freshness, null policy, and geometry contract; keep this layer ungrouped until then.",NONE_YET
cwaCloudImagery,taiwan_gis,環境氣候 Environment,unknown_or_unavailable,SOURCE_MISSING,declared-upstream:cwa_satellite,declared_contract_only_raw_family_unverified,NOT_VERIFIED,NOT_VERIFIED,cwa_satellite,NO_DECLARED_RAW_ARTIFACT_OR_RPC_RECEIPT,find_raw_artifact_or_bounded_rpc,"Find the owning raw artifact/RPC and its version, license, freshness, null policy, and geometry contract; keep this layer ungrouped until then.",NONE_YET
cwaRadarImagery,taiwan_gis,環境氣候 Environment,unknown_or_unavailable,SOURCE_MISSING,declared-upstream:cwa_satellite,declared_contract_only_raw_family_unverified,NOT_VERIFIED,NOT_VERIFIED,cwa_satellite,NO_DECLARED_RAW_ARTIFACT_OR_RPC_RECEIPT,find_raw_artifact_or_bounded_rpc,"Find the owning raw artifact/RPC and its version, license, freshness, null policy, and geometry contract; keep this layer ungrouped until then.",NONE_YET
aviationRestricted,taiwan_gis,交通 Move,unknown_or_unavailable,READER_PENDING,declared-upstream:drone_restricted_zones,declared_contract_only_raw_family_unverified,NOT_VERIFIED,"[{""kind"":""custom"",""path"":""./coverage/aviation_airspace.pmtiles""}]",drone_restricted_zones,DECLARED_DISPLAY_ASSET_NOT_VERIFIED_AS_COMPLETE_RAW_SOURCE,verify_source_contract_then_register_reader,"Match this declared display asset to a versioned raw artifact or bounded RPC; verify license, observed/obtained time, nulls, coverage, and geometry before creating a shared reader.",NONE_YET
droneRestrictedZone,taiwan_gis,交通 Move,unknown_or_unavailable,READER_PENDING,declared-upstream:drone_restricted_zones,declared_contract_only_raw_family_unverified,NOT_VERIFIED,"[{""kind"":""custom"",""path"":""./coverage/drone_restricted_zones.pmtiles""}]",drone_restricted_zones,DECLARED_DISPLAY_ASSET_NOT_VERIFIED_AS_COMPLETE_RAW_SOURCE,verify_source_contract_then_register_reader,"Match this declared display asset to a versioned raw artifact or bounded RPC; verify license, observed/obtained time, nulls, coverage, and geometry before creating a shared reader.",NONE_YET
fireEvents,taiwan_gis,消防 Fire & Rescue,unknown_or_unavailable,SOURCE_MISSING,declared-upstream:fire_incidents,declared_contract_only_raw_family_unverified,NOT_VERIFIED,NOT_VERIFIED,fire_incidents,NO_DECLARED_RAW_ARTIFACT_OR_RPC_RECEIPT,find_raw_artifact_or_bounded_rpc,"Find the owning raw artifact/RPC and its version, license, freshness, null policy, and geometry contract; keep this layer ungrouped until then.",NONE_YET
fireLatest,taiwan_gis,消防 Fire & Rescue,unknown_or_unavailable,SOURCE_MISSING,declared-upstream:fire_incidents,declared_contract_only_raw_family_unverified,NOT_VERIFIED,NOT_VERIFIED,fire_incidents,NO_DECLARED_RAW_ARTIFACT_OR_RPC_RECEIPT,find_raw_artifact_or_bounded_rpc,"Find the owning raw artifact/RPC and its version, license, freshness, null policy, and geometry contract; keep this layer ungrouped until then.",NONE_YET
wasteSchedule,taiwan_gis,廢棄物 Waste,unknown_or_unavailable,SOURCE_MISSING,declared-upstream:garbage_collection,declared_contract_only_raw_family_unverified,NOT_VERIFIED,NOT_VERIFIED,garbage_collection,NO_DECLARED_RAW_ARTIFACT_OR_RPC_RECEIPT,find_raw_artifact_or_bounded_rpc,"Find the owning raw artifact/RPC and its version, license, freshness, null policy, and geometry contract; keep this layer ungrouped until then.",NONE_YET
wasteTruck,taiwan_gis,廢棄物 Waste,unknown_or_unavailable,SOURCE_MISSING,declared-upstream:garbage_collection,declared_contract_only_raw_family_unverified,NOT_VERIFIED,NOT_VERIFIED,garbage_collection,NO_DECLARED_RAW_ARTIFACT_OR_RPC_RECEIPT,find_raw_artifact_or_bounded_rpc,"Find the owning raw artifact/RPC and its version, license, freshness, null policy, and geometry contract; keep this layer ungrouped until then.",NONE_YET
floodAlerts,taiwan_gis,災害 Hazard,unknown_or_unavailable,SOURCE_MISSING,declared-upstream:ncdr_alerts,declared_contract_only_raw_family_unverified,NOT_VERIFIED,NOT_VERIFIED,ncdr_alerts,NO_DECLARED_RAW_ARTIFACT_OR_RPC_RECEIPT,find_raw_artifact_or_bounded_rpc,"Find the owning raw artifact/RPC and its version, license, freshness, null policy, and geometry contract; keep this layer ungrouped until then.",NONE_YET
lifelineAlerts,taiwan_gis,災害 Hazard,unknown_or_unavailable,SOURCE_MISSING,declared-upstream:ncdr_alerts,declared_contract_only_raw_family_unverified,NOT_VERIFIED,NOT_VERIFIED,ncdr_alerts,NO_DECLARED_RAW_ARTIFACT_OR_RPC_RECEIPT,find_raw_artifact_or_bounded_rpc,"Find the owning raw artifact/RPC and its version, license, freshness, null policy, and geometry contract; keep this layer ungrouped until then.",NONE_YET
safetyAlerts,taiwan_gis,災害 Hazard,unknown_or_unavailable,SOURCE_MISSING,declared-upstream:ncdr_alerts,declared_contract_only_raw_family_unverified,NOT_VERIFIED,NOT_VERIFIED,ncdr_alerts,NO_DECLARED_RAW_ARTIFACT_OR_RPC_RECEIPT,find_raw_artifact_or_bounded_rpc,"Find the owning raw artifact/RPC and its version, license, freshness, null policy, and geometry contract; keep this layer ungrouped until then.",NONE_YET
transitAlerts,taiwan_gis,災害 Hazard,unknown_or_unavailable,SOURCE_MISSING,declared-upstream:ncdr_alerts,declared_contract_only_raw_family_unverified,NOT_VERIFIED,NOT_VERIFIED,ncdr_alerts,NO_DECLARED_RAW_ARTIFACT_OR_RPC_RECEIPT,find_raw_artifact_or_bounded_rpc,"Find the owning raw artifact/RPC and its version, license, freshness, null policy, and geometry contract; keep this layer ungrouped until then.",NONE_YET
weatherAlerts,taiwan_gis,災害 Hazard,unknown_or_unavailable,SOURCE_MISSING,declared-upstream:ncdr_alerts,declared_contract_only_raw_family_unverified,NOT_VERIFIED,NOT_VERIFIED,ncdr_alerts,NO_DECLARED_RAW_ARTIFACT_OR_RPC_RECEIPT,find_raw_artifact_or_bounded_rpc,"Find the owning raw artifact/RPC and its version, license, freshness, null policy, and geometry contract; keep this layer ungrouped until then.",NONE_YET
bridgeComparisonNewTaipei,taiwan_gis,交通 Move,unknown_or_unavailable,READER_PENDING,declared-upstream:network_structures,declared_contract_only_raw_family_unverified,NOT_VERIFIED,"[{""kind"":""pmtiles"",""path"":""./network_structures/bridge_comparison_new_taipei_20260906.pmtiles""}]",network_structures,DECLARED_DISPLAY_ASSET_NOT_VERIFIED_AS_COMPLETE_RAW_SOURCE,verify_source_contract_then_register_reader,"Match this declared display asset to a versioned raw artifact or bounded RPC; verify license, observed/obtained time, nulls, coverage, and geometry before creating a shared reader.",NONE_YET
officialBridgesNewTaipei,taiwan_gis,交通 Move,unknown_or_unavailable,READER_PENDING,declared-upstream:network_structures,declared_contract_only_raw_family_unverified,NOT_VERIFIED,"[{""kind"":""pmtiles"",""path"":""./network_structures/official_bridges_new_taipei_20260906.pmtiles""}]",network_structures,DECLARED_DISPLAY_ASSET_NOT_VERIFIED_AS_COMPLETE_RAW_SOURCE,verify_source_contract_then_register_reader,"Match this declared display asset to a versioned raw artifact or bounded RPC; verify license, observed/obtained time, nulls, coverage, and geometry before creating a shared reader.",NONE_YET
osmBridgeCarriers,taiwan_gis,交通 Move,unknown_or_unavailable,READER_PENDING,declared-upstream:network_structures,declared_contract_only_raw_family_unverified,NOT_VERIFIED,"[{""kind"":""pmtiles"",""path"":""./network_structures/osm_bridge_carriers_20260906.pmtiles""}]",network_structures,DECLARED_DISPLAY_ASSET_NOT_VERIFIED_AS_COMPLETE_RAW_SOURCE,verify_source_contract_then_register_reader,"Match this declared display asset to a versioned raw artifact or bounded RPC; verify license, observed/obtained time, nulls, coverage, and geometry before creating a shared reader.",NONE_YET
osmBridgeFootprints,taiwan_gis,交通 Move,unknown_or_unavailable,READER_PENDING,declared-upstream:network_structures,declared_contract_only_raw_family_unverified,NOT_VERIFIED,"[{""kind"":""pmtiles"",""path"":""./network_structures/osm_bridge_footprints_20260906.pmtiles""}]",network_structures,DECLARED_DISPLAY_ASSET_NOT_VERIFIED_AS_COMPLETE_RAW_SOURCE,verify_source_contract_then_register_reader,"Match this declared display asset to a versioned raw artifact or bounded RPC; verify license, observed/obtained time, nulls, coverage, and geometry before creating a shared reader.",NONE_YET
facOsmSupplement,taiwan_gis,能源 Energy,unknown_or_unavailable,SOURCE_MISSING,declared-upstream:osm_power,declared_contract_only_raw_family_unverified,NOT_VERIFIED,NOT_VERIFIED,osm_power,NO_DECLARED_RAW_ARTIFACT_OR_RPC_RECEIPT,find_raw_artifact_or_bounded_rpc,"Find the owning raw artifact/RPC and its version, license, freshness, null policy, and geometry contract; keep this layer ungrouped until then.",NONE_YET
osmSubstations,taiwan_gis,能源 Energy,unknown_or_unavailable,SOURCE_MISSING,declared-upstream:osm_power,declared_contract_only_raw_family_unverified,NOT_VERIFIED,NOT_VERIFIED,osm_power,NO_DECLARED_RAW_ARTIFACT_OR_RPC_RECEIPT,find_raw_artifact_or_bounded_rpc,"Find the owning raw artifact/RPC and its version, license, freshness, null policy, and geometry contract; keep this layer ungrouped until then.",NONE_YET
osmSubstationsEhv,taiwan_gis,能源 Energy,unknown_or_unavailable,SOURCE_MISSING,declared-upstream:osm_power,declared_contract_only_raw_family_unverified,NOT_VERIFIED,NOT_VERIFIED,osm_power,NO_DECLARED_RAW_ARTIFACT_OR_RPC_RECEIPT,find_raw_artifact_or_bounded_rpc,"Find the owning raw artifact/RPC and its version, license, freshness, null policy, and geometry contract; keep this layer ungrouped until then.",NONE_YET
osmWindTurbines,taiwan_gis,能源 Energy,unknown_or_unavailable,SOURCE_MISSING,declared-upstream:osm_power,declared_contract_only_raw_family_unverified,NOT_VERIFIED,NOT_VERIFIED,osm_power,NO_DECLARED_RAW_ARTIFACT_OR_RPC_RECEIPT,find_raw_artifact_or_bounded_rpc,"Find the owning raw artifact/RPC and its version, license, freshness, null policy, and geometry contract; keep this layer ungrouped until then.",NONE_YET
h3Population,taiwan_gis,人口社經 People,unknown_or_unavailable,SOURCE_MISSING,declared-upstream:population,declared_contract_only_raw_family_unverified,NOT_VERIFIED,NOT_VERIFIED,population,NO_DECLARED_RAW_ARTIFACT_OR_RPC_RECEIPT,find_raw_artifact_or_bounded_rpc,"Find the owning raw artifact/RPC and its version, license, freshness, null policy, and geometry contract; keep this layer ungrouped until then.",NONE_YET
popCount,taiwan_gis,人口社經 People,unknown_or_unavailable,SOURCE_MISSING,declared-upstream:population,declared_contract_only_raw_family_unverified,NOT_VERIFIED,NOT_VERIFIED,population,NO_DECLARED_RAW_ARTIFACT_OR_RPC_RECEIPT,find_raw_artifact_or_bounded_rpc,"Find the owning raw artifact/RPC and its version, license, freshness, null policy, and geometry contract; keep this layer ungrouped until then.",NONE_YET
facHistorical,taiwan_gis,能源 Energy,unknown_or_unavailable,SOURCE_MISSING,declared-upstream:power_plants,declared_contract_only_raw_family_unverified,NOT_VERIFIED,NOT_VERIFIED,power_plants,NO_DECLARED_RAW_ARTIFACT_OR_RPC_RECEIPT,find_raw_artifact_or_bounded_rpc,"Find the owning raw artifact/RPC and its version, license, freshness, null policy, and geometry contract; keep this layer ungrouped until then.",NONE_YET
facPlanned,taiwan_gis,能源 Energy,unknown_or_unavailable,SOURCE_MISSING,declared-upstream:power_plants,declared_contract_only_raw_family_unverified,NOT_VERIFIED,NOT_VERIFIED,power_plants,NO_DECLARED_RAW_ARTIFACT_OR_RPC_RECEIPT,find_raw_artifact_or_bounded_rpc,"Find the owning raw artifact/RPC and its version, license, freshness, null policy, and geometry contract; keep this layer ungrouped until then.",NONE_YET
facPrimary,taiwan_gis,能源 Energy,unknown_or_unavailable,SOURCE_MISSING,declared-upstream:power_plants,declared_contract_only_raw_family_unverified,NOT_VERIFIED,NOT_VERIFIED,power_plants,NO_DECLARED_RAW_ARTIFACT_OR_RPC_RECEIPT,find_raw_artifact_or_bounded_rpc,"Find the owning raw artifact/RPC and its version, license, freshness, null policy, and geometry contract; keep this layer ungrouped until then.",NONE_YET
facSecondary,taiwan_gis,能源 Energy,unknown_or_unavailable,SOURCE_MISSING,declared-upstream:power_plants,declared_contract_only_raw_family_unverified,NOT_VERIFIED,NOT_VERIFIED,power_plants,NO_DECLARED_RAW_ARTIFACT_OR_RPC_RECEIPT,find_raw_artifact_or_bounded_rpc,"Find the owning raw artifact/RPC and its version, license, freshness, null policy, and geometry contract; keep this layer ungrouped until then.",NONE_YET
realEstatePresaleGrid,taiwan_gis,房地產 Real Estate,unknown_or_unavailable,READER_PENDING,declared-upstream:real_estate,declared_contract_only_raw_family_unverified,NOT_VERIFIED,"[{""kind"":""pmtiles"",""path"":""./coverage/real_estate_grid.pmtiles""}]",real_estate,DECLARED_DISPLAY_ASSET_NOT_VERIFIED_AS_COMPLETE_RAW_SOURCE,verify_source_contract_then_register_reader,"Match this declared display asset to a versioned raw artifact or bounded RPC; verify license, observed/obtained time, nulls, coverage, and geometry before creating a shared reader.",NONE_YET
realEstatePresalePoint,taiwan_gis,房地產 Real Estate,unknown_or_unavailable,READER_PENDING,declared-upstream:real_estate,declared_contract_only_raw_family_unverified,NOT_VERIFIED,"[{""kind"":""custom"",""path"":""./coverage/real_estate_points_buffer.bin""}]",real_estate,DECLARED_DISPLAY_ASSET_NOT_VERIFIED_AS_COMPLETE_RAW_SOURCE,verify_source_contract_then_register_reader,"Match this declared display asset to a versioned raw artifact or bounded RPC; verify license, observed/obtained time, nulls, coverage, and geometry before creating a shared reader.",NONE_YET
realEstateRentalGrid,taiwan_gis,房地產 Real Estate,unknown_or_unavailable,READER_PENDING,declared-upstream:real_estate,declared_contract_only_raw_family_unverified,NOT_VERIFIED,"[{""kind"":""pmtiles"",""path"":""./coverage/real_estate_grid.pmtiles""}]",real_estate,DECLARED_DISPLAY_ASSET_NOT_VERIFIED_AS_COMPLETE_RAW_SOURCE,verify_source_contract_then_register_reader,"Match this declared display asset to a versioned raw artifact or bounded RPC; verify license, observed/obtained time, nulls, coverage, and geometry before creating a shared reader.",NONE_YET
realEstateRentalPoint,taiwan_gis,房地產 Real Estate,unknown_or_unavailable,READER_PENDING,declared-upstream:real_estate,declared_contract_only_raw_family_unverified,NOT_VERIFIED,"[{""kind"":""custom"",""path"":""./coverage/real_estate_points_buffer.bin""}]",real_estate,DECLARED_DISPLAY_ASSET_NOT_VERIFIED_AS_COMPLETE_RAW_SOURCE,verify_source_contract_then_register_reader,"Match this declared display asset to a versioned raw artifact or bounded RPC; verify license, observed/obtained time, nulls, coverage, and geometry before creating a shared reader.",NONE_YET
realEstateSaleGrid,taiwan_gis,房地產 Real Estate,unknown_or_unavailable,READER_PENDING,declared-upstream:real_estate,declared_contract_only_raw_family_unverified,NOT_VERIFIED,"[{""kind"":""pmtiles"",""path"":""./coverage/real_estate_grid.pmtiles""}]",real_estate,DECLARED_DISPLAY_ASSET_NOT_VERIFIED_AS_COMPLETE_RAW_SOURCE,verify_source_contract_then_register_reader,"Match this declared display asset to a versioned raw artifact or bounded RPC; verify license, observed/obtained time, nulls, coverage, and geometry before creating a shared reader.",NONE_YET
realEstateSalePoint,taiwan_gis,房地產 Real Estate,unknown_or_unavailable,READER_PENDING,declared-upstream:real_estate,declared_contract_only_raw_family_unverified,NOT_VERIFIED,"[{""kind"":""custom"",""path"":""./coverage/real_estate_points_buffer.bin""}]",real_estate,DECLARED_DISPLAY_ASSET_NOT_VERIFIED_AS_COMPLETE_RAW_SOURCE,verify_source_contract_then_register_reader,"Match this declared display asset to a versioned raw artifact or bounded RPC; verify license, observed/obtained time, nulls, coverage, and geometry before creating a shared reader.",NONE_YET
renewablePermitsTaipei,taiwan_gis,能源 Energy,unknown_or_unavailable,SOURCE_MISSING,declared-upstream:renewable,declared_contract_only_raw_family_unverified,NOT_VERIFIED,NOT_VERIFIED,renewable,NO_DECLARED_RAW_ARTIFACT_OR_RPC_RECEIPT,find_raw_artifact_or_bounded_rpc,"Find the owning raw artifact/RPC and its version, license, freshness, null policy, and geometry contract; keep this layer ungrouped until then.",NONE_YET
windPlan,taiwan_gis,能源 Energy,metadata_geojson_candidate,READER_PENDING,declared-upstream:renewable,declared_contract_only_raw_family_unverified,NOT_VERIFIED,"[{""kind"":""geojson"",""path"":""./geo/wind_plan.geojson""}]",renewable,SOURCE_READBACK_AND_POINT_SEMANTICS_UNVERIFIED,verify_complete_raw_source_then_register_reader,"Read the declared GeoJSON once; record SHA, publisher/license, observed/obtained time, schema nulls, and geometry before deciding reader eligibility.",NONE_YET
freewayCongestion,taiwan_gis,交通 Move,unknown_or_unavailable,SOURCE_MISSING,declared-upstream:road_congestion,declared_contract_only_raw_family_unverified,NOT_VERIFIED,NOT_VERIFIED,road_congestion,NO_DECLARED_RAW_ARTIFACT_OR_RPC_RECEIPT,find_raw_artifact_or_bounded_rpc,"Find the owning raw artifact/RPC and its version, license, freshness, null policy, and geometry contract; keep this layer ungrouped until then.",NONE_YET
roadCongestion,taiwan_gis,交通 Move,unknown_or_unavailable,READER_PENDING,declared-upstream:road_congestion,declared_contract_only_raw_family_unverified,NOT_VERIFIED,"[{""kind"":""custom"",""path"":""./road/road_congestion_highway.pmtiles""}]",road_congestion,DECLARED_DISPLAY_ASSET_NOT_VERIFIED_AS_COMPLETE_RAW_SOURCE,verify_source_contract_then_register_reader,"Match this declared display asset to a versioned raw artifact or bounded RPC; verify license, observed/obtained time, nulls, coverage, and geometry before creating a shared reader.",NONE_YET
ships,taiwan_gis,交通 Move,unknown_or_unavailable,SOURCE_MISSING,declared-upstream:ship,declared_contract_only_raw_family_unverified,NOT_VERIFIED,NOT_VERIFIED,ship,NO_DECLARED_RAW_ARTIFACT_OR_RPC_RECEIPT,find_raw_artifact_or_bounded_rpc,"Find the owning raw artifact/RPC and its version, license, freshness, null policy, and geometry contract; keep this layer ungrouped until then.",NONE_YET
vesselWatch,taiwan_gis,情勢 Situation,unknown_or_unavailable,SOURCE_MISSING,declared-upstream:ship,declared_contract_only_raw_family_unverified,NOT_VERIFIED,NOT_VERIFIED,ship,NO_DECLARED_RAW_ARTIFACT_OR_RPC_RECEIPT,find_raw_artifact_or_bounded_rpc,"Find the owning raw artifact/RPC and its version, license, freshness, null policy, and geometry contract; keep this layer ungrouped until then.",NONE_YET
socioeconomic,taiwan_gis,人口社經 People,unknown_or_unavailable,SOURCE_MISSING,declared-upstream:village_comprehensive_extended,declared_contract_only_raw_family_unverified,NOT_VERIFIED,NOT_VERIFIED,village_comprehensive_extended,NO_DECLARED_RAW_ARTIFACT_OR_RPC_RECEIPT,find_raw_artifact_or_bounded_rpc,"Find the owning raw artifact/RPC and its version, license, freshness, null policy, and geometry contract; keep this layer ungrouped until then.",NONE_YET
spatialEconomy,taiwan_gis,人口社經 People,unknown_or_unavailable,SOURCE_MISSING,declared-upstream:village_comprehensive_extended,declared_contract_only_raw_family_unverified,NOT_VERIFIED,NOT_VERIFIED,village_comprehensive_extended,NO_DECLARED_RAW_ARTIFACT_OR_RPC_RECEIPT,find_raw_artifact_or_bounded_rpc,"Find the owning raw artifact/RPC and its version, license, freshness, null policy, and geometry contract; keep this layer ungrouped until then.",NONE_YET
wfLandfillCoastal,taiwan_gis,廢棄物 Waste,unknown_or_unavailable,SOURCE_MISSING,declared-upstream:waste_facilities,declared_contract_only_raw_family_unverified,NOT_VERIFIED,NOT_VERIFIED,waste_facilities,WASTE_FACILITIES_COMPLETE_RELEASE_AND_COORDINATE_RIGHTS_MISSING,find_raw_artifact_or_bounded_rpc,"Reconcile the nine layer filters against a fixed complete Supabase/raw release, 66 government plus 237 OSM processed rows, and later geocoded records; isolate Google-derived coordinates until public-use rights are verified.",NONE_YET
wfMedical,taiwan_gis,廢棄物 Waste,unknown_or_unavailable,SOURCE_MISSING,declared-upstream:waste_facilities,declared_contract_only_raw_family_unverified,NOT_VERIFIED,NOT_VERIFIED,waste_facilities,WASTE_FACILITIES_COMPLETE_RELEASE_AND_COORDINATE_RIGHTS_MISSING,find_raw_artifact_or_bounded_rpc,"Reconcile the nine layer filters against a fixed complete Supabase/raw release, 66 government plus 237 OSM processed rows, and later geocoded records; isolate Google-derived coordinates until public-use rights are verified.",NONE_YET
wfOther,taiwan_gis,廢棄物 Waste,unknown_or_unavailable,SOURCE_MISSING,declared-upstream:waste_facilities,declared_contract_only_raw_family_unverified,NOT_VERIFIED,NOT_VERIFIED,waste_facilities,WASTE_FACILITIES_COMPLETE_RELEASE_AND_COORDINATE_RIGHTS_MISSING,find_raw_artifact_or_bounded_rpc,"Reconcile the nine layer filters against a fixed complete Supabase/raw release, 66 government plus 237 OSM processed rows, and later geocoded records; isolate Google-derived coordinates until public-use rights are verified.",NONE_YET
wdBattery,taiwan_gis,廢棄物 Waste,unknown_or_unavailable,SOURCE_MISSING,declared-upstream:waste_positions_realtime,declared_contract_only_raw_family_unverified,NOT_VERIFIED,NOT_VERIFIED,waste_positions_realtime,NO_DECLARED_RAW_ARTIFACT_OR_RPC_RECEIPT,find_raw_artifact_or_bounded_rpc,"Find the owning raw artifact/RPC and its version, license, freshness, null policy, and geometry contract; keep this layer ungrouped until then.",NONE_YET
wdClothes,taiwan_gis,廢棄物 Waste,unknown_or_unavailable,SOURCE_MISSING,declared-upstream:waste_positions_realtime,declared_contract_only_raw_family_unverified,NOT_VERIFIED,NOT_VERIFIED,waste_positions_realtime,NO_DECLARED_RAW_ARTIFACT_OR_RPC_RECEIPT,find_raw_artifact_or_bounded_rpc,"Find the owning raw artifact/RPC and its version, license, freshness, null policy, and geometry contract; keep this layer ungrouped until then.",NONE_YET
wdMixed,taiwan_gis,廢棄物 Waste,unknown_or_unavailable,SOURCE_MISSING,declared-upstream:waste_positions_realtime,declared_contract_only_raw_family_unverified,NOT_VERIFIED,NOT_VERIFIED,waste_positions_realtime,NO_DECLARED_RAW_ARTIFACT_OR_RPC_RECEIPT,find_raw_artifact_or_bounded_rpc,"Find the owning raw artifact/RPC and its version, license, freshness, null policy, and geometry contract; keep this layer ungrouped until then.",NONE_YET
wdRecyclingContainer,taiwan_gis,廢棄物 Waste,unknown_or_unavailable,SOURCE_MISSING,declared-upstream:waste_positions_realtime,declared_contract_only_raw_family_unverified,NOT_VERIFIED,NOT_VERIFIED,waste_positions_realtime,NO_DECLARED_RAW_ARTIFACT_OR_RPC_RECEIPT,find_raw_artifact_or_bounded_rpc,"Find the owning raw artifact/RPC and its version, license, freshness, null policy, and geometry contract; keep this layer ungrouped until then.",NONE_YET
floodSensor,taiwan_gis,水資源 Water,unknown_or_unavailable,SOURCE_MISSING,declared-upstream:water.uswg_measurements,declared_contract_only_raw_family_unverified,NOT_VERIFIED,NOT_VERIFIED,water.uswg_measurements,NO_DECLARED_RAW_ARTIFACT_OR_RPC_RECEIPT,find_raw_artifact_or_bounded_rpc,"Find the owning raw artifact/RPC and its version, license, freshness, null policy, and geometry contract; keep this layer ungrouped until then.",NONE_YET
floodSensorIsochrone,taiwan_gis,水資源 Water,unknown_or_unavailable,READER_PENDING,declared-upstream:water.uswg_measurements,declared_contract_only_raw_family_unverified,NOT_VERIFIED,"[{""kind"":""custom"",""path"":""./flood/uswg_isochrone_3min.pmtiles""}]",water.uswg_measurements,DECLARED_DISPLAY_ASSET_NOT_VERIFIED_AS_COMPLETE_RAW_SOURCE,verify_source_contract_then_register_reader,"Match this declared display asset to a versioned raw artifact or bounded RPC; verify license, observed/obtained time, nulls, coverage, and geometry before creating a shared reader.",NONE_YET
temperatureGrid,taiwan_gis,環境氣候 Environment,unknown_or_unavailable,SOURCE_MISSING,declared-upstream:weather,declared_contract_only_raw_family_unverified,NOT_VERIFIED,NOT_VERIFIED,weather,NO_DECLARED_RAW_ARTIFACT_OR_RPC_RECEIPT,find_raw_artifact_or_bounded_rpc,"Find the owning raw artifact/RPC and its version, license, freshness, null policy, and geometry contract; keep this layer ungrouped until then.",NONE_YET
temperatureWave,taiwan_gis,環境氣候 Environment,unknown_or_unavailable,SOURCE_MISSING,declared-upstream:weather,declared_contract_only_raw_family_unverified,NOT_VERIFIED,NOT_VERIFIED,weather,NO_DECLARED_RAW_ARTIFACT_OR_RPC_RECEIPT,find_raw_artifact_or_bounded_rpc,"Find the owning raw artifact/RPC and its version, license, freshness, null policy, and geometry contract; keep this layer ungrouped until then.",NONE_YET
gasCoverageAll,taiwan_gis,能源 Energy,unknown_or_unavailable,READER_PENDING,derived:gas_coverage:gasCoverageAll,derived_distance_surface_not_raw_gas_station_points,NOT_VERIFIED,"[{""kind"":""pmtiles"",""path"":""./coverage/taiwan_all_gas_nearest.pmtiles""}]",,DERIVED_ROAD_DISTANCE_RELEASE_UNVERIFIED,verify_source_contract_then_register_reader,"Verify the exact station input, OSRM road-network/version, distance-grid build receipt and cell values for this derived coverage surface; station-point queryability cannot substitute for grid sampling.",NONE_YET
gasCoverageCpc,taiwan_gis,能源 Energy,unknown_or_unavailable,READER_PENDING,derived:gas_coverage:gasCoverageCpc,derived_distance_surface_not_raw_gas_station_points,NOT_VERIFIED,"[{""kind"":""pmtiles"",""path"":""./coverage/taiwan_cpc_nearest.pmtiles""}]",gas_stations,DERIVED_ROAD_DISTANCE_RELEASE_UNVERIFIED,verify_source_contract_then_register_reader,"Verify the exact station input, OSRM road-network/version, distance-grid build receipt and cell values for this derived coverage surface; station-point queryability cannot substitute for grid sampling.",NONE_YET
gasCoverageFpcc,taiwan_gis,能源 Energy,unknown_or_unavailable,READER_PENDING,derived:gas_coverage:gasCoverageFpcc,derived_distance_surface_not_raw_gas_station_points,NOT_VERIFIED,"[{""kind"":""pmtiles"",""path"":""./coverage/taiwan_fpcc_nearest.pmtiles""}]",gas_stations,DERIVED_ROAD_DISTANCE_RELEASE_UNVERIFIED,verify_source_contract_then_register_reader,"Verify the exact station input, OSRM road-network/version, distance-grid build receipt and cell values for this derived coverage surface; station-point queryability cannot substitute for grid sampling.",NONE_YET
gasCoverageTaisugar,taiwan_gis,能源 Energy,unknown_or_unavailable,READER_PENDING,derived:gas_coverage:gasCoverageTaisugar,derived_distance_surface_not_raw_gas_station_points,NOT_VERIFIED,"[{""kind"":""pmtiles"",""path"":""./coverage/taiwan_taisugar_nearest.pmtiles""}]",gas_stations,DERIVED_ROAD_DISTANCE_RELEASE_UNVERIFIED,verify_source_contract_then_register_reader,"Verify the exact station input, OSRM road-network/version, distance-grid build receipt and cell values for this derived coverage surface; station-point queryability cannot substitute for grid sampling.",NONE_YET
agriCropSuitability,taiwan_gis,農業 Agriculture,unknown_or_unavailable,READER_PENDING,manifest-asset:custom:./agriculture/crop_suitability_132.pmtiles,display_asset_or_unresolved_only_raw_family_unverified,NOT_VERIFIED,"[{""kind"":""custom"",""path"":""./agriculture/crop_suitability_132.pmtiles""}]",crop_suitability_132,DECLARED_DISPLAY_ASSET_NOT_VERIFIED_AS_COMPLETE_RAW_SOURCE,verify_source_contract_then_register_reader,"Match this declared display asset to a versioned raw artifact or bounded RPC; verify license, observed/obtained time, nulls, coverage, and geometry before creating a shared reader.",NONE_YET
agriculture,taiwan_gis,農業 Agriculture,unknown_or_unavailable,READER_PENDING,manifest-asset:custom:./agriculture/ftw_fields_2025.pmtiles,display_asset_or_unresolved_only_raw_family_unverified,NOT_VERIFIED,"[{""kind"":""custom"",""path"":""./agriculture/ftw_fields_2025.pmtiles""}]",ftw_fields,DECLARED_DISPLAY_ASSET_NOT_VERIFIED_AS_COMPLETE_RAW_SOURCE,verify_source_contract_then_register_reader,"Match this declared display asset to a versioned raw artifact or bounded RPC; verify license, observed/obtained time, nulls, coverage, and geometry before creating a shared reader.",NONE_YET
agriRuralRegen,taiwan_gis,農業 Agriculture,unknown_or_unavailable,READER_PENDING,manifest-asset:custom:./agriculture/rural_regen_communities_2025.pmtiles,display_asset_or_unresolved_only_raw_family_unverified,NOT_VERIFIED,"[{""kind"":""custom"",""path"":""./agriculture/rural_regen_communities_2025.pmtiles""}]",rural_regen_communities_2025,DECLARED_DISPLAY_ASSET_NOT_VERIFIED_AS_COMPLETE_RAW_SOURCE,verify_source_contract_then_register_reader,"Match this declared display asset to a versioned raw artifact or bounded RPC; verify license, observed/obtained time, nulls, coverage, and geometry before creating a shared reader.",NONE_YET
agriSoilFertility,taiwan_gis,農業 Agriculture,unknown_or_unavailable,READER_PENDING,manifest-asset:custom:./agriculture/soil_fertility_grid_250m.pmtiles,display_asset_or_unresolved_only_raw_family_unverified,NOT_VERIFIED,"[{""kind"":""custom"",""path"":""./agriculture/soil_fertility_grid_250m.pmtiles""}]",soil_fertility_grid_250m,DECLARED_DISPLAY_ASSET_NOT_VERIFIED_AS_COMPLETE_RAW_SOURCE,verify_source_contract_then_register_reader,"Match this declared display asset to a versioned raw artifact or bounded RPC; verify license, observed/obtained time, nulls, coverage, and geometry before creating a shared reader.",NONE_YET
agriSoil,taiwan_gis,農業 Agriculture,unknown_or_unavailable,READER_PENDING,manifest-asset:custom:./agriculture/soil_map_national.pmtiles,display_asset_or_unresolved_only_raw_family_unverified,NOT_VERIFIED,"[{""kind"":""custom"",""path"":""./agriculture/soil_map_national.pmtiles""}]",soil_map_national,DECLARED_DISPLAY_ASSET_NOT_VERIFIED_AS_COMPLETE_RAW_SOURCE,verify_source_contract_then_register_reader,"Match this declared display asset to a versioned raw artifact or bounded RPC; verify license, observed/obtained time, nulls, coverage, and geometry before creating a shared reader.",NONE_YET
aspectVector,taiwan_gis,底圖 Base Map,unknown_or_unavailable,READER_PENDING,manifest-asset:custom:./base_map/aspect_vector.pmtiles,display_asset_or_unresolved_only_raw_family_unverified,NOT_VERIFIED,"[{""kind"":""custom"",""path"":""./base_map/aspect_vector.pmtiles""}]",aspect,DECLARED_DISPLAY_ASSET_NOT_VERIFIED_AS_COMPLETE_RAW_SOURCE,verify_source_contract_then_register_reader,"Match this declared display asset to a versioned raw artifact or bounded RPC; verify license, observed/obtained time, nulls, coverage, and geometry before creating a shared reader.",NONE_YET
hillshade,taiwan_gis,底圖 Base Map,unknown_or_unavailable,READER_PENDING,manifest-asset:custom:./base_map/hillshade.png,display_asset_or_unresolved_only_raw_family_unverified,NOT_VERIFIED,"[{""kind"":""custom"",""path"":""./base_map/hillshade.png""}]",hillshade,DECLARED_DISPLAY_ASSET_NOT_VERIFIED_AS_COMPLETE_RAW_SOURCE,verify_source_contract_then_register_reader,"Match this declared display asset to a versioned raw artifact or bounded RPC; verify license, observed/obtained time, nulls, coverage, and geometry before creating a shared reader.",NONE_YET
slopeVector,taiwan_gis,底圖 Base Map,unknown_or_unavailable,READER_PENDING,manifest-asset:custom:./base_map/slope_vector.pmtiles,display_asset_or_unresolved_only_raw_family_unverified,NOT_VERIFIED,"[{""kind"":""custom"",""path"":""./base_map/slope_vector.pmtiles""}]",slope,DECLARED_DISPLAY_ASSET_NOT_VERIFIED_AS_COMPLETE_RAW_SOURCE,verify_source_contract_then_register_reader,"Match this declared display asset to a versioned raw artifact or bounded RPC; verify license, observed/obtained time, nulls, coverage, and geometry before creating a shared reader.",NONE_YET
funeralOperatorDensity,taiwan_gis,殯葬 Funeral,unknown_or_unavailable,READER_PENDING,manifest-asset:custom:./base_map/township_boundary.pmtiles,display_asset_or_unresolved_only_raw_family_unverified,NOT_VERIFIED,"[{""kind"":""custom"",""path"":""./base_map/township_boundary.pmtiles""}]",funeral_operators_district,DECLARED_DISPLAY_ASSET_NOT_VERIFIED_AS_COMPLETE_RAW_SOURCE,verify_source_contract_then_register_reader,"Match this declared display asset to a versioned raw artifact or bounded RPC; verify license, observed/obtained time, nulls, coverage, and geometry before creating a shared reader.",NONE_YET
aviationControl,taiwan_gis,交通 Move,unknown_or_unavailable,READER_PENDING,manifest-asset:custom:./coverage/aviation_airspace.pmtiles,display_asset_or_unresolved_only_raw_family_unverified,NOT_VERIFIED,"[{""kind"":""custom"",""path"":""./coverage/aviation_airspace.pmtiles""}]",airspace_aip,DECLARED_DISPLAY_ASSET_NOT_VERIFIED_AS_COMPLETE_RAW_SOURCE,verify_source_contract_then_register_reader,"Match this declared display asset to a versioned raw artifact or bounded RPC; verify license, observed/obtained time, nulls, coverage, and geometry before creating a shared reader.",NONE_YET
aviationRestrictedGlow,taiwan_gis,能源 Energy,unknown_or_unavailable,READER_PENDING,manifest-asset:custom:./coverage/aviation_airspace.pmtiles,display_asset_or_unresolved_only_raw_family_unverified,NOT_VERIFIED,"[{""kind"":""custom"",""path"":""./coverage/aviation_airspace.pmtiles""}]",,DECLARED_DISPLAY_ASSET_NOT_VERIFIED_AS_COMPLETE_RAW_SOURCE,verify_source_contract_then_register_reader,"Match this declared display asset to a versioned raw artifact or bounded RPC; verify license, observed/obtained time, nulls, coverage, and geometry before creating a shared reader.",NONE_YET
droneNoFlyZone,taiwan_gis,交通 Move,unknown_or_unavailable,READER_PENDING,manifest-asset:custom:./coverage/drone_restricted_zones.pmtiles,display_asset_or_unresolved_only_raw_family_unverified,NOT_VERIFIED,"[{""kind"":""custom"",""path"":""./coverage/drone_restricted_zones.pmtiles""}]",airport_safety_zones,DECLARED_DISPLAY_ASSET_NOT_VERIFIED_AS_COMPLETE_RAW_SOURCE,verify_source_contract_then_register_reader,"Match this declared display asset to a versioned raw artifact or bounded RPC; verify license, observed/obtained time, nulls, coverage, and geometry before creating a shared reader.",NONE_YET
powerPoles,taiwan_gis,能源 Energy,unknown_or_unavailable,READER_PENDING,manifest-asset:custom:./coverage/power_poles.pmtiles,display_asset_or_unresolved_only_raw_family_unverified,NOT_VERIFIED,"[{""kind"":""custom"",""path"":""./coverage/power_poles.pmtiles""}]",power_poles,DECLARED_DISPLAY_ASSET_NOT_VERIFIED_AS_COMPLETE_RAW_SOURCE,verify_source_contract_then_register_reader,"Match this declared display asset to a versioned raw artifact or bounded RPC; verify license, observed/obtained time, nulls, coverage, and geometry before creating a shared reader.",NONE_YET
historicalFlightTrails,taiwan_gis,交通 Move,unknown_or_unavailable,READER_PENDING,manifest-asset:custom:./flight-trails/manifest.json,display_asset_or_unresolved_only_raw_family_unverified,NOT_VERIFIED,"[{""kind"":""custom"",""path"":""./flight-trails/manifest.json""}]",,DECLARED_DISPLAY_ASSET_NOT_VERIFIED_AS_COMPLETE_RAW_SOURCE,verify_source_contract_then_register_reader,"Match this declared display asset to a versioned raw artifact or bounded RPC; verify license, observed/obtained time, nulls, coverage, and geometry before creating a shared reader.",NONE_YET
medDesert,taiwan_gis,醫療 Medical,unknown_or_unavailable,READER_PENDING,manifest-asset:custom:./medical/medical_isochrone.pmtiles,display_asset_or_unresolved_only_raw_family_unverified,NOT_VERIFIED,"[{""kind"":""custom"",""path"":""./medical/medical_isochrone.pmtiles""}]",,DECLARED_DISPLAY_ASSET_NOT_VERIFIED_AS_COMPLETE_RAW_SOURCE,verify_source_contract_then_register_reader,"Match this declared display asset to a versioned raw artifact or bounded RPC; verify license, observed/obtained time, nulls, coverage, and geometry before creating a shared reader.",NONE_YET
medIsochrone,taiwan_gis,醫療 Medical,unknown_or_unavailable,READER_PENDING,manifest-asset:custom:./medical/medical_isochrone.pmtiles,display_asset_or_unresolved_only_raw_family_unverified,NOT_VERIFIED,"[{""kind"":""custom"",""path"":""./medical/medical_isochrone.pmtiles""}]",,DECLARED_DISPLAY_ASSET_NOT_VERIFIED_AS_COMPLETE_RAW_SOURCE,verify_source_contract_then_register_reader,"Match this declared display asset to a versioned raw artifact or bounded RPC; verify license, observed/obtained time, nulls, coverage, and geometry before creating a shared reader.",NONE_YET
forestAlishanRail,taiwan_gis,林業 Forestry,metadata_geojson_candidate,READER_PENDING,manifest-asset:geojson:./forestry/wildlife_distribution_3rd_alt.geojson,display_asset_or_unresolved_only_raw_family_unverified,NOT_VERIFIED,"[{""kind"":""geojson"",""path"":""./forestry/wildlife_distribution_3rd_alt.geojson""}]",wildlife_distribution_3rd_alt,SOURCE_READBACK_AND_POINT_SEMANTICS_UNVERIFIED,verify_complete_raw_source_then_register_reader,"Read the declared GeoJSON once; record SHA, publisher/license, observed/obtained time, schema nulls, and geometry before deciding reader eligibility.",NONE_YET
waterBasins,taiwan_gis,水資源 Water,metadata_geojson_candidate,READER_PENDING,manifest-asset:geojson:./geo/water_basins.geojson,display_asset_or_unresolved_only_raw_family_unverified,NOT_VERIFIED,"[{""kind"":""geojson"",""path"":""./geo/water_basins.geojson""}]",river_basins_wra,SOURCE_READBACK_AND_POINT_SEMANTICS_UNVERIFIED,verify_complete_raw_source_then_register_reader,"Read the declared GeoJSON once; record SHA, publisher/license, observed/obtained time, schema nulls, and geometry before deciding reader eligibility.",NONE_YET
waterProtectionZones,taiwan_gis,水資源 Water,metadata_geojson_candidate,READER_PENDING,manifest-asset:geojson:./geo/water_protection_zones.geojson,display_asset_or_unresolved_only_raw_family_unverified,NOT_VERIFIED,"[{""kind"":""geojson"",""path"":""./geo/water_protection_zones.geojson""}]",water_zones_wra,SOURCE_READBACK_AND_POINT_SEMANTICS_UNVERIFIED,verify_complete_raw_source_then_register_reader,"Read the declared GeoJSON once; record SHA, publisher/license, observed/obtained time, schema nulls, and geometry before deciding reader eligibility.",NONE_YET
ecoNetworkZones,taiwan_gis,農業 Agriculture,unknown_or_unavailable,READER_PENDING,manifest-asset:pmtiles:./agriculture/eco_network_zones.pmtiles,display_asset_or_unresolved_only_raw_family_unverified,NOT_VERIFIED,"[{""kind"":""pmtiles"",""path"":""./agriculture/eco_network_zones.pmtiles""}]",eco_network_zones,DECLARED_DISPLAY_ASSET_NOT_VERIFIED_AS_COMPLETE_RAW_SOURCE,verify_source_contract_then_register_reader,"Match this declared display asset to a versioned raw artifact or bounded RPC; verify license, observed/obtained time, nulls, coverage, and geometry before creating a shared reader.",NONE_YET
farmRoads,taiwan_gis,農業 Agriculture,unknown_or_unavailable,READER_PENDING,manifest-asset:pmtiles:./agriculture/farm_roads.pmtiles,display_asset_or_unresolved_only_raw_family_unverified,NOT_VERIFIED,"[{""kind"":""pmtiles"",""path"":""./agriculture/farm_roads.pmtiles""}]",farm_roads,DECLARED_DISPLAY_ASSET_NOT_VERIFIED_AS_COMPLETE_RAW_SOURCE,verify_source_contract_then_register_reader,"Match this declared display asset to a versioned raw artifact or bounded RPC; verify license, observed/obtained time, nulls, coverage, and geometry before creating a shared reader.",NONE_YET
contour25k,taiwan_gis,底圖 Base Map,unknown_or_unavailable,READER_PENDING,manifest-asset:pmtiles:./base_map/contour_25k.pmtiles,display_asset_or_unresolved_only_raw_family_unverified,NOT_VERIFIED,"[{""kind"":""pmtiles"",""path"":""./base_map/contour_25k.pmtiles""}]",contour_25k,DECLARED_DISPLAY_ASSET_NOT_VERIFIED_AS_COMPLETE_RAW_SOURCE,verify_source_contract_then_register_reader,"Match this declared display asset to a versioned raw artifact or bounded RPC; verify license, observed/obtained time, nulls, coverage, and geometry before creating a shared reader.",NONE_YET
contourDtm20,taiwan_gis,底圖 Base Map,unknown_or_unavailable,READER_PENDING,manifest-asset:pmtiles:./base_map/contour_dtm20.pmtiles,display_asset_or_unresolved_only_raw_family_unverified,NOT_VERIFIED,"[{""kind"":""pmtiles"",""path"":""./base_map/contour_dtm20.pmtiles""}]",contour_dtm20,DECLARED_DISPLAY_ASSET_NOT_VERIFIED_AS_COMPLETE_RAW_SOURCE,verify_source_contract_then_register_reader,"Match this declared display asset to a versioned raw artifact or bounded RPC; verify license, observed/obtained time, nulls, coverage, and geometry before creating a shared reader.",NONE_YET
isobath,taiwan_gis,底圖 Base Map,unknown_or_unavailable,READER_PENDING,manifest-asset:pmtiles:./base_map/gebco_isobath.pmtiles,display_asset_or_unresolved_only_raw_family_unverified,NOT_VERIFIED,"[{""kind"":""pmtiles"",""path"":""./base_map/gebco_isobath.pmtiles""}]",gebco_isobath,DECLARED_DISPLAY_ASSET_NOT_VERIFIED_AS_COMPLETE_RAW_SOURCE,verify_source_contract_then_register_reader,"Match this declared display asset to a versioned raw artifact or bounded RPC; verify license, observed/obtained time, nulls, coverage, and geometry before creating a shared reader.",NONE_YET
maritimeBoundary,taiwan_gis,底圖 Base Map,unknown_or_unavailable,READER_PENDING,manifest-asset:pmtiles:./base_map/maritime_boundary.pmtiles,display_asset_or_unresolved_only_raw_family_unverified,NOT_VERIFIED,"[{""kind"":""pmtiles"",""path"":""./base_map/maritime_boundary.pmtiles""}]",maritime_boundary,DECLARED_DISPLAY_ASSET_NOT_VERIFIED_AS_COMPLETE_RAW_SOURCE,verify_source_contract_then_register_reader,"Match this declared display asset to a versioned raw artifact or bounded RPC; verify license, observed/obtained time, nulls, coverage, and geometry before creating a shared reader.",NONE_YET
osmExpressway,taiwan_gis,交通 Move,unknown_or_unavailable,READER_PENDING,manifest-asset:pmtiles:./base_map/osm_expressway.pmtiles,display_asset_or_unresolved_only_raw_family_unverified,NOT_VERIFIED,"[{""kind"":""pmtiles"",""path"":""./base_map/osm_expressway.pmtiles""}]",osm_expressway,DECLARED_DISPLAY_ASSET_NOT_VERIFIED_AS_COMPLETE_RAW_SOURCE,verify_source_contract_then_register_reader,"Match this declared display asset to a versioned raw artifact or bounded RPC; verify license, observed/obtained time, nulls, coverage, and geometry before creating a shared reader.",NONE_YET
osmRoadDrive,taiwan_gis,底圖 Base Map,unknown_or_unavailable,READER_PENDING,manifest-asset:pmtiles:./base_map/osm_road_drive.pmtiles,display_asset_or_unresolved_only_raw_family_unverified,NOT_VERIFIED,"[{""kind"":""pmtiles"",""path"":""./base_map/osm_road_drive.pmtiles""}]",osm_road_drive,DECLARED_DISPLAY_ASSET_NOT_VERIFIED_AS_COMPLETE_RAW_SOURCE,verify_source_contract_then_register_reader,"Match this declared display asset to a versioned raw artifact or bounded RPC; verify license, observed/obtained time, nulls, coverage, and geometry before creating a shared reader.",NONE_YET
townshipBoundary,taiwan_gis,底圖 Base Map,unknown_or_unavailable,READER_PENDING,manifest-asset:pmtiles:./base_map/township_boundary.pmtiles,display_asset_or_unresolved_only_raw_family_unverified,NOT_VERIFIED,"[{""kind"":""pmtiles"",""path"":""./base_map/township_boundary.pmtiles""}]",township_boundary,DECLARED_DISPLAY_ASSET_NOT_VERIFIED_AS_COMPLETE_RAW_SOURCE,verify_source_contract_then_register_reader,"Match this declared display asset to a versioned raw artifact or bounded RPC; verify license, observed/obtained time, nulls, coverage, and geometry before creating a shared reader.",NONE_YET
villageBoundary,taiwan_gis,底圖 Base Map,unknown_or_unavailable,READER_PENDING,manifest-asset:pmtiles:./base_map/village_boundary.pmtiles,display_asset_or_unresolved_only_raw_family_unverified,NOT_VERIFIED,"[{""kind"":""pmtiles"",""path"":""./base_map/village_boundary.pmtiles""}]",village_boundary,DECLARED_DISPLAY_ASSET_NOT_VERIFIED_AS_COMPLETE_RAW_SOURCE,verify_source_contract_then_register_reader,"Match this declared display asset to a versioned raw artifact or bounded RPC; verify license, observed/obtained time, nulls, coverage, and geometry before creating a shared reader.",NONE_YET
factoryDensityGrid,taiwan_gis,工商登記 Business Registry,unknown_or_unavailable,READER_PENDING,manifest-asset:pmtiles:./business_registry/factory_density_1500m_202606.pmtiles|pmtiles:./business_registry/factory_density_450m_202606.pmtiles,display_asset_or_unresolved_only_raw_family_unverified,NOT_VERIFIED,"[{""kind"":""pmtiles"",""path"":""./business_registry/factory_density_1500m_202606.pmtiles""},{""kind"":""pmtiles"",""path"":""./business_registry/factory_density_450m_202606.pmtiles""}]",factory_locations,DECLARED_DISPLAY_ASSET_NOT_VERIFIED_AS_COMPLETE_RAW_SOURCE,verify_source_contract_then_register_reader,"Match this declared display asset to a versioned raw artifact or bounded RPC; verify license, observed/obtained time, nulls, coverage, and geometry before creating a shared reader.",NONE_YET
industrialParkComparison,taiwan_gis,工商登記 Business Registry,unknown_or_unavailable,READER_PENDING,manifest-asset:pmtiles:./business_registry/industrial_park_comparison_20260818.pmtiles,display_asset_or_unresolved_only_raw_family_unverified,NOT_VERIFIED,"[{""kind"":""pmtiles"",""path"":""./business_registry/industrial_park_comparison_20260818.pmtiles""}]",industrial_park_comparison,DECLARED_DISPLAY_ASSET_NOT_VERIFIED_AS_COMPLETE_RAW_SOURCE,verify_source_contract_then_register_reader,"Match this declared display asset to a versioned raw artifact or bounded RPC; verify license, observed/obtained time, nulls, coverage, and geometry before creating a shared reader.",NONE_YET
manufacturingCompanyDensityGrid,taiwan_gis,工商登記 Business Registry,unknown_or_unavailable,READER_PENDING,manifest-asset:pmtiles:./business_registry/manufacturing_company_density_1500m_202608.pmtiles|pmtiles:./business_registry/manufacturing_company_density_450m_202608.pmtiles,display_asset_or_unresolved_only_raw_family_unverified,NOT_VERIFIED,"[{""kind"":""pmtiles"",""path"":""./business_registry/manufacturing_company_density_1500m_202608.pmtiles""},{""kind"":""pmtiles"",""path"":""./business_registry/manufacturing_company_density_450m_202608.pmtiles""}]",manufacturing_company_points,DECLARED_DISPLAY_ASSET_NOT_VERIFIED_AS_COMPLETE_RAW_SOURCE,verify_source_contract_then_register_reader,"Match this declared display asset to a versioned raw artifact or bounded RPC; verify license, observed/obtained time, nulls, coverage, and geometry before creating a shared reader.",NONE_YET
regulatedFacilityDensityGrid,taiwan_gis,工商登記 Business Registry,unknown_or_unavailable,READER_PENDING,manifest-asset:pmtiles:./business_registry/regulated_facility_density_1500m_20260818.pmtiles|pmtiles:./business_registry/regulated_facility_density_450m_20260818.pmtiles,display_asset_or_unresolved_only_raw_family_unverified,NOT_VERIFIED,"[{""kind"":""pmtiles"",""path"":""./business_registry/regulated_facility_density_1500m_20260818.pmtiles""},{""kind"":""pmtiles"",""path"":""./business_registry/regulated_facility_density_450m_20260818.pmtiles""}]",regulated_facilities,DECLARED_DISPLAY_ASSET_NOT_VERIFIED_AS_COMPLETE_RAW_SOURCE,verify_source_contract_then_register_reader,"Match this declared display asset to a versioned raw artifact or bounded RPC; verify license, observed/obtained time, nulls, coverage, and geometry before creating a shared reader.",NONE_YET
evIsland,taiwan_gis,能源 Energy,unknown_or_unavailable,READER_PENDING,manifest-asset:pmtiles:./coverage/taiwan_ev_nearest.pmtiles,display_asset_or_unresolved_only_raw_family_unverified,NOT_VERIFIED,"[{""kind"":""pmtiles"",""path"":""./coverage/taiwan_ev_nearest.pmtiles""}]",,DECLARED_DISPLAY_ASSET_NOT_VERIFIED_AS_COMPLETE_RAW_SOURCE,verify_source_contract_then_register_reader,"Match this declared display asset to a versioned raw artifact or bounded RPC; verify license, observed/obtained time, nulls, coverage, and geometry before creating a shared reader.",NONE_YET
noiseCaptureGrid,taiwan_gis,環境氣候 Environment,unknown_or_unavailable,READER_PENDING,manifest-asset:pmtiles:./environment/noise_capture_grid.pmtiles|pmtiles:./environment/noise_capture_grid.pmtiles|pmtiles:./environment/noise_capture_grid.pmtiles,display_asset_or_unresolved_only_raw_family_unverified,NOT_VERIFIED,"[{""kind"":""pmtiles"",""path"":""./environment/noise_capture_grid.pmtiles""},{""kind"":""pmtiles"",""path"":""./environment/noise_capture_grid.pmtiles""},{""kind"":""pmtiles"",""path"":""./environment/noise_capture_grid.pmtiles""}]",noise_capture_grid,DECLARED_DISPLAY_ASSET_NOT_VERIFIED_AS_COMPLETE_RAW_SOURCE,verify_source_contract_then_register_reader,"Match this declared display asset to a versioned raw artifact or bounded RPC; verify license, observed/obtained time, nulls, coverage, and geometry before creating a shared reader.",NONE_YET
noiseControlZones,taiwan_gis,環境氣候 Environment,unknown_or_unavailable,READER_PENDING,manifest-asset:pmtiles:./environment/noise_control_zones.pmtiles,display_asset_or_unresolved_only_raw_family_unverified,NOT_VERIFIED,"[{""kind"":""pmtiles"",""path"":""./environment/noise_control_zones.pmtiles""}]",noise_control_zones,DECLARED_DISPLAY_ASSET_NOT_VERIFIED_AS_COMPLETE_RAW_SOURCE,verify_source_contract_then_register_reader,"Match this declared display asset to a versioned raw artifact or bounded RPC; verify license, observed/obtained time, nulls, coverage, and geometry before creating a shared reader.",NONE_YET
urbanHeat,taiwan_gis,環境氣候 Environment,unknown_or_unavailable,READER_PENDING,manifest-asset:pmtiles:./environment/urban_heat_lst_taiwan.pmtiles,display_asset_or_unresolved_only_raw_family_unverified,NOT_VERIFIED,"[{""kind"":""pmtiles"",""path"":""./environment/urban_heat_lst_taiwan.pmtiles""}]",urban_heat_lst,DECLARED_DISPLAY_ASSET_NOT_VERIFIED_AS_COMPLETE_RAW_SOURCE,verify_source_contract_then_register_reader,"Match this declared display asset to a versioned raw artifact or bounded RPC; verify license, observed/obtained time, nulls, coverage, and geometry before creating a shared reader.",NONE_YET
aquacultureIntegrated,taiwan_gis,農業 Agriculture,unknown_or_unavailable,READER_PENDING,manifest-asset:pmtiles:./fishery/aquaculture_integrated.pmtiles,display_asset_or_unresolved_only_raw_family_unverified,NOT_VERIFIED,"[{""kind"":""pmtiles"",""path"":""./fishery/aquaculture_integrated.pmtiles""}]",,DECLARED_DISPLAY_ASSET_NOT_VERIFIED_AS_COMPLETE_RAW_SOURCE,verify_source_contract_then_register_reader,"Match this declared display asset to a versioned raw artifact or bounded RPC; verify license, observed/obtained time, nulls, coverage, and geometry before creating a shared reader.",NONE_YET
aquaculturePonds,taiwan_gis,農業 Agriculture,unknown_or_unavailable,READER_PENDING,manifest-asset:pmtiles:./fishery/aquaculture_ponds_osm.pmtiles,display_asset_or_unresolved_only_raw_family_unverified,NOT_VERIFIED,"[{""kind"":""pmtiles"",""path"":""./fishery/aquaculture_ponds_osm.pmtiles""}]",aquaculture_ponds_osm,DECLARED_DISPLAY_ASSET_NOT_VERIFIED_AS_COMPLETE_RAW_SOURCE,verify_source_contract_then_register_reader,"Match this declared display asset to a versioned raw artifact or bounded RPC; verify license, observed/obtained time, nulls, coverage, and geometry before creating a shared reader.",NONE_YET
aquacultureWaterUnion,taiwan_gis,農業 Agriculture,unknown_or_unavailable,READER_PENDING,manifest-asset:pmtiles:./fishery/aquaculture_water_sat_union.pmtiles,display_asset_or_unresolved_only_raw_family_unverified,NOT_VERIFIED,"[{""kind"":""pmtiles"",""path"":""./fishery/aquaculture_water_sat_union.pmtiles""}]",aquaculture_water_sat_union,DECLARED_DISPLAY_ASSET_NOT_VERIFIED_AS_COMPLETE_RAW_SOURCE,verify_source_contract_then_register_reader,"Match this declared display asset to a versioned raw artifact or bounded RPC; verify license, observed/obtained time, nulls, coverage, and geometry before creating a shared reader.",NONE_YET
aquacultureWaterSatelliteMoa,taiwan_gis,農業 Agriculture,unknown_or_unavailable,READER_PENDING,manifest-asset:pmtiles:./fishery/aquaculture_water_satellite_moa.pmtiles,display_asset_or_unresolved_only_raw_family_unverified,NOT_VERIFIED,"[{""kind"":""pmtiles"",""path"":""./fishery/aquaculture_water_satellite_moa.pmtiles""}]",aquaculture_water_satellite_moa,DECLARED_DISPLAY_ASSET_NOT_VERIFIED_AS_COMPLETE_RAW_SOURCE,verify_source_contract_then_register_reader,"Match this declared display asset to a versioned raw artifact or bounded RPC; verify license, observed/obtained time, nulls, coverage, and geometry before creating a shared reader.",NONE_YET
aquacultureWaterSatellite,taiwan_gis,農業 Agriculture,unknown_or_unavailable,READER_PENDING,manifest-asset:pmtiles:./fishery/aquaculture_water_satellite.pmtiles,display_asset_or_unresolved_only_raw_family_unverified,NOT_VERIFIED,"[{""kind"":""pmtiles"",""path"":""./fishery/aquaculture_water_satellite.pmtiles""}]",aquaculture_water_satellite,DECLARED_DISPLAY_ASSET_NOT_VERIFIED_AS_COMPLETE_RAW_SOURCE,verify_source_contract_then_register_reader,"Match this declared display asset to a versioned raw artifact or bounded RPC; verify license, observed/obtained time, nulls, coverage, and geometry before creating a shared reader.",NONE_YET
canopyHeight,taiwan_gis,林業 Forestry,unknown_or_unavailable,READER_PENDING,manifest-asset:pmtiles:./forestry/canopy_height_rgb_taiwan.pmtiles,display_asset_or_unresolved_only_raw_family_unverified,NOT_VERIFIED,"[{""kind"":""pmtiles"",""path"":""./forestry/canopy_height_rgb_taiwan.pmtiles""}]",canopy_height_meta,DECLARED_DISPLAY_ASSET_NOT_VERIFIED_AS_COMPLETE_RAW_SOURCE,verify_source_contract_then_register_reader,"Match this declared display asset to a versioned raw artifact or bounded RPC; verify license, observed/obtained time, nulls, coverage, and geometry before creating a shared reader.",NONE_YET
forestCompartments,taiwan_gis,林業 Forestry,unknown_or_unavailable,READER_PENDING,manifest-asset:pmtiles:./forestry/national_forest_compartments.pmtiles,display_asset_or_unresolved_only_raw_family_unverified,NOT_VERIFIED,"[{""kind"":""pmtiles"",""path"":""./forestry/national_forest_compartments.pmtiles""}]",national_forest_compartments,DECLARED_DISPLAY_ASSET_NOT_VERIFIED_AS_COMPLETE_RAW_SOURCE,verify_source_contract_then_register_reader,"Match this declared display asset to a versioned raw artifact or bounded RPC; verify license, observed/obtained time, nulls, coverage, and geometry before creating a shared reader.",NONE_YET
highways,taiwan_gis,交通 Move,unknown_or_unavailable,READER_PENDING,manifest-asset:pmtiles:./geo/national_highway.pmtiles,display_asset_or_unresolved_only_raw_family_unverified,NOT_VERIFIED,"[{""kind"":""pmtiles"",""path"":""./geo/national_highway.pmtiles""}]",freeway,DECLARED_DISPLAY_ASSET_NOT_VERIFIED_AS_COMPLETE_RAW_SOURCE,verify_source_contract_then_register_reader,"Match this declared display asset to a versioned raw artifact or bounded RPC; verify license, observed/obtained time, nulls, coverage, and geometry before creating a shared reader.",NONE_YET
provincialRoads,taiwan_gis,交通 Move,unknown_or_unavailable,READER_PENDING,manifest-asset:pmtiles:./geo/provincial_road.pmtiles,display_asset_or_unresolved_only_raw_family_unverified,NOT_VERIFIED,"[{""kind"":""pmtiles"",""path"":""./geo/provincial_road.pmtiles""}]",road,DECLARED_DISPLAY_ASSET_NOT_VERIFIED_AS_COMPLETE_RAW_SOURCE,verify_source_contract_then_register_reader,"Match this declared display asset to a versioned raw artifact or bounded RPC; verify license, observed/obtained time, nulls, coverage, and geometry before creating a shared reader.",NONE_YET
waterCanals,taiwan_gis,水資源 Water,unknown_or_unavailable,READER_PENDING,manifest-asset:pmtiles:./geo/water_canals.pmtiles,display_asset_or_unresolved_only_raw_family_unverified,NOT_VERIFIED,"[{""kind"":""pmtiles"",""path"":""./geo/water_canals.pmtiles""}]",irrigation_canals,DECLARED_DISPLAY_ASSET_NOT_VERIFIED_AS_COMPLETE_RAW_SOURCE,verify_source_contract_then_register_reader,"Match this declared display asset to a versioned raw artifact or bounded RPC; verify license, observed/obtained time, nulls, coverage, and geometry before creating a shared reader.",NONE_YET
waterFloodExtreme,taiwan_gis,水資源 Water,unknown_or_unavailable,READER_PENDING,manifest-asset:pmtiles:./geo/water_flood_extreme.pmtiles,display_asset_or_unresolved_only_raw_family_unverified,NOT_VERIFIED,"[{""kind"":""pmtiles"",""path"":""./geo/water_flood_extreme.pmtiles""}]",flood_hazard_wra,DECLARED_DISPLAY_ASSET_NOT_VERIFIED_AS_COMPLETE_RAW_SOURCE,verify_source_contract_then_register_reader,"Match this declared display asset to a versioned raw artifact or bounded RPC; verify license, observed/obtained time, nulls, coverage, and geometry before creating a shared reader.",NONE_YET
waterLevees,taiwan_gis,水資源 Water,unknown_or_unavailable,READER_PENDING,manifest-asset:pmtiles:./geo/water_levees.pmtiles,display_asset_or_unresolved_only_raw_family_unverified,NOT_VERIFIED,"[{""kind"":""pmtiles"",""path"":""./geo/water_levees.pmtiles""}]",river_levees_wra,DECLARED_DISPLAY_ASSET_NOT_VERIFIED_AS_COMPLETE_RAW_SOURCE,verify_source_contract_then_register_reader,"Match this declared display asset to a versioned raw artifact or bounded RPC; verify license, observed/obtained time, nulls, coverage, and geometry before creating a shared reader.",NONE_YET
waterRivers,taiwan_gis,水資源 Water,unknown_or_unavailable,READER_PENDING,manifest-asset:pmtiles:./geo/water_river_polygons.pmtiles|pmtiles:./geo/water_rivers.pmtiles,display_asset_or_unresolved_only_raw_family_unverified,NOT_VERIFIED,"[{""kind"":""pmtiles"",""path"":""./geo/water_river_polygons.pmtiles""},{""kind"":""pmtiles"",""path"":""./geo/water_rivers.pmtiles""}]",river_polygons_wra,DECLARED_DISPLAY_ASSET_NOT_VERIFIED_AS_COMPLETE_RAW_SOURCE,verify_source_contract_then_register_reader,"Match this declared display asset to a versioned raw artifact or bounded RPC; verify license, observed/obtained time, nulls, coverage, and geometry before creating a shared reader.",NONE_YET
industrialParkBoundaries,taiwan_gis,工商登記 Business Registry,unknown_or_unavailable,READER_PENDING,manifest-asset:pmtiles:./industrial_zone/industrial_park_boundaries_20260818.pmtiles,display_asset_or_unresolved_only_raw_family_unverified,NOT_VERIFIED,"[{""kind"":""pmtiles"",""path"":""./industrial_zone/industrial_park_boundaries_20260818.pmtiles""}]",industrial_park_boundaries,DECLARED_DISPLAY_ASSET_NOT_VERIFIED_AS_COMPLETE_RAW_SOURCE,verify_source_contract_then_register_reader,"Match this declared display asset to a versioned raw artifact or bounded RPC; verify license, observed/obtained time, nulls, coverage, and geometry before creating a shared reader.",NONE_YET
courtJurisdiction,taiwan_gis,執法治安 Law & Order,unknown_or_unavailable,READER_PENDING,manifest-asset:pmtiles:./police_justice/court_jurisdictions/court_jurisdictions.pmtiles,display_asset_or_unresolved_only_raw_family_unverified,NOT_VERIFIED,"[{""kind"":""pmtiles"",""path"":""./police_justice/court_jurisdictions/court_jurisdictions.pmtiles""}]",court_jurisdictions,DECLARED_DISPLAY_ASSET_NOT_VERIFIED_AS_COMPLETE_RAW_SOURCE,verify_source_contract_then_register_reader,"Match this declared display asset to a versioned raw artifact or bounded RPC; verify license, observed/obtained time, nulls, coverage, and geometry before creating a shared reader.",NONE_YET
crimeAreaMonthly,taiwan_gis,執法治安 Law & Order,unknown_or_unavailable,READER_PENDING,manifest-asset:pmtiles:./police_justice/crime_area_monthly/crime_area_monthly.pmtiles,display_asset_or_unresolved_only_raw_family_unverified,NOT_VERIFIED,"[{""kind"":""pmtiles"",""path"":""./police_justice/crime_area_monthly/crime_area_monthly.pmtiles""}]",crime_area_monthly,DECLARED_DISPLAY_ASSET_NOT_VERIFIED_AS_COMPLETE_RAW_SOURCE,verify_source_contract_then_register_reader,"Match this declared display asset to a versioned raw artifact or bounded RPC; verify license, observed/obtained time, nulls, coverage, and geometry before creating a shared reader.",NONE_YET
buildingsGba,taiwan_gis,底圖 Base Map,unknown_or_unavailable,READER_PENDING,manifest-asset:pmtiles:./urban/buildings_value_taiwan.pmtiles,display_asset_or_unresolved_only_raw_family_unverified,NOT_VERIFIED,"[{""kind"":""pmtiles"",""path"":""./urban/buildings_value_taiwan.pmtiles""}]",buildings_3d_gba,DECLARED_DISPLAY_ASSET_NOT_VERIFIED_AS_COMPLETE_RAW_SOURCE,verify_source_contract_then_register_reader,"Match this declared display asset to a versioned raw artifact or bounded RPC; verify license, observed/obtained time, nulls, coverage, and geometry before creating a shared reader.",NONE_YET
nonUrbanZoning,taiwan_gis,底圖 Base Map,unknown_or_unavailable,READER_PENDING,manifest-asset:pmtiles:./urban/non_urban_zoning.pmtiles,display_asset_or_unresolved_only_raw_family_unverified,NOT_VERIFIED,"[{""kind"":""pmtiles"",""path"":""./urban/non_urban_zoning.pmtiles""}]",non_urban_zoning,DECLARED_DISPLAY_ASSET_NOT_VERIFIED_AS_COMPLETE_RAW_SOURCE,verify_source_contract_then_register_reader,"Match this declared display asset to a versioned raw artifact or bounded RPC; verify license, observed/obtained time, nulls, coverage, and geometry before creating a shared reader.",NONE_YET
propertyValueGrid,taiwan_gis,房地產 Real Estate,unknown_or_unavailable,READER_PENDING,manifest-asset:pmtiles:./urban/property_value_grid_1500m.pmtiles|pmtiles:./urban/property_value_grid_150m.pmtiles|pmtiles:./urban/property_value_grid_450m.pmtiles,display_asset_or_unresolved_only_raw_family_unverified,NOT_VERIFIED,"[{""kind"":""pmtiles"",""path"":""./urban/property_value_grid_1500m.pmtiles""},{""kind"":""pmtiles"",""path"":""./urban/property_value_grid_150m.pmtiles""},{""kind"":""pmtiles"",""path"":""./urban/property_value_grid_450m.pmtiles""}]",,DECLARED_DISPLAY_ASSET_NOT_VERIFIED_AS_COMPLETE_RAW_SOURCE,verify_source_contract_then_register_reader,"Match this declared display asset to a versioned raw artifact or bounded RPC; verify license, observed/obtained time, nulls, coverage, and geometry before creating a shared reader.",NONE_YET
streetTreesTaipei3epoch,taiwan_gis,環境氣候 Environment,unknown_or_unavailable,READER_PENDING,manifest-asset:pmtiles:./urban/street_trees_taipei_3epoch.pmtiles,display_asset_or_unresolved_only_raw_family_unverified,NOT_VERIFIED,"[{""kind"":""pmtiles"",""path"":""./urban/street_trees_taipei_3epoch.pmtiles""}]",street_trees_taipei_3epoch,DECLARED_DISPLAY_ASSET_NOT_VERIFIED_AS_COMPLETE_RAW_SOURCE,verify_source_contract_then_register_reader,"Match this declared display asset to a versioned raw artifact or bounded RPC; verify license, observed/obtained time, nulls, coverage, and geometry before creating a shared reader.",NONE_YET
urbanFormGrid,taiwan_gis,都市分析 Urban Analysis,unknown_or_unavailable,READER_PENDING,manifest-asset:pmtiles:./urban/urban_form_grid_500m.pmtiles,display_asset_or_unresolved_only_raw_family_unverified,NOT_VERIFIED,"[{""kind"":""pmtiles"",""path"":""./urban/urban_form_grid_500m.pmtiles""}]",urban_form_grid,DECLARED_DISPLAY_ASSET_NOT_VERIFIED_AS_COMPLETE_RAW_SOURCE,verify_source_contract_then_register_reader,"Match this declared display asset to a versioned raw artifact or bounded RPC; verify license, observed/obtained time, nulls, coverage, and geometry before creating a shared reader.",NONE_YET
urbanZoningNewTaipei,taiwan_gis,底圖 Base Map,unknown_or_unavailable,READER_PENDING,manifest-asset:pmtiles:./urban/urban_zoning_newtaipei.pmtiles,display_asset_or_unresolved_only_raw_family_unverified,NOT_VERIFIED,"[{""kind"":""pmtiles"",""path"":""./urban/urban_zoning_newtaipei.pmtiles""}]",urban_zoning_newtaipei,DECLARED_DISPLAY_ASSET_NOT_VERIFIED_AS_COMPLETE_RAW_SOURCE,verify_source_contract_then_register_reader,"Match this declared display asset to a versioned raw artifact or bounded RPC; verify license, observed/obtained time, nulls, coverage, and geometry before creating a shared reader.",NONE_YET
lakesPondsOsm,taiwan_gis,水資源 Water,unknown_or_unavailable,READER_PENDING,manifest-asset:pmtiles:./water_resources/lakes_ponds_osm.pmtiles,display_asset_or_unresolved_only_raw_family_unverified,NOT_VERIFIED,"[{""kind"":""pmtiles"",""path"":""./water_resources/lakes_ponds_osm.pmtiles""}]",lakes_ponds_osm,DECLARED_DISPLAY_ASSET_NOT_VERIFIED_AS_COMPLETE_RAW_SOURCE,verify_source_contract_then_register_reader,"Match this declared display asset to a versioned raw artifact or bounded RPC; verify license, observed/obtained time, nulls, coverage, and geometry before creating a shared reader.",NONE_YET
a1AccidentRealtime,taiwan_gis,執法治安 Law & Order,unknown_or_unavailable,SOURCE_MISSING,unresolved:no-declared-artifact:a1AccidentRealtime,display_asset_or_unresolved_only_raw_family_unverified,NOT_VERIFIED,NOT_VERIFIED,traffic_accident,NO_DECLARED_RAW_ARTIFACT_OR_RPC_RECEIPT,find_raw_artifact_or_bounded_rpc,"Find the owning raw artifact/RPC and its version, license, freshness, null policy, and geometry contract; keep this layer ungrouped until then.",NONE_YET
animalAdoption,taiwan_gis,動物福利 Animal Welfare,unknown_or_unavailable,SOURCE_MISSING,unresolved:no-declared-artifact:animalAdoption,display_asset_or_unresolved_only_raw_family_unverified,NOT_VERIFIED,NOT_VERIFIED,animal_adoption,NO_DECLARED_RAW_ARTIFACT_OR_RPC_RECEIPT,find_raw_artifact_or_bounded_rpc,"Find the owning raw artifact/RPC and its version, license, freshness, null policy, and geometry contract; keep this layer ungrouped until then.",NONE_YET
animalShelterPressure,taiwan_gis,動物福利 Animal Welfare,unknown_or_unavailable,SOURCE_MISSING,unresolved:no-declared-artifact:animalShelterPressure,display_asset_or_unresolved_only_raw_family_unverified,NOT_VERIFIED,NOT_VERIFIED,animal_shelter_outcomes_monthly|animal_shelter_pressure_monthly,NO_DECLARED_RAW_ARTIFACT_OR_RPC_RECEIPT,find_raw_artifact_or_bounded_rpc,"Find the owning raw artifact/RPC and its version, license, freshness, null policy, and geometry contract; keep this layer ungrouped until then.",NONE_YET
animalWelfarePoints,taiwan_gis,動物福利 Animal Welfare,unknown_or_unavailable,SOURCE_MISSING,unresolved:no-declared-artifact:animalWelfarePoints,display_asset_or_unresolved_only_raw_family_unverified,NOT_VERIFIED,NOT_VERIFIED,animal_service_points,NO_DECLARED_RAW_ARTIFACT_OR_RPC_RECEIPT,find_raw_artifact_or_bounded_rpc,"Find the owning raw artifact/RPC and its version, license, freshness, null policy, and geometry contract; keep this layer ungrouped until then.",NONE_YET
coalTerminal,taiwan_gis,能源 Energy,unknown_or_unavailable,SOURCE_MISSING,unresolved:no-declared-artifact:coalTerminal,display_asset_or_unresolved_only_raw_family_unverified,NOT_VERIFIED,NOT_VERIFIED,gem_coal_terminals,NO_DECLARED_RAW_ARTIFACT_OR_RPC_RECEIPT,find_raw_artifact_or_bounded_rpc,"Find the owning raw artifact/RPC and its version, license, freshness, null policy, and geometry contract; keep this layer ungrouped until then.",NONE_YET
earthquakes,taiwan_gis,災害 Hazard,unknown_or_unavailable,SOURCE_MISSING,unresolved:no-declared-artifact:earthquakes,display_asset_or_unresolved_only_raw_family_unverified,NOT_VERIFIED,NOT_VERIFIED,earthquake,NO_DECLARED_RAW_ARTIFACT_OR_RPC_RECEIPT,find_raw_artifact_or_bounded_rpc,"Find the owning raw artifact/RPC and its version, license, freshness, null policy, and geometry contract; keep this layer ungrouped until then.",NONE_YET
erHospital,taiwan_gis,醫療 Medical,unknown_or_unavailable,SOURCE_MISSING,unresolved:no-declared-artifact:erHospital,display_asset_or_unresolved_only_raw_family_unverified,NOT_VERIFIED,NOT_VERIFIED,,NO_DECLARED_RAW_ARTIFACT_OR_RPC_RECEIPT,find_raw_artifact_or_bounded_rpc,"Find the owning raw artifact/RPC and its version, license, freshness, null policy, and geometry contract; keep this layer ungrouped until then.",NONE_YET
facOffshore,taiwan_gis,ORPHAN_NO_UI_SECTION,unknown_or_unavailable,SOURCE_MISSING,unresolved:no-declared-artifact:facOffshore,display_asset_or_unresolved_only_raw_family_unverified,NOT_VERIFIED,NOT_VERIFIED,,NO_DECLARED_RAW_ARTIFACT_OR_RPC_RECEIPT,find_raw_artifact_or_bounded_rpc,"Find the owning raw artifact/RPC and its version, license, freshness, null policy, and geometry contract; keep this layer ungrouped until then.",NONE_YET
fireIsochrone,taiwan_gis,消防 Fire & Rescue,unknown_or_unavailable,SOURCE_MISSING,unresolved:no-declared-artifact:fireIsochrone,display_asset_or_unresolved_only_raw_family_unverified,NOT_VERIFIED,NOT_VERIFIED,,NO_DECLARED_RAW_ARTIFACT_OR_RPC_RECEIPT,find_raw_artifact_or_bounded_rpc,"Find the owning raw artifact/RPC and its version, license, freshness, null policy, and geometry contract; keep this layer ungrouped until then.",NONE_YET
flights,taiwan_gis,交通 Move,unknown_or_unavailable,SOURCE_MISSING,unresolved:no-declared-artifact:flights,display_asset_or_unresolved_only_raw_family_unverified,NOT_VERIFIED,NOT_VERIFIED,opensky_flights,NO_DECLARED_RAW_ARTIFACT_OR_RPC_RECEIPT,find_raw_artifact_or_bounded_rpc,"Find the owning raw artifact/RPC and its version, license, freshness, null policy, and geometry contract; keep this layer ungrouped until then.",NONE_YET
forestReserve,taiwan_gis,林業 Forestry,unknown_or_unavailable,SOURCE_MISSING,unresolved:no-declared-artifact:forestReserve,display_asset_or_unresolved_only_raw_family_unverified,NOT_VERIFIED,NOT_VERIFIED,forest_reserve,NO_DECLARED_RAW_ARTIFACT_OR_RPC_RECEIPT,find_raw_artifact_or_bounded_rpc,"Find the owning raw artifact/RPC and its version, license, freshness, null policy, and geometry contract; keep this layer ungrouped until then.",NONE_YET
fossilFuelInfra,taiwan_gis,能源 Energy,unknown_or_unavailable,SOURCE_MISSING,unresolved:no-declared-artifact:fossilFuelInfra,display_asset_or_unresolved_only_raw_family_unverified,NOT_VERIFIED,NOT_VERIFIED,gem_coal_plants,NO_DECLARED_RAW_ARTIFACT_OR_RPC_RECEIPT,find_raw_artifact_or_bounded_rpc,"Find the owning raw artifact/RPC and its version, license, freshness, null policy, and geometry contract; keep this layer ungrouped until then.",NONE_YET
groundwater,taiwan_gis,水資源 Water,unknown_or_unavailable,SOURCE_MISSING,unresolved:no-declared-artifact:groundwater,display_asset_or_unresolved_only_raw_family_unverified,NOT_VERIFIED,NOT_VERIFIED,groundwater_wells,NO_DECLARED_RAW_ARTIFACT_OR_RPC_RECEIPT,find_raw_artifact_or_bounded_rpc,"Find the owning raw artifact/RPC and its version, license, freshness, null policy, and geometry contract; keep this layer ungrouped until then.",NONE_YET
indicators,taiwan_gis,人口社經 People,unknown_or_unavailable,SOURCE_MISSING,unresolved:no-declared-artifact:indicators,display_asset_or_unresolved_only_raw_family_unverified,NOT_VERIFIED,NOT_VERIFIED,county_indicators_yearly,NO_DECLARED_RAW_ARTIFACT_OR_RPC_RECEIPT,find_raw_artifact_or_bounded_rpc,"Find the owning raw artifact/RPC and its version, license, freshness, null policy, and geometry contract; keep this layer ungrouped until then.",NONE_YET
industrialPowerPlant,taiwan_gis,能源 Energy,unknown_or_unavailable,SOURCE_MISSING,unresolved:no-declared-artifact:industrialPowerPlant,display_asset_or_unresolved_only_raw_family_unverified,NOT_VERIFIED,NOT_VERIFIED,osm_fossil_power_plants,NO_DECLARED_RAW_ARTIFACT_OR_RPC_RECEIPT,find_raw_artifact_or_bounded_rpc,"Find the owning raw artifact/RPC and its version, license, freshness, null policy, and geometry contract; keep this layer ungrouped until then.",NONE_YET
industrialRefinery,taiwan_gis,能源 Energy,unknown_or_unavailable,SOURCE_MISSING,unresolved:no-declared-artifact:industrialRefinery,display_asset_or_unresolved_only_raw_family_unverified,NOT_VERIFIED,NOT_VERIFIED,osm_refineries,NO_DECLARED_RAW_ARTIFACT_OR_RPC_RECEIPT,find_raw_artifact_or_bounded_rpc,"Find the owning raw artifact/RPC and its version, license, freshness, null policy, and geometry contract; keep this layer ungrouped until then.",NONE_YET
industrialStorageTank,taiwan_gis,能源 Energy,unknown_or_unavailable,SOURCE_MISSING,unresolved:no-declared-artifact:industrialStorageTank,display_asset_or_unresolved_only_raw_family_unverified,NOT_VERIFIED,NOT_VERIFIED,osm_storage_tanks_oil_gas,NO_DECLARED_RAW_ARTIFACT_OR_RPC_RECEIPT,find_raw_artifact_or_bounded_rpc,"Find the owning raw artifact/RPC and its version, license, freshness, null policy, and geometry contract; keep this layer ungrouped until then.",NONE_YET
iotWraRiver,taiwan_gis,水資源 Water,unknown_or_unavailable,SOURCE_MISSING,unresolved:no-declared-artifact:iotWraRiver,display_asset_or_unresolved_only_raw_family_unverified,NOT_VERIFIED,NOT_VERIFIED,river_water_level_realtime,NO_DECLARED_RAW_ARTIFACT_OR_RPC_RECEIPT,find_raw_artifact_or_bounded_rpc,"Find the owning raw artifact/RPC and its version, license, freshness, null policy, and geometry contract; keep this layer ungrouped until then.",NONE_YET
iotWraStructure,taiwan_gis,水資源 Water,unknown_or_unavailable,SOURCE_MISSING,unresolved:no-declared-artifact:iotWraStructure,display_asset_or_unresolved_only_raw_family_unverified,NOT_VERIFIED,NOT_VERIFIED,dam_weirs_wra,NO_DECLARED_RAW_ARTIFACT_OR_RPC_RECEIPT,find_raw_artifact_or_bounded_rpc,"Find the owning raw artifact/RPC and its version, license, freshness, null policy, and geometry contract; keep this layer ungrouped until then.",NONE_YET
islandPowerGrid,taiwan_gis,ORPHAN_NO_UI_SECTION,unknown_or_unavailable,SOURCE_MISSING,unresolved:no-declared-artifact:islandPowerGrid,display_asset_or_unresolved_only_raw_family_unverified,NOT_VERIFIED,NOT_VERIFIED,,NO_DECLARED_RAW_ARTIFACT_OR_RPC_RECEIPT,find_raw_artifact_or_bounded_rpc,"Find the owning raw artifact/RPC and its version, license, freshness, null policy, and geometry contract; keep this layer ungrouped until then.",NONE_YET
librarySeats,taiwan_gis,文化 Culture,unknown_or_unavailable,SOURCE_MISSING,unresolved:no-declared-artifact:librarySeats,display_asset_or_unresolved_only_raw_family_unverified,NOT_VERIFIED,NOT_VERIFIED,,NO_DECLARED_RAW_ARTIFACT_OR_RPC_RECEIPT,find_raw_artifact_or_bounded_rpc,"Find the owning raw artifact/RPC and its version, license, freshness, null policy, and geometry contract; keep this layer ungrouped until then.",NONE_YET
lightning,taiwan_gis,災害 Hazard,unknown_or_unavailable,SOURCE_MISSING,unresolved:no-declared-artifact:lightning,display_asset_or_unresolved_only_raw_family_unverified,NOT_VERIFIED,NOT_VERIFIED,lightning_taipower,NO_DECLARED_RAW_ARTIFACT_OR_RPC_RECEIPT,find_raw_artifact_or_bounded_rpc,"Find the owning raw artifact/RPC and its version, license, freshness, null policy, and geometry contract; keep this layer ungrouped until then.",NONE_YET
lightningCwa,taiwan_gis,災害 Hazard,unknown_or_unavailable,SOURCE_MISSING,unresolved:no-declared-artifact:lightningCwa,display_asset_or_unresolved_only_raw_family_unverified,NOT_VERIFIED,NOT_VERIFIED,lightning_cwa,NO_DECLARED_RAW_ARTIFACT_OR_RPC_RECEIPT,find_raw_artifact_or_bounded_rpc,"Find the owning raw artifact/RPC and its version, license, freshness, null policy, and geometry contract; keep this layer ungrouped until then.",NONE_YET
lngTerminal,taiwan_gis,能源 Energy,unknown_or_unavailable,SOURCE_MISSING,unresolved:no-declared-artifact:lngTerminal,display_asset_or_unresolved_only_raw_family_unverified,NOT_VERIFIED,NOT_VERIFIED,gem_lng_terminals_tw,NO_DECLARED_RAW_ARTIFACT_OR_RPC_RECEIPT,find_raw_artifact_or_bounded_rpc,"Find the owning raw artifact/RPC and its version, license, freshness, null policy, and geometry contract; keep this layer ungrouped until then.",NONE_YET
marineObservationCwa,taiwan_gis,水資源 Water,unknown_or_unavailable,SOURCE_MISSING,unresolved:no-declared-artifact:marineObservationCwa,display_asset_or_unresolved_only_raw_family_unverified,NOT_VERIFIED,NOT_VERIFIED,,NO_DECLARED_RAW_ARTIFACT_OR_RPC_RECEIPT,find_raw_artifact_or_bounded_rpc,"Find the owning raw artifact/RPC and its version, license, freshness, null policy, and geometry contract; keep this layer ungrouped until then.",NONE_YET
marineObservationIsohe,taiwan_gis,水資源 Water,unknown_or_unavailable,SOURCE_MISSING,unresolved:no-declared-artifact:marineObservationIsohe,display_asset_or_unresolved_only_raw_family_unverified,NOT_VERIFIED,NOT_VERIFIED,,NO_DECLARED_RAW_ARTIFACT_OR_RPC_RECEIPT,find_raw_artifact_or_bounded_rpc,"Find the owning raw artifact/RPC and its version, license, freshness, null policy, and geometry contract; keep this layer ungrouped until then.",NONE_YET
medICUBeds,taiwan_gis,ORPHAN_NO_UI_SECTION,unknown_or_unavailable,SOURCE_MISSING,unresolved:no-declared-artifact:medICUBeds,display_asset_or_unresolved_only_raw_family_unverified,NOT_VERIFIED,NOT_VERIFIED,,NO_DECLARED_RAW_ARTIFACT_OR_RPC_RECEIPT,find_raw_artifact_or_bounded_rpc,"Find the owning raw artifact/RPC and its version, license, freshness, null policy, and geometry contract; keep this layer ungrouped until then.",NONE_YET
nuclearRadiation,taiwan_gis,災害 Hazard,unknown_or_unavailable,SOURCE_MISSING,unresolved:no-declared-artifact:nuclearRadiation,display_asset_or_unresolved_only_raw_family_unverified,NOT_VERIFIED,NOT_VERIFIED,nuclear_radiation_taipower,NO_DECLARED_RAW_ARTIFACT_OR_RPC_RECEIPT,find_raw_artifact_or_bounded_rpc,"Find the owning raw artifact/RPC and its version, license, freshness, null policy, and geometry contract; keep this layer ungrouped until then.",NONE_YET
offshoreWindZones,taiwan_gis,能源 Energy,unknown_or_unavailable,SOURCE_MISSING,unresolved:no-declared-artifact:offshoreWindZones,display_asset_or_unresolved_only_raw_family_unverified,NOT_VERIFIED,NOT_VERIFIED,offshore_wind_zones,NO_DECLARED_RAW_ARTIFACT_OR_RPC_RECEIPT,find_raw_artifact_or_bounded_rpc,"Find the owning raw artifact/RPC and its version, license, freshness, null policy, and geometry contract; keep this layer ungrouped until then.",NONE_YET
osmPowerPlantsStatic,taiwan_gis,ORPHAN_NO_UI_SECTION,unknown_or_unavailable,SOURCE_MISSING,unresolved:no-declared-artifact:osmPowerPlantsStatic,display_asset_or_unresolved_only_raw_family_unverified,NOT_VERIFIED,NOT_VERIFIED,,NO_DECLARED_RAW_ARTIFACT_OR_RPC_RECEIPT,find_raw_artifact_or_bounded_rpc,"Find the owning raw artifact/RPC and its version, license, freshness, null policy, and geometry contract; keep this layer ungrouped until then.",NONE_YET
osmSolarFarms,taiwan_gis,ORPHAN_NO_UI_SECTION,unknown_or_unavailable,SOURCE_MISSING,unresolved:no-declared-artifact:osmSolarFarms,display_asset_or_unresolved_only_raw_family_unverified,NOT_VERIFIED,NOT_VERIFIED,,NO_DECLARED_RAW_ARTIFACT_OR_RPC_RECEIPT,find_raw_artifact_or_bounded_rpc,"Find the owning raw artifact/RPC and its version, license, freshness, null policy, and geometry contract; keep this layer ungrouped until then.",NONE_YET
parkingOffstreet,taiwan_gis,交通 Move,unknown_or_unavailable,SOURCE_MISSING,unresolved:no-declared-artifact:parkingOffstreet,display_asset_or_unresolved_only_raw_family_unverified,NOT_VERIFIED,NOT_VERIFIED,,NO_DECLARED_RAW_ARTIFACT_OR_RPC_RECEIPT,find_raw_artifact_or_bounded_rpc,"Find the owning raw artifact/RPC and its version, license, freshness, null policy, and geometry contract; keep this layer ungrouped until then.",NONE_YET
parkingOnstreet,taiwan_gis,交通 Move,unknown_or_unavailable,SOURCE_MISSING,unresolved:no-declared-artifact:parkingOnstreet,display_asset_or_unresolved_only_raw_family_unverified,NOT_VERIFIED,NOT_VERIFIED,,NO_DECLARED_RAW_ARTIFACT_OR_RPC_RECEIPT,find_raw_artifact_or_bounded_rpc,"Find the owning raw artifact/RPC and its version, license, freshness, null policy, and geometry contract; keep this layer ungrouped until then.",NONE_YET
pipelineGas,taiwan_gis,能源 Energy,unknown_or_unavailable,SOURCE_MISSING,unresolved:no-declared-artifact:pipelineGas,display_asset_or_unresolved_only_raw_family_unverified,NOT_VERIFIED,NOT_VERIFIED,gem_gas_pipelines_tw,NO_DECLARED_RAW_ARTIFACT_OR_RPC_RECEIPT,find_raw_artifact_or_bounded_rpc,"Find the owning raw artifact/RPC and its version, license, freshness, null policy, and geometry contract; keep this layer ungrouped until then.",NONE_YET
pipelineOilGas,taiwan_gis,能源 Energy,unknown_or_unavailable,SOURCE_MISSING,unresolved:no-declared-artifact:pipelineOilGas,display_asset_or_unresolved_only_raw_family_unverified,NOT_VERIFIED,NOT_VERIFIED,gem_oil_ngl_pipelines_tw,NO_DECLARED_RAW_ARTIFACT_OR_RPC_RECEIPT,find_raw_artifact_or_bounded_rpc,"Find the owning raw artifact/RPC and its version, license, freshness, null policy, and geometry contract; keep this layer ungrouped until then.",NONE_YET
plaActivity,taiwan_gis,情勢 Situation,unknown_or_unavailable,SOURCE_MISSING,unresolved:no-declared-artifact:plaActivity,display_asset_or_unresolved_only_raw_family_unverified,NOT_VERIFIED,NOT_VERIFIED,pla_activity,NO_DECLARED_RAW_ARTIFACT_OR_RPC_RECEIPT,find_raw_artifact_or_bounded_rpc,"Find the owning raw artifact/RPC and its version, license, freshness, null policy, and geometry contract; keep this layer ungrouped until then.",NONE_YET
powerGenerationUnit,taiwan_gis,能源 Energy,unknown_or_unavailable,SOURCE_MISSING,unresolved:no-declared-artifact:powerGenerationUnit,display_asset_or_unresolved_only_raw_family_unverified,NOT_VERIFIED,NOT_VERIFIED,power_generation,NO_DECLARED_RAW_ARTIFACT_OR_RPC_RECEIPT,find_raw_artifact_or_bounded_rpc,"Find the owning raw artifact/RPC and its version, license, freshness, null policy, and geometry contract; keep this layer ungrouped until then.",NONE_YET
powerLinesGlow,taiwan_gis,能源 Energy,unknown_or_unavailable,SOURCE_MISSING,unresolved:no-declared-artifact:powerLinesGlow,display_asset_or_unresolved_only_raw_family_unverified,NOT_VERIFIED,NOT_VERIFIED,,NO_DECLARED_RAW_ARTIFACT_OR_RPC_RECEIPT,find_raw_artifact_or_bounded_rpc,"Find the owning raw artifact/RPC and its version, license, freshness, null policy, and geometry contract; keep this layer ungrouped until then.",NONE_YET
powerPlantGlow,taiwan_gis,能源 Energy,unknown_or_unavailable,SOURCE_MISSING,unresolved:no-declared-artifact:powerPlantGlow,display_asset_or_unresolved_only_raw_family_unverified,NOT_VERIFIED,NOT_VERIFIED,,NO_DECLARED_RAW_ARTIFACT_OR_RPC_RECEIPT,find_raw_artifact_or_bounded_rpc,"Find the owning raw artifact/RPC and its version, license, freshness, null policy, and geometry contract; keep this layer ungrouped until then.",NONE_YET
powerPlants,taiwan_gis,ORPHAN_NO_UI_SECTION,unknown_or_unavailable,SOURCE_MISSING,unresolved:no-declared-artifact:powerPlants,display_asset_or_unresolved_only_raw_family_unverified,NOT_VERIFIED,NOT_VERIFIED,,NO_DECLARED_RAW_ARTIFACT_OR_RPC_RECEIPT,find_raw_artifact_or_bounded_rpc,"Find the owning raw artifact/RPC and its version, license, freshness, null policy, and geometry contract; keep this layer ungrouped until then.",NONE_YET
powerRegionDemand,taiwan_gis,ORPHAN_NO_UI_SECTION,unknown_or_unavailable,SOURCE_MISSING,unresolved:no-declared-artifact:powerRegionDemand,display_asset_or_unresolved_only_raw_family_unverified,NOT_VERIFIED,NOT_VERIFIED,,NO_DECLARED_RAW_ARTIFACT_OR_RPC_RECEIPT,find_raw_artifact_or_bounded_rpc,"Find the owning raw artifact/RPC and its version, license, freshness, null policy, and geometry contract; keep this layer ungrouped until then.",NONE_YET
powerStatusHud,taiwan_gis,ORPHAN_NO_UI_SECTION,unknown_or_unavailable,SOURCE_MISSING,unresolved:no-declared-artifact:powerStatusHud,display_asset_or_unresolved_only_raw_family_unverified,NOT_VERIFIED,NOT_VERIFIED,,NO_DECLARED_RAW_ARTIFACT_OR_RPC_RECEIPT,find_raw_artifact_or_bounded_rpc,"Find the owning raw artifact/RPC and its version, license, freshness, null policy, and geometry contract; keep this layer ungrouped until then.",NONE_YET
precipRaster,taiwan_gis,水資源 Water,unknown_or_unavailable,SOURCE_MISSING,unresolved:no-declared-artifact:precipRaster,display_asset_or_unresolved_only_raw_family_unverified,NOT_VERIFIED,NOT_VERIFIED,water.precipitation_raster_frames,NO_DECLARED_RAW_ARTIFACT_OR_RPC_RECEIPT,find_raw_artifact_or_bounded_rpc,"Find the owning raw artifact/RPC and its version, license, freshness, null policy, and geometry contract; keep this layer ungrouped until then.",NONE_YET
rail,taiwan_gis,交通 Move,unknown_or_unavailable,SOURCE_MISSING,unresolved:no-declared-artifact:rail,display_asset_or_unresolved_only_raw_family_unverified,NOT_VERIFIED,NOT_VERIFIED,rail,NO_DECLARED_RAW_ARTIFACT_OR_RPC_RECEIPT,find_raw_artifact_or_bounded_rpc,"Find the owning raw artifact/RPC and its version, license, freshness, null policy, and geometry contract; keep this layer ungrouped until then.",NONE_YET
rainGauge,taiwan_gis,水資源 Water,unknown_or_unavailable,SOURCE_MISSING,unresolved:no-declared-artifact:rainGauge,display_asset_or_unresolved_only_raw_family_unverified,NOT_VERIFIED,NOT_VERIFIED,rain_gauge_stations,NO_DECLARED_RAW_ARTIFACT_OR_RPC_RECEIPT,find_raw_artifact_or_bounded_rpc,"Find the owning raw artifact/RPC and its version, license, freshness, null policy, and geometry contract; keep this layer ungrouped until then.",NONE_YET
riverLevel,taiwan_gis,水資源 Water,unknown_or_unavailable,SOURCE_MISSING,unresolved:no-declared-artifact:riverLevel,display_asset_or_unresolved_only_raw_family_unverified,NOT_VERIFIED,NOT_VERIFIED,river_level_stations_wra,NO_DECLARED_RAW_ARTIFACT_OR_RPC_RECEIPT,find_raw_artifact_or_bounded_rpc,"Find the owning raw artifact/RPC and its version, license, freshness, null policy, and geometry contract; keep this layer ungrouped until then.",NONE_YET
roadEvents,taiwan_gis,交通 Move,unknown_or_unavailable,SOURCE_MISSING,unresolved:no-declared-artifact:roadEvents,display_asset_or_unresolved_only_raw_family_unverified,NOT_VERIFIED,NOT_VERIFIED,road_event,NO_DECLARED_RAW_ARTIFACT_OR_RPC_RECEIPT,find_raw_artifact_or_bounded_rpc,"Find the owning raw artifact/RPC and its version, license, freshness, null policy, and geometry contract; keep this layer ungrouped until then.",NONE_YET
substationEhvGlow,taiwan_gis,能源 Energy,unknown_or_unavailable,SOURCE_MISSING,unresolved:no-declared-artifact:substationEhvGlow,display_asset_or_unresolved_only_raw_family_unverified,NOT_VERIFIED,NOT_VERIFIED,,NO_DECLARED_RAW_ARTIFACT_OR_RPC_RECEIPT,find_raw_artifact_or_bounded_rpc,"Find the owning raw artifact/RPC and its version, license, freshness, null policy, and geometry contract; keep this layer ungrouped until then.",NONE_YET
taipeiEvacuate,taiwan_gis,水資源 Water,unknown_or_unavailable,SOURCE_MISSING,unresolved:no-declared-artifact:taipeiEvacuate,display_asset_or_unresolved_only_raw_family_unverified,NOT_VERIFIED,NOT_VERIFIED,civil_defense_shelters,NO_DECLARED_RAW_ARTIFACT_OR_RPC_RECEIPT,find_raw_artifact_or_bounded_rpc,"Find the owning raw artifact/RPC and its version, license, freshness, null policy, and geometry contract; keep this layer ungrouped until then.",NONE_YET
taipeiPumb,taiwan_gis,水資源 Water,unknown_or_unavailable,SOURCE_MISSING,unresolved:no-declared-artifact:taipeiPumb,display_asset_or_unresolved_only_raw_family_unverified,NOT_VERIFIED,NOT_VERIFIED,pump_stations_wra,NO_DECLARED_RAW_ARTIFACT_OR_RPC_RECEIPT,find_raw_artifact_or_bounded_rpc,"Find the owning raw artifact/RPC and its version, license, freshness, null policy, and geometry contract; keep this layer ungrouped until then.",NONE_YET
taipeiSewer,taiwan_gis,水資源 Water,unknown_or_unavailable,SOURCE_MISSING,unresolved:no-declared-artifact:taipeiSewer,display_asset_or_unresolved_only_raw_family_unverified,NOT_VERIFIED,NOT_VERIFIED,storm_drainage_pipes,NO_DECLARED_RAW_ARTIFACT_OR_RPC_RECEIPT,find_raw_artifact_or_bounded_rpc,"Find the owning raw artifact/RPC and its version, license, freshness, null policy, and geometry contract; keep this layer ungrouped until then.",NONE_YET
wasteCleaningSquads,taiwan_gis,廢棄物 Waste,unknown_or_unavailable,SOURCE_MISSING,unresolved:no-declared-artifact:wasteCleaningSquads,display_asset_or_unresolved_only_raw_family_unverified,NOT_VERIFIED,NOT_VERIFIED,waste_cleaning_squads,NO_DECLARED_RAW_ARTIFACT_OR_RPC_RECEIPT,find_raw_artifact_or_bounded_rpc,"Find the owning raw artifact/RPC and its version, license, freshness, null policy, and geometry contract; keep this layer ungrouped until then.",NONE_YET
wasteRoute,taiwan_gis,ORPHAN_NO_UI_SECTION,unknown_or_unavailable,SOURCE_MISSING,unresolved:no-declared-artifact:wasteRoute,display_asset_or_unresolved_only_raw_family_unverified,NOT_VERIFIED,NOT_VERIFIED,,NO_DECLARED_RAW_ARTIFACT_OR_RPC_RECEIPT,find_raw_artifact_or_bounded_rpc,"Find the owning raw artifact/RPC and its version, license, freshness, null policy, and geometry contract; keep this layer ungrouped until then.",NONE_YET
wasteScheduleNote,taiwan_gis,廢棄物 Waste,unknown_or_unavailable,SOURCE_MISSING,unresolved:no-declared-artifact:wasteScheduleNote,display_asset_or_unresolved_only_raw_family_unverified,NOT_VERIFIED,NOT_VERIFIED,waste_collection_routes,NO_DECLARED_RAW_ARTIFACT_OR_RPC_RECEIPT,find_raw_artifact_or_bounded_rpc,"Find the owning raw artifact/RPC and its version, license, freshness, null policy, and geometry contract; keep this layer ungrouped until then.",NONE_YET
wasteStop,taiwan_gis,ORPHAN_NO_UI_SECTION,unknown_or_unavailable,SOURCE_MISSING,unresolved:no-declared-artifact:wasteStop,display_asset_or_unresolved_only_raw_family_unverified,NOT_VERIFIED,NOT_VERIFIED,,NO_DECLARED_RAW_ARTIFACT_OR_RPC_RECEIPT,find_raw_artifact_or_bounded_rpc,"Find the owning raw artifact/RPC and its version, license, freshness, null policy, and geometry contract; keep this layer ungrouped until then.",NONE_YET
youbikeFullness,taiwan_gis,交通 Move,unknown_or_unavailable,SOURCE_MISSING,unresolved:no-declared-artifact:youbikeFullness,display_asset_or_unresolved_only_raw_family_unverified,NOT_VERIFIED,NOT_VERIFIED,youbike_baselines,NO_DECLARED_RAW_ARTIFACT_OR_RPC_RECEIPT,find_raw_artifact_or_bounded_rpc,"Find the owning raw artifact/RPC and its version, license, freshness, null policy, and geometry contract; keep this layer ungrouped until then.",NONE_YET
statsAirportCargoTonnes,county_statistics,交通統計 Transport Statistics,unknown_or_unavailable,SOURCE_MISSING,declared-upstream:caa_airport_activity_county_33238,declared_contract_only_raw_family_unverified,NOT_VERIFIED,NOT_VERIFIED,caa_airport_activity_county_33238,NO_DECLARED_RAW_ARTIFACT_OR_RPC_RECEIPT,find_raw_artifact_or_bounded_rpc,"Find the owning raw artifact/RPC and its version, license, freshness, null policy, and geometry contract; keep this layer ungrouped until then.",NONE_YET
statsAirportPassengerMovements,county_statistics,交通統計 Transport Statistics,unknown_or_unavailable,SOURCE_MISSING,declared-upstream:caa_airport_activity_county_33238,declared_contract_only_raw_family_unverified,NOT_VERIFIED,NOT_VERIFIED,caa_airport_activity_county_33238,NO_DECLARED_RAW_ARTIFACT_OR_RPC_RECEIPT,find_raw_artifact_or_bounded_rpc,"Find the owning raw artifact/RPC and its version, license, freshness, null policy, and geometry contract; keep this layer ungrouped until then.",NONE_YET
statsAirportTakeoffsLandings,county_statistics,交通統計 Transport Statistics,unknown_or_unavailable,SOURCE_MISSING,declared-upstream:caa_airport_activity_county_33238,declared_contract_only_raw_family_unverified,NOT_VERIFIED,NOT_VERIFIED,caa_airport_activity_county_33238,NO_DECLARED_RAW_ARTIFACT_OR_RPC_RECEIPT,find_raw_artifact_or_bounded_rpc,"Find the owning raw artifact/RPC and its version, license, freshness, null policy, and geometry contract; keep this layer ungrouped until then.",NONE_YET
statsCropHarvestedAreaTownship,county_statistics,農業統計,unknown_or_unavailable,SOURCE_MISSING,declared-upstream:crop_township_statistics,declared_contract_only_raw_family_unverified,NOT_VERIFIED,NOT_VERIFIED,crop_township_statistics,NO_DECLARED_RAW_ARTIFACT_OR_RPC_RECEIPT,find_raw_artifact_or_bounded_rpc,"Find the owning raw artifact/RPC and its version, license, freshness, null policy, and geometry contract; keep this layer ungrouped until then.",NONE_YET
statsCropPlantedAreaTownship,county_statistics,農業統計,unknown_or_unavailable,SOURCE_MISSING,declared-upstream:crop_township_statistics,declared_contract_only_raw_family_unverified,NOT_VERIFIED,NOT_VERIFIED,crop_township_statistics,NO_DECLARED_RAW_ARTIFACT_OR_RPC_RECEIPT,find_raw_artifact_or_bounded_rpc,"Find the owning raw artifact/RPC and its version, license, freshness, null policy, and geometry contract; keep this layer ungrouped until then.",NONE_YET
statsCropProductionTownship,county_statistics,農業統計,unknown_or_unavailable,SOURCE_MISSING,declared-upstream:crop_township_statistics,declared_contract_only_raw_family_unverified,NOT_VERIFIED,NOT_VERIFIED,crop_township_statistics,NO_DECLARED_RAW_ARTIFACT_OR_RPC_RECEIPT,find_raw_artifact_or_bounded_rpc,"Find the owning raw artifact/RPC and its version, license, freshness, null policy, and geometry contract; keep this layer ungrouped until then.",NONE_YET
statsCropYieldTownship,county_statistics,農業統計,unknown_or_unavailable,SOURCE_MISSING,declared-upstream:crop_township_statistics,declared_contract_only_raw_family_unverified,NOT_VERIFIED,NOT_VERIFIED,crop_township_statistics,NO_DECLARED_RAW_ARTIFACT_OR_RPC_RECEIPT,find_raw_artifact_or_bounded_rpc,"Find the owning raw artifact/RPC and its version, license, freshness, null policy, and geometry contract; keep this layer ungrouped until then.",NONE_YET
statsEducationElementarySchool,county_statistics,教育與少子化統計,unknown_or_unavailable,SOURCE_MISSING,declared-upstream:education_county_statistics,declared_contract_only_raw_family_unverified,NOT_VERIFIED,NOT_VERIFIED,education_county_statistics,NO_DECLARED_RAW_ARTIFACT_OR_RPC_RECEIPT,find_raw_artifact_or_bounded_rpc,"Find the owning raw artifact/RPC and its version, license, freshness, null policy, and geometry contract; keep this layer ungrouped until then.",NONE_YET
statsEducationElementaryStudent,county_statistics,教育與少子化統計,unknown_or_unavailable,SOURCE_MISSING,declared-upstream:education_county_statistics,declared_contract_only_raw_family_unverified,NOT_VERIFIED,NOT_VERIFIED,education_county_statistics,NO_DECLARED_RAW_ARTIFACT_OR_RPC_RECEIPT,find_raw_artifact_or_bounded_rpc,"Find the owning raw artifact/RPC and its version, license, freshness, null policy, and geometry contract; keep this layer ungrouped until then.",NONE_YET
statsEducationElementaryTeacher,county_statistics,教育與少子化統計,unknown_or_unavailable,SOURCE_MISSING,declared-upstream:education_county_statistics,declared_contract_only_raw_family_unverified,NOT_VERIFIED,NOT_VERIFIED,education_county_statistics,NO_DECLARED_RAW_ARTIFACT_OR_RPC_RECEIPT,find_raw_artifact_or_bounded_rpc,"Find the owning raw artifact/RPC and its version, license, freshness, null policy, and geometry contract; keep this layer ungrouped until then.",NONE_YET
statsEducationJuniorHighSchool,county_statistics,教育與少子化統計,unknown_or_unavailable,SOURCE_MISSING,declared-upstream:education_county_statistics,declared_contract_only_raw_family_unverified,NOT_VERIFIED,NOT_VERIFIED,education_county_statistics,NO_DECLARED_RAW_ARTIFACT_OR_RPC_RECEIPT,find_raw_artifact_or_bounded_rpc,"Find the owning raw artifact/RPC and its version, license, freshness, null policy, and geometry contract; keep this layer ungrouped until then.",NONE_YET
statsEducationJuniorHighStudent,county_statistics,教育與少子化統計,unknown_or_unavailable,SOURCE_MISSING,declared-upstream:education_county_statistics,declared_contract_only_raw_family_unverified,NOT_VERIFIED,NOT_VERIFIED,education_county_statistics,NO_DECLARED_RAW_ARTIFACT_OR_RPC_RECEIPT,find_raw_artifact_or_bounded_rpc,"Find the owning raw artifact/RPC and its version, license, freshness, null policy, and geometry contract; keep this layer ungrouped until then.",NONE_YET
statsEducationJuniorHighTeacher,county_statistics,教育與少子化統計,unknown_or_unavailable,SOURCE_MISSING,declared-upstream:education_county_statistics,declared_contract_only_raw_family_unverified,NOT_VERIFIED,NOT_VERIFIED,education_county_statistics,NO_DECLARED_RAW_ARTIFACT_OR_RPC_RECEIPT,find_raw_artifact_or_bounded_rpc,"Find the owning raw artifact/RPC and its version, license, freshness, null policy, and geometry contract; keep this layer ungrouped until then.",NONE_YET
statsEducationPreschoolSchool,county_statistics,教育與少子化統計,unknown_or_unavailable,SOURCE_MISSING,declared-upstream:education_county_statistics,declared_contract_only_raw_family_unverified,NOT_VERIFIED,NOT_VERIFIED,education_county_statistics,NO_DECLARED_RAW_ARTIFACT_OR_RPC_RECEIPT,find_raw_artifact_or_bounded_rpc,"Find the owning raw artifact/RPC and its version, license, freshness, null policy, and geometry contract; keep this layer ungrouped until then.",NONE_YET
statsEducationPreschoolStudent,county_statistics,教育與少子化統計,unknown_or_unavailable,SOURCE_MISSING,declared-upstream:education_county_statistics,declared_contract_only_raw_family_unverified,NOT_VERIFIED,NOT_VERIFIED,education_county_statistics,NO_DECLARED_RAW_ARTIFACT_OR_RPC_RECEIPT,find_raw_artifact_or_bounded_rpc,"Find the owning raw artifact/RPC and its version, license, freshness, null policy, and geometry contract; keep this layer ungrouped until then.",NONE_YET
statsEducationPreschoolTeacher,county_statistics,教育與少子化統計,unknown_or_unavailable,SOURCE_MISSING,declared-upstream:education_county_statistics,declared_contract_only_raw_family_unverified,NOT_VERIFIED,NOT_VERIFIED,education_county_statistics,NO_DECLARED_RAW_ARTIFACT_OR_RPC_RECEIPT,find_raw_artifact_or_bounded_rpc,"Find the owning raw artifact/RPC and its version, license, freshness, null policy, and geometry contract; keep this layer ungrouped until then.",NONE_YET
statsEducationSeniorHighSchool,county_statistics,教育與少子化統計,unknown_or_unavailable,SOURCE_MISSING,declared-upstream:education_county_statistics,declared_contract_only_raw_family_unverified,NOT_VERIFIED,NOT_VERIFIED,education_county_statistics,NO_DECLARED_RAW_ARTIFACT_OR_RPC_RECEIPT,find_raw_artifact_or_bounded_rpc,"Find the owning raw artifact/RPC and its version, license, freshness, null policy, and geometry contract; keep this layer ungrouped until then.",NONE_YET
statsEducationSeniorHighStudent,county_statistics,教育與少子化統計,unknown_or_unavailable,SOURCE_MISSING,declared-upstream:education_county_statistics,declared_contract_only_raw_family_unverified,NOT_VERIFIED,NOT_VERIFIED,education_county_statistics,NO_DECLARED_RAW_ARTIFACT_OR_RPC_RECEIPT,find_raw_artifact_or_bounded_rpc,"Find the owning raw artifact/RPC and its version, license, freshness, null policy, and geometry contract; keep this layer ungrouped until then.",NONE_YET
statsEducationSeniorHighTeacher,county_statistics,教育與少子化統計,unknown_or_unavailable,SOURCE_MISSING,declared-upstream:education_county_statistics,declared_contract_only_raw_family_unverified,NOT_VERIFIED,NOT_VERIFIED,education_county_statistics,NO_DECLARED_RAW_ARTIFACT_OR_RPC_RECEIPT,find_raw_artifact_or_bounded_rpc,"Find the owning raw artifact/RPC and its version, license, freshness, null policy, and geometry contract; keep this layer ungrouped until then.",NONE_YET
statsAquacultureAreaCounty,county_statistics,漁業統計,unknown_or_unavailable,SOURCE_MISSING,declared-upstream:fishery_stats,declared_contract_only_raw_family_unverified,NOT_VERIFIED,NOT_VERIFIED,fishery_stats,NO_DECLARED_RAW_ARTIFACT_OR_RPC_RECEIPT,find_raw_artifact_or_bounded_rpc,"Find the owning raw artifact/RPC and its version, license, freshness, null policy, and geometry contract; keep this layer ungrouped until then.",NONE_YET
statsFisheryProductionCounty,county_statistics,漁業統計,unknown_or_unavailable,SOURCE_MISSING,declared-upstream:fishery_stats,declared_contract_only_raw_family_unverified,NOT_VERIFIED,NOT_VERIFIED,fishery_stats,NO_DECLARED_RAW_ARTIFACT_OR_RPC_RECEIPT,find_raw_artifact_or_bounded_rpc,"Find the owning raw artifact/RPC and its version, license, freshness, null policy, and geometry contract; keep this layer ungrouped until then.",NONE_YET
statsFisheryProductionValueCounty,county_statistics,漁業統計,unknown_or_unavailable,SOURCE_MISSING,declared-upstream:fishery_stats,declared_contract_only_raw_family_unverified,NOT_VERIFIED,NOT_VERIFIED,fishery_stats,NO_DECLARED_RAW_ARTIFACT_OR_RPC_RECEIPT,find_raw_artifact_or_bounded_rpc,"Find the owning raw artifact/RPC and its version, license, freshness, null policy, and geometry contract; keep this layer ungrouped until then.",NONE_YET
statsAgriculturalFacilityAreaTownship,county_statistics,農業統計,unknown_or_unavailable,SOURCE_MISSING,declared-upstream:land_use_township_statistics,declared_contract_only_raw_family_unverified,NOT_VERIFIED,NOT_VERIFIED,land_use_township_statistics,NO_DECLARED_RAW_ARTIFACT_OR_RPC_RECEIPT,find_raw_artifact_or_bounded_rpc,"Find the owning raw artifact/RPC and its version, license, freshness, null policy, and geometry contract; keep this layer ungrouped until then.",NONE_YET
statsAirportLandAreaTownship,county_statistics,交通統計 Transport Statistics,unknown_or_unavailable,SOURCE_MISSING,declared-upstream:land_use_township_statistics,declared_contract_only_raw_family_unverified,NOT_VERIFIED,NOT_VERIFIED,land_use_township_statistics,NO_DECLARED_RAW_ARTIFACT_OR_RPC_RECEIPT,find_raw_artifact_or_bounded_rpc,"Find the owning raw artifact/RPC and its version, license, freshness, null policy, and geometry contract; keep this layer ungrouped until then.",NONE_YET
statsAquacultureLandAreaTownship,county_statistics,漁業統計,unknown_or_unavailable,SOURCE_MISSING,declared-upstream:land_use_township_statistics,declared_contract_only_raw_family_unverified,NOT_VERIFIED,NOT_VERIFIED,land_use_township_statistics,NO_DECLARED_RAW_ARTIFACT_OR_RPC_RECEIPT,find_raw_artifact_or_bounded_rpc,"Find the owning raw artifact/RPC and its version, license, freshness, null policy, and geometry contract; keep this layer ungrouped until then.",NONE_YET
statsBambooForestAreaTownship,county_statistics,林業統計,unknown_or_unavailable,SOURCE_MISSING,declared-upstream:land_use_township_statistics,declared_contract_only_raw_family_unverified,NOT_VERIFIED,NOT_VERIFIED,land_use_township_statistics,NO_DECLARED_RAW_ARTIFACT_OR_RPC_RECEIPT,find_raw_artifact_or_bounded_rpc,"Find the owning raw artifact/RPC and its version, license, freshness, null policy, and geometry contract; keep this layer ungrouped until then.",NONE_YET
statsBroadleafForestAreaTownship,county_statistics,林業統計,unknown_or_unavailable,SOURCE_MISSING,declared-upstream:land_use_township_statistics,declared_contract_only_raw_family_unverified,NOT_VERIFIED,NOT_VERIFIED,land_use_township_statistics,NO_DECLARED_RAW_ARTIFACT_OR_RPC_RECEIPT,find_raw_artifact_or_bounded_rpc,"Find the owning raw artifact/RPC and its version, license, freshness, null policy, and geometry contract; keep this layer ungrouped until then.",NONE_YET
statsConiferForestAreaTownship,county_statistics,林業統計,unknown_or_unavailable,SOURCE_MISSING,declared-upstream:land_use_township_statistics,declared_contract_only_raw_family_unverified,NOT_VERIFIED,NOT_VERIFIED,land_use_township_statistics,NO_DECLARED_RAW_ARTIFACT_OR_RPC_RECEIPT,find_raw_artifact_or_bounded_rpc,"Find the owning raw artifact/RPC and its version, license, freshness, null policy, and geometry contract; keep this layer ungrouped until then.",NONE_YET
statsDryFieldAreaTownship,county_statistics,農業統計,unknown_or_unavailable,SOURCE_MISSING,declared-upstream:land_use_township_statistics,declared_contract_only_raw_family_unverified,NOT_VERIFIED,NOT_VERIFIED,land_use_township_statistics,NO_DECLARED_RAW_ARTIFACT_OR_RPC_RECEIPT,find_raw_artifact_or_bounded_rpc,"Find the owning raw artifact/RPC and its version, license, freshness, null policy, and geometry contract; keep this layer ungrouped until then.",NONE_YET
statsLivestockBuildingAreaTownship,county_statistics,畜牧統計,unknown_or_unavailable,SOURCE_MISSING,declared-upstream:land_use_township_statistics,declared_contract_only_raw_family_unverified,NOT_VERIFIED,NOT_VERIFIED,land_use_township_statistics,NO_DECLARED_RAW_ARTIFACT_OR_RPC_RECEIPT,find_raw_artifact_or_bounded_rpc,"Find the owning raw artifact/RPC and its version, license, freshness, null policy, and geometry contract; keep this layer ungrouped until then.",NONE_YET
statsMixedForestAreaTownship,county_statistics,林業統計,unknown_or_unavailable,SOURCE_MISSING,declared-upstream:land_use_township_statistics,declared_contract_only_raw_family_unverified,NOT_VERIFIED,NOT_VERIFIED,land_use_township_statistics,NO_DECLARED_RAW_ARTIFACT_OR_RPC_RECEIPT,find_raw_artifact_or_bounded_rpc,"Find the owning raw artifact/RPC and its version, license, freshness, null policy, and geometry contract; keep this layer ungrouped until then.",NONE_YET
statsOrchardAreaTownship,county_statistics,農業統計,unknown_or_unavailable,SOURCE_MISSING,declared-upstream:land_use_township_statistics,declared_contract_only_raw_family_unverified,NOT_VERIFIED,NOT_VERIFIED,land_use_township_statistics,NO_DECLARED_RAW_ARTIFACT_OR_RPC_RECEIPT,find_raw_artifact_or_bounded_rpc,"Find the owning raw artifact/RPC and its version, license, freshness, null policy, and geometry contract; keep this layer ungrouped until then.",NONE_YET
statsPastureAreaTownship,county_statistics,畜牧統計,unknown_or_unavailable,SOURCE_MISSING,declared-upstream:land_use_township_statistics,declared_contract_only_raw_family_unverified,NOT_VERIFIED,NOT_VERIFIED,land_use_township_statistics,NO_DECLARED_RAW_ARTIFACT_OR_RPC_RECEIPT,find_raw_artifact_or_bounded_rpc,"Find the owning raw artifact/RPC and its version, license, freshness, null policy, and geometry contract; keep this layer ungrouped until then.",NONE_YET
statsPortLandAreaTownship,county_statistics,交通統計 Transport Statistics,unknown_or_unavailable,SOURCE_MISSING,declared-upstream:land_use_township_statistics,declared_contract_only_raw_family_unverified,NOT_VERIFIED,NOT_VERIFIED,land_use_township_statistics,NO_DECLARED_RAW_ARTIFACT_OR_RPC_RECEIPT,find_raw_artifact_or_bounded_rpc,"Find the owning raw artifact/RPC and its version, license, freshness, null policy, and geometry contract; keep this layer ungrouped until then.",NONE_YET
statsRailLandAreaTownship,county_statistics,交通統計 Transport Statistics,unknown_or_unavailable,SOURCE_MISSING,declared-upstream:land_use_township_statistics,declared_contract_only_raw_family_unverified,NOT_VERIFIED,NOT_VERIFIED,land_use_township_statistics,NO_DECLARED_RAW_ARTIFACT_OR_RPC_RECEIPT,find_raw_artifact_or_bounded_rpc,"Find the owning raw artifact/RPC and its version, license, freshness, null policy, and geometry contract; keep this layer ungrouped until then.",NONE_YET
statsRoadLandAreaTownship,county_statistics,交通統計 Transport Statistics,unknown_or_unavailable,SOURCE_MISSING,declared-upstream:land_use_township_statistics,declared_contract_only_raw_family_unverified,NOT_VERIFIED,NOT_VERIFIED,land_use_township_statistics,NO_DECLARED_RAW_ARTIFACT_OR_RPC_RECEIPT,find_raw_artifact_or_bounded_rpc,"Find the owning raw artifact/RPC and its version, license, freshness, null policy, and geometry contract; keep this layer ungrouped until then.",NONE_YET
statsLivestockFarmCountTownship,county_statistics,畜牧統計,unknown_or_unavailable,SOURCE_MISSING,declared-upstream:livestock_township_statistics,declared_contract_only_raw_family_unverified,NOT_VERIFIED,NOT_VERIFIED,livestock_township_statistics,NO_DECLARED_RAW_ARTIFACT_OR_RPC_RECEIPT,find_raw_artifact_or_bounded_rpc,"Find the owning raw artifact/RPC and its version, license, freshness, null policy, and geometry contract; keep this layer ungrouped until then.",NONE_YET
statsLivestockHeadCountTownship,county_statistics,畜牧統計,unknown_or_unavailable,SOURCE_MISSING,declared-upstream:livestock_township_statistics,declared_contract_only_raw_family_unverified,NOT_VERIFIED,NOT_VERIFIED,livestock_township_statistics,NO_DECLARED_RAW_ARTIFACT_OR_RPC_RECEIPT,find_raw_artifact_or_bounded_rpc,"Find the owning raw artifact/RPC and its version, license, freshness, null policy, and geometry contract; keep this layer ungrouped until then.",NONE_YET
statsA1AccidentCount,county_statistics,交通統計 Transport Statistics,unknown_or_unavailable,SOURCE_MISSING,declared-upstream:npa_a1_accident_county_177136,declared_contract_only_raw_family_unverified,NOT_VERIFIED,NOT_VERIFIED,npa_a1_accident_county_177136,NO_DECLARED_RAW_ARTIFACT_OR_RPC_RECEIPT,find_raw_artifact_or_bounded_rpc,"Find the owning raw artifact/RPC and its version, license, freshness, null policy, and geometry contract; keep this layer ungrouped until then.",NONE_YET
statsA1DeathCount,county_statistics,交通統計 Transport Statistics,unknown_or_unavailable,SOURCE_MISSING,declared-upstream:npa_a1_accident_county_177136,declared_contract_only_raw_family_unverified,NOT_VERIFIED,NOT_VERIFIED,npa_a1_accident_county_177136,NO_DECLARED_RAW_ARTIFACT_OR_RPC_RECEIPT,find_raw_artifact_or_bounded_rpc,"Find the owning raw artifact/RPC and its version, license, freshness, null policy, and geometry contract; keep this layer ungrouped until then.",NONE_YET
statsA1InjuryCount,county_statistics,交通統計 Transport Statistics,unknown_or_unavailable,SOURCE_MISSING,declared-upstream:npa_a1_accident_county_177136,declared_contract_only_raw_family_unverified,NOT_VERIFIED,NOT_VERIFIED,npa_a1_accident_county_177136,NO_DECLARED_RAW_ARTIFACT_OR_RPC_RECEIPT,find_raw_artifact_or_bounded_rpc,"Find the owning raw artifact/RPC and its version, license, freshness, null policy, and geometry contract; keep this layer ungrouped until then.",NONE_YET
statsTaoyuanAirportArrivals,county_statistics,交通統計 Transport Statistics,unknown_or_unavailable,SOURCE_MISSING,declared-upstream:taoyuan_airport_passengers_county_32997,declared_contract_only_raw_family_unverified,NOT_VERIFIED,NOT_VERIFIED,taoyuan_airport_passengers_county_32997,NO_DECLARED_RAW_ARTIFACT_OR_RPC_RECEIPT,find_raw_artifact_or_bounded_rpc,"Find the owning raw artifact/RPC and its version, license, freshness, null policy, and geometry contract; keep this layer ungrouped until then.",NONE_YET
statsTaoyuanAirportDepartures,county_statistics,交通統計 Transport Statistics,unknown_or_unavailable,SOURCE_MISSING,declared-upstream:taoyuan_airport_passengers_county_32997,declared_contract_only_raw_family_unverified,NOT_VERIFIED,NOT_VERIFIED,taoyuan_airport_passengers_county_32997,NO_DECLARED_RAW_ARTIFACT_OR_RPC_RECEIPT,find_raw_artifact_or_bounded_rpc,"Find the owning raw artifact/RPC and its version, license, freshness, null policy, and geometry contract; keep this layer ungrouped until then.",NONE_YET
statsTaoyuanAirportPassengerMovements,county_statistics,交通統計 Transport Statistics,unknown_or_unavailable,SOURCE_MISSING,declared-upstream:taoyuan_airport_passengers_county_32997,declared_contract_only_raw_family_unverified,NOT_VERIFIED,NOT_VERIFIED,taoyuan_airport_passengers_county_32997,NO_DECLARED_RAW_ARTIFACT_OR_RPC_RECEIPT,find_raw_artifact_or_bounded_rpc,"Find the owning raw artifact/RPC and its version, license, freshness, null policy, and geometry contract; keep this layer ungrouped until then.",NONE_YET
statsTaoyuanAirportTransit,county_statistics,交通統計 Transport Statistics,unknown_or_unavailable,SOURCE_MISSING,declared-upstream:taoyuan_airport_passengers_county_32997,declared_contract_only_raw_family_unverified,NOT_VERIFIED,NOT_VERIFIED,taoyuan_airport_passengers_county_32997,NO_DECLARED_RAW_ARTIFACT_OR_RPC_RECEIPT,find_raw_artifact_or_bounded_rpc,"Find the owning raw artifact/RPC and its version, license, freshness, null policy, and geometry contract; keep this layer ungrouped until then.",NONE_YET
statsRecyclingCounty,county_statistics,資源回收統計 Recycling Statistics,unknown_or_unavailable,SOURCE_MISSING,declared-upstream:waste_vehicles_county,declared_contract_only_raw_family_unverified,NOT_VERIFIED,NOT_VERIFIED,waste_vehicles_county,NO_DECLARED_RAW_ARTIFACT_OR_RPC_RECEIPT,find_raw_artifact_or_bounded_rpc,"Find the owning raw artifact/RPC and its version, license, freshness, null policy, and geometry contract; keep this layer ungrouped until then.",NONE_YET
statsWasteCounty,county_statistics,廢棄物統計 Waste Statistics,unknown_or_unavailable,SOURCE_MISSING,declared-upstream:waste_vehicles_county,declared_contract_only_raw_family_unverified,NOT_VERIFIED,NOT_VERIFIED,waste_vehicles_county,NO_DECLARED_RAW_ARTIFACT_OR_RPC_RECEIPT,find_raw_artifact_or_bounded_rpc,"Find the owning raw artifact/RPC and its version, license, freshness, null policy, and geometry contract; keep this layer ungrouped until then.",NONE_YET
statsComparisonA1A2AccidentCount,county_statistics,統計比較,unknown_or_unavailable,READER_PENDING,derived:comparison_statistics,declared_contract_only_raw_family_unverified,NOT_VERIFIED,NOT_VERIFIED,,DERIVED_RELEASE_SOURCE_AUDIT_AND_READER_PENDING,audit_exact_numerator_denominator_release,"Inspect each exact releaseId artifact's numerator/denominator source receipts, units, null rules, period, and boundary version; reconcile publication status and register a bounded query reader. The common comparison runtime is not one raw source.",NONE_YET
statsComparisonA1A2AccidentCountPer10000Residents,county_statistics,統計比較,unknown_or_unavailable,READER_PENDING,derived:comparison_statistics,declared_contract_only_raw_family_unverified,NOT_VERIFIED,NOT_VERIFIED,,DERIVED_RELEASE_SOURCE_AUDIT_AND_READER_PENDING,audit_exact_numerator_denominator_release,"Inspect each exact releaseId artifact's numerator/denominator source receipts, units, null rules, period, and boundary version; reconcile publication status and register a bounded query reader. The common comparison runtime is not one raw source.",NONE_YET
statsComparisonA1A2AccidentCountPerKm2,county_statistics,統計比較,unknown_or_unavailable,READER_PENDING,derived:comparison_statistics,declared_contract_only_raw_family_unverified,NOT_VERIFIED,NOT_VERIFIED,,DERIVED_RELEASE_SOURCE_AUDIT_AND_READER_PENDING,audit_exact_numerator_denominator_release,"Inspect each exact releaseId artifact's numerator/denominator source receipts, units, null rules, period, and boundary version; reconcile publication status and register a bounded query reader. The common comparison runtime is not one raw source.",NONE_YET
statsComparisonA1AccidentCountPer10000Residents,county_statistics,統計比較,unknown_or_unavailable,READER_PENDING,derived:comparison_statistics,declared_contract_only_raw_family_unverified,NOT_VERIFIED,NOT_VERIFIED,,DERIVED_RELEASE_SOURCE_AUDIT_AND_READER_PENDING,audit_exact_numerator_denominator_release,"Inspect each exact releaseId artifact's numerator/denominator source receipts, units, null rules, period, and boundary version; reconcile publication status and register a bounded query reader. The common comparison runtime is not one raw source.",NONE_YET
statsComparisonA1AccidentCountPerKm2,county_statistics,統計比較,unknown_or_unavailable,READER_PENDING,derived:comparison_statistics,declared_contract_only_raw_family_unverified,NOT_VERIFIED,NOT_VERIFIED,,DERIVED_RELEASE_SOURCE_AUDIT_AND_READER_PENDING,audit_exact_numerator_denominator_release,"Inspect each exact releaseId artifact's numerator/denominator source receipts, units, null rules, period, and boundary version; reconcile publication status and register a bounded query reader. The common comparison runtime is not one raw source.",NONE_YET
statsComparisonA1DeathCountPer10000Residents,county_statistics,統計比較,unknown_or_unavailable,READER_PENDING,derived:comparison_statistics,declared_contract_only_raw_family_unverified,NOT_VERIFIED,NOT_VERIFIED,,DERIVED_RELEASE_SOURCE_AUDIT_AND_READER_PENDING,audit_exact_numerator_denominator_release,"Inspect each exact releaseId artifact's numerator/denominator source receipts, units, null rules, period, and boundary version; reconcile publication status and register a bounded query reader. The common comparison runtime is not one raw source.",NONE_YET
statsComparisonA1DeathCountPerKm2,county_statistics,統計比較,unknown_or_unavailable,READER_PENDING,derived:comparison_statistics,declared_contract_only_raw_family_unverified,NOT_VERIFIED,NOT_VERIFIED,,DERIVED_RELEASE_SOURCE_AUDIT_AND_READER_PENDING,audit_exact_numerator_denominator_release,"Inspect each exact releaseId artifact's numerator/denominator source receipts, units, null rules, period, and boundary version; reconcile publication status and register a bounded query reader. The common comparison runtime is not one raw source.",NONE_YET
statsComparisonA1InjuryCountPer10000Residents,county_statistics,統計比較,unknown_or_unavailable,READER_PENDING,derived:comparison_statistics,declared_contract_only_raw_family_unverified,NOT_VERIFIED,NOT_VERIFIED,,DERIVED_RELEASE_SOURCE_AUDIT_AND_READER_PENDING,audit_exact_numerator_denominator_release,"Inspect each exact releaseId artifact's numerator/denominator source receipts, units, null rules, period, and boundary version; reconcile publication status and register a bounded query reader. The common comparison runtime is not one raw source.",NONE_YET
statsComparisonA1InjuryCountPerKm2,county_statistics,統計比較,unknown_or_unavailable,READER_PENDING,derived:comparison_statistics,declared_contract_only_raw_family_unverified,NOT_VERIFIED,NOT_VERIFIED,,DERIVED_RELEASE_SOURCE_AUDIT_AND_READER_PENDING,audit_exact_numerator_denominator_release,"Inspect each exact releaseId artifact's numerator/denominator source receipts, units, null rules, period, and boundary version; reconcile publication status and register a bounded query reader. The common comparison runtime is not one raw source.",NONE_YET
statsComparisonA2AccidentCount,county_statistics,統計比較,unknown_or_unavailable,READER_PENDING,derived:comparison_statistics,declared_contract_only_raw_family_unverified,NOT_VERIFIED,NOT_VERIFIED,,DERIVED_RELEASE_SOURCE_AUDIT_AND_READER_PENDING,audit_exact_numerator_denominator_release,"Inspect each exact releaseId artifact's numerator/denominator source receipts, units, null rules, period, and boundary version; reconcile publication status and register a bounded query reader. The common comparison runtime is not one raw source.",NONE_YET
statsComparisonA2AccidentCountPer10000Residents,county_statistics,統計比較,unknown_or_unavailable,READER_PENDING,derived:comparison_statistics,declared_contract_only_raw_family_unverified,NOT_VERIFIED,NOT_VERIFIED,,DERIVED_RELEASE_SOURCE_AUDIT_AND_READER_PENDING,audit_exact_numerator_denominator_release,"Inspect each exact releaseId artifact's numerator/denominator source receipts, units, null rules, period, and boundary version; reconcile publication status and register a bounded query reader. The common comparison runtime is not one raw source.",NONE_YET
statsComparisonA2AccidentCountPerKm2,county_statistics,統計比較,unknown_or_unavailable,READER_PENDING,derived:comparison_statistics,declared_contract_only_raw_family_unverified,NOT_VERIFIED,NOT_VERIFIED,,DERIVED_RELEASE_SOURCE_AUDIT_AND_READER_PENDING,audit_exact_numerator_denominator_release,"Inspect each exact releaseId artifact's numerator/denominator source receipts, units, null rules, period, and boundary version; reconcile publication status and register a bounded query reader. The common comparison runtime is not one raw source.",NONE_YET
statsComparisonA2InjuryCount,county_statistics,統計比較,unknown_or_unavailable,READER_PENDING,derived:comparison_statistics,declared_contract_only_raw_family_unverified,NOT_VERIFIED,NOT_VERIFIED,,DERIVED_RELEASE_SOURCE_AUDIT_AND_READER_PENDING,audit_exact_numerator_denominator_release,"Inspect each exact releaseId artifact's numerator/denominator source receipts, units, null rules, period, and boundary version; reconcile publication status and register a bounded query reader. The common comparison runtime is not one raw source.",NONE_YET
statsComparisonA2InjuryCountPer10000Residents,county_statistics,統計比較,unknown_or_unavailable,READER_PENDING,derived:comparison_statistics,declared_contract_only_raw_family_unverified,NOT_VERIFIED,NOT_VERIFIED,,DERIVED_RELEASE_SOURCE_AUDIT_AND_READER_PENDING,audit_exact_numerator_denominator_release,"Inspect each exact releaseId artifact's numerator/denominator source receipts, units, null rules, period, and boundary version; reconcile publication status and register a bounded query reader. The common comparison runtime is not one raw source.",NONE_YET
statsComparisonA2InjuryCountPerKm2,county_statistics,統計比較,unknown_or_unavailable,READER_PENDING,derived:comparison_statistics,declared_contract_only_raw_family_unverified,NOT_VERIFIED,NOT_VERIFIED,,DERIVED_RELEASE_SOURCE_AUDIT_AND_READER_PENDING,audit_exact_numerator_denominator_release,"Inspect each exact releaseId artifact's numerator/denominator source receipts, units, null rules, period, and boundary version; reconcile publication status and register a bounded query reader. The common comparison runtime is not one raw source.",NONE_YET
statsComparisonAcuteBedTotalPer10000PopulationTownship,county_statistics,統計比較,unknown_or_unavailable,READER_PENDING,derived:comparison_statistics,declared_contract_only_raw_family_unverified,NOT_VERIFIED,NOT_VERIFIED,,DERIVED_RELEASE_SOURCE_AUDIT_AND_READER_PENDING,audit_exact_numerator_denominator_release,"Inspect each exact releaseId artifact's numerator/denominator source receipts, units, null rules, period, and boundary version; reconcile publication status and register a bounded query reader. The common comparison runtime is not one raw source.",NONE_YET
statsComparisonAcuteBedTotalPerKm2Township,county_statistics,統計比較,unknown_or_unavailable,READER_PENDING,derived:comparison_statistics,declared_contract_only_raw_family_unverified,NOT_VERIFIED,NOT_VERIFIED,,DERIVED_RELEASE_SOURCE_AUDIT_AND_READER_PENDING,audit_exact_numerator_denominator_release,"Inspect each exact releaseId artifact's numerator/denominator source receipts, units, null rules, period, and boundary version; reconcile publication status and register a bounded query reader. The common comparison runtime is not one raw source.",NONE_YET
statsComparisonAgriculturalFacilityCountyAreaSharePct,county_statistics,統計比較,unknown_or_unavailable,READER_PENDING,derived:comparison_statistics,declared_contract_only_raw_family_unverified,NOT_VERIFIED,NOT_VERIFIED,,DERIVED_RELEASE_SOURCE_AUDIT_AND_READER_PENDING,audit_exact_numerator_denominator_release,"Inspect each exact releaseId artifact's numerator/denominator source receipts, units, null rules, period, and boundary version; reconcile publication status and register a bounded query reader. The common comparison runtime is not one raw source.",NONE_YET
statsComparisonAgriculturalFacilityCountyLq,county_statistics,統計比較,unknown_or_unavailable,READER_PENDING,derived:comparison_statistics,declared_contract_only_raw_family_unverified,NOT_VERIFIED,NOT_VERIFIED,,DERIVED_RELEASE_SOURCE_AUDIT_AND_READER_PENDING,audit_exact_numerator_denominator_release,"Inspect each exact releaseId artifact's numerator/denominator source receipts, units, null rules, period, and boundary version; reconcile publication status and register a bounded query reader. The common comparison runtime is not one raw source.",NONE_YET
statsComparisonAgriculturalFacilityCountyNationalSharePct,county_statistics,統計比較,unknown_or_unavailable,READER_PENDING,derived:comparison_statistics,declared_contract_only_raw_family_unverified,NOT_VERIFIED,NOT_VERIFIED,,DERIVED_RELEASE_SOURCE_AUDIT_AND_READER_PENDING,audit_exact_numerator_denominator_release,"Inspect each exact releaseId artifact's numerator/denominator source receipts, units, null rules, period, and boundary version; reconcile publication status and register a bounded query reader. The common comparison runtime is not one raw source.",NONE_YET
statsComparisonAgriculturalFacilityCountyTotalHectare,county_statistics,統計比較,unknown_or_unavailable,READER_PENDING,derived:comparison_statistics,declared_contract_only_raw_family_unverified,NOT_VERIFIED,NOT_VERIFIED,,DERIVED_RELEASE_SOURCE_AUDIT_AND_READER_PENDING,audit_exact_numerator_denominator_release,"Inspect each exact releaseId artifact's numerator/denominator source receipts, units, null rules, period, and boundary version; reconcile publication status and register a bounded query reader. The common comparison runtime is not one raw source.",NONE_YET
statsComparisonAgriculturalFacilityNationalSharePct,county_statistics,統計比較,unknown_or_unavailable,READER_PENDING,derived:comparison_statistics,declared_contract_only_raw_family_unverified,NOT_VERIFIED,NOT_VERIFIED,,DERIVED_RELEASE_SOURCE_AUDIT_AND_READER_PENDING,audit_exact_numerator_denominator_release,"Inspect each exact releaseId artifact's numerator/denominator source receipts, units, null rules, period, and boundary version; reconcile publication status and register a bounded query reader. The common comparison runtime is not one raw source.",NONE_YET
statsComparisonAgriculturalFacilityTownshipAdminAreaSharePct,county_statistics,統計比較,unknown_or_unavailable,READER_PENDING,derived:comparison_statistics,declared_contract_only_raw_family_unverified,NOT_VERIFIED,NOT_VERIFIED,,DERIVED_RELEASE_SOURCE_AUDIT_AND_READER_PENDING,audit_exact_numerator_denominator_release,"Inspect each exact releaseId artifact's numerator/denominator source receipts, units, null rules, period, and boundary version; reconcile publication status and register a bounded query reader. The common comparison runtime is not one raw source.",NONE_YET
statsComparisonAgriculturalFacilityTownshipOfCountySharePct,county_statistics,統計比較,unknown_or_unavailable,READER_PENDING,derived:comparison_statistics,declared_contract_only_raw_family_unverified,NOT_VERIFIED,NOT_VERIFIED,,DERIVED_RELEASE_SOURCE_AUDIT_AND_READER_PENDING,audit_exact_numerator_denominator_release,"Inspect each exact releaseId artifact's numerator/denominator source receipts, units, null rules, period, and boundary version; reconcile publication status and register a bounded query reader. The common comparison runtime is not one raw source.",NONE_YET
statsComparisonAirportLandCountyAreaSharePct,county_statistics,統計比較,unknown_or_unavailable,READER_PENDING,derived:comparison_statistics,declared_contract_only_raw_family_unverified,NOT_VERIFIED,NOT_VERIFIED,,DERIVED_RELEASE_SOURCE_AUDIT_AND_READER_PENDING,audit_exact_numerator_denominator_release,"Inspect each exact releaseId artifact's numerator/denominator source receipts, units, null rules, period, and boundary version; reconcile publication status and register a bounded query reader. The common comparison runtime is not one raw source.",NONE_YET
statsComparisonAirportLandCountyLq,county_statistics,統計比較,unknown_or_unavailable,READER_PENDING,derived:comparison_statistics,declared_contract_only_raw_family_unverified,NOT_VERIFIED,NOT_VERIFIED,,DERIVED_RELEASE_SOURCE_AUDIT_AND_READER_PENDING,audit_exact_numerator_denominator_release,"Inspect each exact releaseId artifact's numerator/denominator source receipts, units, null rules, period, and boundary version; reconcile publication status and register a bounded query reader. The common comparison runtime is not one raw source.",NONE_YET
statsComparisonAirportLandCountyNationalSharePct,county_statistics,統計比較,unknown_or_unavailable,READER_PENDING,derived:comparison_statistics,declared_contract_only_raw_family_unverified,NOT_VERIFIED,NOT_VERIFIED,,DERIVED_RELEASE_SOURCE_AUDIT_AND_READER_PENDING,audit_exact_numerator_denominator_release,"Inspect each exact releaseId artifact's numerator/denominator source receipts, units, null rules, period, and boundary version; reconcile publication status and register a bounded query reader. The common comparison runtime is not one raw source.",NONE_YET
statsComparisonAirportLandCountyTotalHectare,county_statistics,統計比較,unknown_or_unavailable,READER_PENDING,derived:comparison_statistics,declared_contract_only_raw_family_unverified,NOT_VERIFIED,NOT_VERIFIED,,DERIVED_RELEASE_SOURCE_AUDIT_AND_READER_PENDING,audit_exact_numerator_denominator_release,"Inspect each exact releaseId artifact's numerator/denominator source receipts, units, null rules, period, and boundary version; reconcile publication status and register a bounded query reader. The common comparison runtime is not one raw source.",NONE_YET
statsComparisonAirportLandNationalSharePct,county_statistics,統計比較,unknown_or_unavailable,READER_PENDING,derived:comparison_statistics,declared_contract_only_raw_family_unverified,NOT_VERIFIED,NOT_VERIFIED,,DERIVED_RELEASE_SOURCE_AUDIT_AND_READER_PENDING,audit_exact_numerator_denominator_release,"Inspect each exact releaseId artifact's numerator/denominator source receipts, units, null rules, period, and boundary version; reconcile publication status and register a bounded query reader. The common comparison runtime is not one raw source.",NONE_YET
statsComparisonAirportLandTownshipAdminAreaSharePct,county_statistics,統計比較,unknown_or_unavailable,READER_PENDING,derived:comparison_statistics,declared_contract_only_raw_family_unverified,NOT_VERIFIED,NOT_VERIFIED,,DERIVED_RELEASE_SOURCE_AUDIT_AND_READER_PENDING,audit_exact_numerator_denominator_release,"Inspect each exact releaseId artifact's numerator/denominator source receipts, units, null rules, period, and boundary version; reconcile publication status and register a bounded query reader. The common comparison runtime is not one raw source.",NONE_YET
statsComparisonAirportLandTownshipOfCountySharePct,county_statistics,統計比較,unknown_or_unavailable,READER_PENDING,derived:comparison_statistics,declared_contract_only_raw_family_unverified,NOT_VERIFIED,NOT_VERIFIED,,DERIVED_RELEASE_SOURCE_AUDIT_AND_READER_PENDING,audit_exact_numerator_denominator_release,"Inspect each exact releaseId artifact's numerator/denominator source receipts, units, null rules, period, and boundary version; reconcile publication status and register a bounded query reader. The common comparison runtime is not one raw source.",NONE_YET
statsComparisonAquacultureLandCountyAreaSharePct,county_statistics,統計比較,unknown_or_unavailable,READER_PENDING,derived:comparison_statistics,declared_contract_only_raw_family_unverified,NOT_VERIFIED,NOT_VERIFIED,,DERIVED_RELEASE_SOURCE_AUDIT_AND_READER_PENDING,audit_exact_numerator_denominator_release,"Inspect each exact releaseId artifact's numerator/denominator source receipts, units, null rules, period, and boundary version; reconcile publication status and register a bounded query reader. The common comparison runtime is not one raw source.",NONE_YET
statsComparisonAquacultureLandCountyLq,county_statistics,統計比較,unknown_or_unavailable,READER_PENDING,derived:comparison_statistics,declared_contract_only_raw_family_unverified,NOT_VERIFIED,NOT_VERIFIED,,DERIVED_RELEASE_SOURCE_AUDIT_AND_READER_PENDING,audit_exact_numerator_denominator_release,"Inspect each exact releaseId artifact's numerator/denominator source receipts, units, null rules, period, and boundary version; reconcile publication status and register a bounded query reader. The common comparison runtime is not one raw source.",NONE_YET
statsComparisonAquacultureLandCountyNationalSharePct,county_statistics,統計比較,unknown_or_unavailable,READER_PENDING,derived:comparison_statistics,declared_contract_only_raw_family_unverified,NOT_VERIFIED,NOT_VERIFIED,,DERIVED_RELEASE_SOURCE_AUDIT_AND_READER_PENDING,audit_exact_numerator_denominator_release,"Inspect each exact releaseId artifact's numerator/denominator source receipts, units, null rules, period, and boundary version; reconcile publication status and register a bounded query reader. The common comparison runtime is not one raw source.",NONE_YET
statsComparisonAquacultureLandCountyTotalHectare,county_statistics,統計比較,unknown_or_unavailable,READER_PENDING,derived:comparison_statistics,declared_contract_only_raw_family_unverified,NOT_VERIFIED,NOT_VERIFIED,,DERIVED_RELEASE_SOURCE_AUDIT_AND_READER_PENDING,audit_exact_numerator_denominator_release,"Inspect each exact releaseId artifact's numerator/denominator source receipts, units, null rules, period, and boundary version; reconcile publication status and register a bounded query reader. The common comparison runtime is not one raw source.",NONE_YET
statsComparisonAquacultureLandNationalSharePct,county_statistics,統計比較,unknown_or_unavailable,READER_PENDING,derived:comparison_statistics,declared_contract_only_raw_family_unverified,NOT_VERIFIED,NOT_VERIFIED,,DERIVED_RELEASE_SOURCE_AUDIT_AND_READER_PENDING,audit_exact_numerator_denominator_release,"Inspect each exact releaseId artifact's numerator/denominator source receipts, units, null rules, period, and boundary version; reconcile publication status and register a bounded query reader. The common comparison runtime is not one raw source.",NONE_YET
statsComparisonAquacultureLandTownshipAdminAreaSharePct,county_statistics,統計比較,unknown_or_unavailable,READER_PENDING,derived:comparison_statistics,declared_contract_only_raw_family_unverified,NOT_VERIFIED,NOT_VERIFIED,,DERIVED_RELEASE_SOURCE_AUDIT_AND_READER_PENDING,audit_exact_numerator_denominator_release,"Inspect each exact releaseId artifact's numerator/denominator source receipts, units, null rules, period, and boundary version; reconcile publication status and register a bounded query reader. The common comparison runtime is not one raw source.",NONE_YET
statsComparisonAquacultureLandTownshipOfCountySharePct,county_statistics,統計比較,unknown_or_unavailable,READER_PENDING,derived:comparison_statistics,declared_contract_only_raw_family_unverified,NOT_VERIFIED,NOT_VERIFIED,,DERIVED_RELEASE_SOURCE_AUDIT_AND_READER_PENDING,audit_exact_numerator_denominator_release,"Inspect each exact releaseId artifact's numerator/denominator source receipts, units, null rules, period, and boundary version; reconcile publication status and register a bounded query reader. The common comparison runtime is not one raw source.",NONE_YET
statsComparisonAutomobileLicenseHoldersCountPer10000Residents,county_statistics,統計比較,unknown_or_unavailable,READER_PENDING,derived:comparison_statistics,declared_contract_only_raw_family_unverified,NOT_VERIFIED,NOT_VERIFIED,,DERIVED_RELEASE_SOURCE_AUDIT_AND_READER_PENDING,audit_exact_numerator_denominator_release,"Inspect each exact releaseId artifact's numerator/denominator source receipts, units, null rules, period, and boundary version; reconcile publication status and register a bounded query reader. The common comparison runtime is not one raw source.",NONE_YET
statsComparisonAutomobileRegisteredCountPer10000Residents,county_statistics,統計比較,unknown_or_unavailable,READER_PENDING,derived:comparison_statistics,declared_contract_only_raw_family_unverified,NOT_VERIFIED,NOT_VERIFIED,,DERIVED_RELEASE_SOURCE_AUDIT_AND_READER_PENDING,audit_exact_numerator_denominator_release,"Inspect each exact releaseId artifact's numerator/denominator source receipts, units, null rules, period, and boundary version; reconcile publication status and register a bounded query reader. The common comparison runtime is not one raw source.",NONE_YET
statsComparisonBambooForestCountyAreaSharePct,county_statistics,統計比較,unknown_or_unavailable,READER_PENDING,derived:comparison_statistics,declared_contract_only_raw_family_unverified,NOT_VERIFIED,NOT_VERIFIED,,DERIVED_RELEASE_SOURCE_AUDIT_AND_READER_PENDING,audit_exact_numerator_denominator_release,"Inspect each exact releaseId artifact's numerator/denominator source receipts, units, null rules, period, and boundary version; reconcile publication status and register a bounded query reader. The common comparison runtime is not one raw source.",NONE_YET
statsComparisonBambooForestCountyLq,county_statistics,統計比較,unknown_or_unavailable,READER_PENDING,derived:comparison_statistics,declared_contract_only_raw_family_unverified,NOT_VERIFIED,NOT_VERIFIED,,DERIVED_RELEASE_SOURCE_AUDIT_AND_READER_PENDING,audit_exact_numerator_denominator_release,"Inspect each exact releaseId artifact's numerator/denominator source receipts, units, null rules, period, and boundary version; reconcile publication status and register a bounded query reader. The common comparison runtime is not one raw source.",NONE_YET
statsComparisonBambooForestCountyNationalSharePct,county_statistics,統計比較,unknown_or_unavailable,READER_PENDING,derived:comparison_statistics,declared_contract_only_raw_family_unverified,NOT_VERIFIED,NOT_VERIFIED,,DERIVED_RELEASE_SOURCE_AUDIT_AND_READER_PENDING,audit_exact_numerator_denominator_release,"Inspect each exact releaseId artifact's numerator/denominator source receipts, units, null rules, period, and boundary version; reconcile publication status and register a bounded query reader. The common comparison runtime is not one raw source.",NONE_YET
statsComparisonBambooForestCountyTotalHectare,county_statistics,統計比較,unknown_or_unavailable,READER_PENDING,derived:comparison_statistics,declared_contract_only_raw_family_unverified,NOT_VERIFIED,NOT_VERIFIED,,DERIVED_RELEASE_SOURCE_AUDIT_AND_READER_PENDING,audit_exact_numerator_denominator_release,"Inspect each exact releaseId artifact's numerator/denominator source receipts, units, null rules, period, and boundary version; reconcile publication status and register a bounded query reader. The common comparison runtime is not one raw source.",NONE_YET
statsComparisonBambooForestNationalSharePct,county_statistics,統計比較,unknown_or_unavailable,READER_PENDING,derived:comparison_statistics,declared_contract_only_raw_family_unverified,NOT_VERIFIED,NOT_VERIFIED,,DERIVED_RELEASE_SOURCE_AUDIT_AND_READER_PENDING,audit_exact_numerator_denominator_release,"Inspect each exact releaseId artifact's numerator/denominator source receipts, units, null rules, period, and boundary version; reconcile publication status and register a bounded query reader. The common comparison runtime is not one raw source.",NONE_YET
statsComparisonBambooForestTownshipAdminAreaSharePct,county_statistics,統計比較,unknown_or_unavailable,READER_PENDING,derived:comparison_statistics,declared_contract_only_raw_family_unverified,NOT_VERIFIED,NOT_VERIFIED,,DERIVED_RELEASE_SOURCE_AUDIT_AND_READER_PENDING,audit_exact_numerator_denominator_release,"Inspect each exact releaseId artifact's numerator/denominator source receipts, units, null rules, period, and boundary version; reconcile publication status and register a bounded query reader. The common comparison runtime is not one raw source.",NONE_YET
statsComparisonBambooForestTownshipOfCountySharePct,county_statistics,統計比較,unknown_or_unavailable,READER_PENDING,derived:comparison_statistics,declared_contract_only_raw_family_unverified,NOT_VERIFIED,NOT_VERIFIED,,DERIVED_RELEASE_SOURCE_AUDIT_AND_READER_PENDING,audit_exact_numerator_denominator_release,"Inspect each exact releaseId artifact's numerator/denominator source receipts, units, null rules, period, and boundary version; reconcile publication status and register a bounded query reader. The common comparison runtime is not one raw source.",NONE_YET
statsComparisonBroadleafForestCountyAreaSharePct,county_statistics,統計比較,unknown_or_unavailable,READER_PENDING,derived:comparison_statistics,declared_contract_only_raw_family_unverified,NOT_VERIFIED,NOT_VERIFIED,,DERIVED_RELEASE_SOURCE_AUDIT_AND_READER_PENDING,audit_exact_numerator_denominator_release,"Inspect each exact releaseId artifact's numerator/denominator source receipts, units, null rules, period, and boundary version; reconcile publication status and register a bounded query reader. The common comparison runtime is not one raw source.",NONE_YET
statsComparisonBroadleafForestCountyLq,county_statistics,統計比較,unknown_or_unavailable,READER_PENDING,derived:comparison_statistics,declared_contract_only_raw_family_unverified,NOT_VERIFIED,NOT_VERIFIED,,DERIVED_RELEASE_SOURCE_AUDIT_AND_READER_PENDING,audit_exact_numerator_denominator_release,"Inspect each exact releaseId artifact's numerator/denominator source receipts, units, null rules, period, and boundary version; reconcile publication status and register a bounded query reader. The common comparison runtime is not one raw source.",NONE_YET
statsComparisonBroadleafForestCountyNationalSharePct,county_statistics,統計比較,unknown_or_unavailable,READER_PENDING,derived:comparison_statistics,declared_contract_only_raw_family_unverified,NOT_VERIFIED,NOT_VERIFIED,,DERIVED_RELEASE_SOURCE_AUDIT_AND_READER_PENDING,audit_exact_numerator_denominator_release,"Inspect each exact releaseId artifact's numerator/denominator source receipts, units, null rules, period, and boundary version; reconcile publication status and register a bounded query reader. The common comparison runtime is not one raw source.",NONE_YET
statsComparisonBroadleafForestCountyTotalHectare,county_statistics,統計比較,unknown_or_unavailable,READER_PENDING,derived:comparison_statistics,declared_contract_only_raw_family_unverified,NOT_VERIFIED,NOT_VERIFIED,,DERIVED_RELEASE_SOURCE_AUDIT_AND_READER_PENDING,audit_exact_numerator_denominator_release,"Inspect each exact releaseId artifact's numerator/denominator source receipts, units, null rules, period, and boundary version; reconcile publication status and register a bounded query reader. The common comparison runtime is not one raw source.",NONE_YET
statsComparisonBroadleafForestNationalSharePct,county_statistics,統計比較,unknown_or_unavailable,READER_PENDING,derived:comparison_statistics,declared_contract_only_raw_family_unverified,NOT_VERIFIED,NOT_VERIFIED,,DERIVED_RELEASE_SOURCE_AUDIT_AND_READER_PENDING,audit_exact_numerator_denominator_release,"Inspect each exact releaseId artifact's numerator/denominator source receipts, units, null rules, period, and boundary version; reconcile publication status and register a bounded query reader. The common comparison runtime is not one raw source.",NONE_YET
statsComparisonBroadleafForestTownshipAdminAreaSharePct,county_statistics,統計比較,unknown_or_unavailable,READER_PENDING,derived:comparison_statistics,declared_contract_only_raw_family_unverified,NOT_VERIFIED,NOT_VERIFIED,,DERIVED_RELEASE_SOURCE_AUDIT_AND_READER_PENDING,audit_exact_numerator_denominator_release,"Inspect each exact releaseId artifact's numerator/denominator source receipts, units, null rules, period, and boundary version; reconcile publication status and register a bounded query reader. The common comparison runtime is not one raw source.",NONE_YET
statsComparisonBroadleafForestTownshipOfCountySharePct,county_statistics,統計比較,unknown_or_unavailable,READER_PENDING,derived:comparison_statistics,declared_contract_only_raw_family_unverified,NOT_VERIFIED,NOT_VERIFIED,,DERIVED_RELEASE_SOURCE_AUDIT_AND_READER_PENDING,audit_exact_numerator_denominator_release,"Inspect each exact releaseId artifact's numerator/denominator source receipts, units, null rules, period, and boundary version; reconcile publication status and register a bounded query reader. The common comparison runtime is not one raw source.",NONE_YET
statsComparisonBusAccessibleSharePct,county_statistics,統計比較,unknown_or_unavailable,READER_PENDING,derived:comparison_statistics,declared_contract_only_raw_family_unverified,NOT_VERIFIED,NOT_VERIFIED,,DERIVED_RELEASE_SOURCE_AUDIT_AND_READER_PENDING,audit_exact_numerator_denominator_release,"Inspect each exact releaseId artifact's numerator/denominator source receipts, units, null rules, period, and boundary version; reconcile publication status and register a bounded query reader. The common comparison runtime is not one raw source.",NONE_YET
statsComparisonBusAccessibleVehicleCountPer10000Residents,county_statistics,統計比較,unknown_or_unavailable,READER_PENDING,derived:comparison_statistics,declared_contract_only_raw_family_unverified,NOT_VERIFIED,NOT_VERIFIED,,DERIVED_RELEASE_SOURCE_AUDIT_AND_READER_PENDING,audit_exact_numerator_denominator_release,"Inspect each exact releaseId artifact's numerator/denominator source receipts, units, null rules, period, and boundary version; reconcile publication status and register a bounded query reader. The common comparison runtime is not one raw source.",NONE_YET
statsComparisonBusAccessibleVehicleCountPerKm2,county_statistics,統計比較,unknown_or_unavailable,READER_PENDING,derived:comparison_statistics,declared_contract_only_raw_family_unverified,NOT_VERIFIED,NOT_VERIFIED,,DERIVED_RELEASE_SOURCE_AUDIT_AND_READER_PENDING,audit_exact_numerator_denominator_release,"Inspect each exact releaseId artifact's numerator/denominator source receipts, units, null rules, period, and boundary version; reconcile publication status and register a bounded query reader. The common comparison runtime is not one raw source.",NONE_YET
statsComparisonBusApprovedRouteCountPer10000Residents,county_statistics,統計比較,unknown_or_unavailable,READER_PENDING,derived:comparison_statistics,declared_contract_only_raw_family_unverified,NOT_VERIFIED,NOT_VERIFIED,,DERIVED_RELEASE_SOURCE_AUDIT_AND_READER_PENDING,audit_exact_numerator_denominator_release,"Inspect each exact releaseId artifact's numerator/denominator source receipts, units, null rules, period, and boundary version; reconcile publication status and register a bounded query reader. The common comparison runtime is not one raw source.",NONE_YET
statsComparisonBusApprovedRouteCountPerKm2,county_statistics,統計比較,unknown_or_unavailable,READER_PENDING,derived:comparison_statistics,declared_contract_only_raw_family_unverified,NOT_VERIFIED,NOT_VERIFIED,,DERIVED_RELEASE_SOURCE_AUDIT_AND_READER_PENDING,audit_exact_numerator_denominator_release,"Inspect each exact releaseId artifact's numerator/denominator source receipts, units, null rules, period, and boundary version; reconcile publication status and register a bounded query reader. The common comparison runtime is not one raw source.",NONE_YET
statsComparisonBusElectricSharePct,county_statistics,統計比較,unknown_or_unavailable,READER_PENDING,derived:comparison_statistics,declared_contract_only_raw_family_unverified,NOT_VERIFIED,NOT_VERIFIED,,DERIVED_RELEASE_SOURCE_AUDIT_AND_READER_PENDING,audit_exact_numerator_denominator_release,"Inspect each exact releaseId artifact's numerator/denominator source receipts, units, null rules, period, and boundary version; reconcile publication status and register a bounded query reader. The common comparison runtime is not one raw source.",NONE_YET
statsComparisonBusElectricVehicleCountPer10000Residents,county_statistics,統計比較,unknown_or_unavailable,READER_PENDING,derived:comparison_statistics,declared_contract_only_raw_family_unverified,NOT_VERIFIED,NOT_VERIFIED,,DERIVED_RELEASE_SOURCE_AUDIT_AND_READER_PENDING,audit_exact_numerator_denominator_release,"Inspect each exact releaseId artifact's numerator/denominator source receipts, units, null rules, period, and boundary version; reconcile publication status and register a bounded query reader. The common comparison runtime is not one raw source.",NONE_YET
statsComparisonBusElectricVehicleCountPerKm2,county_statistics,統計比較,unknown_or_unavailable,READER_PENDING,derived:comparison_statistics,declared_contract_only_raw_family_unverified,NOT_VERIFIED,NOT_VERIFIED,,DERIVED_RELEASE_SOURCE_AUDIT_AND_READER_PENDING,audit_exact_numerator_denominator_release,"Inspect each exact releaseId artifact's numerator/denominator source receipts, units, null rules, period, and boundary version; reconcile publication status and register a bounded query reader. The common comparison runtime is not one raw source.",NONE_YET
statsComparisonBusOperatingRouteLengthKmPer10000Residents,county_statistics,統計比較,unknown_or_unavailable,READER_PENDING,derived:comparison_statistics,declared_contract_only_raw_family_unverified,NOT_VERIFIED,NOT_VERIFIED,,DERIVED_RELEASE_SOURCE_AUDIT_AND_READER_PENDING,audit_exact_numerator_denominator_release,"Inspect each exact releaseId artifact's numerator/denominator source receipts, units, null rules, period, and boundary version; reconcile publication status and register a bounded query reader. The common comparison runtime is not one raw source.",NONE_YET
statsComparisonBusOperatingRouteLengthKmPerKm2,county_statistics,統計比較,unknown_or_unavailable,READER_PENDING,derived:comparison_statistics,declared_contract_only_raw_family_unverified,NOT_VERIFIED,NOT_VERIFIED,,DERIVED_RELEASE_SOURCE_AUDIT_AND_READER_PENDING,audit_exact_numerator_denominator_release,"Inspect each exact releaseId artifact's numerator/denominator source receipts, units, null rules, period, and boundary version; reconcile publication status and register a bounded query reader. The common comparison runtime is not one raw source.",NONE_YET
statsComparisonBusOperatingTripCountPer10000Residents,county_statistics,統計比較,unknown_or_unavailable,READER_PENDING,derived:comparison_statistics,declared_contract_only_raw_family_unverified,NOT_VERIFIED,NOT_VERIFIED,,DERIVED_RELEASE_SOURCE_AUDIT_AND_READER_PENDING,audit_exact_numerator_denominator_release,"Inspect each exact releaseId artifact's numerator/denominator source receipts, units, null rules, period, and boundary version; reconcile publication status and register a bounded query reader. The common comparison runtime is not one raw source.",NONE_YET
statsComparisonBusOperatingTripCountPerKm2,county_statistics,統計比較,unknown_or_unavailable,READER_PENDING,derived:comparison_statistics,declared_contract_only_raw_family_unverified,NOT_VERIFIED,NOT_VERIFIED,,DERIVED_RELEASE_SOURCE_AUDIT_AND_READER_PENDING,audit_exact_numerator_denominator_release,"Inspect each exact releaseId artifact's numerator/denominator source receipts, units, null rules, period, and boundary version; reconcile publication status and register a bounded query reader. The common comparison runtime is not one raw source.",NONE_YET
statsComparisonBusOperatingVehicleCountPer10000Residents,county_statistics,統計比較,unknown_or_unavailable,READER_PENDING,derived:comparison_statistics,declared_contract_only_raw_family_unverified,NOT_VERIFIED,NOT_VERIFIED,,DERIVED_RELEASE_SOURCE_AUDIT_AND_READER_PENDING,audit_exact_numerator_denominator_release,"Inspect each exact releaseId artifact's numerator/denominator source receipts, units, null rules, period, and boundary version; reconcile publication status and register a bounded query reader. The common comparison runtime is not one raw source.",NONE_YET
statsComparisonBusOperatingVehicleCountPerKm2,county_statistics,統計比較,unknown_or_unavailable,READER_PENDING,derived:comparison_statistics,declared_contract_only_raw_family_unverified,NOT_VERIFIED,NOT_VERIFIED,,DERIVED_RELEASE_SOURCE_AUDIT_AND_READER_PENDING,audit_exact_numerator_denominator_release,"Inspect each exact releaseId artifact's numerator/denominator source receipts, units, null rules, period, and boundary version; reconcile publication status and register a bounded query reader. The common comparison runtime is not one raw source.",NONE_YET
statsComparisonBusOperatingVehicleKmPer10000Residents,county_statistics,統計比較,unknown_or_unavailable,READER_PENDING,derived:comparison_statistics,declared_contract_only_raw_family_unverified,NOT_VERIFIED,NOT_VERIFIED,,DERIVED_RELEASE_SOURCE_AUDIT_AND_READER_PENDING,audit_exact_numerator_denominator_release,"Inspect each exact releaseId artifact's numerator/denominator source receipts, units, null rules, period, and boundary version; reconcile publication status and register a bounded query reader. The common comparison runtime is not one raw source.",NONE_YET
statsComparisonBusOperatingVehicleKmPerKm2,county_statistics,統計比較,unknown_or_unavailable,READER_PENDING,derived:comparison_statistics,declared_contract_only_raw_family_unverified,NOT_VERIFIED,NOT_VERIFIED,,DERIVED_RELEASE_SOURCE_AUDIT_AND_READER_PENDING,audit_exact_numerator_denominator_release,"Inspect each exact releaseId artifact's numerator/denominator source receipts, units, null rules, period, and boundary version; reconcile publication status and register a bounded query reader. The common comparison runtime is not one raw source.",NONE_YET
statsComparisonCareWorkerRegistrationCountPer65plus1000County,county_statistics,統計比較,unknown_or_unavailable,READER_PENDING,derived:comparison_statistics,declared_contract_only_raw_family_unverified,NOT_VERIFIED,NOT_VERIFIED,,DERIVED_RELEASE_SOURCE_AUDIT_AND_READER_PENDING,audit_exact_numerator_denominator_release,"Inspect each exact releaseId artifact's numerator/denominator source receipts, units, null rules, period, and boundary version; reconcile publication status and register a bounded query reader. The common comparison runtime is not one raw source.",NONE_YET
statsComparisonConiferForestCountyAreaSharePct,county_statistics,統計比較,unknown_or_unavailable,READER_PENDING,derived:comparison_statistics,declared_contract_only_raw_family_unverified,NOT_VERIFIED,NOT_VERIFIED,,DERIVED_RELEASE_SOURCE_AUDIT_AND_READER_PENDING,audit_exact_numerator_denominator_release,"Inspect each exact releaseId artifact's numerator/denominator source receipts, units, null rules, period, and boundary version; reconcile publication status and register a bounded query reader. The common comparison runtime is not one raw source.",NONE_YET
statsComparisonConiferForestCountyLq,county_statistics,統計比較,unknown_or_unavailable,READER_PENDING,derived:comparison_statistics,declared_contract_only_raw_family_unverified,NOT_VERIFIED,NOT_VERIFIED,,DERIVED_RELEASE_SOURCE_AUDIT_AND_READER_PENDING,audit_exact_numerator_denominator_release,"Inspect each exact releaseId artifact's numerator/denominator source receipts, units, null rules, period, and boundary version; reconcile publication status and register a bounded query reader. The common comparison runtime is not one raw source.",NONE_YET
statsComparisonConiferForestCountyNationalSharePct,county_statistics,統計比較,unknown_or_unavailable,READER_PENDING,derived:comparison_statistics,declared_contract_only_raw_family_unverified,NOT_VERIFIED,NOT_VERIFIED,,DERIVED_RELEASE_SOURCE_AUDIT_AND_READER_PENDING,audit_exact_numerator_denominator_release,"Inspect each exact releaseId artifact's numerator/denominator source receipts, units, null rules, period, and boundary version; reconcile publication status and register a bounded query reader. The common comparison runtime is not one raw source.",NONE_YET
statsComparisonConiferForestCountyTotalHectare,county_statistics,統計比較,unknown_or_unavailable,READER_PENDING,derived:comparison_statistics,declared_contract_only_raw_family_unverified,NOT_VERIFIED,NOT_VERIFIED,,DERIVED_RELEASE_SOURCE_AUDIT_AND_READER_PENDING,audit_exact_numerator_denominator_release,"Inspect each exact releaseId artifact's numerator/denominator source receipts, units, null rules, period, and boundary version; reconcile publication status and register a bounded query reader. The common comparison runtime is not one raw source.",NONE_YET
statsComparisonConiferForestNationalSharePct,county_statistics,統計比較,unknown_or_unavailable,READER_PENDING,derived:comparison_statistics,declared_contract_only_raw_family_unverified,NOT_VERIFIED,NOT_VERIFIED,,DERIVED_RELEASE_SOURCE_AUDIT_AND_READER_PENDING,audit_exact_numerator_denominator_release,"Inspect each exact releaseId artifact's numerator/denominator source receipts, units, null rules, period, and boundary version; reconcile publication status and register a bounded query reader. The common comparison runtime is not one raw source.",NONE_YET
statsComparisonConiferForestTownshipAdminAreaSharePct,county_statistics,統計比較,unknown_or_unavailable,READER_PENDING,derived:comparison_statistics,declared_contract_only_raw_family_unverified,NOT_VERIFIED,NOT_VERIFIED,,DERIVED_RELEASE_SOURCE_AUDIT_AND_READER_PENDING,audit_exact_numerator_denominator_release,"Inspect each exact releaseId artifact's numerator/denominator source receipts, units, null rules, period, and boundary version; reconcile publication status and register a bounded query reader. The common comparison runtime is not one raw source.",NONE_YET
statsComparisonConiferForestTownshipOfCountySharePct,county_statistics,統計比較,unknown_or_unavailable,READER_PENDING,derived:comparison_statistics,declared_contract_only_raw_family_unverified,NOT_VERIFIED,NOT_VERIFIED,,DERIVED_RELEASE_SOURCE_AUDIT_AND_READER_PENDING,audit_exact_numerator_denominator_release,"Inspect each exact releaseId artifact's numerator/denominator source receipts, units, null rules, period, and boundary version; reconcile publication status and register a bounded query reader. The common comparison runtime is not one raw source.",NONE_YET
statsComparisonDryFieldCountyAreaSharePct,county_statistics,統計比較,unknown_or_unavailable,READER_PENDING,derived:comparison_statistics,declared_contract_only_raw_family_unverified,NOT_VERIFIED,NOT_VERIFIED,,DERIVED_RELEASE_SOURCE_AUDIT_AND_READER_PENDING,audit_exact_numerator_denominator_release,"Inspect each exact releaseId artifact's numerator/denominator source receipts, units, null rules, period, and boundary version; reconcile publication status and register a bounded query reader. The common comparison runtime is not one raw source.",NONE_YET
statsComparisonDryFieldCountyLq,county_statistics,統計比較,unknown_or_unavailable,READER_PENDING,derived:comparison_statistics,declared_contract_only_raw_family_unverified,NOT_VERIFIED,NOT_VERIFIED,,DERIVED_RELEASE_SOURCE_AUDIT_AND_READER_PENDING,audit_exact_numerator_denominator_release,"Inspect each exact releaseId artifact's numerator/denominator source receipts, units, null rules, period, and boundary version; reconcile publication status and register a bounded query reader. The common comparison runtime is not one raw source.",NONE_YET
statsComparisonDryFieldCountyNationalSharePct,county_statistics,統計比較,unknown_or_unavailable,READER_PENDING,derived:comparison_statistics,declared_contract_only_raw_family_unverified,NOT_VERIFIED,NOT_VERIFIED,,DERIVED_RELEASE_SOURCE_AUDIT_AND_READER_PENDING,audit_exact_numerator_denominator_release,"Inspect each exact releaseId artifact's numerator/denominator source receipts, units, null rules, period, and boundary version; reconcile publication status and register a bounded query reader. The common comparison runtime is not one raw source.",NONE_YET
statsComparisonDryFieldCountyTotalHectare,county_statistics,統計比較,unknown_or_unavailable,READER_PENDING,derived:comparison_statistics,declared_contract_only_raw_family_unverified,NOT_VERIFIED,NOT_VERIFIED,,DERIVED_RELEASE_SOURCE_AUDIT_AND_READER_PENDING,audit_exact_numerator_denominator_release,"Inspect each exact releaseId artifact's numerator/denominator source receipts, units, null rules, period, and boundary version; reconcile publication status and register a bounded query reader. The common comparison runtime is not one raw source.",NONE_YET
statsComparisonDryFieldNationalSharePct,county_statistics,統計比較,unknown_or_unavailable,READER_PENDING,derived:comparison_statistics,declared_contract_only_raw_family_unverified,NOT_VERIFIED,NOT_VERIFIED,,DERIVED_RELEASE_SOURCE_AUDIT_AND_READER_PENDING,audit_exact_numerator_denominator_release,"Inspect each exact releaseId artifact's numerator/denominator source receipts, units, null rules, period, and boundary version; reconcile publication status and register a bounded query reader. The common comparison runtime is not one raw source.",NONE_YET
statsComparisonDryFieldTownshipAdminAreaSharePct,county_statistics,統計比較,unknown_or_unavailable,READER_PENDING,derived:comparison_statistics,declared_contract_only_raw_family_unverified,NOT_VERIFIED,NOT_VERIFIED,,DERIVED_RELEASE_SOURCE_AUDIT_AND_READER_PENDING,audit_exact_numerator_denominator_release,"Inspect each exact releaseId artifact's numerator/denominator source receipts, units, null rules, period, and boundary version; reconcile publication status and register a bounded query reader. The common comparison runtime is not one raw source.",NONE_YET
statsComparisonDryFieldTownshipOfCountySharePct,county_statistics,統計比較,unknown_or_unavailable,READER_PENDING,derived:comparison_statistics,declared_contract_only_raw_family_unverified,NOT_VERIFIED,NOT_VERIFIED,,DERIVED_RELEASE_SOURCE_AUDIT_AND_READER_PENDING,audit_exact_numerator_denominator_release,"Inspect each exact releaseId artifact's numerator/denominator source receipts, units, null rules, period, and boundary version; reconcile publication status and register a bounded query reader. The common comparison runtime is not one raw source.",NONE_YET
statsComparisonEducationClassCountPer10000Residents,county_statistics,統計比較,unknown_or_unavailable,READER_PENDING,derived:comparison_statistics,declared_contract_only_raw_family_unverified,NOT_VERIFIED,NOT_VERIFIED,,DERIVED_RELEASE_SOURCE_AUDIT_AND_READER_PENDING,audit_exact_numerator_denominator_release,"Inspect each exact releaseId artifact's numerator/denominator source receipts, units, null rules, period, and boundary version; reconcile publication status and register a bounded query reader. The common comparison runtime is not one raw source.",NONE_YET
statsComparisonEducationClassCountPerKm2,county_statistics,統計比較,unknown_or_unavailable,READER_PENDING,derived:comparison_statistics,declared_contract_only_raw_family_unverified,NOT_VERIFIED,NOT_VERIFIED,,DERIVED_RELEASE_SOURCE_AUDIT_AND_READER_PENDING,audit_exact_numerator_denominator_release,"Inspect each exact releaseId artifact's numerator/denominator source receipts, units, null rules, period, and boundary version; reconcile publication status and register a bounded query reader. The common comparison runtime is not one raw source.",NONE_YET
statsComparisonEducationInstitutionCountPer10000Residents,county_statistics,統計比較,unknown_or_unavailable,READER_PENDING,derived:comparison_statistics,declared_contract_only_raw_family_unverified,NOT_VERIFIED,NOT_VERIFIED,,DERIVED_RELEASE_SOURCE_AUDIT_AND_READER_PENDING,audit_exact_numerator_denominator_release,"Inspect each exact releaseId artifact's numerator/denominator source receipts, units, null rules, period, and boundary version; reconcile publication status and register a bounded query reader. The common comparison runtime is not one raw source.",NONE_YET
statsComparisonEducationInstitutionCountPerKm2,county_statistics,統計比較,unknown_or_unavailable,READER_PENDING,derived:comparison_statistics,declared_contract_only_raw_family_unverified,NOT_VERIFIED,NOT_VERIFIED,,DERIVED_RELEASE_SOURCE_AUDIT_AND_READER_PENDING,audit_exact_numerator_denominator_release,"Inspect each exact releaseId artifact's numerator/denominator source receipts, units, null rules, period, and boundary version; reconcile publication status and register a bounded query reader. The common comparison runtime is not one raw source.",NONE_YET
statsComparisonEducationStaffCountPer10000Residents,county_statistics,統計比較,unknown_or_unavailable,READER_PENDING,derived:comparison_statistics,declared_contract_only_raw_family_unverified,NOT_VERIFIED,NOT_VERIFIED,,DERIVED_RELEASE_SOURCE_AUDIT_AND_READER_PENDING,audit_exact_numerator_denominator_release,"Inspect each exact releaseId artifact's numerator/denominator source receipts, units, null rules, period, and boundary version; reconcile publication status and register a bounded query reader. The common comparison runtime is not one raw source.",NONE_YET
statsComparisonEducationStaffCountPerKm2,county_statistics,統計比較,unknown_or_unavailable,READER_PENDING,derived:comparison_statistics,declared_contract_only_raw_family_unverified,NOT_VERIFIED,NOT_VERIFIED,,DERIVED_RELEASE_SOURCE_AUDIT_AND_READER_PENDING,audit_exact_numerator_denominator_release,"Inspect each exact releaseId artifact's numerator/denominator source receipts, units, null rules, period, and boundary version; reconcile publication status and register a bounded query reader. The common comparison runtime is not one raw source.",NONE_YET
statsComparisonEducationStudentCountPer10000Residents,county_statistics,統計比較,unknown_or_unavailable,READER_PENDING,derived:comparison_statistics,declared_contract_only_raw_family_unverified,NOT_VERIFIED,NOT_VERIFIED,,DERIVED_RELEASE_SOURCE_AUDIT_AND_READER_PENDING,audit_exact_numerator_denominator_release,"Inspect each exact releaseId artifact's numerator/denominator source receipts, units, null rules, period, and boundary version; reconcile publication status and register a bounded query reader. The common comparison runtime is not one raw source.",NONE_YET
statsComparisonEducationStudentCountPerKm2,county_statistics,統計比較,unknown_or_unavailable,READER_PENDING,derived:comparison_statistics,declared_contract_only_raw_family_unverified,NOT_VERIFIED,NOT_VERIFIED,,DERIVED_RELEASE_SOURCE_AUDIT_AND_READER_PENDING,audit_exact_numerator_denominator_release,"Inspect each exact releaseId artifact's numerator/denominator source receipts, units, null rules, period, and boundary version; reconcile publication status and register a bounded query reader. The common comparison runtime is not one raw source.",NONE_YET
statsComparisonEducationTeacherCountPer10000Residents,county_statistics,統計比較,unknown_or_unavailable,READER_PENDING,derived:comparison_statistics,declared_contract_only_raw_family_unverified,NOT_VERIFIED,NOT_VERIFIED,,DERIVED_RELEASE_SOURCE_AUDIT_AND_READER_PENDING,audit_exact_numerator_denominator_release,"Inspect each exact releaseId artifact's numerator/denominator source receipts, units, null rules, period, and boundary version; reconcile publication status and register a bounded query reader. The common comparison runtime is not one raw source.",NONE_YET
statsComparisonEducationTeacherCountPerKm2,county_statistics,統計比較,unknown_or_unavailable,READER_PENDING,derived:comparison_statistics,declared_contract_only_raw_family_unverified,NOT_VERIFIED,NOT_VERIFIED,,DERIVED_RELEASE_SOURCE_AUDIT_AND_READER_PENDING,audit_exact_numerator_denominator_release,"Inspect each exact releaseId artifact's numerator/denominator source receipts, units, null rules, period, and boundary version; reconcile publication status and register a bounded query reader. The common comparison runtime is not one raw source.",NONE_YET
statsComparisonFisheryProductionTonnesNationalSharePctCounty,county_statistics,統計比較,unknown_or_unavailable,READER_PENDING,derived:comparison_statistics,declared_contract_only_raw_family_unverified,NOT_VERIFIED,NOT_VERIFIED,,DERIVED_RELEASE_SOURCE_AUDIT_AND_READER_PENDING,audit_exact_numerator_denominator_release,"Inspect each exact releaseId artifact's numerator/denominator source receipts, units, null rules, period, and boundary version; reconcile publication status and register a bounded query reader. The common comparison runtime is not one raw source.",NONE_YET
statsComparisonFisheryValueThousandNationalSharePctCounty,county_statistics,統計比較,unknown_or_unavailable,READER_PENDING,derived:comparison_statistics,declared_contract_only_raw_family_unverified,NOT_VERIFIED,NOT_VERIFIED,,DERIVED_RELEASE_SOURCE_AUDIT_AND_READER_PENDING,audit_exact_numerator_denominator_release,"Inspect each exact releaseId artifact's numerator/denominator source receipts, units, null rules, period, and boundary version; reconcile publication status and register a bounded query reader. The common comparison runtime is not one raw source.",NONE_YET
statsComparisonGeneralNursingHomeOpenBedsPer65plus1000County,county_statistics,統計比較,unknown_or_unavailable,READER_PENDING,derived:comparison_statistics,declared_contract_only_raw_family_unverified,NOT_VERIFIED,NOT_VERIFIED,,DERIVED_RELEASE_SOURCE_AUDIT_AND_READER_PENDING,audit_exact_numerator_denominator_release,"Inspect each exact releaseId artifact's numerator/denominator source receipts, units, null rules, period, and boundary version; reconcile publication status and register a bounded query reader. The common comparison runtime is not one raw source.",NONE_YET
statsComparisonHealthProfessionalTotalPer10000PopulationTownship,county_statistics,統計比較,unknown_or_unavailable,READER_PENDING,derived:comparison_statistics,declared_contract_only_raw_family_unverified,NOT_VERIFIED,NOT_VERIFIED,,DERIVED_RELEASE_SOURCE_AUDIT_AND_READER_PENDING,audit_exact_numerator_denominator_release,"Inspect each exact releaseId artifact's numerator/denominator source receipts, units, null rules, period, and boundary version; reconcile publication status and register a bounded query reader. The common comparison runtime is not one raw source.",NONE_YET
statsComparisonHealthProfessionalTotalPerKm2Township,county_statistics,統計比較,unknown_or_unavailable,READER_PENDING,derived:comparison_statistics,declared_contract_only_raw_family_unverified,NOT_VERIFIED,NOT_VERIFIED,,DERIVED_RELEASE_SOURCE_AUDIT_AND_READER_PENDING,audit_exact_numerator_denominator_release,"Inspect each exact releaseId artifact's numerator/denominator source receipts, units, null rules, period, and boundary version; reconcile publication status and register a bounded query reader. The common comparison runtime is not one raw source.",NONE_YET
statsComparisonHospiceBedTotalPer10000PopulationTownship,county_statistics,統計比較,unknown_or_unavailable,READER_PENDING,derived:comparison_statistics,declared_contract_only_raw_family_unverified,NOT_VERIFIED,NOT_VERIFIED,,DERIVED_RELEASE_SOURCE_AUDIT_AND_READER_PENDING,audit_exact_numerator_denominator_release,"Inspect each exact releaseId artifact's numerator/denominator source receipts, units, null rules, period, and boundary version; reconcile publication status and register a bounded query reader. The common comparison runtime is not one raw source.",NONE_YET
statsComparisonHospiceBedTotalPerKm2Township,county_statistics,統計比較,unknown_or_unavailable,READER_PENDING,derived:comparison_statistics,declared_contract_only_raw_family_unverified,NOT_VERIFIED,NOT_VERIFIED,,DERIVED_RELEASE_SOURCE_AUDIT_AND_READER_PENDING,audit_exact_numerator_denominator_release,"Inspect each exact releaseId artifact's numerator/denominator source receipts, units, null rules, period, and boundary version; reconcile publication status and register a bounded query reader. The common comparison runtime is not one raw source.",NONE_YET
statsComparisonHospitalBedTotalPer10000PopulationTownship,county_statistics,統計比較,unknown_or_unavailable,READER_PENDING,derived:comparison_statistics,declared_contract_only_raw_family_unverified,NOT_VERIFIED,NOT_VERIFIED,,DERIVED_RELEASE_SOURCE_AUDIT_AND_READER_PENDING,audit_exact_numerator_denominator_release,"Inspect each exact releaseId artifact's numerator/denominator source receipts, units, null rules, period, and boundary version; reconcile publication status and register a bounded query reader. The common comparison runtime is not one raw source.",NONE_YET
statsComparisonHospitalBedTotalPerKm2Township,county_statistics,統計比較,unknown_or_unavailable,READER_PENDING,derived:comparison_statistics,declared_contract_only_raw_family_unverified,NOT_VERIFIED,NOT_VERIFIED,,DERIVED_RELEASE_SOURCE_AUDIT_AND_READER_PENDING,audit_exact_numerator_denominator_release,"Inspect each exact releaseId artifact's numerator/denominator source receipts, units, null rules, period, and boundary version; reconcile publication status and register a bounded query reader. The common comparison runtime is not one raw source.",NONE_YET
statsComparisonHospitalCountPer10000PopulationTownship,county_statistics,統計比較,unknown_or_unavailable,READER_PENDING,derived:comparison_statistics,declared_contract_only_raw_family_unverified,NOT_VERIFIED,NOT_VERIFIED,,DERIVED_RELEASE_SOURCE_AUDIT_AND_READER_PENDING,audit_exact_numerator_denominator_release,"Inspect each exact releaseId artifact's numerator/denominator source receipts, units, null rules, period, and boundary version; reconcile publication status and register a bounded query reader. The common comparison runtime is not one raw source.",NONE_YET
statsComparisonHospitalCountPerKm2Township,county_statistics,統計比較,unknown_or_unavailable,READER_PENDING,derived:comparison_statistics,declared_contract_only_raw_family_unverified,NOT_VERIFIED,NOT_VERIFIED,,DERIVED_RELEASE_SOURCE_AUDIT_AND_READER_PENDING,audit_exact_numerator_denominator_release,"Inspect each exact releaseId artifact's numerator/denominator source receipts, units, null rules, period, and boundary version; reconcile publication status and register a bounded query reader. The common comparison runtime is not one raw source.",NONE_YET
statsComparisonHousingMixedShareOfResidentialOrMixedPctCounty,county_statistics,統計比較,unknown_or_unavailable,READER_PENDING,derived:comparison_statistics,declared_contract_only_raw_family_unverified,NOT_VERIFIED,NOT_VERIFIED,,DERIVED_RELEASE_SOURCE_AUDIT_AND_READER_PENDING,audit_exact_numerator_denominator_release,"Inspect each exact releaseId artifact's numerator/denominator source receipts, units, null rules, period, and boundary version; reconcile publication status and register a bounded query reader. The common comparison runtime is not one raw source.",NONE_YET
statsComparisonHousingOccasionalSharePctCounty,county_statistics,統計比較,unknown_or_unavailable,READER_PENDING,derived:comparison_statistics,declared_contract_only_raw_family_unverified,NOT_VERIFIED,NOT_VERIFIED,,DERIVED_RELEASE_SOURCE_AUDIT_AND_READER_PENDING,audit_exact_numerator_denominator_release,"Inspect each exact releaseId artifact's numerator/denominator source receipts, units, null rules, period, and boundary version; reconcile publication status and register a bounded query reader. The common comparison runtime is not one raw source.",NONE_YET
statsComparisonHousingOccasionalSharePctTownship,county_statistics,統計比較,unknown_or_unavailable,READER_PENDING,derived:comparison_statistics,declared_contract_only_raw_family_unverified,NOT_VERIFIED,NOT_VERIFIED,,DERIVED_RELEASE_SOURCE_AUDIT_AND_READER_PENDING,audit_exact_numerator_denominator_release,"Inspect each exact releaseId artifact's numerator/denominator source receipts, units, null rules, period, and boundary version; reconcile publication status and register a bounded query reader. The common comparison runtime is not one raw source.",NONE_YET
statsComparisonHousingOtherUseSharePctCounty,county_statistics,統計比較,unknown_or_unavailable,READER_PENDING,derived:comparison_statistics,declared_contract_only_raw_family_unverified,NOT_VERIFIED,NOT_VERIFIED,,DERIVED_RELEASE_SOURCE_AUDIT_AND_READER_PENDING,audit_exact_numerator_denominator_release,"Inspect each exact releaseId artifact's numerator/denominator source receipts, units, null rules, period, and boundary version; reconcile publication status and register a bounded query reader. The common comparison runtime is not one raw source.",NONE_YET
statsComparisonHousingOtherUseSharePctTownship,county_statistics,統計比較,unknown_or_unavailable,READER_PENDING,derived:comparison_statistics,declared_contract_only_raw_family_unverified,NOT_VERIFIED,NOT_VERIFIED,,DERIVED_RELEASE_SOURCE_AUDIT_AND_READER_PENDING,audit_exact_numerator_denominator_release,"Inspect each exact releaseId artifact's numerator/denominator source receipts, units, null rules, period, and boundary version; reconcile publication status and register a bounded query reader. The common comparison runtime is not one raw source.",NONE_YET
statsComparisonHousingUnoccupiedSharePctCounty,county_statistics,統計比較,unknown_or_unavailable,READER_PENDING,derived:comparison_statistics,declared_contract_only_raw_family_unverified,NOT_VERIFIED,NOT_VERIFIED,,DERIVED_RELEASE_SOURCE_AUDIT_AND_READER_PENDING,audit_exact_numerator_denominator_release,"Inspect each exact releaseId artifact's numerator/denominator source receipts, units, null rules, period, and boundary version; reconcile publication status and register a bounded query reader. The common comparison runtime is not one raw source.",NONE_YET
statsComparisonHousingUnoccupiedSharePctTownship,county_statistics,統計比較,unknown_or_unavailable,READER_PENDING,derived:comparison_statistics,declared_contract_only_raw_family_unverified,NOT_VERIFIED,NOT_VERIFIED,,DERIVED_RELEASE_SOURCE_AUDIT_AND_READER_PENDING,audit_exact_numerator_denominator_release,"Inspect each exact releaseId artifact's numerator/denominator source receipts, units, null rules, period, and boundary version; reconcile publication status and register a bounded query reader. The common comparison runtime is not one raw source.",NONE_YET
statsComparisonIcuBedTotalPer10000PopulationTownship,county_statistics,統計比較,unknown_or_unavailable,READER_PENDING,derived:comparison_statistics,declared_contract_only_raw_family_unverified,NOT_VERIFIED,NOT_VERIFIED,,DERIVED_RELEASE_SOURCE_AUDIT_AND_READER_PENDING,audit_exact_numerator_denominator_release,"Inspect each exact releaseId artifact's numerator/denominator source receipts, units, null rules, period, and boundary version; reconcile publication status and register a bounded query reader. The common comparison runtime is not one raw source.",NONE_YET
statsComparisonIcuBedTotalPerKm2Township,county_statistics,統計比較,unknown_or_unavailable,READER_PENDING,derived:comparison_statistics,declared_contract_only_raw_family_unverified,NOT_VERIFIED,NOT_VERIFIED,,DERIVED_RELEASE_SOURCE_AUDIT_AND_READER_PENDING,audit_exact_numerator_denominator_release,"Inspect each exact releaseId artifact's numerator/denominator source receipts, units, null rules, period, and boundary version; reconcile publication status and register a bounded query reader. The common comparison runtime is not one raw source.",NONE_YET
statsComparisonLivestockBuildingCountyAreaSharePct,county_statistics,統計比較,unknown_or_unavailable,READER_PENDING,derived:comparison_statistics,declared_contract_only_raw_family_unverified,NOT_VERIFIED,NOT_VERIFIED,,DERIVED_RELEASE_SOURCE_AUDIT_AND_READER_PENDING,audit_exact_numerator_denominator_release,"Inspect each exact releaseId artifact's numerator/denominator source receipts, units, null rules, period, and boundary version; reconcile publication status and register a bounded query reader. The common comparison runtime is not one raw source.",NONE_YET
statsComparisonLivestockBuildingCountyLq,county_statistics,統計比較,unknown_or_unavailable,READER_PENDING,derived:comparison_statistics,declared_contract_only_raw_family_unverified,NOT_VERIFIED,NOT_VERIFIED,,DERIVED_RELEASE_SOURCE_AUDIT_AND_READER_PENDING,audit_exact_numerator_denominator_release,"Inspect each exact releaseId artifact's numerator/denominator source receipts, units, null rules, period, and boundary version; reconcile publication status and register a bounded query reader. The common comparison runtime is not one raw source.",NONE_YET
statsComparisonLivestockBuildingCountyNationalSharePct,county_statistics,統計比較,unknown_or_unavailable,READER_PENDING,derived:comparison_statistics,declared_contract_only_raw_family_unverified,NOT_VERIFIED,NOT_VERIFIED,,DERIVED_RELEASE_SOURCE_AUDIT_AND_READER_PENDING,audit_exact_numerator_denominator_release,"Inspect each exact releaseId artifact's numerator/denominator source receipts, units, null rules, period, and boundary version; reconcile publication status and register a bounded query reader. The common comparison runtime is not one raw source.",NONE_YET
statsComparisonLivestockBuildingCountyTotalHectare,county_statistics,統計比較,unknown_or_unavailable,READER_PENDING,derived:comparison_statistics,declared_contract_only_raw_family_unverified,NOT_VERIFIED,NOT_VERIFIED,,DERIVED_RELEASE_SOURCE_AUDIT_AND_READER_PENDING,audit_exact_numerator_denominator_release,"Inspect each exact releaseId artifact's numerator/denominator source receipts, units, null rules, period, and boundary version; reconcile publication status and register a bounded query reader. The common comparison runtime is not one raw source.",NONE_YET
statsComparisonLivestockBuildingNationalSharePct,county_statistics,統計比較,unknown_or_unavailable,READER_PENDING,derived:comparison_statistics,declared_contract_only_raw_family_unverified,NOT_VERIFIED,NOT_VERIFIED,,DERIVED_RELEASE_SOURCE_AUDIT_AND_READER_PENDING,audit_exact_numerator_denominator_release,"Inspect each exact releaseId artifact's numerator/denominator source receipts, units, null rules, period, and boundary version; reconcile publication status and register a bounded query reader. The common comparison runtime is not one raw source.",NONE_YET
statsComparisonLivestockBuildingTownshipAdminAreaSharePct,county_statistics,統計比較,unknown_or_unavailable,READER_PENDING,derived:comparison_statistics,declared_contract_only_raw_family_unverified,NOT_VERIFIED,NOT_VERIFIED,,DERIVED_RELEASE_SOURCE_AUDIT_AND_READER_PENDING,audit_exact_numerator_denominator_release,"Inspect each exact releaseId artifact's numerator/denominator source receipts, units, null rules, period, and boundary version; reconcile publication status and register a bounded query reader. The common comparison runtime is not one raw source.",NONE_YET
statsComparisonLivestockBuildingTownshipOfCountySharePct,county_statistics,統計比較,unknown_or_unavailable,READER_PENDING,derived:comparison_statistics,declared_contract_only_raw_family_unverified,NOT_VERIFIED,NOT_VERIFIED,,DERIVED_RELEASE_SOURCE_AUDIT_AND_READER_PENDING,audit_exact_numerator_denominator_release,"Inspect each exact releaseId artifact's numerator/denominator source receipts, units, null rules, period, and boundary version; reconcile publication status and register a bounded query reader. The common comparison runtime is not one raw source.",NONE_YET
statsComparisonLivestockHeadsPerFarmTownship,county_statistics,統計比較,unknown_or_unavailable,READER_PENDING,derived:comparison_statistics,declared_contract_only_raw_family_unverified,NOT_VERIFIED,NOT_VERIFIED,,DERIVED_RELEASE_SOURCE_AUDIT_AND_READER_PENDING,audit_exact_numerator_denominator_release,"Inspect each exact releaseId artifact's numerator/denominator source receipts, units, null rules, period, and boundary version; reconcile publication status and register a bounded query reader. The common comparison runtime is not one raw source.",NONE_YET
statsComparisonMixedForestCountyAreaSharePct,county_statistics,統計比較,unknown_or_unavailable,READER_PENDING,derived:comparison_statistics,declared_contract_only_raw_family_unverified,NOT_VERIFIED,NOT_VERIFIED,,DERIVED_RELEASE_SOURCE_AUDIT_AND_READER_PENDING,audit_exact_numerator_denominator_release,"Inspect each exact releaseId artifact's numerator/denominator source receipts, units, null rules, period, and boundary version; reconcile publication status and register a bounded query reader. The common comparison runtime is not one raw source.",NONE_YET
statsComparisonMixedForestCountyLq,county_statistics,統計比較,unknown_or_unavailable,READER_PENDING,derived:comparison_statistics,declared_contract_only_raw_family_unverified,NOT_VERIFIED,NOT_VERIFIED,,DERIVED_RELEASE_SOURCE_AUDIT_AND_READER_PENDING,audit_exact_numerator_denominator_release,"Inspect each exact releaseId artifact's numerator/denominator source receipts, units, null rules, period, and boundary version; reconcile publication status and register a bounded query reader. The common comparison runtime is not one raw source.",NONE_YET
statsComparisonMixedForestCountyNationalSharePct,county_statistics,統計比較,unknown_or_unavailable,READER_PENDING,derived:comparison_statistics,declared_contract_only_raw_family_unverified,NOT_VERIFIED,NOT_VERIFIED,,DERIVED_RELEASE_SOURCE_AUDIT_AND_READER_PENDING,audit_exact_numerator_denominator_release,"Inspect each exact releaseId artifact's numerator/denominator source receipts, units, null rules, period, and boundary version; reconcile publication status and register a bounded query reader. The common comparison runtime is not one raw source.",NONE_YET
statsComparisonMixedForestCountyTotalHectare,county_statistics,統計比較,unknown_or_unavailable,READER_PENDING,derived:comparison_statistics,declared_contract_only_raw_family_unverified,NOT_VERIFIED,NOT_VERIFIED,,DERIVED_RELEASE_SOURCE_AUDIT_AND_READER_PENDING,audit_exact_numerator_denominator_release,"Inspect each exact releaseId artifact's numerator/denominator source receipts, units, null rules, period, and boundary version; reconcile publication status and register a bounded query reader. The common comparison runtime is not one raw source.",NONE_YET
statsComparisonMixedForestNationalSharePct,county_statistics,統計比較,unknown_or_unavailable,READER_PENDING,derived:comparison_statistics,declared_contract_only_raw_family_unverified,NOT_VERIFIED,NOT_VERIFIED,,DERIVED_RELEASE_SOURCE_AUDIT_AND_READER_PENDING,audit_exact_numerator_denominator_release,"Inspect each exact releaseId artifact's numerator/denominator source receipts, units, null rules, period, and boundary version; reconcile publication status and register a bounded query reader. The common comparison runtime is not one raw source.",NONE_YET
statsComparisonMixedForestTownshipAdminAreaSharePct,county_statistics,統計比較,unknown_or_unavailable,READER_PENDING,derived:comparison_statistics,declared_contract_only_raw_family_unverified,NOT_VERIFIED,NOT_VERIFIED,,DERIVED_RELEASE_SOURCE_AUDIT_AND_READER_PENDING,audit_exact_numerator_denominator_release,"Inspect each exact releaseId artifact's numerator/denominator source receipts, units, null rules, period, and boundary version; reconcile publication status and register a bounded query reader. The common comparison runtime is not one raw source.",NONE_YET
statsComparisonMixedForestTownshipOfCountySharePct,county_statistics,統計比較,unknown_or_unavailable,READER_PENDING,derived:comparison_statistics,declared_contract_only_raw_family_unverified,NOT_VERIFIED,NOT_VERIFIED,,DERIVED_RELEASE_SOURCE_AUDIT_AND_READER_PENDING,audit_exact_numerator_denominator_release,"Inspect each exact releaseId artifact's numerator/denominator source receipts, units, null rules, period, and boundary version; reconcile publication status and register a bounded query reader. The common comparison runtime is not one raw source.",NONE_YET
statsComparisonMotorcycleLicenseHoldersCountPer10000Residents,county_statistics,統計比較,unknown_or_unavailable,READER_PENDING,derived:comparison_statistics,declared_contract_only_raw_family_unverified,NOT_VERIFIED,NOT_VERIFIED,,DERIVED_RELEASE_SOURCE_AUDIT_AND_READER_PENDING,audit_exact_numerator_denominator_release,"Inspect each exact releaseId artifact's numerator/denominator source receipts, units, null rules, period, and boundary version; reconcile publication status and register a bounded query reader. The common comparison runtime is not one raw source.",NONE_YET
statsComparisonMotorcycleRegisteredCountPer10000Residents,county_statistics,統計比較,unknown_or_unavailable,READER_PENDING,derived:comparison_statistics,declared_contract_only_raw_family_unverified,NOT_VERIFIED,NOT_VERIFIED,,DERIVED_RELEASE_SOURCE_AUDIT_AND_READER_PENDING,audit_exact_numerator_denominator_release,"Inspect each exact releaseId artifact's numerator/denominator source receipts, units, null rules, period, and boundary version; reconcile publication status and register a bounded query reader. The common comparison runtime is not one raw source.",NONE_YET
statsComparisonOffstreetSmallCarParkingSpacesCountPer10000Residents,county_statistics,統計比較,unknown_or_unavailable,READER_PENDING,derived:comparison_statistics,declared_contract_only_raw_family_unverified,NOT_VERIFIED,NOT_VERIFIED,,DERIVED_RELEASE_SOURCE_AUDIT_AND_READER_PENDING,audit_exact_numerator_denominator_release,"Inspect each exact releaseId artifact's numerator/denominator source receipts, units, null rules, period, and boundary version; reconcile publication status and register a bounded query reader. The common comparison runtime is not one raw source.",NONE_YET
statsComparisonOnstreetSmallCarParkingSpacesCountPer10000Residents,county_statistics,統計比較,unknown_or_unavailable,READER_PENDING,derived:comparison_statistics,declared_contract_only_raw_family_unverified,NOT_VERIFIED,NOT_VERIFIED,,DERIVED_RELEASE_SOURCE_AUDIT_AND_READER_PENDING,audit_exact_numerator_denominator_release,"Inspect each exact releaseId artifact's numerator/denominator source receipts, units, null rules, period, and boundary version; reconcile publication status and register a bounded query reader. The common comparison runtime is not one raw source.",NONE_YET
statsComparisonOrchardCountyAreaSharePct,county_statistics,統計比較,unknown_or_unavailable,READER_PENDING,derived:comparison_statistics,declared_contract_only_raw_family_unverified,NOT_VERIFIED,NOT_VERIFIED,,DERIVED_RELEASE_SOURCE_AUDIT_AND_READER_PENDING,audit_exact_numerator_denominator_release,"Inspect each exact releaseId artifact's numerator/denominator source receipts, units, null rules, period, and boundary version; reconcile publication status and register a bounded query reader. The common comparison runtime is not one raw source.",NONE_YET
statsComparisonOrchardCountyLq,county_statistics,統計比較,unknown_or_unavailable,READER_PENDING,derived:comparison_statistics,declared_contract_only_raw_family_unverified,NOT_VERIFIED,NOT_VERIFIED,,DERIVED_RELEASE_SOURCE_AUDIT_AND_READER_PENDING,audit_exact_numerator_denominator_release,"Inspect each exact releaseId artifact's numerator/denominator source receipts, units, null rules, period, and boundary version; reconcile publication status and register a bounded query reader. The common comparison runtime is not one raw source.",NONE_YET
statsComparisonOrchardCountyNationalSharePct,county_statistics,統計比較,unknown_or_unavailable,READER_PENDING,derived:comparison_statistics,declared_contract_only_raw_family_unverified,NOT_VERIFIED,NOT_VERIFIED,,DERIVED_RELEASE_SOURCE_AUDIT_AND_READER_PENDING,audit_exact_numerator_denominator_release,"Inspect each exact releaseId artifact's numerator/denominator source receipts, units, null rules, period, and boundary version; reconcile publication status and register a bounded query reader. The common comparison runtime is not one raw source.",NONE_YET
statsComparisonOrchardCountyTotalHectare,county_statistics,統計比較,unknown_or_unavailable,READER_PENDING,derived:comparison_statistics,declared_contract_only_raw_family_unverified,NOT_VERIFIED,NOT_VERIFIED,,DERIVED_RELEASE_SOURCE_AUDIT_AND_READER_PENDING,audit_exact_numerator_denominator_release,"Inspect each exact releaseId artifact's numerator/denominator source receipts, units, null rules, period, and boundary version; reconcile publication status and register a bounded query reader. The common comparison runtime is not one raw source.",NONE_YET
statsComparisonOrchardNationalSharePct,county_statistics,統計比較,unknown_or_unavailable,READER_PENDING,derived:comparison_statistics,declared_contract_only_raw_family_unverified,NOT_VERIFIED,NOT_VERIFIED,,DERIVED_RELEASE_SOURCE_AUDIT_AND_READER_PENDING,audit_exact_numerator_denominator_release,"Inspect each exact releaseId artifact's numerator/denominator source receipts, units, null rules, period, and boundary version; reconcile publication status and register a bounded query reader. The common comparison runtime is not one raw source.",NONE_YET
statsComparisonOrchardTownshipAdminAreaSharePct,county_statistics,統計比較,unknown_or_unavailable,READER_PENDING,derived:comparison_statistics,declared_contract_only_raw_family_unverified,NOT_VERIFIED,NOT_VERIFIED,,DERIVED_RELEASE_SOURCE_AUDIT_AND_READER_PENDING,audit_exact_numerator_denominator_release,"Inspect each exact releaseId artifact's numerator/denominator source receipts, units, null rules, period, and boundary version; reconcile publication status and register a bounded query reader. The common comparison runtime is not one raw source.",NONE_YET
statsComparisonOrchardTownshipOfCountySharePct,county_statistics,統計比較,unknown_or_unavailable,READER_PENDING,derived:comparison_statistics,declared_contract_only_raw_family_unverified,NOT_VERIFIED,NOT_VERIFIED,,DERIVED_RELEASE_SOURCE_AUDIT_AND_READER_PENDING,audit_exact_numerator_denominator_release,"Inspect each exact releaseId artifact's numerator/denominator source receipts, units, null rules, period, and boundary version; reconcile publication status and register a bounded query reader. The common comparison runtime is not one raw source.",NONE_YET
statsComparisonPaddyLandCountyAreaSharePct,county_statistics,統計比較,unknown_or_unavailable,READER_PENDING,derived:comparison_statistics,declared_contract_only_raw_family_unverified,NOT_VERIFIED,NOT_VERIFIED,,DERIVED_RELEASE_SOURCE_AUDIT_AND_READER_PENDING,audit_exact_numerator_denominator_release,"Inspect each exact releaseId artifact's numerator/denominator source receipts, units, null rules, period, and boundary version; reconcile publication status and register a bounded query reader. The common comparison runtime is not one raw source.",NONE_YET
statsComparisonPaddyLandCountyLq,county_statistics,統計比較,unknown_or_unavailable,READER_PENDING,derived:comparison_statistics,declared_contract_only_raw_family_unverified,NOT_VERIFIED,NOT_VERIFIED,,DERIVED_RELEASE_SOURCE_AUDIT_AND_READER_PENDING,audit_exact_numerator_denominator_release,"Inspect each exact releaseId artifact's numerator/denominator source receipts, units, null rules, period, and boundary version; reconcile publication status and register a bounded query reader. The common comparison runtime is not one raw source.",NONE_YET
statsComparisonPaddyLandCountyNationalSharePct,county_statistics,統計比較,unknown_or_unavailable,READER_PENDING,derived:comparison_statistics,declared_contract_only_raw_family_unverified,NOT_VERIFIED,NOT_VERIFIED,,DERIVED_RELEASE_SOURCE_AUDIT_AND_READER_PENDING,audit_exact_numerator_denominator_release,"Inspect each exact releaseId artifact's numerator/denominator source receipts, units, null rules, period, and boundary version; reconcile publication status and register a bounded query reader. The common comparison runtime is not one raw source.",NONE_YET
statsComparisonPaddyLandCountyTotalHectare,county_statistics,統計比較,unknown_or_unavailable,READER_PENDING,derived:comparison_statistics,declared_contract_only_raw_family_unverified,NOT_VERIFIED,NOT_VERIFIED,,DERIVED_RELEASE_SOURCE_AUDIT_AND_READER_PENDING,audit_exact_numerator_denominator_release,"Inspect each exact releaseId artifact's numerator/denominator source receipts, units, null rules, period, and boundary version; reconcile publication status and register a bounded query reader. The common comparison runtime is not one raw source.",NONE_YET
statsComparisonPaddyLandNationalSharePct,county_statistics,統計比較,unknown_or_unavailable,READER_PENDING,derived:comparison_statistics,declared_contract_only_raw_family_unverified,NOT_VERIFIED,NOT_VERIFIED,,DERIVED_RELEASE_SOURCE_AUDIT_AND_READER_PENDING,audit_exact_numerator_denominator_release,"Inspect each exact releaseId artifact's numerator/denominator source receipts, units, null rules, period, and boundary version; reconcile publication status and register a bounded query reader. The common comparison runtime is not one raw source.",NONE_YET
statsComparisonPaddyLandTownshipAdminAreaSharePct,county_statistics,統計比較,unknown_or_unavailable,READER_PENDING,derived:comparison_statistics,declared_contract_only_raw_family_unverified,NOT_VERIFIED,NOT_VERIFIED,,DERIVED_RELEASE_SOURCE_AUDIT_AND_READER_PENDING,audit_exact_numerator_denominator_release,"Inspect each exact releaseId artifact's numerator/denominator source receipts, units, null rules, period, and boundary version; reconcile publication status and register a bounded query reader. The common comparison runtime is not one raw source.",NONE_YET
statsComparisonPaddyLandTownshipOfCountySharePct,county_statistics,統計比較,unknown_or_unavailable,READER_PENDING,derived:comparison_statistics,declared_contract_only_raw_family_unverified,NOT_VERIFIED,NOT_VERIFIED,,DERIVED_RELEASE_SOURCE_AUDIT_AND_READER_PENDING,audit_exact_numerator_denominator_release,"Inspect each exact releaseId artifact's numerator/denominator source receipts, units, null rules, period, and boundary version; reconcile publication status and register a bounded query reader. The common comparison runtime is not one raw source.",NONE_YET
statsComparisonPastureCountyAreaSharePct,county_statistics,統計比較,unknown_or_unavailable,READER_PENDING,derived:comparison_statistics,declared_contract_only_raw_family_unverified,NOT_VERIFIED,NOT_VERIFIED,,DERIVED_RELEASE_SOURCE_AUDIT_AND_READER_PENDING,audit_exact_numerator_denominator_release,"Inspect each exact releaseId artifact's numerator/denominator source receipts, units, null rules, period, and boundary version; reconcile publication status and register a bounded query reader. The common comparison runtime is not one raw source.",NONE_YET
statsComparisonPastureCountyLq,county_statistics,統計比較,unknown_or_unavailable,READER_PENDING,derived:comparison_statistics,declared_contract_only_raw_family_unverified,NOT_VERIFIED,NOT_VERIFIED,,DERIVED_RELEASE_SOURCE_AUDIT_AND_READER_PENDING,audit_exact_numerator_denominator_release,"Inspect each exact releaseId artifact's numerator/denominator source receipts, units, null rules, period, and boundary version; reconcile publication status and register a bounded query reader. The common comparison runtime is not one raw source.",NONE_YET
statsComparisonPastureCountyNationalSharePct,county_statistics,統計比較,unknown_or_unavailable,READER_PENDING,derived:comparison_statistics,declared_contract_only_raw_family_unverified,NOT_VERIFIED,NOT_VERIFIED,,DERIVED_RELEASE_SOURCE_AUDIT_AND_READER_PENDING,audit_exact_numerator_denominator_release,"Inspect each exact releaseId artifact's numerator/denominator source receipts, units, null rules, period, and boundary version; reconcile publication status and register a bounded query reader. The common comparison runtime is not one raw source.",NONE_YET
statsComparisonPastureCountyTotalHectare,county_statistics,統計比較,unknown_or_unavailable,READER_PENDING,derived:comparison_statistics,declared_contract_only_raw_family_unverified,NOT_VERIFIED,NOT_VERIFIED,,DERIVED_RELEASE_SOURCE_AUDIT_AND_READER_PENDING,audit_exact_numerator_denominator_release,"Inspect each exact releaseId artifact's numerator/denominator source receipts, units, null rules, period, and boundary version; reconcile publication status and register a bounded query reader. The common comparison runtime is not one raw source.",NONE_YET
statsComparisonPastureNationalSharePct,county_statistics,統計比較,unknown_or_unavailable,READER_PENDING,derived:comparison_statistics,declared_contract_only_raw_family_unverified,NOT_VERIFIED,NOT_VERIFIED,,DERIVED_RELEASE_SOURCE_AUDIT_AND_READER_PENDING,audit_exact_numerator_denominator_release,"Inspect each exact releaseId artifact's numerator/denominator source receipts, units, null rules, period, and boundary version; reconcile publication status and register a bounded query reader. The common comparison runtime is not one raw source.",NONE_YET
statsComparisonPastureTownshipAdminAreaSharePct,county_statistics,統計比較,unknown_or_unavailable,READER_PENDING,derived:comparison_statistics,declared_contract_only_raw_family_unverified,NOT_VERIFIED,NOT_VERIFIED,,DERIVED_RELEASE_SOURCE_AUDIT_AND_READER_PENDING,audit_exact_numerator_denominator_release,"Inspect each exact releaseId artifact's numerator/denominator source receipts, units, null rules, period, and boundary version; reconcile publication status and register a bounded query reader. The common comparison runtime is not one raw source.",NONE_YET
statsComparisonPastureTownshipOfCountySharePct,county_statistics,統計比較,unknown_or_unavailable,READER_PENDING,derived:comparison_statistics,declared_contract_only_raw_family_unverified,NOT_VERIFIED,NOT_VERIFIED,,DERIVED_RELEASE_SOURCE_AUDIT_AND_READER_PENDING,audit_exact_numerator_denominator_release,"Inspect each exact releaseId artifact's numerator/denominator source receipts, units, null rules, period, and boundary version; reconcile publication status and register a bounded query reader. The common comparison runtime is not one raw source.",NONE_YET
statsComparisonPortLandCountyAreaSharePct,county_statistics,統計比較,unknown_or_unavailable,READER_PENDING,derived:comparison_statistics,declared_contract_only_raw_family_unverified,NOT_VERIFIED,NOT_VERIFIED,,DERIVED_RELEASE_SOURCE_AUDIT_AND_READER_PENDING,audit_exact_numerator_denominator_release,"Inspect each exact releaseId artifact's numerator/denominator source receipts, units, null rules, period, and boundary version; reconcile publication status and register a bounded query reader. The common comparison runtime is not one raw source.",NONE_YET
statsComparisonPortLandCountyLq,county_statistics,統計比較,unknown_or_unavailable,READER_PENDING,derived:comparison_statistics,declared_contract_only_raw_family_unverified,NOT_VERIFIED,NOT_VERIFIED,,DERIVED_RELEASE_SOURCE_AUDIT_AND_READER_PENDING,audit_exact_numerator_denominator_release,"Inspect each exact releaseId artifact's numerator/denominator source receipts, units, null rules, period, and boundary version; reconcile publication status and register a bounded query reader. The common comparison runtime is not one raw source.",NONE_YET
statsComparisonPortLandCountyNationalSharePct,county_statistics,統計比較,unknown_or_unavailable,READER_PENDING,derived:comparison_statistics,declared_contract_only_raw_family_unverified,NOT_VERIFIED,NOT_VERIFIED,,DERIVED_RELEASE_SOURCE_AUDIT_AND_READER_PENDING,audit_exact_numerator_denominator_release,"Inspect each exact releaseId artifact's numerator/denominator source receipts, units, null rules, period, and boundary version; reconcile publication status and register a bounded query reader. The common comparison runtime is not one raw source.",NONE_YET
statsComparisonPortLandCountyTotalHectare,county_statistics,統計比較,unknown_or_unavailable,READER_PENDING,derived:comparison_statistics,declared_contract_only_raw_family_unverified,NOT_VERIFIED,NOT_VERIFIED,,DERIVED_RELEASE_SOURCE_AUDIT_AND_READER_PENDING,audit_exact_numerator_denominator_release,"Inspect each exact releaseId artifact's numerator/denominator source receipts, units, null rules, period, and boundary version; reconcile publication status and register a bounded query reader. The common comparison runtime is not one raw source.",NONE_YET
statsComparisonPortLandNationalSharePct,county_statistics,統計比較,unknown_or_unavailable,READER_PENDING,derived:comparison_statistics,declared_contract_only_raw_family_unverified,NOT_VERIFIED,NOT_VERIFIED,,DERIVED_RELEASE_SOURCE_AUDIT_AND_READER_PENDING,audit_exact_numerator_denominator_release,"Inspect each exact releaseId artifact's numerator/denominator source receipts, units, null rules, period, and boundary version; reconcile publication status and register a bounded query reader. The common comparison runtime is not one raw source.",NONE_YET
statsComparisonPortLandTownshipAdminAreaSharePct,county_statistics,統計比較,unknown_or_unavailable,READER_PENDING,derived:comparison_statistics,declared_contract_only_raw_family_unverified,NOT_VERIFIED,NOT_VERIFIED,,DERIVED_RELEASE_SOURCE_AUDIT_AND_READER_PENDING,audit_exact_numerator_denominator_release,"Inspect each exact releaseId artifact's numerator/denominator source receipts, units, null rules, period, and boundary version; reconcile publication status and register a bounded query reader. The common comparison runtime is not one raw source.",NONE_YET
statsComparisonPortLandTownshipOfCountySharePct,county_statistics,統計比較,unknown_or_unavailable,READER_PENDING,derived:comparison_statistics,declared_contract_only_raw_family_unverified,NOT_VERIFIED,NOT_VERIFIED,,DERIVED_RELEASE_SOURCE_AUDIT_AND_READER_PENDING,audit_exact_numerator_denominator_release,"Inspect each exact releaseId artifact's numerator/denominator source receipts, units, null rules, period, and boundary version; reconcile publication status and register a bounded query reader. The common comparison runtime is not one raw source.",NONE_YET
statsComparisonPostpartumNursingHomeOpenBedsPerBirths1000County,county_statistics,統計比較,unknown_or_unavailable,READER_PENDING,derived:comparison_statistics,declared_contract_only_raw_family_unverified,NOT_VERIFIED,NOT_VERIFIED,,DERIVED_RELEASE_SOURCE_AUDIT_AND_READER_PENDING,audit_exact_numerator_denominator_release,"Inspect each exact releaseId artifact's numerator/denominator source receipts, units, null rules, period, and boundary version; reconcile publication status and register a bounded query reader. The common comparison runtime is not one raw source.",NONE_YET
statsComparisonPostpartumNursingHomeOpenInfantBedsPerBirths1000County,county_statistics,統計比較,unknown_or_unavailable,READER_PENDING,derived:comparison_statistics,declared_contract_only_raw_family_unverified,NOT_VERIFIED,NOT_VERIFIED,,DERIVED_RELEASE_SOURCE_AUDIT_AND_READER_PENDING,audit_exact_numerator_denominator_release,"Inspect each exact releaseId artifact's numerator/denominator source receipts, units, null rules, period, and boundary version; reconcile publication status and register a bounded query reader. The common comparison runtime is not one raw source.",NONE_YET
statsComparisonRailLandCountyAreaSharePct,county_statistics,統計比較,unknown_or_unavailable,READER_PENDING,derived:comparison_statistics,declared_contract_only_raw_family_unverified,NOT_VERIFIED,NOT_VERIFIED,,DERIVED_RELEASE_SOURCE_AUDIT_AND_READER_PENDING,audit_exact_numerator_denominator_release,"Inspect each exact releaseId artifact's numerator/denominator source receipts, units, null rules, period, and boundary version; reconcile publication status and register a bounded query reader. The common comparison runtime is not one raw source.",NONE_YET
statsComparisonRailLandCountyLq,county_statistics,統計比較,unknown_or_unavailable,READER_PENDING,derived:comparison_statistics,declared_contract_only_raw_family_unverified,NOT_VERIFIED,NOT_VERIFIED,,DERIVED_RELEASE_SOURCE_AUDIT_AND_READER_PENDING,audit_exact_numerator_denominator_release,"Inspect each exact releaseId artifact's numerator/denominator source receipts, units, null rules, period, and boundary version; reconcile publication status and register a bounded query reader. The common comparison runtime is not one raw source.",NONE_YET
statsComparisonRailLandCountyNationalSharePct,county_statistics,統計比較,unknown_or_unavailable,READER_PENDING,derived:comparison_statistics,declared_contract_only_raw_family_unverified,NOT_VERIFIED,NOT_VERIFIED,,DERIVED_RELEASE_SOURCE_AUDIT_AND_READER_PENDING,audit_exact_numerator_denominator_release,"Inspect each exact releaseId artifact's numerator/denominator source receipts, units, null rules, period, and boundary version; reconcile publication status and register a bounded query reader. The common comparison runtime is not one raw source.",NONE_YET
statsComparisonRailLandCountyTotalHectare,county_statistics,統計比較,unknown_or_unavailable,READER_PENDING,derived:comparison_statistics,declared_contract_only_raw_family_unverified,NOT_VERIFIED,NOT_VERIFIED,,DERIVED_RELEASE_SOURCE_AUDIT_AND_READER_PENDING,audit_exact_numerator_denominator_release,"Inspect each exact releaseId artifact's numerator/denominator source receipts, units, null rules, period, and boundary version; reconcile publication status and register a bounded query reader. The common comparison runtime is not one raw source.",NONE_YET
statsComparisonRailLandNationalSharePct,county_statistics,統計比較,unknown_or_unavailable,READER_PENDING,derived:comparison_statistics,declared_contract_only_raw_family_unverified,NOT_VERIFIED,NOT_VERIFIED,,DERIVED_RELEASE_SOURCE_AUDIT_AND_READER_PENDING,audit_exact_numerator_denominator_release,"Inspect each exact releaseId artifact's numerator/denominator source receipts, units, null rules, period, and boundary version; reconcile publication status and register a bounded query reader. The common comparison runtime is not one raw source.",NONE_YET
statsComparisonRailLandTownshipAdminAreaSharePct,county_statistics,統計比較,unknown_or_unavailable,READER_PENDING,derived:comparison_statistics,declared_contract_only_raw_family_unverified,NOT_VERIFIED,NOT_VERIFIED,,DERIVED_RELEASE_SOURCE_AUDIT_AND_READER_PENDING,audit_exact_numerator_denominator_release,"Inspect each exact releaseId artifact's numerator/denominator source receipts, units, null rules, period, and boundary version; reconcile publication status and register a bounded query reader. The common comparison runtime is not one raw source.",NONE_YET
statsComparisonRailLandTownshipOfCountySharePct,county_statistics,統計比較,unknown_or_unavailable,READER_PENDING,derived:comparison_statistics,declared_contract_only_raw_family_unverified,NOT_VERIFIED,NOT_VERIFIED,,DERIVED_RELEASE_SOURCE_AUDIT_AND_READER_PENDING,audit_exact_numerator_denominator_release,"Inspect each exact releaseId artifact's numerator/denominator source receipts, units, null rules, period, and boundary version; reconcile publication status and register a bounded query reader. The common comparison runtime is not one raw source.",NONE_YET
statsComparisonRegisteredNurseCountPer10000PopulationTownship,county_statistics,統計比較,unknown_or_unavailable,READER_PENDING,derived:comparison_statistics,declared_contract_only_raw_family_unverified,NOT_VERIFIED,NOT_VERIFIED,,DERIVED_RELEASE_SOURCE_AUDIT_AND_READER_PENDING,audit_exact_numerator_denominator_release,"Inspect each exact releaseId artifact's numerator/denominator source receipts, units, null rules, period, and boundary version; reconcile publication status and register a bounded query reader. The common comparison runtime is not one raw source.",NONE_YET
statsComparisonRegisteredNurseCountPerKm2Township,county_statistics,統計比較,unknown_or_unavailable,READER_PENDING,derived:comparison_statistics,declared_contract_only_raw_family_unverified,NOT_VERIFIED,NOT_VERIFIED,,DERIVED_RELEASE_SOURCE_AUDIT_AND_READER_PENDING,audit_exact_numerator_denominator_release,"Inspect each exact releaseId artifact's numerator/denominator source receipts, units, null rules, period, and boundary version; reconcile publication status and register a bounded query reader. The common comparison runtime is not one raw source.",NONE_YET
statsComparisonRoadLandCountyAreaSharePct,county_statistics,統計比較,unknown_or_unavailable,READER_PENDING,derived:comparison_statistics,declared_contract_only_raw_family_unverified,NOT_VERIFIED,NOT_VERIFIED,,DERIVED_RELEASE_SOURCE_AUDIT_AND_READER_PENDING,audit_exact_numerator_denominator_release,"Inspect each exact releaseId artifact's numerator/denominator source receipts, units, null rules, period, and boundary version; reconcile publication status and register a bounded query reader. The common comparison runtime is not one raw source.",NONE_YET
statsComparisonRoadLandCountyLq,county_statistics,統計比較,unknown_or_unavailable,READER_PENDING,derived:comparison_statistics,declared_contract_only_raw_family_unverified,NOT_VERIFIED,NOT_VERIFIED,,DERIVED_RELEASE_SOURCE_AUDIT_AND_READER_PENDING,audit_exact_numerator_denominator_release,"Inspect each exact releaseId artifact's numerator/denominator source receipts, units, null rules, period, and boundary version; reconcile publication status and register a bounded query reader. The common comparison runtime is not one raw source.",NONE_YET
statsComparisonRoadLandCountyNationalSharePct,county_statistics,統計比較,unknown_or_unavailable,READER_PENDING,derived:comparison_statistics,declared_contract_only_raw_family_unverified,NOT_VERIFIED,NOT_VERIFIED,,DERIVED_RELEASE_SOURCE_AUDIT_AND_READER_PENDING,audit_exact_numerator_denominator_release,"Inspect each exact releaseId artifact's numerator/denominator source receipts, units, null rules, period, and boundary version; reconcile publication status and register a bounded query reader. The common comparison runtime is not one raw source.",NONE_YET
statsComparisonRoadLandCountyTotalHectare,county_statistics,統計比較,unknown_or_unavailable,READER_PENDING,derived:comparison_statistics,declared_contract_only_raw_family_unverified,NOT_VERIFIED,NOT_VERIFIED,,DERIVED_RELEASE_SOURCE_AUDIT_AND_READER_PENDING,audit_exact_numerator_denominator_release,"Inspect each exact releaseId artifact's numerator/denominator source receipts, units, null rules, period, and boundary version; reconcile publication status and register a bounded query reader. The common comparison runtime is not one raw source.",NONE_YET
statsComparisonRoadLandNationalSharePct,county_statistics,統計比較,unknown_or_unavailable,READER_PENDING,derived:comparison_statistics,declared_contract_only_raw_family_unverified,NOT_VERIFIED,NOT_VERIFIED,,DERIVED_RELEASE_SOURCE_AUDIT_AND_READER_PENDING,audit_exact_numerator_denominator_release,"Inspect each exact releaseId artifact's numerator/denominator source receipts, units, null rules, period, and boundary version; reconcile publication status and register a bounded query reader. The common comparison runtime is not one raw source.",NONE_YET
statsComparisonRoadLandTownshipAdminAreaSharePct,county_statistics,統計比較,unknown_or_unavailable,READER_PENDING,derived:comparison_statistics,declared_contract_only_raw_family_unverified,NOT_VERIFIED,NOT_VERIFIED,,DERIVED_RELEASE_SOURCE_AUDIT_AND_READER_PENDING,audit_exact_numerator_denominator_release,"Inspect each exact releaseId artifact's numerator/denominator source receipts, units, null rules, period, and boundary version; reconcile publication status and register a bounded query reader. The common comparison runtime is not one raw source.",NONE_YET
statsComparisonRoadLandTownshipOfCountySharePct,county_statistics,統計比較,unknown_or_unavailable,READER_PENDING,derived:comparison_statistics,declared_contract_only_raw_family_unverified,NOT_VERIFIED,NOT_VERIFIED,,DERIVED_RELEASE_SOURCE_AUDIT_AND_READER_PENDING,audit_exact_numerator_denominator_release,"Inspect each exact releaseId artifact's numerator/denominator source receipts, units, null rules, period, and boundary version; reconcile publication status and register a bounded query reader. The common comparison runtime is not one raw source.",NONE_YET
statsComparisonUrbanBusOperatorCountPer10000Residents,county_statistics,統計比較,unknown_or_unavailable,READER_PENDING,derived:comparison_statistics,declared_contract_only_raw_family_unverified,NOT_VERIFIED,NOT_VERIFIED,,DERIVED_RELEASE_SOURCE_AUDIT_AND_READER_PENDING,audit_exact_numerator_denominator_release,"Inspect each exact releaseId artifact's numerator/denominator source receipts, units, null rules, period, and boundary version; reconcile publication status and register a bounded query reader. The common comparison runtime is not one raw source.",NONE_YET
statsComparisonUrbanBusOperatorCountPerKm2,county_statistics,統計比較,unknown_or_unavailable,READER_PENDING,derived:comparison_statistics,declared_contract_only_raw_family_unverified,NOT_VERIFIED,NOT_VERIFIED,,DERIVED_RELEASE_SOURCE_AUDIT_AND_READER_PENDING,audit_exact_numerator_denominator_release,"Inspect each exact releaseId artifact's numerator/denominator source receipts, units, null rules, period, and boundary version; reconcile publication status and register a bounded query reader. The common comparison runtime is not one raw source.",NONE_YET
statsComparisonWasteRecyclingVehiclesPer10000Residents,county_statistics,統計比較,unknown_or_unavailable,READER_PENDING,derived:comparison_statistics,declared_contract_only_raw_family_unverified,NOT_VERIFIED,NOT_VERIFIED,,DERIVED_RELEASE_SOURCE_AUDIT_AND_READER_PENDING,audit_exact_numerator_denominator_release,"Inspect each exact releaseId artifact's numerator/denominator source receipts, units, null rules, period, and boundary version; reconcile publication status and register a bounded query reader. The common comparison runtime is not one raw source.",NONE_YET
statsComparisonWasteRecyclingVehiclesPerKm2,county_statistics,統計比較,unknown_or_unavailable,READER_PENDING,derived:comparison_statistics,declared_contract_only_raw_family_unverified,NOT_VERIFIED,NOT_VERIFIED,,DERIVED_RELEASE_SOURCE_AUDIT_AND_READER_PENDING,audit_exact_numerator_denominator_release,"Inspect each exact releaseId artifact's numerator/denominator source receipts, units, null rules, period, and boundary version; reconcile publication status and register a bounded query reader. The common comparison runtime is not one raw source.",NONE_YET
statsComparisonWasteTotalVehiclesPer10000Residents,county_statistics,統計比較,unknown_or_unavailable,READER_PENDING,derived:comparison_statistics,declared_contract_only_raw_family_unverified,NOT_VERIFIED,NOT_VERIFIED,,DERIVED_RELEASE_SOURCE_AUDIT_AND_READER_PENDING,audit_exact_numerator_denominator_release,"Inspect each exact releaseId artifact's numerator/denominator source receipts, units, null rules, period, and boundary version; reconcile publication status and register a bounded query reader. The common comparison runtime is not one raw source.",NONE_YET
statsComparisonWasteTotalVehiclesPerKm2,county_statistics,統計比較,unknown_or_unavailable,READER_PENDING,derived:comparison_statistics,declared_contract_only_raw_family_unverified,NOT_VERIFIED,NOT_VERIFIED,,DERIVED_RELEASE_SOURCE_AUDIT_AND_READER_PENDING,audit_exact_numerator_denominator_release,"Inspect each exact releaseId artifact's numerator/denominator source receipts, units, null rules, period, and boundary version; reconcile publication status and register a bounded query reader. The common comparison runtime is not one raw source.",NONE_YET
statsComparisonWesternPhysicianCountPer10000PopulationTownship,county_statistics,統計比較,unknown_or_unavailable,READER_PENDING,derived:comparison_statistics,declared_contract_only_raw_family_unverified,NOT_VERIFIED,NOT_VERIFIED,,DERIVED_RELEASE_SOURCE_AUDIT_AND_READER_PENDING,audit_exact_numerator_denominator_release,"Inspect each exact releaseId artifact's numerator/denominator source receipts, units, null rules, period, and boundary version; reconcile publication status and register a bounded query reader. The common comparison runtime is not one raw source.",NONE_YET
statsComparisonWesternPhysicianCountPerKm2Township,county_statistics,統計比較,unknown_or_unavailable,READER_PENDING,derived:comparison_statistics,declared_contract_only_raw_family_unverified,NOT_VERIFIED,NOT_VERIFIED,,DERIVED_RELEASE_SOURCE_AUDIT_AND_READER_PENDING,audit_exact_numerator_denominator_release,"Inspect each exact releaseId artifact's numerator/denominator source receipts, units, null rules, period, and boundary version; reconcile publication status and register a bounded query reader. The common comparison runtime is not one raw source.",NONE_YET
propertyValueAdmin,county_statistics,房地產統計 Real Estate Statistics,unknown_or_unavailable,READER_PENDING,manifest-asset:custom:./base_map/county_boundary.pmtiles|custom:./base_map/township_boundary.pmtiles|custom:./urban/property_value_admin.json,display_asset_or_unresolved_only_raw_family_unverified,NOT_VERIFIED,"[{""kind"":""custom"",""path"":""./base_map/county_boundary.pmtiles""},{""kind"":""custom"",""path"":""./base_map/township_boundary.pmtiles""},{""kind"":""custom"",""path"":""./urban/property_value_admin.json""}]",,DECLARED_DISPLAY_ASSET_NOT_VERIFIED_AS_COMPLETE_RAW_SOURCE,verify_source_contract_then_register_reader,"Match this declared display asset to a versioned raw artifact or bounded RPC; verify license, observed/obtained time, nulls, coverage, and geometry before creating a shared reader.",NONE_YET
statsTaipeiRiversideBicycles,county_statistics,交通統計 Transport Statistics,unknown_or_unavailable,RIGHTS_HOLD,segis:3792EA_1D2:2021,raw_lineage_inspected_display_alignment_pending,ROC 110 (2021),NOT_VERIFIED,segis_taipei_bicycle_usage_township_110,SOURCE_LICENSE_OR_USE_CLEARANCE_HOLD,verify_public_use_rights,Obtain source and coordinate-use clearance before public spatial reader work; inspect missing original/raw receipts. raw lineage/version is verified but inspected catalog/manifest does not record a license,NONE_YET
statsTaipeiRiversideRentalStations,county_statistics,交通統計 Transport Statistics,unknown_or_unavailable,RIGHTS_HOLD,segis:3792EA_1D2:2021,raw_lineage_inspected_display_alignment_pending,ROC 110 (2021),NOT_VERIFIED,segis_taipei_bicycle_usage_township_110,SOURCE_LICENSE_OR_USE_CLEARANCE_HOLD,verify_public_use_rights,Obtain source and coordinate-use clearance before public spatial reader work; inspect missing original/raw receipts. raw lineage/version is verified but inspected catalog/manifest does not record a license,NONE_YET
statsTaipeiRiversideRentalTrips,county_statistics,交通統計 Transport Statistics,unknown_or_unavailable,RIGHTS_HOLD,segis:3792EA_1D2:2021,raw_lineage_inspected_display_alignment_pending,ROC 110 (2021),NOT_VERIFIED,segis_taipei_bicycle_usage_township_110,SOURCE_LICENSE_OR_USE_CLEARANCE_HOLD,verify_public_use_rights,Obtain source and coordinate-use clearance before public spatial reader work; inspect missing original/raw receipts. raw lineage/version is verified but inspected catalog/manifest does not record a license,NONE_YET
statsTaipeiUrbanRentalStations,county_statistics,交通統計 Transport Statistics,unknown_or_unavailable,RIGHTS_HOLD,segis:3792EA_1D2:2021,raw_lineage_inspected_display_alignment_pending,ROC 110 (2021),NOT_VERIFIED,segis_taipei_bicycle_usage_township_110,SOURCE_LICENSE_OR_USE_CLEARANCE_HOLD,verify_public_use_rights,Obtain source and coordinate-use clearance before public spatial reader work; inspect missing original/raw receipts. raw lineage/version is verified but inspected catalog/manifest does not record a license,NONE_YET
statsTaipeiUrbanRentalTrips,county_statistics,交通統計 Transport Statistics,unknown_or_unavailable,RIGHTS_HOLD,segis:3792EA_1D2:2021,raw_lineage_inspected_display_alignment_pending,ROC 110 (2021),NOT_VERIFIED,segis_taipei_bicycle_usage_township_110,SOURCE_LICENSE_OR_USE_CLEARANCE_HOLD,verify_public_use_rights,Obtain source and coordinate-use clearance before public spatial reader work; inspect missing original/raw receipts. raw lineage/version is verified but inspected catalog/manifest does not record a license,NONE_YET
statsBirthsTownship,county_statistics,人口統計 Population Statistics,unknown_or_unavailable,SOURCE_MISSING,unresolved:no-declared-artifact:statsBirthsTownship,display_asset_or_unresolved_only_raw_family_unverified,NOT_VERIFIED,NOT_VERIFIED,village_births_township_monthly,NO_DECLARED_RAW_ARTIFACT_OR_RPC_RECEIPT,find_raw_artifact_or_bounded_rpc,"Find the owning raw artifact/RPC and its version, license, freshness, null policy, and geometry contract; keep this layer ungrouped until then.",NONE_YET
statsBusElectricVehicleCount,county_statistics,交通統計 Transport Statistics,unknown_or_unavailable,SOURCE_MISSING,unresolved:no-declared-artifact:statsBusElectricVehicleCount,display_asset_or_unresolved_only_raw_family_unverified,NOT_VERIFIED,NOT_VERIFIED,segis_bus_operation_county_315fh_1d3,NO_DECLARED_RAW_ARTIFACT_OR_RPC_RECEIPT,find_raw_artifact_or_bounded_rpc,"Find the owning raw artifact/RPC and its version, license, freshness, null policy, and geometry contract; keep this layer ungrouped until then.",NONE_YET
statsCivilAeronauticsSubsidyCounty,county_statistics,交通統計 Transport Statistics,unknown_or_unavailable,SOURCE_MISSING,unresolved:no-declared-artifact:statsCivilAeronauticsSubsidyCounty,display_asset_or_unresolved_only_raw_family_unverified,NOT_VERIFIED,NOT_VERIFIED,civil_aeronautics_subsidy_county,NO_DECLARED_RAW_ARTIFACT_OR_RPC_RECEIPT,find_raw_artifact_or_bounded_rpc,"Find the owning raw artifact/RPC and its version, license, freshness, null policy, and geometry contract; keep this layer ungrouped until then.",NONE_YET
statsMaritimeSubsidyCounty,county_statistics,交通統計 Transport Statistics,unknown_or_unavailable,SOURCE_MISSING,unresolved:no-declared-artifact:statsMaritimeSubsidyCounty,display_asset_or_unresolved_only_raw_family_unverified,NOT_VERIFIED,NOT_VERIFIED,maritime_bureau_subsidy_county,NO_DECLARED_RAW_ARTIFACT_OR_RPC_RECEIPT,find_raw_artifact_or_bounded_rpc,"Find the owning raw artifact/RPC and its version, license, freshness, null policy, and geometry contract; keep this layer ungrouped until then.",NONE_YET
statsPigWaterCounty,county_statistics,水資源統計 Water Statistics,unknown_or_unavailable,SOURCE_MISSING,unresolved:no-declared-artifact:statsPigWaterCounty,display_asset_or_unresolved_only_raw_family_unverified,NOT_VERIFIED,NOT_VERIFIED,livestock_pig_water_county,NO_DECLARED_RAW_ARTIFACT_OR_RPC_RECEIPT,find_raw_artifact_or_bounded_rpc,"Find the owning raw artifact/RPC and its version, license, freshness, null policy, and geometry contract; keep this layer ungrouped until then.",NONE_YET
statsResidentialElectricity,county_statistics,能源統計 Energy Statistics,unknown_or_unavailable,SOURCE_MISSING,unresolved:no-declared-artifact:statsResidentialElectricity,display_asset_or_unresolved_only_raw_family_unverified,NOT_VERIFIED,NOT_VERIFIED,residential_electricity_sales_county_monthly,NO_DECLARED_RAW_ARTIFACT_OR_RPC_RECEIPT,find_raw_artifact_or_bounded_rpc,"Find the owning raw artifact/RPC and its version, license, freshness, null policy, and geometry contract; keep this layer ungrouped until then.",NONE_YET
statsRiceHarvest,county_statistics,農業統計 Agriculture Statistics,unknown_or_unavailable,SOURCE_MISSING,unresolved:no-declared-artifact:statsRiceHarvest,display_asset_or_unresolved_only_raw_family_unverified,NOT_VERIFIED,NOT_VERIFIED,rice_harvested_area_township,NO_DECLARED_RAW_ARTIFACT_OR_RPC_RECEIPT,find_raw_artifact_or_bounded_rpc,"Find the owning raw artifact/RPC and its version, license, freshness, null policy, and geometry contract; keep this layer ungrouped until then.",NONE_YET
statsTaichungRoadNoiseMonitoringStations,county_statistics,交通統計 Transport Statistics,unknown_or_unavailable,SOURCE_MISSING,unresolved:no-declared-artifact:statsTaichungRoadNoiseMonitoringStations,display_asset_or_unresolved_only_raw_family_unverified,NOT_VERIFIED,NOT_VERIFIED,taichung_road_noise_monitoring_stations_89477,NO_DECLARED_RAW_ARTIFACT_OR_RPC_RECEIPT,find_raw_artifact_or_bounded_rpc,"Find the owning raw artifact/RPC and its version, license, freshness, null policy, and geometry contract; keep this layer ungrouped until then.",NONE_YET
statsTaipeiTrafficViolationCitations,county_statistics,交通統計 Transport Statistics,unknown_or_unavailable,SOURCE_MISSING,unresolved:no-declared-artifact:statsTaipeiTrafficViolationCitations,display_asset_or_unresolved_only_raw_family_unverified,NOT_VERIFIED,NOT_VERIFIED,taipei_traffic_violation_citations_135096,NO_DECLARED_RAW_ARTIFACT_OR_RPC_RECEIPT,find_raw_artifact_or_bounded_rpc,"Find the owning raw artifact/RPC and its version, license, freshness, null policy, and geometry contract; keep this layer ungrouped until then.",NONE_YET
statsTmrtStationOutboundCounty,county_statistics,交通統計 Transport Statistics,unknown_or_unavailable,SOURCE_MISSING,unresolved:no-declared-artifact:statsTmrtStationOutboundCounty,display_asset_or_unresolved_only_raw_family_unverified,NOT_VERIFIED,NOT_VERIFIED,tmrt_station_outbound_county,NO_DECLARED_RAW_ARTIFACT_OR_RPC_RECEIPT,find_raw_artifact_or_bounded_rpc,"Find the owning raw artifact/RPC and its version, license, freshness, null policy, and geometry contract; keep this layer ungrouped until then.",NONE_YET
statsWasteRecyclingRate,county_statistics,廢棄物統計 Waste Statistics,unknown_or_unavailable,SOURCE_MISSING,unresolved:no-declared-artifact:statsWasteRecyclingRate,display_asset_or_unresolved_only_raw_family_unverified,NOT_VERIFIED,NOT_VERIFIED,waste_recycling_rate_county,NO_DECLARED_RAW_ARTIFACT_OR_RPC_RECEIPT,find_raw_artifact_or_bounded_rpc,"Find the owning raw artifact/RPC and its version, license, freshness, null policy, and geometry contract; keep this layer ungrouped until then.",NONE_YET
statsWaterSupplyHistorical,county_statistics,水資源統計 Water Statistics,unknown_or_unavailable,SOURCE_MISSING,unresolved:no-declared-artifact:statsWaterSupplyHistorical,display_asset_or_unresolved_only_raw_family_unverified,NOT_VERIFIED,NOT_VERIFIED,water_supply_county_historical,NO_DECLARED_RAW_ARTIFACT_OR_RPC_RECEIPT,find_raw_artifact_or_bounded_rpc,"Find the owning raw artifact/RPC and its version, license, freshness, null policy, and geometry contract; keep this layer ungrouped until then.",NONE_YET
gfwHourlyGrid,global_gis,全球海事 Global Maritime,unknown_or_unavailable,READER_PENDING,manifest-asset:custom:./gfw_hourly_grid_poc/manifest.json,display_asset_or_unresolved_only_raw_family_unverified,NOT_VERIFIED,"[{""kind"":""custom"",""path"":""./gfw_hourly_grid_poc/manifest.json""}]",,DECLARED_DISPLAY_ASSET_NOT_VERIFIED_AS_COMPLETE_RAW_SOURCE,verify_source_contract_then_register_reader,"Match this declared display asset to a versioned raw artifact or bounded RPC; verify license, observed/obtained time, nulls, coverage, and geometry before creating a shared reader.",NONE_YET
gfwHourlyTracks,global_gis,全球海事 Global Maritime,unknown_or_unavailable,READER_PENDING,manifest-asset:custom:./gfw_hourly_tracks_poc/manifest.json,display_asset_or_unresolved_only_raw_family_unverified,NOT_VERIFIED,"[{""kind"":""custom"",""path"":""./gfw_hourly_tracks_poc/manifest.json""}]",,DECLARED_DISPLAY_ASSET_NOT_VERIFIED_AS_COMPLETE_RAW_SOURCE,verify_source_contract_then_register_reader,"Match this declared display asset to a versioned raw artifact or bounded RPC; verify license, observed/obtained time, nulls, coverage, and geometry before creating a shared reader.",NONE_YET
worldTrashDebris,global_gis,全球環境 Global Environment,unknown_or_unavailable,READER_PENDING,manifest-asset:custom:./world/trash_debris.geojson,display_asset_or_unresolved_only_raw_family_unverified,NOT_VERIFIED,"[{""kind"":""custom"",""path"":""./world/trash_debris.geojson""}]",trash_debris_outerview,DECLARED_DISPLAY_ASSET_NOT_VERIFIED_AS_COMPLETE_RAW_SOURCE,verify_source_contract_then_register_reader,"Match this declared display asset to a versioned raw artifact or bounded RPC; verify license, observed/obtained time, nulls, coverage, and geometry before creating a shared reader.",NONE_YET
anfrWirelessSites,global_gis,全球通訊 Global Communications,metadata_geojson_candidate,READER_PENDING,manifest-asset:geojson:./geo/anfr_wireless_sites.geojson,display_asset_or_unresolved_only_raw_family_unverified,NOT_VERIFIED,"[{""kind"":""geojson"",""path"":""./geo/anfr_wireless_sites.geojson""}]",anfr_wireless_sites,SOURCE_READBACK_AND_POINT_SEMANTICS_UNVERIFIED,verify_complete_raw_source_then_register_reader,"Read the declared GeoJSON once; record SHA, publisher/license, observed/obtained time, schema nulls, and geometry before deciding reader eligibility.",NONE_YET
internetExchangePoints,global_gis,全球通訊 Global Communications,metadata_geojson_candidate,READER_PENDING,manifest-asset:geojson:./geo/internet_exchange_points.geojson,display_asset_or_unresolved_only_raw_family_unverified,NOT_VERIFIED,"[{""kind"":""geojson"",""path"":""./geo/internet_exchange_points.geojson""}]",internet_exchange_points,SOURCE_READBACK_AND_POINT_SEMANTICS_UNVERIFIED,verify_complete_raw_source_then_register_reader,"Read the declared GeoJSON once; record SHA, publisher/license, observed/obtained time, schema nulls, and geometry before deciding reader eligibility.",NONE_YET
osmCommunicationSites,global_gis,全球通訊 Global Communications,metadata_geojson_candidate,READER_PENDING,manifest-asset:geojson:./geo/osm_communication_sites.geojson,display_asset_or_unresolved_only_raw_family_unverified,NOT_VERIFIED,"[{""kind"":""geojson"",""path"":""./geo/osm_communication_sites.geojson""}]",osm_communication_sites,SOURCE_READBACK_AND_POINT_SEMANTICS_UNVERIFIED,verify_complete_raw_source_then_register_reader,"Read the declared GeoJSON once; record SHA, publisher/license, observed/obtained time, schema nulls, and geometry before deciding reader eligibility.",NONE_YET
ripeAtlasProbes,global_gis,全球通訊 Global Communications,metadata_geojson_candidate,READER_PENDING,manifest-asset:geojson:./geo/ripe_atlas_probes.geojson,display_asset_or_unresolved_only_raw_family_unverified,NOT_VERIFIED,"[{""kind"":""geojson"",""path"":""./geo/ripe_atlas_probes.geojson""}]",ripe_atlas_probes,SOURCE_READBACK_AND_POINT_SEMANTICS_UNVERIFIED,verify_complete_raw_source_then_register_reader,"Read the declared GeoJSON once; record SHA, publisher/license, observed/obtained time, schema nulls, and geometry before deciding reader eligibility.",NONE_YET
submarineCables,global_gis,全球通訊 Global Communications,metadata_geojson_candidate,READER_PENDING,manifest-asset:geojson:./geo/submarine_cables.geojson,display_asset_or_unresolved_only_raw_family_unverified,NOT_VERIFIED,"[{""kind"":""geojson"",""path"":""./geo/submarine_cables.geojson""}]",submarine_cable,SOURCE_READBACK_AND_POINT_SEMANTICS_UNVERIFIED,verify_complete_raw_source_then_register_reader,"Read the declared GeoJSON once; record SHA, publisher/license, observed/obtained time, schema nulls, and geometry before deciding reader eligibility.",NONE_YET
ooklaFixedPerformance,global_gis,全球通訊 Global Communications,metadata_geojson_candidate,RIGHTS_HOLD,ookla:network_performance:2026q1,raw_lineage_inspected_display_alignment_pending,2026-Q1,"[{""kind"":""geojson"",""path"":""./geo/ookla_fixed_global.geojson""}]",network_performance_grid,SOURCE_LICENSE_OR_USE_CLEARANCE_HOLD,verify_public_use_rights,Obtain source and coordinate-use clearance before public spatial reader work; inspect missing original/raw receipts. raw lineage is verified but CC BY-NC-SA 4.0 requires non-commercial/attribution clearance,NONE_YET
ooklaFixedTaiwan,global_gis,全球通訊 Global Communications,unknown_or_unavailable,RIGHTS_HOLD,ookla:network_performance:2026q1,raw_lineage_inspected_display_alignment_pending,2026-Q1,"[{""kind"":""pmtiles"",""path"":""./geo/ookla_tw_z14.pmtiles""},{""kind"":""pmtiles"",""path"":""./geo/ookla_tw_z16.pmtiles""}]",network_performance_grid,SOURCE_LICENSE_OR_USE_CLEARANCE_HOLD,verify_public_use_rights,Obtain source and coordinate-use clearance before public spatial reader work; inspect missing original/raw receipts. raw lineage is verified but CC BY-NC-SA 4.0 requires non-commercial/attribution clearance,NONE_YET
ooklaMobilePerformance,global_gis,全球通訊 Global Communications,metadata_geojson_candidate,RIGHTS_HOLD,ookla:network_performance:2026q1,raw_lineage_inspected_display_alignment_pending,2026-Q1,"[{""kind"":""geojson"",""path"":""./geo/ookla_mobile_global.geojson""}]",network_performance_grid,SOURCE_LICENSE_OR_USE_CLEARANCE_HOLD,verify_public_use_rights,Obtain source and coordinate-use clearance before public spatial reader work; inspect missing original/raw receipts. raw lineage is verified but CC BY-NC-SA 4.0 requires non-commercial/attribution clearance,NONE_YET
ooklaMobileTaiwan,global_gis,全球通訊 Global Communications,unknown_or_unavailable,RIGHTS_HOLD,ookla:network_performance:2026q1,raw_lineage_inspected_display_alignment_pending,2026-Q1,"[{""kind"":""pmtiles"",""path"":""./geo/ookla_tw_z14.pmtiles""},{""kind"":""pmtiles"",""path"":""./geo/ookla_tw_z16.pmtiles""}]",network_performance_grid,SOURCE_LICENSE_OR_USE_CLEARANCE_HOLD,verify_public_use_rights,Obtain source and coordinate-use clearance before public spatial reader work; inspect missing original/raw receipts. raw lineage is verified but CC BY-NC-SA 4.0 requires non-commercial/attribution clearance,NONE_YET
aisstreamVessels,global_gis,全球海事 Global Maritime,unknown_or_unavailable,SOURCE_MISSING,unresolved:no-declared-artifact:aisstreamVessels,display_asset_or_unresolved_only_raw_family_unverified,NOT_VERIFIED,NOT_VERIFIED,,NO_DECLARED_RAW_ARTIFACT_OR_RPC_RECEIPT,find_raw_artifact_or_bounded_rpc,"Find the owning raw artifact/RPC and its version, license, freshness, null policy, and geometry contract; keep this layer ungrouped until then.",NONE_YET
allenCoralAtlas,global_gis,全球環境 Global Environment,unknown_or_unavailable,READER_PENDING,unresolved:no-declared-artifact:allenCoralAtlas,display_asset_or_unresolved_only_raw_family_unverified,NOT_VERIFIED,NOT_VERIFIED,allen_coral_atlas,QUERY_ACCESS_DISABLED,verify_source_contract_then_register_reader,Locate the owning descriptor contract and its source/release receipt; enable only after bounded access and geometry semantics are verified.,NONE_YET
coralReefDistribution,global_gis,全球環境 Global Environment,unknown_or_unavailable,SOURCE_MISSING,unresolved:no-declared-artifact:coralReefDistribution,display_asset_or_unresolved_only_raw_family_unverified,NOT_VERIFIED,NOT_VERIFIED,coral_reef_distribution,NO_DECLARED_RAW_ARTIFACT_OR_RPC_RECEIPT,find_raw_artifact_or_bounded_rpc,"Find the owning raw artifact/RPC and its version, license, freshness, null policy, and geometry contract; keep this layer ungrouped until then.",NONE_YET
dustForecast,global_gis,全球氣候 Global Climate,unknown_or_unavailable,SOURCE_MISSING,unresolved:no-declared-artifact:dustForecast,display_asset_or_unresolved_only_raw_family_unverified,NOT_VERIFIED,NOT_VERIFIED,cams_atmosphere_forecast,NO_DECLARED_RAW_ARTIFACT_OR_RPC_RECEIPT,find_raw_artifact_or_bounded_rpc,"Find the owning raw artifact/RPC and its version, license, freshness, null policy, and geometry contract; keep this layer ungrouped until then.",NONE_YET
earthquakesGlobal,global_gis,全球氣候 Global Climate,unknown_or_unavailable,SOURCE_MISSING,unresolved:no-declared-artifact:earthquakesGlobal,display_asset_or_unresolved_only_raw_family_unverified,NOT_VERIFIED,NOT_VERIFIED,usgs_earthquakes_global,NO_DECLARED_RAW_ARTIFACT_OR_RPC_RECEIPT,find_raw_artifact_or_bounded_rpc,"Find the owning raw artifact/RPC and its version, license, freshness, null policy, and geometry contract; keep this layer ungrouped until then.",NONE_YET
gfwDarkVessels,global_gis,全球海事 Global Maritime,unknown_or_unavailable,SOURCE_MISSING,unresolved:no-declared-artifact:gfwDarkVessels,display_asset_or_unresolved_only_raw_family_unverified,NOT_VERIFIED,NOT_VERIFIED,,NO_DECLARED_RAW_ARTIFACT_OR_RPC_RECEIPT,find_raw_artifact_or_bounded_rpc,"Find the owning raw artifact/RPC and its version, license, freshness, null policy, and geometry contract; keep this layer ungrouped until then.",NONE_YET
gfwFishingEffort,global_gis,全球海事 Global Maritime,unknown_or_unavailable,SOURCE_MISSING,unresolved:no-declared-artifact:gfwFishingEffort,display_asset_or_unresolved_only_raw_family_unverified,NOT_VERIFIED,NOT_VERIFIED,,NO_DECLARED_RAW_ARTIFACT_OR_RPC_RECEIPT,find_raw_artifact_or_bounded_rpc,"Find the owning raw artifact/RPC and its version, license, freshness, null policy, and geometry contract; keep this layer ungrouped until then.",NONE_YET
gfwVesselPresence,global_gis,全球海事 Global Maritime,unknown_or_unavailable,SOURCE_MISSING,unresolved:no-declared-artifact:gfwVesselPresence,display_asset_or_unresolved_only_raw_family_unverified,NOT_VERIFIED,NOT_VERIFIED,,NO_DECLARED_RAW_ARTIFACT_OR_RPC_RECEIPT,find_raw_artifact_or_bounded_rpc,"Find the owning raw artifact/RPC and its version, license, freshness, null policy, and geometry contract; keep this layer ungrouped until then.",NONE_YET
globalEvents,global_gis,全球情勢 Global Situation,unknown_or_unavailable,SOURCE_MISSING,unresolved:no-declared-artifact:globalEvents,display_asset_or_unresolved_only_raw_family_unverified,NOT_VERIFIED,NOT_VERIFIED,,NO_DECLARED_RAW_ARTIFACT_OR_RPC_RECEIPT,find_raw_artifact_or_bounded_rpc,"Find the owning raw artifact/RPC and its version, license, freshness, null policy, and geometry contract; keep this layer ungrouped until then.",NONE_YET
oceanCurrents,global_gis,全球氣候 Global Climate,unknown_or_unavailable,SOURCE_MISSING,unresolved:no-declared-artifact:oceanCurrents,display_asset_or_unresolved_only_raw_family_unverified,NOT_VERIFIED,NOT_VERIFIED,cmems_ocean_forecast,NO_DECLARED_RAW_ARTIFACT_OR_RPC_RECEIPT,find_raw_artifact_or_bounded_rpc,"Find the owning raw artifact/RPC and its version, license, freshness, null policy, and geometry contract; keep this layer ungrouped until then.",NONE_YET
typhoonTracks,global_gis,全球氣候 Global Climate,unknown_or_unavailable,SOURCE_MISSING,unresolved:no-declared-artifact:typhoonTracks,display_asset_or_unresolved_only_raw_family_unverified,NOT_VERIFIED,NOT_VERIFIED,jma_typhoon_positions,NO_DECLARED_RAW_ARTIFACT_OR_RPC_RECEIPT,find_raw_artifact_or_bounded_rpc,"Find the owning raw artifact/RPC and its version, license, freshness, null policy, and geometry contract; keep this layer ungrouped until then.",NONE_YET
windField,global_gis,全球氣候 Global Climate,unknown_or_unavailable,SOURCE_MISSING,unresolved:no-declared-artifact:windField,display_asset_or_unresolved_only_raw_family_unverified,NOT_VERIFIED,NOT_VERIFIED,noaa_gfs_wind_forecast,NO_DECLARED_RAW_ARTIFACT_OR_RPC_RECEIPT,find_raw_artifact_or_bounded_rpc,"Find the owning raw artifact/RPC and its version, license, freshness, null policy, and geometry contract; keep this layer ungrouped until then.",NONE_YET
jpAccommodationCanonical,japan_gis,旅宿,unknown_or_unavailable,READER_PENDING,declared-upstream:jp_accommodation_canonical,declared_contract_only_raw_family_unverified,NOT_VERIFIED,"[{""kind"":""custom"",""path"":""./world/jp_accommodation_canonical_allzoom_20260910.pmtiles""}]",jp_accommodation_canonical,DECLARED_DISPLAY_ASSET_NOT_VERIFIED_AS_COMPLETE_RAW_SOURCE,verify_source_contract_then_register_reader,"Match this declared display asset to a versioned raw artifact or bounded RPC; verify license, observed/obtained time, nulls, coverage, and geometry before creating a shared reader.",NONE_YET
jpAccommodationDensity,japan_gis,旅宿,unknown_or_unavailable,READER_PENDING,declared-upstream:jp_accommodation_canonical,declared_contract_only_raw_family_unverified,NOT_VERIFIED,"[{""kind"":""pmtiles"",""path"":""./world/jp_accommodation_density_1500m_20260910.pmtiles""},{""kind"":""pmtiles"",""path"":""./world/jp_accommodation_density_450m_20260910.pmtiles""}]",jp_accommodation_canonical,DECLARED_DISPLAY_ASSET_NOT_VERIFIED_AS_COMPLETE_RAW_SOURCE,verify_source_contract_then_register_reader,"Match this declared display asset to a versioned raw artifact or bounded RPC; verify license, observed/obtained time, nulls, coverage, and geometry before creating a shared reader.",NONE_YET
jpMedicalAreasPrimary,japan_gis,醫療圈,unknown_or_unavailable,READER_PENDING,declared-upstream:jp_medical_areas,declared_contract_only_raw_family_unverified,NOT_VERIFIED,"[{""kind"":""custom"",""path"":""./jp-medical/current.json""}]",jp_medical_areas,DECLARED_DISPLAY_ASSET_NOT_VERIFIED_AS_COMPLETE_RAW_SOURCE,verify_source_contract_then_register_reader,"Match this declared display asset to a versioned raw artifact or bounded RPC; verify license, observed/obtained time, nulls, coverage, and geometry before creating a shared reader.",NONE_YET
jpMedicalAreasSecondary,japan_gis,醫療圈,unknown_or_unavailable,READER_PENDING,declared-upstream:jp_medical_areas,declared_contract_only_raw_family_unverified,NOT_VERIFIED,"[{""kind"":""custom"",""path"":""./jp-medical/current.json""}]",jp_medical_areas,DECLARED_DISPLAY_ASSET_NOT_VERIFIED_AS_COMPLETE_RAW_SOURCE,verify_source_contract_then_register_reader,"Match this declared display asset to a versioned raw artifact or bounded RPC; verify license, observed/obtained time, nulls, coverage, and geometry before creating a shared reader.",NONE_YET
jpMedicalAreasTertiary,japan_gis,醫療圈,unknown_or_unavailable,READER_PENDING,declared-upstream:jp_medical_areas,declared_contract_only_raw_family_unverified,NOT_VERIFIED,"[{""kind"":""custom"",""path"":""./jp-medical/current.json""}]",jp_medical_areas,DECLARED_DISPLAY_ASSET_NOT_VERIFIED_AS_COMPLETE_RAW_SOURCE,verify_source_contract_then_register_reader,"Match this declared display asset to a versioned raw artifact or bounded RPC; verify license, observed/obtained time, nulls, coverage, and geometry before creating a shared reader.",NONE_YET
jpMedicalClinics,japan_gis,醫療設施,unknown_or_unavailable,READER_PENDING,declared-upstream:jp_medical_navii,declared_contract_only_raw_family_unverified,NOT_VERIFIED,"[{""kind"":""custom"",""path"":""./jp-medical/current.json""}]",jp_medical_navii,DECLARED_DISPLAY_ASSET_NOT_VERIFIED_AS_COMPLETE_RAW_SOURCE,verify_source_contract_then_register_reader,"Match this declared display asset to a versioned raw artifact or bounded RPC; verify license, observed/obtained time, nulls, coverage, and geometry before creating a shared reader.",NONE_YET
jpMedicalDental,japan_gis,醫療設施,unknown_or_unavailable,READER_PENDING,declared-upstream:jp_medical_navii,declared_contract_only_raw_family_unverified,NOT_VERIFIED,"[{""kind"":""custom"",""path"":""./jp-medical/current.json""}]",jp_medical_navii,DECLARED_DISPLAY_ASSET_NOT_VERIFIED_AS_COMPLETE_RAW_SOURCE,verify_source_contract_then_register_reader,"Match this declared display asset to a versioned raw artifact or bounded RPC; verify license, observed/obtained time, nulls, coverage, and geometry before creating a shared reader.",NONE_YET
jpMedicalHospitals,japan_gis,醫療設施,unknown_or_unavailable,READER_PENDING,declared-upstream:jp_medical_navii,declared_contract_only_raw_family_unverified,NOT_VERIFIED,"[{""kind"":""custom"",""path"":""./jp-medical/current.json""}]",jp_medical_navii,DECLARED_DISPLAY_ASSET_NOT_VERIFIED_AS_COMPLETE_RAW_SOURCE,verify_source_contract_then_register_reader,"Match this declared display asset to a versioned raw artifact or bounded RPC; verify license, observed/obtained time, nulls, coverage, and geometry before creating a shared reader.",NONE_YET
jpMedicalMaternity,japan_gis,醫療設施,unknown_or_unavailable,READER_PENDING,declared-upstream:jp_medical_navii,declared_contract_only_raw_family_unverified,NOT_VERIFIED,"[{""kind"":""custom"",""path"":""./jp-medical/current.json""}]",jp_medical_navii,DECLARED_DISPLAY_ASSET_NOT_VERIFIED_AS_COMPLETE_RAW_SOURCE,verify_source_contract_then_register_reader,"Match this declared display asset to a versioned raw artifact or bounded RPC; verify license, observed/obtained time, nulls, coverage, and geometry before creating a shared reader.",NONE_YET
jpMedicalPharmacies,japan_gis,醫療設施,unknown_or_unavailable,READER_PENDING,declared-upstream:jp_medical_navii,declared_contract_only_raw_family_unverified,NOT_VERIFIED,"[{""kind"":""custom"",""path"":""./jp-medical/current.json""}]",jp_medical_navii,DECLARED_DISPLAY_ASSET_NOT_VERIFIED_AS_COMPLETE_RAW_SOURCE,verify_source_contract_then_register_reader,"Match this declared display asset to a versioned raw artifact or bounded RPC; verify license, observed/obtained time, nulls, coverage, and geometry before creating a shared reader.",NONE_YET
jpCareCombined,japan_gis,長照服務,unknown_or_unavailable,READER_PENDING,declared-upstream:jp_medical_reports,declared_contract_only_raw_family_unverified,NOT_VERIFIED,"[{""kind"":""custom"",""path"":""./jp-medical/current.json""}]",jp_medical_reports,DECLARED_DISPLAY_ASSET_NOT_VERIFIED_AS_COMPLETE_RAW_SOURCE,verify_source_contract_then_register_reader,"Match this declared display asset to a versioned raw artifact or bounded RPC; verify license, observed/obtained time, nulls, coverage, and geometry before creating a shared reader.",NONE_YET
jpCareDayServices,japan_gis,長照服務,unknown_or_unavailable,READER_PENDING,declared-upstream:jp_medical_reports,declared_contract_only_raw_family_unverified,NOT_VERIFIED,"[{""kind"":""custom"",""path"":""./jp-medical/current.json""}]",jp_medical_reports,DECLARED_DISPLAY_ASSET_NOT_VERIFIED_AS_COMPLETE_RAW_SOURCE,verify_source_contract_then_register_reader,"Match this declared display asset to a versioned raw artifact or bounded RPC; verify license, observed/obtained time, nulls, coverage, and geometry before creating a shared reader.",NONE_YET
jpCareEquipment,japan_gis,長照服務,unknown_or_unavailable,READER_PENDING,declared-upstream:jp_medical_reports,declared_contract_only_raw_family_unverified,NOT_VERIFIED,"[{""kind"":""custom"",""path"":""./jp-medical/current.json""}]",jp_medical_reports,DECLARED_DISPLAY_ASSET_NOT_VERIFIED_AS_COMPLETE_RAW_SOURCE,verify_source_contract_then_register_reader,"Match this declared display asset to a versioned raw artifact or bounded RPC; verify license, observed/obtained time, nulls, coverage, and geometry before creating a shared reader.",NONE_YET
jpCareHomeVisit,japan_gis,長照服務,unknown_or_unavailable,READER_PENDING,declared-upstream:jp_medical_reports,declared_contract_only_raw_family_unverified,NOT_VERIFIED,"[{""kind"":""custom"",""path"":""./jp-medical/current.json""}]",jp_medical_reports,DECLARED_DISPLAY_ASSET_NOT_VERIFIED_AS_COMPLETE_RAW_SOURCE,verify_source_contract_then_register_reader,"Match this declared display asset to a versioned raw artifact or bounded RPC; verify license, observed/obtained time, nulls, coverage, and geometry before creating a shared reader.",NONE_YET
jpCarePlanning,japan_gis,長照服務,unknown_or_unavailable,READER_PENDING,declared-upstream:jp_medical_reports,declared_contract_only_raw_family_unverified,NOT_VERIFIED,"[{""kind"":""custom"",""path"":""./jp-medical/current.json""}]",jp_medical_reports,DECLARED_DISPLAY_ASSET_NOT_VERIFIED_AS_COMPLETE_RAW_SOURCE,verify_source_contract_then_register_reader,"Match this declared display asset to a versioned raw artifact or bounded RPC; verify license, observed/obtained time, nulls, coverage, and geometry before creating a shared reader.",NONE_YET
jpCareResidential,japan_gis,長照服務,unknown_or_unavailable,READER_PENDING,declared-upstream:jp_medical_reports,declared_contract_only_raw_family_unverified,NOT_VERIFIED,"[{""kind"":""custom"",""path"":""./jp-medical/current.json""}]",jp_medical_reports,DECLARED_DISPLAY_ASSET_NOT_VERIFIED_AS_COMPLETE_RAW_SOURCE,verify_source_contract_then_register_reader,"Match this declared display asset to a versioned raw artifact or bounded RPC; verify license, observed/obtained time, nulls, coverage, and geometry before creating a shared reader.",NONE_YET
jpWaterGroundwaterSites,japan_gis,水資源,unknown_or_unavailable,SOURCE_MISSING,declared-upstream:jp_water_hydro,declared_contract_only_raw_family_unverified,NOT_VERIFIED,NOT_VERIFIED,jp_water_hydro,NO_DECLARED_RAW_ARTIFACT_OR_RPC_RECEIPT,find_raw_artifact_or_bounded_rpc,"Find the owning raw artifact/RPC and its version, license, freshness, null policy, and geometry contract; keep this layer ungrouped until then.",NONE_YET
jpWaterNilimDams,japan_gis,水資源,unknown_or_unavailable,SOURCE_MISSING,declared-upstream:jp_water_hydro,declared_contract_only_raw_family_unverified,NOT_VERIFIED,NOT_VERIFIED,jp_water_hydro,NO_DECLARED_RAW_ARTIFACT_OR_RPC_RECEIPT,find_raw_artifact_or_bounded_rpc,"Find the owning raw artifact/RPC and its version, license, freshness, null policy, and geometry contract; keep this layer ungrouped until then.",NONE_YET
jpWaterLevelStations,japan_gis,水資源,unknown_or_unavailable,READER_PENDING,declared-upstream:jp_water_local,declared_contract_only_raw_family_unverified,NOT_VERIFIED,"[{""kind"":""custom"",""path"":""./world/jp_water/release.json""}]",jp_water_local,DECLARED_DISPLAY_ASSET_NOT_VERIFIED_AS_COMPLETE_RAW_SOURCE,verify_source_contract_then_register_reader,"Match this declared display asset to a versioned raw artifact or bounded RPC; verify license, observed/obtained time, nulls, coverage, and geometry before creating a shared reader.",NONE_YET
jpWaterLocalFacilities,japan_gis,水資源,unknown_or_unavailable,READER_PENDING,declared-upstream:jp_water_local,declared_contract_only_raw_family_unverified,NOT_VERIFIED,"[{""kind"":""custom"",""path"":""./world/jp_water/release.json""}]",jp_water_local,DECLARED_DISPLAY_ASSET_NOT_VERIFIED_AS_COMPLETE_RAW_SOURCE,verify_source_contract_then_register_reader,"Match this declared display asset to a versioned raw artifact or bounded RPC; verify license, observed/obtained time, nulls, coverage, and geometry before creating a shared reader.",NONE_YET
jpHistoricalFlightTrails,japan_gis,交通,unknown_or_unavailable,READER_PENDING,manifest-asset:custom:./flight-trails/manifest.json,display_asset_or_unresolved_only_raw_family_unverified,NOT_VERIFIED,"[{""kind"":""custom"",""path"":""./flight-trails/manifest.json""}]",,DECLARED_DISPLAY_ASSET_NOT_VERIFIED_AS_COMPLETE_RAW_SOURCE,verify_source_contract_then_register_reader,"Match this declared display asset to a versioned raw artifact or bounded RPC; verify license, observed/obtained time, nulls, coverage, and geometry before creating a shared reader.",NONE_YET
jpAccommodationJta,japan_gis,旅宿,unknown_or_unavailable,READER_PENDING,manifest-asset:custom:./world/jp_accommodation_jta_20260331.geojson,display_asset_or_unresolved_only_raw_family_unverified,NOT_VERIFIED,"[{""kind"":""custom"",""path"":""./world/jp_accommodation_jta_20260331.geojson""}]",jp_accommodation_jta,DECLARED_DISPLAY_ASSET_NOT_VERIFIED_AS_COMPLETE_RAW_SOURCE,verify_source_contract_then_register_reader,"Match this declared display asset to a versioned raw artifact or bounded RPC; verify license, observed/obtained time, nulls, coverage, and geometry before creating a shared reader.",NONE_YET
jpAccommodationLocal,japan_gis,旅宿,unknown_or_unavailable,READER_PENDING,manifest-asset:custom:./world/jp_accommodation_local_20260910.geojson,display_asset_or_unresolved_only_raw_family_unverified,NOT_VERIFIED,"[{""kind"":""custom"",""path"":""./world/jp_accommodation_local_20260910.geojson""}]",jp_accommodation_local,DECLARED_DISPLAY_ASSET_NOT_VERIFIED_AS_COMPLETE_RAW_SOURCE,verify_source_contract_then_register_reader,"Match this declared display asset to a versioned raw artifact or bounded RPC; verify license, observed/obtained time, nulls, coverage, and geometry before creating a shared reader.",NONE_YET
jpAccommodationOsm,japan_gis,旅宿,unknown_or_unavailable,READER_PENDING,manifest-asset:custom:./world/jp_accommodation_osm_allzoom_20260910.pmtiles,display_asset_or_unresolved_only_raw_family_unverified,NOT_VERIFIED,"[{""kind"":""custom"",""path"":""./world/jp_accommodation_osm_allzoom_20260910.pmtiles""}]",jp_accommodation_osm,DECLARED_DISPLAY_ASSET_NOT_VERIFIED_AS_COMPLETE_RAW_SOURCE,verify_source_contract_then_register_reader,"Match this declared display asset to a versioned raw artifact or bounded RPC; verify license, observed/obtained time, nulls, coverage, and geometry before creating a shared reader.",NONE_YET
jpAdminPrefecture,japan_gis,行政區,unknown_or_unavailable,READER_PENDING,manifest-asset:custom:./world/jp_admin_boundaries_prefecture.pmtiles,display_asset_or_unresolved_only_raw_family_unverified,NOT_VERIFIED,"[{""kind"":""custom"",""path"":""./world/jp_admin_boundaries_prefecture.pmtiles""}]",,DECLARED_DISPLAY_ASSET_NOT_VERIFIED_AS_COMPLETE_RAW_SOURCE,verify_source_contract_then_register_reader,"Match this declared display asset to a versioned raw artifact or bounded RPC; verify license, observed/obtained time, nulls, coverage, and geometry before creating a shared reader.",NONE_YET
jpAdminBoundaries,japan_gis,行政區,unknown_or_unavailable,READER_PENDING,manifest-asset:custom:./world/jp_admin_boundaries.pmtiles,display_asset_or_unresolved_only_raw_family_unverified,NOT_VERIFIED,"[{""kind"":""custom"",""path"":""./world/jp_admin_boundaries.pmtiles""}]",,DECLARED_DISPLAY_ASSET_NOT_VERIFIED_AS_COMPLETE_RAW_SOURCE,verify_source_contract_then_register_reader,"Match this declared display asset to a versioned raw artifact or bounded RPC; verify license, observed/obtained time, nulls, coverage, and geometry before creating a shared reader.",NONE_YET
jpAirports,japan_gis,交通,unknown_or_unavailable,READER_PENDING,manifest-asset:custom:./world/jp_airports.geojson,display_asset_or_unresolved_only_raw_family_unverified,NOT_VERIFIED,"[{""kind"":""custom"",""path"":""./world/jp_airports.geojson""}]",,DECLARED_DISPLAY_ASSET_NOT_VERIFIED_AS_COMPLETE_RAW_SOURCE,verify_source_contract_then_register_reader,"Match this declared display asset to a versioned raw artifact or bounded RPC; verify license, observed/obtained time, nulls, coverage, and geometry before creating a shared reader.",NONE_YET
jpMarineEbsaCoastal,japan_gis,自然保護,unknown_or_unavailable,READER_PENDING,manifest-asset:custom:./world/jp_marine_ebsa_moe_coastal_20150101.pmtiles,display_asset_or_unresolved_only_raw_family_unverified,NOT_VERIFIED,"[{""kind"":""custom"",""path"":""./world/jp_marine_ebsa_moe_coastal_20150101.pmtiles""}]",,DECLARED_DISPLAY_ASSET_NOT_VERIFIED_AS_COMPLETE_RAW_SOURCE,verify_source_contract_then_register_reader,"Match this declared display asset to a versioned raw artifact or bounded RPC; verify license, observed/obtained time, nulls, coverage, and geometry before creating a shared reader.",NONE_YET
jpNaturalParksNational,japan_gis,自然保護,unknown_or_unavailable,RIGHTS_HOLD,manifest-asset:custom:./world/jp_natural_parks_ksj_2010.pmtiles,display_asset_or_unresolved_only_raw_family_unverified,NOT_VERIFIED,"[{""kind"":""custom"",""path"":""./world/jp_natural_parks_ksj_2010.pmtiles""}]",,RIGHTS_OR_USE_CLEARANCE_UNVERIFIED,verify_public_use_rights,Obtain publisher license/use clearance and an immutable raw-artifact or release receipt before reader work.,NONE_YET
jpNaturalParksPrefectural,japan_gis,自然保護,unknown_or_unavailable,RIGHTS_HOLD,manifest-asset:custom:./world/jp_natural_parks_ksj_2010.pmtiles,display_asset_or_unresolved_only_raw_family_unverified,NOT_VERIFIED,"[{""kind"":""custom"",""path"":""./world/jp_natural_parks_ksj_2010.pmtiles""}]",,RIGHTS_OR_USE_CLEARANCE_UNVERIFIED,verify_public_use_rights,Obtain publisher license/use clearance and an immutable raw-artifact or release receipt before reader work.,NONE_YET
jpNaturalParksQuasiNational,japan_gis,自然保護,unknown_or_unavailable,RIGHTS_HOLD,manifest-asset:custom:./world/jp_natural_parks_ksj_2010.pmtiles,display_asset_or_unresolved_only_raw_family_unverified,NOT_VERIFIED,"[{""kind"":""custom"",""path"":""./world/jp_natural_parks_ksj_2010.pmtiles""}]",,RIGHTS_OR_USE_CLEARANCE_UNVERIFIED,verify_public_use_rights,Obtain publisher license/use clearance and an immutable raw-artifact or release receipt before reader work.,NONE_YET
jpNatureConservationArea,japan_gis,自然保護,unknown_or_unavailable,RIGHTS_HOLD,manifest-asset:custom:./world/jp_nature_conservation_ksj_2015.pmtiles,display_asset_or_unresolved_only_raw_family_unverified,NOT_VERIFIED,"[{""kind"":""custom"",""path"":""./world/jp_nature_conservation_ksj_2015.pmtiles""}]",,RIGHTS_OR_USE_CLEARANCE_UNVERIFIED,verify_public_use_rights,Obtain publisher license/use clearance and an immutable raw-artifact or release receipt before reader work.,NONE_YET
jpNatureConservationSpecialDistrict,japan_gis,自然保護,unknown_or_unavailable,RIGHTS_HOLD,manifest-asset:custom:./world/jp_nature_conservation_ksj_2015.pmtiles,display_asset_or_unresolved_only_raw_family_unverified,NOT_VERIFIED,"[{""kind"":""custom"",""path"":""./world/jp_nature_conservation_ksj_2015.pmtiles""}]",,RIGHTS_OR_USE_CLEARANCE_UNVERIFIED,verify_public_use_rights,Obtain publisher license/use clearance and an immutable raw-artifact or release receipt before reader work.,NONE_YET
jpPrimitiveNatureEnvironmentArea,japan_gis,自然保護,unknown_or_unavailable,RIGHTS_HOLD,manifest-asset:custom:./world/jp_nature_conservation_ksj_2015.pmtiles,display_asset_or_unresolved_only_raw_family_unverified,NOT_VERIFIED,"[{""kind"":""custom"",""path"":""./world/jp_nature_conservation_ksj_2015.pmtiles""}]",,RIGHTS_OR_USE_CLEARANCE_UNVERIFIED,verify_public_use_rights,Obtain publisher license/use clearance and an immutable raw-artifact or release receipt before reader work.,NONE_YET
jpPoliceFacilities,japan_gis,治安,unknown_or_unavailable,READER_PENDING,manifest-asset:custom:./world/jp_police_facilities.pmtiles,display_asset_or_unresolved_only_raw_family_unverified,NOT_VERIFIED,"[{""kind"":""custom"",""path"":""./world/jp_police_facilities.pmtiles""}]",jp_police_facilities,DECLARED_DISPLAY_ASSET_NOT_VERIFIED_AS_COMPLETE_RAW_SOURCE,verify_source_contract_then_register_reader,"Match this declared display asset to a versioned raw artifact or bounded RPC; verify license, observed/obtained time, nulls, coverage, and geometry before creating a shared reader.",NONE_YET
jpPopulationMesh1km,japan_gis,人口,unknown_or_unavailable,READER_PENDING,manifest-asset:custom:./world/jp_population_mesh_1km.pmtiles,display_asset_or_unresolved_only_raw_family_unverified,NOT_VERIFIED,"[{""kind"":""custom"",""path"":""./world/jp_population_mesh_1km.pmtiles""}]",,DECLARED_DISPLAY_ASSET_NOT_VERIFIED_AS_COMPLETE_RAW_SOURCE,verify_source_contract_then_register_reader,"Match this declared display asset to a versioned raw artifact or bounded RPC; verify license, observed/obtained time, nulls, coverage, and geometry before creating a shared reader.",NONE_YET
jpRailways,japan_gis,交通,unknown_or_unavailable,READER_PENDING,manifest-asset:custom:./world/jp_railways.pmtiles,display_asset_or_unresolved_only_raw_family_unverified,NOT_VERIFIED,"[{""kind"":""custom"",""path"":""./world/jp_railways.pmtiles""}]",,DECLARED_DISPLAY_ASSET_NOT_VERIFIED_AS_COMPLETE_RAW_SOURCE,verify_source_contract_then_register_reader,"Match this declared display asset to a versioned raw artifact or bounded RPC; verify license, observed/obtained time, nulls, coverage, and geometry before creating a shared reader.",NONE_YET
jpRamsarSites,japan_gis,自然保護,unknown_or_unavailable,RIGHTS_HOLD,manifest-asset:custom:./world/jp_ramsar_moe_current.geojson,display_asset_or_unresolved_only_raw_family_unverified,NOT_VERIFIED,"[{""kind"":""custom"",""path"":""./world/jp_ramsar_moe_current.geojson""}]",,RIGHTS_OR_USE_CLEARANCE_UNVERIFIED,verify_public_use_rights,Obtain publisher license/use clearance and an immutable raw-artifact or release receipt before reader work.,NONE_YET
jpReligionGsi,japan_gis,宗教,unknown_or_unavailable,READER_PENDING,manifest-asset:custom:./world/jp_religion_gsi.pmtiles,display_asset_or_unresolved_only_raw_family_unverified,NOT_VERIFIED,"[{""kind"":""custom"",""path"":""./world/jp_religion_gsi.pmtiles""}]",jp_religion_gsi,DECLARED_DISPLAY_ASSET_NOT_VERIFIED_AS_COMPLETE_RAW_SOURCE,verify_source_contract_then_register_reader,"Match this declared display asset to a versioned raw artifact or bounded RPC; verify license, observed/obtained time, nulls, coverage, and geometry before creating a shared reader.",NONE_YET
jpReligionOsm,japan_gis,宗教,unknown_or_unavailable,READER_PENDING,manifest-asset:custom:./world/jp_religion_osm.geojson,display_asset_or_unresolved_only_raw_family_unverified,NOT_VERIFIED,"[{""kind"":""custom"",""path"":""./world/jp_religion_osm.geojson""}]",jp_religion_osm,DECLARED_DISPLAY_ASSET_NOT_VERIFIED_AS_COMPLETE_RAW_SOURCE,verify_source_contract_then_register_reader,"Match this declared display asset to a versioned raw artifact or bounded RPC; verify license, observed/obtained time, nulls, coverage, and geometry before creating a shared reader.",NONE_YET
jpReligionWikidata,japan_gis,宗教,unknown_or_unavailable,READER_PENDING,manifest-asset:custom:./world/jp_religion_wikidata.geojson,display_asset_or_unresolved_only_raw_family_unverified,NOT_VERIFIED,"[{""kind"":""custom"",""path"":""./world/jp_religion_wikidata.geojson""}]",jp_religion_wikidata,DECLARED_DISPLAY_ASSET_NOT_VERIFIED_AS_COMPLETE_RAW_SOURCE,verify_source_contract_then_register_reader,"Match this declared display asset to a versioned raw artifact or bounded RPC; verify license, observed/obtained time, nulls, coverage, and geometry before creating a shared reader.",NONE_YET
jpSchools,japan_gis,教育,unknown_or_unavailable,READER_PENDING,manifest-asset:custom:./world/jp_schools.pmtiles,display_asset_or_unresolved_only_raw_family_unverified,NOT_VERIFIED,"[{""kind"":""custom"",""path"":""./world/jp_schools.pmtiles""}]",,DECLARED_DISPLAY_ASSET_NOT_VERIFIED_AS_COMPLETE_RAW_SOURCE,verify_source_contract_then_register_reader,"Match this declared display asset to a versioned raw artifact or bounded RPC; verify license, observed/obtained time, nulls, coverage, and geometry before creating a shared reader.",NONE_YET
jpStations,japan_gis,交通,unknown_or_unavailable,READER_PENDING,manifest-asset:custom:./world/jp_stations.geojson,display_asset_or_unresolved_only_raw_family_unverified,NOT_VERIFIED,"[{""kind"":""custom"",""path"":""./world/jp_stations.geojson""}]",,DECLARED_DISPLAY_ASSET_NOT_VERIFIED_AS_COMPLETE_RAW_SOURCE,verify_source_contract_then_register_reader,"Match this declared display asset to a versioned raw artifact or bounded RPC; verify license, observed/obtained time, nulls, coverage, and geometry before creating a shared reader.",NONE_YET
jpWaterQualityStations,japan_gis,水資源,unknown_or_unavailable,READER_PENDING,manifest-asset:custom:./world/jp_water/release.json,display_asset_or_unresolved_only_raw_family_unverified,NOT_VERIFIED,"[{""kind"":""custom"",""path"":""./world/jp_water/release.json""}]",jp_water_quality,DECLARED_DISPLAY_ASSET_NOT_VERIFIED_AS_COMPLETE_RAW_SOURCE,verify_source_contract_then_register_reader,"Match this declared display asset to a versioned raw artifact or bounded RPC; verify license, observed/obtained time, nulls, coverage, and geometry before creating a shared reader.",NONE_YET
jpWildlifeProtectionNational,japan_gis,自然保護,unknown_or_unavailable,RIGHTS_HOLD,manifest-asset:custom:./world/jp_wildlife_protection_moe_202504.pmtiles,display_asset_or_unresolved_only_raw_family_unverified,NOT_VERIFIED,"[{""kind"":""custom"",""path"":""./world/jp_wildlife_protection_moe_202504.pmtiles""}]",,RIGHTS_OR_USE_CLEARANCE_UNVERIFIED,verify_public_use_rights,Obtain publisher license/use clearance and an immutable raw-artifact or release receipt before reader work.,NONE_YET
jpWildlifeSpecialProtectionDesignatedArea,japan_gis,自然保護,unknown_or_unavailable,RIGHTS_HOLD,manifest-asset:custom:./world/jp_wildlife_protection_moe_202504.pmtiles,display_asset_or_unresolved_only_raw_family_unverified,NOT_VERIFIED,"[{""kind"":""custom"",""path"":""./world/jp_wildlife_protection_moe_202504.pmtiles""}]",,RIGHTS_OR_USE_CLEARANCE_UNVERIFIED,verify_public_use_rights,Obtain publisher license/use clearance and an immutable raw-artifact or release receipt before reader work.,NONE_YET
jpWildlifeSpecialProtectionDistrict,japan_gis,自然保護,unknown_or_unavailable,RIGHTS_HOLD,manifest-asset:custom:./world/jp_wildlife_protection_moe_202504.pmtiles,display_asset_or_unresolved_only_raw_family_unverified,NOT_VERIFIED,"[{""kind"":""custom"",""path"":""./world/jp_wildlife_protection_moe_202504.pmtiles""}]",,RIGHTS_OR_USE_CLEARANCE_UNVERIFIED,verify_public_use_rights,Obtain publisher license/use clearance and an immutable raw-artifact or release receipt before reader work.,NONE_YET
jpWorldHeritageCultural,japan_gis,世界遺產,unknown_or_unavailable,READER_PENDING,manifest-asset:custom:./world/jp_world_heritage_unesco_current.geojson,display_asset_or_unresolved_only_raw_family_unverified,NOT_VERIFIED,"[{""kind"":""custom"",""path"":""./world/jp_world_heritage_unesco_current.geojson""}]",,DECLARED_DISPLAY_ASSET_NOT_VERIFIED_AS_COMPLETE_RAW_SOURCE,verify_source_contract_then_register_reader,"Match this declared display asset to a versioned raw artifact or bounded RPC; verify license, observed/obtained time, nulls, coverage, and geometry before creating a shared reader.",NONE_YET
jpWorldHeritageNatural,japan_gis,世界遺產,unknown_or_unavailable,READER_PENDING,manifest-asset:custom:./world/jp_world_heritage_unesco_current.geojson,display_asset_or_unresolved_only_raw_family_unverified,NOT_VERIFIED,"[{""kind"":""custom"",""path"":""./world/jp_world_heritage_unesco_current.geojson""}]",,DECLARED_DISPLAY_ASSET_NOT_VERIFIED_AS_COMPLETE_RAW_SOURCE,verify_source_contract_then_register_reader,"Match this declared display asset to a versioned raw artifact or bounded RPC; verify license, observed/obtained time, nulls, coverage, and geometry before creating a shared reader.",NONE_YET
jpWorldNaturalHeritageHistorical,japan_gis,世界遺產,unknown_or_unavailable,RIGHTS_HOLD,manifest-asset:custom:./world/jp_world_natural_heritage_ksj_2011.geojson,display_asset_or_unresolved_only_raw_family_unverified,NOT_VERIFIED,"[{""kind"":""custom"",""path"":""./world/jp_world_natural_heritage_ksj_2011.geojson""}]",,RIGHTS_OR_USE_CLEARANCE_UNVERIFIED,verify_public_use_rights,Obtain publisher license/use clearance and an immutable raw-artifact or release receipt before reader work.,NONE_YET
jpBuildingHeight,japan_gis,高度與地表,unknown_or_unavailable,READER_PENDING,manifest-asset:pmtiles:./jp-heights/building_grid.pmtiles|pmtiles:./jp-heights/buildings.pmtiles,display_asset_or_unresolved_only_raw_family_unverified,NOT_VERIFIED,"[{""kind"":""pmtiles"",""path"":""./jp-heights/building_grid.pmtiles""},{""kind"":""pmtiles"",""path"":""./jp-heights/buildings.pmtiles""}]",,DECLARED_DISPLAY_ASSET_NOT_VERIFIED_AS_COMPLETE_RAW_SOURCE,verify_source_contract_then_register_reader,"Match this declared display asset to a versioned raw artifact or bounded RPC; verify license, observed/obtained time, nulls, coverage, and geometry before creating a shared reader.",NONE_YET
jpCanopyHeight,japan_gis,高度與地表,unknown_or_unavailable,READER_PENDING,manifest-asset:pmtiles:./jp-heights/canopy.pmtiles,display_asset_or_unresolved_only_raw_family_unverified,NOT_VERIFIED,"[{""kind"":""pmtiles"",""path"":""./jp-heights/canopy.pmtiles""}]",,DECLARED_DISPLAY_ASSET_NOT_VERIFIED_AS_COMPLETE_RAW_SOURCE,verify_source_contract_then_register_reader,"Match this declared display asset to a versioned raw artifact or bounded RPC; verify license, observed/obtained time, nulls, coverage, and geometry before creating a shared reader.",NONE_YET
jpWaterDams,japan_gis,水資源,unknown_or_unavailable,RIGHTS_HOLD,mlit:ksj_water:inspected-20260918,raw_lineage_inspected_display_alignment_pending,per W01/W05/W09/P21/P22 shard,NOT_VERIFIED,jp_water_ksj,SOURCE_LICENSE_OR_USE_CLEARANCE_HOLD,verify_public_use_rights,Obtain source and coordinate-use clearance before public spatial reader work; inspect missing original/raw receipts. only W09 is a commercial/public candidate; other source shards retain non-commercial/re-distribution holds,NONE_YET
jpWaterLakes,japan_gis,水資源,unknown_or_unavailable,RIGHTS_HOLD,mlit:ksj_water:inspected-20260918,raw_lineage_inspected_display_alignment_pending,per W01/W05/W09/P21/P22 shard,"[{""kind"":""custom"",""path"":""./world/jp_water/release.json""}]",jp_water_ksj,SOURCE_LICENSE_OR_USE_CLEARANCE_HOLD,verify_public_use_rights,Obtain source and coordinate-use clearance before public spatial reader work; inspect missing original/raw receipts. only W09 is a commercial/public candidate; other source shards retain non-commercial/re-distribution holds,NONE_YET
jpWaterRivers,japan_gis,水資源,unknown_or_unavailable,RIGHTS_HOLD,mlit:ksj_water:inspected-20260918,raw_lineage_inspected_display_alignment_pending,per W01/W05/W09/P21/P22 shard,NOT_VERIFIED,jp_water_ksj,SOURCE_LICENSE_OR_USE_CLEARANCE_HOLD,verify_public_use_rights,Obtain source and coordinate-use clearance before public spatial reader work; inspect missing original/raw receipts. only W09 is a commercial/public candidate; other source shards retain non-commercial/re-distribution holds,NONE_YET
jpWaterSewerFacilities,japan_gis,水資源,unknown_or_unavailable,RIGHTS_HOLD,mlit:ksj_water:inspected-20260918,raw_lineage_inspected_display_alignment_pending,per W01/W05/W09/P21/P22 shard,NOT_VERIFIED,jp_water_ksj,SOURCE_LICENSE_OR_USE_CLEARANCE_HOLD,verify_public_use_rights,Obtain source and coordinate-use clearance before public spatial reader work; inspect missing original/raw receipts. only W09 is a commercial/public candidate; other source shards retain non-commercial/re-distribution holds,NONE_YET
jpWaterSupplyAreas,japan_gis,水資源,unknown_or_unavailable,RIGHTS_HOLD,mlit:ksj_water:inspected-20260918,raw_lineage_inspected_display_alignment_pending,per W01/W05/W09/P21/P22 shard,NOT_VERIFIED,jp_water_ksj,SOURCE_LICENSE_OR_USE_CLEARANCE_HOLD,verify_public_use_rights,Obtain source and coordinate-use clearance before public spatial reader work; inspect missing original/raw receipts. only W09 is a commercial/public candidate; other source shards retain non-commercial/re-distribution holds,NONE_YET
jpWaterSupplyFacilities,japan_gis,水資源,unknown_or_unavailable,RIGHTS_HOLD,mlit:ksj_water:inspected-20260918,raw_lineage_inspected_display_alignment_pending,per W01/W05/W09/P21/P22 shard,NOT_VERIFIED,jp_water_ksj,SOURCE_LICENSE_OR_USE_CLEARANCE_HOLD,verify_public_use_rights,Obtain source and coordinate-use clearance before public spatial reader work; inspect missing original/raw receipts. only W09 is a commercial/public candidate; other source shards retain non-commercial/re-distribution holds,NONE_YET
jpWaterAgriculturalPonds,japan_gis,水資源,unknown_or_unavailable,SOURCE_MISSING,unresolved:no-declared-artifact:jpWaterAgriculturalPonds,display_asset_or_unresolved_only_raw_family_unverified,NOT_VERIFIED,NOT_VERIFIED,jp_water_agri_civic,NO_DECLARED_RAW_ARTIFACT_OR_RPC_RECEIPT,find_raw_artifact_or_bounded_rpc,"Find the owning raw artifact/RPC and its version, license, freshness, null policy, and geometry contract; keep this layer ungrouped until then.",NONE_YET
jpWaterFloodHazard,japan_gis,水資源,unknown_or_unavailable,SOURCE_MISSING,unresolved:no-declared-artifact:jpWaterFloodHazard,display_asset_or_unresolved_only_raw_family_unverified,NOT_VERIFIED,NOT_VERIFIED,jp_water_hazard_pollution,NO_DECLARED_RAW_ARTIFACT_OR_RPC_RECEIPT,find_raw_artifact_or_bounded_rpc,"Find the owning raw artifact/RPC and its version, license, freshness, null policy, and geometry contract; keep this layer ungrouped until then.",NONE_YET
