"layerKey","label","status","primaryBlocker","declaredContractFamilyKey","verifiedRawFamilyKey","upstreamDatasetIds","analyticsProcessedManifests","analyticsCatalogDocs","displayAssets","displayAssetWorktreePresence","displayAssetOriginalCheckoutPresence","rawSourceArtifact","geometryVerification","nextStep"
"a1AccidentRealtime","A1 即時事故 A1 Realtime","SOURCE_MISSING","NO_DECLARED_RAW_ARTIFACT_OR_RPC_RECEIPT","","","traffic_accident","data/processed/environment/traffic_accident/_manifest.json","docs/data-catalog/environment/traffic_accident.md","","","","","unverified from source payload","Find the owning raw artifact/RPC and its version, license, freshness, null policy, and geometry contract; keep this layer ungrouped until then."
"agriCropSuitability","作物適栽 Crop Suitability","READER_PENDING","DECLARED_DISPLAY_ASSET_NOT_VERIFIED_AS_COMPLETE_RAW_SOURCE","","","crop_suitability_132","data/processed/agriculture/crop_suitability_132/_manifest.json","docs/data-catalog/agriculture/crop_suitability_132.md","custom:./agriculture/crop_suitability_132.pmtiles","absent","present","","unverified from source payload","Match this declared display asset to a versioned raw artifact or bounded RPC; verify license, observed/obtained time, nulls, coverage, and geometry before creating a shared reader."
"agriculture","農田範圍 FTW Fields 2025","READER_PENDING","DECLARED_DISPLAY_ASSET_NOT_VERIFIED_AS_COMPLETE_RAW_SOURCE","","","ftw_fields","","docs/data-catalog/agriculture/ftw_fields.md","custom:./agriculture/ftw_fields_2025.pmtiles","absent","present","","unverified from source payload","Match this declared display asset to a versioned raw artifact or bounded RPC; verify license, observed/obtained time, nulls, coverage, and geometry before creating a shared reader."
"agriLeisureFarmZones","休閒農業區 Leisure Farm Zones","READER_PENDING","DECLARED_DISPLAY_ASSET_NOT_VERIFIED_AS_COMPLETE_RAW_SOURCE","","","leisure_farm_zones_2025","data/processed/agriculture/leisure_farm_zones_2025/_manifest.json","docs/data-catalog/agriculture/leisure_farm_zones_2025.md","custom:./agriculture/leisure_farm_zones_2025.pmtiles","absent","present","","unverified from source payload","Match this declared display asset to a versioned raw artifact or bounded RPC; verify license, observed/obtained time, nulls, coverage, and geometry before creating a shared reader."
"agriProduceWholesale","蔬果批發商 Produce Wholesale","READER_PENDING","DECLARED_DISPLAY_ASSET_NOT_VERIFIED_AS_COMPLETE_RAW_SOURCE","","","produce_wholesale_companies","data/processed/agriculture/produce_wholesale_companies/_manifest.json","docs/data-catalog/agriculture/produce_wholesale_companies.md","pmtiles:./agriculture/produce_wholesale_companies.pmtiles","absent","present","","unverified from source payload","Match this declared display asset to a versioned raw artifact or bounded RPC; verify license, observed/obtained time, nulls, coverage, and geometry before creating a shared reader."
"agriRetail","農產零售商 Retail","READER_PENDING","DECLARED_DISPLAY_ASSET_NOT_VERIFIED_AS_COMPLETE_RAW_SOURCE","","","agri_retail_companies","data/processed/agriculture/agri_retail_companies/_manifest.json","docs/data-catalog/agriculture/agri_retail_companies.md","pmtiles:./agriculture/agri_retail_companies.pmtiles","absent","present","","unverified from source payload","Match this declared display asset to a versioned raw artifact or bounded RPC; verify license, observed/obtained time, nulls, coverage, and geometry before creating a shared reader."
"agriRuralRegen","農村再生社區 Rural Regen","READER_PENDING","DECLARED_DISPLAY_ASSET_NOT_VERIFIED_AS_COMPLETE_RAW_SOURCE","","","rural_regen_communities_2025","data/processed/agriculture/rural_regen_communities_2025/_manifest.json","docs/data-catalog/agriculture/rural_regen_communities_2025.md","custom:./agriculture/rural_regen_communities_2025.pmtiles","absent","present","","unverified from source payload","Match this declared display asset to a versioned raw artifact or bounded RPC; verify license, observed/obtained time, nulls, coverage, and geometry before creating a shared reader."
"agriSoil","全台土壤分類 Soil Map","READER_PENDING","DECLARED_DISPLAY_ASSET_NOT_VERIFIED_AS_COMPLETE_RAW_SOURCE","","","soil_map_national","data/processed/agriculture/soil_map_national/_manifest.json","docs/data-catalog/agriculture/soil_map_national.md","custom:./agriculture/soil_map_national.pmtiles","absent","present","","unverified from source payload","Match this declared display asset to a versioned raw artifact or bounded RPC; verify license, observed/obtained time, nulls, coverage, and geometry before creating a shared reader."
"agriSoilFertility","土壤肥力 250m Soil Fertility","READER_PENDING","DECLARED_DISPLAY_ASSET_NOT_VERIFIED_AS_COMPLETE_RAW_SOURCE","","","soil_fertility_grid_250m","data/processed/agriculture/soil_fertility_grid_250m/_manifest.json","docs/data-catalog/agriculture/soil_fertility_grid_250m.md","custom:./agriculture/soil_fertility_grid_250m.pmtiles","absent","present","","unverified from source payload","Match this declared display asset to a versioned raw artifact or bounded RPC; verify license, observed/obtained time, nulls, coverage, and geometry before creating a shared reader."
"airports","機場 Airport","READER_PENDING","DECLARED_DISPLAY_ASSET_NOT_VERIFIED_AS_COMPLETE_RAW_SOURCE","","","airport","data/processed/transportation/airport/_manifest.json","docs/data-catalog/transportation/airport.md","geojson:./geo/airports.geojson;geojson:./geo/airports.geojson","present;present","present;present","","unverified from source payload","Match this declared display asset to a versioned raw artifact or bounded RPC; verify license, observed/obtained time, nulls, coverage, and geometry before creating a shared reader."
"aisstreamVessels","AISStream 船舶 AISStream Vessels","SOURCE_MISSING","NO_DECLARED_RAW_ARTIFACT_OR_RPC_RECEIPT","","","","","","","","","","unverified from source payload","Find the owning raw artifact/RPC and its version, license, freshness, null policy, and geometry contract; keep this layer ungrouped until then."
"allenCoralAtlas","珊瑚礁棲地分類 Allen Coral Atlas（私人研究）","READER_PENDING","QUERY_ACCESS_DISABLED","","","allen_coral_atlas","data/processed/marine/allen_coral_atlas/_manifest.json","docs/data-catalog/marine/allen_coral_atlas.md","","","","","unverified from source payload","Locate the owning descriptor contract and its source/release receipt; enable only after bounded access and geometry semantics are verified."
"animalAdoption","待認領養動物 Animal Adoption","SOURCE_MISSING","NO_DECLARED_RAW_ARTIFACT_OR_RPC_RECEIPT","","","animal_adoption","data/processed/animal_welfare/animal_adoption/_manifest.json","docs/data-catalog/animal_welfare/animal_adoption.md","","","","","unverified from source payload","Find the owning raw artifact/RPC and its version, license, freshness, null policy, and geometry contract; keep this layer ungrouped until then."
"animalShelterPressure","收容壓力 Shelter Pressure","SOURCE_MISSING","NO_DECLARED_RAW_ARTIFACT_OR_RPC_RECEIPT","","","animal_shelter_outcomes_monthly;animal_shelter_pressure_monthly","data/processed/animal_welfare/animal_shelter_outcomes_monthly/_manifest.json;data/processed/animal_welfare/animal_shelter_pressure_monthly/_manifest.json","docs/data-catalog/animal_welfare/animal_shelter_outcomes_monthly.md;docs/data-catalog/animal_welfare/animal_shelter_pressure_monthly.md","","","","","unverified from source payload","Find the owning raw artifact/RPC and its version, license, freshness, null policy, and geometry contract; keep this layer ungrouped until then."
"animalWelfarePoints","動物服務據點 Animal Services","SOURCE_MISSING","NO_DECLARED_RAW_ARTIFACT_OR_RPC_RECEIPT","","","animal_service_points","data/processed/animal_welfare/animal_service_points/_manifest.json","docs/data-catalog/animal_welfare/animal_service_points.md","","","","","unverified from source payload","Find the owning raw artifact/RPC and its version, license, freshness, null policy, and geometry contract; keep this layer ungrouped until then."
"aqiImagery","空氣品質色階 AQI Raster","SOURCE_MISSING","NO_DECLARED_RAW_ARTIFACT_OR_RPC_RECEIPT","declared-upstream:air_quality","","air_quality","","docs/data-catalog/environment/air_quality.md","","","","","unverified from source payload","Find the owning raw artifact/RPC and its version, license, freshness, null policy, and geometry contract; keep this layer ungrouped until then."
"aqiMicroSensors","LASS 微型感測 Micro Sensor","SOURCE_MISSING","NO_DECLARED_RAW_ARTIFACT_OR_RPC_RECEIPT","declared-upstream:air_quality","","air_quality","","docs/data-catalog/environment/air_quality.md","","","","","unverified from source payload","Find the owning raw artifact/RPC and its version, license, freshness, null policy, and geometry contract; keep this layer ungrouped until then."
"aqiStations","空氣品質測站 AQI Station","SOURCE_MISSING","NO_DECLARED_RAW_ARTIFACT_OR_RPC_RECEIPT","declared-upstream:air_quality","","air_quality","","docs/data-catalog/environment/air_quality.md","","","","","unverified from source payload","Find the owning raw artifact/RPC and its version, license, freshness, null policy, and geometry contract; keep this layer ungrouped until then."
"aquacultureIntegrated","養殖漁業整合 Integrated","READER_PENDING","DECLARED_DISPLAY_ASSET_NOT_VERIFIED_AS_COMPLETE_RAW_SOURCE","","","","","","pmtiles:./fishery/aquaculture_integrated.pmtiles","absent","present","","unverified from source payload","Match this declared display asset to a versioned raw artifact or bounded RPC; verify license, observed/obtained time, nulls, coverage, and geometry before creating a shared reader."
"aquaculturePonds","逐口魚塭 Aquaculture Ponds","READER_PENDING","DECLARED_DISPLAY_ASSET_NOT_VERIFIED_AS_COMPLETE_RAW_SOURCE","","","aquaculture_ponds_osm","data/processed/fishery/aquaculture_ponds_osm/_manifest.json","docs/data-catalog/fishery/aquaculture_ponds_osm.md","pmtiles:./fishery/aquaculture_ponds_osm.pmtiles","absent","present","","unverified from source payload","Match this declared display asset to a versioned raw artifact or bounded RPC; verify license, observed/obtained time, nulls, coverage, and geometry before creating a shared reader."
"aquacultureWaterSatellite","衛星偵測養殖水體 Satellite Detected","READER_PENDING","DECLARED_DISPLAY_ASSET_NOT_VERIFIED_AS_COMPLETE_RAW_SOURCE","","","aquaculture_water_satellite","data/processed/fishery/aquaculture_water_satellite/_manifest.json","docs/data-catalog/fishery/aquaculture_water_satellite.md","pmtiles:./fishery/aquaculture_water_satellite.pmtiles","absent","present","","unverified from source payload","Match this declared display asset to a versioned raw artifact or bounded RPC; verify license, observed/obtained time, nulls, coverage, and geometry before creating a shared reader."
"aquacultureWaterSatelliteMoa","魚塭·官方標籤版(2026-07) MOA Labeled","READER_PENDING","DECLARED_DISPLAY_ASSET_NOT_VERIFIED_AS_COMPLETE_RAW_SOURCE","","","aquaculture_water_satellite_moa","data/processed/fishery/aquaculture_water_satellite_moa/_manifest.json","docs/data-catalog/fishery/aquaculture_water_satellite_moa.md","pmtiles:./fishery/aquaculture_water_satellite_moa.pmtiles","present","present","","unverified from source payload","Match this declared display asset to a versioned raw artifact or bounded RPC; verify license, observed/obtained time, nulls, coverage, and geometry before creating a shared reader."
"aquacultureWaterUnion","魚塭·整合版 (官方∪衛星) Union","READER_PENDING","DECLARED_DISPLAY_ASSET_NOT_VERIFIED_AS_COMPLETE_RAW_SOURCE","","","aquaculture_water_sat_union","data/processed/fishery/aquaculture_water_sat_union/_manifest.json","docs/data-catalog/fishery/aquaculture_water_sat_union.md","pmtiles:./fishery/aquaculture_water_sat_union.pmtiles","present","present","","unverified from source payload","Match this declared display asset to a versioned raw artifact or bounded RPC; verify license, observed/obtained time, nulls, coverage, and geometry before creating a shared reader."
"aspectVector","坡向分級 Aspect 8向","READER_PENDING","DECLARED_DISPLAY_ASSET_NOT_VERIFIED_AS_COMPLETE_RAW_SOURCE","","","aspect","data/processed/base_map/aspect/_manifest.json","docs/data-catalog/base_map/aspect.md","custom:./base_map/aspect_vector.pmtiles","absent","present","","unverified from source payload","Match this declared display asset to a versioned raw artifact or bounded RPC; verify license, observed/obtained time, nulls, coverage, and geometry before creating a shared reader."
"aviationControl","飛航情報/終端管制 ✈️ FIR + TMA","READER_PENDING","DECLARED_DISPLAY_ASSET_NOT_VERIFIED_AS_COMPLETE_RAW_SOURCE","","","airspace_aip","","docs/data-catalog/aviation/airspace_aip.md","custom:./coverage/aviation_airspace.pmtiles","present","present","","unverified from source payload","Match this declared display asset to a versioned raw artifact or bounded RPC; verify license, observed/obtained time, nulls, coverage, and geometry before creating a shared reader."
"aviationRestricted","機場管制/限航/危險 ⛔ CTR+RCR+DANGER","READER_PENDING","DECLARED_DISPLAY_ASSET_NOT_VERIFIED_AS_COMPLETE_RAW_SOURCE","declared-upstream:airport_safety_zones","","airport_safety_zones","data/processed/aviation_drone/airport_safety_zones/_manifest.json","docs/data-catalog/aviation_drone/airport_safety_zones.md","custom:./coverage/aviation_airspace.pmtiles","present","present","","unverified from source payload","Match this declared display asset to a versioned raw artifact or bounded RPC; verify license, observed/obtained time, nulls, coverage, and geometry before creating a shared reader."
"aviationRestrictedGlow","機場管制/限航 Rim Glow 測試 ⛔✨","READER_PENDING","DECLARED_DISPLAY_ASSET_NOT_VERIFIED_AS_COMPLETE_RAW_SOURCE","","","","","","custom:./coverage/aviation_airspace.pmtiles","present","present","","unverified from source payload","Match this declared display asset to a versioned raw artifact or bounded RPC; verify license, observed/obtained time, nulls, coverage, and geometry before creating a shared reader."
"bridgeComparisonNewTaipei","新北橋梁 OSM 比對","READER_PENDING","DECLARED_DISPLAY_ASSET_NOT_VERIFIED_AS_COMPLETE_RAW_SOURCE","declared-upstream:network_structures","","network_structures","data/processed/transportation/network_structures/_manifest.json","docs/data-catalog/transportation/network_structures.md","pmtiles:./network_structures/bridge_comparison_new_taipei_20260906.pmtiles","absent","absent_or_unchecked","","unverified from source payload","Match this declared display asset to a versioned raw artifact or bounded RPC; verify license, observed/obtained time, nulls, coverage, and geometry before creating a shared reader."
"buildingsGba","建物輪廓 Buildings","READER_PENDING","DECLARED_DISPLAY_ASSET_NOT_VERIFIED_AS_COMPLETE_RAW_SOURCE","","","buildings_3d_gba","data/processed/urban_composite/buildings_3d_gba/_manifest.json","docs/data-catalog/urban_composite/buildings_3d_gba.md","pmtiles:./urban/buildings_value_taiwan.pmtiles","absent","present","","unverified from source payload","Match this declared display asset to a versioned raw artifact or bounded RPC; verify license, observed/obtained time, nulls, coverage, and geometry before creating a shared reader."
"busIntercityLive","公路客運 Intercity","SOURCE_MISSING","NO_DECLARED_RAW_ARTIFACT_OR_RPC_RECEIPT","declared-upstream:bus_realtime","","bus_realtime","","docs/data-catalog/transportation/bus_realtime.md","","","","","unverified from source payload","Find the owning raw artifact/RPC and its version, license, freshness, null policy, and geometry contract; keep this layer ungrouped until then."
"busStationsCity","市區公車站 City Bus","READER_PENDING","DECLARED_DISPLAY_ASSET_NOT_VERIFIED_AS_COMPLETE_RAW_SOURCE","declared-upstream:bus","","bus","data/processed/transportation/bus/_manifest.json","docs/data-catalog/transportation/bus.md","pmtiles:./geo/bus_stations_city.pmtiles","absent","present","","unverified from source payload","Match this declared display asset to a versioned raw artifact or bounded RPC; verify license, observed/obtained time, nulls, coverage, and geometry before creating a shared reader."
"canopyHeight","樹冠高度 Canopy Height","READER_PENDING","DECLARED_DISPLAY_ASSET_NOT_VERIFIED_AS_COMPLETE_RAW_SOURCE","","","canopy_height_meta","data/processed/forestry/canopy_height_meta/_manifest.json","docs/data-catalog/forestry/canopy_height_meta.md","pmtiles:./forestry/canopy_height_rgb_taiwan.pmtiles","absent","present","","unverified from source payload","Match this declared display asset to a versioned raw artifact or bounded RPC; verify license, observed/obtained time, nulls, coverage, and geometry before creating a shared reader."
"cemeteryOsm","墓區範圍 OSM Cemeteries","READER_PENDING","DECLARED_DISPLAY_ASSET_NOT_VERIFIED_AS_COMPLETE_RAW_SOURCE","","","cemetery_osm","data/processed/funeral/cemetery_osm/_manifest.json","docs/data-catalog/funeral/cemetery_osm.md","pmtiles:./funeral/cemetery_osm.pmtiles","present","present","","unverified from source payload","Match this declared display asset to a versioned raw artifact or bounded RPC; verify license, observed/obtained time, nulls, coverage, and geometry before creating a shared reader."
"civilDefenseShelter","防空避難 Civil Defense Shelters","READER_PENDING","DECLARED_DISPLAY_ASSET_NOT_VERIFIED_AS_COMPLETE_RAW_SOURCE","declared-upstream:civil_defense_shelters","","civil_defense_shelters","data/processed/police_justice/civil_defense_shelters/_manifest.json","docs/data-catalog/police_justice/civil_defense_shelters.md","pmtiles:./police_justice/civil_defense_shelters/civil_defense_shelters.pmtiles","absent","absent_or_unchecked","","unverified from source payload","Match this declared display asset to a versioned raw artifact or bounded RPC; verify license, observed/obtained time, nulls, coverage, and geometry before creating a shared reader."
"coalTerminal","煤炭碼頭 Coal Terminal","SOURCE_MISSING","NO_DECLARED_RAW_ARTIFACT_OR_RPC_RECEIPT","","","gem_coal_terminals","data/processed/energy/gem_coal_terminals/_manifest.json","docs/data-catalog/energy/gem_coal_terminals.md","","","","","unverified from source payload","Find the owning raw artifact/RPC and its version, license, freshness, null policy, and geometry contract; keep this layer ungrouped until then."
"companyAgeStructure","公司年齡結構 Company Age","READER_PENDING","DECLARED_DISPLAY_ASSET_NOT_VERIFIED_AS_COMPLETE_RAW_SOURCE","declared-upstream:company_demographics_grid","","company_demographics_grid","data/processed/business_registry/company_demographics_grid/_manifest.json","docs/data-catalog/business_registry/company_demographics_grid.md","pmtiles:./business_registry/company_demographics_grid_1500m_202608.pmtiles;pmtiles:./business_registry/company_demographics_grid_450m_202608.pmtiles","absent;absent","present;present","","unverified from source payload","Match this declared display asset to a versioned raw artifact or bounded RPC; verify license, observed/obtained time, nulls, coverage, and geometry before creating a shared reader."
"companyCapitalGrid","公司資本額網格 Company Capital Grid","READER_PENDING","READER_AND_RUNTIME_RELEASE_RECEIPT_MISSING","","business_registry:company_stock:202608","company_capital_grid","data/processed/business_registry/company_capital_grid/_manifest.json","docs/data-catalog/business_registry/company_capital_grid.md","pmtiles:./business_registry/company_capital_grid_1500m_202608_r2.pmtiles;pmtiles:./business_registry/company_capital_grid_150m_202608_r2.pmtiles;pmtiles:./business_registry/company_capital_grid_450m_202608_r2.pmtiles","absent;absent;absent","present;present;present","""taipei-gis-analytics/data/processed/business_registry/company_stock/company_stock_202608.csv""","unverified from source payload","Use the verified local raw lineage to build the bounded reader; verify the runtime release receipt before calling this spatial-ready."
"companyIndustryDistribution","登記產業分布 Company Industry","READER_PENDING","DECLARED_DISPLAY_ASSET_NOT_VERIFIED_AS_COMPLETE_RAW_SOURCE","declared-upstream:company_demographics_grid","","company_demographics_grid","data/processed/business_registry/company_demographics_grid/_manifest.json","docs/data-catalog/business_registry/company_demographics_grid.md","pmtiles:./business_registry/company_demographics_grid_1500m_202608.pmtiles;pmtiles:./business_registry/company_demographics_grid_450m_202608.pmtiles","absent;absent","present;present","","unverified from source payload","Match this declared display asset to a versioned raw artifact or bounded RPC; verify license, observed/obtained time, nulls, coverage, and geometry before creating a shared reader."
"companyPoints","公司登記分布 Company Registry","READER_PENDING","READER_AND_RUNTIME_RELEASE_RECEIPT_MISSING","","business_registry:company_stock:202608","company_points","data/processed/business_registry/company_points/_manifest.json","docs/data-catalog/business_registry/company_points.md","pmtiles:./business_registry/company_capital_grid_1500m_202608_r2.pmtiles;pmtiles:./business_registry/company_capital_grid_450m_202608_r2.pmtiles;pmtiles:./business_registry/company_points_202608_r2.pmtiles","absent;absent;absent","present;present;present","""taipei-gis-analytics/data/processed/business_registry/company_stock/company_stock_202608.csv""","unverified from source payload","Use the verified local raw lineage to build the bounded reader; verify the runtime release receipt before calling this spatial-ready."
"contour25k","等高線 Contour 25k (10m)","READER_PENDING","DECLARED_DISPLAY_ASSET_NOT_VERIFIED_AS_COMPLETE_RAW_SOURCE","","","contour_25k","data/processed/base_map/contour_25k/_manifest.json","docs/data-catalog/base_map/contour_25k.md","pmtiles:./base_map/contour_25k.pmtiles","absent","present","","unverified from source payload","Match this declared display asset to a versioned raw artifact or bounded RPC; verify license, observed/obtained time, nulls, coverage, and geometry before creating a shared reader."
"contourDtm20","等高線 Contour DTM20 (20m)","READER_PENDING","DECLARED_DISPLAY_ASSET_NOT_VERIFIED_AS_COMPLETE_RAW_SOURCE","","","contour_dtm20","data/processed/base_map/contour_dtm20/_manifest.json","docs/data-catalog/base_map/contour_dtm20.md","pmtiles:./base_map/contour_dtm20.pmtiles","absent","present","","unverified from source payload","Match this declared display asset to a versioned raw artifact or bounded RPC; verify license, observed/obtained time, nulls, coverage, and geometry before creating a shared reader."
"coralReefDistribution","珊瑚礁歷史分布 Historical Coral Reefs","SOURCE_MISSING","NO_DECLARED_RAW_ARTIFACT_OR_RPC_RECEIPT","","","coral_reef_distribution","data/processed/marine/coral_reef_distribution/_manifest.json","docs/data-catalog/marine/coral_reef_distribution.md","","","","","unverified from source payload","Find the owning raw artifact/RPC and its version, license, freshness, null policy, and geometry contract; keep this layer ungrouped until then."
"countyBoundary","縣市界 County","VERSION_MISMATCH","DISPLAY_TO_VERIFIED_RAW_RELEASE_ALIGNMENT_MISSING","","nlsc:county_boundary:COUNTY_MOI_1140318","county_boundary","data/processed/demographics/county_boundary/_manifest.json","docs/data-catalog/demographics/county_boundary.md","pmtiles:./base_map/county_boundary.pmtiles","absent","present","""taipei-gis-analytics/data/raw/demographics/county_boundary/COUNTY_MOI_1140318.zip""","unverified from source payload","Record a matching immutable receipt (SHA/version) from the mini display asset to the verified local raw lineage before reader work."
"courtJurisdiction","法院管轄區 Jurisdiction","READER_PENDING","DECLARED_DISPLAY_ASSET_NOT_VERIFIED_AS_COMPLETE_RAW_SOURCE","","","court_jurisdictions","data/processed/police_justice/court_jurisdictions/_manifest.json","docs/data-catalog/police_justice/court_jurisdictions.md","pmtiles:./police_justice/court_jurisdictions/court_jurisdictions.pmtiles","absent","absent_or_unchecked","","unverified from source payload","Match this declared display asset to a versioned raw artifact or bounded RPC; verify license, observed/obtained time, nulls, coverage, and geometry before creating a shared reader."
"crimeAreaMonthly","鄉鎮市區犯罪統計","READER_PENDING","DECLARED_DISPLAY_ASSET_NOT_VERIFIED_AS_COMPLETE_RAW_SOURCE","","","crime_area_monthly","data/processed/police_justice/crime_area_monthly/_manifest.json","docs/data-catalog/police_justice/crime_area_monthly.md","pmtiles:./police_justice/crime_area_monthly/crime_area_monthly.pmtiles","present","present","","unverified from source payload","Match this declared display asset to a versioned raw artifact or bounded RPC; verify license, observed/obtained time, nulls, coverage, and geometry before creating a shared reader."
"cwaCloudImagery","衛星雲圖 Cloud Imagery","SOURCE_MISSING","NO_DECLARED_RAW_ARTIFACT_OR_RPC_RECEIPT","declared-upstream:cwa_satellite","","cwa_satellite","","docs/data-catalog/weather/cwa_satellite.md","","","","","unverified from source payload","Find the owning raw artifact/RPC and its version, license, freshness, null policy, and geometry contract; keep this layer ungrouped until then."
"cwaRadarImagery","雷達回波 Radar Imagery","SOURCE_MISSING","NO_DECLARED_RAW_ARTIFACT_OR_RPC_RECEIPT","declared-upstream:cwa_satellite","","cwa_satellite","","docs/data-catalog/weather/cwa_satellite.md","","","","","unverified from source payload","Find the owning raw artifact/RPC and its version, license, freshness, null policy, and geometry contract; keep this layer ungrouped until then."
"droneNoFlyZone","無人機禁航區 🚫 Drone NFZ","READER_PENDING","DECLARED_DISPLAY_ASSET_NOT_VERIFIED_AS_COMPLETE_RAW_SOURCE","declared-upstream:airport_safety_zones","","airport_safety_zones","data/processed/aviation_drone/airport_safety_zones/_manifest.json","docs/data-catalog/aviation_drone/airport_safety_zones.md","custom:./coverage/drone_restricted_zones.pmtiles","present","present","","unverified from source payload","Match this declared display asset to a versioned raw artifact or bounded RPC; verify license, observed/obtained time, nulls, coverage, and geometry before creating a shared reader."
"droneRestrictedZone","無人機限航區 ⚠️ Drone Restricted","READER_PENDING","DECLARED_DISPLAY_ASSET_NOT_VERIFIED_AS_COMPLETE_RAW_SOURCE","","","drone_restricted_zones","data/processed/aviation_drone/drone_restricted_zones/_manifest.json","docs/data-catalog/aviation_drone/drone_restricted_zones.md","custom:./coverage/drone_restricted_zones.pmtiles","present","present","","unverified from source payload","Match this declared display asset to a versioned raw artifact or bounded RPC; verify license, observed/obtained time, nulls, coverage, and geometry before creating a shared reader."
"dustForecast","沙塵預報 Dust Forecast","SOURCE_MISSING","NO_DECLARED_RAW_ARTIFACT_OR_RPC_RECEIPT","","","cams_atmosphere_forecast","data/processed/global_climate/atmosphere/cams_atmosphere_forecast/_manifest.json","docs/data-catalog/global_climate/cams_atmosphere_forecast.md","","","","","unverified from source payload","Find the owning raw artifact/RPC and its version, license, freshness, null policy, and geometry contract; keep this layer ungrouped until then."
"earthquakes","地震 Earthquake","SOURCE_MISSING","NO_DECLARED_RAW_ARTIFACT_OR_RPC_RECEIPT","declared-upstream:earthquake","","earthquake","","docs/data-catalog/environment/earthquake.md","","","","","unverified from source payload","Find the owning raw artifact/RPC and its version, license, freshness, null policy, and geometry contract; keep this layer ungrouped until then."
"earthquakesGlobal","全球地震 USGS Earthquake","SOURCE_MISSING","NO_DECLARED_RAW_ARTIFACT_OR_RPC_RECEIPT","","","usgs_earthquakes_global","data/processed/global_climate/earthquakes/usgs_earthquakes_global/_manifest.json","docs/data-catalog/global_climate/usgs_earthquakes_global.md","","","","","unverified from source payload","Find the owning raw artifact/RPC and its version, license, freshness, null policy, and geometry contract; keep this layer ungrouped until then."
"ecoNetworkZones","國土綠網分區 Eco Network Zones","READER_PENDING","DECLARED_DISPLAY_ASSET_NOT_VERIFIED_AS_COMPLETE_RAW_SOURCE","","","eco_network_zones","","docs/data-catalog/agriculture/eco_network_zones.md","pmtiles:./agriculture/eco_network_zones.pmtiles","absent","present","","unverified from source payload","Match this declared display asset to a versioned raw artifact or bounded RPC; verify license, observed/obtained time, nulls, coverage, and geometry before creating a shared reader."
"eduCampusArea","校地面積 Campus Size","READER_PENDING","DECLARED_DISPLAY_ASSET_NOT_VERIFIED_AS_COMPLETE_RAW_SOURCE","declared-upstream:campus_polygon","","campus_polygon","data/processed/education/campus_polygon/_manifest.json","docs/data-catalog/education/campus_polygon.md","pmtiles:./education/campus_polygon.pmtiles","absent","present","","unverified from source payload","Match this declared display asset to a versioned raw artifact or bounded RPC; verify license, observed/obtained time, nulls, coverage, and geometry before creating a shared reader."
"eduCampusPolygon","校地範圍 Campus Area","READER_PENDING","DECLARED_DISPLAY_ASSET_NOT_VERIFIED_AS_COMPLETE_RAW_SOURCE","declared-upstream:campus_polygon","","campus_polygon","data/processed/education/campus_polygon/_manifest.json","docs/data-catalog/education/campus_polygon.md","pmtiles:./education/campus_polygon.pmtiles","absent","present","","unverified from source payload","Match this declared display asset to a versioned raw artifact or bounded RPC; verify license, observed/obtained time, nulls, coverage, and geometry before creating a shared reader."
"eduCramSchool","短期補習班 Cram School","READER_PENDING","DECLARED_DISPLAY_ASSET_NOT_VERIFIED_AS_COMPLETE_RAW_SOURCE","","","cram_schools","data/processed/education/cram_schools/_manifest.json","docs/data-catalog/education/cram_schools.md","pmtiles:./education/cram_schools.pmtiles","absent","present","","unverified from source payload","Match this declared display asset to a versioned raw artifact or bounded RPC; verify license, observed/obtained time, nulls, coverage, and geometry before creating a shared reader."
"eduDistrictElementary","國小學區 Elementary District","READER_PENDING","DECLARED_DISPLAY_ASSET_NOT_VERIFIED_AS_COMPLETE_RAW_SOURCE","declared-upstream:school_district_k12","","school_district_k12","data/processed/education/school_district_k12/_manifest.json","docs/data-catalog/education/school_district_k12.md","pmtiles:./education/school_district_k12.pmtiles","absent","present","","unverified from source payload","Match this declared display asset to a versioned raw artifact or bounded RPC; verify license, observed/obtained time, nulls, coverage, and geometry before creating a shared reader."
"eduDistrictJunior","國中學區 Junior High District","READER_PENDING","DECLARED_DISPLAY_ASSET_NOT_VERIFIED_AS_COMPLETE_RAW_SOURCE","declared-upstream:school_district_k12","","school_district_k12","data/processed/education/school_district_k12/_manifest.json","docs/data-catalog/education/school_district_k12.md","pmtiles:./education/school_district_k12.pmtiles","absent","present","","unverified from source payload","Match this declared display asset to a versioned raw artifact or bounded RPC; verify license, observed/obtained time, nulls, coverage, and geometry before creating a shared reader."
"erHospital","急診壅塞 ER","SOURCE_MISSING","NO_DECLARED_RAW_ARTIFACT_OR_RPC_RECEIPT","","","","","","","","","","unverified from source payload","Find the owning raw artifact/RPC and its version, license, freshness, null policy, and geometry contract; keep this layer ungrouped until then."
"evChargingStations","電動車充電站 EV Charging","SOURCE_MISSING","NO_DECLARED_RAW_ARTIFACT_OR_RPC_RECEIPT","","","ev_charging_stations","data/processed/energy/ev_charging_stations/_manifest.json","docs/data-catalog/energy/ev_charging_stations.md","","","","","unverified from source payload","Find the owning raw artifact/RPC and its version, license, freshness, null policy, and geometry contract; keep this layer ungrouped until then."
"evIsland","充電站 最近距離 EV Island","READER_PENDING","DECLARED_DISPLAY_ASSET_NOT_VERIFIED_AS_COMPLETE_RAW_SOURCE","","","","","","pmtiles:./coverage/taiwan_ev_nearest.pmtiles","present","present","","unverified from source payload","Match this declared display asset to a versioned raw artifact or bounded RPC; verify license, observed/obtained time, nulls, coverage, and geometry before creating a shared reader."
"facHistorical","發電廠 歷史・退役 Historical","SOURCE_MISSING","NO_DECLARED_RAW_ARTIFACT_OR_RPC_RECEIPT","declared-upstream:power_plants","","power_plants","data/processed/energy/power_plants/_manifest.json","docs/data-catalog/energy/power_plants.md","","","","","unverified from source payload","Find the owning raw artifact/RPC and its version, license, freshness, null policy, and geometry contract; keep this layer ungrouped until then."
"facOffshore","facOffshore","SOURCE_MISSING","NO_DECLARED_RAW_ARTIFACT_OR_RPC_RECEIPT","","","","","","","","","","unverified from source payload","Find the owning raw artifact/RPC and its version, license, freshness, null policy, and geometry contract; keep this layer ungrouped until then."
"facOsmSupplement","發電廠 OSM 補充 Supplement","SOURCE_MISSING","NO_DECLARED_RAW_ARTIFACT_OR_RPC_RECEIPT","declared-upstream:osm_power","","osm_power","","docs/data-catalog/energy/osm_power.md","","","","","unverified from source payload","Find the owning raw artifact/RPC and its version, license, freshness, null policy, and geometry contract; keep this layer ungrouped until then."
"facPlanned","發電廠 未來規劃 Planned","SOURCE_MISSING","NO_DECLARED_RAW_ARTIFACT_OR_RPC_RECEIPT","declared-upstream:power_plants","","power_plants","data/processed/energy/power_plants/_manifest.json","docs/data-catalog/energy/power_plants.md","","","","","unverified from source payload","Find the owning raw artifact/RPC and its version, license, freshness, null policy, and geometry contract; keep this layer ungrouped until then."
"facPrimary","發電廠 主要・運轉中 Primary","SOURCE_MISSING","NO_DECLARED_RAW_ARTIFACT_OR_RPC_RECEIPT","declared-upstream:power_plants","","power_plants","data/processed/energy/power_plants/_manifest.json","docs/data-catalog/energy/power_plants.md","","","","","unverified from source payload","Find the owning raw artifact/RPC and its version, license, freshness, null policy, and geometry contract; keep this layer ungrouped until then."
"facSecondary","發電廠 小型分散 Secondary","SOURCE_MISSING","NO_DECLARED_RAW_ARTIFACT_OR_RPC_RECEIPT","declared-upstream:power_plants","","power_plants","data/processed/energy/power_plants/_manifest.json","docs/data-catalog/energy/power_plants.md","","","","","unverified from source payload","Find the owning raw artifact/RPC and its version, license, freshness, null policy, and geometry contract; keep this layer ungrouped until then."
"factoryDensityGrid","生產中工廠密度 Factory Density","READER_PENDING","DECLARED_DISPLAY_ASSET_NOT_VERIFIED_AS_COMPLETE_RAW_SOURCE","declared-upstream:factory_locations","","factory_locations","data/processed/business_registry/factory_locations/_manifest.json","docs/data-catalog/business_registry/factory_locations.md","pmtiles:./business_registry/factory_density_1500m_202606.pmtiles;pmtiles:./business_registry/factory_density_450m_202606.pmtiles","absent;absent","present;present","","unverified from source payload","Match this declared display asset to a versioned raw artifact or bounded RPC; verify license, observed/obtained time, nulls, coverage, and geometry before creating a shared reader."
"factoryLocations","生產中工廠登記 Factory Locations","READER_PENDING","DECLARED_DISPLAY_ASSET_NOT_VERIFIED_AS_COMPLETE_RAW_SOURCE","declared-upstream:factory_locations","","factory_locations","data/processed/business_registry/factory_locations/_manifest.json","docs/data-catalog/business_registry/factory_locations.md","pmtiles:./business_registry/factory_locations_202606_allzoom.pmtiles","absent","present","","unverified from source payload","Match this declared display asset to a versioned raw artifact or bounded RPC; verify license, observed/obtained time, nulls, coverage, and geometry before creating a shared reader."
"farmRoads","農路 Farm Roads","READER_PENDING","DECLARED_DISPLAY_ASSET_NOT_VERIFIED_AS_COMPLETE_RAW_SOURCE","","","farm_roads","","docs/data-catalog/agriculture/farm_roads.md","pmtiles:./agriculture/farm_roads.pmtiles","absent","present","","unverified from source payload","Match this declared display asset to a versioned raw artifact or bounded RPC; verify license, observed/obtained time, nulls, coverage, and geometry before creating a shared reader."
"fireEvents","火災歷史 Fire History","SOURCE_MISSING","NO_DECLARED_RAW_ARTIFACT_OR_RPC_RECEIPT","declared-upstream:fire_incidents","","fire_incidents","data/processed/fire/fire_incidents/_manifest.json","docs/data-catalog/fire/fire_incidents.md","","","","","unverified from source payload","Find the owning raw artifact/RPC and its version, license, freshness, null policy, and geometry contract; keep this layer ungrouped until then."
"fireHydrants","消防栓 Hydrant","READER_PENDING","DECLARED_DISPLAY_ASSET_NOT_VERIFIED_AS_COMPLETE_RAW_SOURCE","","","hydrants","data/processed/fire/hydrants/_manifest.json","docs/data-catalog/fire/hydrants.md","pmtiles:./geo/fire_hydrants.pmtiles","absent","present","","unverified from source payload","Match this declared display asset to a versioned raw artifact or bounded RPC; verify license, observed/obtained time, nulls, coverage, and geometry before creating a shared reader."
"fireIsochrone","救援等時圈 Isochrone","SOURCE_MISSING","NO_DECLARED_RAW_ARTIFACT_OR_RPC_RECEIPT","","","","","","","","","","unverified from source payload","Find the owning raw artifact/RPC and its version, license, freshness, null policy, and geometry contract; keep this layer ungrouped until then."
"fireLatest","火災最新年度 Latest","SOURCE_MISSING","NO_DECLARED_RAW_ARTIFACT_OR_RPC_RECEIPT","declared-upstream:fire_incidents","","fire_incidents","data/processed/fire/fire_incidents/_manifest.json","docs/data-catalog/fire/fire_incidents.md","","","","","unverified from source payload","Find the owning raw artifact/RPC and its version, license, freshness, null policy, and geometry contract; keep this layer ungrouped until then."
"flights","航班 Flight","SOURCE_MISSING","NO_DECLARED_RAW_ARTIFACT_OR_RPC_RECEIPT","","","opensky_flights","","docs/data-catalog/transportation/opensky_flights.md","","","","","unverified from source payload","Find the owning raw artifact/RPC and its version, license, freshness, null policy, and geometry contract; keep this layer ungrouped until then."
"floodAlerts","水文防汛 Flood Alerts","SOURCE_MISSING","NO_DECLARED_RAW_ARTIFACT_OR_RPC_RECEIPT","declared-upstream:ncdr_alerts","","ncdr_alerts","","docs/data-catalog/emergency_response/ncdr_alerts.md","","","","","unverified from source payload","Find the owning raw artifact/RPC and its version, license, freshness, null policy, and geometry contract; keep this layer ungrouped until then."
"floodSensor","都市淹水感測 USWG","SOURCE_MISSING","NO_DECLARED_RAW_ARTIFACT_OR_RPC_RECEIPT","declared-upstream:water.uswg_measurements","","water.uswg_measurements","","","","","","","unverified from source payload","Find the owning raw artifact/RPC and its version, license, freshness, null policy, and geometry contract; keep this layer ungrouped until then."
"floodSensorIsochrone","淹水 3 分步行圈 Isochrone (雙北)","READER_PENDING","DECLARED_DISPLAY_ASSET_NOT_VERIFIED_AS_COMPLETE_RAW_SOURCE","declared-upstream:water.uswg_measurements","","water.uswg_measurements","","","custom:./flood/uswg_isochrone_3min.pmtiles","present","present","","unverified from source payload","Match this declared display asset to a versioned raw artifact or bounded RPC; verify license, observed/obtained time, nulls, coverage, and geometry before creating a shared reader."
"forestCompartments","林班 Compartments","READER_PENDING","DECLARED_DISPLAY_ASSET_NOT_VERIFIED_AS_COMPLETE_RAW_SOURCE","","","national_forest_compartments","data/processed/forestry/national_forest_compartments/_manifest.json","docs/data-catalog/forestry/national_forest_compartments.md","pmtiles:./forestry/national_forest_compartments.pmtiles","present","present","","unverified from source payload","Match this declared display asset to a versioned raw artifact or bounded RPC; verify license, observed/obtained time, nulls, coverage, and geometry before creating a shared reader."
"forestReserve","保安林 Reserve","SOURCE_MISSING","NO_DECLARED_RAW_ARTIFACT_OR_RPC_RECEIPT","","","forest_reserve","data/processed/forestry/forest_reserve/_manifest.json","docs/data-catalog/forestry/forest_reserve.md","","","","","unverified from source payload","Find the owning raw artifact/RPC and its version, license, freshness, null policy, and geometry contract; keep this layer ungrouped until then."
"fossilFuelInfra","石化能源設施 Fossil Fuel (legacy)","SOURCE_MISSING","NO_DECLARED_RAW_ARTIFACT_OR_RPC_RECEIPT","","","gem_coal_plants","data/processed/energy/gem_coal_plants/_manifest.json","docs/data-catalog/energy/gem_coal_plants.md","","","","","unverified from source payload","Find the owning raw artifact/RPC and its version, license, freshness, null policy, and geometry contract; keep this layer ungrouped until then."
"freewayCongestion","國道壅塞 Congestion","SOURCE_MISSING","NO_DECLARED_RAW_ARTIFACT_OR_RPC_RECEIPT","declared-upstream:road_congestion","","road_congestion","","docs/data-catalog/transportation/road_congestion.md","","","","","unverified from source payload","Find the owning raw artifact/RPC and its version, license, freshness, null policy, and geometry contract; keep this layer ungrouped until then."
"funeralOperatorDensity","業者密度 Operator Density","READER_PENDING","DECLARED_DISPLAY_ASSET_NOT_VERIFIED_AS_COMPLETE_RAW_SOURCE","","","funeral_operators_district","data/processed/funeral/funeral_operators_district/_manifest.json","docs/data-catalog/funeral/funeral_operators_district.md","custom:./base_map/township_boundary.pmtiles","absent","present","","unverified from source payload","Match this declared display asset to a versioned raw artifact or bounded RPC; verify license, observed/obtained time, nulls, coverage, and geometry before creating a shared reader."
"gasCoverageAll","加油站 最近距離 Coverage All","READER_PENDING","DECLARED_DISPLAY_ASSET_NOT_VERIFIED_AS_COMPLETE_RAW_SOURCE","","","","","","pmtiles:./coverage/taiwan_all_gas_nearest.pmtiles","present","present","","unverified from source payload","Match this declared display asset to a versioned raw artifact or bounded RPC; verify license, observed/obtained time, nulls, coverage, and geometry before creating a shared reader."
"gasCoverageCpc","中油 最近距離 Coverage CPC","VERSION_MISMATCH","DISPLAY_TO_VERIFIED_RAW_RELEASE_ALIGNMENT_NOT_INSPECTED","declared-upstream:gas_stations","taiwan:gas_stations:20260615","gas_stations","data/processed/energy/gas_stations/_manifest.json","docs/data-catalog/energy/gas_stations.md","pmtiles:./coverage/taiwan_cpc_nearest.pmtiles","present","present","""taipei-gis-analytics/data/raw/energy/gas_stations/""","unverified from source payload","Read a matching immutable receipt for this display asset before reader work; verified raw lineage alone does not prove its mini display version."
"gasCoverageFpcc","台塑 最近距離 Coverage FPCC","VERSION_MISMATCH","DISPLAY_TO_VERIFIED_RAW_RELEASE_ALIGNMENT_NOT_INSPECTED","declared-upstream:gas_stations","taiwan:gas_stations:20260615","gas_stations","data/processed/energy/gas_stations/_manifest.json","docs/data-catalog/energy/gas_stations.md","pmtiles:./coverage/taiwan_fpcc_nearest.pmtiles","present","present","""taipei-gis-analytics/data/raw/energy/gas_stations/""","unverified from source payload","Read a matching immutable receipt for this display asset before reader work; verified raw lineage alone does not prove its mini display version."
"gasCoverageTaisugar","台糖 最近距離 Coverage Taisugar","VERSION_MISMATCH","DISPLAY_TO_VERIFIED_RAW_RELEASE_ALIGNMENT_NOT_INSPECTED","declared-upstream:gas_stations","taiwan:gas_stations:20260615","gas_stations","data/processed/energy/gas_stations/_manifest.json","docs/data-catalog/energy/gas_stations.md","pmtiles:./coverage/taiwan_taisugar_nearest.pmtiles","present","present","""taipei-gis-analytics/data/raw/energy/gas_stations/""","unverified from source payload","Read a matching immutable receipt for this display asset before reader work; verified raw lineage alone does not prove its mini display version."
"gasStationCanonical","加油站 SSOT 合併 Canonical","VERSION_MISMATCH","DISPLAY_TO_VERIFIED_RAW_RELEASE_ALIGNMENT_NOT_INSPECTED","declared-upstream:gas_stations","taiwan:gas_stations:20260615","gas_stations","data/processed/energy/gas_stations/_manifest.json","docs/data-catalog/energy/gas_stations.md","","","","""taipei-gis-analytics/data/raw/energy/gas_stations/""","unverified from source payload","Read a matching immutable receipt for this display asset before reader work; verified raw lineage alone does not prove its mini display version."
"gasStationCpc","加油站 中油 CPC","VERSION_MISMATCH","DISPLAY_TO_VERIFIED_RAW_RELEASE_ALIGNMENT_NOT_INSPECTED","declared-upstream:gas_stations","taiwan:gas_stations:20260615","gas_stations","data/processed/energy/gas_stations/_manifest.json","docs/data-catalog/energy/gas_stations.md","","","","""taipei-gis-analytics/data/raw/energy/gas_stations/""","unverified from source payload","Read a matching immutable receipt for this display asset before reader work; verified raw lineage alone does not prove its mini display version."
"gasStationFpcc","加油站 台塑 FPCC","VERSION_MISMATCH","DISPLAY_TO_VERIFIED_RAW_RELEASE_ALIGNMENT_NOT_INSPECTED","declared-upstream:gas_stations","taiwan:gas_stations:20260615","gas_stations","data/processed/energy/gas_stations/_manifest.json","docs/data-catalog/energy/gas_stations.md","","","","""taipei-gis-analytics/data/raw/energy/gas_stations/""","unverified from source payload","Read a matching immutable receipt for this display asset before reader work; verified raw lineage alone does not prove its mini display version."
"gasStationOther","加油站 其他 / 私營 Other","VERSION_MISMATCH","DISPLAY_TO_VERIFIED_RAW_RELEASE_ALIGNMENT_NOT_INSPECTED","declared-upstream:gas_stations","taiwan:gas_stations:20260615","gas_stations","data/processed/energy/gas_stations/_manifest.json","docs/data-catalog/energy/gas_stations.md","","","","""taipei-gis-analytics/data/raw/energy/gas_stations/""","unverified from source payload","Read a matching immutable receipt for this display asset before reader work; verified raw lineage alone does not prove its mini display version."
"gasStationTaisugar","加油站 台糖 Taisugar","VERSION_MISMATCH","DISPLAY_TO_VERIFIED_RAW_RELEASE_ALIGNMENT_NOT_INSPECTED","declared-upstream:gas_stations","taiwan:gas_stations:20260615","gas_stations","data/processed/energy/gas_stations/_manifest.json","docs/data-catalog/energy/gas_stations.md","","","","""taipei-gis-analytics/data/raw/energy/gas_stations/""","unverified from source payload","Read a matching immutable receipt for this display asset before reader work; verified raw lineage alone does not prove its mini display version."
"geothermalWells","地熱井 Geothermal","SOURCE_MISSING","NO_DECLARED_RAW_ARTIFACT_OR_RPC_RECEIPT","","","geothermal_wells","data/processed/energy/geothermal_wells/_manifest.json","docs/data-catalog/energy/geothermal_wells.md","","","","","unverified from source payload","Find the owning raw artifact/RPC and its version, license, freshness, null policy, and geometry contract; keep this layer ungrouped until then."
"gfwDarkVessels","GFW SAR 未匹配 AIS Unmatched Detections","SOURCE_MISSING","NO_DECLARED_RAW_ARTIFACT_OR_RPC_RECEIPT","","","","","","","","","","unverified from source payload","Find the owning raw artifact/RPC and its version, license, freshness, null policy, and geometry contract; keep this layer ungrouped until then."
"gfwFishingEffort","GFW 每日捕撈活動 Fishing Effort","SOURCE_MISSING","NO_DECLARED_RAW_ARTIFACT_OR_RPC_RECEIPT","","","","","","","","","","unverified from source payload","Find the owning raw artifact/RPC and its version, license, freshness, null policy, and geometry contract; keep this layer ungrouped until then."
"gfwHourlyGrid","GFW 小時船舶網格 Hourly Grid","READER_PENDING","DECLARED_DISPLAY_ASSET_NOT_VERIFIED_AS_COMPLETE_RAW_SOURCE","","","","","","custom:./gfw_hourly_grid_poc/manifest.json","absent","absent_or_unchecked","","unverified from source payload","Match this declared display asset to a versioned raw artifact or bounded RPC; verify license, observed/obtained time, nulls, coverage, and geometry before creating a shared reader."
"gfwHourlyTracks","GFW 小時近似航跡 Hourly Tracks","READER_PENDING","DECLARED_DISPLAY_ASSET_NOT_VERIFIED_AS_COMPLETE_RAW_SOURCE","","","","","","custom:./gfw_hourly_tracks_poc/manifest.json","absent","absent_or_unchecked","","unverified from source payload","Match this declared display asset to a versioned raw artifact or bounded RPC; verify license, observed/obtained time, nulls, coverage, and geometry before creating a shared reader."
"gfwVesselPresence","GFW 舊版每日船舶 Historical Presence","SOURCE_MISSING","NO_DECLARED_RAW_ARTIFACT_OR_RPC_RECEIPT","","","","","","","","","","unverified from source payload","Find the owning raw artifact/RPC and its version, license, freshness, null policy, and geometry contract; keep this layer ungrouped until then."
"globalEvents","全球重大事件 Global Events","SOURCE_MISSING","NO_DECLARED_RAW_ARTIFACT_OR_RPC_RECEIPT","","","","","","","","","","unverified from source payload","Find the owning raw artifact/RPC and its version, license, freshness, null policy, and geometry contract; keep this layer ungrouped until then."
"groundwater","地下水井 Groundwater","SOURCE_MISSING","NO_DECLARED_RAW_ARTIFACT_OR_RPC_RECEIPT","declared-upstream:groundwater_wells","","groundwater_wells","","docs/data-catalog/water_resources/groundwater_wells.md","","","","","unverified from source payload","Find the owning raw artifact/RPC and its version, license, freshness, null policy, and geometry contract; keep this layer ungrouped until then."
"groundwaterWells","水井點位 Wells","SOURCE_MISSING","NO_DECLARED_RAW_ARTIFACT_OR_RPC_RECEIPT","declared-upstream:groundwater_wells","","groundwater_wells","","docs/data-catalog/water_resources/groundwater_wells.md","","","","","unverified from source payload","Find the owning raw artifact/RPC and its version, license, freshness, null policy, and geometry contract; keep this layer ungrouped until then."
"h3Population","人流模擬 Pop. Flow","SOURCE_MISSING","NO_DECLARED_RAW_ARTIFACT_OR_RPC_RECEIPT","declared-upstream:population","","population","data/processed/demographics/population/_manifest.json","docs/data-catalog/demographics/population.md","","","","","unverified from source payload","Find the owning raw artifact/RPC and its version, license, freshness, null policy, and geometry contract; keep this layer ungrouped until then."
"highways","國道 Highway","READER_PENDING","DECLARED_DISPLAY_ASSET_NOT_VERIFIED_AS_COMPLETE_RAW_SOURCE","","","freeway","data/processed/transportation/freeway/_manifest.json","docs/data-catalog/transportation/freeway.md","pmtiles:./geo/national_highway.pmtiles","absent","present","","unverified from source payload","Match this declared display asset to a versioned raw artifact or bounded RPC; verify license, observed/obtained time, nulls, coverage, and geometry before creating a shared reader."
"hikingTrails","全台步道 Hiking Trails","READER_PENDING","DECLARED_DISPLAY_ASSET_NOT_VERIFIED_AS_COMPLETE_RAW_SOURCE","","","mountain_trail_signs","data/processed/forestry/mountain_trail_signs/_manifest.json","docs/data-catalog/forestry/mountain_trail_signs.md","pmtiles:./forestry/hiking_trails.pmtiles","absent","present","","unverified from source payload","Match this declared display asset to a versioned raw artifact or bounded RPC; verify license, observed/obtained time, nulls, coverage, and geometry before creating a shared reader."
"hillshade","山體陰影 Hillshade","READER_PENDING","DECLARED_DISPLAY_ASSET_NOT_VERIFIED_AS_COMPLETE_RAW_SOURCE","","","hillshade","data/processed/base_map/hillshade/_manifest.json","docs/data-catalog/base_map/hillshade.md","custom:./base_map/hillshade.png","present","present","","unverified from source payload","Match this declared display asset to a versioned raw artifact or bounded RPC; verify license, observed/obtained time, nulls, coverage, and geometry before creating a shared reader."
"historicalFlightTrails","歷史航班軌跡 Taiwan","READER_PENDING","DECLARED_DISPLAY_ASSET_NOT_VERIFIED_AS_COMPLETE_RAW_SOURCE","","","","","","custom:./flight-trails/manifest.json","absent","absent_or_unchecked","","unverified from source payload","Match this declared display asset to a versioned raw artifact or bounded RPC; verify license, observed/obtained time, nulls, coverage, and geometry before creating a shared reader."
"indicators","人口指標 Indicators","SOURCE_MISSING","NO_DECLARED_RAW_ARTIFACT_OR_RPC_RECEIPT","","","county_indicators_yearly","data/processed/demographics/county_indicators_yearly/_manifest.json","docs/data-catalog/demographics/county_indicators_yearly.md","","","","","unverified from source payload","Find the owning raw artifact/RPC and its version, license, freshness, null policy, and geometry contract; keep this layer ungrouped until then."
"industrialParkBoundaries","產業園區邊界 Industrial Parks","READER_PENDING","DECLARED_DISPLAY_ASSET_NOT_VERIFIED_AS_COMPLETE_RAW_SOURCE","","","industrial_park_boundaries","data/processed/industrial_zone/industrial_park_boundaries/_manifest.json","docs/data-catalog/industrial_zone/industrial_park_boundaries.md","pmtiles:./industrial_zone/industrial_park_boundaries_20260818.pmtiles","absent","present","","unverified from source payload","Match this declared display asset to a versioned raw artifact or bounded RPC; verify license, observed/obtained time, nulls, coverage, and geometry before creating a shared reader."
"industrialParkComparison","園區商工比較 Industrial Park Metrics","READER_PENDING","DECLARED_DISPLAY_ASSET_NOT_VERIFIED_AS_COMPLETE_RAW_SOURCE","","","industrial_park_comparison","data/processed/business_registry/industrial_park_comparison/_manifest.json","docs/data-catalog/business_registry/industrial_park_comparison.md","pmtiles:./business_registry/industrial_park_comparison_20260818.pmtiles","absent","present","","unverified from source payload","Match this declared display asset to a versioned raw artifact or bounded RPC; verify license, observed/obtained time, nulls, coverage, and geometry before creating a shared reader."
"industrialPowerPlant","火力廠 polygon Thermal Plant","SOURCE_MISSING","NO_DECLARED_RAW_ARTIFACT_OR_RPC_RECEIPT","","","osm_fossil_power_plants","data/processed/energy/osm_fossil_power_plants/_manifest.json","docs/data-catalog/energy/osm_fossil_power_plants.md","","","","","unverified from source payload","Find the owning raw artifact/RPC and its version, license, freshness, null policy, and geometry contract; keep this layer ungrouped until then."
"industrialRefinery","煉油 / 化工廠 Refinery","SOURCE_MISSING","NO_DECLARED_RAW_ARTIFACT_OR_RPC_RECEIPT","","","osm_refineries","data/processed/energy/osm_refineries/_manifest.json","docs/data-catalog/energy/osm_refineries.md","","","","","unverified from source payload","Find the owning raw artifact/RPC and its version, license, freshness, null policy, and geometry contract; keep this layer ungrouped until then."
"industrialStorageTank","油氣儲槽 Storage Tank","SOURCE_MISSING","NO_DECLARED_RAW_ARTIFACT_OR_RPC_RECEIPT","","","osm_storage_tanks_oil_gas","data/processed/energy/osm_storage_tanks_oil_gas/_manifest.json","docs/data-catalog/energy/osm_storage_tanks_oil_gas.md","","","","","unverified from source payload","Find the owning raw artifact/RPC and its version, license, freshness, null policy, and geometry contract; keep this layer ungrouped until then."
"iotWraRiver","IoT 河川 IoT River","SOURCE_MISSING","NO_DECLARED_RAW_ARTIFACT_OR_RPC_RECEIPT","","","river_water_level_realtime","data/processed/water_resources/river_water_level_realtime/_manifest.json","docs/data-catalog/water_resources/river_water_level_realtime.md","","","","","unverified from source payload","Find the owning raw artifact/RPC and its version, license, freshness, null policy, and geometry contract; keep this layer ungrouped until then."
"iotWraStructure","IoT 水工結構 IoT Structure","SOURCE_MISSING","NO_DECLARED_RAW_ARTIFACT_OR_RPC_RECEIPT","","","dam_weirs_wra","data/processed/water_resources/dam_weirs_wra/_manifest.json","docs/data-catalog/water_resources/dam_weirs_wra.md","","","","","unverified from source payload","Find the owning raw artifact/RPC and its version, license, freshness, null policy, and geometry contract; keep this layer ungrouped until then."
"islandPowerGrid","islandPowerGrid","SOURCE_MISSING","NO_DECLARED_RAW_ARTIFACT_OR_RPC_RECEIPT","","","","","","","","","","unverified from source payload","Find the owning raw artifact/RPC and its version, license, freshness, null policy, and geometry contract; keep this layer ungrouped until then."
"isobath","海底等深線 Isobath","READER_PENDING","DECLARED_DISPLAY_ASSET_NOT_VERIFIED_AS_COMPLETE_RAW_SOURCE","","","gebco_isobath","data/processed/base_map/gebco_isobath/_manifest.json","docs/data-catalog/base_map/gebco_isobath.md","pmtiles:./base_map/gebco_isobath.pmtiles","absent","present","","unverified from source payload","Match this declared display asset to a versioned raw artifact or bounded RPC; verify license, observed/obtained time, nulls, coverage, and geometry before creating a shared reader."
"jpAccommodationCanonical","旅宿去重總覽 宿泊施設の統合一覧","READER_PENDING","DECLARED_DISPLAY_ASSET_NOT_VERIFIED_AS_COMPLETE_RAW_SOURCE","declared-upstream:jp_accommodation_canonical","","jp_accommodation_canonical","","","custom:./world/jp_accommodation_canonical_allzoom_20260910.pmtiles","absent","absent_or_unchecked","","unverified from source payload","Match this declared display asset to a versioned raw artifact or bounded RPC; verify license, observed/obtained time, nulls, coverage, and geometry before creating a shared reader."
"jpAccommodationDensity","旅宿密度網格 宿泊施設密度グリッド","READER_PENDING","DECLARED_DISPLAY_ASSET_NOT_VERIFIED_AS_COMPLETE_RAW_SOURCE","declared-upstream:jp_accommodation_canonical","","jp_accommodation_canonical","","","pmtiles:./world/jp_accommodation_density_1500m_20260910.pmtiles;pmtiles:./world/jp_accommodation_density_450m_20260910.pmtiles","absent;absent","absent_or_unchecked;absent_or_unchecked","","unverified from source payload","Match this declared display asset to a versioned raw artifact or bounded RPC; verify license, observed/obtained time, nulls, coverage, and geometry before creating a shared reader."
"jpAccommodationJta","觀光廳登錄飯店／旅館 観光庁登録ホテル・旅館","READER_PENDING","DECLARED_DISPLAY_ASSET_NOT_VERIFIED_AS_COMPLETE_RAW_SOURCE","","","jp_accommodation_jta","","","custom:./world/jp_accommodation_jta_20260331.geojson","absent","absent_or_unchecked","","unverified from source payload","Match this declared display asset to a versioned raw artifact or bounded RPC; verify license, observed/obtained time, nulls, coverage, and geometry before creating a shared reader."
"jpAccommodationLocal","地方旅館業許可 地方自治体の旅館業許可","READER_PENDING","DECLARED_DISPLAY_ASSET_NOT_VERIFIED_AS_COMPLETE_RAW_SOURCE","","","jp_accommodation_local","","","custom:./world/jp_accommodation_local_20260910.geojson","absent","absent_or_unchecked","","unverified from source payload","Match this declared display asset to a versioned raw artifact or bounded RPC; verify license, observed/obtained time, nulls, coverage, and geometry before creating a shared reader."
"jpAccommodationOsm","OpenStreetMap 住宿涵蓋 OpenStreetMap 宿泊施設カバレッジ","READER_PENDING","DECLARED_DISPLAY_ASSET_NOT_VERIFIED_AS_COMPLETE_RAW_SOURCE","","","jp_accommodation_osm","","","custom:./world/jp_accommodation_osm_allzoom_20260910.pmtiles","absent","absent_or_unchecked","","unverified from source payload","Match this declared display asset to a versioned raw artifact or bounded RPC; verify license, observed/obtained time, nulls, coverage, and geometry before creating a shared reader."
"jpAdminBoundaries","市區町村界 市区町村境","READER_PENDING","DECLARED_DISPLAY_ASSET_NOT_VERIFIED_AS_COMPLETE_RAW_SOURCE","","","","","","custom:./world/jp_admin_boundaries.pmtiles","present","present","","unverified from source payload","Match this declared display asset to a versioned raw artifact or bounded RPC; verify license, observed/obtained time, nulls, coverage, and geometry before creating a shared reader."
"jpAdminPrefecture","都道府縣界 都道府県境","READER_PENDING","DECLARED_DISPLAY_ASSET_NOT_VERIFIED_AS_COMPLETE_RAW_SOURCE","","","","","","custom:./world/jp_admin_boundaries_prefecture.pmtiles","present","present","","unverified from source payload","Match this declared display asset to a versioned raw artifact or bounded RPC; verify license, observed/obtained time, nulls, coverage, and geometry before creating a shared reader."
"jpAirports","機場 空港","READER_PENDING","DECLARED_DISPLAY_ASSET_NOT_VERIFIED_AS_COMPLETE_RAW_SOURCE","","","","","","custom:./world/jp_airports.geojson","present","present","","unverified from source payload","Match this declared display asset to a versioned raw artifact or bounded RPC; verify license, observed/obtained time, nulls, coverage, and geometry before creating a shared reader."
"jpBuildingHeight","建物高度 PLATEAU","READER_PENDING","DECLARED_DISPLAY_ASSET_NOT_VERIFIED_AS_COMPLETE_RAW_SOURCE","","","","","","pmtiles:./jp-heights/building_grid.pmtiles;pmtiles:./jp-heights/buildings.pmtiles","absent;absent","absent_or_unchecked;absent_or_unchecked","","unverified from source payload","Match this declared display asset to a versioned raw artifact or bounded RPC; verify license, observed/obtained time, nulls, coverage, and geometry before creating a shared reader."
"jpCanopyHeight","樹冠高度 CHMv2","READER_PENDING","DECLARED_DISPLAY_ASSET_NOT_VERIFIED_AS_COMPLETE_RAW_SOURCE","","","","","","pmtiles:./jp-heights/canopy.pmtiles","absent","absent_or_unchecked","","unverified from source payload","Match this declared display asset to a versioned raw artifact or bounded RPC; verify license, observed/obtained time, nulls, coverage, and geometry before creating a shared reader."
"jpCareCombined","複合服務 訪問・通い・宿泊の組合せ","READER_PENDING","DECLARED_DISPLAY_ASSET_NOT_VERIFIED_AS_COMPLETE_RAW_SOURCE","declared-upstream:jp_medical_reports","","jp_medical_reports","","","custom:./jp-medical/current.json","absent","absent_or_unchecked","","unverified from source payload","Match this declared display asset to a versioned raw artifact or bounded RPC; verify license, observed/obtained time, nulls, coverage, and geometry before creating a shared reader."
"jpCareDayServices","日間服務 施設に通う","READER_PENDING","DECLARED_DISPLAY_ASSET_NOT_VERIFIED_AS_COMPLETE_RAW_SOURCE","declared-upstream:jp_medical_reports","","jp_medical_reports","","","custom:./jp-medical/current.json","absent","absent_or_unchecked","","unverified from source payload","Match this declared display asset to a versioned raw artifact or bounded RPC; verify license, observed/obtained time, nulls, coverage, and geometry before creating a shared reader."
"jpCareEquipment","福祉用具 福祉用具","READER_PENDING","DECLARED_DISPLAY_ASSET_NOT_VERIFIED_AS_COMPLETE_RAW_SOURCE","declared-upstream:jp_medical_reports","","jp_medical_reports","","","custom:./jp-medical/current.json","absent","absent_or_unchecked","","unverified from source payload","Match this declared display asset to a versioned raw artifact or bounded RPC; verify license, observed/obtained time, nulls, coverage, and geometry before creating a shared reader."
"jpCareHomeVisit","到宅服務 自宅に訪問","READER_PENDING","DECLARED_DISPLAY_ASSET_NOT_VERIFIED_AS_COMPLETE_RAW_SOURCE","declared-upstream:jp_medical_reports","","jp_medical_reports","","","custom:./jp-medical/current.json","absent","absent_or_unchecked","","unverified from source payload","Match this declared display asset to a versioned raw artifact or bounded RPC; verify license, observed/obtained time, nulls, coverage, and geometry before creating a shared reader."
"jpCarePlanning","照護諮詢／計畫 介護の相談・ケアプラン","READER_PENDING","DECLARED_DISPLAY_ASSET_NOT_VERIFIED_AS_COMPLETE_RAW_SOURCE","declared-upstream:jp_medical_reports","","jp_medical_reports","","","custom:./jp-medical/current.json","absent","absent_or_unchecked","","unverified from source payload","Match this declared display asset to a versioned raw artifact or bounded RPC; verify license, observed/obtained time, nulls, coverage, and geometry before creating a shared reader."
"jpCareResidential","住宿／短期入住 施設で生活・宿泊","READER_PENDING","DECLARED_DISPLAY_ASSET_NOT_VERIFIED_AS_COMPLETE_RAW_SOURCE","declared-upstream:jp_medical_reports","","jp_medical_reports","","","custom:./jp-medical/current.json","absent","absent_or_unchecked","","unverified from source payload","Match this declared display asset to a versioned raw artifact or bounded RPC; verify license, observed/obtained time, nulls, coverage, and geometry before creating a shared reader."
"jpHistoricalFlightTrails","歷史航班軌跡 Japan","READER_PENDING","DECLARED_DISPLAY_ASSET_NOT_VERIFIED_AS_COMPLETE_RAW_SOURCE","","","","","","custom:./flight-trails/manifest.json","absent","absent_or_unchecked","","unverified from source payload","Match this declared display asset to a versioned raw artifact or bounded RPC; verify license, observed/obtained time, nulls, coverage, and geometry before creating a shared reader."
"jpMarineEbsaCoastal","沿岸生態重要海域 沿岸EBSA（2015）","READER_PENDING","DECLARED_DISPLAY_ASSET_NOT_VERIFIED_AS_COMPLETE_RAW_SOURCE","","","","","","custom:./world/jp_marine_ebsa_moe_coastal_20150101.pmtiles","absent","absent_or_unchecked","","unverified from source payload","Match this declared display asset to a versioned raw artifact or bounded RPC; verify license, observed/obtained time, nulls, coverage, and geometry before creating a shared reader."
"jpMedicalAreasPrimary","一次醫療圈 一次医療圏 · 2020","READER_PENDING","DECLARED_DISPLAY_ASSET_NOT_VERIFIED_AS_COMPLETE_RAW_SOURCE","declared-upstream:jp_medical_areas","","jp_medical_areas","","","custom:./jp-medical/current.json","absent","absent_or_unchecked","","unverified from source payload","Match this declared display asset to a versioned raw artifact or bounded RPC; verify license, observed/obtained time, nulls, coverage, and geometry before creating a shared reader."
"jpMedicalAreasSecondary","二次醫療圈 二次医療圏 · 2020","READER_PENDING","DECLARED_DISPLAY_ASSET_NOT_VERIFIED_AS_COMPLETE_RAW_SOURCE","declared-upstream:jp_medical_areas","","jp_medical_areas","","","custom:./jp-medical/current.json","absent","absent_or_unchecked","","unverified from source payload","Match this declared display asset to a versioned raw artifact or bounded RPC; verify license, observed/obtained time, nulls, coverage, and geometry before creating a shared reader."
"jpMedicalAreasTertiary","三次醫療圈 三次医療圏 · 2020","READER_PENDING","DECLARED_DISPLAY_ASSET_NOT_VERIFIED_AS_COMPLETE_RAW_SOURCE","declared-upstream:jp_medical_areas","","jp_medical_areas","","","custom:./jp-medical/current.json","absent","absent_or_unchecked","","unverified from source payload","Match this declared display asset to a versioned raw artifact or bounded RPC; verify license, observed/obtained time, nulls, coverage, and geometry before creating a shared reader."
"jpMedicalClinics","診所 診療所","READER_PENDING","DECLARED_DISPLAY_ASSET_NOT_VERIFIED_AS_COMPLETE_RAW_SOURCE","declared-upstream:jp_medical_navii","","jp_medical_navii","","","custom:./jp-medical/current.json","absent","absent_or_unchecked","","unverified from source payload","Match this declared display asset to a versioned raw artifact or bounded RPC; verify license, observed/obtained time, nulls, coverage, and geometry before creating a shared reader."
"jpMedicalDental","牙科 歯科","READER_PENDING","DECLARED_DISPLAY_ASSET_NOT_VERIFIED_AS_COMPLETE_RAW_SOURCE","declared-upstream:jp_medical_navii","","jp_medical_navii","","","custom:./jp-medical/current.json","absent","absent_or_unchecked","","unverified from source payload","Match this declared display asset to a versioned raw artifact or bounded RPC; verify license, observed/obtained time, nulls, coverage, and geometry before creating a shared reader."
"jpMedicalHospitals","醫院 病院","READER_PENDING","DECLARED_DISPLAY_ASSET_NOT_VERIFIED_AS_COMPLETE_RAW_SOURCE","declared-upstream:jp_medical_navii","","jp_medical_navii","","","custom:./jp-medical/current.json","absent","absent_or_unchecked","","unverified from source payload","Match this declared display asset to a versioned raw artifact or bounded RPC; verify license, observed/obtained time, nulls, coverage, and geometry before creating a shared reader."
"jpMedicalMaternity","助產所 助産所","READER_PENDING","DECLARED_DISPLAY_ASSET_NOT_VERIFIED_AS_COMPLETE_RAW_SOURCE","declared-upstream:jp_medical_navii","","jp_medical_navii","","","custom:./jp-medical/current.json","absent","absent_or_unchecked","","unverified from source payload","Match this declared display asset to a versioned raw artifact or bounded RPC; verify license, observed/obtained time, nulls, coverage, and geometry before creating a shared reader."
"jpMedicalPharmacies","藥局 薬局","READER_PENDING","DECLARED_DISPLAY_ASSET_NOT_VERIFIED_AS_COMPLETE_RAW_SOURCE","declared-upstream:jp_medical_navii","","jp_medical_navii","","","custom:./jp-medical/current.json","absent","absent_or_unchecked","","unverified from source payload","Match this declared display asset to a versioned raw artifact or bounded RPC; verify license, observed/obtained time, nulls, coverage, and geometry before creating a shared reader."
"jpNaturalParksNational","國立公園 国立公園（A10 2010）","RIGHTS_HOLD","RIGHTS_OR_USE_CLEARANCE_UNVERIFIED","","","","","","custom:./world/jp_natural_parks_ksj_2010.pmtiles","absent","absent_or_unchecked","","unverified from source payload","Obtain publisher license/use clearance and an immutable raw-artifact or release receipt before reader work."
"jpNaturalParksPrefectural","都道府縣立自然公園 都道府県立自然公園（A10 2010）","RIGHTS_HOLD","RIGHTS_OR_USE_CLEARANCE_UNVERIFIED","","","","","","custom:./world/jp_natural_parks_ksj_2010.pmtiles","absent","absent_or_unchecked","","unverified from source payload","Obtain publisher license/use clearance and an immutable raw-artifact or release receipt before reader work."
"jpNaturalParksQuasiNational","國定公園 国定公園（A10 2010）","RIGHTS_HOLD","RIGHTS_OR_USE_CLEARANCE_UNVERIFIED","","","","","","custom:./world/jp_natural_parks_ksj_2010.pmtiles","absent","absent_or_unchecked","","unverified from source payload","Obtain publisher license/use clearance and an immutable raw-artifact or release receipt before reader work."
"jpNatureConservationArea","自然保育地域 自然保全地域（A11 2015）","RIGHTS_HOLD","RIGHTS_OR_USE_CLEARANCE_UNVERIFIED","","","","","","custom:./world/jp_nature_conservation_ksj_2015.pmtiles","absent","absent_or_unchecked","","unverified from source payload","Obtain publisher license/use clearance and an immutable raw-artifact or release receipt before reader work."
"jpNatureConservationSpecialDistrict","自然保育特別地區 自然保全特別地区（A11 2015）","RIGHTS_HOLD","RIGHTS_OR_USE_CLEARANCE_UNVERIFIED","","","","","","custom:./world/jp_nature_conservation_ksj_2015.pmtiles","absent","absent_or_unchecked","","unverified from source payload","Obtain publisher license/use clearance and an immutable raw-artifact or release receipt before reader work."
"jpPoliceFacilities","警察設施 警察施設","READER_PENDING","DECLARED_DISPLAY_ASSET_NOT_VERIFIED_AS_COMPLETE_RAW_SOURCE","","","jp_police_facilities","data/processed/world/jp_police_facilities/_manifest.json","docs/data-catalog/world/jp_police_facilities.md","custom:./world/jp_police_facilities.pmtiles","present","present","","unverified from source payload","Match this declared display asset to a versioned raw artifact or bounded RPC; verify license, observed/obtained time, nulls, coverage, and geometry before creating a shared reader."
"jpPopulationMesh1km","人口網格 人口メッシュ","READER_PENDING","DECLARED_DISPLAY_ASSET_NOT_VERIFIED_AS_COMPLETE_RAW_SOURCE","","","","","","custom:./world/jp_population_mesh_1km.pmtiles","absent","absent_or_unchecked","","unverified from source payload","Match this declared display asset to a versioned raw artifact or bounded RPC; verify license, observed/obtained time, nulls, coverage, and geometry before creating a shared reader."
"jpPrimitiveNatureEnvironmentArea","原生自然環境地域 原生自然環境保全地域（A11 2015）","RIGHTS_HOLD","RIGHTS_OR_USE_CLEARANCE_UNVERIFIED","","","","","","custom:./world/jp_nature_conservation_ksj_2015.pmtiles","absent","absent_or_unchecked","","unverified from source payload","Obtain publisher license/use clearance and an immutable raw-artifact or release receipt before reader work."
"jpRailways","鐵道路線 鉄道路線","READER_PENDING","DECLARED_DISPLAY_ASSET_NOT_VERIFIED_AS_COMPLETE_RAW_SOURCE","","","","","","custom:./world/jp_railways.pmtiles","present","present","","unverified from source payload","Match this declared display asset to a versioned raw artifact or bounded RPC; verify license, observed/obtained time, nulls, coverage, and geometry before creating a shared reader."
"jpRamsarSites","拉姆薩濕地名冊衍生點 ラムサール条約湿地名簿の派生点","RIGHTS_HOLD","RIGHTS_OR_USE_CLEARANCE_UNVERIFIED","","","","","","custom:./world/jp_ramsar_moe_current.geojson","absent","absent_or_unchecked","","unverified from source payload","Obtain publisher license/use clearance and an immutable raw-artifact or release receipt before reader work."
"jpReligionGsi","宗教設施 宗教施設（国土地理院）","READER_PENDING","DECLARED_DISPLAY_ASSET_NOT_VERIFIED_AS_COMPLETE_RAW_SOURCE","","","jp_religion_gsi","data/processed/world/jp_religion_gsi/_manifest.json","docs/data-catalog/world/jp_religion_gsi.md","custom:./world/jp_religion_gsi.pmtiles","present","present","","unverified from source payload","Match this declared display asset to a versioned raw artifact or bounded RPC; verify license, observed/obtained time, nulls, coverage, and geometry before creating a shared reader."
"jpReligionOsm","宗教設施 宗教施設（OpenStreetMap）","READER_PENDING","DECLARED_DISPLAY_ASSET_NOT_VERIFIED_AS_COMPLETE_RAW_SOURCE","","","jp_religion_osm","data/processed/world/jp_religion_osm/_manifest.json","docs/data-catalog/world/jp_religion_osm.md","custom:./world/jp_religion_osm.geojson","present","present","","unverified from source payload","Match this declared display asset to a versioned raw artifact or bounded RPC; verify license, observed/obtained time, nulls, coverage, and geometry before creating a shared reader."
"jpReligionWikidata","宗教設施 宗教施設（Wikidata）","READER_PENDING","DECLARED_DISPLAY_ASSET_NOT_VERIFIED_AS_COMPLETE_RAW_SOURCE","","","jp_religion_wikidata","data/processed/world/jp_religion_wikidata/_manifest.json","docs/data-catalog/world/jp_religion_wikidata.md","custom:./world/jp_religion_wikidata.geojson","present","present","","unverified from source payload","Match this declared display asset to a versioned raw artifact or bounded RPC; verify license, observed/obtained time, nulls, coverage, and geometry before creating a shared reader."
"jpSchools","學校 学校","READER_PENDING","DECLARED_DISPLAY_ASSET_NOT_VERIFIED_AS_COMPLETE_RAW_SOURCE","","","","","","custom:./world/jp_schools.pmtiles","present","present","","unverified from source payload","Match this declared display asset to a versioned raw artifact or bounded RPC; verify license, observed/obtained time, nulls, coverage, and geometry before creating a shared reader."
"jpStations","車站 駅","READER_PENDING","DECLARED_DISPLAY_ASSET_NOT_VERIFIED_AS_COMPLETE_RAW_SOURCE","","","","","","custom:./world/jp_stations.geojson","present","present","","unverified from source payload","Match this declared display asset to a versioned raw artifact or bounded RPC; verify license, observed/obtained time, nulls, coverage, and geometry before creating a shared reader."
"jpWaterAgriculturalPonds","農業蓄水池（2026-03）","SOURCE_MISSING","NO_DECLARED_RAW_ARTIFACT_OR_RPC_RECEIPT","","","jp_water_agri_civic","data/processed/world/jp_water_agri_civic/_manifest.json","docs/data-catalog/world/jp_water_agri_civic.md","","","","","unverified from source payload","Find the owning raw artifact/RPC and its version, license, freshness, null policy, and geometry contract; keep this layer ungrouped until then."
"jpWaterDams","水壩 ダム（2014）","RIGHTS_HOLD","SOURCE_LICENSE_OR_USE_CLEARANCE_HOLD","declared-upstream:jp_water_ksj","mlit:ksj_water:inspected-20260918","jp_water_ksj","data/processed/world/jp_water_ksj/_manifest.json","docs/data-catalog/world/jp_water_ksj.md","","","","""taipei-gis-analytics/data/raw/world/jp_water_ksj/receipt.csv""","unverified from source payload","Retain raw lineage but obtain the stated use/license clearance before reader or public-release work."
"jpWaterFloodHazard","洪水浸水想定（最大規模）","SOURCE_MISSING","NO_DECLARED_RAW_ARTIFACT_OR_RPC_RECEIPT","","","jp_water_hazard_pollution","data/processed/world/jp_water_hazard_pollution/_manifest.json","docs/data-catalog/world/jp_water_hazard_pollution.md","","","","","unverified from source payload","Find the owning raw artifact/RPC and its version, license, freshness, null policy, and geometry contract; keep this layer ungrouped until then."
"jpWaterGroundwaterSites","地下水等觀測點（24縣）","SOURCE_MISSING","NO_DECLARED_RAW_ARTIFACT_OR_RPC_RECEIPT","declared-upstream:jp_water_hydro","","jp_water_hydro","data/processed/world/jp_water_hydro/_manifest.json","docs/data-catalog/world/jp_water_hydro.md","","","","","unverified from source payload","Find the owning raw artifact/RPC and its version, license, freshness, null policy, and geometry contract; keep this layer ungrouped until then."
"jpWaterLakes","湖沼 湖沼（W09・2005）","RIGHTS_HOLD","SOURCE_LICENSE_OR_USE_CLEARANCE_HOLD","declared-upstream:jp_water_ksj","mlit:ksj_water:inspected-20260918","jp_water_ksj","data/processed/world/jp_water_ksj/_manifest.json","docs/data-catalog/world/jp_water_ksj.md","custom:./world/jp_water/release.json","present","present","""taipei-gis-analytics/data/raw/world/jp_water_ksj/receipt.csv""","unverified from source payload","Retain raw lineage but obtain the stated use/license clearance before reader or public-release work."
"jpWaterLevelStations","橫濱水位站 横浜市","READER_PENDING","DECLARED_DISPLAY_ASSET_NOT_VERIFIED_AS_COMPLETE_RAW_SOURCE","declared-upstream:jp_water_local","","jp_water_local","data/processed/world/jp_water_local/_manifest.json","docs/data-catalog/world/jp_water_local.md","custom:./world/jp_water/release.json","present","present","","unverified from source payload","Match this declared display asset to a versioned raw artifact or bounded RPC; verify license, observed/obtained time, nulls, coverage, and geometry before creating a shared reader."
"jpWaterLocalFacilities","高松供排水相關設施 高松市","READER_PENDING","DECLARED_DISPLAY_ASSET_NOT_VERIFIED_AS_COMPLETE_RAW_SOURCE","declared-upstream:jp_water_local","","jp_water_local","data/processed/world/jp_water_local/_manifest.json","docs/data-catalog/world/jp_water_local.md","custom:./world/jp_water/release.json","present","present","","unverified from source payload","Match this declared display asset to a versioned raw artifact or bounded RPC; verify license, observed/obtained time, nulls, coverage, and geometry before creating a shared reader."
"jpWaterNilimDams","NILIM 水壩位置（46縣）","SOURCE_MISSING","NO_DECLARED_RAW_ARTIFACT_OR_RPC_RECEIPT","declared-upstream:jp_water_hydro","","jp_water_hydro","data/processed/world/jp_water_hydro/_manifest.json","docs/data-catalog/world/jp_water_hydro.md","","","","","unverified from source payload","Find the owning raw artifact/RPC and its version, license, freshness, null policy, and geometry contract; keep this layer ungrouped until then."
"jpWaterQualityStations","水質測定地点 水質測定地点（2024）","READER_PENDING","DECLARED_DISPLAY_ASSET_NOT_VERIFIED_AS_COMPLETE_RAW_SOURCE","","","jp_water_quality","data/processed/world/jp_water_quality/_manifest.json","docs/data-catalog/world/jp_water_quality.md","custom:./world/jp_water/release.json","present","present","","unverified from source payload","Match this declared display asset to a versioned raw artifact or bounded RPC; verify license, observed/obtained time, nulls, coverage, and geometry before creating a shared reader."
"jpWaterRivers","河川流路 河川（2006–2009）","RIGHTS_HOLD","SOURCE_LICENSE_OR_USE_CLEARANCE_HOLD","declared-upstream:jp_water_ksj","mlit:ksj_water:inspected-20260918","jp_water_ksj","data/processed/world/jp_water_ksj/_manifest.json","docs/data-catalog/world/jp_water_ksj.md","","","","""taipei-gis-analytics/data/raw/world/jp_water_ksj/receipt.csv""","unverified from source payload","Retain raw lineage but obtain the stated use/license clearance before reader or public-release work."
"jpWaterSewerFacilities","下水道設施（2012）","RIGHTS_HOLD","SOURCE_LICENSE_OR_USE_CLEARANCE_HOLD","declared-upstream:jp_water_ksj","mlit:ksj_water:inspected-20260918","jp_water_ksj","data/processed/world/jp_water_ksj/_manifest.json","docs/data-catalog/world/jp_water_ksj.md","","","","""taipei-gis-analytics/data/raw/world/jp_water_ksj/receipt.csv""","unverified from source payload","Retain raw lineage but obtain the stated use/license clearance before reader or public-release work."
"jpWaterSupplyAreas","給水區域 給水区域（2010）","RIGHTS_HOLD","SOURCE_LICENSE_OR_USE_CLEARANCE_HOLD","declared-upstream:jp_water_ksj","mlit:ksj_water:inspected-20260918","jp_water_ksj","data/processed/world/jp_water_ksj/_manifest.json","docs/data-catalog/world/jp_water_ksj.md","","","","""taipei-gis-analytics/data/raw/world/jp_water_ksj/receipt.csv""","unverified from source payload","Retain raw lineage but obtain the stated use/license clearance before reader or public-release work."
"jpWaterSupplyFacilities","上水道相關設施（2010）","RIGHTS_HOLD","SOURCE_LICENSE_OR_USE_CLEARANCE_HOLD","declared-upstream:jp_water_ksj","mlit:ksj_water:inspected-20260918","jp_water_ksj","data/processed/world/jp_water_ksj/_manifest.json","docs/data-catalog/world/jp_water_ksj.md","","","","""taipei-gis-analytics/data/raw/world/jp_water_ksj/receipt.csv""","unverified from source payload","Retain raw lineage but obtain the stated use/license clearance before reader or public-release work."
"jpWildlifeProtectionNational","國家指定鳥獸保護區 国指定鳥獣保護区","RIGHTS_HOLD","RIGHTS_OR_USE_CLEARANCE_UNVERIFIED","","","","","","custom:./world/jp_wildlife_protection_moe_202504.pmtiles","absent","absent_or_unchecked","","unverified from source payload","Obtain publisher license/use clearance and an immutable raw-artifact or release receipt before reader work."
"jpWildlifeSpecialProtectionDesignatedArea","鳥獸特別保護指定區域 特別保護指定区域","RIGHTS_HOLD","RIGHTS_OR_USE_CLEARANCE_UNVERIFIED","","","","","","custom:./world/jp_wildlife_protection_moe_202504.pmtiles","absent","absent_or_unchecked","","unverified from source payload","Obtain publisher license/use clearance and an immutable raw-artifact or release receipt before reader work."
"jpWildlifeSpecialProtectionDistrict","鳥獸特別保護地區 鳥獣保護区特別保護地区","RIGHTS_HOLD","RIGHTS_OR_USE_CLEARANCE_UNVERIFIED","","","","","","custom:./world/jp_wildlife_protection_moe_202504.pmtiles","absent","absent_or_unchecked","","unverified from source payload","Obtain publisher license/use clearance and an immutable raw-artifact or release receipt before reader work."
"jpWorldHeritageCultural","UNESCO 文化遺產代表點 UNESCO 文化遺産代表点","READER_PENDING","DECLARED_DISPLAY_ASSET_NOT_VERIFIED_AS_COMPLETE_RAW_SOURCE","","","","","","custom:./world/jp_world_heritage_unesco_current.geojson","absent","absent_or_unchecked","","unverified from source payload","Match this declared display asset to a versioned raw artifact or bounded RPC; verify license, observed/obtained time, nulls, coverage, and geometry before creating a shared reader."
"jpWorldHeritageNatural","UNESCO 自然遺產代表點 UNESCO 自然遺産代表点","READER_PENDING","DECLARED_DISPLAY_ASSET_NOT_VERIFIED_AS_COMPLETE_RAW_SOURCE","","","","","","custom:./world/jp_world_heritage_unesco_current.geojson","absent","absent_or_unchecked","","unverified from source payload","Match this declared display asset to a versioned raw artifact or bounded RPC; verify license, observed/obtained time, nulls, coverage, and geometry before creating a shared reader."
"jpWorldNaturalHeritageHistorical","世界自然遺產歷史範圍 世界自然遺産の歴史的範囲（A28 2011）","RIGHTS_HOLD","RIGHTS_OR_USE_CLEARANCE_UNVERIFIED","","","","","","custom:./world/jp_world_natural_heritage_ksj_2011.geojson","absent","absent_or_unchecked","","unverified from source payload","Obtain publisher license/use clearance and an immutable raw-artifact or release receipt before reader work."
"lakesPondsOsm","湖泊 / 埤塘 Lakes & Ponds","READER_PENDING","DECLARED_DISPLAY_ASSET_NOT_VERIFIED_AS_COMPLETE_RAW_SOURCE","","","lakes_ponds_osm","data/processed/water_resources/lakes_ponds_osm/_manifest.json","docs/data-catalog/water_resources/lakes_ponds_osm.md","pmtiles:./water_resources/lakes_ponds_osm.pmtiles","absent","present","","unverified from source payload","Match this declared display asset to a versioned raw artifact or bounded RPC; verify license, observed/obtained time, nulls, coverage, and geometry before creating a shared reader."
"librarySeats","圖書館即時座位 Library Seats","SOURCE_MISSING","NO_DECLARED_RAW_ARTIFACT_OR_RPC_RECEIPT","","","","","","","","","","unverified from source payload","Find the owning raw artifact/RPC and its version, license, freshness, null policy, and geometry contract; keep this layer ungrouped until then."
"lifelineAlerts","民生中斷 Lifeline","SOURCE_MISSING","NO_DECLARED_RAW_ARTIFACT_OR_RPC_RECEIPT","declared-upstream:ncdr_alerts","","ncdr_alerts","","docs/data-catalog/emergency_response/ncdr_alerts.md","","","","","unverified from source payload","Find the owning raw artifact/RPC and its version, license, freshness, null policy, and geometry contract; keep this layer ungrouped until then."
"lightning","落雷 Lightning 60min（台電）","SOURCE_MISSING","NO_DECLARED_RAW_ARTIFACT_OR_RPC_RECEIPT","","","lightning_taipower","","docs/data-catalog/weather/lightning_taipower.md","","","","","unverified from source payload","Find the owning raw artifact/RPC and its version, license, freshness, null policy, and geometry contract; keep this layer ungrouped until then."
"lightningCwa","落雷 Lightning 60min（氣象署）","SOURCE_MISSING","NO_DECLARED_RAW_ARTIFACT_OR_RPC_RECEIPT","","","lightning_cwa","","docs/data-catalog/weather/lightning_cwa.md","","","","","unverified from source payload","Find the owning raw artifact/RPC and its version, license, freshness, null policy, and geometry contract; keep this layer ungrouped until then."
"livestockFarmCattle","畜禽飼養場·牛 Cattle Farms","SOURCE_MISSING","NO_DECLARED_RAW_ARTIFACT_OR_RPC_RECEIPT","declared-upstream:livestock_farms","","livestock_farms","","docs/data-catalog/agriculture/livestock_farms.md","","","","","unverified from source payload","Find the owning raw artifact/RPC and its version, license, freshness, null policy, and geometry contract; keep this layer ungrouped until then."
"livestockFarmChicken","畜禽飼養場·雞 Chicken Farms","SOURCE_MISSING","NO_DECLARED_RAW_ARTIFACT_OR_RPC_RECEIPT","declared-upstream:livestock_farms","","livestock_farms","","docs/data-catalog/agriculture/livestock_farms.md","","","","","unverified from source payload","Find the owning raw artifact/RPC and its version, license, freshness, null policy, and geometry contract; keep this layer ungrouped until then."
"livestockFarmDuck","畜禽飼養場·鴨 Duck Farms","SOURCE_MISSING","NO_DECLARED_RAW_ARTIFACT_OR_RPC_RECEIPT","declared-upstream:livestock_farms","","livestock_farms","","docs/data-catalog/agriculture/livestock_farms.md","","","","","unverified from source payload","Find the owning raw artifact/RPC and its version, license, freshness, null policy, and geometry contract; keep this layer ungrouped until then."
"livestockFarmGoose","畜禽飼養場·鵝 Goose Farms","SOURCE_MISSING","NO_DECLARED_RAW_ARTIFACT_OR_RPC_RECEIPT","declared-upstream:livestock_farms","","livestock_farms","","docs/data-catalog/agriculture/livestock_farms.md","","","","","unverified from source payload","Find the owning raw artifact/RPC and its version, license, freshness, null policy, and geometry contract; keep this layer ungrouped until then."
"livestockFarmOther","畜禽飼養場·其他 Other Farms","SOURCE_MISSING","NO_DECLARED_RAW_ARTIFACT_OR_RPC_RECEIPT","declared-upstream:livestock_farms","","livestock_farms","","docs/data-catalog/agriculture/livestock_farms.md","","","","","unverified from source payload","Find the owning raw artifact/RPC and its version, license, freshness, null policy, and geometry contract; keep this layer ungrouped until then."
"livestockFarmPig","畜禽飼養場·豬 Pig Farms","SOURCE_MISSING","NO_DECLARED_RAW_ARTIFACT_OR_RPC_RECEIPT","declared-upstream:livestock_farms","","livestock_farms","","docs/data-catalog/agriculture/livestock_farms.md","","","","","unverified from source payload","Find the owning raw artifact/RPC and its version, license, freshness, null policy, and geometry contract; keep this layer ungrouped until then."
"livestockFarmSheep","畜禽飼養場·羊 Sheep/Goat Farms","SOURCE_MISSING","NO_DECLARED_RAW_ARTIFACT_OR_RPC_RECEIPT","declared-upstream:livestock_farms","","livestock_farms","","docs/data-catalog/agriculture/livestock_farms.md","","","","","unverified from source payload","Find the owning raw artifact/RPC and its version, license, freshness, null policy, and geometry contract; keep this layer ungrouped until then."
"livestockSlaughter","屠宰場 Slaughterhouses","SOURCE_MISSING","NO_DECLARED_RAW_ARTIFACT_OR_RPC_RECEIPT","","","slaughterhouses","","docs/data-catalog/agriculture/slaughterhouses.md","","","","","unverified from source payload","Find the owning raw artifact/RPC and its version, license, freshness, null policy, and geometry contract; keep this layer ungrouped until then."
"lngTerminal","LNG 接收站 Terminal","SOURCE_MISSING","NO_DECLARED_RAW_ARTIFACT_OR_RPC_RECEIPT","","","gem_lng_terminals_tw","data/processed/energy/gem_lng_terminals_tw/_manifest.json","docs/data-catalog/energy/gem_lng_terminals_tw.md","","","","","unverified from source payload","Find the owning raw artifact/RPC and its version, license, freshness, null policy, and geometry contract; keep this layer ungrouped until then."
"lpgRetailers","LPG 加氣站 / 瓦斯行 Retailer","SOURCE_MISSING","NO_DECLARED_RAW_ARTIFACT_OR_RPC_RECEIPT","declared-upstream:lpg_facilities_canonical","","lpg_facilities_canonical","data/processed/energy/lpg_facilities_canonical/_manifest.json","docs/data-catalog/energy/lpg_facilities_canonical.md","","","","","unverified from source payload","Find the owning raw artifact/RPC and its version, license, freshness, null policy, and geometry contract; keep this layer ungrouped until then."
"lpgSubpackaging","LPG 分裝 / 儲存場 Subpackaging","SOURCE_MISSING","NO_DECLARED_RAW_ARTIFACT_OR_RPC_RECEIPT","declared-upstream:lpg_facilities_canonical","","lpg_facilities_canonical","data/processed/energy/lpg_facilities_canonical/_manifest.json","docs/data-catalog/energy/lpg_facilities_canonical.md","","","","","unverified from source payload","Find the owning raw artifact/RPC and its version, license, freshness, null policy, and geometry contract; keep this layer ungrouped until then."
"manufacturingCompanyDensityGrid","製造業公司登記密度 Manufacturing Registry Density","READER_PENDING","DECLARED_DISPLAY_ASSET_NOT_VERIFIED_AS_COMPLETE_RAW_SOURCE","declared-upstream:manufacturing_company_points","","manufacturing_company_points","data/processed/business_registry/manufacturing_company_points/_manifest.json","docs/data-catalog/business_registry/manufacturing_company_points.md","pmtiles:./business_registry/manufacturing_company_density_1500m_202608.pmtiles;pmtiles:./business_registry/manufacturing_company_density_450m_202608.pmtiles","absent;absent","present;present","","unverified from source payload","Match this declared display asset to a versioned raw artifact or bounded RPC; verify license, observed/obtained time, nulls, coverage, and geometry before creating a shared reader."
"manufacturingCompanyPoints","製造業公司登記點位 Manufacturing Registry","VERSION_MISMATCH","DISPLAY_TO_VERIFIED_RAW_RELEASE_ALIGNMENT_MISSING","declared-upstream:manufacturing_company_points","business_registry:company_stock:202608","manufacturing_company_points","data/processed/business_registry/manufacturing_company_points/_manifest.json","docs/data-catalog/business_registry/manufacturing_company_points.md","pmtiles:./business_registry/manufacturing_company_points_202608_allzoom.pmtiles","absent","present","""taipei-gis-analytics/data/processed/business_registry/company_stock/company_stock_202608.csv""","unverified from source payload","Record a matching immutable receipt (SHA/version) from the mini display asset to the verified local raw lineage before reader work."
"marineObservationCwa","CWA 海洋觀測站 CWA Marine","SOURCE_MISSING","NO_DECLARED_RAW_ARTIFACT_OR_RPC_RECEIPT","","","","","","","","","","unverified from source payload","Find the owning raw artifact/RPC and its version, license, freshness, null policy, and geometry contract; keep this layer ungrouped until then."
"marineObservationIsohe","ISOHE 港區海氣象 ISOHE Port","SOURCE_MISSING","NO_DECLARED_RAW_ARTIFACT_OR_RPC_RECEIPT","","","","","","","","","","unverified from source payload","Find the owning raw artifact/RPC and its version, license, freshness, null policy, and geometry contract; keep this layer ungrouped until then."
"maritimeBoundary","領海界線 Maritime Boundary","READER_PENDING","DECLARED_DISPLAY_ASSET_NOT_VERIFIED_AS_COMPLETE_RAW_SOURCE","","","maritime_boundary","data/processed/environment/maritime_boundary/_manifest.json","docs/data-catalog/environment/maritime_boundary.md","pmtiles:./base_map/maritime_boundary.pmtiles","absent","present","","unverified from source payload","Match this declared display asset to a versioned raw artifact or bounded RPC; verify license, observed/obtained time, nulls, coverage, and geometry before creating a shared reader."
"medAED","AED 點位 AED","READER_PENDING","DECLARED_DISPLAY_ASSET_NOT_VERIFIED_AS_COMPLETE_RAW_SOURCE","","","aed","data/processed/emergency_response/aed/_manifest.json","docs/data-catalog/emergency_response/aed.md","pmtiles:./geo/medical_aed.pmtiles","absent","present","","unverified from source payload","Match this declared display asset to a versioned raw artifact or bounded RPC; verify license, observed/obtained time, nulls, coverage, and geometry before creating a shared reader."
"medClinic","診所 / 其他醫療 Clinic","READER_PENDING","DECLARED_DISPLAY_ASSET_NOT_VERIFIED_AS_COMPLETE_RAW_SOURCE","declared-upstream:medical","","medical","data/processed/poi/medical/_manifest.json","docs/data-catalog/poi/medical.md","pmtiles:./geo/medical_clinics.pmtiles","absent","present","","unverified from source payload","Match this declared display asset to a versioned raw artifact or bounded RPC; verify license, observed/obtained time, nulls, coverage, and geometry before creating a shared reader."
"medDesert","醫療沙漠 Desert","READER_PENDING","DECLARED_DISPLAY_ASSET_NOT_VERIFIED_AS_COMPLETE_RAW_SOURCE","","","","","","custom:./medical/medical_isochrone.pmtiles","absent","present","","unverified from source payload","Match this declared display asset to a versioned raw artifact or bounded RPC; verify license, observed/obtained time, nulls, coverage, and geometry before creating a shared reader."
"medICUBeds","medICUBeds","SOURCE_MISSING","NO_DECLARED_RAW_ARTIFACT_OR_RPC_RECEIPT","","","","","","","","","","unverified from source payload","Find the owning raw artifact/RPC and its version, license, freshness, null policy, and geometry contract; keep this layer ungrouped until then."
"medIsochrone","醫療等時圈 Isochrone","READER_PENDING","DECLARED_DISPLAY_ASSET_NOT_VERIFIED_AS_COMPLETE_RAW_SOURCE","","","","","","custom:./medical/medical_isochrone.pmtiles","absent","present","","unverified from source payload","Match this declared display asset to a versioned raw artifact or bounded RPC; verify license, observed/obtained time, nulls, coverage, and geometry before creating a shared reader."
"medLTC","長照機構 LTC","READER_PENDING","DECLARED_DISPLAY_ASSET_NOT_VERIFIED_AS_COMPLETE_RAW_SOURCE","","","long_term_care","data/processed/poi/long_term_care/_manifest.json","docs/data-catalog/poi/long_term_care.md","pmtiles:./geo/medical_ltc.pmtiles","absent","present","","unverified from source payload","Match this declared display asset to a versioned raw artifact or bounded RPC; verify license, observed/obtained time, nulls, coverage, and geometry before creating a shared reader."
"medPharmacy","藥局 Pharmacy","READER_PENDING","DECLARED_DISPLAY_ASSET_NOT_VERIFIED_AS_COMPLETE_RAW_SOURCE","declared-upstream:medical","","medical","data/processed/poi/medical/_manifest.json","docs/data-catalog/poi/medical.md","pmtiles:./geo/medical_pharmacies.pmtiles","absent","present","","unverified from source payload","Match this declared display asset to a versioned raw artifact or bounded RPC; verify license, observed/obtained time, nulls, coverage, and geometry before creating a shared reader."
"noiseCaptureGrid","NoiseCapture 公民格網","READER_PENDING","DECLARED_DISPLAY_ASSET_NOT_VERIFIED_AS_COMPLETE_RAW_SOURCE","","","noise_capture_grid","data/processed/environment/noise_capture_grid/_manifest.json","docs/data-catalog/environment/noise_capture_grid.md","pmtiles:./environment/noise_capture_grid.pmtiles;pmtiles:./environment/noise_capture_grid.pmtiles;pmtiles:./environment/noise_capture_grid.pmtiles","absent;absent;absent","absent_or_unchecked;absent_or_unchecked;absent_or_unchecked","","unverified from source payload","Match this declared display asset to a versioned raw artifact or bounded RPC; verify license, observed/obtained time, nulls, coverage, and geometry before creating a shared reader."
"noiseControlZones","噪音管制區 Control Zones","READER_PENDING","DECLARED_DISPLAY_ASSET_NOT_VERIFIED_AS_COMPLETE_RAW_SOURCE","","","noise_control_zones","data/processed/environment/noise_control_zones/_manifest.json","docs/data-catalog/environment/noise_control_zones.md","pmtiles:./environment/noise_control_zones.pmtiles","absent","absent_or_unchecked","","unverified from source payload","Match this declared display asset to a versioned raw artifact or bounded RPC; verify license, observed/obtained time, nulls, coverage, and geometry before creating a shared reader."
"noiseEnforcementEvents","噪音裁處事件 Enforcement","READER_PENDING","DECLARED_DISPLAY_ASSET_NOT_VERIFIED_AS_COMPLETE_RAW_SOURCE","declared-upstream:pollution_source","","pollution_source","","docs/data-catalog/environment/pollution_source.md","pmtiles:./geo/pollution_penalties.pmtiles","absent","present","","unverified from source payload","Match this declared display asset to a versioned raw artifact or bounded RPC; verify license, observed/obtained time, nulls, coverage, and geometry before creating a shared reader."
"nonUrbanZoning","非都市土地使用分區 Non-Urban Zoning","READER_PENDING","DECLARED_DISPLAY_ASSET_NOT_VERIFIED_AS_COMPLETE_RAW_SOURCE","","","non_urban_zoning","data/processed/urban_composite/non_urban_zoning/_manifest.json","docs/data-catalog/urban_composite/non_urban_zoning.md","pmtiles:./urban/non_urban_zoning.pmtiles","absent","present","","unverified from source payload","Match this declared display asset to a versioned raw artifact or bounded RPC; verify license, observed/obtained time, nulls, coverage, and geometry before creating a shared reader."
"nuclearRadiation","核安輻射 Radiation","SOURCE_MISSING","NO_DECLARED_RAW_ARTIFACT_OR_RPC_RECEIPT","","","nuclear_radiation_taipower","","docs/data-catalog/energy/nuclear_radiation_taipower.md","","","","","unverified from source payload","Find the owning raw artifact/RPC and its version, license, freshness, null policy, and geometry contract; keep this layer ungrouped until then."
"oceanCurrents","海流 Ocean Currents","SOURCE_MISSING","NO_DECLARED_RAW_ARTIFACT_OR_RPC_RECEIPT","","","cmems_ocean_forecast","data/processed/global_climate/ocean/cmems_ocean_forecast/_manifest.json","docs/data-catalog/global_climate/cmems_ocean_forecast.md","","","","","unverified from source payload","Find the owning raw artifact/RPC and its version, license, freshness, null policy, and geometry contract; keep this layer ungrouped until then."
"officialBridgesNewTaipei","新北市轄管橋梁","READER_PENDING","DECLARED_DISPLAY_ASSET_NOT_VERIFIED_AS_COMPLETE_RAW_SOURCE","declared-upstream:network_structures","","network_structures","data/processed/transportation/network_structures/_manifest.json","docs/data-catalog/transportation/network_structures.md","pmtiles:./network_structures/official_bridges_new_taipei_20260906.pmtiles","absent","absent_or_unchecked","","unverified from source payload","Match this declared display asset to a versioned raw artifact or bounded RPC; verify license, observed/obtained time, nulls, coverage, and geometry before creating a shared reader."
"offshoreWindZones","離岸風場 Offshore Wind","SOURCE_MISSING","NO_DECLARED_RAW_ARTIFACT_OR_RPC_RECEIPT","","","offshore_wind_zones","data/processed/energy/offshore_wind_zones/_manifest.json","docs/data-catalog/energy/offshore_wind_zones.md","","","","","unverified from source payload","Find the owning raw artifact/RPC and its version, license, freshness, null policy, and geometry contract; keep this layer ungrouped until then."
"ooklaFixedTaiwan","Ookla 台灣固定網路細格 Taiwan Fixed Fine Grid","RIGHTS_HOLD","SOURCE_LICENSE_OR_USE_CLEARANCE_HOLD","declared-upstream:network_performance_grid","ookla:network_performance:2026q1","network_performance_grid","data/processed/infrastructure/network_performance_grid/_manifest.json","docs/data-catalog/infrastructure/network_performance_grid.md","pmtiles:./geo/ookla_tw_z14.pmtiles;pmtiles:./geo/ookla_tw_z16.pmtiles","present;present","present;present","[""taipei-gis-analytics/data/raw/infrastructure/network_performance_grid/2026Q1_fixed_tiles.parquet"",""taipei-gis-analytics/data/raw/infrastructure/network_performance_grid/2026Q1_mobile_tiles.parquet""]","unverified from source payload","Retain raw lineage but obtain the stated use/license clearance before reader or public-release work."
"ooklaMobileTaiwan","Ookla 台灣行動細格 Taiwan Mobile Fine Grid","RIGHTS_HOLD","SOURCE_LICENSE_OR_USE_CLEARANCE_HOLD","declared-upstream:network_performance_grid","ookla:network_performance:2026q1","network_performance_grid","data/processed/infrastructure/network_performance_grid/_manifest.json","docs/data-catalog/infrastructure/network_performance_grid.md","pmtiles:./geo/ookla_tw_z14.pmtiles;pmtiles:./geo/ookla_tw_z16.pmtiles","present;present","present;present","[""taipei-gis-analytics/data/raw/infrastructure/network_performance_grid/2026Q1_fixed_tiles.parquet"",""taipei-gis-analytics/data/raw/infrastructure/network_performance_grid/2026Q1_mobile_tiles.parquet""]","unverified from source payload","Retain raw lineage but obtain the stated use/license clearance before reader or public-release work."
"osmBridgeCarriers","OSM 橋梁承載線","READER_PENDING","DECLARED_DISPLAY_ASSET_NOT_VERIFIED_AS_COMPLETE_RAW_SOURCE","declared-upstream:network_structures","","network_structures","data/processed/transportation/network_structures/_manifest.json","docs/data-catalog/transportation/network_structures.md","pmtiles:./network_structures/osm_bridge_carriers_20260906.pmtiles","absent","absent_or_unchecked","","unverified from source payload","Match this declared display asset to a versioned raw artifact or bounded RPC; verify license, observed/obtained time, nulls, coverage, and geometry before creating a shared reader."
"osmBridgeFootprints","OSM 橋梁輪廓","READER_PENDING","DECLARED_DISPLAY_ASSET_NOT_VERIFIED_AS_COMPLETE_RAW_SOURCE","declared-upstream:network_structures","","network_structures","data/processed/transportation/network_structures/_manifest.json","docs/data-catalog/transportation/network_structures.md","pmtiles:./network_structures/osm_bridge_footprints_20260906.pmtiles","absent","absent_or_unchecked","","unverified from source payload","Match this declared display asset to a versioned raw artifact or bounded RPC; verify license, observed/obtained time, nulls, coverage, and geometry before creating a shared reader."
"osmExpressway","快速道路 Expressway","READER_PENDING","DECLARED_DISPLAY_ASSET_NOT_VERIFIED_AS_COMPLETE_RAW_SOURCE","","","osm_expressway","data/processed/transportation/osm_expressway/_manifest.json","docs/data-catalog/transportation/osm_expressway.md","pmtiles:./base_map/osm_expressway.pmtiles","absent","present","","unverified from source payload","Match this declared display asset to a versioned raw artifact or bounded RPC; verify license, observed/obtained time, nulls, coverage, and geometry before creating a shared reader."
"osmPowerLines","高壓輸電線 Power Lines","SOURCE_MISSING","NO_DECLARED_RAW_ARTIFACT_OR_RPC_RECEIPT","declared-upstream:osm_power","","osm_power","","docs/data-catalog/energy/osm_power.md","","","","","unverified from source payload","Find the owning raw artifact/RPC and its version, license, freshness, null policy, and geometry contract; keep this layer ungrouped until then."
"osmPowerPlantsStatic","osmPowerPlantsStatic","SOURCE_MISSING","NO_DECLARED_RAW_ARTIFACT_OR_RPC_RECEIPT","","","","","","","","","","unverified from source payload","Find the owning raw artifact/RPC and its version, license, freshness, null policy, and geometry contract; keep this layer ungrouped until then."
"osmPowerTowers","高壓鐵塔 Power Towers","SOURCE_MISSING","NO_DECLARED_RAW_ARTIFACT_OR_RPC_RECEIPT","declared-upstream:osm_power","","osm_power","","docs/data-catalog/energy/osm_power.md","","","","","unverified from source payload","Find the owning raw artifact/RPC and its version, license, freshness, null policy, and geometry contract; keep this layer ungrouped until then."
"osmRoadDrive","OSM 道路 OSM Roads","READER_PENDING","DECLARED_DISPLAY_ASSET_NOT_VERIFIED_AS_COMPLETE_RAW_SOURCE","","","osm_road_drive","data/processed/transportation/osm_road_drive/_manifest.json","docs/data-catalog/transportation/osm_road_drive.md","pmtiles:./base_map/osm_road_drive.pmtiles","absent","present","","unverified from source payload","Match this declared display asset to a versioned raw artifact or bounded RPC; verify license, observed/obtained time, nulls, coverage, and geometry before creating a shared reader."
"osmSolarFarms","osmSolarFarms","SOURCE_MISSING","NO_DECLARED_RAW_ARTIFACT_OR_RPC_RECEIPT","","","","","","","","","","unverified from source payload","Find the owning raw artifact/RPC and its version, license, freshness, null policy, and geometry contract; keep this layer ungrouped until then."
"osmSubstations","變電所 區域 Substation","SOURCE_MISSING","NO_DECLARED_RAW_ARTIFACT_OR_RPC_RECEIPT","declared-upstream:osm_power","","osm_power","","docs/data-catalog/energy/osm_power.md","","","","","unverified from source payload","Find the owning raw artifact/RPC and its version, license, freshness, null policy, and geometry contract; keep this layer ungrouped until then."
"osmSubstationsEhv","變電所 超高壓 EHV","SOURCE_MISSING","NO_DECLARED_RAW_ARTIFACT_OR_RPC_RECEIPT","declared-upstream:osm_power","","osm_power","","docs/data-catalog/energy/osm_power.md","","","","","unverified from source payload","Find the owning raw artifact/RPC and its version, license, freshness, null policy, and geometry contract; keep this layer ungrouped until then."
"osmWindTurbines","風機 Wind Turbines","SOURCE_MISSING","NO_DECLARED_RAW_ARTIFACT_OR_RPC_RECEIPT","declared-upstream:osm_power","","osm_power","","docs/data-catalog/energy/osm_power.md","","","","","unverified from source payload","Find the owning raw artifact/RPC and its version, license, freshness, null policy, and geometry contract; keep this layer ungrouped until then."
"parkingOffstreet","場外停車場 Off-street","SOURCE_MISSING","NO_DECLARED_RAW_ARTIFACT_OR_RPC_RECEIPT","","","","","","","","","","unverified from source payload","Find the owning raw artifact/RPC and its version, license, freshness, null policy, and geometry contract; keep this layer ungrouped until then."
"parkingOnstreet","路邊停車 On-street","SOURCE_MISSING","NO_DECLARED_RAW_ARTIFACT_OR_RPC_RECEIPT","","","","","","","","","","unverified from source payload","Find the owning raw artifact/RPC and its version, license, freshness, null policy, and geometry contract; keep this layer ungrouped until then."
"pipelineGas","天然氣主幹線 Gas Pipeline","SOURCE_MISSING","NO_DECLARED_RAW_ARTIFACT_OR_RPC_RECEIPT","","","gem_gas_pipelines_tw","data/processed/energy/gem_gas_pipelines_tw/_manifest.json","docs/data-catalog/energy/gem_gas_pipelines_tw.md","","","","","unverified from source payload","Find the owning raw artifact/RPC and its version, license, freshness, null policy, and geometry contract; keep this layer ungrouped until then."
"pipelineOilGas","油氣管線 OSM Oil/Gas Pipeline","SOURCE_MISSING","NO_DECLARED_RAW_ARTIFACT_OR_RPC_RECEIPT","","","gem_oil_ngl_pipelines_tw","data/processed/energy/gem_oil_ngl_pipelines_tw/_manifest.json","docs/data-catalog/energy/gem_oil_ngl_pipelines_tw.md","","","","","unverified from source payload","Find the owning raw artifact/RPC and its version, license, freshness, null policy, and geometry contract; keep this layer ungrouped until then."
"plaActivity","共機活動區 PLA Activity","SOURCE_MISSING","NO_DECLARED_RAW_ARTIFACT_OR_RPC_RECEIPT","","","pla_activity","","docs/data-catalog/emergency_response/pla_activity.md","","","","","unverified from source payload","Find the owning raw artifact/RPC and its version, license, freshness, null policy, and geometry contract; keep this layer ungrouped until then."
"policeIsoCityDept","縣市警局 30/60 min","READER_PENDING","DECLARED_DISPLAY_ASSET_NOT_VERIFIED_AS_COMPLETE_RAW_SOURCE","declared-upstream:police_stations","","police_stations","data/processed/police_justice/police_stations/_manifest.json","docs/data-catalog/police_justice/police_stations.md","pmtiles:./police_justice/isochrone/police_iso_police_dept_combined.pmtiles","absent","absent_or_unchecked","","unverified from source payload","Match this declared display asset to a versioned raw artifact or bounded RPC; verify license, observed/obtained time, nulls, coverage, and geometry before creating a shared reader."
"policeIsoPrecinct","分局 15/30 min","READER_PENDING","DECLARED_DISPLAY_ASSET_NOT_VERIFIED_AS_COMPLETE_RAW_SOURCE","declared-upstream:police_stations","","police_stations","data/processed/police_justice/police_stations/_manifest.json","docs/data-catalog/police_justice/police_stations.md","pmtiles:./police_justice/isochrone/police_iso_precinct_combined.pmtiles","absent","absent_or_unchecked","","unverified from source payload","Match this declared display asset to a versioned raw artifact or bounded RPC; verify license, observed/obtained time, nulls, coverage, and geometry before creating a shared reader."
"policeIsoSubstation","派出所 5/10 min","READER_PENDING","DECLARED_DISPLAY_ASSET_NOT_VERIFIED_AS_COMPLETE_RAW_SOURCE","declared-upstream:police_stations","","police_stations","data/processed/police_justice/police_stations/_manifest.json","docs/data-catalog/police_justice/police_stations.md","pmtiles:./police_justice/isochrone/police_iso_substation_combined.pmtiles","absent","absent_or_unchecked","","unverified from source payload","Match this declared display asset to a versioned raw artifact or bounded RPC; verify license, observed/obtained time, nulls, coverage, and geometry before creating a shared reader."
"pollutionFacility","污染潛勢設施 Facility","READER_PENDING","DECLARED_DISPLAY_ASSET_NOT_VERIFIED_AS_COMPLETE_RAW_SOURCE","declared-upstream:pollution_source","","pollution_source","","docs/data-catalog/environment/pollution_source.md","pmtiles:./geo/pollution_facilities.pmtiles","absent","present","","unverified from source payload","Match this declared display asset to a versioned raw artifact or bounded RPC; verify license, observed/obtained time, nulls, coverage, and geometry before creating a shared reader."
"pollutionPenaltyCritical","重大裁處 Critical Penalty","READER_PENDING","DECLARED_DISPLAY_ASSET_NOT_VERIFIED_AS_COMPLETE_RAW_SOURCE","declared-upstream:pollution_source","","pollution_source","","docs/data-catalog/environment/pollution_source.md","pmtiles:./geo/pollution_penalties.pmtiles","absent","present","","unverified from source payload","Match this declared display asset to a versioned raw artifact or bounded RPC; verify license, observed/obtained time, nulls, coverage, and geometry before creating a shared reader."
"pollutionPenaltyGeneral","一般裁處 General Penalty","READER_PENDING","DECLARED_DISPLAY_ASSET_NOT_VERIFIED_AS_COMPLETE_RAW_SOURCE","declared-upstream:pollution_source","","pollution_source","","docs/data-catalog/environment/pollution_source.md","pmtiles:./geo/pollution_penalties.pmtiles","absent","present","","unverified from source payload","Match this declared display asset to a versioned raw artifact or bounded RPC; verify license, observed/obtained time, nulls, coverage, and geometry before creating a shared reader."
"pollutionPenaltyMobile","移動污染 Mobile Penalty","READER_PENDING","DECLARED_DISPLAY_ASSET_NOT_VERIFIED_AS_COMPLETE_RAW_SOURCE","declared-upstream:pollution_source","","pollution_source","","docs/data-catalog/environment/pollution_source.md","pmtiles:./geo/pollution_penalties.pmtiles","absent","present","","unverified from source payload","Match this declared display asset to a versioned raw artifact or bounded RPC; verify license, observed/obtained time, nulls, coverage, and geometry before creating a shared reader."
"pollutionSite","污染場址 Site","READER_PENDING","DECLARED_DISPLAY_ASSET_NOT_VERIFIED_AS_COMPLETE_RAW_SOURCE","declared-upstream:pollution_source","","pollution_source","","docs/data-catalog/environment/pollution_source.md","pmtiles:./geo/pollution_sites.pmtiles","absent","present","","unverified from source payload","Match this declared display asset to a versioned raw artifact or bounded RPC; verify license, observed/obtained time, nulls, coverage, and geometry before creating a shared reader."
"popCount","人口數 Population","SOURCE_MISSING","NO_DECLARED_RAW_ARTIFACT_OR_RPC_RECEIPT","declared-upstream:population","","population","data/processed/demographics/population/_manifest.json","docs/data-catalog/demographics/population.md","","","","","unverified from source payload","Find the owning raw artifact/RPC and its version, license, freshness, null policy, and geometry contract; keep this layer ungrouped until then."
"ports","港口 Port","READER_PENDING","DECLARED_DISPLAY_ASSET_NOT_VERIFIED_AS_COMPLETE_RAW_SOURCE","","","ports","data/processed/transportation/ports/_manifest.json","docs/data-catalog/transportation/ports.md","geojson:./geo/port_polygons.geojson;geojson:./geo/port_polygons.geojson","present;present","present;present","","unverified from source payload","Match this declared display asset to a versioned raw artifact or bounded RPC; verify license, observed/obtained time, nulls, coverage, and geometry before creating a shared reader."
"powerGenerationUnit","機組即時出力 Live Output","SOURCE_MISSING","NO_DECLARED_RAW_ARTIFACT_OR_RPC_RECEIPT","","","power_generation","data/processed/energy/power_generation/_manifest.json","docs/data-catalog/energy/power_generation.md","","","","","unverified from source payload","Find the owning raw artifact/RPC and its version, license, freshness, null policy, and geometry contract; keep this layer ungrouped until then."
"powerLinesGlow","高壓輸電線 Bloom 測試 ⚡✨","SOURCE_MISSING","NO_DECLARED_RAW_ARTIFACT_OR_RPC_RECEIPT","","","","","","","","","","unverified from source payload","Find the owning raw artifact/RPC and its version, license, freshness, null policy, and geometry contract; keep this layer ungrouped until then."
"powerPlantGlow","發電廠 Bloom 測試 ✨","SOURCE_MISSING","NO_DECLARED_RAW_ARTIFACT_OR_RPC_RECEIPT","","","","","","","","","","unverified from source payload","Find the owning raw artifact/RPC and its version, license, freshness, null policy, and geometry contract; keep this layer ungrouped until then."
"powerPlants","powerPlants","SOURCE_MISSING","NO_DECLARED_RAW_ARTIFACT_OR_RPC_RECEIPT","","","","","","","","","","unverified from source payload","Find the owning raw artifact/RPC and its version, license, freshness, null policy, and geometry contract; keep this layer ungrouped until then."
"powerPoles","電桿 Power Poles (2.96M)","READER_PENDING","DECLARED_DISPLAY_ASSET_NOT_VERIFIED_AS_COMPLETE_RAW_SOURCE","","","power_poles","data/processed/energy/power_poles/_manifest.json","docs/data-catalog/energy/power_poles.md","custom:./coverage/power_poles.pmtiles","absent","present","","unverified from source payload","Match this declared display asset to a versioned raw artifact or bounded RPC; verify license, observed/obtained time, nulls, coverage, and geometry before creating a shared reader."
"powerRegionDemand","powerRegionDemand","SOURCE_MISSING","NO_DECLARED_RAW_ARTIFACT_OR_RPC_RECEIPT","","","","","","","","","","unverified from source payload","Find the owning raw artifact/RPC and its version, license, freshness, null policy, and geometry contract; keep this layer ungrouped until then."
"powerStatusHud","powerStatusHud","SOURCE_MISSING","NO_DECLARED_RAW_ARTIFACT_OR_RPC_RECEIPT","","","","","","","","","","unverified from source payload","Find the owning raw artifact/RPC and its version, license, freshness, null policy, and geometry contract; keep this layer ungrouped until then."
"precipRaster","累積雨量柵格 Precip Raster","SOURCE_MISSING","NO_DECLARED_RAW_ARTIFACT_OR_RPC_RECEIPT","","","water.precipitation_raster_frames","","","","","","","unverified from source payload","Find the owning raw artifact/RPC and its version, license, freshness, null policy, and geometry contract; keep this layer ungrouped until then."
"propertyValueAdmin","不動產總市值行政區 Property Value","READER_PENDING","DECLARED_DISPLAY_ASSET_NOT_VERIFIED_AS_COMPLETE_RAW_SOURCE","","","","","","custom:./base_map/county_boundary.pmtiles;custom:./base_map/township_boundary.pmtiles;custom:./urban/property_value_admin.json","absent;absent;present","present;present;present","","unverified from source payload","Match this declared display asset to a versioned raw artifact or bounded RPC; verify license, observed/obtained time, nulls, coverage, and geometry before creating a shared reader."
"propertyValueGrid","不動產總市值網格 Value Grid","READER_PENDING","DECLARED_DISPLAY_ASSET_NOT_VERIFIED_AS_COMPLETE_RAW_SOURCE","","","","","","pmtiles:./urban/property_value_grid_1500m.pmtiles;pmtiles:./urban/property_value_grid_150m.pmtiles;pmtiles:./urban/property_value_grid_450m.pmtiles","absent;absent;absent","present;present;present","","unverified from source payload","Match this declared display asset to a versioned raw artifact or bounded RPC; verify license, observed/obtained time, nulls, coverage, and geometry before creating a shared reader."
"provincialRoads","省道 Provincial Road","READER_PENDING","DECLARED_DISPLAY_ASSET_NOT_VERIFIED_AS_COMPLETE_RAW_SOURCE","","","road","","docs/data-catalog/transportation/road.md","pmtiles:./geo/provincial_road.pmtiles","absent","present","","unverified from source payload","Match this declared display asset to a versioned raw artifact or bounded RPC; verify license, observed/obtained time, nulls, coverage, and geometry before creating a shared reader."
"rail","鐵道 Rail","SOURCE_MISSING","NO_DECLARED_RAW_ARTIFACT_OR_RPC_RECEIPT","","","rail","","docs/data-catalog/transportation/rail.md","","","","","unverified from source payload","Find the owning raw artifact/RPC and its version, license, freshness, null policy, and geometry contract; keep this layer ungrouped until then."
"rainGauge","即時雨量 Rain Gauge","SOURCE_MISSING","NO_DECLARED_RAW_ARTIFACT_OR_RPC_RECEIPT","declared-upstream:rain_gauge_stations","","rain_gauge_stations","data/processed/water_resources/rain_gauge_stations/_manifest.json","docs/data-catalog/water_resources/rain_gauge_stations.md","","","","","unverified from source payload","Find the owning raw artifact/RPC and its version, license, freshness, null policy, and geometry contract; keep this layer ungrouped until then."
"realEstatePresaleGrid","預售熱力圖 Presale Grid","READER_PENDING","DECLARED_DISPLAY_ASSET_NOT_VERIFIED_AS_COMPLETE_RAW_SOURCE","declared-upstream:real_estate","","real_estate","","docs/data-catalog/real_estate/real_estate.md","pmtiles:./coverage/real_estate_grid.pmtiles","absent","present","","unverified from source payload","Match this declared display asset to a versioned raw artifact or bounded RPC; verify license, observed/obtained time, nulls, coverage, and geometry before creating a shared reader."
"realEstatePresalePoint","預售交易點 Presale Point","READER_PENDING","DECLARED_DISPLAY_ASSET_NOT_VERIFIED_AS_COMPLETE_RAW_SOURCE","declared-upstream:real_estate","","real_estate","","docs/data-catalog/real_estate/real_estate.md","custom:./coverage/real_estate_points_buffer.bin","absent","present","","unverified from source payload","Match this declared display asset to a versioned raw artifact or bounded RPC; verify license, observed/obtained time, nulls, coverage, and geometry before creating a shared reader."
"realEstateRentalGrid","租賃熱力圖 Rental Grid","READER_PENDING","DECLARED_DISPLAY_ASSET_NOT_VERIFIED_AS_COMPLETE_RAW_SOURCE","declared-upstream:real_estate","","real_estate","","docs/data-catalog/real_estate/real_estate.md","pmtiles:./coverage/real_estate_grid.pmtiles","absent","present","","unverified from source payload","Match this declared display asset to a versioned raw artifact or bounded RPC; verify license, observed/obtained time, nulls, coverage, and geometry before creating a shared reader."
"realEstateRentalPoint","租賃交易點 Rental Point","READER_PENDING","DECLARED_DISPLAY_ASSET_NOT_VERIFIED_AS_COMPLETE_RAW_SOURCE","declared-upstream:real_estate","","real_estate","","docs/data-catalog/real_estate/real_estate.md","custom:./coverage/real_estate_points_buffer.bin","absent","present","","unverified from source payload","Match this declared display asset to a versioned raw artifact or bounded RPC; verify license, observed/obtained time, nulls, coverage, and geometry before creating a shared reader."
"realEstateSaleGrid","買賣熱力圖 Sale Grid","READER_PENDING","DECLARED_DISPLAY_ASSET_NOT_VERIFIED_AS_COMPLETE_RAW_SOURCE","declared-upstream:real_estate","","real_estate","","docs/data-catalog/real_estate/real_estate.md","pmtiles:./coverage/real_estate_grid.pmtiles","absent","present","","unverified from source payload","Match this declared display asset to a versioned raw artifact or bounded RPC; verify license, observed/obtained time, nulls, coverage, and geometry before creating a shared reader."
"realEstateSalePoint","買賣交易點 Sale Point","READER_PENDING","DECLARED_DISPLAY_ASSET_NOT_VERIFIED_AS_COMPLETE_RAW_SOURCE","declared-upstream:real_estate","","real_estate","","docs/data-catalog/real_estate/real_estate.md","custom:./coverage/real_estate_points_buffer.bin","absent","present","","unverified from source payload","Match this declared display asset to a versioned raw artifact or bounded RPC; verify license, observed/obtained time, nulls, coverage, and geometry before creating a shared reader."
"regulatedFacilities","列管設施 Regulated Facilities","READER_PENDING","DECLARED_DISPLAY_ASSET_NOT_VERIFIED_AS_COMPLETE_RAW_SOURCE","declared-upstream:regulated_facilities","","regulated_facilities","data/processed/business_registry/regulated_facilities/_manifest.json","docs/data-catalog/business_registry/regulated_facilities.md","pmtiles:./business_registry/regulated_facilities_20260818_allzoom.pmtiles","absent","present","","unverified from source payload","Match this declared display asset to a versioned raw artifact or bounded RPC; verify license, observed/obtained time, nulls, coverage, and geometry before creating a shared reader."
"regulatedFacilityDensityGrid","列管設施密度 Regulated Facility Density","READER_PENDING","DECLARED_DISPLAY_ASSET_NOT_VERIFIED_AS_COMPLETE_RAW_SOURCE","declared-upstream:regulated_facilities","","regulated_facilities","data/processed/business_registry/regulated_facilities/_manifest.json","docs/data-catalog/business_registry/regulated_facilities.md","pmtiles:./business_registry/regulated_facility_density_1500m_20260818.pmtiles;pmtiles:./business_registry/regulated_facility_density_450m_20260818.pmtiles","absent;absent","present;present","","unverified from source payload","Match this declared display asset to a versioned raw artifact or bounded RPC; verify license, observed/obtained time, nulls, coverage, and geometry before creating a shared reader."
"religionTemples","寺廟 Temples","READER_PENDING","DECLARED_DISPLAY_ASSET_NOT_VERIFIED_AS_COMPLETE_RAW_SOURCE","","","temples","data/processed/religion/temples/_manifest.json","docs/data-catalog/religion/temples.md","pmtiles:./religion/temples.pmtiles","present","present","","unverified from source payload","Match this declared display asset to a versioned raw artifact or bounded RPC; verify license, observed/obtained time, nulls, coverage, and geometry before creating a shared reader."
"renewablePermitsTaipei","北市再生能源許可 Renewable Permits","SOURCE_MISSING","NO_DECLARED_RAW_ARTIFACT_OR_RPC_RECEIPT","declared-upstream:renewable","","renewable","","docs/data-catalog/energy/renewable.md","","","","","unverified from source payload","Find the owning raw artifact/RPC and its version, license, freshness, null policy, and geometry contract; keep this layer ungrouped until then."
"riverLevel","河川水位 River Level","SOURCE_MISSING","NO_DECLARED_RAW_ARTIFACT_OR_RPC_RECEIPT","","","river_level_stations_wra","","docs/data-catalog/water_resources/river_level_stations_wra.md","","","","","unverified from source payload","Find the owning raw artifact/RPC and its version, license, freshness, null policy, and geometry contract; keep this layer ungrouped until then."
"roadCongestion","省道路況 Provincial v1","READER_PENDING","DECLARED_DISPLAY_ASSET_NOT_VERIFIED_AS_COMPLETE_RAW_SOURCE","declared-upstream:road_congestion","","road_congestion","","docs/data-catalog/transportation/road_congestion.md","custom:./road/road_congestion_highway.pmtiles","absent","present","","unverified from source payload","Match this declared display asset to a versioned raw artifact or bounded RPC; verify license, observed/obtained time, nulls, coverage, and geometry before creating a shared reader."
"roadEvents","即時路況 Road Events","SOURCE_MISSING","NO_DECLARED_RAW_ARTIFACT_OR_RPC_RECEIPT","","","road_event","","docs/data-catalog/transportation/road_event.md","","","","","unverified from source payload","Find the owning raw artifact/RPC and its version, license, freshness, null policy, and geometry contract; keep this layer ungrouped until then."
"safetyAlerts","安全環境 Safety Alerts","SOURCE_MISSING","NO_DECLARED_RAW_ARTIFACT_OR_RPC_RECEIPT","declared-upstream:ncdr_alerts","","ncdr_alerts","","docs/data-catalog/emergency_response/ncdr_alerts.md","","","","","unverified from source payload","Find the owning raw artifact/RPC and its version, license, freshness, null policy, and geometry contract; keep this layer ungrouped until then."
"satellitesBeidou","北斗 BD-3 PNT","SOURCE_MISSING","NO_DECLARED_RAW_ARTIFACT_OR_RPC_RECEIPT","declared-upstream:celestrak_satellites","","celestrak_satellites","","docs/data-catalog/aviation/celestrak_satellites.md","","","","","unverified from source payload","Find the owning raw artifact/RPC and its version, license, freshness, null policy, and geometry contract; keep this layer ungrouped until then."
"satellitesFrance","🇫🇷 France · CSO / PLEIADES / ELISA","SOURCE_MISSING","NO_DECLARED_RAW_ARTIFACT_OR_RPC_RECEIPT","declared-upstream:celestrak_satellites","","celestrak_satellites","","docs/data-catalog/aviation/celestrak_satellites.md","","","","","unverified from source payload","Find the owning raw artifact/RPC and its version, license, freshness, null policy, and geometry contract; keep this layer ungrouped until then."
"satellitesGaofen","Gaofen 高分","SOURCE_MISSING","NO_DECLARED_RAW_ARTIFACT_OR_RPC_RECEIPT","declared-upstream:celestrak_satellites","","celestrak_satellites","","docs/data-catalog/aviation/celestrak_satellites.md","","","","","unverified from source payload","Find the owning raw artifact/RPC and its version, license, freshness, null policy, and geometry contract; keep this layer ungrouped until then."
"satellitesGermany","🇩🇪 Germany · SAR-Lupe / SARah","SOURCE_MISSING","NO_DECLARED_RAW_ARTIFACT_OR_RPC_RECEIPT","declared-upstream:celestrak_satellites","","celestrak_satellites","","docs/data-catalog/aviation/celestrak_satellites.md","","","","","unverified from source payload","Find the owning raw artifact/RPC and its version, license, freshness, null policy, and geometry contract; keep this layer ungrouped until then."
"satellitesIndia","🇮🇳 India · CARTOSAT / RISAT / EOS","SOURCE_MISSING","NO_DECLARED_RAW_ARTIFACT_OR_RPC_RECEIPT","declared-upstream:celestrak_satellites","","celestrak_satellites","","docs/data-catalog/aviation/celestrak_satellites.md","","","","","unverified from source payload","Find the owning raw artifact/RPC and its version, license, freshness, null policy, and geometry contract; keep this layer ungrouped until then."
"satellitesIsrael","🇮🇱 Israel · Ofeq / EROS","SOURCE_MISSING","NO_DECLARED_RAW_ARTIFACT_OR_RPC_RECEIPT","declared-upstream:celestrak_satellites","","celestrak_satellites","","docs/data-catalog/aviation/celestrak_satellites.md","","","","","unverified from source payload","Find the owning raw artifact/RPC and its version, license, freshness, null policy, and geometry contract; keep this layer ungrouped until then."
"satellitesItaly","🇮🇹 Italy · COSMO-SkyMed","SOURCE_MISSING","NO_DECLARED_RAW_ARTIFACT_OR_RPC_RECEIPT","declared-upstream:celestrak_satellites","","celestrak_satellites","","docs/data-catalog/aviation/celestrak_satellites.md","","","","","unverified from source payload","Find the owning raw artifact/RPC and its version, license, freshness, null policy, and geometry contract; keep this layer ungrouped until then."
"satellitesJapan","🇯🇵 Japan · IGS / ALOS","SOURCE_MISSING","NO_DECLARED_RAW_ARTIFACT_OR_RPC_RECEIPT","declared-upstream:celestrak_satellites","","celestrak_satellites","","docs/data-catalog/aviation/celestrak_satellites.md","","","","","unverified from source payload","Find the owning raw artifact/RPC and its version, license, freshness, null policy, and geometry contract; keep this layer ungrouped until then."
"satellitesJilin","Jilin 吉林","SOURCE_MISSING","NO_DECLARED_RAW_ARTIFACT_OR_RPC_RECEIPT","declared-upstream:celestrak_satellites","","celestrak_satellites","","docs/data-catalog/aviation/celestrak_satellites.md","","","","","unverified from source payload","Find the owning raw artifact/RPC and its version, license, freshness, null policy, and geometry contract; keep this layer ungrouped until then."
"satellitesKorea","🇰🇷 Korea · KOMPSAT","SOURCE_MISSING","NO_DECLARED_RAW_ARTIFACT_OR_RPC_RECEIPT","declared-upstream:celestrak_satellites","","celestrak_satellites","","docs/data-catalog/aviation/celestrak_satellites.md","","","","","unverified from source payload","Find the owning raw artifact/RPC and its version, license, freshness, null policy, and geometry contract; keep this layer ungrouped until then."
"satellitesRussia","🇷🇺 Russia · PERSONA / RESURS / COSMOS","SOURCE_MISSING","NO_DECLARED_RAW_ARTIFACT_OR_RPC_RECEIPT","declared-upstream:celestrak_satellites","","celestrak_satellites","","docs/data-catalog/aviation/celestrak_satellites.md","","","","","unverified from source payload","Find the owning raw artifact/RPC and its version, license, freshness, null policy, and geometry contract; keep this layer ungrouped until then."
"satellitesShiyan","Shiyan / Shijian 試驗","SOURCE_MISSING","NO_DECLARED_RAW_ARTIFACT_OR_RPC_RECEIPT","declared-upstream:celestrak_satellites","","celestrak_satellites","","docs/data-catalog/aviation/celestrak_satellites.md","","","","","unverified from source payload","Find the owning raw artifact/RPC and its version, license, freshness, null policy, and geometry contract; keep this layer ungrouped until then."
"satellitesTaiwan","台灣 FORMOSAT / TRITON / IRIS-C","SOURCE_MISSING","NO_DECLARED_RAW_ARTIFACT_OR_RPC_RECEIPT","declared-upstream:celestrak_satellites","","celestrak_satellites","","docs/data-catalog/aviation/celestrak_satellites.md","","","","","unverified from source payload","Find the owning raw artifact/RPC and its version, license, freshness, null policy, and geometry contract; keep this layer ungrouped until then."
"satellitesTJS","TJS / TJSW GEO 情報","SOURCE_MISSING","NO_DECLARED_RAW_ARTIFACT_OR_RPC_RECEIPT","declared-upstream:celestrak_satellites","","celestrak_satellites","","docs/data-catalog/aviation/celestrak_satellites.md","","","","","unverified from source payload","Find the owning raw artifact/RPC and its version, license, freshness, null policy, and geometry contract; keep this layer ungrouped until then."
"satellitesUSA","🇺🇸 USA · KH / BlackSky / Planet","SOURCE_MISSING","NO_DECLARED_RAW_ARTIFACT_OR_RPC_RECEIPT","declared-upstream:celestrak_satellites","","celestrak_satellites","","docs/data-catalog/aviation/celestrak_satellites.md","","","","","unverified from source payload","Find the owning raw artifact/RPC and its version, license, freshness, null policy, and geometry contract; keep this layer ungrouped until then."
"satellitesYaogan","Yaogan 遙感","SOURCE_MISSING","NO_DECLARED_RAW_ARTIFACT_OR_RPC_RECEIPT","declared-upstream:celestrak_satellites","","celestrak_satellites","","docs/data-catalog/aviation/celestrak_satellites.md","","","","","unverified from source payload","Find the owning raw artifact/RPC and its version, license, freshness, null policy, and geometry contract; keep this layer ungrouped until then."
"ships","船舶 Ship","SOURCE_MISSING","NO_DECLARED_RAW_ARTIFACT_OR_RPC_RECEIPT","declared-upstream:ship","","ship","data/processed/transportation/ship/_manifest.json","docs/data-catalog/transportation/ship.md","","","","","unverified from source payload","Find the owning raw artifact/RPC and its version, license, freshness, null policy, and geometry contract; keep this layer ungrouped until then."
"slopeVector","坡度分級 Slope 6級","READER_PENDING","DECLARED_DISPLAY_ASSET_NOT_VERIFIED_AS_COMPLETE_RAW_SOURCE","","","slope","data/processed/base_map/slope/_manifest.json","docs/data-catalog/base_map/slope.md","custom:./base_map/slope_vector.pmtiles","absent","present","","unverified from source payload","Match this declared display asset to a versioned raw artifact or bounded RPC; verify license, observed/obtained time, nulls, coverage, and geometry before creating a shared reader."
"socioeconomic","社經面貌 Socio-Econ","SOURCE_MISSING","NO_DECLARED_RAW_ARTIFACT_OR_RPC_RECEIPT","declared-upstream:village_comprehensive_extended","","village_comprehensive_extended","","docs/data-catalog/demographics/village_comprehensive_extended.md","","","","","unverified from source payload","Find the owning raw artifact/RPC and its version, license, freshness, null policy, and geometry contract; keep this layer ungrouped until then."
"spatialEconomy","空間經濟 Spatial-Econ","SOURCE_MISSING","NO_DECLARED_RAW_ARTIFACT_OR_RPC_RECEIPT","declared-upstream:village_comprehensive_extended","","village_comprehensive_extended","","docs/data-catalog/demographics/village_comprehensive_extended.md","","","","","unverified from source payload","Find the owning raw artifact/RPC and its version, license, freshness, null policy, and geometry contract; keep this layer ungrouped until then."
"stationsTHSR","高鐵站 THSR Station","READER_PENDING","DECLARED_DISPLAY_ASSET_NOT_VERIFIED_AS_COMPLETE_RAW_SOURCE","declared-upstream:rail_stations","","rail_stations","data/processed/transportation/rail_stations/_manifest.json","docs/data-catalog/transportation/rail_stations.md","geojson:./geo/station_polygons.geojson;geojson:./geo/station_polygons.geojson","present;present","present;present","","unverified from source payload","Match this declared display asset to a versioned raw artifact or bounded RPC; verify license, observed/obtained time, nulls, coverage, and geometry before creating a shared reader."
"stationsTRA","台鐵站 TRA Station","READER_PENDING","DECLARED_DISPLAY_ASSET_NOT_VERIFIED_AS_COMPLETE_RAW_SOURCE","declared-upstream:rail_stations","","rail_stations","data/processed/transportation/rail_stations/_manifest.json","docs/data-catalog/transportation/rail_stations.md","geojson:./geo/station_points.geojson;geojson:./geo/station_polygons.geojson;geojson:./geo/station_polygons.geojson","present;present;present","present;present;present","","unverified from source payload","Match this declared display asset to a versioned raw artifact or bounded RPC; verify license, observed/obtained time, nulls, coverage, and geometry before creating a shared reader."
"statsA1AccidentCount","A1 交通事故件數","SOURCE_MISSING","NO_DECLARED_RAW_ARTIFACT_OR_RPC_RECEIPT","declared-upstream:npa_a1_accident_county_177136","","npa_a1_accident_county_177136","data/processed/transportation/npa_a1_accident_county_177136/_manifest.json","docs/data-catalog/transportation/npa_a1_accident_county_177136.md","","","","","unverified from source payload","Find the owning raw artifact/RPC and its version, license, freshness, null policy, and geometry contract; keep this layer ungrouped until then."
"statsA1DeathCount","A1 交通事故死亡人數","SOURCE_MISSING","NO_DECLARED_RAW_ARTIFACT_OR_RPC_RECEIPT","declared-upstream:npa_a1_accident_county_177136","","npa_a1_accident_county_177136","data/processed/transportation/npa_a1_accident_county_177136/_manifest.json","docs/data-catalog/transportation/npa_a1_accident_county_177136.md","","","","","unverified from source payload","Find the owning raw artifact/RPC and its version, license, freshness, null policy, and geometry contract; keep this layer ungrouped until then."
"statsA1InjuryCount","A1 交通事故受傷人數","SOURCE_MISSING","NO_DECLARED_RAW_ARTIFACT_OR_RPC_RECEIPT","declared-upstream:npa_a1_accident_county_177136","","npa_a1_accident_county_177136","data/processed/transportation/npa_a1_accident_county_177136/_manifest.json","docs/data-catalog/transportation/npa_a1_accident_county_177136.md","","","","","unverified from source payload","Find the owning raw artifact/RPC and its version, license, freshness, null policy, and geometry contract; keep this layer ungrouped until then."
"statsAgriculturalFacilityAreaTownship","農業生產設施用地面積","SOURCE_MISSING","NO_DECLARED_RAW_ARTIFACT_OR_RPC_RECEIPT","declared-upstream:land_use_township_statistics","","land_use_township_statistics","data/processed/agriculture/land_use_township_statistics/_manifest.json","docs/data-catalog/agriculture/land_use_township_statistics.md","","","","","unverified from source payload","Find the owning raw artifact/RPC and its version, license, freshness, null policy, and geometry contract; keep this layer ungrouped until then."
"statsAirportCargoTonnes","機場所在地貨運量","SOURCE_MISSING","NO_DECLARED_RAW_ARTIFACT_OR_RPC_RECEIPT","declared-upstream:caa_airport_activity_county_33238","","caa_airport_activity_county_33238","data/processed/transportation/caa_airport_activity_county_33238/_manifest.json","docs/data-catalog/transportation/caa_airport_activity_county_33238.md","","","","","unverified from source payload","Find the owning raw artifact/RPC and its version, license, freshness, null policy, and geometry contract; keep this layer ungrouped until then."
"statsAirportLandAreaTownship","機場用地面積","SOURCE_MISSING","NO_DECLARED_RAW_ARTIFACT_OR_RPC_RECEIPT","declared-upstream:land_use_township_statistics","","land_use_township_statistics","data/processed/agriculture/land_use_township_statistics/_manifest.json","docs/data-catalog/agriculture/land_use_township_statistics.md","","","","","unverified from source payload","Find the owning raw artifact/RPC and its version, license, freshness, null policy, and geometry contract; keep this layer ungrouped until then."
"statsAirportPassengerMovements","機場所在地旅客人次","SOURCE_MISSING","NO_DECLARED_RAW_ARTIFACT_OR_RPC_RECEIPT","declared-upstream:caa_airport_activity_county_33238","","caa_airport_activity_county_33238","data/processed/transportation/caa_airport_activity_county_33238/_manifest.json","docs/data-catalog/transportation/caa_airport_activity_county_33238.md","","","","","unverified from source payload","Find the owning raw artifact/RPC and its version, license, freshness, null policy, and geometry contract; keep this layer ungrouped until then."
"statsAirportTakeoffsLandings","機場所在地起降架次","SOURCE_MISSING","NO_DECLARED_RAW_ARTIFACT_OR_RPC_RECEIPT","declared-upstream:caa_airport_activity_county_33238","","caa_airport_activity_county_33238","data/processed/transportation/caa_airport_activity_county_33238/_manifest.json","docs/data-catalog/transportation/caa_airport_activity_county_33238.md","","","","","unverified from source payload","Find the owning raw artifact/RPC and its version, license, freshness, null policy, and geometry contract; keep this layer ungrouped until then."
"statsAquacultureAreaCounty","水產養殖面積","SOURCE_MISSING","NO_DECLARED_RAW_ARTIFACT_OR_RPC_RECEIPT","declared-upstream:fishery_stats","","fishery_stats","data/processed/agriculture/fishery_stats/_manifest.json","docs/data-catalog/agriculture/fishery_stats.md","","","","","unverified from source payload","Find the owning raw artifact/RPC and its version, license, freshness, null policy, and geometry contract; keep this layer ungrouped until then."
"statsAquacultureLandAreaTownship","水產養殖用地面積","SOURCE_MISSING","NO_DECLARED_RAW_ARTIFACT_OR_RPC_RECEIPT","declared-upstream:land_use_township_statistics","","land_use_township_statistics","data/processed/agriculture/land_use_township_statistics/_manifest.json","docs/data-catalog/agriculture/land_use_township_statistics.md","","","","","unverified from source payload","Find the owning raw artifact/RPC and its version, license, freshness, null policy, and geometry contract; keep this layer ungrouped until then."
"statsAutomobileLicenseHoldersCount","汽車駕照持有人數","VERSION_MISMATCH","DISPLAY_TO_VERIFIED_RAW_RELEASE_ALIGNMENT_NOT_INSPECTED","declared-upstream:dgbas_county_transport_supply_10935","dgbas:county_transport_supply:2023-2024","dgbas_county_transport_supply_10935","","docs/data-catalog/transportation/dgbas_county_transport_supply_10935.md","","","","""taipei-gis-analytics/data/raw/transportation/dgbas_county_transport_supply/""","unverified from source payload","Read a matching immutable receipt for this display asset before reader work; verified raw lineage alone does not prove its mini display version."
"statsAutomobileRegisteredCount","汽車登記數","VERSION_MISMATCH","DISPLAY_TO_VERIFIED_RAW_RELEASE_ALIGNMENT_NOT_INSPECTED","declared-upstream:dgbas_county_transport_supply_10935","dgbas:county_transport_supply:2023-2024","dgbas_county_transport_supply_10935","","docs/data-catalog/transportation/dgbas_county_transport_supply_10935.md","","","","""taipei-gis-analytics/data/raw/transportation/dgbas_county_transport_supply/""","unverified from source payload","Read a matching immutable receipt for this display asset before reader work; verified raw lineage alone does not prove its mini display version."
"statsBambooForestAreaTownship","竹林用地面積","SOURCE_MISSING","NO_DECLARED_RAW_ARTIFACT_OR_RPC_RECEIPT","declared-upstream:land_use_township_statistics","","land_use_township_statistics","data/processed/agriculture/land_use_township_statistics/_manifest.json","docs/data-catalog/agriculture/land_use_township_statistics.md","","","","","unverified from source payload","Find the owning raw artifact/RPC and its version, license, freshness, null policy, and geometry contract; keep this layer ungrouped until then."
"statsBirthsTownship","每月出生數（歷史快照）","SOURCE_MISSING","NO_DECLARED_RAW_ARTIFACT_OR_RPC_RECEIPT","","","village_births_township_monthly","data/processed/demographics/village_births_township_monthly/_manifest.json","docs/data-catalog/demographics/village_births_township_monthly.md","","","","","unverified from source payload","Find the owning raw artifact/RPC and its version, license, freshness, null policy, and geometry contract; keep this layer ungrouped until then."
"statsBroadleafForestAreaTownship","闊葉林用地面積","SOURCE_MISSING","NO_DECLARED_RAW_ARTIFACT_OR_RPC_RECEIPT","declared-upstream:land_use_township_statistics","","land_use_township_statistics","data/processed/agriculture/land_use_township_statistics/_manifest.json","docs/data-catalog/agriculture/land_use_township_statistics.md","","","","","unverified from source payload","Find the owning raw artifact/RPC and its version, license, freshness, null policy, and geometry contract; keep this layer ungrouped until then."
"statsBusElectricVehicleCount","期末電動車輛","SOURCE_MISSING","NO_DECLARED_RAW_ARTIFACT_OR_RPC_RECEIPT","","","segis_bus_operation_county_315fh_1d3","data/processed/transportation/segis_bus_operation_county_315fh_1d3/_manifest.json","docs/data-catalog/transportation/segis_bus_operation_county_315fh_1d3.md","","","","","unverified from source payload","Find the owning raw artifact/RPC and its version, license, freshness, null policy, and geometry contract; keep this layer ungrouped until then."
"statsCivilAeronauticsSubsidyCounty","民航局獎補助費（受補助對象所在地）","SOURCE_MISSING","NO_DECLARED_RAW_ARTIFACT_OR_RPC_RECEIPT","","","civil_aeronautics_subsidy_county","data/processed/transportation/civil_aeronautics_subsidy_county/_manifest.json","docs/data-catalog/transportation/civil_aeronautics_subsidy_county.md","","","","","unverified from source payload","Find the owning raw artifact/RPC and its version, license, freshness, null policy, and geometry contract; keep this layer ungrouped until then."
"statsComparisonA1A2AccidentCount","A1＋A2 事故件數","READER_PENDING","DERIVED_RELEASE_SOURCE_AUDIT_AND_READER_PENDING","derived:comparison_statistics","","","","","","","","","unverified from source payload","Inspect each exact releaseId artifact's numerator/denominator source receipts, units, null rules, period, and boundary version; reconcile publication status and register a bounded query reader. The common comparison runtime is not one raw source."
"statsComparisonA1A2AccidentCountPer10000Residents","A1＋A2 事故件數－每萬名居民","READER_PENDING","DERIVED_RELEASE_SOURCE_AUDIT_AND_READER_PENDING","derived:comparison_statistics","","","","","","","","","unverified from source payload","Inspect each exact releaseId artifact's numerator/denominator source receipts, units, null rules, period, and boundary version; reconcile publication status and register a bounded query reader. The common comparison runtime is not one raw source."
"statsComparisonA1A2AccidentCountPerKm2","A1＋A2 事故件數－每平方公里","READER_PENDING","DERIVED_RELEASE_SOURCE_AUDIT_AND_READER_PENDING","derived:comparison_statistics","","","","","","","","","unverified from source payload","Inspect each exact releaseId artifact's numerator/denominator source receipts, units, null rules, period, and boundary version; reconcile publication status and register a bounded query reader. The common comparison runtime is not one raw source."
"statsComparisonA1AccidentCountPer10000Residents","A1交通事故件數－每萬名居民","READER_PENDING","DERIVED_RELEASE_SOURCE_AUDIT_AND_READER_PENDING","derived:comparison_statistics","","","","","","","","","unverified from source payload","Inspect each exact releaseId artifact's numerator/denominator source receipts, units, null rules, period, and boundary version; reconcile publication status and register a bounded query reader. The common comparison runtime is not one raw source."
"statsComparisonA1AccidentCountPerKm2","A1交通事故件數－每平方公里","READER_PENDING","DERIVED_RELEASE_SOURCE_AUDIT_AND_READER_PENDING","derived:comparison_statistics","","","","","","","","","unverified from source payload","Inspect each exact releaseId artifact's numerator/denominator source receipts, units, null rules, period, and boundary version; reconcile publication status and register a bounded query reader. The common comparison runtime is not one raw source."
"statsComparisonA1DeathCountPer10000Residents","A1交通事故死亡人數－每萬名居民","READER_PENDING","DERIVED_RELEASE_SOURCE_AUDIT_AND_READER_PENDING","derived:comparison_statistics","","","","","","","","","unverified from source payload","Inspect each exact releaseId artifact's numerator/denominator source receipts, units, null rules, period, and boundary version; reconcile publication status and register a bounded query reader. The common comparison runtime is not one raw source."
"statsComparisonA1DeathCountPerKm2","A1交通事故死亡人數－每平方公里","READER_PENDING","DERIVED_RELEASE_SOURCE_AUDIT_AND_READER_PENDING","derived:comparison_statistics","","","","","","","","","unverified from source payload","Inspect each exact releaseId artifact's numerator/denominator source receipts, units, null rules, period, and boundary version; reconcile publication status and register a bounded query reader. The common comparison runtime is not one raw source."
"statsComparisonA1InjuryCountPer10000Residents","A1交通事故受傷人數－每萬名居民","READER_PENDING","DERIVED_RELEASE_SOURCE_AUDIT_AND_READER_PENDING","derived:comparison_statistics","","","","","","","","","unverified from source payload","Inspect each exact releaseId artifact's numerator/denominator source receipts, units, null rules, period, and boundary version; reconcile publication status and register a bounded query reader. The common comparison runtime is not one raw source."
"statsComparisonA1InjuryCountPerKm2","A1交通事故受傷人數－每平方公里","READER_PENDING","DERIVED_RELEASE_SOURCE_AUDIT_AND_READER_PENDING","derived:comparison_statistics","","","","","","","","","unverified from source payload","Inspect each exact releaseId artifact's numerator/denominator source receipts, units, null rules, period, and boundary version; reconcile publication status and register a bounded query reader. The common comparison runtime is not one raw source."
"statsComparisonA2AccidentCount","A2 事故件數","READER_PENDING","DERIVED_RELEASE_SOURCE_AUDIT_AND_READER_PENDING","derived:comparison_statistics","","","","","","","","","unverified from source payload","Inspect each exact releaseId artifact's numerator/denominator source receipts, units, null rules, period, and boundary version; reconcile publication status and register a bounded query reader. The common comparison runtime is not one raw source."
"statsComparisonA2AccidentCountPer10000Residents","A2 事故件數－每萬名居民","READER_PENDING","DERIVED_RELEASE_SOURCE_AUDIT_AND_READER_PENDING","derived:comparison_statistics","","","","","","","","","unverified from source payload","Inspect each exact releaseId artifact's numerator/denominator source receipts, units, null rules, period, and boundary version; reconcile publication status and register a bounded query reader. The common comparison runtime is not one raw source."
"statsComparisonA2AccidentCountPerKm2","A2 事故件數－每平方公里","READER_PENDING","DERIVED_RELEASE_SOURCE_AUDIT_AND_READER_PENDING","derived:comparison_statistics","","","","","","","","","unverified from source payload","Inspect each exact releaseId artifact's numerator/denominator source receipts, units, null rules, period, and boundary version; reconcile publication status and register a bounded query reader. The common comparison runtime is not one raw source."
"statsComparisonA2InjuryCount","A2 事故受傷人數","READER_PENDING","DERIVED_RELEASE_SOURCE_AUDIT_AND_READER_PENDING","derived:comparison_statistics","","","","","","","","","unverified from source payload","Inspect each exact releaseId artifact's numerator/denominator source receipts, units, null rules, period, and boundary version; reconcile publication status and register a bounded query reader. The common comparison runtime is not one raw source."
"statsComparisonA2InjuryCountPer10000Residents","A2 事故受傷人數－每萬名居民","READER_PENDING","DERIVED_RELEASE_SOURCE_AUDIT_AND_READER_PENDING","derived:comparison_statistics","","","","","","","","","unverified from source payload","Inspect each exact releaseId artifact's numerator/denominator source receipts, units, null rules, period, and boundary version; reconcile publication status and register a bounded query reader. The common comparison runtime is not one raw source."
"statsComparisonA2InjuryCountPerKm2","A2 事故受傷人數－每平方公里","READER_PENDING","DERIVED_RELEASE_SOURCE_AUDIT_AND_READER_PENDING","derived:comparison_statistics","","","","","","","","","unverified from source payload","Inspect each exact releaseId artifact's numerator/denominator source receipts, units, null rules, period, and boundary version; reconcile publication status and register a bounded query reader. The common comparison runtime is not one raw source."
"statsComparisonAcuteBedTotalPer10000PopulationTownship","急性病床（每萬人口）","READER_PENDING","DERIVED_RELEASE_SOURCE_AUDIT_AND_READER_PENDING","derived:comparison_statistics","","","","","","","","","unverified from source payload","Inspect each exact releaseId artifact's numerator/denominator source receipts, units, null rules, period, and boundary version; reconcile publication status and register a bounded query reader. The common comparison runtime is not one raw source."
"statsComparisonAcuteBedTotalPerKm2Township","急性病床（每平方公里）","READER_PENDING","DERIVED_RELEASE_SOURCE_AUDIT_AND_READER_PENDING","derived:comparison_statistics","","","","","","","","","unverified from source payload","Inspect each exact releaseId artifact's numerator/denominator source receipts, units, null rules, period, and boundary version; reconcile publication status and register a bounded query reader. The common comparison runtime is not one raw source."
"statsComparisonAgriculturalFacilityCountyAreaSharePct","農業生產設施用地面積－占縣市行政面積","READER_PENDING","DERIVED_RELEASE_SOURCE_AUDIT_AND_READER_PENDING","derived:comparison_statistics","","","","","","","","","unverified from source payload","Inspect each exact releaseId artifact's numerator/denominator source receipts, units, null rules, period, and boundary version; reconcile publication status and register a bounded query reader. The common comparison runtime is not one raw source."
"statsComparisonAgriculturalFacilityCountyLq","農業生產設施用地面積－縣市相對集中度 LQ","READER_PENDING","DERIVED_RELEASE_SOURCE_AUDIT_AND_READER_PENDING","derived:comparison_statistics","","","","","","","","","unverified from source payload","Inspect each exact releaseId artifact's numerator/denominator source receipts, units, null rules, period, and boundary version; reconcile publication status and register a bounded query reader. The common comparison runtime is not one raw source."
"statsComparisonAgriculturalFacilityCountyNationalSharePct","農業生產設施用地面積－縣市占全臺同類比","READER_PENDING","DERIVED_RELEASE_SOURCE_AUDIT_AND_READER_PENDING","derived:comparison_statistics","","","","","","","","","unverified from source payload","Inspect each exact releaseId artifact's numerator/denominator source receipts, units, null rules, period, and boundary version; reconcile publication status and register a bounded query reader. The common comparison runtime is not one raw source."
"statsComparisonAgriculturalFacilityCountyTotalHectare","農業生產設施用地面積－縣市面積","READER_PENDING","DERIVED_RELEASE_SOURCE_AUDIT_AND_READER_PENDING","derived:comparison_statistics","","","","","","","","","unverified from source payload","Inspect each exact releaseId artifact's numerator/denominator source receipts, units, null rules, period, and boundary version; reconcile publication status and register a bounded query reader. The common comparison runtime is not one raw source."
"statsComparisonAgriculturalFacilityNationalSharePct","農業生產設施用地面積－鄉鎮占全臺同類比","READER_PENDING","DERIVED_RELEASE_SOURCE_AUDIT_AND_READER_PENDING","derived:comparison_statistics","","","","","","","","","unverified from source payload","Inspect each exact releaseId artifact's numerator/denominator source receipts, units, null rules, period, and boundary version; reconcile publication status and register a bounded query reader. The common comparison runtime is not one raw source."
"statsComparisonAgriculturalFacilityTownshipAdminAreaSharePct","農業生產設施用地面積－占鄉鎮行政面積","READER_PENDING","DERIVED_RELEASE_SOURCE_AUDIT_AND_READER_PENDING","derived:comparison_statistics","","","","","","","","","unverified from source payload","Inspect each exact releaseId artifact's numerator/denominator source receipts, units, null rules, period, and boundary version; reconcile publication status and register a bounded query reader. The common comparison runtime is not one raw source."
"statsComparisonAgriculturalFacilityTownshipOfCountySharePct","農業生產設施用地面積－鄉鎮占所屬縣市同類比","READER_PENDING","DERIVED_RELEASE_SOURCE_AUDIT_AND_READER_PENDING","derived:comparison_statistics","","","","","","","","","unverified from source payload","Inspect each exact releaseId artifact's numerator/denominator source receipts, units, null rules, period, and boundary version; reconcile publication status and register a bounded query reader. The common comparison runtime is not one raw source."
"statsComparisonAirportLandCountyAreaSharePct","機場用地面積－占縣市行政面積","READER_PENDING","DERIVED_RELEASE_SOURCE_AUDIT_AND_READER_PENDING","derived:comparison_statistics","","","","","","","","","unverified from source payload","Inspect each exact releaseId artifact's numerator/denominator source receipts, units, null rules, period, and boundary version; reconcile publication status and register a bounded query reader. The common comparison runtime is not one raw source."
"statsComparisonAirportLandCountyLq","機場用地面積－縣市相對集中度 LQ","READER_PENDING","DERIVED_RELEASE_SOURCE_AUDIT_AND_READER_PENDING","derived:comparison_statistics","","","","","","","","","unverified from source payload","Inspect each exact releaseId artifact's numerator/denominator source receipts, units, null rules, period, and boundary version; reconcile publication status and register a bounded query reader. The common comparison runtime is not one raw source."
"statsComparisonAirportLandCountyNationalSharePct","機場用地面積－縣市占全臺同類比","READER_PENDING","DERIVED_RELEASE_SOURCE_AUDIT_AND_READER_PENDING","derived:comparison_statistics","","","","","","","","","unverified from source payload","Inspect each exact releaseId artifact's numerator/denominator source receipts, units, null rules, period, and boundary version; reconcile publication status and register a bounded query reader. The common comparison runtime is not one raw source."
"statsComparisonAirportLandCountyTotalHectare","機場用地面積－縣市面積","READER_PENDING","DERIVED_RELEASE_SOURCE_AUDIT_AND_READER_PENDING","derived:comparison_statistics","","","","","","","","","unverified from source payload","Inspect each exact releaseId artifact's numerator/denominator source receipts, units, null rules, period, and boundary version; reconcile publication status and register a bounded query reader. The common comparison runtime is not one raw source."
"statsComparisonAirportLandNationalSharePct","機場用地面積－鄉鎮占全臺同類比","READER_PENDING","DERIVED_RELEASE_SOURCE_AUDIT_AND_READER_PENDING","derived:comparison_statistics","","","","","","","","","unverified from source payload","Inspect each exact releaseId artifact's numerator/denominator source receipts, units, null rules, period, and boundary version; reconcile publication status and register a bounded query reader. The common comparison runtime is not one raw source."
"statsComparisonAirportLandTownshipAdminAreaSharePct","機場用地面積－占鄉鎮行政面積","READER_PENDING","DERIVED_RELEASE_SOURCE_AUDIT_AND_READER_PENDING","derived:comparison_statistics","","","","","","","","","unverified from source payload","Inspect each exact releaseId artifact's numerator/denominator source receipts, units, null rules, period, and boundary version; reconcile publication status and register a bounded query reader. The common comparison runtime is not one raw source."
"statsComparisonAirportLandTownshipOfCountySharePct","機場用地面積－鄉鎮占所屬縣市同類比","READER_PENDING","DERIVED_RELEASE_SOURCE_AUDIT_AND_READER_PENDING","derived:comparison_statistics","","","","","","","","","unverified from source payload","Inspect each exact releaseId artifact's numerator/denominator source receipts, units, null rules, period, and boundary version; reconcile publication status and register a bounded query reader. The common comparison runtime is not one raw source."
"statsComparisonAquacultureLandCountyAreaSharePct","水產養殖用地面積－占縣市行政面積","READER_PENDING","DERIVED_RELEASE_SOURCE_AUDIT_AND_READER_PENDING","derived:comparison_statistics","","","","","","","","","unverified from source payload","Inspect each exact releaseId artifact's numerator/denominator source receipts, units, null rules, period, and boundary version; reconcile publication status and register a bounded query reader. The common comparison runtime is not one raw source."
"statsComparisonAquacultureLandCountyLq","水產養殖用地面積－縣市相對集中度 LQ","READER_PENDING","DERIVED_RELEASE_SOURCE_AUDIT_AND_READER_PENDING","derived:comparison_statistics","","","","","","","","","unverified from source payload","Inspect each exact releaseId artifact's numerator/denominator source receipts, units, null rules, period, and boundary version; reconcile publication status and register a bounded query reader. The common comparison runtime is not one raw source."
"statsComparisonAquacultureLandCountyNationalSharePct","水產養殖用地面積－縣市占全臺同類比","READER_PENDING","DERIVED_RELEASE_SOURCE_AUDIT_AND_READER_PENDING","derived:comparison_statistics","","","","","","","","","unverified from source payload","Inspect each exact releaseId artifact's numerator/denominator source receipts, units, null rules, period, and boundary version; reconcile publication status and register a bounded query reader. The common comparison runtime is not one raw source."
"statsComparisonAquacultureLandCountyTotalHectare","水產養殖用地面積－縣市面積","READER_PENDING","DERIVED_RELEASE_SOURCE_AUDIT_AND_READER_PENDING","derived:comparison_statistics","","","","","","","","","unverified from source payload","Inspect each exact releaseId artifact's numerator/denominator source receipts, units, null rules, period, and boundary version; reconcile publication status and register a bounded query reader. The common comparison runtime is not one raw source."
"statsComparisonAquacultureLandNationalSharePct","水產養殖用地面積－鄉鎮占全臺同類比","READER_PENDING","DERIVED_RELEASE_SOURCE_AUDIT_AND_READER_PENDING","derived:comparison_statistics","","","","","","","","","unverified from source payload","Inspect each exact releaseId artifact's numerator/denominator source receipts, units, null rules, period, and boundary version; reconcile publication status and register a bounded query reader. The common comparison runtime is not one raw source."
"statsComparisonAquacultureLandTownshipAdminAreaSharePct","水產養殖用地面積－占鄉鎮行政面積","READER_PENDING","DERIVED_RELEASE_SOURCE_AUDIT_AND_READER_PENDING","derived:comparison_statistics","","","","","","","","","unverified from source payload","Inspect each exact releaseId artifact's numerator/denominator source receipts, units, null rules, period, and boundary version; reconcile publication status and register a bounded query reader. The common comparison runtime is not one raw source."
"statsComparisonAquacultureLandTownshipOfCountySharePct","水產養殖用地面積－鄉鎮占所屬縣市同類比","READER_PENDING","DERIVED_RELEASE_SOURCE_AUDIT_AND_READER_PENDING","derived:comparison_statistics","","","","","","","","","unverified from source payload","Inspect each exact releaseId artifact's numerator/denominator source receipts, units, null rules, period, and boundary version; reconcile publication status and register a bounded query reader. The common comparison runtime is not one raw source."
"statsComparisonAutomobileLicenseHoldersCountPer10000Residents","領有汽車駕照人數－每萬名居民","READER_PENDING","DERIVED_RELEASE_SOURCE_AUDIT_AND_READER_PENDING","derived:comparison_statistics","","","","","","","","","unverified from source payload","Inspect each exact releaseId artifact's numerator/denominator source receipts, units, null rules, period, and boundary version; reconcile publication status and register a bounded query reader. The common comparison runtime is not one raw source."
"statsComparisonAutomobileRegisteredCountPer10000Residents","汽車登記數－每萬名居民","READER_PENDING","DERIVED_RELEASE_SOURCE_AUDIT_AND_READER_PENDING","derived:comparison_statistics","","","","","","","","","unverified from source payload","Inspect each exact releaseId artifact's numerator/denominator source receipts, units, null rules, period, and boundary version; reconcile publication status and register a bounded query reader. The common comparison runtime is not one raw source."
"statsComparisonBambooForestCountyAreaSharePct","竹林用地面積－占縣市行政面積","READER_PENDING","DERIVED_RELEASE_SOURCE_AUDIT_AND_READER_PENDING","derived:comparison_statistics","","","","","","","","","unverified from source payload","Inspect each exact releaseId artifact's numerator/denominator source receipts, units, null rules, period, and boundary version; reconcile publication status and register a bounded query reader. The common comparison runtime is not one raw source."
"statsComparisonBambooForestCountyLq","竹林用地面積－縣市相對集中度 LQ","READER_PENDING","DERIVED_RELEASE_SOURCE_AUDIT_AND_READER_PENDING","derived:comparison_statistics","","","","","","","","","unverified from source payload","Inspect each exact releaseId artifact's numerator/denominator source receipts, units, null rules, period, and boundary version; reconcile publication status and register a bounded query reader. The common comparison runtime is not one raw source."
"statsComparisonBambooForestCountyNationalSharePct","竹林用地面積－縣市占全臺同類比","READER_PENDING","DERIVED_RELEASE_SOURCE_AUDIT_AND_READER_PENDING","derived:comparison_statistics","","","","","","","","","unverified from source payload","Inspect each exact releaseId artifact's numerator/denominator source receipts, units, null rules, period, and boundary version; reconcile publication status and register a bounded query reader. The common comparison runtime is not one raw source."
"statsComparisonBambooForestCountyTotalHectare","竹林用地面積－縣市面積","READER_PENDING","DERIVED_RELEASE_SOURCE_AUDIT_AND_READER_PENDING","derived:comparison_statistics","","","","","","","","","unverified from source payload","Inspect each exact releaseId artifact's numerator/denominator source receipts, units, null rules, period, and boundary version; reconcile publication status and register a bounded query reader. The common comparison runtime is not one raw source."
"statsComparisonBambooForestNationalSharePct","竹林用地面積－鄉鎮占全臺同類比","READER_PENDING","DERIVED_RELEASE_SOURCE_AUDIT_AND_READER_PENDING","derived:comparison_statistics","","","","","","","","","unverified from source payload","Inspect each exact releaseId artifact's numerator/denominator source receipts, units, null rules, period, and boundary version; reconcile publication status and register a bounded query reader. The common comparison runtime is not one raw source."
"statsComparisonBambooForestTownshipAdminAreaSharePct","竹林用地面積－占鄉鎮行政面積","READER_PENDING","DERIVED_RELEASE_SOURCE_AUDIT_AND_READER_PENDING","derived:comparison_statistics","","","","","","","","","unverified from source payload","Inspect each exact releaseId artifact's numerator/denominator source receipts, units, null rules, period, and boundary version; reconcile publication status and register a bounded query reader. The common comparison runtime is not one raw source."
"statsComparisonBambooForestTownshipOfCountySharePct","竹林用地面積－鄉鎮占所屬縣市同類比","READER_PENDING","DERIVED_RELEASE_SOURCE_AUDIT_AND_READER_PENDING","derived:comparison_statistics","","","","","","","","","unverified from source payload","Inspect each exact releaseId artifact's numerator/denominator source receipts, units, null rules, period, and boundary version; reconcile publication status and register a bounded query reader. The common comparison runtime is not one raw source."
"statsComparisonBroadleafForestCountyAreaSharePct","闊葉林用地面積－占縣市行政面積","READER_PENDING","DERIVED_RELEASE_SOURCE_AUDIT_AND_READER_PENDING","derived:comparison_statistics","","","","","","","","","unverified from source payload","Inspect each exact releaseId artifact's numerator/denominator source receipts, units, null rules, period, and boundary version; reconcile publication status and register a bounded query reader. The common comparison runtime is not one raw source."
"statsComparisonBroadleafForestCountyLq","闊葉林用地面積－縣市相對集中度 LQ","READER_PENDING","DERIVED_RELEASE_SOURCE_AUDIT_AND_READER_PENDING","derived:comparison_statistics","","","","","","","","","unverified from source payload","Inspect each exact releaseId artifact's numerator/denominator source receipts, units, null rules, period, and boundary version; reconcile publication status and register a bounded query reader. The common comparison runtime is not one raw source."
"statsComparisonBroadleafForestCountyNationalSharePct","闊葉林用地面積－縣市占全臺同類比","READER_PENDING","DERIVED_RELEASE_SOURCE_AUDIT_AND_READER_PENDING","derived:comparison_statistics","","","","","","","","","unverified from source payload","Inspect each exact releaseId artifact's numerator/denominator source receipts, units, null rules, period, and boundary version; reconcile publication status and register a bounded query reader. The common comparison runtime is not one raw source."
"statsComparisonBroadleafForestCountyTotalHectare","闊葉林用地面積－縣市面積","READER_PENDING","DERIVED_RELEASE_SOURCE_AUDIT_AND_READER_PENDING","derived:comparison_statistics","","","","","","","","","unverified from source payload","Inspect each exact releaseId artifact's numerator/denominator source receipts, units, null rules, period, and boundary version; reconcile publication status and register a bounded query reader. The common comparison runtime is not one raw source."
"statsComparisonBroadleafForestNationalSharePct","闊葉林用地面積－鄉鎮占全臺同類比","READER_PENDING","DERIVED_RELEASE_SOURCE_AUDIT_AND_READER_PENDING","derived:comparison_statistics","","","","","","","","","unverified from source payload","Inspect each exact releaseId artifact's numerator/denominator source receipts, units, null rules, period, and boundary version; reconcile publication status and register a bounded query reader. The common comparison runtime is not one raw source."
"statsComparisonBroadleafForestTownshipAdminAreaSharePct","闊葉林用地面積－占鄉鎮行政面積","READER_PENDING","DERIVED_RELEASE_SOURCE_AUDIT_AND_READER_PENDING","derived:comparison_statistics","","","","","","","","","unverified from source payload","Inspect each exact releaseId artifact's numerator/denominator source receipts, units, null rules, period, and boundary version; reconcile publication status and register a bounded query reader. The common comparison runtime is not one raw source."
"statsComparisonBroadleafForestTownshipOfCountySharePct","闊葉林用地面積－鄉鎮占所屬縣市同類比","READER_PENDING","DERIVED_RELEASE_SOURCE_AUDIT_AND_READER_PENDING","derived:comparison_statistics","","","","","","","","","unverified from source payload","Inspect each exact releaseId artifact's numerator/denominator source receipts, units, null rules, period, and boundary version; reconcile publication status and register a bounded query reader. The common comparison runtime is not one raw source."
"statsComparisonBusAccessibleSharePct","無障礙公車占營業車比","READER_PENDING","DERIVED_RELEASE_SOURCE_AUDIT_AND_READER_PENDING","derived:comparison_statistics","","","","","","","","","unverified from source payload","Inspect each exact releaseId artifact's numerator/denominator source receipts, units, null rules, period, and boundary version; reconcile publication status and register a bounded query reader. The common comparison runtime is not one raw source."
"statsComparisonBusAccessibleVehicleCountPer10000Residents","期末無障礙車輛－每萬名居民","READER_PENDING","DERIVED_RELEASE_SOURCE_AUDIT_AND_READER_PENDING","derived:comparison_statistics","","","","","","","","","unverified from source payload","Inspect each exact releaseId artifact's numerator/denominator source receipts, units, null rules, period, and boundary version; reconcile publication status and register a bounded query reader. The common comparison runtime is not one raw source."
"statsComparisonBusAccessibleVehicleCountPerKm2","期末無障礙車輛－每平方公里","READER_PENDING","DERIVED_RELEASE_SOURCE_AUDIT_AND_READER_PENDING","derived:comparison_statistics","","","","","","","","","unverified from source payload","Inspect each exact releaseId artifact's numerator/denominator source receipts, units, null rules, period, and boundary version; reconcile publication status and register a bounded query reader. The common comparison runtime is not one raw source."
"statsComparisonBusApprovedRouteCountPer10000Residents","核定路線數－每萬名居民","READER_PENDING","DERIVED_RELEASE_SOURCE_AUDIT_AND_READER_PENDING","derived:comparison_statistics","","","","","","","","","unverified from source payload","Inspect each exact releaseId artifact's numerator/denominator source receipts, units, null rules, period, and boundary version; reconcile publication status and register a bounded query reader. The common comparison runtime is not one raw source."
"statsComparisonBusApprovedRouteCountPerKm2","核定路線數－每平方公里","READER_PENDING","DERIVED_RELEASE_SOURCE_AUDIT_AND_READER_PENDING","derived:comparison_statistics","","","","","","","","","unverified from source payload","Inspect each exact releaseId artifact's numerator/denominator source receipts, units, null rules, period, and boundary version; reconcile publication status and register a bounded query reader. The common comparison runtime is not one raw source."
"statsComparisonBusElectricSharePct","電動公車占營業車比","READER_PENDING","DERIVED_RELEASE_SOURCE_AUDIT_AND_READER_PENDING","derived:comparison_statistics","","","","","","","","","unverified from source payload","Inspect each exact releaseId artifact's numerator/denominator source receipts, units, null rules, period, and boundary version; reconcile publication status and register a bounded query reader. The common comparison runtime is not one raw source."
"statsComparisonBusElectricVehicleCountPer10000Residents","期末電動車輛－每萬名居民","READER_PENDING","DERIVED_RELEASE_SOURCE_AUDIT_AND_READER_PENDING","derived:comparison_statistics","","","","","","","","","unverified from source payload","Inspect each exact releaseId artifact's numerator/denominator source receipts, units, null rules, period, and boundary version; reconcile publication status and register a bounded query reader. The common comparison runtime is not one raw source."
"statsComparisonBusElectricVehicleCountPerKm2","期末電動車輛－每平方公里","READER_PENDING","DERIVED_RELEASE_SOURCE_AUDIT_AND_READER_PENDING","derived:comparison_statistics","","","","","","","","","unverified from source payload","Inspect each exact releaseId artifact's numerator/denominator source receipts, units, null rules, period, and boundary version; reconcile publication status and register a bounded query reader. The common comparison runtime is not one raw source."
"statsComparisonBusOperatingRouteLengthKmPer10000Residents","期末營業里程－每萬名居民","READER_PENDING","DERIVED_RELEASE_SOURCE_AUDIT_AND_READER_PENDING","derived:comparison_statistics","","","","","","","","","unverified from source payload","Inspect each exact releaseId artifact's numerator/denominator source receipts, units, null rules, period, and boundary version; reconcile publication status and register a bounded query reader. The common comparison runtime is not one raw source."
"statsComparisonBusOperatingRouteLengthKmPerKm2","期末營業里程－每平方公里","READER_PENDING","DERIVED_RELEASE_SOURCE_AUDIT_AND_READER_PENDING","derived:comparison_statistics","","","","","","","","","unverified from source payload","Inspect each exact releaseId artifact's numerator/denominator source receipts, units, null rules, period, and boundary version; reconcile publication status and register a bounded query reader. The common comparison runtime is not one raw source."
"statsComparisonBusOperatingTripCountPer10000Residents","營業行車次數－每萬名居民","READER_PENDING","DERIVED_RELEASE_SOURCE_AUDIT_AND_READER_PENDING","derived:comparison_statistics","","","","","","","","","unverified from source payload","Inspect each exact releaseId artifact's numerator/denominator source receipts, units, null rules, period, and boundary version; reconcile publication status and register a bounded query reader. The common comparison runtime is not one raw source."
"statsComparisonBusOperatingTripCountPerKm2","營業行車次數－每平方公里","READER_PENDING","DERIVED_RELEASE_SOURCE_AUDIT_AND_READER_PENDING","derived:comparison_statistics","","","","","","","","","unverified from source payload","Inspect each exact releaseId artifact's numerator/denominator source receipts, units, null rules, period, and boundary version; reconcile publication status and register a bounded query reader. The common comparison runtime is not one raw source."
"statsComparisonBusOperatingVehicleCountPer10000Residents","期末營業車輛－每萬名居民","READER_PENDING","DERIVED_RELEASE_SOURCE_AUDIT_AND_READER_PENDING","derived:comparison_statistics","","","","","","","","","unverified from source payload","Inspect each exact releaseId artifact's numerator/denominator source receipts, units, null rules, period, and boundary version; reconcile publication status and register a bounded query reader. The common comparison runtime is not one raw source."
"statsComparisonBusOperatingVehicleCountPerKm2","期末營業車輛－每平方公里","READER_PENDING","DERIVED_RELEASE_SOURCE_AUDIT_AND_READER_PENDING","derived:comparison_statistics","","","","","","","","","unverified from source payload","Inspect each exact releaseId artifact's numerator/denominator source receipts, units, null rules, period, and boundary version; reconcile publication status and register a bounded query reader. The common comparison runtime is not one raw source."
"statsComparisonBusOperatingVehicleKmPer10000Residents","營業行車里程－每萬名居民","READER_PENDING","DERIVED_RELEASE_SOURCE_AUDIT_AND_READER_PENDING","derived:comparison_statistics","","","","","","","","","unverified from source payload","Inspect each exact releaseId artifact's numerator/denominator source receipts, units, null rules, period, and boundary version; reconcile publication status and register a bounded query reader. The common comparison runtime is not one raw source."
"statsComparisonBusOperatingVehicleKmPerKm2","營業行車里程－每平方公里","READER_PENDING","DERIVED_RELEASE_SOURCE_AUDIT_AND_READER_PENDING","derived:comparison_statistics","","","","","","","","","unverified from source payload","Inspect each exact releaseId artifact's numerator/denominator source receipts, units, null rules, period, and boundary version; reconcile publication status and register a bounded query reader. The common comparison runtime is not one raw source."
"statsComparisonCareWorkerRegistrationCountPer65plus1000County","照顧服務員登錄數（人口比較）","READER_PENDING","DERIVED_RELEASE_SOURCE_AUDIT_AND_READER_PENDING","derived:comparison_statistics","","","","","","","","","unverified from source payload","Inspect each exact releaseId artifact's numerator/denominator source receipts, units, null rules, period, and boundary version; reconcile publication status and register a bounded query reader. The common comparison runtime is not one raw source."
"statsComparisonConiferForestCountyAreaSharePct","針葉林用地面積－占縣市行政面積","READER_PENDING","DERIVED_RELEASE_SOURCE_AUDIT_AND_READER_PENDING","derived:comparison_statistics","","","","","","","","","unverified from source payload","Inspect each exact releaseId artifact's numerator/denominator source receipts, units, null rules, period, and boundary version; reconcile publication status and register a bounded query reader. The common comparison runtime is not one raw source."
"statsComparisonConiferForestCountyLq","針葉林用地面積－縣市相對集中度 LQ","READER_PENDING","DERIVED_RELEASE_SOURCE_AUDIT_AND_READER_PENDING","derived:comparison_statistics","","","","","","","","","unverified from source payload","Inspect each exact releaseId artifact's numerator/denominator source receipts, units, null rules, period, and boundary version; reconcile publication status and register a bounded query reader. The common comparison runtime is not one raw source."
"statsComparisonConiferForestCountyNationalSharePct","針葉林用地面積－縣市占全臺同類比","READER_PENDING","DERIVED_RELEASE_SOURCE_AUDIT_AND_READER_PENDING","derived:comparison_statistics","","","","","","","","","unverified from source payload","Inspect each exact releaseId artifact's numerator/denominator source receipts, units, null rules, period, and boundary version; reconcile publication status and register a bounded query reader. The common comparison runtime is not one raw source."
"statsComparisonConiferForestCountyTotalHectare","針葉林用地面積－縣市面積","READER_PENDING","DERIVED_RELEASE_SOURCE_AUDIT_AND_READER_PENDING","derived:comparison_statistics","","","","","","","","","unverified from source payload","Inspect each exact releaseId artifact's numerator/denominator source receipts, units, null rules, period, and boundary version; reconcile publication status and register a bounded query reader. The common comparison runtime is not one raw source."
"statsComparisonConiferForestNationalSharePct","針葉林用地面積－鄉鎮占全臺同類比","READER_PENDING","DERIVED_RELEASE_SOURCE_AUDIT_AND_READER_PENDING","derived:comparison_statistics","","","","","","","","","unverified from source payload","Inspect each exact releaseId artifact's numerator/denominator source receipts, units, null rules, period, and boundary version; reconcile publication status and register a bounded query reader. The common comparison runtime is not one raw source."
"statsComparisonConiferForestTownshipAdminAreaSharePct","針葉林用地面積－占鄉鎮行政面積","READER_PENDING","DERIVED_RELEASE_SOURCE_AUDIT_AND_READER_PENDING","derived:comparison_statistics","","","","","","","","","unverified from source payload","Inspect each exact releaseId artifact's numerator/denominator source receipts, units, null rules, period, and boundary version; reconcile publication status and register a bounded query reader. The common comparison runtime is not one raw source."
"statsComparisonConiferForestTownshipOfCountySharePct","針葉林用地面積－鄉鎮占所屬縣市同類比","READER_PENDING","DERIVED_RELEASE_SOURCE_AUDIT_AND_READER_PENDING","derived:comparison_statistics","","","","","","","","","unverified from source payload","Inspect each exact releaseId artifact's numerator/denominator source receipts, units, null rules, period, and boundary version; reconcile publication status and register a bounded query reader. The common comparison runtime is not one raw source."
"statsComparisonDryFieldCountyAreaSharePct","旱田用地面積－占縣市行政面積","READER_PENDING","DERIVED_RELEASE_SOURCE_AUDIT_AND_READER_PENDING","derived:comparison_statistics","","","","","","","","","unverified from source payload","Inspect each exact releaseId artifact's numerator/denominator source receipts, units, null rules, period, and boundary version; reconcile publication status and register a bounded query reader. The common comparison runtime is not one raw source."
"statsComparisonDryFieldCountyLq","旱田用地面積－縣市相對集中度 LQ","READER_PENDING","DERIVED_RELEASE_SOURCE_AUDIT_AND_READER_PENDING","derived:comparison_statistics","","","","","","","","","unverified from source payload","Inspect each exact releaseId artifact's numerator/denominator source receipts, units, null rules, period, and boundary version; reconcile publication status and register a bounded query reader. The common comparison runtime is not one raw source."
"statsComparisonDryFieldCountyNationalSharePct","旱田用地面積－縣市占全臺同類比","READER_PENDING","DERIVED_RELEASE_SOURCE_AUDIT_AND_READER_PENDING","derived:comparison_statistics","","","","","","","","","unverified from source payload","Inspect each exact releaseId artifact's numerator/denominator source receipts, units, null rules, period, and boundary version; reconcile publication status and register a bounded query reader. The common comparison runtime is not one raw source."
"statsComparisonDryFieldCountyTotalHectare","旱田用地面積－縣市面積","READER_PENDING","DERIVED_RELEASE_SOURCE_AUDIT_AND_READER_PENDING","derived:comparison_statistics","","","","","","","","","unverified from source payload","Inspect each exact releaseId artifact's numerator/denominator source receipts, units, null rules, period, and boundary version; reconcile publication status and register a bounded query reader. The common comparison runtime is not one raw source."
"statsComparisonDryFieldNationalSharePct","旱田用地面積－鄉鎮占全臺同類比","READER_PENDING","DERIVED_RELEASE_SOURCE_AUDIT_AND_READER_PENDING","derived:comparison_statistics","","","","","","","","","unverified from source payload","Inspect each exact releaseId artifact's numerator/denominator source receipts, units, null rules, period, and boundary version; reconcile publication status and register a bounded query reader. The common comparison runtime is not one raw source."
"statsComparisonDryFieldTownshipAdminAreaSharePct","旱田用地面積－占鄉鎮行政面積","READER_PENDING","DERIVED_RELEASE_SOURCE_AUDIT_AND_READER_PENDING","derived:comparison_statistics","","","","","","","","","unverified from source payload","Inspect each exact releaseId artifact's numerator/denominator source receipts, units, null rules, period, and boundary version; reconcile publication status and register a bounded query reader. The common comparison runtime is not one raw source."
"statsComparisonDryFieldTownshipOfCountySharePct","旱田用地面積－鄉鎮占所屬縣市同類比","READER_PENDING","DERIVED_RELEASE_SOURCE_AUDIT_AND_READER_PENDING","derived:comparison_statistics","","","","","","","","","unverified from source payload","Inspect each exact releaseId artifact's numerator/denominator source receipts, units, null rules, period, and boundary version; reconcile publication status and register a bounded query reader. The common comparison runtime is not one raw source."
"statsComparisonEducationClassCountPer10000Residents","班級數（每萬名居民）","READER_PENDING","DERIVED_RELEASE_SOURCE_AUDIT_AND_READER_PENDING","derived:comparison_statistics","","","","","","","","","unverified from source payload","Inspect each exact releaseId artifact's numerator/denominator source receipts, units, null rules, period, and boundary version; reconcile publication status and register a bounded query reader. The common comparison runtime is not one raw source."
"statsComparisonEducationClassCountPerKm2","班級數（每平方公里）","READER_PENDING","DERIVED_RELEASE_SOURCE_AUDIT_AND_READER_PENDING","derived:comparison_statistics","","","","","","","","","unverified from source payload","Inspect each exact releaseId artifact's numerator/denominator source receipts, units, null rules, period, and boundary version; reconcile publication status and register a bounded query reader. The common comparison runtime is not one raw source."
"statsComparisonEducationInstitutionCountPer10000Residents","機構或學校數（每萬名居民）","READER_PENDING","DERIVED_RELEASE_SOURCE_AUDIT_AND_READER_PENDING","derived:comparison_statistics","","","","","","","","","unverified from source payload","Inspect each exact releaseId artifact's numerator/denominator source receipts, units, null rules, period, and boundary version; reconcile publication status and register a bounded query reader. The common comparison runtime is not one raw source."
"statsComparisonEducationInstitutionCountPerKm2","機構或學校數（每平方公里）","READER_PENDING","DERIVED_RELEASE_SOURCE_AUDIT_AND_READER_PENDING","derived:comparison_statistics","","","","","","","","","unverified from source payload","Inspect each exact releaseId artifact's numerator/denominator source receipts, units, null rules, period, and boundary version; reconcile publication status and register a bounded query reader. The common comparison runtime is not one raw source."
"statsComparisonEducationStaffCountPer10000Residents","職員數（每萬名居民）","READER_PENDING","DERIVED_RELEASE_SOURCE_AUDIT_AND_READER_PENDING","derived:comparison_statistics","","","","","","","","","unverified from source payload","Inspect each exact releaseId artifact's numerator/denominator source receipts, units, null rules, period, and boundary version; reconcile publication status and register a bounded query reader. The common comparison runtime is not one raw source."
"statsComparisonEducationStaffCountPerKm2","職員數（每平方公里）","READER_PENDING","DERIVED_RELEASE_SOURCE_AUDIT_AND_READER_PENDING","derived:comparison_statistics","","","","","","","","","unverified from source payload","Inspect each exact releaseId artifact's numerator/denominator source receipts, units, null rules, period, and boundary version; reconcile publication status and register a bounded query reader. The common comparison runtime is not one raw source."
"statsComparisonEducationStudentCountPer10000Residents","學生或幼生數（每萬名居民）","READER_PENDING","DERIVED_RELEASE_SOURCE_AUDIT_AND_READER_PENDING","derived:comparison_statistics","","","","","","","","","unverified from source payload","Inspect each exact releaseId artifact's numerator/denominator source receipts, units, null rules, period, and boundary version; reconcile publication status and register a bounded query reader. The common comparison runtime is not one raw source."
"statsComparisonEducationStudentCountPerKm2","學生或幼生數（每平方公里）","READER_PENDING","DERIVED_RELEASE_SOURCE_AUDIT_AND_READER_PENDING","derived:comparison_statistics","","","","","","","","","unverified from source payload","Inspect each exact releaseId artifact's numerator/denominator source receipts, units, null rules, period, and boundary version; reconcile publication status and register a bounded query reader. The common comparison runtime is not one raw source."
"statsComparisonEducationTeacherCountPer10000Residents","教師數（每萬名居民）","READER_PENDING","DERIVED_RELEASE_SOURCE_AUDIT_AND_READER_PENDING","derived:comparison_statistics","","","","","","","","","unverified from source payload","Inspect each exact releaseId artifact's numerator/denominator source receipts, units, null rules, period, and boundary version; reconcile publication status and register a bounded query reader. The common comparison runtime is not one raw source."
"statsComparisonEducationTeacherCountPerKm2","教師數（每平方公里）","READER_PENDING","DERIVED_RELEASE_SOURCE_AUDIT_AND_READER_PENDING","derived:comparison_statistics","","","","","","","","","unverified from source payload","Inspect each exact releaseId artifact's numerator/denominator source receipts, units, null rules, period, and boundary version; reconcile publication status and register a bounded query reader. The common comparison runtime is not one raw source."
"statsComparisonFisheryProductionTonnesNationalSharePctCounty","漁業生產量－縣市占全臺比","READER_PENDING","DERIVED_RELEASE_SOURCE_AUDIT_AND_READER_PENDING","derived:comparison_statistics","","","","","","","","","unverified from source payload","Inspect each exact releaseId artifact's numerator/denominator source receipts, units, null rules, period, and boundary version; reconcile publication status and register a bounded query reader. The common comparison runtime is not one raw source."
"statsComparisonFisheryValueThousandNationalSharePctCounty","漁業生產值－縣市占全臺比","READER_PENDING","DERIVED_RELEASE_SOURCE_AUDIT_AND_READER_PENDING","derived:comparison_statistics","","","","","","","","","unverified from source payload","Inspect each exact releaseId artifact's numerator/denominator source receipts, units, null rules, period, and boundary version; reconcile publication status and register a bounded query reader. The common comparison runtime is not one raw source."
"statsComparisonGeneralNursingHomeOpenBedsPer65plus1000County","一般護理之家開放床數（人口比較）","READER_PENDING","DERIVED_RELEASE_SOURCE_AUDIT_AND_READER_PENDING","derived:comparison_statistics","","","","","","","","","unverified from source payload","Inspect each exact releaseId artifact's numerator/denominator source receipts, units, null rules, period, and boundary version; reconcile publication status and register a bounded query reader. The common comparison runtime is not one raw source."
"statsComparisonHealthProfessionalTotalPer10000PopulationTownship","醫院醫事人員總計（每萬人口）","READER_PENDING","DERIVED_RELEASE_SOURCE_AUDIT_AND_READER_PENDING","derived:comparison_statistics","","","","","","","","","unverified from source payload","Inspect each exact releaseId artifact's numerator/denominator source receipts, units, null rules, period, and boundary version; reconcile publication status and register a bounded query reader. The common comparison runtime is not one raw source."
"statsComparisonHealthProfessionalTotalPerKm2Township","醫院醫事人員總計（每平方公里）","READER_PENDING","DERIVED_RELEASE_SOURCE_AUDIT_AND_READER_PENDING","derived:comparison_statistics","","","","","","","","","unverified from source payload","Inspect each exact releaseId artifact's numerator/denominator source receipts, units, null rules, period, and boundary version; reconcile publication status and register a bounded query reader. The common comparison runtime is not one raw source."
"statsComparisonHospiceBedTotalPer10000PopulationTownship","安寧病床（每萬人口）","READER_PENDING","DERIVED_RELEASE_SOURCE_AUDIT_AND_READER_PENDING","derived:comparison_statistics","","","","","","","","","unverified from source payload","Inspect each exact releaseId artifact's numerator/denominator source receipts, units, null rules, period, and boundary version; reconcile publication status and register a bounded query reader. The common comparison runtime is not one raw source."
"statsComparisonHospiceBedTotalPerKm2Township","安寧病床（每平方公里）","READER_PENDING","DERIVED_RELEASE_SOURCE_AUDIT_AND_READER_PENDING","derived:comparison_statistics","","","","","","","","","unverified from source payload","Inspect each exact releaseId artifact's numerator/denominator source receipts, units, null rules, period, and boundary version; reconcile publication status and register a bounded query reader. The common comparison runtime is not one raw source."
"statsComparisonHospitalBedTotalPer10000PopulationTownship","醫院病床總數（每萬人口）","READER_PENDING","DERIVED_RELEASE_SOURCE_AUDIT_AND_READER_PENDING","derived:comparison_statistics","","","","","","","","","unverified from source payload","Inspect each exact releaseId artifact's numerator/denominator source receipts, units, null rules, period, and boundary version; reconcile publication status and register a bounded query reader. The common comparison runtime is not one raw source."
"statsComparisonHospitalBedTotalPerKm2Township","醫院病床總數（每平方公里）","READER_PENDING","DERIVED_RELEASE_SOURCE_AUDIT_AND_READER_PENDING","derived:comparison_statistics","","","","","","","","","unverified from source payload","Inspect each exact releaseId artifact's numerator/denominator source receipts, units, null rules, period, and boundary version; reconcile publication status and register a bounded query reader. The common comparison runtime is not one raw source."
"statsComparisonHospitalCountPer10000PopulationTownship","醫院家數（每萬人口）","READER_PENDING","DERIVED_RELEASE_SOURCE_AUDIT_AND_READER_PENDING","derived:comparison_statistics","","","","","","","","","unverified from source payload","Inspect each exact releaseId artifact's numerator/denominator source receipts, units, null rules, period, and boundary version; reconcile publication status and register a bounded query reader. The common comparison runtime is not one raw source."
"statsComparisonHospitalCountPerKm2Township","醫院家數（每平方公里）","READER_PENDING","DERIVED_RELEASE_SOURCE_AUDIT_AND_READER_PENDING","derived:comparison_statistics","","","","","","","","","unverified from source payload","Inspect each exact releaseId artifact's numerator/denominator source receipts, units, null rules, period, and boundary version; reconcile publication status and register a bounded query reader. The common comparison runtime is not one raw source."
"statsComparisonHousingMixedShareOfResidentialOrMixedPctCounty","有人居住住宅中的混合用途占比","READER_PENDING","DERIVED_RELEASE_SOURCE_AUDIT_AND_READER_PENDING","derived:comparison_statistics","","","","","","","","","unverified from source payload","Inspect each exact releaseId artifact's numerator/denominator source receipts, units, null rules, period, and boundary version; reconcile publication status and register a bounded query reader. The common comparison runtime is not one raw source."
"statsComparisonHousingOccasionalSharePctCounty","偶爾自住住宅占總住宅比","READER_PENDING","DERIVED_RELEASE_SOURCE_AUDIT_AND_READER_PENDING","derived:comparison_statistics","","","","","","","","","unverified from source payload","Inspect each exact releaseId artifact's numerator/denominator source receipts, units, null rules, period, and boundary version; reconcile publication status and register a bounded query reader. The common comparison runtime is not one raw source."
"statsComparisonHousingOccasionalSharePctTownship","偶爾自住住宅占總住宅比","READER_PENDING","DERIVED_RELEASE_SOURCE_AUDIT_AND_READER_PENDING","derived:comparison_statistics","","","","","","","","","unverified from source payload","Inspect each exact releaseId artifact's numerator/denominator source receipts, units, null rules, period, and boundary version; reconcile publication status and register a bounded query reader. The common comparison runtime is not one raw source."
"statsComparisonHousingOtherUseSharePctCounty","其他使用住宅占總住宅比","READER_PENDING","DERIVED_RELEASE_SOURCE_AUDIT_AND_READER_PENDING","derived:comparison_statistics","","","","","","","","","unverified from source payload","Inspect each exact releaseId artifact's numerator/denominator source receipts, units, null rules, period, and boundary version; reconcile publication status and register a bounded query reader. The common comparison runtime is not one raw source."
"statsComparisonHousingOtherUseSharePctTownship","其他使用住宅占總住宅比","READER_PENDING","DERIVED_RELEASE_SOURCE_AUDIT_AND_READER_PENDING","derived:comparison_statistics","","","","","","","","","unverified from source payload","Inspect each exact releaseId artifact's numerator/denominator source receipts, units, null rules, period, and boundary version; reconcile publication status and register a bounded query reader. The common comparison runtime is not one raw source."
"statsComparisonHousingUnoccupiedSharePctCounty","無人經常居住住宅占總住宅比","READER_PENDING","DERIVED_RELEASE_SOURCE_AUDIT_AND_READER_PENDING","derived:comparison_statistics","","","","","","","","","unverified from source payload","Inspect each exact releaseId artifact's numerator/denominator source receipts, units, null rules, period, and boundary version; reconcile publication status and register a bounded query reader. The common comparison runtime is not one raw source."
"statsComparisonHousingUnoccupiedSharePctTownship","無人經常居住住宅占總住宅比","READER_PENDING","DERIVED_RELEASE_SOURCE_AUDIT_AND_READER_PENDING","derived:comparison_statistics","","","","","","","","","unverified from source payload","Inspect each exact releaseId artifact's numerator/denominator source receipts, units, null rules, period, and boundary version; reconcile publication status and register a bounded query reader. The common comparison runtime is not one raw source."
"statsComparisonIcuBedTotalPer10000PopulationTownship","加護病床（每萬人口）","READER_PENDING","DERIVED_RELEASE_SOURCE_AUDIT_AND_READER_PENDING","derived:comparison_statistics","","","","","","","","","unverified from source payload","Inspect each exact releaseId artifact's numerator/denominator source receipts, units, null rules, period, and boundary version; reconcile publication status and register a bounded query reader. The common comparison runtime is not one raw source."
"statsComparisonIcuBedTotalPerKm2Township","加護病床（每平方公里）","READER_PENDING","DERIVED_RELEASE_SOURCE_AUDIT_AND_READER_PENDING","derived:comparison_statistics","","","","","","","","","unverified from source payload","Inspect each exact releaseId artifact's numerator/denominator source receipts, units, null rules, period, and boundary version; reconcile publication status and register a bounded query reader. The common comparison runtime is not one raw source."
"statsComparisonLivestockBuildingCountyAreaSharePct","畜禽舍用地面積－占縣市行政面積","READER_PENDING","DERIVED_RELEASE_SOURCE_AUDIT_AND_READER_PENDING","derived:comparison_statistics","","","","","","","","","unverified from source payload","Inspect each exact releaseId artifact's numerator/denominator source receipts, units, null rules, period, and boundary version; reconcile publication status and register a bounded query reader. The common comparison runtime is not one raw source."
"statsComparisonLivestockBuildingCountyLq","畜禽舍用地面積－縣市相對集中度 LQ","READER_PENDING","DERIVED_RELEASE_SOURCE_AUDIT_AND_READER_PENDING","derived:comparison_statistics","","","","","","","","","unverified from source payload","Inspect each exact releaseId artifact's numerator/denominator source receipts, units, null rules, period, and boundary version; reconcile publication status and register a bounded query reader. The common comparison runtime is not one raw source."
"statsComparisonLivestockBuildingCountyNationalSharePct","畜禽舍用地面積－縣市占全臺同類比","READER_PENDING","DERIVED_RELEASE_SOURCE_AUDIT_AND_READER_PENDING","derived:comparison_statistics","","","","","","","","","unverified from source payload","Inspect each exact releaseId artifact's numerator/denominator source receipts, units, null rules, period, and boundary version; reconcile publication status and register a bounded query reader. The common comparison runtime is not one raw source."
"statsComparisonLivestockBuildingCountyTotalHectare","畜禽舍用地面積－縣市面積","READER_PENDING","DERIVED_RELEASE_SOURCE_AUDIT_AND_READER_PENDING","derived:comparison_statistics","","","","","","","","","unverified from source payload","Inspect each exact releaseId artifact's numerator/denominator source receipts, units, null rules, period, and boundary version; reconcile publication status and register a bounded query reader. The common comparison runtime is not one raw source."
"statsComparisonLivestockBuildingNationalSharePct","畜禽舍用地面積－鄉鎮占全臺同類比","READER_PENDING","DERIVED_RELEASE_SOURCE_AUDIT_AND_READER_PENDING","derived:comparison_statistics","","","","","","","","","unverified from source payload","Inspect each exact releaseId artifact's numerator/denominator source receipts, units, null rules, period, and boundary version; reconcile publication status and register a bounded query reader. The common comparison runtime is not one raw source."
"statsComparisonLivestockBuildingTownshipAdminAreaSharePct","畜禽舍用地面積－占鄉鎮行政面積","READER_PENDING","DERIVED_RELEASE_SOURCE_AUDIT_AND_READER_PENDING","derived:comparison_statistics","","","","","","","","","unverified from source payload","Inspect each exact releaseId artifact's numerator/denominator source receipts, units, null rules, period, and boundary version; reconcile publication status and register a bounded query reader. The common comparison runtime is not one raw source."
"statsComparisonLivestockBuildingTownshipOfCountySharePct","畜禽舍用地面積－鄉鎮占所屬縣市同類比","READER_PENDING","DERIVED_RELEASE_SOURCE_AUDIT_AND_READER_PENDING","derived:comparison_statistics","","","","","","","","","unverified from source payload","Inspect each exact releaseId artifact's numerator/denominator source receipts, units, null rules, period, and boundary version; reconcile publication status and register a bounded query reader. The common comparison runtime is not one raw source."
"statsComparisonLivestockHeadsPerFarmTownship","畜禽每場在養數量","READER_PENDING","DERIVED_RELEASE_SOURCE_AUDIT_AND_READER_PENDING","derived:comparison_statistics","","","","","","","","","unverified from source payload","Inspect each exact releaseId artifact's numerator/denominator source receipts, units, null rules, period, and boundary version; reconcile publication status and register a bounded query reader. The common comparison runtime is not one raw source."
"statsComparisonMixedForestCountyAreaSharePct","混合林用地面積－占縣市行政面積","READER_PENDING","DERIVED_RELEASE_SOURCE_AUDIT_AND_READER_PENDING","derived:comparison_statistics","","","","","","","","","unverified from source payload","Inspect each exact releaseId artifact's numerator/denominator source receipts, units, null rules, period, and boundary version; reconcile publication status and register a bounded query reader. The common comparison runtime is not one raw source."
"statsComparisonMixedForestCountyLq","混合林用地面積－縣市相對集中度 LQ","READER_PENDING","DERIVED_RELEASE_SOURCE_AUDIT_AND_READER_PENDING","derived:comparison_statistics","","","","","","","","","unverified from source payload","Inspect each exact releaseId artifact's numerator/denominator source receipts, units, null rules, period, and boundary version; reconcile publication status and register a bounded query reader. The common comparison runtime is not one raw source."
"statsComparisonMixedForestCountyNationalSharePct","混合林用地面積－縣市占全臺同類比","READER_PENDING","DERIVED_RELEASE_SOURCE_AUDIT_AND_READER_PENDING","derived:comparison_statistics","","","","","","","","","unverified from source payload","Inspect each exact releaseId artifact's numerator/denominator source receipts, units, null rules, period, and boundary version; reconcile publication status and register a bounded query reader. The common comparison runtime is not one raw source."
"statsComparisonMixedForestCountyTotalHectare","混合林用地面積－縣市面積","READER_PENDING","DERIVED_RELEASE_SOURCE_AUDIT_AND_READER_PENDING","derived:comparison_statistics","","","","","","","","","unverified from source payload","Inspect each exact releaseId artifact's numerator/denominator source receipts, units, null rules, period, and boundary version; reconcile publication status and register a bounded query reader. The common comparison runtime is not one raw source."
"statsComparisonMixedForestNationalSharePct","混合林用地面積－鄉鎮占全臺同類比","READER_PENDING","DERIVED_RELEASE_SOURCE_AUDIT_AND_READER_PENDING","derived:comparison_statistics","","","","","","","","","unverified from source payload","Inspect each exact releaseId artifact's numerator/denominator source receipts, units, null rules, period, and boundary version; reconcile publication status and register a bounded query reader. The common comparison runtime is not one raw source."
"statsComparisonMixedForestTownshipAdminAreaSharePct","混合林用地面積－占鄉鎮行政面積","READER_PENDING","DERIVED_RELEASE_SOURCE_AUDIT_AND_READER_PENDING","derived:comparison_statistics","","","","","","","","","unverified from source payload","Inspect each exact releaseId artifact's numerator/denominator source receipts, units, null rules, period, and boundary version; reconcile publication status and register a bounded query reader. The common comparison runtime is not one raw source."
"statsComparisonMixedForestTownshipOfCountySharePct","混合林用地面積－鄉鎮占所屬縣市同類比","READER_PENDING","DERIVED_RELEASE_SOURCE_AUDIT_AND_READER_PENDING","derived:comparison_statistics","","","","","","","","","unverified from source payload","Inspect each exact releaseId artifact's numerator/denominator source receipts, units, null rules, period, and boundary version; reconcile publication status and register a bounded query reader. The common comparison runtime is not one raw source."
"statsComparisonMotorcycleLicenseHoldersCountPer10000Residents","領有機車駕照人數－每萬名居民","READER_PENDING","DERIVED_RELEASE_SOURCE_AUDIT_AND_READER_PENDING","derived:comparison_statistics","","","","","","","","","unverified from source payload","Inspect each exact releaseId artifact's numerator/denominator source receipts, units, null rules, period, and boundary version; reconcile publication status and register a bounded query reader. The common comparison runtime is not one raw source."
"statsComparisonMotorcycleRegisteredCountPer10000Residents","機車登記數－每萬名居民","READER_PENDING","DERIVED_RELEASE_SOURCE_AUDIT_AND_READER_PENDING","derived:comparison_statistics","","","","","","","","","unverified from source payload","Inspect each exact releaseId artifact's numerator/denominator source receipts, units, null rules, period, and boundary version; reconcile publication status and register a bounded query reader. The common comparison runtime is not one raw source."
"statsComparisonOffstreetSmallCarParkingSpacesCountPer10000Residents","小型汽車路外停車位－每萬名居民","READER_PENDING","DERIVED_RELEASE_SOURCE_AUDIT_AND_READER_PENDING","derived:comparison_statistics","","","","","","","","","unverified from source payload","Inspect each exact releaseId artifact's numerator/denominator source receipts, units, null rules, period, and boundary version; reconcile publication status and register a bounded query reader. The common comparison runtime is not one raw source."
"statsComparisonOnstreetSmallCarParkingSpacesCountPer10000Residents","小型汽車路邊停車位－每萬名居民","READER_PENDING","DERIVED_RELEASE_SOURCE_AUDIT_AND_READER_PENDING","derived:comparison_statistics","","","","","","","","","unverified from source payload","Inspect each exact releaseId artifact's numerator/denominator source receipts, units, null rules, period, and boundary version; reconcile publication status and register a bounded query reader. The common comparison runtime is not one raw source."
"statsComparisonOrchardCountyAreaSharePct","果園用地面積－占縣市行政面積","READER_PENDING","DERIVED_RELEASE_SOURCE_AUDIT_AND_READER_PENDING","derived:comparison_statistics","","","","","","","","","unverified from source payload","Inspect each exact releaseId artifact's numerator/denominator source receipts, units, null rules, period, and boundary version; reconcile publication status and register a bounded query reader. The common comparison runtime is not one raw source."
"statsComparisonOrchardCountyLq","果園用地面積－縣市相對集中度 LQ","READER_PENDING","DERIVED_RELEASE_SOURCE_AUDIT_AND_READER_PENDING","derived:comparison_statistics","","","","","","","","","unverified from source payload","Inspect each exact releaseId artifact's numerator/denominator source receipts, units, null rules, period, and boundary version; reconcile publication status and register a bounded query reader. The common comparison runtime is not one raw source."
"statsComparisonOrchardCountyNationalSharePct","果園用地面積－縣市占全臺同類比","READER_PENDING","DERIVED_RELEASE_SOURCE_AUDIT_AND_READER_PENDING","derived:comparison_statistics","","","","","","","","","unverified from source payload","Inspect each exact releaseId artifact's numerator/denominator source receipts, units, null rules, period, and boundary version; reconcile publication status and register a bounded query reader. The common comparison runtime is not one raw source."
"statsComparisonOrchardCountyTotalHectare","果園用地面積－縣市面積","READER_PENDING","DERIVED_RELEASE_SOURCE_AUDIT_AND_READER_PENDING","derived:comparison_statistics","","","","","","","","","unverified from source payload","Inspect each exact releaseId artifact's numerator/denominator source receipts, units, null rules, period, and boundary version; reconcile publication status and register a bounded query reader. The common comparison runtime is not one raw source."
"statsComparisonOrchardNationalSharePct","果園用地面積－鄉鎮占全臺同類比","READER_PENDING","DERIVED_RELEASE_SOURCE_AUDIT_AND_READER_PENDING","derived:comparison_statistics","","","","","","","","","unverified from source payload","Inspect each exact releaseId artifact's numerator/denominator source receipts, units, null rules, period, and boundary version; reconcile publication status and register a bounded query reader. The common comparison runtime is not one raw source."
"statsComparisonOrchardTownshipAdminAreaSharePct","果園用地面積－占鄉鎮行政面積","READER_PENDING","DERIVED_RELEASE_SOURCE_AUDIT_AND_READER_PENDING","derived:comparison_statistics","","","","","","","","","unverified from source payload","Inspect each exact releaseId artifact's numerator/denominator source receipts, units, null rules, period, and boundary version; reconcile publication status and register a bounded query reader. The common comparison runtime is not one raw source."
"statsComparisonOrchardTownshipOfCountySharePct","果園用地面積－鄉鎮占所屬縣市同類比","READER_PENDING","DERIVED_RELEASE_SOURCE_AUDIT_AND_READER_PENDING","derived:comparison_statistics","","","","","","","","","unverified from source payload","Inspect each exact releaseId artifact's numerator/denominator source receipts, units, null rules, period, and boundary version; reconcile publication status and register a bounded query reader. The common comparison runtime is not one raw source."
"statsComparisonPaddyLandCountyAreaSharePct","水田用地面積－占縣市行政面積","READER_PENDING","DERIVED_RELEASE_SOURCE_AUDIT_AND_READER_PENDING","derived:comparison_statistics","","","","","","","","","unverified from source payload","Inspect each exact releaseId artifact's numerator/denominator source receipts, units, null rules, period, and boundary version; reconcile publication status and register a bounded query reader. The common comparison runtime is not one raw source."
"statsComparisonPaddyLandCountyLq","水田用地面積－縣市相對集中度 LQ","READER_PENDING","DERIVED_RELEASE_SOURCE_AUDIT_AND_READER_PENDING","derived:comparison_statistics","","","","","","","","","unverified from source payload","Inspect each exact releaseId artifact's numerator/denominator source receipts, units, null rules, period, and boundary version; reconcile publication status and register a bounded query reader. The common comparison runtime is not one raw source."
"statsComparisonPaddyLandCountyNationalSharePct","水田用地面積－縣市占全臺同類比","READER_PENDING","DERIVED_RELEASE_SOURCE_AUDIT_AND_READER_PENDING","derived:comparison_statistics","","","","","","","","","unverified from source payload","Inspect each exact releaseId artifact's numerator/denominator source receipts, units, null rules, period, and boundary version; reconcile publication status and register a bounded query reader. The common comparison runtime is not one raw source."
"statsComparisonPaddyLandCountyTotalHectare","水田用地面積－縣市面積","READER_PENDING","DERIVED_RELEASE_SOURCE_AUDIT_AND_READER_PENDING","derived:comparison_statistics","","","","","","","","","unverified from source payload","Inspect each exact releaseId artifact's numerator/denominator source receipts, units, null rules, period, and boundary version; reconcile publication status and register a bounded query reader. The common comparison runtime is not one raw source."
"statsComparisonPaddyLandNationalSharePct","水田用地面積－鄉鎮占全臺同類比","READER_PENDING","DERIVED_RELEASE_SOURCE_AUDIT_AND_READER_PENDING","derived:comparison_statistics","","","","","","","","","unverified from source payload","Inspect each exact releaseId artifact's numerator/denominator source receipts, units, null rules, period, and boundary version; reconcile publication status and register a bounded query reader. The common comparison runtime is not one raw source."
"statsComparisonPaddyLandTownshipAdminAreaSharePct","水田用地面積－占鄉鎮行政面積","READER_PENDING","DERIVED_RELEASE_SOURCE_AUDIT_AND_READER_PENDING","derived:comparison_statistics","","","","","","","","","unverified from source payload","Inspect each exact releaseId artifact's numerator/denominator source receipts, units, null rules, period, and boundary version; reconcile publication status and register a bounded query reader. The common comparison runtime is not one raw source."
"statsComparisonPaddyLandTownshipOfCountySharePct","水田用地面積－鄉鎮占所屬縣市同類比","READER_PENDING","DERIVED_RELEASE_SOURCE_AUDIT_AND_READER_PENDING","derived:comparison_statistics","","","","","","","","","unverified from source payload","Inspect each exact releaseId artifact's numerator/denominator source receipts, units, null rules, period, and boundary version; reconcile publication status and register a bounded query reader. The common comparison runtime is not one raw source."
"statsComparisonPastureCountyAreaSharePct","牧場用地面積－占縣市行政面積","READER_PENDING","DERIVED_RELEASE_SOURCE_AUDIT_AND_READER_PENDING","derived:comparison_statistics","","","","","","","","","unverified from source payload","Inspect each exact releaseId artifact's numerator/denominator source receipts, units, null rules, period, and boundary version; reconcile publication status and register a bounded query reader. The common comparison runtime is not one raw source."
"statsComparisonPastureCountyLq","牧場用地面積－縣市相對集中度 LQ","READER_PENDING","DERIVED_RELEASE_SOURCE_AUDIT_AND_READER_PENDING","derived:comparison_statistics","","","","","","","","","unverified from source payload","Inspect each exact releaseId artifact's numerator/denominator source receipts, units, null rules, period, and boundary version; reconcile publication status and register a bounded query reader. The common comparison runtime is not one raw source."
"statsComparisonPastureCountyNationalSharePct","牧場用地面積－縣市占全臺同類比","READER_PENDING","DERIVED_RELEASE_SOURCE_AUDIT_AND_READER_PENDING","derived:comparison_statistics","","","","","","","","","unverified from source payload","Inspect each exact releaseId artifact's numerator/denominator source receipts, units, null rules, period, and boundary version; reconcile publication status and register a bounded query reader. The common comparison runtime is not one raw source."
"statsComparisonPastureCountyTotalHectare","牧場用地面積－縣市面積","READER_PENDING","DERIVED_RELEASE_SOURCE_AUDIT_AND_READER_PENDING","derived:comparison_statistics","","","","","","","","","unverified from source payload","Inspect each exact releaseId artifact's numerator/denominator source receipts, units, null rules, period, and boundary version; reconcile publication status and register a bounded query reader. The common comparison runtime is not one raw source."
"statsComparisonPastureNationalSharePct","牧場用地面積－鄉鎮占全臺同類比","READER_PENDING","DERIVED_RELEASE_SOURCE_AUDIT_AND_READER_PENDING","derived:comparison_statistics","","","","","","","","","unverified from source payload","Inspect each exact releaseId artifact's numerator/denominator source receipts, units, null rules, period, and boundary version; reconcile publication status and register a bounded query reader. The common comparison runtime is not one raw source."
"statsComparisonPastureTownshipAdminAreaSharePct","牧場用地面積－占鄉鎮行政面積","READER_PENDING","DERIVED_RELEASE_SOURCE_AUDIT_AND_READER_PENDING","derived:comparison_statistics","","","","","","","","","unverified from source payload","Inspect each exact releaseId artifact's numerator/denominator source receipts, units, null rules, period, and boundary version; reconcile publication status and register a bounded query reader. The common comparison runtime is not one raw source."
"statsComparisonPastureTownshipOfCountySharePct","牧場用地面積－鄉鎮占所屬縣市同類比","READER_PENDING","DERIVED_RELEASE_SOURCE_AUDIT_AND_READER_PENDING","derived:comparison_statistics","","","","","","","","","unverified from source payload","Inspect each exact releaseId artifact's numerator/denominator source receipts, units, null rules, period, and boundary version; reconcile publication status and register a bounded query reader. The common comparison runtime is not one raw source."
"statsComparisonPortLandCountyAreaSharePct","港口用地面積－占縣市行政面積","READER_PENDING","DERIVED_RELEASE_SOURCE_AUDIT_AND_READER_PENDING","derived:comparison_statistics","","","","","","","","","unverified from source payload","Inspect each exact releaseId artifact's numerator/denominator source receipts, units, null rules, period, and boundary version; reconcile publication status and register a bounded query reader. The common comparison runtime is not one raw source."
"statsComparisonPortLandCountyLq","港口用地面積－縣市相對集中度 LQ","READER_PENDING","DERIVED_RELEASE_SOURCE_AUDIT_AND_READER_PENDING","derived:comparison_statistics","","","","","","","","","unverified from source payload","Inspect each exact releaseId artifact's numerator/denominator source receipts, units, null rules, period, and boundary version; reconcile publication status and register a bounded query reader. The common comparison runtime is not one raw source."
"statsComparisonPortLandCountyNationalSharePct","港口用地面積－縣市占全臺同類比","READER_PENDING","DERIVED_RELEASE_SOURCE_AUDIT_AND_READER_PENDING","derived:comparison_statistics","","","","","","","","","unverified from source payload","Inspect each exact releaseId artifact's numerator/denominator source receipts, units, null rules, period, and boundary version; reconcile publication status and register a bounded query reader. The common comparison runtime is not one raw source."
"statsComparisonPortLandCountyTotalHectare","港口用地面積－縣市面積","READER_PENDING","DERIVED_RELEASE_SOURCE_AUDIT_AND_READER_PENDING","derived:comparison_statistics","","","","","","","","","unverified from source payload","Inspect each exact releaseId artifact's numerator/denominator source receipts, units, null rules, period, and boundary version; reconcile publication status and register a bounded query reader. The common comparison runtime is not one raw source."
"statsComparisonPortLandNationalSharePct","港口用地面積－鄉鎮占全臺同類比","READER_PENDING","DERIVED_RELEASE_SOURCE_AUDIT_AND_READER_PENDING","derived:comparison_statistics","","","","","","","","","unverified from source payload","Inspect each exact releaseId artifact's numerator/denominator source receipts, units, null rules, period, and boundary version; reconcile publication status and register a bounded query reader. The common comparison runtime is not one raw source."
"statsComparisonPortLandTownshipAdminAreaSharePct","港口用地面積－占鄉鎮行政面積","READER_PENDING","DERIVED_RELEASE_SOURCE_AUDIT_AND_READER_PENDING","derived:comparison_statistics","","","","","","","","","unverified from source payload","Inspect each exact releaseId artifact's numerator/denominator source receipts, units, null rules, period, and boundary version; reconcile publication status and register a bounded query reader. The common comparison runtime is not one raw source."
"statsComparisonPortLandTownshipOfCountySharePct","港口用地面積－鄉鎮占所屬縣市同類比","READER_PENDING","DERIVED_RELEASE_SOURCE_AUDIT_AND_READER_PENDING","derived:comparison_statistics","","","","","","","","","unverified from source payload","Inspect each exact releaseId artifact's numerator/denominator source receipts, units, null rules, period, and boundary version; reconcile publication status and register a bounded query reader. The common comparison runtime is not one raw source."
"statsComparisonPostpartumNursingHomeOpenBedsPerBirths1000County","產後護理之家開放護理床數（人口比較）","READER_PENDING","DERIVED_RELEASE_SOURCE_AUDIT_AND_READER_PENDING","derived:comparison_statistics","","","","","","","","","unverified from source payload","Inspect each exact releaseId artifact's numerator/denominator source receipts, units, null rules, period, and boundary version; reconcile publication status and register a bounded query reader. The common comparison runtime is not one raw source."
"statsComparisonPostpartumNursingHomeOpenInfantBedsPerBirths1000County","產後護理之家開放嬰兒床數（人口比較）","READER_PENDING","DERIVED_RELEASE_SOURCE_AUDIT_AND_READER_PENDING","derived:comparison_statistics","","","","","","","","","unverified from source payload","Inspect each exact releaseId artifact's numerator/denominator source receipts, units, null rules, period, and boundary version; reconcile publication status and register a bounded query reader. The common comparison runtime is not one raw source."
"statsComparisonRailLandCountyAreaSharePct","鐵路用地面積－占縣市行政面積","READER_PENDING","DERIVED_RELEASE_SOURCE_AUDIT_AND_READER_PENDING","derived:comparison_statistics","","","","","","","","","unverified from source payload","Inspect each exact releaseId artifact's numerator/denominator source receipts, units, null rules, period, and boundary version; reconcile publication status and register a bounded query reader. The common comparison runtime is not one raw source."
"statsComparisonRailLandCountyLq","鐵路用地面積－縣市相對集中度 LQ","READER_PENDING","DERIVED_RELEASE_SOURCE_AUDIT_AND_READER_PENDING","derived:comparison_statistics","","","","","","","","","unverified from source payload","Inspect each exact releaseId artifact's numerator/denominator source receipts, units, null rules, period, and boundary version; reconcile publication status and register a bounded query reader. The common comparison runtime is not one raw source."
"statsComparisonRailLandCountyNationalSharePct","鐵路用地面積－縣市占全臺同類比","READER_PENDING","DERIVED_RELEASE_SOURCE_AUDIT_AND_READER_PENDING","derived:comparison_statistics","","","","","","","","","unverified from source payload","Inspect each exact releaseId artifact's numerator/denominator source receipts, units, null rules, period, and boundary version; reconcile publication status and register a bounded query reader. The common comparison runtime is not one raw source."
"statsComparisonRailLandCountyTotalHectare","鐵路用地面積－縣市面積","READER_PENDING","DERIVED_RELEASE_SOURCE_AUDIT_AND_READER_PENDING","derived:comparison_statistics","","","","","","","","","unverified from source payload","Inspect each exact releaseId artifact's numerator/denominator source receipts, units, null rules, period, and boundary version; reconcile publication status and register a bounded query reader. The common comparison runtime is not one raw source."
"statsComparisonRailLandNationalSharePct","鐵路用地面積－鄉鎮占全臺同類比","READER_PENDING","DERIVED_RELEASE_SOURCE_AUDIT_AND_READER_PENDING","derived:comparison_statistics","","","","","","","","","unverified from source payload","Inspect each exact releaseId artifact's numerator/denominator source receipts, units, null rules, period, and boundary version; reconcile publication status and register a bounded query reader. The common comparison runtime is not one raw source."
"statsComparisonRailLandTownshipAdminAreaSharePct","鐵路用地面積－占鄉鎮行政面積","READER_PENDING","DERIVED_RELEASE_SOURCE_AUDIT_AND_READER_PENDING","derived:comparison_statistics","","","","","","","","","unverified from source payload","Inspect each exact releaseId artifact's numerator/denominator source receipts, units, null rules, period, and boundary version; reconcile publication status and register a bounded query reader. The common comparison runtime is not one raw source."
"statsComparisonRailLandTownshipOfCountySharePct","鐵路用地面積－鄉鎮占所屬縣市同類比","READER_PENDING","DERIVED_RELEASE_SOURCE_AUDIT_AND_READER_PENDING","derived:comparison_statistics","","","","","","","","","unverified from source payload","Inspect each exact releaseId artifact's numerator/denominator source receipts, units, null rules, period, and boundary version; reconcile publication status and register a bounded query reader. The common comparison runtime is not one raw source."
"statsComparisonRegisteredNurseCountPer10000PopulationTownship","醫院護理師（每萬人口）","READER_PENDING","DERIVED_RELEASE_SOURCE_AUDIT_AND_READER_PENDING","derived:comparison_statistics","","","","","","","","","unverified from source payload","Inspect each exact releaseId artifact's numerator/denominator source receipts, units, null rules, period, and boundary version; reconcile publication status and register a bounded query reader. The common comparison runtime is not one raw source."
"statsComparisonRegisteredNurseCountPerKm2Township","醫院護理師（每平方公里）","READER_PENDING","DERIVED_RELEASE_SOURCE_AUDIT_AND_READER_PENDING","derived:comparison_statistics","","","","","","","","","unverified from source payload","Inspect each exact releaseId artifact's numerator/denominator source receipts, units, null rules, period, and boundary version; reconcile publication status and register a bounded query reader. The common comparison runtime is not one raw source."
"statsComparisonRoadLandCountyAreaSharePct","道路用地面積－占縣市行政面積","READER_PENDING","DERIVED_RELEASE_SOURCE_AUDIT_AND_READER_PENDING","derived:comparison_statistics","","","","","","","","","unverified from source payload","Inspect each exact releaseId artifact's numerator/denominator source receipts, units, null rules, period, and boundary version; reconcile publication status and register a bounded query reader. The common comparison runtime is not one raw source."
"statsComparisonRoadLandCountyLq","道路用地面積－縣市相對集中度 LQ","READER_PENDING","DERIVED_RELEASE_SOURCE_AUDIT_AND_READER_PENDING","derived:comparison_statistics","","","","","","","","","unverified from source payload","Inspect each exact releaseId artifact's numerator/denominator source receipts, units, null rules, period, and boundary version; reconcile publication status and register a bounded query reader. The common comparison runtime is not one raw source."
"statsComparisonRoadLandCountyNationalSharePct","道路用地面積－縣市占全臺同類比","READER_PENDING","DERIVED_RELEASE_SOURCE_AUDIT_AND_READER_PENDING","derived:comparison_statistics","","","","","","","","","unverified from source payload","Inspect each exact releaseId artifact's numerator/denominator source receipts, units, null rules, period, and boundary version; reconcile publication status and register a bounded query reader. The common comparison runtime is not one raw source."
"statsComparisonRoadLandCountyTotalHectare","道路用地面積－縣市面積","READER_PENDING","DERIVED_RELEASE_SOURCE_AUDIT_AND_READER_PENDING","derived:comparison_statistics","","","","","","","","","unverified from source payload","Inspect each exact releaseId artifact's numerator/denominator source receipts, units, null rules, period, and boundary version; reconcile publication status and register a bounded query reader. The common comparison runtime is not one raw source."
"statsComparisonRoadLandNationalSharePct","道路用地面積－鄉鎮占全臺同類比","READER_PENDING","DERIVED_RELEASE_SOURCE_AUDIT_AND_READER_PENDING","derived:comparison_statistics","","","","","","","","","unverified from source payload","Inspect each exact releaseId artifact's numerator/denominator source receipts, units, null rules, period, and boundary version; reconcile publication status and register a bounded query reader. The common comparison runtime is not one raw source."
"statsComparisonRoadLandTownshipAdminAreaSharePct","道路用地面積－占鄉鎮行政面積","READER_PENDING","DERIVED_RELEASE_SOURCE_AUDIT_AND_READER_PENDING","derived:comparison_statistics","","","","","","","","","unverified from source payload","Inspect each exact releaseId artifact's numerator/denominator source receipts, units, null rules, period, and boundary version; reconcile publication status and register a bounded query reader. The common comparison runtime is not one raw source."
"statsComparisonRoadLandTownshipOfCountySharePct","道路用地面積－鄉鎮占所屬縣市同類比","READER_PENDING","DERIVED_RELEASE_SOURCE_AUDIT_AND_READER_PENDING","derived:comparison_statistics","","","","","","","","","unverified from source payload","Inspect each exact releaseId artifact's numerator/denominator source receipts, units, null rules, period, and boundary version; reconcile publication status and register a bounded query reader. The common comparison runtime is not one raw source."
"statsComparisonUrbanBusOperatorCountPer10000Residents","市區客運業家數－每萬名居民","READER_PENDING","DERIVED_RELEASE_SOURCE_AUDIT_AND_READER_PENDING","derived:comparison_statistics","","","","","","","","","unverified from source payload","Inspect each exact releaseId artifact's numerator/denominator source receipts, units, null rules, period, and boundary version; reconcile publication status and register a bounded query reader. The common comparison runtime is not one raw source."
"statsComparisonUrbanBusOperatorCountPerKm2","市區客運業家數－每平方公里","READER_PENDING","DERIVED_RELEASE_SOURCE_AUDIT_AND_READER_PENDING","derived:comparison_statistics","","","","","","","","","unverified from source payload","Inspect each exact releaseId artifact's numerator/denominator source receipts, units, null rules, period, and boundary version; reconcile publication status and register a bounded query reader. The common comparison runtime is not one raw source."
"statsComparisonWasteRecyclingVehiclesPer10000Residents","資源（含廚餘）回收車輛數－每萬名居民","READER_PENDING","DERIVED_RELEASE_SOURCE_AUDIT_AND_READER_PENDING","derived:comparison_statistics","","","","","","","","","unverified from source payload","Inspect each exact releaseId artifact's numerator/denominator source receipts, units, null rules, period, and boundary version; reconcile publication status and register a bounded query reader. The common comparison runtime is not one raw source."
"statsComparisonWasteRecyclingVehiclesPerKm2","資源（含廚餘）回收車輛數－每平方公里","READER_PENDING","DERIVED_RELEASE_SOURCE_AUDIT_AND_READER_PENDING","derived:comparison_statistics","","","","","","","","","unverified from source payload","Inspect each exact releaseId artifact's numerator/denominator source receipts, units, null rules, period, and boundary version; reconcile publication status and register a bounded query reader. The common comparison runtime is not one raw source."
"statsComparisonWasteTotalVehiclesPer10000Residents","垃圾清運車輛總數－每萬名居民","READER_PENDING","DERIVED_RELEASE_SOURCE_AUDIT_AND_READER_PENDING","derived:comparison_statistics","","","","","","","","","unverified from source payload","Inspect each exact releaseId artifact's numerator/denominator source receipts, units, null rules, period, and boundary version; reconcile publication status and register a bounded query reader. The common comparison runtime is not one raw source."
"statsComparisonWasteTotalVehiclesPerKm2","垃圾清運車輛總數－每平方公里","READER_PENDING","DERIVED_RELEASE_SOURCE_AUDIT_AND_READER_PENDING","derived:comparison_statistics","","","","","","","","","unverified from source payload","Inspect each exact releaseId artifact's numerator/denominator source receipts, units, null rules, period, and boundary version; reconcile publication status and register a bounded query reader. The common comparison runtime is not one raw source."
"statsComparisonWesternPhysicianCountPer10000PopulationTownship","醫院西醫師（每萬人口）","READER_PENDING","DERIVED_RELEASE_SOURCE_AUDIT_AND_READER_PENDING","derived:comparison_statistics","","","","","","","","","unverified from source payload","Inspect each exact releaseId artifact's numerator/denominator source receipts, units, null rules, period, and boundary version; reconcile publication status and register a bounded query reader. The common comparison runtime is not one raw source."
"statsComparisonWesternPhysicianCountPerKm2Township","醫院西醫師（每平方公里）","READER_PENDING","DERIVED_RELEASE_SOURCE_AUDIT_AND_READER_PENDING","derived:comparison_statistics","","","","","","","","","unverified from source payload","Inspect each exact releaseId artifact's numerator/denominator source receipts, units, null rules, period, and boundary version; reconcile publication status and register a bounded query reader. The common comparison runtime is not one raw source."
"statsConiferForestAreaTownship","針葉林用地面積","SOURCE_MISSING","NO_DECLARED_RAW_ARTIFACT_OR_RPC_RECEIPT","declared-upstream:land_use_township_statistics","","land_use_township_statistics","data/processed/agriculture/land_use_township_statistics/_manifest.json","docs/data-catalog/agriculture/land_use_township_statistics.md","","","","","unverified from source payload","Find the owning raw artifact/RPC and its version, license, freshness, null policy, and geometry contract; keep this layer ungrouped until then."
"statsCropHarvestedAreaTownship","作物收穫面積","SOURCE_MISSING","NO_DECLARED_RAW_ARTIFACT_OR_RPC_RECEIPT","declared-upstream:crop_township_statistics","","crop_township_statistics","data/processed/agriculture/crop_township_statistics/_manifest.json","docs/data-catalog/agriculture/crop_township_statistics.md","","","","","unverified from source payload","Find the owning raw artifact/RPC and its version, license, freshness, null policy, and geometry contract; keep this layer ungrouped until then."
"statsCropPlantedAreaTownship","作物種植面積","SOURCE_MISSING","NO_DECLARED_RAW_ARTIFACT_OR_RPC_RECEIPT","declared-upstream:crop_township_statistics","","crop_township_statistics","data/processed/agriculture/crop_township_statistics/_manifest.json","docs/data-catalog/agriculture/crop_township_statistics.md","","","","","unverified from source payload","Find the owning raw artifact/RPC and its version, license, freshness, null policy, and geometry contract; keep this layer ungrouped until then."
"statsCropProductionTownship","作物收量","SOURCE_MISSING","NO_DECLARED_RAW_ARTIFACT_OR_RPC_RECEIPT","declared-upstream:crop_township_statistics","","crop_township_statistics","data/processed/agriculture/crop_township_statistics/_manifest.json","docs/data-catalog/agriculture/crop_township_statistics.md","","","","","unverified from source payload","Find the owning raw artifact/RPC and its version, license, freshness, null policy, and geometry contract; keep this layer ungrouped until then."
"statsCropYieldTownship","每公頃收穫量","SOURCE_MISSING","NO_DECLARED_RAW_ARTIFACT_OR_RPC_RECEIPT","declared-upstream:crop_township_statistics","","crop_township_statistics","data/processed/agriculture/crop_township_statistics/_manifest.json","docs/data-catalog/agriculture/crop_township_statistics.md","","","","","unverified from source payload","Find the owning raw artifact/RPC and its version, license, freshness, null policy, and geometry contract; keep this layer ungrouped until then."
"statsDryFieldAreaTownship","旱田用地面積","SOURCE_MISSING","NO_DECLARED_RAW_ARTIFACT_OR_RPC_RECEIPT","declared-upstream:land_use_township_statistics","","land_use_township_statistics","data/processed/agriculture/land_use_township_statistics/_manifest.json","docs/data-catalog/agriculture/land_use_township_statistics.md","","","","","unverified from source payload","Find the owning raw artifact/RPC and its version, license, freshness, null policy, and geometry contract; keep this layer ungrouped until then."
"statsEducationElementarySchool","國小－學校端","SOURCE_MISSING","NO_DECLARED_RAW_ARTIFACT_OR_RPC_RECEIPT","declared-upstream:education_county_statistics","","education_county_statistics","data/processed/education/education_county_statistics/_manifest.json","docs/data-catalog/education/education_county_statistics.md","","","","","unverified from source payload","Find the owning raw artifact/RPC and its version, license, freshness, null policy, and geometry contract; keep this layer ungrouped until then."
"statsEducationElementaryStudent","國小－學生端","SOURCE_MISSING","NO_DECLARED_RAW_ARTIFACT_OR_RPC_RECEIPT","declared-upstream:education_county_statistics","","education_county_statistics","data/processed/education/education_county_statistics/_manifest.json","docs/data-catalog/education/education_county_statistics.md","","","","","unverified from source payload","Find the owning raw artifact/RPC and its version, license, freshness, null policy, and geometry contract; keep this layer ungrouped until then."
"statsEducationElementaryTeacher","國小－老師端","SOURCE_MISSING","NO_DECLARED_RAW_ARTIFACT_OR_RPC_RECEIPT","declared-upstream:education_county_statistics","","education_county_statistics","data/processed/education/education_county_statistics/_manifest.json","docs/data-catalog/education/education_county_statistics.md","","","","","unverified from source payload","Find the owning raw artifact/RPC and its version, license, freshness, null policy, and geometry contract; keep this layer ungrouped until then."
"statsEducationJuniorHighSchool","國中－學校端","SOURCE_MISSING","NO_DECLARED_RAW_ARTIFACT_OR_RPC_RECEIPT","declared-upstream:education_county_statistics","","education_county_statistics","data/processed/education/education_county_statistics/_manifest.json","docs/data-catalog/education/education_county_statistics.md","","","","","unverified from source payload","Find the owning raw artifact/RPC and its version, license, freshness, null policy, and geometry contract; keep this layer ungrouped until then."
"statsEducationJuniorHighStudent","國中－學生端","SOURCE_MISSING","NO_DECLARED_RAW_ARTIFACT_OR_RPC_RECEIPT","declared-upstream:education_county_statistics","","education_county_statistics","data/processed/education/education_county_statistics/_manifest.json","docs/data-catalog/education/education_county_statistics.md","","","","","unverified from source payload","Find the owning raw artifact/RPC and its version, license, freshness, null policy, and geometry contract; keep this layer ungrouped until then."
"statsEducationJuniorHighTeacher","國中－老師端","SOURCE_MISSING","NO_DECLARED_RAW_ARTIFACT_OR_RPC_RECEIPT","declared-upstream:education_county_statistics","","education_county_statistics","data/processed/education/education_county_statistics/_manifest.json","docs/data-catalog/education/education_county_statistics.md","","","","","unverified from source payload","Find the owning raw artifact/RPC and its version, license, freshness, null policy, and geometry contract; keep this layer ungrouped until then."
"statsEducationPreschoolSchool","幼兒園－學校端","SOURCE_MISSING","NO_DECLARED_RAW_ARTIFACT_OR_RPC_RECEIPT","declared-upstream:education_county_statistics","","education_county_statistics","data/processed/education/education_county_statistics/_manifest.json","docs/data-catalog/education/education_county_statistics.md","","","","","unverified from source payload","Find the owning raw artifact/RPC and its version, license, freshness, null policy, and geometry contract; keep this layer ungrouped until then."
"statsEducationPreschoolStudent","幼兒園－學生端","SOURCE_MISSING","NO_DECLARED_RAW_ARTIFACT_OR_RPC_RECEIPT","declared-upstream:education_county_statistics","","education_county_statistics","data/processed/education/education_county_statistics/_manifest.json","docs/data-catalog/education/education_county_statistics.md","","","","","unverified from source payload","Find the owning raw artifact/RPC and its version, license, freshness, null policy, and geometry contract; keep this layer ungrouped until then."
"statsEducationPreschoolTeacher","幼兒園－老師端","SOURCE_MISSING","NO_DECLARED_RAW_ARTIFACT_OR_RPC_RECEIPT","declared-upstream:education_county_statistics","","education_county_statistics","data/processed/education/education_county_statistics/_manifest.json","docs/data-catalog/education/education_county_statistics.md","","","","","unverified from source payload","Find the owning raw artifact/RPC and its version, license, freshness, null policy, and geometry contract; keep this layer ungrouped until then."
"statsEducationSeniorHighSchool","高中－學校端","SOURCE_MISSING","NO_DECLARED_RAW_ARTIFACT_OR_RPC_RECEIPT","declared-upstream:education_county_statistics","","education_county_statistics","data/processed/education/education_county_statistics/_manifest.json","docs/data-catalog/education/education_county_statistics.md","","","","","unverified from source payload","Find the owning raw artifact/RPC and its version, license, freshness, null policy, and geometry contract; keep this layer ungrouped until then."
"statsEducationSeniorHighStudent","高中－學生端","SOURCE_MISSING","NO_DECLARED_RAW_ARTIFACT_OR_RPC_RECEIPT","declared-upstream:education_county_statistics","","education_county_statistics","data/processed/education/education_county_statistics/_manifest.json","docs/data-catalog/education/education_county_statistics.md","","","","","unverified from source payload","Find the owning raw artifact/RPC and its version, license, freshness, null policy, and geometry contract; keep this layer ungrouped until then."
"statsEducationSeniorHighTeacher","高中－老師端","SOURCE_MISSING","NO_DECLARED_RAW_ARTIFACT_OR_RPC_RECEIPT","declared-upstream:education_county_statistics","","education_county_statistics","data/processed/education/education_county_statistics/_manifest.json","docs/data-catalog/education/education_county_statistics.md","","","","","unverified from source payload","Find the owning raw artifact/RPC and its version, license, freshness, null policy, and geometry contract; keep this layer ungrouped until then."
"statsFisheryProductionCounty","漁業生產量","SOURCE_MISSING","NO_DECLARED_RAW_ARTIFACT_OR_RPC_RECEIPT","declared-upstream:fishery_stats","","fishery_stats","data/processed/agriculture/fishery_stats/_manifest.json","docs/data-catalog/agriculture/fishery_stats.md","","","","","unverified from source payload","Find the owning raw artifact/RPC and its version, license, freshness, null policy, and geometry contract; keep this layer ungrouped until then."
"statsFisheryProductionValueCounty","漁業生產值","SOURCE_MISSING","NO_DECLARED_RAW_ARTIFACT_OR_RPC_RECEIPT","declared-upstream:fishery_stats","","fishery_stats","data/processed/agriculture/fishery_stats/_manifest.json","docs/data-catalog/agriculture/fishery_stats.md","","","","","unverified from source payload","Find the owning raw artifact/RPC and its version, license, freshness, null policy, and geometry contract; keep this layer ungrouped until then."
"statsLivestockBuildingAreaTownship","畜禽舍用地面積","SOURCE_MISSING","NO_DECLARED_RAW_ARTIFACT_OR_RPC_RECEIPT","declared-upstream:land_use_township_statistics","","land_use_township_statistics","data/processed/agriculture/land_use_township_statistics/_manifest.json","docs/data-catalog/agriculture/land_use_township_statistics.md","","","","","unverified from source payload","Find the owning raw artifact/RPC and its version, license, freshness, null policy, and geometry contract; keep this layer ungrouped until then."
"statsLivestockFarmCountTownship","畜禽飼養場數","SOURCE_MISSING","NO_DECLARED_RAW_ARTIFACT_OR_RPC_RECEIPT","declared-upstream:livestock_township_statistics","","livestock_township_statistics","data/processed/agriculture/livestock_township_statistics/_manifest.json","docs/data-catalog/agriculture/livestock_township_statistics.md","","","","","unverified from source payload","Find the owning raw artifact/RPC and its version, license, freshness, null policy, and geometry contract; keep this layer ungrouped until then."
"statsLivestockHeadCountTownship","畜禽在養數量","SOURCE_MISSING","NO_DECLARED_RAW_ARTIFACT_OR_RPC_RECEIPT","declared-upstream:livestock_township_statistics","","livestock_township_statistics","data/processed/agriculture/livestock_township_statistics/_manifest.json","docs/data-catalog/agriculture/livestock_township_statistics.md","","","","","unverified from source payload","Find the owning raw artifact/RPC and its version, license, freshness, null policy, and geometry contract; keep this layer ungrouped until then."
"statsMaritimeSubsidyCounty","航港局獎補助金額（受補助對象所在地）","SOURCE_MISSING","NO_DECLARED_RAW_ARTIFACT_OR_RPC_RECEIPT","","","maritime_bureau_subsidy_county","data/processed/transportation/maritime_bureau_subsidy_county/_manifest.json","docs/data-catalog/transportation/maritime_bureau_subsidy_county.md","","","","","unverified from source payload","Find the owning raw artifact/RPC and its version, license, freshness, null policy, and geometry contract; keep this layer ungrouped until then."
"statsMixedForestAreaTownship","混合林用地面積","SOURCE_MISSING","NO_DECLARED_RAW_ARTIFACT_OR_RPC_RECEIPT","declared-upstream:land_use_township_statistics","","land_use_township_statistics","data/processed/agriculture/land_use_township_statistics/_manifest.json","docs/data-catalog/agriculture/land_use_township_statistics.md","","","","","unverified from source payload","Find the owning raw artifact/RPC and its version, license, freshness, null policy, and geometry contract; keep this layer ungrouped until then."
"statsMotorcycleLicenseHoldersCount","機車駕照持有人數","VERSION_MISMATCH","DISPLAY_TO_VERIFIED_RAW_RELEASE_ALIGNMENT_NOT_INSPECTED","declared-upstream:dgbas_county_transport_supply_10935","dgbas:county_transport_supply:2023-2024","dgbas_county_transport_supply_10935","","docs/data-catalog/transportation/dgbas_county_transport_supply_10935.md","","","","""taipei-gis-analytics/data/raw/transportation/dgbas_county_transport_supply/""","unverified from source payload","Read a matching immutable receipt for this display asset before reader work; verified raw lineage alone does not prove its mini display version."
"statsMotorcycleRegisteredCount","機車登記數","VERSION_MISMATCH","DISPLAY_TO_VERIFIED_RAW_RELEASE_ALIGNMENT_NOT_INSPECTED","declared-upstream:dgbas_county_transport_supply_10935","dgbas:county_transport_supply:2023-2024","dgbas_county_transport_supply_10935","","docs/data-catalog/transportation/dgbas_county_transport_supply_10935.md","","","","""taipei-gis-analytics/data/raw/transportation/dgbas_county_transport_supply/""","unverified from source payload","Read a matching immutable receipt for this display asset before reader work; verified raw lineage alone does not prove its mini display version."
"statsOffstreetSmallCarParkingSpacesCount","小型汽車路外停車位","VERSION_MISMATCH","DISPLAY_TO_VERIFIED_RAW_RELEASE_ALIGNMENT_NOT_INSPECTED","declared-upstream:dgbas_county_transport_supply_10935","dgbas:county_transport_supply:2023-2024","dgbas_county_transport_supply_10935","","docs/data-catalog/transportation/dgbas_county_transport_supply_10935.md","","","","""taipei-gis-analytics/data/raw/transportation/dgbas_county_transport_supply/""","unverified from source payload","Read a matching immutable receipt for this display asset before reader work; verified raw lineage alone does not prove its mini display version."
"statsOnstreetSmallCarParkingSpacesCount","小型汽車路邊停車位","VERSION_MISMATCH","DISPLAY_TO_VERIFIED_RAW_RELEASE_ALIGNMENT_NOT_INSPECTED","declared-upstream:dgbas_county_transport_supply_10935","dgbas:county_transport_supply:2023-2024","dgbas_county_transport_supply_10935","","docs/data-catalog/transportation/dgbas_county_transport_supply_10935.md","","","","""taipei-gis-analytics/data/raw/transportation/dgbas_county_transport_supply/""","unverified from source payload","Read a matching immutable receipt for this display asset before reader work; verified raw lineage alone does not prove its mini display version."
"statsOrchardAreaTownship","果園用地面積","SOURCE_MISSING","NO_DECLARED_RAW_ARTIFACT_OR_RPC_RECEIPT","declared-upstream:land_use_township_statistics","","land_use_township_statistics","data/processed/agriculture/land_use_township_statistics/_manifest.json","docs/data-catalog/agriculture/land_use_township_statistics.md","","","","","unverified from source payload","Find the owning raw artifact/RPC and its version, license, freshness, null policy, and geometry contract; keep this layer ungrouped until then."
"statsPastureAreaTownship","牧場用地面積","SOURCE_MISSING","NO_DECLARED_RAW_ARTIFACT_OR_RPC_RECEIPT","declared-upstream:land_use_township_statistics","","land_use_township_statistics","data/processed/agriculture/land_use_township_statistics/_manifest.json","docs/data-catalog/agriculture/land_use_township_statistics.md","","","","","unverified from source payload","Find the owning raw artifact/RPC and its version, license, freshness, null policy, and geometry contract; keep this layer ungrouped until then."
"statsPigWaterCounty","養豬用水量（歷史統計）","SOURCE_MISSING","NO_DECLARED_RAW_ARTIFACT_OR_RPC_RECEIPT","","","livestock_pig_water_county","data/processed/water_resources/livestock_pig_water_county/_manifest.json","docs/data-catalog/water_resources/livestock_pig_water_county.md","","","","","unverified from source payload","Find the owning raw artifact/RPC and its version, license, freshness, null policy, and geometry contract; keep this layer ungrouped until then."
"statsPortLandAreaTownship","港口用地面積","SOURCE_MISSING","NO_DECLARED_RAW_ARTIFACT_OR_RPC_RECEIPT","declared-upstream:land_use_township_statistics","","land_use_township_statistics","data/processed/agriculture/land_use_township_statistics/_manifest.json","docs/data-catalog/agriculture/land_use_township_statistics.md","","","","","unverified from source payload","Find the owning raw artifact/RPC and its version, license, freshness, null policy, and geometry contract; keep this layer ungrouped until then."
"statsRailLandAreaTownship","鐵路用地面積","SOURCE_MISSING","NO_DECLARED_RAW_ARTIFACT_OR_RPC_RECEIPT","declared-upstream:land_use_township_statistics","","land_use_township_statistics","data/processed/agriculture/land_use_township_statistics/_manifest.json","docs/data-catalog/agriculture/land_use_township_statistics.md","","","","","unverified from source payload","Find the owning raw artifact/RPC and its version, license, freshness, null policy, and geometry contract; keep this layer ungrouped until then."
"statsRecyclingCounty","資源回收車輛數","SOURCE_MISSING","NO_DECLARED_RAW_ARTIFACT_OR_RPC_RECEIPT","declared-upstream:waste_vehicles_county","","waste_vehicles_county","data/processed/waste_management/waste_vehicles_county/_manifest.json","docs/data-catalog/waste_management/waste_vehicles_county.md","","","","","unverified from source payload","Find the owning raw artifact/RPC and its version, license, freshness, null policy, and geometry contract; keep this layer ungrouped until then."
"statsResidentialElectricity","住宅每月售電量","SOURCE_MISSING","NO_DECLARED_RAW_ARTIFACT_OR_RPC_RECEIPT","","","residential_electricity_sales_county_monthly","data/processed/infrastructure/residential_electricity_sales_county_monthly/_manifest.json","docs/data-catalog/infrastructure/residential_electricity_sales_county_monthly.md","","","","","unverified from source payload","Find the owning raw artifact/RPC and its version, license, freshness, null policy, and geometry contract; keep this layer ungrouped until then."
"statsRiceHarvest","全年稻作收穫面積（複種計次）","SOURCE_MISSING","NO_DECLARED_RAW_ARTIFACT_OR_RPC_RECEIPT","","","rice_harvested_area_township","data/processed/agriculture/rice_harvested_area_township/_manifest.json","docs/data-catalog/agriculture/rice_harvested_area_township.md","","","","","unverified from source payload","Find the owning raw artifact/RPC and its version, license, freshness, null policy, and geometry contract; keep this layer ungrouped until then."
"statsRoadLandAreaTownship","道路用地面積","SOURCE_MISSING","NO_DECLARED_RAW_ARTIFACT_OR_RPC_RECEIPT","declared-upstream:land_use_township_statistics","","land_use_township_statistics","data/processed/agriculture/land_use_township_statistics/_manifest.json","docs/data-catalog/agriculture/land_use_township_statistics.md","","","","","unverified from source payload","Find the owning raw artifact/RPC and its version, license, freshness, null policy, and geometry contract; keep this layer ungrouped until then."
"statsTaichungRoadNoiseMonitoringStations","臺中市道路交通噪音監測站數","SOURCE_MISSING","NO_DECLARED_RAW_ARTIFACT_OR_RPC_RECEIPT","","","taichung_road_noise_monitoring_stations_89477","","docs/data-catalog/environment/taichung_road_noise_monitoring_stations_89477.md","","","","","unverified from source payload","Find the owning raw artifact/RPC and its version, license, freshness, null policy, and geometry contract; keep this layer ungrouped until then."
"statsTaipeiRiversideBicycles","河濱公園自行車數","RIGHTS_HOLD","SOURCE_LICENSE_OR_USE_CLEARANCE_HOLD","declared-upstream:segis_taipei_bicycle_usage_township_110","segis:3792EA_1D2:2021","segis_taipei_bicycle_usage_township_110","data/processed/transportation/segis_taipei_bicycle_usage_township_110/_manifest.json","docs/data-catalog/transportation/segis_taipei_bicycle_usage_township_110.md","","","","""taipei-gis-analytics/data/raw/transportation/segis_taipei_bicycle_usage_township_110/""","unverified from source payload","Retain raw lineage but obtain the stated use/license clearance before reader or public-release work."
"statsTaipeiRiversideRentalStations","河濱公園租借站數","RIGHTS_HOLD","SOURCE_LICENSE_OR_USE_CLEARANCE_HOLD","declared-upstream:segis_taipei_bicycle_usage_township_110","segis:3792EA_1D2:2021","segis_taipei_bicycle_usage_township_110","data/processed/transportation/segis_taipei_bicycle_usage_township_110/_manifest.json","docs/data-catalog/transportation/segis_taipei_bicycle_usage_township_110.md","","","","""taipei-gis-analytics/data/raw/transportation/segis_taipei_bicycle_usage_township_110/""","unverified from source payload","Retain raw lineage but obtain the stated use/license clearance before reader or public-release work."
"statsTaipeiRiversideRentalTrips","河濱公園年租借次數","RIGHTS_HOLD","SOURCE_LICENSE_OR_USE_CLEARANCE_HOLD","declared-upstream:segis_taipei_bicycle_usage_township_110","segis:3792EA_1D2:2021","segis_taipei_bicycle_usage_township_110","data/processed/transportation/segis_taipei_bicycle_usage_township_110/_manifest.json","docs/data-catalog/transportation/segis_taipei_bicycle_usage_township_110.md","","","","""taipei-gis-analytics/data/raw/transportation/segis_taipei_bicycle_usage_township_110/""","unverified from source payload","Retain raw lineage but obtain the stated use/license clearance before reader or public-release work."
"statsTaipeiTrafficViolationCitations","臺北市交通違規舉發筆數（法條）","SOURCE_MISSING","NO_DECLARED_RAW_ARTIFACT_OR_RPC_RECEIPT","","","taipei_traffic_violation_citations_135096","","docs/data-catalog/transportation/taipei_traffic_violation_citations_135096.md","","","","","unverified from source payload","Find the owning raw artifact/RPC and its version, license, freshness, null policy, and geometry contract; keep this layer ungrouped until then."
"statsTaipeiUrbanRentalStations","市區自行車租借站數","RIGHTS_HOLD","SOURCE_LICENSE_OR_USE_CLEARANCE_HOLD","declared-upstream:segis_taipei_bicycle_usage_township_110","segis:3792EA_1D2:2021","segis_taipei_bicycle_usage_township_110","data/processed/transportation/segis_taipei_bicycle_usage_township_110/_manifest.json","docs/data-catalog/transportation/segis_taipei_bicycle_usage_township_110.md","","","","""taipei-gis-analytics/data/raw/transportation/segis_taipei_bicycle_usage_township_110/""","unverified from source payload","Retain raw lineage but obtain the stated use/license clearance before reader or public-release work."
"statsTaipeiUrbanRentalTrips","市區自行車年租借次數","RIGHTS_HOLD","SOURCE_LICENSE_OR_USE_CLEARANCE_HOLD","declared-upstream:segis_taipei_bicycle_usage_township_110","segis:3792EA_1D2:2021","segis_taipei_bicycle_usage_township_110","data/processed/transportation/segis_taipei_bicycle_usage_township_110/_manifest.json","docs/data-catalog/transportation/segis_taipei_bicycle_usage_township_110.md","","","","""taipei-gis-analytics/data/raw/transportation/segis_taipei_bicycle_usage_township_110/""","unverified from source payload","Retain raw lineage but obtain the stated use/license clearance before reader or public-release work."
"statsTaoyuanAirportArrivals","桃園機場所在地入境旅客人次","SOURCE_MISSING","NO_DECLARED_RAW_ARTIFACT_OR_RPC_RECEIPT","declared-upstream:taoyuan_airport_passengers_county_32997","","taoyuan_airport_passengers_county_32997","data/processed/transportation/taoyuan_airport_passengers_county_32997/_manifest.json","docs/data-catalog/transportation/taoyuan_airport_passengers_county_32997.md","","","","","unverified from source payload","Find the owning raw artifact/RPC and its version, license, freshness, null policy, and geometry contract; keep this layer ungrouped until then."
"statsTaoyuanAirportDepartures","桃園機場所在地出境旅客人次","SOURCE_MISSING","NO_DECLARED_RAW_ARTIFACT_OR_RPC_RECEIPT","declared-upstream:taoyuan_airport_passengers_county_32997","","taoyuan_airport_passengers_county_32997","data/processed/transportation/taoyuan_airport_passengers_county_32997/_manifest.json","docs/data-catalog/transportation/taoyuan_airport_passengers_county_32997.md","","","","","unverified from source payload","Find the owning raw artifact/RPC and its version, license, freshness, null policy, and geometry contract; keep this layer ungrouped until then."
"statsTaoyuanAirportPassengerMovements","桃園機場所在地旅客人次總計","SOURCE_MISSING","NO_DECLARED_RAW_ARTIFACT_OR_RPC_RECEIPT","declared-upstream:taoyuan_airport_passengers_county_32997","","taoyuan_airport_passengers_county_32997","data/processed/transportation/taoyuan_airport_passengers_county_32997/_manifest.json","docs/data-catalog/transportation/taoyuan_airport_passengers_county_32997.md","","","","","unverified from source payload","Find the owning raw artifact/RPC and its version, license, freshness, null policy, and geometry contract; keep this layer ungrouped until then."
"statsTaoyuanAirportTransit","桃園機場所在地過境旅客人次","SOURCE_MISSING","NO_DECLARED_RAW_ARTIFACT_OR_RPC_RECEIPT","declared-upstream:taoyuan_airport_passengers_county_32997","","taoyuan_airport_passengers_county_32997","data/processed/transportation/taoyuan_airport_passengers_county_32997/_manifest.json","docs/data-catalog/transportation/taoyuan_airport_passengers_county_32997.md","","","","","unverified from source payload","Find the owning raw artifact/RPC and its version, license, freshness, null policy, and geometry contract; keep this layer ungrouped until then."
"statsTmrtStationOutboundCounty","中捷車站所在地出站人次","SOURCE_MISSING","NO_DECLARED_RAW_ARTIFACT_OR_RPC_RECEIPT","","","tmrt_station_outbound_county","","docs/data-catalog/transportation/tmrt_station_outbound_county.md","","","","","unverified from source payload","Find the owning raw artifact/RPC and its version, license, freshness, null policy, and geometry contract; keep this layer ungrouped until then."
"statsWasteCounty","垃圾清運車輛數","SOURCE_MISSING","NO_DECLARED_RAW_ARTIFACT_OR_RPC_RECEIPT","declared-upstream:waste_vehicles_county","","waste_vehicles_county","data/processed/waste_management/waste_vehicles_county/_manifest.json","docs/data-catalog/waste_management/waste_vehicles_county.md","","","","","unverified from source payload","Find the owning raw artifact/RPC and its version, license, freshness, null policy, and geometry contract; keep this layer ungrouped until then."
"statsWasteRecyclingRate","一般廢棄物回收率","SOURCE_MISSING","NO_DECLARED_RAW_ARTIFACT_OR_RPC_RECEIPT","","","waste_recycling_rate_county","data/processed/waste_management/waste_recycling_rate_county/_manifest.json","docs/data-catalog/waste_management/waste_recycling_rate_county.md","","","","","unverified from source payload","Find the owning raw artifact/RPC and its version, license, freshness, null policy, and geometry contract; keep this layer ungrouped until then."
"statsWaterSupplyHistorical","供水普及率（2015 年，7 縣市）","SOURCE_MISSING","NO_DECLARED_RAW_ARTIFACT_OR_RPC_RECEIPT","","","water_supply_county_historical","data/processed/water_resources/water_supply_county_historical/_manifest.json","docs/data-catalog/water_resources/water_supply_county_historical.md","","","","","unverified from source payload","Find the owning raw artifact/RPC and its version, license, freshness, null policy, and geometry contract; keep this layer ungrouped until then."
"streetTreesNational","行道樹全國 Street Trees TW","READER_PENDING","DECLARED_DISPLAY_ASSET_NOT_VERIFIED_AS_COMPLETE_RAW_SOURCE","","","street_trees_national","data/processed/urban_open_space/street_trees_national/_manifest.json","docs/data-catalog/urban_open_space/street_trees_national.md","pmtiles:./urban/street_trees_national.pmtiles","absent","present","","unverified from source payload","Match this declared display asset to a versioned raw artifact or bounded RPC; verify license, observed/obtained time, nulls, coverage, and geometry before creating a shared reader."
"streetTreesTaipei3epoch","行道樹三時點 Street Tree 3-Epoch","READER_PENDING","DECLARED_DISPLAY_ASSET_NOT_VERIFIED_AS_COMPLETE_RAW_SOURCE","","","street_trees_taipei_3epoch","data/processed/urban_open_space/street_trees_taipei_3epoch/_manifest.json","docs/data-catalog/urban_open_space/street_trees_taipei_3epoch.md","pmtiles:./urban/street_trees_taipei_3epoch.pmtiles","absent","present","","unverified from source payload","Match this declared display asset to a versioned raw artifact or bounded RPC; verify license, observed/obtained time, nulls, coverage, and geometry before creating a shared reader."
"streetTreesTaipeiDiff","行道樹變化 Street Tree Diff","READER_PENDING","DECLARED_DISPLAY_ASSET_NOT_VERIFIED_AS_COMPLETE_RAW_SOURCE","","","street_trees_taipei_diff","data/processed/urban_open_space/street_trees_taipei_diff/_manifest.json","docs/data-catalog/urban_open_space/street_trees_taipei_diff.md","pmtiles:./urban/street_trees_taipei_diff.pmtiles","absent","present","","unverified from source payload","Match this declared display asset to a versioned raw artifact or bounded RPC; verify license, observed/obtained time, nulls, coverage, and geometry before creating a shared reader."
"substationEhvGlow","變電所 EHV Bloom 測試 ⚡✨","SOURCE_MISSING","NO_DECLARED_RAW_ARTIFACT_OR_RPC_RECEIPT","","","","","","","","","","unverified from source payload","Find the owning raw artifact/RPC and its version, license, freshness, null policy, and geometry contract; keep this layer ungrouped until then."
"taipeiEvacuate","北市疏散門 Evacuate Gate (TP)","SOURCE_MISSING","NO_DECLARED_RAW_ARTIFACT_OR_RPC_RECEIPT","declared-upstream:civil_defense_shelters","","civil_defense_shelters","data/processed/police_justice/civil_defense_shelters/_manifest.json","docs/data-catalog/police_justice/civil_defense_shelters.md","","","","","unverified from source payload","Find the owning raw artifact/RPC and its version, license, freshness, null policy, and geometry contract; keep this layer ungrouped until then."
"taipeiPumb","北市抽水站 Pump Station (TP)","SOURCE_MISSING","NO_DECLARED_RAW_ARTIFACT_OR_RPC_RECEIPT","","","pump_stations_wra","data/processed/water_resources/pump_stations_wra/_manifest.json","docs/data-catalog/water_resources/pump_stations_wra.md","","","","","unverified from source payload","Find the owning raw artifact/RPC and its version, license, freshness, null policy, and geometry contract; keep this layer ungrouped until then."
"taipeiSewer","北市下水道水位 Sewer (TP)","SOURCE_MISSING","NO_DECLARED_RAW_ARTIFACT_OR_RPC_RECEIPT","","","storm_drainage_pipes","","docs/data-catalog/water_resources/storm_drainage_pipes.md","","","","","unverified from source payload","Find the owning raw artifact/RPC and its version, license, freshness, null policy, and geometry contract; keep this layer ungrouped until then."
"temperatureGrid","溫度網格 Temperature Grid","SOURCE_MISSING","NO_DECLARED_RAW_ARTIFACT_OR_RPC_RECEIPT","declared-upstream:weather","","weather","","docs/data-catalog/weather/weather.md","","","","","unverified from source payload","Find the owning raw artifact/RPC and its version, license, freshness, null policy, and geometry contract; keep this layer ungrouped until then."
"temperatureWave","溫度波 Temperature Wave","SOURCE_MISSING","NO_DECLARED_RAW_ARTIFACT_OR_RPC_RECEIPT","declared-upstream:weather","","weather","","docs/data-catalog/weather/weather.md","","","","","unverified from source payload","Find the owning raw artifact/RPC and its version, license, freshness, null policy, and geometry contract; keep this layer ungrouped until then."
"touristShuttleLive","台灣好行 Tourist Shuttle","SOURCE_MISSING","NO_DECLARED_RAW_ARTIFACT_OR_RPC_RECEIPT","declared-upstream:bus_realtime","","bus_realtime","","docs/data-catalog/transportation/bus_realtime.md","","","","","unverified from source payload","Find the owning raw artifact/RPC and its version, license, freshness, null policy, and geometry contract; keep this layer ungrouped until then."
"townshipBoundary","鄉鎮市區界 Township","READER_PENDING","DECLARED_DISPLAY_ASSET_NOT_VERIFIED_AS_COMPLETE_RAW_SOURCE","","","township_boundary","data/processed/demographics/township_boundary/_manifest.json","docs/data-catalog/demographics/township_boundary.md","pmtiles:./base_map/township_boundary.pmtiles","absent","present","","unverified from source payload","Match this declared display asset to a versioned raw artifact or bounded RPC; verify license, observed/obtained time, nulls, coverage, and geometry before creating a shared reader."
"transitAlerts","交通阻斷 Transit Alerts","SOURCE_MISSING","NO_DECLARED_RAW_ARTIFACT_OR_RPC_RECEIPT","declared-upstream:ncdr_alerts","","ncdr_alerts","","docs/data-catalog/emergency_response/ncdr_alerts.md","","","","","unverified from source payload","Find the owning raw artifact/RPC and its version, license, freshness, null policy, and geometry contract; keep this layer ungrouped until then."
"treePitsTaipei","人行道樹穴 Tree Pits","READER_PENDING","DECLARED_DISPLAY_ASSET_NOT_VERIFIED_AS_COMPLETE_RAW_SOURCE","","","tree_pits_taipei","data/processed/urban_open_space/tree_pits_taipei/_manifest.json","docs/data-catalog/urban_open_space/tree_pits_taipei.md","pmtiles:./urban/tree_pits_taipei.pmtiles","absent","present","","unverified from source payload","Match this declared display asset to a versioned raw artifact or bounded RPC; verify license, observed/obtained time, nulls, coverage, and geometry before creating a shared reader."
"typhoonTracks","颱風軌跡 Typhoon Track","SOURCE_MISSING","NO_DECLARED_RAW_ARTIFACT_OR_RPC_RECEIPT","","","jma_typhoon_positions","data/processed/global_climate/typhoon/jma_typhoon_positions/_manifest.json","docs/data-catalog/global_climate/jma_typhoon_positions.md","","","","","unverified from source payload","Find the owning raw artifact/RPC and its version, license, freshness, null policy, and geometry contract; keep this layer ungrouped until then."
"urbanFormGrid","都市紋理網格 Urban Form","READER_PENDING","DECLARED_DISPLAY_ASSET_NOT_VERIFIED_AS_COMPLETE_RAW_SOURCE","","","urban_form_grid","data/processed/urban_composite/urban_form_grid/_manifest.json","docs/data-catalog/urban_composite/urban_form_grid.md","pmtiles:./urban/urban_form_grid_500m.pmtiles","absent","present","","unverified from source payload","Match this declared display asset to a versioned raw artifact or bounded RPC; verify license, observed/obtained time, nulls, coverage, and geometry before creating a shared reader."
"urbanHeat","都市熱島 Urban Heat","READER_PENDING","DECLARED_DISPLAY_ASSET_NOT_VERIFIED_AS_COMPLETE_RAW_SOURCE","","","urban_heat_lst","data/processed/environment/urban_heat_lst/_manifest.json","docs/data-catalog/environment/urban_heat_lst.md","pmtiles:./environment/urban_heat_lst_taiwan.pmtiles","absent","present","","unverified from source payload","Match this declared display asset to a versioned raw artifact or bounded RPC; verify license, observed/obtained time, nulls, coverage, and geometry before creating a shared reader."
"urbanZoningNewTaipei","新北土地使用分區 New Taipei Zoning","READER_PENDING","DECLARED_DISPLAY_ASSET_NOT_VERIFIED_AS_COMPLETE_RAW_SOURCE","","","urban_zoning_newtaipei","data/processed/urban_composite/urban_zoning_newtaipei/_manifest.json","docs/data-catalog/urban_composite/urban_zoning_newtaipei.md","pmtiles:./urban/urban_zoning_newtaipei.pmtiles","absent","present","","unverified from source payload","Match this declared display asset to a versioned raw artifact or bounded RPC; verify license, observed/obtained time, nulls, coverage, and geometry before creating a shared reader."
"vesselWatch","特殊船舶 Vessel Watch","SOURCE_MISSING","NO_DECLARED_RAW_ARTIFACT_OR_RPC_RECEIPT","declared-upstream:ship","","ship","data/processed/transportation/ship/_manifest.json","docs/data-catalog/transportation/ship.md","","","","","unverified from source payload","Find the owning raw artifact/RPC and its version, license, freshness, null policy, and geometry contract; keep this layer ungrouped until then."
"villageBoundary","村里界 Village","READER_PENDING","DECLARED_DISPLAY_ASSET_NOT_VERIFIED_AS_COMPLETE_RAW_SOURCE","","","village_boundary","data/processed/demographics/village_boundary/_manifest.json","docs/data-catalog/demographics/village_boundary.md","pmtiles:./base_map/village_boundary.pmtiles","absent","present","","unverified from source payload","Match this declared display asset to a versioned raw artifact or bounded RPC; verify license, observed/obtained time, nulls, coverage, and geometry before creating a shared reader."
"wasteCleaningSquads","清潔隊 Squads","SOURCE_MISSING","NO_DECLARED_RAW_ARTIFACT_OR_RPC_RECEIPT","","","waste_cleaning_squads","data/processed/waste_management/waste_cleaning_squads/_manifest.json","docs/data-catalog/waste_management/waste_cleaning_squads.md;docs/data-catalog/environment/waste_cleaning_squads.md","","","","","unverified from source payload","Find the owning raw artifact/RPC and its version, license, freshness, null policy, and geometry contract; keep this layer ungrouped until then."
"wasteRoute","wasteRoute","SOURCE_MISSING","NO_DECLARED_RAW_ARTIFACT_OR_RPC_RECEIPT","","","","","","","","","","unverified from source payload","Find the owning raw artifact/RPC and its version, license, freshness, null policy, and geometry contract; keep this layer ungrouped until then."
"wasteSchedule","垃圾車（表定） Schedule","SOURCE_MISSING","NO_DECLARED_RAW_ARTIFACT_OR_RPC_RECEIPT","declared-upstream:garbage_collection","","garbage_collection","data/processed/environment/garbage_collection/_manifest.json","docs/data-catalog/environment/garbage_collection.md","","","","","unverified from source payload","Find the owning raw artifact/RPC and its version, license, freshness, null policy, and geometry contract; keep this layer ungrouped until then."
"wasteScheduleNote","　└ 表定音符 Notes 🎵","SOURCE_MISSING","NO_DECLARED_RAW_ARTIFACT_OR_RPC_RECEIPT","","","waste_collection_routes","data/processed/waste_management/waste_collection_routes/_manifest.json","docs/data-catalog/waste_management/waste_collection_routes.md;docs/data-catalog/environment/waste_collection_routes.md","","","","","unverified from source payload","Find the owning raw artifact/RPC and its version, license, freshness, null policy, and geometry contract; keep this layer ungrouped until then."
"wasteStop","wasteStop","SOURCE_MISSING","NO_DECLARED_RAW_ARTIFACT_OR_RPC_RECEIPT","","","","","","","","","","unverified from source payload","Find the owning raw artifact/RPC and its version, license, freshness, null policy, and geometry contract; keep this layer ungrouped until then."
"wasteTruck","垃圾車 Truck (含音符)","SOURCE_MISSING","NO_DECLARED_RAW_ARTIFACT_OR_RPC_RECEIPT","declared-upstream:garbage_collection","","garbage_collection","data/processed/environment/garbage_collection/_manifest.json","docs/data-catalog/environment/garbage_collection.md","","","","","unverified from source payload","Find the owning raw artifact/RPC and its version, license, freshness, null policy, and geometry contract; keep this layer ungrouped until then."
"waterCanals","灌排渠道 Canal","READER_PENDING","DECLARED_DISPLAY_ASSET_NOT_VERIFIED_AS_COMPLETE_RAW_SOURCE","","","irrigation_canals","","docs/data-catalog/water_resources/irrigation_canals.md","pmtiles:./geo/water_canals.pmtiles","absent","present","","unverified from source payload","Match this declared display asset to a versioned raw artifact or bounded RPC; verify license, observed/obtained time, nulls, coverage, and geometry before creating a shared reader."
"waterFloodExtreme","淹水潛勢 Flood 650mm/24h","READER_PENDING","DECLARED_DISPLAY_ASSET_NOT_VERIFIED_AS_COMPLETE_RAW_SOURCE","","","flood_hazard_wra","data/processed/water_resources/flood_hazard_wra/_manifest.json","docs/data-catalog/water_resources/flood_hazard_wra.md","pmtiles:./geo/water_flood_extreme.pmtiles","absent","present","","unverified from source payload","Match this declared display asset to a versioned raw artifact or bounded RPC; verify license, observed/obtained time, nulls, coverage, and geometry before creating a shared reader."
"waterLevees","堤防 Levee","READER_PENDING","DECLARED_DISPLAY_ASSET_NOT_VERIFIED_AS_COMPLETE_RAW_SOURCE","","","river_levees_wra","","docs/data-catalog/water_resources/river_levees_wra.md","pmtiles:./geo/water_levees.pmtiles","absent","present","","unverified from source payload","Match this declared display asset to a versioned raw artifact or bounded RPC; verify license, observed/obtained time, nulls, coverage, and geometry before creating a shared reader."
"waterReservoirs","水庫 Reservoir","READER_PENDING","DECLARED_DISPLAY_ASSET_NOT_VERIFIED_AS_COMPLETE_RAW_SOURCE","","","reservoir_storage_wra","data/processed/water_resources/reservoir_storage_wra/_manifest.json","docs/data-catalog/water_resources/reservoir_storage_wra.md","geojson:./geo/water_dams.geojson;pmtiles:./geo/water_reservoirs.pmtiles","absent;absent","present;present","","unverified from source payload","Match this declared display asset to a versioned raw artifact or bounded RPC; verify license, observed/obtained time, nulls, coverage, and geometry before creating a shared reader."
"waterRivers","河川 River","READER_PENDING","DECLARED_DISPLAY_ASSET_NOT_VERIFIED_AS_COMPLETE_RAW_SOURCE","","","river_polygons_wra","","docs/data-catalog/water_resources/river_polygons_wra.md","pmtiles:./geo/water_river_polygons.pmtiles;pmtiles:./geo/water_rivers.pmtiles","absent;absent","present;present","","unverified from source payload","Match this declared display asset to a versioned raw artifact or bounded RPC; verify license, observed/obtained time, nulls, coverage, and geometry before creating a shared reader."
"wdBattery","電池回收 Battery","SOURCE_MISSING","NO_DECLARED_RAW_ARTIFACT_OR_RPC_RECEIPT","declared-upstream:waste_positions_realtime","","waste_positions_realtime","","docs/data-catalog/environment/waste_positions_realtime.md","","","","","unverified from source payload","Find the owning raw artifact/RPC and its version, license, freshness, null policy, and geometry contract; keep this layer ungrouped until then."
"wdClothes","衣物回收箱 Clothes","SOURCE_MISSING","NO_DECLARED_RAW_ARTIFACT_OR_RPC_RECEIPT","declared-upstream:waste_positions_realtime","","waste_positions_realtime","","docs/data-catalog/environment/waste_positions_realtime.md","","","","","unverified from source payload","Find the owning raw artifact/RPC and its version, license, freshness, null policy, and geometry contract; keep this layer ungrouped until then."
"wdMixed","混合投放點 Mixed","SOURCE_MISSING","NO_DECLARED_RAW_ARTIFACT_OR_RPC_RECEIPT","declared-upstream:waste_positions_realtime","","waste_positions_realtime","","docs/data-catalog/environment/waste_positions_realtime.md","","","","","unverified from source payload","Find the owning raw artifact/RPC and its version, license, freshness, null policy, and geometry contract; keep this layer ungrouped until then."
"wdRecyclingContainer","街頭資收桶 Container","SOURCE_MISSING","NO_DECLARED_RAW_ARTIFACT_OR_RPC_RECEIPT","declared-upstream:waste_positions_realtime","","waste_positions_realtime","","docs/data-catalog/environment/waste_positions_realtime.md","","","","","unverified from source payload","Find the owning raw artifact/RPC and its version, license, freshness, null policy, and geometry contract; keep this layer ungrouped until then."
"weatherAlerts","氣象特報 Weather Alerts","SOURCE_MISSING","NO_DECLARED_RAW_ARTIFACT_OR_RPC_RECEIPT","declared-upstream:ncdr_alerts","","ncdr_alerts","","docs/data-catalog/emergency_response/ncdr_alerts.md","","","","","unverified from source payload","Find the owning raw artifact/RPC and its version, license, freshness, null policy, and geometry contract; keep this layer ungrouped until then."
"wfIncinerator","焚化爐 Incinerator","SOURCE_MISSING","NO_DECLARED_RAW_ARTIFACT_OR_RPC_RECEIPT","declared-upstream:waste_facilities","","waste_facilities","data/processed/waste_management/waste_facilities/_manifest.json","docs/data-catalog/waste_management/waste_facilities.md;docs/data-catalog/environment/waste_facilities.md","","","","","unverified from source payload","Find the owning raw artifact/RPC and its version, license, freshness, null policy, and geometry contract; keep this layer ungrouped until then."
"wfLandfill","衛生掩埋場 Landfill","SOURCE_MISSING","NO_DECLARED_RAW_ARTIFACT_OR_RPC_RECEIPT","declared-upstream:waste_facilities","","waste_facilities","data/processed/waste_management/waste_facilities/_manifest.json","docs/data-catalog/waste_management/waste_facilities.md;docs/data-catalog/environment/waste_facilities.md","","","","","unverified from source payload","Find the owning raw artifact/RPC and its version, license, freshness, null policy, and geometry contract; keep this layer ungrouped until then."
"wfLandfillCoastal","濱海掩埋場 Coastal","SOURCE_MISSING","NO_DECLARED_RAW_ARTIFACT_OR_RPC_RECEIPT","declared-upstream:waste_facilities","","waste_facilities","data/processed/waste_management/waste_facilities/_manifest.json","docs/data-catalog/waste_management/waste_facilities.md;docs/data-catalog/environment/waste_facilities.md","","","","","unverified from source payload","Find the owning raw artifact/RPC and its version, license, freshness, null policy, and geometry contract; keep this layer ungrouped until then."
"wfMedical","醫療廢棄物 Medical","SOURCE_MISSING","NO_DECLARED_RAW_ARTIFACT_OR_RPC_RECEIPT","declared-upstream:waste_facilities","","waste_facilities","data/processed/waste_management/waste_facilities/_manifest.json","docs/data-catalog/waste_management/waste_facilities.md;docs/data-catalog/environment/waste_facilities.md","","","","","unverified from source payload","Find the owning raw artifact/RPC and its version, license, freshness, null policy, and geometry contract; keep this layer ungrouped until then."
"wfMonitoring","地下水監測井 Monitor","SOURCE_MISSING","NO_DECLARED_RAW_ARTIFACT_OR_RPC_RECEIPT","declared-upstream:waste_facilities","","waste_facilities","data/processed/waste_management/waste_facilities/_manifest.json","docs/data-catalog/waste_management/waste_facilities.md;docs/data-catalog/environment/waste_facilities.md","","","","","unverified from source payload","Find the owning raw artifact/RPC and its version, license, freshness, null policy, and geometry contract; keep this layer ungrouped until then."
"wfOther","其他事廢設施 Other","SOURCE_MISSING","NO_DECLARED_RAW_ARTIFACT_OR_RPC_RECEIPT","declared-upstream:waste_facilities","","waste_facilities","data/processed/waste_management/waste_facilities/_manifest.json","docs/data-catalog/waste_management/waste_facilities.md;docs/data-catalog/environment/waste_facilities.md","","","","","unverified from source payload","Find the owning raw artifact/RPC and its version, license, freshness, null policy, and geometry contract; keep this layer ungrouped until then."
"wfRecycling","資源回收廠 Recycling","SOURCE_MISSING","NO_DECLARED_RAW_ARTIFACT_OR_RPC_RECEIPT","declared-upstream:waste_facilities","","waste_facilities","data/processed/waste_management/waste_facilities/_manifest.json","docs/data-catalog/waste_management/waste_facilities.md;docs/data-catalog/environment/waste_facilities.md","","","","","unverified from source payload","Find the owning raw artifact/RPC and its version, license, freshness, null policy, and geometry contract; keep this layer ungrouped until then."
"wfScrapYard","廢車 / 廢金屬 Scrap","SOURCE_MISSING","NO_DECLARED_RAW_ARTIFACT_OR_RPC_RECEIPT","declared-upstream:waste_facilities","","waste_facilities","data/processed/waste_management/waste_facilities/_manifest.json","docs/data-catalog/waste_management/waste_facilities.md;docs/data-catalog/environment/waste_facilities.md","","","","","unverified from source payload","Find the owning raw artifact/RPC and its version, license, freshness, null policy, and geometry contract; keep this layer ungrouped until then."
"wfTransfer","轉運站 Transfer","SOURCE_MISSING","NO_DECLARED_RAW_ARTIFACT_OR_RPC_RECEIPT","declared-upstream:waste_facilities","","waste_facilities","data/processed/waste_management/waste_facilities/_manifest.json","docs/data-catalog/waste_management/waste_facilities.md;docs/data-catalog/environment/waste_facilities.md","","","","","unverified from source payload","Find the owning raw artifact/RPC and its version, license, freshness, null policy, and geometry contract; keep this layer ungrouped until then."
"windField","風場 Wind Field 10m","SOURCE_MISSING","NO_DECLARED_RAW_ARTIFACT_OR_RPC_RECEIPT","","","noaa_gfs_wind_forecast","data/processed/global_climate/atmosphere/noaa_gfs_wind_forecast/_manifest.json","docs/data-catalog/global_climate/noaa_gfs_wind_forecast.md","","","","","unverified from source payload","Find the owning raw artifact/RPC and its version, license, freshness, null policy, and geometry contract; keep this layer ungrouped until then."
"worldTrashDebris","垃圾與殘骸觀測 Trash & Debris Observations","READER_PENDING","DECLARED_DISPLAY_ASSET_NOT_VERIFIED_AS_COMPLETE_RAW_SOURCE","","","trash_debris_outerview","data/processed/world/trash_debris_outerview/_manifest.json","docs/data-catalog/world/trash_debris_outerview.md","custom:./world/trash_debris.geojson","present","present","","unverified from source payload","Match this declared display asset to a versioned raw artifact or bounded RPC; verify license, observed/obtained time, nulls, coverage, and geometry before creating a shared reader."
"youbikeFullness","YouBike 有車率 Fullness","SOURCE_MISSING","NO_DECLARED_RAW_ARTIFACT_OR_RPC_RECEIPT","","","youbike_baselines","data/processed/transportation/youbike_baselines/_manifest.json","docs/data-catalog/transportation/youbike_baselines.md","","","","","unverified from source payload","Find the owning raw artifact/RPC and its version, license, freshness, null policy, and geometry contract; keep this layer ungrouped until then."
