{"type": "FeatureCollection", "features": [{"type": "Feature", "properties": {"zoning_id": "Z0001", "zone_label": "公墓用地", "county": "臺北市", "area_ha": 3.91}, "geometry": {"type": "MultiPolygon", "coordinates": [[[[121.593936, 25.087397], [121.594072, 25.087332], [121.594243, 25.087328], [121.594681, 25.087452], [121.595066, 25.087489], [121.595446, 25.087471], [121.59587, 25.087395], [121.596234, 25.087262], [121.596598, 25.087077], [121.596601, 25.087076], [121.596749, 25.086886], [121.596741, 25.086828], [121.596568, 25.086727], [121.596518, 25.086667], [121.596416, 25.0866], [121.596232, 25.086502], [121.596084, 25.086332], [121.596067, 25.086275], [121.596071, 25.086239], [121.595897, 25.086065], [121.595821, 25.086035], [121.5957, 25.086024], [121.595532, 25.086015], [121.595329, 25.086003], [121.595321, 25.086046], [121.595179, 25.085874], [121.594911, 25.085603], [121.594836, 25.085508], [121.59466, 25.085683], [121.594689, 25.085728], [121.594741, 25.085765], [121.594747, 25.08577], [121.594754, 25.085784], [121.594754, 25.085799], [121.594746, 25.085813], [121.594465, 25.086139], [121.594285, 25.086353], [121.594282, 25.086357], [121.594276, 25.086364], [121.594145, 25.086326], [121.593577, 25.087238], [121.593595, 25.08727], [121.593696, 25.087434], [121.593756, 25.087425], [121.593865, 25.087457], [121.593936, 25.087397]]]]}}, {"type": "Feature", "properties": {"zoning_id": "Z0002", "zone_label": "公墓用地", "county": "臺北市", "area_ha": 0.872}, "geometry": {"type": "MultiPolygon", "coordinates": [[[[121.596634, 25.087127], [121.596598, 25.087077], [121.596234, 25.087262], [121.59587, 25.087395], [121.595446, 25.087471], [121.595066, 25.087489], [121.594681, 25.087452], [121.594243, 25.087328], [121.594072, 25.087332], [121.593936, 25.087397], [121.593865, 25.087457], [121.594286, 25.087581], [121.594413, 25.087647], [121.594622, 25.087727], [121.59486, 25.087816], [121.594978, 25.087887], [121.595071, 25.087986], [121.595114, 25.088015], [121.595206, 25.087994], [121.595277, 25.087971], [121.595341, 25.087848], [121.595486, 25.087837], [121.595675, 25.087848], [121.595735, 25.087719], [121.595696, 25.087677], [121.595727, 25.087601], [121.595962, 25.087532], [121.596076, 25.087492], [121.596362, 25.087457], [121.596481, 25.087371], [121.596571, 25.087262], [121.596645, 25.087229], [121.596668, 25.087244], [121.596709, 25.087234], [121.596634, 25.087127]]]]}}, {"type": "Feature", "properties": {"zoning_id": "Z0003", "zone_label": "公墓用地", "county": "臺北市", "area_ha": 0.05}, "geometry": {"type": "MultiPolygon", "coordinates": [[[[121.596718, 25.087231], [121.596762, 25.08722], [121.596864, 25.087145], [121.596794, 25.087051], [121.596753, 25.086924], [121.596752, 25.086911], [121.596749, 25.086886], [121.596728, 25.086913], [121.596601, 25.087076], [121.596598, 25.087077], [121.596634, 25.087127], [121.596709, 25.087234], [121.59671, 25.087234], [121.596718, 25.087231]]]]}}, {"type": "Feature", "properties": {"zoning_id": "Z0004", "zone_label": "軍人公墓用地", "county": "臺北市", "area_ha": 23.584}, "geometry": {"type": "MultiPolygon", "coordinates": [[[[121.61271, 25.035408], [121.612684, 25.035315], [121.612563, 25.034872], [121.612475, 25.034777], [121.612289, 25.034619], [121.612206, 25.03455], [121.612051, 25.034452], [121.612018, 25.034432], [121.611586, 25.034436], [121.611372, 25.034438], [121.610573, 25.034447], [121.610487, 25.034442], [121.610472, 25.034439], [121.610448, 25.034434], [121.610445, 25.034433], [121.610396, 25.034424], [121.610321, 25.034398], [121.610292, 25.034384], [121.610245, 25.03436], [121.61024, 25.034358], [121.610236, 25.034354], [121.610219, 25.034344], [121.610201, 25.034331], [121.610173, 25.034311], [121.610134, 25.034274], [121.610113, 25.034254], [121.610098, 25.034237], [121.610067, 25.034198], [121.610024, 25.034125], [121.610001, 25.03407], [121.609962, 25.033959], [121.609928, 25.03386], [121.609321, 25.034527], [121.60923, 25.034457], [121.60953, 25.034127], [121.608565, 25.03446], [121.608475, 25.03449], [121.607807, 25.034721], [121.607334, 25.034883], [121.607176, 25.034938], [121.607284, 25.035212], [121.606643, 25.035546], [121.606266, 25.035742], [121.606352, 25.035877], [121.606034, 25.036093], [121.605825, 25.036236], [121.605426, 25.0368], [121.606226, 25.037176], [121.606445, 25.03728], [121.607273, 25.037673], [121.607585, 25.037765], [121.608128, 25.037927], [121.608254, 25.037964], [121.60878, 25.037952], [121.610119, 25.03792], [121.610488, 25.037912], [121.610793, 25.038043], [121.611631, 25.038405], [121.611699, 25.038434], [121.612252, 25.038469], [121.61283, 25.038108], [121.612744, 25.037526], [121.612705, 25.037249], [121.61234, 25.036963], [121.612168, 25.036828], [121.61169, 25.036453], [121.611878, 25.036233], [121.612298, 25.035741], [121.61232, 25.035509], [121.612563, 25.03567], [121.612578, 25.03568], [121.612717, 25.035434], [121.61271, 25.035408]]]]}}, {"type": "Feature", "properties": {"zoning_id": "Z0005", "zone_label": "殯儀館用地", "county": "臺北市", "area_ha": 2.129}, "geometry": {"type": "MultiPolygon", "coordinates": [[[[121.535057, 25.063754], [121.535086, 25.063779], [121.535549, 25.063766], [121.536703, 25.063735], [121.53668, 25.062631], [121.536622, 25.062581], [121.535544, 25.06261], [121.535415, 25.062614], [121.535024, 25.062625], [121.535057, 25.063754]]]]}}, {"type": "Feature", "properties": {"zoning_id": "Z0006", "zone_label": "公墓用地", "county": "臺北市", "area_ha": 59.087}, "geometry": {"type": "MultiPolygon", "coordinates": [[[[121.526339, 25.142587], [121.526497, 25.142586], [121.526682, 25.142501], [121.526702, 25.142499], [121.526857, 25.142586], [121.527106, 25.142586], [121.527115, 25.142571], [121.527117, 25.142569], [121.527143, 25.142527], [121.527144, 25.142526], [121.527222, 25.142497], [121.527651, 25.142342], [121.527788, 25.142292], [121.527922, 25.142241], [121.52792, 25.142207], [121.527649, 25.141933], [121.526895, 25.141171], [121.526536, 25.141046], [121.526374, 25.140904], [121.526139, 25.140245], [121.526162, 25.140189], [121.526165, 25.140146], [121.526233, 25.140133], [121.526236, 25.140094], [121.526169, 25.140032], [121.526118, 25.139963], [121.526096, 25.139976], [121.525978, 25.13988], [121.525951, 25.139908], [121.525904, 25.139874], [121.525914, 25.139845], [121.525884, 25.139817], [121.525972, 25.13968], [121.525918, 25.13963], [121.525983, 25.13957], [121.525852, 25.139448], [121.525749, 25.139378], [121.525756, 25.13934], [121.525694, 25.139334], [121.52562, 25.139516], [121.52548, 25.139506], [121.525383, 25.139516], [121.525366, 25.139456], [121.525394, 25.139388], [121.525431, 25.139332], [121.525462, 25.139214], [121.525467, 25.139209], [121.525485, 25.139194], [121.525536, 25.139209], [121.52559, 25.139179], [121.525641, 25.139196], [121.525709, 25.139115], [121.52556, 25.139042], [121.525692, 25.138888], [121.525656, 25.138861], [121.526023, 25.138449], [121.526048, 25.138455], [121.526164, 25.138368], [121.526194, 25.138387], [121.52624, 25.138391], [121.526287, 25.138349], [121.526326, 25.138344], [121.526355, 25.138314], [121.526361, 25.138268], [121.526381, 25.138246], [121.526361, 25.138219], [121.526396, 25.138162], [121.526447, 25.138099], [121.525961, 25.138127], [121.525653, 25.138271], [121.525485, 25.138314], [121.525346, 25.138349], [121.525176, 25.13839], [121.524846, 25.138437], [121.524522, 25.138501], [121.524122, 25.138563], [121.5238, 25.13858], [121.523742, 25.138499], [121.52374, 25.138492], [121.523762, 25.138444], [121.523807, 25.138452], [121.52386, 25.138337], [121.523899, 25.138348], [121.523907, 25.13833], [121.523953, 25.138339], [121.523987, 25.138227], [121.523944, 25.13821], [121.523976, 25.137959], [121.524023, 25.137959], [121.524047, 25.137925], [121.52413, 25.13792], [121.524145, 25.137836], [121.52418, 25.137822], [121.524203, 25.137752], [121.52424, 25.137746], [121.524299, 25.137703], [121.524251, 25.137637], [121.524339, 25.13751], [121.524041, 25.136982], [121.524223, 25.137], [121.524353, 25.13702], [121.524468, 25.13705], [121.524485, 25.136725], [121.52439, 25.136631], [121.524398, 25.136562], [121.524386, 25.136548], [121.524397, 25.136519], [121.524509, 25.136187], [121.52485, 25.136348], [121.524872, 25.136275], [121.524912, 25.136257], [121.524891, 25.136023], [121.524941, 25.13576], [121.525076, 25.135498], [121.525006, 25.13545], [121.524942, 25.135401], [121.524854, 25.135319], [121.52438, 25.134938], [121.524181, 25.134818], [121.524148, 25.134936], [121.524113, 25.134989], [121.524071, 25.135035], [121.524063, 25.135119], [121.523974, 25.135259], [121.523951, 25.135262], [121.5239, 25.135266], [121.523823, 25.135299], [121.523637, 25.135334], [121.523606, 25.135332], [121.523679, 25.135187], [121.523696, 25.135138], [121.523804, 25.134836], [121.523833, 25.134677], [121.523829, 25.13452], [121.523787, 25.134284], [121.52375, 25.134213], [121.52366, 25.134066], [121.523651, 25.133953], [121.523609, 25.133825], [121.523586, 25.133799], [121.523531, 25.133738], [121.523504, 25.133708], [121.523422, 25.1338], [121.523094, 25.134164], [121.522879, 25.133802], [121.5228, 25.133669], [121.522847, 25.133601], [121.522845, 25.133473], [121.522818, 25.133429], [121.522839, 25.133365], [121.522856, 25.133336], [121.522808, 25.13316], [121.522911, 25.133032], [121.522101, 25.132983], [121.522094, 25.133011], [121.522002, 25.133156], [121.521988, 25.133157], [121.52195, 25.133159], [121.522047, 25.132915], [121.521941, 25.132871], [121.52192, 25.132761], [121.521928, 25.132629], [121.521986, 25.132374], [121.521786, 25.132352], [121.521777, 25.132394], [121.52175, 25.13241], [121.521732, 25.132421], [121.52169, 25.132447], [121.521664, 25.132474], [121.521603, 25.132537], [121.521545, 25.132597], [121.521481, 25.132663], [121.521363, 25.132698], [121.521337, 25.132797], [121.521311, 25.132892], [121.521283, 25.132999], [121.521255, 25.133108], [121.521236, 25.133179], [121.52117, 25.13321], [121.521112, 25.133238], [121.520831, 25.133371], [121.520766, 25.13284], [121.520778, 25.1326], [121.520816, 25.132538], [121.520255, 25.132441], [121.519805, 25.132537], [121.519674, 25.132504], [121.518896, 25.132307], [121.518454, 25.132335], [121.518073, 25.132624], [121.5179, 25.132605], [121.517769, 25.132959], [121.51773, 25.132967], [121.517731, 25.133109], [121.517698, 25.133207], [121.517662, 25.133265], [121.517618, 25.133317], [121.517415, 25.133301], [121.517285, 25.132806], [121.517168, 25.132826], [121.517155, 25.132752], [121.51708, 25.132793], [121.51707, 25.132858], [121.517105, 25.132885], [121.517092, 25.132958], [121.517007, 25.133033], [121.516946, 25.133102], [121.516947, 25.133253], [121.51689, 25.133334], [121.516823, 25.133472], [121.516666, 25.133421], [121.516706, 25.133357], [121.516645, 25.133152], [121.516828, 25.133092], [121.516857, 25.13294], [121.516433, 25.133207], [121.5164, 25.133254], [121.516358, 25.133643], [121.516286, 25.13373], [121.516292, 25.133771], [121.516314, 25.133825], [121.516319, 25.133837], [121.516331, 25.133886], [121.516355, 25.133947], [121.516347, 25.134065], [121.516348, 25.134105], [121.516335, 25.134119], [121.516347, 25.13417], [121.51638, 25.134207], [121.51642, 25.134254], [121.516389, 25.134357], [121.516381, 25.134416], [121.516387, 25.134553], [121.516367, 25.134675], [121.516353, 25.134759], [121.516404, 25.135065], [121.516518, 25.135091], [121.516531, 25.135156], [121.516598, 25.135222], [121.516708, 25.135163], [121.516769, 25.135151], [121.516803, 25.135188], [121.516815, 25.135233], [121.517109, 25.135186], [121.517132, 25.135202], [121.517184, 25.135237], [121.517384, 25.135371], [121.517562, 25.135166], [121.517583, 25.135053], [121.517578, 25.134954], [121.517653, 25.134842], [121.517701, 25.134777], [121.517804, 25.134751], [121.517891, 25.134719], [121.517937, 25.134678], [121.51809, 25.134623], [121.518098, 25.134636], [121.518199, 25.134802], [121.518381, 25.134933], [121.518465, 25.134925], [121.518535, 25.134939], [121.518666, 25.135021], [121.518689, 25.135064], [121.5188, 25.135079], [121.518951, 25.135027], [121.519061, 25.13507], [121.519088, 25.135112], [121.519098, 25.135128], [121.519178, 25.13517], [121.519212, 25.135213], [121.519257, 25.135224], [121.519243, 25.13531], [121.519271, 25.135341], [121.519367, 25.135167], [121.519401, 25.135145], [121.519436, 25.135175], [121.519597, 25.135078], [121.519646, 25.135123], [121.519686, 25.13514], [121.51977, 25.135176], [121.519777, 25.135192], [121.519686, 25.135296], [121.519657, 25.135331], [121.519686, 25.135331], [121.519778, 25.135332], [121.519764, 25.135366], [121.519775, 25.135531], [121.519796, 25.135595], [121.51982, 25.135652], [121.519927, 25.135754], [121.519689, 25.135894], [121.519494, 25.136008], [121.519041, 25.13607], [121.518987, 25.136153], [121.51894, 25.136197], [121.518871, 25.136216], [121.518852, 25.136252], [121.518849, 25.136276], [121.518782, 25.136225], [121.518669, 25.136222], [121.518183, 25.135878], [121.518083, 25.135887], [121.518081, 25.135917], [121.518103, 25.136357], [121.517682, 25.136639], [121.517552, 25.136726], [121.517556, 25.136819], [121.517635, 25.136783], [121.51766, 25.136803], [121.517828, 25.13678], [121.517829, 25.13682], [121.51787, 25.136832], [121.517941, 25.136966], [121.517967, 25.136972], [121.517991, 25.136988], [121.518033, 25.136956], [121.518127, 25.137133], [121.518332, 25.13726], [121.518423, 25.137231], [121.518553, 25.137285], [121.518578, 25.137435], [121.51867, 25.137402], [121.518731, 25.137462], [121.518699, 25.137534], [121.518682, 25.137615], [121.518816, 25.13769], [121.518866, 25.137703], [121.518955, 25.137667], [121.519006, 25.137739], [121.519149, 25.137806], [121.519008, 25.137928], [121.518984, 25.137949], [121.519327, 25.13819], [121.519451, 25.138196], [121.519501, 25.138193], [121.519633, 25.138281], [121.519678, 25.138153], [121.519698, 25.138132], [121.519735, 25.138094], [121.519769, 25.138128], [121.519841, 25.138151], [121.519893, 25.138163], [121.519927, 25.138187], [121.519986, 25.138201], [121.520018, 25.138221], [121.52007, 25.138256], [121.520074, 25.138283], [121.520093, 25.138289], [121.52014, 25.138329], [121.520093, 25.138377], [121.520098, 25.138414], [121.52009, 25.13847], [121.52006, 25.138499], [121.519995, 25.138517], [121.519963, 25.138518], [121.519941, 25.138538], [121.519899, 25.138575], [121.519806, 25.138589], [121.519799, 25.138636], [121.51972, 25.138648], [121.519718, 25.138649], [121.519719, 25.138653], [121.51973, 25.138704], [121.519701, 25.13876], [121.51969, 25.138781], [121.519453, 25.139231], [121.519371, 25.139386], [121.521106, 25.140181], [121.526339, 25.142587]], [[121.52526, 25.140173], [121.525251, 25.140157], [121.525266, 25.14007], [121.525302, 25.139936], [121.525396, 25.139942], [121.525496, 25.139968], [121.525525, 25.139995], [121.525514, 25.140182], [121.525467, 25.140174], [121.525393, 25.140167], [121.525334, 25.140167], [121.52526, 25.140173]]]]}}, {"type": "Feature", "properties": {"zoning_id": "Z0007", "zone_label": "殯葬設施用地", "county": "臺北市", "area_ha": 2.26}, "geometry": {"type": "MultiPolygon", "coordinates": [[[[121.551994, 25.01417], [121.552314, 25.014495], [121.552433, 25.014409], [121.552633, 25.014248], [121.553031, 25.013881], [121.553547, 25.013405], [121.553485, 25.013354], [121.553615, 25.013237], [121.553579, 25.013206], [121.553389, 25.013041], [121.552896, 25.012616], [121.552938, 25.012415], [121.552954, 25.012338], [121.552987, 25.012182], [121.55299, 25.012169], [121.55299, 25.01216], [121.552995, 25.011864], [121.55299, 25.01185], [121.552911, 25.011755], [121.552907, 25.011844], [121.552886, 25.012268], [121.552886, 25.012284], [121.552833, 25.01234], [121.552532, 25.012668], [121.552252, 25.012967], [121.55225, 25.013231], [121.551639, 25.013808], [121.551887, 25.01406], [121.551888, 25.014062], [121.551921, 25.014094], [121.551993, 25.014169], [121.551994, 25.01417]]]]}}, {"type": "Feature", "properties": {"zoning_id": "Z0008", "zone_label": "殯葬設施用地", "county": "臺北市", "area_ha": 0.554}, "geometry": {"type": "MultiPolygon", "coordinates": [[[[121.553459, 25.011918], [121.553396, 25.011897], [121.553382, 25.011922], [121.553349, 25.011849], [121.553325, 25.011829], [121.55332, 25.011815], [121.553289, 25.011807], [121.553262, 25.011783], [121.553235, 25.011769], [121.553204, 25.011767], [121.553056, 25.011743], [121.552996, 25.011795], [121.552995, 25.011864], [121.55299, 25.01216], [121.55299, 25.012169], [121.552987, 25.012182], [121.552954, 25.012338], [121.552938, 25.012415], [121.552896, 25.012616], [121.553389, 25.013041], [121.553459, 25.011918]]]]}}, {"type": "Feature", "properties": {"zoning_id": "Z0009", "zone_label": "殯葬設施用地", "county": "臺北市", "area_ha": 0.095}, "geometry": {"type": "MultiPolygon", "coordinates": [[[[121.55344, 25.011872], [121.553451, 25.011835], [121.553448, 25.011786], [121.553453, 25.011723], [121.553451, 25.011678], [121.553451, 25.011671], [121.553429, 25.011652], [121.553419, 25.011644], [121.552969, 25.011643], [121.552916, 25.011643], [121.552913, 25.011713], [121.552911, 25.011755], [121.55299, 25.01185], [121.552995, 25.011864], [121.552996, 25.011795], [121.553056, 25.011743], [121.553204, 25.011767], [121.553235, 25.011769], [121.553262, 25.011783], [121.553289, 25.011807], [121.55332, 25.011815], [121.553325, 25.011829], [121.553349, 25.011849], [121.553382, 25.011922], [121.553396, 25.011897], [121.553459, 25.011918], [121.55344, 25.011872]]]]}}, {"type": "Feature", "properties": {"zoning_id": "Z0010", "zone_label": "殯葬設施用地", "county": "臺北市", "area_ha": 0.149}, "geometry": {"type": "MultiPolygon", "coordinates": [[[[121.552969, 25.011643], [121.552922, 25.011529], [121.552916, 25.011507], [121.552859, 25.011523], [121.552817, 25.011423], [121.552764, 25.011296], [121.552741, 25.011237], [121.552749, 25.011215], [121.552809, 25.011289], [121.552819, 25.011301], [121.552839, 25.011413], [121.552898, 25.011435], [121.552912, 25.011296], [121.552869, 25.011216], [121.552901, 25.011171], [121.552615, 25.010988], [121.552614, 25.011029], [121.552604, 25.01103], [121.552601, 25.011029], [121.552564, 25.011102], [121.552621, 25.011237], [121.552631, 25.011291], [121.552688, 25.011359], [121.552729, 25.011461], [121.552736, 25.01145], [121.552766, 25.011519], [121.55274, 25.011532], [121.552744, 25.011577], [121.552776, 25.011657], [121.552822, 25.011731], [121.552854, 25.011719], [121.552907, 25.011844], [121.552911, 25.011755], [121.552913, 25.011713], [121.552916, 25.011643], [121.552969, 25.011643]]]]}}, {"type": "Feature", "properties": {"zoning_id": "Z0011", "zone_label": "公墓用地", "county": "臺北市", "area_ha": 73.803}, "geometry": {"type": "MultiPolygon", "coordinates": [[[[121.582127, 25.012647], [121.582578, 25.012725], [121.585628, 25.013245], [121.587512, 25.013374], [121.588264, 25.013481], [121.59051, 25.014074], [121.590931, 25.014185], [121.591441, 25.014375], [121.59234, 25.014708], [121.592954, 25.014537], [121.593852, 25.014855], [121.595422, 25.015631], [121.596474, 25.015172], [121.5971, 25.014352], [121.597321, 25.014062], [121.597222, 25.013941], [121.597233, 25.013711], [121.597368, 25.013515], [121.597363, 25.013186], [121.597023, 25.012538], [121.596778, 25.012338], [121.596771, 25.01228], [121.596669, 25.012113], [121.596327, 25.011547], [121.596115, 25.011443], [121.596018, 25.01136], [121.595937, 25.011476], [121.595871, 25.011505], [121.595953, 25.011776], [121.595982, 25.011801], [121.596015, 25.011955], [121.596057, 25.012168], [121.595979, 25.01226], [121.595869, 25.012326], [121.595735, 25.012338], [121.595495, 25.01231], [121.595305, 25.012305], [121.595176, 25.012328], [121.595144, 25.012347], [121.595097, 25.012352], [121.595057, 25.012321], [121.595017, 25.012208], [121.594945, 25.012047], [121.594851, 25.011959], [121.594771, 25.011912], [121.594722, 25.011887], [121.594717, 25.01168], [121.59463, 25.011646], [121.594497, 25.011648], [121.593557, 25.012006], [121.593308, 25.012069], [121.593049, 25.011992], [121.59305, 25.011951], [121.593012, 25.011726], [121.592867, 25.011704], [121.592788, 25.011696], [121.592574, 25.011664], [121.592512, 25.011712], [121.592431, 25.011677], [121.592422, 25.01146], [121.592259, 25.011398], [121.5923, 25.011319], [121.592443, 25.011118], [121.592371, 25.011094], [121.592301, 25.011044], [121.59227, 25.010942], [121.592255, 25.010815], [121.592126, 25.010622], [121.592069, 25.010647], [121.591938, 25.010523], [121.592165, 25.010347], [121.592137, 25.010181], [121.592163, 25.01009], [121.591604, 25.010437], [121.591499, 25.010498], [121.591395, 25.010544], [121.591213, 25.010594], [121.591111, 25.010689], [121.591079, 25.01076], [121.591012, 25.010849], [121.59096, 25.010885], [121.590878, 25.010883], [121.590752, 25.010853], [121.590671, 25.010825], [121.590651, 25.010772], [121.59065, 25.010689], [121.590666, 25.010563], [121.590628, 25.010479], [121.590599, 25.010402], [121.590604, 25.010304], [121.590627, 25.010228], [121.590643, 25.010186], [121.590675, 25.010136], [121.590733, 25.010074], [121.590726, 25.010002], [121.590663, 25.009881], [121.590087, 25.009938], [121.590006, 25.00996], [121.589932, 25.009993], [121.5898, 25.01015], [121.589773, 25.010195], [121.589699, 25.010242], [121.589588, 25.010273], [121.589465, 25.010288], [121.589403, 25.010286], [121.588854, 25.010489], [121.588721, 25.010127], [121.588657, 25.010164], [121.588548, 25.010026], [121.588548, 25.009927], [121.588251, 25.00991], [121.588226, 25.009905], [121.588224, 25.009796], [121.588213, 25.009465], [121.588275, 25.009137], [121.588287, 25.00888], [121.588269, 25.008793], [121.588159, 25.008647], [121.588007, 25.008446], [121.588299, 25.008262], [121.588327, 25.008139], [121.5884, 25.007887], [121.588472, 25.007635], [121.588486, 25.007541], [121.588089, 25.007047], [121.588114, 25.006903], [121.588251, 25.006902], [121.588512, 25.007026], [121.589064, 25.007], [121.589566, 25.00693], [121.589636, 25.006932], [121.589705, 25.006954], [121.589914, 25.006741], [121.589299, 25.00644], [121.589073, 25.006438], [121.587293, 25.006428], [121.587447, 25.006886], [121.586489, 25.006717], [121.585957, 25.005927], [121.585957, 25.005934], [121.585947, 25.006013], [121.585946, 25.006017], [121.585883, 25.006103], [121.585858, 25.006096], [121.585828, 25.00609], [121.585794, 25.006085], [121.585748, 25.006081], [121.585713, 25.006083], [121.585685, 25.006087], [121.585662, 25.006092], [121.585652, 25.006097], [121.585619, 25.006116], [121.585588, 25.006136], [121.585548, 25.006169], [121.585518, 25.006199], [121.585491, 25.006233], [121.585451, 25.006154], [121.585018, 25.006575], [121.584907, 25.007006], [121.585016, 25.007489], [121.586042, 25.00888], [121.58594, 25.00898], [121.585705, 25.009211], [121.585702, 25.009209], [121.5857, 25.00921], [121.585445, 25.009045], [121.585444, 25.009044], [121.585292, 25.009024], [121.585187, 25.00901], [121.585064, 25.008993], [121.585064, 25.008994], [121.585061, 25.008994], [121.584596, 25.009641], [121.584383, 25.009657], [121.584251, 25.009521], [121.584538, 25.009154], [121.584347, 25.008986], [121.584332, 25.008973], [121.583981, 25.008948], [121.583805, 25.008419], [121.583226, 25.007575], [121.582554, 25.007592], [121.582137, 25.007602], [121.581985, 25.007678], [121.58198, 25.007681], [121.581979, 25.007682], [121.582302, 25.008097], [121.582247, 25.008411], [121.582033, 25.008541], [121.582022, 25.008593], [121.582411, 25.008993], [121.582448, 25.009032], [121.58256, 25.00926], [121.582521, 25.009495], [121.581841, 25.010016], [121.581848, 25.01028], [121.581849, 25.010351], [121.581849, 25.010714], [121.581842, 25.011078], [121.581826, 25.011441], [121.581803, 25.011803], [121.581772, 25.012166], [121.581733, 25.012527], [121.581729, 25.012561], [121.582127, 25.012647]]]]}}, {"type": "Feature", "properties": {"zoning_id": "Z0012", "zone_label": "公墓用地", "county": "臺北市", "area_ha": 11.282}, "geometry": {"type": "MultiPolygon", "coordinates": [[[[121.581841, 25.010016], [121.581839, 25.010018], [121.581598, 25.010203], [121.581346, 25.010253], [121.581098, 25.010249], [121.58088, 25.010246], [121.580796, 25.009801], [121.580953, 25.009399], [121.580665, 25.009], [121.580425, 25.008668], [121.579353, 25.008777], [121.579093, 25.009006], [121.578357, 25.009656], [121.578371, 25.010384], [121.578268, 25.011111], [121.578727, 25.012025], [121.580765, 25.012352], [121.580961, 25.012394], [121.581729, 25.012561], [121.581733, 25.012527], [121.581741, 25.012457], [121.581779, 25.012095], [121.581808, 25.011732], [121.58183, 25.01137], [121.581844, 25.011006], [121.58185, 25.010643], [121.581848, 25.01028], [121.581841, 25.010016]]]]}}, {"type": "Feature", "properties": {"zoning_id": "Z0013", "zone_label": "墓地用地", "county": "新北市", "area_ha": 0.008}, "geometry": {"type": "MultiPolygon", "coordinates": [[[[121.480508, 24.989286], [121.480783, 24.989342], [121.480838, 24.989354], [121.480878, 24.989362], [121.480882, 24.989363], [121.480863, 24.989339], [121.480856, 24.98933], [121.480848, 24.989321], [121.480848, 24.98932], [121.480477, 24.989279], [121.480489, 24.989282], [121.480508, 24.989286]]]]}}, {"type": "Feature", "properties": {"zoning_id": "Z0014", "zone_label": "墓地用地", "county": "新北市", "area_ha": 9.378}, "geometry": {"type": "MultiPolygon", "coordinates": [[[[121.478814, 24.990321], [121.478638, 24.990436], [121.478619, 24.990449], [121.478375, 24.990609], [121.478355, 24.990622], [121.477975, 24.990872], [121.477935, 24.990899], [121.477858, 24.990949], [121.47766, 24.990912], [121.477641, 24.990908], [121.477569, 24.990895], [121.477193, 24.990824], [121.477059, 24.990799], [121.476872, 24.990763], [121.476874, 24.990767], [121.476886, 24.990782], [121.476889, 24.990787], [121.476898, 24.990799], [121.47704, 24.990903], [121.477047, 24.990905], [121.477141, 24.990931], [121.477161, 24.990936], [121.477202, 24.990948], [121.477264, 24.990996], [121.477327, 24.991044], [121.477529, 24.991154], [121.477548, 24.991165], [121.477577, 24.991214], [121.477587, 24.991231], [121.47763, 24.991306], [121.477777, 24.991449], [121.477926, 24.991589], [121.477958, 24.991614], [121.477966, 24.991619], [121.478083, 24.991708], [121.478093, 24.991715], [121.47812, 24.991736], [121.47823, 24.991833], [121.478225, 24.991853], [121.478211, 24.991911], [121.478207, 24.991927], [121.478202, 24.991948], [121.478201, 24.991949], [121.478193, 24.991957], [121.478182, 24.991967], [121.478145, 24.992002], [121.478045, 24.992096], [121.478044, 24.992098], [121.478038, 24.992115], [121.478016, 24.992171], [121.478054, 24.992316], [121.47814, 24.992387], [121.478183, 24.992423], [121.478338, 24.99245], [121.478393, 24.992478], [121.478534, 24.992547], [121.478677, 24.992726], [121.478695, 24.992748], [121.478701, 24.992756], [121.478758, 24.992907], [121.47885, 24.993048], [121.478875, 24.99306], [121.478906, 24.993075], [121.478934, 24.993087], [121.478935, 24.993088], [121.478967, 24.993101], [121.478998, 24.993114], [121.47903, 24.993127], [121.479062, 24.993139], [121.479095, 24.993151], [121.479112, 24.993156], [121.479128, 24.993162], [121.479161, 24.993172], [121.479194, 24.993182], [121.479227, 24.993192], [121.479261, 24.9932], [121.479285, 24.993207], [121.479294, 24.993209], [121.479328, 24.993217], [121.479362, 24.993224], [121.479396, 24.993231], [121.47943, 24.993237], [121.479464, 24.993243], [121.479499, 24.993248], [121.479533, 24.993252], [121.479568, 24.993256], [121.479581, 24.993258], [121.479602, 24.99326], [121.479637, 24.993263], [121.479664, 24.993265], [121.479718, 24.993266], [121.480197, 24.99328], [121.4802, 24.99328], [121.480184, 24.993238], [121.480108, 24.993069], [121.48008, 24.99294], [121.48004, 24.992896], [121.479948, 24.992831], [121.479726, 24.992725], [121.479672, 24.992646], [121.479722, 24.992563], [121.47981, 24.992516], [121.479945, 24.992425], [121.479976, 24.992375], [121.480038, 24.992352], [121.48018, 24.992389], [121.480221, 24.9924], [121.480246, 24.992407], [121.480394, 24.992447], [121.480491, 24.992438], [121.480514, 24.992436], [121.480528, 24.992435], [121.48054, 24.992434], [121.480725, 24.992559], [121.480925, 24.992723], [121.481047, 24.992823], [121.481101, 24.99283], [121.481111, 24.992832], [121.481112, 24.992827], [121.481113, 24.992824], [121.481172, 24.992633], [121.481173, 24.992633], [121.481174, 24.992631], [121.481297, 24.99249], [121.48132, 24.992463], [121.481357, 24.992405], [121.481417, 24.992357], [121.481452, 24.992328], [121.481453, 24.992328], [121.481454, 24.992327], [121.481474, 24.992267], [121.481456, 24.99218], [121.481384, 24.992129], [121.481256, 24.992104], [121.480817, 24.992278], [121.480761, 24.992272], [121.480701, 24.992226], [121.480649, 24.992151], [121.480588, 24.991777], [121.480513, 24.991724], [121.480483, 24.991703], [121.480473, 24.991696], [121.480331, 24.991669], [121.48024, 24.991652], [121.480211, 24.991647], [121.480128, 24.991632], [121.480068, 24.991573], [121.479952, 24.991358], [121.479893, 24.991306], [121.479857, 24.991274], [121.479812, 24.991235], [121.479778, 24.991205], [121.479696, 24.991132], [121.479632, 24.991075], [121.479602, 24.991043], [121.479595, 24.991035], [121.479581, 24.99102], [121.47937, 24.990795], [121.479377, 24.99076], [121.479392, 24.990676], [121.479392, 24.990673], [121.479447, 24.99067], [121.479509, 24.990688], [121.479561, 24.990672], [121.47972, 24.99069], [121.479764, 24.990695], [121.47984, 24.990704], [121.479988, 24.990694], [121.480001, 24.990696], [121.480179, 24.990713], [121.480323, 24.990756], [121.480343, 24.990762], [121.480552, 24.990793], [121.480568, 24.990784], [121.480602, 24.990765], [121.4807, 24.99071], [121.480825, 24.990639], [121.480933, 24.990642], [121.480962, 24.990643], [121.480995, 24.990644], [121.481085, 24.990675], [121.481119, 24.990687], [121.481176, 24.990706], [121.481194, 24.990707], [121.481329, 24.990714], [121.481342, 24.990705], [121.481357, 24.990694], [121.481422, 24.990646], [121.481467, 24.990638], [121.481605, 24.990613], [121.481642, 24.990568], [121.481643, 24.990481], [121.481666, 24.990409], [121.481659, 24.990393], [121.481648, 24.990368], [121.481641, 24.99035], [121.48163, 24.990324], [121.481463, 24.990281], [121.481325, 24.990229], [121.481274, 24.99021], [121.481229, 24.990193], [121.481188, 24.990177], [121.481077, 24.990144], [121.481058, 24.990138], [121.481032, 24.99013], [121.480958, 24.990196], [121.480782, 24.990266], [121.48065, 24.990311], [121.480639, 24.990315], [121.48063, 24.990318], [121.480571, 24.990251], [121.480579, 24.990235], [121.480615, 24.990157], [121.480617, 24.990155], [121.480619, 24.990152], [121.480647, 24.99013], [121.480729, 24.990062], [121.48074, 24.990052], [121.480806, 24.989911], [121.480811, 24.989901], [121.480756, 24.989853], [121.480723, 24.989824], [121.480713, 24.989727], [121.480715, 24.989715], [121.480717, 24.989705], [121.480749, 24.989557], [121.480758, 24.989515], [121.480783, 24.989489], [121.480786, 24.989487], [121.480785, 24.989486], [121.480815, 24.989456], [121.480886, 24.989402], [121.480901, 24.98939], [121.480904, 24.989389], [121.480883, 24.989364], [121.480882, 24.989363], [121.480477, 24.989279], [121.48023, 24.989235], [121.480182, 24.989216], [121.480135, 24.989196], [121.480005, 24.989141], [121.479865, 24.989025], [121.479834, 24.989], [121.479806, 24.988977], [121.479579, 24.988876], [121.479366, 24.988744], [121.479337, 24.988727], [121.479308, 24.988723], [121.479149, 24.988706], [121.479146, 24.988706], [121.479142, 24.988708], [121.478957, 24.988813], [121.478958, 24.988815], [121.478979, 24.988841], [121.479093, 24.988986], [121.479112, 24.98901], [121.479169, 24.989082], [121.479448, 24.989437], [121.479568, 24.98959], [121.479565, 24.989593], [121.479099, 24.990055], [121.478888, 24.990269], [121.478881, 24.990276], [121.478849, 24.990297], [121.478824, 24.990314], [121.478814, 24.990321]]]]}}, {"type": "Feature", "properties": {"zoning_id": "Z0015", "zone_label": "墓地用地", "county": "新北市", "area_ha": 22.164}, "geometry": {"type": "MultiPolygon", "coordinates": [[[[121.493377, 24.976522], [121.4933, 24.976556], [121.493144, 24.976646], [121.493037, 24.976679], [121.492758, 24.976648], [121.492659, 24.976615], [121.492642, 24.976589], [121.492571, 24.976558], [121.492536, 24.976572], [121.492533, 24.975852], [121.492533, 24.975817], [121.492434, 24.975837], [121.492421, 24.975839], [121.492397, 24.975844], [121.49234, 24.975855], [121.492253, 24.975816], [121.492245, 24.975812], [121.492029, 24.975717], [121.492014, 24.97571], [121.492013, 24.97571], [121.491886, 24.975736], [121.491853, 24.975742], [121.491495, 24.975815], [121.491159, 24.975999], [121.491141, 24.976009], [121.491085, 24.976039], [121.490516, 24.976331], [121.490503, 24.976338], [121.490126, 24.976531], [121.489799, 24.976625], [121.48978, 24.97663], [121.489614, 24.976678], [121.4896, 24.976682], [121.489415, 24.976735], [121.489282, 24.976773], [121.489262, 24.976778], [121.488991, 24.976935], [121.48899, 24.976936], [121.488986, 24.976938], [121.488982, 24.97694], [121.488978, 24.976942], [121.488974, 24.976944], [121.48897, 24.976946], [121.488966, 24.976948], [121.488962, 24.97695], [121.488957, 24.976952], [121.488953, 24.976953], [121.488949, 24.976955], [121.488944, 24.976957], [121.48894, 24.976958], [121.488935, 24.97696], [121.488931, 24.976961], [121.488927, 24.976962], [121.488922, 24.976964], [121.488918, 24.976965], [121.488913, 24.976966], [121.488908, 24.976967], [121.488904, 24.976968], [121.488899, 24.976969], [121.488895, 24.976969], [121.48889, 24.97697], [121.488885, 24.976971], [121.488881, 24.976971], [121.488876, 24.976972], [121.488871, 24.976972], [121.488867, 24.976973], [121.488862, 24.976973], [121.488857, 24.976973], [121.488853, 24.976973], [121.488848, 24.976973], [121.488843, 24.976973], [121.488839, 24.976973], [121.488834, 24.976973], [121.488829, 24.976973], [121.488824, 24.976972], [121.48882, 24.976972], [121.488815, 24.976972], [121.48881, 24.976971], [121.488806, 24.97697], [121.488801, 24.97697], [121.488797, 24.976969], [121.488792, 24.976968], [121.488787, 24.976967], [121.488783, 24.976966], [121.488778, 24.976965], [121.488774, 24.976964], [121.488769, 24.976963], [121.488765, 24.976962], [121.48876, 24.97696], [121.488756, 24.976959], [121.488751, 24.976957], [121.488747, 24.976956], [121.488743, 24.976954], [121.488738, 24.976952], [121.488734, 24.976951], [121.48873, 24.976949], [121.488726, 24.976947], [121.488721, 24.976945], [121.48872, 24.976944], [121.488655, 24.976912], [121.488617, 24.976894], [121.488443, 24.976809], [121.488424, 24.976799], [121.488413, 24.976794], [121.488395, 24.976785], [121.488363, 24.97677], [121.488361, 24.976768], [121.488355, 24.976766], [121.48835, 24.976764], [121.488344, 24.976761], [121.488339, 24.976759], [121.488333, 24.976757], [121.488328, 24.976755], [121.488322, 24.976753], [121.488317, 24.976751], [121.488311, 24.976749], [121.488305, 24.976747], [121.488299, 24.976746], [121.488294, 24.976744], [121.488288, 24.976743], [121.488282, 24.976741], [121.488276, 24.97674], [121.48827, 24.976739], [121.488264, 24.976738], [121.488258, 24.976737], [121.488252, 24.976736], [121.488246, 24.976735], [121.48824, 24.976734], [121.488234, 24.976734], [121.488228, 24.976733], [121.488222, 24.976733], [121.488216, 24.976732], [121.48821, 24.976732], [121.488204, 24.976732], [121.488198, 24.976732], [121.488192, 24.976732], [121.488186, 24.976732], [121.48818, 24.976733], [121.488174, 24.976733], [121.488168, 24.976733], [121.488162, 24.976734], [121.488156, 24.976735], [121.48815, 24.976735], [121.488144, 24.976736], [121.488138, 24.976737], [121.488132, 24.976738], [121.488126, 24.976739], [121.48812, 24.97674], [121.488114, 24.976742], [121.488109, 24.976743], [121.488103, 24.976745], [121.488097, 24.976746], [121.488091, 24.976748], [121.488085, 24.97675], [121.48808, 24.976751], [121.488074, 24.976753], [121.488069, 24.976755], [121.488063, 24.976758], [121.488057, 24.97676], [121.488052, 24.976762], [121.488046, 24.976765], [121.488041, 24.976767], [121.488036, 24.97677], [121.48803, 24.976772], [121.488025, 24.976775], [121.48802, 24.976778], [121.488015, 24.976781], [121.48801, 24.976784], [121.488005, 24.976787], [121.488, 24.97679], [121.487995, 24.976793], [121.48799, 24.976796], [121.487985, 24.9768], [121.487981, 24.976803], [121.487976, 24.976807], [121.487971, 24.97681], [121.487967, 24.976814], [121.487962, 24.976818], [121.487958, 24.976821], [121.487954, 24.976825], [121.487949, 24.976829], [121.487945, 24.976833], [121.487941, 24.976837], [121.487937, 24.976841], [121.487933, 24.976846], [121.487932, 24.976848], [121.48793, 24.97685], [121.487926, 24.976854], [121.487922, 24.976859], [121.487919, 24.976863], [121.487915, 24.976868], [121.487912, 24.976872], [121.487908, 24.976877], [121.487905, 24.976881], [121.487902, 24.976886], [121.487899, 24.976891], [121.487897, 24.976894], [121.487896, 24.976896], [121.487893, 24.9769], [121.48789, 24.976905], [121.487888, 24.97691], [121.487885, 24.976915], [121.487883, 24.97692], [121.48788, 24.976925], [121.487878, 24.97693], [121.487876, 24.976936], [121.487874, 24.976941], [121.487872, 24.976946], [121.48787, 24.976951], [121.487868, 24.976956], [121.487866, 24.976962], [121.487865, 24.976967], [121.487863, 24.976972], [121.487787, 24.977248], [121.487689, 24.977615], [121.487652, 24.97775], [121.487625, 24.978226], [121.487625, 24.978228], [121.487624, 24.978239], [121.487624, 24.978251], [121.487624, 24.978262], [121.487624, 24.978273], [121.487625, 24.978285], [121.487625, 24.978296], [121.487626, 24.978307], [121.487627, 24.978319], [121.487628, 24.97833], [121.48763, 24.978341], [121.487631, 24.978353], [121.487633, 24.978364], [121.487635, 24.978375], [121.487638, 24.978386], [121.48764, 24.978397], [121.487643, 24.978408], [121.487646, 24.978419], [121.487649, 24.97843], [121.487651, 24.978438], [121.487658, 24.97846], [121.487712, 24.978644], [121.487947, 24.978655], [121.488117, 24.97861], [121.488127, 24.978607], [121.488447, 24.978597], [121.488458, 24.978597], [121.488473, 24.978597], [121.488488, 24.978597], [121.488503, 24.978597], [121.488518, 24.978598], [121.488532, 24.978598], [121.488547, 24.978599], [121.488562, 24.978601], [121.488577, 24.978602], [121.488591, 24.978604], [121.488606, 24.978606], [121.488621, 24.978608], [121.488635, 24.97861], [121.48865, 24.978613], [121.488664, 24.978616], [121.488679, 24.978619], [121.488693, 24.978622], [121.488707, 24.978626], [121.488722, 24.97863], [121.488728, 24.978631], [121.488734, 24.978633], [121.488748, 24.978637], [121.488763, 24.978642], [121.488777, 24.978647], [121.488791, 24.978652], [121.488805, 24.978657], [121.488819, 24.978662], [121.488833, 24.978668], [121.488846, 24.978674], [121.48886, 24.97868], [121.488873, 24.978686], [121.488886, 24.978693], [121.4889, 24.9787], [121.488913, 24.978707], [121.488923, 24.978712], [121.488959, 24.978733], [121.488961, 24.978734], [121.488963, 24.978735], [121.488965, 24.978736], [121.488966, 24.978737], [121.488968, 24.978737], [121.48897, 24.978738], [121.488972, 24.978739], [121.488974, 24.97874], [121.488976, 24.978741], [121.488978, 24.978741], [121.48898, 24.978742], [121.488982, 24.978743], [121.488984, 24.978743], [121.488986, 24.978744], [121.488988, 24.978745], [121.48899, 24.978745], [121.488992, 24.978746], [121.488995, 24.978746], [121.488997, 24.978747], [121.488999, 24.978747], [121.489001, 24.978747], [121.489003, 24.978748], [121.489005, 24.978748], [121.489007, 24.978748], [121.489009, 24.978749], [121.489011, 24.978749], [121.489014, 24.978749], [121.489016, 24.978749], [121.489018, 24.978749], [121.48902, 24.978749], [121.489022, 24.978749], [121.489024, 24.978749], [121.489026, 24.978749], [121.489029, 24.978749], [121.489031, 24.978749], [121.489033, 24.978749], [121.489035, 24.978749], [121.489037, 24.978749], [121.489039, 24.978749], [121.489041, 24.978748], [121.489044, 24.978748], [121.489046, 24.978748], [121.489048, 24.978747], [121.48905, 24.978747], [121.489052, 24.978746], [121.489054, 24.978746], [121.489056, 24.978746], [121.489058, 24.978745], [121.48906, 24.978744], [121.489062, 24.978744], [121.489064, 24.978743], [121.489066, 24.978743], [121.489068, 24.978742], [121.48907, 24.978741], [121.489072, 24.97874], [121.489074, 24.97874], [121.489076, 24.978739], [121.489078, 24.978738], [121.48908, 24.978737], [121.489082, 24.978736], [121.489084, 24.978735], [121.489086, 24.978734], [121.489088, 24.978733], [121.489089, 24.978732], [121.489091, 24.978731], [121.489093, 24.97873], [121.489095, 24.978729], [121.489097, 24.978728], [121.489098, 24.978727], [121.4891, 24.978725], [121.489102, 24.978724], [121.489103, 24.978723], [121.489105, 24.978722], [121.489107, 24.97872], [121.489108, 24.978719], [121.48911, 24.978718], [121.489111, 24.978716], [121.489112, 24.978715], [121.48922, 24.978614], [121.489275, 24.978595], [121.489287, 24.97859], [121.489308, 24.978584], [121.489328, 24.978578], [121.489348, 24.978572], [121.489369, 24.978566], [121.489389, 24.978561], [121.48941, 24.978556], [121.48943, 24.978551], [121.489451, 24.978547], [121.489472, 24.978543], [121.489493, 24.978539], [121.489514, 24.978536], [121.489535, 24.978533], [121.489556, 24.978531], [121.489578, 24.978528], [121.489599, 24.978526], [121.48962, 24.978525], [121.489641, 24.978524], [121.489663, 24.978523], [121.489684, 24.978522], [121.489705, 24.978522], [121.489727, 24.978522], [121.489748, 24.978522], [121.489769, 24.978523], [121.489791, 24.978524], [121.489812, 24.978526], [121.489833, 24.978528], [121.489854, 24.97853], [121.489875, 24.978532], [121.489897, 24.978535], [121.489918, 24.978538], [121.489939, 24.978542], [121.489959, 24.978545], [121.48998, 24.978549], [121.490001, 24.978554], [121.490022, 24.978559], [121.490036, 24.978562], [121.490042, 24.978564], [121.490054, 24.978567], [121.490063, 24.978569], [121.490083, 24.978575], [121.490103, 24.978581], [121.490124, 24.978588], [121.490144, 24.978594], [121.490163, 24.978601], [121.490183, 24.978609], [121.490185, 24.97861], [121.49019, 24.978611], [121.490195, 24.978614], [121.4902, 24.978616], [121.490206, 24.978618], [121.490211, 24.978621], [121.490216, 24.978623], [121.490221, 24.978626], [121.490226, 24.978628], [121.490231, 24.978631], [121.490236, 24.978634], [121.490241, 24.978637], [121.490245, 24.97864], [121.49025, 24.978643], [121.490255, 24.978646], [121.490259, 24.978649], [121.490264, 24.978652], [121.490268, 24.978656], [121.490273, 24.978659], [121.490277, 24.978663], [121.490281, 24.978666], [121.490285, 24.97867], [121.49029, 24.978673], [121.490294, 24.978677], [121.490298, 24.978681], [121.490302, 24.978685], [121.490305, 24.978689], [121.490309, 24.978693], [121.490313, 24.978697], [121.490317, 24.978701], [121.49032, 24.978705], [121.490323, 24.978709], [121.490327, 24.978714], [121.49033, 24.978718], [121.490333, 24.978722], [121.490336, 24.978727], [121.49034, 24.978731], [121.490342, 24.978736], [121.490345, 24.97874], [121.490348, 24.978745], [121.490351, 24.97875], [121.490353, 24.978754], [121.490356, 24.978759], [121.490357, 24.978762], [121.490358, 24.978764], [121.490361, 24.978769], [121.490363, 24.978773], [121.490365, 24.978778], [121.490367, 24.978783], [121.490369, 24.978788], [121.490371, 24.978793], [121.490373, 24.978798], [121.490374, 24.978803], [121.490376, 24.978808], [121.490377, 24.978813], [121.490379, 24.978819], [121.49038, 24.978824], [121.490381, 24.978829], [121.490382, 24.978834], [121.490383, 24.978839], [121.490384, 24.978844], [121.490385, 24.97885], [121.490385, 24.978855], [121.490386, 24.97886], [121.490387, 24.978865], [121.490387, 24.978871], [121.490387, 24.978876], [121.490387, 24.978881], [121.490387, 24.978886], [121.490387, 24.978892], [121.490387, 24.978897], [121.490387, 24.978898], [121.490382, 24.979024], [121.490382, 24.979038], [121.490382, 24.979039], [121.490382, 24.979043], [121.490382, 24.979047], [121.490382, 24.979051], [121.490382, 24.979055], [121.490382, 24.97906], [121.490382, 24.979064], [121.490383, 24.979068], [121.490383, 24.979072], [121.490384, 24.979076], [121.490384, 24.97908], [121.490385, 24.979084], [121.490386, 24.979088], [121.490387, 24.979092], [121.490388, 24.979096], [121.490388, 24.9791], [121.49039, 24.979104], [121.490391, 24.979108], [121.490392, 24.979112], [121.490393, 24.979116], [121.490395, 24.97912], [121.490396, 24.979123], [121.490398, 24.979127], [121.490399, 24.979131], [121.490401, 24.979135], [121.490402, 24.979139], [121.490404, 24.979142], [121.490406, 24.979146], [121.490408, 24.97915], [121.49041, 24.979153], [121.490412, 24.979157], [121.490414, 24.979161], [121.490417, 24.979164], [121.490419, 24.979168], [121.490421, 24.979171], [121.490424, 24.979175], [121.490426, 24.979178], [121.490429, 24.979181], [121.490431, 24.979185], [121.490434, 24.979188], [121.490437, 24.979191], [121.49044, 24.979194], [121.490442, 24.979197], [121.490581, 24.979347], [121.490585, 24.979352], [121.49059, 24.979357], [121.490594, 24.979362], [121.490598, 24.979366], [121.490602, 24.979371], [121.490606, 24.979377], [121.490609, 24.979382], [121.490613, 24.979387], [121.490615, 24.979391], [121.490637, 24.979427], [121.490654, 24.979466], [121.490655, 24.97947], [121.490657, 24.979476], [121.490659, 24.979482], [121.49066, 24.979488], [121.490662, 24.979494], [121.490663, 24.9795], [121.490665, 24.979506], [121.490666, 24.979512], [121.490667, 24.979518], [121.490668, 24.979524], [121.490669, 24.97953], [121.49067, 24.979536], [121.490671, 24.979542], [121.490671, 24.979548], [121.490672, 24.979554], [121.490672, 24.97956], [121.490672, 24.979567], [121.490672, 24.979568], [121.490672, 24.979572], [121.490672, 24.979578], [121.490672, 24.979585], [121.490672, 24.979591], [121.490671, 24.979597], [121.490671, 24.979603], [121.49067, 24.979609], [121.490669, 24.979615], [121.490669, 24.979622], [121.490668, 24.979628], [121.490667, 24.979634], [121.490665, 24.97964], [121.490664, 24.979646], [121.490663, 24.979652], [121.490661, 24.979658], [121.490661, 24.979659], [121.490657, 24.97967], [121.490656, 24.979676], [121.490654, 24.979682], [121.490652, 24.979687], [121.490569, 24.979909], [121.490557, 24.979942], [121.490548, 24.979958], [121.490545, 24.979963], [121.4905, 24.980042], [121.490495, 24.98005], [121.490453, 24.980125], [121.49044, 24.980147], [121.490428, 24.980278], [121.490428, 24.980284], [121.490419, 24.980378], [121.490419, 24.98057], [121.490419, 24.980581], [121.490419, 24.980584], [121.490419, 24.980585], [121.490419, 24.980588], [121.490419, 24.980592], [121.490419, 24.980595], [121.490419, 24.980599], [121.49042, 24.980602], [121.49042, 24.980605], [121.49042, 24.980609], [121.490421, 24.980612], [121.490422, 24.980616], [121.490422, 24.980619], [121.490423, 24.980622], [121.490424, 24.980626], [121.490424, 24.980629], [121.490425, 24.980632], [121.490426, 24.980636], [121.490427, 24.980639], [121.490428, 24.980642], [121.49043, 24.980646], [121.490431, 24.980649], [121.490432, 24.980652], [121.490433, 24.980655], [121.490435, 24.980659], [121.490436, 24.980662], [121.490438, 24.980665], [121.490439, 24.980668], [121.490441, 24.980671], [121.490443, 24.980674], [121.490444, 24.980677], [121.490446, 24.98068], [121.490448, 24.980683], [121.49045, 24.980686], [121.490452, 24.980689], [121.490454, 24.980692], [121.490456, 24.980695], [121.490458, 24.980698], [121.490461, 24.980701], [121.490463, 24.980703], [121.490465, 24.980706], [121.490467, 24.980709], [121.49047, 24.980711], [121.490472, 24.980714], [121.490475, 24.980717], [121.490477, 24.980719], [121.49048, 24.980722], [121.490483, 24.980724], [121.490485, 24.980727], [121.490488, 24.980729], [121.490491, 24.980731], [121.490494, 24.980733], [121.490497, 24.980736], [121.4905, 24.980738], [121.490503, 24.98074], [121.490506, 24.980742], [121.490509, 24.980744], [121.490512, 24.980746], [121.490515, 24.980748], [121.490518, 24.98075], [121.490521, 24.980752], [121.490524, 24.980754], [121.490528, 24.980755], [121.490531, 24.980757], [121.490534, 24.980759], [121.490538, 24.98076], [121.490541, 24.980762], [121.490544, 24.980763], [121.490545, 24.980763], [121.490669, 24.980815], [121.490678, 24.980819], [121.490695, 24.980826], [121.490863, 24.980897], [121.49089, 24.980912], [121.490931, 24.980935], [121.491184, 24.981074], [121.491349, 24.981147], [121.491506, 24.981198], [121.491702, 24.981285], [121.491703, 24.981286], [121.491723, 24.9813], [121.491756, 24.981322], [121.491774, 24.981335], [121.491819, 24.981366], [121.491946, 24.981453], [121.491989, 24.981482], [121.492008, 24.981495], [121.492043, 24.981519], [121.492058, 24.981529], [121.492261, 24.981665], [121.492357, 24.981705], [121.492662, 24.981802], [121.49298, 24.98186], [121.493019, 24.981869], [121.493079, 24.981887], [121.493215, 24.981938], [121.493375, 24.981999], [121.493468, 24.982027], [121.493511, 24.982041], [121.493649, 24.982106], [121.493683, 24.982122], [121.493684, 24.982123], [121.493704, 24.98203], [121.493712, 24.981995], [121.493721, 24.981951], [121.493728, 24.981918], [121.493736, 24.98177], [121.493741, 24.981666], [121.493742, 24.981643], [121.493741, 24.981632], [121.49374, 24.98162], [121.493738, 24.981605], [121.493737, 24.98159], [121.493737, 24.981574], [121.493736, 24.981559], [121.493736, 24.981543], [121.493736, 24.981528], [121.493736, 24.981512], [121.493737, 24.981497], [121.493738, 24.981481], [121.493739, 24.981466], [121.493741, 24.98145], [121.493743, 24.981435], [121.493745, 24.98142], [121.493747, 24.981404], [121.49375, 24.981389], [121.493753, 24.981374], [121.493756, 24.981359], [121.49376, 24.981344], [121.49376, 24.981342], [121.493763, 24.981333], [121.493764, 24.981328], [121.493768, 24.981313], [121.493773, 24.981299], [121.493777, 24.981284], [121.493782, 24.981269], [121.493788, 24.981254], [121.493793, 24.98124], [121.493799, 24.981225], [121.493805, 24.981211], [121.493812, 24.981196], [121.493819, 24.981182], [121.493825, 24.981168], [121.493827, 24.981164], [121.493879, 24.981064], [121.493898, 24.981027], [121.493899, 24.981025], [121.493902, 24.981018], [121.493905, 24.981011], [121.493908, 24.981005], [121.493911, 24.980998], [121.493914, 24.980991], [121.493917, 24.980984], [121.493919, 24.980977], [121.493922, 24.98097], [121.493924, 24.980963], [121.493926, 24.980956], [121.493928, 24.980949], [121.49393, 24.980941], [121.493932, 24.980934], [121.493933, 24.980927], [121.493935, 24.98092], [121.493936, 24.980912], [121.493937, 24.980905], [121.493938, 24.980898], [121.493939, 24.980891], [121.49394, 24.980883], [121.493941, 24.980876], [121.493941, 24.980868], [121.493941, 24.980861], [121.493941, 24.980854], [121.493942, 24.980846], [121.493941, 24.980839], [121.493941, 24.980832], [121.493941, 24.980824], [121.49394, 24.980817], [121.49394, 24.98081], [121.493939, 24.980802], [121.493938, 24.980795], [121.493937, 24.980788], [121.493936, 24.98078], [121.493934, 24.980773], [121.493933, 24.980766], [121.493931, 24.980759], [121.49393, 24.980753], [121.493929, 24.980752], [121.493927, 24.980744], [121.493925, 24.980737], [121.493923, 24.98073], [121.493922, 24.980728], [121.493883, 24.980607], [121.493838, 24.98055], [121.493826, 24.980536], [121.493746, 24.980436], [121.49366, 24.980351], [121.493625, 24.980316], [121.493613, 24.980312], [121.493588, 24.980305], [121.493586, 24.980304], [121.493582, 24.980303], [121.49358, 24.980302], [121.493573, 24.9803], [121.493567, 24.980298], [121.49356, 24.980297], [121.493554, 24.980295], [121.493547, 24.980294], [121.493541, 24.980293], [121.493534, 24.980291], [121.493527, 24.98029], [121.493521, 24.980289], [121.493514, 24.980288], [121.493507, 24.980288], [121.4935, 24.980287], [121.493494, 24.980286], [121.493487, 24.980286], [121.49348, 24.980286], [121.493473, 24.980285], [121.493467, 24.980285], [121.49346, 24.980285], [121.493453, 24.980285], [121.493446, 24.980285], [121.493439, 24.980286], [121.493433, 24.980286], [121.493426, 24.980287], [121.493419, 24.980287], [121.493412, 24.980288], [121.493406, 24.980289], [121.493399, 24.98029], [121.493392, 24.980291], [121.493386, 24.980292], [121.493379, 24.980293], [121.493372, 24.980294], [121.493366, 24.980296], [121.493359, 24.980298], [121.493353, 24.980299], [121.493346, 24.980301], [121.49334, 24.980303], [121.493333, 24.980305], [121.493327, 24.980307], [121.493321, 24.980309], [121.493314, 24.980311], [121.493308, 24.980314], [121.493302, 24.980316], [121.493296, 24.980319], [121.493274, 24.980328], [121.493273, 24.980328], [121.493273, 24.980329], [121.493272, 24.980329], [121.493271, 24.980329], [121.49327, 24.98033], [121.493269, 24.98033], [121.493268, 24.98033], [121.493267, 24.980331], [121.493266, 24.980331], [121.493265, 24.980331], [121.493264, 24.980331], [121.493263, 24.980331], [121.493262, 24.980332], [121.493261, 24.980332], [121.49326, 24.980332], [121.493259, 24.980332], [121.493258, 24.980332], [121.493257, 24.980332], [121.493256, 24.980332], [121.493255, 24.980332], [121.493254, 24.980332], [121.493253, 24.980332], [121.493252, 24.980332], [121.493251, 24.980332], [121.49325, 24.980332], [121.493249, 24.980332], [121.493248, 24.980332], [121.493247, 24.980332], [121.493246, 24.980332], [121.493245, 24.980331], [121.493244, 24.980331], [121.493243, 24.980331], [121.493242, 24.980331], [121.493241, 24.980331], [121.49324, 24.98033], [121.493239, 24.98033], [121.493238, 24.98033], [121.493237, 24.980329], [121.493236, 24.980329], [121.493235, 24.980329], [121.493234, 24.980328], [121.493233, 24.980328], [121.493232, 24.980327], [121.493231, 24.980327], [121.49323, 24.980326], [121.493229, 24.980326], [121.493228, 24.980325], [121.493227, 24.980325], [121.493226, 24.980324], [121.493225, 24.980323], [121.493224, 24.980323], [121.493224, 24.980322], [121.493223, 24.980322], [121.493223, 24.980321], [121.493222, 24.980321], [121.493221, 24.98032], [121.49322, 24.980319], [121.493219, 24.980318], [121.493218, 24.980317], [121.493217, 24.980316], [121.493216, 24.980315], [121.493215, 24.980314], [121.493215, 24.980313], [121.493214, 24.980312], [121.493213, 24.980311], [121.493213, 24.98031], [121.493212, 24.98031], [121.493212, 24.980309], [121.493212, 24.980308], [121.493211, 24.980308], [121.493211, 24.980307], [121.493211, 24.980306], [121.49321, 24.980306], [121.49321, 24.980305], [121.49321, 24.980304], [121.493209, 24.980303], [121.493209, 24.980302], [121.493209, 24.980301], [121.493208, 24.980301], [121.493208, 24.9803], [121.493208, 24.980299], [121.493208, 24.980298], [121.493208, 24.980297], [121.493207, 24.980296], [121.493207, 24.980295], [121.493207, 24.980294], [121.493207, 24.980293], [121.493207, 24.980292], [121.493207, 24.980291], [121.493207, 24.98029], [121.493207, 24.980289], [121.493207, 24.980288], [121.493207, 24.980287], [121.493207, 24.980286], [121.493207, 24.980285], [121.493207, 24.980284], [121.493207, 24.980283], [121.493208, 24.980282], [121.493208, 24.980281], [121.493208, 24.98028], [121.493208, 24.980279], [121.493208, 24.980278], [121.493209, 24.980278], [121.493209, 24.980277], [121.493209, 24.980276], [121.493209, 24.980275], [121.49321, 24.980275], [121.49321, 24.980274], [121.493231, 24.980226], [121.49326, 24.980158], [121.493271, 24.980132], [121.493411, 24.979808], [121.493346, 24.979688], [121.493339, 24.979675], [121.493315, 24.979631], [121.493237, 24.979487], [121.49323, 24.979473], [121.493084, 24.979202], [121.493045, 24.97913], [121.49303, 24.979103], [121.492961, 24.978973], [121.49293, 24.978917], [121.49293, 24.978916], [121.492928, 24.978914], [121.492927, 24.978911], [121.492925, 24.978909], [121.492924, 24.978906], [121.492922, 24.978904], [121.49292, 24.978901], [121.492919, 24.978899], [121.492917, 24.978896], [121.492915, 24.978894], [121.492913, 24.978891], [121.492911, 24.978889], [121.492909, 24.978887], [121.492907, 24.978884], [121.492905, 24.978882], [121.492903, 24.97888], [121.492901, 24.978878], [121.492899, 24.978876], [121.492897, 24.978873], [121.492894, 24.978871], [121.492892, 24.978869], [121.49289, 24.978867], [121.492887, 24.978865], [121.492885, 24.978863], [121.492882, 24.978862], [121.49288, 24.97886], [121.492877, 24.978858], [121.492875, 24.978856], [121.492872, 24.978854], [121.49287, 24.978853], [121.492867, 24.978851], [121.492864, 24.978849], [121.492862, 24.978848], [121.492859, 24.978846], [121.492856, 24.978845], [121.492853, 24.978843], [121.49285, 24.978842], [121.492848, 24.978841], [121.492845, 24.978839], [121.492842, 24.978838], [121.492839, 24.978837], [121.492836, 24.978836], [121.492833, 24.978835], [121.49283, 24.978834], [121.492827, 24.978833], [121.492824, 24.978832], [121.492821, 24.978831], [121.492818, 24.97883], [121.492815, 24.978829], [121.492812, 24.978828], [121.492808, 24.978828], [121.492805, 24.978827], [121.492802, 24.978826], [121.492799, 24.978826], [121.492796, 24.978825], [121.492793, 24.978825], [121.49279, 24.978824], [121.492786, 24.978824], [121.492783, 24.978824], [121.49278, 24.978823], [121.492777, 24.978823], [121.492774, 24.978823], [121.49277, 24.978823], [121.492767, 24.978823], [121.492764, 24.978823], [121.492761, 24.978823], [121.492757, 24.978823], [121.492754, 24.978823], [121.492751, 24.978823], [121.492748, 24.978823], [121.492745, 24.978824], [121.492741, 24.978824], [121.492738, 24.978824], [121.492735, 24.978825], [121.492732, 24.978825], [121.492729, 24.978826], [121.492726, 24.978826], [121.492722, 24.978827], [121.492719, 24.978828], [121.492716, 24.978829], [121.492713, 24.978829], [121.49271, 24.97883], [121.492707, 24.978831], [121.492704, 24.978832], [121.492701, 24.978833], [121.492698, 24.978834], [121.492695, 24.978835], [121.492692, 24.978836], [121.492689, 24.978837], [121.492686, 24.978839], [121.492683, 24.97884], [121.49268, 24.978841], [121.492677, 24.978843], [121.492675, 24.978844], [121.492672, 24.978845], [121.492669, 24.978847], [121.492666, 24.978848], [121.492664, 24.97885], [121.492661, 24.978852], [121.492658, 24.978853], [121.492656, 24.978855], [121.492653, 24.978857], [121.492651, 24.978859], [121.492648, 24.97886], [121.492646, 24.978862], [121.492645, 24.978863], [121.492634, 24.978872], [121.492616, 24.978886], [121.492598, 24.978902], [121.49258, 24.978917], [121.492563, 24.978933], [121.492546, 24.978949], [121.492529, 24.978965], [121.492512, 24.978981], [121.492496, 24.978998], [121.49248, 24.979015], [121.492465, 24.979032], [121.49245, 24.97905], [121.492435, 24.979068], [121.49242, 24.979086], [121.492406, 24.979104], [121.492392, 24.979122], [121.492379, 24.979141], [121.492366, 24.97916], [121.492353, 24.979179], [121.492341, 24.979198], [121.492329, 24.979218], [121.492324, 24.979226], [121.492318, 24.979236], [121.492317, 24.979237], [121.492316, 24.979238], [121.492306, 24.979257], [121.492295, 24.979277], [121.492285, 24.979297], [121.492279, 24.979308], [121.492278, 24.97931], [121.492276, 24.979315], [121.492274, 24.979319], [121.492271, 24.979323], [121.492269, 24.979328], [121.492268, 24.979328], [121.492266, 24.979332], [121.492263, 24.979336], [121.492261, 24.97934], [121.492258, 24.979344], [121.492255, 24.979348], [121.492252, 24.979352], [121.492249, 24.979356], [121.492246, 24.97936], [121.492242, 24.979364], [121.492239, 24.979368], [121.492236, 24.979372], [121.492232, 24.979375], [121.492229, 24.979379], [121.492225, 24.979383], [121.492221, 24.979386], [121.492218, 24.97939], [121.492214, 24.979393], [121.49221, 24.979396], [121.492206, 24.9794], [121.492202, 24.979403], [121.492198, 24.979406], [121.492194, 24.979409], [121.49219, 24.979412], [121.492186, 24.979415], [121.492181, 24.979418], [121.492177, 24.979421], [121.492173, 24.979424], [121.492168, 24.979426], [121.492164, 24.979429], [121.492159, 24.979431], [121.492155, 24.979434], [121.49215, 24.979436], [121.492145, 24.979439], [121.492141, 24.979441], [121.492136, 24.979443], [121.492131, 24.979445], [121.492126, 24.979447], [121.492121, 24.979449], [121.492117, 24.979451], [121.492112, 24.979453], [121.492107, 24.979455], [121.492102, 24.979456], [121.492097, 24.979458], [121.492091, 24.979459], [121.492086, 24.979461], [121.492082, 24.979462], [121.492081, 24.979462], [121.49208, 24.979462], [121.492079, 24.979462], [121.492078, 24.979463], [121.492077, 24.979463], [121.492076, 24.979463], [121.492075, 24.979463], [121.492074, 24.979463], [121.492073, 24.979463], [121.492072, 24.979463], [121.492071, 24.979463], [121.49207, 24.979463], [121.492069, 24.979463], [121.492068, 24.979463], [121.492067, 24.979463], [121.492066, 24.979463], [121.492065, 24.979463], [121.492064, 24.979462], [121.492063, 24.979462], [121.492062, 24.979462], [121.492061, 24.979462], [121.49206, 24.979462], [121.492059, 24.979461], [121.492058, 24.979461], [121.492057, 24.979461], [121.492056, 24.97946], [121.492055, 24.97946], [121.492054, 24.979459], [121.492053, 24.979459], [121.492052, 24.979459], [121.492052, 24.979458], [121.492051, 24.979458], [121.49205, 24.979457], [121.492049, 24.979457], [121.492048, 24.979456], [121.492047, 24.979456], [121.492047, 24.979455], [121.492046, 24.979455], [121.492046, 24.979454], [121.492045, 24.979454], [121.492044, 24.979453], [121.492043, 24.979452], [121.492042, 24.979451], [121.492041, 24.97945], [121.49204, 24.979449], [121.492039, 24.979448], [121.492039, 24.979447], [121.492038, 24.979447], [121.492038, 24.979446], [121.492037, 24.979445], [121.492037, 24.979444], [121.492036, 24.979444], [121.492036, 24.979443], [121.492036, 24.979442], [121.492035, 24.979442], [121.492035, 24.979441], [121.492035, 24.97944], [121.492034, 24.97944], [121.492034, 24.979439], [121.492034, 24.979438], [121.492033, 24.979437], [121.492033, 24.979436], [121.492033, 24.979435], [121.492033, 24.979434], [121.492032, 24.979433], [121.492032, 24.979432], [121.492032, 24.979431], [121.492032, 24.97943], [121.492032, 24.979429], [121.492032, 24.979428], [121.492032, 24.979427], [121.492032, 24.979426], [121.492032, 24.979425], [121.492032, 24.979424], [121.492032, 24.979423], [121.492032, 24.979422], [121.492032, 24.979421], [121.492033, 24.97942], [121.492033, 24.979419], [121.492033, 24.979418], [121.492033, 24.979417], [121.492034, 24.979416], [121.492034, 24.979415], [121.492034, 24.979414], [121.492035, 24.979414], [121.492035, 24.979413], [121.492035, 24.979412], [121.492036, 24.979411], [121.492036, 24.97941], [121.492037, 24.97941], [121.492037, 24.979409], [121.492038, 24.979408], [121.492038, 24.979407], [121.492039, 24.979407], [121.492039, 24.979406], [121.49204, 24.979406], [121.49204, 24.979405], [121.492041, 24.979404], [121.492042, 24.979403], [121.492043, 24.979402], [121.492054, 24.979392], [121.492079, 24.979367], [121.492104, 24.979342], [121.492128, 24.979317], [121.492152, 24.979291], [121.492176, 24.979265], [121.492199, 24.979239], [121.492221, 24.979212], [121.492243, 24.979185], [121.492264, 24.979157], [121.492285, 24.979129], [121.492289, 24.979124], [121.492293, 24.979119], [121.492297, 24.979113], [121.492301, 24.979107], [121.492305, 24.979101], [121.492308, 24.979096], [121.492309, 24.979094], [121.492313, 24.979088], [121.492316, 24.979082], [121.49232, 24.979075], [121.492323, 24.979069], [121.492326, 24.979063], [121.492329, 24.979056], [121.492332, 24.979049], [121.492335, 24.979043], [121.492338, 24.979036], [121.49234, 24.979029], [121.492343, 24.979023], [121.492345, 24.979016], [121.492347, 24.979009], [121.492349, 24.979002], [121.492351, 24.978995], [121.492353, 24.978989], [121.492355, 24.978982], [121.492356, 24.978975], [121.492358, 24.978968], [121.492359, 24.978961], [121.49236, 24.978954], [121.492361, 24.978947], [121.492362, 24.97894], [121.492363, 24.978932], [121.492363, 24.978925], [121.492364, 24.978918], [121.492364, 24.978911], [121.492364, 24.978904], [121.492364, 24.978897], [121.492364, 24.97889], [121.492364, 24.978883], [121.492363, 24.978876], [121.492363, 24.978869], [121.492362, 24.978862], [121.492361, 24.978855], [121.492361, 24.978854], [121.492359, 24.978838], [121.492358, 24.978822], [121.492352, 24.978775], [121.492358, 24.978672], [121.492358, 24.978664], [121.49236, 24.978633], [121.492362, 24.978596], [121.492363, 24.978583], [121.492365, 24.978538], [121.49237, 24.978456], [121.49237, 24.978451], [121.492371, 24.978444], [121.492372, 24.978437], [121.492373, 24.97843], [121.492373, 24.978427], [121.492374, 24.978423], [121.492375, 24.978417], [121.492376, 24.97841], [121.492377, 24.978403], [121.492379, 24.978396], [121.49238, 24.97839], [121.492382, 24.978383], [121.492384, 24.978376], [121.492386, 24.97837], [121.492388, 24.978363], [121.49239, 24.978356], [121.492393, 24.97835], [121.492395, 24.978343], [121.492398, 24.978337], [121.4924, 24.97833], [121.492403, 24.978324], [121.492406, 24.978318], [121.492409, 24.978311], [121.492413, 24.978305], [121.492416, 24.978299], [121.492419, 24.978293], [121.492421, 24.97829], [121.492422, 24.978289], [121.492423, 24.978287], [121.492427, 24.978281], [121.492431, 24.978275], [121.492434, 24.978269], [121.492439, 24.978263], [121.492443, 24.978257], [121.492447, 24.978252], [121.492451, 24.978246], [121.492456, 24.978241], [121.49246, 24.978235], [121.492463, 24.978232], [121.492465, 24.97823], [121.49247, 24.978224], [121.492475, 24.978219], [121.49248, 24.978214], [121.492485, 24.978209], [121.49249, 24.978204], [121.492495, 24.978199], [121.492501, 24.978194], [121.492506, 24.978189], [121.49251, 24.978186], [121.492512, 24.978185], [121.492517, 24.97818], [121.492523, 24.978176], [121.492529, 24.978171], [121.492534, 24.978167], [121.492535, 24.978167], [121.492541, 24.978163], [121.492547, 24.978159], [121.492553, 24.978155], [121.492559, 24.978151], [121.492563, 24.978148], [121.492565, 24.978147], [121.49257, 24.978144], [121.492572, 24.978143], [121.492576, 24.978141], [121.492627, 24.978112], [121.492736, 24.978052], [121.492745, 24.978046], [121.492841, 24.977993], [121.492847, 24.977989], [121.492957, 24.977928], [121.492959, 24.977926], [121.492964, 24.977924], [121.492968, 24.977922], [121.492972, 24.977919], [121.492976, 24.977916], [121.49298, 24.977914], [121.492983, 24.977911], [121.492987, 24.977908], [121.492991, 24.977905], [121.492995, 24.977903], [121.492998, 24.9779], [121.493002, 24.977897], [121.493005, 24.977894], [121.493009, 24.97789], [121.493012, 24.977887], [121.493016, 24.977884], [121.493019, 24.977881], [121.493022, 24.977877], [121.493025, 24.977874], [121.493028, 24.97787], [121.493031, 24.977867], [121.493034, 24.977863], [121.493037, 24.97786], [121.49304, 24.977856], [121.493043, 24.977853], [121.493046, 24.977849], [121.493048, 24.977845], [121.493051, 24.977841], [121.493053, 24.977837], [121.493054, 24.977835], [121.493056, 24.977834], [121.493058, 24.97783], [121.49306, 24.977826], [121.493062, 24.977822], [121.493064, 24.977818], [121.493066, 24.977814], [121.493068, 24.97781], [121.49307, 24.977805], [121.493072, 24.977801], [121.493074, 24.977797], [121.493075, 24.977794], [121.493077, 24.977789], [121.493078, 24.977784], [121.49308, 24.97778], [121.493081, 24.977776], [121.493082, 24.977772], [121.493083, 24.977767], [121.493084, 24.977763], [121.493085, 24.977758], [121.493086, 24.977754], [121.493087, 24.97775], [121.493088, 24.977745], [121.493088, 24.977741], [121.493089, 24.977736], [121.493104, 24.977602], [121.493104, 24.977597], [121.493116, 24.97749], [121.49313, 24.977362], [121.493152, 24.977306], [121.49319, 24.977209], [121.493266, 24.977015], [121.493268, 24.977009], [121.49332, 24.976878], [121.493323, 24.976869], [121.493325, 24.976831], [121.493327, 24.976787], [121.493329, 24.976746], [121.49333, 24.976736], [121.493333, 24.976667], [121.493334, 24.976651], [121.493348, 24.976623], [121.49335, 24.976619], [121.493398, 24.97652], [121.493405, 24.976505], [121.493406, 24.976503], [121.493377, 24.976522]]]]}}, {"type": "Feature", "properties": {"zoning_id": "Z0016", "zone_label": "墓地用地", "county": "新北市", "area_ha": 0.092}, "geometry": {"type": "MultiPolygon", "coordinates": [[[[121.493233, 24.97575], [121.493239, 24.975774], [121.493241, 24.975781], [121.493237, 24.975806], [121.49327, 24.975944], [121.493271, 24.975951], [121.493279, 24.976021], [121.49332, 24.97605], [121.493384, 24.976068], [121.493407, 24.976066], [121.493423, 24.97607], [121.4935, 24.97613], [121.493502, 24.976118], [121.493521, 24.976026], [121.493523, 24.976016], [121.493527, 24.975997], [121.493549, 24.975889], [121.493551, 24.97588], [121.493561, 24.975829], [121.493285, 24.975738], [121.493276, 24.975735], [121.49324, 24.975723], [121.49323, 24.97572], [121.493233, 24.97575]]]]}}, {"type": "Feature", "properties": {"zoning_id": "Z0017", "zone_label": "墓地用地", "county": "新北市", "area_ha": 0.823}, "geometry": {"type": "MultiPolygon", "coordinates": [[[[121.493435, 24.976444], [121.493437, 24.97644], [121.493438, 24.976432], [121.493439, 24.97643], [121.493448, 24.976385], [121.493461, 24.97632], [121.493497, 24.976144], [121.493499, 24.976136], [121.4935, 24.97613], [121.493423, 24.97607], [121.493407, 24.976066], [121.493384, 24.976068], [121.49332, 24.97605], [121.493279, 24.976021], [121.493271, 24.975951], [121.49327, 24.975944], [121.493237, 24.975806], [121.493241, 24.975781], [121.493239, 24.975774], [121.493233, 24.97575], [121.49323, 24.97572], [121.493211, 24.975714], [121.493206, 24.975712], [121.493157, 24.975696], [121.492737, 24.975778], [121.492697, 24.975785], [121.492685, 24.975788], [121.492533, 24.975817], [121.492533, 24.975852], [121.492536, 24.976572], [121.492571, 24.976558], [121.492642, 24.976589], [121.492659, 24.976615], [121.492758, 24.976648], [121.493037, 24.976679], [121.493144, 24.976646], [121.4933, 24.976556], [121.493377, 24.976522], [121.493406, 24.976503], [121.493435, 24.976444]]]]}}, {"type": "Feature", "properties": {"zoning_id": "Z0018", "zone_label": "殯葬用地", "county": "新北市", "area_ha": 1.506}, "geometry": {"type": "MultiPolygon", "coordinates": [[[[121.455164, 24.971267], [121.455168, 24.97107], [121.455004, 24.97105], [121.454984, 24.971001], [121.454987, 24.97091], [121.455031, 24.970796], [121.455044, 24.9707], [121.454985, 24.970668], [121.454926, 24.970689], [121.45487, 24.970587], [121.454875, 24.970493], [121.454803, 24.970364], [121.454897, 24.970324], [121.455047, 24.970316], [121.455022, 24.970047], [121.455092, 24.969956], [121.454911, 24.969949], [121.4548, 24.969984], [121.454784, 24.969989], [121.454772, 24.969984], [121.454692, 24.969952], [121.454414, 24.969978], [121.454413, 24.969985], [121.454412, 24.969998], [121.454269, 24.970071], [121.454211, 24.970049], [121.454186, 24.970092], [121.454237, 24.97015], [121.454269, 24.970305], [121.453935, 24.971154], [121.453845, 24.971384], [121.45507, 24.971466], [121.45516, 24.971472], [121.455164, 24.971267]]]]}}, {"type": "Feature", "properties": {"zoning_id": "Z0019", "zone_label": "殯葬用地", "county": "新北市", "area_ha": 0.298}, "geometry": {"type": "MultiPolygon", "coordinates": [[[[121.456556, 24.976248], [121.456662, 24.976267], [121.456788, 24.976289], [121.456798, 24.97621], [121.456896, 24.976206], [121.456937, 24.976204], [121.457, 24.976046], [121.456863, 24.975819], [121.456831, 24.97578], [121.456796, 24.975599], [121.456841, 24.975584], [121.456839, 24.975481], [121.456826, 24.975485], [121.456814, 24.975488], [121.456809, 24.975489], [121.4568, 24.975491], [121.45677, 24.97549], [121.456755, 24.975489], [121.456734, 24.975489], [121.45673, 24.975488], [121.456724, 24.975488], [121.456715, 24.975488], [121.456689, 24.975487], [121.456687, 24.975487], [121.456682, 24.975487], [121.456667, 24.975486], [121.456649, 24.975485], [121.456645, 24.975485], [121.456627, 24.975485], [121.456587, 24.975483], [121.45658, 24.975483], [121.456575, 24.975558], [121.456571, 24.975612], [121.456555, 24.975835], [121.456555, 24.975838], [121.45654, 24.975844], [121.456518, 24.975854], [121.456519, 24.975993], [121.45652, 24.976162], [121.45652, 24.976164], [121.456521, 24.976261], [121.456521, 24.976262], [121.456521, 24.976263], [121.456521, 24.976264], [121.456521, 24.976265], [121.456521, 24.976266], [121.456522, 24.976267], [121.456522, 24.976268], [121.456537, 24.976256], [121.456547, 24.976247], [121.456556, 24.976248]]]]}}, {"type": "Feature", "properties": {"zoning_id": "Z0020", "zone_label": "殯儀館用地", "county": "新北市", "area_ha": 1.472}, "geometry": {"type": "MultiPolygon", "coordinates": [[[[121.456242, 25.026792], [121.456259, 25.026794], [121.456269, 25.026796], [121.456284, 25.026798], [121.456299, 25.026801], [121.456314, 25.026803], [121.456329, 25.026806], [121.456345, 25.02681], [121.456359, 25.026813], [121.456374, 25.026817], [121.456389, 25.026821], [121.456404, 25.026825], [121.456419, 25.02683], [121.456433, 25.026834], [121.456448, 25.026839], [121.456462, 25.026845], [121.456476, 25.02685], [121.45649, 25.026856], [121.456504, 25.026861], [121.456518, 25.026867], [121.456532, 25.026874], [121.456546, 25.02688], [121.456559, 25.026887], [121.456573, 25.026894], [121.456586, 25.026901], [121.456599, 25.026908], [121.456612, 25.026916], [121.456625, 25.026924], [121.456638, 25.026932], [121.456651, 25.02694], [121.456663, 25.026948], [121.456675, 25.026957], [121.456687, 25.026966], [121.456699, 25.026974], [121.456711, 25.026984], [121.456723, 25.026993], [121.456734, 25.027002], [121.456745, 25.027012], [121.456756, 25.027022], [121.456767, 25.027032], [121.456778, 25.027042], [121.456788, 25.027053], [121.456798, 25.027063], [121.456808, 25.027074], [121.456818, 25.027085], [121.456828, 25.027096], [121.456837, 25.027107], [121.456846, 25.027118], [121.456848, 25.02712], [121.456857, 25.027131], [121.456865, 25.027143], [121.456874, 25.027155], [121.456882, 25.027167], [121.45689, 25.027179], [121.456898, 25.027191], [121.456905, 25.027203], [121.456909, 25.02721], [121.456915, 25.027223], [121.45692, 25.027236], [121.456926, 25.02725], [121.456931, 25.027263], [121.456936, 25.027276], [121.456941, 25.02729], [121.456945, 25.027303], [121.456949, 25.027317], [121.456953, 25.027331], [121.456957, 25.027345], [121.456961, 25.027359], [121.456964, 25.027373], [121.456967, 25.027387], [121.456969, 25.027401], [121.456971, 25.027415], [121.456974, 25.027429], [121.456975, 25.027443], [121.456977, 25.027457], [121.456978, 25.027472], [121.456979, 25.027486], [121.45698, 25.0275], [121.45698, 25.027514], [121.45698, 25.027528], [121.45698, 25.027542], [121.45698, 25.027557], [121.456979, 25.027571], [121.456979, 25.027574], [121.456979, 25.027577], [121.456979, 25.02758], [121.456978, 25.027583], [121.456978, 25.027586], [121.456977, 25.027596], [121.456975, 25.02761], [121.456973, 25.027624], [121.456971, 25.027639], [121.456969, 25.027653], [121.456966, 25.027667], [121.456963, 25.027681], [121.45696, 25.027696], [121.456956, 25.02771], [121.456952, 25.027724], [121.456948, 25.027738], [121.456945, 25.027746], [121.456941, 25.02776], [121.456936, 25.027774], [121.456931, 25.027787], [121.456926, 25.027801], [121.45692, 25.027815], [121.456914, 25.027828], [121.456908, 25.027841], [121.456902, 25.027855], [121.456896, 25.027865], [121.456891, 25.027875], [121.456885, 25.027886], [121.45688, 25.027896], [121.456874, 25.027906], [121.456871, 25.027913], [121.456863, 25.027925], [121.456855, 25.027937], [121.456847, 25.027949], [121.456839, 25.027961], [121.45683, 25.027973], [121.456822, 25.027985], [121.456813, 25.027997], [121.456767, 25.028059], [121.456721, 25.028121], [121.456674, 25.028183], [121.456626, 25.028244], [121.456577, 25.028305], [121.456641, 25.028345], [121.45676, 25.028421], [121.45698, 25.028562], [121.457138, 25.028662], [121.45731, 25.028773], [121.457822, 25.027961], [121.457859, 25.027903], [121.457857, 25.027902], [121.458044, 25.027609], [121.457961, 25.027566], [121.45757, 25.02736], [121.457338, 25.027238], [121.457319, 25.027228], [121.45713, 25.027129], [121.45693, 25.027023], [121.456773, 25.026941], [121.456705, 25.026905], [121.456324, 25.026705], [121.456313, 25.026699], [121.456284, 25.026684], [121.456271, 25.026677], [121.456262, 25.026699], [121.456249, 25.026732], [121.456245, 25.02674], [121.456236, 25.026763], [121.456218, 25.026789], [121.456242, 25.026792]]]]}}, {"type": "Feature", "properties": {"zoning_id": "Z0021", "zone_label": "殯儀館用地", "county": "新北市", "area_ha": 0.53}, "geometry": {"type": "MultiPolygon", "coordinates": [[[[121.4567, 25.028509], [121.456883, 25.028621], [121.457043, 25.028719], [121.457036, 25.028738], [121.45705, 25.028746], [121.457056, 25.02875], [121.457068, 25.028758], [121.457193, 25.028834], [121.457194, 25.028835], [121.457195, 25.028836], [121.457196, 25.028837], [121.457197, 25.028837], [121.457198, 25.028838], [121.457199, 25.028838], [121.4572, 25.028838], [121.457201, 25.028839], [121.457202, 25.028839], [121.457203, 25.02884], [121.457204, 25.02884], [121.457206, 25.02884], [121.457207, 25.028841], [121.457208, 25.028841], [121.457209, 25.028841], [121.45721, 25.028842], [121.457211, 25.028842], [121.457212, 25.028842], [121.457213, 25.028843], [121.457214, 25.028843], [121.457215, 25.028843], [121.457216, 25.028843], [121.457217, 25.028843], [121.457218, 25.028844], [121.45722, 25.028844], [121.457221, 25.028844], [121.457222, 25.028844], [121.457223, 25.028844], [121.457224, 25.028844], [121.457225, 25.028844], [121.457226, 25.028844], [121.457227, 25.028844], [121.457228, 25.028844], [121.45723, 25.028844], [121.457231, 25.028844], [121.457232, 25.028844], [121.457233, 25.028844], [121.457234, 25.028844], [121.457235, 25.028844], [121.457236, 25.028844], [121.457237, 25.028844], [121.457238, 25.028844], [121.45724, 25.028843], [121.457241, 25.028843], [121.457242, 25.028843], [121.457243, 25.028843], [121.457244, 25.028842], [121.457245, 25.028842], [121.457246, 25.028842], [121.457247, 25.028842], [121.457248, 25.028841], [121.457249, 25.028841], [121.45725, 25.028841], [121.457251, 25.02884], [121.457252, 25.02884], [121.457253, 25.02884], [121.457254, 25.028839], [121.457255, 25.028839], [121.457256, 25.028838], [121.457257, 25.028838], [121.457258, 25.028837], [121.457259, 25.028837], [121.45726, 25.028836], [121.457261, 25.028836], [121.457262, 25.028835], [121.457263, 25.028835], [121.457264, 25.028834], [121.457265, 25.028834], [121.457266, 25.028833], [121.457267, 25.028832], [121.457268, 25.028832], [121.457269, 25.028831], [121.45727, 25.02883], [121.457271, 25.028829], [121.457272, 25.028828], [121.457273, 25.028828], [121.457274, 25.028827], [121.457274, 25.028826], [121.457275, 25.028826], [121.457276, 25.028825], [121.457277, 25.028824], [121.457277, 25.028823], [121.457278, 25.028823], [121.457279, 25.028822], [121.457279, 25.028821], [121.45731, 25.028773], [121.457138, 25.028662], [121.45698, 25.028562], [121.45676, 25.028421], [121.456641, 25.028345], [121.456577, 25.028305], [121.456626, 25.028244], [121.456674, 25.028183], [121.456721, 25.028121], [121.456767, 25.028059], [121.456813, 25.027997], [121.456822, 25.027985], [121.45683, 25.027973], [121.456839, 25.027961], [121.456847, 25.027949], [121.456855, 25.027937], [121.456863, 25.027925], [121.456871, 25.027913], [121.456874, 25.027906], [121.45688, 25.027896], [121.456885, 25.027886], [121.456891, 25.027875], [121.456896, 25.027865], [121.456902, 25.027855], [121.456908, 25.027841], [121.456914, 25.027828], [121.45692, 25.027815], [121.456926, 25.027801], [121.456931, 25.027787], [121.456936, 25.027774], [121.456941, 25.02776], [121.456945, 25.027746], [121.456948, 25.027738], [121.456952, 25.027724], [121.456956, 25.02771], [121.45696, 25.027696], [121.456963, 25.027681], [121.456966, 25.027667], [121.456969, 25.027653], [121.456971, 25.027639], [121.456973, 25.027624], [121.456975, 25.02761], [121.456977, 25.027596], [121.456978, 25.027586], [121.456978, 25.027583], [121.456979, 25.02758], [121.456979, 25.027577], [121.456979, 25.027574], [121.456979, 25.027571], [121.45698, 25.027557], [121.45698, 25.027542], [121.45698, 25.027528], [121.45698, 25.027514], [121.45698, 25.0275], [121.456979, 25.027486], [121.456978, 25.027472], [121.456977, 25.027457], [121.456975, 25.027443], [121.456974, 25.027429], [121.456971, 25.027415], [121.456969, 25.027401], [121.456967, 25.027387], [121.456964, 25.027373], [121.456961, 25.027359], [121.456957, 25.027345], [121.456953, 25.027331], [121.456949, 25.027317], [121.456945, 25.027303], [121.456941, 25.02729], [121.456936, 25.027276], [121.456931, 25.027263], [121.456926, 25.02725], [121.45692, 25.027236], [121.456915, 25.027223], [121.456909, 25.02721], [121.456905, 25.027203], [121.456854, 25.027283], [121.456847, 25.027293], [121.456821, 25.027334], [121.456803, 25.027325], [121.456779, 25.027361], [121.456703, 25.027477], [121.456697, 25.027486], [121.456671, 25.027526], [121.456669, 25.02753], [121.456654, 25.027552], [121.456643, 25.02757], [121.45664, 25.027573], [121.456635, 25.027581], [121.456615, 25.027611], [121.456602, 25.027632], [121.456536, 25.027733], [121.456514, 25.027766], [121.456513, 25.027768], [121.456466, 25.02784], [121.45645, 25.027864], [121.456366, 25.027992], [121.456279, 25.02813], [121.45627, 25.028145], [121.456269, 25.028148], [121.456225, 25.028218], [121.4567, 25.028509]]]]}}, {"type": "Feature", "properties": {"zoning_id": "Z0022", "zone_label": "殯儀館用地", "county": "新北市", "area_ha": 0.195}, "geometry": {"type": "MultiPolygon", "coordinates": [[[[121.456817, 25.027303], [121.456803, 25.027325], [121.456821, 25.027334], [121.456905, 25.027203], [121.456898, 25.027191], [121.45689, 25.027179], [121.456882, 25.027167], [121.456874, 25.027155], [121.456865, 25.027143], [121.456857, 25.027131], [121.456848, 25.02712], [121.456846, 25.027118], [121.456837, 25.027107], [121.456828, 25.027096], [121.456818, 25.027085], [121.456808, 25.027074], [121.456798, 25.027063], [121.456788, 25.027053], [121.456778, 25.027042], [121.456767, 25.027032], [121.456756, 25.027022], [121.456745, 25.027012], [121.456734, 25.027002], [121.456723, 25.026993], [121.456711, 25.026984], [121.456699, 25.026974], [121.456687, 25.026966], [121.456675, 25.026957], [121.456663, 25.026948], [121.456651, 25.02694], [121.456638, 25.026932], [121.456625, 25.026924], [121.456612, 25.026916], [121.456599, 25.026908], [121.456586, 25.026901], [121.456573, 25.026894], [121.456559, 25.026887], [121.456546, 25.02688], [121.456532, 25.026874], [121.456518, 25.026867], [121.456504, 25.026861], [121.45649, 25.026856], [121.456476, 25.02685], [121.456462, 25.026845], [121.456448, 25.026839], [121.456433, 25.026834], [121.456419, 25.02683], [121.456404, 25.026825], [121.456389, 25.026821], [121.456374, 25.026817], [121.456359, 25.026813], [121.456345, 25.02681], [121.456329, 25.026806], [121.456314, 25.026803], [121.456299, 25.026801], [121.456284, 25.026798], [121.456269, 25.026796], [121.456259, 25.026794], [121.456242, 25.026792], [121.456218, 25.026789], [121.456122, 25.026937], [121.456217, 25.026988], [121.456239, 25.026999], [121.456247, 25.027004], [121.4565, 25.027137], [121.456513, 25.027143], [121.456754, 25.02727], [121.456785, 25.027287], [121.456817, 25.027303]]]]}}, {"type": "Feature", "properties": {"zoning_id": "Z0023", "zone_label": "公墓用地", "county": "新北市", "area_ha": 0.229}, "geometry": {"type": "MultiPolygon", "coordinates": [[[[121.434395, 25.133297], [121.434397, 25.133298], [121.434398, 25.133299], [121.4344, 25.1333], [121.434401, 25.133301], [121.434403, 25.133302], [121.434404, 25.133303], [121.434406, 25.133304], [121.434408, 25.133305], [121.434409, 25.133306], [121.434411, 25.133307], [121.434413, 25.133308], [121.434414, 25.133309], [121.434416, 25.13331], [121.434418, 25.133311], [121.434419, 25.133312], [121.434421, 25.133313], [121.434423, 25.133314], [121.434425, 25.133315], [121.434426, 25.133316], [121.434428, 25.133317], [121.43443, 25.133318], [121.434431, 25.133318], [121.434433, 25.133319], [121.434435, 25.13332], [121.434437, 25.133321], [121.434439, 25.133322], [121.43444, 25.133322], [121.434442, 25.133323], [121.434444, 25.133324], [121.434446, 25.133325], [121.434448, 25.133325], [121.434449, 25.133326], [121.434451, 25.133327], [121.434453, 25.133328], [121.434455, 25.133328], [121.434457, 25.133329], [121.434459, 25.13333], [121.43446, 25.13333], [121.434462, 25.133331], [121.434464, 25.133331], [121.434466, 25.133332], [121.434468, 25.133333], [121.43447, 25.133333], [121.434472, 25.133334], [121.434474, 25.133334], [121.434475, 25.133335], [121.434477, 25.133335], [121.434479, 25.133336], [121.434481, 25.133336], [121.434483, 25.133337], [121.434485, 25.133337], [121.434487, 25.133338], [121.434489, 25.133338], [121.434491, 25.133339], [121.434493, 25.133339], [121.434495, 25.133339], [121.434497, 25.13334], [121.434498, 25.13334], [121.4345, 25.133341], [121.434502, 25.133341], [121.434504, 25.133341], [121.434506, 25.133342], [121.434508, 25.133342], [121.43451, 25.133342], [121.434512, 25.133342], [121.434514, 25.133343], [121.434516, 25.133343], [121.434518, 25.133343], [121.43452, 25.133343], [121.434522, 25.133343], [121.434524, 25.133344], [121.434526, 25.133344], [121.434528, 25.133344], [121.43453, 25.133344], [121.434532, 25.133344], [121.434534, 25.133344], [121.434536, 25.133344], [121.434538, 25.133345], [121.43454, 25.133345], [121.434542, 25.133345], [121.434544, 25.133345], [121.434546, 25.133345], [121.434548, 25.133345], [121.43455, 25.133345], [121.434552, 25.133345], [121.434599, 25.133344], [121.434601, 25.133344], [121.434603, 25.133344], [121.434605, 25.133344], [121.434607, 25.133344], [121.434609, 25.133344], [121.434611, 25.133344], [121.434613, 25.133344], [121.434615, 25.133344], [121.434617, 25.133344], [121.434619, 25.133344], [121.434621, 25.133344], [121.434623, 25.133344], [121.434625, 25.133344], [121.434627, 25.133344], [121.434629, 25.133344], [121.434631, 25.133344], [121.434633, 25.133344], [121.434635, 25.133344], [121.434637, 25.133344], [121.434639, 25.133344], [121.434641, 25.133344], [121.434643, 25.133344], [121.434645, 25.133344], [121.434647, 25.133344], [121.434648, 25.133344], [121.434649, 25.133344], [121.434651, 25.133344], [121.434653, 25.133344], [121.434655, 25.133344], [121.434657, 25.133344], [121.434659, 25.133344], [121.434661, 25.133344], [121.434663, 25.133344], [121.434665, 25.133344], [121.434667, 25.133344], [121.434669, 25.133344], [121.434671, 25.133344], [121.434673, 25.133344], [121.434675, 25.133344], [121.434677, 25.133344], [121.434679, 25.133344], [121.434683, 25.133323], [121.434711, 25.133192], [121.434746, 25.133025], [121.434751, 25.133003], [121.434769, 25.132922], [121.434823, 25.132671], [121.434824, 25.132666], [121.434826, 25.132654], [121.434829, 25.132642], [121.434827, 25.132643], [121.434826, 25.132645], [121.434824, 25.132646], [121.434823, 25.132647], [121.434821, 25.132648], [121.43482, 25.132649], [121.434818, 25.132651], [121.434817, 25.132652], [121.434815, 25.132653], [121.434814, 25.132654], [121.434812, 25.132655], [121.434811, 25.132656], [121.434809, 25.132658], [121.434808, 25.132659], [121.434807, 25.13266], [121.434805, 25.132661], [121.434804, 25.132662], [121.434802, 25.132664], [121.434801, 25.132665], [121.434799, 25.132666], [121.434798, 25.132667], [121.434796, 25.132668], [121.434795, 25.13267], [121.434793, 25.132671], [121.434792, 25.132672], [121.43479, 25.132673], [121.434789, 25.132674], [121.434787, 25.132675], [121.434785, 25.132677], [121.434784, 25.132678], [121.434782, 25.132679], [121.434781, 25.13268], [121.434779, 25.132681], [121.434778, 25.132682], [121.434776, 25.132684], [121.434775, 25.132685], [121.434773, 25.132686], [121.434772, 25.132687], [121.43477, 25.132688], [121.434769, 25.132689], [121.434767, 25.132691], [121.434766, 25.132692], [121.434764, 25.132693], [121.434763, 25.132694], [121.434761, 25.132695], [121.43476, 25.132696], [121.434758, 25.132698], [121.434757, 25.132699], [121.434755, 25.1327], [121.434754, 25.132701], [121.434752, 25.132702], [121.434751, 25.132703], [121.434749, 25.132705], [121.434748, 25.132706], [121.434746, 25.132707], [121.434745, 25.132708], [121.434743, 25.132709], [121.434741, 25.13271], [121.43474, 25.132711], [121.434738, 25.132713], [121.434737, 25.132714], [121.434735, 25.132715], [121.434734, 25.132716], [121.434732, 25.132717], [121.434731, 25.132718], [121.434729, 25.132719], [121.434728, 25.132721], [121.434726, 25.132722], [121.434725, 25.132723], [121.434723, 25.132724], [121.434722, 25.132725], [121.43472, 25.132726], [121.434718, 25.132727], [121.434717, 25.132729], [121.434715, 25.13273], [121.434714, 25.132731], [121.434712, 25.132732], [121.434711, 25.132733], [121.434709, 25.132734], [121.434708, 25.132735], [121.434706, 25.132737], [121.434705, 25.132738], [121.434703, 25.132739], [121.434701, 25.13274], [121.4347, 25.132741], [121.434698, 25.132742], [121.434697, 25.132743], [121.434695, 25.132744], [121.434694, 25.132746], [121.434692, 25.132747], [121.434691, 25.132748], [121.434689, 25.132749], [121.434688, 25.13275], [121.434686, 25.132751], [121.434684, 25.132752], [121.434683, 25.132753], [121.434681, 25.132755], [121.43468, 25.132756], [121.434678, 25.132757], [121.434677, 25.132758], [121.434675, 25.132759], [121.434673, 25.13276], [121.434672, 25.132761], [121.43467, 25.132762], [121.434669, 25.132763], [121.434667, 25.132765], [121.434666, 25.132766], [121.434664, 25.132767], [121.434663, 25.132768], [121.434661, 25.132769], [121.434659, 25.13277], [121.434658, 25.132771], [121.434656, 25.132772], [121.434655, 25.132773], [121.434653, 25.132774], [121.434652, 25.132776], [121.43465, 25.132777], [121.434648, 25.132778], [121.434647, 25.132779], [121.434645, 25.13278], [121.434644, 25.132781], [121.434642, 25.132782], [121.434641, 25.132783], [121.434639, 25.132784], [121.434637, 25.132785], [121.434636, 25.132787], [121.434634, 25.132788], [121.434633, 25.132789], [121.434631, 25.13279], [121.434629, 25.132791], [121.434628, 25.132792], [121.434626, 25.132793], [121.434625, 25.132794], [121.434623, 25.132795], [121.434622, 25.132796], [121.43462, 25.132797], [121.434618, 25.132799], [121.434617, 25.1328], [121.434615, 25.132801], [121.434614, 25.132802], [121.434612, 25.132803], [121.43461, 25.132804], [121.434609, 25.132805], [121.434607, 25.132806], [121.434606, 25.132807], [121.434604, 25.132808], [121.434602, 25.132809], [121.434601, 25.13281], [121.434599, 25.132811], [121.434598, 25.132813], [121.434596, 25.132814], [121.434594, 25.132815], [121.434593, 25.132816], [121.434591, 25.132817], [121.43459, 25.132818], [121.434588, 25.132819], [121.434586, 25.13282], [121.434585, 25.132821], [121.434583, 25.132822], [121.434582, 25.132823], [121.43458, 25.132824], [121.434578, 25.132825], [121.434577, 25.132826], [121.434575, 25.132827], [121.434574, 25.132828], [121.434572, 25.13283], [121.43457, 25.132831], [121.434569, 25.132832], [121.434567, 25.132833], [121.434566, 25.132834], [121.434564, 25.132835], [121.434562, 25.132836], [121.434561, 25.132837], [121.434559, 25.132838], [121.434558, 25.132839], [121.434556, 25.13284], [121.434554, 25.132841], [121.434553, 25.132842], [121.434551, 25.132843], [121.434549, 25.132844], [121.434548, 25.132845], [121.434546, 25.132846], [121.434545, 25.132847], [121.434543, 25.132848], [121.434541, 25.132849], [121.43454, 25.13285], [121.434538, 25.132852], [121.434536, 25.132853], [121.434535, 25.132854], [121.434533, 25.132855], [121.434532, 25.132856], [121.43453, 25.132857], [121.434528, 25.132858], [121.434527, 25.132859], [121.434525, 25.13286], [121.434523, 25.132861], [121.434522, 25.132862], [121.434521, 25.132862], [121.43452, 25.132863], [121.434519, 25.132864], [121.434517, 25.132865], [121.434515, 25.132866], [121.434514, 25.132867], [121.434512, 25.132868], [121.43451, 25.132869], [121.434509, 25.13287], [121.434507, 25.132871], [121.434506, 25.132872], [121.434504, 25.132873], [121.434502, 25.132874], [121.434501, 25.132875], [121.434499, 25.132876], [121.434497, 25.132877], [121.434408, 25.132932], [121.434407, 25.132933], [121.434405, 25.132934], [121.434403, 25.132936], [121.434402, 25.132937], [121.4344, 25.132938], [121.434398, 25.132939], [121.434397, 25.13294], [121.434395, 25.132941], [121.434394, 25.132942], [121.434392, 25.132943], [121.434391, 25.132944], [121.434389, 25.132945], [121.434388, 25.132947], [121.434386, 25.132948], [121.434385, 25.132949], [121.434383, 25.13295], [121.434382, 25.132951], [121.43438, 25.132953], [121.434379, 25.132954], [121.434377, 25.132955], [121.434376, 25.132956], [121.434374, 25.132958], [121.434373, 25.132959], [121.434372, 25.13296], [121.43437, 25.132961], [121.434369, 25.132963], [121.434367, 25.132964], [121.434366, 25.132965], [121.434365, 25.132967], [121.434363, 25.132968], [121.434362, 25.132969], [121.434361, 25.132971], [121.43436, 25.132972], [121.434358, 25.132973], [121.434357, 25.132975], [121.434356, 25.132976], [121.434354, 25.132978], [121.434353, 25.132979], [121.434352, 25.13298], [121.434351, 25.132982], [121.43435, 25.132983], [121.434348, 25.132985], [121.434347, 25.132986], [121.434346, 25.132988], [121.434345, 25.132989], [121.434344, 25.132991], [121.434343, 25.132992], [121.434342, 25.132994], [121.43434, 25.132995], [121.434339, 25.132997], [121.434338, 25.132998], [121.434337, 25.133], [121.434336, 25.133001], [121.434335, 25.133003], [121.434334, 25.133004], [121.434333, 25.133006], [121.434332, 25.133007], [121.434331, 25.133009], [121.43433, 25.133011], [121.434329, 25.133012], [121.434328, 25.133014], [121.434327, 25.133015], [121.434327, 25.133017], [121.434326, 25.133019], [121.434325, 25.13302], [121.434324, 25.133022], [121.434323, 25.133023], [121.434322, 25.133025], [121.434321, 25.133027], [121.434321, 25.133028], [121.43432, 25.13303], [121.434319, 25.133032], [121.434318, 25.133033], [121.434318, 25.133035], [121.434317, 25.133037], [121.434316, 25.133038], [121.434315, 25.13304], [121.434315, 25.133042], [121.434314, 25.133044], [121.434313, 25.133045], [121.434313, 25.133047], [121.434312, 25.133049], [121.434312, 25.13305], [121.434311, 25.133052], [121.43431, 25.133054], [121.43431, 25.133056], [121.434309, 25.133057], [121.434309, 25.133059], [121.434308, 25.133061], [121.434308, 25.133062], [121.434307, 25.133064], [121.434307, 25.133066], [121.434306, 25.133068], [121.434306, 25.13307], [121.434305, 25.133071], [121.434305, 25.133073], [121.434305, 25.133075], [121.434304, 25.133077], [121.434304, 25.133078], [121.434303, 25.13308], [121.434303, 25.133082], [121.434303, 25.133084], [121.434303, 25.133085], [121.434302, 25.133087], [121.434302, 25.133089], [121.434302, 25.133091], [121.434301, 25.133093], [121.434301, 25.133094], [121.434301, 25.133096], [121.434301, 25.133098], [121.434301, 25.1331], [121.4343, 25.133102], [121.4343, 25.133103], [121.4343, 25.133105], [121.4343, 25.133107], [121.4343, 25.133109], [121.4343, 25.133111], [121.4343, 25.133112], [121.4343, 25.133114], [121.4343, 25.133116], [121.4343, 25.133118], [121.4343, 25.13312], [121.4343, 25.133121], [121.4343, 25.133123], [121.4343, 25.133125], [121.4343, 25.133127], [121.4343, 25.133129], [121.4343, 25.13313], [121.4343, 25.133132], [121.4343, 25.133134], [121.4343, 25.133136], [121.434301, 25.133138], [121.434301, 25.133139], [121.434301, 25.133141], [121.434301, 25.133143], [121.434301, 25.133145], [121.434302, 25.133147], [121.434302, 25.133148], [121.434302, 25.13315], [121.434302, 25.133152], [121.434303, 25.133154], [121.434303, 25.133156], [121.434303, 25.133157], [121.434304, 25.133159], [121.434304, 25.133161], [121.434304, 25.133163], [121.434305, 25.133164], [121.434305, 25.133166], [121.434306, 25.133168], [121.434306, 25.13317], [121.434307, 25.133172], [121.43431, 25.133183], [121.43431, 25.133184], [121.434311, 25.133185], [121.434311, 25.133187], [121.434312, 25.133189], [121.434313, 25.133191], [121.434313, 25.133192], [121.434314, 25.133194], [121.434315, 25.133196], [121.434315, 25.133197], [121.434316, 25.133199], [121.434317, 25.133201], [121.434317, 25.133202], [121.434318, 25.133204], [121.434319, 25.133206], [121.43432, 25.133208], [121.43432, 25.133209], [121.434321, 25.133211], [121.434322, 25.133212], [121.434323, 25.133214], [121.434324, 25.133216], [121.434325, 25.133217], [121.434325, 25.133219], [121.434326, 25.133221], [121.434327, 25.133222], [121.434328, 25.133224], [121.434329, 25.133225], [121.43433, 25.133227], [121.434331, 25.133229], [121.434332, 25.13323], [121.434333, 25.133232], [121.434334, 25.133233], [121.434335, 25.133235], [121.434336, 25.133236], [121.434337, 25.133238], [121.434338, 25.133239], [121.434339, 25.133241], [121.43434, 25.133242], [121.434341, 25.133244], [121.434342, 25.133245], [121.434343, 25.133247], [121.434345, 25.133248], [121.434346, 25.13325], [121.434347, 25.133251], [121.434348, 25.133253], [121.434349, 25.133254], [121.43435, 25.133256], [121.434352, 25.133257], [121.434353, 25.133259], [121.434354, 25.13326], [121.434355, 25.133261], [121.434357, 25.133263], [121.434358, 25.133264], [121.434359, 25.133266], [121.43436, 25.133267], [121.434362, 25.133268], [121.434363, 25.13327], [121.434364, 25.133271], [121.434366, 25.133272], [121.434367, 25.133274], [121.434368, 25.133275], [121.43437, 25.133276], [121.434371, 25.133278], [121.434373, 25.133279], [121.434374, 25.13328], [121.434375, 25.133281], [121.434377, 25.133283], [121.434378, 25.133284], [121.43438, 25.133285], [121.434381, 25.133286], [121.434383, 25.133288], [121.434384, 25.133289], [121.434386, 25.13329], [121.434387, 25.133291], [121.434389, 25.133292], [121.43439, 25.133293], [121.434392, 25.133295], [121.434393, 25.133296], [121.434395, 25.133297]]]]}}, {"type": "Feature", "properties": {"zoning_id": "Z0024", "zone_label": "殯葬設施專用區", "county": "新北市", "area_ha": 0.893}, "geometry": {"type": "MultiPolygon", "coordinates": [[[[121.41724, 25.052149], [121.416845, 25.052227], [121.416834, 25.05223], [121.416514, 25.052293], [121.416083, 25.052366], [121.416088, 25.052419], [121.416107, 25.052446], [121.416169, 25.052536], [121.416181, 25.052553], [121.416197, 25.052576], [121.416199, 25.052578], [121.416246, 25.052624], [121.416459, 25.05283], [121.416464, 25.052829], [121.416504, 25.052822], [121.416609, 25.052805], [121.416675, 25.052794], [121.416801, 25.052773], [121.416828, 25.052768], [121.417138, 25.052717], [121.417272, 25.052681], [121.417686, 25.052572], [121.417834, 25.052517], [121.417825, 25.052486], [121.417821, 25.052471], [121.41782, 25.05247], [121.417818, 25.05246], [121.417623, 25.052056], [121.41724, 25.052149]]]]}}, {"type": "Feature", "properties": {"zoning_id": "Z0025", "zone_label": "殯葬設施專用區", "county": "新北市", "area_ha": 0.176}, "geometry": {"type": "MultiPolygon", "coordinates": [[[[121.416107, 25.05261], [121.416112, 25.052662], [121.416124, 25.052792], [121.416126, 25.052816], [121.41614, 25.052961], [121.416035, 25.052977], [121.415841, 25.053015], [121.41579, 25.053018], [121.415793, 25.053058], [121.416525, 25.053053], [121.416578, 25.053053], [121.416581, 25.053052], [121.416584, 25.053052], [121.416587, 25.053052], [121.41659, 25.053051], [121.416593, 25.053051], [121.416596, 25.05305], [121.416597, 25.05305], [121.416598, 25.05305], [121.416598, 25.053049], [121.416599, 25.053049], [121.4166, 25.053049], [121.416601, 25.053048], [121.416602, 25.053048], [121.416603, 25.053048], [121.416604, 25.053047], [121.416605, 25.053047], [121.416606, 25.053046], [121.416607, 25.053046], [121.416608, 25.053045], [121.416609, 25.053045], [121.41661, 25.053044], [121.416611, 25.053044], [121.416612, 25.053043], [121.416613, 25.053043], [121.416614, 25.053042], [121.416615, 25.053042], [121.416615, 25.053041], [121.416616, 25.053041], [121.416616, 25.05304], [121.416617, 25.05304], [121.416618, 25.05304], [121.416618, 25.053039], [121.416619, 25.053039], [121.416619, 25.053038], [121.41662, 25.053038], [121.416621, 25.053037], [121.416622, 25.053036], [121.416623, 25.053035], [121.416624, 25.053034], [121.416625, 25.053034], [121.416625, 25.053033], [121.416626, 25.053032], [121.416627, 25.053031], [121.416628, 25.05303], [121.416629, 25.053029], [121.416629, 25.053028], [121.41663, 25.053028], [121.41663, 25.053027], [121.416631, 25.053027], [121.416631, 25.053026], [121.416632, 25.053025], [121.416632, 25.053024], [121.416633, 25.053024], [121.416633, 25.053023], [121.416634, 25.053022], [121.416634, 25.053021], [121.416635, 25.053021], [121.416635, 25.05302], [121.416635, 25.053019], [121.416636, 25.053019], [121.416636, 25.053018], [121.416636, 25.053017], [121.416637, 25.053016], [121.416637, 25.053015], [121.416638, 25.053014], [121.416638, 25.053013], [121.416638, 25.053012], [121.416639, 25.053012], [121.416639, 25.053011], [121.416639, 25.05301], [121.416639, 25.053009], [121.41664, 25.053009], [121.41664, 25.053008], [121.41664, 25.053007], [121.41664, 25.053006], [121.41664, 25.053005], [121.416641, 25.053005], [121.416641, 25.053004], [121.416641, 25.053003], [121.416641, 25.053002], [121.416641, 25.053001], [121.416641, 25.053], [121.416641, 25.052999], [121.416641, 25.052998], [121.416642, 25.052998], [121.416642, 25.052997], [121.416642, 25.052996], [121.416642, 25.052995], [121.416642, 25.052994], [121.416642, 25.052993], [121.416642, 25.052992], [121.416642, 25.052991], [121.416642, 25.05299], [121.416641, 25.05299], [121.416641, 25.052989], [121.416641, 25.052988], [121.416641, 25.052987], [121.416632, 25.052912], [121.416632, 25.052911], [121.416632, 25.05291], [121.416631, 25.052909], [121.416631, 25.052908], [121.416631, 25.052907], [121.416631, 25.052906], [121.416631, 25.052905], [121.41663, 25.052904], [121.41663, 25.052903], [121.416629, 25.052902], [121.416629, 25.052901], [121.416629, 25.0529], [121.416628, 25.052899], [121.416628, 25.052898], [121.416627, 25.052897], [121.416627, 25.052896], [121.416626, 25.052895], [121.416626, 25.052894], [121.416625, 25.052894], [121.416625, 25.052893], [121.416624, 25.052892], [121.416624, 25.052891], [121.416623, 25.05289], [121.416622, 25.052889], [121.416622, 25.052888], [121.416621, 25.052887], [121.41662, 25.052886], [121.416619, 25.052885], [121.416618, 25.052884], [121.416617, 25.052883], [121.416616, 25.052882], [121.416615, 25.052881], [121.416614, 25.05288], [121.416613, 25.052879], [121.416612, 25.052879], [121.416612, 25.052878], [121.416611, 25.052878], [121.41661, 25.052877], [121.416609, 25.052877], [121.416608, 25.052876], [121.416607, 25.052875], [121.416606, 25.052875], [121.416605, 25.052874], [121.416604, 25.052874], [121.416603, 25.052873], [121.416602, 25.052872], [121.416601, 25.052872], [121.4166, 25.052871], [121.416599, 25.052871], [121.416598, 25.052871], [121.416597, 25.05287], [121.416596, 25.05287], [121.416595, 25.05287], [121.416594, 25.052869], [121.416593, 25.052869], [121.416592, 25.052868], [121.416591, 25.052868], [121.41659, 25.052868], [121.416589, 25.052868], [121.416588, 25.052868], [121.416587, 25.052867], [121.416586, 25.052867], [121.416585, 25.052867], [121.416584, 25.052867], [121.416583, 25.052867], [121.416582, 25.052867], [121.416581, 25.052867], [121.41658, 25.052867], [121.416579, 25.052866], [121.416578, 25.052866], [121.416577, 25.052866], [121.416576, 25.052866], [121.416575, 25.052866], [121.416574, 25.052866], [121.416573, 25.052866], [121.416572, 25.052866], [121.416571, 25.052866], [121.41657, 25.052867], [121.416569, 25.052867], [121.416568, 25.052867], [121.416567, 25.052867], [121.416566, 25.052867], [121.416565, 25.052867], [121.416438, 25.052888], [121.416423, 25.052874], [121.416409, 25.05286], [121.416187, 25.052646], [121.416149, 25.052609], [121.416143, 25.0526], [121.4161, 25.052537], [121.416107, 25.05261]]]]}}, {"type": "Feature", "properties": {"zoning_id": "Z0026", "zone_label": "殯葬設施專用區", "county": "新北市", "area_ha": 0.316}, "geometry": {"type": "MultiPolygon", "coordinates": [[[[121.41572, 25.053168], [121.415734, 25.053167], [121.416782, 25.053159], [121.416757, 25.052954], [121.416751, 25.052905], [121.416749, 25.052891], [121.416749, 25.05289], [121.416749, 25.052889], [121.416749, 25.052888], [121.416749, 25.052887], [121.416749, 25.052886], [121.416749, 25.052885], [121.416749, 25.052884], [121.416749, 25.052883], [121.416749, 25.052882], [121.416749, 25.052881], [121.416749, 25.05288], [121.416749, 25.052879], [121.416749, 25.052878], [121.416749, 25.052877], [121.416749, 25.052876], [121.416749, 25.052875], [121.41675, 25.052874], [121.41675, 25.052873], [121.41675, 25.052872], [121.41675, 25.052871], [121.41675, 25.05287], [121.416751, 25.05287], [121.416751, 25.052869], [121.416751, 25.052868], [121.416751, 25.052867], [121.416752, 25.052866], [121.416752, 25.052865], [121.416752, 25.052864], [121.416753, 25.052864], [121.416753, 25.052863], [121.416753, 25.052862], [121.416754, 25.052862], [121.416754, 25.052861], [121.416754, 25.05286], [121.416755, 25.05286], [121.416755, 25.052859], [121.416756, 25.052858], [121.416756, 25.052857], [121.416757, 25.052856], [121.416757, 25.052855], [121.416758, 25.052855], [121.416758, 25.052854], [121.416758, 25.052853], [121.416759, 25.052853], [121.416759, 25.052852], [121.41676, 25.052852], [121.41676, 25.052851], [121.416761, 25.05285], [121.416762, 25.052849], [121.416763, 25.052848], [121.416763, 25.052847], [121.416764, 25.052847], [121.416764, 25.052846], [121.416765, 25.052846], [121.416765, 25.052845], [121.416766, 25.052845], [121.416766, 25.052844], [121.416767, 25.052844], [121.416767, 25.052843], [121.416768, 25.052843], [121.416769, 25.052842], [121.41677, 25.052842], [121.41677, 25.052841], [121.416771, 25.052841], [121.416771, 25.05284], [121.416772, 25.05284], [121.416772, 25.052839], [121.416773, 25.052839], [121.416774, 25.052838], [121.416775, 25.052838], [121.416776, 25.052837], [121.416777, 25.052837], [121.416777, 25.052836], [121.416778, 25.052836], [121.416779, 25.052835], [121.41678, 25.052835], [121.416781, 25.052834], [121.416782, 25.052834], [121.416783, 25.052833], [121.416784, 25.052833], [121.416785, 25.052832], [121.416786, 25.052832], [121.416787, 25.052831], [121.416788, 25.052831], [121.416789, 25.052831], [121.41679, 25.052831], [121.41679, 25.05283], [121.416791, 25.05283], [121.416792, 25.05283], [121.416793, 25.05283], [121.416793, 25.052829], [121.416794, 25.052829], [121.416795, 25.052829], [121.416796, 25.052829], [121.416797, 25.052829], [121.416798, 25.052828], [121.416799, 25.052828], [121.4168, 25.052828], [121.416874, 25.052816], [121.417151, 25.052769], [121.417229, 25.052749], [121.417444, 25.052692], [121.417706, 25.052623], [121.417904, 25.05255], [121.417878, 25.052457], [121.417874, 25.052443], [121.417874, 25.052441], [121.417681, 25.052042], [121.417623, 25.052056], [121.417818, 25.05246], [121.41782, 25.05247], [121.417821, 25.052471], [121.417825, 25.052486], [121.417834, 25.052517], [121.417686, 25.052572], [121.417272, 25.052681], [121.417138, 25.052717], [121.416828, 25.052768], [121.416801, 25.052773], [121.416675, 25.052794], [121.416609, 25.052805], [121.416504, 25.052822], [121.416464, 25.052829], [121.416459, 25.05283], [121.416246, 25.052624], [121.416199, 25.052578], [121.416197, 25.052576], [121.416181, 25.052553], [121.416169, 25.052536], [121.416107, 25.052446], [121.416088, 25.052419], [121.4161, 25.052537], [121.416143, 25.0526], [121.416149, 25.052609], [121.416187, 25.052646], [121.416409, 25.05286], [121.416423, 25.052874], [121.416438, 25.052888], [121.416565, 25.052867], [121.416566, 25.052867], [121.416567, 25.052867], [121.416568, 25.052867], [121.416569, 25.052867], [121.41657, 25.052867], [121.416571, 25.052866], [121.416572, 25.052866], [121.416573, 25.052866], [121.416574, 25.052866], [121.416575, 25.052866], [121.416576, 25.052866], [121.416577, 25.052866], [121.416578, 25.052866], [121.416579, 25.052866], [121.41658, 25.052867], [121.416581, 25.052867], [121.416582, 25.052867], [121.416583, 25.052867], [121.416584, 25.052867], [121.416585, 25.052867], [121.416586, 25.052867], [121.416587, 25.052867], [121.416588, 25.052868], [121.416589, 25.052868], [121.41659, 25.052868], [121.416591, 25.052868], [121.416592, 25.052868], [121.416593, 25.052869], [121.416594, 25.052869], [121.416595, 25.05287], [121.416596, 25.05287], [121.416597, 25.05287], [121.416598, 25.052871], [121.416599, 25.052871], [121.4166, 25.052871], [121.416601, 25.052872], [121.416602, 25.052872], [121.416603, 25.052873], [121.416604, 25.052874], [121.416605, 25.052874], [121.416606, 25.052875], [121.416607, 25.052875], [121.416608, 25.052876], [121.416609, 25.052877], [121.41661, 25.052877], [121.416611, 25.052878], [121.416612, 25.052878], [121.416612, 25.052879], [121.416613, 25.052879], [121.416614, 25.05288], [121.416615, 25.052881], [121.416616, 25.052882], [121.416617, 25.052883], [121.416618, 25.052884], [121.416619, 25.052885], [121.41662, 25.052886], [121.416621, 25.052887], [121.416622, 25.052888], [121.416622, 25.052889], [121.416623, 25.05289], [121.416624, 25.052891], [121.416624, 25.052892], [121.416625, 25.052893], [121.416625, 25.052894], [121.416626, 25.052894], [121.416626, 25.052895], [121.416627, 25.052896], [121.416627, 25.052897], [121.416628, 25.052898], [121.416628, 25.052899], [121.416629, 25.0529], [121.416629, 25.052901], [121.416629, 25.052902], [121.41663, 25.052903], [121.41663, 25.052904], [121.416631, 25.052905], [121.416631, 25.052906], [121.416631, 25.052907], [121.416631, 25.052908], [121.416631, 25.052909], [121.416632, 25.05291], [121.416632, 25.052911], [121.416632, 25.052912], [121.416641, 25.052987], [121.416641, 25.052988], [121.416641, 25.052989], [121.416641, 25.05299], [121.416642, 25.05299], [121.416642, 25.052991], [121.416642, 25.052992], [121.416642, 25.052993], [121.416642, 25.052994], [121.416642, 25.052995], [121.416642, 25.052996], [121.416642, 25.052997], [121.416642, 25.052998], [121.416641, 25.052998], [121.416641, 25.052999], [121.416641, 25.053], [121.416641, 25.053001], [121.416641, 25.053002], [121.416641, 25.053003], [121.416641, 25.053004], [121.416641, 25.053005], [121.41664, 25.053005], [121.41664, 25.053006], [121.41664, 25.053007], [121.41664, 25.053008], [121.41664, 25.053009], [121.416639, 25.053009], [121.416639, 25.05301], [121.416639, 25.053011], [121.416639, 25.053012], [121.416638, 25.053012], [121.416638, 25.053013], [121.416638, 25.053014], [121.416637, 25.053015], [121.416637, 25.053016], [121.416636, 25.053017], [121.416636, 25.053018], [121.416636, 25.053019], [121.416635, 25.053019], [121.416635, 25.05302], [121.416635, 25.053021], [121.416634, 25.053021], [121.416634, 25.053022], [121.416633, 25.053023], [121.416633, 25.053024], [121.416632, 25.053024], [121.416632, 25.053025], [121.416631, 25.053026], [121.416631, 25.053027], [121.41663, 25.053027], [121.41663, 25.053028], [121.416629, 25.053028], [121.416629, 25.053029], [121.416628, 25.05303], [121.416627, 25.053031], [121.416626, 25.053032], [121.416625, 25.053033], [121.416625, 25.053034], [121.416624, 25.053034], [121.416623, 25.053035], [121.416622, 25.053036], [121.416621, 25.053037], [121.41662, 25.053038], [121.416619, 25.053038], [121.416619, 25.053039], [121.416618, 25.053039], [121.416618, 25.05304], [121.416617, 25.05304], [121.416616, 25.05304], [121.416616, 25.053041], [121.416615, 25.053041], [121.416615, 25.053042], [121.416614, 25.053042], [121.416613, 25.053043], [121.416612, 25.053043], [121.416611, 25.053044], [121.41661, 25.053044], [121.416609, 25.053045], [121.416608, 25.053045], [121.416607, 25.053046], [121.416606, 25.053046], [121.416605, 25.053047], [121.416604, 25.053047], [121.416603, 25.053048], [121.416602, 25.053048], [121.416601, 25.053048], [121.4166, 25.053049], [121.416599, 25.053049], [121.416598, 25.053049], [121.416598, 25.05305], [121.416597, 25.05305], [121.416596, 25.05305], [121.416593, 25.053051], [121.41659, 25.053051], [121.416587, 25.053052], [121.416584, 25.053052], [121.416581, 25.053052], [121.416578, 25.053053], [121.416525, 25.053053], [121.415793, 25.053058], [121.415766, 25.053058], [121.415714, 25.053059], [121.415711, 25.053059], [121.415707, 25.053059], [121.415708, 25.053071], [121.415708, 25.053072], [121.415708, 25.053073], [121.415709, 25.05308], [121.41571, 25.053098], [121.415714, 25.05314], [121.415716, 25.053162], [121.415716, 25.053166], [121.415717, 25.053167], [121.415717, 25.053168], [121.41572, 25.053168]]]]}}, {"type": "Feature", "properties": {"zoning_id": "Z0027", "zone_label": "殯葬設施專用區", "county": "新北市", "area_ha": 0.539}, "geometry": {"type": "MultiPolygon", "coordinates": [[[[121.415758, 25.053653], [121.41576, 25.053653], [121.415775, 25.053652], [121.416833, 25.05357], [121.416811, 25.053391], [121.416805, 25.053344], [121.416782, 25.053159], [121.415734, 25.053167], [121.41572, 25.053168], [121.415717, 25.053168], [121.415718, 25.053185], [121.415718, 25.053186], [121.415719, 25.053201], [121.415722, 25.053233], [121.415724, 25.053258], [121.415728, 25.053296], [121.41573, 25.053322], [121.415733, 25.053358], [121.415733, 25.053359], [121.415735, 25.05338], [121.415737, 25.053409], [121.415741, 25.053456], [121.415747, 25.05352], [121.415747, 25.053523], [121.415748, 25.053531], [121.415758, 25.053653]]]]}}, {"type": "Feature", "properties": {"zoning_id": "Z0028", "zone_label": "殯葬設施專用區", "county": "新北市", "area_ha": 1.78}, "geometry": {"type": "MultiPolygon", "coordinates": [[[[121.417525, 25.05423], [121.417524, 25.05423], [121.417373, 25.054161], [121.417357, 25.054153], [121.417279, 25.054118], [121.417249, 25.054104], [121.417248, 25.054093], [121.417248, 25.054086], [121.417237, 25.053868], [121.417239, 25.053854], [121.41724, 25.053842], [121.417242, 25.053833], [121.417269, 25.053619], [121.417286, 25.053483], [121.417334, 25.053425], [121.417418, 25.053325], [121.417427, 25.053314], [121.417443, 25.053295], [121.417441, 25.053293], [121.417364, 25.053187], [121.417572, 25.052962], [121.417638, 25.05284], [121.417836, 25.052732], [121.417837, 25.052731], [121.417838, 25.052731], [121.417839, 25.052731], [121.41784, 25.05273], [121.417841, 25.05273], [121.417842, 25.052729], [121.417843, 25.052729], [121.417844, 25.052729], [121.417845, 25.052728], [121.417846, 25.052728], [121.417847, 25.052728], [121.417848, 25.052727], [121.417849, 25.052727], [121.41785, 25.052727], [121.417851, 25.052726], [121.417852, 25.052726], [121.417853, 25.052726], [121.417854, 25.052726], [121.417855, 25.052725], [121.417856, 25.052725], [121.417857, 25.052725], [121.417858, 25.052725], [121.417859, 25.052725], [121.41786, 25.052725], [121.417861, 25.052725], [121.417862, 25.052725], [121.417863, 25.052724], [121.417864, 25.052724], [121.417865, 25.052724], [121.417866, 25.052724], [121.417867, 25.052724], [121.417868, 25.052724], [121.417869, 25.052724], [121.41787, 25.052724], [121.417871, 25.052724], [121.417872, 25.052725], [121.417873, 25.052725], [121.417874, 25.052725], [121.417875, 25.052725], [121.417876, 25.052725], [121.417877, 25.052725], [121.417878, 25.052725], [121.417879, 25.052726], [121.41788, 25.052726], [121.417959, 25.052743], [121.418176, 25.052798], [121.418232, 25.052817], [121.41828, 25.052727], [121.418221, 25.052504], [121.418491, 25.052192], [121.418536, 25.052091], [121.418389, 25.052149], [121.418018, 25.052375], [121.417878, 25.052457], [121.417904, 25.05255], [121.417706, 25.052623], [121.417444, 25.052692], [121.417229, 25.052749], [121.417151, 25.052769], [121.416874, 25.052816], [121.4168, 25.052828], [121.416799, 25.052828], [121.416798, 25.052828], [121.416797, 25.052829], [121.416796, 25.052829], [121.416795, 25.052829], [121.416794, 25.052829], [121.416793, 25.052829], [121.416793, 25.05283], [121.416792, 25.05283], [121.416791, 25.05283], [121.41679, 25.05283], [121.41679, 25.052831], [121.416789, 25.052831], [121.416788, 25.052831], [121.416787, 25.052831], [121.416786, 25.052832], [121.416785, 25.052832], [121.416784, 25.052833], [121.416783, 25.052833], [121.416782, 25.052834], [121.416781, 25.052834], [121.41678, 25.052835], [121.416779, 25.052835], [121.416778, 25.052836], [121.416777, 25.052836], [121.416777, 25.052837], [121.416776, 25.052837], [121.416775, 25.052838], [121.416774, 25.052838], [121.416773, 25.052839], [121.416772, 25.052839], [121.416772, 25.05284], [121.416771, 25.05284], [121.416771, 25.052841], [121.41677, 25.052841], [121.41677, 25.052842], [121.416769, 25.052842], [121.416768, 25.052843], [121.416767, 25.052843], [121.416767, 25.052844], [121.416766, 25.052844], [121.416766, 25.052845], [121.416765, 25.052845], [121.416765, 25.052846], [121.416764, 25.052846], [121.416764, 25.052847], [121.416763, 25.052847], [121.416763, 25.052848], [121.416762, 25.052849], [121.416761, 25.05285], [121.41676, 25.052851], [121.41676, 25.052852], [121.416759, 25.052852], [121.416759, 25.052853], [121.416758, 25.052853], [121.416758, 25.052854], [121.416758, 25.052855], [121.416757, 25.052855], [121.416757, 25.052856], [121.416756, 25.052857], [121.416756, 25.052858], [121.416755, 25.052859], [121.416755, 25.05286], [121.416754, 25.05286], [121.416754, 25.052861], [121.416754, 25.052862], [121.416753, 25.052862], [121.416753, 25.052863], [121.416753, 25.052864], [121.416752, 25.052864], [121.416752, 25.052865], [121.416752, 25.052866], [121.416751, 25.052867], [121.416751, 25.052868], [121.416751, 25.052869], [121.416751, 25.05287], [121.41675, 25.05287], [121.41675, 25.052871], [121.41675, 25.052872], [121.41675, 25.052873], [121.41675, 25.052874], [121.416749, 25.052875], [121.416749, 25.052876], [121.416749, 25.052877], [121.416749, 25.052878], [121.416749, 25.052879], [121.416749, 25.05288], [121.416749, 25.052881], [121.416749, 25.052882], [121.416749, 25.052883], [121.416749, 25.052884], [121.416749, 25.052885], [121.416749, 25.052886], [121.416749, 25.052887], [121.416749, 25.052888], [121.416749, 25.052889], [121.416749, 25.05289], [121.416749, 25.052891], [121.416751, 25.052905], [121.416757, 25.052954], [121.416782, 25.053159], [121.416805, 25.053344], [121.416811, 25.053391], [121.416833, 25.05357], [121.415833, 25.053648], [121.415775, 25.053652], [121.41576, 25.053653], [121.415758, 25.053653], [121.415773, 25.053771], [121.415788, 25.053896], [121.415789, 25.053903], [121.415795, 25.053949], [121.415796, 25.053959], [121.415805, 25.054032], [121.415807, 25.054041], [121.415816, 25.054116], [121.415818, 25.054131], [121.415818, 25.054132], [121.415824, 25.054179], [121.415825, 25.054184], [121.415826, 25.054197], [121.415833, 25.054204], [121.415833, 25.054205], [121.415834, 25.054205], [121.415855, 25.054226], [121.415856, 25.054226], [121.415884, 25.054222], [121.415899, 25.05422], [121.415909, 25.054134], [121.416021, 25.054112], [121.416071, 25.054067], [121.416152, 25.054061], [121.416241, 25.05409], [121.416354, 25.054078], [121.416375, 25.054059], [121.416542, 25.054046], [121.416685, 25.054061], [121.416913, 25.054084], [121.417092, 25.054194], [121.417191, 25.054274], [121.417256, 25.054361], [121.417322, 25.054382], [121.417487, 25.054343], [121.417523, 25.054295], [121.417526, 25.05423], [121.417525, 25.05423]]]]}}, {"type": "Feature", "properties": {"zoning_id": "Z0029", "zone_label": "殯葬設施專用區", "county": "新北市", "area_ha": 0.285}, "geometry": {"type": "MultiPolygon", "coordinates": [[[[121.416088, 25.052419], [121.416083, 25.052366], [121.416058, 25.052371], [121.415996, 25.052381], [121.415639, 25.052445], [121.415673, 25.052722], [121.415675, 25.052731], [121.415677, 25.052756], [121.415694, 25.052925], [121.415761, 25.052922], [121.415786, 25.052957], [121.41579, 25.053018], [121.415841, 25.053015], [121.416035, 25.052977], [121.41614, 25.052961], [121.416126, 25.052816], [121.416124, 25.052792], [121.416112, 25.052662], [121.416107, 25.05261], [121.4161, 25.052537], [121.416088, 25.052419]]]]}}, {"type": "Feature", "properties": {"zoning_id": "Z0030", "zone_label": "公墓用地", "county": "新北市", "area_ha": 1.128}, "geometry": {"type": "MultiPolygon", "coordinates": [[[[121.330999, 25.09148], [121.331006, 25.091486], [121.331021, 25.091499], [121.331185, 25.091616], [121.33119, 25.091619], [121.331191, 25.09162], [121.331224, 25.091644], [121.331225, 25.091668], [121.331231, 25.091672], [121.331272, 25.091701], [121.331376, 25.0918], [121.331393, 25.091817], [121.331454, 25.091876], [121.331496, 25.091844], [121.33141, 25.091767], [121.331402, 25.09176], [121.331407, 25.091727], [121.33142, 25.091648], [121.331407, 25.09153], [121.331423, 25.091496], [121.331316, 25.091231], [121.33137, 25.091219], [121.331345, 25.091153], [121.331363, 25.091143], [121.331338, 25.090999], [121.331336, 25.09099], [121.331318, 25.090982], [121.331283, 25.090967], [121.331281, 25.090965], [121.331248, 25.090924], [121.331235, 25.090928], [121.33122, 25.090932], [121.331213, 25.090921], [121.3312, 25.090901], [121.331181, 25.090898], [121.331179, 25.090893], [121.331154, 25.090806], [121.331139, 25.090807], [121.331131, 25.090808], [121.331114, 25.090792], [121.331087, 25.090766], [121.331068, 25.090748], [121.330962, 25.090692], [121.330965, 25.090685], [121.330981, 25.090651], [121.330954, 25.090614], [121.330956, 25.090573], [121.331011, 25.090531], [121.331065, 25.090524], [121.331076, 25.0905], [121.331059, 25.090484], [121.331012, 25.090441], [121.33097, 25.090402], [121.330966, 25.090336], [121.33094, 25.09023], [121.330897, 25.09019], [121.330889, 25.09019], [121.330766, 25.090196], [121.330589, 25.090086], [121.330487, 25.090112], [121.330448, 25.090121], [121.330423, 25.090221], [121.33039, 25.090251], [121.330372, 25.090284], [121.330375, 25.090426], [121.330376, 25.090427], [121.330376, 25.090448], [121.330393, 25.09046], [121.3304, 25.090464], [121.330403, 25.090488], [121.330395, 25.090531], [121.33034, 25.090567], [121.330343, 25.090627], [121.330364, 25.090677], [121.330384, 25.090725], [121.330373, 25.090736], [121.330379, 25.09076], [121.330403, 25.090917], [121.330422, 25.091032], [121.330433, 25.0911], [121.330458, 25.091259], [121.330478, 25.091394], [121.330487, 25.091448], [121.330493, 25.091492], [121.330745, 25.091251], [121.330942, 25.091428], [121.330959, 25.091444], [121.330999, 25.09148]]]]}}, {"type": "Feature", "properties": {"zoning_id": "Z0031", "zone_label": "公墓用地", "county": "新北市", "area_ha": 0.198}, "geometry": {"type": "MultiPolygon", "coordinates": [[[[121.332246, 25.091903], [121.332279, 25.091937], [121.332296, 25.091999], [121.332282, 25.092058], [121.332281, 25.092093], [121.332287, 25.092104], [121.332292, 25.092115], [121.332312, 25.092104], [121.332416, 25.092047], [121.332558, 25.091943], [121.332557, 25.091922], [121.332616, 25.09186], [121.332657, 25.091833], [121.332701, 25.091802], [121.332714, 25.091794], [121.332777, 25.091764], [121.332817, 25.091746], [121.332826, 25.091694], [121.33281, 25.091667], [121.332752, 25.091647], [121.332771, 25.091638], [121.332758, 25.09161], [121.332727, 25.09158], [121.332721, 25.091576], [121.332752, 25.091569], [121.332763, 25.091527], [121.332732, 25.091503], [121.33271, 25.091512], [121.33266, 25.091532], [121.332554, 25.091601], [121.332415, 25.091647], [121.332395, 25.091654], [121.332219, 25.091805], [121.332207, 25.091841], [121.332246, 25.091903]]]]}}, {"type": "Feature", "properties": {"zoning_id": "Z0032", "zone_label": "公墓用地", "county": "新北市", "area_ha": 0.042}, "geometry": {"type": "MultiPolygon", "coordinates": [[[[121.330595, 25.093007], [121.330605, 25.093014], [121.330622, 25.093013], [121.330628, 25.093012], [121.33063, 25.093013], [121.330685, 25.093026], [121.330695, 25.093051], [121.330696, 25.093053], [121.330745, 25.093056], [121.330745, 25.093055], [121.330815, 25.092955], [121.330816, 25.092942], [121.330753, 25.092905], [121.330749, 25.092913], [121.330741, 25.092932], [121.330729, 25.092956], [121.330702, 25.092951], [121.330619, 25.092936], [121.330573, 25.0929], [121.330552, 25.092872], [121.330538, 25.09284], [121.330526, 25.092808], [121.330492, 25.092761], [121.330447, 25.092732], [121.330441, 25.092736], [121.330425, 25.09275], [121.330394, 25.092776], [121.33043, 25.092803], [121.330464, 25.092851], [121.3305, 25.092868], [121.330512, 25.092891], [121.330505, 25.092919], [121.330535, 25.092962], [121.330565, 25.092984], [121.330582, 25.092997], [121.330595, 25.093007]]]]}}, {"type": "Feature", "properties": {"zoning_id": "Z0033", "zone_label": "公墓用地", "county": "新北市", "area_ha": 0.084}, "geometry": {"type": "MultiPolygon", "coordinates": [[[[121.33097, 25.093107], [121.330981, 25.093123], [121.331008, 25.093126], [121.331047, 25.093147], [121.331074, 25.093169], [121.331135, 25.0932], [121.331154, 25.09321], [121.331339, 25.093012], [121.331306, 25.092956], [121.331298, 25.092942], [121.331243, 25.092843], [121.331221, 25.092852], [121.331031, 25.092936], [121.331056, 25.09299], [121.330983, 25.093028], [121.331054, 25.093071], [121.331004, 25.093086], [121.33097, 25.093106], [121.33097, 25.093107]]]]}}, {"type": "Feature", "properties": {"zoning_id": "Z0034", "zone_label": "公墓用地", "county": "新北市", "area_ha": 0.051}, "geometry": {"type": "MultiPolygon", "coordinates": [[[[121.331543, 25.091641], [121.331549, 25.091727], [121.331602, 25.09178], [121.331649, 25.091825], [121.331656, 25.091835], [121.331677, 25.091933], [121.331636, 25.09202], [121.331621, 25.092037], [121.331589, 25.092077], [121.331571, 25.092089], [121.331505, 25.092136], [121.331471, 25.09216], [121.331408, 25.092162], [121.331405, 25.092233], [121.331377, 25.092313], [121.331396, 25.092313], [121.331434, 25.092248], [121.331545, 25.092177], [121.331592, 25.092146], [121.331602, 25.092136], [121.33168, 25.092065], [121.331706, 25.092041], [121.331727, 25.091994], [121.331723, 25.0919], [121.331697, 25.091829], [121.33161, 25.091719], [121.331574, 25.0916], [121.331541, 25.091602], [121.331543, 25.091641]]]]}}, {"type": "Feature", "properties": {"zoning_id": "Z0035", "zone_label": "公墓用地", "county": "新北市", "area_ha": 84.732}, "geometry": {"type": "MultiPolygon", "coordinates": [[[[121.440293, 25.131202], [121.440119, 25.131283], [121.440035, 25.131329], [121.439664, 25.131237], [121.439549, 25.131208], [121.439391, 25.131077], [121.43934, 25.131084], [121.439187, 25.131205], [121.438363, 25.131347], [121.438305, 25.131352], [121.438018, 25.131289], [121.437962, 25.131294], [121.437813, 25.131438], [121.437586, 25.131459], [121.437522, 25.131463], [121.437434, 25.131474], [121.436976, 25.131622], [121.43659, 25.131619], [121.436501, 25.131653], [121.436409, 25.131689], [121.436144, 25.131792], [121.435936, 25.131819], [121.435718, 25.131829], [121.435604, 25.131815], [121.435404, 25.13205], [121.435244, 25.132238], [121.435243, 25.132239], [121.435242, 25.132241], [121.43524, 25.132242], [121.435239, 25.132244], [121.435238, 25.132245], [121.435237, 25.132246], [121.435236, 25.132248], [121.435234, 25.132249], [121.435233, 25.132251], [121.435232, 25.132252], [121.435231, 25.132254], [121.435229, 25.132255], [121.435228, 25.132256], [121.435227, 25.132258], [121.435226, 25.132259], [121.435225, 25.132261], [121.435223, 25.132262], [121.435222, 25.132263], [121.435221, 25.132265], [121.43522, 25.132266], [121.435218, 25.132268], [121.435217, 25.132269], [121.435216, 25.132271], [121.435215, 25.132272], [121.435213, 25.132273], [121.435212, 25.132275], [121.435211, 25.132276], [121.43521, 25.132278], [121.435209, 25.132279], [121.435207, 25.13228], [121.435206, 25.132282], [121.435205, 25.132283], [121.435204, 25.132285], [121.435202, 25.132286], [121.435201, 25.132287], [121.4352, 25.132289], [121.435199, 25.13229], [121.435197, 25.132292], [121.435196, 25.132293], [121.435195, 25.132294], [121.435194, 25.132296], [121.435192, 25.132297], [121.435191, 25.132299], [121.43519, 25.1323], [121.435189, 25.132301], [121.435187, 25.132303], [121.435186, 25.132304], [121.435185, 25.132306], [121.435184, 25.132307], [121.435182, 25.132308], [121.435181, 25.13231], [121.43518, 25.132311], [121.435178, 25.132313], [121.435177, 25.132314], [121.435176, 25.132315], [121.435175, 25.132317], [121.435173, 25.132318], [121.435172, 25.13232], [121.435171, 25.132321], [121.43517, 25.132322], [121.435168, 25.132324], [121.435167, 25.132325], [121.435166, 25.132326], [121.435164, 25.132328], [121.435163, 25.132329], [121.435162, 25.132331], [121.435161, 25.132332], [121.435159, 25.132333], [121.435158, 25.132335], [121.435157, 25.132336], [121.435156, 25.132338], [121.435154, 25.132339], [121.435153, 25.13234], [121.435152, 25.132342], [121.43515, 25.132343], [121.435149, 25.132344], [121.435148, 25.132346], [121.435147, 25.132347], [121.435145, 25.132349], [121.435144, 25.13235], [121.435143, 25.132351], [121.435141, 25.132353], [121.43514, 25.132354], [121.435139, 25.132355], [121.435138, 25.132357], [121.435136, 25.132358], [121.435135, 25.132359], [121.435134, 25.132361], [121.435132, 25.132362], [121.435131, 25.132364], [121.43513, 25.132365], [121.435128, 25.132366], [121.435127, 25.132368], [121.435126, 25.132369], [121.435125, 25.13237], [121.435123, 25.132372], [121.435122, 25.132373], [121.435121, 25.132374], [121.435119, 25.132376], [121.435118, 25.132377], [121.435117, 25.132379], [121.435115, 25.13238], [121.435114, 25.132381], [121.435113, 25.132383], [121.435111, 25.132384], [121.43511, 25.132385], [121.435109, 25.132387], [121.435108, 25.132388], [121.435106, 25.132389], [121.435105, 25.132391], [121.435104, 25.132392], [121.435102, 25.132393], [121.435101, 25.132395], [121.4351, 25.132396], [121.435098, 25.132397], [121.435097, 25.132399], [121.435096, 25.1324], [121.435094, 25.132402], [121.435093, 25.132403], [121.435092, 25.132404], [121.43509, 25.132406], [121.435089, 25.132407], [121.435088, 25.132408], [121.435086, 25.13241], [121.435085, 25.132411], [121.435084, 25.132412], [121.435082, 25.132414], [121.435081, 25.132415], [121.43508, 25.132416], [121.435078, 25.132418], [121.435077, 25.132419], [121.435076, 25.13242], [121.435074, 25.132422], [121.435073, 25.132423], [121.435072, 25.132424], [121.43507, 25.132426], [121.435069, 25.132427], [121.435068, 25.132428], [121.435066, 25.13243], [121.435065, 25.132431], [121.435064, 25.132432], [121.435062, 25.132434], [121.435061, 25.132435], [121.43506, 25.132436], [121.435058, 25.132438], [121.435057, 25.132439], [121.435056, 25.13244], [121.435054, 25.132442], [121.435053, 25.132443], [121.435052, 25.132444], [121.43505, 25.132446], [121.435049, 25.132447], [121.435048, 25.132448], [121.435046, 25.132449], [121.435045, 25.132451], [121.435043, 25.132452], [121.435042, 25.132453], [121.435041, 25.132455], [121.435039, 25.132456], [121.435038, 25.132457], [121.435037, 25.132459], [121.435035, 25.13246], [121.435034, 25.132461], [121.435033, 25.132463], [121.435031, 25.132464], [121.43503, 25.132465], [121.435028, 25.132467], [121.435027, 25.132468], [121.435026, 25.132469], [121.435024, 25.13247], [121.435023, 25.132472], [121.435022, 25.132473], [121.43502, 25.132474], [121.435019, 25.132476], [121.435017, 25.132477], [121.435016, 25.132478], [121.435015, 25.13248], [121.435013, 25.132481], [121.435012, 25.132482], [121.435011, 25.132484], [121.435009, 25.132485], [121.435008, 25.132486], [121.435006, 25.132487], [121.435005, 25.132489], [121.435004, 25.13249], [121.435002, 25.132491], [121.435001, 25.132493], [121.435, 25.132494], [121.434998, 25.132495], [121.434997, 25.132496], [121.434995, 25.132498], [121.434994, 25.132499], [121.434993, 25.1325], [121.434991, 25.132502], [121.43499, 25.132503], [121.434988, 25.132504], [121.434987, 25.132505], [121.434986, 25.132507], [121.434984, 25.132508], [121.434983, 25.132509], [121.434981, 25.132511], [121.43498, 25.132512], [121.434979, 25.132513], [121.434977, 25.132514], [121.434976, 25.132516], [121.434975, 25.132517], [121.434973, 25.132518], [121.434972, 25.13252], [121.43497, 25.132521], [121.434969, 25.132522], [121.434967, 25.132523], [121.434966, 25.132525], [121.434965, 25.132526], [121.434963, 25.132527], [121.434962, 25.132528], [121.43496, 25.13253], [121.434959, 25.132531], [121.434958, 25.132532], [121.434956, 25.132534], [121.434955, 25.132535], [121.434953, 25.132536], [121.434952, 25.132537], [121.434951, 25.132539], [121.434949, 25.13254], [121.434948, 25.132541], [121.434946, 25.132542], [121.434945, 25.132544], [121.434943, 25.132545], [121.434942, 25.132546], [121.434941, 25.132547], [121.434939, 25.132549], [121.434938, 25.13255], [121.434936, 25.132551], [121.434935, 25.132553], [121.434934, 25.132554], [121.434932, 25.132555], [121.434931, 25.132556], [121.434929, 25.132558], [121.434928, 25.132559], [121.434926, 25.13256], [121.434925, 25.132561], [121.434924, 25.132563], [121.434922, 25.132564], [121.434921, 25.132565], [121.434919, 25.132566], [121.434918, 25.132568], [121.434916, 25.132569], [121.434915, 25.13257], [121.434914, 25.132571], [121.434912, 25.132573], [121.434911, 25.132574], [121.434909, 25.132575], [121.434908, 25.132576], [121.434906, 25.132578], [121.434905, 25.132579], [121.434903, 25.13258], [121.434902, 25.132581], [121.434901, 25.132582], [121.434899, 25.132584], [121.434898, 25.132585], [121.434896, 25.132586], [121.434895, 25.132587], [121.434893, 25.132589], [121.434892, 25.13259], [121.43489, 25.132591], [121.434889, 25.132592], [121.434888, 25.132594], [121.434886, 25.132595], [121.434885, 25.132596], [121.434883, 25.132597], [121.434882, 25.132598], [121.43488, 25.1326], [121.434879, 25.132601], [121.434877, 25.132602], [121.434876, 25.132603], [121.434874, 25.132605], [121.434873, 25.132606], [121.434872, 25.132607], [121.43487, 25.132608], [121.434869, 25.13261], [121.434867, 25.132611], [121.434866, 25.132612], [121.434864, 25.132613], [121.434863, 25.132614], [121.434861, 25.132616], [121.43486, 25.132617], [121.434858, 25.132618], [121.434857, 25.132619], [121.434855, 25.13262], [121.434854, 25.132622], [121.434852, 25.132623], [121.434851, 25.132624], [121.43485, 25.132625], [121.434848, 25.132627], [121.434847, 25.132628], [121.434845, 25.132629], [121.434844, 25.13263], [121.434842, 25.132631], [121.434841, 25.132633], [121.434839, 25.132634], [121.434838, 25.132635], [121.434836, 25.132636], [121.434835, 25.132637], [121.434833, 25.132639], [121.434832, 25.13264], [121.43483, 25.132641], [121.434829, 25.132642], [121.434826, 25.132654], [121.434824, 25.132666], [121.434823, 25.132671], [121.434789, 25.13283], [121.434783, 25.132856], [121.434769, 25.132922], [121.434751, 25.133003], [121.434746, 25.133025], [121.434743, 25.133042], [121.434729, 25.133108], [121.434711, 25.133192], [121.434697, 25.13326], [121.434683, 25.133323], [121.434679, 25.133344], [121.434681, 25.133344], [121.434683, 25.133344], [121.434685, 25.133344], [121.434687, 25.133344], [121.434689, 25.133344], [121.434691, 25.133344], [121.434693, 25.133344], [121.434695, 25.133345], [121.434697, 25.133345], [121.434699, 25.133345], [121.434701, 25.133345], [121.434703, 25.133345], [121.434705, 25.133345], [121.434707, 25.133345], [121.434709, 25.133345], [121.434711, 25.133345], [121.434713, 25.133345], [121.434715, 25.133345], [121.434717, 25.133345], [121.434718, 25.133345], [121.43472, 25.133345], [121.434722, 25.133345], [121.434724, 25.133346], [121.434726, 25.133346], [121.434728, 25.133346], [121.43473, 25.133346], [121.434732, 25.133346], [121.434734, 25.133346], [121.434736, 25.133346], [121.434738, 25.133346], [121.43474, 25.133346], [121.434742, 25.133346], [121.434744, 25.133346], [121.434746, 25.133346], [121.434748, 25.133347], [121.43475, 25.133347], [121.434752, 25.133347], [121.434754, 25.133347], [121.434756, 25.133347], [121.434758, 25.133347], [121.43476, 25.133347], [121.434762, 25.133347], [121.434764, 25.133347], [121.434766, 25.133348], [121.434768, 25.133348], [121.43477, 25.133348], [121.434772, 25.133348], [121.434774, 25.133348], [121.434776, 25.133348], [121.434778, 25.133348], [121.43478, 25.133348], [121.434782, 25.133349], [121.434784, 25.133349], [121.434786, 25.133349], [121.434788, 25.133349], [121.43479, 25.133349], [121.434792, 25.133349], [121.434794, 25.133349], [121.434796, 25.133349], [121.434798, 25.13335], [121.4348, 25.13335], [121.434802, 25.13335], [121.434804, 25.13335], [121.434806, 25.13335], [121.434808, 25.13335], [121.43481, 25.13335], [121.434812, 25.133351], [121.434813, 25.133351], [121.434815, 25.133351], [121.434817, 25.133351], [121.434819, 25.133351], [121.434821, 25.133351], [121.434823, 25.133352], [121.434825, 25.133352], [121.434827, 25.133352], [121.434829, 25.133352], [121.434831, 25.133352], [121.434833, 25.133352], [121.434835, 25.133353], [121.434837, 25.133353], [121.434839, 25.133353], [121.434841, 25.133353], [121.434843, 25.133353], [121.434845, 25.133353], [121.434847, 25.133354], [121.434849, 25.133354], [121.434851, 25.133354], [121.434853, 25.133354], [121.434855, 25.133354], [121.434857, 25.133355], [121.434859, 25.133355], [121.434861, 25.133355], [121.434863, 25.133355], [121.434865, 25.133355], [121.434867, 25.133356], [121.434868, 25.133356], [121.434869, 25.133356], [121.4349, 25.133359], [121.434902, 25.133359], [121.434904, 25.13336], [121.434906, 25.13336], [121.434908, 25.13336], [121.43491, 25.13336], [121.434912, 25.133361], [121.434914, 25.133361], [121.434916, 25.133361], [121.434918, 25.133361], [121.43492, 25.133362], [121.434922, 25.133362], [121.434924, 25.133362], [121.434926, 25.133362], [121.434928, 25.133363], [121.43493, 25.133363], [121.434932, 25.133363], [121.434934, 25.133363], [121.434936, 25.133364], [121.434938, 25.133364], [121.43494, 25.133364], [121.434942, 25.133364], [121.434943, 25.133365], [121.434945, 25.133365], [121.434947, 25.133365], [121.434949, 25.133365], [121.434951, 25.133366], [121.434953, 25.133366], [121.434955, 25.133366], [121.434957, 25.133367], [121.434959, 25.133367], [121.434961, 25.133367], [121.434963, 25.133367], [121.434965, 25.133368], [121.434967, 25.133368], [121.434969, 25.133368], [121.434971, 25.133369], [121.434973, 25.133369], [121.434975, 25.133369], [121.434977, 25.133369], [121.434979, 25.13337], [121.434981, 25.13337], [121.434983, 25.13337], [121.434985, 25.133371], [121.434987, 25.133371], [121.434989, 25.133371], [121.43499, 25.133372], [121.434992, 25.133372], [121.434994, 25.133372], [121.434996, 25.133372], [121.434998, 25.133373], [121.435, 25.133373], [121.435002, 25.133373], [121.435004, 25.133374], [121.435006, 25.133374], [121.435008, 25.133374], [121.43501, 25.133375], [121.435012, 25.133375], [121.435014, 25.133375], [121.435016, 25.133376], [121.435018, 25.133376], [121.43502, 25.133376], [121.435022, 25.133377], [121.435024, 25.133377], [121.435026, 25.133377], [121.435028, 25.133378], [121.43503, 25.133378], [121.435031, 25.133378], [121.435033, 25.133379], [121.435035, 25.133379], [121.435037, 25.133379], [121.435039, 25.13338], [121.435041, 25.13338], [121.435043, 25.13338], [121.435045, 25.133381], [121.435047, 25.133381], [121.435049, 25.133381], [121.435051, 25.133382], [121.435053, 25.133382], [121.435055, 25.133383], [121.435057, 25.133383], [121.435059, 25.133383], [121.435061, 25.133384], [121.435063, 25.133384], [121.435065, 25.133384], [121.435066, 25.133385], [121.435068, 25.133385], [121.43507, 25.133386], [121.435072, 25.133386], [121.435074, 25.133386], [121.435076, 25.133387], [121.435078, 25.133387], [121.43508, 25.133387], [121.435082, 25.133388], [121.435084, 25.133388], [121.435086, 25.133389], [121.435088, 25.133389], [121.43509, 25.133389], [121.435092, 25.13339], [121.435094, 25.13339], [121.435096, 25.133391], [121.435097, 25.133391], [121.435099, 25.133391], [121.435101, 25.133392], [121.435103, 25.133392], [121.435105, 25.133393], [121.435107, 25.133393], [121.435109, 25.133393], [121.435111, 25.133394], [121.435113, 25.133394], [121.435115, 25.133395], [121.435117, 25.133395], [121.435119, 25.133395], [121.435121, 25.133396], [121.435123, 25.133396], [121.435125, 25.133397], [121.435126, 25.133397], [121.435128, 25.133398], [121.43513, 25.133398], [121.435132, 25.133398], [121.435134, 25.133399], [121.435136, 25.133399], [121.435138, 25.1334], [121.43514, 25.1334], [121.435142, 25.133401], [121.435144, 25.133401], [121.435146, 25.133401], [121.435148, 25.133402], [121.43515, 25.133402], [121.435151, 25.133403], [121.435153, 25.133403], [121.435155, 25.133404], [121.435157, 25.133404], [121.435159, 25.133405], [121.435161, 25.133405], [121.435163, 25.133405], [121.435165, 25.133406], [121.435167, 25.133406], [121.435169, 25.133407], [121.435171, 25.133407], [121.435173, 25.133408], [121.435174, 25.133408], [121.435176, 25.133409], [121.435178, 25.133409], [121.43518, 25.13341], [121.435182, 25.13341], [121.435184, 25.133411], [121.435186, 25.133411], [121.435188, 25.133411], [121.43519, 25.133412], [121.435192, 25.133412], [121.435194, 25.133413], [121.435196, 25.133413], [121.435197, 25.133414], [121.435199, 25.133414], [121.435201, 25.133415], [121.435203, 25.133415], [121.435205, 25.133416], [121.435207, 25.133416], [121.435209, 25.133417], [121.435211, 25.133417], [121.435213, 25.133418], [121.435215, 25.133418], [121.435217, 25.133419], [121.435218, 25.133419], [121.43522, 25.13342], [121.435222, 25.13342], [121.435224, 25.133421], [121.435226, 25.133421], [121.435228, 25.133422], [121.43523, 25.133422], [121.435232, 25.133423], [121.435234, 25.133423], [121.435236, 25.133424], [121.435237, 25.133424], [121.435239, 25.133425], [121.435241, 25.133425], [121.435243, 25.133426], [121.435245, 25.133427], [121.435247, 25.133427], [121.435249, 25.133428], [121.435251, 25.133428], [121.435253, 25.133429], [121.435255, 25.133429], [121.435256, 25.13343], [121.435258, 25.13343], [121.43526, 25.133431], [121.435262, 25.133431], [121.435264, 25.133432], [121.435266, 25.133432], [121.435268, 25.133433], [121.435269, 25.133433], [121.43527, 25.133433], [121.435272, 25.133434], [121.435273, 25.133435], [121.435275, 25.133435], [121.435277, 25.133436], [121.435279, 25.133436], [121.435281, 25.133437], [121.435283, 25.133437], [121.435285, 25.133438], [121.435287, 25.133438], [121.435289, 25.133439], [121.43529, 25.13344], [121.435292, 25.13344], [121.435294, 25.133441], [121.435296, 25.133441], [121.435298, 25.133442], [121.4353, 25.133442], [121.435302, 25.133443], [121.435304, 25.133444], [121.435306, 25.133444], [121.435307, 25.133445], [121.435309, 25.133445], [121.435311, 25.133446], [121.435313, 25.133446], [121.435315, 25.133447], [121.435317, 25.133448], [121.435319, 25.133448], [121.435321, 25.133449], [121.435322, 25.133449], [121.435324, 25.13345], [121.435326, 25.133451], [121.435328, 25.133451], [121.43533, 25.133452], [121.435332, 25.133452], [121.435334, 25.133453], [121.435336, 25.133454], [121.435337, 25.133454], [121.435339, 25.133455], [121.435341, 25.133455], [121.435343, 25.133456], [121.435345, 25.133457], [121.435347, 25.133457], [121.435349, 25.133458], [121.43535, 25.133458], [121.435352, 25.133459], [121.435354, 25.13346], [121.435356, 25.13346], [121.435358, 25.133461], [121.43536, 25.133462], [121.435362, 25.133462], [121.435363, 25.133463], [121.435365, 25.133463], [121.435367, 25.133464], [121.435369, 25.133465], [121.435371, 25.133465], [121.435373, 25.133466], [121.435375, 25.133467], [121.435376, 25.133467], [121.435378, 25.133468], [121.43538, 25.133469], [121.435382, 25.133469], [121.435384, 25.13347], [121.435386, 25.13347], [121.435388, 25.133471], [121.435389, 25.133472], [121.435391, 25.133472], [121.435393, 25.133473], [121.435395, 25.133474], [121.435397, 25.133474], [121.435399, 25.133475], [121.435401, 25.133476], [121.435402, 25.133476], [121.435404, 25.133477], [121.435406, 25.133478], [121.435408, 25.133478], [121.435409, 25.133479], [121.43541, 25.133479], [121.435412, 25.13348], [121.435413, 25.13348], [121.435415, 25.133481], [121.435417, 25.133482], [121.435419, 25.133482], [121.435421, 25.133483], [121.435423, 25.133484], [121.435424, 25.133484], [121.435426, 25.133485], [121.435428, 25.133486], [121.43543, 25.133486], [121.435432, 25.133487], [121.435434, 25.133488], [121.435436, 25.133488], [121.435437, 25.133489], [121.435439, 25.13349], [121.435441, 25.133491], [121.435443, 25.133491], [121.435445, 25.133492], [121.435446, 25.133493], [121.435448, 25.133493], [121.43545, 25.133494], [121.435452, 25.133495], [121.435454, 25.133495], [121.435456, 25.133496], [121.435457, 25.133497], [121.435459, 25.133498], [121.435461, 25.133498], [121.435463, 25.133499], [121.435465, 25.1335], [121.435467, 25.1335], [121.435468, 25.133501], [121.43547, 25.133502], [121.435472, 25.133503], [121.435474, 25.133503], [121.435476, 25.133504], [121.435477, 25.133505], [121.435479, 25.133505], [121.435481, 25.133506], [121.435483, 25.133507], [121.435485, 25.133508], [121.435487, 25.133508], [121.435488, 25.133509], [121.43549, 25.13351], [121.435492, 25.133511], [121.435494, 25.133511], [121.435496, 25.133512], [121.435497, 25.133513], [121.435499, 25.133514], [121.435501, 25.133514], [121.435503, 25.133515], [121.435505, 25.133516], [121.435506, 25.133517], [121.435508, 25.133517], [121.43551, 25.133518], [121.435512, 25.133519], [121.435514, 25.13352], [121.435515, 25.13352], [121.435517, 25.133521], [121.435519, 25.133522], [121.435521, 25.133523], [121.435523, 25.133523], [121.435524, 25.133524], [121.435526, 25.133525], [121.435528, 25.133526], [121.43553, 25.133526], [121.435532, 25.133527], [121.435533, 25.133528], [121.435535, 25.133529], [121.435537, 25.13353], [121.435539, 25.13353], [121.435541, 25.133531], [121.435542, 25.133532], [121.435544, 25.133533], [121.435546, 25.133533], [121.435548, 25.133534], [121.43555, 25.133535], [121.435551, 25.133536], [121.435553, 25.133537], [121.435555, 25.133537], [121.435557, 25.133538], [121.435558, 25.133539], [121.43556, 25.13354], [121.435562, 25.133541], [121.435564, 25.133541], [121.435566, 25.133542], [121.435567, 25.133543], [121.435569, 25.133544], [121.435571, 25.133545], [121.435573, 25.133545], [121.435574, 25.133546], [121.435576, 25.133547], [121.435578, 25.133548], [121.43558, 25.133549], [121.435582, 25.133549], [121.435583, 25.13355], [121.435585, 25.133551], [121.435587, 25.133552], [121.435589, 25.133553], [121.43559, 25.133553], [121.435592, 25.133554], [121.435594, 25.133555], [121.435596, 25.133556], [121.435597, 25.133557], [121.435599, 25.133558], [121.435601, 25.133558], [121.435603, 25.133559], [121.435604, 25.13356], [121.435606, 25.133561], [121.435608, 25.133562], [121.43561, 25.133563], [121.435612, 25.133563], [121.435613, 25.133564], [121.435615, 25.133565], [121.435617, 25.133566], [121.435619, 25.133567], [121.43562, 25.133568], [121.435622, 25.133569], [121.435624, 25.133569], [121.435626, 25.13357], [121.435627, 25.133571], [121.435629, 25.133572], [121.435631, 25.133573], [121.435633, 25.133574], [121.435634, 25.133574], [121.435636, 25.133575], [121.435638, 25.133576], [121.435639, 25.133577], [121.435641, 25.133578], [121.435643, 25.133579], [121.435645, 25.13358], [121.435646, 25.133581], [121.435648, 25.133581], [121.43565, 25.133582], [121.435652, 25.133583], [121.435653, 25.133584], [121.435655, 25.133585], [121.435657, 25.133586], [121.435659, 25.133587], [121.43566, 25.133588], [121.435662, 25.133588], [121.435664, 25.133589], [121.435666, 25.13359], [121.435667, 25.133591], [121.435669, 25.133592], [121.435671, 25.133593], [121.435672, 25.133594], [121.435674, 25.133595], [121.435676, 25.133596], [121.435678, 25.133596], [121.435679, 25.133597], [121.435681, 25.133598], [121.435683, 25.133599], [121.435684, 25.1336], [121.435686, 25.133601], [121.435688, 25.133602], [121.43569, 25.133603], [121.435691, 25.133604], [121.435693, 25.133605], [121.435695, 25.133605], [121.435696, 25.133606], [121.435698, 25.133607], [121.4357, 25.133608], [121.435702, 25.133609], [121.435703, 25.13361], [121.435705, 25.133611], [121.435707, 25.133612], [121.435708, 25.133613], [121.43571, 25.133614], [121.435712, 25.133615], [121.435714, 25.133616], [121.435715, 25.133617], [121.435717, 25.133617], [121.435719, 25.133618], [121.43572, 25.133619], [121.435722, 25.13362], [121.435724, 25.133621], [121.435725, 25.133622], [121.435727, 25.133623], [121.435729, 25.133624], [121.43573, 25.133625], [121.435732, 25.133626], [121.435734, 25.133627], [121.435736, 25.133628], [121.435737, 25.133629], [121.435739, 25.13363], [121.435741, 25.133631], [121.435742, 25.133632], [121.435744, 25.133633], [121.435746, 25.133633], [121.435747, 25.133634], [121.435749, 25.133635], [121.435751, 25.133636], [121.435752, 25.133637], [121.435754, 25.133638], [121.435756, 25.133639], [121.435757, 25.13364], [121.435759, 25.133641], [121.435761, 25.133642], [121.435762, 25.133643], [121.435764, 25.133644], [121.435766, 25.133645], [121.435767, 25.133646], [121.435769, 25.133647], [121.435771, 25.133648], [121.435772, 25.133649], [121.435774, 25.13365], [121.435776, 25.133651], [121.435777, 25.133652], [121.435779, 25.133653], [121.435781, 25.133654], [121.435782, 25.133655], [121.435784, 25.133656], [121.435786, 25.133657], [121.435787, 25.133658], [121.435789, 25.133659], [121.435791, 25.13366], [121.435792, 25.133661], [121.435794, 25.133662], [121.435796, 25.133663], [121.435797, 25.133664], [121.435799, 25.133665], [121.435801, 25.133666], [121.435802, 25.133667], [121.435804, 25.133668], [121.435806, 25.133669], [121.435807, 25.13367], [121.435809, 25.133671], [121.435811, 25.133672], [121.435812, 25.133673], [121.435814, 25.133674], [121.435815, 25.133675], [121.435817, 25.133676], [121.435819, 25.133677], [121.43582, 25.133678], [121.435822, 25.133679], [121.435824, 25.13368], [121.435825, 25.133681], [121.435827, 25.133682], [121.435829, 25.133683], [121.43583, 25.133684], [121.435832, 25.133685], [121.435833, 25.133686], [121.435835, 25.133687], [121.435837, 25.133688], [121.435838, 25.133689], [121.43584, 25.13369], [121.435842, 25.133691], [121.435842, 25.133692], [121.435843, 25.133692], [121.435845, 25.133693], [121.435846, 25.133694], [121.435848, 25.133695], [121.43585, 25.133697], [121.435851, 25.133698], [121.435853, 25.133699], [121.435855, 25.1337], [121.435856, 25.133701], [121.435858, 25.133702], [121.435859, 25.133703], [121.435861, 25.133704], [121.435863, 25.133705], [121.435864, 25.133706], [121.435866, 25.133707], [121.435867, 25.133708], [121.435869, 25.133709], [121.435871, 25.13371], [121.435872, 25.133711], [121.435874, 25.133712], [121.435875, 25.133713], [121.435877, 25.133714], [121.435879, 25.133716], [121.43588, 25.133717], [121.435882, 25.133718], [121.435883, 25.133719], [121.435885, 25.13372], [121.435887, 25.133721], [121.435888, 25.133722], [121.43589, 25.133723], [121.435891, 25.133724], [121.435893, 25.133725], [121.435895, 25.133726], [121.435896, 25.133727], [121.435898, 25.133728], [121.435899, 25.13373], [121.435901, 25.133731], [121.435902, 25.133732], [121.435904, 25.133733], [121.435906, 25.133734], [121.435907, 25.133735], [121.435909, 25.133736], [121.43591, 25.133737], [121.435912, 25.133738], [121.435914, 25.133739], [121.435915, 25.13374], [121.435917, 25.133742], [121.435918, 25.133743], [121.43592, 25.133744], [121.435921, 25.133745], [121.435923, 25.133746], [121.435925, 25.133747], [121.435926, 25.133748], [121.435928, 25.133749], [121.435929, 25.13375], [121.435931, 25.133752], [121.435932, 25.133753], [121.435934, 25.133754], [121.435935, 25.133755], [121.435937, 25.133756], [121.435939, 25.133757], [121.43594, 25.133758], [121.435981, 25.133788], [121.435982, 25.133788], [121.435983, 25.133789], [121.435985, 25.133791], [121.435986, 25.133792], [121.435988, 25.133793], [121.435989, 25.133794], [121.435991, 25.133795], [121.435993, 25.133796], [121.435994, 25.133797], [121.435996, 25.133798], [121.435997, 25.133799], [121.435999, 25.133801], [121.436, 25.133802], [121.436002, 25.133803], [121.436004, 25.133804], [121.436005, 25.133805], [121.436007, 25.133806], [121.436008, 25.133807], [121.43601, 25.133808], [121.436011, 25.133809], [121.436013, 25.13381], [121.436015, 25.133812], [121.436016, 25.133813], [121.436018, 25.133814], [121.436019, 25.133815], [121.436021, 25.133816], [121.436023, 25.133817], [121.436024, 25.133818], [121.436026, 25.133819], [121.436027, 25.13382], [121.436029, 25.133821], [121.43603, 25.133822], [121.436032, 25.133823], [121.436034, 25.133825], [121.436035, 25.133826], [121.436037, 25.133827], [121.436038, 25.133828], [121.43604, 25.133829], [121.436042, 25.13383], [121.436043, 25.133831], [121.436045, 25.133832], [121.436046, 25.133833], [121.436048, 25.133834], [121.43605, 25.133835], [121.436051, 25.133836], [121.436053, 25.133837], [121.436054, 25.133838], [121.436056, 25.133839], [121.436058, 25.13384], [121.436059, 25.133842], [121.436061, 25.133843], [121.436063, 25.133844], [121.436064, 25.133845], [121.436066, 25.133846], [121.436067, 25.133847], [121.436069, 25.133848], [121.436071, 25.133849], [121.436072, 25.13385], [121.436074, 25.133851], [121.436075, 25.133852], [121.436077, 25.133853], [121.436079, 25.133854], [121.43608, 25.133855], [121.436082, 25.133856], [121.436084, 25.133857], [121.436085, 25.133858], [121.436087, 25.133859], [121.436089, 25.13386], [121.43609, 25.133861], [121.436092, 25.133862], [121.436093, 25.133863], [121.436095, 25.133864], [121.436097, 25.133865], [121.436098, 25.133866], [121.4361, 25.133867], [121.436102, 25.133868], [121.436103, 25.133869], [121.436105, 25.13387], [121.436107, 25.133871], [121.436108, 25.133872], [121.43611, 25.133873], [121.436111, 25.133874], [121.436113, 25.133875], [121.436115, 25.133876], [121.436116, 25.133877], [121.436118, 25.133878], [121.43612, 25.133879], [121.436121, 25.13388], [121.436123, 25.133881], [121.436125, 25.133882], [121.436126, 25.133883], [121.436128, 25.133884], [121.43613, 25.133885], [121.436131, 25.133886], [121.436133, 25.133887], [121.436135, 25.133888], [121.436136, 25.133889], [121.436138, 25.13389], [121.43614, 25.133891], [121.436141, 25.133892], [121.436143, 25.133893], [121.436145, 25.133894], [121.436146, 25.133895], [121.436148, 25.133896], [121.43615, 25.133897], [121.436151, 25.133898], [121.436153, 25.133899], [121.436155, 25.1339], [121.436156, 25.133901], [121.436158, 25.133902], [121.43616, 25.133903], [121.436161, 25.133904], [121.436163, 25.133905], [121.436165, 25.133906], [121.436166, 25.133907], [121.436168, 25.133908], [121.43617, 25.133909], [121.436172, 25.13391], [121.436173, 25.133911], [121.436175, 25.133911], [121.436177, 25.133912], [121.436178, 25.133913], [121.43618, 25.133914], [121.436182, 25.133915], [121.436183, 25.133916], [121.436185, 25.133917], [121.436187, 25.133918], [121.436188, 25.133919], [121.43619, 25.13392], [121.436192, 25.133921], [121.436194, 25.133922], [121.436195, 25.133923], [121.436197, 25.133924], [121.436199, 25.133925], [121.4362, 25.133925], [121.436202, 25.133926], [121.436204, 25.133927], [121.436205, 25.133928], [121.436207, 25.133929], [121.436209, 25.13393], [121.436211, 25.133931], [121.436212, 25.133932], [121.436214, 25.133933], [121.436216, 25.133934], [121.436217, 25.133935], [121.436219, 25.133936], [121.436221, 25.133936], [121.436223, 25.133937], [121.436224, 25.133938], [121.436226, 25.133939], [121.436228, 25.13394], [121.436229, 25.133941], [121.436231, 25.133942], [121.436233, 25.133943], [121.436235, 25.133944], [121.436236, 25.133945], [121.436238, 25.133945], [121.43624, 25.133946], [121.436242, 25.133947], [121.436243, 25.133948], [121.436245, 25.133949], [121.436247, 25.13395], [121.436248, 25.133951], [121.43625, 25.133952], [121.436252, 25.133952], [121.436254, 25.133953], [121.436255, 25.133954], [121.436257, 25.133955], [121.436259, 25.133956], [121.436261, 25.133957], [121.436262, 25.133958], [121.436264, 25.133959], [121.436266, 25.133959], [121.436268, 25.13396], [121.436269, 25.133961], [121.436271, 25.133962], [121.436273, 25.133963], [121.436275, 25.133964], [121.436276, 25.133965], [121.436278, 25.133965], [121.43628, 25.133966], [121.436282, 25.133967], [121.436283, 25.133968], [121.436285, 25.133969], [121.436287, 25.13397], [121.436289, 25.133971], [121.43629, 25.133971], [121.436292, 25.133972], [121.436294, 25.133973], [121.436296, 25.133974], [121.436297, 25.133975], [121.436299, 25.133976], [121.436301, 25.133976], [121.436303, 25.133977], [121.436304, 25.133978], [121.436306, 25.133979], [121.436308, 25.13398], [121.43631, 25.133981], [121.436311, 25.133981], [121.436313, 25.133982], [121.436315, 25.133983], [121.436317, 25.133984], [121.436319, 25.133985], [121.43632, 25.133985], [121.436322, 25.133986], [121.436324, 25.133987], [121.436326, 25.133988], [121.436327, 25.133989], [121.436329, 25.13399], [121.436331, 25.13399], [121.436333, 25.133991], [121.436334, 25.133992], [121.436336, 25.133993], [121.436338, 25.133994], [121.43634, 25.133994], [121.436342, 25.133995], [121.436343, 25.133996], [121.436345, 25.133997], [121.436347, 25.133998], [121.436349, 25.133998], [121.43635, 25.133999], [121.436352, 25.134], [121.436354, 25.134001], [121.436356, 25.134001], [121.436358, 25.134002], [121.436359, 25.134003], [121.436361, 25.134004], [121.436363, 25.134005], [121.436365, 25.134005], [121.436367, 25.134006], [121.436368, 25.134007], [121.43637, 25.134008], [121.436372, 25.134008], [121.436374, 25.134009], [121.436376, 25.13401], [121.436377, 25.134011], [121.436379, 25.134011], [121.436381, 25.134012], [121.436383, 25.134013], [121.436385, 25.134014], [121.436386, 25.134015], [121.436388, 25.134015], [121.43639, 25.134016], [121.436392, 25.134017], [121.436394, 25.134018], [121.436395, 25.134018], [121.436397, 25.134019], [121.436399, 25.13402], [121.436401, 25.134021], [121.436403, 25.134021], [121.436404, 25.134022], [121.436406, 25.134023], [121.436408, 25.134023], [121.43641, 25.134024], [121.436412, 25.134025], [121.436413, 25.134026], [121.436415, 25.134026], [121.436417, 25.134027], [121.436419, 25.134028], [121.436421, 25.134029], [121.436423, 25.134029], [121.436424, 25.13403], [121.436426, 25.134031], [121.436428, 25.134031], [121.43643, 25.134032], [121.436432, 25.134033], [121.436433, 25.134034], [121.436435, 25.134034], [121.436437, 25.134035], [121.436439, 25.134036], [121.436441, 25.134036], [121.436443, 25.134037], [121.436444, 25.134038], [121.436446, 25.134039], [121.436448, 25.134039], [121.43645, 25.13404], [121.436452, 25.134041], [121.436454, 25.134041], [121.436455, 25.134042], [121.436457, 25.134043], [121.436459, 25.134043], [121.436461, 25.134044], [121.436463, 25.134045], [121.436465, 25.134045], [121.436466, 25.134046], [121.436468, 25.134047], [121.43647, 25.134048], [121.436472, 25.134048], [121.436474, 25.134049], [121.436476, 25.13405], [121.436477, 25.13405], [121.436479, 25.134051], [121.436481, 25.134052], [121.436483, 25.134052], [121.436485, 25.134053], [121.436487, 25.134054], [121.436489, 25.134054], [121.43649, 25.134055], [121.436492, 25.134056], [121.436494, 25.134056], [121.436496, 25.134057], [121.436498, 25.134058], [121.4365, 25.134058], [121.436501, 25.134059], [121.436503, 25.134059], [121.436505, 25.13406], [121.436507, 25.134061], [121.436509, 25.134061], [121.436511, 25.134062], [121.436513, 25.134063], [121.436514, 25.134063], [121.436516, 25.134064], [121.436518, 25.134065], [121.43652, 25.134065], [121.436522, 25.134066], [121.436524, 25.134067], [121.436526, 25.134067], [121.436527, 25.134068], [121.436529, 25.134068], [121.436531, 25.134069], [121.436533, 25.13407], [121.436535, 25.13407], [121.436537, 25.134071], [121.436539, 25.134071], [121.43654, 25.134072], [121.436542, 25.134073], [121.436544, 25.134073], [121.436546, 25.134074], [121.436548, 25.134075], [121.43655, 25.134075], [121.436552, 25.134076], [121.436554, 25.134076], [121.436555, 25.134077], [121.436557, 25.134078], [121.436559, 25.134078], [121.436561, 25.134079], [121.436563, 25.134079], [121.436565, 25.13408], [121.436567, 25.134081], [121.436568, 25.134081], [121.436569, 25.134081], [121.436571, 25.134082], [121.436573, 25.134082], [121.436574, 25.134083], [121.436576, 25.134084], [121.436578, 25.134084], [121.43658, 25.134085], [121.436582, 25.134085], [121.436584, 25.134086], [121.436586, 25.134086], [121.436588, 25.134087], [121.436589, 25.134088], [121.436591, 25.134088], [121.436593, 25.134089], [121.436595, 25.134089], [121.436597, 25.13409], [121.436599, 25.13409], [121.436601, 25.134091], [121.436603, 25.134092], [121.436605, 25.134092], [121.436606, 25.134093], [121.436608, 25.134093], [121.43661, 25.134094], [121.436612, 25.134094], [121.436614, 25.134095], [121.436616, 25.134095], [121.436618, 25.134096], [121.43662, 25.134097], [121.436622, 25.134097], [121.436623, 25.134098], [121.436625, 25.134098], [121.436627, 25.134099], [121.436629, 25.134099], [121.436631, 25.1341], [121.436633, 25.1341], [121.436635, 25.134101], [121.436637, 25.134101], [121.436639, 25.134102], [121.43664, 25.134102], [121.436641, 25.134103], [121.436642, 25.134103], [121.436644, 25.134103], [121.436646, 25.134104], [121.436648, 25.134105], [121.43665, 25.134105], [121.436652, 25.134106], [121.436654, 25.134106], [121.436656, 25.134107], [121.436658, 25.134107], [121.436659, 25.134108], [121.436661, 25.134108], [121.436663, 25.134109], [121.436665, 25.134109], [121.436667, 25.13411], [121.436669, 25.13411], [121.436671, 25.134111], [121.436673, 25.134111], [121.436675, 25.134112], [121.436677, 25.134112], [121.436679, 25.134113], [121.43668, 25.134113], [121.436682, 25.134114], [121.436684, 25.134114], [121.436686, 25.134115], [121.436688, 25.134115], [121.43669, 25.134115], [121.436692, 25.134116], [121.436694, 25.134116], [121.436696, 25.134117], [121.436698, 25.134117], [121.4367, 25.134118], [121.436701, 25.134118], [121.436703, 25.134119], [121.436705, 25.134119], [121.436707, 25.13412], [121.436709, 25.13412], [121.436711, 25.134121], [121.436713, 25.134121], [121.436715, 25.134122], [121.436717, 25.134122], [121.436719, 25.134122], [121.436721, 25.134123], [121.436723, 25.134123], [121.436724, 25.134124], [121.436726, 25.134124], [121.436728, 25.134125], [121.43673, 25.134125], [121.436732, 25.134126], [121.436734, 25.134126], [121.436736, 25.134127], [121.436738, 25.134127], [121.43674, 25.134127], [121.436742, 25.134128], [121.436744, 25.134128], [121.436746, 25.134129], [121.436748, 25.134129], [121.43675, 25.13413], [121.436751, 25.13413], [121.436753, 25.13413], [121.436755, 25.134131], [121.436757, 25.134131], [121.436759, 25.134132], [121.436761, 25.134132], [121.436763, 25.134132], [121.436765, 25.134133], [121.436767, 25.134133], [121.436769, 25.134134], [121.436771, 25.134134], [121.436773, 25.134135], [121.436775, 25.134135], [121.436777, 25.134135], [121.436778, 25.134136], [121.43678, 25.134136], [121.436782, 25.134137], [121.436784, 25.134137], [121.436786, 25.134137], [121.436788, 25.134138], [121.43679, 25.134138], [121.436792, 25.134138], [121.436794, 25.134139], [121.436796, 25.134139], [121.436798, 25.13414], [121.4368, 25.13414], [121.436802, 25.13414], [121.436804, 25.134141], [121.436806, 25.134141], [121.436808, 25.134142], [121.436809, 25.134142], [121.436811, 25.134142], [121.436813, 25.134143], [121.436815, 25.134143], [121.436817, 25.134143], [121.436819, 25.134144], [121.436821, 25.134144], [121.436823, 25.134144], [121.436825, 25.134145], [121.436827, 25.134145], [121.436829, 25.134146], [121.436831, 25.134146], [121.436833, 25.134146], [121.436835, 25.134147], [121.436837, 25.134147], [121.436839, 25.134147], [121.436841, 25.134148], [121.436843, 25.134148], [121.436844, 25.134148], [121.436846, 25.134149], [121.436848, 25.134149], [121.43685, 25.134149], [121.436852, 25.13415], [121.436854, 25.13415], [121.436856, 25.13415], [121.436858, 25.134151], [121.43686, 25.134151], [121.436862, 25.134151], [121.436864, 25.134152], [121.436866, 25.134152], [121.436868, 25.134152], [121.43687, 25.134153], [121.436872, 25.134153], [121.436874, 25.134153], [121.436876, 25.134154], [121.436878, 25.134154], [121.43688, 25.134154], [121.436882, 25.134154], [121.436884, 25.134155], [121.436885, 25.134155], [121.436887, 25.134155], [121.436889, 25.134156], [121.436891, 25.134156], [121.436893, 25.134156], [121.436895, 25.134157], [121.436897, 25.134157], [121.436899, 25.134157], [121.436901, 25.134157], [121.436903, 25.134158], [121.436905, 25.134158], [121.436907, 25.134158], [121.436909, 25.134159], [121.436911, 25.134159], [121.436913, 25.134159], [121.436915, 25.134159], [121.436917, 25.13416], [121.436919, 25.13416], [121.436921, 25.13416], [121.436923, 25.13416], [121.436925, 25.134161], [121.436927, 25.134161], [121.436929, 25.134161], [121.436931, 25.134162], [121.436932, 25.134162], [121.436934, 25.134162], [121.436936, 25.134162], [121.436938, 25.134163], [121.43694, 25.134163], [121.436942, 25.134163], [121.436944, 25.134163], [121.436946, 25.134164], [121.436948, 25.134164], [121.43695, 25.134164], [121.436952, 25.134164], [121.436954, 25.134165], [121.436956, 25.134165], [121.436958, 25.134165], [121.43696, 25.134165], [121.436962, 25.134166], [121.436964, 25.134166], [121.436966, 25.134166], [121.437048, 25.134176], [121.43705, 25.134176], [121.437052, 25.134176], [121.437054, 25.134176], [121.437056, 25.134177], [121.437058, 25.134177], [121.43706, 25.134177], [121.437062, 25.134177], [121.437064, 25.134178], [121.437066, 25.134178], [121.437068, 25.134178], [121.43707, 25.134178], [121.437072, 25.134179], [121.437074, 25.134179], [121.437076, 25.134179], [121.437078, 25.13418], [121.43708, 25.13418], [121.437082, 25.13418], [121.437084, 25.13418], [121.437086, 25.134181], [121.437088, 25.134181], [121.437089, 25.134181], [121.437091, 25.134182], [121.437093, 25.134182], [121.437095, 25.134182], [121.437097, 25.134183], [121.437099, 25.134183], [121.437101, 25.134183], [121.437103, 25.134184], [121.437105, 25.134184], [121.437107, 25.134184], [121.437109, 25.134185], [121.437111, 25.134185], [121.437113, 25.134185], [121.437115, 25.134186], [121.437117, 25.134186], [121.437119, 25.134187], [121.437121, 25.134187], [121.437123, 25.134187], [121.437124, 25.134188], [121.437126, 25.134188], [121.437128, 25.134189], [121.43713, 25.134189], [121.437132, 25.134189], [121.437134, 25.13419], [121.437136, 25.13419], [121.437138, 25.134191], [121.43714, 25.134191], [121.437142, 25.134191], [121.437144, 25.134192], [121.437146, 25.134192], [121.437148, 25.134193], [121.43715, 25.134193], [121.437151, 25.134194], [121.437153, 25.134194], [121.437155, 25.134195], [121.437157, 25.134195], [121.437159, 25.134195], [121.437161, 25.134196], [121.437163, 25.134196], [121.437165, 25.134197], [121.437167, 25.134197], [121.437169, 25.134198], [121.437171, 25.134198], [121.437173, 25.134199], [121.437174, 25.134199], [121.437176, 25.1342], [121.437178, 25.1342], [121.43718, 25.134201], [121.437182, 25.134201], [121.437184, 25.134202], [121.437186, 25.134202], [121.437188, 25.134203], [121.43719, 25.134203], [121.437192, 25.134204], [121.437193, 25.134204], [121.437195, 25.134205], [121.437197, 25.134206], [121.437199, 25.134206], [121.437201, 25.134207], [121.437203, 25.134207], [121.437205, 25.134208], [121.437207, 25.134208], [121.437209, 25.134209], [121.43721, 25.134209], [121.437212, 25.13421], [121.437214, 25.134211], [121.437216, 25.134211], [121.437218, 25.134212], [121.43722, 25.134212], [121.437222, 25.134213], [121.437224, 25.134214], [121.437225, 25.134214], [121.437227, 25.134215], [121.437229, 25.134215], [121.437231, 25.134216], [121.437233, 25.134217], [121.437235, 25.134217], [121.437237, 25.134218], [121.437238, 25.134219], [121.43724, 25.134219], [121.437242, 25.13422], [121.437244, 25.13422], [121.437246, 25.134221], [121.437248, 25.134222], [121.43725, 25.134222], [121.437251, 25.134223], [121.437253, 25.134224], [121.437255, 25.134224], [121.437257, 25.134225], [121.437259, 25.134226], [121.437261, 25.134226], [121.437262, 25.134227], [121.437264, 25.134228], [121.437266, 25.134228], [121.437268, 25.134229], [121.43727, 25.13423], [121.437272, 25.134231], [121.437273, 25.134231], [121.437275, 25.134232], [121.437277, 25.134233], [121.437279, 25.134233], [121.437281, 25.134234], [121.437283, 25.134235], [121.437284, 25.134236], [121.437286, 25.134236], [121.437288, 25.134237], [121.43729, 25.134238], [121.437292, 25.134238], [121.437293, 25.134239], [121.437295, 25.13424], [121.437297, 25.134241], [121.437299, 25.134241], [121.437301, 25.134242], [121.437302, 25.134243], [121.437304, 25.134244], [121.437306, 25.134245], [121.437308, 25.134245], [121.43731, 25.134246], [121.437311, 25.134247], [121.437313, 25.134248], [121.437315, 25.134248], [121.437317, 25.134249], [121.437319, 25.13425], [121.43732, 25.134251], [121.437322, 25.134252], [121.437324, 25.134253], [121.437326, 25.134253], [121.437327, 25.134254], [121.437329, 25.134255], [121.437331, 25.134256], [121.437333, 25.134257], [121.437334, 25.134257], [121.437336, 25.134258], [121.437338, 25.134259], [121.43734, 25.13426], [121.437341, 25.134261], [121.437343, 25.134262], [121.437345, 25.134263], [121.437347, 25.134263], [121.437348, 25.134264], [121.43735, 25.134265], [121.437352, 25.134266], [121.437354, 25.134267], [121.437355, 25.134268], [121.437357, 25.134269], [121.437359, 25.13427], [121.437361, 25.13427], [121.437362, 25.134271], [121.437364, 25.134272], [121.437366, 25.134273], [121.437367, 25.134274], [121.437369, 25.134275], [121.437371, 25.134276], [121.437373, 25.134277], [121.437374, 25.134278], [121.437376, 25.134279], [121.437378, 25.13428], [121.437379, 25.13428], [121.437381, 25.134281], [121.437383, 25.134282], [121.437384, 25.134283], [121.437386, 25.134284], [121.437388, 25.134285], [121.43739, 25.134286], [121.437391, 25.134287], [121.437393, 25.134288], [121.437395, 25.134289], [121.437396, 25.13429], [121.437398, 25.134291], [121.4374, 25.134292], [121.437401, 25.134293], [121.437403, 25.134294], [121.437405, 25.134295], [121.437406, 25.134296], [121.437408, 25.134297], [121.43741, 25.134298], [121.437411, 25.134299], [121.437413, 25.1343], [121.437415, 25.134301], [121.437416, 25.134302], [121.437418, 25.134303], [121.437419, 25.134304], [121.437421, 25.134305], [121.437423, 25.134306], [121.437424, 25.134307], [121.437426, 25.134308], [121.437428, 25.134309], [121.437429, 25.13431], [121.437431, 25.134311], [121.437432, 25.134311], [121.437433, 25.134312], [121.437434, 25.134313], [121.437436, 25.134314], [121.437437, 25.134315], [121.437439, 25.134316], [121.437441, 25.134317], [121.437442, 25.134318], [121.437444, 25.134319], [121.437445, 25.13432], [121.437447, 25.134322], [121.437449, 25.134323], [121.43745, 25.134324], [121.437452, 25.134325], [121.437453, 25.134326], [121.437455, 25.134327], [121.437456, 25.134328], [121.437458, 25.134329], [121.43746, 25.13433], [121.437461, 25.134331], [121.437463, 25.134332], [121.437464, 25.134334], [121.437466, 25.134335], [121.437467, 25.134336], [121.437469, 25.134337], [121.437471, 25.134338], [121.437472, 25.134339], [121.437474, 25.13434], [121.437475, 25.134341], [121.437477, 25.134343], [121.437478, 25.134344], [121.43748, 25.134345], [121.437481, 25.134346], [121.437483, 25.134347], [121.437484, 25.134348], [121.437485, 25.134349], [121.437486, 25.134349], [121.437487, 25.134351], [121.437489, 25.134352], [121.437491, 25.134353], [121.437492, 25.134354], [121.437494, 25.134355], [121.437495, 25.134356], [121.437497, 25.134358], [121.437498, 25.134359], [121.4375, 25.13436], [121.437501, 25.134361], [121.437503, 25.134362], [121.437504, 25.134364], [121.437506, 25.134365], [121.437507, 25.134366], [121.437508, 25.134367], [121.43751, 25.134368], [121.437511, 25.13437], [121.437513, 25.134371], [121.437514, 25.134372], [121.437516, 25.134373], [121.437517, 25.134374], [121.437519, 25.134376], [121.43752, 25.134377], [121.437522, 25.134378], [121.437523, 25.134379], [121.437525, 25.134381], [121.437526, 25.134382], [121.437527, 25.134383], [121.437529, 25.134384], [121.43753, 25.134386], [121.437532, 25.134387], [121.437533, 25.134388], [121.437535, 25.134389], [121.437536, 25.134391], [121.437537, 25.134392], [121.437539, 25.134393], [121.43754, 25.134394], [121.437542, 25.134396], [121.437543, 25.134397], [121.437544, 25.134398], [121.437546, 25.1344], [121.437547, 25.134401], [121.437549, 25.134402], [121.43755, 25.134403], [121.437551, 25.134405], [121.437553, 25.134406], [121.437554, 25.134407], [121.437556, 25.134409], [121.437557, 25.13441], [121.437558, 25.134411], [121.43756, 25.134412], [121.437561, 25.134414], [121.437562, 25.134415], [121.437564, 25.134416], [121.437565, 25.134418], [121.437566, 25.134419], [121.437568, 25.13442], [121.437569, 25.134422], [121.43757, 25.134423], [121.437572, 25.134424], [121.437573, 25.134426], [121.437574, 25.134427], [121.437576, 25.134428], [121.437577, 25.13443], [121.437578, 25.134431], [121.43758, 25.134432], [121.437581, 25.134434], [121.437582, 25.134435], [121.437584, 25.134437], [121.437585, 25.134438], [121.437586, 25.134439], [121.437587, 25.134441], [121.437589, 25.134442], [121.43759, 25.134443], [121.437591, 25.134445], [121.437593, 25.134446], [121.437594, 25.134448], [121.437595, 25.134449], [121.437596, 25.13445], [121.437598, 25.134452], [121.437599, 25.134453], [121.4376, 25.134455], [121.437601, 25.134456], [121.437603, 25.134457], [121.437604, 25.134459], [121.437605, 25.13446], [121.437606, 25.134462], [121.437608, 25.134463], [121.437609, 25.134464], [121.43761, 25.134466], [121.437611, 25.134467], [121.437613, 25.134469], [121.437614, 25.13447], [121.437615, 25.134471], [121.437616, 25.134473], [121.437617, 25.134474], [121.437619, 25.134476], [121.43762, 25.134477], [121.437621, 25.134479], [121.437622, 25.13448], [121.437623, 25.134482], [121.437625, 25.134483], [121.437626, 25.134484], [121.437627, 25.134486], [121.437628, 25.134487], [121.437629, 25.134489], [121.43763, 25.13449], [121.437632, 25.134492], [121.437633, 25.134493], [121.437634, 25.134495], [121.437635, 25.134496], [121.437636, 25.134498], [121.437637, 25.134499], [121.437638, 25.134501], [121.43764, 25.134502], [121.437641, 25.134504], [121.437642, 25.134505], [121.437643, 25.134507], [121.437644, 25.134508], [121.437645, 25.13451], [121.437646, 25.134511], [121.437647, 25.134513], [121.437649, 25.134514], [121.43765, 25.134516], [121.437651, 25.134517], [121.437652, 25.134519], [121.437653, 25.13452], [121.437654, 25.134522], [121.437655, 25.134523], [121.437656, 25.134525], [121.437657, 25.134526], [121.437658, 25.134528], [121.437659, 25.134529], [121.43766, 25.134531], [121.437662, 25.134532], [121.437663, 25.134534], [121.437664, 25.134535], [121.437665, 25.134537], [121.437666, 25.134538], [121.437667, 25.13454], [121.437668, 25.134541], [121.437669, 25.134543], [121.43767, 25.134544], [121.437671, 25.134546], [121.437672, 25.134548], [121.437673, 25.134549], [121.437674, 25.134551], [121.437675, 25.134552], [121.437676, 25.134554], [121.437677, 25.134555], [121.437678, 25.134557], [121.437679, 25.134558], [121.43768, 25.13456], [121.437681, 25.134562], [121.437682, 25.134563], [121.437683, 25.134565], [121.437684, 25.134566], [121.437685, 25.134568], [121.437686, 25.134569], [121.437687, 25.134571], [121.437688, 25.134573], [121.437689, 25.134574], [121.43769, 25.134576], [121.43769, 25.134577], [121.437691, 25.134579], [121.437692, 25.134581], [121.437693, 25.134582], [121.437694, 25.134584], [121.437695, 25.134585], [121.437696, 25.134587], [121.437697, 25.134589], [121.437698, 25.13459], [121.437699, 25.134592], [121.4377, 25.134593], [121.437701, 25.134595], [121.437701, 25.134597], [121.437702, 25.134598], [121.437703, 25.1346], [121.437704, 25.134601], [121.437705, 25.134603], [121.437706, 25.134605], [121.437707, 25.134606], [121.437708, 25.134608], [121.437708, 25.13461], [121.437709, 25.134611], [121.43771, 25.134613], [121.437711, 25.134614], [121.437712, 25.134616], [121.437713, 25.134618], [121.437714, 25.134619], [121.437714, 25.134621], [121.437715, 25.134623], [121.437716, 25.134624], [121.437717, 25.134626], [121.437718, 25.134628], [121.437718, 25.134629], [121.437719, 25.134631], [121.43772, 25.134633], [121.437721, 25.134634], [121.437722, 25.134636], [121.437722, 25.134638], [121.437723, 25.134639], [121.437724, 25.134641], [121.437725, 25.134642], [121.437726, 25.134644], [121.437726, 25.134646], [121.437727, 25.134647], [121.437728, 25.134649], [121.437729, 25.134651], [121.437729, 25.134652], [121.43773, 25.134654], [121.437731, 25.134656], [121.437732, 25.134658], [121.437732, 25.134659], [121.437733, 25.134661], [121.437734, 25.134663], [121.437735, 25.134664], [121.437735, 25.134666], [121.437736, 25.134668], [121.437737, 25.134669], [121.437737, 25.134671], [121.437738, 25.134673], [121.437739, 25.134674], [121.437739, 25.134676], [121.43774, 25.134678], [121.437741, 25.134679], [121.437742, 25.134681], [121.437742, 25.134683], [121.437743, 25.134685], [121.437744, 25.134686], [121.437744, 25.134688], [121.437745, 25.13469], [121.437745, 25.134691], [121.437746, 25.134693], [121.437747, 25.134695], [121.437747, 25.134696], [121.437748, 25.134698], [121.437749, 25.1347], [121.437749, 25.134702], [121.43775, 25.134703], [121.437751, 25.134705], [121.437751, 25.134707], [121.437752, 25.134708], [121.437752, 25.13471], [121.437753, 25.134712], [121.437754, 25.134714], [121.437754, 25.134715], [121.437755, 25.134717], [121.437755, 25.134719], [121.437756, 25.134721], [121.437756, 25.134722], [121.437757, 25.134724], [121.437758, 25.134726], [121.437758, 25.134727], [121.437759, 25.134729], [121.437759, 25.134731], [121.43776, 25.134733], [121.43776, 25.134734], [121.437761, 25.134736], [121.437761, 25.134738], [121.437762, 25.13474], [121.437762, 25.134741], [121.437763, 25.134743], [121.437764, 25.134745], [121.437764, 25.134747], [121.437765, 25.134748], [121.437765, 25.13475], [121.437766, 25.134752], [121.437766, 25.134754], [121.437767, 25.134755], [121.437767, 25.134757], [121.437767, 25.134759], [121.437768, 25.134761], [121.437768, 25.134762], [121.437769, 25.134764], [121.437769, 25.134766], [121.43777, 25.134767], [121.437771, 25.134773], [121.437772, 25.134775], [121.437772, 25.134777], [121.437773, 25.134779], [121.437773, 25.13478], [121.437773, 25.134782], [121.437774, 25.134784], [121.437774, 25.134786], [121.437775, 25.134787], [121.437775, 25.134789], [121.437776, 25.134791], [121.437776, 25.134793], [121.437776, 25.134794], [121.437777, 25.134796], [121.437777, 25.134798], [121.437777, 25.1348], [121.437778, 25.134801], [121.437778, 25.134803], [121.437778, 25.134805], [121.437779, 25.134807], [121.437779, 25.134809], [121.43778, 25.13481], [121.43778, 25.134812], [121.43778, 25.134814], [121.43778, 25.134816], [121.437781, 25.134818], [121.437781, 25.134819], [121.437781, 25.134821], [121.437782, 25.134823], [121.437782, 25.134825], [121.437782, 25.134826], [121.437782, 25.134828], [121.437783, 25.13483], [121.437783, 25.134832], [121.437783, 25.134834], [121.437783, 25.134835], [121.437784, 25.134837], [121.437784, 25.134839], [121.437784, 25.134841], [121.437784, 25.134843], [121.437785, 25.134844], [121.437785, 25.134846], [121.437785, 25.134848], [121.437785, 25.13485], [121.437785, 25.134852], [121.437786, 25.134853], [121.437786, 25.134855], [121.437786, 25.134857], [121.437786, 25.134859], [121.437786, 25.134861], [121.437786, 25.134862], [121.437787, 25.134864], [121.437787, 25.134866], [121.437787, 25.134868], [121.437787, 25.13487], [121.437787, 25.134871], [121.437787, 25.134873], [121.437787, 25.134875], [121.437787, 25.134877], [121.437787, 25.134879], [121.437788, 25.13488], [121.437788, 25.134882], [121.437788, 25.134884], [121.437788, 25.134886], [121.437788, 25.134888], [121.437788, 25.134889], [121.437788, 25.134891], [121.437788, 25.134893], [121.437788, 25.134895], [121.437788, 25.134897], [121.437788, 25.134898], [121.437788, 25.1349], [121.437788, 25.134902], [121.437788, 25.134904], [121.437788, 25.134906], [121.437788, 25.134907], [121.437788, 25.134909], [121.437788, 25.134911], [121.437788, 25.134913], [121.437788, 25.134915], [121.437788, 25.134916], [121.437788, 25.134918], [121.437788, 25.13492], [121.437788, 25.134922], [121.437788, 25.134924], [121.437788, 25.134926], [121.437788, 25.134927], [121.437787, 25.134929], [121.437787, 25.134931], [121.437787, 25.134933], [121.437787, 25.134935], [121.437787, 25.134936], [121.437787, 25.134938], [121.437787, 25.13494], [121.437787, 25.134942], [121.437787, 25.134944], [121.437786, 25.134945], [121.437786, 25.134947], [121.437786, 25.134949], [121.437786, 25.134951], [121.437786, 25.134953], [121.437786, 25.134954], [121.437785, 25.134956], [121.437785, 25.134958], [121.437785, 25.13496], [121.437785, 25.134962], [121.437785, 25.134963], [121.437784, 25.134965], [121.437784, 25.134967], [121.437784, 25.134969], [121.437784, 25.134971], [121.437784, 25.134972], [121.437783, 25.134974], [121.437783, 25.134976], [121.437783, 25.134978], [121.437783, 25.134979], [121.437782, 25.134981], [121.437782, 25.134983], [121.437782, 25.134985], [121.437781, 25.134987], [121.437781, 25.134988], [121.437781, 25.13499], [121.437781, 25.134992], [121.43778, 25.134994], [121.43778, 25.134996], [121.43778, 25.134997], [121.437779, 25.134999], [121.437779, 25.135001], [121.437779, 25.135003], [121.437778, 25.135004], [121.437778, 25.135006], [121.437778, 25.135008], [121.437777, 25.13501], [121.437777, 25.135012], [121.437776, 25.135013], [121.437776, 25.135015], [121.437776, 25.135017], [121.437775, 25.135019], [121.437775, 25.13502], [121.437774, 25.135022], [121.437774, 25.135024], [121.437774, 25.135026], [121.437773, 25.135027], [121.437773, 25.135029], [121.437772, 25.135031], [121.437772, 25.135033], [121.437771, 25.135034], [121.437771, 25.135036], [121.43777, 25.135038], [121.43777, 25.13504], [121.43777, 25.135042], [121.437769, 25.135043], [121.437769, 25.135045], [121.437768, 25.135047], [121.437768, 25.135049], [121.437767, 25.13505], [121.437767, 25.135052], [121.437766, 25.135054], [121.437766, 25.135055], [121.437765, 25.135057], [121.437764, 25.135059], [121.437764, 25.135061], [121.437763, 25.135062], [121.437763, 25.135064], [121.437762, 25.135066], [121.437762, 25.135068], [121.437761, 25.135069], [121.437761, 25.135071], [121.43776, 25.135073], [121.437759, 25.135075], [121.437759, 25.135076], [121.437758, 25.135078], [121.437758, 25.13508], [121.437757, 25.135081], [121.437756, 25.135083], [121.437756, 25.135085], [121.437755, 25.135087], [121.437754, 25.135088], [121.437754, 25.13509], [121.437753, 25.135092], [121.437752, 25.135093], [121.437752, 25.135095], [121.437751, 25.135097], [121.43775, 25.135098], [121.43775, 25.1351], [121.437749, 25.135102], [121.437748, 25.135104], [121.437748, 25.135105], [121.437747, 25.135107], [121.437746, 25.135109], [121.437746, 25.13511], [121.437745, 25.135112], [121.437744, 25.135114], [121.437743, 25.135115], [121.437743, 25.135117], [121.437742, 25.135119], [121.437741, 25.13512], [121.43774, 25.135122], [121.43774, 25.135124], [121.437739, 25.135125], [121.437738, 25.135127], [121.437737, 25.135129], [121.437736, 25.13513], [121.437736, 25.135132], [121.437735, 25.135134], [121.437734, 25.135135], [121.437733, 25.135137], [121.437732, 25.135139], [121.437732, 25.13514], [121.437731, 25.135142], [121.43773, 25.135144], [121.437729, 25.135145], [121.437728, 25.135147], [121.437727, 25.135148], [121.437727, 25.13515], [121.437726, 25.135152], [121.437725, 25.135153], [121.437724, 25.135155], [121.437723, 25.135157], [121.437722, 25.135158], [121.437721, 25.13516], [121.43772, 25.135161], [121.43772, 25.135163], [121.437719, 25.135165], [121.437718, 25.135166], [121.437717, 25.135168], [121.437716, 25.135169], [121.437715, 25.135171], [121.437714, 25.135173], [121.437713, 25.135174], [121.437712, 25.135176], [121.437711, 25.135177], [121.43771, 25.135179], [121.437709, 25.135181], [121.437708, 25.135182], [121.437707, 25.135184], [121.437706, 25.135185], [121.437705, 25.135187], [121.437704, 25.135188], [121.437703, 25.13519], [121.437702, 25.135191], [121.437701, 25.135193], [121.4377, 25.135195], [121.437699, 25.135196], [121.437698, 25.135198], [121.437697, 25.135199], [121.437696, 25.135201], [121.437695, 25.135202], [121.437694, 25.135204], [121.437693, 25.135205], [121.437692, 25.135207], [121.437691, 25.135208], [121.43769, 25.13521], [121.437689, 25.135212], [121.437688, 25.135213], [121.437687, 25.135215], [121.437686, 25.135216], [121.437685, 25.135218], [121.437684, 25.135219], [121.437683, 25.135219], [121.437682, 25.135221], [121.437681, 25.135222], [121.43768, 25.135224], [121.437679, 25.135225], [121.437678, 25.135227], [121.437677, 25.135228], [121.437676, 25.13523], [121.437675, 25.135231], [121.437673, 25.135232], [121.437672, 25.135234], [121.437671, 25.135235], [121.43767, 25.135237], [121.437669, 25.135238], [121.437668, 25.13524], [121.437666, 25.135241], [121.437665, 25.135243], [121.437664, 25.135244], [121.437663, 25.135246], [121.437662, 25.135247], [121.437661, 25.135248], [121.437659, 25.13525], [121.437658, 25.135251], [121.437657, 25.135253], [121.437656, 25.135254], [121.437654, 25.135256], [121.437653, 25.135257], [121.437652, 25.135258], [121.437651, 25.13526], [121.437649, 25.135261], [121.437648, 25.135263], [121.437647, 25.135264], [121.437646, 25.135265], [121.437644, 25.135267], [121.437643, 25.135268], [121.437642, 25.13527], [121.437641, 25.135271], [121.437639, 25.135272], [121.437638, 25.135274], [121.437637, 25.135275], [121.437636, 25.135277], [121.437634, 25.135278], [121.437633, 25.135279], [121.437632, 25.135281], [121.43763, 25.135282], [121.437629, 25.135283], [121.437628, 25.135285], [121.437626, 25.135286], [121.437625, 25.135287], [121.437624, 25.135289], [121.437622, 25.13529], [121.437621, 25.135291], [121.43762, 25.135293], [121.437618, 25.135294], [121.437617, 25.135295], [121.437615, 25.135297], [121.437614, 25.135298], [121.437613, 25.135299], [121.437611, 25.1353], [121.43761, 25.135302], [121.437609, 25.135303], [121.437607, 25.135304], [121.437606, 25.135306], [121.437604, 25.135307], [121.437603, 25.135308], [121.437602, 25.135309], [121.4376, 25.135311], [121.437599, 25.135312], [121.437597, 25.135313], [121.437596, 25.135314], [121.437594, 25.135316], [121.437593, 25.135317], [121.437592, 25.135318], [121.43759, 25.135319], [121.437589, 25.135321], [121.437587, 25.135322], [121.437586, 25.135323], [121.437584, 25.135324], [121.437583, 25.135326], [121.437581, 25.135327], [121.43758, 25.135328], [121.437578, 25.135329], [121.437577, 25.13533], [121.437575, 25.135332], [121.437574, 25.135333], [121.437572, 25.135334], [121.437571, 25.135335], [121.437569, 25.135336], [121.437568, 25.135337], [121.437566, 25.135339], [121.437565, 25.13534], [121.437563, 25.135341], [121.437562, 25.135342], [121.43756, 25.135343], [121.437559, 25.135344], [121.437557, 25.135346], [121.437556, 25.135347], [121.437554, 25.135348], [121.437553, 25.135349], [121.437551, 25.13535], [121.43755, 25.135351], [121.437548, 25.135352], [121.437546, 25.135353], [121.437545, 25.135354], [121.437543, 25.135356], [121.437542, 25.135357], [121.43754, 25.135358], [121.437539, 25.135359], [121.437537, 25.13536], [121.437535, 25.135361], [121.437534, 25.135362], [121.437532, 25.135363], [121.437531, 25.135364], [121.437529, 25.135365], [121.437527, 25.135366], [121.437526, 25.135367], [121.437524, 25.135368], [121.437522, 25.135369], [121.437521, 25.135371], [121.437519, 25.135372], [121.437518, 25.135373], [121.437516, 25.135374], [121.437514, 25.135375], [121.437513, 25.135376], [121.437511, 25.135377], [121.437509, 25.135378], [121.437508, 25.135379], [121.437506, 25.13538], [121.437504, 25.135381], [121.437503, 25.135382], [121.437501, 25.135383], [121.437499, 25.135384], [121.437498, 25.135385], [121.437496, 25.135385], [121.437494, 25.135386], [121.437493, 25.135387], [121.437491, 25.135388], [121.437489, 25.135389], [121.437488, 25.13539], [121.437486, 25.135391], [121.437484, 25.135392], [121.437483, 25.135393], [121.437481, 25.135394], [121.438024, 25.135397], [121.438038, 25.135416], [121.438045, 25.135425], [121.438522, 25.136039], [121.438617, 25.136161], [121.439009, 25.136411], [121.439348, 25.136627], [121.439568, 25.1371], [121.440133, 25.137158], [121.440477, 25.137366], [121.440629, 25.137458], [121.441316, 25.137873], [121.442094, 25.138599], [121.44267, 25.139137], [121.443409, 25.13948], [121.444275, 25.139881], [121.444701, 25.141165], [121.444745, 25.141156], [121.445225, 25.141042], [121.445702, 25.140912], [121.446152, 25.140725], [121.446592, 25.140512], [121.446997, 25.140255], [121.447383, 25.139971], [121.447743, 25.139315], [121.448116, 25.139361], [121.448266, 25.139197], [121.448413, 25.139036], [121.448433, 25.139013], [121.448705, 25.138636], [121.448773, 25.138541], [121.448977, 25.138258], [121.449231, 25.13787], [121.449434, 25.137559], [121.449439, 25.137539], [121.449453, 25.137485], [121.44946, 25.137456], [121.449469, 25.137419], [121.449509, 25.137261], [121.449513, 25.137245], [121.449522, 25.137209], [121.449535, 25.137156], [121.449137, 25.137059], [121.448945, 25.137012], [121.448793, 25.137441], [121.448733, 25.137608], [121.448288, 25.137488], [121.447969, 25.137403], [121.447588, 25.137172], [121.447577, 25.137165], [121.447053, 25.136846], [121.446832, 25.136712], [121.446707, 25.136637], [121.446719, 25.136593], [121.446722, 25.136525], [121.4463, 25.136221], [121.446227, 25.13647], [121.446169, 25.136457], [121.446202, 25.136344], [121.446239, 25.136218], [121.445609, 25.136134], [121.445632, 25.135992], [121.44629, 25.136079], [121.446372, 25.13603], [121.446376, 25.136028], [121.446787, 25.135783], [121.447001, 25.135656], [121.447012, 25.135649], [121.447275, 25.135334], [121.447349, 25.135221], [121.447337, 25.135068], [121.44733, 25.134976], [121.44726, 25.134858], [121.447203, 25.134461], [121.447194, 25.134451], [121.447048, 25.134278], [121.447316, 25.133991], [121.447444, 25.13389], [121.447436, 25.13389], [121.447036, 25.133858], [121.447019, 25.133776], [121.446992, 25.133643], [121.446975, 25.13356], [121.44696, 25.133487], [121.446955, 25.133465], [121.446973, 25.133364], [121.446985, 25.133298], [121.447149, 25.13334], [121.447148, 25.13332], [121.446988, 25.133283], [121.44699, 25.133269], [121.447015, 25.133273], [121.447014, 25.133264], [121.447008, 25.13319], [121.447041, 25.133185], [121.447164, 25.133193], [121.447165, 25.133247], [121.447174, 25.133245], [121.447171, 25.133169], [121.447202, 25.133171], [121.447565, 25.133142], [121.447684, 25.133139], [121.447741, 25.133138], [121.44785, 25.133118], [121.447963, 25.133073], [121.448058, 25.133062], [121.448024, 25.133], [121.447543, 25.132133], [121.447246, 25.131968], [121.446974, 25.13185], [121.446667, 25.131805], [121.446493, 25.131815], [121.446271, 25.132005], [121.446103, 25.13211], [121.445969, 25.132137], [121.445205, 25.131977], [121.444812, 25.131801], [121.444693, 25.131748], [121.444687, 25.131749], [121.444629, 25.131753], [121.444386, 25.131839], [121.444267, 25.131858], [121.444137, 25.131795], [121.444088, 25.131714], [121.444062, 25.131675], [121.443998, 25.131579], [121.443859, 25.131588], [121.44379, 25.131634], [121.443682, 25.131814], [121.443603, 25.131896], [121.443484, 25.131946], [121.44326, 25.131892], [121.442958, 25.131929], [121.442705, 25.131926], [121.442443, 25.131994], [121.441892, 25.132068], [121.441489, 25.131591], [121.441142, 25.13165], [121.441115, 25.131646], [121.441088, 25.131642], [121.440993, 25.131626], [121.44088, 25.131596], [121.440677, 25.131543], [121.440649, 25.131535], [121.440477, 25.13149], [121.440455, 25.131455], [121.440433, 25.131421], [121.440293, 25.131202]], [[121.436072, 25.133544], [121.436108, 25.133666], [121.436084, 25.133672], [121.43604, 25.133683], [121.436007, 25.133691], [121.435973, 25.133699], [121.435953, 25.13363], [121.435946, 25.133603], [121.435938, 25.133577], [121.436072, 25.133544]]]]}}, {"type": "Feature", "properties": {"zoning_id": "Z0036", "zone_label": "公墓用地", "county": "新北市", "area_ha": 12.416}, "geometry": {"type": "MultiPolygon", "coordinates": [[[[121.329943, 25.088908], [121.329902, 25.088945], [121.329898, 25.088948], [121.329809, 25.089033], [121.329688, 25.089145], [121.32949, 25.089368], [121.329397, 25.089513], [121.329308, 25.089705], [121.329303, 25.089717], [121.329254, 25.089826], [121.32923, 25.089851], [121.329147, 25.089938], [121.329077, 25.090012], [121.328941, 25.090155], [121.328936, 25.09016], [121.328977, 25.090214], [121.329082, 25.090353], [121.329092, 25.090366], [121.329113, 25.090393], [121.329148, 25.09044], [121.329336, 25.090686], [121.329471, 25.090863], [121.329573, 25.090997], [121.329628, 25.091069], [121.32961, 25.091084], [121.329556, 25.091133], [121.329359, 25.091305], [121.329245, 25.091263], [121.329007, 25.091176], [121.328864, 25.091181], [121.32877, 25.091226], [121.328725, 25.091247], [121.328676, 25.091298], [121.328539, 25.091448], [121.32853, 25.091459], [121.328427, 25.091572], [121.328407, 25.091597], [121.328374, 25.091622], [121.328367, 25.091627], [121.328375, 25.09165], [121.328393, 25.091696], [121.328436, 25.091815], [121.328449, 25.091849], [121.3285, 25.091992], [121.328505, 25.092013], [121.328548, 25.092226], [121.328552, 25.092247], [121.328573, 25.092251], [121.328583, 25.092253], [121.328605, 25.092258], [121.328603, 25.092278], [121.328705, 25.092275], [121.328722, 25.092286], [121.328736, 25.092295], [121.328896, 25.092344], [121.328946, 25.092354], [121.328943, 25.092358], [121.32903, 25.092385], [121.32906, 25.092398], [121.329084, 25.092409], [121.329106, 25.092419], [121.329109, 25.09244], [121.32903, 25.092448], [121.329013, 25.09245], [121.328958, 25.09247], [121.328901, 25.092469], [121.328849, 25.092487], [121.328835, 25.092505], [121.328794, 25.092496], [121.328714, 25.092529], [121.328708, 25.092537], [121.328699, 25.092548], [121.329275, 25.092962], [121.330162, 25.093076], [121.330254, 25.093088], [121.330268, 25.09309], [121.330453, 25.093218], [121.330595, 25.093484], [121.330601, 25.093495], [121.330814, 25.093444], [121.330844, 25.093437], [121.331084, 25.093699], [121.331168, 25.093707], [121.331195, 25.093709], [121.331211, 25.093633], [121.331265, 25.093611], [121.331283, 25.093604], [121.331382, 25.093619], [121.331441, 25.093632], [121.331504, 25.093646], [121.331476, 25.093595], [121.331434, 25.093577], [121.331456, 25.093556], [121.331462, 25.093551], [121.331466, 25.093551], [121.331512, 25.09355], [121.33151, 25.093488], [121.331469, 25.09349], [121.331457, 25.093477], [121.331423, 25.093475], [121.331403, 25.093495], [121.331399, 25.093498], [121.331388, 25.093495], [121.33137, 25.09349], [121.331333, 25.093501], [121.331322, 25.093488], [121.331363, 25.093433], [121.331368, 25.093401], [121.331465, 25.093288], [121.331543, 25.093213], [121.331545, 25.093173], [121.331545, 25.09317], [121.331559, 25.092911], [121.331609, 25.092845], [121.331741, 25.092764], [121.331754, 25.092756], [121.331782, 25.092786], [121.331872, 25.092814], [121.331956, 25.092806], [121.33199, 25.092804], [121.331865, 25.092689], [121.331796, 25.092641], [121.331792, 25.092593], [121.331828, 25.092546], [121.33183, 25.092544], [121.331831, 25.092544], [121.331841, 25.092543], [121.331844, 25.092543], [121.331866, 25.092559], [121.331873, 25.092564], [121.331906, 25.092548], [121.331973, 25.092543], [121.331986, 25.092541], [121.33209, 25.092525], [121.332125, 25.092502], [121.332175, 25.092493], [121.332216, 25.092445], [121.332212, 25.092403], [121.332225, 25.092385], [121.332229, 25.092354], [121.332251, 25.092346], [121.33246, 25.092173], [121.33256, 25.092086], [121.332632, 25.092037], [121.332636, 25.092035], [121.332639, 25.092033], [121.332669, 25.092033], [121.332689, 25.09201], [121.3327, 25.091984], [121.332726, 25.091961], [121.332743, 25.091909], [121.332753, 25.091908], [121.332754, 25.091907], [121.33278, 25.091905], [121.332787, 25.091904], [121.332798, 25.091891], [121.332822, 25.091911], [121.332869, 25.091928], [121.332877, 25.091928], [121.332898, 25.091928], [121.332934, 25.091913], [121.332951, 25.09188], [121.332961, 25.091879], [121.332913, 25.091636], [121.332908, 25.091613], [121.332897, 25.091555], [121.332897, 25.091554], [121.3329, 25.091546], [121.332959, 25.091406], [121.333087, 25.091309], [121.332944, 25.091195], [121.332484, 25.090827], [121.332376, 25.090741], [121.332334, 25.090706], [121.332258, 25.090642], [121.332049, 25.090459], [121.332026, 25.090439], [121.331818, 25.090257], [121.331765, 25.090209], [121.33141, 25.089904], [121.331247, 25.089764], [121.331095, 25.089633], [121.330788, 25.089369], [121.33049, 25.089103], [121.330452, 25.08907], [121.330363, 25.089], [121.3301, 25.088775], [121.330022, 25.088852], [121.329943, 25.088908]], [[121.33097, 25.093106], [121.331004, 25.093086], [121.331054, 25.093071], [121.330983, 25.093028], [121.331056, 25.09299], [121.331031, 25.092936], [121.331221, 25.092852], [121.331243, 25.092843], [121.331298, 25.092942], [121.331306, 25.092956], [121.331339, 25.093012], [121.331154, 25.09321], [121.331135, 25.0932], [121.331074, 25.093169], [121.331047, 25.093147], [121.331008, 25.093126], [121.330981, 25.093123], [121.33097, 25.093107], [121.33097, 25.093106]], [[121.330582, 25.092997], [121.330565, 25.092984], [121.330535, 25.092962], [121.330505, 25.092919], [121.330512, 25.092891], [121.3305, 25.092868], [121.330464, 25.092851], [121.33043, 25.092803], [121.330394, 25.092776], [121.330425, 25.09275], [121.330441, 25.092736], [121.330447, 25.092732], [121.330492, 25.092761], [121.330526, 25.092808], [121.330538, 25.09284], [121.330552, 25.092872], [121.330573, 25.0929], [121.330619, 25.092936], [121.330702, 25.092951], [121.330729, 25.092956], [121.330741, 25.092932], [121.330749, 25.092913], [121.330753, 25.092905], [121.330816, 25.092942], [121.330815, 25.092955], [121.330745, 25.093055], [121.330745, 25.093056], [121.330696, 25.093053], [121.330695, 25.093051], [121.330685, 25.093026], [121.33063, 25.093013], [121.330628, 25.093012], [121.330622, 25.093013], [121.330605, 25.093014], [121.330595, 25.093007], [121.330582, 25.092997]], [[121.331574, 25.0916], [121.33161, 25.091719], [121.331697, 25.091829], [121.331723, 25.0919], [121.331727, 25.091994], [121.331706, 25.092041], [121.33168, 25.092065], [121.331602, 25.092136], [121.331592, 25.092146], [121.331545, 25.092177], [121.331434, 25.092248], [121.331396, 25.092313], [121.331377, 25.092313], [121.331405, 25.092233], [121.331408, 25.092162], [121.331471, 25.09216], [121.331505, 25.092136], [121.331571, 25.092089], [121.331589, 25.092077], [121.331621, 25.092037], [121.331636, 25.09202], [121.331677, 25.091933], [121.331656, 25.091835], [121.331649, 25.091825], [121.331602, 25.09178], [121.331549, 25.091727], [121.331543, 25.091641], [121.331541, 25.091602], [121.331574, 25.0916]], [[121.33227, 25.091761], [121.332395, 25.091654], [121.332415, 25.091647], [121.332554, 25.091601], [121.33266, 25.091532], [121.33271, 25.091512], [121.332732, 25.091503], [121.332763, 25.091527], [121.332752, 25.091569], [121.332721, 25.091576], [121.332727, 25.09158], [121.332758, 25.09161], [121.332771, 25.091638], [121.332752, 25.091647], [121.33281, 25.091667], [121.332826, 25.091694], [121.332817, 25.091746], [121.332777, 25.091764], [121.332714, 25.091794], [121.332701, 25.091802], [121.332657, 25.091833], [121.332616, 25.09186], [121.332557, 25.091922], [121.332558, 25.091943], [121.332416, 25.092047], [121.332312, 25.092104], [121.332292, 25.092115], [121.332287, 25.092104], [121.332281, 25.092093], [121.332282, 25.092058], [121.332296, 25.091999], [121.332279, 25.091937], [121.332246, 25.091903], [121.332207, 25.091841], [121.332219, 25.091805], [121.33227, 25.091761]], [[121.330403, 25.090488], [121.3304, 25.090464], [121.330393, 25.09046], [121.330376, 25.090448], [121.330376, 25.090427], [121.330375, 25.090426], [121.330372, 25.090284], [121.33039, 25.090251], [121.330423, 25.090221], [121.330448, 25.090121], [121.330487, 25.090112], [121.330589, 25.090086], [121.330766, 25.090196], [121.330889, 25.09019], [121.330897, 25.09019], [121.33094, 25.09023], [121.330966, 25.090336], [121.33097, 25.090402], [121.331012, 25.090441], [121.331059, 25.090484], [121.331076, 25.0905], [121.331065, 25.090524], [121.331011, 25.090531], [121.330956, 25.090573], [121.330954, 25.090614], [121.330981, 25.090651], [121.330965, 25.090685], [121.330962, 25.090692], [121.331032, 25.09073], [121.331068, 25.090748], [121.331087, 25.090766], [121.331114, 25.090792], [121.331131, 25.090808], [121.331139, 25.090807], [121.331154, 25.090806], [121.331179, 25.090893], [121.331181, 25.090898], [121.331187, 25.090899], [121.3312, 25.090901], [121.331213, 25.090921], [121.331216, 25.090925], [121.33122, 25.090932], [121.331235, 25.090928], [121.331248, 25.090924], [121.331265, 25.090945], [121.331281, 25.090965], [121.331283, 25.090967], [121.331318, 25.090982], [121.331336, 25.09099], [121.331338, 25.090999], [121.331347, 25.09105], [121.331363, 25.091143], [121.331345, 25.091153], [121.33137, 25.091219], [121.331316, 25.091231], [121.331423, 25.091496], [121.331407, 25.09153], [121.33142, 25.091648], [121.331407, 25.091727], [121.331402, 25.09176], [121.33141, 25.091767], [121.331496, 25.091844], [121.331454, 25.091876], [121.331393, 25.091817], [121.331376, 25.0918], [121.331272, 25.091701], [121.331231, 25.091672], [121.331225, 25.091668], [121.331224, 25.091644], [121.331191, 25.09162], [121.33119, 25.091619], [121.331185, 25.091616], [121.331085, 25.091545], [121.331021, 25.091499], [121.331006, 25.091486], [121.330999, 25.09148], [121.330959, 25.091444], [121.330942, 25.091428], [121.330745, 25.091251], [121.330493, 25.091492], [121.330487, 25.091448], [121.330478, 25.091394], [121.330458, 25.091259], [121.330433, 25.0911], [121.330422, 25.091032], [121.330403, 25.090917], [121.330379, 25.09076], [121.330373, 25.090736], [121.330384, 25.090725], [121.330364, 25.090677], [121.330343, 25.090627], [121.33034, 25.090567], [121.330395, 25.090531], [121.330403, 25.090488]]]]}}, {"type": "Feature", "properties": {"zoning_id": "Z0037", "zone_label": "殯葬設施用地", "county": "新北市", "area_ha": 0.528}, "geometry": {"type": "MultiPolygon", "coordinates": [[[[121.431201, 25.060635], [121.431237, 25.060551], [121.431171, 25.060319], [121.430843, 25.060483], [121.430769, 25.060438], [121.430701, 25.060304], [121.430554, 25.060351], [121.430465, 25.060387], [121.430254, 25.060547], [121.430506, 25.061026], [121.430573, 25.061045], [121.430687, 25.061034], [121.430965, 25.060892], [121.431066, 25.060896], [121.431081, 25.060911], [121.431201, 25.060635]]]]}}, {"type": "Feature", "properties": {"zoning_id": "Z0038", "zone_label": "公墓用地", "county": "新北市", "area_ha": 0.0}, "geometry": {"type": "MultiPolygon", "coordinates": [[[[121.413116, 25.031741], [121.413115, 25.031743], [121.413115, 25.031745], [121.413116, 25.031744], [121.413116, 25.031741]]]]}}, {"type": "Feature", "properties": {"zoning_id": "Z0039", "zone_label": "公墓用地", "county": "新北市", "area_ha": 7.536}, "geometry": {"type": "MultiPolygon", "coordinates": [[[[121.413493, 25.034404], [121.413775, 25.03428], [121.413795, 25.034266], [121.413799, 25.034264], [121.414163, 25.034024], [121.414172, 25.034019], [121.414082, 25.03392], [121.414081, 25.033918], [121.414147, 25.033875], [121.414395, 25.033712], [121.414511, 25.033693], [121.414564, 25.033723], [121.414636, 25.033762], [121.414697, 25.033852], [121.414697, 25.033853], [121.414773, 25.033818], [121.414791, 25.033784], [121.414733, 25.033653], [121.414745, 25.033587], [121.414746, 25.033587], [121.414889, 25.033535], [121.414961, 25.033489], [121.415005, 25.03344], [121.415035, 25.033406], [121.415007, 25.03336], [121.415026, 25.033324], [121.415027, 25.033324], [121.415346, 25.033182], [121.41539, 25.03319], [121.415489, 25.033188], [121.415347, 25.033063], [121.415301, 25.032656], [121.415298, 25.032632], [121.415274, 25.032418], [121.415427, 25.032389], [121.41551, 25.032374], [121.41565, 25.032347], [121.415655, 25.032346], [121.415362, 25.032026], [121.415357, 25.03202], [121.415097, 25.031736], [121.415059, 25.031694], [121.415563, 25.031741], [121.415565, 25.031742], [121.415577, 25.031747], [121.415645, 25.031774], [121.415675, 25.031786], [121.416073, 25.031945], [121.41628, 25.031933], [121.416266, 25.03193], [121.41614, 25.031902], [121.415827, 25.031833], [121.415308, 25.031604], [121.414864, 25.031338], [121.414745, 25.031243], [121.414737, 25.031236], [121.414701, 25.031252], [121.414699, 25.031252], [121.414698, 25.031253], [121.414696, 25.031254], [121.414694, 25.031255], [121.414692, 25.031255], [121.41469, 25.031256], [121.414689, 25.031257], [121.414687, 25.031258], [121.414685, 25.031258], [121.414683, 25.031259], [121.414681, 25.03126], [121.414679, 25.031261], [121.414678, 25.031261], [121.414676, 25.031262], [121.414674, 25.031263], [121.414672, 25.031263], [121.41467, 25.031264], [121.414669, 25.031265], [121.414667, 25.031266], [121.414665, 25.031266], [121.414663, 25.031267], [121.414661, 25.031268], [121.414659, 25.031268], [121.414657, 25.031269], [121.414656, 25.03127], [121.414654, 25.03127], [121.414652, 25.031271], [121.41465, 25.031272], [121.414648, 25.031272], [121.414646, 25.031273], [121.414645, 25.031274], [121.414643, 25.031274], [121.414641, 25.031275], [121.414639, 25.031275], [121.414637, 25.031276], [121.414635, 25.031277], [121.414633, 25.031277], [121.414632, 25.031278], [121.41463, 25.031279], [121.414628, 25.031279], [121.414626, 25.03128], [121.414624, 25.03128], [121.414622, 25.031281], [121.41462, 25.031282], [121.414619, 25.031282], [121.414617, 25.031283], [121.414615, 25.031283], [121.414613, 25.031284], [121.414611, 25.031285], [121.414609, 25.031285], [121.414607, 25.031286], [121.414605, 25.031286], [121.414603, 25.031287], [121.414602, 25.031287], [121.4146, 25.031288], [121.414598, 25.031288], [121.414596, 25.031289], [121.414594, 25.03129], [121.414592, 25.03129], [121.41459, 25.031291], [121.414588, 25.031291], [121.414586, 25.031292], [121.414585, 25.031292], [121.414583, 25.031293], [121.414581, 25.031293], [121.414579, 25.031294], [121.414577, 25.031294], [121.414575, 25.031295], [121.414573, 25.031295], [121.414571, 25.031296], [121.414569, 25.031296], [121.414567, 25.031297], [121.414566, 25.031297], [121.414564, 25.031298], [121.414562, 25.031298], [121.41456, 25.031299], [121.414558, 25.031299], [121.414556, 25.0313], [121.414554, 25.0313], [121.414552, 25.0313], [121.41455, 25.031301], [121.414548, 25.031301], [121.414546, 25.031302], [121.414544, 25.031302], [121.414543, 25.031303], [121.414541, 25.031303], [121.414539, 25.031303], [121.414537, 25.031304], [121.414535, 25.031304], [121.414533, 25.031305], [121.414531, 25.031305], [121.414529, 25.031306], [121.414527, 25.031306], [121.414525, 25.031306], [121.414523, 25.031307], [121.414521, 25.031307], [121.414519, 25.031308], [121.414517, 25.031308], [121.414515, 25.031308], [121.414514, 25.031309], [121.414512, 25.031309], [121.41451, 25.031309], [121.414508, 25.03131], [121.414506, 25.03131], [121.414504, 25.03131], [121.414502, 25.031311], [121.4145, 25.031311], [121.414498, 25.031311], [121.414496, 25.031312], [121.414494, 25.031312], [121.414492, 25.031312], [121.41449, 25.031313], [121.414488, 25.031313], [121.414486, 25.031313], [121.414484, 25.031314], [121.414482, 25.031314], [121.41448, 25.031314], [121.414478, 25.031315], [121.414477, 25.031315], [121.414475, 25.031315], [121.414473, 25.031316], [121.414471, 25.031316], [121.414469, 25.031316], [121.414467, 25.031316], [121.414465, 25.031317], [121.414463, 25.031317], [121.414461, 25.031317], [121.414459, 25.031317], [121.414457, 25.031318], [121.414455, 25.031318], [121.414453, 25.031318], [121.414451, 25.031318], [121.414449, 25.031319], [121.414447, 25.031319], [121.414445, 25.031319], [121.414443, 25.031319], [121.414441, 25.03132], [121.414439, 25.03132], [121.414437, 25.03132], [121.414435, 25.03132], [121.414433, 25.03132], [121.414431, 25.031321], [121.414429, 25.031321], [121.414427, 25.031321], [121.414425, 25.031321], [121.414423, 25.031321], [121.414422, 25.031322], [121.41442, 25.031322], [121.414418, 25.031322], [121.414416, 25.031322], [121.414414, 25.031322], [121.414412, 25.031322], [121.41441, 25.031323], [121.414408, 25.031323], [121.414406, 25.031323], [121.414404, 25.031323], [121.414402, 25.031323], [121.4144, 25.031323], [121.414398, 25.031323], [121.414396, 25.031323], [121.414394, 25.031324], [121.414392, 25.031324], [121.41439, 25.031324], [121.414388, 25.031324], [121.414386, 25.031324], [121.414384, 25.031324], [121.414382, 25.031324], [121.41438, 25.031324], [121.414378, 25.031324], [121.414074, 25.031338], [121.413875, 25.031347], [121.41367, 25.031356], [121.413668, 25.031356], [121.413666, 25.031356], [121.413664, 25.031356], [121.413662, 25.031356], [121.41366, 25.031356], [121.413658, 25.031356], [121.413656, 25.031356], [121.413654, 25.031357], [121.413652, 25.031357], [121.41365, 25.031357], [121.413648, 25.031357], [121.413646, 25.031357], [121.413644, 25.031357], [121.413642, 25.031358], [121.41364, 25.031358], [121.413638, 25.031358], [121.413636, 25.031358], [121.413635, 25.031359], [121.413633, 25.031359], [121.413631, 25.031359], [121.413629, 25.031359], [121.413627, 25.03136], [121.413625, 25.03136], [121.413623, 25.03136], [121.413621, 25.03136], [121.413619, 25.031361], [121.413617, 25.031361], [121.413615, 25.031361], [121.413613, 25.031362], [121.413611, 25.031362], [121.413609, 25.031362], [121.413607, 25.031363], [121.413605, 25.031363], [121.413603, 25.031363], [121.413601, 25.031364], [121.413599, 25.031364], [121.413597, 25.031364], [121.413595, 25.031365], [121.413594, 25.031365], [121.413592, 25.031366], [121.41359, 25.031366], [121.413588, 25.031366], [121.413586, 25.031367], [121.413584, 25.031367], [121.413582, 25.031368], [121.41358, 25.031368], [121.413578, 25.031369], [121.413576, 25.031369], [121.413574, 25.03137], [121.413572, 25.03137], [121.41357, 25.031371], [121.413569, 25.031371], [121.413567, 25.031372], [121.413565, 25.031372], [121.413563, 25.031373], [121.413561, 25.031373], [121.413559, 25.031374], [121.413557, 25.031374], [121.413555, 25.031375], [121.413553, 25.031375], [121.413552, 25.031376], [121.41355, 25.031376], [121.413548, 25.031377], [121.413546, 25.031378], [121.413544, 25.031378], [121.413542, 25.031379], [121.41354, 25.031379], [121.413538, 25.03138], [121.413537, 25.031381], [121.413535, 25.031381], [121.413533, 25.031382], [121.413531, 25.031383], [121.413529, 25.031383], [121.413527, 25.031384], [121.413526, 25.031384], [121.413524, 25.031385], [121.413522, 25.031386], [121.41352, 25.031387], [121.413518, 25.031387], [121.413516, 25.031388], [121.413515, 25.031389], [121.413513, 25.031389], [121.413511, 25.03139], [121.413509, 25.031391], [121.413507, 25.031392], [121.413505, 25.031392], [121.413504, 25.031393], [121.413502, 25.031394], [121.4135, 25.031395], [121.413498, 25.031395], [121.413497, 25.031396], [121.413495, 25.031397], [121.413493, 25.031398], [121.413491, 25.031399], [121.413489, 25.031399], [121.413488, 25.0314], [121.413486, 25.031401], [121.413484, 25.031402], [121.413482, 25.031403], [121.413481, 25.031404], [121.413479, 25.031404], [121.413477, 25.031405], [121.413475, 25.031406], [121.413474, 25.031407], [121.413472, 25.031408], [121.41347, 25.031409], [121.413469, 25.03141], [121.413467, 25.031411], [121.413465, 25.031412], [121.413463, 25.031413], [121.413462, 25.031413], [121.41346, 25.031414], [121.413458, 25.031415], [121.413457, 25.031416], [121.413455, 25.031417], [121.413453, 25.031418], [121.413452, 25.031419], [121.41345, 25.03142], [121.413448, 25.031421], [121.413447, 25.031422], [121.413445, 25.031423], [121.413443, 25.031424], [121.413442, 25.031425], [121.41344, 25.031426], [121.413438, 25.031427], [121.413437, 25.031428], [121.413435, 25.031429], [121.413434, 25.03143], [121.413432, 25.031431], [121.41343, 25.031432], [121.413429, 25.031433], [121.413427, 25.031434], [121.413426, 25.031436], [121.413424, 25.031437], [121.413422, 25.031438], [121.413421, 25.031439], [121.413419, 25.03144], [121.413418, 25.031441], [121.413416, 25.031442], [121.413415, 25.031443], [121.413413, 25.031444], [121.413411, 25.031446], [121.41341, 25.031447], [121.413408, 25.031448], [121.413407, 25.031449], [121.413405, 25.03145], [121.413404, 25.031451], [121.413402, 25.031452], [121.413401, 25.031454], [121.413399, 25.031455], [121.413398, 25.031456], [121.413396, 25.031457], [121.413395, 25.031458], [121.413393, 25.03146], [121.413392, 25.031461], [121.41339, 25.031462], [121.413389, 25.031463], [121.413387, 25.031464], [121.413386, 25.031466], [121.413385, 25.031467], [121.413383, 25.031468], [121.413382, 25.031469], [121.41338, 25.031471], [121.413379, 25.031472], [121.413378, 25.031473], [121.413376, 25.031475], [121.413375, 25.031476], [121.413373, 25.031477], [121.413372, 25.031478], [121.413371, 25.03148], [121.412844, 25.031978], [121.412749, 25.032068], [121.412736, 25.0321], [121.41267, 25.03227], [121.412566, 25.032532], [121.412521, 25.033244], [121.412521, 25.033251], [121.412484, 25.033839], [121.413365, 25.034297], [121.413481, 25.03441], [121.413493, 25.034404]]]]}}, {"type": "Feature", "properties": {"zoning_id": "Z0040", "zone_label": "公墓用地", "county": "新北市", "area_ha": 1.114}, "geometry": {"type": "MultiPolygon", "coordinates": [[[[121.416911, 25.030885], [121.416907, 25.030876], [121.416871, 25.03084], [121.416862, 25.030831], [121.416861, 25.03083], [121.416853, 25.030822], [121.41685, 25.030819], [121.416784, 25.030752], [121.416783, 25.03075], [121.416782, 25.03075], [121.416778, 25.030742], [121.416776, 25.030737], [121.416773, 25.03073], [121.416772, 25.030728], [121.416771, 25.030725], [121.41677, 25.030724], [121.416768, 25.030718], [121.416765, 25.030712], [121.416745, 25.03067], [121.416744, 25.030667], [121.416689, 25.030549], [121.416688, 25.030549], [121.416687, 25.03055], [121.416677, 25.030552], [121.416642, 25.03056], [121.41619, 25.030639], [121.415974, 25.030677], [121.415506, 25.030759], [121.415505, 25.030759], [121.415503, 25.030759], [121.415501, 25.03076], [121.415499, 25.03076], [121.415497, 25.03076], [121.415495, 25.030761], [121.415493, 25.030761], [121.415491, 25.030761], [121.415489, 25.030762], [121.415488, 25.030762], [121.415486, 25.030763], [121.415484, 25.030763], [121.415482, 25.030763], [121.41548, 25.030764], [121.415478, 25.030764], [121.415476, 25.030764], [121.415474, 25.030765], [121.415472, 25.030765], [121.41547, 25.030766], [121.415468, 25.030766], [121.415466, 25.030767], [121.415464, 25.030767], [121.415462, 25.030767], [121.41546, 25.030768], [121.415459, 25.030768], [121.415457, 25.030769], [121.415455, 25.030769], [121.415453, 25.03077], [121.415451, 25.03077], [121.415449, 25.03077], [121.415447, 25.030771], [121.415445, 25.030771], [121.415443, 25.030772], [121.415441, 25.030772], [121.415439, 25.030773], [121.415437, 25.030773], [121.415436, 25.030774], [121.415434, 25.030774], [121.415432, 25.030775], [121.41543, 25.030775], [121.415428, 25.030776], [121.415426, 25.030776], [121.415424, 25.030777], [121.415422, 25.030777], [121.41542, 25.030778], [121.415418, 25.030778], [121.415416, 25.030779], [121.415415, 25.030779], [121.415413, 25.03078], [121.415411, 25.03078], [121.415409, 25.030781], [121.415407, 25.030781], [121.415405, 25.030782], [121.415403, 25.030782], [121.415401, 25.030783], [121.415399, 25.030783], [121.415398, 25.030784], [121.415396, 25.030784], [121.415394, 25.030785], [121.415392, 25.030786], [121.41539, 25.030786], [121.415388, 25.030787], [121.415386, 25.030787], [121.415384, 25.030788], [121.415382, 25.030788], [121.415381, 25.030789], [121.415379, 25.03079], [121.415377, 25.03079], [121.415375, 25.030791], [121.415373, 25.030791], [121.415371, 25.030792], [121.415369, 25.030793], [121.415367, 25.030793], [121.415366, 25.030794], [121.415364, 25.030794], [121.415362, 25.030795], [121.41536, 25.030796], [121.415358, 25.030796], [121.415356, 25.030797], [121.415354, 25.030798], [121.415353, 25.030798], [121.415351, 25.030799], [121.415349, 25.030799], [121.415347, 25.0308], [121.415345, 25.030801], [121.415343, 25.030801], [121.415342, 25.030802], [121.41534, 25.030803], [121.415338, 25.030803], [121.415336, 25.030804], [121.415334, 25.030805], [121.415332, 25.030805], [121.41533, 25.030806], [121.415329, 25.030807], [121.415327, 25.030807], [121.415325, 25.030808], [121.415323, 25.030809], [121.415321, 25.030809], [121.415319, 25.03081], [121.415318, 25.030811], [121.415316, 25.030812], [121.415314, 25.030812], [121.415312, 25.030813], [121.41531, 25.030814], [121.415309, 25.030814], [121.415307, 25.030815], [121.415305, 25.030816], [121.415303, 25.030817], [121.415301, 25.030817], [121.415299, 25.030818], [121.415298, 25.030819], [121.415296, 25.03082], [121.415294, 25.03082], [121.415292, 25.030821], [121.41529, 25.030822], [121.415289, 25.030823], [121.415287, 25.030823], [121.415285, 25.030824], [121.415283, 25.030825], [121.415281, 25.030826], [121.41528, 25.030826], [121.415278, 25.030827], [121.415276, 25.030828], [121.415274, 25.030829], [121.415273, 25.03083], [121.415271, 25.03083], [121.415269, 25.030831], [121.415267, 25.030832], [121.415265, 25.030833], [121.415264, 25.030834], [121.415262, 25.030834], [121.41526, 25.030835], [121.415258, 25.030836], [121.415257, 25.030837], [121.415255, 25.030838], [121.415254, 25.030838], [121.415253, 25.030838], [121.415251, 25.030839], [121.41525, 25.03084], [121.415248, 25.030841], [121.415246, 25.030842], [121.415244, 25.030843], [121.415243, 25.030843], [121.415241, 25.030844], [121.415239, 25.030845], [121.415237, 25.030846], [121.415228, 25.030851], [121.415, 25.030963], [121.415021, 25.03097], [121.415141, 25.031015], [121.415254, 25.03106], [121.415305, 25.03108], [121.415319, 25.031086], [121.415741, 25.031254], [121.4158, 25.03129], [121.415915, 25.031358], [121.416038, 25.031432], [121.416047, 25.031438], [121.416398, 25.031618], [121.416416, 25.031627], [121.416443, 25.031641], [121.416508, 25.031662], [121.416526, 25.031635], [121.416536, 25.03162], [121.416572, 25.031566], [121.416334, 25.031439], [121.416369, 25.031241], [121.416479, 25.031201], [121.416588, 25.03116], [121.416739, 25.031105], [121.416975, 25.031017], [121.416973, 25.031014], [121.416972, 25.031011], [121.41695, 25.030966], [121.416944, 25.03095], [121.416942, 25.030946], [121.416911, 25.030885]]]]}}, {"type": "Feature", "properties": {"zoning_id": "Z0041", "zone_label": "公墓用地", "county": "新北市", "area_ha": 1.557}, "geometry": {"type": "MultiPolygon", "coordinates": [[[[121.415499, 25.034327], [121.4155, 25.034328], [121.415516, 25.034205], [121.415597, 25.034183], [121.415638, 25.034173], [121.415649, 25.03417], [121.415704, 25.034151], [121.415764, 25.034131], [121.415767, 25.03413], [121.415775, 25.034129], [121.415834, 25.034126], [121.415913, 25.034121], [121.415938, 25.034043], [121.415956, 25.033988], [121.415953, 25.033988], [121.415946, 25.03399], [121.415925, 25.033996], [121.415883, 25.033889], [121.415879, 25.033879], [121.415869, 25.033854], [121.415868, 25.03385], [121.41595, 25.033825], [121.416028, 25.033801], [121.416074, 25.033915], [121.416083, 25.033939], [121.416094, 25.033936], [121.416224, 25.033936], [121.416431, 25.033942], [121.416535, 25.034027], [121.416539, 25.03403], [121.416577, 25.034005], [121.416679, 25.033927], [121.416723, 25.033898], [121.416725, 25.033897], [121.416714, 25.033739], [121.416712, 25.0337], [121.416697, 25.033492], [121.416695, 25.033459], [121.416685, 25.03332], [121.416683, 25.03332], [121.41636, 25.03322], [121.416218, 25.033408], [121.416201, 25.033431], [121.416025, 25.033664], [121.416022, 25.033662], [121.415818, 25.033481], [121.415815, 25.033478], [121.415681, 25.033359], [121.41554, 25.033234], [121.415489, 25.033188], [121.41539, 25.03319], [121.415346, 25.033182], [121.415027, 25.033324], [121.415026, 25.033324], [121.415007, 25.03336], [121.415035, 25.033406], [121.415005, 25.03344], [121.414961, 25.033489], [121.414889, 25.033535], [121.414746, 25.033587], [121.414745, 25.033587], [121.414733, 25.033653], [121.414791, 25.033784], [121.414773, 25.033818], [121.414697, 25.033853], [121.414694, 25.033977], [121.414746, 25.034034], [121.41483, 25.034078], [121.414851, 25.034137], [121.414955, 25.034194], [121.414985, 25.03421], [121.415011, 25.034225], [121.415014, 25.034226], [121.415236, 25.034203], [121.415251, 25.034202], [121.415328, 25.034193], [121.415363, 25.03419], [121.415401, 25.034228], [121.41545, 25.034278], [121.415499, 25.034327]]]]}}, {"type": "Feature", "properties": {"zoning_id": "Z0042", "zone_label": "公墓用地", "county": "新北市", "area_ha": 69.484}, "geometry": {"type": "MultiPolygon", "coordinates": [[[[121.455081, 25.113052], [121.454474, 25.113445], [121.454436, 25.113469], [121.45433, 25.113538], [121.453747, 25.113914], [121.45369, 25.113951], [121.453633, 25.113988], [121.453535, 25.114051], [121.453578, 25.113842], [121.453598, 25.113747], [121.453635, 25.113568], [121.453644, 25.113525], [121.453671, 25.113396], [121.453702, 25.113247], [121.453706, 25.113228], [121.453741, 25.113068], [121.453744, 25.113058], [121.45381, 25.11276], [121.453898, 25.112367], [121.4539, 25.112357], [121.454027, 25.111786], [121.454035, 25.111749], [121.454127, 25.111339], [121.45398, 25.111245], [121.453024, 25.110634], [121.452978, 25.110604], [121.452931, 25.110574], [121.452041, 25.110005], [121.451894, 25.10991], [121.45156, 25.109697], [121.451153, 25.109436], [121.451072, 25.109418], [121.450719, 25.109337], [121.450425, 25.109269], [121.450322, 25.109323], [121.449845, 25.109575], [121.449543, 25.109734], [121.449121, 25.109747], [121.448971, 25.109486], [121.448957, 25.109461], [121.44891, 25.109379], [121.448969, 25.108898], [121.448974, 25.108858], [121.44903, 25.1084], [121.449098, 25.107847], [121.449133, 25.107559], [121.448665, 25.10744], [121.448332, 25.107849], [121.44824, 25.107962], [121.447349, 25.109056], [121.447265, 25.109365], [121.447258, 25.109391], [121.447198, 25.109611], [121.447008, 25.110311], [121.446965, 25.110468], [121.446813, 25.11103], [121.446929, 25.111521], [121.446998, 25.111816], [121.447041, 25.112], [121.447203, 25.112686], [121.447108, 25.113065], [121.447081, 25.113173], [121.446823, 25.114203], [121.446882, 25.114353], [121.447283, 25.115377], [121.44732, 25.115471], [121.447566, 25.116101], [121.447692, 25.11642], [121.447725, 25.116506], [121.447798, 25.116691], [121.447814, 25.116732], [121.447825, 25.116761], [121.447845, 25.116811], [121.447864, 25.116862], [121.448489, 25.118519], [121.453009, 25.117563], [121.453061, 25.117552], [121.4531, 25.117544], [121.453114, 25.117535], [121.454295, 25.116842], [121.454802, 25.116137], [121.455072, 25.116001], [121.455255, 25.115951], [121.455372, 25.115687], [121.455742, 25.115608], [121.455788, 25.115298], [121.455936, 25.115058], [121.456007, 25.114943], [121.456146, 25.114718], [121.456307, 25.114574], [121.45569, 25.113818], [121.456183, 25.113317], [121.455619, 25.112922], [121.455458, 25.112809], [121.455081, 25.113052]]]]}}, {"type": "Feature", "properties": {"zoning_id": "Z0043", "zone_label": "公墓用地", "county": "新北市", "area_ha": 117.742}, "geometry": {"type": "MultiPolygon", "coordinates": [[[[121.411115, 25.113685], [121.411166, 25.113988], [121.411291, 25.114085], [121.411328, 25.114147], [121.411354, 25.114147], [121.411461, 25.114203], [121.411491, 25.114186], [121.411637, 25.114335], [121.411674, 25.114448], [121.411746, 25.114451], [121.411787, 25.114517], [121.411789, 25.11452], [121.411819, 25.114581], [121.411806, 25.114633], [121.411745, 25.114723], [121.411721, 25.114735], [121.411709, 25.114741], [121.411692, 25.11473], [121.411664, 25.114712], [121.411672, 25.114697], [121.411603, 25.114644], [121.411592, 25.114622], [121.411589, 25.114615], [121.411578, 25.114591], [121.411588, 25.11457], [121.411622, 25.114578], [121.411563, 25.114474], [121.411578, 25.114455], [121.411537, 25.114431], [121.411519, 25.11442], [121.411446, 25.114378], [121.411451, 25.114356], [121.411286, 25.114307], [121.411263, 25.11429], [121.411271, 25.114273], [121.411219, 25.11423], [121.411126, 25.114231], [121.411034, 25.114218], [121.410934, 25.114228], [121.410913, 25.114213], [121.410907, 25.114197], [121.410855, 25.114185], [121.410762, 25.114114], [121.410687, 25.114057], [121.410664, 25.114007], [121.410656, 25.11399], [121.410557, 25.113871], [121.41055, 25.113835], [121.410567, 25.11344], [121.409185, 25.113677], [121.40751, 25.113963], [121.407165, 25.114025], [121.40616, 25.114205], [121.406241, 25.115003], [121.406275, 25.115336], [121.406323, 25.115801], [121.406328, 25.115851], [121.406456, 25.117111], [121.40641, 25.117565], [121.404841, 25.117564], [121.404501, 25.117563], [121.404112, 25.117563], [121.404111, 25.117564], [121.40411, 25.117566], [121.404109, 25.117567], [121.404108, 25.117569], [121.404107, 25.117571], [121.404106, 25.117572], [121.404105, 25.117574], [121.404104, 25.117575], [121.404103, 25.117577], [121.404102, 25.117579], [121.404102, 25.11758], [121.404101, 25.117582], [121.4041, 25.117583], [121.404099, 25.117585], [121.404098, 25.117587], [121.404097, 25.117588], [121.404096, 25.11759], [121.404095, 25.117592], [121.404094, 25.117593], [121.404093, 25.117595], [121.404093, 25.117596], [121.404092, 25.117598], [121.404091, 25.1176], [121.40409, 25.117601], [121.404089, 25.117603], [121.404088, 25.117604], [121.404087, 25.117606], [121.404087, 25.117608], [121.404086, 25.117609], [121.404085, 25.117611], [121.404084, 25.117613], [121.404083, 25.117614], [121.404082, 25.117616], [121.404081, 25.117618], [121.404081, 25.117619], [121.40408, 25.117621], [121.404079, 25.117622], [121.404078, 25.117624], [121.404077, 25.117626], [121.404077, 25.117627], [121.404076, 25.117629], [121.404075, 25.117631], [121.404074, 25.117632], [121.404073, 25.117634], [121.404073, 25.117636], [121.404072, 25.117637], [121.404071, 25.117639], [121.40407, 25.117641], [121.404069, 25.117642], [121.404069, 25.117644], [121.404068, 25.117646], [121.404067, 25.117647], [121.404066, 25.117649], [121.404066, 25.117651], [121.404065, 25.117652], [121.404064, 25.117654], [121.404063, 25.117656], [121.404063, 25.117657], [121.404062, 25.117659], [121.404061, 25.117661], [121.40406, 25.117662], [121.40406, 25.117664], [121.404059, 25.117666], [121.404058, 25.117667], [121.404058, 25.117669], [121.404057, 25.117671], [121.404056, 25.117672], [121.404055, 25.117674], [121.404055, 25.117676], [121.404054, 25.117678], [121.404053, 25.117679], [121.404053, 25.117681], [121.404052, 25.117683], [121.404051, 25.117684], [121.404051, 25.117686], [121.40405, 25.117688], [121.404049, 25.117689], [121.404049, 25.117691], [121.404048, 25.117693], [121.404047, 25.117694], [121.404047, 25.117696], [121.404046, 25.117698], [121.404045, 25.1177], [121.404045, 25.117701], [121.404044, 25.117703], [121.404043, 25.117705], [121.404043, 25.117706], [121.404042, 25.117708], [121.404041, 25.11771], [121.404041, 25.117712], [121.40404, 25.117713], [121.40404, 25.117715], [121.404039, 25.117717], [121.404038, 25.117718], [121.404038, 25.11772], [121.404037, 25.117722], [121.404037, 25.117724], [121.404036, 25.117725], [121.404035, 25.117727], [121.404035, 25.117729], [121.404034, 25.117731], [121.404034, 25.117732], [121.404033, 25.117734], [121.404032, 25.117736], [121.404032, 25.117737], [121.404031, 25.117739], [121.404031, 25.117741], [121.40403, 25.117743], [121.40403, 25.117744], [121.404029, 25.117746], [121.404029, 25.117748], [121.404028, 25.11775], [121.404028, 25.117751], [121.404027, 25.117753], [121.404026, 25.117755], [121.404026, 25.117757], [121.404025, 25.117758], [121.404025, 25.11776], [121.404024, 25.117762], [121.404024, 25.117764], [121.404023, 25.117765], [121.404023, 25.117767], [121.404022, 25.117769], [121.404022, 25.117771], [121.404021, 25.117772], [121.404021, 25.117774], [121.40402, 25.117776], [121.40402, 25.117778], [121.404019, 25.117779], [121.404019, 25.117781], [121.404019, 25.117783], [121.404018, 25.117785], [121.404018, 25.117786], [121.404017, 25.117788], [121.404017, 25.11779], [121.404016, 25.117792], [121.404016, 25.117793], [121.404015, 25.117795], [121.404015, 25.117797], [121.404015, 25.117799], [121.404014, 25.1178], [121.404014, 25.117802], [121.404013, 25.117804], [121.404013, 25.117806], [121.404012, 25.117807], [121.404012, 25.117809], [121.404012, 25.117811], [121.404011, 25.117813], [121.404011, 25.117815], [121.40401, 25.117816], [121.40401, 25.117818], [121.40401, 25.11782], [121.404009, 25.117822], [121.404009, 25.117823], [121.404009, 25.117825], [121.404008, 25.117827], [121.404008, 25.117829], [121.404007, 25.11783], [121.404007, 25.117832], [121.404007, 25.117834], [121.404006, 25.117836], [121.404006, 25.117838], [121.404006, 25.117839], [121.404005, 25.117841], [121.404005, 25.117843], [121.404005, 25.117845], [121.404004, 25.117846], [121.404004, 25.117848], [121.404004, 25.11785], [121.404003, 25.117852], [121.404003, 25.117854], [121.404003, 25.117855], [121.404003, 25.117857], [121.404002, 25.117859], [121.404002, 25.117861], [121.404002, 25.117863], [121.404001, 25.117864], [121.404001, 25.117866], [121.404001, 25.117868], [121.404001, 25.11787], [121.404, 25.117871], [121.404, 25.117873], [121.404, 25.117875], [121.404, 25.117877], [121.403999, 25.117879], [121.403999, 25.11788], [121.403999, 25.117882], [121.403999, 25.117884], [121.403998, 25.117886], [121.403993, 25.117923], [121.403967, 25.118128], [121.403965, 25.118138], [121.403939, 25.11834], [121.403939, 25.118341], [121.403939, 25.118343], [121.403938, 25.118345], [121.403938, 25.118347], [121.403938, 25.118348], [121.403938, 25.11835], [121.403938, 25.118352], [121.403938, 25.118354], [121.403939, 25.118356], [121.403939, 25.118357], [121.403939, 25.118359], [121.403939, 25.118361], [121.40394, 25.118363], [121.40394, 25.118365], [121.40394, 25.118366], [121.403941, 25.118368], [121.403941, 25.11837], [121.403942, 25.118372], [121.403942, 25.118373], [121.403943, 25.118375], [121.403944, 25.118377], [121.403944, 25.118378], [121.403945, 25.11838], [121.403946, 25.118382], [121.403947, 25.118383], [121.403947, 25.118385], [121.403948, 25.118387], [121.403949, 25.118388], [121.40395, 25.11839], [121.403951, 25.118391], [121.403952, 25.118393], [121.403953, 25.118394], [121.403955, 25.118396], [121.403956, 25.118397], [121.403957, 25.118399], [121.403958, 25.1184], [121.403959, 25.118402], [121.403961, 25.118403], [121.403962, 25.118404], [121.403963, 25.118406], [121.403965, 25.118407], [121.403966, 25.118408], [121.403968, 25.118409], [121.403969, 25.118411], [121.40408, 25.118496], [121.404319, 25.118681], [121.404446, 25.11878], [121.404667, 25.118951], [121.404686, 25.118965], [121.404687, 25.118967], [121.404689, 25.118968], [121.40469, 25.118969], [121.404692, 25.11897], [121.404693, 25.118971], [121.404695, 25.118973], [121.404696, 25.118974], [121.404698, 25.118975], [121.404699, 25.118976], [121.404701, 25.118978], [121.404702, 25.118979], [121.404704, 25.11898], [121.404705, 25.118981], [121.404706, 25.118983], [121.404708, 25.118984], [121.404709, 25.118985], [121.404711, 25.118986], [121.404712, 25.118988], [121.404713, 25.118989], [121.404715, 25.11899], [121.404716, 25.118992], [121.404717, 25.118993], [121.404719, 25.118994], [121.40472, 25.118996], [121.404721, 25.118997], [121.404723, 25.118998], [121.404724, 25.119], [121.404725, 25.119001], [121.404727, 25.119002], [121.404728, 25.119004], [121.404729, 25.119005], [121.40473, 25.119007], [121.404732, 25.119008], [121.404733, 25.119009], [121.404734, 25.119011], [121.404735, 25.119012], [121.404737, 25.119014], [121.404738, 25.119015], [121.404739, 25.119016], [121.40474, 25.119018], [121.404742, 25.119019], [121.404743, 25.119021], [121.404744, 25.119022], [121.404745, 25.119024], [121.404746, 25.119025], [121.404747, 25.119027], [121.404749, 25.119028], [121.40475, 25.11903], [121.404751, 25.119031], [121.404752, 25.119033], [121.404753, 25.119034], [121.404754, 25.119036], [121.404755, 25.119037], [121.404756, 25.119039], [121.404757, 25.11904], [121.404758, 25.119042], [121.404759, 25.119043], [121.40476, 25.119045], [121.404761, 25.119046], [121.404763, 25.119048], [121.404764, 25.119049], [121.404765, 25.119051], [121.404766, 25.119052], [121.404767, 25.119054], [121.404767, 25.119056], [121.404768, 25.119057], [121.404769, 25.119059], [121.40477, 25.11906], [121.404771, 25.119062], [121.404772, 25.119063], [121.404773, 25.119065], [121.404774, 25.119067], [121.404775, 25.119068], [121.404776, 25.11907], [121.404777, 25.119072], [121.404778, 25.119073], [121.404778, 25.119075], [121.404779, 25.119076], [121.40478, 25.119078], [121.404781, 25.11908], [121.404782, 25.119081], [121.404783, 25.119083], [121.404783, 25.119085], [121.404784, 25.119086], [121.404785, 25.119088], [121.404786, 25.11909], [121.404787, 25.119091], [121.404787, 25.119093], [121.404788, 25.119095], [121.404789, 25.119096], [121.40479, 25.119098], [121.40479, 25.1191], [121.404791, 25.119101], [121.404792, 25.119103], [121.404792, 25.119105], [121.404793, 25.119106], [121.404794, 25.119108], [121.404794, 25.11911], [121.404795, 25.119112], [121.404796, 25.119113], [121.404796, 25.119115], [121.404797, 25.119117], [121.404797, 25.119118], [121.404798, 25.11912], [121.404799, 25.119122], [121.404799, 25.119124], [121.4048, 25.119125], [121.4048, 25.119127], [121.404801, 25.119129], [121.404801, 25.119131], [121.404802, 25.119132], [121.404802, 25.119134], [121.404803, 25.119136], [121.404803, 25.119138], [121.404804, 25.119139], [121.404804, 25.119141], [121.404805, 25.119143], [121.404805, 25.119145], [121.404805, 25.119146], [121.404806, 25.119146], [121.404806, 25.119148], [121.404806, 25.11915], [121.404807, 25.119152], [121.404807, 25.119153], [121.404808, 25.119155], [121.404808, 25.119157], [121.404808, 25.119159], [121.404809, 25.11916], [121.404809, 25.119162], [121.404809, 25.119164], [121.40481, 25.119166], [121.40481, 25.119168], [121.40481, 25.119169], [121.404811, 25.119171], [121.404811, 25.119173], [121.404811, 25.119175], [121.404811, 25.119177], [121.404812, 25.119178], [121.404812, 25.11918], [121.404812, 25.119182], [121.404812, 25.119184], [121.404812, 25.119186], [121.404813, 25.119187], [121.404813, 25.119189], [121.404813, 25.119191], [121.404813, 25.119193], [121.404813, 25.119195], [121.404813, 25.119196], [121.404814, 25.119198], [121.404814, 25.1192], [121.404814, 25.119202], [121.404814, 25.119204], [121.404814, 25.119205], [121.404814, 25.119207], [121.404814, 25.119209], [121.404814, 25.119211], [121.404814, 25.119213], [121.404814, 25.119214], [121.404814, 25.119216], [121.404814, 25.119218], [121.404814, 25.11922], [121.404814, 25.119222], [121.404814, 25.119223], [121.404814, 25.119225], [121.404814, 25.119227], [121.404814, 25.119229], [121.404814, 25.119231], [121.404814, 25.119232], [121.404814, 25.119234], [121.404814, 25.119236], [121.404814, 25.119238], [121.404814, 25.11924], [121.404813, 25.119241], [121.404813, 25.119243], [121.404813, 25.119245], [121.404813, 25.119247], [121.404813, 25.119249], [121.404813, 25.11925], [121.404812, 25.119252], [121.404812, 25.119254], [121.404812, 25.119256], [121.404812, 25.119258], [121.404811, 25.119259], [121.404811, 25.119261], [121.404811, 25.119263], [121.404811, 25.119265], [121.40481, 25.119267], [121.40481, 25.119268], [121.40481, 25.11927], [121.404809, 25.119272], [121.404809, 25.119274], [121.404809, 25.119275], [121.404808, 25.119277], [121.404808, 25.119279], [121.404808, 25.119281], [121.404807, 25.119283], [121.404807, 25.119284], [121.404807, 25.119286], [121.404806, 25.119288], [121.404806, 25.11929], [121.404805, 25.119291], [121.404805, 25.119293], [121.404804, 25.119295], [121.404804, 25.119297], [121.404803, 25.119298], [121.404803, 25.1193], [121.404802, 25.119302], [121.404802, 25.119304], [121.404801, 25.119305], [121.404801, 25.119307], [121.4048, 25.119309], [121.4048, 25.119311], [121.404799, 25.119312], [121.404799, 25.119314], [121.404798, 25.119316], [121.404798, 25.119318], [121.404797, 25.119319], [121.404796, 25.119321], [121.404796, 25.119323], [121.404795, 25.119324], [121.404794, 25.119326], [121.404794, 25.119328], [121.404793, 25.11933], [121.404792, 25.119331], [121.404792, 25.119333], [121.404791, 25.119335], [121.40478, 25.119363], [121.404744, 25.119449], [121.404743, 25.11945], [121.404743, 25.119452], [121.404742, 25.119454], [121.404741, 25.119455], [121.404741, 25.119457], [121.40474, 25.119459], [121.40474, 25.119461], [121.404739, 25.119462], [121.404739, 25.119464], [121.404738, 25.119466], [121.404737, 25.119468], [121.404737, 25.119469], [121.404736, 25.119471], [121.404736, 25.119473], [121.404736, 25.119475], [121.404735, 25.119476], [121.404735, 25.119478], [121.404734, 25.11948], [121.404734, 25.119482], [121.404734, 25.119483], [121.404733, 25.119485], [121.404733, 25.119487], [121.404733, 25.119489], [121.404732, 25.119491], [121.404732, 25.119492], [121.404732, 25.119494], [121.404732, 25.119496], [121.404731, 25.119498], [121.404731, 25.1195], [121.404731, 25.119501], [121.404731, 25.119503], [121.404731, 25.119505], [121.404731, 25.119507], [121.404731, 25.119509], [121.404731, 25.11951], [121.404731, 25.119512], [121.40473, 25.119514], [121.40473, 25.119516], [121.40473, 25.119518], [121.40473, 25.119519], [121.404731, 25.119521], [121.404731, 25.119523], [121.404731, 25.119525], [121.404731, 25.119527], [121.404731, 25.119528], [121.404731, 25.11953], [121.404731, 25.119532], [121.404731, 25.119534], [121.404731, 25.119536], [121.404732, 25.119537], [121.404732, 25.119539], [121.404732, 25.119541], [121.404732, 25.119543], [121.404733, 25.119545], [121.404733, 25.119546], [121.404733, 25.119548], [121.404734, 25.11955], [121.404734, 25.119552], [121.404734, 25.119553], [121.404735, 25.119555], [121.404735, 25.119557], [121.404736, 25.119559], [121.404736, 25.119561], [121.404736, 25.119562], [121.404737, 25.119564], [121.404737, 25.119566], [121.404738, 25.119568], [121.404738, 25.119569], [121.404739, 25.119571], [121.40474, 25.119573], [121.40474, 25.119574], [121.404741, 25.119576], [121.404741, 25.119578], [121.404742, 25.11958], [121.404743, 25.119581], [121.404743, 25.119583], [121.404744, 25.119585], [121.404745, 25.119586], [121.404746, 25.119588], [121.404746, 25.11959], [121.404747, 25.119591], [121.404748, 25.119593], [121.404834, 25.119774], [121.404842, 25.119791], [121.404948, 25.120014], [121.404949, 25.120015], [121.404949, 25.120017], [121.40495, 25.120019], [121.404951, 25.12002], [121.404952, 25.120022], [121.404952, 25.120024], [121.404953, 25.120025], [121.404954, 25.120027], [121.404955, 25.120029], [121.404955, 25.12003], [121.404956, 25.120032], [121.404957, 25.120034], [121.404957, 25.120035], [121.404958, 25.120037], [121.404959, 25.120039], [121.404959, 25.120041], [121.40496, 25.120042], [121.404961, 25.120044], [121.404961, 25.120046], [121.404962, 25.120047], [121.404963, 25.120049], [121.404963, 25.120051], [121.404964, 25.120053], [121.404964, 25.120054], [121.404965, 25.120056], [121.404966, 25.120058], [121.404966, 25.120059], [121.404967, 25.120061], [121.404967, 25.120063], [121.404968, 25.120065], [121.404968, 25.120066], [121.404969, 25.120068], [121.404969, 25.12007], [121.40497, 25.120072], [121.40497, 25.120073], [121.404971, 25.120075], [121.404971, 25.120077], [121.404972, 25.120079], [121.404972, 25.12008], [121.404973, 25.120082], [121.404973, 25.120084], [121.404974, 25.120086], [121.404974, 25.120087], [121.404975, 25.120089], [121.404975, 25.120091], [121.404975, 25.120093], [121.404976, 25.120094], [121.404976, 25.120096], [121.404977, 25.120098], [121.404977, 25.1201], [121.404977, 25.120102], [121.404978, 25.120103], [121.404978, 25.120105], [121.404978, 25.120107], [121.404979, 25.120109], [121.404979, 25.12011], [121.404979, 25.120112], [121.40498, 25.120114], [121.40498, 25.120116], [121.40498, 25.120118], [121.404981, 25.120119], [121.404981, 25.120121], [121.404981, 25.120123], [121.404981, 25.120125], [121.404982, 25.120126], [121.404982, 25.120128], [121.404982, 25.12013], [121.404982, 25.120132], [121.404983, 25.120134], [121.404983, 25.120135], [121.404983, 25.120137], [121.404983, 25.120139], [121.404983, 25.120141], [121.404984, 25.120143], [121.404984, 25.120144], [121.404984, 25.120146], [121.404984, 25.120148], [121.404984, 25.12015], [121.404984, 25.120152], [121.404985, 25.120153], [121.404985, 25.120155], [121.404985, 25.120157], [121.404985, 25.120159], [121.404985, 25.120161], [121.404985, 25.120162], [121.404985, 25.120164], [121.404985, 25.120166], [121.404985, 25.120168], [121.404985, 25.12017], [121.404985, 25.120171], [121.404985, 25.120173], [121.404985, 25.120175], [121.404985, 25.120177], [121.404985, 25.120179], [121.404985, 25.120181], [121.404985, 25.120182], [121.404985, 25.120184], [121.404985, 25.120186], [121.404985, 25.120188], [121.404985, 25.12019], [121.404985, 25.120191], [121.404985, 25.120193], [121.404985, 25.120195], [121.404985, 25.120197], [121.404985, 25.120199], [121.404985, 25.1202], [121.404985, 25.120202], [121.404985, 25.120204], [121.404984, 25.120206], [121.404984, 25.120208], [121.404984, 25.120209], [121.404984, 25.120211], [121.404984, 25.120213], [121.404984, 25.120215], [121.404984, 25.120217], [121.404983, 25.120218], [121.404983, 25.12022], [121.404983, 25.120222], [121.404983, 25.120224], [121.404982, 25.120226], [121.404982, 25.120227], [121.404982, 25.120229], [121.404982, 25.120231], [121.404982, 25.120233], [121.404981, 25.120235], [121.404981, 25.120236], [121.404981, 25.120238], [121.40498, 25.12024], [121.40498, 25.120242], [121.40498, 25.120243], [121.40498, 25.120245], [121.404979, 25.120247], [121.404979, 25.120249], [121.404979, 25.120251], [121.404978, 25.120252], [121.404978, 25.120254], [121.404977, 25.120256], [121.404977, 25.120258], [121.404977, 25.120259], [121.404976, 25.120261], [121.404976, 25.120263], [121.404976, 25.120265], [121.404975, 25.120267], [121.404975, 25.120268], [121.404974, 25.12027], [121.404974, 25.120272], [121.404973, 25.120274], [121.404973, 25.120275], [121.404912, 25.120509], [121.404885, 25.120613], [121.404884, 25.120614], [121.404884, 25.120616], [121.404883, 25.120618], [121.404883, 25.120619], [121.404882, 25.120621], [121.404882, 25.120623], [121.404882, 25.120625], [121.404881, 25.120627], [121.404881, 25.120628], [121.40488, 25.12063], [121.40488, 25.120632], [121.404879, 25.120634], [121.404879, 25.120635], [121.404879, 25.120637], [121.404878, 25.120639], [121.404878, 25.120641], [121.404877, 25.120642], [121.404877, 25.120644], [121.404877, 25.120646], [121.404876, 25.120648], [121.404876, 25.12065], [121.404876, 25.120651], [121.404875, 25.120653], [121.404875, 25.120655], [121.404875, 25.120657], [121.404874, 25.120658], [121.404874, 25.12066], [121.404874, 25.120662], [121.404873, 25.120664], [121.404873, 25.120666], [121.404873, 25.120667], [121.404872, 25.120669], [121.404872, 25.120671], [121.404872, 25.120673], [121.404871, 25.120674], [121.404871, 25.120676], [121.404871, 25.120678], [121.404871, 25.12068], [121.40487, 25.120682], [121.40487, 25.120683], [121.40487, 25.120685], [121.404869, 25.120687], [121.404869, 25.120689], [121.404869, 25.120691], [121.404869, 25.120692], [121.404868, 25.120694], [121.404868, 25.120696], [121.404868, 25.120698], [121.404868, 25.1207], [121.404867, 25.120701], [121.404867, 25.120703], [121.404867, 25.120705], [121.404867, 25.120707], [121.404867, 25.120708], [121.404866, 25.12071], [121.404866, 25.120712], [121.404866, 25.120714], [121.404866, 25.120716], [121.404866, 25.120717], [121.404865, 25.120719], [121.404865, 25.120721], [121.404865, 25.120723], [121.404865, 25.120725], [121.404865, 25.120726], [121.404865, 25.120728], [121.404864, 25.12073], [121.404864, 25.120732], [121.404864, 25.120734], [121.404864, 25.120735], [121.404864, 25.120737], [121.404864, 25.120739], [121.404864, 25.120741], [121.404864, 25.120743], [121.404863, 25.120744], [121.404863, 25.120746], [121.404863, 25.120748], [121.404863, 25.12075], [121.404863, 25.120752], [121.404863, 25.120753], [121.404863, 25.120755], [121.404863, 25.120757], [121.404863, 25.120759], [121.404863, 25.120761], [121.404863, 25.120763], [121.404862, 25.120764], [121.404862, 25.120766], [121.404862, 25.120768], [121.404862, 25.12077], [121.404862, 25.120772], [121.404862, 25.120773], [121.404862, 25.120775], [121.404862, 25.120777], [121.404862, 25.120779], [121.404862, 25.120781], [121.404862, 25.120782], [121.404862, 25.120784], [121.404862, 25.120786], [121.404862, 25.120788], [121.404862, 25.12079], [121.404862, 25.120791], [121.404862, 25.120793], [121.404862, 25.120795], [121.404862, 25.120797], [121.404862, 25.120799], [121.404862, 25.1208], [121.404862, 25.120802], [121.404862, 25.120804], [121.404862, 25.120806], [121.404862, 25.120808], [121.404862, 25.120809], [121.404863, 25.120811], [121.404863, 25.120813], [121.404863, 25.120815], [121.404863, 25.120817], [121.404863, 25.120818], [121.404863, 25.12082], [121.404863, 25.120822], [121.404863, 25.120824], [121.404863, 25.120826], [121.404863, 25.120827], [121.404863, 25.120829], [121.404864, 25.120831], [121.404864, 25.120833], [121.404864, 25.120835], [121.404864, 25.120837], [121.404864, 25.120838], [121.404864, 25.12084], [121.404864, 25.120842], [121.404864, 25.120844], [121.404865, 25.120846], [121.404865, 25.120847], [121.404865, 25.120849], [121.404865, 25.120851], [121.404865, 25.120853], [121.404865, 25.120855], [121.404866, 25.120856], [121.404866, 25.120858], [121.404866, 25.12086], [121.404866, 25.120862], [121.404866, 25.120863], [121.404867, 25.120865], [121.404867, 25.120867], [121.404867, 25.120869], [121.404867, 25.120871], [121.404868, 25.120872], [121.404868, 25.120874], [121.404868, 25.120876], [121.404868, 25.120878], [121.404868, 25.12088], [121.404869, 25.120881], [121.404869, 25.120883], [121.404869, 25.120885], [121.40487, 25.120887], [121.40487, 25.120889], [121.40487, 25.12089], [121.40487, 25.120892], [121.404871, 25.120894], [121.404871, 25.120896], [121.404871, 25.120898], [121.404871, 25.120899], [121.404872, 25.120901], [121.404872, 25.120903], [121.404872, 25.120905], [121.404873, 25.120906], [121.404873, 25.120908], [121.404873, 25.12091], [121.404874, 25.120912], [121.404874, 25.120914], [121.404874, 25.120915], [121.404875, 25.120917], [121.404875, 25.120919], [121.404875, 25.120921], [121.404876, 25.120922], [121.404876, 25.120924], [121.404876, 25.120926], [121.404877, 25.120928], [121.404877, 25.12093], [121.404878, 25.120931], [121.404878, 25.120933], [121.404878, 25.120935], [121.404879, 25.120937], [121.404879, 25.120938], [121.40488, 25.12094], [121.40488, 25.120942], [121.40488, 25.120944], [121.404881, 25.120945], [121.404881, 25.120947], [121.404882, 25.120949], [121.404882, 25.120951], [121.404883, 25.120953], [121.404883, 25.120954], [121.404883, 25.120956], [121.404884, 25.120958], [121.404884, 25.12096], [121.404885, 25.120961], [121.404885, 25.120963], [121.404886, 25.120965], [121.404886, 25.120967], [121.404887, 25.120968], [121.404887, 25.12097], [121.404888, 25.120972], [121.404888, 25.120974], [121.404889, 25.120975], [121.404889, 25.120977], [121.40489, 25.120979], [121.40489, 25.120981], [121.404891, 25.120982], [121.404891, 25.120984], [121.404892, 25.120986], [121.404892, 25.120988], [121.404893, 25.120989], [121.404893, 25.120991], [121.404894, 25.120993], [121.404894, 25.120994], [121.404895, 25.120996], [121.404896, 25.120998], [121.404896, 25.121], [121.404897, 25.121001], [121.404897, 25.121003], [121.404898, 25.121005], [121.404898, 25.121007], [121.404899, 25.121008], [121.4049, 25.12101], [121.4049, 25.121012], [121.404901, 25.121013], [121.404901, 25.121015], [121.404902, 25.121017], [121.404903, 25.121019], [121.404903, 25.12102], [121.404904, 25.121022], [121.404904, 25.121024], [121.404905, 25.121025], [121.404906, 25.121027], [121.404906, 25.121029], [121.404907, 25.121031], [121.404908, 25.121032], [121.404908, 25.121034], [121.404909, 25.121036], [121.40491, 25.121037], [121.40491, 25.121039], [121.404911, 25.121041], [121.404912, 25.121043], [121.404912, 25.121044], [121.404913, 25.121046], [121.404914, 25.121048], [121.404914, 25.121049], [121.404915, 25.121051], [121.404916, 25.121053], [121.404917, 25.121054], [121.404917, 25.121056], [121.404918, 25.121058], [121.404919, 25.121059], [121.404919, 25.121061], [121.40492, 25.121063], [121.404921, 25.121064], [121.404922, 25.121066], [121.404922, 25.121068], [121.404923, 25.121069], [121.404924, 25.121071], [121.404925, 25.121073], [121.404925, 25.121074], [121.404926, 25.121076], [121.404927, 25.121078], [121.404928, 25.121079], [121.404928, 25.121081], [121.404929, 25.121083], [121.40493, 25.121084], [121.404931, 25.121086], [121.404932, 25.121088], [121.404932, 25.121089], [121.404933, 25.121091], [121.404934, 25.121093], [121.404935, 25.121094], [121.404936, 25.121096], [121.404936, 25.121097], [121.404936, 25.121098], [121.404937, 25.121099], [121.404938, 25.121101], [121.404939, 25.121103], [121.40494, 25.121104], [121.404941, 25.121106], [121.404941, 25.121107], [121.404942, 25.121109], [121.404943, 25.121111], [121.404944, 25.121112], [121.404945, 25.121114], [121.404946, 25.121116], [121.404947, 25.121117], [121.404948, 25.121119], [121.404948, 25.12112], [121.404949, 25.121122], [121.40495, 25.121124], [121.404951, 25.121125], [121.404952, 25.121127], [121.404953, 25.121129], [121.404954, 25.12113], [121.404955, 25.121132], [121.404956, 25.121133], [121.404957, 25.121135], [121.404957, 25.121137], [121.404958, 25.121138], [121.404959, 25.12114], [121.40496, 25.121141], [121.404961, 25.121143], [121.404962, 25.121144], [121.404963, 25.121146], [121.404964, 25.121148], [121.404965, 25.121149], [121.404966, 25.121151], [121.404967, 25.121152], [121.404968, 25.121154], [121.404969, 25.121156], [121.40497, 25.121157], [121.404971, 25.121159], [121.404972, 25.12116], [121.404973, 25.121162], [121.404974, 25.121163], [121.404975, 25.121165], [121.404976, 25.121166], [121.404977, 25.121168], [121.404978, 25.12117], [121.404979, 25.121171], [121.40498, 25.121173], [121.404981, 25.121174], [121.404982, 25.121176], [121.404983, 25.121177], [121.404984, 25.121179], [121.404985, 25.12118], [121.404986, 25.121182], [121.404987, 25.121183], [121.404988, 25.121185], [121.404989, 25.121187], [121.40499, 25.121188], [121.404991, 25.12119], [121.404992, 25.121191], [121.404994, 25.121193], [121.404995, 25.121194], [121.404996, 25.121196], [121.404997, 25.121197], [121.404998, 25.121199], [121.404999, 25.1212], [121.405, 25.121202], [121.405001, 25.121203], [121.405002, 25.121205], [121.405003, 25.121206], [121.405004, 25.121208], [121.405006, 25.121209], [121.405007, 25.121211], [121.405008, 25.121212], [121.405009, 25.121214], [121.40501, 25.121215], [121.405011, 25.121217], [121.405012, 25.121218], [121.405014, 25.12122], [121.405015, 25.121221], [121.405016, 25.121222], [121.405017, 25.121224], [121.405018, 25.121225], [121.405019, 25.121227], [121.40502, 25.121228], [121.405022, 25.12123], [121.405023, 25.121231], [121.405024, 25.121233], [121.405025, 25.121234], [121.405026, 25.121236], [121.405028, 25.121237], [121.405029, 25.121238], [121.40503, 25.12124], [121.405031, 25.121241], [121.405032, 25.121243], [121.405034, 25.121244], [121.405035, 25.121246], [121.405036, 25.121247], [121.405037, 25.121248], [121.405038, 25.12125], [121.40504, 25.121251], [121.405041, 25.121253], [121.405042, 25.121254], [121.405043, 25.121256], [121.405045, 25.121257], [121.405046, 25.121258], [121.405047, 25.12126], [121.405048, 25.121261], [121.40505, 25.121263], [121.405051, 25.121264], [121.405052, 25.121265], [121.405053, 25.121267], [121.405055, 25.121268], [121.405056, 25.121269], [121.405057, 25.121271], [121.405059, 25.121272], [121.40506, 25.121274], [121.405061, 25.121275], [121.405062, 25.121276], [121.405064, 25.121278], [121.405065, 25.121279], [121.405066, 25.12128], [121.405068, 25.121282], [121.405069, 25.121283], [121.40507, 25.121284], [121.405072, 25.121286], [121.405073, 25.121287], [121.405074, 25.121289], [121.405076, 25.12129], [121.405077, 25.121291], [121.405078, 25.121293], [121.40508, 25.121294], [121.405081, 25.121295], [121.405082, 25.121297], [121.405084, 25.121298], [121.405085, 25.121299], [121.405086, 25.1213], [121.405088, 25.121302], [121.405089, 25.121303], [121.40509, 25.121304], [121.405092, 25.121306], [121.405093, 25.121307], [121.405095, 25.121308], [121.405096, 25.12131], [121.405097, 25.121311], [121.405099, 25.121312], [121.4051, 25.121313], [121.405102, 25.121315], [121.405103, 25.121316], [121.405104, 25.121317], [121.405106, 25.121319], [121.405107, 25.12132], [121.405109, 25.121321], [121.40511, 25.121322], [121.405111, 25.121324], [121.405113, 25.121325], [121.405114, 25.121326], [121.405116, 25.121327], [121.405117, 25.121329], [121.405119, 25.12133], [121.40512, 25.121331], [121.405121, 25.121332], [121.405123, 25.121334], [121.405124, 25.121335], [121.405126, 25.121336], [121.405127, 25.121337], [121.405129, 25.121338], [121.40513, 25.12134], [121.405132, 25.121341], [121.405133, 25.121342], [121.405135, 25.121343], [121.405136, 25.121345], [121.405138, 25.121346], [121.405139, 25.121347], [121.405141, 25.121348], [121.405142, 25.121349], [121.405144, 25.121351], [121.405145, 25.121352], [121.405147, 25.121353], [121.405148, 25.121354], [121.40515, 25.121355], [121.405151, 25.121356], [121.405153, 25.121358], [121.405154, 25.121359], [121.405156, 25.12136], [121.405157, 25.121361], [121.405159, 25.121362], [121.40516, 25.121363], [121.405162, 25.121365], [121.405163, 25.121366], [121.405165, 25.121367], [121.405166, 25.121368], [121.405168, 25.121369], [121.405169, 25.12137], [121.405171, 25.121371], [121.405172, 25.121372], [121.405174, 25.121374], [121.405176, 25.121375], [121.405177, 25.121376], [121.405179, 25.121377], [121.40518, 25.121378], [121.405182, 25.121379], [121.405183, 25.12138], [121.405185, 25.121381], [121.405187, 25.121382], [121.405188, 25.121384], [121.40519, 25.121385], [121.405191, 25.121386], [121.405193, 25.121387], [121.405194, 25.121388], [121.405196, 25.121389], [121.405198, 25.12139], [121.405199, 25.121391], [121.405201, 25.121392], [121.405202, 25.121393], [121.405204, 25.121394], [121.405206, 25.121395], [121.405207, 25.121396], [121.405209, 25.121397], [121.405211, 25.121398], [121.405212, 25.121399], [121.405214, 25.121401], [121.405215, 25.121402], [121.405217, 25.121403], [121.405219, 25.121404], [121.40522, 25.121405], [121.405222, 25.121406], [121.405224, 25.121407], [121.405225, 25.121408], [121.405227, 25.121409], [121.405229, 25.12141], [121.40523, 25.121411], [121.405232, 25.121412], [121.405234, 25.121413], [121.405235, 25.121414], [121.405237, 25.121415], [121.405238, 25.121416], [121.40524, 25.121417], [121.405242, 25.121418], [121.405244, 25.121419], [121.405245, 25.12142], [121.405247, 25.12142], [121.405249, 25.121421], [121.40525, 25.121422], [121.405252, 25.121423], [121.405254, 25.121424], [121.405255, 25.121425], [121.405257, 25.121426], [121.405259, 25.121427], [121.40526, 25.121428], [121.405262, 25.121429], [121.405264, 25.12143], [121.405265, 25.121431], [121.405267, 25.121432], [121.405269, 25.121433], [121.405271, 25.121434], [121.405272, 25.121434], [121.405274, 25.121435], [121.405276, 25.121436], [121.405277, 25.121437], [121.405279, 25.121438], [121.405281, 25.121439], [121.405283, 25.12144], [121.405284, 25.121441], [121.405286, 25.121442], [121.405288, 25.121442], [121.40529, 25.121443], [121.405291, 25.121444], [121.405293, 25.121445], [121.405295, 25.121446], [121.405297, 25.121447], [121.405298, 25.121448], [121.4053, 25.121448], [121.405302, 25.121449], [121.405304, 25.12145], [121.405305, 25.121451], [121.405307, 25.121452], [121.405309, 25.121453], [121.405311, 25.121453], [121.405312, 25.121454], [121.405314, 25.121455], [121.405316, 25.121456], [121.405318, 25.121457], [121.40532, 25.121458], [121.405321, 25.121458], [121.405323, 25.121459], [121.405325, 25.12146], [121.405327, 25.121461], [121.405328, 25.121461], [121.40533, 25.121462], [121.405332, 25.121463], [121.405334, 25.121464], [121.405336, 25.121465], [121.405337, 25.121465], [121.405339, 25.121466], [121.405341, 25.121467], [121.405343, 25.121468], [121.405345, 25.121468], [121.405346, 25.121469], [121.405348, 25.12147], [121.40535, 25.121471], [121.405352, 25.121471], [121.405354, 25.121472], [121.405355, 25.121473], [121.405357, 25.121473], [121.405359, 25.121474], [121.405361, 25.121475], [121.405363, 25.121476], [121.405365, 25.121476], [121.405366, 25.121477], [121.405368, 25.121478], [121.40537, 25.121478], [121.405372, 25.121479], [121.405374, 25.12148], [121.405376, 25.12148], [121.405377, 25.121481], [121.405379, 25.121482], [121.405381, 25.121482], [121.405383, 25.121483], [121.405385, 25.121484], [121.405387, 25.121484], [121.405388, 25.121485], [121.40539, 25.121486], [121.405392, 25.121486], [121.405394, 25.121487], [121.405396, 25.121488], [121.405398, 25.121488], [121.4054, 25.121489], [121.405401, 25.12149], [121.405403, 25.12149], [121.405405, 25.121491], [121.405407, 25.121491], [121.405409, 25.121492], [121.405411, 25.121493], [121.405413, 25.121493], [121.405415, 25.121494], [121.405416, 25.121494], [121.405418, 25.121495], [121.40542, 25.121496], [121.405422, 25.121496], [121.405424, 25.121497], [121.405426, 25.121497], [121.405428, 25.121498], [121.40543, 25.121498], [121.405431, 25.121499], [121.405433, 25.1215], [121.405435, 25.1215], [121.405437, 25.121501], [121.405439, 25.121501], [121.405441, 25.121502], [121.405443, 25.121502], [121.405445, 25.121503], [121.405447, 25.121503], [121.405449, 25.121504], [121.40545, 25.121504], [121.405452, 25.121505], [121.405454, 25.121505], [121.405456, 25.121506], [121.405458, 25.121506], [121.40546, 25.121507], [121.405462, 25.121507], [121.405464, 25.121508], [121.405466, 25.121508], [121.405468, 25.121509], [121.405469, 25.121509], [121.405471, 25.12151], [121.405473, 25.12151], [121.405475, 25.121511], [121.405477, 25.121511], [121.405479, 25.121512], [121.405481, 25.121512], [121.405483, 25.121512], [121.405485, 25.121513], [121.405487, 25.121513], [121.405489, 25.121514], [121.405491, 25.121514], [121.405493, 25.121515], [121.405494, 25.121515], [121.405496, 25.121515], [121.405498, 25.121516], [121.4055, 25.121516], [121.405502, 25.121517], [121.405528, 25.121522], [121.40553, 25.121522], [121.405532, 25.121523], [121.405533, 25.121523], [121.405535, 25.121524], [121.405537, 25.121524], [121.405539, 25.121524], [121.405541, 25.121525], [121.405543, 25.121525], [121.405545, 25.121526], [121.405547, 25.121526], [121.405549, 25.121526], [121.405551, 25.121527], [121.405553, 25.121527], [121.405555, 25.121528], [121.405557, 25.121528], [121.405559, 25.121528], [121.405561, 25.121529], [121.405562, 25.121529], [121.405564, 25.12153], [121.405566, 25.12153], [121.405568, 25.12153], [121.40557, 25.121531], [121.405572, 25.121531], [121.405574, 25.121532], [121.405576, 25.121532], [121.405578, 25.121532], [121.40558, 25.121533], [121.405582, 25.121533], [121.405584, 25.121534], [121.405586, 25.121534], [121.405588, 25.121535], [121.405589, 25.121535], [121.405591, 25.121535], [121.405593, 25.121536], [121.405595, 25.121536], [121.405597, 25.121537], [121.405599, 25.121537], [121.405601, 25.121537], [121.405603, 25.121538], [121.405605, 25.121538], [121.405607, 25.121539], [121.405609, 25.121539], [121.405611, 25.12154], [121.405613, 25.12154], [121.405615, 25.12154], [121.405616, 25.121541], [121.405618, 25.121541], [121.40562, 25.121542], [121.405622, 25.121542], [121.405624, 25.121542], [121.405626, 25.121543], [121.405628, 25.121543], [121.40563, 25.121544], [121.405632, 25.121544], [121.405634, 25.121545], [121.405636, 25.121545], [121.405638, 25.121545], [121.40564, 25.121546], [121.405642, 25.121546], [121.405643, 25.121547], [121.405645, 25.121547], [121.405647, 25.121548], [121.405649, 25.121548], [121.405651, 25.121548], [121.405653, 25.121549], [121.405655, 25.121549], [121.405657, 25.12155], [121.405659, 25.12155], [121.405661, 25.121551], [121.405663, 25.121551], [121.405665, 25.121551], [121.405667, 25.121552], [121.405669, 25.121552], [121.40567, 25.121553], [121.405672, 25.121553], [121.405674, 25.121554], [121.405676, 25.121554], [121.405678, 25.121554], [121.40568, 25.121555], [121.405682, 25.121555], [121.405684, 25.121556], [121.405686, 25.121556], [121.405688, 25.121557], [121.40569, 25.121557], [121.405692, 25.121558], [121.405694, 25.121558], [121.405695, 25.121558], [121.405697, 25.121559], [121.405699, 25.121559], [121.405701, 25.12156], [121.405703, 25.12156], [121.405705, 25.121561], [121.405707, 25.121561], [121.405709, 25.121561], [121.405711, 25.121562], [121.405713, 25.121562], [121.405715, 25.121563], [121.405717, 25.121563], [121.405719, 25.121564], [121.40572, 25.121564], [121.405722, 25.121565], [121.405724, 25.121565], [121.405726, 25.121565], [121.405728, 25.121566], [121.40573, 25.121566], [121.405732, 25.121567], [121.405734, 25.121567], [121.405736, 25.121568], [121.405738, 25.121568], [121.40574, 25.121569], [121.405742, 25.121569], [121.405744, 25.121569], [121.405745, 25.12157], [121.405747, 25.12157], [121.405749, 25.121571], [121.405751, 25.121571], [121.405753, 25.121572], [121.405755, 25.121572], [121.405757, 25.121573], [121.405759, 25.121573], [121.405761, 25.121574], [121.405763, 25.121574], [121.405765, 25.121574], [121.405767, 25.121575], [121.405769, 25.121575], [121.40577, 25.121576], [121.405772, 25.121576], [121.405774, 25.121577], [121.405776, 25.121577], [121.405778, 25.121578], [121.40578, 25.121578], [121.405782, 25.121579], [121.405784, 25.121579], [121.405786, 25.121579], [121.405788, 25.12158], [121.40579, 25.12158], [121.405792, 25.121581], [121.405793, 25.121581], [121.405795, 25.121582], [121.405797, 25.121582], [121.405799, 25.121583], [121.405801, 25.121583], [121.405803, 25.121584], [121.405805, 25.121584], [121.405807, 25.121584], [121.405809, 25.121585], [121.405811, 25.121585], [121.405813, 25.121586], [121.405815, 25.121586], [121.405816, 25.121587], [121.405818, 25.121587], [121.40582, 25.121588], [121.405822, 25.121588], [121.405824, 25.121589], [121.405826, 25.121589], [121.405828, 25.12159], [121.40583, 25.12159], [121.405832, 25.121591], [121.405834, 25.121591], [121.405836, 25.121591], [121.405838, 25.121592], [121.405839, 25.121592], [121.405841, 25.121593], [121.405843, 25.121593], [121.405845, 25.121594], [121.405847, 25.121594], [121.405849, 25.121595], [121.405851, 25.121595], [121.405853, 25.121596], [121.405855, 25.121596], [121.405857, 25.121597], [121.405859, 25.121597], [121.40586, 25.121598], [121.405862, 25.121598], [121.405864, 25.121598], [121.405864, 25.121599], [121.405866, 25.121599], [121.405868, 25.1216], [121.40587, 25.1216], [121.405872, 25.1216], [121.405874, 25.121601], [121.405876, 25.121601], [121.405878, 25.121602], [121.40588, 25.121602], [121.405882, 25.121603], [121.405883, 25.121603], [121.405885, 25.121604], [121.405887, 25.121604], [121.405889, 25.121605], [121.405891, 25.121605], [121.405893, 25.121606], [121.405895, 25.121606], [121.405897, 25.121607], [121.405899, 25.121607], [121.405901, 25.121608], [121.405903, 25.121608], [121.405904, 25.121609], [121.405906, 25.121609], [121.405908, 25.12161], [121.40591, 25.12161], [121.405912, 25.121611], [121.405914, 25.121611], [121.405916, 25.121612], [121.405918, 25.121612], [121.40592, 25.121613], [121.405922, 25.121613], [121.405924, 25.121614], [121.405925, 25.121614], [121.405927, 25.121614], [121.405929, 25.121615], [121.405931, 25.121615], [121.405933, 25.121616], [121.405935, 25.121616], [121.405937, 25.121617], [121.405939, 25.121617], [121.405941, 25.121618], [121.405943, 25.121618], [121.405945, 25.121619], [121.405946, 25.121619], [121.405948, 25.12162], [121.40595, 25.12162], [121.405952, 25.121621], [121.405954, 25.121621], [121.405956, 25.121622], [121.405958, 25.121622], [121.40596, 25.121623], [121.405962, 25.121623], [121.405964, 25.121624], [121.405966, 25.121624], [121.405967, 25.121625], [121.405969, 25.121625], [121.405971, 25.121626], [121.405973, 25.121626], [121.405975, 25.121627], [121.405977, 25.121627], [121.405979, 25.121628], [121.405981, 25.121628], [121.405983, 25.121629], [121.405985, 25.121629], [121.405987, 25.12163], [121.405988, 25.12163], [121.40599, 25.121631], [121.405992, 25.121631], [121.405994, 25.121632], [121.405996, 25.121632], [121.405998, 25.121633], [121.406, 25.121633], [121.406002, 25.121634], [121.406004, 25.121634], [121.406006, 25.121635], [121.406007, 25.121635], [121.406009, 25.121636], [121.406011, 25.121636], [121.406013, 25.121637], [121.406015, 25.121637], [121.406017, 25.121638], [121.406019, 25.121639], [121.406021, 25.121639], [121.406023, 25.12164], [121.406025, 25.12164], [121.406026, 25.121641], [121.406028, 25.121641], [121.40603, 25.121642], [121.406032, 25.121642], [121.406034, 25.121643], [121.406036, 25.121643], [121.406038, 25.121644], [121.40604, 25.121644], [121.406042, 25.121645], [121.406044, 25.121645], [121.406045, 25.121646], [121.406047, 25.121646], [121.406049, 25.121647], [121.406051, 25.121647], [121.406053, 25.121648], [121.406055, 25.121648], [121.406057, 25.121649], [121.406059, 25.121649], [121.406061, 25.12165], [121.406063, 25.12165], [121.406064, 25.121651], [121.406066, 25.121651], [121.406068, 25.121652], [121.40607, 25.121652], [121.406072, 25.121653], [121.406074, 25.121653], [121.406076, 25.121654], [121.406078, 25.121655], [121.40608, 25.121655], [121.406082, 25.121656], [121.406083, 25.121656], [121.406085, 25.121657], [121.406087, 25.121657], [121.406089, 25.121658], [121.406091, 25.121658], [121.406093, 25.121659], [121.406095, 25.121659], [121.406097, 25.12166], [121.406099, 25.12166], [121.406101, 25.121661], [121.406102, 25.121661], [121.406104, 25.121662], [121.406106, 25.121662], [121.406108, 25.121663], [121.40611, 25.121663], [121.406112, 25.121664], [121.406114, 25.121665], [121.406116, 25.121665], [121.406118, 25.121666], [121.406119, 25.121666], [121.406121, 25.121667], [121.406123, 25.121667], [121.406125, 25.121668], [121.406127, 25.121668], [121.406129, 25.121669], [121.406131, 25.121669], [121.406133, 25.12167], [121.406135, 25.12167], [121.406137, 25.121671], [121.406138, 25.121671], [121.40614, 25.121672], [121.406142, 25.121673], [121.406144, 25.121673], [121.406146, 25.121674], [121.406148, 25.121674], [121.40615, 25.121675], [121.406152, 25.121675], [121.406154, 25.121676], [121.406155, 25.121676], [121.406157, 25.121677], [121.406159, 25.121677], [121.406161, 25.121678], [121.406163, 25.121679], [121.406165, 25.121679], [121.406167, 25.12168], [121.406169, 25.12168], [121.406171, 25.121681], [121.406172, 25.121681], [121.406174, 25.121682], [121.406176, 25.121682], [121.406178, 25.121683], [121.40618, 25.121683], [121.406182, 25.121684], [121.406184, 25.121685], [121.406186, 25.121685], [121.406188, 25.121686], [121.40619, 25.121686], [121.406191, 25.121687], [121.406193, 25.121687], [121.406195, 25.121688], [121.406197, 25.121688], [121.406199, 25.121689], [121.406201, 25.121689], [121.406203, 25.12169], [121.406205, 25.121691], [121.406207, 25.121691], [121.406208, 25.121692], [121.40621, 25.121692], [121.406212, 25.121693], [121.406214, 25.121693], [121.406216, 25.121694], [121.406218, 25.121694], [121.40622, 25.121695], [121.406222, 25.121696], [121.406223, 25.121696], [121.406225, 25.121697], [121.406227, 25.121697], [121.406229, 25.121698], [121.406231, 25.121698], [121.406233, 25.121699], [121.406235, 25.121699], [121.406237, 25.1217], [121.406239, 25.121701], [121.40624, 25.121701], [121.406242, 25.121702], [121.406244, 25.121702], [121.406246, 25.121703], [121.406248, 25.121703], [121.40625, 25.121704], [121.406252, 25.121704], [121.406254, 25.121705], [121.406256, 25.121706], [121.406257, 25.121706], [121.406259, 25.121707], [121.406261, 25.121707], [121.406263, 25.121708], [121.406265, 25.121708], [121.406267, 25.121709], [121.406269, 25.12171], [121.406271, 25.12171], [121.406273, 25.121711], [121.406274, 25.121711], [121.406276, 25.121712], [121.406278, 25.121712], [121.40628, 25.121713], [121.406282, 25.121714], [121.406284, 25.121714], [121.406286, 25.121715], [121.406288, 25.121715], [121.406289, 25.121716], [121.406291, 25.121716], [121.406293, 25.121717], [121.406295, 25.121718], [121.406297, 25.121718], [121.406299, 25.121719], [121.406301, 25.121719], [121.406303, 25.12172], [121.406304, 25.12172], [121.406306, 25.121721], [121.406308, 25.121722], [121.40631, 25.121722], [121.406312, 25.121723], [121.406314, 25.121723], [121.406316, 25.121724], [121.406318, 25.121724], [121.40632, 25.121725], [121.406321, 25.121726], [121.406323, 25.121726], [121.406325, 25.121727], [121.406327, 25.121727], [121.406329, 25.121728], [121.406331, 25.121728], [121.406333, 25.121729], [121.406335, 25.12173], [121.406336, 25.12173], [121.406338, 25.121731], [121.40634, 25.121731], [121.406342, 25.121732], [121.406344, 25.121733], [121.406346, 25.121733], [121.406348, 25.121734], [121.40635, 25.121734], [121.406351, 25.121735], [121.406353, 25.121735], [121.406355, 25.121736], [121.406357, 25.121737], [121.406359, 25.121737], [121.406361, 25.121738], [121.406363, 25.121738], [121.406365, 25.121739], [121.406366, 25.12174], [121.406368, 25.12174], [121.40637, 25.121741], [121.406372, 25.121741], [121.406374, 25.121742], [121.406376, 25.121743], [121.406378, 25.121743], [121.40638, 25.121744], [121.406381, 25.121744], [121.406383, 25.121745], [121.406385, 25.121745], [121.406387, 25.121746], [121.406389, 25.121747], [121.406391, 25.121747], [121.406393, 25.121748], [121.406395, 25.121748], [121.406396, 25.121749], [121.406398, 25.12175], [121.4064, 25.12175], [121.406402, 25.121751], [121.406404, 25.121751], [121.406406, 25.121752], [121.406408, 25.121753], [121.40641, 25.121753], [121.406411, 25.121754], [121.406413, 25.121754], [121.406415, 25.121755], [121.406417, 25.121756], [121.406419, 25.121756], [121.406421, 25.121757], [121.406423, 25.121757], [121.406425, 25.121758], [121.406426, 25.121759], [121.406428, 25.121759], [121.40643, 25.12176], [121.406432, 25.12176], [121.406434, 25.121761], [121.406436, 25.121762], [121.406438, 25.121762], [121.406439, 25.121763], [121.406441, 25.121763], [121.406443, 25.121764], [121.406445, 25.121765], [121.406447, 25.121765], [121.406449, 25.121766], [121.406451, 25.121766], [121.406453, 25.121767], [121.406454, 25.121768], [121.406456, 25.121768], [121.406458, 25.121769], [121.40646, 25.12177], [121.406462, 25.12177], [121.406464, 25.121771], [121.406466, 25.121771], [121.406467, 25.121772], [121.406469, 25.121773], [121.406612, 25.121819], [121.406683, 25.121842], [121.406693, 25.121846], [121.406777, 25.121873], [121.406821, 25.121888], [121.406825, 25.121889], [121.406845, 25.121896], [121.40685, 25.121897], [121.406854, 25.121898], [121.406859, 25.1219], [121.406864, 25.121901], [121.406868, 25.121902], [121.406873, 25.121903], [121.406878, 25.121904], [121.406883, 25.121905], [121.406888, 25.121906], [121.406892, 25.121907], [121.406897, 25.121908], [121.406902, 25.121908], [121.406907, 25.121909], [121.406912, 25.121909], [121.406917, 25.12191], [121.406922, 25.12191], [121.406927, 25.12191], [121.406932, 25.121911], [121.406936, 25.121911], [121.406941, 25.121911], [121.406946, 25.121911], [121.406951, 25.121911], [121.406956, 25.12191], [121.406961, 25.12191], [121.406966, 25.12191], [121.406971, 25.121909], [121.406976, 25.121909], [121.406981, 25.121908], [121.406985, 25.121908], [121.40699, 25.121907], [121.406995, 25.121906], [121.407, 25.121905], [121.407005, 25.121904], [121.407009, 25.121903], [121.407014, 25.121902], [121.407019, 25.121901], [121.407024, 25.121899], [121.407028, 25.121898], [121.407033, 25.121897], [121.407038, 25.121895], [121.407042, 25.121893], [121.407047, 25.121892], [121.407051, 25.12189], [121.407056, 25.121888], [121.40706, 25.121886], [121.407065, 25.121885], [121.407069, 25.121883], [121.407073, 25.12188], [121.407078, 25.121878], [121.407082, 25.121876], [121.407086, 25.121874], [121.40709, 25.121871], [121.407094, 25.121869], [121.407099, 25.121867], [121.407103, 25.121864], [121.407107, 25.121861], [121.407111, 25.121859], [121.407114, 25.121856], [121.407118, 25.121853], [121.407122, 25.12185], [121.407126, 25.121848], [121.407256, 25.121744], [121.40726, 25.121741], [121.407292, 25.121715], [121.407324, 25.12169], [121.407338, 25.12168], [121.407358, 25.121664], [121.407393, 25.121639], [121.407428, 25.121614], [121.407464, 25.12159], [121.4075, 25.121566], [121.407537, 25.121543], [121.407574, 25.121521], [121.407612, 25.121499], [121.40765, 25.121478], [121.407688, 25.121457], [121.407727, 25.121437], [121.407766, 25.121417], [121.407804, 25.121399], [121.407805, 25.121398], [121.407845, 25.12138], [121.407885, 25.121363], [121.407926, 25.121346], [121.407964, 25.121331], [121.407967, 25.121329], [121.408008, 25.121314], [121.408049, 25.121299], [121.408091, 25.121284], [121.408133, 25.121271], [121.408175, 25.121258], [121.408218, 25.121245], [121.40826, 25.121234], [121.408303, 25.121223], [121.408346, 25.121213], [121.40839, 25.121203], [121.408433, 25.121194], [121.408456, 25.12119], [121.408477, 25.121186], [121.408521, 25.121178], [121.408564, 25.121172], [121.408609, 25.121165], [121.408653, 25.12116], [121.408672, 25.121158], [121.408697, 25.121155], [121.408738, 25.121152], [121.408743, 25.121151], [121.408771, 25.121149], [121.408869, 25.121142], [121.40889, 25.12114], [121.409244, 25.121115], [121.409248, 25.121115], [121.409253, 25.121114], [121.409258, 25.121114], [121.409264, 25.121113], [121.409269, 25.121112], [121.409275, 25.121111], [121.40928, 25.121111], [121.409286, 25.12111], [121.409291, 25.121108], [121.409296, 25.121107], [121.409302, 25.121106], [121.409307, 25.121105], [121.409312, 25.121103], [121.409317, 25.121102], [121.409322, 25.1211], [121.409328, 25.121098], [121.409333, 25.121097], [121.409338, 25.121095], [121.409343, 25.121093], [121.409348, 25.121091], [121.409353, 25.121089], [121.409358, 25.121087], [121.409363, 25.121084], [121.409368, 25.121082], [121.40937, 25.121081], [121.409539, 25.120996], [121.409549, 25.120992], [121.409565, 25.120984], [121.409581, 25.120977], [121.409582, 25.120976], [121.409599, 25.120969], [121.409615, 25.120962], [121.409633, 25.120955], [121.40965, 25.120948], [121.409667, 25.120942], [121.409685, 25.120936], [121.409702, 25.120931], [121.40972, 25.120925], [121.409738, 25.12092], [121.409755, 25.120915], [121.409773, 25.12091], [121.409791, 25.120906], [121.40981, 25.120902], [121.409828, 25.120898], [121.409846, 25.120895], [121.409864, 25.120892], [121.409883, 25.120889], [121.409901, 25.120886], [121.40992, 25.120884], [121.409938, 25.120882], [121.409957, 25.12088], [121.409975, 25.120879], [121.409994, 25.120878], [121.410013, 25.120877], [121.410017, 25.120877], [121.410031, 25.120877], [121.41005, 25.120877], [121.410069, 25.120877], [121.410087, 25.120877], [121.410106, 25.120878], [121.410125, 25.120879], [121.410143, 25.12088], [121.410162, 25.120882], [121.410165, 25.120882], [121.410166, 25.120882], [121.410167, 25.120882], [121.410169, 25.120882], [121.410171, 25.120882], [121.410173, 25.120882], [121.410175, 25.120882], [121.410177, 25.120882], [121.410179, 25.120882], [121.410181, 25.120882], [121.410183, 25.120882], [121.410185, 25.120882], [121.410187, 25.120882], [121.410189, 25.120882], [121.41019, 25.120882], [121.410192, 25.120881], [121.410194, 25.120881], [121.410196, 25.120881], [121.410198, 25.120881], [121.4102, 25.12088], [121.410202, 25.12088], [121.410204, 25.120879], [121.410205, 25.120879], [121.410207, 25.120878], [121.410209, 25.120878], [121.410211, 25.120877], [121.410213, 25.120877], [121.410215, 25.120876], [121.410216, 25.120876], [121.410218, 25.120875], [121.41022, 25.120874], [121.410222, 25.120874], [121.410223, 25.120873], [121.410225, 25.120872], [121.410227, 25.120871], [121.410228, 25.120871], [121.41023, 25.12087], [121.410232, 25.120869], [121.410233, 25.120868], [121.410235, 25.120867], [121.410237, 25.120866], [121.410238, 25.120865], [121.41024, 25.120864], [121.410241, 25.120863], [121.410243, 25.120862], [121.410244, 25.120861], [121.410246, 25.12086], [121.410247, 25.120859], [121.410249, 25.120858], [121.41025, 25.120857], [121.410252, 25.120855], [121.410253, 25.120854], [121.41058, 25.120563], [121.410581, 25.120562], [121.410582, 25.120561], [121.410583, 25.12056], [121.410584, 25.120559], [121.410585, 25.120558], [121.410586, 25.120557], [121.410587, 25.120556], [121.410588, 25.120555], [121.410589, 25.120554], [121.41059, 25.120553], [121.41059, 25.120552], [121.410591, 25.120551], [121.410592, 25.12055], [121.410593, 25.120549], [121.410594, 25.120548], [121.410594, 25.120546], [121.410595, 25.120545], [121.410596, 25.120544], [121.410596, 25.120543], [121.410597, 25.120542], [121.410598, 25.120541], [121.410598, 25.120539], [121.410599, 25.120538], [121.4106, 25.120537], [121.4106, 25.120536], [121.410601, 25.120534], [121.410601, 25.120533], [121.410602, 25.120532], [121.410602, 25.120531], [121.410602, 25.120529], [121.410603, 25.120528], [121.410603, 25.120527], [121.410603, 25.120525], [121.410604, 25.120524], [121.410604, 25.120523], [121.410604, 25.120521], [121.410605, 25.12052], [121.410605, 25.120519], [121.410605, 25.120517], [121.410605, 25.120516], [121.410605, 25.120515], [121.410605, 25.120513], [121.410605, 25.120512], [121.410606, 25.120511], [121.410606, 25.120509], [121.410606, 25.120508], [121.410606, 25.120507], [121.410605, 25.120505], [121.410605, 25.120504], [121.410605, 25.120503], [121.410605, 25.120501], [121.410605, 25.1205], [121.410605, 25.120499], [121.410605, 25.120497], [121.410604, 25.120496], [121.410604, 25.120495], [121.410604, 25.120493], [121.410604, 25.120492], [121.410603, 25.120491], [121.410603, 25.12049], [121.410603, 25.120488], [121.410602, 25.120487], [121.410602, 25.120486], [121.410601, 25.120484], [121.410601, 25.120483], [121.410601, 25.120482], [121.410595, 25.120469], [121.410659, 25.120469], [121.410681, 25.120469], [121.410698, 25.120469], [121.41072, 25.120469], [121.410721, 25.120472], [121.410721, 25.120476], [121.410722, 25.120479], [121.410722, 25.120482], [121.410723, 25.120485], [121.410723, 25.120488], [121.410724, 25.120492], [121.410724, 25.120495], [121.410724, 25.120498], [121.410724, 25.120501], [121.410725, 25.120504], [121.410725, 25.120506], [121.410725, 25.120508], [121.410725, 25.120511], [121.410724, 25.120514], [121.410724, 25.120517], [121.410724, 25.120521], [121.410724, 25.120524], [121.410724, 25.120525], [121.410723, 25.120527], [121.410723, 25.12053], [121.410723, 25.120533], [121.410722, 25.120537], [121.410722, 25.12054], [121.410721, 25.120543], [121.41072, 25.120546], [121.410719, 25.120549], [121.410719, 25.120553], [121.410718, 25.120556], [121.410717, 25.120559], [121.410716, 25.120562], [121.410715, 25.120565], [121.410714, 25.120568], [121.410712, 25.120571], [121.410711, 25.120574], [121.41071, 25.120577], [121.410709, 25.12058], [121.410707, 25.120583], [121.410706, 25.120586], [121.410704, 25.120589], [121.410703, 25.120592], [121.410701, 25.120595], [121.410699, 25.120598], [121.410698, 25.1206], [121.410696, 25.120603], [121.410694, 25.120606], [121.410692, 25.120609], [121.41069, 25.120611], [121.410688, 25.120614], [121.410686, 25.120617], [121.410684, 25.120619], [121.410682, 25.120622], [121.41068, 25.120624], [121.410677, 25.120627], [121.410675, 25.120629], [121.410673, 25.120632], [121.41067, 25.120634], [121.410668, 25.120636], [121.410665, 25.120639], [121.410663, 25.120641], [121.410566, 25.120727], [121.410564, 25.120729], [121.410407, 25.120869], [121.410406, 25.12087], [121.410405, 25.120871], [121.410404, 25.120872], [121.410403, 25.120872], [121.410403, 25.120873], [121.410402, 25.120874], [121.410401, 25.120875], [121.410401, 25.120876], [121.4104, 25.120876], [121.4104, 25.120877], [121.410399, 25.120877], [121.410399, 25.120878], [121.410399, 25.120879], [121.410398, 25.120879], [121.410398, 25.12088], [121.410398, 25.120881], [121.410397, 25.120881], [121.410397, 25.120882], [121.410396, 25.120883], [121.410396, 25.120884], [121.410396, 25.120885], [121.410395, 25.120886], [121.410395, 25.120887], [121.410395, 25.120888], [121.410394, 25.120889], [121.410394, 25.12089], [121.410394, 25.120891], [121.410394, 25.120892], [121.410394, 25.120893], [121.410393, 25.120893], [121.410393, 25.120894], [121.410393, 25.120895], [121.410393, 25.120896], [121.410393, 25.120897], [121.410393, 25.120898], [121.410393, 25.120899], [121.410393, 25.1209], [121.410393, 25.120901], [121.410393, 25.120902], [121.410393, 25.120903], [121.410394, 25.120904], [121.410394, 25.120905], [121.410394, 25.120906], [121.410394, 25.120907], [121.410394, 25.120908], [121.410395, 25.120909], [121.410395, 25.12091], [121.410395, 25.120911], [121.410396, 25.120912], [121.410396, 25.120913], [121.410396, 25.120914], [121.410397, 25.120914], [121.410397, 25.120915], [121.410397, 25.120916], [121.410398, 25.120916], [121.410398, 25.120917], [121.410399, 25.120918], [121.410399, 25.120919], [121.4104, 25.120919], [121.4104, 25.12092], [121.410401, 25.120921], [121.410401, 25.120922], [121.410402, 25.120922], [121.410402, 25.120923], [121.410403, 25.120923], [121.410403, 25.120924], [121.410404, 25.120924], [121.410404, 25.120925], [121.410405, 25.120926], [121.410406, 25.120927], [121.410407, 25.120928], [121.410408, 25.120929], [121.410409, 25.120929], [121.41041, 25.12093], [121.410411, 25.120931], [121.410412, 25.120931], [121.410412, 25.120932], [121.410413, 25.120932], [121.410414, 25.120932], [121.410414, 25.120933], [121.410415, 25.120933], [121.410416, 25.120934], [121.410417, 25.120934], [121.410418, 25.120935], [121.410419, 25.120935], [121.41042, 25.120935], [121.41042, 25.120936], [121.410421, 25.120936], [121.410422, 25.120936], [121.410433, 25.12094], [121.410451, 25.120946], [121.410468, 25.120953], [121.410485, 25.120959], [121.410502, 25.120966], [121.410519, 25.120974], [121.410536, 25.120981], [121.410552, 25.120989], [121.410569, 25.120997], [121.410585, 25.121005], [121.410601, 25.121014], [121.410617, 25.121023], [121.410633, 25.121032], [121.410648, 25.121041], [121.410664, 25.121051], [121.410679, 25.121061], [121.410694, 25.121071], [121.410709, 25.121081], [121.410723, 25.121092], [121.410733, 25.121099], [121.410738, 25.121102], [121.410752, 25.121113], [121.410766, 25.121125], [121.41078, 25.121136], [121.410785, 25.12114], [121.410872, 25.121215], [121.410915, 25.121251], [121.411285, 25.121568], [121.411286, 25.121569], [121.411805, 25.122013], [121.411897, 25.122104], [121.411921, 25.122129], [121.412052, 25.12226], [121.412062, 25.12227], [121.412073, 25.12228], [121.412083, 25.12229], [121.412085, 25.122291], [121.412096, 25.122301], [121.412108, 25.122311], [121.41212, 25.122321], [121.412132, 25.122331], [121.412144, 25.122341], [121.412157, 25.12235], [121.41217, 25.122359], [121.412183, 25.122368], [121.412196, 25.122377], [121.412209, 25.122385], [121.412222, 25.122394], [121.412236, 25.122402], [121.412245, 25.122407], [121.41225, 25.12241], [121.412264, 25.122417], [121.412278, 25.122425], [121.412292, 25.122432], [121.412306, 25.122439], [121.41232, 25.122446], [121.412331, 25.122451], [121.412388, 25.122476], [121.412399, 25.122481], [121.412616, 25.122578], [121.412685, 25.122608], [121.41289, 25.1227], [121.412899, 25.122704], [121.412939, 25.122721], [121.412978, 25.122737], [121.413018, 25.122753], [121.413025, 25.122755], [121.413058, 25.122768], [121.413099, 25.122782], [121.413139, 25.122796], [121.41318, 25.122809], [121.413205, 25.122816], [121.413216, 25.12282], [121.413243, 25.122827], [121.41327, 25.122835], [121.413297, 25.122841], [121.413325, 25.122848], [121.413352, 25.122854], [121.41338, 25.122859], [121.413407, 25.122864], [121.413425, 25.122867], [121.413435, 25.122869], [121.41346, 25.122872], [121.413461, 25.122873], [121.413478, 25.122875], [121.413491, 25.122877], [121.413519, 25.12288], [121.413532, 25.122881], [121.413547, 25.122883], [121.413548, 25.122883], [121.41388, 25.122914], [121.414027, 25.122927], [121.414028, 25.122927], [121.41403, 25.122927], [121.414032, 25.122928], [121.414034, 25.122928], [121.414036, 25.122928], [121.414038, 25.122928], [121.41404, 25.122928], [121.414042, 25.122928], [121.414043, 25.122927], [121.414045, 25.122927], [121.414047, 25.122927], [121.414049, 25.122927], [121.414051, 25.122927], [121.414053, 25.122927], [121.414055, 25.122926], [121.414056, 25.122926], [121.414058, 25.122926], [121.41406, 25.122925], [121.414062, 25.122925], [121.414064, 25.122925], [121.414066, 25.122924], [121.414067, 25.122924], [121.414069, 25.122923], [121.414071, 25.122923], [121.414073, 25.122922], [121.414074, 25.122922], [121.414076, 25.122921], [121.414078, 25.12292], [121.41408, 25.12292], [121.414081, 25.122919], [121.414083, 25.122918], [121.414085, 25.122918], [121.414086, 25.122917], [121.414088, 25.122916], [121.41409, 25.122915], [121.414091, 25.122914], [121.414093, 25.122914], [121.414095, 25.122913], [121.414096, 25.122912], [121.414098, 25.122911], [121.414099, 25.12291], [121.414101, 25.122909], [121.414102, 25.122908], [121.414104, 25.122907], [121.414105, 25.122906], [121.414107, 25.122905], [121.414108, 25.122903], [121.414109, 25.122902], [121.414111, 25.122901], [121.414112, 25.1229], [121.414114, 25.122899], [121.414115, 25.122898], [121.414115, 25.122897], [121.41419, 25.122826], [121.414198, 25.122819], [121.414255, 25.122764], [121.414288, 25.122733], [121.414427, 25.1226], [121.414934, 25.122388], [121.414935, 25.122388], [121.414938, 25.122387], [121.41494, 25.122386], [121.414942, 25.122385], [121.414944, 25.122384], [121.414946, 25.122383], [121.414948, 25.122382], [121.41495, 25.122381], [121.414952, 25.122379], [121.414955, 25.122378], [121.414957, 25.122377], [121.414959, 25.122375], [121.41496, 25.122374], [121.414962, 25.122373], [121.414964, 25.122371], [121.414966, 25.12237], [121.414968, 25.122369], [121.41497, 25.122367], [121.414972, 25.122366], [121.414973, 25.122364], [121.414975, 25.122362], [121.414977, 25.122361], [121.414979, 25.122359], [121.41498, 25.122358], [121.414982, 25.122356], [121.414983, 25.122354], [121.414985, 25.122352], [121.414987, 25.122351], [121.414988, 25.122349], [121.414989, 25.122347], [121.414991, 25.122345], [121.414992, 25.122343], [121.414994, 25.122342], [121.414995, 25.12234], [121.414996, 25.122338], [121.414997, 25.122336], [121.414999, 25.122334], [121.415, 25.122332], [121.415001, 25.12233], [121.415002, 25.122328], [121.415003, 25.122326], [121.415004, 25.122324], [121.415005, 25.122322], [121.415006, 25.12232], [121.415007, 25.122318], [121.415008, 25.122316], [121.415008, 25.122314], [121.415009, 25.122311], [121.41501, 25.122309], [121.415011, 25.122307], [121.415011, 25.122305], [121.415012, 25.122303], [121.415013, 25.122301], [121.415013, 25.122299], [121.415014, 25.122296], [121.415014, 25.122294], [121.415014, 25.122292], [121.415015, 25.12229], [121.415015, 25.122288], [121.415015, 25.122285], [121.415016, 25.122283], [121.415016, 25.122281], [121.415016, 25.122279], [121.415016, 25.122276], [121.415016, 25.122274], [121.415016, 25.122272], [121.415016, 25.12227], [121.415016, 25.122268], [121.415016, 25.122265], [121.415016, 25.122263], [121.415015, 25.122261], [121.415015, 25.122259], [121.415015, 25.122256], [121.415015, 25.122254], [121.415014, 25.122252], [121.415014, 25.12225], [121.415013, 25.122248], [121.415013, 25.122245], [121.415012, 25.122243], [121.415012, 25.122241], [121.415011, 25.122239], [121.41501, 25.122237], [121.41501, 25.122235], [121.415009, 25.122233], [121.415008, 25.12223], [121.415007, 25.122228], [121.415007, 25.122226], [121.415006, 25.122224], [121.415005, 25.122222], [121.415004, 25.12222], [121.415003, 25.122218], [121.415002, 25.122216], [121.415001, 25.122214], [121.414999, 25.122212], [121.414998, 25.12221], [121.414997, 25.122208], [121.414996, 25.122206], [121.414994, 25.122204], [121.414993, 25.122202], [121.414992, 25.122201], [121.41499, 25.122199], [121.414989, 25.122197], [121.414987, 25.122195], [121.414986, 25.122193], [121.414984, 25.122192], [121.414983, 25.12219], [121.414981, 25.122188], [121.41498, 25.122187], [121.414978, 25.122185], [121.414976, 25.122183], [121.414975, 25.122182], [121.414973, 25.12218], [121.414971, 25.122179], [121.414969, 25.122177], [121.414967, 25.122176], [121.414966, 25.122175], [121.414872, 25.122102], [121.414867, 25.122098], [121.414845, 25.122082], [121.414823, 25.122066], [121.4148, 25.122051], [121.414778, 25.122036], [121.414755, 25.122021], [121.414731, 25.122006], [121.414708, 25.121992], [121.414684, 25.121978], [121.41466, 25.121965], [121.414653, 25.121961], [121.414636, 25.121952], [121.414611, 25.12194], [121.414586, 25.121927], [121.414561, 25.121916], [121.414536, 25.121904], [121.414511, 25.121893], [121.414485, 25.121883], [121.414459, 25.121873], [121.414433, 25.121863], [121.414407, 25.121854], [121.414397, 25.12185], [121.414285, 25.121812], [121.414235, 25.121795], [121.414232, 25.121794], [121.414225, 25.121792], [121.414217, 25.121789], [121.414209, 25.121786], [121.414202, 25.121783], [121.414194, 25.121779], [121.414187, 25.121776], [121.414179, 25.121772], [121.414172, 25.121769], [121.414165, 25.121765], [121.414158, 25.121761], [121.41415, 25.121757], [121.414143, 25.121753], [121.414136, 25.121749], [121.41413, 25.121745], [121.414123, 25.12174], [121.414116, 25.121736], [121.414109, 25.121731], [121.414103, 25.121727], [121.414096, 25.121722], [121.41409, 25.121717], [121.414084, 25.121712], [121.414078, 25.121707], [121.414072, 25.121702], [121.414066, 25.121696], [121.41406, 25.121691], [121.414054, 25.121685], [121.414048, 25.12168], [121.414043, 25.121674], [121.414037, 25.121668], [121.414032, 25.121663], [121.414027, 25.121657], [121.414022, 25.121651], [121.414017, 25.121645], [121.414012, 25.121638], [121.414007, 25.121632], [121.414003, 25.121626], [121.413998, 25.12162], [121.413994, 25.121613], [121.413989, 25.121607], [121.413985, 25.1216], [121.413981, 25.121593], [121.413977, 25.121587], [121.413974, 25.12158], [121.41397, 25.121573], [121.413967, 25.121567], [121.413788, 25.121207], [121.413787, 25.121204], [121.413756, 25.121142], [121.413724, 25.121078], [121.413728, 25.120916], [121.413733, 25.120714], [121.413852, 25.120716], [121.413847, 25.120918], [121.413843, 25.121056], [121.413906, 25.121181], [121.414076, 25.121523], [121.414078, 25.121527], [121.41408, 25.121532], [121.414083, 25.121537], [121.414086, 25.121542], [121.414089, 25.121547], [121.414092, 25.121552], [121.414095, 25.121557], [121.414099, 25.121562], [121.414102, 25.121567], [121.414106, 25.121571], [121.414109, 25.121576], [121.414113, 25.121581], [121.414117, 25.121585], [121.41412, 25.12159], [121.414124, 25.121594], [121.414128, 25.121599], [121.414132, 25.121603], [121.414137, 25.121607], [121.414141, 25.121611], [121.414145, 25.121615], [121.41415, 25.12162], [121.414154, 25.121623], [121.414159, 25.121627], [121.414163, 25.121631], [121.414168, 25.121635], [121.414173, 25.121639], [121.414177, 25.121642], [121.414182, 25.121646], [121.414187, 25.121649], [121.414192, 25.121653], [121.414197, 25.121656], [121.414203, 25.121659], [121.414208, 25.121662], [121.414213, 25.121665], [121.414219, 25.121668], [121.414224, 25.121671], [121.414229, 25.121674], [121.414235, 25.121677], [121.41424, 25.121679], [121.414246, 25.121682], [121.414252, 25.121684], [121.414257, 25.121687], [121.414263, 25.121689], [121.414269, 25.121691], [121.414275, 25.121693], [121.414277, 25.121694], [121.414319, 25.121708], [121.414439, 25.121749], [121.414449, 25.121752], [121.414477, 25.121762], [121.414505, 25.121773], [121.414533, 25.121784], [121.41456, 25.121795], [121.414588, 25.121807], [121.414615, 25.121819], [121.414642, 25.121832], [121.414668, 25.121845], [121.414695, 25.121858], [121.414721, 25.121872], [121.414747, 25.121886], [121.414772, 25.121901], [121.414798, 25.121916], [121.414823, 25.121932], [121.414847, 25.121948], [121.414872, 25.121964], [121.414896, 25.121981], [121.414919, 25.121998], [121.414943, 25.122015], [121.414948, 25.12202], [121.414981, 25.122044], [121.415043, 25.122092], [121.415044, 25.122093], [121.415045, 25.122094], [121.415046, 25.122094], [121.415047, 25.122095], [121.415049, 25.122096], [121.41505, 25.122098], [121.415052, 25.122099], [121.415053, 25.1221], [121.415054, 25.122101], [121.415055, 25.122102], [121.415056, 25.122103], [121.415057, 25.122104], [121.415059, 25.122105], [121.41506, 25.122106], [121.415061, 25.122108], [121.415062, 25.122108], [121.415063, 25.122109], [121.415064, 25.12211], [121.415065, 25.122111], [121.415066, 25.122112], [121.415067, 25.122113], [121.415068, 25.122114], [121.41507, 25.122116], [121.415071, 25.122117], [121.415072, 25.122118], [121.415073, 25.12212], [121.415075, 25.122121], [121.415076, 25.122122], [121.415077, 25.122124], [121.415079, 25.122125], [121.41508, 25.122127], [121.415081, 25.122128], [121.415082, 25.12213], [121.415083, 25.122131], [121.415085, 25.122132], [121.415086, 25.122134], [121.415087, 25.122135], [121.415088, 25.122137], [121.415089, 25.122138], [121.41509, 25.12214], [121.415091, 25.122141], [121.415092, 25.122143], [121.415094, 25.122144], [121.415095, 25.122146], [121.415096, 25.122147], [121.415097, 25.122149], [121.415098, 25.12215], [121.415099, 25.122152], [121.4151, 25.122154], [121.415101, 25.122155], [121.415102, 25.122157], [121.415103, 25.122158], [121.415104, 25.12216], [121.415105, 25.122161], [121.415106, 25.122163], [121.415106, 25.122165], [121.415107, 25.122166], [121.415108, 25.122168], [121.415109, 25.122169], [121.41511, 25.122171], [121.415111, 25.122173], [121.415112, 25.122174], [121.415112, 25.122176], [121.415113, 25.122178], [121.415114, 25.122179], [121.415115, 25.122181], [121.415018, 25.121908], [121.415015, 25.1219], [121.414974, 25.121785], [121.41495, 25.121717], [121.414935, 25.121675], [121.414918, 25.121628], [121.414827, 25.121373], [121.414723, 25.121081], [121.414613, 25.120771], [121.414598, 25.12073], [121.414579, 25.120535], [121.41456, 25.12034], [121.414519, 25.119926], [121.414519, 25.119923], [121.414461, 25.119333], [121.414456, 25.119282], [121.414439, 25.119109], [121.414435, 25.119075], [121.414416, 25.118867], [121.414285, 25.11748], [121.41449, 25.116936], [121.414558, 25.116755], [121.414733, 25.116288], [121.414717, 25.116108], [121.414628, 25.11511], [121.414584, 25.114621], [121.415241, 25.113451], [121.415297, 25.113351], [121.41569, 25.11265], [121.415825, 25.11236], [121.416089, 25.111793], [121.416384, 25.110751], [121.416409, 25.110664], [121.416454, 25.110503], [121.416465, 25.110465], [121.41659, 25.110412], [121.417246, 25.110136], [121.4176, 25.109987], [121.417977, 25.109828], [121.417987, 25.109824], [121.418017, 25.109812], [121.418193, 25.109738], [121.41827, 25.109654], [121.418416, 25.109496], [121.418645, 25.109248], [121.418848, 25.109027], [121.419088, 25.108768], [121.419122, 25.10873], [121.41915, 25.108711], [121.419593, 25.108406], [121.419732, 25.10831], [121.419809, 25.108257], [121.420018, 25.108113], [121.420053, 25.108089], [121.420241, 25.107959], [121.420435, 25.107938], [121.420771, 25.107902], [121.420968, 25.10788], [121.421327, 25.107842], [121.421623, 25.10781], [121.421657, 25.107806], [121.422132, 25.107675], [121.423124, 25.107402], [121.423166, 25.107391], [121.423315, 25.10735], [121.423276, 25.106761], [121.42335, 25.106759], [121.423643, 25.106751], [121.423791, 25.106747], [121.423868, 25.106745], [121.424173, 25.106737], [121.424269, 25.106735], [121.424791, 25.106721], [121.424882, 25.106719], [121.424911, 25.106685], [121.42504, 25.106532], [121.425054, 25.106517], [121.425196, 25.106349], [121.425227, 25.106312], [121.425308, 25.106217], [121.425357, 25.106159], [121.425375, 25.106138], [121.425455, 25.106044], [121.425466, 25.106031], [121.425394, 25.105915], [121.425313, 25.105787], [121.425233, 25.105658], [121.42516, 25.105542], [121.424907, 25.105139], [121.424869, 25.10511], [121.424783, 25.105046], [121.42475, 25.10502], [121.424742, 25.105015], [121.424492, 25.104826], [121.424216, 25.104617], [121.42344, 25.105076], [121.422854, 25.104717], [121.422434, 25.104822], [121.422338, 25.106119], [121.421071, 25.106303], [121.420468, 25.10639], [121.419937, 25.106824], [121.419868, 25.106881], [121.418727, 25.106762], [121.418194, 25.107081], [121.417109, 25.10773], [121.41568, 25.108169], [121.41479, 25.10791], [121.414624, 25.108168], [121.414588, 25.108222], [121.414102, 25.108973], [121.414099, 25.108978], [121.414257, 25.109399], [121.414265, 25.109421], [121.414384, 25.109739], [121.41447, 25.110243], [121.414523, 25.110551], [121.414367, 25.110556], [121.412855, 25.110741], [121.413062, 25.111575], [121.413071, 25.111611], [121.413312, 25.112582], [121.413316, 25.112625], [121.413288, 25.112652], [121.41234, 25.112993], [121.411763, 25.1132], [121.411573, 25.113268], [121.411207, 25.113331], [121.411058, 25.113356], [121.411033, 25.113361], [121.411104, 25.113379], [121.411115, 25.113684], [121.411115, 25.113685]]], [[[121.415116, 25.122184], [121.415117, 25.122186], [121.415116, 25.122183], [121.415116, 25.122184]]]]}}, {"type": "Feature", "properties": {"zoning_id": "Z0044", "zone_label": "公墓用地", "county": "新北市", "area_ha": 0.001}, "geometry": {"type": "MultiPolygon", "coordinates": [[[[121.447496, 25.133849], [121.447323, 25.133853], [121.447319, 25.133859], [121.44749, 25.133853], [121.447496, 25.133849]]]]}}, {"type": "Feature", "properties": {"zoning_id": "Z0045", "zone_label": "公墓用地", "county": "新北市", "area_ha": 0.001}, "geometry": {"type": "MultiPolygon", "coordinates": [[[[121.447177, 25.133713], [121.447166, 25.133714], [121.447173, 25.133804], [121.447184, 25.133803], [121.447177, 25.133713]]]]}}, {"type": "Feature", "properties": {"zoning_id": "Z0046", "zone_label": "公墓用地", "county": "新北市", "area_ha": 0.001}, "geometry": {"type": "MultiPolygon", "coordinates": [[[[121.447186, 25.133825], [121.447188, 25.133856], [121.447268, 25.133854], [121.447186, 25.133825]]]]}}, {"type": "Feature", "properties": {"zoning_id": "Z0047", "zone_label": "公墓用地", "county": "新北市", "area_ha": 0.019}, "geometry": {"type": "MultiPolygon", "coordinates": [[[[121.447164, 25.133193], [121.447041, 25.133185], [121.447008, 25.13319], [121.447014, 25.133264], [121.447015, 25.133273], [121.44699, 25.133269], [121.446988, 25.133283], [121.447148, 25.13332], [121.447143, 25.133251], [121.447165, 25.133247], [121.447164, 25.133193]]]]}}, {"type": "Feature", "properties": {"zoning_id": "Z0048", "zone_label": "公墓用地", "county": "新北市", "area_ha": 0.116}, "geometry": {"type": "MultiPolygon", "coordinates": [[[[121.447319, 25.133859], [121.447323, 25.133853], [121.447319, 25.133853], [121.447305, 25.133853], [121.447268, 25.133854], [121.447188, 25.133856], [121.447186, 25.133825], [121.447184, 25.133803], [121.447173, 25.133804], [121.447166, 25.133714], [121.447177, 25.133713], [121.447175, 25.133691], [121.44717, 25.133622], [121.447149, 25.13334], [121.446985, 25.133298], [121.446973, 25.133364], [121.446955, 25.133465], [121.44696, 25.133487], [121.446975, 25.13356], [121.446992, 25.133643], [121.447019, 25.133776], [121.447036, 25.133858], [121.447436, 25.13389], [121.447444, 25.13389], [121.44749, 25.133853], [121.447319, 25.133859]]]]}}, {"type": "Feature", "properties": {"zoning_id": "Z0049", "zone_label": "墓地", "county": "新北市", "area_ha": 7.065}, "geometry": {"type": "MultiPolygon", "coordinates": [[[[121.338819, 24.96987], [121.338852, 24.970111], [121.338874, 24.970057], [121.338875, 24.970056], [121.338875, 24.970055], [121.338876, 24.970054], [121.338876, 24.970052], [121.338877, 24.97005], [121.338878, 24.970049], [121.338878, 24.970047], [121.338879, 24.970045], [121.33888, 24.970043], [121.33888, 24.970042], [121.338881, 24.97004], [121.338882, 24.970038], [121.338882, 24.970037], [121.338883, 24.970035], [121.338884, 24.970033], [121.338884, 24.970032], [121.338885, 24.97003], [121.338886, 24.970028], [121.338886, 24.970026], [121.338887, 24.970025], [121.338888, 24.970023], [121.338888, 24.970021], [121.338889, 24.97002], [121.33889, 24.970018], [121.33889, 24.970016], [121.338891, 24.970014], [121.338892, 24.970013], [121.338892, 24.970011], [121.338893, 24.970009], [121.338893, 24.970008], [121.338894, 24.970006], [121.338895, 24.970004], [121.338895, 24.970003], [121.338896, 24.970001], [121.338897, 24.969999], [121.338897, 24.969997], [121.338898, 24.969996], [121.338899, 24.969994], [121.338899, 24.969992], [121.3389, 24.969991], [121.338901, 24.969989], [121.338901, 24.969987], [121.338902, 24.969985], [121.338902, 24.969984], [121.338903, 24.969982], [121.338904, 24.96998], [121.338904, 24.969979], [121.338905, 24.969977], [121.338906, 24.969975], [121.338906, 24.969973], [121.338907, 24.969972], [121.338907, 24.96997], [121.338908, 24.969968], [121.338909, 24.969967], [121.338909, 24.969965], [121.33891, 24.969963], [121.338911, 24.969961], [121.338911, 24.96996], [121.338912, 24.969958], [121.338912, 24.969956], [121.338913, 24.969955], [121.338914, 24.969953], [121.338914, 24.969951], [121.338915, 24.969949], [121.338915, 24.969948], [121.338916, 24.969946], [121.338917, 24.969944], [121.338917, 24.969943], [121.338918, 24.969941], [121.338919, 24.969939], [121.338919, 24.969937], [121.33892, 24.969936], [121.33892, 24.969934], [121.338921, 24.969932], [121.338922, 24.969931], [121.338922, 24.969929], [121.338923, 24.969927], [121.338923, 24.969925], [121.338924, 24.969924], [121.338925, 24.969922], [121.338925, 24.96992], [121.338926, 24.969918], [121.338926, 24.969917], [121.338927, 24.969915], [121.338928, 24.969913], [121.338928, 24.969912], [121.338929, 24.96991], [121.338929, 24.969908], [121.33893, 24.969906], [121.33893, 24.969905], [121.338931, 24.969903], [121.338932, 24.969901], [121.338932, 24.9699], [121.338933, 24.969898], [121.338933, 24.969896], [121.338934, 24.969894], [121.338935, 24.969893], [121.338935, 24.969891], [121.338936, 24.969889], [121.338936, 24.969887], [121.338937, 24.969886], [121.338937, 24.969884], [121.338938, 24.969882], [121.338939, 24.969881], [121.338939, 24.969879], [121.33894, 24.969877], [121.33894, 24.969875], [121.338941, 24.969874], [121.338941, 24.969872], [121.338942, 24.96987], [121.338943, 24.969868], [121.338943, 24.969867], [121.338944, 24.969865], [121.338944, 24.969863], [121.338945, 24.969861], [121.338945, 24.96986], [121.338946, 24.969858], [121.338947, 24.969856], [121.338947, 24.969855], [121.338948, 24.969853], [121.338948, 24.969851], [121.338949, 24.969849], [121.338949, 24.969848], [121.33895, 24.969846], [121.33895, 24.969844], [121.338951, 24.969842], [121.338952, 24.969841], [121.338952, 24.969839], [121.338953, 24.969837], [121.338953, 24.969835], [121.338954, 24.969834], [121.338954, 24.969832], [121.338955, 24.96983], [121.338955, 24.969829], [121.338956, 24.969827], [121.338956, 24.969825], [121.338957, 24.969823], [121.338958, 24.969822], [121.338958, 24.96982], [121.338959, 24.969818], [121.338959, 24.969816], [121.33896, 24.969815], [121.33896, 24.969813], [121.338961, 24.969811], [121.338961, 24.969809], [121.338962, 24.969808], [121.338962, 24.969806], [121.338963, 24.969804], [121.338963, 24.969802], [121.338964, 24.969801], [121.338964, 24.969799], [121.338965, 24.969797], [121.338966, 24.969796], [121.338966, 24.969794], [121.338967, 24.969792], [121.338967, 24.96979], [121.338968, 24.969789], [121.338968, 24.969787], [121.338969, 24.969785], [121.338969, 24.969783], [121.33897, 24.969782], [121.33897, 24.96978], [121.338971, 24.969778], [121.338971, 24.969776], [121.338972, 24.969775], [121.338972, 24.969773], [121.338973, 24.969771], [121.338973, 24.969769], [121.338974, 24.969768], [121.338974, 24.969766], [121.338975, 24.969764], [121.338975, 24.969762], [121.338976, 24.969761], [121.338976, 24.969759], [121.338977, 24.969757], [121.338977, 24.969755], [121.338978, 24.969754], [121.338978, 24.969752], [121.338979, 24.96975], [121.338979, 24.969748], [121.33898, 24.969747], [121.33898, 24.969745], [121.338981, 24.969743], [121.338981, 24.969741], [121.338982, 24.96974], [121.338982, 24.969738], [121.338983, 24.969736], [121.338983, 24.969734], [121.338984, 24.969733], [121.338984, 24.969731], [121.338985, 24.969729], [121.338985, 24.969727], [121.338986, 24.969726], [121.338986, 24.969724], [121.338987, 24.969722], [121.338987, 24.96972], [121.338988, 24.969719], [121.338988, 24.969717], [121.338989, 24.969715], [121.338989, 24.969713], [121.33899, 24.969712], [121.33899, 24.96971], [121.338991, 24.969708], [121.338991, 24.969706], [121.338991, 24.969705], [121.338992, 24.969703], [121.338992, 24.969701], [121.338993, 24.969699], [121.338993, 24.969698], [121.338994, 24.969696], [121.338994, 24.969694], [121.338995, 24.969692], [121.338995, 24.969691], [121.338996, 24.969689], [121.338996, 24.969687], [121.338997, 24.969685], [121.338997, 24.969684], [121.338998, 24.969682], [121.338998, 24.96968], [121.338998, 24.969678], [121.338999, 24.969677], [121.338999, 24.969675], [121.339, 24.969673], [121.339, 24.969671], [121.339001, 24.96967], [121.339001, 24.969668], [121.339002, 24.969666], [121.339002, 24.969664], [121.339003, 24.969663], [121.339003, 24.969661], [121.339003, 24.969659], [121.339004, 24.969657], [121.339004, 24.969655], [121.339005, 24.969654], [121.339005, 24.969652], [121.339006, 24.96965], [121.339006, 24.969648], [121.339007, 24.969647], [121.339007, 24.969645], [121.339007, 24.969643], [121.339008, 24.969641], [121.339008, 24.96964], [121.339009, 24.969638], [121.339009, 24.969636], [121.33901, 24.969634], [121.33901, 24.969633], [121.339011, 24.969631], [121.339011, 24.969629], [121.339011, 24.969627], [121.339012, 24.969626], [121.339012, 24.969624], [121.339013, 24.969622], [121.339013, 24.96962], [121.339014, 24.969618], [121.339014, 24.969617], [121.339014, 24.969615], [121.339015, 24.969613], [121.339015, 24.969611], [121.339016, 24.96961], [121.339016, 24.969608], [121.339016, 24.969606], [121.339017, 24.969604], [121.339017, 24.969603], [121.339018, 24.969601], [121.339018, 24.969599], [121.339019, 24.969597], [121.339019, 24.969596], [121.339019, 24.969594], [121.33902, 24.969592], [121.33902, 24.96959], [121.339021, 24.969588], [121.339021, 24.969587], [121.339021, 24.969585], [121.339022, 24.969583], [121.339022, 24.969581], [121.339023, 24.96958], [121.339023, 24.969578], [121.339023, 24.969576], [121.339024, 24.969574], [121.339024, 24.969573], [121.339025, 24.969571], [121.339025, 24.969569], [121.339025, 24.969567], [121.339026, 24.969565], [121.339026, 24.969564], [121.339027, 24.969562], [121.339027, 24.96956], [121.339027, 24.969558], [121.339028, 24.969557], [121.339028, 24.969555], [121.339029, 24.969553], [121.339029, 24.969551], [121.339029, 24.96955], [121.33903, 24.969548], [121.33903, 24.969546], [121.33903, 24.969544], [121.339031, 24.969542], [121.339031, 24.969541], [121.339032, 24.969539], [121.339032, 24.969537], [121.339032, 24.969535], [121.339033, 24.969534], [121.339033, 24.969532], [121.339034, 24.96953], [121.339034, 24.969528], [121.339034, 24.969527], [121.339035, 24.969525], [121.339035, 24.969523], [121.339035, 24.969521], [121.339036, 24.969519], [121.339036, 24.969518], [121.339036, 24.969516], [121.339037, 24.969514], [121.339037, 24.969512], [121.339038, 24.969511], [121.339038, 24.969509], [121.339038, 24.969507], [121.339039, 24.969505], [121.339039, 24.969503], [121.339039, 24.969502], [121.33904, 24.9695], [121.33904, 24.969498], [121.33904, 24.969496], [121.339041, 24.969495], [121.339041, 24.969493], [121.339042, 24.969491], [121.339042, 24.969489], [121.339042, 24.969487], [121.339043, 24.969486], [121.339043, 24.969484], [121.339043, 24.969482], [121.339044, 24.96948], [121.339044, 24.969479], [121.339044, 24.969477], [121.339045, 24.969475], [121.339045, 24.969473], [121.339045, 24.969471], [121.339046, 24.96947], [121.339046, 24.969468], [121.339046, 24.969466], [121.339047, 24.969464], [121.339047, 24.969463], [121.339047, 24.969461], [121.339048, 24.969459], [121.339048, 24.969457], [121.339048, 24.969455], [121.339049, 24.969454], [121.339049, 24.969452], [121.339049, 24.96945], [121.33905, 24.969448], [121.33905, 24.969447], [121.33905, 24.969445], [121.339051, 24.969443], [121.339051, 24.969441], [121.339051, 24.969439], [121.339052, 24.969438], [121.339052, 24.969436], [121.339052, 24.969434], [121.339053, 24.969432], [121.339053, 24.969431], [121.339053, 24.969429], [121.339054, 24.969427], [121.339054, 24.969425], [121.339054, 24.969423], [121.339055, 24.969422], [121.339055, 24.96942], [121.339055, 24.969418], [121.339055, 24.969416], [121.339056, 24.969414], [121.339056, 24.969413], [121.339056, 24.969411], [121.339057, 24.969409], [121.339057, 24.969407], [121.339057, 24.969406], [121.339058, 24.969404], [121.339058, 24.969402], [121.339058, 24.9694], [121.339058, 24.969398], [121.339059, 24.969397], [121.339059, 24.969395], [121.339059, 24.969393], [121.33906, 24.969391], [121.33906, 24.969389], [121.33906, 24.969388], [121.339061, 24.969386], [121.339061, 24.969384], [121.339061, 24.969382], [121.339061, 24.969381], [121.339062, 24.969379], [121.339062, 24.969377], [121.339062, 24.969375], [121.339063, 24.969373], [121.339063, 24.969372], [121.339063, 24.96937], [121.339063, 24.969368], [121.339064, 24.969366], [121.339064, 24.969364], [121.339064, 24.969363], [121.339065, 24.969361], [121.339065, 24.969359], [121.339065, 24.969357], [121.339065, 24.969356], [121.339066, 24.969354], [121.339066, 24.969352], [121.339066, 24.96935], [121.339066, 24.969348], [121.339067, 24.969347], [121.339067, 24.969345], [121.339067, 24.969343], [121.339068, 24.969341], [121.339068, 24.969339], [121.339068, 24.969338], [121.339068, 24.969336], [121.339069, 24.969334], [121.339069, 24.969332], [121.339069, 24.96933], [121.339069, 24.969329], [121.33907, 24.969327], [121.33907, 24.969325], [121.33907, 24.969323], [121.33907, 24.969322], [121.339071, 24.96932], [121.339071, 24.969318], [121.339071, 24.969316], [121.339071, 24.969314], [121.339072, 24.969313], [121.339072, 24.969311], [121.339072, 24.969309], [121.339072, 24.969307], [121.339073, 24.969305], [121.339073, 24.969304], [121.339073, 24.969302], [121.339073, 24.9693], [121.339074, 24.969298], [121.339074, 24.969296], [121.339074, 24.969295], [121.339074, 24.969293], [121.339075, 24.969291], [121.339075, 24.969289], [121.339075, 24.969287], [121.339075, 24.969286], [121.339076, 24.969284], [121.339076, 24.969282], [121.339076, 24.96928], [121.339076, 24.969279], [121.339077, 24.969277], [121.339077, 24.969275], [121.339077, 24.969273], [121.339077, 24.969271], [121.339077, 24.96927], [121.339078, 24.969268], [121.339078, 24.969266], [121.339078, 24.969264], [121.339078, 24.969262], [121.339079, 24.969261], [121.339079, 24.969259], [121.339079, 24.969257], [121.339079, 24.969255], [121.339079, 24.969253], [121.33908, 24.969252], [121.33908, 24.96925], [121.33908, 24.969248], [121.33908, 24.969246], [121.339081, 24.969244], [121.339081, 24.969243], [121.339081, 24.969241], [121.339081, 24.969239], [121.339081, 24.969237], [121.339082, 24.969235], [121.339082, 24.969234], [121.339082, 24.969232], [121.339082, 24.96923], [121.339082, 24.969228], [121.339083, 24.969226], [121.339083, 24.969225], [121.339083, 24.969223], [121.339083, 24.969221], [121.339083, 24.969219], [121.339084, 24.969218], [121.339084, 24.969216], [121.339084, 24.969214], [121.339084, 24.969212], [121.339084, 24.96921], [121.339085, 24.969209], [121.339085, 24.969207], [121.339085, 24.969205], [121.339085, 24.969203], [121.339085, 24.969201], [121.339086, 24.9692], [121.339086, 24.969198], [121.339086, 24.969196], [121.339086, 24.969194], [121.339086, 24.969192], [121.339086, 24.969191], [121.339087, 24.969189], [121.339087, 24.969187], [121.339087, 24.969185], [121.339087, 24.969183], [121.339087, 24.969182], [121.339088, 24.96918], [121.339088, 24.969178], [121.339088, 24.969176], [121.339088, 24.969174], [121.339088, 24.969173], [121.339088, 24.969171], [121.339089, 24.969169], [121.339089, 24.969167], [121.339089, 24.969165], [121.339089, 24.969164], [121.339089, 24.969162], [121.339089, 24.96916], [121.33909, 24.969158], [121.33909, 24.969156], [121.33909, 24.969155], [121.33909, 24.969153], [121.33909, 24.969151], [121.33909, 24.969149], [121.339091, 24.969147], [121.339091, 24.969146], [121.339091, 24.969144], [121.339091, 24.969142], [121.339091, 24.96914], [121.339091, 24.969138], [121.339091, 24.969137], [121.339092, 24.969135], [121.339092, 24.969133], [121.339092, 24.969131], [121.339092, 24.969129], [121.339092, 24.969128], [121.339092, 24.969126], [121.339093, 24.969124], [121.339093, 24.969122], [121.339093, 24.96912], [121.339093, 24.969119], [121.339093, 24.969117], [121.339093, 24.969115], [121.339093, 24.969113], [121.339094, 24.969111], [121.339094, 24.96911], [121.339094, 24.969108], [121.339094, 24.969106], [121.339094, 24.969104], [121.339094, 24.969102], [121.339094, 24.969101], [121.339094, 24.969099], [121.339095, 24.969097], [121.339095, 24.969095], [121.339095, 24.969093], [121.339095, 24.969092], [121.339095, 24.96909], [121.339095, 24.969088], [121.339095, 24.969086], [121.339095, 24.969084], [121.339096, 24.969083], [121.339096, 24.969081], [121.339096, 24.969079], [121.339096, 24.969077], [121.339096, 24.969075], [121.339096, 24.969074], [121.339096, 24.969072], [121.339096, 24.96907], [121.339097, 24.969068], [121.339097, 24.969066], [121.339097, 24.969064], [121.339097, 24.969063], [121.339097, 24.969061], [121.339097, 24.969059], [121.339097, 24.969057], [121.339097, 24.969055], [121.339097, 24.969054], [121.339097, 24.969052], [121.339098, 24.96905], [121.339098, 24.969048], [121.339098, 24.969046], [121.339098, 24.969045], [121.339098, 24.969043], [121.339098, 24.969041], [121.339098, 24.969039], [121.339098, 24.969037], [121.339098, 24.969036], [121.339098, 24.969034], [121.339099, 24.969032], [121.339099, 24.96903], [121.339099, 24.969028], [121.339099, 24.969027], [121.339099, 24.969025], [121.339099, 24.969023], [121.339099, 24.969021], [121.339099, 24.969019], [121.339099, 24.969018], [121.339099, 24.969016], [121.339099, 24.969014], [121.3391, 24.969012], [121.3391, 24.96901], [121.3391, 24.969009], [121.3391, 24.969007], [121.3391, 24.969005], [121.3391, 24.969003], [121.3391, 24.969001], [121.3391, 24.969], [121.3391, 24.968998], [121.3391, 24.968996], [121.3391, 24.968994], [121.3391, 24.968992], [121.3391, 24.968991], [121.3391, 24.968989], [121.339101, 24.968987], [121.339101, 24.968985], [121.339101, 24.968983], [121.339101, 24.968982], [121.339101, 24.96898], [121.339101, 24.968978], [121.339101, 24.968976], [121.339101, 24.968974], [121.339101, 24.968972], [121.339101, 24.968971], [121.339101, 24.968969], [121.339101, 24.968967], [121.339101, 24.968965], [121.339101, 24.968963], [121.339101, 24.968962], [121.339101, 24.96896], [121.339102, 24.968958], [121.339102, 24.968956], [121.339102, 24.968954], [121.339102, 24.968953], [121.339102, 24.968951], [121.339102, 24.968949], [121.339102, 24.968947], [121.339102, 24.968945], [121.339102, 24.968944], [121.339102, 24.968942], [121.339102, 24.96894], [121.339102, 24.968938], [121.339102, 24.968936], [121.339102, 24.968935], [121.339102, 24.968933], [121.339102, 24.968931], [121.339102, 24.968929], [121.339102, 24.968927], [121.339102, 24.968926], [121.339102, 24.968924], [121.339102, 24.968922], [121.339102, 24.96892], [121.339102, 24.968918], [121.339102, 24.968917], [121.339102, 24.968915], [121.339102, 24.968913], [121.339102, 24.968911], [121.339102, 24.968909], [121.339103, 24.968908], [121.339103, 24.968906], [121.339103, 24.968904], [121.339103, 24.968902], [121.339103, 24.9689], [121.339103, 24.968898], [121.339103, 24.968897], [121.339103, 24.968895], [121.339103, 24.968875], [121.339103, 24.968859], [121.339103, 24.968857], [121.339103, 24.968855], [121.339103, 24.968853], [121.339103, 24.968852], [121.339103, 24.96885], [121.339103, 24.968848], [121.339103, 24.968846], [121.339103, 24.968844], [121.339103, 24.968843], [121.339103, 24.968841], [121.339103, 24.968839], [121.339103, 24.968837], [121.339103, 24.968835], [121.339103, 24.968833], [121.339103, 24.968832], [121.339103, 24.96883], [121.339102, 24.968828], [121.339102, 24.968826], [121.339102, 24.968824], [121.339102, 24.968823], [121.339102, 24.968821], [121.339102, 24.968819], [121.339102, 24.968817], [121.339102, 24.968815], [121.339102, 24.968814], [121.339102, 24.968812], [121.339102, 24.96881], [121.339102, 24.968808], [121.339102, 24.968806], [121.339102, 24.968805], [121.339102, 24.968803], [121.339102, 24.968801], [121.339102, 24.968799], [121.339102, 24.968797], [121.339102, 24.968796], [121.339102, 24.968794], [121.339102, 24.968792], [121.339102, 24.96879], [121.339102, 24.968788], [121.339102, 24.968787], [121.339102, 24.968785], [121.339102, 24.968783], [121.339102, 24.968781], [121.339101, 24.968779], [121.339101, 24.968778], [121.339101, 24.968776], [121.339101, 24.968774], [121.339101, 24.968772], [121.339101, 24.96877], [121.339101, 24.968768], [121.339101, 24.968767], [121.339101, 24.968765], [121.339101, 24.968763], [121.339101, 24.968761], [121.339101, 24.968759], [121.339101, 24.968758], [121.339101, 24.968756], [121.339101, 24.968754], [121.339101, 24.968752], [121.339101, 24.96875], [121.3391, 24.968749], [121.3391, 24.968747], [121.3391, 24.968745], [121.3391, 24.968743], [121.3391, 24.968741], [121.3391, 24.96874], [121.3391, 24.968738], [121.3391, 24.968736], [121.3391, 24.968734], [121.3391, 24.968732], [121.3391, 24.968731], [121.3391, 24.968729], [121.3391, 24.968727], [121.339099, 24.968725], [121.339099, 24.968723], [121.339099, 24.968722], [121.339099, 24.96872], [121.339099, 24.968718], [121.339099, 24.968716], [121.339099, 24.968714], [121.339099, 24.968713], [121.339099, 24.968711], [121.339099, 24.968709], [121.339099, 24.968707], [121.339099, 24.968705], [121.339098, 24.968704], [121.339098, 24.968702], [121.339098, 24.9687], [121.339098, 24.968698], [121.339098, 24.968696], [121.339098, 24.968695], [121.339098, 24.968693], [121.339098, 24.968691], [121.339098, 24.968689], [121.339098, 24.968687], [121.339097, 24.968685], [121.339097, 24.968684], [121.339097, 24.968682], [121.339097, 24.96868], [121.339097, 24.968678], [121.339097, 24.968676], [121.339097, 24.968675], [121.339097, 24.968673], [121.339097, 24.968671], [121.339096, 24.968669], [121.339096, 24.968667], [121.339096, 24.968666], [121.339096, 24.968664], [121.339096, 24.968662], [121.339096, 24.96866], [121.339096, 24.968658], [121.339096, 24.968657], [121.339096, 24.968655], [121.339095, 24.968653], [121.339095, 24.968651], [121.339095, 24.968649], [121.339095, 24.968648], [121.339095, 24.968646], [121.339095, 24.968644], [121.339095, 24.968642], [121.339095, 24.96864], [121.339094, 24.968639], [121.339094, 24.968637], [121.339094, 24.968635], [121.339094, 24.968633], [121.339094, 24.968631], [121.339094, 24.96863], [121.339094, 24.968628], [121.339093, 24.968626], [121.339093, 24.968624], [121.339093, 24.968622], [121.339093, 24.968621], [121.339093, 24.968619], [121.339093, 24.968617], [121.339093, 24.968615], [121.339092, 24.968613], [121.339092, 24.968612], [121.339092, 24.96861], [121.339092, 24.968608], [121.339092, 24.968606], [121.339092, 24.968604], [121.339092, 24.968603], [121.339091, 24.968601], [121.339091, 24.968599], [121.339091, 24.968597], [121.339091, 24.968595], [121.339091, 24.968594], [121.339091, 24.968592], [121.339091, 24.96859], [121.33909, 24.968588], [121.33909, 24.968586], [121.33909, 24.968585], [121.33909, 24.968583], [121.33909, 24.968581], [121.33909, 24.968579], [121.339089, 24.968577], [121.339089, 24.968576], [121.339089, 24.968574], [121.339089, 24.968572], [121.339089, 24.96857], [121.339089, 24.968568], [121.339088, 24.968567], [121.339088, 24.968565], [121.339088, 24.968563], [121.339088, 24.968561], [121.339088, 24.968559], [121.339087, 24.968558], [121.339087, 24.968556], [121.339087, 24.968554], [121.339087, 24.968552], [121.339087, 24.96855], [121.339087, 24.968549], [121.339086, 24.968547], [121.339086, 24.968545], [121.339086, 24.968543], [121.339086, 24.968541], [121.339086, 24.96854], [121.339085, 24.968538], [121.339085, 24.968536], [121.339085, 24.968534], [121.339085, 24.968532], [121.339085, 24.968531], [121.339085, 24.968529], [121.339084, 24.968527], [121.339084, 24.968525], [121.339084, 24.968523], [121.339084, 24.968522], [121.339084, 24.96852], [121.339083, 24.968518], [121.339083, 24.968516], [121.339083, 24.968514], [121.339083, 24.968513], [121.339083, 24.968511], [121.339082, 24.968509], [121.339082, 24.968507], [121.339082, 24.968506], [121.339082, 24.968504], [121.339082, 24.968502], [121.339081, 24.9685], [121.339081, 24.968498], [121.339081, 24.968497], [121.339081, 24.968495], [121.33908, 24.968493], [121.33908, 24.968491], [121.33908, 24.968489], [121.33908, 24.968488], [121.33908, 24.968486], [121.339079, 24.968484], [121.339079, 24.968482], [121.339079, 24.96848], [121.339079, 24.968479], [121.339079, 24.968477], [121.339078, 24.968475], [121.339078, 24.968473], [121.339078, 24.968471], [121.339078, 24.96847], [121.339077, 24.968468], [121.339077, 24.968466], [121.339077, 24.968464], [121.339077, 24.968462], [121.339076, 24.968461], [121.339076, 24.968459], [121.339076, 24.968457], [121.339076, 24.968455], [121.339076, 24.968453], [121.339075, 24.968452], [121.339075, 24.96845], [121.339075, 24.968448], [121.339075, 24.968446], [121.339074, 24.968445], [121.339074, 24.968443], [121.339074, 24.968441], [121.339074, 24.968439], [121.339073, 24.968437], [121.339073, 24.968436], [121.339073, 24.968434], [121.339073, 24.968432], [121.339072, 24.96843], [121.339072, 24.968428], [121.339072, 24.968427], [121.339072, 24.968425], [121.339071, 24.968423], [121.339071, 24.968421], [121.339071, 24.968419], [121.339071, 24.968418], [121.33907, 24.968416], [121.33907, 24.968414], [121.33907, 24.968412], [121.33907, 24.96841], [121.339069, 24.968409], [121.339069, 24.968407], [121.339069, 24.968405], [121.339069, 24.968403], [121.339068, 24.968402], [121.339068, 24.9684], [121.339068, 24.968398], [121.339067, 24.968396], [121.339067, 24.968394], [121.339067, 24.968393], [121.339067, 24.968391], [121.339066, 24.968389], [121.339066, 24.968387], [121.339066, 24.968385], [121.339066, 24.968384], [121.339065, 24.968382], [121.339065, 24.96838], [121.339065, 24.968378], [121.339064, 24.968376], [121.339064, 24.968375], [121.339064, 24.968373], [121.339064, 24.968371], [121.339063, 24.968369], [121.339063, 24.968368], [121.339063, 24.968366], [121.339062, 24.968364], [121.339062, 24.968362], [121.339062, 24.96836], [121.339062, 24.968359], [121.339061, 24.968357], [121.339061, 24.968355], [121.339061, 24.968353], [121.33906, 24.968351], [121.33906, 24.96835], [121.33906, 24.968348], [121.33906, 24.968346], [121.339059, 24.968344], [121.339059, 24.968343], [121.339059, 24.968341], [121.339058, 24.968339], [121.339058, 24.968337], [121.339058, 24.968335], [121.339057, 24.968334], [121.339057, 24.968332], [121.339057, 24.96833], [121.339057, 24.968328], [121.339056, 24.968326], [121.339056, 24.968325], [121.339056, 24.968323], [121.339055, 24.968321], [121.339055, 24.968319], [121.339055, 24.968318], [121.339054, 24.968316], [121.339054, 24.968314], [121.339054, 24.968312], [121.339053, 24.96831], [121.339053, 24.968309], [121.339053, 24.968307], [121.339052, 24.968305], [121.339052, 24.968303], [121.339052, 24.968302], [121.339052, 24.9683], [121.339051, 24.968298], [121.339051, 24.968296], [121.339051, 24.968294], [121.33905, 24.968293], [121.33905, 24.968291], [121.33905, 24.968289], [121.339049, 24.968287], [121.339049, 24.968285], [121.339049, 24.968284], [121.339048, 24.968282], [121.339048, 24.96828], [121.339048, 24.968278], [121.339047, 24.968277], [121.339047, 24.968275], [121.339047, 24.968273], [121.339046, 24.968271], [121.339046, 24.968269], [121.339046, 24.968268], [121.339045, 24.968266], [121.339045, 24.968264], [121.339045, 24.968262], [121.339044, 24.968261], [121.339044, 24.968259], [121.339043, 24.968257], [121.339043, 24.968255], [121.339043, 24.968253], [121.339042, 24.968252], [121.339042, 24.96825], [121.339042, 24.968248], [121.339041, 24.968246], [121.339041, 24.968245], [121.339041, 24.968243], [121.33904, 24.968241], [121.33904, 24.968239], [121.33904, 24.968237], [121.339039, 24.968236], [121.339039, 24.968234], [121.339039, 24.968232], [121.339038, 24.96823], [121.339038, 24.968229], [121.339037, 24.968227], [121.339037, 24.968225], [121.339037, 24.968223], [121.339036, 24.968222], [121.339036, 24.96822], [121.339036, 24.968218], [121.339035, 24.968216], [121.339035, 24.968214], [121.339035, 24.968213], [121.339034, 24.968211], [121.339034, 24.968209], [121.339033, 24.968207], [121.339033, 24.968206], [121.339033, 24.968204], [121.339032, 24.968202], [121.339032, 24.9682], [121.339031, 24.968198], [121.339031, 24.968197], [121.339031, 24.968195], [121.33903, 24.968193], [121.33903, 24.968191], [121.33903, 24.96819], [121.339029, 24.968188], [121.339029, 24.968186], [121.339028, 24.968184], [121.339028, 24.968183], [121.339028, 24.968181], [121.339027, 24.968179], [121.339027, 24.968177], [121.339026, 24.968175], [121.339026, 24.968174], [121.339026, 24.968172], [121.339025, 24.96817], [121.339025, 24.968168], [121.339024, 24.968167], [121.339024, 24.968165], [121.339024, 24.968163], [121.339023, 24.968161], [121.339023, 24.96816], [121.339022, 24.968158], [121.339022, 24.968156], [121.339022, 24.968154], [121.339021, 24.968152], [121.339021, 24.968151], [121.33902, 24.968149], [121.33902, 24.968147], [121.33902, 24.968145], [121.339019, 24.968144], [121.339019, 24.968142], [121.339018, 24.96814], [121.339018, 24.968138], [121.339018, 24.968137], [121.339017, 24.968135], [121.339017, 24.968133], [121.339016, 24.968131], [121.339016, 24.968129], [121.339015, 24.968128], [121.339015, 24.968126], [121.339015, 24.968124], [121.339014, 24.968122], [121.339014, 24.968121], [121.339013, 24.968119], [121.339013, 24.968117], [121.339013, 24.968115], [121.339012, 24.968114], [121.339012, 24.968112], [121.339011, 24.96811], [121.339011, 24.968108], [121.33901, 24.968107], [121.33901, 24.968105], [121.33901, 24.968103], [121.339009, 24.968101], [121.339009, 24.9681], [121.339008, 24.968098], [121.339008, 24.968096], [121.339007, 24.968094], [121.339007, 24.968092], [121.339006, 24.968091], [121.339006, 24.968089], [121.339006, 24.968087], [121.339005, 24.968085], [121.339005, 24.968084], [121.339004, 24.968082], [121.339004, 24.96808], [121.339003, 24.968078], [121.339003, 24.968077], [121.339002, 24.968075], [121.339002, 24.968073], [121.339002, 24.968071], [121.338995, 24.968045], [121.338994, 24.968043], [121.338994, 24.968042], [121.338993, 24.96804], [121.338993, 24.968038], [121.338992, 24.968036], [121.338992, 24.968034], [121.338991, 24.968033], [121.338991, 24.968031], [121.33899, 24.968029], [121.33899, 24.968027], [121.338989, 24.968026], [121.338989, 24.968024], [121.338988, 24.968022], [121.338988, 24.96802], [121.338988, 24.968019], [121.338987, 24.968017], [121.338987, 24.968015], [121.338986, 24.968013], [121.338986, 24.968012], [121.338985, 24.96801], [121.338985, 24.968008], [121.338984, 24.968006], [121.338984, 24.968005], [121.338983, 24.968003], [121.338983, 24.968001], [121.338982, 24.967999], [121.338982, 24.967998], [121.338981, 24.967996], [121.338981, 24.967994], [121.33898, 24.967992], [121.33898, 24.967991], [121.338979, 24.967989], [121.338979, 24.967987], [121.338978, 24.967985], [121.338978, 24.967984], [121.338977, 24.967982], [121.338977, 24.96798], [121.338976, 24.967979], [121.338976, 24.967977], [121.338975, 24.967975], [121.338975, 24.967973], [121.338974, 24.967972], [121.338974, 24.96797], [121.338973, 24.967968], [121.338973, 24.967966], [121.338972, 24.967965], [121.338972, 24.967963], [121.338971, 24.967961], [121.338971, 24.967959], [121.33897, 24.967958], [121.33897, 24.967956], [121.338969, 24.967954], [121.338968, 24.967952], [121.338968, 24.967951], [121.338967, 24.967949], [121.338967, 24.967947], [121.338966, 24.967945], [121.338966, 24.967944], [121.338965, 24.967942], [121.338965, 24.96794], [121.338964, 24.967938], [121.338964, 24.967937], [121.338963, 24.967935], [121.338963, 24.967933], [121.338962, 24.967931], [121.338962, 24.96793], [121.338961, 24.967928], [121.338961, 24.967926], [121.33896, 24.967924], [121.33896, 24.967923], [121.338959, 24.967921], [121.338958, 24.967919], [121.338958, 24.967918], [121.338957, 24.967916], [121.338957, 24.967914], [121.338956, 24.967912], [121.338956, 24.967911], [121.338955, 24.967909], [121.338955, 24.967907], [121.338954, 24.967905], [121.338954, 24.967904], [121.338953, 24.967902], [121.338952, 24.9679], [121.338952, 24.967898], [121.338951, 24.967897], [121.338951, 24.967895], [121.33895, 24.967893], [121.33895, 24.967892], [121.338949, 24.96789], [121.338949, 24.967888], [121.338948, 24.967886], [121.338947, 24.967885], [121.338947, 24.967883], [121.338946, 24.967881], [121.338946, 24.967879], [121.338945, 24.967878], [121.338945, 24.967876], [121.338944, 24.967874], [121.338944, 24.967872], [121.338943, 24.967871], [121.338942, 24.967869], [121.338942, 24.967867], [121.338941, 24.967866], [121.338941, 24.967864], [121.33894, 24.967862], [121.33894, 24.96786], [121.338939, 24.967859], [121.338938, 24.967857], [121.338938, 24.967855], [121.338937, 24.967853], [121.338937, 24.967852], [121.338936, 24.96785], [121.338936, 24.967848], [121.338935, 24.967847], [121.338934, 24.967845], [121.338934, 24.967843], [121.338933, 24.967841], [121.338933, 24.96784], [121.338932, 24.967838], [121.338931, 24.967836], [121.338931, 24.967834], [121.33893, 24.967833], [121.33893, 24.967831], [121.338929, 24.967829], [121.338929, 24.967828], [121.338928, 24.967826], [121.338927, 24.967824], [121.338927, 24.967822], [121.338926, 24.967821], [121.338926, 24.967819], [121.338925, 24.967817], [121.338924, 24.967815], [121.338924, 24.967814], [121.338923, 24.967812], [121.338923, 24.96781], [121.338922, 24.967809], [121.338921, 24.967807], [121.338921, 24.967805], [121.33892, 24.967803], [121.33892, 24.967802], [121.338919, 24.9678], [121.338918, 24.967798], [121.338918, 24.967797], [121.338917, 24.967795], [121.338917, 24.967793], [121.338916, 24.967791], [121.338915, 24.96779], [121.338915, 24.967788], [121.338914, 24.967786], [121.338913, 24.967785], [121.338913, 24.967783], [121.338912, 24.967781], [121.338912, 24.967779], [121.338911, 24.967778], [121.33891, 24.967776], [121.33891, 24.967774], [121.338909, 24.967773], [121.338908, 24.967771], [121.338908, 24.967769], [121.338907, 24.967767], [121.338907, 24.967766], [121.338906, 24.967764], [121.338905, 24.967762], [121.338905, 24.967761], [121.338904, 24.967759], [121.338903, 24.967757], [121.338903, 24.967755], [121.338902, 24.967754], [121.338902, 24.967752], [121.338901, 24.96775], [121.3389, 24.967749], [121.3389, 24.967747], [121.338899, 24.967745], [121.338898, 24.967743], [121.338898, 24.967742], [121.338897, 24.96774], [121.338896, 24.967738], [121.338896, 24.967737], [121.338895, 24.967735], [121.338895, 24.967733], [121.338894, 24.967731], [121.338893, 24.96773], [121.338893, 24.967728], [121.338892, 24.967726], [121.338891, 24.967725], [121.338891, 24.967723], [121.33889, 24.967721], [121.338889, 24.96772], [121.338889, 24.967718], [121.338888, 24.967716], [121.338887, 24.967714], [121.338887, 24.967713], [121.338886, 24.967711], [121.338885, 24.967709], [121.338885, 24.967708], [121.338884, 24.967706], [121.338883, 24.967704], [121.338883, 24.967702], [121.338882, 24.967701], [121.338881, 24.967699], [121.338881, 24.967697], [121.33888, 24.967696], [121.33888, 24.967694], [121.338879, 24.967692], [121.338878, 24.967691], [121.338877, 24.967689], [121.338877, 24.967687], [121.338876, 24.967685], [121.338875, 24.967684], [121.338875, 24.967682], [121.338874, 24.96768], [121.338873, 24.967679], [121.338873, 24.967677], [121.338872, 24.967675], [121.338871, 24.967674], [121.338871, 24.967672], [121.33887, 24.96767], [121.338869, 24.967669], [121.338869, 24.967667], [121.338868, 24.967665], [121.338867, 24.967663], [121.338867, 24.967662], [121.338866, 24.96766], [121.338865, 24.967658], [121.338865, 24.967657], [121.338864, 24.967655], [121.338863, 24.967653], [121.338863, 24.967652], [121.338862, 24.96765], [121.338861, 24.967648], [121.33886, 24.967647], [121.33886, 24.967645], [121.338859, 24.967643], [121.338858, 24.967641], [121.338858, 24.96764], [121.338857, 24.967638], [121.338856, 24.967636], [121.338856, 24.967635], [121.338855, 24.967633], [121.338854, 24.967631], [121.338853, 24.96763], [121.338853, 24.967628], [121.338852, 24.967626], [121.338851, 24.967625], [121.338851, 24.967623], [121.33885, 24.967621], [121.338849, 24.967619], [121.338849, 24.967618], [121.338848, 24.967616], [121.338847, 24.967614], [121.338846, 24.967613], [121.338846, 24.967611], [121.338845, 24.967609], [121.338844, 24.967608], [121.338844, 24.967606], [121.338843, 24.967604], [121.338842, 24.967603], [121.338841, 24.967601], [121.338841, 24.967599], [121.33884, 24.967598], [121.338839, 24.967596], [121.338839, 24.967594], [121.338838, 24.967593], [121.338837, 24.967591], [121.338836, 24.967589], [121.338836, 24.967588], [121.338835, 24.967586], [121.338834, 24.967584], [121.338833, 24.967582], [121.338833, 24.967581], [121.338832, 24.967579], [121.338831, 24.967577], [121.338831, 24.967576], [121.33883, 24.967574], [121.338829, 24.967572], [121.338828, 24.967571], [121.338828, 24.967569], [121.338827, 24.967567], [121.338826, 24.967566], [121.338825, 24.967564], [121.338825, 24.967562], [121.338824, 24.967561], [121.338823, 24.967559], [121.338822, 24.967557], [121.338822, 24.967556], [121.338821, 24.967554], [121.33882, 24.967552], [121.338819, 24.967551], [121.338819, 24.967549], [121.338818, 24.967547], [121.338817, 24.967546], [121.338816, 24.967544], [121.338816, 24.967542], [121.338815, 24.967541], [121.338814, 24.967539], [121.338813, 24.967537], [121.338813, 24.967536], [121.338812, 24.967534], [121.338811, 24.967532], [121.33881, 24.967531], [121.33881, 24.967529], [121.338809, 24.967527], [121.338808, 24.967526], [121.338807, 24.967524], [121.338807, 24.967522], [121.338806, 24.967521], [121.338805, 24.967519], [121.338804, 24.967517], [121.338804, 24.967516], [121.338803, 24.967514], [121.338802, 24.967512], [121.338801, 24.967511], [121.3388, 24.967509], [121.3388, 24.967507], [121.338799, 24.967506], [121.338798, 24.967504], [121.338797, 24.967502], [121.338797, 24.967501], [121.338796, 24.967499], [121.338795, 24.967497], [121.338794, 24.967496], [121.338793, 24.967494], [121.338793, 24.967492], [121.338792, 24.967491], [121.338791, 24.967489], [121.33879, 24.967487], [121.33879, 24.967486], [121.338789, 24.967484], [121.338788, 24.967482], [121.338787, 24.967481], [121.338786, 24.967479], [121.338786, 24.967477], [121.338785, 24.967476], [121.338784, 24.967474], [121.338783, 24.967472], [121.338782, 24.967471], [121.338782, 24.967469], [121.338781, 24.967467], [121.33878, 24.967466], [121.338779, 24.967464], [121.338778, 24.967463], [121.338778, 24.967461], [121.338777, 24.967459], [121.338776, 24.967458], [121.338775, 24.967456], [121.338774, 24.967454], [121.338774, 24.967453], [121.338773, 24.967451], [121.338772, 24.967449], [121.338771, 24.967448], [121.33877, 24.967446], [121.33877, 24.967444], [121.338769, 24.967443], [121.338768, 24.967441], [121.338767, 24.967439], [121.338766, 24.967438], [121.338766, 24.967436], [121.338765, 24.967434], [121.338764, 24.967433], [121.338763, 24.967431], [121.338762, 24.96743], [121.338762, 24.967428], [121.338761, 24.967426], [121.33876, 24.967425], [121.338759, 24.967423], [121.338758, 24.967421], [121.338757, 24.96742], [121.338757, 24.967418], [121.338756, 24.967416], [121.338755, 24.967415], [121.338754, 24.967413], [121.338753, 24.967411], [121.338752, 24.96741], [121.338752, 24.967408], [121.338751, 24.967407], [121.33875, 24.967405], [121.338749, 24.967403], [121.338748, 24.967402], [121.338747, 24.9674], [121.338747, 24.967398], [121.338746, 24.967397], [121.338745, 24.967395], [121.338744, 24.967393], [121.338743, 24.967392], [121.338742, 24.96739], [121.338742, 24.967389], [121.338741, 24.967387], [121.33874, 24.967385], [121.338739, 24.967384], [121.338738, 24.967382], [121.338737, 24.96738], [121.338737, 24.967379], [121.338736, 24.967377], [121.338735, 24.967375], [121.338734, 24.967374], [121.338733, 24.967372], [121.338732, 24.967371], [121.338732, 24.967369], [121.338731, 24.967367], [121.33873, 24.967366], [121.338729, 24.967364], [121.338645, 24.967208], [121.338639, 24.967198], [121.3386, 24.967126], [121.338418, 24.966807], [121.338319, 24.966633], [121.338301, 24.966603], [121.338297, 24.966595], [121.33829, 24.966583], [121.33817, 24.966374], [121.338143, 24.966326], [121.338138, 24.966317], [121.338088, 24.966228], [121.338063, 24.966184], [121.338053, 24.96618], [121.338011, 24.966163], [121.337977, 24.96615], [121.337832, 24.96632], [121.337706, 24.966468], [121.337656, 24.966527], [121.337074, 24.966729], [121.337021, 24.966748], [121.336874, 24.966815], [121.336761, 24.966866], [121.33628, 24.966994], [121.335907, 24.966977], [121.335896, 24.966977], [121.335797, 24.967033], [121.335734, 24.967068], [121.335734, 24.967128], [121.335731, 24.967732], [121.335731, 24.967737], [121.335534, 24.967756], [121.335397, 24.967769], [121.33541, 24.967772], [121.335673, 24.967844], [121.335675, 24.967824], [121.335729, 24.967811], [121.335875, 24.967778], [121.336027, 24.967826], [121.336254, 24.967897], [121.336431, 24.968016], [121.336622, 24.968145], [121.336682, 24.968165], [121.336862, 24.968227], [121.33716, 24.968246], [121.337344, 24.968288], [121.337453, 24.968346], [121.337491, 24.968311], [121.337603, 24.968208], [121.337666, 24.968071], [121.337719, 24.968121], [121.337797, 24.968197], [121.337788, 24.968211], [121.337734, 24.968296], [121.337651, 24.968425], [121.337635, 24.96845], [121.337486, 24.968723], [121.337476, 24.968741], [121.337476, 24.968857], [121.337476, 24.968902], [121.337476, 24.969039], [121.337476, 24.969055], [121.337453, 24.969142], [121.33745, 24.969153], [121.337439, 24.969153], [121.337329, 24.969156], [121.337309, 24.969156], [121.337306, 24.969166], [121.337296, 24.969215], [121.33729, 24.969241], [121.337294, 24.969257], [121.337345, 24.969469], [121.337344, 24.969505], [121.33734, 24.969617], [121.337263, 24.969665], [121.337126, 24.96975], [121.337087, 24.969774], [121.337023, 24.969814], [121.337012, 24.970013], [121.33707, 24.970204], [121.337104, 24.970188], [121.337131, 24.970175], [121.337155, 24.970164], [121.337146, 24.970144], [121.337064, 24.969943], [121.337089, 24.969875], [121.337094, 24.969857], [121.337098, 24.969854], [121.337106, 24.969864], [121.337125, 24.969891], [121.337149, 24.969838], [121.337154, 24.969814], [121.337159, 24.96979], [121.337245, 24.969808], [121.337272, 24.969751], [121.337313, 24.969771], [121.337303, 24.969792], [121.337269, 24.969865], [121.337236, 24.969905], [121.337253, 24.969908], [121.337322, 24.969923], [121.337336, 24.969891], [121.337355, 24.969889], [121.337401, 24.969906], [121.337465, 24.969931], [121.337482, 24.969939], [121.337479, 24.969953], [121.33758, 24.969968], [121.337606, 24.969894], [121.337722, 24.969926], [121.337753, 24.969882], [121.337805, 24.969741], [121.337813, 24.969721], [121.337821, 24.969699], [121.337746, 24.969643], [121.337672, 24.969587], [121.33765, 24.969505], [121.337646, 24.969487], [121.337664, 24.96945], [121.33767, 24.969438], [121.337681, 24.969416], [121.337696, 24.969384], [121.337484, 24.969352], [121.337476, 24.969351], [121.33748, 24.969333], [121.337496, 24.969245], [121.337529, 24.969241], [121.337553, 24.969238], [121.337553, 24.969206], [121.337554, 24.969172], [121.33817, 24.969098], [121.338161, 24.969137], [121.338151, 24.969173], [121.338171, 24.969179], [121.338279, 24.969219], [121.33839, 24.969233], [121.33851, 24.969188], [121.338677, 24.969227], [121.338676, 24.969274], [121.338668, 24.969439], [121.338677, 24.969461], [121.338755, 24.96966], [121.338761, 24.969676], [121.338794, 24.969759], [121.338806, 24.969791], [121.338811, 24.969803], [121.338814, 24.969825], [121.338817, 24.969854], [121.338819, 24.96987]]]]}}, {"type": "Feature", "properties": {"zoning_id": "Z0050", "zone_label": "墓地", "county": "新北市", "area_ha": 7.091}, "geometry": {"type": "MultiPolygon", "coordinates": [[[[121.532499, 24.958552], [121.532498, 24.958545], [121.532498, 24.958543], [121.532498, 24.958538], [121.532498, 24.958536], [121.532498, 24.958531], [121.532498, 24.958529], [121.532497, 24.958524], [121.532497, 24.958522], [121.532497, 24.958517], [121.532497, 24.958515], [121.532497, 24.95851], [121.532497, 24.958509], [121.532497, 24.958503], [121.532498, 24.958502], [121.532498, 24.958496], [121.532498, 24.958495], [121.532499, 24.958467], [121.532504, 24.958391], [121.532481, 24.958398], [121.532454, 24.958346], [121.532314, 24.958079], [121.532261, 24.957979], [121.532272, 24.957961], [121.532294, 24.957924], [121.532535, 24.957842], [121.532542, 24.957728], [121.53267, 24.957671], [121.532672, 24.95767], [121.532739, 24.957593], [121.532873, 24.957441], [121.532889, 24.957432], [121.533103, 24.957303], [121.533237, 24.957222], [121.533374, 24.957141], [121.533452, 24.957068], [121.533521, 24.957078], [121.533487, 24.957039], [121.533427, 24.956993], [121.533202, 24.956823], [121.5331, 24.956765], [121.533064, 24.956743], [121.532997, 24.956704], [121.532992, 24.956647], [121.532989, 24.956611], [121.532816, 24.956549], [121.532734, 24.956487], [121.532639, 24.956456], [121.532444, 24.956442], [121.532394, 24.956417], [121.532281, 24.956508], [121.532224, 24.956514], [121.531734, 24.956171], [121.531681, 24.956044], [121.53156, 24.956003], [121.531484, 24.956029], [121.531397, 24.955968], [121.531375, 24.955953], [121.530909, 24.955647], [121.53087, 24.955621], [121.530717, 24.95552], [121.53071, 24.955516], [121.5307, 24.955509], [121.530453, 24.955824], [121.530334, 24.955976], [121.5303, 24.956018], [121.530223, 24.955976], [121.530219, 24.955962], [121.530119, 24.955623], [121.530082, 24.955496], [121.530054, 24.955401], [121.53004, 24.955385], [121.529942, 24.955276], [121.529939, 24.955278], [121.529938, 24.955278], [121.529935, 24.95528], [121.529931, 24.955282], [121.529928, 24.955283], [121.529927, 24.955284], [121.529924, 24.955285], [121.52992, 24.955287], [121.529916, 24.955288], [121.529912, 24.95529], [121.529909, 24.955291], [121.529908, 24.955291], [121.529905, 24.955292], [121.529904, 24.955293], [121.529901, 24.955294], [121.529897, 24.955295], [121.529893, 24.955296], [121.529889, 24.955297], [121.529885, 24.955298], [121.529881, 24.955299], [121.529877, 24.9553], [121.529873, 24.955301], [121.529869, 24.955302], [121.529865, 24.955302], [121.529861, 24.955303], [121.529857, 24.955304], [121.529856, 24.955304], [121.529853, 24.955304], [121.529852, 24.955304], [121.529849, 24.955305], [121.529848, 24.955305], [121.529844, 24.955305], [121.52984, 24.955305], [121.529836, 24.955306], [121.529832, 24.955306], [121.529828, 24.955306], [121.529824, 24.955306], [121.529823, 24.955306], [121.52982, 24.955306], [121.529819, 24.955306], [121.529816, 24.955306], [121.529815, 24.955306], [121.529811, 24.955306], [121.529807, 24.955305], [121.529803, 24.955305], [121.529799, 24.955305], [121.529795, 24.955304], [121.529791, 24.955304], [121.52979, 24.955304], [121.529787, 24.955303], [121.529786, 24.955303], [121.529783, 24.955303], [121.529782, 24.955303], [121.529779, 24.955302], [121.529778, 24.955302], [121.529775, 24.955301], [121.529774, 24.955301], [121.52977, 24.955301], [121.529766, 24.9553], [121.529762, 24.955299], [121.529758, 24.955298], [121.529754, 24.955297], [121.529751, 24.955296], [121.52975, 24.955296], [121.529747, 24.955294], [121.529746, 24.955294], [121.529743, 24.955293], [121.529742, 24.955293], [121.529739, 24.955292], [121.529738, 24.955292], [121.529735, 24.955291], [121.529735, 24.95529], [121.529731, 24.955289], [121.529496, 24.955199], [121.529493, 24.955198], [121.529489, 24.955197], [121.529486, 24.955196], [121.529483, 24.955195], [121.529479, 24.955194], [121.529476, 24.955193], [121.529473, 24.955192], [121.529472, 24.955192], [121.529469, 24.955191], [121.529466, 24.95519], [121.529462, 24.955189], [121.529459, 24.955189], [121.529455, 24.955188], [121.529452, 24.955188], [121.529448, 24.955187], [121.529445, 24.955187], [121.529441, 24.955186], [121.529438, 24.955186], [121.529434, 24.955186], [121.529431, 24.955185], [121.52943, 24.955185], [121.529427, 24.955185], [121.529424, 24.955185], [121.529423, 24.955185], [121.52942, 24.955185], [121.529416, 24.955185], [121.529413, 24.955185], [121.529409, 24.955185], [121.529406, 24.955185], [121.529402, 24.955185], [121.529399, 24.955186], [121.529395, 24.955186], [121.529392, 24.955186], [121.529391, 24.955186], [121.529388, 24.955187], [121.529385, 24.955187], [121.529384, 24.955187], [121.529381, 24.955188], [121.529378, 24.955189], [121.529377, 24.955189], [121.529374, 24.955189], [121.529371, 24.95519], [121.52937, 24.95519], [121.529367, 24.955191], [121.529217, 24.955226], [121.529214, 24.955226], [121.529212, 24.955227], [121.529209, 24.955227], [121.529207, 24.955228], [121.529204, 24.955228], [121.529203, 24.955229], [121.529199, 24.955229], [121.529198, 24.955229], [121.529195, 24.95523], [121.529193, 24.95523], [121.52919, 24.955231], [121.529188, 24.955231], [121.529185, 24.955231], [121.529183, 24.955232], [121.52918, 24.955232], [121.529178, 24.955232], [121.529175, 24.955232], [121.529174, 24.955233], [121.52917, 24.955233], [121.529169, 24.955233], [121.529165, 24.955233], [121.529164, 24.955233], [121.529161, 24.955233], [121.529159, 24.955233], [121.529156, 24.955234], [121.529154, 24.955234], [121.529151, 24.955234], [121.529149, 24.955234], [121.529146, 24.955234], [121.529144, 24.955234], [121.529141, 24.955234], [121.529139, 24.955234], [121.529136, 24.955233], [121.529135, 24.955233], [121.529131, 24.955233], [121.52913, 24.955233], [121.529126, 24.955233], [121.529125, 24.955233], [121.529122, 24.955233], [121.52912, 24.955232], [121.529117, 24.955232], [121.529115, 24.955232], [121.529112, 24.955232], [121.52911, 24.955231], [121.529107, 24.955231], [121.529105, 24.955231], [121.529102, 24.95523], [121.529101, 24.95523], [121.529097, 24.955229], [121.529096, 24.955229], [121.529093, 24.955229], [121.529091, 24.955228], [121.529088, 24.955228], [121.529086, 24.955227], [121.529083, 24.955227], [121.529082, 24.955226], [121.529078, 24.955226], [121.529077, 24.955225], [121.529074, 24.955225], [121.529072, 24.955224], [121.529069, 24.955223], [121.529067, 24.955223], [121.529064, 24.955222], [121.529063, 24.955222], [121.52906, 24.955221], [121.529058, 24.95522], [121.529055, 24.955219], [121.529054, 24.955219], [121.52905, 24.955218], [121.529049, 24.955217], [121.529046, 24.955216], [121.529044, 24.955216], [121.529041, 24.955214], [121.52904, 24.955214], [121.529037, 24.955213], [121.529035, 24.955212], [121.529032, 24.955211], [121.529031, 24.95521], [121.529028, 24.955209], [121.529026, 24.955208], [121.529024, 24.955207], [121.529022, 24.955207], [121.529019, 24.955205], [121.529018, 24.955204], [121.529015, 24.955203], [121.529013, 24.955202], [121.529011, 24.955201], [121.529009, 24.9552], [121.529006, 24.955199], [121.529005, 24.955198], [121.529002, 24.955196], [121.529001, 24.955196], [121.528998, 24.955194], [121.528997, 24.955193], [121.528994, 24.955192], [121.528993, 24.955191], [121.52899, 24.955189], [121.528989, 24.955188], [121.528986, 24.955187], [121.528985, 24.955186], [121.528982, 24.955184], [121.528981, 24.955183], [121.528978, 24.955181], [121.528977, 24.95518], [121.528974, 24.955179], [121.528973, 24.955178], [121.52897, 24.955176], [121.528969, 24.955175], [121.528967, 24.955173], [121.528965, 24.955172], [121.528963, 24.95517], [121.528962, 24.955169], [121.528959, 24.955167], [121.528958, 24.955166], [121.528956, 24.955164], [121.528955, 24.955163], [121.528952, 24.955161], [121.528859, 24.955078], [121.528856, 24.955075], [121.528855, 24.955074], [121.528852, 24.955072], [121.528851, 24.955071], [121.528849, 24.955068], [121.528847, 24.955067], [121.528845, 24.955065], [121.528844, 24.955063], [121.528841, 24.955061], [121.52884, 24.95506], [121.528838, 24.955057], [121.528837, 24.955056], [121.528834, 24.955053], [121.528833, 24.955052], [121.528831, 24.955049], [121.52883, 24.955048], [121.528827, 24.955045], [121.528826, 24.955044], [121.528824, 24.955041], [121.528823, 24.95504], [121.528821, 24.955037], [121.52882, 24.955036], [121.528818, 24.955033], [121.528817, 24.955032], [121.528815, 24.955029], [121.528814, 24.955028], [121.528812, 24.955025], [121.528811, 24.955023], [121.528809, 24.95502], [121.528808, 24.955019], [121.528806, 24.955016], [121.528805, 24.955015], [121.528803, 24.955012], [121.528694, 24.955073], [121.528644, 24.954983], [121.528585, 24.955008], [121.528602, 24.955048], [121.528575, 24.955063], [121.528608, 24.955117], [121.52858, 24.955143], [121.528514, 24.955142], [121.528517, 24.955176], [121.52852, 24.95523], [121.528521, 24.955233], [121.528521, 24.955241], [121.528521, 24.955243], [121.528521, 24.955253], [121.528522, 24.955263], [121.528522, 24.955273], [121.528521, 24.955283], [121.528521, 24.955293], [121.52852, 24.955303], [121.52852, 24.955311], [121.528514, 24.955377], [121.52851, 24.95542], [121.528495, 24.955586], [121.528495, 24.955591], [121.528495, 24.955596], [121.528494, 24.955601], [121.528494, 24.955606], [121.528494, 24.955611], [121.528494, 24.955616], [121.528494, 24.955621], [121.528495, 24.955626], [121.528495, 24.955631], [121.528495, 24.955636], [121.528496, 24.955641], [121.528497, 24.955646], [121.528497, 24.955651], [121.528498, 24.955656], [121.528499, 24.95566], [121.5285, 24.955665], [121.528501, 24.95567], [121.528502, 24.955675], [121.528504, 24.95568], [121.528505, 24.955685], [121.528507, 24.95569], [121.528508, 24.955694], [121.52851, 24.955699], [121.528512, 24.955704], [121.528514, 24.955709], [121.528515, 24.955713], [121.528518, 24.955718], [121.52852, 24.955723], [121.528522, 24.955727], [121.528524, 24.955732], [121.528527, 24.955736], [121.528529, 24.955741], [121.528532, 24.955745], [121.528534, 24.95575], [121.528536, 24.955753], [121.528551, 24.955776], [121.528572, 24.955809], [121.528623, 24.95589], [121.528729, 24.955947], [121.528781, 24.955946], [121.528791, 24.955946], [121.528803, 24.955946], [121.529135, 24.955937], [121.529134, 24.955971], [121.529133, 24.956001], [121.529131, 24.956097], [121.529168, 24.956114], [121.529687, 24.956347], [121.530042, 24.956392], [121.53005, 24.956209], [121.53018, 24.956208], [121.530636, 24.956512], [121.530568, 24.956611], [121.530312, 24.956589], [121.530238, 24.95669], [121.530227, 24.956784], [121.53019, 24.956874], [121.530492, 24.95701], [121.530567, 24.957105], [121.53054, 24.957142], [121.530588, 24.957177], [121.530544, 24.957248], [121.530625, 24.957328], [121.530682, 24.957319], [121.530778, 24.957384], [121.530954, 24.95716], [121.530989, 24.957229], [121.531102, 24.957197], [121.531103, 24.957196], [121.531133, 24.957188], [121.531194, 24.957237], [121.531262, 24.957421], [121.531264, 24.957425], [121.531191, 24.957505], [121.531087, 24.95762], [121.530971, 24.957712], [121.530911, 24.957759], [121.530902, 24.957767], [121.530901, 24.957767], [121.530901, 24.957769], [121.5309, 24.95777], [121.530877, 24.957828], [121.530873, 24.957839], [121.530929, 24.957899], [121.530947, 24.957918], [121.531076, 24.958055], [121.531094, 24.958075], [121.531109, 24.95809], [121.531189, 24.958176], [121.531238, 24.958228], [121.531242, 24.958225], [121.531256, 24.958216], [121.531284, 24.958245], [121.531427, 24.958393], [121.531434, 24.9584], [121.531444, 24.95841], [121.531447, 24.958418], [121.53145, 24.958423], [121.531455, 24.958435], [121.531458, 24.958441], [121.531465, 24.958458], [121.531473, 24.958475], [121.531485, 24.958502], [121.531495, 24.958525], [121.531502, 24.95854], [121.531504, 24.95854], [121.531945, 24.958345], [121.531977, 24.958326], [121.532283, 24.958142], [121.532312, 24.958197], [121.532325, 24.958222], [121.532499, 24.958552]]]]}}, {"type": "Feature", "properties": {"zoning_id": "Z0051", "zone_label": "墓地", "county": "新北市", "area_ha": 0.01}, "geometry": {"type": "MultiPolygon", "coordinates": [[[[121.533452, 24.957068], [121.533374, 24.957141], [121.533576, 24.957143], [121.533521, 24.957078], [121.533452, 24.957068]]]]}}, {"type": "Feature", "properties": {"zoning_id": "Z0052", "zone_label": "墓地", "county": "新北市", "area_ha": 0.094}, "geometry": {"type": "MultiPolygon", "coordinates": [[[[121.532509, 24.958298], [121.532535, 24.957842], [121.532294, 24.957924], [121.532272, 24.957961], [121.532261, 24.957979], [121.532314, 24.958079], [121.532454, 24.958346], [121.532481, 24.958398], [121.532504, 24.958391], [121.532509, 24.958298]]]]}}, {"type": "Feature", "properties": {"zoning_id": "Z0053", "zone_label": "墓地", "county": "新北市", "area_ha": 4.603}, "geometry": {"type": "MultiPolygon", "coordinates": [[[[121.408372, 25.01422], [121.408487, 25.014199], [121.40875, 25.013708], [121.408818, 25.013769], [121.408957, 25.013892], [121.409225, 25.01413], [121.409286, 25.014184], [121.409347, 25.01418], [121.409714, 25.01416], [121.40978, 25.014154], [121.409845, 25.014078], [121.409906, 25.014007], [121.410034, 25.013856], [121.410063, 25.013823], [121.41035, 25.013487], [121.410535, 25.013214], [121.410548, 25.013036], [121.410527, 25.012986], [121.410487, 25.012888], [121.410388, 25.012646], [121.410244, 25.012568], [121.409372, 25.012099], [121.409259, 25.012038], [121.409127, 25.01218], [121.409092, 25.012217], [121.409025, 25.012289], [121.408784, 25.012546], [121.408702, 25.012634], [121.408321, 25.013043], [121.407998, 25.013388], [121.407819, 25.01358], [121.407269, 25.013647], [121.407284, 25.013944], [121.407465, 25.014357], [121.407478, 25.014385], [121.407503, 25.014381], [121.408372, 25.01422]]]]}}, {"type": "Feature", "properties": {"zoning_id": "Z0054", "zone_label": "墓地", "county": "新北市", "area_ha": 2.257}, "geometry": {"type": "MultiPolygon", "coordinates": [[[[121.410027, 25.009924], [121.410029, 25.009924], [121.410107, 25.009928], [121.410116, 25.009928], [121.410186, 25.009931], [121.410469, 25.009943], [121.411967, 25.010007], [121.411968, 25.009975], [121.411973, 25.00979], [121.411974, 25.009732], [121.411975, 25.009703], [121.411978, 25.009591], [121.411978, 25.009578], [121.411979, 25.009532], [121.411815, 25.009405], [121.411758, 25.009256], [121.411701, 25.009115], [121.411735, 25.009039], [121.411667, 25.008873], [121.411607, 25.008877], [121.411519, 25.008882], [121.411273, 25.008896], [121.411191, 25.008901], [121.41089, 25.008919], [121.410853, 25.008921], [121.410756, 25.008927], [121.410545, 25.009011], [121.410262, 25.009045], [121.41026, 25.009046], [121.410202, 25.009053], [121.41015, 25.009078], [121.410141, 25.009083], [121.410114, 25.009096], [121.410102, 25.009102], [121.410064, 25.009121], [121.409975, 25.009166], [121.409878, 25.009214], [121.409805, 25.00925], [121.409686, 25.00931], [121.40968, 25.009313], [121.40968, 25.009323], [121.409681, 25.009407], [121.409681, 25.009425], [121.409681, 25.009467], [121.40973, 25.009535], [121.409743, 25.009552], [121.410007, 25.00992], [121.410009, 25.009923], [121.410011, 25.009923], [121.410027, 25.009924]]]]}}, {"type": "Feature", "properties": {"zoning_id": "Z0055", "zone_label": "墓地", "county": "新北市", "area_ha": 11.933}, "geometry": {"type": "MultiPolygon", "coordinates": [[[[121.865278, 25.043043], [121.865714, 25.042551], [121.865702, 25.042009], [121.86494, 25.040182], [121.864614, 25.039141], [121.86417, 25.037953], [121.864262, 25.037434], [121.864119, 25.037354], [121.863869, 25.037441], [121.863884, 25.037564], [121.863818, 25.037832], [121.863965, 25.038253], [121.863797, 25.03851], [121.863842, 25.038876], [121.863571, 25.039304], [121.863526, 25.039586], [121.863336, 25.039996], [121.863771, 25.040297], [121.863803, 25.040625], [121.863302, 25.041204], [121.862177, 25.041793], [121.861881, 25.041877], [121.861871, 25.041954], [121.861833, 25.042238], [121.861759, 25.042782], [121.863781, 25.042972], [121.863757, 25.043183], [121.863655, 25.04363], [121.863872, 25.043694], [121.8641, 25.043634], [121.864403, 25.043654], [121.864679, 25.043728], [121.864877, 25.043765], [121.86499, 25.043737], [121.865278, 25.043043]]]]}}, {"type": "Feature", "properties": {"zoning_id": "Z0056", "zone_label": "墓地", "county": "新北市", "area_ha": 5.178}, "geometry": {"type": "MultiPolygon", "coordinates": [[[[121.642298, 25.221804], [121.642013, 25.221849], [121.641022, 25.222843], [121.64098, 25.222885], [121.640882, 25.222984], [121.641127, 25.223152], [121.641129, 25.223154], [121.64113, 25.223154], [121.641413, 25.223384], [121.641456, 25.223418], [121.641463, 25.223424], [121.641517, 25.223468], [121.641786, 25.223686], [121.641994, 25.223855], [121.64238, 25.224087], [121.642848, 25.224368], [121.643211, 25.224587], [121.643223, 25.224594], [121.643256, 25.224614], [121.643355, 25.224673], [121.643363, 25.224611], [121.643369, 25.224548], [121.643397, 25.224288], [121.643398, 25.224284], [121.643422, 25.224058], [121.643439, 25.223897], [121.64344, 25.223893], [121.643443, 25.223869], [121.643446, 25.223845], [121.64345, 25.223822], [121.64345, 25.223819], [121.643454, 25.223798], [121.643459, 25.223774], [121.643464, 25.223751], [121.643465, 25.223744], [121.643469, 25.223727], [121.643475, 25.223704], [121.643482, 25.22368], [121.643489, 25.223657], [121.643496, 25.223634], [121.643504, 25.223611], [121.643512, 25.223588], [121.643521, 25.223566], [121.64353, 25.223543], [121.643533, 25.223538], [121.64354, 25.223521], [121.64355, 25.223498], [121.64356, 25.223476], [121.643571, 25.223454], [121.643582, 25.223433], [121.643594, 25.223411], [121.643606, 25.22339], [121.643619, 25.223369], [121.643631, 25.223348], [121.643645, 25.223327], [121.643658, 25.223306], [121.643667, 25.223295], [121.643669, 25.223291], [121.643673, 25.223286], [121.643687, 25.223266], [121.643702, 25.223246], [121.643717, 25.223226], [121.643733, 25.223207], [121.643749, 25.223188], [121.643765, 25.223169], [121.643773, 25.22316], [121.643782, 25.22315], [121.643797, 25.223134], [121.643799, 25.223132], [121.643816, 25.223114], [121.643834, 25.223096], [121.643852, 25.223079], [121.643871, 25.223061], [121.643889, 25.223044], [121.643908, 25.223028], [121.643928, 25.223011], [121.643948, 25.222995], [121.643968, 25.22298], [121.643988, 25.222964], [121.644008, 25.222949], [121.644029, 25.222935], [121.644051, 25.22292], [121.644072, 25.222906], [121.644094, 25.222892], [121.644116, 25.222879], [121.644138, 25.222866], [121.64416, 25.222853], [121.644167, 25.22285], [121.643216, 25.222352], [121.642298, 25.221804]]]]}}, {"type": "Feature", "properties": {"zoning_id": "Z0057", "zone_label": "墓地", "county": "新北市", "area_ha": 15.629}, "geometry": {"type": "MultiPolygon", "coordinates": [[[[121.638113, 25.22316], [121.638101, 25.223189], [121.638099, 25.223193], [121.637945, 25.223544], [121.637913, 25.223617], [121.637876, 25.223703], [121.637856, 25.223749], [121.637868, 25.223767], [121.637889, 25.223823], [121.637916, 25.223892], [121.637924, 25.223915], [121.637958, 25.224004], [121.637999, 25.224113], [121.638027, 25.224187], [121.638039, 25.224242], [121.638053, 25.22431], [121.638064, 25.224364], [121.637997, 25.224681], [121.63796, 25.22486], [121.637969, 25.225007], [121.637981, 25.225198], [121.637999, 25.225456], [121.638032, 25.225939], [121.638037, 25.226024], [121.638041, 25.226073], [121.638045, 25.226145], [121.638048, 25.226183], [121.638052, 25.22624], [121.638052, 25.226243], [121.638055, 25.226281], [121.638055, 25.226285], [121.637983, 25.226277], [121.63798, 25.226276], [121.636783, 25.226135], [121.636721, 25.226119], [121.636388, 25.225995], [121.636146, 25.225909], [121.635908, 25.226316], [121.635868, 25.226385], [121.636072, 25.226796], [121.635968, 25.227138], [121.63563, 25.227406], [121.636971, 25.228551], [121.637719, 25.227185], [121.638048, 25.227237], [121.63825, 25.227269], [121.638686, 25.227339], [121.638852, 25.227476], [121.638904, 25.227315], [121.638898, 25.227271], [121.638892, 25.227227], [121.63886, 25.226992], [121.638852, 25.226933], [121.638833, 25.226791], [121.638834, 25.226789], [121.638834, 25.226787], [121.638835, 25.226786], [121.638836, 25.226784], [121.638837, 25.226782], [121.638837, 25.226781], [121.638838, 25.226779], [121.638839, 25.226777], [121.63884, 25.226776], [121.638841, 25.226774], [121.638841, 25.226772], [121.638842, 25.226771], [121.638843, 25.226769], [121.638844, 25.226768], [121.638845, 25.226766], [121.638846, 25.226764], [121.638846, 25.226763], [121.638847, 25.226761], [121.638848, 25.226759], [121.638849, 25.226758], [121.63885, 25.226756], [121.638851, 25.226755], [121.638852, 25.226753], [121.638853, 25.226751], [121.638854, 25.22675], [121.638855, 25.226748], [121.638855, 25.226747], [121.638856, 25.226745], [121.638857, 25.226743], [121.638858, 25.226742], [121.638859, 25.22674], [121.63886, 25.226739], [121.638861, 25.226737], [121.638862, 25.226736], [121.638863, 25.226734], [121.638864, 25.226732], [121.638865, 25.226731], [121.638866, 25.226729], [121.638867, 25.226728], [121.638868, 25.226726], [121.638869, 25.226725], [121.63887, 25.226723], [121.638872, 25.226722], [121.638873, 25.22672], [121.638874, 25.226719], [121.638875, 25.226717], [121.638876, 25.226716], [121.638877, 25.226714], [121.638878, 25.226713], [121.638879, 25.226711], [121.63888, 25.22671], [121.638881, 25.226708], [121.638883, 25.226707], [121.638884, 25.226705], [121.638885, 25.226704], [121.638886, 25.226702], [121.638887, 25.226701], [121.638888, 25.226699], [121.638889, 25.226698], [121.638891, 25.226696], [121.638892, 25.226695], [121.638893, 25.226694], [121.638894, 25.226692], [121.638895, 25.226691], [121.638897, 25.226689], [121.638898, 25.226688], [121.638899, 25.226686], [121.6389, 25.226685], [121.638902, 25.226684], [121.638903, 25.226682], [121.638904, 25.226681], [121.638905, 25.226679], [121.638907, 25.226678], [121.638908, 25.226677], [121.638909, 25.226675], [121.638911, 25.226674], [121.638912, 25.226673], [121.638912, 25.226672], [121.638914, 25.226671], [121.638915, 25.22667], [121.638916, 25.226668], [121.638918, 25.226667], [121.638919, 25.226666], [121.638921, 25.226665], [121.638922, 25.226663], [121.638923, 25.226662], [121.638925, 25.226661], [121.638926, 25.226659], [121.638928, 25.226658], [121.638929, 25.226657], [121.63893, 25.226656], [121.638932, 25.226654], [121.638933, 25.226653], [121.638934, 25.226652], [121.638936, 25.22665], [121.638937, 25.226649], [121.638938, 25.226648], [121.63894, 25.226646], [121.638941, 25.226645], [121.638942, 25.226643], [121.638943, 25.226642], [121.638945, 25.226641], [121.638946, 25.226639], [121.638947, 25.226638], [121.638949, 25.226637], [121.63895, 25.226635], [121.638951, 25.226634], [121.638952, 25.226632], [121.638954, 25.226631], [121.638955, 25.22663], [121.638956, 25.226628], [121.638957, 25.226627], [121.638958, 25.226625], [121.63896, 25.226624], [121.638961, 25.226622], [121.638962, 25.226621], [121.638963, 25.226619], [121.638964, 25.226618], [121.638966, 25.226617], [121.638967, 25.226615], [121.638968, 25.226614], [121.638969, 25.226612], [121.63897, 25.226611], [121.638971, 25.226609], [121.638972, 25.226608], [121.638974, 25.226606], [121.638975, 25.226605], [121.638976, 25.226603], [121.638977, 25.226602], [121.638978, 25.2266], [121.638979, 25.226599], [121.63898, 25.226597], [121.638981, 25.226596], [121.638982, 25.226594], [121.638983, 25.226593], [121.638984, 25.226591], [121.638985, 25.22659], [121.638986, 25.226588], [121.638987, 25.226586], [121.638988, 25.226585], [121.638989, 25.226583], [121.63899, 25.226582], [121.638991, 25.22658], [121.638992, 25.226579], [121.638993, 25.226577], [121.638994, 25.226576], [121.638995, 25.226574], [121.638996, 25.226572], [121.638997, 25.226571], [121.638998, 25.226569], [121.638999, 25.226568], [121.639, 25.226566], [121.639001, 25.226564], [121.639002, 25.226563], [121.639003, 25.226561], [121.639004, 25.22656], [121.639005, 25.226558], [121.639006, 25.226556], [121.639006, 25.226555], [121.639007, 25.226553], [121.639008, 25.226551], [121.639009, 25.22655], [121.63901, 25.226548], [121.639011, 25.226547], [121.639011, 25.226546], [121.639011, 25.226545], [121.639012, 25.226543], [121.639013, 25.226542], [121.639014, 25.22654], [121.639015, 25.226538], [121.639015, 25.226537], [121.639016, 25.226535], [121.639017, 25.226533], [121.639018, 25.226532], [121.639019, 25.22653], [121.639015, 25.226518], [121.639006, 25.226476], [121.639, 25.226402], [121.639001, 25.226356], [121.639008, 25.226307], [121.63902, 25.226266], [121.639042, 25.226206], [121.639043, 25.226201], [121.639074, 25.226133], [121.639078, 25.226126], [121.639108, 25.225799], [121.639133, 25.225738], [121.639164, 25.225679], [121.639168, 25.225673], [121.639202, 25.225623], [121.639246, 25.225571], [121.639295, 25.225524], [121.63935, 25.225481], [121.639409, 25.225443], [121.639471, 25.225411], [121.639809, 25.225244], [121.639971, 25.225179], [121.640974, 25.224776], [121.641118, 25.224721], [121.641265, 25.224674], [121.641415, 25.224633], [121.641566, 25.224598], [121.64172, 25.224571], [121.641874, 25.224551], [121.64203, 25.224537], [121.642186, 25.224531], [121.642342, 25.224532], [121.642431, 25.224481], [121.642451, 25.224469], [121.642459, 25.224465], [121.64249, 25.224447], [121.642494, 25.224444], [121.642434, 25.224405], [121.642274, 25.224301], [121.641846, 25.224022], [121.641596, 25.223834], [121.640958, 25.223353], [121.640844, 25.223275], [121.640619, 25.223121], [121.639964, 25.222674], [121.639889, 25.222631], [121.639813, 25.222588], [121.639352, 25.222379], [121.639217, 25.222318], [121.639004, 25.222463], [121.638937, 25.222508], [121.638468, 25.222827], [121.638463, 25.22283], [121.63827, 25.222962], [121.638209, 25.223003], [121.638184, 25.22302], [121.638174, 25.223027], [121.638173, 25.223027], [121.638171, 25.223029], [121.638149, 25.223079], [121.638127, 25.223129], [121.638113, 25.22316]]]]}}, {"type": "Feature", "properties": {"zoning_id": "Z0058", "zone_label": "墓地", "county": "新北市", "area_ha": 0.711}, "geometry": {"type": "MultiPolygon", "coordinates": [[[[121.642512, 25.224456], [121.642494, 25.224444], [121.64249, 25.224447], [121.642342, 25.224532], [121.642186, 25.224531], [121.64203, 25.224537], [121.641874, 25.224551], [121.64172, 25.224571], [121.641566, 25.224598], [121.641415, 25.224633], [121.641265, 25.224674], [121.641118, 25.224721], [121.640974, 25.224776], [121.639971, 25.225179], [121.639809, 25.225244], [121.639471, 25.225411], [121.639409, 25.225443], [121.63935, 25.225481], [121.639295, 25.225524], [121.639246, 25.225571], [121.639202, 25.225623], [121.639164, 25.225679], [121.639133, 25.225738], [121.639108, 25.225799], [121.639078, 25.226126], [121.639089, 25.226107], [121.639114, 25.226065], [121.639155, 25.226008], [121.63919, 25.225965], [121.639216, 25.225932], [121.639235, 25.225908], [121.639238, 25.225904], [121.639326, 25.225795], [121.639342, 25.225774], [121.639479, 25.225603], [121.639532, 25.225538], [121.639574, 25.225485], [121.639631, 25.225428], [121.639723, 25.225358], [121.639817, 25.225303], [121.639909, 25.225256], [121.639945, 25.22524], [121.639985, 25.225225], [121.640029, 25.225212], [121.640073, 25.225201], [121.640114, 25.225194], [121.640157, 25.22519], [121.640266, 25.225186], [121.640271, 25.225186], [121.640331, 25.225185], [121.640383, 25.225184], [121.640407, 25.225182], [121.640456, 25.225175], [121.640514, 25.225165], [121.640601, 25.225147], [121.640668, 25.225134], [121.640734, 25.225122], [121.640923, 25.225091], [121.641109, 25.225061], [121.641161, 25.225052], [121.641229, 25.22504], [121.641323, 25.22502], [121.641375, 25.224993], [121.641461, 25.224931], [121.641591, 25.22484], [121.641674, 25.224787], [121.641675, 25.224786], [121.641777, 25.224728], [121.641823, 25.224701], [121.641857, 25.224685], [121.641897, 25.224666], [121.641976, 25.224641], [121.642056, 25.224624], [121.642067, 25.224623], [121.642135, 25.224615], [121.642274, 25.224604], [121.642301, 25.224597], [121.642308, 25.224594], [121.642357, 25.224571], [121.642512, 25.224456]]]]}}, {"type": "Feature", "properties": {"zoning_id": "Z0059", "zone_label": "公墓用地", "county": "新北市", "area_ha": 1.748}, "geometry": {"type": "MultiPolygon", "coordinates": [[[[121.553432, 24.861071], [121.553373, 24.861181], [121.553198, 24.861509], [121.553164, 24.861573], [121.553099, 24.861631], [121.553046, 24.861679], [121.553007, 24.861714], [121.552974, 24.861736], [121.552518, 24.862045], [121.552343, 24.862086], [121.552249, 24.862151], [121.552243, 24.862203], [121.55244, 24.862606], [121.552452, 24.862631], [121.552455, 24.862802], [121.553113, 24.863679], [121.553128, 24.86365], [121.553134, 24.863639], [121.553263, 24.863394], [121.553266, 24.863388], [121.553304, 24.86334], [121.553299, 24.863339], [121.553294, 24.863336], [121.553289, 24.863333], [121.553284, 24.863331], [121.553279, 24.863328], [121.553274, 24.863325], [121.553269, 24.863322], [121.553264, 24.863319], [121.553259, 24.863316], [121.553255, 24.863313], [121.55325, 24.86331], [121.553245, 24.863306], [121.553241, 24.863303], [121.553236, 24.8633], [121.553232, 24.863296], [121.553228, 24.863292], [121.553223, 24.863289], [121.553219, 24.863285], [121.553215, 24.863281], [121.553211, 24.863277], [121.553207, 24.863273], [121.553203, 24.863269], [121.553199, 24.863265], [121.553195, 24.863261], [121.553192, 24.863257], [121.553188, 24.863253], [121.553185, 24.863249], [121.553181, 24.863244], [121.553178, 24.86324], [121.553175, 24.863235], [121.553171, 24.863231], [121.553168, 24.863226], [121.553165, 24.863222], [121.553162, 24.863217], [121.553159, 24.863212], [121.553157, 24.863208], [121.553154, 24.863203], [121.553152, 24.863198], [121.553149, 24.863193], [121.553147, 24.863189], [121.553145, 24.863184], [121.553143, 24.863179], [121.553141, 24.863174], [121.553139, 24.86317], [121.553137, 24.863165], [121.553135, 24.86316], [121.553134, 24.863155], [121.553132, 24.86315], [121.553131, 24.863145], [121.553129, 24.86314], [121.553128, 24.863135], [121.553127, 24.86313], [121.553126, 24.863125], [121.553125, 24.86312], [121.553124, 24.863115], [121.553123, 24.86311], [121.553122, 24.863105], [121.553122, 24.8631], [121.553121, 24.863095], [121.553121, 24.86309], [121.553121, 24.863085], [121.553121, 24.863079], [121.55312, 24.863074], [121.55312, 24.863069], [121.553121, 24.863064], [121.553121, 24.863059], [121.553121, 24.863054], [121.553121, 24.863049], [121.553122, 24.863044], [121.553123, 24.863039], [121.553123, 24.863034], [121.553124, 24.863029], [121.553125, 24.863023], [121.553126, 24.863018], [121.553127, 24.863013], [121.553128, 24.863008], [121.553129, 24.863003], [121.553131, 24.862998], [121.553132, 24.862994], [121.553134, 24.862989], [121.553135, 24.862984], [121.553137, 24.862979], [121.553139, 24.862974], [121.553141, 24.862969], [121.553143, 24.862964], [121.553145, 24.86296], [121.553147, 24.862955], [121.553149, 24.86295], [121.553152, 24.862946], [121.553154, 24.862941], [121.553157, 24.862937], [121.55316, 24.862932], [121.553162, 24.862928], [121.553165, 24.862923], [121.553168, 24.862919], [121.553171, 24.862915], [121.553174, 24.86291], [121.553177, 24.862906], [121.55318, 24.862902], [121.553184, 24.862898], [121.553187, 24.862894], [121.55319, 24.86289], [121.553194, 24.862886], [121.553198, 24.862882], [121.553201, 24.862878], [121.553205, 24.862874], [121.553209, 24.86287], [121.553213, 24.862867], [121.553217, 24.862863], [121.553221, 24.862859], [121.553225, 24.862856], [121.553229, 24.862853], [121.553233, 24.862849], [121.553238, 24.862846], [121.553242, 24.862843], [121.553246, 24.86284], [121.553251, 24.862837], [121.553255, 24.862834], [121.55326, 24.862831], [121.553265, 24.862828], [121.553269, 24.862825], [121.553274, 24.862822], [121.553279, 24.86282], [121.553284, 24.862817], [121.553289, 24.862815], [121.553294, 24.862812], [121.553299, 24.86281], [121.553304, 24.862808], [121.553309, 24.862806], [121.553314, 24.862803], [121.553319, 24.862801], [121.553324, 24.8628], [121.553329, 24.862798], [121.553335, 24.862796], [121.55334, 24.862794], [121.553345, 24.862793], [121.553351, 24.862791], [121.553356, 24.86279], [121.553361, 24.862789], [121.553367, 24.862787], [121.553372, 24.862786], [121.553376, 24.862786], [121.553377, 24.862785], [121.553378, 24.862785], [121.553379, 24.862785], [121.553381, 24.862784], [121.553382, 24.862784], [121.553383, 24.862784], [121.553384, 24.862783], [121.553385, 24.862783], [121.553386, 24.862783], [121.553388, 24.862782], [121.553389, 24.862782], [121.55339, 24.862781], [121.553391, 24.862781], [121.553392, 24.86278], [121.553393, 24.86278], [121.553394, 24.862779], [121.553395, 24.862779], [121.553396, 24.862778], [121.553397, 24.862778], [121.553398, 24.862777], [121.553399, 24.862777], [121.553401, 24.862776], [121.553402, 24.862775], [121.553403, 24.862775], [121.553404, 24.862774], [121.553405, 24.862773], [121.553406, 24.862772], [121.553407, 24.862771], [121.553408, 24.862771], [121.553409, 24.86277], [121.55341, 24.862769], [121.553411, 24.862768], [121.553412, 24.862767], [121.553413, 24.862767], [121.553414, 24.862766], [121.553414, 24.862765], [121.553415, 24.862764], [121.553416, 24.862763], [121.553417, 24.862762], [121.553417, 24.862761], [121.553418, 24.862761], [121.553419, 24.86276], [121.55342, 24.862759], [121.55342, 24.862758], [121.553421, 24.862757], [121.553422, 24.862756], [121.553422, 24.862755], [121.553423, 24.862754], [121.553423, 24.862753], [121.553424, 24.862752], [121.553425, 24.862751], [121.553425, 24.86275], [121.553426, 24.862749], [121.553426, 24.862748], [121.553427, 24.862747], [121.553427, 24.862746], [121.553427, 24.862745], [121.553428, 24.862744], [121.553428, 24.862743], [121.553429, 24.862742], [121.553429, 24.862741], [121.553429, 24.862739], [121.55343, 24.862738], [121.55343, 24.862737], [121.55343, 24.862736], [121.55343, 24.862735], [121.553431, 24.862734], [121.553431, 24.862733], [121.553431, 24.862732], [121.553431, 24.862731], [121.553431, 24.86273], [121.553431, 24.862728], [121.553432, 24.862727], [121.553432, 24.862726], [121.553432, 24.862725], [121.553447, 24.862423], [121.553452, 24.862327], [121.55349, 24.861697], [121.553491, 24.861682], [121.553492, 24.861668], [121.553493, 24.861654], [121.553493, 24.861639], [121.553494, 24.861625], [121.553495, 24.86161], [121.553495, 24.861596], [121.553496, 24.861581], [121.553496, 24.861567], [121.553496, 24.861552], [121.553497, 24.861538], [121.553497, 24.861511], [121.553497, 24.861509], [121.553497, 24.861494], [121.553497, 24.861465], [121.553497, 24.861436], [121.553497, 24.861407], [121.553496, 24.861378], [121.553496, 24.861349], [121.553489, 24.861103], [121.553432, 24.861071]]]]}}, {"type": "Feature", "properties": {"zoning_id": "Z0060", "zone_label": "墳墓用地", "county": "新北市", "area_ha": 6.474}, "geometry": {"type": "MultiPolygon", "coordinates": [[[[121.597237, 25.28555], [121.597236, 25.28555], [121.597178, 25.285599], [121.597127, 25.285642], [121.596893, 25.285838], [121.596759, 25.285881], [121.596758, 25.285882], [121.595794, 25.286192], [121.595336, 25.286647], [121.595311, 25.286671], [121.595289, 25.286749], [121.596319, 25.287544], [121.596319, 25.287545], [121.596581, 25.287747], [121.59713, 25.286985], [121.597607, 25.286994], [121.59742, 25.287539], [121.596949, 25.288325], [121.596743, 25.288391], [121.596013, 25.287905], [121.596014, 25.287904], [121.595815, 25.287772], [121.595713, 25.28807], [121.595732, 25.288817], [121.595979, 25.288822], [121.596192, 25.288827], [121.596301, 25.28879], [121.596463, 25.288665], [121.596506, 25.288584], [121.596739, 25.288452], [121.596742, 25.288452], [121.59681, 25.288453], [121.597001, 25.288411], [121.597134, 25.288366], [121.597307, 25.288281], [121.597437, 25.288178], [121.597658, 25.287974], [121.597759, 25.28792], [121.597928, 25.28782], [121.598019, 25.287767], [121.59811, 25.287639], [121.598223, 25.287572], [121.598285, 25.28756], [121.598432, 25.287593], [121.59849, 25.287546], [121.598756, 25.28745], [121.598806, 25.287458], [121.598889, 25.28747], [121.598928, 25.287476], [121.598962, 25.287485], [121.599001, 25.287485], [121.599101, 25.287418], [121.599116, 25.28735], [121.599149, 25.287297], [121.599172, 25.287296], [121.59922, 25.287167], [121.599245, 25.287146], [121.599252, 25.287115], [121.59924, 25.287085], [121.599204, 25.287002], [121.599136, 25.286957], [121.599077, 25.28702], [121.599106, 25.287072], [121.599087, 25.287107], [121.599066, 25.287128], [121.599026, 25.287117], [121.598933, 25.287062], [121.59873, 25.287058], [121.598555, 25.287055], [121.598554, 25.287054], [121.598393, 25.286938], [121.598436, 25.286132], [121.598197, 25.285938], [121.597794, 25.28573], [121.59761, 25.285462], [121.597351, 25.28555], [121.597278, 25.285516], [121.597277, 25.285516], [121.597237, 25.28555]]]]}}, {"type": "Feature", "properties": {"zoning_id": "Z0061", "zone_label": "墓地", "county": "新北市", "area_ha": 1.857}, "geometry": {"type": "MultiPolygon", "coordinates": [[[[121.513674, 25.275866], [121.513675, 25.275912], [121.513677, 25.276059], [121.513938, 25.276068], [121.513955, 25.276069], [121.514102, 25.276074], [121.514141, 25.276076], [121.514311, 25.276082], [121.514352, 25.276084], [121.514429, 25.276121], [121.514584, 25.276197], [121.5147, 25.276254], [121.514702, 25.276254], [121.514726, 25.276259], [121.514735, 25.276261], [121.514789, 25.276272], [121.514847, 25.276277], [121.514879, 25.27628], [121.514895, 25.276271], [121.514909, 25.276263], [121.515022, 25.276198], [121.515037, 25.276189], [121.515184, 25.276055], [121.515218, 25.276024], [121.515275, 25.275972], [121.515413, 25.275728], [121.515203, 25.275549], [121.515185, 25.275533], [121.515089, 25.275452], [121.514675, 25.275098], [121.513759, 25.274857], [121.513661, 25.274831], [121.513662, 25.274869], [121.513664, 25.275058], [121.513666, 25.275177], [121.513672, 25.275668], [121.513674, 25.275866]]]]}}, {"type": "Feature", "properties": {"zoning_id": "Z0062", "zone_label": "墓地", "county": "新北市", "area_ha": 1.425}, "geometry": {"type": "MultiPolygon", "coordinates": [[[[121.535816, 25.279415], [121.536303, 25.279387], [121.536429, 25.279379], [121.536477, 25.279032], [121.536525, 25.278684], [121.536523, 25.278233], [121.536435, 25.27798], [121.536382, 25.277827], [121.53597, 25.277817], [121.535756, 25.277811], [121.535726, 25.27811], [121.535649, 25.278882], [121.535639, 25.278984], [121.535595, 25.279428], [121.535816, 25.279415]]]]}}, {"type": "Feature", "properties": {"zoning_id": "Z0063", "zone_label": "墓地", "county": "新北市", "area_ha": 2.592}, "geometry": {"type": "MultiPolygon", "coordinates": [[[[121.552358, 25.283457], [121.552193, 25.283891], [121.552211, 25.283892], [121.55229, 25.283895], [121.552637, 25.283906], [121.552796, 25.283911], [121.552817, 25.283912], [121.553627, 25.283938], [121.553675, 25.283939], [121.553681, 25.28394], [121.553683, 25.283924], [121.553694, 25.283808], [121.553707, 25.283661], [121.553736, 25.283344], [121.553721, 25.28326], [121.553716, 25.28323], [121.553697, 25.283122], [121.553696, 25.283116], [121.553667, 25.282947], [121.553662, 25.282919], [121.553631, 25.282738], [121.553755, 25.282176], [121.55383, 25.281988], [121.55398, 25.281608], [121.554033, 25.281476], [121.554026, 25.281475], [121.553999, 25.281472], [121.553726, 25.281481], [121.553608, 25.281485], [121.553489, 25.281686], [121.553474, 25.281711], [121.553351, 25.28192], [121.5533, 25.281978], [121.552849, 25.282493], [121.552794, 25.282555], [121.552673, 25.282693], [121.552631, 25.282742], [121.552605, 25.282809], [121.552462, 25.283184], [121.552387, 25.283382], [121.552358, 25.283457]]]]}}, {"type": "Feature", "properties": {"zoning_id": "Z0064", "zone_label": "墳墓用地", "county": "新北市", "area_ha": 11.286}, "geometry": {"type": "MultiPolygon", "coordinates": [[[[121.620955, 25.252122], [121.620947, 25.252117], [121.620926, 25.252158], [121.620907, 25.252194], [121.62087, 25.252264], [121.620585, 25.252802], [121.620581, 25.25281], [121.619916, 25.254064], [121.619893, 25.25409], [121.619847, 25.254175], [121.619837, 25.254195], [121.619701, 25.254447], [121.619695, 25.254458], [121.619582, 25.25468], [121.619557, 25.254729], [121.619524, 25.254794], [121.619416, 25.254995], [121.619413, 25.255002], [121.619145, 25.255503], [121.619149, 25.255511], [121.619163, 25.255539], [121.619192, 25.255599], [121.619404, 25.255705], [121.620021, 25.255565], [121.620064, 25.25558], [121.620099, 25.255549], [121.620175, 25.255581], [121.620108, 25.255803], [121.62008, 25.255813], [121.620043, 25.256009], [121.620051, 25.25629], [121.62003, 25.256431], [121.619935, 25.256476], [121.619929, 25.256613], [121.619867, 25.2567], [121.619895, 25.256805], [121.619956, 25.256743], [121.620027, 25.256747], [121.620094, 25.256803], [121.62035, 25.256921], [121.620632, 25.256815], [121.620717, 25.256782], [121.620851, 25.256704], [121.620601, 25.256426], [121.620579, 25.256401], [121.620531, 25.256334], [121.620531, 25.256333], [121.620498, 25.256256], [121.62047, 25.256169], [121.620458, 25.256045], [121.620461, 25.256014], [121.620469, 25.255947], [121.620494, 25.255828], [121.620538, 25.255674], [121.620579, 25.255681], [121.620659, 25.255697], [121.62073, 25.255645], [121.620801, 25.255594], [121.621022, 25.25539], [121.621128, 25.255274], [121.621152, 25.255248], [121.621176, 25.255222], [121.621339, 25.254848], [121.621506, 25.254694], [121.621545, 25.254691], [121.621624, 25.254651], [121.621695, 25.254607], [121.621793, 25.254548], [121.621865, 25.254525], [121.621979, 25.25451], [121.62212, 25.254504], [121.62224, 25.254524], [121.622344, 25.254498], [121.622451, 25.254464], [121.622589, 25.254461], [121.622713, 25.254469], [121.622813, 25.254487], [121.622913, 25.2545], [121.623068, 25.254502], [121.623202, 25.25451], [121.62333, 25.254547], [121.623331, 25.254547], [121.623428, 25.254591], [121.623647, 25.254776], [121.623689, 25.25481], [121.623687, 25.254916], [121.623686, 25.254987], [121.623634, 25.255083], [121.623634, 25.255154], [121.623635, 25.255275], [121.62366, 25.255319], [121.623679, 25.255351], [121.623732, 25.255359], [121.623948, 25.255197], [121.624083, 25.255216], [121.624278, 25.255321], [121.624383, 25.255294], [121.624383, 25.255204], [121.624508, 25.255169], [121.624586, 25.255084], [121.624706, 25.255062], [121.624773, 25.255099], [121.62507, 25.255159], [121.625207, 25.255194], [121.625453, 25.255191], [121.625615, 25.255293], [121.625696, 25.25529], [121.625711, 25.255274], [121.625757, 25.255151], [121.625981, 25.255054], [121.626236, 25.255046], [121.626249, 25.255015], [121.62624, 25.254958], [121.626232, 25.254949], [121.626204, 25.254913], [121.626145, 25.254882], [121.626119, 25.254879], [121.626035, 25.254867], [121.625929, 25.254798], [121.625827, 25.254751], [121.625662, 25.254686], [121.625468, 25.254559], [121.62528, 25.254535], [121.625115, 25.254436], [121.625044, 25.254493], [121.624943, 25.254499], [121.624738, 25.254421], [121.624676, 25.25448], [121.624376, 25.254344], [121.624151, 25.254585], [121.623997, 25.25457], [121.623666, 25.254319], [121.623579, 25.254253], [121.623523, 25.25421], [121.623493, 25.25415], [121.623484, 25.254133], [121.623421, 25.254089], [121.623344, 25.254014], [121.62343, 25.253997], [121.623564, 25.253995], [121.623674, 25.253994], [121.623674, 25.25399], [121.623681, 25.253879], [121.623637, 25.25388], [121.62361, 25.253808], [121.623604, 25.253792], [121.62358, 25.25373], [121.623581, 25.253681], [121.623549, 25.253686], [121.623512, 25.253692], [121.623519, 25.253664], [121.623537, 25.253597], [121.623526, 25.253586], [121.623522, 25.253581], [121.623497, 25.253557], [121.623481, 25.25354], [121.623468, 25.253528], [121.6235, 25.253475], [121.623495, 25.253392], [121.623493, 25.253369], [121.623446, 25.253312], [121.623332, 25.253264], [121.623102, 25.253319], [121.622824, 25.253276], [121.622637, 25.253116], [121.622486, 25.253052], [121.622363, 25.252983], [121.622356, 25.25298], [121.622158, 25.252868], [121.622071, 25.252819], [121.62195, 25.25271], [121.621896, 25.25275], [121.621547, 25.252759], [121.621366, 25.25262], [121.621206, 25.252292], [121.621127, 25.252219], [121.620955, 25.252122]]]]}}, {"type": "Feature", "properties": {"zoning_id": "Z0065", "zone_label": "墓地", "county": "新北市", "area_ha": 1.01}, "geometry": {"type": "MultiPolygon", "coordinates": [[[[121.997618, 25.007958], [121.99745, 25.008018], [121.99746, 25.008027], [121.997837, 25.008377], [121.997838, 25.008378], [121.998062, 25.008586], [121.99856, 25.008903], [121.998645, 25.008777], [121.998705, 25.00869], [121.998801, 25.008548], [121.998905, 25.008395], [121.999023, 25.008222], [121.999042, 25.008194], [121.99847, 25.007971], [121.99823, 25.007737], [121.99808, 25.007791], [121.99784, 25.007878], [121.997618, 25.007958]]]]}}, {"type": "Feature", "properties": {"zoning_id": "Z0066", "zone_label": "墓地", "county": "新北市", "area_ha": 2.052}, "geometry": {"type": "MultiPolygon", "coordinates": [[[[121.961065, 25.001451], [121.961294, 25.001239], [121.961963, 25.00062], [121.962, 25.000181], [121.961817, 25.000184], [121.960366, 25.000207], [121.960276, 25.000209], [121.960074, 25.001341], [121.961065, 25.001451]]]]}}, {"type": "Feature", "properties": {"zoning_id": "Z0067", "zone_label": "墓地", "county": "新北市", "area_ha": 1.052}, "geometry": {"type": "MultiPolygon", "coordinates": [[[[121.930967, 25.001651], [121.930913, 25.001743], [121.930918, 25.001777], [121.931016, 25.001791], [121.931132, 25.001809], [121.931173, 25.001787], [121.931191, 25.001713], [121.930967, 25.001651]]], [[[121.932745, 25.001118], [121.932662, 25.000174], [121.932656, 25.000127], [121.932656, 25.000124], [121.932556, 25.000135], [121.932419, 25.000151], [121.932046, 25.000191], [121.931868, 25.00021], [121.931701, 25.000228], [121.931686, 25.000324], [121.931677, 25.00044], [121.931732, 25.000552], [121.931859, 25.000621], [121.931999, 25.000681], [121.9322, 25.000717], [121.932359, 25.000778], [121.932484, 25.000856], [121.932566, 25.000908], [121.932736, 25.001121], [121.932583, 25.001186], [121.932583, 25.001206], [121.93256, 25.001222], [121.932508, 25.001236], [121.932461, 25.001254], [121.932441, 25.001281], [121.932398, 25.00126], [121.932413, 25.001206], [121.932295, 25.001317], [121.932307, 25.001456], [121.93222, 25.001547], [121.931951, 25.001734], [121.931863, 25.001766], [121.931704, 25.001881], [121.931553, 25.001989], [121.931667, 25.002014], [121.93178, 25.002038], [121.931833, 25.001974], [121.932383, 25.00173], [121.932552, 25.001591], [121.932781, 25.001524], [121.932745, 25.001118]]]]}}, {"type": "Feature", "properties": {"zoning_id": "Z0068", "zone_label": "墓地", "county": "新北市", "area_ha": 0.909}, "geometry": {"type": "MultiPolygon", "coordinates": [[[[121.904155, 25.00989], [121.904154, 25.009885], [121.904139, 25.009787], [121.904133, 25.009742], [121.904131, 25.009735], [121.90413, 25.009722], [121.903955, 25.009657], [121.903955, 25.009574], [121.903809, 25.009426], [121.903755, 25.009354], [121.903675, 25.009247], [121.903234, 25.008895], [121.902946, 25.009431], [121.902826, 25.009654], [121.902844, 25.00965], [121.902862, 25.009623], [121.902972, 25.009593], [121.903082, 25.009564], [121.903159, 25.009751], [121.903471, 25.009961], [121.903605, 25.01005], [121.90376, 25.010091], [121.904079, 25.010204], [121.904075, 25.010159], [121.904063, 25.010121], [121.90406, 25.010087], [121.904073, 25.01008], [121.904088, 25.010052], [121.90411, 25.010049], [121.904141, 25.010028], [121.904155, 25.00989]]]]}}, {"type": "Feature", "properties": {"zoning_id": "Z0069", "zone_label": "墓地", "county": "新北市", "area_ha": 0.379}, "geometry": {"type": "MultiPolygon", "coordinates": [[[[121.900962, 25.019466], [121.901245, 25.019457], [121.901456, 25.019506], [121.901534, 25.019523], [121.901858, 25.019598], [121.901866, 25.01956], [121.901873, 25.019521], [121.901447, 25.019258], [121.901472, 25.019245], [121.90158, 25.019194], [121.901866, 25.019056], [121.90186, 25.018967], [121.901345, 25.01918], [121.901128, 25.0191], [121.901063, 25.019076], [121.900984, 25.019047], [121.900845, 25.018995], [121.900843, 25.019051], [121.900828, 25.01947], [121.9009, 25.019468], [121.900962, 25.019466]]]]}}, {"type": "Feature", "properties": {"zoning_id": "Z0070", "zone_label": "墓地", "county": "新北市", "area_ha": 1.531}, "geometry": {"type": "MultiPolygon", "coordinates": [[[[121.926737, 25.022375], [121.926672, 25.022539], [121.926636, 25.022719], [121.926771, 25.022729], [121.926769, 25.022993], [121.926695, 25.023017], [121.926611, 25.023067], [121.926673, 25.023206], [121.926714, 25.023233], [121.926879, 25.023343], [121.926899, 25.023356], [121.92695, 25.023323], [121.927103, 25.023262], [121.927189, 25.023193], [121.927366, 25.023006], [121.927485, 25.022917], [121.927503, 25.022907], [121.927537, 25.02286], [121.9277, 25.02262], [121.927766, 25.022464], [121.927788, 25.022399], [121.927836, 25.02229], [121.927891, 25.022163], [121.928005, 25.021939], [121.928067, 25.021857], [121.92767, 25.021668], [121.927469, 25.021573], [121.927391, 25.021795], [121.927083, 25.021909], [121.926814, 25.022196], [121.926738, 25.022341], [121.926737, 25.022375]]]]}}, {"type": "Feature", "properties": {"zoning_id": "Z0071", "zone_label": "墓地", "county": "新北市", "area_ha": 2.621}, "geometry": {"type": "MultiPolygon", "coordinates": [[[[121.92536, 25.023823], [121.925247, 25.023779], [121.924998, 25.023891], [121.924992, 25.023894], [121.924962, 25.023907], [121.924951, 25.023912], [121.924904, 25.023932], [121.924876, 25.023944], [121.92483, 25.023957], [121.924796, 25.023968], [121.924773, 25.023974], [121.924733, 25.02398], [121.924702, 25.023985], [121.92467, 25.023992], [121.924642, 25.023996], [121.924615, 25.023998], [121.924586, 25.023999], [121.924531, 25.024001], [121.923458, 25.024033], [121.923396, 25.024037], [121.923331, 25.024041], [121.923263, 25.024046], [121.923192, 25.024054], [121.923154, 25.024061], [121.923108, 25.024068], [121.923055, 25.024078], [121.923003, 25.02409], [121.922961, 25.0241], [121.922928, 25.02411], [121.922907, 25.024115], [121.922878, 25.024122], [121.922848, 25.024132], [121.922819, 25.024136], [121.922784, 25.024141], [121.922754, 25.024144], [121.922721, 25.024143], [121.92269, 25.024143], [121.922675, 25.024142], [121.922564, 25.024138], [121.922741, 25.024716], [121.922768, 25.024732], [121.923285, 25.025041], [121.923373, 25.024891], [121.923848, 25.024798], [121.92386, 25.024688], [121.923989, 25.024665], [121.924103, 25.024814], [121.924808, 25.024716], [121.925088, 25.024626], [121.925623, 25.024542], [121.925954, 25.024063], [121.92574, 25.023947], [121.925533, 25.024081], [121.925434, 25.023933], [121.925424, 25.023917], [121.92536, 25.023823]]]]}}, {"type": "Feature", "properties": {"zoning_id": "Z0072", "zone_label": "墓地", "county": "新北市", "area_ha": 4.867}, "geometry": {"type": "MultiPolygon", "coordinates": [[[[121.91571, 25.098685], [121.915712, 25.098691], [121.915693, 25.098685], [121.915651, 25.098686], [121.915622, 25.098678], [121.915601, 25.098672], [121.915572, 25.098638], [121.915567, 25.098632], [121.915511, 25.098567], [121.915346, 25.098455], [121.915264, 25.098259], [121.915269, 25.098161], [121.915275, 25.09804], [121.915151, 25.097951], [121.915053, 25.098037], [121.915005, 25.098637], [121.914807, 25.098639], [121.914775, 25.098693], [121.914763, 25.098693], [121.914513, 25.099107], [121.914265, 25.099134], [121.91418, 25.098836], [121.914219, 25.09869], [121.914229, 25.09869], [121.914269, 25.098541], [121.914193, 25.098509], [121.914051, 25.098691], [121.914038, 25.098691], [121.913956, 25.098796], [121.913913, 25.099181], [121.91364, 25.099231], [121.913236, 25.099022], [121.913217, 25.098705], [121.913227, 25.098705], [121.913212, 25.098459], [121.913122, 25.098414], [121.91289, 25.098301], [121.912866, 25.098314], [121.912627, 25.098452], [121.912616, 25.09871], [121.912605, 25.09871], [121.912575, 25.099361], [121.911867, 25.100436], [121.912946, 25.100348], [121.91332, 25.099974], [121.913828, 25.100107], [121.91434, 25.099609], [121.914904, 25.0996], [121.915061, 25.100184], [121.915094, 25.100184], [121.915405, 25.100191], [121.915564, 25.099984], [121.915719, 25.099784], [121.915713, 25.098692], [121.915713, 25.098685], [121.91571, 25.098685]]]]}}, {"type": "Feature", "properties": {"zoning_id": "Z0073", "zone_label": "墓地", "county": "新北市", "area_ha": 0.684}, "geometry": {"type": "MultiPolygon", "coordinates": [[[[121.918536, 25.121882], [121.918548, 25.121885], [121.918656, 25.121807], [121.918989, 25.121177], [121.918543, 25.121188], [121.918528, 25.121188], [121.918062, 25.121195], [121.917924, 25.121469], [121.918086, 25.121989], [121.918292, 25.122059], [121.918536, 25.121882]]]]}}, {"type": "Feature", "properties": {"zoning_id": "Z0074", "zone_label": "墓地", "county": "新北市", "area_ha": 4.182}, "geometry": {"type": "MultiPolygon", "coordinates": [[[[121.883214, 25.118646], [121.883136, 25.118829], [121.883622, 25.119019], [121.884739, 25.119467], [121.885224, 25.119658], [121.885444, 25.119745], [121.885752, 25.119867], [121.885817, 25.119815], [121.886024, 25.119652], [121.88631, 25.119427], [121.886375, 25.119374], [121.886585, 25.119203], [121.886663, 25.119137], [121.886552, 25.118895], [121.886204, 25.118781], [121.886138, 25.118832], [121.886038, 25.118909], [121.885563, 25.118872], [121.885402, 25.118784], [121.885225, 25.118687], [121.885119, 25.11863], [121.885117, 25.118627], [121.885003, 25.118566], [121.885001, 25.118111], [121.884795, 25.118002], [121.884788, 25.118], [121.884702, 25.117955], [121.884669, 25.117938], [121.884384, 25.117787], [121.884086, 25.117469], [121.883862, 25.117383], [121.883829, 25.11737], [121.883694, 25.117758], [121.883668, 25.11783], [121.883607, 25.117901], [121.883472, 25.118083], [121.883421, 25.118151], [121.883222, 25.118642], [121.883214, 25.118646]]]]}}, {"type": "Feature", "properties": {"zoning_id": "Z0075", "zone_label": "墓地", "county": "新北市", "area_ha": 3.104}, "geometry": {"type": "MultiPolygon", "coordinates": [[[[121.924884, 25.023477], [121.924896, 25.023512], [121.924816, 25.023541], [121.924788, 25.023551], [121.924735, 25.023566], [121.924736, 25.023622], [121.924666, 25.023658], [121.92466, 25.023659], [121.924614, 25.023661], [121.924546, 25.023656], [121.924407, 25.023663], [121.924245, 25.023658], [121.924123, 25.023633], [121.924116, 25.023632], [121.924058, 25.02362], [121.923896, 25.02356], [121.923736, 25.023466], [121.923758, 25.023388], [121.923891, 25.023402], [121.923941, 25.023362], [121.923907, 25.023332], [121.923827, 25.023261], [121.923668, 25.02312], [121.923666, 25.023118], [121.92362, 25.023077], [121.923607, 25.023065], [121.923416, 25.022895], [121.92347, 25.022973], [121.923463, 25.022983], [121.92346, 25.022987], [121.923441, 25.023018], [121.92335, 25.022909], [121.923347, 25.022905], [121.92335, 25.022903], [121.923387, 25.02287], [121.923376, 25.02286], [121.923375, 25.022859], [121.923228, 25.022728], [121.923, 25.022587], [121.92277, 25.022445], [121.922659, 25.022376], [121.922417, 25.022369], [121.922351, 25.022367], [121.921994, 25.022542], [121.92195, 25.022564], [121.921865, 25.022606], [121.921855, 25.022626], [121.921816, 25.022709], [121.92171, 25.022965], [121.92176, 25.022988], [121.921982, 25.023092], [121.921997, 25.023117], [121.921997, 25.023135], [121.922095, 25.023306], [121.922194, 25.023475], [121.922055, 25.023752], [121.921989, 25.023834], [121.922005, 25.02393], [121.922054, 25.024025], [121.922058, 25.024023], [121.92208, 25.024019], [121.922106, 25.024016], [121.922131, 25.024014], [121.92214, 25.024014], [121.922154, 25.024015], [121.92226, 25.024018], [121.922378, 25.024022], [121.92242, 25.024023], [121.922689, 25.024032], [121.922726, 25.024032], [121.922766, 25.02403], [121.9228, 25.024026], [121.92283, 25.02402], [121.922863, 25.024011], [121.922893, 25.024001], [121.922925, 25.023993], [121.922957, 25.023985], [121.922984, 25.023978], [121.923016, 25.023972], [121.923058, 25.023964], [121.923081, 25.02396], [121.923109, 25.023956], [121.923133, 25.023953], [121.923162, 25.023948], [121.923214, 25.023942], [121.923274, 25.023936], [121.923325, 25.023931], [121.923392, 25.023927], [121.923435, 25.023924], [121.923454, 25.023922], [121.924527, 25.023891], [121.924597, 25.023889], [121.924654, 25.023883], [121.9247, 25.023875], [121.924735, 25.023867], [121.92478, 25.023857], [121.92481, 25.023846], [121.924849, 25.023834], [121.924878, 25.023821], [121.924914, 25.023806], [121.924954, 25.02379], [121.9251, 25.023723], [121.924953, 25.023667], [121.924967, 25.023438], [121.924884, 25.023477]]]]}}, {"type": "Feature", "properties": {"zoning_id": "Z0076", "zone_label": "墓地", "county": "新北市", "area_ha": 0.742}, "geometry": {"type": "MultiPolygon", "coordinates": [[[[121.918209, 25.119911], [121.918185, 25.120004], [121.918176, 25.120008], [121.918157, 25.120358], [121.918151, 25.120462], [121.917814, 25.120717], [121.917758, 25.120851], [121.918455, 25.120774], [121.918525, 25.120767], [121.918538, 25.120768], [121.918668, 25.120752], [121.918689, 25.12075], [121.918841, 25.120732], [121.918902, 25.120355], [121.918742, 25.120025], [121.918697, 25.119998], [121.918671, 25.119985], [121.918626, 25.119962], [121.918524, 25.119911], [121.918522, 25.11991], [121.918522, 25.119913], [121.91842, 25.119862], [121.91837, 25.119837], [121.918256, 25.119839], [121.918251, 25.119846], [121.918209, 25.119911]]]]}}, {"type": "Feature", "properties": {"zoning_id": "Z0077", "zone_label": "墓地", "county": "新北市", "area_ha": 0.658}, "geometry": {"type": "MultiPolygon", "coordinates": [[[[121.996248, 25.01082], [121.996199, 25.010846], [121.996266, 25.010885], [121.996288, 25.010898], [121.99631, 25.010911], [121.996525, 25.010573], [121.996483, 25.009933], [121.996469, 25.00993], [121.996293, 25.009898], [121.995941, 25.009833], [121.995577, 25.01024], [121.995552, 25.010268], [121.995588, 25.010289], [121.995879, 25.010465], [121.996176, 25.010664], [121.996207, 25.010684], [121.996234, 25.010777], [121.996248, 25.01082]]]]}}, {"type": "Feature", "properties": {"zoning_id": "Z0078", "zone_label": "公墓用地", "county": "新北市", "area_ha": 3.418}, "geometry": {"type": "MultiPolygon", "coordinates": [[[[121.911285, 25.059554], [121.911294, 25.059564], [121.911281, 25.059518], [121.911285, 25.059554]]], [[[121.911238, 25.059363], [121.911109, 25.059444], [121.911112, 25.059469], [121.911113, 25.059472], [121.911127, 25.059539], [121.911169, 25.059738], [121.911171, 25.059745], [121.911178, 25.059767], [121.911185, 25.059791], [121.911306, 25.060073], [121.91137, 25.060224], [121.911378, 25.060276], [121.911381, 25.060291], [121.911392, 25.060361], [121.911261, 25.060599], [121.911164, 25.060774], [121.911149, 25.060816], [121.911076, 25.061024], [121.911049, 25.061102], [121.91103, 25.061157], [121.911028, 25.061161], [121.911025, 25.061169], [121.911005, 25.061327], [121.911004, 25.061332], [121.911004, 25.061333], [121.910993, 25.061414], [121.910991, 25.061435], [121.910987, 25.061492], [121.910987, 25.061692], [121.911006, 25.061891], [121.911006, 25.061892], [121.911006, 25.061893], [121.91082, 25.062289], [121.910877, 25.062283], [121.910987, 25.062273], [121.910989, 25.062274], [121.911115, 25.062341], [121.911156, 25.062362], [121.911248, 25.062372], [121.911523, 25.0624], [121.911539, 25.062404], [121.911684, 25.062437], [121.911894, 25.062485], [121.911992, 25.062449], [121.912031, 25.062435], [121.912032, 25.062435], [121.912093, 25.062398], [121.912173, 25.062341], [121.912195, 25.062322], [121.912303, 25.062213], [121.912357, 25.062159], [121.912377, 25.062135], [121.912387, 25.062115], [121.912343, 25.062086], [121.91235, 25.062032], [121.912372, 25.062003], [121.912398, 25.061998], [121.912432, 25.062], [121.912439, 25.062008], [121.912452, 25.061979], [121.912468, 25.061876], [121.912496, 25.061876], [121.912499, 25.061832], [121.912509, 25.061697], [121.912509, 25.061688], [121.912509, 25.061682], [121.912499, 25.061625], [121.912515, 25.061604], [121.912532, 25.06158], [121.912536, 25.061574], [121.912542, 25.061547], [121.912525, 25.061327], [121.912525, 25.061324], [121.91252, 25.061269], [121.91245, 25.061272], [121.912454, 25.061229], [121.912491, 25.061211], [121.912505, 25.06119], [121.912509, 25.061183], [121.912521, 25.061157], [121.912518, 25.061136], [121.912442, 25.061062], [121.912426, 25.061008], [121.912414, 25.060954], [121.912399, 25.060944], [121.9124, 25.0609], [121.912407, 25.060848], [121.912402, 25.060813], [121.9124, 25.060795], [121.912393, 25.060743], [121.912338, 25.060638], [121.912287, 25.060544], [121.912264, 25.0605], [121.912248, 25.060469], [121.912223, 25.060462], [121.912156, 25.060443], [121.912058, 25.060415], [121.91205, 25.060415], [121.91196, 25.060416], [121.911942, 25.060405], [121.911924, 25.060395], [121.911933, 25.060372], [121.911944, 25.060346], [121.911942, 25.060345], [121.911879, 25.060262], [121.911877, 25.060252], [121.911859, 25.060167], [121.911838, 25.060136], [121.911827, 25.060118], [121.911815, 25.060055], [121.911807, 25.060047], [121.911821, 25.060041], [121.911832, 25.060062], [121.911837, 25.060059], [121.911832, 25.060034], [121.911831, 25.06003], [121.911713, 25.059911], [121.911469, 25.059774], [121.911473, 25.059777], [121.911543, 25.059839], [121.911578, 25.059865], [121.911581, 25.059868], [121.91161, 25.05989], [121.911677, 25.059941], [121.911726, 25.059964], [121.911729, 25.059966], [121.911749, 25.059975], [121.911803, 25.060015], [121.911791, 25.060027], [121.911788, 25.060027], [121.911768, 25.060032], [121.911734, 25.06001], [121.911719, 25.060005], [121.911625, 25.05997], [121.911511, 25.059889], [121.911482, 25.059869], [121.911424, 25.059771], [121.911407, 25.059744], [121.91131, 25.059633], [121.91128, 25.059588], [121.91126, 25.059556], [121.911233, 25.059511], [121.911191, 25.05949], [121.911144, 25.05948], [121.91114, 25.059476], [121.91113, 25.059467], [121.911133, 25.059461], [121.911136, 25.059455], [121.91114, 25.059447], [121.911153, 25.059444], [121.911167, 25.059443], [121.911183, 25.059445], [121.911192, 25.059447], [121.911257, 25.059499], [121.911259, 25.0595], [121.911268, 25.059508], [121.911271, 25.05951], [121.911281, 25.059518], [121.911238, 25.059363]]]]}}, {"type": "Feature", "properties": {"zoning_id": "Z0079", "zone_label": "墳墓用地", "county": "新北市", "area_ha": 12.461}, "geometry": {"type": "MultiPolygon", "coordinates": [[[[121.850766, 24.896097], [121.850762, 24.896101], [121.850758, 24.896105], [121.850754, 24.896109], [121.85075, 24.896113], [121.850745, 24.896117], [121.850741, 24.896121], [121.850736, 24.896125], [121.850732, 24.896129], [121.850727, 24.896133], [121.850722, 24.896136], [121.850718, 24.89614], [121.850713, 24.896143], [121.850708, 24.896146], [121.850703, 24.89615], [121.850698, 24.896153], [121.850693, 24.896156], [121.850687, 24.896159], [121.850682, 24.896162], [121.850677, 24.896165], [121.850672, 24.896168], [121.850666, 24.89617], [121.850661, 24.896173], [121.850655, 24.896176], [121.85065, 24.896178], [121.850645, 24.896181], [121.850641, 24.896184], [121.850636, 24.896187], [121.850632, 24.896189], [121.850627, 24.896192], [121.850622, 24.896194], [121.850618, 24.896197], [121.850613, 24.896199], [121.850608, 24.896202], [121.850603, 24.896204], [121.850598, 24.896206], [121.850593, 24.896208], [121.850588, 24.89621], [121.850583, 24.896212], [121.850578, 24.896214], [121.850573, 24.896216], [121.850568, 24.896217], [121.850563, 24.896219], [121.850557, 24.896221], [121.850552, 24.896222], [121.850547, 24.896223], [121.850542, 24.896225], [121.850536, 24.896226], [121.850531, 24.896227], [121.850525, 24.896228], [121.85052, 24.896229], [121.850515, 24.89623], [121.850509, 24.896231], [121.850504, 24.896231], [121.850498, 24.896232], [121.850493, 24.896232], [121.850488, 24.896233], [121.850482, 24.896233], [121.850477, 24.896233], [121.850471, 24.896233], [121.850466, 24.896234], [121.85046, 24.896233], [121.850455, 24.896233], [121.850449, 24.896233], [121.850444, 24.896233], [121.850438, 24.896233], [121.850433, 24.896232], [121.850427, 24.896232], [121.850422, 24.896231], [121.850416, 24.89623], [121.850411, 24.896229], [121.850406, 24.896229], [121.8504, 24.896228], [121.850248, 24.896228], [121.850243, 24.896228], [121.850229, 24.896228], [121.850214, 24.896229], [121.8502, 24.896229], [121.850186, 24.89623], [121.850172, 24.896231], [121.850158, 24.896232], [121.850144, 24.896234], [121.85013, 24.896235], [121.850116, 24.896237], [121.850102, 24.896239], [121.850088, 24.896242], [121.850074, 24.896244], [121.85006, 24.896247], [121.850047, 24.89625], [121.850033, 24.896253], [121.850019, 24.896256], [121.850006, 24.89626], [121.849992, 24.896264], [121.849979, 24.896268], [121.849965, 24.896272], [121.849952, 24.896277], [121.849939, 24.896281], [121.849926, 24.896286], [121.849913, 24.896291], [121.8499, 24.896297], [121.849887, 24.896302], [121.849875, 24.896308], [121.849862, 24.896314], [121.84985, 24.89632], [121.849837, 24.896326], [121.849825, 24.896333], [121.849824, 24.896335], [121.849823, 24.896337], [121.849821, 24.89634], [121.84982, 24.896343], [121.849818, 24.896345], [121.849816, 24.896348], [121.849815, 24.896351], [121.849813, 24.896353], [121.849811, 24.896356], [121.849809, 24.896358], [121.849808, 24.896361], [121.849806, 24.896363], [121.849804, 24.896365], [121.849802, 24.896368], [121.8498, 24.89637], [121.849798, 24.896372], [121.849795, 24.896375], [121.849793, 24.896377], [121.849791, 24.896379], [121.849789, 24.896381], [121.849786, 24.896383], [121.849784, 24.896385], [121.849782, 24.896387], [121.849779, 24.896389], [121.849777, 24.896391], [121.849774, 24.896393], [121.849772, 24.896395], [121.849769, 24.896397], [121.849767, 24.896399], [121.849764, 24.896401], [121.849761, 24.896402], [121.849758, 24.896404], [121.849756, 24.896406], [121.849753, 24.896407], [121.84975, 24.896409], [121.849747, 24.89641], [121.849744, 24.896412], [121.849742, 24.896413], [121.849739, 24.896415], [121.849736, 24.896416], [121.849733, 24.896417], [121.84973, 24.896418], [121.849727, 24.89642], [121.849724, 24.896421], [121.849721, 24.896422], [121.849718, 24.896423], [121.849715, 24.896424], [121.849711, 24.896425], [121.849708, 24.896426], [121.849705, 24.896426], [121.849702, 24.896427], [121.849699, 24.896428], [121.849696, 24.896429], [121.849692, 24.896429], [121.849689, 24.89643], [121.849686, 24.89643], [121.849683, 24.896431], [121.849679, 24.896431], [121.849676, 24.896432], [121.849673, 24.896432], [121.84967, 24.896432], [121.849669, 24.896433], [121.849664, 24.896434], [121.84966, 24.896436], [121.849656, 24.896437], [121.849652, 24.896439], [121.849647, 24.896441], [121.849643, 24.896442], [121.849639, 24.896444], [121.849635, 24.896446], [121.849631, 24.896448], [121.849627, 24.89645], [121.849623, 24.896452], [121.849619, 24.896455], [121.849615, 24.896457], [121.849611, 24.896459], [121.849607, 24.896462], [121.849603, 24.896464], [121.8496, 24.896467], [121.849596, 24.896469], [121.849592, 24.896472], [121.849589, 24.896474], [121.849585, 24.896477], [121.849582, 24.89648], [121.849578, 24.896483], [121.849575, 24.896486], [121.849572, 24.896489], [121.849568, 24.896492], [121.849565, 24.896495], [121.849562, 24.896498], [121.849559, 24.896501], [121.849556, 24.896504], [121.849553, 24.896507], [121.84955, 24.896511], [121.849547, 24.896514], [121.849544, 24.896517], [121.849542, 24.896521], [121.849539, 24.896524], [121.849536, 24.896528], [121.849534, 24.896531], [121.849532, 24.896535], [121.849529, 24.896539], [121.849527, 24.896542], [121.849525, 24.896546], [121.849522, 24.89655], [121.849516, 24.89656], [121.849505, 24.896578], [121.849493, 24.896596], [121.849481, 24.896614], [121.849469, 24.896632], [121.849456, 24.89665], [121.849443, 24.896667], [121.849434, 24.896678], [121.84942, 24.896695], [121.849405, 24.896711], [121.849389, 24.896728], [121.849374, 24.896744], [121.849358, 24.89676], [121.849342, 24.896776], [121.849325, 24.896791], [121.849308, 24.896806], [121.849308, 24.896807], [121.849303, 24.89681], [121.849298, 24.896813], [121.849293, 24.896817], [121.849288, 24.89682], [121.849283, 24.896824], [121.849279, 24.896827], [121.849274, 24.896831], [121.84927, 24.896835], [121.849265, 24.896839], [121.849261, 24.896842], [121.849256, 24.896846], [121.849252, 24.89685], [121.849248, 24.896855], [121.849244, 24.896859], [121.84924, 24.896863], [121.849236, 24.896867], [121.849232, 24.896872], [121.849229, 24.896876], [121.849225, 24.89688], [121.849222, 24.896885], [121.849218, 24.89689], [121.849215, 24.896894], [121.849211, 24.896899], [121.849208, 24.896904], [121.849205, 24.896908], [121.849202, 24.896913], [121.849199, 24.896918], [121.849196, 24.896923], [121.849194, 24.896928], [121.849191, 24.896933], [121.849188, 24.896938], [121.849186, 24.896943], [121.849184, 24.896948], [121.849181, 24.896954], [121.849179, 24.896959], [121.849177, 24.896964], [121.849175, 24.896969], [121.849173, 24.896975], [121.849173, 24.896976], [121.849167, 24.896985], [121.849161, 24.896994], [121.849156, 24.897003], [121.849151, 24.897013], [121.849146, 24.897022], [121.849141, 24.897032], [121.849136, 24.897041], [121.849132, 24.897051], [121.849127, 24.897061], [121.849123, 24.897071], [121.849119, 24.897081], [121.849115, 24.897091], [121.849112, 24.897101], [121.849108, 24.897111], [121.849105, 24.897121], [121.849102, 24.897131], [121.8491, 24.897141], [121.849097, 24.897152], [121.849094, 24.897162], [121.849092, 24.897172], [121.84909, 24.897183], [121.849088, 24.897193], [121.849087, 24.897204], [121.849085, 24.897214], [121.849084, 24.897225], [121.849083, 24.897235], [121.849082, 24.897246], [121.849082, 24.897256], [121.848884, 24.897736], [121.849299, 24.897953], [121.849303, 24.89796], [121.849308, 24.897967], [121.849312, 24.897974], [121.849317, 24.897981], [121.849321, 24.897988], [121.849325, 24.897996], [121.849329, 24.898003], [121.849333, 24.898011], [121.849336, 24.898018], [121.84934, 24.898026], [121.849343, 24.898033], [121.849346, 24.898041], [121.849349, 24.898049], [121.849352, 24.898056], [121.849355, 24.898064], [121.849358, 24.898072], [121.84936, 24.89808], [121.849362, 24.898088], [121.849365, 24.898096], [121.849367, 24.898104], [121.849368, 24.898112], [121.84937, 24.89812], [121.849372, 24.898128], [121.849373, 24.898136], [121.849374, 24.898144], [121.849375, 24.898152], [121.849376, 24.898161], [121.849377, 24.898169], [121.849378, 24.898177], [121.849378, 24.898185], [121.849378, 24.898193], [121.849379, 24.898202], [121.849379, 24.89821], [121.849378, 24.898218], [121.849378, 24.898226], [121.849378, 24.898234], [121.849377, 24.898243], [121.849376, 24.898251], [121.849375, 24.898259], [121.849374, 24.898267], [121.849373, 24.898275], [121.849371, 24.898283], [121.84937, 24.898291], [121.849355, 24.898356], [121.849342, 24.898422], [121.849328, 24.898487], [121.849315, 24.898552], [121.849303, 24.898618], [121.849303, 24.89862], [121.849302, 24.898624], [121.849301, 24.898628], [121.8493, 24.898632], [121.849299, 24.898636], [121.849299, 24.898641], [121.849298, 24.898645], [121.849298, 24.898649], [121.849297, 24.898653], [121.849297, 24.898657], [121.849297, 24.898661], [121.849297, 24.898665], [121.849297, 24.89867], [121.849297, 24.898674], [121.849297, 24.898678], [121.849297, 24.898682], [121.849297, 24.898686], [121.849297, 24.89869], [121.849298, 24.898694], [121.849298, 24.898698], [121.849299, 24.898703], [121.8493, 24.898707], [121.8493, 24.898711], [121.849301, 24.898715], [121.849302, 24.898719], [121.849303, 24.898723], [121.849304, 24.898727], [121.849305, 24.898731], [121.849306, 24.898735], [121.849308, 24.898739], [121.849309, 24.898743], [121.84931, 24.898747], [121.849312, 24.898751], [121.849313, 24.898755], [121.849315, 24.898759], [121.849317, 24.898762], [121.849319, 24.898766], [121.84932, 24.89877], [121.849322, 24.898774], [121.849324, 24.898778], [121.849326, 24.898781], [121.849329, 24.898785], [121.849331, 24.898789], [121.849333, 24.898792], [121.849335, 24.898796], [121.849338, 24.898799], [121.84934, 24.898803], [121.849343, 24.898806], [121.849345, 24.898809], [121.849348, 24.898813], [121.849351, 24.898816], [121.849354, 24.898819], [121.849357, 24.898823], [121.84936, 24.898826], [121.849363, 24.898829], [121.849366, 24.898832], [121.849369, 24.898835], [121.849372, 24.898838], [121.849375, 24.898841], [121.849378, 24.898844], [121.849382, 24.898847], [121.849385, 24.898849], [121.849389, 24.898852], [121.849392, 24.898855], [121.849396, 24.898857], [121.849399, 24.89886], [121.849403, 24.898862], [121.849407, 24.898865], [121.84941, 24.898867], [121.849414, 24.898869], [121.849418, 24.898872], [121.849422, 24.898874], [121.849426, 24.898876], [121.84943, 24.898878], [121.849434, 24.89888], [121.849438, 24.898882], [121.849442, 24.898884], [121.849446, 24.898886], [121.84945, 24.898887], [121.849454, 24.898889], [121.849458, 24.898891], [121.849462, 24.898892], [121.849467, 24.898894], [121.849471, 24.898895], [121.849475, 24.898896], [121.84948, 24.898898], [121.849484, 24.898899], [121.849684, 24.898992], [121.849651, 24.899117], [121.84956, 24.899284], [121.849557, 24.899284], [121.849545, 24.899285], [121.849533, 24.899286], [121.849521, 24.899287], [121.849509, 24.899289], [121.849497, 24.899291], [121.849485, 24.899293], [121.849473, 24.899295], [121.849461, 24.899297], [121.849449, 24.8993], [121.849437, 24.899302], [121.849425, 24.899305], [121.849414, 24.899308], [121.849402, 24.899311], [121.84939, 24.899315], [121.849379, 24.899319], [121.849367, 24.899322], [121.849356, 24.899326], [121.849345, 24.899331], [121.849334, 24.899335], [121.849322, 24.899339], [121.849311, 24.899344], [121.8493, 24.899349], [121.84929, 24.899354], [121.849279, 24.899359], [121.849268, 24.899365], [121.849258, 24.89937], [121.849247, 24.899376], [121.849237, 24.899382], [121.849227, 24.899388], [121.849217, 24.899394], [121.849207, 24.8994], [121.849197, 24.899407], [121.849187, 24.899414], [121.849177, 24.899421], [121.849168, 24.899428], [121.849159, 24.899435], [121.849149, 24.899442], [121.84914, 24.899449], [121.849132, 24.899457], [121.84913, 24.899458], [121.849128, 24.899462], [121.849125, 24.899466], [121.849123, 24.899469], [121.84912, 24.899473], [121.849118, 24.899477], [121.849116, 24.899481], [121.849113, 24.899485], [121.849111, 24.899489], [121.849109, 24.899492], [121.849107, 24.899496], [121.849105, 24.8995], [121.849103, 24.899504], [121.849101, 24.899508], [121.8491, 24.899513], [121.849098, 24.899517], [121.849097, 24.899521], [121.849095, 24.899525], [121.849094, 24.899529], [121.849092, 24.899533], [121.849091, 24.899538], [121.84909, 24.899542], [121.849089, 24.899546], [121.849088, 24.89955], [121.849087, 24.899555], [121.849086, 24.899559], [121.849086, 24.899563], [121.849085, 24.899568], [121.849084, 24.899572], [121.849084, 24.899576], [121.849084, 24.899581], [121.849083, 24.899585], [121.849083, 24.899589], [121.849083, 24.899594], [121.849083, 24.899598], [121.849083, 24.899602], [121.849083, 24.899607], [121.849083, 24.899611], [121.849083, 24.899615], [121.849084, 24.89962], [121.849084, 24.899624], [121.849085, 24.899628], [121.849085, 24.899633], [121.849086, 24.899637], [121.849087, 24.899641], [121.849088, 24.899646], [121.849088, 24.89965], [121.849089, 24.899654], [121.849091, 24.899658], [121.849092, 24.899663], [121.849093, 24.899667], [121.849094, 24.899671], [121.849096, 24.899675], [121.849097, 24.899679], [121.849099, 24.899683], [121.8491, 24.899688], [121.849102, 24.899692], [121.849104, 24.899696], [121.849106, 24.8997], [121.849108, 24.899704], [121.84911, 24.899708], [121.849112, 24.899712], [121.849114, 24.899715], [121.849116, 24.899719], [121.849119, 24.899723], [121.849121, 24.899727], [121.849124, 24.899731], [121.849126, 24.899734], [121.849129, 24.899738], [121.849131, 24.899742], [121.849134, 24.899745], [121.849137, 24.899749], [121.84914, 24.899752], [121.849143, 24.899755], [121.849146, 24.899759], [121.849149, 24.899762], [121.849152, 24.899765], [121.849155, 24.899769], [121.849159, 24.899783], [121.849165, 24.899805], [121.84917, 24.899828], [121.849175, 24.899851], [121.84918, 24.899874], [121.849184, 24.899896], [121.849187, 24.899919], [121.849191, 24.899942], [121.849193, 24.899965], [121.849196, 24.899989], [121.849197, 24.900012], [121.849199, 24.900035], [121.8492, 24.900058], [121.8492, 24.900081], [121.8492, 24.900104], [121.8492, 24.900127], [121.849199, 24.900151], [121.849198, 24.900174], [121.849197, 24.900182], [121.849196, 24.90019], [121.849195, 24.900199], [121.849194, 24.900207], [121.849192, 24.900215], [121.849191, 24.900223], [121.849189, 24.900232], [121.849187, 24.90024], [121.849185, 24.900248], [121.849182, 24.900256], [121.84918, 24.900264], [121.849177, 24.900272], [121.849175, 24.90028], [121.849172, 24.900288], [121.849169, 24.900296], [121.849166, 24.900304], [121.849162, 24.900312], [121.849159, 24.90032], [121.849155, 24.900327], [121.849151, 24.900335], [121.849148, 24.900343], [121.849143, 24.90035], [121.849139, 24.900358], [121.849135, 24.900365], [121.84913, 24.900372], [121.849126, 24.90038], [121.849121, 24.900387], [121.849116, 24.900394], [121.849111, 24.900401], [121.849106, 24.900408], [121.849101, 24.900415], [121.8491, 24.900417], [121.849098, 24.900423], [121.849096, 24.90043], [121.849095, 24.900436], [121.849093, 24.900443], [121.849092, 24.900449], [121.849091, 24.900456], [121.84909, 24.900462], [121.849089, 24.900469], [121.849088, 24.900475], [121.849088, 24.900482], [121.849087, 24.900488], [121.849087, 24.900495], [121.849086, 24.900501], [121.849086, 24.900508], [121.849086, 24.900515], [121.849086, 24.900521], [121.849086, 24.900528], [121.849087, 24.900534], [121.849087, 24.900541], [121.849088, 24.900548], [121.849088, 24.900554], [121.849089, 24.900561], [121.84909, 24.900567], [121.849091, 24.900574], [121.849092, 24.90058], [121.849094, 24.900587], [121.849095, 24.900593], [121.849097, 24.9006], [121.849099, 24.900606], [121.8491, 24.900612], [121.849102, 24.900619], [121.849104, 24.900625], [121.849107, 24.900631], [121.849109, 24.900638], [121.849111, 24.900644], [121.849114, 24.90065], [121.849116, 24.900656], [121.849119, 24.900662], [121.849122, 24.900668], [121.849125, 24.900674], [121.849128, 24.90068], [121.849131, 24.900686], [121.849135, 24.900692], [121.849138, 24.900698], [121.849142, 24.900703], [121.849146, 24.900709], [121.849149, 24.900715], [121.849153, 24.90072], [121.849157, 24.900726], [121.849161, 24.900731], [121.849166, 24.900736], [121.84917, 24.900742], [121.849174, 24.900747], [121.849179, 24.900752], [121.849183, 24.900757], [121.849188, 24.900762], [121.849193, 24.900767], [121.849198, 24.900772], [121.849203, 24.900777], [121.849208, 24.900781], [121.849213, 24.900786], [121.849218, 24.900791], [121.849224, 24.900795], [121.849226, 24.900797], [121.849228, 24.900799], [121.849231, 24.900801], [121.849233, 24.900804], [121.849236, 24.900806], [121.849238, 24.900808], [121.849241, 24.90081], [121.849244, 24.900812], [121.849246, 24.900814], [121.849249, 24.900815], [121.849252, 24.900817], [121.849255, 24.900819], [121.849258, 24.900821], [121.849261, 24.900822], [121.849263, 24.900824], [121.849266, 24.900826], [121.849269, 24.900827], [121.849272, 24.900829], [121.849275, 24.90083], [121.849279, 24.900832], [121.849282, 24.900833], [121.849285, 24.900834], [121.849288, 24.900835], [121.849291, 24.900837], [121.849294, 24.900838], [121.849297, 24.900839], [121.849301, 24.90084], [121.849304, 24.900841], [121.849307, 24.900842], [121.84931, 24.900843], [121.849314, 24.900844], [121.849317, 24.900844], [121.84932, 24.900845], [121.849324, 24.900846], [121.849327, 24.900846], [121.84933, 24.900847], [121.849334, 24.900848], [121.849337, 24.900848], [121.849341, 24.900848], [121.849344, 24.900849], [121.849347, 24.900849], [121.849351, 24.900849], [121.849354, 24.90085], [121.849358, 24.90085], [121.849361, 24.90085], [121.849364, 24.90085], [121.849368, 24.90085], [121.849371, 24.90085], [121.849375, 24.90085], [121.849375, 24.900851], [121.849376, 24.900851], [121.849377, 24.900852], [121.849377, 24.900853], [121.849378, 24.900854], [121.849379, 24.900855], [121.849379, 24.900856], [121.84938, 24.900856], [121.849381, 24.900857], [121.849381, 24.900858], [121.849382, 24.900859], [121.849383, 24.900859], [121.849383, 24.90086], [121.849384, 24.900861], [121.849385, 24.900862], [121.849386, 24.900862], [121.849387, 24.900863], [121.849387, 24.900864], [121.849388, 24.900864], [121.849389, 24.900865], [121.84939, 24.900865], [121.849391, 24.900866], [121.849392, 24.900867], [121.849393, 24.900867], [121.849393, 24.900868], [121.849394, 24.900868], [121.849395, 24.900869], [121.849396, 24.900869], [121.849397, 24.90087], [121.849398, 24.90087], [121.849399, 24.900871], [121.8494, 24.900871], [121.849401, 24.900872], [121.849402, 24.900872], [121.849403, 24.900873], [121.849404, 24.900873], [121.849405, 24.900874], [121.849406, 24.900874], [121.849407, 24.900874], [121.849408, 24.900875], [121.849409, 24.900875], [121.84941, 24.900875], [121.849411, 24.900876], [121.849412, 24.900876], [121.849413, 24.900876], [121.849414, 24.900876], [121.849415, 24.900877], [121.849416, 24.900877], [121.849418, 24.900877], [121.849419, 24.900877], [121.84942, 24.900877], [121.849421, 24.900877], [121.849422, 24.900878], [121.849423, 24.900878], [121.849424, 24.900878], [121.849425, 24.900878], [121.849426, 24.900878], [121.849427, 24.900878], [121.849428, 24.900878], [121.84943, 24.900878], [121.849431, 24.900878], [121.849432, 24.900878], [121.849433, 24.900878], [121.849434, 24.900878], [121.849435, 24.900878], [121.849436, 24.900877], [121.849437, 24.900877], [121.849438, 24.900877], [121.849439, 24.900877], [121.84944, 24.900877], [121.849441, 24.900877], [121.849443, 24.900876], [121.849444, 24.900876], [121.849445, 24.900876], [121.849446, 24.900876], [121.849447, 24.900875], [121.849448, 24.900875], [121.849449, 24.900875], [121.84945, 24.900875], [121.849451, 24.900874], [121.849452, 24.900874], [121.849453, 24.900873], [121.849454, 24.900873], [121.849455, 24.900873], [121.849456, 24.900872], [121.849457, 24.900872], [121.849458, 24.900871], [121.849459, 24.900871], [121.84946, 24.90087], [121.849461, 24.90087], [121.849462, 24.900869], [121.849463, 24.900869], [121.849464, 24.900868], [121.849465, 24.900867], [121.849466, 24.900867], [121.849467, 24.900866], [121.849468, 24.900865], [121.849469, 24.900865], [121.84947, 24.900864], [121.84947, 24.900863], [121.849471, 24.900863], [121.849472, 24.900862], [121.849473, 24.900861], [121.849474, 24.900861], [121.849474, 24.90086], [121.849475, 24.900859], [121.849476, 24.900859], [121.849477, 24.900858], [121.849477, 24.900857], [121.849478, 24.900856], [121.849479, 24.900855], [121.84948, 24.900854], [121.849481, 24.900853], [121.849481, 24.900852], [121.849571, 24.900867], [121.849572, 24.900868], [121.849575, 24.90087], [121.849577, 24.900872], [121.84958, 24.900874], [121.849582, 24.900876], [121.849585, 24.900877], [121.849587, 24.900879], [121.84959, 24.900881], [121.849592, 24.900882], [121.849595, 24.900884], [121.849598, 24.900885], [121.849601, 24.900887], [121.849603, 24.900888], [121.849606, 24.90089], [121.849609, 24.900891], [121.849612, 24.900892], [121.849614, 24.900894], [121.849617, 24.900895], [121.84962, 24.900896], [121.849623, 24.900897], [121.849626, 24.900898], [121.849629, 24.900899], [121.849632, 24.9009], [121.849635, 24.900901], [121.849638, 24.900902], [121.849641, 24.900903], [121.849644, 24.900904], [121.849647, 24.900905], [121.84965, 24.900905], [121.849653, 24.900906], [121.849656, 24.900907], [121.849659, 24.900907], [121.849662, 24.900908], [121.849666, 24.900908], [121.849669, 24.900908], [121.849672, 24.900909], [121.849675, 24.900909], [121.849678, 24.900909], [121.849681, 24.90091], [121.849684, 24.90091], [121.849688, 24.90091], [121.849691, 24.90091], [121.849694, 24.90091], [121.849697, 24.90091], [121.8497, 24.90091], [121.849703, 24.90091], [121.849706, 24.900909], [121.84971, 24.900909], [121.849713, 24.900909], [121.849716, 24.900909], [121.849719, 24.900908], [121.849722, 24.900908], [121.849725, 24.900907], [121.849728, 24.900907], [121.849731, 24.900906], [121.849735, 24.900905], [121.849878, 24.900923], [121.85013, 24.90102], [121.850115, 24.900826], [121.850081, 24.900783], [121.850076, 24.900576], [121.850127, 24.90057], [121.850128, 24.900569], [121.85013, 24.900566], [121.850133, 24.900563], [121.850136, 24.90056], [121.850139, 24.900558], [121.850142, 24.900555], [121.850145, 24.900552], [121.850148, 24.90055], [121.850151, 24.900547], [121.850154, 24.900544], [121.850157, 24.900542], [121.85016, 24.90054], [121.850163, 24.900537], [121.850167, 24.900535], [121.85017, 24.900533], [121.850174, 24.90053], [121.850177, 24.900528], [121.85018, 24.900526], [121.850184, 24.900524], [121.850187, 24.900522], [121.850191, 24.90052], [121.850195, 24.900518], [121.850198, 24.900517], [121.850202, 24.900515], [121.850206, 24.900513], [121.85021, 24.900511], [121.850213, 24.90051], [121.850217, 24.900508], [121.850221, 24.900507], [121.850225, 24.900506], [121.850229, 24.900504], [121.850233, 24.900503], [121.850237, 24.900502], [121.850241, 24.900501], [121.850245, 24.9005], [121.850249, 24.900499], [121.850253, 24.900498], [121.850257, 24.900497], [121.850261, 24.900496], [121.850265, 24.900495], [121.85027, 24.900493], [121.850275, 24.900491], [121.85028, 24.900489], [121.850286, 24.900487], [121.850291, 24.900485], [121.850296, 24.900483], [121.850301, 24.90048], [121.850306, 24.900478], [121.850311, 24.900475], [121.850315, 24.900473], [121.85032, 24.90047], [121.850325, 24.900468], [121.85033, 24.900465], [121.850334, 24.900462], [121.850339, 24.900459], [121.850343, 24.900456], [121.850348, 24.900453], [121.850352, 24.90045], [121.850357, 24.900446], [121.850361, 24.900443], [121.850365, 24.90044], [121.850369, 24.900436], [121.850373, 24.900433], [121.850377, 24.900429], [121.850381, 24.900426], [121.850385, 24.900422], [121.850389, 24.900418], [121.850393, 24.900414], [121.850396, 24.90041], [121.8504, 24.900406], [121.850404, 24.900402], [121.850407, 24.900398], [121.85041, 24.900394], [121.850414, 24.90039], [121.850417, 24.900386], [121.85042, 24.900382], [121.850423, 24.900377], [121.850426, 24.900373], [121.850429, 24.900369], [121.850432, 24.900364], [121.850434, 24.90036], [121.850437, 24.900355], [121.850439, 24.900351], [121.850442, 24.900346], [121.850444, 24.900341], [121.850447, 24.900337], [121.850451, 24.900333], [121.850461, 24.900324], [121.850472, 24.900316], [121.850483, 24.900307], [121.850494, 24.900299], [121.850505, 24.900291], [121.850516, 24.900283], [121.850528, 24.900275], [121.850539, 24.900268], [121.850551, 24.90026], [121.850563, 24.900253], [121.850575, 24.900246], [121.850587, 24.900239], [121.850599, 24.900233], [121.850612, 24.900226], [121.850624, 24.90022], [121.850637, 24.900214], [121.850649, 24.900208], [121.850662, 24.900203], [121.850688, 24.90019], [121.850749, 24.900161], [121.85081, 24.90013], [121.85087, 24.900098], [121.850929, 24.900066], [121.850988, 24.900032], [121.851045, 24.899998], [121.851143, 24.899965], [121.851239, 24.899932], [121.851336, 24.899898], [121.851432, 24.899863], [121.851527, 24.899827], [121.851705, 24.899733], [121.851881, 24.899636], [121.852055, 24.899538], [121.852228, 24.899436], [121.8524, 24.899333], [121.852401, 24.899332], [121.852402, 24.899332], [121.852404, 24.899331], [121.852405, 24.89933], [121.852406, 24.89933], [121.852408, 24.899329], [121.852409, 24.899328], [121.85241, 24.899327], [121.852412, 24.899327], [121.852413, 24.899326], [121.852414, 24.899325], [121.852416, 24.899324], [121.852417, 24.899323], [121.852418, 24.899322], [121.852419, 24.899321], [121.85242, 24.89932], [121.852422, 24.899319], [121.852423, 24.899318], [121.852424, 24.899317], [121.852425, 24.899316], [121.852426, 24.899315], [121.852427, 24.899314], [121.852428, 24.899313], [121.852429, 24.899312], [121.85243, 24.899311], [121.852431, 24.89931], [121.852432, 24.899309], [121.852433, 24.899308], [121.852434, 24.899307], [121.852435, 24.899305], [121.852436, 24.899304], [121.852437, 24.899303], [121.852438, 24.899302], [121.852438, 24.899301], [121.852439, 24.899299], [121.85244, 24.899298], [121.852441, 24.899297], [121.852441, 24.899295], [121.852442, 24.899294], [121.852443, 24.899293], [121.852443, 24.899292], [121.852444, 24.89929], [121.852445, 24.899289], [121.852445, 24.899288], [121.852446, 24.899286], [121.852446, 24.899285], [121.852447, 24.899283], [121.852447, 24.899282], [121.852448, 24.899281], [121.852448, 24.899279], [121.852448, 24.899278], [121.852449, 24.899277], [121.852449, 24.899275], [121.852449, 24.899274], [121.85245, 24.899272], [121.85245, 24.899271], [121.85245, 24.899269], [121.85245, 24.899268], [121.85245, 24.899267], [121.852451, 24.899265], [121.852451, 24.899264], [121.852451, 24.899262], [121.852451, 24.899261], [121.852451, 24.899259], [121.852451, 24.899258], [121.852451, 24.899257], [121.852451, 24.899255], [121.852451, 24.899254], [121.852451, 24.899252], [121.85245, 24.899251], [121.85245, 24.899249], [121.85245, 24.899248], [121.85245, 24.899247], [121.85245, 24.899245], [121.852449, 24.899244], [121.852449, 24.899242], [121.852449, 24.899241], [121.852448, 24.89924], [121.852448, 24.899238], [121.852448, 24.899237], [121.852447, 24.899235], [121.852447, 24.899234], [121.852446, 24.899233], [121.852446, 24.899231], [121.852445, 24.89923], [121.852445, 24.899229], [121.852444, 24.899227], [121.852443, 24.899226], [121.852443, 24.899225], [121.852442, 24.899223], [121.852417, 24.899131], [121.852416, 24.899125], [121.852414, 24.899119], [121.852413, 24.899112], [121.852412, 24.899106], [121.85241, 24.899099], [121.852409, 24.899092], [121.852408, 24.899086], [121.852408, 24.899079], [121.852407, 24.899072], [121.852407, 24.899065], [121.852406, 24.899059], [121.852406, 24.899052], [121.852406, 24.899045], [121.852406, 24.899038], [121.852406, 24.899032], [121.852406, 24.899025], [121.852406, 24.899018], [121.852407, 24.899012], [121.852408, 24.899005], [121.852408, 24.898998], [121.852409, 24.898991], [121.85241, 24.898985], [121.852411, 24.898978], [121.852413, 24.898971], [121.852414, 24.898965], [121.852416, 24.898958], [121.852417, 24.898952], [121.852419, 24.898945], [121.852421, 24.898939], [121.852423, 24.898932], [121.852425, 24.898926], [121.852427, 24.898919], [121.85243, 24.898913], [121.852432, 24.898907], [121.852435, 24.8989], [121.852438, 24.898894], [121.852441, 24.898888], [121.852444, 24.898882], [121.852447, 24.898876], [121.85245, 24.898869], [121.852453, 24.898863], [121.852457, 24.898858], [121.852459, 24.898849], [121.852461, 24.898839], [121.852464, 24.898828], [121.852467, 24.898818], [121.85247, 24.898807], [121.852473, 24.898797], [121.852477, 24.898787], [121.85248, 24.898776], [121.852484, 24.898766], [121.852488, 24.898756], [121.852493, 24.898746], [121.852497, 24.898736], [121.852502, 24.898726], [121.852507, 24.898716], [121.852512, 24.898707], [121.852517, 24.898697], [121.852522, 24.898687], [121.852528, 24.898678], [121.852534, 24.898668], [121.85254, 24.898659], [121.852546, 24.89865], [121.852552, 24.898641], [121.852558, 24.898632], [121.852565, 24.898623], [121.852572, 24.898614], [121.852579, 24.898605], [121.852586, 24.898597], [121.852593, 24.898588], [121.852601, 24.89858], [121.852608, 24.898572], [121.852616, 24.898564], [121.852624, 24.898556], [121.852632, 24.898548], [121.852641, 24.89854], [121.852649, 24.898532], [121.852657, 24.898525], [121.852666, 24.898518], [121.852675, 24.89851], [121.852684, 24.898503], [121.852693, 24.898497], [121.852702, 24.89849], [121.852712, 24.898483], [121.852721, 24.898477], [121.852731, 24.89847], [121.85274, 24.898464], [121.85275, 24.898458], [121.85276, 24.898452], [121.85277, 24.898447], [121.85278, 24.898441], [121.852791, 24.898436], [121.852801, 24.898431], [121.852811, 24.898426], [121.852634, 24.898265], [121.852632, 24.898263], [121.852626, 24.898256], [121.85262, 24.89825], [121.852613, 24.898244], [121.852607, 24.898238], [121.8526, 24.898232], [121.852593, 24.898226], [121.852586, 24.89822], [121.85258, 24.898214], [121.852572, 24.898209], [121.852565, 24.898203], [121.852558, 24.898198], [121.852551, 24.898193], [121.852543, 24.898187], [121.852536, 24.898182], [121.852528, 24.898177], [121.85252, 24.898173], [121.852512, 24.898168], [121.852504, 24.898164], [121.852496, 24.898159], [121.852488, 24.898155], [121.85248, 24.898151], [121.852472, 24.898147], [121.852463, 24.898143], [121.852455, 24.898139], [121.852446, 24.898135], [121.852438, 24.898132], [121.852429, 24.898129], [121.85242, 24.898125], [121.852412, 24.898122], [121.852403, 24.89812], [121.852394, 24.898117], [121.852385, 24.898114], [121.852376, 24.898112], [121.852367, 24.898109], [121.852358, 24.898107], [121.852349, 24.898105], [121.852347, 24.898105], [121.852339, 24.898106], [121.85233, 24.898106], [121.852322, 24.898107], [121.852313, 24.898107], [121.852305, 24.898107], [121.852296, 24.898107], [121.852288, 24.898107], [121.85228, 24.898106], [121.852271, 24.898106], [121.852263, 24.898105], [121.852254, 24.898104], [121.852246, 24.898103], [121.852238, 24.898102], [121.852229, 24.898101], [121.852227, 24.898099], [121.852224, 24.898097], [121.852221, 24.898095], [121.852219, 24.898093], [121.852216, 24.898091], [121.852214, 24.898088], [121.852211, 24.898086], [121.852209, 24.898083], [121.852207, 24.898081], [121.852204, 24.898079], [121.852202, 24.898076], [121.8522, 24.898074], [121.852198, 24.898071], [121.852195, 24.898068], [121.852193, 24.898066], [121.852191, 24.898063], [121.852189, 24.89806], [121.852187, 24.898058], [121.852186, 24.898055], [121.852184, 24.898052], [121.852182, 24.898049], [121.85218, 24.898047], [121.852179, 24.898044], [121.852177, 24.898041], [121.852176, 24.898038], [121.852174, 24.898035], [121.852173, 24.898032], [121.852171, 24.898029], [121.85217, 24.898026], [121.852169, 24.898023], [121.852168, 24.89802], [121.852166, 24.898017], [121.852165, 24.898014], [121.852164, 24.898011], [121.852163, 24.898008], [121.852162, 24.898004], [121.852162, 24.898001], [121.852161, 24.897998], [121.85216, 24.897995], [121.852159, 24.897992], [121.852159, 24.897989], [121.852158, 24.897985], [121.852158, 24.897982], [121.852157, 24.897979], [121.852157, 24.897976], [121.852157, 24.897973], [121.852157, 24.897969], [121.852156, 24.897966], [121.852156, 24.897963], [121.852156, 24.89796], [121.852156, 24.897956], [121.852156, 24.897953], [121.852156, 24.897952], [121.852154, 24.897944], [121.852151, 24.897936], [121.852148, 24.897928], [121.852146, 24.89792], [121.852143, 24.897912], [121.852139, 24.897905], [121.852136, 24.897897], [121.852133, 24.897889], [121.852129, 24.897881], [121.852125, 24.897874], [121.852121, 24.897866], [121.852117, 24.897859], [121.852113, 24.897851], [121.852109, 24.897844], [121.852104, 24.897837], [121.8521, 24.89783], [121.852095, 24.897822], [121.85209, 24.897815], [121.852085, 24.897808], [121.85208, 24.897802], [121.852075, 24.897795], [121.852069, 24.897788], [121.852064, 24.897781], [121.852058, 24.897775], [121.852052, 24.897768], [121.852047, 24.897762], [121.852041, 24.897756], [121.852034, 24.89775], [121.852028, 24.897743], [121.852022, 24.897737], [121.852015, 24.897732], [121.852009, 24.897726], [121.852002, 24.89772], [121.851995, 24.897715], [121.851988, 24.897709], [121.851981, 24.897704], [121.851974, 24.897699], [121.851967, 24.897693], [121.85196, 24.897688], [121.85195, 24.897678], [121.851932, 24.897656], [121.851915, 24.897634], [121.851898, 24.897612], [121.851881, 24.897589], [121.851865, 24.897566], [121.851849, 24.897543], [121.851833, 24.89752], [121.851818, 24.897496], [121.851818, 24.897494], [121.851818, 24.897491], [121.851818, 24.897488], [121.851817, 24.897484], [121.851817, 24.897481], [121.851817, 24.897478], [121.851816, 24.897475], [121.851816, 24.897472], [121.851815, 24.897468], [121.851814, 24.897465], [121.851814, 24.897462], [121.851813, 24.897459], [121.851812, 24.897456], [121.851811, 24.897453], [121.85181, 24.89745], [121.851809, 24.897446], [121.851808, 24.897443], [121.851807, 24.89744], [121.851806, 24.897437], [121.851805, 24.897434], [121.851803, 24.897431], [121.851802, 24.897428], [121.8518, 24.897425], [121.851799, 24.897422], [121.851797, 24.897419], [121.851796, 24.897417], [121.851794, 24.897414], [121.851792, 24.897411], [121.851791, 24.897408], [121.851789, 24.897405], [121.851787, 24.897403], [121.851785, 24.8974], [121.851783, 24.897397], [121.851781, 24.897395], [121.851779, 24.897392], [121.851777, 24.897389], [121.851775, 24.897387], [121.851773, 24.897384], [121.85177, 24.897382], [121.851768, 24.897379], [121.851766, 24.897377], [121.851763, 24.897375], [121.851761, 24.897372], [121.851758, 24.89737], [121.851756, 24.897368], [121.851753, 24.897365], [121.851751, 24.897363], [121.851748, 24.897361], [121.851745, 24.897359], [121.851742, 24.897357], [121.85174, 24.897355], [121.851737, 24.897353], [121.851734, 24.897351], [121.851731, 24.897349], [121.851728, 24.897348], [121.851725, 24.897346], [121.851722, 24.897344], [121.851719, 24.897342], [121.851716, 24.897341], [121.851713, 24.897339], [121.85171, 24.897338], [121.851707, 24.897336], [121.851704, 24.897335], [121.851696, 24.897321], [121.851684, 24.897299], [121.851671, 24.897278], [121.851658, 24.897256], [121.851644, 24.897235], [121.85163, 24.897214], [121.851616, 24.897194], [121.851615, 24.897193], [121.851614, 24.89719], [121.851613, 24.897188], [121.851612, 24.897186], [121.851611, 24.897183], [121.85161, 24.897181], [121.851609, 24.897179], [121.851608, 24.897177], [121.851606, 24.897174], [121.851605, 24.897172], [121.851604, 24.89717], [121.851602, 24.897168], [121.851601, 24.897166], [121.8516, 24.897164], [121.851598, 24.897162], [121.851596, 24.897159], [121.851595, 24.897157], [121.851593, 24.897155], [121.851592, 24.897153], [121.85159, 24.897151], [121.851588, 24.89715], [121.851586, 24.897148], [121.851585, 24.897146], [121.851583, 24.897144], [121.851581, 24.897142], [121.851579, 24.89714], [121.851577, 24.897139], [121.851575, 24.897137], [121.851573, 24.897135], [121.851571, 24.897134], [121.851569, 24.897132], [121.851567, 24.89713], [121.851565, 24.897129], [121.851563, 24.897127], [121.85156, 24.897126], [121.851558, 24.897124], [121.851556, 24.897123], [121.851554, 24.897121], [121.851549, 24.89712], [121.851542, 24.897118], [121.851535, 24.897116], [121.851528, 24.897113], [121.851521, 24.897111], [121.851514, 24.897108], [121.851508, 24.897105], [121.851501, 24.897102], [121.851494, 24.897099], [121.851488, 24.897096], [121.851481, 24.897093], [121.851475, 24.89709], [121.851468, 24.897087], [121.851462, 24.897083], [121.851455, 24.897079], [121.851449, 24.897076], [121.851443, 24.897072], [121.851437, 24.897068], [121.851431, 24.897064], [121.851425, 24.89706], [121.851419, 24.897056], [121.851413, 24.897052], [121.851408, 24.897047], [121.851402, 24.897043], [121.851397, 24.897038], [121.851391, 24.897034], [121.851347, 24.896985], [121.851303, 24.896935], [121.851302, 24.896935], [121.851297, 24.896932], [121.851293, 24.896929], [121.851288, 24.896926], [121.851283, 24.896923], [121.851278, 24.896919], [121.851273, 24.896916], [121.851269, 24.896913], [121.851264, 24.896909], [121.85126, 24.896906], [121.851255, 24.896902], [121.851251, 24.896898], [121.851247, 24.896894], [121.851243, 24.89689], [121.851239, 24.896887], [121.851234, 24.896883], [121.851231, 24.896878], [121.851227, 24.896874], [121.851223, 24.89687], [121.851219, 24.896866], [121.851215, 24.896862], [121.851212, 24.896857], [121.851208, 24.896853], [121.851205, 24.896848], [121.851202, 24.896844], [121.851199, 24.896839], [121.851195, 24.896835], [121.851192, 24.89683], [121.851189, 24.896825], [121.851187, 24.89682], [121.851184, 24.896816], [121.851181, 24.896811], [121.851179, 24.896806], [121.851176, 24.896801], [121.851174, 24.896796], [121.851169, 24.896793], [121.851164, 24.896789], [121.851159, 24.896786], [121.851154, 24.896782], [121.851149, 24.896778], [121.851144, 24.896774], [121.851139, 24.89677], [121.851134, 24.896766], [121.85113, 24.896762], [121.851125, 24.896758], [121.851121, 24.896754], [121.851116, 24.89675], [121.851112, 24.896745], [121.851108, 24.896741], [121.851104, 24.896736], [121.851099, 24.896732], [121.851095, 24.896727], [121.851092, 24.896722], [121.851088, 24.896718], [121.851084, 24.896713], [121.85108, 24.896708], [121.851077, 24.896703], [121.851082, 24.896671], [121.851092, 24.8966], [121.851101, 24.89653], [121.851108, 24.896459], [121.851114, 24.896388], [121.851119, 24.896317], [121.851154, 24.89578], [121.851109, 24.895809], [121.851107, 24.895809], [121.851105, 24.895809], [121.851103, 24.895809], [121.851101, 24.895809], [121.851099, 24.895809], [121.851097, 24.895809], [121.851095, 24.895809], [121.851093, 24.89581], [121.851091, 24.89581], [121.851089, 24.89581], [121.851088, 24.89581], [121.851086, 24.89581], [121.851084, 24.895811], [121.851082, 24.895811], [121.85108, 24.895811], [121.851078, 24.895812], [121.851076, 24.895812], [121.851074, 24.895813], [121.851072, 24.895813], [121.851071, 24.895814], [121.851069, 24.895814], [121.851067, 24.895815], [121.851065, 24.895816], [121.851063, 24.895816], [121.851062, 24.895817], [121.85106, 24.895818], [121.851058, 24.895818], [121.851056, 24.895819], [121.851055, 24.89582], [121.851053, 24.895821], [121.851051, 24.895821], [121.851049, 24.895822], [121.851048, 24.895823], [121.851046, 24.895824], [121.851044, 24.895825], [121.851043, 24.895826], [121.851041, 24.895827], [121.85104, 24.895828], [121.851038, 24.895829], [121.851037, 24.89583], [121.851035, 24.895831], [121.851034, 24.895832], [121.851032, 24.895833], [121.851031, 24.895835], [121.851029, 24.895836], [121.851028, 24.895837], [121.851026, 24.895838], [121.851025, 24.895839], [121.851024, 24.895841], [121.851022, 24.895842], [121.851021, 24.895843], [121.85102, 24.895845], [121.851013, 24.89585], [121.850998, 24.895862], [121.850984, 24.895875], [121.850969, 24.895887], [121.850955, 24.8959], [121.850941, 24.895913], [121.850928, 24.895927], [121.850915, 24.89594], [121.850901, 24.895954], [121.850889, 24.895968], [121.850876, 24.895982], [121.850875, 24.895984], [121.850871, 24.895989], [121.850868, 24.895995], [121.850864, 24.896], [121.85086, 24.896005], [121.850856, 24.896011], [121.850852, 24.896016], [121.850848, 24.896021], [121.850844, 24.896026], [121.85084, 24.896031], [121.850835, 24.896036], [121.850831, 24.896041], [121.850826, 24.896045], [121.850822, 24.89605], [121.850817, 24.896055], [121.850812, 24.896059], [121.850807, 24.896064], [121.850802, 24.896068], [121.850797, 24.896073], [121.850792, 24.896077], [121.850786, 24.896081], [121.850781, 24.896085], [121.850776, 24.896089], [121.85077, 24.896093], [121.850766, 24.896097]]]]}}, {"type": "Feature", "properties": {"zoning_id": "Z0080", "zone_label": "公墓用地", "county": "新北市", "area_ha": 1.804}, "geometry": {"type": "MultiPolygon", "coordinates": [[[[121.727176, 24.958313], [121.727175, 24.958313], [121.727173, 24.958313], [121.72717, 24.958313], [121.727167, 24.958314], [121.727164, 24.958314], [121.727162, 24.958314], [121.727161, 24.958314], [121.727159, 24.958314], [121.727158, 24.958314], [121.727156, 24.958315], [121.727153, 24.958315], [121.72715, 24.958315], [121.727147, 24.958316], [121.727145, 24.958316], [121.727144, 24.958316], [121.727142, 24.958317], [121.727139, 24.958318], [121.727136, 24.958318], [121.727134, 24.958319], [121.727133, 24.958319], [121.727131, 24.95832], [121.727128, 24.95832], [121.727125, 24.958321], [121.727123, 24.958322], [121.727122, 24.958322], [121.72712, 24.958323], [121.727117, 24.958324], [121.727115, 24.958325], [121.727114, 24.958325], [121.727112, 24.958326], [121.72711, 24.958327], [121.727109, 24.958327], [121.727107, 24.958328], [121.727104, 24.958329], [121.727102, 24.95833], [121.727099, 24.958331], [121.727099, 24.958332], [121.727097, 24.958333], [121.727094, 24.958334], [121.727092, 24.958335], [121.727092, 24.958336], [121.72709, 24.958337], [121.727089, 24.958337], [121.727087, 24.958338], [121.727085, 24.95834], [121.727083, 24.958341], [121.727082, 24.958341], [121.72708, 24.958343], [121.727078, 24.958344], [121.727076, 24.958346], [121.727075, 24.958346], [121.727074, 24.958347], [121.727073, 24.958348], [121.727071, 24.958349], [121.727069, 24.958351], [121.727067, 24.958353], [121.727065, 24.958354], [121.727065, 24.958355], [121.727063, 24.958356], [121.727061, 24.958358], [121.727059, 24.95836], [121.727057, 24.958362], [121.727055, 24.958364], [121.727053, 24.958366], [121.727048, 24.958372], [121.727044, 24.958375], [121.727039, 24.958381], [121.727035, 24.958384], [121.72703, 24.95839], [121.727026, 24.958393], [121.72702, 24.958399], [121.727017, 24.958402], [121.727011, 24.958408], [121.727007, 24.958411], [121.727001, 24.958416], [121.726997, 24.95842], [121.726991, 24.958425], [121.726987, 24.958428], [121.726981, 24.958433], [121.726977, 24.958436], [121.726971, 24.958442], [121.726967, 24.958445], [121.726961, 24.95845], [121.726957, 24.958453], [121.72695, 24.958458], [121.726946, 24.95846], [121.726939, 24.958465], [121.726935, 24.958468], [121.726929, 24.958473], [121.726925, 24.958476], [121.726918, 24.95848], [121.726914, 24.958483], [121.726907, 24.958487], [121.726903, 24.95849], [121.726895, 24.958494], [121.726891, 24.958497], [121.726884, 24.958501], [121.72688, 24.958504], [121.726873, 24.958508], [121.726868, 24.95851], [121.726861, 24.958514], [121.726857, 24.958517], [121.726849, 24.958521], [121.726845, 24.958523], [121.726838, 24.958527], [121.726833, 24.958529], [121.726826, 24.958533], [121.726821, 24.958535], [121.726814, 24.958538], [121.726809, 24.95854], [121.726801, 24.958544], [121.726797, 24.958546], [121.726789, 24.958549], [121.726785, 24.958551], [121.726777, 24.958554], [121.726772, 24.958556], [121.726764, 24.958559], [121.72676, 24.958561], [121.726752, 24.958564], [121.726747, 24.958566], [121.726739, 24.958569], [121.726734, 24.95857], [121.726726, 24.958573], [121.726722, 24.958574], [121.726714, 24.958577], [121.726709, 24.958578], [121.726701, 24.958581], [121.726696, 24.958582], [121.726688, 24.958585], [121.726683, 24.958586], [121.726675, 24.958588], [121.72667, 24.958589], [121.726662, 24.958591], [121.726657, 24.958593], [121.726648, 24.958595], [121.726644, 24.958596], [121.726635, 24.958597], [121.72663, 24.958598], [121.726622, 24.9586], [121.726617, 24.958601], [121.726609, 24.958603], [121.726604, 24.958603], [121.726595, 24.958605], [121.72659, 24.958606], [121.726582, 24.958607], [121.726577, 24.958608], [121.726568, 24.958609], [121.726561, 24.95861], [121.726553, 24.958611], [121.726545, 24.958612], [121.726537, 24.958614], [121.726529, 24.958615], [121.726521, 24.958617], [121.726514, 24.958619], [121.726506, 24.958621], [121.726498, 24.958623], [121.72649, 24.958625], [121.726483, 24.958627], [121.726475, 24.95863], [121.726468, 24.958632], [121.72646, 24.958635], [121.726453, 24.958638], [121.726445, 24.958641], [121.726438, 24.958644], [121.726431, 24.958647], [121.726424, 24.95865], [121.726417, 24.958654], [121.72641, 24.958657], [121.726403, 24.958661], [121.726396, 24.958665], [121.726389, 24.958668], [121.726382, 24.958672], [121.726375, 24.958676], [121.726369, 24.95868], [121.726362, 24.958685], [121.726356, 24.958689], [121.726349, 24.958693], [121.726343, 24.958698], [121.726337, 24.958703], [121.726331, 24.958707], [121.726325, 24.958712], [121.726319, 24.958717], [121.726313, 24.958722], [121.726307, 24.958727], [121.726302, 24.958733], [121.726296, 24.958738], [121.726291, 24.958743], [121.726285, 24.958749], [121.72628, 24.958754], [121.726275, 24.95876], [121.72627, 24.958766], [121.726265, 24.958772], [121.72626, 24.958777], [121.726256, 24.958783], [121.726251, 24.958789], [121.726247, 24.958796], [121.726242, 24.958802], [121.726238, 24.958808], [121.726234, 24.958814], [121.72623, 24.958821], [121.726224, 24.958831], [121.726215, 24.958847], [121.726208, 24.958858], [121.726199, 24.958873], [121.726193, 24.958884], [121.726185, 24.9589], [121.726179, 24.958911], [121.726171, 24.958927], [121.726165, 24.958938], [121.726157, 24.958954], [121.726152, 24.958965], [121.726144, 24.958981], [121.726139, 24.958992], [121.726132, 24.959009], [121.726127, 24.95902], [121.72612, 24.959036], [121.726115, 24.959048], [121.726108, 24.959064], [121.726104, 24.959076], [121.726097, 24.959092], [121.726093, 24.959104], [121.726087, 24.959121], [121.726083, 24.959132], [121.726077, 24.959149], [121.726073, 24.959161], [121.726068, 24.959178], [121.726064, 24.959189], [121.726059, 24.959206], [121.726055, 24.959218], [121.726051, 24.959235], [121.726048, 24.959247], [121.726043, 24.959264], [121.72604, 24.959276], [121.72604, 24.959277], [121.72604, 24.959278], [121.726039, 24.959279], [121.726039, 24.95928], [121.726039, 24.959281], [121.726039, 24.959282], [121.726039, 24.959283], [121.726038, 24.959284], [121.726038, 24.959285], [121.726038, 24.959286], [121.726038, 24.959287], [121.726038, 24.959288], [121.726038, 24.959289], [121.726038, 24.95929], [121.726038, 24.959291], [121.726037, 24.959292], [121.726037, 24.959293], [121.726037, 24.959294], [121.726037, 24.959295], [121.726037, 24.959296], [121.726037, 24.959297], [121.726037, 24.959298], [121.726037, 24.959299], [121.726037, 24.959301], [121.726037, 24.959303], [121.726037, 24.959305], [121.726037, 24.959307], [121.726037, 24.959309], [121.726038, 24.95931], [121.726038, 24.959311], [121.726038, 24.959312], [121.726038, 24.959313], [121.726038, 24.959314], [121.726038, 24.959315], [121.726038, 24.959316], [121.726038, 24.959317], [121.726039, 24.959318], [121.726039, 24.959319], [121.726039, 24.95932], [121.726039, 24.959321], [121.726039, 24.959322], [121.726039, 24.959323], [121.72604, 24.959324], [121.72604, 24.959325], [121.72604, 24.959326], [121.72604, 24.959327], [121.726041, 24.959328], [121.726041, 24.959329], [121.726041, 24.95933], [121.726041, 24.959331], [121.726042, 24.959332], [121.726042, 24.959334], [121.726043, 24.959334], [121.726043, 24.959335], [121.726043, 24.959336], [121.726044, 24.959337], [121.726044, 24.959338], [121.726045, 24.959339], [121.726045, 24.95934], [121.726045, 24.959341], [121.726046, 24.959342], [121.726046, 24.959343], [121.726047, 24.959345], [121.726048, 24.959346], [121.726048, 24.959347], [121.726049, 24.959348], [121.726049, 24.959349], [121.72605, 24.95935], [121.72605, 24.959351], [121.726051, 24.959352], [121.726052, 24.959353], [121.726052, 24.959354], [121.726053, 24.959355], [121.726053, 24.959356], [121.726054, 24.959357], [121.726054, 24.959358], [121.726055, 24.959359], [121.726056, 24.95936], [121.726056, 24.959361], [121.726057, 24.959362], [121.726057, 24.959363], [121.726058, 24.959364], [121.726059, 24.959364], [121.726059, 24.959365], [121.72606, 24.959366], [121.726061, 24.959367], [121.726062, 24.959368], [121.726062, 24.959369], [121.726063, 24.95937], [121.726064, 24.95937], [121.726065, 24.959371], [121.726065, 24.959372], [121.726066, 24.959373], [121.726066, 24.959374], [121.726067, 24.959374], [121.726068, 24.959375], [121.726069, 24.959376], [121.72607, 24.959377], [121.726071, 24.959378], [121.726072, 24.959379], [121.726073, 24.95938], [121.726074, 24.959381], [121.726075, 24.959382], [121.726076, 24.959383], [121.726077, 24.959383], [121.726078, 24.959384], [121.726078, 24.959385], [121.726079, 24.959386], [121.72608, 24.959386], [121.726081, 24.959387], [121.726082, 24.959387], [121.726083, 24.959388], [121.726083, 24.959389], [121.726084, 24.959389], [121.726085, 24.95939], [121.726086, 24.95939], [121.726087, 24.959391], [121.726088, 24.959392], [121.726089, 24.959392], [121.72609, 24.959393], [121.726091, 24.959394], [121.726092, 24.959394], [121.726093, 24.959395], [121.726094, 24.959395], [121.726095, 24.959396], [121.726096, 24.959396], [121.726097, 24.959397], [121.726098, 24.959397], [121.726099, 24.959398], [121.726101, 24.959399], [121.726102, 24.9594], [121.726103, 24.9594], [121.726104, 24.959401], [121.726105, 24.959401], [121.726106, 24.959402], [121.726107, 24.959402], [121.726108, 24.959403], [121.726109, 24.959403], [121.72611, 24.959403], [121.726111, 24.959404], [121.726112, 24.959404], [121.726113, 24.959404], [121.726114, 24.959405], [121.726115, 24.959405], [121.726116, 24.959406], [121.726117, 24.959406], [121.726118, 24.959406], [121.726119, 24.959407], [121.72612, 24.959407], [121.726121, 24.959407], [121.726122, 24.959408], [121.726123, 24.959408], [121.726124, 24.959408], [121.726125, 24.959408], [121.726126, 24.959409], [121.726127, 24.959409], [121.726128, 24.959409], [121.726129, 24.959409], [121.726131, 24.95941], [121.726133, 24.95941], [121.726135, 24.959411], [121.726136, 24.959411], [121.726137, 24.959411], [121.726138, 24.959411], [121.726139, 24.959411], [121.72614, 24.959412], [121.726141, 24.959412], [121.726142, 24.959412], [121.726143, 24.959412], [121.726144, 24.959412], [121.726145, 24.959412], [121.726146, 24.959412], [121.726147, 24.959412], [121.726148, 24.959413], [121.72615, 24.959413], [121.726152, 24.959413], [121.726153, 24.959413], [121.726154, 24.959413], [121.726155, 24.959413], [121.726156, 24.959413], [121.726157, 24.959413], [121.726158, 24.959413], [121.726163, 24.959413], [121.726166, 24.959413], [121.726171, 24.959413], [121.726173, 24.959414], [121.726178, 24.959414], [121.726181, 24.959414], [121.726186, 24.959414], [121.726188, 24.959415], [121.726193, 24.959415], [121.726196, 24.959415], [121.726201, 24.959416], [121.726203, 24.959416], [121.726208, 24.959417], [121.72621, 24.959417], [121.726215, 24.959418], [121.726218, 24.959418], [121.726223, 24.959419], [121.726225, 24.959419], [121.72623, 24.95942], [121.726232, 24.95942], [121.726238, 24.959421], [121.72624, 24.959422], [121.726245, 24.959423], [121.726247, 24.959423], [121.726252, 24.959424], [121.726254, 24.959425], [121.726259, 24.959426], [121.726262, 24.959426], [121.726267, 24.959428], [121.726269, 24.959428], [121.726274, 24.959429], [121.726276, 24.95943], [121.726281, 24.959432], [121.726283, 24.959432], [121.726288, 24.959434], [121.72629, 24.959434], [121.726295, 24.959436], [121.726297, 24.959437], [121.726302, 24.959438], [121.726304, 24.959439], [121.726309, 24.959441], [121.726311, 24.959441], [121.726316, 24.959443], [121.726318, 24.959444], [121.726323, 24.959446], [121.726325, 24.959447], [121.72633, 24.959449], [121.726332, 24.95945], [121.726336, 24.959452], [121.726338, 24.959453], [121.726343, 24.959455], [121.726345, 24.959456], [121.72635, 24.959458], [121.726352, 24.959459], [121.726356, 24.959461], [121.726358, 24.959462], [121.726363, 24.959464], [121.726365, 24.959465], [121.726369, 24.959468], [121.726371, 24.959469], [121.726376, 24.959471], [121.726378, 24.959472], [121.726382, 24.959475], [121.726384, 24.959476], [121.726388, 24.959479], [121.72639, 24.95948], [121.726394, 24.959482], [121.726396, 24.959484], [121.726401, 24.959486], [121.726402, 24.959488], [121.726407, 24.95949], [121.726408, 24.959492], [121.726413, 24.959494], [121.726414, 24.959496], [121.726418, 24.959499], [121.72642, 24.9595], [121.726424, 24.959503], [121.726426, 24.959504], [121.72643, 24.959507], [121.726432, 24.959509], [121.726436, 24.959512], [121.726437, 24.959513], [121.726441, 24.959516], [121.726443, 24.959518], [121.726447, 24.959521], [121.726448, 24.959523], [121.726452, 24.959526], [121.726454, 24.959527], [121.726457, 24.959531], [121.726459, 24.959532], [121.726462, 24.959536], [121.726464, 24.959537], [121.726467, 24.959541], [121.726469, 24.959542], [121.726472, 24.959546], [121.726474, 24.959547], [121.726477, 24.959551], [121.726479, 24.959552], [121.726482, 24.959556], [121.726484, 24.959558], [121.726487, 24.959561], [121.726488, 24.959563], [121.726491, 24.959567], [121.726493, 24.959568], [121.726496, 24.959572], [121.726497, 24.959574], [121.7265, 24.959578], [121.726502, 24.95958], [121.726504, 24.959583], [121.726506, 24.959585], [121.726509, 24.959589], [121.72651, 24.959591], [121.726513, 24.959595], [121.726514, 24.959597], [121.726517, 24.959601], [121.726518, 24.959602], [121.72652, 24.959606], [121.726522, 24.959608], [121.726524, 24.959612], [121.726525, 24.959614], [121.726528, 24.959618], [121.726529, 24.95962], [121.726531, 24.959624], [121.726532, 24.959626], [121.726535, 24.95963], [121.726536, 24.959632], [121.726538, 24.959637], [121.726539, 24.959638], [121.726541, 24.959643], [121.726542, 24.959645], [121.726544, 24.959649], [121.726545, 24.959651], [121.726547, 24.959655], [121.726548, 24.959657], [121.72655, 24.959662], [121.726551, 24.959664], [121.726552, 24.959668], [121.726553, 24.95967], [121.726555, 24.959674], [121.726556, 24.959676], [121.726557, 24.959681], [121.726558, 24.959683], [121.72656, 24.959687], [121.72656, 24.959689], [121.726562, 24.959694], [121.727315, 24.959739], [121.727317, 24.959731], [121.727317, 24.95973], [121.727319, 24.959722], [121.727319, 24.959721], [121.727322, 24.959713], [121.727322, 24.959712], [121.727324, 24.959704], [121.727325, 24.959703], [121.727327, 24.959695], [121.727328, 24.959694], [121.72733, 24.959687], [121.727331, 24.959685], [121.727334, 24.959678], [121.727334, 24.959677], [121.727337, 24.959669], [121.727337, 24.959668], [121.72734, 24.95966], [121.727341, 24.959659], [121.727344, 24.959652], [121.727345, 24.95965], [121.727348, 24.959643], [121.727349, 24.959642], [121.727352, 24.959635], [121.727353, 24.959633], [121.727356, 24.959626], [121.727357, 24.959625], [121.727361, 24.959618], [121.727361, 24.959617], [121.727365, 24.959609], [121.727366, 24.959608], [121.72737, 24.959601], [121.727371, 24.9596], [121.727375, 24.959593], [121.727376, 24.959592], [121.72738, 24.959585], [121.727381, 24.959584], [121.727385, 24.959577], [121.727386, 24.959576], [121.72739, 24.959569], [121.727391, 24.959568], [121.727396, 24.959561], [121.727397, 24.95956], [121.727401, 24.959553], [121.727402, 24.959552], [121.727407, 24.959546], [121.727408, 24.959545], [121.727413, 24.959538], [121.727414, 24.959537], [121.727419, 24.959531], [121.72742, 24.95953], [121.727425, 24.959523], [121.727426, 24.959522], [121.727432, 24.959516], [121.727433, 24.959515], [121.727438, 24.959509], [121.727439, 24.959508], [121.727445, 24.959502], [121.727446, 24.959501], [121.727452, 24.959495], [121.727452, 24.959494], [121.727458, 24.959488], [121.727459, 24.959487], [121.727465, 24.959481], [121.727466, 24.95948], [121.727473, 24.959475], [121.727474, 24.959474], [121.72748, 24.959468], [121.727481, 24.959467], [121.727487, 24.959462], [121.727488, 24.959461], [121.727495, 24.959456], [121.727496, 24.959455], [121.727502, 24.959449], [121.727503, 24.959449], [121.72751, 24.959443], [121.727511, 24.959443], [121.727518, 24.959437], [121.727519, 24.959437], [121.727526, 24.959432], [121.727527, 24.959431], [121.727534, 24.959426], [121.727535, 24.959425], [121.727542, 24.959421], [121.727543, 24.95942], [121.72755, 24.959415], [121.727552, 24.959414], [121.727559, 24.95941], [121.72756, 24.959409], [121.727567, 24.959405], [121.727568, 24.959404], [121.727576, 24.9594], [121.727577, 24.959399], [121.727585, 24.959395], [121.727586, 24.959394], [121.727593, 24.95939], [121.727595, 24.95939], [121.727602, 24.959386], [121.727603, 24.959385], [121.727611, 24.959381], [121.727612, 24.959381], [121.72762, 24.959377], [121.727621, 24.959376], [121.727629, 24.959373], [121.727897, 24.959257], [121.727898, 24.959257], [121.727899, 24.959256], [121.7279, 24.959256], [121.727901, 24.959255], [121.727902, 24.959255], [121.727903, 24.959255], [121.727904, 24.959254], [121.727905, 24.959254], [121.727905, 24.959253], [121.727906, 24.959253], [121.727907, 24.959252], [121.727908, 24.959252], [121.727909, 24.959251], [121.72791, 24.959251], [121.727911, 24.95925], [121.727912, 24.95925], [121.727912, 24.959249], [121.727913, 24.959249], [121.727914, 24.959248], [121.727915, 24.959248], [121.727916, 24.959247], [121.727917, 24.959247], [121.727917, 24.959246], [121.727918, 24.959246], [121.727919, 24.959245], [121.72792, 24.959244], [121.727921, 24.959243], [121.727922, 24.959243], [121.727923, 24.959242], [121.727924, 24.959242], [121.727924, 24.959241], [121.727925, 24.95924], [121.727926, 24.95924], [121.727927, 24.959239], [121.727927, 24.959238], [121.727928, 24.959238], [121.727929, 24.959237], [121.72793, 24.959236], [121.727931, 24.959235], [121.727932, 24.959234], [121.727933, 24.959233], [121.727934, 24.959233], [121.727934, 24.959232], [121.727935, 24.959231], [121.727936, 24.95923], [121.727937, 24.959229], [121.727938, 24.959228], [121.727939, 24.959227], [121.72794, 24.959226], [121.72794, 24.959225], [121.727941, 24.959225], [121.727941, 24.959224], [121.727942, 24.959223], [121.727943, 24.959223], [121.727943, 24.959222], [121.727944, 24.959221], [121.727944, 24.95922], [121.727945, 24.959219], [121.727946, 24.959219], [121.727946, 24.959218], [121.727947, 24.959217], [121.727947, 24.959216], [121.727948, 24.959215], [121.727949, 24.959214], [121.727949, 24.959213], [121.72795, 24.959212], [121.727951, 24.959211], [121.727951, 24.95921], [121.727952, 24.959209], [121.727952, 24.959208], [121.727952, 24.959207], [121.727953, 24.959207], [121.727953, 24.959206], [121.727954, 24.959205], [121.727954, 24.959204], [121.727954, 24.959203], [121.727955, 24.959202], [121.727956, 24.9592], [121.727956, 24.959199], [121.727957, 24.959198], [121.727957, 24.959197], [121.727957, 24.959196], [121.727958, 24.959195], [121.727958, 24.959194], [121.727959, 24.959193], [121.727959, 24.959192], [121.727959, 24.959191], [121.72796, 24.95919], [121.72796, 24.959189], [121.72796, 24.959188], [121.727961, 24.959186], [121.727961, 24.959185], [121.727961, 24.959184], [121.727961, 24.959183], [121.727962, 24.959182], [121.727962, 24.959181], [121.727962, 24.95918], [121.727962, 24.959179], [121.727962, 24.959178], [121.727963, 24.959177], [121.727963, 24.959176], [121.727963, 24.959175], [121.727963, 24.959174], [121.727963, 24.959173], [121.727963, 24.959172], [121.727963, 24.959171], [121.727963, 24.95917], [121.727964, 24.959169], [121.727964, 24.959168], [121.727964, 24.959167], [121.727964, 24.959166], [121.727964, 24.959165], [121.727964, 24.959164], [121.727964, 24.959163], [121.727964, 24.959162], [121.727964, 24.959161], [121.727964, 24.95916], [121.727964, 24.959159], [121.727964, 24.959158], [121.727964, 24.959157], [121.727964, 24.959156], [121.727964, 24.959155], [121.727964, 24.959153], [121.727963, 24.959153], [121.727963, 24.959152], [121.727963, 24.959151], [121.727963, 24.95915], [121.727963, 24.959149], [121.727963, 24.959148], [121.727963, 24.959147], [121.727963, 24.959146], [121.727963, 24.959145], [121.727962, 24.959144], [121.727962, 24.959142], [121.727962, 24.959141], [121.727961, 24.95914], [121.727961, 24.959139], [121.727961, 24.959138], [121.727961, 24.959137], [121.727961, 24.959136], [121.72796, 24.959135], [121.72796, 24.959133], [121.727959, 24.959132], [121.727959, 24.959131], [121.727959, 24.95913], [121.727958, 24.959129], [121.727958, 24.959128], [121.727958, 24.959127], [121.727957, 24.959126], [121.727957, 24.959125], [121.727956, 24.959124], [121.727956, 24.959123], [121.727956, 24.959122], [121.727955, 24.959121], [121.727954, 24.95912], [121.727954, 24.959119], [121.727954, 24.959118], [121.727953, 24.959117], [121.727953, 24.959116], [121.727952, 24.959115], [121.727951, 24.959114], [121.727951, 24.959113], [121.727951, 24.959112], [121.72795, 24.959111], [121.727949, 24.95911], [121.727949, 24.959109], [121.727948, 24.959108], [121.727948, 24.959107], [121.727947, 24.959106], [121.727946, 24.959105], [121.727945, 24.959104], [121.727945, 24.959103], [121.727944, 24.959103], [121.727944, 24.959102], [121.727943, 24.959101], [121.727943, 24.9591], [121.727942, 24.9591], [121.727941, 24.959099], [121.727941, 24.959098], [121.72794, 24.959097], [121.727939, 24.959096], [121.727938, 24.959095], [121.727938, 24.959094], [121.727937, 24.959094], [121.727936, 24.959093], [121.727936, 24.959092], [121.727935, 24.959092], [121.727934, 24.959091], [121.727934, 24.95909], [121.727933, 24.95909], [121.727932, 24.959089], [121.727932, 24.959088], [121.727931, 24.959087], [121.72793, 24.959087], [121.727929, 24.959086], [121.727928, 24.959085], [121.727927, 24.959084], [121.727926, 24.959084], [121.727926, 24.959083], [121.727925, 24.959082], [121.727924, 24.959082], [121.727923, 24.959081], [121.727922, 24.95908], [121.727921, 24.95908], [121.72792, 24.959079], [121.72792, 24.959078], [121.727919, 24.959078], [121.727918, 24.959077], [121.727917, 24.959077], [121.727916, 24.959076], [121.727916, 24.959075], [121.727915, 24.959075], [121.727914, 24.959074], [121.727913, 24.959074], [121.727912, 24.959073], [121.727911, 24.959073], [121.72791, 24.959072], [121.727909, 24.959071], [121.727908, 24.959071], [121.727907, 24.95907], [121.727906, 24.95907], [121.727905, 24.959069], [121.727904, 24.959069], [121.727903, 24.959068], [121.727902, 24.959068], [121.727901, 24.959067], [121.7279, 24.959067], [121.727899, 24.959067], [121.727898, 24.959066], [121.727897, 24.959066], [121.727896, 24.959065], [121.727894, 24.959065], [121.727894, 24.959064], [121.727893, 24.959064], [121.727892, 24.959064], [121.727891, 24.959063], [121.72789, 24.959063], [121.727889, 24.959062], [121.727888, 24.959062], [121.727887, 24.959062], [121.727886, 24.959062], [121.727885, 24.959061], [121.727884, 24.959061], [121.727883, 24.959061], [121.727882, 24.95906], [121.727881, 24.95906], [121.72788, 24.95906], [121.727879, 24.95906], [121.727878, 24.959059], [121.727877, 24.959059], [121.727876, 24.959059], [121.727875, 24.959059], [121.727874, 24.959058], [121.727873, 24.959058], [121.727872, 24.959058], [121.727871, 24.959058], [121.727869, 24.959057], [121.727867, 24.959057], [121.727865, 24.959057], [121.727863, 24.959057], [121.727863, 24.959056], [121.727861, 24.959056], [121.727859, 24.959056], [121.727858, 24.959056], [121.727857, 24.959056], [121.727856, 24.959056], [121.727855, 24.959056], [121.727854, 24.959056], [121.727693, 24.959002], [121.727688, 24.959], [121.727686, 24.959], [121.727681, 24.958998], [121.727679, 24.958997], [121.727674, 24.958995], [121.727672, 24.958995], [121.727668, 24.958993], [121.727666, 24.958992], [121.727661, 24.95899], [121.727659, 24.958989], [121.727654, 24.958987], [121.727653, 24.958987], [121.727648, 24.958984], [121.727646, 24.958984], [121.727641, 24.958981], [121.727639, 24.95898], [121.727635, 24.958978], [121.727633, 24.958977], [121.727628, 24.958975], [121.727627, 24.958974], [121.727622, 24.958972], [121.72762, 24.958971], [121.727616, 24.958968], [121.727614, 24.958967], [121.72761, 24.958965], [121.727608, 24.958964], [121.727604, 24.958961], [121.727602, 24.95896], [121.727598, 24.958957], [121.727596, 24.958956], [121.727592, 24.958953], [121.72759, 24.958952], [121.727586, 24.958949], [121.727584, 24.958948], [121.72758, 24.958945], [121.727578, 24.958944], [121.727574, 24.958941], [121.727573, 24.95894], [121.727568, 24.958937], [121.727567, 24.958936], [121.727563, 24.958933], [121.727561, 24.958932], [121.727557, 24.958928], [121.727556, 24.958927], [121.727552, 24.958924], [121.727551, 24.958923], [121.727547, 24.958919], [121.727545, 24.958918], [121.727541, 24.958915], [121.72754, 24.958913], [121.727536, 24.95891], [121.727535, 24.958909], [121.727531, 24.958905], [121.72753, 24.958904], [121.727526, 24.9589], [121.727525, 24.958899], [121.727521, 24.958895], [121.72752, 24.958894], [121.727517, 24.95889], [121.727515, 24.958889], [121.727512, 24.958885], [121.727511, 24.958884], [121.727507, 24.95888], [121.727506, 24.958878], [121.727503, 24.958875], [121.727502, 24.958873], [121.727499, 24.958869], [121.727497, 24.958868], [121.727494, 24.958864], [121.727493, 24.958862], [121.72749, 24.958858], [121.727489, 24.958857], [121.727486, 24.958853], [121.727485, 24.958851], [121.727482, 24.958847], [121.727481, 24.958846], [121.727478, 24.958842], [121.727477, 24.95884], [121.727475, 24.958836], [121.727474, 24.958834], [121.727471, 24.95883], [121.72747, 24.958829], [121.727467, 24.958824], [121.727466, 24.958823], [121.727464, 24.958818], [121.727463, 24.958817], [121.727461, 24.958812], [121.72746, 24.958811], [121.727458, 24.958806], [121.727457, 24.958805], [121.727454, 24.9588], [121.727454, 24.958799], [121.727452, 24.958794], [121.727451, 24.958793], [121.727449, 24.958788], [121.727448, 24.958786], [121.727446, 24.958782], [121.727445, 24.95878], [121.727443, 24.958776], [121.727443, 24.958774], [121.727441, 24.958769], [121.72744, 24.958768], [121.727439, 24.958763], [121.727438, 24.958761], [121.727436, 24.958757], [121.727436, 24.958755], [121.727434, 24.95875], [121.727434, 24.958749], [121.727432, 24.958744], [121.727432, 24.958742], [121.72743, 24.958738], [121.72743, 24.958736], [121.727429, 24.958731], [121.727428, 24.958729], [121.727427, 24.958725], [121.727427, 24.958723], [121.727426, 24.958718], [121.727425, 24.958716], [121.727424, 24.958712], [121.727334, 24.958422], [121.727334, 24.958419], [121.727333, 24.958417], [121.727332, 24.958415], [121.727332, 24.958414], [121.727331, 24.958412], [121.72733, 24.95841], [121.72733, 24.958409], [121.727329, 24.958407], [121.727328, 24.958405], [121.727328, 24.958404], [121.727327, 24.958402], [121.727326, 24.9584], [121.727325, 24.958398], [121.727324, 24.958397], [121.727323, 24.958395], [121.727322, 24.958393], [121.727321, 24.958391], [121.727321, 24.95839], [121.727319, 24.958388], [121.727318, 24.958386], [121.727316, 24.958384], [121.727315, 24.958382], [121.727313, 24.95838], [121.727313, 24.958379], [121.727312, 24.958378], [121.727312, 24.958377], [121.72731, 24.958375], [121.727308, 24.958373], [121.727307, 24.958371], [121.727306, 24.958371], [121.727305, 24.958369], [121.727303, 24.958367], [121.727301, 24.958365], [121.727299, 24.958363], [121.727298, 24.958361], [121.727297, 24.958361], [121.727296, 24.958359], [121.727295, 24.958359], [121.727294, 24.958358], [121.727293, 24.958357], [121.727292, 24.958356], [121.727291, 24.958355], [121.72729, 24.958354], [121.727289, 24.958354], [121.727287, 24.958352], [121.727285, 24.95835], [121.727283, 24.958349], [121.727281, 24.958347], [121.727279, 24.958345], [121.727278, 24.958345], [121.727277, 24.958344], [121.727276, 24.958344], [121.727274, 24.958342], [121.727272, 24.958341], [121.72727, 24.958339], [121.727269, 24.958339], [121.727267, 24.958338], [121.727265, 24.958336], [121.727262, 24.958335], [121.72726, 24.958334], [121.727258, 24.958332], [121.727257, 24.958332], [121.727255, 24.958331], [121.727253, 24.95833], [121.727252, 24.95833], [121.72725, 24.958329], [121.727247, 24.958328], [121.727245, 24.958327], [121.727245, 24.958326], [121.727242, 24.958326], [121.727242, 24.958325], [121.72724, 24.958325], [121.727239, 24.958324], [121.727237, 24.958324], [121.727237, 24.958323], [121.727234, 24.958323], [121.727232, 24.958322], [121.727231, 24.958322], [121.727229, 24.958321], [121.727226, 24.95832], [121.727224, 24.958319], [121.727223, 24.958319], [121.727221, 24.958319], [121.72722, 24.958319], [121.727218, 24.958318], [121.727215, 24.958317], [121.727212, 24.958317], [121.72721, 24.958316], [121.727209, 24.958316], [121.727207, 24.958316], [121.727204, 24.958315], [121.727201, 24.958315], [121.727198, 24.958315], [121.727196, 24.958314], [121.727195, 24.958314], [121.727193, 24.958314], [121.727192, 24.958314], [121.72719, 24.958314], [121.727187, 24.958314], [121.727184, 24.958313], [121.727181, 24.958313], [121.727179, 24.958313], [121.727178, 24.958313], [121.727176, 24.958313]]]]}}, {"type": "Feature", "properties": {"zoning_id": "Z0081", "zone_label": "公墓用地", "county": "新北市", "area_ha": 15.427}, "geometry": {"type": "MultiPolygon", "coordinates": [[[[121.649899, 24.943728], [121.65014, 24.943739], [121.650286, 24.943699], [121.650524, 24.943586], [121.650653, 24.943505], [121.650867, 24.943425], [121.650914, 24.94329], [121.651021, 24.943213], [121.651045, 24.943217], [121.651043, 24.943368], [121.651079, 24.943486], [121.651082, 24.94351], [121.651128, 24.943607], [121.651158, 24.943479], [121.651201, 24.943353], [121.651223, 24.943359], [121.651244, 24.943414], [121.651309, 24.943529], [121.651344, 24.943575], [121.651435, 24.943671], [121.651436, 24.943445], [121.651446, 24.943434], [121.651472, 24.943441], [121.651529, 24.943541], [121.651659, 24.943687], [121.651677, 24.943686], [121.651692, 24.94361], [121.651751, 24.943513], [121.651733, 24.94338], [121.651867, 24.943344], [121.651896, 24.943336], [121.651982, 24.943348], [121.652162, 24.943286], [121.652213, 24.94324], [121.652329, 24.943031], [121.652334, 24.943022], [121.652335, 24.943022], [121.652384, 24.942936], [121.652462, 24.94288], [121.652626, 24.942891], [121.652732, 24.942887], [121.652757, 24.942872], [121.652776, 24.94292], [121.652734, 24.942994], [121.652746, 24.943021], [121.652748, 24.943021], [121.65275, 24.943021], [121.652774, 24.943072], [121.652775, 24.943074], [121.652788, 24.943206], [121.652853, 24.943238], [121.6529, 24.943262], [121.65299, 24.943283], [121.653018, 24.943226], [121.653094, 24.943218], [121.653174, 24.943242], [121.653217, 24.943275], [121.653251, 24.943282], [121.65326, 24.943276], [121.653254, 24.943264], [121.653181, 24.94324], [121.653106, 24.943153], [121.653089, 24.943082], [121.653088, 24.943026], [121.653082, 24.943026], [121.653102, 24.942995], [121.653366, 24.942935], [121.653447, 24.942941], [121.653428, 24.943024], [121.65343, 24.943024], [121.653399, 24.94315], [121.653351, 24.943194], [121.653325, 24.94324], [121.6533, 24.943267], [121.65332, 24.943293], [121.653435, 24.943164], [121.653515, 24.943129], [121.653532, 24.943057], [121.653538, 24.943032], [121.65354, 24.943028], [121.653537, 24.943028], [121.65354, 24.943023], [121.653566, 24.942978], [121.653567, 24.942975], [121.65357, 24.942969], [121.653701, 24.942857], [121.653796, 24.942696], [121.653847, 24.942661], [121.653869, 24.942633], [121.653892, 24.942544], [121.653893, 24.942544], [121.653926, 24.942502], [121.653928, 24.942454], [121.653909, 24.942409], [121.653921, 24.942318], [121.65384, 24.942245], [121.653733, 24.942211], [121.653739, 24.942199], [121.653734, 24.94215], [121.653734, 24.942135], [121.653732, 24.942062], [121.653751, 24.942028], [121.653809, 24.941994], [121.653833, 24.941992], [121.653884, 24.941947], [121.653887, 24.941912], [121.65392, 24.94191], [121.653926, 24.941861], [121.653949, 24.941793], [121.653992, 24.941736], [121.654007, 24.941647], [121.654024, 24.941643], [121.654017, 24.941623], [121.654056, 24.94156], [121.654086, 24.941525], [121.654118, 24.941517], [121.654124, 24.941568], [121.654108, 24.941611], [121.654067, 24.941631], [121.654059, 24.941651], [121.654048, 24.941655], [121.654063, 24.941702], [121.654089, 24.941746], [121.654134, 24.941688], [121.654175, 24.941628], [121.654257, 24.941545], [121.65426, 24.941534], [121.654344, 24.941358], [121.65437, 24.941125], [121.654507, 24.940963], [121.654637, 24.940899], [121.654757, 24.940862], [121.654963, 24.940758], [121.655112, 24.94053], [121.655128, 24.940511], [121.655253, 24.940414], [121.655193, 24.940352], [121.655283, 24.940272], [121.655303, 24.940248], [121.655359, 24.940217], [121.655379, 24.940219], [121.655393, 24.940237], [121.655591, 24.940146], [121.655658, 24.940035], [121.655658, 24.940057], [121.655696, 24.939992], [121.655835, 24.939893], [121.65587, 24.939816], [121.655965, 24.939705], [121.656185, 24.939693], [121.656176, 24.939654], [121.656266, 24.939554], [121.656262, 24.939482], [121.656353, 24.939396], [121.65639, 24.93939], [121.656427, 24.939391], [121.656511, 24.93934], [121.656675, 24.939398], [121.656674, 24.939382], [121.65689, 24.939303], [121.657028, 24.939266], [121.657032, 24.939303], [121.657107, 24.939272], [121.657157, 24.939286], [121.657202, 24.939283], [121.657255, 24.939231], [121.657411, 24.939208], [121.657471, 24.939227], [121.657474, 24.939242], [121.657524, 24.939251], [121.65762, 24.939359], [121.657781, 24.939236], [121.657791, 24.939246], [121.657822, 24.939234], [121.657821, 24.939233], [121.657958, 24.939193], [121.657985, 24.939185], [121.658127, 24.939144], [121.658304, 24.939175], [121.658338, 24.939171], [121.658339, 24.93917], [121.658325, 24.939164], [121.658322, 24.939155], [121.658322, 24.939154], [121.658237, 24.939039], [121.658212, 24.939015], [121.658184, 24.938994], [121.658048, 24.938953], [121.657979, 24.938953], [121.657962, 24.938953], [121.657896, 24.938935], [121.657777, 24.93892], [121.657775, 24.93892], [121.657718, 24.938943], [121.657612, 24.93895], [121.657519, 24.93893], [121.657462, 24.938938], [121.657269, 24.9389], [121.657229, 24.938873], [121.657112, 24.938871], [121.657025, 24.938932], [121.656986, 24.938917], [121.656804, 24.938785], [121.656596, 24.938915], [121.656555, 24.938921], [121.65651, 24.93891], [121.656463, 24.938883], [121.656402, 24.938796], [121.656369, 24.938781], [121.656332, 24.938777], [121.656251, 24.938781], [121.656194, 24.938889], [121.656097, 24.938886], [121.656054, 24.938904], [121.655994, 24.939015], [121.65596, 24.939045], [121.655929, 24.939051], [121.655842, 24.939052], [121.655799, 24.939053], [121.655715, 24.939136], [121.655675, 24.939137], [121.655654, 24.939144], [121.655653, 24.939144], [121.655653, 24.939147], [121.655653, 24.939148], [121.655626, 24.939159], [121.655617, 24.939163], [121.655616, 24.939164], [121.655548, 24.939143], [121.65545, 24.939158], [121.655393, 24.939128], [121.655312, 24.939111], [121.655311, 24.939111], [121.655095, 24.939225], [121.655002, 24.939238], [121.655001, 24.939238], [121.654971, 24.93927], [121.654963, 24.939353], [121.654906, 24.939414], [121.654828, 24.939428], [121.654634, 24.939411], [121.654558, 24.939383], [121.654462, 24.939394], [121.65446, 24.939394], [121.654422, 24.939426], [121.654386, 24.939443], [121.654294, 24.939441], [121.654182, 24.93939], [121.654123, 24.939403], [121.65409, 24.939462], [121.654009, 24.939518], [121.65389, 24.939624], [121.653839, 24.939721], [121.653853, 24.93984], [121.653845, 24.939872], [121.653715, 24.939952], [121.653661, 24.939978], [121.653605, 24.939998], [121.653542, 24.94006], [121.653528, 24.940109], [121.653515, 24.940132], [121.653472, 24.940141], [121.653471, 24.940141], [121.653232, 24.940076], [121.653059, 24.939915], [121.652893, 24.939907], [121.652843, 24.939908], [121.652842, 24.939908], [121.652781, 24.939935], [121.652737, 24.939999], [121.652537, 24.940123], [121.652484, 24.940174], [121.652469, 24.940188], [121.652511, 24.940239], [121.652519, 24.940302], [121.652542, 24.940339], [121.652553, 24.940402], [121.65246, 24.940585], [121.652444, 24.940679], [121.652401, 24.940754], [121.652401, 24.94087], [121.652372, 24.940951], [121.652343, 24.941091], [121.652312, 24.941121], [121.65217, 24.941129], [121.652107, 24.941117], [121.651944, 24.941168], [121.651866, 24.941203], [121.651855, 24.941203], [121.651699, 24.941202], [121.651624, 24.941228], [121.651571, 24.941283], [121.651475, 24.941352], [121.651431, 24.941439], [121.651295, 24.941449], [121.651275, 24.941513], [121.651274, 24.941571], [121.651254, 24.941659], [121.651273, 24.941739], [121.651297, 24.941747], [121.651316, 24.941788], [121.6513, 24.941841], [121.65119, 24.941908], [121.651176, 24.941912], [121.651081, 24.941925], [121.65108, 24.941925], [121.651042, 24.941947], [121.650949, 24.941988], [121.650852, 24.942046], [121.650746, 24.942062], [121.650464, 24.941963], [121.650423, 24.941969], [121.650324, 24.942077], [121.650289, 24.942087], [121.650261, 24.942076], [121.650174, 24.941927], [121.650142, 24.941918], [121.650091, 24.941941], [121.649931, 24.941956], [121.649711, 24.941918], [121.649553, 24.941962], [121.649537, 24.941975], [121.649488, 24.942017], [121.649489, 24.942018], [121.649637, 24.942059], [121.649805, 24.942223], [121.649853, 24.94231], [121.649867, 24.94236], [121.649825, 24.942418], [121.649699, 24.942512], [121.649548, 24.942542], [121.649472, 24.94263], [121.64939, 24.942684], [121.649223, 24.942755], [121.649267, 24.942823], [121.649281, 24.942868], [121.649259, 24.94293], [121.64923, 24.942962], [121.649201, 24.943045], [121.649209, 24.943045], [121.649208, 24.943051], [121.649157, 24.943213], [121.649112, 24.943292], [121.64918, 24.943508], [121.649242, 24.943586], [121.649242, 24.943648], [121.649225, 24.943701], [121.649227, 24.943704], [121.649228, 24.943708], [121.649233, 24.94372], [121.649234, 24.94372], [121.649537, 24.943652], [121.649596, 24.943698], [121.64987, 24.943749], [121.649876, 24.943745], [121.649899, 24.943728]]]]}}, {"type": "Feature", "properties": {"zoning_id": "Z0082", "zone_label": "公墓用地", "county": "新北市", "area_ha": 0.054}, "geometry": {"type": "MultiPolygon", "coordinates": [[[[121.649596, 24.943698], [121.649537, 24.943652], [121.649234, 24.94372], [121.64925, 24.943758], [121.649369, 24.943711], [121.649411, 24.943747], [121.649464, 24.94374], [121.649607, 24.943823], [121.649727, 24.943829], [121.6498, 24.9438], [121.64987, 24.943749], [121.649596, 24.943698]]]]}}, {"type": "Feature", "properties": {"zoning_id": "Z0083", "zone_label": "公墓用地", "county": "新北市", "area_ha": 2.04}, "geometry": {"type": "MultiPolygon", "coordinates": [[[[121.738058, 24.926689], [121.738373, 24.92673], [121.738782, 24.926762], [121.738903, 24.92668], [121.739083, 24.926476], [121.739075, 24.926377], [121.73907, 24.9263], [121.739034, 24.925807], [121.738764, 24.925238], [121.738741, 24.92519], [121.738696, 24.925177], [121.738531, 24.925128], [121.737999, 24.925271], [121.737858, 24.925535], [121.737633, 24.925748], [121.737563, 24.925853], [121.737561, 24.925994], [121.737599, 24.926084], [121.737829, 24.926366], [121.737951, 24.926598], [121.738025, 24.926684], [121.738058, 24.926689]]]]}}, {"type": "Feature", "properties": {"zoning_id": "Z0084", "zone_label": "公墓用地", "county": "新北市", "area_ha": 0.637}, "geometry": {"type": "MultiPolygon", "coordinates": [[[[121.564779, 24.855793], [121.564781, 24.855794], [121.564783, 24.855794], [121.564785, 24.855795], [121.564787, 24.855795], [121.564789, 24.855796], [121.564791, 24.855796], [121.564793, 24.855797], [121.564794, 24.855797], [121.564796, 24.855798], [121.564798, 24.855798], [121.5648, 24.855798], [121.564802, 24.855799], [121.564804, 24.855799], [121.564806, 24.8558], [121.564808, 24.8558], [121.56481, 24.855801], [121.564812, 24.855801], [121.564814, 24.855801], [121.564816, 24.855802], [121.564818, 24.855802], [121.56482, 24.855803], [121.564822, 24.855797], [121.564826, 24.855788], [121.565038, 24.855339], [121.565044, 24.855327], [121.565211, 24.854972], [121.565172, 24.854956], [121.56516, 24.854984], [121.564514, 24.854689], [121.564255, 24.855141], [121.564168, 24.855289], [121.564222, 24.855315], [121.564719, 24.855557], [121.564735, 24.855606], [121.564729, 24.855604], [121.564774, 24.855774], [121.564779, 24.855793]]]]}}, {"type": "Feature", "properties": {"zoning_id": "Z0085", "zone_label": "公墓用地", "county": "新北市", "area_ha": 0.483}, "geometry": {"type": "MultiPolygon", "coordinates": [[[[121.501611, 24.802707], [121.50162, 24.803329], [121.502284, 24.803343], [121.502317, 24.802705], [121.501611, 24.802707]]]]}}, {"type": "Feature", "properties": {"zoning_id": "Z0086", "zone_label": "公墓用地", "county": "新北市", "area_ha": 0.374}, "geometry": {"type": "MultiPolygon", "coordinates": [[[[121.495117, 24.776433], [121.495563, 24.776476], [121.496125, 24.776287], [121.496098, 24.776116], [121.496093, 24.776087], [121.495138, 24.776065], [121.495117, 24.776433]]]]}}, {"type": "Feature", "properties": {"zoning_id": "Z0087", "zone_label": "公墓用地", "county": "新北市", "area_ha": 0.637}, "geometry": {"type": "MultiPolygon", "coordinates": [[[[121.505907, 24.779548], [121.505615, 24.779555], [121.505419, 24.780023], [121.505581, 24.780281], [121.505928, 24.780288], [121.506282, 24.780208], [121.50652, 24.780204], [121.506641, 24.780153], [121.506622, 24.779978], [121.506019, 24.779767], [121.505907, 24.779548]]]]}}, {"type": "Feature", "properties": {"zoning_id": "Z0088", "zone_label": "公墓用地", "county": "新北市", "area_ha": 0.493}, "geometry": {"type": "MultiPolygon", "coordinates": [[[[121.544647, 24.915836], [121.544645, 24.915836], [121.544643, 24.915837], [121.544641, 24.915837], [121.544639, 24.915838], [121.544637, 24.915838], [121.544635, 24.915839], [121.544633, 24.915839], [121.544631, 24.91584], [121.54463, 24.91584], [121.544628, 24.915841], [121.544626, 24.915841], [121.544624, 24.915842], [121.544622, 24.915842], [121.54462, 24.915842], [121.544618, 24.915843], [121.544616, 24.915843], [121.544614, 24.915843], [121.544612, 24.915844], [121.54461, 24.915844], [121.544608, 24.915844], [121.544606, 24.915845], [121.544604, 24.915845], [121.544602, 24.915845], [121.5446, 24.915846], [121.544599, 24.915846], [121.544597, 24.915846], [121.544595, 24.915847], [121.544593, 24.915847], [121.544591, 24.915847], [121.544589, 24.915847], [121.544587, 24.915847], [121.544585, 24.915848], [121.544583, 24.915848], [121.544581, 24.915848], [121.544579, 24.915848], [121.544577, 24.915848], [121.544575, 24.915848], [121.544573, 24.915849], [121.544571, 24.915849], [121.544569, 24.915849], [121.544567, 24.915849], [121.544565, 24.915849], [121.544563, 24.915849], [121.544561, 24.915849], [121.544559, 24.915849], [121.544557, 24.915849], [121.544555, 24.915849], [121.544553, 24.915849], [121.544551, 24.915849], [121.544549, 24.915849], [121.544547, 24.915849], [121.544545, 24.915849], [121.544543, 24.915849], [121.544541, 24.915849], [121.544539, 24.915849], [121.544537, 24.915849], [121.544535, 24.915849], [121.544533, 24.915849], [121.544531, 24.915849], [121.544529, 24.915849], [121.544527, 24.915849], [121.544525, 24.915849], [121.544524, 24.915848], [121.544522, 24.915848], [121.54452, 24.915848], [121.544518, 24.915848], [121.544516, 24.915848], [121.544514, 24.915848], [121.544512, 24.915847], [121.54451, 24.915847], [121.544508, 24.915847], [121.544506, 24.915847], [121.544504, 24.915847], [121.544502, 24.915846], [121.5445, 24.915846], [121.544498, 24.915846], [121.544496, 24.915845], [121.544494, 24.915845], [121.544492, 24.915845], [121.54449, 24.915844], [121.544488, 24.915844], [121.544486, 24.915844], [121.544485, 24.915844], [121.544483, 24.915843], [121.544482, 24.915843], [121.54448, 24.915843], [121.544478, 24.915842], [121.544476, 24.915842], [121.544474, 24.915841], [121.544472, 24.915841], [121.54447, 24.915841], [121.544468, 24.91584], [121.544466, 24.91584], [121.544464, 24.915839], [121.544462, 24.915839], [121.54446, 24.915838], [121.544458, 24.915838], [121.544457, 24.915837], [121.544455, 24.915837], [121.544453, 24.915836], [121.544451, 24.915836], [121.544449, 24.915835], [121.544447, 24.915835], [121.544445, 24.915834], [121.544443, 24.915834], [121.544441, 24.915833], [121.544439, 24.915833], [121.544438, 24.915832], [121.544436, 24.915832], [121.544434, 24.915831], [121.544432, 24.915831], [121.54443, 24.91583], [121.544428, 24.915829], [121.544426, 24.915829], [121.544424, 24.915828], [121.544423, 24.915828], [121.544421, 24.915827], [121.544419, 24.915826], [121.544417, 24.915826], [121.544415, 24.915825], [121.544413, 24.915824], [121.544411, 24.915824], [121.54441, 24.915823], [121.544408, 24.915822], [121.544406, 24.915822], [121.544404, 24.915821], [121.544402, 24.91582], [121.544401, 24.915819], [121.544399, 24.915819], [121.544397, 24.915818], [121.544395, 24.915817], [121.544393, 24.915817], [121.544391, 24.915816], [121.54439, 24.915815], [121.544388, 24.915814], [121.544386, 24.915813], [121.544384, 24.915813], [121.544383, 24.915812], [121.544381, 24.915811], [121.544379, 24.91581], [121.544377, 24.915809], [121.544375, 24.915809], [121.544374, 24.915808], [121.544372, 24.915807], [121.54437, 24.915806], [121.544368, 24.915805], [121.544367, 24.915804], [121.544365, 24.915804], [121.544363, 24.915803], [121.544362, 24.915802], [121.54436, 24.915801], [121.544358, 24.9158], [121.544356, 24.915799], [121.544355, 24.915798], [121.544353, 24.915797], [121.544351, 24.915796], [121.54435, 24.915795], [121.544348, 24.915795], [121.544346, 24.915794], [121.544345, 24.915793], [121.544343, 24.915792], [121.544341, 24.915791], [121.544339, 24.91579], [121.544338, 24.915789], [121.544336, 24.915788], [121.544335, 24.915787], [121.544333, 24.915786], [121.544331, 24.915785], [121.54433, 24.915784], [121.544328, 24.915783], [121.544326, 24.915782], [121.544325, 24.915781], [121.544323, 24.91578], [121.544322, 24.915778], [121.54432, 24.915777], [121.544318, 24.915776], [121.544317, 24.915775], [121.544315, 24.915774], [121.544314, 24.915773], [121.544312, 24.915772], [121.54431, 24.915771], [121.544309, 24.91577], [121.544307, 24.915769], [121.544306, 24.915768], [121.544304, 24.915766], [121.544303, 24.915765], [121.544301, 24.915764], [121.5443, 24.915763], [121.544298, 24.915762], [121.544297, 24.915761], [121.544295, 24.91576], [121.544294, 24.915758], [121.544292, 24.915757], [121.544291, 24.915756], [121.544289, 24.915755], [121.544288, 24.915754], [121.544286, 24.915752], [121.544285, 24.915751], [121.544283, 24.91575], [121.544283, 24.915749], [121.544282, 24.915749], [121.54428, 24.915747], [121.544279, 24.915746], [121.544277, 24.915745], [121.544276, 24.915744], [121.544275, 24.915742], [121.544273, 24.915741], [121.544272, 24.91574], [121.54427, 24.915739], [121.544269, 24.915737], [121.544268, 24.915736], [121.544266, 24.915735], [121.544265, 24.915734], [121.544263, 24.915732], [121.544262, 24.915731], [121.544261, 24.91573], [121.544259, 24.915728], [121.544258, 24.915727], [121.544257, 24.915726], [121.544255, 24.915724], [121.544254, 24.915723], [121.544253, 24.915722], [121.544251, 24.91572], [121.54425, 24.915719], [121.544249, 24.915717], [121.544248, 24.915716], [121.544246, 24.915715], [121.544245, 24.915713], [121.544244, 24.915712], [121.544242, 24.915711], [121.544241, 24.915709], [121.54424, 24.915708], [121.544239, 24.915706], [121.544238, 24.915705], [121.544236, 24.915704], [121.544236, 24.915703], [121.544163, 24.915618], [121.54416, 24.915613], [121.544122, 24.915789], [121.544077, 24.915994], [121.544053, 24.916106], [121.544215, 24.916375], [121.544266, 24.916459], [121.544552, 24.916933], [121.544594, 24.917004], [121.544607, 24.916727], [121.544608, 24.916692], [121.544612, 24.916621], [121.544623, 24.916356], [121.544629, 24.916237], [121.54463, 24.916204], [121.544635, 24.916104], [121.544641, 24.915961], [121.544646, 24.915853], [121.544647, 24.915836]]]]}}, {"type": "Feature", "properties": {"zoning_id": "Z0089", "zone_label": "公墓用地", "county": "新北市", "area_ha": 9.811}, "geometry": {"type": "MultiPolygon", "coordinates": [[[[121.649179, 24.943051], [121.649212, 24.942955], [121.649239, 24.94293], [121.649259, 24.942869], [121.649244, 24.942823], [121.649195, 24.942757], [121.649205, 24.942743], [121.649375, 24.942672], [121.649447, 24.942626], [121.649542, 24.942525], [121.649694, 24.942491], [121.649813, 24.942397], [121.649843, 24.942358], [121.649831, 24.942316], [121.649784, 24.942228], [121.649629, 24.942081], [121.649488, 24.942038], [121.649463, 24.942016], [121.649544, 24.941949], [121.649708, 24.941903], [121.649931, 24.941939], [121.650094, 24.941922], [121.650144, 24.941902], [121.650145, 24.941902], [121.650186, 24.941917], [121.650273, 24.942061], [121.650287, 24.94207], [121.650294, 24.942071], [121.650321, 24.942052], [121.650415, 24.941952], [121.65046, 24.941948], [121.650751, 24.942049], [121.650848, 24.942027], [121.650932, 24.941975], [121.651037, 24.94193], [121.651061, 24.941914], [121.651086, 24.941903], [121.651177, 24.941891], [121.651255, 24.941846], [121.651282, 24.941824], [121.651293, 24.941791], [121.651276, 24.94176], [121.651253, 24.941749], [121.651231, 24.941664], [121.65125, 24.941583], [121.651251, 24.941514], [121.651273, 24.941455], [121.651277, 24.941444], [121.65128, 24.941434], [121.651416, 24.941421], [121.651449, 24.941356], [121.651484, 24.94132], [121.651556, 24.941269], [121.651606, 24.941216], [121.651686, 24.941186], [121.651855, 24.941183], [121.651864, 24.941183], [121.651864, 24.941182], [121.651933, 24.94115], [121.652098, 24.941106], [121.652171, 24.941118], [121.652296, 24.94111], [121.652327, 24.941083], [121.652349, 24.940967], [121.65238, 24.94087], [121.652379, 24.940777], [121.652391, 24.940736], [121.652425, 24.940675], [121.652441, 24.940586], [121.652533, 24.940394], [121.652527, 24.940357], [121.6525, 24.940319], [121.652497, 24.940254], [121.652447, 24.940187], [121.652472, 24.940162], [121.65252, 24.940114], [121.652716, 24.939992], [121.652767, 24.93992], [121.652833, 24.939892], [121.652834, 24.939892], [121.65291, 24.939888], [121.653064, 24.939898], [121.653247, 24.940063], [121.653476, 24.940128], [121.653477, 24.940128], [121.653498, 24.940113], [121.653523, 24.940051], [121.65359, 24.939985], [121.653709, 24.939934], [121.653824, 24.939863], [121.653829, 24.939824], [121.653813, 24.939729], [121.653879, 24.939607], [121.653989, 24.939509], [121.654074, 24.939451], [121.65411, 24.939391], [121.654192, 24.939373], [121.654193, 24.939373], [121.654301, 24.939422], [121.654376, 24.939425], [121.654377, 24.939424], [121.654407, 24.939413], [121.654455, 24.939375], [121.654456, 24.939375], [121.654552, 24.939364], [121.654634, 24.939395], [121.654819, 24.939411], [121.654842, 24.93941], [121.654843, 24.93941], [121.654895, 24.939398], [121.654946, 24.939345], [121.654952, 24.939269], [121.654996, 24.939218], [121.654997, 24.939218], [121.655089, 24.939207], [121.655089, 24.939206], [121.655298, 24.939099], [121.655299, 24.939099], [121.655396, 24.939115], [121.655449, 24.939145], [121.655541, 24.939129], [121.655616, 24.939149], [121.655618, 24.939148], [121.655624, 24.939147], [121.655653, 24.939137], [121.655654, 24.939137], [121.655654, 24.939131], [121.655703, 24.939117], [121.655796, 24.939033], [121.655833, 24.939034], [121.655897, 24.939035], [121.655942, 24.93903], [121.655982, 24.938995], [121.656046, 24.938886], [121.656093, 24.938869], [121.656179, 24.938872], [121.656235, 24.938767], [121.656309, 24.938758], [121.656372, 24.938761], [121.656417, 24.938786], [121.656467, 24.938858], [121.656525, 24.938898], [121.656553, 24.938902], [121.656589, 24.9389], [121.6568, 24.938766], [121.656933, 24.938853], [121.656995, 24.938902], [121.657026, 24.938911], [121.657109, 24.938853], [121.657234, 24.938857], [121.657279, 24.938885], [121.657464, 24.938919], [121.65751, 24.938912], [121.657594, 24.938931], [121.657703, 24.938927], [121.65774, 24.93891], [121.657741, 24.93891], [121.65774, 24.938909], [121.657555, 24.938866], [121.657319, 24.938734], [121.657219, 24.938652], [121.657132, 24.938598], [121.656996, 24.93858], [121.65693, 24.93854], [121.656927, 24.938541], [121.656855, 24.938537], [121.656821, 24.938545], [121.656722, 24.938476], [121.656597, 24.938443], [121.656459, 24.938452], [121.656304, 24.938506], [121.655896, 24.938566], [121.655822, 24.938582], [121.655682, 24.938649], [121.655647, 24.938645], [121.655647, 24.938659], [121.655572, 24.938649], [121.655369, 24.938696], [121.655351, 24.9387], [121.655211, 24.938724], [121.655029, 24.938724], [121.654996, 24.93877], [121.654739, 24.938786], [121.654605, 24.938816], [121.654337, 24.938752], [121.654204, 24.93873], [121.654077, 24.93878], [121.654026, 24.93882], [121.653926, 24.938852], [121.65383, 24.938834], [121.653625, 24.938822], [121.653421, 24.939063], [121.653317, 24.939314], [121.653255, 24.939339], [121.653049, 24.939321], [121.652748, 24.939388], [121.652648, 24.939466], [121.652613, 24.939607], [121.652458, 24.93984], [121.652284, 24.939956], [121.652141, 24.940001], [121.65185, 24.940175], [121.651458, 24.940411], [121.651269, 24.940473], [121.651091, 24.940451], [121.650929, 24.940403], [121.650529, 24.940235], [121.650402, 24.940232], [121.650392, 24.940232], [121.650287, 24.940284], [121.650188, 24.940298], [121.650021, 24.940355], [121.649853, 24.940905], [121.64956, 24.941064], [121.649271, 24.941226], [121.648944, 24.941212], [121.648597, 24.941238], [121.64841, 24.941509], [121.648389, 24.941542], [121.648143, 24.941801], [121.64809, 24.94186], [121.648092, 24.941951], [121.648174, 24.942353], [121.648265, 24.942484], [121.648265, 24.942466], [121.648285, 24.942466], [121.648285, 24.942483], [121.64848, 24.942684], [121.648562, 24.942958], [121.648639, 24.943055], [121.648641, 24.943055], [121.64875, 24.943198], [121.648825, 24.943238], [121.648895, 24.943405], [121.649128, 24.943655], [121.649128, 24.943656], [121.649195, 24.943728], [121.649197, 24.943728], [121.649209, 24.943725], [121.649214, 24.943724], [121.649205, 24.9437], [121.649224, 24.943635], [121.649224, 24.943617], [121.649224, 24.94359], [121.649165, 24.943522], [121.649091, 24.943297], [121.649138, 24.943207], [121.649179, 24.94307], [121.64918, 24.943069], [121.649182, 24.943062], [121.649176, 24.943062], [121.649179, 24.943051]]]]}}, {"type": "Feature", "properties": {"zoning_id": "Z0090", "zone_label": "公墓用地", "county": "新北市", "area_ha": 7.288}, "geometry": {"type": "MultiPolygon", "coordinates": [[[[121.649808, 24.944478], [121.650295, 24.9448], [121.650331, 24.944832], [121.650373, 24.944896], [121.650408, 24.944965], [121.65042, 24.945111], [121.650358, 24.945256], [121.65041, 24.945271], [121.65039, 24.945328], [121.650356, 24.945431], [121.65025, 24.94575], [121.650211, 24.945741], [121.650158, 24.946137], [121.65015, 24.946239], [121.650166, 24.946331], [121.650216, 24.946389], [121.650281, 24.946416], [121.650608, 24.946511], [121.650937, 24.946599], [121.650981, 24.946541], [121.651037, 24.946468], [121.651045, 24.946456], [121.651099, 24.946386], [121.65115, 24.946318], [121.651159, 24.946306], [121.651224, 24.946219], [121.651255, 24.946179], [121.651315, 24.946099], [121.651372, 24.946024], [121.651376, 24.946019], [121.651457, 24.945912], [121.65151, 24.945842], [121.651562, 24.945773], [121.651573, 24.945758], [121.651599, 24.945724], [121.651616, 24.945701], [121.65163, 24.945683], [121.651631, 24.945682], [121.651643, 24.945666], [121.65168, 24.945553], [121.651698, 24.945499], [121.65173, 24.945402], [121.651768, 24.945287], [121.651768, 24.945286], [121.651817, 24.945238], [121.652006, 24.945238], [121.652033, 24.945228], [121.652112, 24.945201], [121.652153, 24.945187], [121.652261, 24.945149], [121.652275, 24.94514], [121.652283, 24.945134], [121.652332, 24.9451], [121.652368, 24.945075], [121.652417, 24.945029], [121.652466, 24.944984], [121.652466, 24.944983], [121.652513, 24.944961], [121.652515, 24.944947], [121.652518, 24.944922], [121.652522, 24.944885], [121.652532, 24.944797], [121.652535, 24.944768], [121.652536, 24.94476], [121.652467, 24.944685], [121.652452, 24.944669], [121.652447, 24.944651], [121.652427, 24.944569], [121.652417, 24.94453], [121.652412, 24.944512], [121.652424, 24.94449], [121.652444, 24.944451], [121.652459, 24.944421], [121.652494, 24.944353], [121.65252, 24.944304], [121.652543, 24.944258], [121.652574, 24.944199], [121.652575, 24.944197], [121.652586, 24.944181], [121.652586, 24.94418], [121.652578, 24.944164], [121.652576, 24.94416], [121.652554, 24.944172], [121.652537, 24.94417], [121.652522, 24.944177], [121.652517, 24.9442], [121.652492, 24.944204], [121.652466, 24.9442], [121.652462, 24.9442], [121.65245, 24.944198], [121.65239, 24.944141], [121.652369, 24.944183], [121.652323, 24.944175], [121.652324, 24.944111], [121.652325, 24.944057], [121.652326, 24.944021], [121.652327, 24.943967], [121.652328, 24.943965], [121.652338, 24.943893], [121.652339, 24.94389], [121.652351, 24.943806], [121.652435, 24.943828], [121.652453, 24.943837], [121.652456, 24.943838], [121.652497, 24.943857], [121.652504, 24.943839], [121.65257, 24.943841], [121.65262, 24.943794], [121.652633, 24.943806], [121.652627, 24.943846], [121.65266, 24.943852], [121.652687, 24.943857], [121.652684, 24.943818], [121.652681, 24.943791], [121.652681, 24.94379], [121.652693, 24.943767], [121.652719, 24.943719], [121.652749, 24.94366], [121.652751, 24.943659], [121.652801, 24.943638], [121.652813, 24.94361], [121.652813, 24.943593], [121.652813, 24.943592], [121.652773, 24.943602], [121.652731, 24.943607], [121.652685, 24.943658], [121.652674, 24.943583], [121.65275, 24.943534], [121.652773, 24.943518], [121.652804, 24.943493], [121.652813, 24.943485], [121.65286, 24.94347], [121.652933, 24.943471], [121.652955, 24.943472], [121.653038, 24.943475], [121.65308, 24.943422], [121.65311, 24.943414], [121.65313, 24.94343], [121.653085, 24.943491], [121.653021, 24.943532], [121.653017, 24.943535], [121.652962, 24.94357], [121.652953, 24.943602], [121.652943, 24.943634], [121.652943, 24.94364], [121.652944, 24.943654], [121.652921, 24.943699], [121.652905, 24.943721], [121.652899, 24.94373], [121.65286, 24.943785], [121.652849, 24.943802], [121.65284, 24.943822], [121.652831, 24.943845], [121.652772, 24.943877], [121.652773, 24.943878], [121.652795, 24.943898], [121.652795, 24.943899], [121.652795, 24.943929], [121.652795, 24.94394], [121.652865, 24.943972], [121.652867, 24.943973], [121.652876, 24.94401], [121.652902, 24.944022], [121.652914, 24.944028], [121.652934, 24.944061], [121.652943, 24.944048], [121.653022, 24.943933], [121.653022, 24.943932], [121.653044, 24.9439], [121.653032, 24.943886], [121.653032, 24.943885], [121.653046, 24.943868], [121.65305, 24.943862], [121.653049, 24.943824], [121.653064, 24.943802], [121.653066, 24.943799], [121.65314, 24.94369], [121.65317, 24.943681], [121.653189, 24.94372], [121.653172, 24.943755], [121.653146, 24.94381], [121.653177, 24.943791], [121.653236, 24.943755], [121.653307, 24.943725], [121.653311, 24.943723], [121.653375, 24.943696], [121.653376, 24.943695], [121.653355, 24.943671], [121.653354, 24.94367], [121.653361, 24.943659], [121.653377, 24.943631], [121.653383, 24.943607], [121.653383, 24.943605], [121.653395, 24.943556], [121.653427, 24.94352], [121.653447, 24.943497], [121.653463, 24.943505], [121.653504, 24.943468], [121.653558, 24.943419], [121.653597, 24.943384], [121.653616, 24.943301], [121.653623, 24.943274], [121.653638, 24.943219], [121.653646, 24.943204], [121.653712, 24.94317], [121.653713, 24.94317], [121.653732, 24.943131], [121.653737, 24.943122], [121.653744, 24.943108], [121.653745, 24.943106], [121.65377, 24.943054], [121.653783, 24.943027], [121.653785, 24.943021], [121.653787, 24.943015], [121.653826, 24.942937], [121.65397, 24.942906], [121.653952, 24.942813], [121.653915, 24.942775], [121.653915, 24.942734], [121.653937, 24.942693], [121.653945, 24.942582], [121.653985, 24.942558], [121.653991, 24.942504], [121.653966, 24.942468], [121.653969, 24.942441], [121.653995, 24.942439], [121.653966, 24.942346], [121.653944, 24.94228], [121.653921, 24.942267], [121.653872, 24.942216], [121.653799, 24.942218], [121.653843, 24.942231], [121.653937, 24.942312], [121.65392, 24.942403], [121.653941, 24.942446], [121.653942, 24.942503], [121.653942, 24.942504], [121.653908, 24.942546], [121.653879, 24.942646], [121.653858, 24.942669], [121.653811, 24.942698], [121.653711, 24.942866], [121.653584, 24.942974], [121.653567, 24.943006], [121.653566, 24.943008], [121.653561, 24.943017], [121.653566, 24.943017], [121.653562, 24.943023], [121.653554, 24.943035], [121.653546, 24.943065], [121.653528, 24.943136], [121.65344, 24.943179], [121.653316, 24.943321], [121.65331, 24.943309], [121.653293, 24.943275], [121.653273, 24.943296], [121.653267, 24.943288], [121.653249, 24.943297], [121.653214, 24.943287], [121.653164, 24.943255], [121.653084, 24.94323], [121.653029, 24.943238], [121.652994, 24.943298], [121.652905, 24.943277], [121.65277, 24.943214], [121.652769, 24.943214], [121.652757, 24.943083], [121.652727, 24.943192], [121.652628, 24.943189], [121.652627, 24.943189], [121.652647, 24.943086], [121.652675, 24.943064], [121.652757, 24.943082], [121.652756, 24.943078], [121.652736, 24.943033], [121.652734, 24.943033], [121.652731, 24.943033], [121.652714, 24.942991], [121.652757, 24.942918], [121.65275, 24.942897], [121.652738, 24.942903], [121.652618, 24.942904], [121.652472, 24.94289], [121.652399, 24.942944], [121.652347, 24.943031], [121.652345, 24.943034], [121.652344, 24.943034], [121.652219, 24.943252], [121.652168, 24.943299], [121.651992, 24.943359], [121.651904, 24.94335], [121.651867, 24.943359], [121.651867, 24.94336], [121.651751, 24.943389], [121.651764, 24.943519], [121.651705, 24.943614], [121.651698, 24.943699], [121.651682, 24.943715], [121.651657, 24.943706], [121.65151, 24.943541], [121.651455, 24.943448], [121.651453, 24.943701], [121.651441, 24.943704], [121.651331, 24.943582], [121.651289, 24.943525], [121.651245, 24.943448], [121.651207, 24.943369], [121.651169, 24.943494], [121.651142, 24.943622], [121.651117, 24.943627], [121.651072, 24.943523], [121.651024, 24.943355], [121.65103, 24.943224], [121.650928, 24.943294], [121.650887, 24.943427], [121.650849, 24.943452], [121.650643, 24.943528], [121.650541, 24.943593], [121.650291, 24.94371], [121.650143, 24.94375], [121.649903, 24.943745], [121.649872, 24.943767], [121.649715, 24.944296], [121.649679, 24.944416], [121.649759, 24.944445], [121.649808, 24.944478]]]]}}, {"type": "Feature", "properties": {"zoning_id": "Z0091", "zone_label": "公墓用地", "county": "新北市", "area_ha": 0.09}, "geometry": {"type": "MultiPolygon", "coordinates": [[[[121.649679, 24.944416], [121.649715, 24.944296], [121.649872, 24.943767], [121.649806, 24.943813], [121.649723, 24.943841], [121.649598, 24.943833], [121.649474, 24.943766], [121.649437, 24.943768], [121.649651, 24.943946], [121.649652, 24.944299], [121.649652, 24.944406], [121.649679, 24.944416]]]]}}, {"type": "Feature", "properties": {"zoning_id": "Z0092", "zone_label": "公墓用地", "county": "新北市", "area_ha": 0.0}, "geometry": {"type": "MultiPolygon", "coordinates": [[[[121.649214, 24.943724], [121.649209, 24.943725], [121.649197, 24.943728], [121.649195, 24.943728], [121.64923, 24.943765], [121.649222, 24.943743], [121.649214, 24.943724]]]]}}, {"type": "Feature", "properties": {"zoning_id": "Z0093", "zone_label": "公墓用地", "county": "新北市", "area_ha": 3.881}, "geometry": {"type": "MultiPolygon", "coordinates": [[[[121.708877, 24.93758], [121.709353, 24.938349], [121.71031, 24.937166], [121.710245, 24.937083], [121.709934, 24.936685], [121.709837, 24.936651], [121.707731, 24.935915], [121.707148, 24.936016], [121.706953, 24.93605], [121.706624, 24.935977], [121.706506, 24.935951], [121.706916, 24.936645], [121.708175, 24.936862], [121.708647, 24.937209], [121.708712, 24.937313], [121.708877, 24.93758]], [[121.707939, 24.936407], [121.707914, 24.936389], [121.707906, 24.936383], [121.70789, 24.936372], [121.707873, 24.93636], [121.707949, 24.936271], [121.707969, 24.936248], [121.707989, 24.936225], [121.708137, 24.93633], [121.708048, 24.936435], [121.708026, 24.936461], [121.708022, 24.936465], [121.708013, 24.936459], [121.707939, 24.936407]]]]}}, {"type": "Feature", "properties": {"zoning_id": "Z0094", "zone_label": "公墓用地", "county": "新北市", "area_ha": 1.828}, "geometry": {"type": "MultiPolygon", "coordinates": [[[[121.715865, 24.905915], [121.715019, 24.905978], [121.714781, 24.905996], [121.714544, 24.906014], [121.714558, 24.906161], [121.714572, 24.906308], [121.71459, 24.906491], [121.714607, 24.906674], [121.714643, 24.90705], [121.714803, 24.907029], [121.714964, 24.907007], [121.715691, 24.906911], [121.715991, 24.906871], [121.716291, 24.906831], [121.716274, 24.906698], [121.716203, 24.906163], [121.716167, 24.905893], [121.715865, 24.905915]]]]}}, {"type": "Feature", "properties": {"zoning_id": "Z0095", "zone_label": "公墓用地", "county": "新北市", "area_ha": 0.03}, "geometry": {"type": "MultiPolygon", "coordinates": [[[[121.714269, 24.901897], [121.714268, 24.901897], [121.714268, 24.901899], [121.714268, 24.901901], [121.714268, 24.901903], [121.714268, 24.901905], [121.714268, 24.901907], [121.714268, 24.901908], [121.714268, 24.90191], [121.714268, 24.901912], [121.714268, 24.901914], [121.714269, 24.901916], [121.714269, 24.901917], [121.714269, 24.901919], [121.714269, 24.901921], [121.71427, 24.901923], [121.71427, 24.901924], [121.714271, 24.901926], [121.714271, 24.901928], [121.714272, 24.90193], [121.714272, 24.901931], [121.714273, 24.901933], [121.714273, 24.901935], [121.714274, 24.901937], [121.714275, 24.901938], [121.714275, 24.90194], [121.714276, 24.901942], [121.714277, 24.901943], [121.714278, 24.901945], [121.714279, 24.901946], [121.71428, 24.901948], [121.714281, 24.90195], [121.714282, 24.901951], [121.714283, 24.901953], [121.714284, 24.901954], [121.714285, 24.901956], [121.714286, 24.901957], [121.714287, 24.901959], [121.714288, 24.90196], [121.71429, 24.901962], [121.714291, 24.901963], [121.714292, 24.901964], [121.714293, 24.901966], [121.714295, 24.901967], [121.714296, 24.901968], [121.714298, 24.90197], [121.714299, 24.901971], [121.714301, 24.901972], [121.714302, 24.901973], [121.714304, 24.901974], [121.714305, 24.901975], [121.714307, 24.901977], [121.714308, 24.901978], [121.71431, 24.901979], [121.714311, 24.90198], [121.714313, 24.901981], [121.714314, 24.901981], [121.714315, 24.901982], [121.714317, 24.901983], [121.714318, 24.901983], [121.71432, 24.901984], [121.714322, 24.901985], [121.714324, 24.901986], [121.714325, 24.901987], [121.714327, 24.901987], [121.714329, 24.901988], [121.714331, 24.901989], [121.714333, 24.901989], [121.714335, 24.90199], [121.714336, 24.901991], [121.714338, 24.901991], [121.71434, 24.901991], [121.714342, 24.901992], [121.714344, 24.901992], [121.714346, 24.901993], [121.714348, 24.901993], [121.71435, 24.901993], [121.714352, 24.901994], [121.714354, 24.901994], [121.714356, 24.901994], [121.714358, 24.901994], [121.71436, 24.901994], [121.714362, 24.901994], [121.714364, 24.901994], [121.714366, 24.901994], [121.714368, 24.901994], [121.71437, 24.901994], [121.714372, 24.901994], [121.714374, 24.901994], [121.714376, 24.901994], [121.714378, 24.901994], [121.71438, 24.901993], [121.714381, 24.901993], [121.714383, 24.901993], [121.714385, 24.901993], [121.714387, 24.901992], [121.714389, 24.901992], [121.714472, 24.901972], [121.71451, 24.901964], [121.714548, 24.901955], [121.71455, 24.901954], [121.714552, 24.901954], [121.714554, 24.901953], [121.714556, 24.901953], [121.714558, 24.901953], [121.71456, 24.901952], [121.714562, 24.901952], [121.714564, 24.901951], [121.714566, 24.901951], [121.714568, 24.901951], [121.71457, 24.90195], [121.714563, 24.901948], [121.714379, 24.901906], [121.71429, 24.901711], [121.714269, 24.901897]]]]}}, {"type": "Feature", "properties": {"zoning_id": "Z0096", "zone_label": "公墓用地", "county": "新北市", "area_ha": 1.752}, "geometry": {"type": "MultiPolygon", "coordinates": [[[[121.715976, 24.900887], [121.71595, 24.90082], [121.71595, 24.900819], [121.715949, 24.900817], [121.715948, 24.900816], [121.715947, 24.900814], [121.715947, 24.900812], [121.715946, 24.900811], [121.715945, 24.900809], [121.715944, 24.900807], [121.715943, 24.900806], [121.715942, 24.900804], [121.715941, 24.900803], [121.71594, 24.900801], [121.715938, 24.9008], [121.715937, 24.900799], [121.715936, 24.900797], [121.715935, 24.900796], [121.715933, 24.900794], [121.715932, 24.900793], [121.715931, 24.900792], [121.715929, 24.90079], [121.715928, 24.900789], [121.715926, 24.900788], [121.715925, 24.900787], [121.715923, 24.900786], [121.715922, 24.900785], [121.71592, 24.900784], [121.715918, 24.900783], [121.715917, 24.900782], [121.715915, 24.900781], [121.715914, 24.90078], [121.715913, 24.90078], [121.715912, 24.900779], [121.71591, 24.900778], [121.715908, 24.900777], [121.715907, 24.900777], [121.715906, 24.900776], [121.715905, 24.900776], [121.715903, 24.900775], [121.715901, 24.900774], [121.715899, 24.900774], [121.715897, 24.900773], [121.715895, 24.900773], [121.715893, 24.900772], [121.715891, 24.900772], [121.71589, 24.900771], [121.715888, 24.900771], [121.715886, 24.900771], [121.715884, 24.90077], [121.715882, 24.90077], [121.71588, 24.90077], [121.715878, 24.90077], [121.715876, 24.90077], [121.715874, 24.90077], [121.715872, 24.90077], [121.71587, 24.90077], [121.715868, 24.90077], [121.715866, 24.90077], [121.715864, 24.90077], [121.715862, 24.90077], [121.71586, 24.90077], [121.715858, 24.900771], [121.715856, 24.900771], [121.715854, 24.900771], [121.715852, 24.900772], [121.71585, 24.900772], [121.715848, 24.900773], [121.715847, 24.900773], [121.715733, 24.900807], [121.715638, 24.900835], [121.715387, 24.900803], [121.715247, 24.900797], [121.715049, 24.90079], [121.714863, 24.900803], [121.714678, 24.900756], [121.714588, 24.900888], [121.714587, 24.900889], [121.714586, 24.90089], [121.714585, 24.900892], [121.714584, 24.900893], [121.714583, 24.900895], [121.714582, 24.900896], [121.714581, 24.900898], [121.71458, 24.900899], [121.714579, 24.900901], [121.714578, 24.900902], [121.714577, 24.900904], [121.714576, 24.900906], [121.714575, 24.900907], [121.714574, 24.900909], [121.714573, 24.90091], [121.714572, 24.900912], [121.714571, 24.900913], [121.71457, 24.900915], [121.714569, 24.900917], [121.714568, 24.900918], [121.714567, 24.90092], [121.714567, 24.900921], [121.714566, 24.900923], [121.714565, 24.900924], [121.714564, 24.900926], [121.714563, 24.900928], [121.714562, 24.900929], [121.714561, 24.900931], [121.71456, 24.900932], [121.714559, 24.900934], [121.714558, 24.900936], [121.714557, 24.900937], [121.714557, 24.900939], [121.714556, 24.900941], [121.714555, 24.900942], [121.714554, 24.900944], [121.714553, 24.900945], [121.714552, 24.900947], [121.714551, 24.900949], [121.714551, 24.90095], [121.71455, 24.900952], [121.714549, 24.900954], [121.714548, 24.900955], [121.714547, 24.900957], [121.714546, 24.900959], [121.714546, 24.90096], [121.714545, 24.900962], [121.714544, 24.900963], [121.714543, 24.900965], [121.714542, 24.900967], [121.714542, 24.900968], [121.714541, 24.90097], [121.71454, 24.900972], [121.714539, 24.900973], [121.714539, 24.900975], [121.714538, 24.900977], [121.714537, 24.900978], [121.714536, 24.90098], [121.714536, 24.900982], [121.714535, 24.900983], [121.714534, 24.900985], [121.714533, 24.900987], [121.714533, 24.900988], [121.714532, 24.90099], [121.714531, 24.900992], [121.714531, 24.900994], [121.71453, 24.900995], [121.714529, 24.900997], [121.714528, 24.900999], [121.714528, 24.901], [121.714527, 24.901002], [121.714526, 24.901004], [121.714526, 24.901005], [121.714525, 24.901007], [121.714525, 24.901009], [121.714524, 24.901011], [121.714523, 24.901012], [121.714523, 24.901014], [121.714522, 24.901016], [121.714521, 24.901017], [121.714521, 24.901019], [121.71452, 24.901021], [121.71452, 24.901023], [121.714519, 24.901024], [121.714518, 24.901026], [121.714518, 24.901028], [121.714517, 24.901029], [121.714517, 24.901031], [121.714516, 24.901033], [121.714516, 24.901035], [121.714515, 24.901036], [121.714514, 24.901038], [121.714514, 24.90104], [121.714513, 24.901042], [121.714513, 24.901043], [121.714512, 24.901045], [121.714512, 24.901047], [121.714511, 24.901049], [121.714511, 24.90105], [121.71451, 24.901052], [121.71451, 24.901054], [121.714509, 24.901056], [121.714509, 24.901057], [121.714508, 24.901059], [121.714508, 24.901061], [121.714507, 24.901063], [121.714507, 24.901064], [121.714506, 24.901066], [121.714506, 24.901068], [121.714506, 24.90107], [121.714505, 24.901071], [121.714505, 24.901073], [121.714504, 24.901075], [121.714504, 24.901077], [121.714503, 24.901078], [121.714503, 24.90108], [121.714503, 24.901082], [121.714502, 24.901084], [121.714502, 24.901086], [121.714501, 24.901087], [121.714462, 24.901272], [121.714447, 24.901344], [121.714442, 24.901365], [121.714438, 24.901386], [121.714364, 24.901484], [121.714363, 24.901485], [121.714362, 24.901486], [121.714361, 24.901488], [121.71436, 24.901489], [121.714359, 24.901491], [121.714358, 24.901492], [121.714357, 24.901494], [121.714356, 24.901495], [121.714355, 24.901497], [121.714354, 24.901498], [121.714353, 24.9015], [121.714351, 24.901501], [121.71435, 24.901503], [121.714349, 24.901504], [121.714348, 24.901506], [121.714347, 24.901508], [121.714346, 24.901509], [121.714345, 24.901511], [121.714345, 24.901512], [121.714344, 24.901514], [121.714343, 24.901515], [121.714342, 24.901517], [121.714341, 24.901519], [121.71434, 24.90152], [121.714339, 24.901522], [121.714338, 24.901523], [121.714337, 24.901525], [121.714336, 24.901527], [121.714335, 24.901528], [121.714334, 24.90153], [121.714334, 24.901531], [121.714333, 24.901533], [121.714332, 24.901535], [121.714331, 24.901536], [121.71433, 24.901538], [121.714329, 24.90154], [121.714329, 24.901541], [121.714328, 24.901543], [121.714327, 24.901545], [121.714326, 24.901546], [121.714325, 24.901548], [121.714325, 24.90155], [121.714324, 24.901551], [121.714323, 24.901553], [121.714322, 24.901555], [121.714322, 24.901556], [121.714321, 24.901558], [121.71432, 24.90156], [121.71432, 24.901561], [121.714319, 24.901563], [121.714318, 24.901565], [121.714318, 24.901566], [121.714317, 24.901568], [121.714316, 24.90157], [121.714316, 24.901572], [121.714315, 24.901573], [121.714314, 24.901575], [121.714314, 24.901577], [121.714313, 24.901578], [121.714313, 24.90158], [121.714312, 24.901582], [121.714311, 24.901584], [121.714311, 24.901585], [121.71431, 24.901587], [121.71431, 24.901589], [121.714309, 24.901591], [121.714309, 24.901592], [121.714308, 24.901594], [121.714308, 24.901596], [121.714307, 24.901598], [121.714307, 24.901599], [121.714306, 24.901601], [121.714306, 24.901603], [121.714305, 24.901605], [121.714305, 24.901606], [121.714304, 24.901608], [121.714304, 24.90161], [121.714304, 24.901612], [121.714303, 24.901613], [121.714303, 24.901615], [121.714302, 24.901617], [121.714302, 24.901619], [121.714302, 24.90162], [121.714301, 24.901622], [121.714301, 24.901624], [121.714301, 24.901626], [121.7143, 24.901628], [121.7143, 24.901629], [121.7143, 24.901631], [121.714299, 24.901633], [121.714299, 24.901635], [121.714299, 24.901636], [121.714298, 24.901638], [121.714298, 24.90164], [121.714298, 24.901642], [121.714298, 24.901644], [121.714297, 24.901645], [121.714297, 24.901647], [121.714297, 24.901649], [121.71429, 24.901711], [121.714316, 24.901768], [121.714364, 24.901873], [121.714379, 24.901906], [121.714563, 24.901948], [121.714572, 24.90195], [121.714574, 24.90195], [121.714576, 24.90195], [121.714578, 24.901949], [121.71458, 24.901949], [121.714581, 24.901949], [121.714583, 24.901949], [121.714585, 24.901948], [121.714587, 24.901948], [121.714589, 24.901948], [121.714591, 24.901948], [121.714593, 24.901948], [121.714595, 24.901948], [121.714597, 24.901947], [121.714599, 24.901947], [121.714601, 24.901947], [121.714603, 24.901947], [121.714605, 24.901947], [121.714607, 24.901947], [121.714609, 24.901947], [121.714611, 24.901947], [121.714613, 24.901947], [121.714615, 24.901947], [121.714617, 24.901947], [121.714619, 24.901947], [121.714621, 24.901947], [121.714623, 24.901947], [121.714625, 24.901947], [121.714627, 24.901947], [121.714629, 24.901947], [121.714631, 24.901947], [121.714633, 24.901947], [121.714635, 24.901947], [121.714637, 24.901948], [121.714639, 24.901948], [121.714641, 24.901948], [121.714643, 24.901948], [121.714645, 24.901948], [121.714647, 24.901948], [121.714649, 24.901949], [121.714651, 24.901949], [121.714653, 24.901949], [121.714655, 24.901949], [121.714656, 24.90195], [121.714658, 24.90195], [121.71466, 24.90195], [121.714662, 24.901951], [121.714664, 24.901951], [121.714666, 24.901951], [121.714668, 24.901952], [121.71467, 24.901952], [121.714672, 24.901952], [121.714674, 24.901953], [121.714676, 24.901953], [121.714677, 24.901953], [121.714678, 24.901953], [121.71468, 24.901954], [121.714682, 24.901954], [121.714684, 24.901955], [121.714686, 24.901955], [121.714687, 24.901956], [121.714689, 24.901956], [121.714691, 24.901957], [121.714693, 24.901957], [121.714695, 24.901958], [121.714697, 24.901958], [121.714699, 24.901959], [121.714701, 24.901959], [121.714703, 24.90196], [121.714704, 24.90196], [121.714706, 24.901961], [121.714708, 24.901962], [121.71471, 24.901962], [121.714712, 24.901963], [121.714714, 24.901964], [121.714716, 24.901964], [121.714717, 24.901965], [121.714719, 24.901966], [121.714721, 24.901966], [121.714723, 24.901967], [121.714725, 24.901968], [121.714727, 24.901968], [121.714728, 24.901969], [121.71473, 24.90197], [121.714732, 24.901971], [121.714734, 24.901971], [121.714736, 24.901972], [121.714737, 24.901973], [121.714739, 24.901974], [121.714741, 24.901975], [121.714743, 24.901975], [121.714744, 24.901976], [121.714746, 24.901977], [121.714748, 24.901978], [121.71475, 24.901979], [121.714751, 24.90198], [121.714753, 24.901981], [121.714755, 24.901982], [121.714756, 24.901983], [121.714758, 24.901983], [121.71476, 24.901984], [121.714761, 24.901985], [121.714763, 24.901986], [121.714765, 24.901987], [121.714766, 24.901988], [121.714768, 24.901989], [121.71477, 24.90199], [121.714771, 24.901991], [121.714773, 24.901992], [121.714775, 24.901993], [121.714776, 24.901995], [121.714778, 24.901996], [121.714779, 24.901997], [121.714781, 24.901998], [121.714782, 24.901998], [121.714783, 24.901999], [121.714785, 24.902], [121.714786, 24.902002], [121.714788, 24.902003], [121.71479, 24.902004], [121.714791, 24.902005], [121.714793, 24.902005], [121.714795, 24.902006], [121.714796, 24.902007], [121.714798, 24.902008], [121.7148, 24.902009], [121.714802, 24.90201], [121.714803, 24.902011], [121.714805, 24.902012], [121.714807, 24.902013], [121.714809, 24.902013], [121.71481, 24.902014], [121.714812, 24.902015], [121.714814, 24.902016], [121.714816, 24.902016], [121.714818, 24.902017], [121.71482, 24.902018], [121.714821, 24.902018], [121.714823, 24.902019], [121.714825, 24.902019], [121.714827, 24.90202], [121.714829, 24.902021], [121.714831, 24.902021], [121.714833, 24.902022], [121.714835, 24.902022], [121.714837, 24.902023], [121.714838, 24.902023], [121.71484, 24.902023], [121.714842, 24.902024], [121.714844, 24.902024], [121.714846, 24.902025], [121.714848, 24.902025], [121.71485, 24.902025], [121.714852, 24.902026], [121.714854, 24.902026], [121.714856, 24.902026], [121.714858, 24.902026], [121.71486, 24.902026], [121.714862, 24.902027], [121.714864, 24.902027], [121.714866, 24.902027], [121.714868, 24.902027], [121.71487, 24.902027], [121.714872, 24.902027], [121.714874, 24.902027], [121.714876, 24.902027], [121.714878, 24.902027], [121.71488, 24.902027], [121.714882, 24.902027], [121.714884, 24.902027], [121.714886, 24.902027], [121.714888, 24.902027], [121.71489, 24.902027], [121.714892, 24.902026], [121.714893, 24.902026], [121.714895, 24.902026], [121.714897, 24.902026], [121.714899, 24.902026], [121.7149, 24.902025], [121.714901, 24.902025], [121.714903, 24.902025], [121.714905, 24.902025], [121.714907, 24.902024], [121.714909, 24.902024], [121.714911, 24.902024], [121.714913, 24.902023], [121.714915, 24.902023], [121.714917, 24.902022], [121.714919, 24.902022], [121.714921, 24.902021], [121.714922, 24.902021], [121.714924, 24.90202], [121.714926, 24.90202], [121.714928, 24.902019], [121.71493, 24.902018], [121.714932, 24.902018], [121.714934, 24.902017], [121.714935, 24.902016], [121.714937, 24.902016], [121.714939, 24.902015], [121.714941, 24.902014], [121.714943, 24.902013], [121.714944, 24.902013], [121.714946, 24.902012], [121.714948, 24.902011], [121.71495, 24.90201], [121.714952, 24.902009], [121.714953, 24.902008], [121.714955, 24.902007], [121.714957, 24.902007], [121.714958, 24.902006], [121.71496, 24.902005], [121.714962, 24.902004], [121.714963, 24.902003], [121.714965, 24.902002], [121.714967, 24.902001], [121.714968, 24.901999], [121.71497, 24.901998], [121.714971, 24.901997], [121.714973, 24.901996], [121.714974, 24.901995], [121.714976, 24.901994], [121.714978, 24.901993], [121.714979, 24.901992], [121.714981, 24.901991], [121.714982, 24.90199], [121.714984, 24.901989], [121.714986, 24.901988], [121.714987, 24.901987], [121.714989, 24.901986], [121.714991, 24.901985], [121.714992, 24.901984], [121.714994, 24.901983], [121.714995, 24.901981], [121.714997, 24.90198], [121.714999, 24.901979], [121.715, 24.901978], [121.715002, 24.901977], [121.715004, 24.901976], [121.715005, 24.901975], [121.715007, 24.901974], [121.715009, 24.901973], [121.71501, 24.901973], [121.715012, 24.901972], [121.715014, 24.901971], [121.715015, 24.90197], [121.715017, 24.901969], [121.715019, 24.901968], [121.71502, 24.901967], [121.715022, 24.901966], [121.715024, 24.901965], [121.715025, 24.901964], [121.715027, 24.901963], [121.715029, 24.901962], [121.71503, 24.901961], [121.715032, 24.90196], [121.715034, 24.901959], [121.715036, 24.901958], [121.715037, 24.901957], [121.715039, 24.901957], [121.715041, 24.901956], [121.715042, 24.901955], [121.715044, 24.901954], [121.715046, 24.901953], [121.715048, 24.901952], [121.715049, 24.901951], [121.715051, 24.90195], [121.715053, 24.90195], [121.715055, 24.901949], [121.715056, 24.901948], [121.715058, 24.901947], [121.71506, 24.901946], [121.715062, 24.901945], [121.715063, 24.901945], [121.715065, 24.901944], [121.715067, 24.901943], [121.715069, 24.901942], [121.71507, 24.901941], [121.715072, 24.90194], [121.715074, 24.90194], [121.715076, 24.901939], [121.715078, 24.901938], [121.715079, 24.901937], [121.715081, 24.901936], [121.715083, 24.901936], [121.715085, 24.901935], [121.715086, 24.901934], [121.715088, 24.901933], [121.71509, 24.901933], [121.715092, 24.901932], [121.715094, 24.901931], [121.715096, 24.90193], [121.715097, 24.90193], [121.715099, 24.901929], [121.715101, 24.901928], [121.715103, 24.901928], [121.715105, 24.901927], [121.715106, 24.901926], [121.715108, 24.901925], [121.71511, 24.901925], [121.715112, 24.901924], [121.715114, 24.901923], [121.715116, 24.901923], [121.715117, 24.901922], [121.715119, 24.901921], [121.715121, 24.901921], [121.715123, 24.90192], [121.715125, 24.901919], [121.715127, 24.901919], [121.715128, 24.901918], [121.71513, 24.901917], [121.715132, 24.901917], [121.715134, 24.901916], [121.715136, 24.901915], [121.715138, 24.901915], [121.71514, 24.901914], [121.715141, 24.901914], [121.715143, 24.901913], [121.715145, 24.901912], [121.715147, 24.901912], [121.715149, 24.901911], [121.715151, 24.901911], [121.715153, 24.90191], [121.715155, 24.90191], [121.715156, 24.901909], [121.715158, 24.901908], [121.71516, 24.901908], [121.715162, 24.901907], [121.715164, 24.901907], [121.715166, 24.901906], [121.715168, 24.901906], [121.71517, 24.901905], [121.715172, 24.901905], [121.715173, 24.901904], [121.715175, 24.901904], [121.715177, 24.901903], [121.715179, 24.901903], [121.715181, 24.901902], [121.715183, 24.901902], [121.715185, 24.901901], [121.715187, 24.901901], [121.715189, 24.9019], [121.71519, 24.9019], [121.715309, 24.901871], [121.715466, 24.901751], [121.715553, 24.90171], [121.715559, 24.901707], [121.715597, 24.901689], [121.715758, 24.901502], [121.715795, 24.901458], [121.715833, 24.901414], [121.715908, 24.901326], [121.715912, 24.901321], [121.715919, 24.901314], [121.716039, 24.901214], [121.71604, 24.901213], [121.716041, 24.901212], [121.716043, 24.90121], [121.716044, 24.901209], [121.716045, 24.901208], [121.716047, 24.901206], [121.716048, 24.901205], [121.716049, 24.901204], [121.71605, 24.901202], [121.716051, 24.901201], [121.716052, 24.901199], [121.716053, 24.901198], [121.716054, 24.901196], [121.716055, 24.901194], [121.716056, 24.901193], [121.716057, 24.901191], [121.716058, 24.901189], [121.716059, 24.901188], [121.716059, 24.901186], [121.71606, 24.901184], [121.716061, 24.901183], [121.716061, 24.901181], [121.716062, 24.901179], [121.716062, 24.901177], [121.716062, 24.901176], [121.716063, 24.901174], [121.716063, 24.901172], [121.716063, 24.90117], [121.716064, 24.901169], [121.716064, 24.901167], [121.716064, 24.901165], [121.716064, 24.901163], [121.716064, 24.901161], [121.716064, 24.90116], [121.716064, 24.901158], [121.716064, 24.901156], [121.716063, 24.901154], [121.716063, 24.901152], [121.716063, 24.901151], [121.716062, 24.901149], [121.716062, 24.901147], [121.716062, 24.901145], [121.716026, 24.901014], [121.716009, 24.900971], [121.715976, 24.900887]]]]}}, {"type": "Feature", "properties": {"zoning_id": "Z0097", "zone_label": "公墓用地", "county": "新北市", "area_ha": 1.208}, "geometry": {"type": "MultiPolygon", "coordinates": [[[[121.702097, 24.931885], [121.702372, 24.932181], [121.702732, 24.932091], [121.703618, 24.931867], [121.703603, 24.93137], [121.703599, 24.931369], [121.70359, 24.931368], [121.703426, 24.93135], [121.702602, 24.931258], [121.701874, 24.931644], [121.70208, 24.931866], [121.702097, 24.931885]]]]}}, {"type": "Feature", "properties": {"zoning_id": "Z0098", "zone_label": "公墓用地", "county": "新北市", "area_ha": 3.039}, "geometry": {"type": "MultiPolygon", "coordinates": [[[[121.683794, 24.930193], [121.682454, 24.931372], [121.682621, 24.931587], [121.682621, 24.931588], [121.682844, 24.931885], [121.682962, 24.932042], [121.683094, 24.932219], [121.683096, 24.93222], [121.683104, 24.932232], [121.683182, 24.932335], [121.683321, 24.932521], [121.683362, 24.932574], [121.68377, 24.932211], [121.683813, 24.932172], [121.684615, 24.931445], [121.684742, 24.931332], [121.684039, 24.930484], [121.684002, 24.93044], [121.683891, 24.930308], [121.683794, 24.930193]]]]}}, {"type": "Feature", "properties": {"zoning_id": "Z0099", "zone_label": "公墓用地", "county": "新北市", "area_ha": 3.755}, "geometry": {"type": "MultiPolygon", "coordinates": [[[[121.670419, 24.936352], [121.670432, 24.936352], [121.670433, 24.936351], [121.670436, 24.936348], [121.670439, 24.936346], [121.670439, 24.936345], [121.670445, 24.936341], [121.670448, 24.936338], [121.670451, 24.936336], [121.670454, 24.936334], [121.670458, 24.936331], [121.670461, 24.936329], [121.670464, 24.936327], [121.670468, 24.936325], [121.670471, 24.936323], [121.670475, 24.936321], [121.670478, 24.936319], [121.670482, 24.936317], [121.670485, 24.936315], [121.670489, 24.936314], [121.670493, 24.936312], [121.670496, 24.93631], [121.6705, 24.936309], [121.670504, 24.936307], [121.670508, 24.936306], [121.670509, 24.936305], [121.670529, 24.9363], [121.670758, 24.936239], [121.670848, 24.936215], [121.670952, 24.936187], [121.671075, 24.936154], [121.671303, 24.936021], [121.671554, 24.935989], [121.67166, 24.935975], [121.671725, 24.935957], [121.67179, 24.93594], [121.671964, 24.935893], [121.672096, 24.935848], [121.672213, 24.935809], [121.67226, 24.935793], [121.6724, 24.935733], [121.672415, 24.935726], [121.67253, 24.935653], [121.672534, 24.93565], [121.672538, 24.935647], [121.672541, 24.935645], [121.672545, 24.935642], [121.672549, 24.935639], [121.672552, 24.935636], [121.672556, 24.935633], [121.672559, 24.93563], [121.672563, 24.935627], [121.672566, 24.935624], [121.67257, 24.935621], [121.672573, 24.935618], [121.672576, 24.935615], [121.672579, 24.935612], [121.672582, 24.935608], [121.672585, 24.935605], [121.672588, 24.935601], [121.672591, 24.935598], [121.672594, 24.935594], [121.672597, 24.935591], [121.6726, 24.935587], [121.672602, 24.935584], [121.672605, 24.93558], [121.672607, 24.935576], [121.67261, 24.935572], [121.672612, 24.935569], [121.672614, 24.935565], [121.672616, 24.935561], [121.672619, 24.935557], [121.672621, 24.935553], [121.672623, 24.935549], [121.672624, 24.935545], [121.672626, 24.935541], [121.672628, 24.935537], [121.67263, 24.935533], [121.672631, 24.935529], [121.672633, 24.935525], [121.672634, 24.93552], [121.672635, 24.935516], [121.672637, 24.935512], [121.672638, 24.935508], [121.672639, 24.935504], [121.67264, 24.935499], [121.672641, 24.935495], [121.672642, 24.935491], [121.672642, 24.935486], [121.672643, 24.935482], [121.672644, 24.935478], [121.672644, 24.935473], [121.672645, 24.935469], [121.672645, 24.935465], [121.672645, 24.93546], [121.672646, 24.935456], [121.672646, 24.935452], [121.672646, 24.935447], [121.672646, 24.935443], [121.672645, 24.935439], [121.672645, 24.935434], [121.672645, 24.93543], [121.672644, 24.935425], [121.672644, 24.935421], [121.672643, 24.935417], [121.672643, 24.935412], [121.672642, 24.935408], [121.672641, 24.935404], [121.67264, 24.9354], [121.672639, 24.935395], [121.672638, 24.935391], [121.672638, 24.935389], [121.672614, 24.935303], [121.672557, 24.935093], [121.672399, 24.934912], [121.672318, 24.93492], [121.672257, 24.934926], [121.671951, 24.935066], [121.671946, 24.935068], [121.671928, 24.935076], [121.671909, 24.935084], [121.671891, 24.935092], [121.671872, 24.935099], [121.671853, 24.935106], [121.671833, 24.935113], [121.671814, 24.935119], [121.671795, 24.935125], [121.671775, 24.935131], [121.671756, 24.935136], [121.671736, 24.935141], [121.671716, 24.935146], [121.671696, 24.93515], [121.671676, 24.935155], [121.671656, 24.935158], [121.671636, 24.935162], [121.671616, 24.935165], [121.671595, 24.935168], [121.671575, 24.93517], [121.671555, 24.935173], [121.671534, 24.935174], [121.671514, 24.935176], [121.671496, 24.935177], [121.671149, 24.935196], [121.67114, 24.935196], [121.671131, 24.935197], [121.671123, 24.935197], [121.671114, 24.935197], [121.671105, 24.935196], [121.671097, 24.935196], [121.671088, 24.935196], [121.671079, 24.935195], [121.671071, 24.935194], [121.671062, 24.935194], [121.671054, 24.935193], [121.671045, 24.935191], [121.671036, 24.93519], [121.671028, 24.935189], [121.671019, 24.935187], [121.671011, 24.935186], [121.671002, 24.935184], [121.670994, 24.935182], [121.670986, 24.93518], [121.670977, 24.935178], [121.670969, 24.935175], [121.670961, 24.935173], [121.670953, 24.93517], [121.670945, 24.935167], [121.670941, 24.935166], [121.670937, 24.935165], [121.670929, 24.935162], [121.670921, 24.935158], [121.670913, 24.935155], [121.670905, 24.935152], [121.670897, 24.935148], [121.670889, 24.935145], [121.670882, 24.935141], [121.670874, 24.935137], [121.670867, 24.935133], [121.670859, 24.935129], [121.670852, 24.935125], [121.670845, 24.93512], [121.670837, 24.935116], [121.67083, 24.935111], [121.670823, 24.935107], [121.670816, 24.935102], [121.67081, 24.935097], [121.670807, 24.935095], [121.670627, 24.934962], [121.670439, 24.934792], [121.670261, 24.93448], [121.670214, 24.934343], [121.670212, 24.934343], [121.670129, 24.934108], [121.669926, 24.934167], [121.669924, 24.934137], [121.669718, 24.934199], [121.669791, 24.934595], [121.669823, 24.934768], [121.669828, 24.934827], [121.669835, 24.934906], [121.669839, 24.934951], [121.669836, 24.934973], [121.669813, 24.935126], [121.669761, 24.935397], [121.669759, 24.935418], [121.669753, 24.935494], [121.669744, 24.935521], [121.669744, 24.935523], [121.669741, 24.935534], [121.66974, 24.935549], [121.669739, 24.935568], [121.669739, 24.935588], [121.669739, 24.935607], [121.669739, 24.935626], [121.66974, 24.935645], [121.669741, 24.935665], [121.669742, 24.935684], [121.669744, 24.935703], [121.669746, 24.935722], [121.669748, 24.935741], [121.669751, 24.935761], [121.669754, 24.93578], [121.669758, 24.935799], [121.669759, 24.935804], [121.669799, 24.936004], [121.6698, 24.93601], [121.669802, 24.936017], [121.669803, 24.936024], [121.669805, 24.93603], [121.669807, 24.936037], [121.669809, 24.936044], [121.669811, 24.93605], [121.669814, 24.936057], [121.669816, 24.936063], [121.669819, 24.93607], [121.669821, 24.936076], [121.669824, 24.936083], [121.669827, 24.936089], [121.66983, 24.936095], [121.669833, 24.936101], [121.669834, 24.936102], [121.669837, 24.936108], [121.66984, 24.936114], [121.669844, 24.93612], [121.669847, 24.936126], [121.669851, 24.936132], [121.669855, 24.936138], [121.669859, 24.936144], [121.669863, 24.93615], [121.669867, 24.936156], [121.669872, 24.936161], [121.669876, 24.936167], [121.66988, 24.936172], [121.669885, 24.936178], [121.66989, 24.936183], [121.669895, 24.936188], [121.6699, 24.936194], [121.669905, 24.936199], [121.66991, 24.936204], [121.669915, 24.936209], [121.66992, 24.936214], [121.669926, 24.936219], [121.669931, 24.936223], [121.669937, 24.936228], [121.669943, 24.936232], [121.669948, 24.936237], [121.669954, 24.936241], [121.66996, 24.936245], [121.669966, 24.93625], [121.669972, 24.936254], [121.669978, 24.936258], [121.669979, 24.936258], [121.669995, 24.936268], [121.670015, 24.936281], [121.67003, 24.93629], [121.670039, 24.936296], [121.67008, 24.936354], [121.67009, 24.936354], [121.670111, 24.936384], [121.670217, 24.936535], [121.670218, 24.936536], [121.670219, 24.936537], [121.670219, 24.936538], [121.67022, 24.936538], [121.670221, 24.936539], [121.670222, 24.93654], [121.670223, 24.936541], [121.670224, 24.936542], [121.670225, 24.936543], [121.670226, 24.936544], [121.670227, 24.936544], [121.670227, 24.936545], [121.670228, 24.936545], [121.670229, 24.936546], [121.67023, 24.936546], [121.670231, 24.936547], [121.670232, 24.936547], [121.670232, 24.936548], [121.670233, 24.936548], [121.670234, 24.936548], [121.670235, 24.936549], [121.670236, 24.93655], [121.670237, 24.93655], [121.670238, 24.93655], [121.670238, 24.936551], [121.670239, 24.936551], [121.67024, 24.936551], [121.670241, 24.936551], [121.670242, 24.936552], [121.670243, 24.936552], [121.670244, 24.936552], [121.670245, 24.936553], [121.670246, 24.936553], [121.670247, 24.936553], [121.670248, 24.936553], [121.670249, 24.936553], [121.67025, 24.936553], [121.670251, 24.936554], [121.670252, 24.936554], [121.670253, 24.936554], [121.670254, 24.936554], [121.670255, 24.936554], [121.670256, 24.936554], [121.670257, 24.936554], [121.670258, 24.936554], [121.670259, 24.936554], [121.67026, 24.936554], [121.670261, 24.936554], [121.670262, 24.936554], [121.670263, 24.936554], [121.670264, 24.936554], [121.670265, 24.936553], [121.670266, 24.936553], [121.670267, 24.936553], [121.670268, 24.936553], [121.670269, 24.936553], [121.67027, 24.936552], [121.670271, 24.936552], [121.670272, 24.936552], [121.670273, 24.936552], [121.670274, 24.936551], [121.670275, 24.936551], [121.670276, 24.936551], [121.670277, 24.93655], [121.670278, 24.93655], [121.670279, 24.936549], [121.67028, 24.936549], [121.670281, 24.936549], [121.670281, 24.936548], [121.670282, 24.936548], [121.670283, 24.936547], [121.670284, 24.936547], [121.670285, 24.936546], [121.670286, 24.936546], [121.670286, 24.936545], [121.670287, 24.936545], [121.670288, 24.936544], [121.670289, 24.936543], [121.67029, 24.936543], [121.67029, 24.936542], [121.670291, 24.936542], [121.670292, 24.936541], [121.670293, 24.93654], [121.670294, 24.936539], [121.670294, 24.936538], [121.670295, 24.936538], [121.670296, 24.936537], [121.670297, 24.936536], [121.670297, 24.936535], [121.670298, 24.936535], [121.670298, 24.936534], [121.670299, 24.936533], [121.670299, 24.936532], [121.67039, 24.93639], [121.670391, 24.936389], [121.670393, 24.936386], [121.670395, 24.936383], [121.670397, 24.936379], [121.670399, 24.936376], [121.670401, 24.936373], [121.670403, 24.93637], [121.670406, 24.936367], [121.670408, 24.936364], [121.670411, 24.936361], [121.670413, 24.936358], [121.670416, 24.936355], [121.670419, 24.936352]]]]}}, {"type": "Feature", "properties": {"zoning_id": "Z0100", "zone_label": "公墓用地", "county": "新北市", "area_ha": 1.078}, "geometry": {"type": "MultiPolygon", "coordinates": [[[[121.522809, 24.832825], [121.522808, 24.832834], [121.522791, 24.832953], [121.522787, 24.832987], [121.52264, 24.833016], [121.522639, 24.83307], [121.522638, 24.83318], [121.522636, 24.833445], [121.522635, 24.833542], [121.522633, 24.833734], [121.522864, 24.833824], [121.522925, 24.833872], [121.522955, 24.833895], [121.523038, 24.833929], [121.52307, 24.833942], [121.523156, 24.833977], [121.523389, 24.833995], [121.523392, 24.833995], [121.523408, 24.833996], [121.523424, 24.833998], [121.52344, 24.834], [121.523457, 24.834002], [121.523473, 24.834004], [121.523489, 24.834007], [121.523505, 24.83401], [121.523521, 24.834013], [121.523537, 24.834017], [121.523553, 24.83402], [121.523568, 24.834024], [121.523584, 24.834028], [121.5236, 24.834033], [121.523615, 24.834037], [121.523631, 24.834042], [121.523646, 24.834048], [121.523661, 24.834053], [121.523676, 24.834059], [121.523689, 24.834063], [121.523799, 24.834107], [121.523787, 24.834081], [121.523761, 24.834024], [121.523735, 24.833962], [121.523721, 24.833927], [121.52369, 24.83385], [121.523665, 24.833782], [121.523641, 24.833714], [121.523623, 24.833666], [121.523613, 24.833637], [121.523604, 24.833614], [121.523577, 24.833537], [121.523571, 24.833517], [121.523564, 24.833493], [121.523559, 24.833463], [121.523548, 24.833413], [121.523544, 24.833393], [121.523542, 24.833353], [121.523539, 24.833245], [121.523545, 24.833171], [121.523551, 24.833043], [121.523511, 24.833028], [121.522969, 24.832835], [121.522825, 24.832826], [121.522809, 24.832825]]]]}}, {"type": "Feature", "properties": {"zoning_id": "Z0101", "zone_label": "公墓用地", "county": "新北市", "area_ha": 1.078}, "geometry": {"type": "MultiPolygon", "coordinates": [[[[121.564729, 24.855604], [121.564735, 24.855606], [121.564719, 24.855557], [121.564222, 24.855315], [121.564168, 24.855289], [121.564255, 24.855141], [121.564514, 24.854689], [121.565031, 24.854925], [121.56516, 24.854984], [121.565172, 24.854956], [121.565211, 24.854972], [121.565222, 24.85495], [121.565269, 24.854849], [121.565238, 24.854813], [121.565221, 24.854794], [121.565216, 24.854735], [121.565164, 24.854104], [121.565156, 24.854107], [121.565026, 24.854154], [121.564895, 24.8542], [121.56421, 24.853876], [121.56419, 24.85449], [121.564179, 24.854813], [121.564174, 24.854961], [121.56417, 24.855102], [121.564169, 24.855112], [121.564165, 24.855253], [121.564144, 24.855292], [121.564132, 24.855314], [121.564083, 24.855406], [121.56416, 24.855437], [121.56416, 24.855441], [121.564158, 24.855496], [121.564157, 24.855531], [121.564156, 24.855554], [121.564201, 24.855554], [121.564203, 24.855554], [121.564205, 24.855554], [121.564207, 24.855554], [121.564209, 24.855554], [121.564211, 24.855554], [121.564213, 24.855554], [121.564215, 24.855554], [121.564217, 24.855554], [121.564219, 24.855554], [121.564221, 24.855554], [121.564223, 24.855554], [121.564225, 24.855554], [121.564227, 24.855554], [121.564229, 24.855554], [121.564231, 24.855554], [121.564233, 24.855554], [121.564235, 24.855555], [121.564237, 24.855555], [121.564239, 24.855555], [121.564241, 24.855555], [121.564243, 24.855555], [121.564245, 24.855555], [121.564247, 24.855555], [121.564249, 24.855556], [121.564251, 24.855556], [121.564253, 24.855556], [121.564255, 24.855556], [121.564257, 24.855556], [121.564259, 24.855557], [121.564261, 24.855557], [121.564263, 24.855557], [121.564265, 24.855557], [121.564267, 24.855557], [121.564269, 24.855558], [121.564271, 24.855558], [121.564272, 24.855558], [121.564274, 24.855559], [121.564276, 24.855559], [121.564278, 24.855559], [121.56428, 24.855559], [121.564282, 24.85556], [121.564284, 24.85556], [121.564286, 24.85556], [121.564288, 24.855561], [121.56429, 24.855561], [121.564292, 24.855561], [121.564294, 24.855562], [121.564296, 24.855562], [121.564298, 24.855563], [121.5643, 24.855563], [121.564302, 24.855563], [121.564304, 24.855564], [121.564305, 24.855564], [121.564307, 24.855565], [121.564309, 24.855565], [121.564311, 24.855565], [121.564313, 24.855566], [121.564315, 24.855566], [121.564317, 24.855567], [121.564319, 24.855567], [121.564321, 24.855568], [121.564323, 24.855568], [121.564325, 24.855569], [121.564327, 24.855569], [121.564328, 24.85557], [121.56433, 24.85557], [121.564332, 24.855571], [121.564334, 24.855571], [121.564336, 24.855572], [121.564338, 24.855572], [121.56434, 24.855573], [121.564342, 24.855573], [121.564344, 24.855574], [121.564345, 24.855575], [121.564347, 24.855575], [121.564349, 24.855576], [121.564351, 24.855576], [121.564353, 24.855577], [121.564355, 24.855578], [121.564357, 24.855578], [121.564358, 24.855579], [121.56436, 24.855579], [121.564362, 24.85558], [121.564364, 24.855581], [121.564366, 24.855581], [121.564368, 24.855582], [121.56437, 24.855583], [121.564371, 24.855583], [121.564373, 24.855584], [121.564375, 24.855585], [121.564377, 24.855585], [121.564379, 24.855586], [121.56438, 24.855587], [121.564382, 24.855588], [121.564384, 24.855588], [121.564386, 24.855589], [121.564388, 24.85559], [121.56439, 24.855591], [121.564391, 24.855591], [121.564393, 24.855592], [121.564395, 24.855593], [121.564397, 24.855594], [121.564398, 24.855595], [121.5644, 24.855595], [121.564402, 24.855596], [121.564404, 24.855597], [121.564405, 24.855598], [121.564407, 24.855599], [121.564409, 24.855599], [121.564411, 24.8556], [121.564412, 24.855601], [121.564414, 24.855602], [121.564416, 24.855603], [121.564418, 24.855604], [121.564419, 24.855605], [121.564421, 24.855606], [121.564423, 24.855606], [121.564425, 24.855607], [121.564426, 24.855608], [121.564428, 24.855609], [121.56443, 24.85561], [121.564431, 24.855611], [121.564433, 24.855612], [121.564435, 24.855613], [121.564436, 24.855614], [121.564674, 24.855749], [121.564675, 24.85575], [121.564677, 24.855751], [121.564678, 24.855752], [121.56468, 24.855753], [121.564682, 24.855754], [121.564684, 24.855755], [121.564685, 24.855755], [121.564687, 24.855756], [121.564689, 24.855757], [121.56469, 24.855758], [121.564692, 24.855759], [121.564694, 24.85576], [121.564696, 24.855761], [121.564697, 24.855762], [121.564699, 24.855763], [121.564701, 24.855763], [121.564703, 24.855764], [121.564704, 24.855765], [121.564706, 24.855766], [121.564708, 24.855767], [121.56471, 24.855768], [121.564711, 24.855768], [121.564713, 24.855769], [121.564715, 24.85577], [121.564717, 24.855771], [121.564718, 24.855771], [121.56472, 24.855772], [121.564722, 24.855773], [121.564724, 24.855774], [121.564726, 24.855775], [121.564727, 24.855775], [121.564729, 24.855776], [121.564731, 24.855777], [121.564733, 24.855777], [121.564735, 24.855778], [121.564737, 24.855779], [121.564738, 24.85578], [121.56474, 24.85578], [121.564742, 24.855781], [121.564744, 24.855782], [121.564746, 24.855782], [121.564748, 24.855783], [121.564749, 24.855784], [121.564751, 24.855784], [121.564753, 24.855785], [121.564755, 24.855786], [121.564757, 24.855786], [121.564759, 24.855787], [121.56476, 24.855787], [121.564762, 24.855788], [121.564764, 24.855789], [121.564766, 24.855789], [121.564768, 24.85579], [121.56477, 24.85579], [121.564772, 24.855791], [121.564774, 24.855791], [121.564775, 24.855792], [121.564777, 24.855793], [121.564779, 24.855793], [121.564774, 24.855774], [121.564754, 24.855697], [121.564729, 24.855604]]]]}}, {"type": "Feature", "properties": {"zoning_id": "Z0102", "zone_label": "公墓用地", "county": "新北市", "area_ha": 3.04}, "geometry": {"type": "MultiPolygon", "coordinates": [[[[121.819038, 24.973049], [121.819453, 24.973095], [121.819533, 24.973073], [121.819621, 24.973049], [121.819751, 24.973013], [121.819811, 24.972997], [121.819818, 24.972895], [121.819859, 24.972325], [121.819865, 24.97223], [121.819874, 24.972113], [121.819875, 24.972096], [121.819883, 24.971987], [121.819903, 24.971708], [121.819917, 24.971501], [121.819867, 24.971483], [121.819389, 24.971314], [121.818573, 24.971024], [121.818327, 24.972018], [121.818126, 24.97283], [121.818314, 24.972856], [121.818676, 24.972952], [121.818752, 24.972973], [121.818862, 24.973002], [121.819038, 24.973049]]]]}}, {"type": "Feature", "properties": {"zoning_id": "Z0103", "zone_label": "公墓用地", "county": "新北市", "area_ha": 1.462}, "geometry": {"type": "MultiPolygon", "coordinates": [[[[121.54575, 24.883047], [121.545752, 24.883046], [121.545753, 24.883044], [121.545755, 24.883043], [121.545756, 24.883042], [121.545757, 24.883041], [121.545759, 24.883039], [121.54576, 24.883038], [121.545762, 24.883037], [121.545763, 24.883036], [121.545765, 24.883034], [121.545766, 24.883033], [121.545767, 24.883032], [121.545769, 24.883031], [121.54577, 24.883029], [121.545772, 24.883028], [121.545773, 24.883027], [121.545774, 24.883025], [121.545776, 24.883024], [121.545777, 24.883023], [121.545778, 24.883022], [121.54578, 24.88302], [121.545781, 24.883019], [121.545783, 24.883018], [121.545784, 24.883016], [121.545785, 24.883015], [121.545787, 24.883014], [121.545788, 24.883012], [121.545789, 24.883011], [121.545791, 24.88301], [121.545792, 24.883008], [121.545793, 24.883007], [121.545795, 24.883006], [121.545796, 24.883004], [121.545797, 24.883003], [121.545799, 24.883002], [121.5458, 24.883], [121.545801, 24.882999], [121.545802, 24.882998], [121.545804, 24.882996], [121.545805, 24.882995], [121.545806, 24.882994], [121.545808, 24.882992], [121.545809, 24.882991], [121.54581, 24.882989], [121.545811, 24.882988], [121.545813, 24.882987], [121.545814, 24.882985], [121.545815, 24.882984], [121.545817, 24.882982], [121.545818, 24.882981], [121.545819, 24.88298], [121.54582, 24.882978], [121.545822, 24.882977], [121.545823, 24.882975], [121.545824, 24.882974], [121.545825, 24.882973], [121.545826, 24.882971], [121.545828, 24.88297], [121.545829, 24.882968], [121.54583, 24.882967], [121.545831, 24.882965], [121.545833, 24.882964], [121.545834, 24.882963], [121.545835, 24.882961], [121.545836, 24.88296], [121.545837, 24.882958], [121.545838, 24.882957], [121.54584, 24.882955], [121.545841, 24.882954], [121.545842, 24.882952], [121.545843, 24.882951], [121.545844, 24.88295], [121.545845, 24.882948], [121.545847, 24.882947], [121.545848, 24.882945], [121.545849, 24.882944], [121.54585, 24.882942], [121.545851, 24.882941], [121.545852, 24.882939], [121.545853, 24.882938], [121.545855, 24.882936], [121.545856, 24.882935], [121.545857, 24.882933], [121.545858, 24.882932], [121.545859, 24.88293], [121.54586, 24.882929], [121.545861, 24.882927], [121.545862, 24.882926], [121.545863, 24.882924], [121.545864, 24.882923], [121.545866, 24.882921], [121.545867, 24.88292], [121.545868, 24.882918], [121.545869, 24.882917], [121.54587, 24.882915], [121.545871, 24.882914], [121.545872, 24.882912], [121.545873, 24.882911], [121.545874, 24.882909], [121.545875, 24.882907], [121.545876, 24.882906], [121.545877, 24.882904], [121.545878, 24.882903], [121.545879, 24.882901], [121.54588, 24.8829], [121.545881, 24.882898], [121.545882, 24.882897], [121.545883, 24.882895], [121.545884, 24.882894], [121.545885, 24.882892], [121.545886, 24.88289], [121.545887, 24.882889], [121.545888, 24.882887], [121.545889, 24.882886], [121.54589, 24.882884], [121.545891, 24.882883], [121.545892, 24.882881], [121.545893, 24.882879], [121.545894, 24.882878], [121.545895, 24.882876], [121.545896, 24.882875], [121.545897, 24.882873], [121.545898, 24.882871], [121.545899, 24.88287], [121.545899, 24.882868], [121.5459, 24.882867], [121.545901, 24.882865], [121.545902, 24.882863], [121.545903, 24.882862], [121.545904, 24.88286], [121.545905, 24.882859], [121.545906, 24.882857], [121.545907, 24.882855], [121.545908, 24.882854], [121.545908, 24.882852], [121.545909, 24.88285], [121.54591, 24.882849], [121.54591, 24.882847], [121.545911, 24.882845], [121.545911, 24.882843], [121.545912, 24.882842], [121.545912, 24.88284], [121.545912, 24.882838], [121.545913, 24.882836], [121.545913, 24.882834], [121.545913, 24.882833], [121.545913, 24.882831], [121.545913, 24.882829], [121.545912, 24.882827], [121.545912, 24.882825], [121.545912, 24.882824], [121.545912, 24.882822], [121.545911, 24.88282], [121.545911, 24.882818], [121.54591, 24.882817], [121.54591, 24.882815], [121.545909, 24.882813], [121.545908, 24.882812], [121.545907, 24.88281], [121.545906, 24.882808], [121.545906, 24.882807], [121.545905, 24.882805], [121.545904, 24.882804], [121.545902, 24.882802], [121.545901, 24.882801], [121.5459, 24.882799], [121.545899, 24.882798], [121.545897, 24.882796], [121.545896, 24.882795], [121.545895, 24.882794], [121.545893, 24.882793], [121.545892, 24.882792], [121.54589, 24.88279], [121.545889, 24.882789], [121.545887, 24.882788], [121.545885, 24.882787], [121.545884, 24.882786], [121.545882, 24.882786], [121.54588, 24.882785], [121.545878, 24.882784], [121.545876, 24.882783], [121.545875, 24.882783], [121.545873, 24.882782], [121.545871, 24.882782], [121.545869, 24.882781], [121.545867, 24.882781], [121.545865, 24.88278], [121.545863, 24.88278], [121.545861, 24.88278], [121.545859, 24.88278], [121.545857, 24.88278], [121.545662, 24.882774], [121.545592, 24.882771], [121.54559, 24.882771], [121.545588, 24.882771], [121.545586, 24.882771], [121.545584, 24.882771], [121.545582, 24.882771], [121.54558, 24.882771], [121.545578, 24.882771], [121.545576, 24.882771], [121.545574, 24.88277], [121.545572, 24.88277], [121.54557, 24.88277], [121.545568, 24.88277], [121.545566, 24.88277], [121.545564, 24.882769], [121.545562, 24.882769], [121.54556, 24.882769], [121.545558, 24.882769], [121.545556, 24.882769], [121.545554, 24.882768], [121.545552, 24.882768], [121.54555, 24.882768], [121.545548, 24.882767], [121.545546, 24.882767], [121.545544, 24.882767], [121.545543, 24.882766], [121.545541, 24.882766], [121.545539, 24.882766], [121.545537, 24.882765], [121.545535, 24.882765], [121.545533, 24.882764], [121.545531, 24.882764], [121.545529, 24.882764], [121.545527, 24.882763], [121.545525, 24.882763], [121.545523, 24.882762], [121.545521, 24.882762], [121.545519, 24.882761], [121.545518, 24.882761], [121.545516, 24.88276], [121.545514, 24.88276], [121.545512, 24.882759], [121.54551, 24.882759], [121.545508, 24.882758], [121.545506, 24.882758], [121.545504, 24.882757], [121.545502, 24.882757], [121.545501, 24.882756], [121.545499, 24.882755], [121.545497, 24.882755], [121.545495, 24.882754], [121.545493, 24.882753], [121.545491, 24.882753], [121.545489, 24.882752], [121.545488, 24.882752], [121.545486, 24.882751], [121.545484, 24.88275], [121.545482, 24.882749], [121.54548, 24.882749], [121.545478, 24.882748], [121.545477, 24.882747], [121.545475, 24.882747], [121.545473, 24.882746], [121.545471, 24.882745], [121.545469, 24.882744], [121.545468, 24.882743], [121.545466, 24.882743], [121.545464, 24.882742], [121.545462, 24.882741], [121.545461, 24.88274], [121.545459, 24.882739], [121.545457, 24.882739], [121.545455, 24.882738], [121.545454, 24.882737], [121.545452, 24.882736], [121.54545, 24.882735], [121.545448, 24.882734], [121.545447, 24.882733], [121.545445, 24.882732], [121.545443, 24.882731], [121.545442, 24.882731], [121.54544, 24.88273], [121.545438, 24.882729], [121.545437, 24.882728], [121.545435, 24.882727], [121.545433, 24.882726], [121.545432, 24.882725], [121.54543, 24.882724], [121.545428, 24.882723], [121.545427, 24.882722], [121.545425, 24.882721], [121.545423, 24.88272], [121.545422, 24.882719], [121.54542, 24.882717], [121.545419, 24.882716], [121.545417, 24.882715], [121.545415, 24.882714], [121.545414, 24.882713], [121.545412, 24.882712], [121.545411, 24.882711], [121.545409, 24.88271], [121.545408, 24.882709], [121.545406, 24.882707], [121.545405, 24.882706], [121.545403, 24.882705], [121.545402, 24.882704], [121.5454, 24.882703], [121.545399, 24.882702], [121.545398, 24.882701], [121.545396, 24.8827], [121.545395, 24.882699], [121.545393, 24.882698], [121.545392, 24.882696], [121.54539, 24.882695], [121.545388, 24.882694], [121.545387, 24.882693], [121.545385, 24.882692], [121.545383, 24.882691], [121.545382, 24.88269], [121.54538, 24.88269], [121.545378, 24.882689], [121.545377, 24.882688], [121.545375, 24.882687], [121.545373, 24.882686], [121.545371, 24.882686], [121.545369, 24.882685], [121.545367, 24.882684], [121.545366, 24.882684], [121.545364, 24.882683], [121.545362, 24.882683], [121.54536, 24.882682], [121.545358, 24.882682], [121.545356, 24.882681], [121.545354, 24.882681], [121.545352, 24.882681], [121.54535, 24.88268], [121.545348, 24.88268], [121.545346, 24.88268], [121.545344, 24.88268], [121.545342, 24.882679], [121.54534, 24.882679], [121.545338, 24.882679], [121.545336, 24.882679], [121.545334, 24.882679], [121.545332, 24.882679], [121.54533, 24.882679], [121.545329, 24.882679], [121.545327, 24.88268], [121.545325, 24.88268], [121.545323, 24.88268], [121.545321, 24.88268], [121.545319, 24.882681], [121.545317, 24.882681], [121.545315, 24.882681], [121.545313, 24.882682], [121.545311, 24.882682], [121.545309, 24.882683], [121.545307, 24.882683], [121.545305, 24.882684], [121.545303, 24.882684], [121.545302, 24.882685], [121.5453, 24.882686], [121.545298, 24.882686], [121.545296, 24.882687], [121.545294, 24.882688], [121.545293, 24.882689], [121.545291, 24.882689], [121.545289, 24.88269], [121.545287, 24.882691], [121.545286, 24.882692], [121.545284, 24.882693], [121.545282, 24.882694], [121.545281, 24.882695], [121.545279, 24.882696], [121.545278, 24.882697], [121.545276, 24.882699], [121.545275, 24.8827], [121.545273, 24.882701], [121.545272, 24.882702], [121.54527, 24.882703], [121.545269, 24.882705], [121.545267, 24.882706], [121.545266, 24.882707], [121.545265, 24.882709], [121.545263, 24.88271], [121.545262, 24.882711], [121.545261, 24.882713], [121.54526, 24.882714], [121.545259, 24.882716], [121.545257, 24.882717], [121.545256, 24.882719], [121.545255, 24.88272], [121.545254, 24.882722], [121.545253, 24.882723], [121.545252, 24.882725], [121.545251, 24.882726], [121.54525, 24.882728], [121.545248, 24.882729], [121.545247, 24.88273], [121.545246, 24.882732], [121.545244, 24.882733], [121.545243, 24.882734], [121.545242, 24.882736], [121.54524, 24.882737], [121.545239, 24.882738], [121.545237, 24.882739], [121.545236, 24.882741], [121.545234, 24.882742], [121.545233, 24.882743], [121.545231, 24.882744], [121.54523, 24.882745], [121.545229, 24.882746], [121.545228, 24.882746], [121.545227, 24.882747], [121.545225, 24.882749], [121.545224, 24.88275], [121.545222, 24.882751], [121.54522, 24.882752], [121.545219, 24.882752], [121.545217, 24.882753], [121.545215, 24.882754], [121.545213, 24.882755], [121.545212, 24.882756], [121.54521, 24.882757], [121.545208, 24.882758], [121.545206, 24.882758], [121.545204, 24.882759], [121.545203, 24.88276], [121.545201, 24.882761], [121.545199, 24.882761], [121.545197, 24.882762], [121.545195, 24.882762], [121.545193, 24.882763], [121.545191, 24.882763], [121.54519, 24.882764], [121.545188, 24.882764], [121.545186, 24.882765], [121.545184, 24.882765], [121.545182, 24.882766], [121.54518, 24.882766], [121.545178, 24.882766], [121.545176, 24.882767], [121.545174, 24.882767], [121.545172, 24.882767], [121.54517, 24.882767], [121.545168, 24.882768], [121.545166, 24.882768], [121.545164, 24.882768], [121.545162, 24.882768], [121.54516, 24.882768], [121.545158, 24.882768], [121.545156, 24.882768], [121.545154, 24.882768], [121.545152, 24.882768], [121.54515, 24.882768], [121.545148, 24.882768], [121.545146, 24.882768], [121.545144, 24.882767], [121.545143, 24.882767], [121.545141, 24.882767], [121.545139, 24.882767], [121.545137, 24.882766], [121.545135, 24.882766], [121.545133, 24.882766], [121.545131, 24.882765], [121.545129, 24.882765], [121.545127, 24.882764], [121.545125, 24.882764], [121.545124, 24.882764], [121.545123, 24.882763], [121.545121, 24.882763], [121.545119, 24.882762], [121.545118, 24.882762], [121.545116, 24.882761], [121.545114, 24.88276], [121.545112, 24.88276], [121.54511, 24.882759], [121.545108, 24.882758], [121.545107, 24.882757], [121.545105, 24.882757], [121.545103, 24.882756], [121.545101, 24.882755], [121.5451, 24.882754], [121.545098, 24.882753], [121.545096, 24.882752], [121.545095, 24.882751], [121.545093, 24.88275], [121.545091, 24.882749], [121.54509, 24.882748], [121.545088, 24.882747], [121.545086, 24.882746], [121.545085, 24.882745], [121.545083, 24.882744], [121.545082, 24.882743], [121.54508, 24.882741], [121.545079, 24.88274], [121.545077, 24.882739], [121.545076, 24.882738], [121.545075, 24.882736], [121.545074, 24.882736], [121.545073, 24.882735], [121.545072, 24.882734], [121.54507, 24.882733], [121.545069, 24.882731], [121.545068, 24.88273], [121.545067, 24.882728], [121.545065, 24.882727], [121.545064, 24.882726], [121.545063, 24.882724], [121.545062, 24.882723], [121.545061, 24.882721], [121.54506, 24.88272], [121.545059, 24.882718], [121.545057, 24.882717], [121.545057, 24.882715], [121.54503, 24.882665], [121.545029, 24.882663], [121.545028, 24.882662], [121.545027, 24.88266], [121.545026, 24.882659], [121.545024, 24.882657], [121.545023, 24.882656], [121.545022, 24.882654], [121.545021, 24.882653], [121.545019, 24.882652], [121.545018, 24.88265], [121.545017, 24.882649], [121.545015, 24.882648], [121.545014, 24.882647], [121.545012, 24.882646], [121.545011, 24.882645], [121.545009, 24.882644], [121.545007, 24.882643], [121.545006, 24.882642], [121.545004, 24.882641], [121.545002, 24.88264], [121.545, 24.882639], [121.544999, 24.882638], [121.544997, 24.882638], [121.544995, 24.882637], [121.544993, 24.882636], [121.544991, 24.882636], [121.544989, 24.882635], [121.544987, 24.882635], [121.544985, 24.882635], [121.544984, 24.882634], [121.544982, 24.882634], [121.54498, 24.882634], [121.544978, 24.882634], [121.544976, 24.882633], [121.544974, 24.882633], [121.544972, 24.882633], [121.54497, 24.882634], [121.544968, 24.882634], [121.544966, 24.882634], [121.544964, 24.882634], [121.544962, 24.882634], [121.54496, 24.882635], [121.544958, 24.882635], [121.544956, 24.882636], [121.544954, 24.882636], [121.544952, 24.882637], [121.54495, 24.882637], [121.544949, 24.882638], [121.544947, 24.882639], [121.544945, 24.88264], [121.544943, 24.882641], [121.544942, 24.882641], [121.54494, 24.882642], [121.544938, 24.882643], [121.544937, 24.882644], [121.544935, 24.882646], [121.544934, 24.882647], [121.544932, 24.882648], [121.544931, 24.882649], [121.544929, 24.88265], [121.544928, 24.882652], [121.544926, 24.882653], [121.544925, 24.882654], [121.544924, 24.882656], [121.544923, 24.882657], [121.544921, 24.882659], [121.54492, 24.88266], [121.544919, 24.882661], [121.544917, 24.882663], [121.544916, 24.882664], [121.544915, 24.882665], [121.544913, 24.882666], [121.544912, 24.882668], [121.54491, 24.882669], [121.544909, 24.88267], [121.544907, 24.882671], [121.544905, 24.882672], [121.544904, 24.882673], [121.544902, 24.882674], [121.5449, 24.882675], [121.544899, 24.882676], [121.544897, 24.882677], [121.544895, 24.882678], [121.544894, 24.882678], [121.544892, 24.882679], [121.54489, 24.88268], [121.544888, 24.882681], [121.544886, 24.882681], [121.544884, 24.882682], [121.544883, 24.882682], [121.544881, 24.882683], [121.544879, 24.882683], [121.544877, 24.882684], [121.544875, 24.882684], [121.544873, 24.882685], [121.544871, 24.882685], [121.544869, 24.882685], [121.544867, 24.882686], [121.544865, 24.882686], [121.544863, 24.882686], [121.544861, 24.882686], [121.544859, 24.882686], [121.544857, 24.882686], [121.544855, 24.882686], [121.544853, 24.882686], [121.544851, 24.882686], [121.544849, 24.882686], [121.544847, 24.882686], [121.544845, 24.882686], [121.544843, 24.882685], [121.544841, 24.882685], [121.54484, 24.882685], [121.544838, 24.882684], [121.544836, 24.882684], [121.544834, 24.882684], [121.544832, 24.882683], [121.54483, 24.882683], [121.544828, 24.882682], [121.544826, 24.882681], [121.544824, 24.882681], [121.544823, 24.88268], [121.544821, 24.882679], [121.544819, 24.882679], [121.544817, 24.882678], [121.544815, 24.882677], [121.544814, 24.882676], [121.544812, 24.882675], [121.54481, 24.882674], [121.544809, 24.882673], [121.544807, 24.882672], [121.544805, 24.882671], [121.544804, 24.88267], [121.544802, 24.882669], [121.544801, 24.882668], [121.544799, 24.882667], [121.544798, 24.882665], [121.544796, 24.882664], [121.544677, 24.882558], [121.544676, 24.882558], [121.544675, 24.882557], [121.544673, 24.882555], [121.544672, 24.882554], [121.54467, 24.882553], [121.544669, 24.882552], [121.544667, 24.882551], [121.544665, 24.88255], [121.544664, 24.882549], [121.544662, 24.882548], [121.54466, 24.882548], [121.544658, 24.882547], [121.544657, 24.882546], [121.544655, 24.882545], [121.544653, 24.882545], [121.544651, 24.882544], [121.544649, 24.882544], [121.544647, 24.882543], [121.544645, 24.882543], [121.544643, 24.882543], [121.544641, 24.882542], [121.544639, 24.882542], [121.544637, 24.882542], [121.544635, 24.882542], [121.544633, 24.882542], [121.544631, 24.882542], [121.54463, 24.882542], [121.544628, 24.882542], [121.544626, 24.882542], [121.544624, 24.882543], [121.544622, 24.882543], [121.54462, 24.882543], [121.544618, 24.882544], [121.544616, 24.882544], [121.544614, 24.882545], [121.544612, 24.882545], [121.54461, 24.882546], [121.544608, 24.882546], [121.544552, 24.882568], [121.54455, 24.882569], [121.544549, 24.882569], [121.544547, 24.88257], [121.544545, 24.88257], [121.544543, 24.882571], [121.544541, 24.882571], [121.544539, 24.882572], [121.544537, 24.882572], [121.544535, 24.882572], [121.544533, 24.882573], [121.544531, 24.882573], [121.544529, 24.882573], [121.544527, 24.882573], [121.544525, 24.882573], [121.544523, 24.882573], [121.544521, 24.882573], [121.544519, 24.882573], [121.544517, 24.882573], [121.544515, 24.882573], [121.544513, 24.882573], [121.544512, 24.882573], [121.54451, 24.882572], [121.544508, 24.882572], [121.544506, 24.882572], [121.544504, 24.882571], [121.544502, 24.882571], [121.5445, 24.88257], [121.544498, 24.88257], [121.544496, 24.882569], [121.544494, 24.882568], [121.544493, 24.882568], [121.544491, 24.882567], [121.544489, 24.882566], [121.544487, 24.882565], [121.544485, 24.882564], [121.544484, 24.882564], [121.544482, 24.882563], [121.54448, 24.882562], [121.544479, 24.882561], [121.544477, 24.88256], [121.544476, 24.882558], [121.544474, 24.882557], [121.544473, 24.882556], [121.544471, 24.882555], [121.54447, 24.882554], [121.544468, 24.882552], [121.544467, 24.882551], [121.544466, 24.88255], [121.544464, 24.882548], [121.544463, 24.882547], [121.544462, 24.882546], [121.544461, 24.882544], [121.54446, 24.882543], [121.544458, 24.882541], [121.544457, 24.88254], [121.544457, 24.882539], [121.544456, 24.882538], [121.544455, 24.882536], [121.544454, 24.882535], [121.544453, 24.882533], [121.544452, 24.882532], [121.544451, 24.88253], [121.54445, 24.882529], [121.544448, 24.882528], [121.544447, 24.882526], [121.544445, 24.882525], [121.544444, 24.882524], [121.544442, 24.882523], [121.544441, 24.882522], [121.544439, 24.882521], [121.544438, 24.88252], [121.544436, 24.882519], [121.544434, 24.882518], [121.544432, 24.882517], [121.544431, 24.882516], [121.544429, 24.882516], [121.544427, 24.882515], [121.544425, 24.882514], [121.544423, 24.882514], [121.544421, 24.882514], [121.544419, 24.882513], [121.544417, 24.882513], [121.544415, 24.882513], [121.544413, 24.882512], [121.544412, 24.882512], [121.54441, 24.882512], [121.544408, 24.882512], [121.544406, 24.882512], [121.544404, 24.882512], [121.544402, 24.882513], [121.5444, 24.882513], [121.544398, 24.882513], [121.544396, 24.882513], [121.544394, 24.882514], [121.544392, 24.882514], [121.54439, 24.882515], [121.544388, 24.882516], [121.544386, 24.882516], [121.544385, 24.882517], [121.544383, 24.882518], [121.544381, 24.882519], [121.544379, 24.88252], [121.544378, 24.882521], [121.544376, 24.882522], [121.544375, 24.882523], [121.544373, 24.882524], [121.544372, 24.882525], [121.54437, 24.882526], [121.544369, 24.882528], [121.544367, 24.882529], [121.544366, 24.88253], [121.544365, 24.882532], [121.544364, 24.882533], [121.544363, 24.882535], [121.544362, 24.882536], [121.544361, 24.882538], [121.54436, 24.88254], [121.544359, 24.882541], [121.544358, 24.882543], [121.544357, 24.882544], [121.544313, 24.882652], [121.544312, 24.882654], [121.544312, 24.882655], [121.544311, 24.882656], [121.544311, 24.882657], [121.54431, 24.882659], [121.54431, 24.88266], [121.544309, 24.882662], [121.544308, 24.882664], [121.544308, 24.882665], [121.544307, 24.882667], [121.544306, 24.882669], [121.544306, 24.882671], [121.544305, 24.882672], [121.544304, 24.882674], [121.544304, 24.882676], [121.544303, 24.882677], [121.544303, 24.882679], [121.544302, 24.882681], [121.544302, 24.882683], [121.544301, 24.882684], [121.5443, 24.882686], [121.5443, 24.882688], [121.544299, 24.88269], [121.544299, 24.882691], [121.544298, 24.882693], [121.544298, 24.882695], [121.544297, 24.882697], [121.544297, 24.882698], [121.544296, 24.8827], [121.544296, 24.882702], [121.544295, 24.882703], [121.544295, 24.882705], [121.544294, 24.882707], [121.544294, 24.882709], [121.544293, 24.88271], [121.544293, 24.882712], [121.544292, 24.882714], [121.544292, 24.882716], [121.544291, 24.882718], [121.544291, 24.882719], [121.54429, 24.882721], [121.54429, 24.882723], [121.54429, 24.882725], [121.544289, 24.882726], [121.544289, 24.882728], [121.544288, 24.88273], [121.544288, 24.882732], [121.544288, 24.882733], [121.544287, 24.882735], [121.544287, 24.882737], [121.544286, 24.882739], [121.544286, 24.882741], [121.544286, 24.882742], [121.544285, 24.882744], [121.544285, 24.882746], [121.544285, 24.882748], [121.544284, 24.882749], [121.544284, 24.882751], [121.544284, 24.882753], [121.544283, 24.882755], [121.544283, 24.882757], [121.544283, 24.882758], [121.544283, 24.88276], [121.544282, 24.882762], [121.544282, 24.882764], [121.544282, 24.882765], [121.544282, 24.882767], [121.544281, 24.882769], [121.544281, 24.882771], [121.544281, 24.882773], [121.544281, 24.882774], [121.54428, 24.882776], [121.54428, 24.882778], [121.54428, 24.88278], [121.54428, 24.882782], [121.54428, 24.882783], [121.544279, 24.882785], [121.544279, 24.882787], [121.544279, 24.882789], [121.544279, 24.882791], [121.544279, 24.882792], [121.544279, 24.882794], [121.544278, 24.882796], [121.544278, 24.882798], [121.544278, 24.8828], [121.544278, 24.882801], [121.544278, 24.882803], [121.544278, 24.882805], [121.544278, 24.882807], [121.544278, 24.882809], [121.544277, 24.88281], [121.544277, 24.882812], [121.544277, 24.882814], [121.544277, 24.882816], [121.544277, 24.882818], [121.544277, 24.882819], [121.544277, 24.882821], [121.544277, 24.882823], [121.544277, 24.882825], [121.544277, 24.882827], [121.544277, 24.882828], [121.544277, 24.88283], [121.544277, 24.882832], [121.544277, 24.882834], [121.544277, 24.882836], [121.544277, 24.882838], [121.544277, 24.882839], [121.544277, 24.882841], [121.544277, 24.882843], [121.544277, 24.882845], [121.544277, 24.882847], [121.544277, 24.882848], [121.544277, 24.88285], [121.544277, 24.882852], [121.544277, 24.882854], [121.544277, 24.882856], [121.544285, 24.883002], [121.544285, 24.883004], [121.544284, 24.883005], [121.544284, 24.883007], [121.544284, 24.883009], [121.544284, 24.883011], [121.544283, 24.883013], [121.544283, 24.883014], [121.544282, 24.883016], [121.544281, 24.883018], [121.54428, 24.883019], [121.54428, 24.883021], [121.544279, 24.883022], [121.544277, 24.883024], [121.544276, 24.883025], [121.544276, 24.883026], [121.544275, 24.883027], [121.544274, 24.883028], [121.544272, 24.883029], [121.544271, 24.883031], [121.544269, 24.883032], [121.544268, 24.883033], [121.544266, 24.883034], [121.544264, 24.883035], [121.544263, 24.883036], [121.544261, 24.883036], [121.544259, 24.883037], [121.544257, 24.883038], [121.544255, 24.883038], [121.544253, 24.883038], [121.544251, 24.883039], [121.544249, 24.883039], [121.544247, 24.883039], [121.544245, 24.883039], [121.544243, 24.883039], [121.544241, 24.883039], [121.544239, 24.883039], [121.544237, 24.883038], [121.544236, 24.883038], [121.544122, 24.883012], [121.544114, 24.883088], [121.544105, 24.883164], [121.544075, 24.883439], [121.544074, 24.883439], [121.544074, 24.883441], [121.544074, 24.883443], [121.544074, 24.883445], [121.544074, 24.883447], [121.544074, 24.883448], [121.544074, 24.88345], [121.544074, 24.883452], [121.544074, 24.883454], [121.544074, 24.883456], [121.544075, 24.883457], [121.544075, 24.883459], [121.544075, 24.883461], [121.544075, 24.883463], [121.544076, 24.883465], [121.544076, 24.883466], [121.544077, 24.883468], [121.544077, 24.88347], [121.544078, 24.883472], [121.544078, 24.883473], [121.544079, 24.883475], [121.544079, 24.883477], [121.54408, 24.883479], [121.544081, 24.88348], [121.544081, 24.883482], [121.544082, 24.883484], [121.544083, 24.883485], [121.544084, 24.883487], [121.544085, 24.883488], [121.544086, 24.88349], [121.544086, 24.883492], [121.544087, 24.883493], [121.544088, 24.883495], [121.54409, 24.883496], [121.544091, 24.883498], [121.544092, 24.883499], [121.544093, 24.883501], [121.544094, 24.883502], [121.544095, 24.883504], [121.544096, 24.883505], [121.544098, 24.883506], [121.544099, 24.883508], [121.5441, 24.883509], [121.544102, 24.883511], [121.544103, 24.883512], [121.544293, 24.883684], [121.544294, 24.883686], [121.544296, 24.883687], [121.544298, 24.883688], [121.544299, 24.883689], [121.544301, 24.88369], [121.544302, 24.883691], [121.544304, 24.883692], [121.544305, 24.883693], [121.544307, 24.883694], [121.544309, 24.883695], [121.54431, 24.883696], [121.544312, 24.883697], [121.544313, 24.883698], [121.544315, 24.8837], [121.544317, 24.883701], [121.544318, 24.883702], [121.54432, 24.883703], [121.544322, 24.883704], [121.544323, 24.883705], [121.544325, 24.883706], [121.544327, 24.883707], [121.544328, 24.883707], [121.54433, 24.883708], [121.544332, 24.883709], [121.544333, 24.88371], [121.544335, 24.883711], [121.544337, 24.883712], [121.544338, 24.883713], [121.54434, 24.883714], [121.544342, 24.883715], [121.544344, 24.883716], [121.544345, 24.883717], [121.544347, 24.883718], [121.544349, 24.883719], [121.54435, 24.883719], [121.544352, 24.88372], [121.544354, 24.883721], [121.544356, 24.883722], [121.544357, 24.883723], [121.544359, 24.883724], [121.544361, 24.883725], [121.544363, 24.883725], [121.544364, 24.883726], [121.544366, 24.883727], [121.544368, 24.883728], [121.54437, 24.883729], [121.544372, 24.883729], [121.544373, 24.88373], [121.544375, 24.883731], [121.544377, 24.883732], [121.544379, 24.883732], [121.544381, 24.883733], [121.544382, 24.883734], [121.544384, 24.883735], [121.544386, 24.883735], [121.544388, 24.883736], [121.54439, 24.883737], [121.544392, 24.883737], [121.544393, 24.883738], [121.544395, 24.883739], [121.544397, 24.883739], [121.544399, 24.88374], [121.544401, 24.883741], [121.544403, 24.883741], [121.544404, 24.883742], [121.544406, 24.883743], [121.544408, 24.883743], [121.54441, 24.883744], [121.544411, 24.883744], [121.544412, 24.883744], [121.544414, 24.883745], [121.544416, 24.883745], [121.544418, 24.883746], [121.544419, 24.883747], [121.544421, 24.883747], [121.544423, 24.883748], [121.544425, 24.883748], [121.544427, 24.883749], [121.544429, 24.883749], [121.544431, 24.88375], [121.544433, 24.88375], [121.544435, 24.883751], [121.544436, 24.883751], [121.544438, 24.883752], [121.544439, 24.883752], [121.54444, 24.883752], [121.544442, 24.883753], [121.544444, 24.883753], [121.544446, 24.883754], [121.544448, 24.883754], [121.54445, 24.883754], [121.544452, 24.883755], [121.544454, 24.883755], [121.544456, 24.883756], [121.544458, 24.883756], [121.54446, 24.883756], [121.544461, 24.883757], [121.544463, 24.883757], [121.544465, 24.883757], [121.544467, 24.883758], [121.544469, 24.883758], [121.544471, 24.883758], [121.544473, 24.883759], [121.544475, 24.883759], [121.544477, 24.883759], [121.544479, 24.88376], [121.544481, 24.88376], [121.544483, 24.88376], [121.544485, 24.883761], [121.544487, 24.883761], [121.544489, 24.883761], [121.544491, 24.883761], [121.544493, 24.883761], [121.544495, 24.883762], [121.544497, 24.883762], [121.544499, 24.883762], [121.544501, 24.883762], [121.544503, 24.883762], [121.544505, 24.883763], [121.544506, 24.883763], [121.544508, 24.883763], [121.54451, 24.883763], [121.544512, 24.883763], [121.544514, 24.883763], [121.544516, 24.883764], [121.544518, 24.883764], [121.54452, 24.883764], [121.544522, 24.883764], [121.544524, 24.883764], [121.544526, 24.883764], [121.544528, 24.883764], [121.54453, 24.883764], [121.544532, 24.883764], [121.544534, 24.883764], [121.544536, 24.883764], [121.544538, 24.883764], [121.54454, 24.883764], [121.544542, 24.883764], [121.544544, 24.883764], [121.544546, 24.883764], [121.544548, 24.883764], [121.54455, 24.883764], [121.544552, 24.883764], [121.544554, 24.883764], [121.544556, 24.883764], [121.544558, 24.883764], [121.54456, 24.883764], [121.544562, 24.883764], [121.544564, 24.883764], [121.544566, 24.883764], [121.544568, 24.883764], [121.54457, 24.883763], [121.544572, 24.883763], [121.544574, 24.883763], [121.544576, 24.883763], [121.544578, 24.883763], [121.54458, 24.883763], [121.544582, 24.883763], [121.544584, 24.883762], [121.544586, 24.883762], [121.544588, 24.883762], [121.544589, 24.883762], [121.544591, 24.883762], [121.544593, 24.883761], [121.544595, 24.883761], [121.544597, 24.883761], [121.544599, 24.883761], [121.544601, 24.88376], [121.544603, 24.88376], [121.54473, 24.883742], [121.544768, 24.883685], [121.544852, 24.883557], [121.544881, 24.883512], [121.544882, 24.883511], [121.544883, 24.883509], [121.544884, 24.883508], [121.544885, 24.883506], [121.544886, 24.883505], [121.544887, 24.883503], [121.544888, 24.883501], [121.544889, 24.8835], [121.544891, 24.883498], [121.544892, 24.883497], [121.544893, 24.883495], [121.544894, 24.883494], [121.544895, 24.883493], [121.544896, 24.883491], [121.544897, 24.88349], [121.544898, 24.883488], [121.5449, 24.883487], [121.544901, 24.883485], [121.544902, 24.883484], [121.544903, 24.883482], [121.544904, 24.883481], [121.544906, 24.883479], [121.544907, 24.883478], [121.544908, 24.883477], [121.544909, 24.883475], [121.54491, 24.883474], [121.544912, 24.883472], [121.544913, 24.883471], [121.544914, 24.88347], [121.544916, 24.883468], [121.544917, 24.883467], [121.544918, 24.883465], [121.544919, 24.883464], [121.544921, 24.883463], [121.544922, 24.883461], [121.544923, 24.88346], [121.544925, 24.883459], [121.544926, 24.883457], [121.544927, 24.883456], [121.544929, 24.883455], [121.54493, 24.883453], [121.544932, 24.883452], [121.544933, 24.883451], [121.544934, 24.88345], [121.544936, 24.883448], [121.544937, 24.883447], [121.544939, 24.883446], [121.54494, 24.883445], [121.544941, 24.883443], [121.544943, 24.883442], [121.544944, 24.883441], [121.544946, 24.88344], [121.544947, 24.883438], [121.544949, 24.883437], [121.54495, 24.883436], [121.544952, 24.883435], [121.544953, 24.883434], [121.544955, 24.883432], [121.544956, 24.883431], [121.544958, 24.88343], [121.544959, 24.883429], [121.544961, 24.883428], [121.544962, 24.883427], [121.544964, 24.883425], [121.544965, 24.883424], [121.544967, 24.883423], [121.544968, 24.883422], [121.54497, 24.883421], [121.544971, 24.88342], [121.544973, 24.883419], [121.544975, 24.883418], [121.544976, 24.883417], [121.544978, 24.883416], [121.544979, 24.883414], [121.544981, 24.883413], [121.544983, 24.883412], [121.544984, 24.883411], [121.544986, 24.88341], [121.544987, 24.883409], [121.544989, 24.883408], [121.544991, 24.883407], [121.544992, 24.883406], [121.544994, 24.883405], [121.544996, 24.883404], [121.544997, 24.883403], [121.544999, 24.883402], [121.545001, 24.883401], [121.545002, 24.8834], [121.545004, 24.8834], [121.545006, 24.883399], [121.545008, 24.883398], [121.545009, 24.883397], [121.545011, 24.883396], [121.545013, 24.883395], [121.545014, 24.883394], [121.545016, 24.883393], [121.545018, 24.883392], [121.54502, 24.883392], [121.545021, 24.883391], [121.545023, 24.88339], [121.545025, 24.883389], [121.545027, 24.883388], [121.545028, 24.883387], [121.54503, 24.883387], [121.545032, 24.883386], [121.545034, 24.883385], [121.545036, 24.883384], [121.545037, 24.883383], [121.545039, 24.883383], [121.545041, 24.883382], [121.545043, 24.883381], [121.545045, 24.88338], [121.545046, 24.88338], [121.545048, 24.883379], [121.54505, 24.883378], [121.545052, 24.883378], [121.545054, 24.883377], [121.545055, 24.883376], [121.545057, 24.883376], [121.545059, 24.883375], [121.545061, 24.883374], [121.545063, 24.883374], [121.545065, 24.883373], [121.545067, 24.883372], [121.545068, 24.883372], [121.54507, 24.883371], [121.545072, 24.883371], [121.545074, 24.88337], [121.545076, 24.883369], [121.545078, 24.883369], [121.54508, 24.883368], [121.545082, 24.883368], [121.545083, 24.883367], [121.545085, 24.883367], [121.545087, 24.883366], [121.545089, 24.883366], [121.545091, 24.883365], [121.545093, 24.883365], [121.545095, 24.883364], [121.545097, 24.883364], [121.545099, 24.883363], [121.545101, 24.883363], [121.545102, 24.883362], [121.545104, 24.883362], [121.545106, 24.883361], [121.545108, 24.883361], [121.54511, 24.883361], [121.545112, 24.88336], [121.545114, 24.88336], [121.545116, 24.883359], [121.545118, 24.883359], [121.54512, 24.883359], [121.545122, 24.883358], [121.545124, 24.883358], [121.545126, 24.883358], [121.545128, 24.883357], [121.54513, 24.883357], [121.545132, 24.883357], [121.545134, 24.883356], [121.545135, 24.883356], [121.545137, 24.883356], [121.545139, 24.883356], [121.545141, 24.883355], [121.545143, 24.883355], [121.545145, 24.883355], [121.545147, 24.883355], [121.545149, 24.883355], [121.545151, 24.883354], [121.545153, 24.883354], [121.545155, 24.883354], [121.545157, 24.883354], [121.545159, 24.883354], [121.545161, 24.883353], [121.545163, 24.883353], [121.545165, 24.883353], [121.545167, 24.883353], [121.545169, 24.883353], [121.545171, 24.883353], [121.545173, 24.883353], [121.545175, 24.883353], [121.545177, 24.883353], [121.545179, 24.883353], [121.545181, 24.883353], [121.545183, 24.883352], [121.545185, 24.883352], [121.545187, 24.883352], [121.545189, 24.883352], [121.545191, 24.883352], [121.545193, 24.883352], [121.545195, 24.883352], [121.545197, 24.883352], [121.545199, 24.883352], [121.545201, 24.883353], [121.545203, 24.883353], [121.545205, 24.883353], [121.545207, 24.883353], [121.545208, 24.883353], [121.54521, 24.883353], [121.545212, 24.883353], [121.545214, 24.883353], [121.545216, 24.883353], [121.545218, 24.883353], [121.545219, 24.883353], [121.545221, 24.883354], [121.545223, 24.883354], [121.545225, 24.883354], [121.545227, 24.883354], [121.545229, 24.883354], [121.545231, 24.883354], [121.545233, 24.883354], [121.545235, 24.883354], [121.545237, 24.883354], [121.545239, 24.883354], [121.545241, 24.883354], [121.545243, 24.883354], [121.545245, 24.883354], [121.545247, 24.883354], [121.545249, 24.883354], [121.545251, 24.883354], [121.545253, 24.883354], [121.545255, 24.883354], [121.545257, 24.883354], [121.545259, 24.883354], [121.545261, 24.883354], [121.545263, 24.883354], [121.545265, 24.883354], [121.545267, 24.883354], [121.545268, 24.883353], [121.54527, 24.883353], [121.545272, 24.883353], [121.545274, 24.883353], [121.545276, 24.883353], [121.545278, 24.883352], [121.54528, 24.883352], [121.545282, 24.883352], [121.545284, 24.883352], [121.545286, 24.883352], [121.545288, 24.883351], [121.54529, 24.883351], [121.545292, 24.883351], [121.545294, 24.88335], [121.545296, 24.88335], [121.545298, 24.88335], [121.5453, 24.88335], [121.545302, 24.883349], [121.545304, 24.883349], [121.545306, 24.883349], [121.545308, 24.883348], [121.54531, 24.883348], [121.545311, 24.883347], [121.545313, 24.883347], [121.545315, 24.883347], [121.545317, 24.883346], [121.545319, 24.883346], [121.545321, 24.883345], [121.545323, 24.883345], [121.545325, 24.883344], [121.545327, 24.883344], [121.545329, 24.883343], [121.545331, 24.883343], [121.545333, 24.883342], [121.545334, 24.883342], [121.545336, 24.883341], [121.545338, 24.883341], [121.54534, 24.88334], [121.545342, 24.88334], [121.545344, 24.883339], [121.545346, 24.883338], [121.545348, 24.883338], [121.545349, 24.883337], [121.545351, 24.883337], [121.545353, 24.883336], [121.545355, 24.883335], [121.545357, 24.883335], [121.545359, 24.883334], [121.545361, 24.883333], [121.545362, 24.883333], [121.545364, 24.883332], [121.545366, 24.883331], [121.545368, 24.88333], [121.54537, 24.88333], [121.545371, 24.883329], [121.545373, 24.883328], [121.545375, 24.883327], [121.545377, 24.883327], [121.545379, 24.883326], [121.54538, 24.883325], [121.545382, 24.883324], [121.545384, 24.883323], [121.545386, 24.883323], [121.545387, 24.883322], [121.545389, 24.883321], [121.545391, 24.88332], [121.545393, 24.883319], [121.545394, 24.883318], [121.545396, 24.883317], [121.545398, 24.883317], [121.5454, 24.883316], [121.545401, 24.883315], [121.545403, 24.883314], [121.545405, 24.883313], [121.545406, 24.883312], [121.545408, 24.883311], [121.54541, 24.88331], [121.545411, 24.883309], [121.545413, 24.883308], [121.545415, 24.883307], [121.545416, 24.883306], [121.545418, 24.883305], [121.54542, 24.883304], [121.545421, 24.883303], [121.545423, 24.883302], [121.545424, 24.883301], [121.545426, 24.8833], [121.545428, 24.883299], [121.545429, 24.883298], [121.545431, 24.883297], [121.545432, 24.883296], [121.545434, 24.883294], [121.545435, 24.883293], [121.545437, 24.883292], [121.545439, 24.883291], [121.54544, 24.88329], [121.545442, 24.883289], [121.545443, 24.883288], [121.545445, 24.883286], [121.545597, 24.883168], [121.545726, 24.883066], [121.545727, 24.883066], [121.545728, 24.883065], [121.54573, 24.883064], [121.545731, 24.883063], [121.545733, 24.883061], [121.545734, 24.88306], [121.545736, 24.883059], [121.545737, 24.883058], [121.545739, 24.883057], [121.54574, 24.883055], [121.545741, 24.883054], [121.545743, 24.883053], [121.545744, 24.883052], [121.545745, 24.883051], [121.545746, 24.883051], [121.545747, 24.883049], [121.545749, 24.883048], [121.54575, 24.883047]]]]}}, {"type": "Feature", "properties": {"zoning_id": "Z0104", "zone_label": "墓地用地", "county": "新北市", "area_ha": 2.768}, "geometry": {"type": "MultiPolygon", "coordinates": [[[[121.430095, 25.157998], [121.430492, 25.15792], [121.430539, 25.157937], [121.430658, 25.157919], [121.430674, 25.157839], [121.430965, 25.157703], [121.43102, 25.157676], [121.431167, 25.157685], [121.430981, 25.157379], [121.430974, 25.157324], [121.430683, 25.156837], [121.430661, 25.156761], [121.430529, 25.156478], [121.430419, 25.156317], [121.430417, 25.156316], [121.430269, 25.156275], [121.430113, 25.156326], [121.430003, 25.156383], [121.429723, 25.156572], [121.429626, 25.156639], [121.429348, 25.156829], [121.429427, 25.156937], [121.429454, 25.156948], [121.429502, 25.157044], [121.429506, 25.157083], [121.429519, 25.157127], [121.429577, 25.157264], [121.429572, 25.15728], [121.429579, 25.157311], [121.429557, 25.157325], [121.429555, 25.157361], [121.42955, 25.157371], [121.429451, 25.157375], [121.429389, 25.157316], [121.429364, 25.157268], [121.429332, 25.15726], [121.42931, 25.157221], [121.429275, 25.157236], [121.429245, 25.157268], [121.429275, 25.157302], [121.42928, 25.157328], [121.429265, 25.157344], [121.429238, 25.157342], [121.429202, 25.157321], [121.429174, 25.157286], [121.429138, 25.157219], [121.429123, 25.157181], [121.429045, 25.157277], [121.42912, 25.157381], [121.429118, 25.1574], [121.429103, 25.157413], [121.429136, 25.157447], [121.42914, 25.157467], [121.429121, 25.15749], [121.429142, 25.157517], [121.429187, 25.157554], [121.429193, 25.15757], [121.42917, 25.157604], [121.429156, 25.15761], [121.429105, 25.157535], [121.42907, 25.157512], [121.429053, 25.157529], [121.429006, 25.157514], [121.428982, 25.157505], [121.428979, 25.157505], [121.428946, 25.157572], [121.428945, 25.157573], [121.428945, 25.157574], [121.42894, 25.157583], [121.428937, 25.157591], [121.428934, 25.157597], [121.428932, 25.157598], [121.428852, 25.157646], [121.428866, 25.157674], [121.428876, 25.157769], [121.428935, 25.157795], [121.428939, 25.157818], [121.42884, 25.157817], [121.428806, 25.15782], [121.428771, 25.15778], [121.428758, 25.157757], [121.428704, 25.157746], [121.428668, 25.157773], [121.428672, 25.157788], [121.428659, 25.157838], [121.428628, 25.157999], [121.429013, 25.157834], [121.429175, 25.15814], [121.429609, 25.158075], [121.430029, 25.158013], [121.430084, 25.158005], [121.430095, 25.157998]]]]}}, {"type": "Feature", "properties": {"zoning_id": "Z0105", "zone_label": "墓地用地", "county": "新北市", "area_ha": 2.733}, "geometry": {"type": "MultiPolygon", "coordinates": [[[[121.435863, 25.156581], [121.435864, 25.156579], [121.435865, 25.156578], [121.435867, 25.156577], [121.435868, 25.156575], [121.435869, 25.156574], [121.43587, 25.156574], [121.435871, 25.156573], [121.435872, 25.156571], [121.435874, 25.15657], [121.435875, 25.156569], [121.435876, 25.156568], [121.435878, 25.156566], [121.435879, 25.156565], [121.43588, 25.156564], [121.435882, 25.156562], [121.435883, 25.156561], [121.435885, 25.15656], [121.435886, 25.156559], [121.435887, 25.156558], [121.435887, 25.156557], [121.435889, 25.156556], [121.43589, 25.156555], [121.435892, 25.156553], [121.435893, 25.156552], [121.435894, 25.156551], [121.435896, 25.15655], [121.435897, 25.156548], [121.435899, 25.156547], [121.4359, 25.156546], [121.435901, 25.156545], [121.435903, 25.156543], [121.435904, 25.156542], [121.435906, 25.156541], [121.435907, 25.15654], [121.435909, 25.156538], [121.43591, 25.156537], [121.435911, 25.156536], [121.435913, 25.156535], [121.435914, 25.156533], [121.435916, 25.156532], [121.435917, 25.156531], [121.435919, 25.15653], [121.43592, 25.156528], [121.435922, 25.156527], [121.435923, 25.156526], [121.435924, 25.156525], [121.435926, 25.156523], [121.435927, 25.156522], [121.435929, 25.156521], [121.43593, 25.15652], [121.435932, 25.156518], [121.435933, 25.156517], [121.435935, 25.156516], [121.435936, 25.156515], [121.435938, 25.156514], [121.435939, 25.156512], [121.43594, 25.156511], [121.435942, 25.15651], [121.435943, 25.156509], [121.435945, 25.156508], [121.435946, 25.156506], [121.435948, 25.156505], [121.435949, 25.156504], [121.435951, 25.156503], [121.435952, 25.156502], [121.435954, 25.1565], [121.435955, 25.156499], [121.435957, 25.156498], [121.435958, 25.156497], [121.43596, 25.156496], [121.435961, 25.156494], [121.435963, 25.156493], [121.435964, 25.156492], [121.435966, 25.156491], [121.435967, 25.15649], [121.435969, 25.156488], [121.43597, 25.156487], [121.435972, 25.156486], [121.435973, 25.156485], [121.435975, 25.156484], [121.435976, 25.156483], [121.435978, 25.156481], [121.435979, 25.15648], [121.435981, 25.156479], [121.435982, 25.156478], [121.435984, 25.156477], [121.435985, 25.156476], [121.435987, 25.156474], [121.435988, 25.156473], [121.43599, 25.156472], [121.435992, 25.156471], [121.435993, 25.15647], [121.435995, 25.156469], [121.435996, 25.156468], [121.435998, 25.156466], [121.435999, 25.156465], [121.436001, 25.156464], [121.436002, 25.156463], [121.436004, 25.156462], [121.436005, 25.156461], [121.436007, 25.15646], [121.436009, 25.156459], [121.43601, 25.156457], [121.436012, 25.156456], [121.436013, 25.156455], [121.436015, 25.156454], [121.436016, 25.156453], [121.436018, 25.156452], [121.436019, 25.156451], [121.436021, 25.15645], [121.436023, 25.156449], [121.436024, 25.156447], [121.436026, 25.156446], [121.436027, 25.156445], [121.436029, 25.156444], [121.43603, 25.156443], [121.436032, 25.156442], [121.436034, 25.156441], [121.436035, 25.15644], [121.436037, 25.156439], [121.436038, 25.156438], [121.43604, 25.156436], [121.436041, 25.156435], [121.436043, 25.156434], [121.436045, 25.156433], [121.436046, 25.156432], [121.436048, 25.156431], [121.436049, 25.15643], [121.436051, 25.156429], [121.436053, 25.156428], [121.436054, 25.156427], [121.436056, 25.156426], [121.436057, 25.156425], [121.436059, 25.156424], [121.436061, 25.156423], [121.436062, 25.156421], [121.436064, 25.15642], [121.436065, 25.156419], [121.436067, 25.156418], [121.436069, 25.156417], [121.43607, 25.156416], [121.436072, 25.156415], [121.436074, 25.156414], [121.436075, 25.156413], [121.436077, 25.156412], [121.436078, 25.156411], [121.43608, 25.15641], [121.436082, 25.156409], [121.436083, 25.156408], [121.436085, 25.156407], [121.436087, 25.156406], [121.436088, 25.156405], [121.43609, 25.156404], [121.436091, 25.156403], [121.436093, 25.156402], [121.436095, 25.156401], [121.436096, 25.1564], [121.436098, 25.156399], [121.436098, 25.156398], [121.436566, 25.156111], [121.436554, 25.156109], [121.436531, 25.156106], [121.436448, 25.156095], [121.436431, 25.156067], [121.436546, 25.155905], [121.436548, 25.155888], [121.436441, 25.155748], [121.436341, 25.155763], [121.436354, 25.155704], [121.436447, 25.155624], [121.436562, 25.155599], [121.436561, 25.155588], [121.436479, 25.155464], [121.436371, 25.155418], [121.436322, 25.155397], [121.436182, 25.155382], [121.435996, 25.155342], [121.435963, 25.155315], [121.435878, 25.155246], [121.435876, 25.155244], [121.435852, 25.155224], [121.435819, 25.155216], [121.435796, 25.155178], [121.435718, 25.155114], [121.435623, 25.155063], [121.43551, 25.155025], [121.435521, 25.155009], [121.435502, 25.154999], [121.43549, 25.154993], [121.435368, 25.15496], [121.435307, 25.154944], [121.434619, 25.154761], [121.434626, 25.15474], [121.434569, 25.154754], [121.434556, 25.154985], [121.434625, 25.155426], [121.434651, 25.155431], [121.434675, 25.155575], [121.434784, 25.155884], [121.434785, 25.156162], [121.434817, 25.156213], [121.434837, 25.15621], [121.434906, 25.156239], [121.434955, 25.156271], [121.435045, 25.156263], [121.434999, 25.156326], [121.435034, 25.156387], [121.435032, 25.156394], [121.435199, 25.156509], [121.435218, 25.156523], [121.435345, 25.156611], [121.435437, 25.156682], [121.435486, 25.15672], [121.435513, 25.156712], [121.435677, 25.156662], [121.435862, 25.156581], [121.435863, 25.156581]]]]}}, {"type": "Feature", "properties": {"zoning_id": "Z0106", "zone_label": "墓地用地", "county": "新北市", "area_ha": 0.003}, "geometry": {"type": "MultiPolygon", "coordinates": [[[[121.435718, 25.155114], [121.435796, 25.155178], [121.435754, 25.155107], [121.435623, 25.155063], [121.435718, 25.155114]]]]}}, {"type": "Feature", "properties": {"zoning_id": "Z0107", "zone_label": "墓地用地", "county": "新北市", "area_ha": 0.014}, "geometry": {"type": "MultiPolygon", "coordinates": [[[[121.435032, 25.156394], [121.435016, 25.156452], [121.435049, 25.156485], [121.435108, 25.156529], [121.435149, 25.156567], [121.435199, 25.156509], [121.435032, 25.156394]]]]}}, {"type": "Feature", "properties": {"zoning_id": "Z0108", "zone_label": "墓地用地", "county": "新北市", "area_ha": 0.031}, "geometry": {"type": "MultiPolygon", "coordinates": [[[[121.436615, 25.155973], [121.436609, 25.155966], [121.436548, 25.155888], [121.436546, 25.155905], [121.436431, 25.156067], [121.436448, 25.156095], [121.436531, 25.156106], [121.436554, 25.156109], [121.436566, 25.156111], [121.436648, 25.156061], [121.436669, 25.156044], [121.436615, 25.155973]]]]}}, {"type": "Feature", "properties": {"zoning_id": "Z0109", "zone_label": "墓地用地", "county": "新北市", "area_ha": 0.04}, "geometry": {"type": "MultiPolygon", "coordinates": [[[[121.434785, 25.156162], [121.434784, 25.155884], [121.434675, 25.155575], [121.434722, 25.155836], [121.434666, 25.1559], [121.434756, 25.156221], [121.434817, 25.156213], [121.434785, 25.156162]]]]}}, {"type": "Feature", "properties": {"zoning_id": "Z0110", "zone_label": "墓地用地", "county": "新北市", "area_ha": 0.095}, "geometry": {"type": "MultiPolygon", "coordinates": [[[[121.435876, 25.155244], [121.435963, 25.155315], [121.435996, 25.155342], [121.436182, 25.155382], [121.436322, 25.155397], [121.436371, 25.155418], [121.436479, 25.155464], [121.436561, 25.155588], [121.436562, 25.155599], [121.436569, 25.155598], [121.436451, 25.155323], [121.436391, 25.155196], [121.436164, 25.155187], [121.436134, 25.15529], [121.435993, 25.155257], [121.435852, 25.155224], [121.435876, 25.155244]]]]}}, {"type": "Feature", "properties": {"zoning_id": "Z0111", "zone_label": "墓地用地", "county": "新北市", "area_ha": 0.175}, "geometry": {"type": "MultiPolygon", "coordinates": [[[[121.43463, 25.15473], [121.434406, 25.154708], [121.434366, 25.154919], [121.434354, 25.154955], [121.434339, 25.154999], [121.434324, 25.155083], [121.434308, 25.155118], [121.434306, 25.155187], [121.434293, 25.155209], [121.43443, 25.155394], [121.434625, 25.155426], [121.434556, 25.154985], [121.434569, 25.154754], [121.434626, 25.15474], [121.43463, 25.15473]]]]}}, {"type": "Feature", "properties": {"zoning_id": "Z0112", "zone_label": "墓地用地", "county": "新北市", "area_ha": 0.01}, "geometry": {"type": "MultiPolygon", "coordinates": [[[[121.435159, 25.156583], [121.435152, 25.156606], [121.435153, 25.156611], [121.435338, 25.156611], [121.435345, 25.156611], [121.435218, 25.156523], [121.435159, 25.156583]]]]}}, {"type": "Feature", "properties": {"zoning_id": "Z0113", "zone_label": "墓地用地", "county": "新北市", "area_ha": 0.003}, "geometry": {"type": "MultiPolygon", "coordinates": [[[[121.429119, 25.157169], [121.429105, 25.157173], [121.429091, 25.157201], [121.42907, 25.157203], [121.42903, 25.157259], [121.429045, 25.157277], [121.429123, 25.157181], [121.429119, 25.157169]]]]}}, {"type": "Feature", "properties": {"zoning_id": "Z0114", "zone_label": "墓地用地", "county": "新北市", "area_ha": 0.572}, "geometry": {"type": "MultiPolygon", "coordinates": [[[[121.430113, 25.156326], [121.430269, 25.156275], [121.430417, 25.156316], [121.430419, 25.156317], [121.430529, 25.156478], [121.430661, 25.156761], [121.430683, 25.156837], [121.430974, 25.157324], [121.430981, 25.157379], [121.431167, 25.157685], [121.431212, 25.157687], [121.431208, 25.157677], [121.431134, 25.157606], [121.431142, 25.157542], [121.431112, 25.157439], [121.43112, 25.15738], [121.431097, 25.157227], [121.431084, 25.157226], [121.431084, 25.157185], [121.431071, 25.157185], [121.431061, 25.157152], [121.431043, 25.157158], [121.431017, 25.157141], [121.431028, 25.157095], [121.431014, 25.157095], [121.431008, 25.157008], [121.430993, 25.156981], [121.430995, 25.156945], [121.431013, 25.156933], [121.430996, 25.156859], [121.430992, 25.156841], [121.430971, 25.15675], [121.431043, 25.156651], [121.431051, 25.156566], [121.430943, 25.156241], [121.430815, 25.156152], [121.430778, 25.156126], [121.430613, 25.155965], [121.430415, 25.1561], [121.430363, 25.156135], [121.430003, 25.156383], [121.430113, 25.156326]]]]}}]}