{
"type": "FeatureCollection",
"name": "white_dolphin_habitat",
"crs": { "type": "name", "properties": { "name": "urn:ogc:def:crs:OGC:1.3:CRS84" } },
"features": [
{ "type": "Feature", "properties": { "OBJECTID": 44, "Id": "0", "ogr_fid": 44, "countyname": "苗栗、台中、彰化、雲林", "protectnam": "中華白海豚野生動物重要棲息環境", "law": "野生動物保育法", "order_valu": 6, "map_type": "WildAnimal", "update_tim": "2025-01-22T00:00:00", "data_sourc": "海洋保育署", "note": null }, "geometry": { "type": "MultiPolygon", "coordinates": [ [ [ [ 120.462129866431724, 24.218720348665997, 0.0 ], [ 120.463299761500949, 24.221404214891773, 0.0 ], [ 120.462155006931539, 24.218763288999746, 0.0 ], [ 120.462129866431724, 24.218720348665997, 0.0 ] ] ], [ [ [ 120.462129866431724, 24.218720348665997, 0.0 ], [ 120.462075408265392, 24.218627332691472, 0.0 ], [ 120.461436723355305, 24.217120143793341, 0.0 ], [ 120.461406411951415, 24.21712869502954, 0.0 ], [ 120.461375387430294, 24.217135388525769, 0.0 ], [ 120.461348063042919, 24.217139621836218, 0.0 ], [ 120.46131681078316, 24.217142612621441, 0.0 ], [ 120.461288163166955, 24.217143643951477, 0.0 ], [ 120.461252373074657, 24.217142650727116, 0.0 ], [ 120.461225840238299, 24.217140270248517, 0.0 ], [ 120.461201455365313, 24.217134591349403, 0.0 ], [ 120.461209507836202, 24.217148346970241, 0.0 ], [ 120.461142591309468, 24.217123405443374, 0.0 ], [ 120.461069522328671, 24.217095799647989, 0.0 ], [ 120.461008241103855, 24.217061689476044, 0.0 ], [ 120.460958499273616, 24.217024764282133, 0.0 ], [ 120.460913487837274, 24.216981866884325, 0.0 ], [ 120.460875194269306, 24.21693530953506, 0.0 ], [ 120.460827942730816, 24.21685599862575, 0.0 ], [ 120.460584399431468, 24.216289485305595, 0.0 ], [ 120.46037133776133, 24.21579726060104, 0.0 ], [ 120.460353657732313, 24.215748006194641, 0.0 ], [ 120.460340470043874, 24.215684486063981, 0.0 ], [ 120.460337877424422, 24.21560541833383, 0.0 ], [ 120.460349202412331, 24.215531195162939, 0.0 ], [ 120.46036854903241, 24.215471924894754, 0.0 ], [ 120.460394349365302, 24.215419774684886, 0.0 ], [ 120.460437391661117, 24.215359180287514, 0.0 ], [ 120.460478262036759, 24.215290488420735, 0.0 ], [ 120.460516404951932, 24.2152437404403, 0.0 ], [ 120.460557646479629, 24.215204312869602, 0.0 ], [ 120.460611983601098, 24.215164528801321, 0.0 ], [ 120.460670869073965, 24.215133055109717, 0.0 ], [ 120.460734424797465, 24.215109899240527, 0.0 ], [ 120.461240874757095, 24.214957068660844, 0.0 ], [ 120.461300800693152, 24.214942845618211, 0.0 ], [ 120.461353379670967, 24.214936270596972, 0.0 ], [ 120.461416725025188, 24.21493537833895, 0.0 ], [ 120.461494005926866, 24.214944679681935, 0.0 ], [ 120.461553911519673, 24.214960122325568, 0.0 ], [ 120.461614302204325, 24.21498371188272, 0.0 ], [ 120.461618435512946, 24.214985510215563, 0.0 ], [ 120.461621040349442, 24.214986913890797, 0.0 ], [ 120.461620518479648, 24.214987125425054, 0.0 ], [ 120.46162771661966, 24.21499015909454, 0.0 ], [ 120.461635979032508, 24.214994364952236, 0.0 ], [ 120.461643625341821, 24.214998422435468, 0.0 ], [ 120.461651026100654, 24.215002504707041, 0.0 ], [ 120.461656395140935, 24.215005563834609, 0.0 ], [ 120.461664435365961, 24.215010303941931, 0.0 ], [ 120.461675237196687, 24.215007498237636, 0.0 ], [ 120.46169828319843, 24.215001512827246, 0.0 ], [ 120.461716695463352, 24.21499673094694, 0.0 ], [ 120.461754206554815, 24.214986988177476, 0.0 ], [ 120.461785457551059, 24.214978871314759, 0.0 ], [ 120.461815478875224, 24.214971074224305, 0.0 ], [ 120.461843498903818, 24.214963797056992, 0.0 ], [ 120.461865356796011, 24.214958119456409, 0.0 ], [ 120.461880763641275, 24.214954118745357, 0.0 ], [ 120.461909553425144, 24.214943309845403, 0.0 ], [ 120.461947974172404, 24.214928885003864, 0.0 ], [ 120.461995030329277, 24.214911219345929, 0.0 ], [ 120.462057229472293, 24.214887868783361, 0.0 ], [ 120.462143206050214, 24.214855590659898, 0.0 ], [ 120.462242072758272, 24.214818473672036, 0.0 ], [ 120.462273923413719, 24.21480651525734, 0.0 ], [ 120.462307776979742, 24.214793805858271, 0.0 ], [ 120.462356084373823, 24.21477567082416, 0.0 ], [ 120.462404640650917, 24.214757441538374, 0.0 ], [ 120.462473973883604, 24.214731411632144, 0.0 ], [ 120.462500505793656, 24.214721451337702, 0.0 ], [ 120.462679719582454, 24.214654170504495, 0.0 ], [ 120.462737537850373, 24.21463246338714, 0.0 ], [ 120.462886276172455, 24.214576623072205, 0.0 ], [ 120.463033514159207, 24.214521346099545, 0.0 ], [ 120.463132380380245, 24.214484229390898, 0.0 ], [ 120.463429420975359, 24.214372712015276, 0.0 ], [ 120.463566084667633, 24.214321405783998, 0.0 ], [ 120.463756312360402, 24.214249995352301, 0.0 ], [ 120.463914876918707, 24.214190471662153, 0.0 ], [ 120.464036960533022, 24.214144642818724, 0.0 ], [ 120.464289326548766, 24.214049908098151, 0.0 ], [ 120.464471982070592, 24.213981341071808, 0.0 ], [ 120.464602388278905, 24.21393238833501, 0.0 ], [ 120.464728453314848, 24.213885320039644, 0.0 ], [ 120.464763354817279, 24.21387473511469, 0.0 ], [ 120.464793776978837, 24.213867599378592, 0.0 ], [ 120.464831188377417, 24.213861374340521, 0.0 ], [ 120.464879400634956, 24.213856063001227, 0.0 ], [ 120.464934325830356, 24.213850158504265, 0.0 ], [ 120.464976848718294, 24.213845587298628, 0.0 ], [ 120.465005310420494, 24.213842526661718, 0.0 ], [ 120.465124884424142, 24.21379929795096, 0.0 ], [ 120.465211792309276, 24.213767879244241, 0.0 ], [ 120.465340135850099, 24.213721481088655, 0.0 ], [ 120.46544732088779, 24.213682730377222, 0.0 ], [ 120.465546832486936, 24.213646755529613, 0.0 ], [ 120.465675303687874, 24.213600310458553, 0.0 ], [ 120.465769185823049, 24.213566370093183, 0.0 ], [ 120.465920233750623, 24.213511763752361, 0.0 ], [ 120.465995483111143, 24.213484558849178, 0.0 ], [ 120.466056505910771, 24.21346249756288, 0.0 ], [ 120.466210132872618, 24.213406958123684, 0.0 ], [ 120.466335881640063, 24.213361497026604, 0.0 ], [ 120.466375730286984, 24.213343551102856, 0.0 ], [ 120.466457402655394, 24.21330676962366, 0.0 ], [ 120.466613388076382, 24.213236519392289, 0.0 ], [ 120.466723407822585, 24.213186970899354, 0.0 ], [ 120.466850189500221, 24.213129873791836, 0.0 ], [ 120.466934354095244, 24.213091968236199, 0.0 ], [ 120.46700143787649, 24.213061755706455, 0.0 ], [ 120.467010162524204, 24.213037127739927, 0.0 ], [ 120.467022678007581, 24.213008378333356, 0.0 ], [ 120.46703697270955, 24.212981327464771, 0.0 ], [ 120.467063364554335, 24.212941051503037, 0.0 ], [ 120.467097423705738, 24.212893177641149, 0.0 ], [ 120.467145402075104, 24.212825738337582, 0.0 ], [ 120.467175797381103, 24.212787901937979, 0.0 ], [ 120.46720317662114, 24.212759498212041, 0.0 ], [ 120.467215364942078, 24.212748229685637, 0.0 ], [ 120.467216088749922, 24.21274760989877, 0.0 ], [ 120.467216272419194, 24.212747529011658, 0.0 ], [ 120.467251617243335, 24.212718836290943, 0.0 ], [ 120.467294645709615, 24.212690823801882, 0.0 ], [ 120.46734069639075, 24.212667195935797, 0.0 ], [ 120.46738924032087, 24.212648225505458, 0.0 ], [ 120.467563703028574, 24.212589967767077, 0.0 ], [ 120.467683547236959, 24.212549948385682, 0.0 ], [ 120.467689137640647, 24.212518429118621, 0.0 ], [ 120.467725856258824, 24.212412449297457, 0.0 ], [ 120.467772811931425, 24.212336581281239, 0.0 ], [ 120.46783773148158, 24.21226767426122, 0.0 ], [ 120.467909197677002, 24.212217126068026, 0.0 ], [ 120.467989666290308, 24.212180891405115, 0.0 ], [ 120.469619416743484, 24.211583862833145, 0.0 ], [ 120.470014295318109, 24.211442689558446, 0.0 ], [ 120.470123019985934, 24.211415962985885, 0.0 ], [ 120.470577372644811, 24.21124061604587, 0.0 ], [ 120.4711242622718, 24.211046005029345, 0.0 ], [ 120.471688140683568, 24.210845412633653, 0.0 ], [ 120.472011404493045, 24.210730415394551, 0.0 ], [ 120.472887648405489, 24.210418703849598, 0.0 ], [ 120.473080570676757, 24.210341483972169, 0.0 ], [ 120.473355005516993, 24.210231639493085, 0.0 ], [ 120.473658976021184, 24.210109972025126, 0.0 ], [ 120.474031851106844, 24.209976259970574, 0.0 ], [ 120.474097919290131, 24.209953470211868, 0.0 ], [ 120.47462228852136, 24.209772586435633, 0.0 ], [ 120.475323670871063, 24.209530640741036, 0.0 ], [ 120.475789011420275, 24.20937011890646, 0.0 ], [ 120.476261902302483, 24.209206993918993, 0.0 ], [ 120.47692911216636, 24.208975564380015, 0.0 ], [ 120.477508205540317, 24.208769555395914, 0.0 ], [ 120.477870295955583, 24.208640744557439, 0.0 ], [ 120.478560361079914, 24.208393505713325, 0.0 ], [ 120.478905546667946, 24.208269164582649, 0.0 ], [ 120.479332253491236, 24.208110501704077, 0.0 ], [ 120.479541975551058, 24.208025496274555, 0.0 ], [ 120.4796374001739, 24.207986818236918, 0.0 ], [ 120.479689183779954, 24.207936774905985, 0.0 ], [ 120.47975090006679, 24.207877134136538, 0.0 ], [ 120.479810156431938, 24.207819870738437, 0.0 ], [ 120.479824483219389, 24.207806025207102, 0.0 ], [ 120.479863946852632, 24.20777231207456, 0.0 ], [ 120.479915608742502, 24.207737297979293, 0.0 ], [ 120.47998545225262, 24.20770278970344, 0.0 ], [ 120.480046142436393, 24.207682632296446, 0.0 ], [ 120.480114450217982, 24.207669453640449, 0.0 ], [ 120.480159365796979, 24.207665902369854, 0.0 ], [ 120.48019455478989, 24.207665875505313, 0.0 ], [ 120.480215973055309, 24.207667040543132, 0.0 ], [ 120.480240811813644, 24.207669523149612, 0.0 ], [ 120.480267242800153, 24.207658254500707, 0.0 ], [ 120.480287635092239, 24.207650041468643, 0.0 ], [ 120.480317682122589, 24.207639704587457, 0.0 ], [ 120.480372615534122, 24.207625877528304, 0.0 ], [ 120.480398979970857, 24.207621442398374, 0.0 ], [ 120.48044509456264, 24.207616972158863, 0.0 ], [ 120.480480094133497, 24.207616318381554, 0.0 ], [ 120.480514138685578, 24.20761793693578, 0.0 ], [ 120.480547582801876, 24.207621712739076, 0.0 ], [ 120.480627285573348, 24.207590231321944, 0.0 ], [ 120.480804986345277, 24.207520042316055, 0.0 ], [ 120.480862606848135, 24.207497282968404, 0.0 ], [ 120.480928105455476, 24.207471411731891, 0.0 ], [ 120.481012047959723, 24.207435312035106, 0.0 ], [ 120.481064445705854, 24.20740774548608, 0.0 ], [ 120.481164906515062, 24.207354891041184, 0.0 ], [ 120.481205204173264, 24.20733368992029, 0.0 ], [ 120.481279302977171, 24.207294704003228, 0.0 ], [ 120.481339466998136, 24.207263050589681, 0.0 ], [ 120.481382448512662, 24.207240437888295, 0.0 ], [ 120.481418697827351, 24.207221367618438, 0.0 ], [ 120.481441681724903, 24.207209273597758, 0.0 ], [ 120.481475734377753, 24.20719135843575, 0.0 ], [ 120.481506156435188, 24.207175352728772, 0.0 ], [ 120.48158475435342, 24.207142879471629, 0.0 ], [ 120.48162299265708, 24.207129007751867, 0.0 ], [ 120.481659340619657, 24.207118781131221, 0.0 ], [ 120.481686426917776, 24.207111160622734, 0.0 ], [ 120.481712473132205, 24.207103833407643, 0.0 ], [ 120.481750703276902, 24.207093078270933, 0.0 ], [ 120.481903372513869, 24.207050124773676, 0.0 ], [ 120.481957282812317, 24.20703796087264, 0.0 ], [ 120.482009880125119, 24.207031611588384, 0.0 ], [ 120.482071260620813, 24.207027270553109, 0.0 ], [ 120.482208564538695, 24.207017559819011, 0.0 ], [ 120.482248939407299, 24.207004883135838, 0.0 ], [ 120.482497654651496, 24.206926795016049, 0.0 ], [ 120.482602431280128, 24.206893899287245, 0.0 ], [ 120.482773176721906, 24.206804812883373, 0.0 ], [ 120.482803753711181, 24.206788873546778, 0.0 ], [ 120.482818505892368, 24.206781603116152, 0.0 ], [ 120.482832767413328, 24.20677511256099, 0.0 ], [ 120.482855497412601, 24.206765812242455, 0.0 ], [ 120.482876902691913, 24.206758168896389, 0.0 ], [ 120.482895004620417, 24.206752510860447, 0.0 ], [ 120.48291343860636, 24.20674748292663, 0.0 ], [ 120.482948445735232, 24.206739873985786, 0.0 ], [ 120.482980542364075, 24.206733790190981, 0.0 ], [ 120.483006078013759, 24.206728950053225, 0.0 ], [ 120.483076850032916, 24.20671553454542, 0.0 ], [ 120.483097274594655, 24.206703360038485, 0.0 ], [ 120.483143018998348, 24.206676092524564, 0.0 ], [ 120.483206011352735, 24.206638544917613, 0.0 ], [ 120.483252314344981, 24.2066109445073, 0.0 ], [ 120.483317546156272, 24.206572061882021, 0.0 ], [ 120.483339805928694, 24.206558792104367, 0.0 ], [ 120.483353167380059, 24.20655112674962, 0.0 ], [ 120.483366294903689, 24.20654409748601, 0.0 ], [ 120.483383616074647, 24.206535549825844, 0.0 ], [ 120.483399299997799, 24.206528487896499, 0.0 ], [ 120.483419354852771, 24.20652035097908, 0.0 ], [ 120.483436859554985, 24.206514032212574, 0.0 ], [ 120.483455796748544, 24.206507983536877, 0.0 ], [ 120.483478463831361, 24.206501780781419, 0.0 ], [ 120.483490414475554, 24.206498951813785, 0.0 ], [ 120.48350207486213, 24.206496320235264, 0.0 ], [ 120.483527958826798, 24.206490478435864, 0.0 ], [ 120.483556251781792, 24.206484092450584, 0.0 ], [ 120.483578081886975, 24.206479165693626, 0.0 ], [ 120.483596385020377, 24.206475034521425, 0.0 ], [ 120.483621012592707, 24.206469476123967, 0.0 ], [ 120.483653709307973, 24.206462096906201, 0.0 ], [ 120.483676569437847, 24.206456937131527, 0.0 ], [ 120.48371322115996, 24.206448664680018, 0.0 ], [ 120.483728024432125, 24.206441494287731, 0.0 ], [ 120.483755514682542, 24.206428177299369, 0.0 ], [ 120.48378530602848, 24.206413746588108, 0.0 ], [ 120.483806279405698, 24.206403586674867, 0.0 ], [ 120.483827814139872, 24.206393155319915, 0.0 ], [ 120.483845921044562, 24.206384384101632, 0.0 ], [ 120.483873809675956, 24.206370875096702, 0.0 ], [ 120.483906467461551, 24.206355055657813, 0.0 ], [ 120.4839367257524, 24.206340398851523, 0.0 ], [ 120.483965173775317, 24.206326617454529, 0.0 ], [ 120.483997259234201, 24.206311075570511, 0.0 ], [ 120.484026845863326, 24.20629674342149, 0.0 ], [ 120.484061033712905, 24.206280182903768, 0.0 ], [ 120.484098111873521, 24.206262221428638, 0.0 ], [ 120.484120043981974, 24.206251598018188, 0.0 ], [ 120.48415106728531, 24.206236570192637, 0.0 ], [ 120.484188045785444, 24.206219172088712, 0.0 ], [ 120.484230543581447, 24.206201153905855, 0.0 ], [ 120.484281668650596, 24.206179803161383, 0.0 ], [ 120.484322864203676, 24.206162598359871, 0.0 ], [ 120.484366051209349, 24.206144561737577, 0.0 ], [ 120.484418612038667, 24.206122610953802, 0.0 ], [ 120.484463352885442, 24.206103925715354, 0.0 ], [ 120.484505762930098, 24.206086212892167, 0.0 ], [ 120.484542090421542, 24.206071291568783, 0.0 ], [ 120.484577408294058, 24.20605877078043, 0.0 ], [ 120.484591723562858, 24.206053694443764, 0.0 ], [ 120.484650434117498, 24.206039107677501, 0.0 ], [ 120.484725421594376, 24.206021582763874, 0.0 ], [ 120.484807330643662, 24.20600243911651, 0.0 ], [ 120.484866040872362, 24.205988718776101, 0.0 ], [ 120.484906372032484, 24.205979292775449, 0.0 ], [ 120.484977087482662, 24.205962765869746, 0.0 ], [ 120.485028098073258, 24.205950843574271, 0.0 ], [ 120.485070036770026, 24.205941041511839, 0.0 ], [ 120.485107981288706, 24.205932173570218, 0.0 ], [ 120.485144513011406, 24.205923636111667, 0.0 ], [ 120.485201843681025, 24.20590158330123, 0.0 ], [ 120.485260886832535, 24.205878871855539, 0.0 ], [ 120.485310490882981, 24.205859790993312, 0.0 ], [ 120.485370601963382, 24.205836668394401, 0.0 ], [ 120.48541872254988, 24.205818157822993, 0.0 ], [ 120.485466572403894, 24.205799751981889, 0.0 ], [ 120.485502495235892, 24.205785933959426, 0.0 ], [ 120.485531021695806, 24.205774960703142, 0.0 ], [ 120.485618987728017, 24.205722078178677, 0.0 ], [ 120.48568337650795, 24.205683370988481, 0.0 ], [ 120.485728770138508, 24.205656080592984, 0.0 ], [ 120.485760422736007, 24.205637053354174, 0.0 ], [ 120.485820683601119, 24.205600826041461, 0.0 ], [ 120.485877761648112, 24.205566512061527, 0.0 ], [ 120.485898458262341, 24.205545268467066, 0.0 ], [ 120.485936936917597, 24.205505769568912, 0.0 ], [ 120.485942960286252, 24.205491249231219, 0.0 ], [ 120.485947086462502, 24.205481884042456, 0.0 ], [ 120.485950667805795, 24.205474305175645, 0.0 ], [ 120.486011665531137, 24.205376711539039, 0.0 ], [ 120.486073115343302, 24.205312036798784, 0.0 ], [ 120.486119776433966, 24.205275462953129, 0.0 ], [ 120.486148850711302, 24.20525672612149, 0.0 ], [ 120.486195711227325, 24.205231951931356, 0.0 ], [ 120.486249143237941, 24.205210757709331, 0.0 ], [ 120.486308508513162, 24.205194925522406, 0.0 ], [ 120.486376998367064, 24.205185817755762, 0.0 ], [ 120.486428874476701, 24.205185133376062, 0.0 ], [ 120.486492239052737, 24.205191522942133, 0.0 ], [ 120.486539419229999, 24.205201608738157, 0.0 ], [ 120.486593661071083, 24.205219234268331, 0.0 ], [ 120.486630165953912, 24.205235221183386, 0.0 ], [ 120.486630670440718, 24.205235039057243, 0.0 ], [ 120.486638993561897, 24.205239427806024, 0.0 ], [ 120.486647759580592, 24.205243964674661, 0.0 ], [ 120.486664918709607, 24.205253486274906, 0.0 ], [ 120.48668152196673, 24.205263552006276, 0.0 ], [ 120.486696485237303, 24.2052733902824, 0.0 ], [ 120.486710194489675, 24.20528309141935, 0.0 ], [ 120.486721887674435, 24.205291920739235, 0.0 ], [ 120.486733206155691, 24.205300988484513, 0.0 ], [ 120.48674175442693, 24.205308197131565, 0.0 ], [ 120.486746386984365, 24.205312242435699, 0.0 ], [ 120.486752738227679, 24.205313908810869, 0.0 ], [ 120.48694860592002, 24.205198656081912, 0.0 ], [ 120.487042694576189, 24.205143294019031, 0.0 ], [ 120.487155763878604, 24.205093742122415, 0.0 ], [ 120.487377956900943, 24.20502664770277, 0.0 ], [ 120.48742930400536, 24.205011941004738, 0.0 ], [ 120.487460201426686, 24.205005354429154, 0.0 ], [ 120.487493843704925, 24.205000314205456, 0.0 ], [ 120.487524292805261, 24.204997618653067, 0.0 ], [ 120.487551752054316, 24.204996685326762, 0.0 ], [ 120.487579834574987, 24.204997190231673, 0.0 ], [ 120.487621885330597, 24.205000717431009, 0.0 ], [ 120.487644613391282, 24.20500402778692, 0.0 ], [ 120.487663094283477, 24.205007124542988, 0.0 ], [ 120.487718774301271, 24.205016456624783, 0.0 ], [ 120.487790626212842, 24.205028498917613, 0.0 ], [ 120.487892103861697, 24.205045506983481, 0.0 ], [ 120.487956975810945, 24.205056379773627, 0.0 ], [ 120.488040389572149, 24.20505178868132, 0.0 ], [ 120.488113369173021, 24.205026452788289, 0.0 ], [ 120.488172590686219, 24.205005894045144, 0.0 ], [ 120.48822452642176, 24.204987864291819, 0.0 ], [ 120.488265877853934, 24.204961362090504, 0.0 ], [ 120.488306700063518, 24.204935198657498, 0.0 ], [ 120.488355878016392, 24.204903681475916, 0.0 ], [ 120.488397157546288, 24.204862976150942, 0.0 ], [ 120.488439302027047, 24.204821420365594, 0.0 ], [ 120.488485009967278, 24.204776349852995, 0.0 ], [ 120.488463101312306, 24.204723770728098, 0.0 ], [ 120.488439749085984, 24.204667723372896, 0.0 ], [ 120.488415221091955, 24.204608853970747, 0.0 ], [ 120.488393330348842, 24.204556317557493, 0.0 ], [ 120.48837767857961, 24.204518752090628, 0.0 ], [ 120.488361999472815, 24.204477712871505, 0.0 ], [ 120.48834549253607, 24.204431966346881, 0.0 ], [ 120.48832913398158, 24.204386632963068, 0.0 ], [ 120.488320349830516, 24.204362292304396, 0.0 ], [ 120.488305399835468, 24.20432085892708, 0.0 ], [ 120.488281230691797, 24.204253882637488, 0.0 ], [ 120.488270531260611, 24.20422423363835, 0.0 ], [ 120.488256756049992, 24.204184771111386, 0.0 ], [ 120.488250005975743, 24.204165353521955, 0.0 ], [ 120.488239653642992, 24.204135569437366, 0.0 ], [ 120.488222657348516, 24.204086678210164, 0.0 ], [ 120.48821730092746, 24.20407126779515, 0.0 ], [ 120.488210896456195, 24.204052845182218, 0.0 ], [ 120.488207540996243, 24.204043192221263, 0.0 ], [ 120.48820539934232, 24.204037031680745, 0.0 ], [ 120.488203122630154, 24.204030481686072, 0.0 ], [ 120.488200977306207, 24.204024307545595, 0.0 ], [ 120.488199270528781, 24.204019356474937, 0.0 ], [ 120.488176264857231, 24.203935960764682, 0.0 ], [ 120.488085681728919, 24.203692633433953, 0.0 ], [ 120.488040058069515, 24.203561388329941, 0.0 ], [ 120.487989699477382, 24.203416519414485, 0.0 ], [ 120.487955881523945, 24.203304880901513, 0.0 ], [ 120.487929589676838, 24.203205754167076, 0.0 ], [ 120.487921721128387, 24.203169808206962, 0.0 ], [ 120.487916149759968, 24.203119444609733, 0.0 ], [ 120.48791727618746, 24.203062304482621, 0.0 ], [ 120.487922430423993, 24.203024288822292, 0.0 ], [ 120.487933668614602, 24.202978028765024, 0.0 ], [ 120.4877744545702, 24.202648753031383, 0.0 ], [ 120.487143351615856, 24.2015784581472, 0.0 ], [ 120.487097465808375, 24.201468231544599, 0.0 ], [ 120.486997923717936, 24.201084649635103, 0.0 ], [ 120.486583260896282, 24.200606113567069, 0.0 ], [ 120.485904295028277, 24.200024068201007, 0.0 ], [ 120.485807297607494, 24.199908752438947, 0.0 ], [ 120.485201034333059, 24.198869486343195, 0.0 ], [ 120.48463886079935, 24.197834289886782, 0.0 ], [ 120.48412658420672, 24.197111471061362, 0.0 ], [ 120.483917190593473, 24.196784517933171, 0.0 ], [ 120.483886245829325, 24.196718740709347, 0.0 ], [ 120.483495679269808, 24.196236709065712, 0.0 ], [ 120.483595717780972, 24.196358732220869, 0.0 ], [ 120.483579048418719, 24.196331256245632, 0.0 ], [ 120.483566599802401, 24.196310736120267, 0.0 ], [ 120.483551859663834, 24.196286442174028, 0.0 ], [ 120.483533411663728, 24.196256034872647, 0.0 ], [ 120.483508015888432, 24.196214175822721, 0.0 ], [ 120.483476756110434, 24.196162652069805, 0.0 ], [ 120.483394515223594, 24.196046439767834, 0.0 ], [ 120.483291679350799, 24.195901125926131, 0.0 ], [ 120.483218782671514, 24.195798118080006, 0.0 ], [ 120.483103996828703, 24.19568082176318, 0.0 ], [ 120.483093860632479, 24.195669329947631, 0.0 ], [ 120.483077978691853, 24.19565132282122, 0.0 ], [ 120.483065452580021, 24.19563460503673, 0.0 ], [ 120.482923028051673, 24.195435066072903, 0.0 ], [ 120.482910657707606, 24.195417734360433, 0.0 ], [ 120.482888803429418, 24.195387117256413, 0.0 ], [ 120.482871383255628, 24.195362710365824, 0.0 ], [ 120.482854092326974, 24.195338487036743, 0.0 ], [ 120.482832687260256, 24.195308497452228, 0.0 ], [ 120.482816038011137, 24.195285172003423, 0.0 ], [ 120.482800483411651, 24.195263379246001, 0.0 ], [ 120.482786855638423, 24.195244287389016, 0.0 ], [ 120.482771882937271, 24.195223079217225, 0.0 ], [ 120.482758101331655, 24.19520134915626, 0.0 ], [ 120.48274673009368, 24.195180947877247, 0.0 ], [ 120.482737215214897, 24.195161574677289, 0.0 ], [ 120.482727582328934, 24.19513899160393, 0.0 ], [ 120.482719028349024, 24.195115235802181, 0.0 ], [ 120.482713665453588, 24.195097598368257, 0.0 ], [ 120.482710673189757, 24.195086368121114, 0.0 ], [ 120.482651337579199, 24.194848996769004, 0.0 ], [ 120.482638712353577, 24.19483482632592, 0.0 ], [ 120.482552087995003, 24.194723932575013, 0.0 ], [ 120.482519110017364, 24.194681716096859, 0.0 ], [ 120.482498214192205, 24.19465266188644, 0.0 ], [ 120.482432573136734, 24.194553255984093, 0.0 ], [ 120.482351558522822, 24.194430569124687, 0.0 ], [ 120.482237749975383, 24.194258218495406, 0.0 ], [ 120.482179247478129, 24.194174987267505, 0.0 ], [ 120.482119519791226, 24.194090010855234, 0.0 ], [ 120.482056493408535, 24.194000343118205, 0.0 ], [ 120.481993241365757, 24.193931430149917, 0.0 ], [ 120.481962899072286, 24.19389837363611, 0.0 ], [ 120.481921008471744, 24.193863405799448, 0.0 ], [ 120.481857766502657, 24.193810613792611, 0.0 ], [ 120.48180660475326, 24.193767721069097, 0.0 ], [ 120.481770189423386, 24.193736955164809, 0.0 ], [ 120.48172776040164, 24.193700749007061, 0.0 ], [ 120.481706534578024, 24.193681394250859, 0.0 ], [ 120.481686639471349, 24.193660571263486, 0.0 ], [ 120.481674657568732, 24.19364722465286, 0.0 ], [ 120.481635620759761, 24.193603745262131, 0.0 ], [ 120.481598515645359, 24.193562417160138, 0.0 ], [ 120.481566198651507, 24.19352495201343, 0.0 ], [ 120.48154247430088, 24.193491784611588, 0.0 ], [ 120.481523402269403, 24.193462379539433, 0.0 ], [ 120.481495133712187, 24.193418798354401, 0.0 ], [ 120.481469919560126, 24.193379924300022, 0.0 ], [ 120.481442954738867, 24.19333835223955, 0.0 ], [ 120.481424568083625, 24.19330937459938, 0.0 ], [ 120.481412375651857, 24.193285863667143, 0.0 ], [ 120.481401346511205, 24.193264596934398, 0.0 ], [ 120.481379115140015, 24.193214848650328, 0.0 ], [ 120.481354378370355, 24.193159497877279, 0.0 ], [ 120.48132891675786, 24.193102526642296, 0.0 ], [ 120.481302091832021, 24.193046680996307, 0.0 ], [ 120.481235798242082, 24.192908663229328, 0.0 ], [ 120.481199374531656, 24.192832830028465, 0.0 ], [ 120.481145163401138, 24.19271996864456, 0.0 ], [ 120.48106045977849, 24.192543623401438, 0.0 ], [ 120.481031780312591, 24.192483917223683, 0.0 ], [ 120.481018967415011, 24.1924544829265, 0.0 ], [ 120.480967315815946, 24.192322555304663, 0.0 ], [ 120.480911997019646, 24.192181260081437, 0.0 ], [ 120.480889269837533, 24.192123212054469, 0.0 ], [ 120.480866387201971, 24.192064763397703, 0.0 ], [ 120.480840704852397, 24.191999167504544, 0.0 ], [ 120.480815865828461, 24.191935723868255, 0.0 ], [ 120.480799838049123, 24.191894786622125, 0.0 ], [ 120.480782563173591, 24.191850664155027, 0.0 ], [ 120.480769063403002, 24.191816180946713, 0.0 ], [ 120.480763610462716, 24.191801541389971, 0.0 ], [ 120.480757371406142, 24.191782290872482, 0.0 ], [ 120.480753125832223, 24.19176695099117, 0.0 ], [ 120.480748692992805, 24.191747771866741, 0.0 ], [ 120.480745354939202, 24.19172956492088, 0.0 ], [ 120.480741714757698, 24.19170024620848, 0.0 ], [ 120.480740301531398, 24.191676476642787, 0.0 ], [ 120.480740224571221, 24.191653658878579, 0.0 ], [ 120.480741066818226, 24.191635389287228, 0.0 ], [ 120.480743567391485, 24.191610096738202, 0.0 ], [ 120.480746348602651, 24.191591852896352, 0.0 ], [ 120.480750133331469, 24.191572866545755, 0.0 ], [ 120.480755238712462, 24.191552472282922, 0.0 ], [ 120.480761288845827, 24.191530620564777, 0.0 ], [ 120.480767128344027, 24.191509522662731, 0.0 ], [ 120.480772896736482, 24.19148868805274, 0.0 ], [ 120.480704781085095, 24.191282532606468, 0.0 ], [ 120.480480262512245, 24.19081288274203, 0.0 ], [ 120.480311799827234, 24.190446840383114, 0.0 ], [ 120.480194261660998, 24.1902051785857, 0.0 ], [ 120.480035851828745, 24.189928132064676, 0.0 ], [ 120.479943992314787, 24.18976747381123, 0.0 ], [ 120.479907830242681, 24.189735665602029, 0.0 ], [ 120.479883366293009, 24.189714144938712, 0.0 ], [ 120.479859437185112, 24.189693097970462, 0.0 ], [ 120.479840144200864, 24.189676127217297, 0.0 ], [ 120.479821433526766, 24.189659667953666, 0.0 ], [ 120.479804565468683, 24.189644830495293, 0.0 ], [ 120.479786531840048, 24.189628969133253, 0.0 ], [ 120.479721072819132, 24.189558163105573, 0.0 ], [ 120.479713977220811, 24.18954865753858, 0.0 ], [ 120.479696675981899, 24.189525475381572, 0.0 ], [ 120.479682287320401, 24.189506198315602, 0.0 ], [ 120.479663612193519, 24.189481177349144, 0.0 ], [ 120.479648396176074, 24.189460790808475, 0.0 ], [ 120.479631546486274, 24.189438215457471, 0.0 ], [ 120.479614004354247, 24.189414725123701, 0.0 ], [ 120.479053959661272, 24.188297309081921, 0.0 ], [ 120.478837682840506, 24.187933806719116, 0.0 ], [ 120.478719510272612, 24.187747704374374, 0.0 ], [ 120.478660017267615, 24.187645096251856, 0.0 ], [ 120.478587944347694, 24.187674956293222, 0.0 ], [ 120.478384255271806, 24.187803906548311, 0.0 ], [ 120.47833044925342, 24.187833288049088, 0.0 ], [ 120.478269723816723, 24.187857521972205, 0.0 ], [ 120.478195578453281, 24.187876077373165, 0.0 ], [ 120.478099102471745, 24.187883893753053, 0.0 ], [ 120.477973563212402, 24.18786998482625, 0.0 ], [ 120.477893305374849, 24.187857731699065, 0.0 ], [ 120.477815836626462, 24.18784590380784, 0.0 ], [ 120.477738367896166, 24.187834075878467, 0.0 ], [ 120.47766756058256, 24.187823553275223, 0.0 ], [ 120.477573395130591, 24.187795258493395, 0.0 ], [ 120.477527944556812, 24.187772999169962, 0.0 ], [ 120.477459438993762, 24.187725914192466, 0.0 ], [ 120.477424065272828, 24.187693206869884, 0.0 ], [ 120.477384159976651, 24.187646219048251, 0.0 ], [ 120.47735384183062, 24.187599466695023, 0.0 ], [ 120.477335228611693, 24.187562735901846, 0.0 ], [ 120.477314090106162, 24.187506176025916, 0.0 ], [ 120.477300678224807, 24.187447742081869, 0.0 ], [ 120.477294902851256, 24.187369112073938, 0.0 ], [ 120.477301776439319, 24.18729603052833, 0.0 ], [ 120.477317702949165, 24.187222027478246, 0.0 ], [ 120.477339917672722, 24.187156490434852, 0.0 ], [ 120.477367163180858, 24.187101515221176, 0.0 ], [ 120.477393126041008, 24.187061167404341, 0.0 ], [ 120.477433892744585, 24.187011414782607, 0.0 ], [ 120.477484079471012, 24.186964785040008, 0.0 ], [ 120.477536524915806, 24.186927878707817, 0.0 ], [ 120.477612342911414, 24.186890200370211, 0.0 ], [ 120.477674767502933, 24.18687035628454, 0.0 ], [ 120.477735422265738, 24.186859446805556, 0.0 ], [ 120.477799574358116, 24.186856272901199, 0.0 ], [ 120.477870743426649, 24.186862635799681, 0.0 ], [ 120.477920049620067, 24.186869155735391, 0.0 ], [ 120.477970856388822, 24.186875874702999, 0.0 ], [ 120.47813112941634, 24.186770000250306, 0.0 ], [ 120.478105724042237, 24.186742508268651, 0.0 ], [ 120.478024539141813, 24.186619058576923, 0.0 ], [ 120.477941492163453, 24.186429665880727, 0.0 ], [ 120.477859148193431, 24.186296978457001, 0.0 ], [ 120.477652188437276, 24.186005418124523, 0.0 ], [ 120.476332507097425, 24.184309267211116, 0.0 ], [ 120.476350352340347, 24.184331891841968, 0.0 ], [ 120.476416680995428, 24.184415981998153, 0.0 ], [ 120.4767401310135, 24.184826042947797, 0.0 ], [ 120.476808915824961, 24.184913247065879, 0.0 ], [ 120.47707029432334, 24.185244617000709, 0.0 ], [ 120.477104633658456, 24.185288151328169, 0.0 ], [ 120.477147027456056, 24.185341896793652, 0.0 ], [ 120.477172541455317, 24.185373795499007, 0.0 ], [ 120.477169772591807, 24.185366295801433, 0.0 ], [ 120.477164694790915, 24.185351275137801, 0.0 ], [ 120.477159419226183, 24.185333353784532, 0.0 ], [ 120.477154920307086, 24.185315216928583, 0.0 ], [ 120.477125879888305, 24.18518455997776, 0.0 ], [ 120.477072356137512, 24.185080689061564, 0.0 ], [ 120.477008903357444, 24.185014471738437, 0.0 ], [ 120.476957295179261, 24.184960617879252, 0.0 ], [ 120.476933407853537, 24.18493366537006, 0.0 ], [ 120.476539153478754, 24.184459142981204, 0.0 ], [ 120.476489006802623, 24.184422139858899, 0.0 ], [ 120.476388143284041, 24.184347711627655, 0.0 ], [ 120.476337447761949, 24.184310303118988, 0.0 ], [ 120.476325945226151, 24.184301815696521, 0.0 ], [ 120.476303108930253, 24.184284964595921, 0.0 ], [ 120.47628460027596, 24.184273499810157, 0.0 ], [ 120.476259448340613, 24.184257920049898, 0.0 ], [ 120.47623479609824, 24.184242648233237, 0.0 ], [ 120.475033030927023, 24.183423263007224, 0.0 ], [ 120.475307077072017, 24.183608020654447, 0.0 ], [ 120.475246073083824, 24.183555039585311, 0.0 ], [ 120.475195207458029, 24.183510862774142, 0.0 ], [ 120.475152944918065, 24.183474156890835, 0.0 ], [ 120.475096127492804, 24.183424734677654, 0.0 ], [ 120.475024830247705, 24.18336083454659, 0.0 ], [ 120.474957683895738, 24.18330065247239, 0.0 ], [ 120.474902088792675, 24.183250824416, 0.0 ], [ 120.474833348154576, 24.183189215004568, 0.0 ], [ 120.474788035795228, 24.183148603394329, 0.0 ], [ 120.474735536742756, 24.183101549803609, 0.0 ], [ 120.474659350761399, 24.183099643513341, 0.0 ], [ 120.474612442915401, 24.183092784177518, 0.0 ], [ 120.47455178409362, 24.183077157211816, 0.0 ], [ 120.474498334170008, 24.183056505680153, 0.0 ], [ 120.474451709834526, 24.183032506623707, 0.0 ], [ 120.474403234888328, 24.183000557287013, 0.0 ], [ 120.474364732591326, 24.182968934815616, 0.0 ], [ 120.474327786488985, 24.182934785521748, 0.0 ], [ 120.474299873724618, 24.182908987171622, 0.0 ], [ 120.474263802582087, 24.18287257957007, 0.0 ], [ 120.474237188717908, 24.18283903479141, 0.0 ], [ 120.474214686901888, 24.182804082390934, 0.0 ], [ 120.474193635765019, 24.18276251887443, 0.0 ], [ 120.474176781709971, 24.18271747853742, 0.0 ], [ 120.474166160232926, 24.182676216989648, 0.0 ], [ 120.474159021589145, 24.182626928407899, 0.0 ], [ 120.474157457941843, 24.18259072456231, 0.0 ], [ 120.474159374067909, 24.182549945252219, 0.0 ], [ 120.474166731477339, 24.182501815845285, 0.0 ], [ 120.474183970627564, 24.182423310090314, 0.0 ], [ 120.474128797104299, 24.182347819160892, 0.0 ], [ 120.474089485081223, 24.182294030201653, 0.0 ], [ 120.474057227302211, 24.182256652280838, 0.0 ], [ 120.473984710205173, 24.182172621128647, 0.0 ], [ 120.473912360526725, 24.182088786786323, 0.0 ], [ 120.473837800640126, 24.181999828603974, 0.0 ], [ 120.473755349272224, 24.181952647304399, 0.0 ], [ 120.473661347995773, 24.181898856833129, 0.0 ], [ 120.473570230049532, 24.181832264417491, 0.0 ], [ 120.473513756780804, 24.181768039013654, 0.0 ], [ 120.473480411553993, 24.181714607008523, 0.0 ], [ 120.473442554815406, 24.1816183918184, 0.0 ], [ 120.473416212470752, 24.181514811719001, 0.0 ], [ 120.473302458108378, 24.181267541852431, 0.0 ], [ 120.473110241883219, 24.181011915888117, 0.0 ], [ 120.473018560562906, 24.180887729409044, 0.0 ], [ 120.472937497731792, 24.180760353118558, 0.0 ], [ 120.472752599524512, 24.180469819280347, 0.0 ], [ 120.472671223565726, 24.180359604610029, 0.0 ], [ 120.472594310917913, 24.180254774047675, 0.0 ], [ 120.472493148556865, 24.180105032137988, 0.0 ], [ 120.472442619130788, 24.180046858681358, 0.0 ], [ 120.472379894402621, 24.179974646659723, 0.0 ], [ 120.472350829636895, 24.179943749861703, 0.0 ], [ 120.472295693314337, 24.179896027198023, 0.0 ], [ 120.472226474503401, 24.179836116611682, 0.0 ], [ 120.472156780712254, 24.179760972729643, 0.0 ], [ 120.472081247973748, 24.179658702107748, 0.0 ], [ 120.472002067000176, 24.179551491369008, 0.0 ], [ 120.471939295581365, 24.179466499131593, 0.0 ], [ 120.4718427595609, 24.179335789533752, 0.0 ], [ 120.470968720496444, 24.178301246712405, 0.0 ], [ 120.470847026797628, 24.178171998319268, 0.0 ], [ 120.470708407515531, 24.178241802420978, 0.0 ], [ 120.470545412965393, 24.178323881774073, 0.0 ], [ 120.470285390398757, 24.178455781452271, 0.0 ], [ 120.47023630950207, 24.17848067866294, 0.0 ], [ 120.470184452368002, 24.1785034636722, 0.0 ], [ 120.470136195924496, 24.178518934947302, 0.0 ], [ 120.470103822748897, 24.178527612325404, 0.0 ], [ 120.470059469248312, 24.178539500889311, 0.0 ], [ 120.469957140942356, 24.178566928569683, 0.0 ], [ 120.469896024653963, 24.178583310012414, 0.0 ], [ 120.469832420664829, 24.178600359582497, 0.0 ], [ 120.469786929634211, 24.178612552313265, 0.0 ], [ 120.469753604733441, 24.178636452721317, 0.0 ], [ 120.46968074534594, 24.178680770999609, 0.0 ], [ 120.469624352834657, 24.178704773948198, 0.0 ], [ 120.469541304841513, 24.178726665298253, 0.0 ], [ 120.469467936594015, 24.178734087706001, 0.0 ], [ 120.469396866880501, 24.178731131129378, 0.0 ], [ 120.469353826446749, 24.178724437415319, 0.0 ], [ 120.469297180082322, 24.178709695638975, 0.0 ], [ 120.469251994141473, 24.178692712520448, 0.0 ], [ 120.469205860632186, 24.178670000077823, 0.0 ], [ 120.469174269098517, 24.178650880561001, 0.0 ], [ 120.469142349575989, 24.178628139701679, 0.0 ], [ 120.469106302446647, 24.178597529854983, 0.0 ], [ 120.469080688059407, 24.178571882568853, 0.0 ], [ 120.469036945067572, 24.178517882609349, 0.0 ], [ 120.469003653232178, 24.178463575129957, 0.0 ], [ 120.46897844062012, 24.178408249192323, 0.0 ], [ 120.46895441311797, 24.178333356118905, 0.0 ], [ 120.468943973679828, 24.17830081663827, 0.0 ], [ 120.468936024832217, 24.17827603681371, 0.0 ], [ 120.468908521647421, 24.178260201184507, 0.0 ], [ 120.468893220831518, 24.178251390219767, 0.0 ], [ 120.468873335997699, 24.178239939677209, 0.0 ], [ 120.468852643618646, 24.178227829444374, 0.0 ], [ 120.468831267263198, 24.178213933300402, 0.0 ], [ 120.468812793650343, 24.178200523139079, 0.0 ], [ 120.468793895293373, 24.178185303392013, 0.0 ], [ 120.468778701302398, 24.178171828557648, 0.0 ], [ 120.468761069146552, 24.178154618805983, 0.0 ], [ 120.468746882407302, 24.178139362684238, 0.0 ], [ 120.468733811229029, 24.178124015875081, 0.0 ], [ 120.468720290627147, 24.178106614461612, 0.0 ], [ 120.468707456474547, 24.178088381404276, 0.0 ], [ 120.46869511112989, 24.178068911755414, 0.0 ], [ 120.468682416405684, 24.17804745324991, 0.0 ], [ 120.46866967314449, 24.178025911798777, 0.0 ], [ 120.468657444990711, 24.178005240904103, 0.0 ], [ 120.468647303904348, 24.177988097809877, 0.0 ], [ 120.468635439459788, 24.177968042222624, 0.0 ], [ 120.468620246693689, 24.177940300612367, 0.0 ], [ 120.468608898452501, 24.177915626777679, 0.0 ], [ 120.468605142795781, 24.1779044179587, 0.0 ], [ 120.468592245348617, 24.177868257845599, 0.0 ], [ 120.468580643785302, 24.177815543578497, 0.0 ], [ 120.468576847149805, 24.177780340682087, 0.0 ], [ 120.468578251360753, 24.177708200588366, 0.0 ], [ 120.468585229423496, 24.177643581631962, 0.0 ], [ 120.468574949694442, 24.177474348677542, 0.0 ], [ 120.46854512617513, 24.177401215061593, 0.0 ], [ 120.468497064760726, 24.177276319309893, 0.0 ], [ 120.468456461292448, 24.177223202686427, 0.0 ], [ 120.468355607645165, 24.177142020135243, 0.0 ], [ 120.468302993937144, 24.177092643880538, 0.0 ], [ 120.468206859925289, 24.176987400935491, 0.0 ], [ 120.46817328334518, 24.176946058303251, 0.0 ], [ 120.467864008952773, 24.176516024975054, 0.0 ], [ 120.467483868523416, 24.175991926904828, 0.0 ], [ 120.467281178963347, 24.175709862618415, 0.0 ], [ 120.467175381291753, 24.175550106499539, 0.0 ], [ 120.46709532095619, 24.175429214253075, 0.0 ], [ 120.46704860152235, 24.175336357215826, 0.0 ], [ 120.467023931660563, 24.175267814898731, 0.0 ], [ 120.466857865544696, 24.175048134013359, 0.0 ], [ 120.466716081188423, 24.17487466624965, 0.0 ], [ 120.466649056565728, 24.174749009856267, 0.0 ], [ 120.466591857952224, 24.174621708836401, 0.0 ], [ 120.466260841888783, 24.1741811091673, 0.0 ], [ 120.465980236869356, 24.173839777504657, 0.0 ], [ 120.465701367975882, 24.173514673550745, 0.0 ], [ 120.465585598437613, 24.173345164928488, 0.0 ], [ 120.465506648426256, 24.173239422847974, 0.0 ], [ 120.465422130151907, 24.173148906448986, 0.0 ], [ 120.465356153924233, 24.17307824635218, 0.0 ], [ 120.465296481112134, 24.173010534305881, 0.0 ], [ 120.465222486643086, 24.172908853253876, 0.0 ], [ 120.465164288481404, 24.172825471886821, 0.0 ], [ 120.465109508133693, 24.17270784338632, 0.0 ], [ 120.464535670191196, 24.171951909133661, 0.0 ], [ 120.463858613079822, 24.171068288275752, 0.0 ], [ 120.463802005248183, 24.171046529307997, 0.0 ], [ 120.463748836954949, 24.171018399118957, 0.0 ], [ 120.463656145421567, 24.170944912757808, 0.0 ], [ 120.463550109555229, 24.1708328448867, 0.0 ], [ 120.463291407224403, 24.170495578824148, 0.0 ], [ 120.46272297852525, 24.1697833271093, 0.0 ], [ 120.462332976475324, 24.169234745090577, 0.0 ], [ 120.462278595431172, 24.169161489636448, 0.0 ], [ 120.462213146230084, 24.169073323712254, 0.0 ], [ 120.462165209282503, 24.169008775638179, 0.0 ], [ 120.462120862640219, 24.16894943494793, 0.0 ], [ 120.462063924848309, 24.168873246685841, 0.0 ], [ 120.46200888678996, 24.168799599309622, 0.0 ], [ 120.461954772749806, 24.168727187639195, 0.0 ], [ 120.461911521782014, 24.168669313840994, 0.0 ], [ 120.461861994005446, 24.168603039574741, 0.0 ], [ 120.461800248954461, 24.168520417672017, 0.0 ], [ 120.461774490957978, 24.168481959749823, 0.0 ], [ 120.461753047586086, 24.168441334280249, 0.0 ], [ 120.461736133144001, 24.16839894739995, 0.0 ], [ 120.461723917302862, 24.168355223457116, 0.0 ], [ 120.461706826544884, 24.168278235469753, 0.0 ], [ 120.461699256837875, 24.1682319974826, 0.0 ], [ 120.461696939169002, 24.168185290037965, 0.0 ], [ 120.461699898100548, 24.168138611788773, 0.0 ], [ 120.461709512765893, 24.168058700835893, 0.0 ], [ 120.461719296244311, 24.168006112167337, 0.0 ], [ 120.461735771916125, 24.167954950044464, 0.0 ], [ 120.461758712148963, 24.167905929156511, 0.0 ], [ 120.461783859896528, 24.167864375355741, 0.0 ], [ 120.461861851453392, 24.167774361746737, 0.0 ], [ 120.461895247635567, 24.16773806851289, 0.0 ], [ 120.461939232896981, 24.167696237118196, 0.0 ], [ 120.461963391330329, 24.167677188883534, 0.0 ], [ 120.461994212942059, 24.167656159320909, 0.0 ], [ 120.46203013742381, 24.167635634428045, 0.0 ], [ 120.462097580488745, 24.167606888835092, 0.0 ], [ 120.462193083967264, 24.16757385448879, 0.0 ], [ 120.462542475819447, 24.167457312225842, 0.0 ], [ 120.462752877897316, 24.167373740835714, 0.0 ], [ 120.463210186663957, 24.167198774181539, 0.0 ], [ 120.463503602727698, 24.167047856997048, 0.0 ], [ 120.463956684310617, 24.166842459889377, 0.0 ], [ 120.464041851054333, 24.166799365075232, 0.0 ], [ 120.464438891664997, 24.166611737249799, 0.0 ], [ 120.464910821239357, 24.166401945240228, 0.0 ], [ 120.46686592845488, 24.165553222254452, 0.0 ], [ 120.46649833968533, 24.165100508975907, 0.0 ], [ 120.466059791632887, 24.164551241273095, 0.0 ], [ 120.465931981688712, 24.164397694510054, 0.0 ], [ 120.465779331852289, 24.164207509969046, 0.0 ], [ 120.465696957309063, 24.164116652359432, 0.0 ], [ 120.465351767551908, 24.163735061746134, 0.0 ], [ 120.464917356816443, 24.163246200994415, 0.0 ], [ 120.464611357617443, 24.162901845534169, 0.0 ], [ 120.464269841845706, 24.162517509511982, 0.0 ], [ 120.463679488054083, 24.161873092655004, 0.0 ], [ 120.463248616843373, 24.161418807358856, 0.0 ], [ 120.46304217648634, 24.161228714792276, 0.0 ], [ 120.462905108901069, 24.161105592515849, 0.0 ], [ 120.462715421664512, 24.160999917594033, 0.0 ], [ 120.462539162406458, 24.160930452368671, 0.0 ], [ 120.462467636303728, 24.160895567276306, 0.0 ], [ 120.462375272505739, 24.160868034659629, 0.0 ], [ 120.462267476876406, 24.160807944090084, 0.0 ], [ 120.462119361201445, 24.16077307207194, 0.0 ], [ 120.461948527082015, 24.16075658984391, 0.0 ], [ 120.461880930039698, 24.160745651328391, 0.0 ], [ 120.461743065387424, 24.160714108760761, 0.0 ], [ 120.461637537178277, 24.160677776282572, 0.0 ], [ 120.461528909564564, 24.160608248054235, 0.0 ], [ 120.46143274796853, 24.160527043463606, 0.0 ], [ 120.461343400293828, 24.160451592723735, 0.0 ], [ 120.461311260833014, 24.160421809206401, 0.0 ], [ 120.461186953733232, 24.160295374190859, 0.0 ], [ 120.46102618409887, 24.160183759428481, 0.0 ], [ 120.459816407604777, 24.159574728176537, 0.0 ], [ 120.45954604096471, 24.159455855940553, 0.0 ], [ 120.459355321228145, 24.159437361646315, 0.0 ], [ 120.457419402989999, 24.159419271583698, 0.0 ], [ 120.456293281978091, 24.159445491308912, 0.0 ], [ 120.455897051373967, 24.159414720238253, 0.0 ], [ 120.455495601502648, 24.159428602711781, 0.0 ], [ 120.455459959941066, 24.159428976420077, 0.0 ], [ 120.454081988933751, 24.15940815388176, 0.0 ], [ 120.452432234111555, 24.15938881567034, 0.0 ], [ 120.452088945937547, 24.159392811501938, 0.0 ], [ 120.451968334369511, 24.159401429646703, 0.0 ], [ 120.451887978536362, 24.159407171376788, 0.0 ], [ 120.451818407012325, 24.15941214284452, 0.0 ], [ 120.451711359040416, 24.159409077495621, 0.0 ], [ 120.451615206326366, 24.159387316041819, 0.0 ], [ 120.451536788754922, 24.159356327499086, 0.0 ], [ 120.448651923896279, 24.159380503190601, 0.0 ], [ 120.446227031817671, 24.159375118792955, 0.0 ], [ 120.443871627525553, 24.159330006823648, 0.0 ], [ 120.441796336071164, 24.159317651239039, 0.0 ], [ 120.44176269478244, 24.15934882066907, 0.0 ], [ 120.44171572217428, 24.159384121490216, 0.0 ], [ 120.44166375578979, 24.159414403047691, 0.0 ], [ 120.441598933190647, 24.159441759239186, 0.0 ], [ 120.441518450904326, 24.159462183268008, 0.0 ], [ 120.441417919687026, 24.159469003396826, 0.0 ], [ 120.440593602185857, 24.159454656821183, 0.0 ], [ 120.440505298557753, 24.159453793715873, 0.0 ], [ 120.440433449260425, 24.159448522251328, 0.0 ], [ 120.440359933804118, 24.159432136967304, 0.0 ], [ 120.440311745194947, 24.159414836464045, 0.0 ], [ 120.440273265220014, 24.159396838752098, 0.0 ], [ 120.440227913937804, 24.159409027080113, 0.0 ], [ 120.440170620843389, 24.159418415399074, 0.0 ], [ 120.440096093730574, 24.159421092303813, 0.0 ], [ 120.440049096321957, 24.159417314713291, 0.0 ], [ 120.439988564290672, 24.159406059224668, 0.0 ], [ 120.439921878910056, 24.159384746451085, 0.0 ], [ 120.439867726765598, 24.159359713241631, 0.0 ], [ 120.439820711391064, 24.159331387995657, 0.0 ], [ 120.439767468239154, 24.159291214351668, 0.0 ], [ 120.439722163090707, 24.159255616612185, 0.0 ], [ 120.43901666787535, 24.159249371923671, 0.0 ], [ 120.436958755657798, 24.159218665826959, 0.0 ], [ 120.435776588539838, 24.159213746325729, 0.0 ], [ 120.435729389515942, 24.15920082244455, 0.0 ], [ 120.431083891645983, 24.159213622940662, 0.0 ], [ 120.431005172559765, 24.159206793466105, 0.0 ], [ 120.430926319318544, 24.159185335923699, 0.0 ], [ 120.430700151684917, 24.159171397773857, 0.0 ], [ 120.430580922798825, 24.159168740548839, 0.0 ], [ 120.430260534926632, 24.159121819653741, 0.0 ], [ 120.430049865328627, 24.1590894994088, 0.0 ], [ 120.429943352854778, 24.159061557524943, 0.0 ], [ 120.429684784328813, 24.158963674955, 0.0 ], [ 120.429454167179131, 24.158866413937091, 0.0 ], [ 120.429285822061004, 24.158762183795972, 0.0 ], [ 120.429095267610421, 24.158644204264561, 0.0 ], [ 120.428950551755463, 24.15853139763632, 0.0 ], [ 120.428819008125814, 24.158423947906698, 0.0 ], [ 120.428705172732577, 24.158300928067906, 0.0 ], [ 120.428584699185137, 24.158156655483108, 0.0 ], [ 120.428430261741525, 24.157958871553461, 0.0 ], [ 120.428186534178423, 24.157646070382359, 0.0 ], [ 120.425958443063948, 24.154780278129433, 0.0 ], [ 120.425381506037766, 24.154159608228522, 0.0 ], [ 120.424348812170493, 24.152749027725434, 0.0 ], [ 120.423693540518229, 24.151856245058262, 0.0 ], [ 120.423451106965558, 24.152014801446359, 0.0 ], [ 120.423340512664154, 24.152069274099428, 0.0 ], [ 120.4232134864627, 24.152096913653931, 0.0 ], [ 120.423073225755502, 24.152090495541099, 0.0 ], [ 120.422922435849955, 24.152038105105095, 0.0 ], [ 120.422814910120778, 24.151962225306335, 0.0 ], [ 120.422695303921699, 24.151823476540041, 0.0 ], [ 120.422608910900635, 24.151709261131732, 0.0 ], [ 120.422555268471783, 24.151560288608529, 0.0 ], [ 120.422553195239729, 24.151438198715326, 0.0 ], [ 120.422593394361442, 24.151303692217784, 0.0 ], [ 120.422646196735158, 24.151221199756797, 0.0 ], [ 120.422764106907607, 24.151120809621123, 0.0 ], [ 120.4230628822596, 24.150933889833162, 0.0 ], [ 120.421733282536124, 24.1492753441951, 0.0 ], [ 120.419825423577279, 24.146871486307276, 0.0 ], [ 120.419014076078795, 24.145816715836261, 0.0 ], [ 120.418777134163463, 24.145505843967577, 0.0 ], [ 120.418705005946634, 24.145411210846891, 0.0 ], [ 120.41863941083416, 24.145290353162487, 0.0 ], [ 120.418622516033764, 24.145224878035293, 0.0 ], [ 120.418618406188301, 24.145110953902609, 0.0 ], [ 120.418644916330621, 24.145000451598737, 0.0 ], [ 120.418682844944854, 24.144903127285176, 0.0 ], [ 120.4187430450515, 24.14479622869262, 0.0 ], [ 120.41878947912582, 24.144743968759506, 0.0 ], [ 120.418894584987427, 24.144656985794335, 0.0 ], [ 120.418934475058762, 24.144628218015235, 0.0 ], [ 120.419016338746317, 24.144584911931549, 0.0 ], [ 120.419097018875021, 24.144558750481309, 0.0 ], [ 120.419155637235207, 24.144548515743072, 0.0 ], [ 120.419263995609725, 24.144535549119745, 0.0 ], [ 120.41935155551252, 24.144532276474333, 0.0 ], [ 120.419432139277745, 24.144542094383631, 0.0 ], [ 120.419512213397383, 24.144564747602516, 0.0 ], [ 120.419553798020587, 24.144580195012768, 0.0 ], [ 120.419567127753652, 24.144584903708981, 0.0 ], [ 120.419580507868289, 24.144590972569251, 0.0 ], [ 120.419601547400674, 24.144601691208514, 0.0 ], [ 120.419621862556454, 24.144612040162396, 0.0 ], [ 120.419629222356519, 24.144615789495191, 0.0 ], [ 120.419724089673039, 24.144555516606964, 0.0 ], [ 120.419808625005501, 24.144501807690709, 0.0 ], [ 120.419872809448819, 24.144459749133908, 0.0 ], [ 120.419982481670758, 24.144385626087701, 0.0 ], [ 120.420134212367969, 24.144283076585133, 0.0 ], [ 120.420300223931207, 24.144170874136044, 0.0 ], [ 120.420430719249552, 24.144084868149001, 0.0 ], [ 120.420534837723949, 24.144017487927929, 0.0 ], [ 120.420604377561858, 24.143972484145898, 0.0 ], [ 120.420674747488988, 24.143926942876497, 0.0 ], [ 120.420734722268421, 24.143888129785779, 0.0 ], [ 120.420800439173945, 24.143845600275728, 0.0 ], [ 120.420919487186765, 24.14376818887845, 0.0 ], [ 120.421000442088811, 24.143715219297537, 0.0 ], [ 120.421123568232005, 24.14363465529371, 0.0 ], [ 120.42120574492661, 24.143580885783841, 0.0 ], [ 120.421281835741169, 24.143531097607379, 0.0 ], [ 120.421386010367414, 24.143462934232353, 0.0 ], [ 120.421468901470789, 24.143408697360673, 0.0 ], [ 120.42170861512156, 24.143251848129438, 0.0 ], [ 120.421812110534461, 24.143184080925344, 0.0 ], [ 120.421956188111707, 24.143088678616685, 0.0 ], [ 120.422045985165809, 24.143029218325772, 0.0 ], [ 120.422129645547884, 24.142973821577261, 0.0 ], [ 120.422317239898803, 24.142849604949696, 0.0 ], [ 120.422375941032897, 24.142810737125355, 0.0 ], [ 120.422477393259769, 24.142742751666358, 0.0 ], [ 120.422565530724896, 24.142683525650085, 0.0 ], [ 120.422692860713923, 24.14259796496728, 0.0 ], [ 120.422795922665472, 24.142528709431211, 0.0 ], [ 120.422870132218137, 24.142478842556297, 0.0 ], [ 120.422957291588318, 24.142420844448814, 0.0 ], [ 120.422996672639101, 24.142394818015724, 0.0 ], [ 120.42301628588757, 24.142381856742951, 0.0 ], [ 120.423012162626506, 24.142364157505504, 0.0 ], [ 120.423004046236088, 24.142338109457871, 0.0 ], [ 120.422993738412202, 24.142300489161496, 0.0 ], [ 120.422983560713888, 24.142307277182308, 0.0 ], [ 120.422714395275293, 24.141483356049228, 0.0 ], [ 120.422592327275296, 24.141141972140328, 0.0 ], [ 120.422548582952103, 24.141014373561145, 0.0 ], [ 120.422516436246042, 24.14097820211347, 0.0 ], [ 120.422506132000393, 24.140960122243399, 0.0 ], [ 120.422454389451318, 24.140870166835864, 0.0 ], [ 120.422357581378833, 24.140753972305415, 0.0 ], [ 120.422100025759846, 24.140444835932009, 0.0 ], [ 120.421831659284507, 24.140136855058326, 0.0 ], [ 120.42156395145048, 24.139832924053529, 0.0 ], [ 120.421416627319545, 24.139658274959764, 0.0 ], [ 120.421361787723626, 24.139593264405818, 0.0 ], [ 120.421342570428109, 24.139567841911877, 0.0 ], [ 120.421296917332242, 24.139497791245823, 0.0 ], [ 120.42124278649554, 24.139410558901961, 0.0 ], [ 120.421208681721041, 24.139355596303936, 0.0 ], [ 120.421176076579727, 24.139303051839498, 0.0 ], [ 120.421134588868881, 24.139240313098544, 0.0 ], [ 120.421098238871195, 24.139185341412848, 0.0 ], [ 120.421068371530282, 24.139140174121756, 0.0 ], [ 120.421042352157087, 24.139100826845226, 0.0 ], [ 120.421024341865177, 24.139073589737016, 0.0 ], [ 120.42100722122359, 24.13904769990258, 0.0 ], [ 120.420990092976453, 24.139021797301464, 0.0 ], [ 120.420968081992314, 24.138988511033489, 0.0 ], [ 120.420955310496311, 24.138969197942075, 0.0 ], [ 120.420943807222216, 24.1389508449918, 0.0 ], [ 120.420933769313237, 24.138932989773899, 0.0 ], [ 120.420916722285241, 24.13890093551915, 0.0 ], [ 120.420884955137012, 24.138841199720645, 0.0 ], [ 120.420839315256202, 24.138755374439913, 0.0 ], [ 120.420832490771772, 24.138754860123495, 0.0 ], [ 120.42082440607976, 24.138753182714666, 0.0 ], [ 120.420824309629538, 24.138752989733032, 0.0 ], [ 120.420755776025189, 24.138742093914029, 0.0 ], [ 120.42066645867861, 24.138709689767293, 0.0 ], [ 120.420615830820779, 24.138681358719943, 0.0 ], [ 120.42057730213547, 24.138653747597473, 0.0 ], [ 120.420533355761663, 24.13861404661823, 0.0 ], [ 120.420493355378412, 24.138567344991003, 0.0 ], [ 120.42046727571288, 24.138528712375454, 0.0 ], [ 120.420434941782446, 24.138464839331927, 0.0 ], [ 120.420417900792003, 24.138416424620761, 0.0 ], [ 120.420398652961453, 24.138313813933532, 0.0 ], [ 120.42039448305546, 24.138252850475418, 0.0 ], [ 120.420405038416106, 24.138164092226098, 0.0 ], [ 120.420418725853764, 24.138118032036882, 0.0 ], [ 120.420437182127102, 24.138075129433989, 0.0 ], [ 120.420409798892365, 24.138029023817946, 0.0 ], [ 120.420245560072544, 24.137763843244237, 0.0 ], [ 120.42009142237859, 24.137518435982617, 0.0 ], [ 120.419957326379034, 24.137247938578032, 0.0 ], [ 120.419938454994352, 24.137203212489247, 0.0 ], [ 120.41982892199789, 24.136896069643019, 0.0 ], [ 120.4197710129516, 24.13677716578697, 0.0 ], [ 120.419651433693119, 24.136516454150378, 0.0 ], [ 120.41955435881853, 24.136240540572512, 0.0 ], [ 120.419343290018304, 24.135740394274791, 0.0 ], [ 120.419253700243729, 24.135536577318952, 0.0 ], [ 120.419267726632441, 24.135564859584711, 0.0 ], [ 120.419265543737055, 24.135559787064576, 0.0 ], [ 120.419264001670584, 24.135556205645305, 0.0 ], [ 120.419260453324981, 24.135547964473083, 0.0 ], [ 120.419250166510636, 24.135523475372576, 0.0 ], [ 120.41923643236666, 24.135488409076029, 0.0 ], [ 120.419223333426629, 24.135454967369377, 0.0 ], [ 120.419206581174038, 24.1354121941791, 0.0 ], [ 120.419166610899268, 24.135310144527885, 0.0 ], [ 120.419080332076618, 24.135089861804968, 0.0 ], [ 120.419030738625864, 24.134974611315638, 0.0 ], [ 120.418936579997947, 24.134759427615812, 0.0 ], [ 120.418867301234243, 24.134605252586447, 0.0 ], [ 120.41875014627314, 24.134426590678199, 0.0 ], [ 120.418665167595208, 24.134342296361599, 0.0 ], [ 120.418644444064128, 24.134321266800413, 0.0 ], [ 120.418538800555524, 24.134216946626243, 0.0 ], [ 120.418468561278331, 24.134139412015845, 0.0 ], [ 120.418395179263911, 24.134057003427998, 0.0 ], [ 120.41831976979185, 24.133972318453019, 0.0 ], [ 120.418270174545299, 24.133905089605516, 0.0 ], [ 120.418233176745133, 24.133827120852828, 0.0 ], [ 120.418188236976974, 24.133718653398056, 0.0 ], [ 120.418080821909882, 24.133654822897505, 0.0 ], [ 120.417987413486301, 24.133601804178312, 0.0 ], [ 120.417807683260619, 24.133528314158035, 0.0 ], [ 120.417706080055126, 24.133499929322596, 0.0 ], [ 120.417574371037929, 24.133461127105491, 0.0 ], [ 120.417462146362439, 24.133402079810963, 0.0 ], [ 120.417310479907243, 24.133295786301701, 0.0 ], [ 120.416464946054191, 24.132750213944426, 0.0 ], [ 120.415402344125994, 24.132130893246217, 0.0 ], [ 120.415355433387901, 24.132163371154796, 0.0 ], [ 120.413650893283275, 24.133324199081716, 0.0 ], [ 120.413627325148397, 24.133339202426793, 0.0 ], [ 120.412815107013017, 24.133824688423054, 0.0 ], [ 120.411222840043024, 24.134881577378469, 0.0 ], [ 120.411161660133544, 24.134915422885818, 0.0 ], [ 120.411017687982621, 24.13495900164493, 0.0 ], [ 120.41091613388744, 24.134964292569933, 0.0 ], [ 120.410807370599272, 24.134947758199086, 0.0 ], [ 120.410704921060287, 24.134909042213803, 0.0 ], [ 120.410555667996277, 24.134796489406948, 0.0 ], [ 120.410429291845716, 24.134652664399553, 0.0 ], [ 120.410396935680879, 24.134611616749801, 0.0 ], [ 120.410352102363518, 24.134528796457868, 0.0 ], [ 120.410325645224248, 24.134433000030537, 0.0 ], [ 120.410321673777958, 24.134338069914143, 0.0 ], [ 120.410335015079568, 24.134257795709988, 0.0 ], [ 120.410366166103586, 24.134175713490396, 0.0 ], [ 120.410435827337309, 24.134075703994448, 0.0 ], [ 120.410522048912753, 24.134004743898476, 0.0 ], [ 120.411206409779439, 24.133545937836544, 0.0 ], [ 120.411971304422877, 24.133033789706946, 0.0 ], [ 120.413089757516929, 24.132264159024906, 0.0 ], [ 120.414583491383638, 24.131290007525894, 0.0 ], [ 120.414662489249864, 24.131241521624887, 0.0 ], [ 120.415098524412599, 24.130973900208129, 0.0 ], [ 120.415837210252491, 24.130472592425821, 0.0 ], [ 120.415958380136829, 24.130355692627191, 0.0 ], [ 120.416014508850182, 24.130261843160515, 0.0 ], [ 120.416032942337253, 24.130111565839421, 0.0 ], [ 120.416032942477997, 24.129897277356136, 0.0 ], [ 120.416000597537547, 24.129540078041053, 0.0 ], [ 120.41580532482152, 24.129072698172561, 0.0 ], [ 120.415750438448015, 24.128890020762093, 0.0 ], [ 120.41571412127513, 24.128743795992719, 0.0 ], [ 120.41570512613572, 24.128695716628744, 0.0 ], [ 120.415701835690626, 24.128647027129965, 0.0 ], [ 120.415704288682434, 24.128598294983604, 0.0 ], [ 120.41571924336705, 24.128461819972031, 0.0 ], [ 120.415762137669219, 24.128190379615113, 0.0 ], [ 120.415779670216622, 24.128080747271913, 0.0 ], [ 120.415790593979565, 24.128031618795855, 0.0 ], [ 120.415823422422989, 24.127917541096412, 0.0 ], [ 120.415817297931483, 24.127862765227267, 0.0 ], [ 120.415615699869861, 24.12734569663839, 0.0 ], [ 120.41531801080572, 24.126915758471931, 0.0 ], [ 120.415198354176525, 24.126793591762421, 0.0 ], [ 120.41470112248696, 24.126547059341096, 0.0 ], [ 120.414204979563621, 24.126380908430477, 0.0 ], [ 120.413842159158008, 24.126234639208878, 0.0 ], [ 120.41359395891223, 24.126196245766856, 0.0 ], [ 120.41323386478318, 24.126233960708035, 0.0 ], [ 120.413185638789443, 24.126234386230422, 0.0 ], [ 120.412688168382388, 24.126216369336667, 0.0 ], [ 120.411993858610003, 24.126297418248065, 0.0 ], [ 120.411932358635454, 24.126301025592923, 0.0 ], [ 120.411419024544543, 24.126245772432085, 0.0 ], [ 120.411343470617453, 24.126234593138363, 0.0 ], [ 120.411293730840612, 24.126221356867763, 0.0 ], [ 120.410904628425783, 24.126055909874438, 0.0 ], [ 120.410856871223814, 24.126036140715161, 0.0 ], [ 120.410660875521316, 24.125956994115452, 0.0 ], [ 120.410300519452775, 24.125801995306649, 0.0 ], [ 120.40998875276297, 24.125814994452256, 0.0 ], [ 120.409679483228715, 24.125827888211877, 0.0 ], [ 120.409463750814183, 24.12583033555309, 0.0 ], [ 120.408887511069537, 24.125807247123952, 0.0 ], [ 120.406678043385526, 24.125793562232513, 0.0 ], [ 120.404804148177774, 24.12572563739219, 0.0 ], [ 120.404812971051598, 24.125767619886819, 0.0 ], [ 120.404816437588494, 24.125801292294753, 0.0 ], [ 120.40481735261497, 24.125810187562784, 0.0 ], [ 120.40481725168506, 24.125852944384132, 0.0 ], [ 120.40481266837017, 24.125895495016337, 0.0 ], [ 120.404790762224962, 24.12599690433531, 0.0 ], [ 120.404749761635031, 24.12608645112449, 0.0 ], [ 120.404706603553834, 24.126146413027996, 0.0 ], [ 120.404633260138937, 24.126214796394564, 0.0 ], [ 120.404532578943105, 24.126284513700988, 0.0 ], [ 120.404431246577516, 24.126327245874684, 0.0 ], [ 120.40432408020925, 24.12634747640784, 0.0 ], [ 120.404256453546083, 24.126353213064139, 0.0 ], [ 120.404145598592805, 24.126351115581215, 0.0 ], [ 120.404039348682915, 24.126326640742906, 0.0 ], [ 120.403936762431073, 24.1262844281223, 0.0 ], [ 120.403822808728634, 24.126216096913723, 0.0 ], [ 120.403749171109936, 24.126142509660621, 0.0 ], [ 120.402764814814574, 24.124913421310918, 0.0 ], [ 120.402734461099527, 24.124913200852081, 0.0 ], [ 120.40258468072993, 24.12488446605159, 0.0 ], [ 120.402494419805308, 24.124841862084125, 0.0 ], [ 120.402423504823119, 24.124790426900024, 0.0 ], [ 120.402364195691817, 24.124729446627278, 0.0 ], [ 120.401252250639374, 24.123299216727791, 0.0 ], [ 120.398478136796342, 24.119719889753028, 0.0 ], [ 120.396658800703179, 24.117387532366877, 0.0 ], [ 120.396587494840404, 24.117295774024118, 0.0 ], [ 120.396529122061636, 24.117220657019587, 0.0 ], [ 120.396471539875478, 24.117185088717473, 0.0 ], [ 120.396445916499232, 24.117169261690499, 0.0 ], [ 120.396332515817292, 24.1171413891363, 0.0 ], [ 120.396247849117302, 24.117170916642586, 0.0 ], [ 120.396195809514964, 24.117189065622728, 0.0 ], [ 120.396110041432024, 24.117211303904305, 0.0 ], [ 120.396019613701895, 24.117218792870588, 0.0 ], [ 120.395905998547235, 24.117205887596022, 0.0 ], [ 120.395810939989772, 24.117174623294837, 0.0 ], [ 120.395730302218652, 24.117130473157946, 0.0 ], [ 120.395622493076033, 24.11704166598475, 0.0 ], [ 120.395534372841411, 24.116964058193453, 0.0 ], [ 120.395457463645428, 24.116878421736438, 0.0 ], [ 120.3954124706773, 24.116792913652777, 0.0 ], [ 120.395386039802219, 24.116686444594507, 0.0 ], [ 120.395386401939689, 24.116584846292319, 0.0 ], [ 120.395415851673036, 24.116472996191771, 0.0 ], [ 120.39545911488014, 24.116393489546226, 0.0 ], [ 120.395506744417915, 24.116335924404222, 0.0 ], [ 120.395593039540088, 24.116268352934366, 0.0 ], [ 120.39581553202467, 24.116125542387017, 0.0 ], [ 120.395056332798802, 24.11519178449231, 0.0 ], [ 120.39495404599613, 24.115261861010261, 0.0 ], [ 120.394878638916964, 24.115313522056915, 0.0 ], [ 120.39481108259433, 24.115352193375656, 0.0 ], [ 120.39473166749616, 24.115382476724289, 0.0 ], [ 120.394627500131662, 24.115401628424422, 0.0 ], [ 120.394525794619696, 24.115399929835068, 0.0 ], [ 120.394420258841748, 24.115376630940542, 0.0 ], [ 120.39433708799838, 24.115340758808092, 0.0 ], [ 120.394245866409662, 24.115278427933742, 0.0 ], [ 120.394030645844225, 24.115060376227976, 0.0 ], [ 120.393991999494617, 24.115007124550797, 0.0 ], [ 120.393953464120102, 24.11492675016115, 0.0 ], [ 120.393934390290653, 24.114853528815164, 0.0 ], [ 120.393928627543389, 24.114769912105206, 0.0 ], [ 120.39393826734846, 24.114691049579456, 0.0 ], [ 120.393951345229482, 24.114644015056285, 0.0 ], [ 120.393977556772072, 24.114582962752991, 0.0 ], [ 120.394021565173077, 24.114515362650419, 0.0 ], [ 120.394069466215853, 24.114464239841315, 0.0 ], [ 120.394150003214975, 24.114406660003166, 0.0 ], [ 120.394372476167561, 24.114272093536051, 0.0 ], [ 120.393742107840069, 24.113429768700026, 0.0 ], [ 120.393654624859721, 24.113319134361003, 0.0 ], [ 120.393568121908217, 24.113373921516658, 0.0 ], [ 120.39349652318667, 24.113419268342462, 0.0 ], [ 120.393435657847419, 24.113457817744013, 0.0 ], [ 120.393344966237962, 24.113509613378664, 0.0 ], [ 120.393244260102449, 24.113543693463157, 0.0 ], [ 120.393161288282087, 24.113555624369727, 0.0 ], [ 120.393069632324611, 24.113553196605778, 0.0 ], [ 120.392957149789879, 24.1135272861601, 0.0 ], [ 120.392846780009506, 24.113473067726833, 0.0 ], [ 120.392776926254044, 24.113418772057351, 0.0 ], [ 120.39271282400631, 24.113347457887649, 0.0 ], [ 120.392600368330719, 24.113185755951349, 0.0 ], [ 120.392570791716196, 24.113136428071467, 0.0 ], [ 120.392544573092238, 24.113073186367334, 0.0 ], [ 120.39252959973139, 24.113011808290146, 0.0 ], [ 120.392524214902565, 24.112921088345168, 0.0 ], [ 120.392530922008092, 24.112863084319208, 0.0 ], [ 120.3925467745254, 24.112802594591308, 0.0 ], [ 120.392567622493772, 24.112752291032105, 0.0 ], [ 120.392613839989906, 24.11267831074958, 0.0 ], [ 120.392659357433942, 24.11262838691653, 0.0 ], [ 120.392731894568485, 24.112573651523235, 0.0 ], [ 120.392937734826376, 24.112440696630472, 0.0 ], [ 120.392308720720308, 24.111659875298987, 0.0 ], [ 120.392208263967987, 24.111533277572676, 0.0 ], [ 120.392105352261993, 24.111588570768003, 0.0 ], [ 120.392049297820805, 24.111618688607564, 0.0 ], [ 120.391977127808246, 24.111657464989321, 0.0 ], [ 120.391862665771569, 24.111702270319427, 0.0 ], [ 120.39175932394815, 24.111718574941452, 0.0 ], [ 120.39165619261783, 24.111714312204246, 0.0 ], [ 120.391555664147077, 24.111689926436895, 0.0 ], [ 120.391460026940095, 24.111645266294666, 0.0 ], [ 120.39139474224875, 24.111599317654008, 0.0 ], [ 120.391332671026959, 24.111546635524576, 0.0 ], [ 120.391254756511913, 24.11148050762268, 0.0 ], [ 120.391211734657773, 24.111440387283437, 0.0 ], [ 120.39115369459617, 24.111361894062671, 0.0 ], [ 120.39112754656982, 24.111308021340403, 0.0 ], [ 120.39110609495313, 24.111237470508001, 0.0 ], [ 120.391096904864099, 24.111156725038999, 0.0 ], [ 120.391101891320673, 24.111083557113101, 0.0 ], [ 120.391122919164474, 24.11100213651088, 0.0 ], [ 120.391146436207364, 24.11094935421859, 0.0 ], [ 120.391184093685553, 24.110890459289468, 0.0 ], [ 120.391254426977667, 24.110817863510817, 0.0 ], [ 120.391506636339187, 24.110603406442021, 0.0 ], [ 120.391483971072859, 24.110573985712161, 0.0 ], [ 120.390749306628223, 24.10964484980866, 0.0 ], [ 120.390696920950546, 24.109676842276709, 0.0 ], [ 120.390650713284927, 24.109705063678465, 0.0 ], [ 120.39051793378907, 24.109781646593778, 0.0 ], [ 120.390437485109743, 24.109810664653541, 0.0 ], [ 120.390327369245981, 24.109828343710895, 0.0 ], [ 120.390226334001923, 24.109824034700637, 0.0 ], [ 120.390125923732185, 24.109799824323829, 0.0 ], [ 120.389997406171119, 24.109734260710479, 0.0 ], [ 120.389896244226179, 24.109662188480179, 0.0 ], [ 120.389853947842866, 24.109629883990237, 0.0 ], [ 120.389790186871565, 24.109561012524363, 0.0 ], [ 120.389737910108565, 24.109468156125903, 0.0 ], [ 120.389710999473451, 24.109371170736217, 0.0 ], [ 120.389709504428993, 24.109250894379684, 0.0 ], [ 120.38973998621681, 24.109138366358987, 0.0 ], [ 120.389785824981004, 24.109056495452716, 0.0 ], [ 120.389886747399714, 24.10895586887699, 0.0 ], [ 120.389982240100039, 24.108884599946293, 0.0 ], [ 120.390073089923845, 24.108816797863089, 0.0 ], [ 120.389573603816302, 24.108203075576231, 0.0 ], [ 120.389498549726, 24.108244197946085, 0.0 ], [ 120.389402450667959, 24.108296853001502, 0.0 ], [ 120.389295866571715, 24.108340583573586, 0.0 ], [ 120.389185540233598, 24.108359777339786, 0.0 ], [ 120.389084568428416, 24.108356619535982, 0.0 ], [ 120.389005566348146, 24.108340211845295, 0.0 ], [ 120.388908789303528, 24.108301396741115, 0.0 ], [ 120.388820979117554, 24.108243688512868, 0.0 ], [ 120.388757867207559, 24.108184708407126, 0.0 ], [ 120.388673522719159, 24.108101401526429, 0.0 ], [ 120.388622407535649, 24.108042365665597, 0.0 ], [ 120.388576982064365, 24.107961953642594, 0.0 ], [ 120.388545701082862, 24.107847799286951, 0.0 ], [ 120.388544893264665, 24.107744484406741, 0.0 ], [ 120.388567185346801, 24.107648584861018, 0.0 ], [ 120.388616487499007, 24.107551739142707, 0.0 ], [ 120.388677252490524, 24.107480694899898, 0.0 ], [ 120.388742398040804, 24.107430389357212, 0.0 ], [ 120.388909303445303, 24.107317715636043, 0.0 ], [ 120.388441461980747, 24.10672600029261, 0.0 ], [ 120.388395192625239, 24.106754145990461, 0.0 ], [ 120.388350614805404, 24.106781260962979, 0.0 ], [ 120.388279279290131, 24.106824652282516, 0.0 ], [ 120.388203690838722, 24.106862525524839, 0.0 ], [ 120.388108818459614, 24.10689062695814, 0.0 ], [ 120.388036208788307, 24.10689955997162, 0.0 ], [ 120.387941745389753, 24.106895886410253, 0.0 ], [ 120.387878723661856, 24.106883665145176, 0.0 ], [ 120.387792945028195, 24.106853245666692, 0.0 ], [ 120.387728906912798, 24.106818389942873, 0.0 ], [ 120.387656557097444, 24.106762652383964, 0.0 ], [ 120.387606907148538, 24.106710100215473, 0.0 ], [ 120.387510307924984, 24.106584102030585, 0.0 ], [ 120.387470745507457, 24.106522653199534, 0.0 ], [ 120.387439084080683, 24.106445313197526, 0.0 ], [ 120.387422325901497, 24.106354446548949, 0.0 ], [ 120.387427943345031, 24.106246890256557, 0.0 ], [ 120.38746111526379, 24.106142313617458, 0.0 ], [ 120.387508651291768, 24.106063641413069, 0.0 ], [ 120.387553080161382, 24.106013926072762, 0.0 ], [ 120.387616662148716, 24.105963703449902, 0.0 ], [ 120.387735939598869, 24.105881244449218, 0.0 ], [ 120.38749532107019, 24.105529798802252, 0.0 ], [ 120.387258181324299, 24.105189909100261, 0.0 ], [ 120.386227917532864, 24.10393089512468, 0.0 ], [ 120.385628844813809, 24.103232798951797, 0.0 ], [ 120.385616041558791, 24.103217196651542, 0.0 ], [ 120.385414854245923, 24.102937998382281, 0.0 ], [ 120.385122791654098, 24.102531705057228, 0.0 ], [ 120.384754018013453, 24.1020525244898, 0.0 ], [ 120.384035129498159, 24.101113547219821, 0.0 ], [ 120.383809794941442, 24.100818526325554, 0.0 ], [ 120.383522797805711, 24.100430039836507, 0.0 ], [ 120.383343211839531, 24.100176702939841, 0.0 ], [ 120.383146010697317, 24.099908684038382, 0.0 ], [ 120.383082175181642, 24.099821922469236, 0.0 ], [ 120.382939536022661, 24.099628059403177, 0.0 ], [ 120.382851440918969, 24.09950832768584, 0.0 ], [ 120.382813133302818, 24.099456262816826, 0.0 ], [ 120.382765692601723, 24.099395239447858, 0.0 ], [ 120.382673415580541, 24.099276547076727, 0.0 ], [ 120.38246155591483, 24.099004034143601, 0.0 ], [ 120.382218134751085, 24.098690926101707, 0.0 ], [ 120.382158842884365, 24.098614660618399, 0.0 ], [ 120.382149335280957, 24.098601977930965, 0.0 ], [ 120.381898605304428, 24.098255025463118, 0.0 ], [ 120.381755641165839, 24.09805719629162, 0.0 ], [ 120.381614904680575, 24.097862450515088, 0.0 ], [ 120.381531720597351, 24.097754252544178, 0.0 ], [ 120.381175347903451, 24.097291200309765, 0.0 ], [ 120.381085663693554, 24.097175884848237, 0.0 ], [ 120.38092663929153, 24.096971417398148, 0.0 ], [ 120.380838183810539, 24.096857684354514, 0.0 ], [ 120.380761670014905, 24.096759304988545, 0.0 ], [ 120.38065076707953, 24.096616711353295, 0.0 ], [ 120.380565541061088, 24.09650712948012, 0.0 ], [ 120.380503594709268, 24.096427033421488, 0.0 ], [ 120.380364580761835, 24.096247056345916, 0.0 ], [ 120.380298704176226, 24.096161768854692, 0.0 ], [ 120.380237619460473, 24.0960826866439, 0.0 ], [ 120.380170822437776, 24.095996206353956, 0.0 ], [ 120.380120264131747, 24.095930752220273, 0.0 ], [ 120.380072553035021, 24.09586898160677, 0.0 ], [ 120.380031369600033, 24.095815663707182, 0.0 ], [ 120.3799356937092, 24.095691795849117, 0.0 ], [ 120.379800612700265, 24.095516914100241, 0.0 ], [ 120.379772551818633, 24.09548058309446, 0.0 ], [ 120.379756770173117, 24.095460152305513, 0.0 ], [ 120.379746248476764, 24.095445965547803, 0.0 ], [ 120.379733423434701, 24.095427946626323, 0.0 ], [ 120.379472802505234, 24.095061780377691, 0.0 ], [ 120.379452499088529, 24.095030581799946, 0.0 ], [ 120.379444416823731, 24.09501634570853, 0.0 ], [ 120.379418773761259, 24.094969151107922, 0.0 ], [ 120.379407170050072, 24.094947794600788, 0.0 ], [ 120.379400825150825, 24.094936117348755, 0.0 ], [ 120.379392804694945, 24.094921357011799, 0.0 ], [ 120.379378848791831, 24.094895671077143, 0.0 ], [ 120.379366767469605, 24.094873434478977, 0.0 ], [ 120.379360240607639, 24.094861422856351, 0.0 ], [ 120.379350268893418, 24.094843068353946, 0.0 ], [ 120.379340695163478, 24.094825449062839, 0.0 ], [ 120.379331304371135, 24.094808165060144, 0.0 ], [ 120.379321115632607, 24.094789411501829, 0.0 ], [ 120.379311966475953, 24.09477257390931, 0.0 ], [ 120.379308744505366, 24.09476590811715, 0.0 ], [ 120.379301709028951, 24.094751351507899, 0.0 ], [ 120.379294000816913, 24.094735405112761, 0.0 ], [ 120.379286573038598, 24.094715052601977, 0.0 ], [ 120.37927859587866, 24.094693191475354, 0.0 ], [ 120.379274667666209, 24.094680357947361, 0.0 ], [ 120.379265699521738, 24.094651054265565, 0.0 ], [ 120.379257832951808, 24.09462535454195, 0.0 ], [ 120.379250499216027, 24.094601396919241, 0.0 ], [ 120.37924153109897, 24.094572092334136, 0.0 ], [ 120.379230756902317, 24.094536891778425, 0.0 ], [ 120.379222299431149, 24.094509260316716, 0.0 ], [ 120.377514980154274, 24.095020378633642, 0.0 ], [ 120.377299569229976, 24.095084309463523, 0.0 ], [ 120.37723810587147, 24.095102551502283, 0.0 ], [ 120.377172201048182, 24.095122110850237, 0.0 ], [ 120.377113459106198, 24.095139487949833, 0.0 ], [ 120.377065748789605, 24.095149962836722, 0.0 ], [ 120.377027442757125, 24.095154941785207, 0.0 ], [ 120.376990701741178, 24.09515694109222, 0.0 ], [ 120.376962914870077, 24.095156669793475, 0.0 ], [ 120.376922000873819, 24.095153468962042, 0.0 ], [ 120.376874849086647, 24.095145554235039, 0.0 ], [ 120.376838128606295, 24.095136122651919, 0.0 ], [ 120.376798007633255, 24.095122327353693, 0.0 ], [ 120.376753253337696, 24.095102232791927, 0.0 ], [ 120.37671077501318, 24.095077948700919, 0.0 ], [ 120.376677113033338, 24.095054490217748, 0.0 ], [ 120.376649052692073, 24.095031548520517, 0.0 ], [ 120.376615537374931, 24.094999204815895, 0.0 ], [ 120.37658916940687, 24.094968965007183, 0.0 ], [ 120.37656285776437, 24.094933114807919, 0.0 ], [ 120.376540173664679, 24.094895745573865, 0.0 ], [ 120.376521090083742, 24.094857170038715, 0.0 ], [ 120.376514783533239, 24.094841163656376, 0.0 ], [ 120.376503325088706, 24.094812076131618, 0.0 ], [ 120.376487135349294, 24.094770979733354, 0.0 ], [ 120.37647243208697, 24.094733653674485, 0.0 ], [ 120.376462065565306, 24.094707337774587, 0.0 ], [ 120.37645163915964, 24.09468087282243, 0.0 ], [ 120.376431171606981, 24.094628916198015, 0.0 ], [ 120.376415046471479, 24.094587980661117, 0.0 ], [ 120.37640414093346, 24.094553812062308, 0.0 ], [ 120.376395081597579, 24.094513721735655, 0.0 ], [ 120.376391034495754, 24.094485845481309, 0.0 ], [ 120.376388619339522, 24.09445464867223, 0.0 ], [ 120.376388513658526, 24.094420077957636, 0.0 ], [ 120.37639063051914, 24.094389873292346, 0.0 ], [ 120.376395675807984, 24.094355014657978, 0.0 ], [ 120.376402724198087, 24.094323469503419, 0.0 ], [ 120.376414045829165, 24.094286797955132, 0.0 ], [ 120.376425098328554, 24.094258846143912, 0.0 ], [ 120.37643791170396, 24.09423190928765, 0.0 ], [ 120.376459859926968, 24.094194168338046, 0.0 ], [ 120.376476757159011, 24.094169950686013, 0.0 ], [ 120.376504758161786, 24.094136155960758, 0.0 ], [ 120.376543780024107, 24.094098444630895, 0.0 ], [ 120.376578883657075, 24.094071356192551, 0.0 ], [ 120.376606842251576, 24.094053440751335, 0.0 ], [ 120.376625486048837, 24.094043049944386, 0.0 ], [ 120.376666375772047, 24.094024117288534, 0.0 ], [ 120.37669712219369, 24.09401303080022, 0.0 ], [ 120.376727779540246, 24.094004433903528, 0.0 ], [ 120.377678365892947, 24.093725812405175, 0.0 ], [ 120.37809586936784, 24.093603440105362, 0.0 ], [ 120.378177227944889, 24.093579353677224, 0.0 ], [ 120.378320473198087, 24.093535215955448, 0.0 ], [ 120.378604711590029, 24.093447632537956, 0.0 ], [ 120.378920521682744, 24.093349152665724, 0.0 ], [ 120.379181046839221, 24.093295513629581, 0.0 ], [ 120.379197552214919, 24.093265254233124, 0.0 ], [ 120.37922103379573, 24.093257724225399, 0.0 ], [ 120.379285586356005, 24.093237832922796, 0.0 ], [ 120.379309034583912, 24.093177356764834, 0.0 ], [ 120.379340009082071, 24.093097465149921, 0.0 ], [ 120.379390262470338, 24.092987070140332, 0.0 ], [ 120.379416120691872, 24.092931362126649, 0.0 ], [ 120.379457714751325, 24.092841749476563, 0.0 ], [ 120.379480235634247, 24.092799486860024, 0.0 ], [ 120.37950511573753, 24.092762655837365, 0.0 ], [ 120.379527206657386, 24.092733208846532, 0.0 ], [ 120.379583183195464, 24.092658596467682, 0.0 ], [ 120.379615852085081, 24.092615050201402, 0.0 ], [ 120.379624293436351, 24.092604148252519, 0.0 ], [ 120.379663580322941, 24.092556342457836, 0.0 ], [ 120.37972538075725, 24.092481264879716, 0.0 ], [ 120.379654302914801, 24.092479671299706, 0.0 ], [ 120.377176087266761, 24.085577850638916, 0.0 ], [ 120.377255814285363, 24.085481648803629, 0.0 ], [ 120.377096658579347, 24.085401107294668, 0.0 ], [ 120.377008268531753, 24.08534391252277, 0.0 ], [ 120.376528559604026, 24.084944976829934, 0.0 ], [ 120.376286275509173, 24.08466393915182, 0.0 ], [ 120.376205105227868, 24.084569785295905, 0.0 ], [ 120.376142417998253, 24.084475190576299, 0.0 ], [ 120.37601716729101, 24.084219999110633, 0.0 ], [ 120.376022303219287, 24.0842199952309, 0.0 ], [ 120.375813316562898, 24.083805157523425, 0.0 ], [ 120.375559806695378, 24.083851091675573, 0.0 ], [ 120.37532651749801, 24.083893361593248, 0.0 ], [ 120.375048822701928, 24.083943676734968, 0.0 ], [ 120.374680242486704, 24.084010460082929, 0.0 ], [ 120.374312426097234, 24.084078919094896, 0.0 ], [ 120.373832536857051, 24.084168658532281, 0.0 ], [ 120.373574752688981, 24.08422141426415, 0.0 ], [ 120.373563052501325, 24.084221415362826, 0.0 ], [ 120.373555486264152, 24.084221179726779, 0.0 ], [ 120.373315168410116, 24.084268858502348, 0.0 ], [ 120.373300715338999, 24.084275663762508, 0.0 ], [ 120.373047449854738, 24.084321303565773, 0.0 ], [ 120.372881763509369, 24.084353951234668, 0.0 ], [ 120.372743617408617, 24.084380813678866, 0.0 ], [ 120.37267502742138, 24.084385406505973, 0.0 ], [ 120.372570904870074, 24.084373586013484, 0.0 ], [ 120.372485525218096, 24.08434578437657, 0.0 ], [ 120.372370215465637, 24.084275374400576, 0.0 ], [ 120.372285000078193, 24.084184442635539, 0.0 ], [ 120.372228707147812, 24.084081952370173, 0.0 ], [ 120.372195324860328, 24.083937011410505, 0.0 ], [ 120.372192156909747, 24.083732504246409, 0.0 ], [ 120.372198858631279, 24.083661817400689, 0.0 ], [ 120.372236237800564, 24.083543554067532, 0.0 ], [ 120.372280926524411, 24.083468271861125, 0.0 ], [ 120.372343808111793, 24.083398371336095, 0.0 ], [ 120.372447784864491, 24.083327316207189, 0.0 ], [ 120.372583049138072, 24.083284219319562, 0.0 ], [ 120.37534863257757, 24.082778552555109, 0.0 ], [ 120.375354201145555, 24.082756925726411, 0.0 ], [ 120.375166444319461, 24.082426506792775, 0.0 ], [ 120.374990220669531, 24.082057808671316, 0.0 ], [ 120.374423109749344, 24.082129429571463, 0.0 ], [ 120.374286085240286, 24.082146733769022, 0.0 ], [ 120.374153743506611, 24.082163446774754, 0.0 ], [ 120.374083100258602, 24.082172368127313, 0.0 ], [ 120.374024060534865, 24.082176520102788, 0.0 ], [ 120.373964904516313, 24.082174127238197, 0.0 ], [ 120.373934935152946, 24.082169558795318, 0.0 ], [ 120.373906490762309, 24.08216522324118, 0.0 ], [ 120.373849667036183, 24.082149937307964, 0.0 ], [ 120.373821768396809, 24.082138941034192, 0.0 ], [ 120.373795256603174, 24.082128491181308, 0.0 ], [ 120.373744047471831, 24.082101196257263, 0.0 ], [ 120.373696783643794, 24.082068448921625, 0.0 ], [ 120.373654150535188, 24.082030722176164, 0.0 ], [ 120.373616764185002, 24.081988564549754, 0.0 ], [ 120.373574294144362, 24.081934210513097, 0.0 ], [ 120.373507926066708, 24.081849272460421, 0.0 ], [ 120.373475364742802, 24.081801577345903, 0.0 ], [ 120.373449520440843, 24.081750534454198, 0.0 ], [ 120.373430286672999, 24.081695049833954, 0.0 ], [ 120.373419481585145, 24.08164161360979, 0.0 ], [ 120.373415753856378, 24.08158542970585, 0.0 ], [ 120.373419669549051, 24.08152925621242, 0.0 ], [ 120.373430055298599, 24.081454168382997, 0.0 ], [ 120.373452152593089, 24.08129441473676, 0.0 ], [ 120.373463186556549, 24.081241054164458, 0.0 ], [ 120.37348113044159, 24.08118929889007, 0.0 ], [ 120.373505723155148, 24.081139899884981, 0.0 ], [ 120.373536607938917, 24.081093574885681, 0.0 ], [ 120.37357333656027, 24.081050995829845, 0.0 ], [ 120.373615375391367, 24.081012779935218, 0.0 ], [ 120.373662114383791, 24.080979483536158, 0.0 ], [ 120.373712876168227, 24.080951589604226, 0.0 ], [ 120.373766923066768, 24.08092950155088, 0.0 ], [ 120.373792119381363, 24.080922389810887, 0.0 ], [ 120.373823469901225, 24.080913541641387, 0.0 ], [ 120.373881697991976, 24.080903939504868, 0.0 ], [ 120.37394076096173, 24.080900836744142, 0.0 ], [ 120.373999801645226, 24.080904277299378, 0.0 ], [ 120.374057962822434, 24.080914211242472, 0.0 ], [ 120.374114400997854, 24.080930494111772, 0.0 ], [ 120.374168297134787, 24.08095289070495, 0.0 ], [ 120.374202106294149, 24.080971732601874, 0.0 ], [ 120.374218868467182, 24.080981074381661, 0.0 ], [ 120.374265381054741, 24.081014638107881, 0.0 ], [ 120.374363449653814, 24.081016306622466, 0.0 ], [ 120.37448180455803, 24.08098980285364, 0.0 ], [ 120.374224060497411, 24.080417440355461, 0.0 ], [ 120.372003502014024, 24.075599644697423, 0.0 ], [ 120.3718089026749, 24.075671805469703, 0.0 ], [ 120.371735136502977, 24.075693757010178, 0.0 ], [ 120.371661177566622, 24.075704337182341, 0.0 ], [ 120.371583048066597, 24.075703853065182, 0.0 ], [ 120.371512131020651, 24.07569301936876, 0.0 ], [ 120.371445951548637, 24.075673404655717, 0.0 ], [ 120.371377429408128, 24.075642130699169, 0.0 ], [ 120.371326187022362, 24.075610012093406, 0.0 ], [ 120.371274094639659, 24.075567565056573, 0.0 ], [ 120.37121052639263, 24.07549643067113, 0.0 ], [ 120.37112682195054, 24.075376257512055, 0.0 ], [ 120.37108628333003, 24.075313053880052, 0.0 ], [ 120.371056890268221, 24.075245048836834, 0.0 ], [ 120.371039212706521, 24.075171289135525, 0.0 ], [ 120.371035054242768, 24.075084801764309, 0.0 ], [ 120.371052646330369, 24.074982917644707, 0.0 ], [ 120.371096027505516, 24.074884322862193, 0.0 ], [ 120.371129960941118, 24.074835485568354, 0.0 ], [ 120.371193672569973, 24.074771100715726, 0.0 ], [ 120.371245144584179, 24.074734839198744, 0.0 ], [ 120.371317808948831, 24.074699889791063, 0.0 ], [ 120.37139637914008, 24.074666545598451, 0.0 ], [ 120.371470008973517, 24.074635297955059, 0.0 ], [ 120.371540091708141, 24.074605555263187, 0.0 ], [ 120.370832127454193, 24.073086828804087, 0.0 ], [ 120.370622818450258, 24.073169972459581, 0.0 ], [ 120.370550683992562, 24.073193585254543, 0.0 ], [ 120.370487254746692, 24.073204891220811, 0.0 ], [ 120.37041714903755, 24.07320784536266, 0.0 ], [ 120.370328952060532, 24.073197522698859, 0.0 ], [ 120.370253189113143, 24.073175418568937, 0.0 ], [ 120.370168815934477, 24.073133988241679, 0.0 ], [ 120.37009775616005, 24.073081233860577, 0.0 ], [ 120.370046184193626, 24.073028044800129, 0.0 ], [ 120.370003402886283, 24.07296848219492, 0.0 ], [ 120.369963848742614, 24.072888841221516, 0.0 ], [ 120.369944109449548, 24.07282520452258, 0.0 ], [ 120.36991951838958, 24.072738133677078, 0.0 ], [ 120.369899530953177, 24.072643931308896, 0.0 ], [ 120.369899963222238, 24.072548615347721, 0.0 ], [ 120.369921217193706, 24.072454354387947, 0.0 ], [ 120.36994065495108, 24.072406941340422, 0.0 ], [ 120.36998504814224, 24.072333553492616, 0.0 ], [ 120.370033890794303, 24.072278359683974, 0.0 ], [ 120.370082423513409, 24.072238159620078, 0.0 ], [ 120.370123358420443, 24.072212168148376, 0.0 ], [ 120.370193570888105, 24.072180493095722, 0.0 ], [ 120.37024841388579, 24.072158923391314, 0.0 ], [ 120.370306300190961, 24.072136155938143, 0.0 ], [ 120.370352700966507, 24.072117906891762, 0.0 ], [ 120.370376165434692, 24.072108679046821, 0.0 ], [ 120.369680064420578, 24.070615346540805, 0.0 ], [ 120.3694535669662, 24.070695648747613, 0.0 ], [ 120.369393286108362, 24.070714008026684, 0.0 ], [ 120.369347827018515, 24.070722646985573, 0.0 ], [ 120.369289485381756, 24.070727581203396, 0.0 ], [ 120.369217475916145, 24.070724372700777, 0.0 ], [ 120.369147891203411, 24.070711309089276, 0.0 ], [ 120.369090501887868, 24.070692608387827, 0.0 ], [ 120.369042686897288, 24.070670888119754, 0.0 ], [ 120.368993198785944, 24.070641560976572, 0.0 ], [ 120.368957818378391, 24.070615489412816, 0.0 ], [ 120.36891669667888, 24.070578461893987, 0.0 ], [ 120.368888322909598, 24.07054749525285, 0.0 ], [ 120.36885340816049, 24.070500878111183, 0.0 ], [ 120.368829100930057, 24.07046019566307, 0.0 ], [ 120.368748626213261, 24.070279334315664, 0.0 ], [ 120.3687322800304, 24.070231644036863, 0.0 ], [ 120.368720120258018, 24.070173083819768, 0.0 ], [ 120.368716192509183, 24.070101028184503, 0.0 ], [ 120.368723547169026, 24.07003222917767, 0.0 ], [ 120.36873594723275, 24.069982373719416, 0.0 ], [ 120.368753996726952, 24.069934489243153, 0.0 ], [ 120.368779494643405, 24.069885682344864, 0.0 ], [ 120.36880070230599, 24.069853844139054, 0.0 ], [ 120.368832342072579, 24.06981534118869, 0.0 ], [ 120.368865276108892, 24.069783163225843, 0.0 ], [ 120.368908657024249, 24.069749567464822, 0.0 ], [ 120.36895453075023, 24.069722332653772, 0.0 ], [ 120.368992834790348, 24.069704897762726, 0.0 ], [ 120.369053422618123, 24.069682169083521, 0.0 ], [ 120.369108580552648, 24.069661112392897, 0.0 ], [ 120.369165794242136, 24.069639270608196, 0.0 ], [ 120.369184209930395, 24.069632240476881, 0.0 ], [ 120.36920065587654, 24.069608679976437, 0.0 ], [ 120.369212594163756, 24.069595549760088, 0.0 ], [ 120.369014644530154, 24.069184930615151, 0.0 ], [ 120.368908081808314, 24.068951064060268, 0.0 ], [ 120.368526982542235, 24.068106655946149, 0.0 ], [ 120.368513061174014, 24.068111719015565, 0.0 ], [ 120.368480166705154, 24.068123679801364, 0.0 ], [ 120.368430077563772, 24.068141613968567, 0.0 ], [ 120.368375795106459, 24.068155976639662, 0.0 ], [ 120.368296789618654, 24.068165938795385, 0.0 ], [ 120.368220781280712, 24.068163864234055, 0.0 ], [ 120.368138680308235, 24.068148598245376, 0.0 ], [ 120.368055293651793, 24.068117875051239, 0.0 ], [ 120.367982177020977, 24.068075712389643, 0.0 ], [ 120.367922758673913, 24.068027572138739, 0.0 ], [ 120.367878441059958, 24.06798011152123, 0.0 ], [ 120.367828570969337, 24.067907355258555, 0.0 ], [ 120.367795261021129, 24.067842997363911, 0.0 ], [ 120.367748027727899, 24.067751740248617, 0.0 ], [ 120.36772549671285, 24.067700268116301, 0.0 ], [ 120.367710011442, 24.067646648189836, 0.0 ], [ 120.367701805084252, 24.067591688685162, 0.0 ], [ 120.367701001235574, 24.067536220299001, 0.0 ], [ 120.367707612286836, 24.067481079936314, 0.0 ], [ 120.367721539627524, 24.067427100785022, 0.0 ], [ 120.367742571009686, 24.067375096926572, 0.0 ], [ 120.367770390562356, 24.06732585448286, 0.0 ], [ 120.367804577138273, 24.067280116244596, 0.0 ], [ 120.367844614304914, 24.067238573719621, 0.0 ], [ 120.367889899468437, 24.067201853752106, 0.0 ], [ 120.367939747002893, 24.067170509550571, 0.0 ], [ 120.367993404047766, 24.067145017350914, 0.0 ], [ 120.368072978630622, 24.067112735257282, 0.0 ], [ 120.367662473194159, 24.066235025061573, 0.0 ], [ 120.367349117397907, 24.065614563204395, 0.0 ], [ 120.367026322691231, 24.065715983716, 0.0 ], [ 120.366942623795595, 24.065731248345383, 0.0 ], [ 120.366854559361954, 24.065732128244392, 0.0 ], [ 120.366761571228821, 24.06571621022481, 0.0 ], [ 120.366678717721001, 24.065686043449411, 0.0 ], [ 120.366620032949641, 24.065653845962615, 0.0 ], [ 120.366558595675187, 24.065607798795835, 0.0 ], [ 120.366505473873985, 24.065553839291205, 0.0 ], [ 120.366449395979075, 24.065472948218357, 0.0 ], [ 120.366417182810082, 24.065410104562705, 0.0 ], [ 120.366389184391778, 24.065338083851753, 0.0 ], [ 120.366372533949274, 24.065238756065739, 0.0 ], [ 120.36637669231402, 24.065153036543947, 0.0 ], [ 120.366398683636916, 24.065066746845876, 0.0 ], [ 120.366434119761493, 24.064995532528073, 0.0 ], [ 120.366462206006631, 24.064955700690842, 0.0 ], [ 120.366503500561066, 24.064908933444244, 0.0 ], [ 120.366546109363625, 24.064871933073658, 0.0 ], [ 120.366593213030555, 24.064839853342605, 0.0 ], [ 120.366677983635682, 24.06479778985657, 0.0 ], [ 120.366759208745862, 24.064760917380493, 0.0 ], [ 120.366835958120518, 24.064726077117527, 0.0 ], [ 120.366885387056854, 24.064703638977321, 0.0 ], [ 120.366910687108657, 24.064689472679319, 0.0 ], [ 120.366811611946886, 24.064477200071838, 0.0 ], [ 120.366191115344563, 24.063130060028403, 0.0 ], [ 120.365953737707386, 24.063229797073852, 0.0 ], [ 120.365902194685077, 24.063248154969685, 0.0 ], [ 120.36584323592875, 24.063261955245459, 0.0 ], [ 120.365784065103981, 24.063268670202248, 0.0 ], [ 120.365719662836796, 24.063268174564186, 0.0 ], [ 120.365618687153869, 24.063250813251084, 0.0 ], [ 120.365561164969435, 24.063231154254918, 0.0 ], [ 120.365500688899473, 24.063201638722138, 0.0 ], [ 120.365445311071298, 24.063165022853564, 0.0 ], [ 120.365400247846296, 24.063126560183019, 0.0 ], [ 120.365360184627093, 24.063083495643845, 0.0 ], [ 120.365241380828451, 24.062897890245587, 0.0 ], [ 120.365206256024038, 24.062835059419047, 0.0 ], [ 120.365178668688813, 24.06275716623075, 0.0 ], [ 120.365166759410016, 24.062683751894316, 0.0 ], [ 120.365167032349035, 24.062614067511941, 0.0 ], [ 120.365179595110902, 24.062540441202977, 0.0 ], [ 120.365197401098698, 24.062486576954285, 0.0 ], [ 120.365231337044492, 24.062419738928654, 0.0 ], [ 120.365270764009665, 24.06236587530951, 0.0 ], [ 120.365310393171498, 24.062325253299587, 0.0 ], [ 120.365353684018146, 24.062290970901682, 0.0 ], [ 120.365422196685358, 24.062252056822263, 0.0 ], [ 120.365475627514343, 24.062231874978675, 0.0 ], [ 120.365533824628528, 24.062210924992922, 0.0 ], [ 120.365713488855462, 24.062146247905602, 0.0 ], [ 120.365670063861572, 24.062054986441954, 0.0 ], [ 120.365534021936455, 24.061769093825536, 0.0 ], [ 120.365402475285691, 24.061492644635102, 0.0 ], [ 120.365343995524427, 24.061369746460443, 0.0 ], [ 120.365253151548671, 24.06116578327525, 0.0 ], [ 120.365189096629777, 24.061020668579527, 0.0 ], [ 120.365092993391698, 24.060802946950325, 0.0 ], [ 120.365072300513006, 24.060752053179542, 0.0 ], [ 120.365060719281558, 24.060711705087023, 0.0 ], [ 120.3650442661353, 24.060644634312478, 0.0 ], [ 120.364789272313928, 24.060742689878492, 0.0 ], [ 120.364727889380987, 24.060759345308202, 0.0 ], [ 120.364664260496838, 24.060768397489976, 0.0 ], [ 120.36458802211709, 24.060768808579255, 0.0 ], [ 120.364510665869005, 24.060757594095193, 0.0 ], [ 120.364433380446798, 24.06073387374845, 0.0 ], [ 120.364348591149664, 24.060691020232284, 0.0 ], [ 120.364277495830109, 24.060637413772938, 0.0 ], [ 120.364228587208089, 24.060587041814056, 0.0 ], [ 120.364190428653714, 24.060537264888051, 0.0 ], [ 120.364100844636212, 24.060417288041979, 0.0 ], [ 120.364076136484044, 24.060379638910362, 0.0 ], [ 120.364051689724974, 24.060331126322051, 0.0 ], [ 120.364030024651797, 24.060267276306472, 0.0 ], [ 120.364018059996255, 24.060196415268237, 0.0 ], [ 120.364018995847317, 24.060112837200034, 0.0 ], [ 120.36403414602033, 24.060036658869691, 0.0 ], [ 120.364058665028296, 24.059972380959248, 0.0 ], [ 120.364089770992877, 24.059917511332884, 0.0 ], [ 120.364121248197847, 24.059875927748504, 0.0 ], [ 120.364180588309722, 24.059818584246251, 0.0 ], [ 120.36424413404832, 24.059776403424259, 0.0 ], [ 120.364913978368094, 24.059526449686913, 0.0 ], [ 120.364932821561268, 24.059432771546639, 0.0 ], [ 120.364958644717476, 24.05932917336024, 0.0 ], [ 120.364991306349765, 24.059198140827657, 0.0 ], [ 120.365025327968254, 24.059073617652288, 0.0 ], [ 120.365081011905644, 24.058957096270586, 0.0 ], [ 120.365158488803459, 24.058801912808057, 0.0 ], [ 120.365216988083588, 24.058684741261104, 0.0 ], [ 120.365266148900901, 24.058607530306841, 0.0 ], [ 120.365359534799722, 24.058489496581085, 0.0 ], [ 120.365459858198747, 24.058362695479605, 0.0 ], [ 120.365518779213645, 24.05828822399512, 0.0 ], [ 120.365601464741403, 24.058204826421658, 0.0 ], [ 120.365668717302242, 24.058143420615163, 0.0 ], [ 120.365757125652067, 24.058062695670557, 0.0 ], [ 120.36589493593965, 24.05793978915203, 0.0 ], [ 120.365937930960172, 24.057910858180652, 0.0 ], [ 120.366003367566691, 24.057871647878791, 0.0 ], [ 120.366064278452654, 24.057835148582559, 0.0 ], [ 120.366139450996229, 24.057790104619851, 0.0 ], [ 120.366146539065539, 24.057785857286696, 0.0 ], [ 120.366162158082375, 24.057776498424616, 0.0 ], [ 120.366174156966736, 24.05776930749742, 0.0 ], [ 120.366191570130255, 24.057758873865893, 0.0 ], [ 120.366206044791724, 24.057750200208019, 0.0 ], [ 120.366215005643539, 24.057744829817441, 0.0 ], [ 120.366277283660111, 24.057707511861665, 0.0 ], [ 120.366363570271332, 24.057655807665345, 0.0 ], [ 120.366413936988565, 24.057629379070413, 0.0 ], [ 120.366467342843407, 24.05760858344313, 0.0 ], [ 120.366523042831318, 24.057593707610621, 0.0 ], [ 120.366990837333105, 24.05749584794539, 0.0 ], [ 120.367082961446044, 24.057476576967346, 0.0 ], [ 120.367193106323484, 24.057465298903132, 0.0 ], [ 120.368358598607657, 24.057467340142512, 0.0 ], [ 120.370896691296082, 24.057527452102921, 0.0 ], [ 120.374218988620314, 24.057588921983086, 0.0 ], [ 120.376156773554825, 24.057599501859265, 0.0 ], [ 120.377852720581473, 24.057655614054163, 0.0 ], [ 120.378276333147369, 24.057677133027081, 0.0 ], [ 120.378619089304536, 24.057634445942654, 0.0 ], [ 120.378684000095447, 24.057595299435086, 0.0 ], [ 120.378726050718825, 24.057576526936536, 0.0 ], [ 120.378785712184637, 24.057556215859272, 0.0 ], [ 120.378839502399074, 24.057544766828016, 0.0 ], [ 120.378894351208061, 24.057538928346503, 0.0 ], [ 120.378949568069771, 24.05753877522897, 0.0 ], [ 120.378989667899219, 24.057540734139018, 0.0 ], [ 120.379020892864375, 24.057542260254589, 0.0 ], [ 120.379069298999113, 24.05754462503619, 0.0 ], [ 120.379125480191462, 24.057547370339922, 0.0 ], [ 120.379224141943752, 24.057552409509178, 0.0 ], [ 120.379245081213341, 24.057554874031435, 0.0 ], [ 120.379286447990836, 24.057559931492218, 0.0 ], [ 120.37934559279941, 24.057571041224886, 0.0 ], [ 120.379404940390401, 24.057582185097765, 0.0 ], [ 120.379483537712673, 24.057596950490904, 0.0 ], [ 120.379531520399652, 24.057608305764624, 0.0 ], [ 120.37957082563301, 24.057621606360097, 0.0 ], [ 120.379622547450282, 24.057643988491286, 0.0 ], [ 120.379680131713286, 24.057677775043313, 0.0 ], [ 120.379744683859528, 24.057718775281153, 0.0 ], [ 120.380204201075614, 24.057779663843455, 0.0 ], [ 120.380324123999827, 24.057783192713085, 0.0 ], [ 120.380488824877631, 24.057788039868338, 0.0 ], [ 120.38069852969241, 24.057794210839624, 0.0 ], [ 120.380888010161641, 24.057799786090804, 0.0 ], [ 120.384580015500077, 24.05786387753124, 0.0 ], [ 120.390519670238675, 24.057952026709309, 0.0 ], [ 120.392255094211066, 24.05799972907954, 0.0 ], [ 120.392582647745556, 24.058006941671692, 0.0 ], [ 120.39329004134261, 24.058012709139582, 0.0 ], [ 120.396717225847709, 24.058058703359233, 0.0 ], [ 120.397307927715261, 24.058066393228799, 0.0 ], [ 120.397757755427747, 24.058079092606484, 0.0 ], [ 120.398237954205911, 24.05809919500502, 0.0 ], [ 120.39893356944529, 24.058167626211464, 0.0 ], [ 120.399858661361606, 24.058342215283918, 0.0 ], [ 120.399826238294196, 24.057684073471943, 0.0 ], [ 120.399648616570673, 24.054667373488606, 0.0 ], [ 120.399648368002588, 24.054663194746311, 0.0 ], [ 120.39960007005827, 24.054650524223014, 0.0 ], [ 120.399549078305341, 24.054631205865931, 0.0 ], [ 120.399500406452191, 24.054606621145933, 0.0 ], [ 120.399446733430906, 24.054575732456279, 0.0 ], [ 120.399419822761544, 24.054560245432882, 0.0 ], [ 120.399399315821526, 24.054548586087389, 0.0 ], [ 120.399302726232008, 24.05449194932914, 0.0 ], [ 120.399235515092656, 24.054451033679815, 0.0 ], [ 120.399102785431879, 24.054370230254342, 0.0 ], [ 120.398992759820317, 24.054298412718261, 0.0 ], [ 120.398908422474065, 24.054230600785786, 0.0 ], [ 120.398504978913493, 24.053906206562328, 0.0 ], [ 120.398252654441777, 24.053703322279603, 0.0 ], [ 120.397920271281706, 24.053439193981895, 0.0 ], [ 120.397253182944965, 24.052911112588681, 0.0 ], [ 120.396799289682335, 24.052551801974577, 0.0 ], [ 120.39642329937999, 24.052250817676114, 0.0 ], [ 120.39630508000775, 24.05216019649761, 0.0 ], [ 120.395431704241773, 24.051728925273213, 0.0 ], [ 120.395095876857894, 24.051567476198841, 0.0 ], [ 120.394780974554337, 24.051413057477987, 0.0 ], [ 120.393981059999831, 24.051020772104206, 0.0 ], [ 120.393144638559846, 24.050610539097189, 0.0 ], [ 120.392437937501612, 24.050273350289956, 0.0 ], [ 120.391605436073561, 24.049886991233389, 0.0 ], [ 120.390867213442149, 24.049544385147332, 0.0 ], [ 120.390253208097462, 24.049259428550897, 0.0 ], [ 120.389749897071567, 24.048998063836848, 0.0 ], [ 120.389459123722673, 24.048829015750925, 0.0 ], [ 120.389275231950634, 24.04872177464711, 0.0 ], [ 120.38878435027712, 24.048435505374812, 0.0 ], [ 120.388620764276453, 24.048347944549338, 0.0 ], [ 120.38808361571401, 24.048096874379034, 0.0 ], [ 120.387430636177584, 24.047792016719022, 0.0 ], [ 120.386741847741845, 24.047471679168208, 0.0 ], [ 120.386190956634891, 24.047215475145261, 0.0 ], [ 120.385769033580345, 24.04702623562946, 0.0 ], [ 120.385193266049086, 24.04677103833399, 0.0 ], [ 120.384177852585694, 24.046313641751173, 0.0 ], [ 120.383619055552543, 24.04604831226834, 0.0 ], [ 120.383042168609535, 24.045770880959655, 0.0 ], [ 120.382988531510335, 24.045748337517136, 0.0 ], [ 120.382976737726025, 24.045742704012298, 0.0 ], [ 120.382950558446709, 24.045730321297345, 0.0 ], [ 120.382924262147498, 24.0457174573014, 0.0 ], [ 120.382893146531131, 24.045701903287856, 0.0 ], [ 120.382843794547611, 24.045677232577987, 0.0 ], [ 120.382804541031959, 24.045657610377578, 0.0 ], [ 120.382773235726489, 24.045641961032633, 0.0 ], [ 120.382372796078414, 24.045441783456223, 0.0 ], [ 120.382058160453838, 24.045284500060333, 0.0 ], [ 120.381914168453292, 24.045296046342681, 0.0 ], [ 120.381913838678145, 24.045296072290622, 0.0 ], [ 120.381912700704746, 24.045296162032674, 0.0 ], [ 120.381837126309122, 24.045302148278711, 0.0 ], [ 120.381726573317067, 24.045295085626538, 0.0 ], [ 120.381578901738806, 24.045270102211184, 0.0 ], [ 120.381385414599961, 24.04522589016636, 0.0 ], [ 120.381254030178923, 24.045181993429246, 0.0 ], [ 120.381204742217676, 24.045162670257188, 0.0 ], [ 120.381174982285359, 24.045149198827005, 0.0 ], [ 120.381041200324219, 24.045145186910528, 0.0 ], [ 120.379624378993555, 24.045780503467029, 0.0 ], [ 120.379618456397594, 24.045822129599109, 0.0 ], [ 120.379583217145907, 24.046009760884704, 0.0 ], [ 120.379534857178143, 24.046141429906008, 0.0 ], [ 120.379445181528851, 24.046253354798289, 0.0 ], [ 120.379322687883402, 24.046334931208822, 0.0 ], [ 120.379178980350432, 24.046378431300514, 0.0 ], [ 120.37902767546214, 24.046379733286063, 0.0 ], [ 120.378837938892417, 24.046318462823415, 0.0 ], [ 120.378720314981749, 24.046244625211095, 0.0 ], [ 120.378684063352736, 24.046203485172164, 0.0 ], [ 120.376385668940671, 24.047309575025846, 0.0 ], [ 120.376381231258975, 24.047316204245298, 0.0 ], [ 120.3763564786899, 24.047339974740211, 0.0 ], [ 120.376327117157899, 24.047364363998316, 0.0 ], [ 120.376286924725164, 24.047392366524825, 0.0 ], [ 120.37624825511206, 24.04741337362935, 0.0 ], [ 120.376091794185754, 24.047491572115568, 0.0 ], [ 120.376038075779107, 24.047515408627525, 0.0 ], [ 120.375981497908029, 24.047532850286345, 0.0 ], [ 120.375944169225491, 24.047539305338987, 0.0 ], [ 120.375923288766685, 24.047543665220523, 0.0 ], [ 120.375864221780049, 24.04754770973209, 0.0 ], [ 120.375805081772228, 24.047544930081465, 0.0 ], [ 120.375787690463099, 24.047542009961322, 0.0 ], [ 120.375746654537465, 24.047535363201728, 0.0 ], [ 120.375689716398824, 24.047519136208443, 0.0 ], [ 120.375638214979517, 24.047499410993389, 0.0 ], [ 120.375583303722451, 24.047467649942003, 0.0 ], [ 120.375535243091221, 24.047433074767451, 0.0 ], [ 120.375491480582582, 24.047393198586679, 0.0 ], [ 120.375452597669536, 24.047348551235117, 0.0 ], [ 120.375418634268925, 24.047299726355668, 0.0 ], [ 120.375349004344656, 24.047174021045173, 0.0 ], [ 120.375327472876378, 24.047126334820053, 0.0 ], [ 120.375301254795872, 24.047037770675097, 0.0 ], [ 120.375297704687554, 24.046972392528971, 0.0 ], [ 120.375302348922077, 24.04689464108883, 0.0 ], [ 120.375324395334218, 24.046817886919253, 0.0 ], [ 120.375352177708663, 24.046759019432383, 0.0 ], [ 120.375372139964696, 24.046724540991296, 0.0 ], [ 120.375404083772978, 24.046682853120885, 0.0 ], [ 120.37544573135493, 24.046644539023191, 0.0 ], [ 120.375481797415063, 24.046612471291429, 0.0 ], [ 120.375526436605341, 24.046584801305347, 0.0 ], [ 120.375573606870233, 24.046562707125705, 0.0 ], [ 120.375733933709171, 24.046491692307303, 0.0 ], [ 120.375824537562607, 24.046461332376897, 0.0 ], [ 120.375871289512716, 24.046452386010952, 0.0 ], [ 120.375911083006741, 24.046451058054338, 0.0 ], [ 120.376758895646404, 24.04605028969684, 0.0 ], [ 120.378132951074051, 24.045378624493203, 0.0 ], [ 120.378382146042142, 24.045255506729223, 0.0 ], [ 120.378843393974108, 24.045020681705804, 0.0 ], [ 120.378844786446194, 24.045008691210107, 0.0 ], [ 120.378853871702674, 24.044961146271806, 0.0 ], [ 120.378867640030336, 24.044914831736822, 0.0 ], [ 120.378896032528957, 24.044850824589897, 0.0 ], [ 120.378937941781743, 24.044788733900305, 0.0 ], [ 120.378970099793861, 24.044752671936227, 0.0 ], [ 120.379005540245458, 24.044720352120414, 0.0 ], [ 120.379337804749227, 24.044446921381727, 0.0 ], [ 120.379293636140375, 24.044366511483808, 0.0 ], [ 120.379126405572293, 24.044059272783887, 0.0 ], [ 120.378936204331382, 24.043800619426857, 0.0 ], [ 120.378838616495088, 24.043723044641343, 0.0 ], [ 120.378762942999899, 24.043662511316132, 0.0 ], [ 120.378466896609467, 24.043515944789917, 0.0 ], [ 120.378175233149847, 24.043379862094746, 0.0 ], [ 120.377914564507634, 24.043258041122442, 0.0 ], [ 120.376405013898776, 24.042552551030486, 0.0 ], [ 120.375331433808, 24.042065449951728, 0.0 ], [ 120.375015780350495, 24.041919674958589, 0.0 ], [ 120.374971117254162, 24.041896319302673, 0.0 ], [ 120.374918449667106, 24.04186093147597, 0.0 ], [ 120.37481819945593, 24.041783067710568, 0.0 ], [ 120.374753323638501, 24.041732679849069, 0.0 ], [ 120.374697949100863, 24.041689300337332, 0.0 ], [ 120.374653759554903, 24.041652086834517, 0.0 ], [ 120.374620704183016, 24.041617079920329, 0.0 ], [ 120.37459154734357, 24.041578765166072, 0.0 ], [ 120.374566617823106, 24.041537574625345, 0.0 ], [ 120.374546196736546, 24.041493972780348, 0.0 ], [ 120.3745230119914, 24.041435849566589, 0.0 ], [ 120.374506043216797, 24.041386077440443, 0.0 ], [ 120.374476628718057, 24.041312440718613, 0.0 ], [ 120.374349748530435, 24.040631754507938, 0.0 ], [ 120.374266579186255, 24.040576274322337, 0.0 ], [ 120.374225272861366, 24.040546632703915, 0.0 ], [ 120.374187324173235, 24.040512219370086, 0.0 ], [ 120.374164915398524, 24.040485159461802, 0.0 ], [ 120.37415375159479, 24.040473524894018, 0.0 ], [ 120.374125034573467, 24.040431101867672, 0.0 ], [ 120.374095864547584, 24.040371151355533, 0.0 ], [ 120.374083732422818, 24.040337538115164, 0.0 ], [ 120.374071737125064, 24.04028773356378, 0.0 ], [ 120.374066975760101, 24.040247144224619, 0.0 ], [ 120.374065768625201, 24.040236853729926, 0.0 ], [ 120.374065912158571, 24.040185625223323, 0.0 ], [ 120.374072165674846, 24.040134779633362, 0.0 ], [ 120.374084439868284, 24.040085043080687, 0.0 ], [ 120.37410255945268, 24.0400371258484, 0.0 ], [ 120.374116987516558, 24.040009486237228, 0.0 ], [ 120.374126265664231, 24.039991712237715, 0.0 ], [ 120.374207339139147, 24.03985776554951, 0.0 ], [ 120.374208534227577, 24.039855791067961, 0.0 ], [ 120.374209093703811, 24.03985342912318, 0.0 ], [ 120.374209968050053, 24.03984973789203, 0.0 ], [ 120.374211736963829, 24.039842270060696, 0.0 ], [ 120.374213712500008, 24.039833929930342, 0.0 ], [ 120.374217214936365, 24.039819143678809, 0.0 ], [ 120.374229217943466, 24.039768470524955, 0.0 ], [ 120.374154501617326, 24.039378955216804, 0.0 ], [ 120.374116085791684, 24.03938754757667, 0.0 ], [ 120.373642673644881, 24.03949354970517, 0.0 ], [ 120.373668497449657, 24.039848240707776, 0.0 ], [ 120.373666341270777, 24.039905376602057, 0.0 ], [ 120.373657298211128, 24.039961833511242, 0.0 ], [ 120.373641500742224, 24.04001678439402, 0.0 ], [ 120.373619180282958, 24.040069424270829, 0.0 ], [ 120.373590663807349, 24.040118982016271, 0.0 ], [ 120.37355636905508, 24.040164731655555, 0.0 ], [ 120.373516798412638, 24.040206002998893, 0.0 ], [ 120.373472531552807, 24.040242191459118, 0.0 ], [ 120.373424216944159, 24.040272766909187, 0.0 ], [ 120.37337256235115, 24.040297281446936, 0.0 ], [ 120.373318324465671, 24.04031537595721, 0.0 ], [ 120.373259579815652, 24.040327096912609, 0.0 ], [ 120.373236335341389, 24.040329682781746, 0.0 ], [ 120.373201310231124, 24.040331396715597, 0.0 ], [ 120.373176237952592, 24.040331027726307, 0.0 ], [ 120.373147699127415, 24.040328980892511, 0.0 ], [ 120.373102008173518, 24.040326427521155, 0.0 ], [ 120.373019826480544, 24.040321836093646, 0.0 ], [ 120.372749937340558, 24.040306755489322, 0.0 ], [ 120.372506402233483, 24.040293148624517, 0.0 ], [ 120.371937313660013, 24.040265407074834, 0.0 ], [ 120.37178425782767, 24.040259925478491, 0.0 ], [ 120.371682614447394, 24.040256284379186, 0.0 ], [ 120.37163070410891, 24.040254426152377, 0.0 ], [ 120.37157383237907, 24.040252388824726, 0.0 ], [ 120.371519844987418, 24.040250455172202, 0.0 ], [ 120.37148842178722, 24.040248008163008, 0.0 ], [ 120.371464912357581, 24.040246204567879, 0.0 ], [ 120.371410324833576, 24.04023579871323, 0.0 ], [ 120.371393825262274, 24.040230691795482, 0.0 ], [ 120.37136921905774, 24.040223075727159, 0.0 ], [ 120.371357239042339, 24.040219367694352, 0.0 ], [ 120.371306317814572, 24.040197116669155, 0.0 ], [ 120.371258196952297, 24.040169323464269, 0.0 ], [ 120.371213477294603, 24.040136335106055, 0.0 ], [ 120.371172717210428, 24.040098563487895, 0.0 ], [ 120.371136425631633, 24.040056480226024, 0.0 ], [ 120.371104579526275, 24.040010611354134, 0.0 ], [ 120.37103744831991, 24.039894181814855, 0.0 ], [ 120.370817961835243, 24.03951350894458, 0.0 ], [ 120.370544845486322, 24.039034264673464, 0.0 ], [ 120.37036043954906, 24.038703346989269, 0.0 ], [ 120.370307190843548, 24.038594464872279, 0.0 ], [ 120.370204340864731, 24.038432460857443, 0.0 ], [ 120.370250666329909, 24.038505087263488, 0.0 ], [ 120.370232937541061, 24.038472020613984, 0.0 ], [ 120.370219870754269, 24.03844765104575, 0.0 ], [ 120.370196950662432, 24.038404903423764, 0.0 ], [ 120.370177638816529, 24.038368886095828, 0.0 ], [ 120.370139884340617, 24.038298471166275, 0.0 ], [ 120.370085310050342, 24.038196687604266, 0.0 ], [ 120.370023531662397, 24.038081468914573, 0.0 ], [ 120.36997283183409, 24.037986910300088, 0.0 ], [ 120.369915555643203, 24.03788008716451, 0.0 ], [ 120.369819745192729, 24.037701396000998, 0.0 ], [ 120.369673091201264, 24.03743151749369, 0.0 ], [ 120.369410272101447, 24.036966130032891, 0.0 ], [ 120.369366958204566, 24.036889432189966, 0.0 ], [ 120.369299790602255, 24.036770497676841, 0.0 ], [ 120.369227658119883, 24.036644189433542, 0.0 ], [ 120.369095815559206, 24.036446549793581, 0.0 ], [ 120.369073108815371, 24.036412511135655, 0.0 ], [ 120.369049596234333, 24.036377266309216, 0.0 ], [ 120.369026670196874, 24.036342898042943, 0.0 ], [ 120.36899034003811, 24.03628843708934, 0.0 ], [ 120.368958928682602, 24.036241349954064, 0.0 ], [ 120.368953478740579, 24.036233179944855, 0.0 ], [ 120.368938068219734, 24.036210078750845, 0.0 ], [ 120.368919611657077, 24.036181263282447, 0.0 ], [ 120.368904406688941, 24.0361524648985, 0.0 ], [ 120.368889029173658, 24.036120704876836, 0.0 ], [ 120.368861237229041, 24.036061135834004, 0.0 ], [ 120.368847254208674, 24.036031162528712, 0.0 ], [ 120.368828603558356, 24.035991185971724, 0.0 ], [ 120.368814091246506, 24.035959058565069, 0.0 ], [ 120.3688017310389, 24.035932564944449, 0.0 ], [ 120.368788689514247, 24.035902516426098, 0.0 ], [ 120.368779156345838, 24.035879104107419, 0.0 ], [ 120.368767059879289, 24.035837782147709, 0.0 ], [ 120.368758711916428, 24.035795138215732, 0.0 ], [ 120.368743650281132, 24.035680232161312, 0.0 ], [ 120.368722871884344, 24.035518085155253, 0.0 ], [ 120.368719353595509, 24.035462098843304, 0.0 ], [ 120.368722343828651, 24.035410565491176, 0.0 ], [ 120.368746117245493, 24.035227826353022, 0.0 ], [ 120.368755616865258, 24.035069501319569, 0.0 ], [ 120.3687603758721, 24.034998120830309, 0.0 ], [ 120.36873064202932, 24.034784729109319, 0.0 ], [ 120.368618403606945, 24.033962644819088, 0.0 ], [ 120.368602493087948, 24.033748606959293, 0.0 ], [ 120.368585719769086, 24.033494274506587, 0.0 ], [ 120.368585407856969, 24.033443213567104, 0.0 ], [ 120.368591363648363, 24.033392500202233, 0.0 ], [ 120.368619136284607, 24.033238362151661, 0.0 ], [ 120.36863171508918, 24.033187213420366, 0.0 ], [ 120.368650540016176, 24.033138019506499, 0.0 ], [ 120.368690734444201, 24.033049506498216, 0.0 ], [ 120.368696148368656, 24.033036917355325, 0.0 ], [ 120.368714462718842, 24.032997782763218, 0.0 ], [ 120.36863915819805, 24.032959745110233, 0.0 ], [ 120.368620715698214, 24.032950370635476, 0.0 ], [ 120.368606566517585, 24.032943177499277, 0.0 ], [ 120.368600721834625, 24.032940206805552, 0.0 ], [ 120.368252797330811, 24.032763104312881, 0.0 ], [ 120.368179289314213, 24.032722715438734, 0.0 ], [ 120.368135218578018, 24.032690337486869, 0.0 ], [ 120.368095118679335, 24.032653154699393, 0.0 ], [ 120.368059034150207, 24.032611650641954, 0.0 ], [ 120.36799245892874, 24.03252363581468, 0.0 ], [ 120.367775656249847, 24.032237018155321, 0.0 ], [ 120.367435015924485, 24.031782411737925, 0.0 ], [ 120.367172207055333, 24.031427722671012, 0.0 ], [ 120.366526663231085, 24.030556486086983, 0.0 ], [ 120.365948565360569, 24.029768548860361, 0.0 ], [ 120.365643926606808, 24.02935184475642, 0.0 ], [ 120.365590626664797, 24.029278824690877, 0.0 ], [ 120.365539437638972, 24.029208694002236, 0.0 ], [ 120.365459329200334, 24.02909894766524, 0.0 ], [ 120.365384073498944, 24.028995846588415, 0.0 ], [ 120.364846748620835, 24.02826863885813, 0.0 ], [ 120.364351147307261, 24.027599081928241, 0.0 ], [ 120.363865367089602, 24.026946079193671, 0.0 ], [ 120.363634411671114, 24.02663747439259, 0.0 ], [ 120.363343568492127, 24.026248844847355, 0.0 ], [ 120.363176317397986, 24.02602472555888, 0.0 ], [ 120.362881302581599, 24.025687672503334, 0.0 ], [ 120.362358822814798, 24.025089779004393, 0.0 ], [ 120.361725174506631, 24.024364669374265, 0.0 ], [ 120.361503831215913, 24.024120374949042, 0.0 ], [ 120.36110211873762, 24.023678788499677, 0.0 ], [ 120.360359331777389, 24.022857960730889, 0.0 ], [ 120.360037314685599, 24.022500227300309, 0.0 ], [ 120.360004705010113, 24.022464000475374, 0.0 ], [ 120.359959811106776, 24.022414127827155, 0.0 ], [ 120.359932192994918, 24.022383445862808, 0.0 ], [ 120.359903061575508, 24.022351083370697, 0.0 ], [ 120.359861812176021, 24.02230525933496, 0.0 ], [ 120.359844654643382, 24.022286198838831, 0.0 ], [ 120.359822740047363, 24.022261853840664, 0.0 ], [ 120.359798412829093, 24.022234828092266, 0.0 ], [ 120.359775929417154, 24.022209852304602, 0.0 ], [ 120.359756737859982, 24.022188530963295, 0.0 ], [ 120.359738681046395, 24.02216847023508, 0.0 ], [ 120.359660994413574, 24.02208163931628, 0.0 ], [ 120.359557642564766, 24.021966824366899, 0.0 ], [ 120.359358262680033, 24.021745859243907, 0.0 ], [ 120.359032814340992, 24.021390355618259, 0.0 ], [ 120.358663854747789, 24.020990347375378, 0.0 ], [ 120.358464464622585, 24.020744097484496, 0.0 ], [ 120.358304996486282, 24.020393374668551, 0.0 ], [ 120.35827839226468, 24.020349044881623, 0.0 ], [ 120.358179462063418, 24.020139006354587, 0.0 ], [ 120.358097321533847, 24.0199646115191, 0.0 ], [ 120.357847100068099, 24.019438895409031, 0.0 ], [ 120.357397531518401, 24.018516752092271, 0.0 ], [ 120.35694046485655, 24.01757922751111, 0.0 ], [ 120.356681007196727, 24.017057420341729, 0.0 ], [ 120.356308314417674, 24.016311009796802, 0.0 ], [ 120.354918122919585, 24.01353711376888, 0.0 ], [ 120.354655750421443, 24.013016589561726, 0.0 ], [ 120.354636443087784, 24.012977169901301, 0.0 ], [ 120.354620269792349, 24.012934888135629, 0.0 ], [ 120.354602547173386, 24.012869460042829, 0.0 ], [ 120.354586146829561, 24.012806205633268, 0.0 ], [ 120.354568710139816, 24.012738954753932, 0.0 ], [ 120.354551085920548, 24.012670977668307, 0.0 ], [ 120.354533918560278, 24.012604587083533, 0.0 ], [ 120.35452530454269, 24.012555761302604, 0.0 ], [ 120.354522770234908, 24.012513436207175, 0.0 ], [ 120.354525007510588, 24.012468315201748, 0.0 ], [ 120.354531554907808, 24.012427197567462, 0.0 ], [ 120.354538757921674, 24.012398596491469, 0.0 ], [ 120.354547649129486, 24.012371668169845, 0.0 ], [ 120.354367228340735, 24.012251230970072, 0.0 ], [ 120.354317571685101, 24.012218402130863, 0.0 ], [ 120.354280602277086, 24.012190889421589, 0.0 ], [ 120.354259656149566, 24.012171989635167, 0.0 ], [ 120.354214900363345, 24.012125331255419, 0.0 ], [ 120.35418730615423, 24.012087946055225, 0.0 ], [ 120.35416312305324, 24.012047982680233, 0.0 ], [ 120.354064455442412, 24.011858479529135, 0.0 ], [ 120.35390907558812, 24.01155984687896, 0.0 ], [ 120.353706834972257, 24.011150854000647, 0.0 ], [ 120.353437392036057, 24.010605956517434, 0.0 ], [ 120.348957306934309, 24.014492791508339, 0.0 ], [ 120.348933418428757, 24.014904898681404, 0.0 ], [ 120.348955644039791, 24.014937966592324, 0.0 ], [ 120.348992129216455, 24.015073902443728, 0.0 ], [ 120.348997065959054, 24.015126481731809, 0.0 ], [ 120.348985839934855, 24.015268592095847, 0.0 ], [ 120.348941182120882, 24.015368566433295, 0.0 ], [ 120.34904104770014, 24.017001796293776, 0.0 ], [ 120.349044265485134, 24.017116514359394, 0.0 ], [ 120.349096374803409, 24.017193714753063, 0.0 ], [ 120.349142599088097, 24.017310970680654, 0.0 ], [ 120.349158858704115, 24.017366456395539, 0.0 ], [ 120.349255648174605, 24.017518562334573, 0.0 ], [ 120.350799289126797, 24.019892192824582, 0.0 ], [ 120.350905364839221, 24.019928910729586, 0.0 ], [ 120.351016548593023, 24.020005630680512, 0.0 ], [ 120.3510998891024, 24.020107884787393, 0.0 ], [ 120.351234002121117, 24.020333015724564, 0.0 ], [ 120.351272601007111, 24.020428421476339, 0.0 ], [ 120.351327358739553, 24.020493655587781, 0.0 ], [ 120.351431590071883, 24.020665091491619, 0.0 ], [ 120.35150792886914, 24.020790651602205, 0.0 ], [ 120.351562395093609, 24.020930082359804, 0.0 ], [ 120.351563607232791, 24.021004878216594, 0.0 ], [ 120.351607993618202, 24.021108653419649, 0.0 ], [ 120.352336554426145, 24.022246016559823, 0.0 ], [ 120.354294341377098, 24.025206635528122, 0.0 ], [ 120.354387587624032, 24.025395788093913, 0.0 ], [ 120.354435958150106, 24.025493908291736, 0.0 ], [ 120.354476750884231, 24.025630579322506, 0.0 ], [ 120.354469403029725, 24.02577213272437, 0.0 ], [ 120.35441464038567, 24.025904619043537, 0.0 ], [ 120.354317858765612, 24.026014984514617, 0.0 ], [ 120.354188592673026, 24.026092354397381, 0.0 ], [ 120.35298203650143, 24.026610240389779, 0.0 ], [ 120.352853362700543, 24.026668283371436, 0.0 ], [ 120.352702865660362, 24.026710404696338, 0.0 ], [ 120.352545589151703, 24.02670669130427, 0.0 ], [ 120.352397646261082, 24.026657525637493, 0.0 ], [ 120.352274195760018, 24.02656794452626, 0.0 ], [ 120.352187886207787, 24.026447124863896, 0.0 ], [ 120.35214010380146, 24.026238136284942, 0.0 ], [ 120.352147892339488, 24.026102393470442, 0.0 ], [ 120.352199318400793, 24.025974932841372, 0.0 ], [ 120.352289721027503, 24.025867309760404, 0.0 ], [ 120.352410903218882, 24.025789281867819, 0.0 ], [ 120.353245788424132, 24.025409072600187, 0.0 ], [ 120.350707420229767, 24.021591196681328, 0.0 ], [ 120.350653214302909, 24.02155348332516, 0.0 ], [ 120.350531275147404, 24.021478079732642, 0.0 ], [ 120.35043753497105, 24.021369366123814, 0.0 ], [ 120.350238886603421, 24.021047445590767, 0.0 ], [ 120.350140409670118, 24.02093121263735, 0.0 ], [ 120.349988091665892, 24.020706003163554, 0.0 ], [ 120.349931177508594, 24.020585785163043, 0.0 ], [ 120.349914265816466, 24.020455617179799, 0.0 ], [ 120.349587968073536, 24.019918365982988, 0.0 ], [ 120.348399342612126, 24.018127160520493, 0.0 ], [ 120.348234999111753, 24.017839589195862, 0.0 ], [ 120.348189669372857, 24.017808529161847, 0.0 ], [ 120.348095692165714, 24.017676248559916, 0.0 ], [ 120.348031372895377, 24.017537414342737, 0.0 ], [ 120.347992648477899, 24.01725610682448, 0.0 ], [ 120.347968690316776, 24.016480595218216, 0.0 ], [ 120.347901491616014, 24.015757250074468, 0.0 ], [ 120.347892103040536, 24.015247889496013, 0.0 ], [ 120.347720124881008, 24.015315316676457, 0.0 ], [ 120.347589653804008, 24.015366471531607, 0.0 ], [ 120.34758223087934, 24.015381047734628, 0.0 ], [ 120.347464883942877, 24.015490226191474, 0.0 ], [ 120.347314508057266, 24.01555699989164, 0.0 ], [ 120.347148470694066, 24.015573655619413, 0.0 ], [ 120.347084263667313, 24.015559677203125, 0.0 ], [ 120.346903716079311, 24.015614685352798, 0.0 ], [ 120.346707134230911, 24.015715168822371, 0.0 ], [ 120.34655783023041, 24.015751054327406, 0.0 ], [ 120.346487966082364, 24.015747238116461, 0.0 ], [ 120.346002917287834, 24.015915291078176, 0.0 ], [ 120.345861311058471, 24.0159643532796, 0.0 ], [ 120.345705814562052, 24.015993099538125, 0.0 ], [ 120.345548447543578, 24.01597485497015, 0.0 ], [ 120.345405602923393, 24.015911521143067, 0.0 ], [ 120.345292157278536, 24.015809693858024, 0.0 ], [ 120.345219927458388, 24.015679978386537, 0.0 ], [ 120.345196436517085, 24.015535886758322, 0.0 ], [ 120.345224131150871, 24.01539242607944, 0.0 ], [ 120.345370767525537, 24.01518122650603, 0.0 ], [ 120.345463783919953, 24.015097362251844, 0.0 ], [ 120.345577527597925, 24.015038905427012, 0.0 ], [ 120.346132520190423, 24.01483698525012, 0.0 ], [ 120.346170024445911, 24.014802384162106, 0.0 ], [ 120.346300772140609, 24.014738996392708, 0.0 ], [ 120.346389340079909, 24.014710706300519, 0.0 ], [ 120.346568605985141, 24.014689399388516, 0.0 ], [ 120.347334826950842, 24.01441253867122, 0.0 ], [ 120.347398010194098, 24.014331084343691, 0.0 ], [ 120.347515558852152, 24.014248981201632, 0.0 ], [ 120.347654352205168, 24.014202660234478, 0.0 ], [ 120.347755875037947, 24.014183981342427, 0.0 ], [ 120.347918692254581, 24.014179313934818, 0.0 ], [ 120.348021131837783, 24.014051079832051, 0.0 ], [ 120.348068045413399, 24.013987082691667, 0.0 ], [ 120.348131117720229, 24.013901041905942, 0.0 ], [ 120.348202472220862, 24.013823995146737, 0.0 ], [ 120.350016520442026, 24.012260237243851, 0.0 ], [ 120.352787022336429, 24.00983088285685, 0.0 ], [ 120.352974618933189, 24.009662272897259, 0.0 ], [ 120.352943291147653, 24.00955179383331, 0.0 ], [ 120.352717283551769, 24.00909410945243, 0.0 ], [ 120.352287728731412, 24.008252844469073, 0.0 ], [ 120.352064393375699, 24.007794321946708, 0.0 ], [ 120.351731519592562, 24.007201461234359, 0.0 ], [ 120.35137135393299, 24.006514573175625, 0.0 ], [ 120.351021539796378, 24.005783274316595, 0.0 ], [ 120.35085678625542, 24.005423379827985, 0.0 ], [ 120.350554472933112, 24.004726310801878, 0.0 ], [ 120.350355217182212, 24.004388335875973, 0.0 ], [ 120.350195262019696, 24.004396904870163, 0.0 ], [ 120.350122319246054, 24.004395841802502, 0.0 ], [ 120.350052297288201, 24.004389987325421, 0.0 ], [ 120.349995920766972, 24.004382367939201, 0.0 ], [ 120.349940725139689, 24.004368590786818, 0.0 ], [ 120.349887380875401, 24.004348823221129, 0.0 ], [ 120.349836535954125, 24.004323305361279, 0.0 ], [ 120.349788331536558, 24.004292347063686, 0.0 ], [ 120.349732787822589, 24.004251364128915, 0.0 ], [ 120.349695081313797, 24.004220365168543, 0.0 ], [ 120.349660510001357, 24.004185384898701, 0.0 ], [ 120.349628413330109, 24.004145318939585, 0.0 ], [ 120.349603803746021, 24.004105193326016, 0.0 ], [ 120.349582346145738, 24.004060939893272, 0.0 ], [ 120.349565369428376, 24.004014609132728, 0.0 ], [ 120.349526646994804, 24.003878194259162, 0.0 ], [ 120.349433375019018, 24.003643110911561, 0.0 ], [ 120.349333786606664, 24.003394218000633, 0.0 ], [ 120.349258944438859, 24.003216412830035, 0.0 ], [ 120.349158125172991, 24.003005743275732, 0.0 ], [ 120.349091094708285, 24.002865678001143, 0.0 ], [ 120.34908008678309, 24.002842676100872, 0.0 ], [ 120.349063794900928, 24.002811049718645, 0.0 ], [ 120.349032268660096, 24.002749849856372, 0.0 ], [ 120.349014233543414, 24.002714839444728, 0.0 ], [ 120.348997765850342, 24.002683797159388, 0.0 ], [ 120.348980002115411, 24.002649310993636, 0.0 ], [ 120.348959126196803, 24.002600903737996, 0.0 ], [ 120.348944020222163, 24.002550198876886, 0.0 ], [ 120.348935398691467, 24.002497998851972, 0.0 ], [ 120.348932921176413, 24.002445129414781, 0.0 ], [ 120.348937194493075, 24.002285100566816, 0.0 ], [ 120.348943642053015, 24.002229841528251, 0.0 ], [ 120.348956379340223, 24.002175740705777, 0.0 ], [ 120.348975689256847, 24.002123622910712, 0.0 ], [ 120.349001277187014, 24.00207428331893, 0.0 ], [ 120.349032752727283, 24.002028474718969, 0.0 ], [ 120.34904997942607, 24.00200905479144, 0.0 ], [ 120.349066425726448, 24.001990903085161, 0.0 ], [ 120.349071653247549, 24.001985644857747, 0.0 ], [ 120.349100632574107, 24.001959623073873, 0.0 ], [ 120.349110825837727, 24.001950229445264, 0.0 ], [ 120.349142543571062, 24.001927741727766, 0.0 ], [ 120.349178444725283, 24.001906834588482, 0.0 ], [ 120.349206264882966, 24.001893502863219, 0.0 ], [ 120.349234088163414, 24.001880545756226, 0.0 ], [ 120.349152321955941, 24.001610729809016, 0.0 ], [ 120.349100049728634, 24.001416986116833, 0.0 ], [ 120.348986094531185, 24.000990296688112, 0.0 ], [ 120.348940973928109, 24.00082225033319, 0.0 ], [ 120.348910834798573, 24.000710339053995, 0.0 ], [ 120.348879265210641, 24.000598668378274, 0.0 ], [ 120.348510135466469, 23.999310565165015, 0.0 ], [ 120.348228423443899, 23.998367359958106, 0.0 ], [ 120.348187629074971, 23.998205623705619, 0.0 ], [ 120.348097529256663, 23.997937783528723, 0.0 ], [ 120.34789302595135, 23.997159374555029, 0.0 ], [ 120.347744938918197, 23.996641407488454, 0.0 ], [ 120.347485609770544, 23.995742512167418, 0.0 ], [ 120.347261103969615, 23.994875913925203, 0.0 ], [ 120.346752771515881, 23.993007476347742, 0.0 ], [ 120.346743345720157, 23.992962858179531, 0.0 ], [ 120.346727323528754, 23.992859416528951, 0.0 ], [ 120.346722578845643, 23.992806683089466, 0.0 ], [ 120.346724557898156, 23.992753773628834, 0.0 ], [ 120.346733228748377, 23.99270154199078, 0.0 ], [ 120.346748451468017, 23.992650831079946, 0.0 ], [ 120.346794412931231, 23.992531349988067, 0.0 ], [ 120.34681247583832, 23.992497252635555, 0.0 ], [ 120.346886552731064, 23.992390279683296, 0.0 ], [ 120.346865752483993, 23.992333922082558, 0.0 ], [ 120.345622735446241, 23.990806086904367, 0.0 ], [ 120.345091247944438, 23.990524405504036, 0.0 ], [ 120.345042298464961, 23.990540416404738, 0.0 ], [ 120.344996323544734, 23.990551701588878, 0.0 ], [ 120.344720644106147, 23.990606382842394, 0.0 ], [ 120.344566034815884, 23.990637037605349, 0.0 ], [ 120.344444623020649, 23.990661011702027, 0.0 ], [ 120.344390856758082, 23.990668880193336, 0.0 ], [ 120.344335616851595, 23.990671140811862, 0.0 ], [ 120.343558092967555, 23.990663334987939, 0.0 ], [ 120.342164355296944, 23.990649787700043, 0.0 ], [ 120.341645503011449, 23.990637944482803, 0.0 ], [ 120.340793174928621, 23.990631880576103, 0.0 ], [ 120.340236406539205, 23.990629512455111, 0.0 ], [ 120.33953766950475, 23.990601511695189, 0.0 ], [ 120.337775057493133, 23.99048797657197, 0.0 ], [ 120.337419834516069, 23.990463616528377, 0.0 ], [ 120.336656606970138, 23.990423484684943, 0.0 ], [ 120.33656842500514, 23.990419977538707, 0.0 ], [ 120.334552902435703, 23.990373629504365, 0.0 ], [ 120.332682850469595, 23.990355065867693, 0.0 ], [ 120.332116997825764, 23.99035147054401, 0.0 ], [ 120.33187866922124, 23.990318517856295, 0.0 ], [ 120.331844579241491, 23.99031352709131, 0.0 ], [ 120.331805996645869, 23.990307877756859, 0.0 ], [ 120.331720642359613, 23.990295099788813, 0.0 ], [ 120.331587809074747, 23.990268954869137, 0.0 ], [ 120.331487564085208, 23.990249164499641, 0.0 ], [ 120.331367145471816, 23.990225392682259, 0.0 ], [ 120.331229466708081, 23.990194844298522, 0.0 ], [ 120.331122253757783, 23.990150149609306, 0.0 ], [ 120.330969700064045, 23.990080783305643, 0.0 ], [ 120.330791332983452, 23.989999678885571, 0.0 ], [ 120.330679891308876, 23.98994793249922, 0.0 ], [ 120.330605675886488, 23.989899433779339, 0.0 ], [ 120.330538248501909, 23.989846091826976, 0.0 ], [ 120.330312421380839, 23.989667432834505, 0.0 ], [ 120.330223275724123, 23.98959690843482, 0.0 ], [ 120.330162849501988, 23.98954088039342, 0.0 ], [ 120.330124137956389, 23.989501888401225, 0.0 ], [ 120.33005625493476, 23.989433514157671, 0.0 ], [ 120.330009696172695, 23.989386051121716, 0.0 ], [ 120.329959643968706, 23.989324980556038, 0.0 ], [ 120.329913404944875, 23.989259266797511, 0.0 ], [ 120.329870658117827, 23.989198513009576, 0.0 ], [ 120.329827219361093, 23.989136777798823, 0.0 ], [ 120.329775161027584, 23.989055634297483, 0.0 ], [ 120.329732723752429, 23.988983124492925, 0.0 ], [ 120.329697117662988, 23.988922290184707, 0.0 ], [ 120.32966993230211, 23.988875840602038, 0.0 ], [ 120.329647894758779, 23.988838188687009, 0.0 ], [ 120.329627607975155, 23.98880352769806, 0.0 ], [ 120.32960102333611, 23.988749840504752, 0.0 ], [ 120.329559082921094, 23.988648823794691, 0.0 ], [ 120.328958903654254, 23.98719928075122, 0.0 ], [ 120.328831343847966, 23.986857841927879, 0.0 ], [ 120.328642170058785, 23.986289561072123, 0.0 ], [ 120.328311750594395, 23.985466056284345, 0.0 ], [ 120.328216915623955, 23.985201863592476, 0.0 ], [ 120.328182397122688, 23.985101181526044, 0.0 ], [ 120.328158355995512, 23.985031061631624, 0.0 ], [ 120.328143379307392, 23.984987378915328, 0.0 ], [ 120.328111570967209, 23.984894605449259, 0.0 ], [ 120.328066927793586, 23.984774312785603, 0.0 ], [ 120.32801284506813, 23.984628581851105, 0.0 ], [ 120.327939802437342, 23.984442120545516, 0.0 ], [ 120.327857382772834, 23.984237239508907, 0.0 ], [ 120.327770732458291, 23.984021842879159, 0.0 ], [ 120.327548740680413, 23.983435383120881, 0.0 ], [ 120.327428758354714, 23.983120688660506, 0.0 ], [ 120.327304329058535, 23.98279698027882, 0.0 ], [ 120.32716571907487, 23.98243856904357, 0.0 ], [ 120.327150000965645, 23.982394996989292, 0.0 ], [ 120.326950089661437, 23.98184083643828, 0.0 ], [ 120.32671814923404, 23.981254539976028, 0.0 ], [ 120.326532741725856, 23.980793602823617, 0.0 ], [ 120.326374049676247, 23.980399078454305, 0.0 ], [ 120.326237912005382, 23.980060628547857, 0.0 ], [ 120.326138448878524, 23.979800085219964, 0.0 ], [ 120.326053089244525, 23.979561355587414, 0.0 ], [ 120.325940246758961, 23.979245755939314, 0.0 ], [ 120.325921428688417, 23.979193127520556, 0.0 ], [ 120.325817509067647, 23.978924547482865, 0.0 ], [ 120.325487764665709, 23.978062284131457, 0.0 ], [ 120.324815341046119, 23.97624858136858, 0.0 ], [ 120.324729808785378, 23.976017979473124, 0.0 ], [ 120.324542387418091, 23.975506102541555, 0.0 ], [ 120.324391858345834, 23.975094985612216, 0.0 ], [ 120.324262548005422, 23.974726166721045, 0.0 ], [ 120.324133334187522, 23.974354229266748, 0.0 ], [ 120.323874943527571, 23.973657893031827, 0.0 ], [ 120.32370575256958, 23.973211224574424, 0.0 ], [ 120.323514584923259, 23.972679921359831, 0.0 ], [ 120.323331431969436, 23.97223318855816, 0.0 ], [ 120.323261835661242, 23.972063437378615, 0.0 ], [ 120.323186547242344, 23.971869035182241, 0.0 ], [ 120.3229807174813, 23.971337349241484, 0.0 ], [ 120.322893550895827, 23.971114476608427, 0.0 ], [ 120.322817837016231, 23.970920889102388, 0.0 ], [ 120.322747745491455, 23.97074469652182, 0.0 ], [ 120.322685332937866, 23.970595739364125, 0.0 ], [ 120.322645548308131, 23.970500789718308, 0.0 ], [ 120.322593661721697, 23.970376954227785, 0.0 ], [ 120.32254295738889, 23.970255942739364, 0.0 ], [ 120.322534204233833, 23.970315540785467, 0.0 ], [ 120.322533559570601, 23.97023351323822, 0.0 ], [ 120.322520209570456, 23.970197102566264, 0.0 ], [ 120.322473469360787, 23.970049073320705, 0.0 ], [ 120.322426212955023, 23.969899411335639, 0.0 ], [ 120.322406792370614, 23.96977927361775, 0.0 ], [ 120.322401631044826, 23.969401120621697, 0.0 ], [ 120.322403949313269, 23.969249566786626, 0.0 ], [ 120.322465903901573, 23.968782043528453, 0.0 ], [ 120.322512899637402, 23.968637065018591, 0.0 ], [ 120.322722259897859, 23.968246647912629, 0.0 ], [ 120.322814160256698, 23.968128257512038, 0.0 ], [ 120.323065074415695, 23.967895822203904, 0.0 ], [ 120.323078827217373, 23.967447659315958, 0.0 ], [ 120.323085729077661, 23.967394820469234, 0.0 ], [ 120.323098150797122, 23.967343062335608, 0.0 ], [ 120.323116405309733, 23.967293062572882, 0.0 ], [ 120.323140253492497, 23.967245476149355, 0.0 ], [ 120.323169382946958, 23.967200926419938, 0.0 ], [ 120.32320341209423, 23.967159996960682, 0.0 ], [ 120.323241895172146, 23.967123223924155, 0.0 ], [ 120.32328432807445, 23.967091089015874, 0.0 ], [ 120.323330154954192, 23.967064013185055, 0.0 ], [ 120.323378775505489, 23.967042351109576, 0.0 ], [ 120.323429552826141, 23.967026386550121, 0.0 ], [ 120.323481821763593, 23.967016328633303, 0.0 ], [ 120.323577485750207, 23.96700043180045, 0.0 ], [ 120.323524909389548, 23.966867368923499, 0.0 ], [ 120.322734183768674, 23.966763874528009, 0.0 ], [ 120.321949717858814, 23.966636337565323, 0.0 ], [ 120.321583809851475, 23.9665156118831, 0.0 ], [ 120.321530967010489, 23.966488694342729, 0.0 ], [ 120.321333949580534, 23.966373518964311, 0.0 ], [ 120.32109790401644, 23.966191950208216, 0.0 ], [ 120.321038652063947, 23.966136504848475, 0.0 ], [ 120.320785298868117, 23.965850430387096, 0.0 ], [ 120.320656584342444, 23.965669415762825, 0.0 ], [ 120.320075755611086, 23.964763695358336, 0.0 ], [ 120.319332543744224, 23.963644994696672, 0.0 ], [ 120.318586717526543, 23.962549554283431, 0.0 ], [ 120.315316192476985, 23.957672336973751, 0.0 ], [ 120.311966481483694, 23.95269784901603, 0.0 ], [ 120.309634855987085, 23.949242051073437, 0.0 ], [ 120.307667941182018, 23.946305095450601, 0.0 ], [ 120.305536926560876, 23.943130365972525, 0.0 ], [ 120.304450071968049, 23.941523751213754, 0.0 ], [ 120.304298190242207, 23.941320897623871, 0.0 ], [ 120.304093346040858, 23.941041532104336, 0.0 ], [ 120.304075504967386, 23.941009134187972, 0.0 ], [ 120.303947984328474, 23.940744064982294, 0.0 ], [ 120.303907213660068, 23.940659633130039, 0.0 ], [ 120.303890696570875, 23.940620676260494, 0.0 ], [ 120.303878145154272, 23.940580266931804, 0.0 ], [ 120.303869684445317, 23.940538807695017, 0.0 ], [ 120.303862921617679, 23.940494204823935, 0.0 ], [ 120.303857116381536, 23.940455917559223, 0.0 ], [ 120.303843562846737, 23.94036871912709, 0.0 ], [ 120.303833033168743, 23.940300223877426, 0.0 ], [ 120.303818507227106, 23.940137765043335, 0.0 ], [ 120.303852690568988, 23.939645728789618, 0.0 ], [ 120.303930754958969, 23.939151675137385, 0.0 ], [ 120.304187112871773, 23.938553710456965, 0.0 ], [ 120.304209370380022, 23.938509955392856, 0.0 ], [ 120.304234941290701, 23.938470068439063, 0.0 ], [ 120.304264131692761, 23.938433127812679, 0.0 ], [ 120.304573896896713, 23.938085574294053, 0.0 ], [ 120.30463661563715, 23.938027360213248, 0.0 ], [ 120.30467090416721, 23.938002646104433, 0.0 ], [ 120.304745239106296, 23.937954657788328, 0.0 ], [ 120.304774867800447, 23.937935301751214, 0.0 ], [ 120.30481703074804, 23.937907989454619, 0.0 ], [ 120.304879235451835, 23.937867695448624, 0.0 ], [ 120.305092893548931, 23.937729292721301, 0.0 ], [ 120.305110983357153, 23.937717575512572, 0.0 ], [ 120.30512309148537, 23.937709993534892, 0.0 ], [ 120.305145766718056, 23.937697018314324, 0.0 ], [ 120.305163532564038, 23.937687895692012, 0.0 ], [ 120.305207477353164, 23.937668914510237, 0.0 ], [ 120.305228627629603, 23.937661465970326, 0.0 ], [ 120.30524828136015, 23.937655294457596, 0.0 ], [ 120.305274726777043, 23.937647072397215, 0.0 ], [ 120.305305916285647, 23.937637375781478, 0.0 ], [ 120.305352055652392, 23.937623030725479, 0.0 ], [ 120.305387271701179, 23.937612082514239, 0.0 ], [ 120.305425210681165, 23.937600286745461, 0.0 ], [ 120.305506363476198, 23.937575054839602, 0.0 ], [ 120.305528541135018, 23.937568160409558, 0.0 ], [ 120.305539779191037, 23.937564738376228, 0.0 ], [ 120.305794351322021, 23.937488586193169, 0.0 ], [ 120.307287640604514, 23.937251631836251, 0.0 ], [ 120.310834178413614, 23.936441662931141, 0.0 ], [ 120.311263646280366, 23.936207052569035, 0.0 ], [ 120.311350445966909, 23.936177790398968, 0.0 ], [ 120.311884340079459, 23.936048739793531, 0.0 ], [ 120.311881451840335, 23.936002996599246, 0.0 ], [ 120.311990565197092, 23.93519386902738, 0.0 ], [ 120.311967870081588, 23.934861958194521, 0.0 ], [ 120.311967967125938, 23.934808051124772, 0.0 ], [ 120.311974796105673, 23.934754578266102, 0.0 ], [ 120.31198825007958, 23.934702377000235, 0.0 ], [ 120.31200811835933, 23.934652264795719, 0.0 ], [ 120.312034089808762, 23.934605026406633, 0.0 ], [ 120.312065757716354, 23.93456140158343, 0.0 ], [ 120.312102626164901, 23.934522073488157, 0.0 ], [ 120.312983744659817, 23.933677623440701, 0.0 ], [ 120.313026992821037, 23.933640864738667, 0.0 ], [ 120.313065552654152, 23.933614618549079, 0.0 ], [ 120.313543645368085, 23.933321301176935, 0.0 ], [ 120.313593789927836, 23.933170708346097, 0.0 ], [ 120.313630229736532, 23.932424687391173, 0.0 ], [ 120.313412890978171, 23.931702902906398, 0.0 ], [ 120.313226194665162, 23.931420679241675, 0.0 ], [ 120.313214310872581, 23.931401691851189, 0.0 ], [ 120.312986965910667, 23.930954896609872, 0.0 ], [ 120.312965771036701, 23.930905940134544, 0.0 ], [ 120.312950965137119, 23.930854688359091, 0.0 ], [ 120.312942787978017, 23.930801971253398, 0.0 ], [ 120.3129413719806, 23.930748642517301, 0.0 ], [ 120.312946740075049, 23.930695565754768, 0.0 ], [ 120.312958805330808, 23.930643600489756, 0.0 ], [ 120.31297737236342, 23.930593588246722, 0.0 ], [ 120.313002140498824, 23.930546338922614, 0.0 ], [ 120.313082477794424, 23.930412435354192, 0.0 ], [ 120.313080091582151, 23.930340434702369, 0.0 ], [ 120.313042336470417, 23.930230003774678, 0.0 ], [ 120.312936889787679, 23.930108256347236, 0.0 ], [ 120.312905819966289, 23.93006818480313, 0.0 ], [ 120.312879595823105, 23.930024787144468, 0.0 ], [ 120.312858569694157, 23.929978646442922, 0.0 ], [ 120.312843024076969, 23.929930382623859, 0.0 ], [ 120.312679758159888, 23.929280047776732, 0.0 ], [ 120.312676191098021, 23.929222587908548, 0.0 ], [ 120.312681296628597, 23.92868175668292, 0.0 ], [ 120.312684971100211, 23.928630702877793, 0.0 ], [ 120.312694799830055, 23.928580469533923, 0.0 ], [ 120.312710638207221, 23.928531795736486, 0.0 ], [ 120.312713953172732, 23.928524679928618, 0.0 ], [ 120.312732253201247, 23.92848539762446, 0.0 ], [ 120.312967557096954, 23.928048443935054, 0.0 ], [ 120.313067053359774, 23.927818724755525, 0.0 ], [ 120.313123792538946, 23.927596023330977, 0.0 ], [ 120.313144037764928, 23.927401721823625, 0.0 ], [ 120.313144038346309, 23.927264008081529, 0.0 ], [ 120.313081759477313, 23.927034716958516, 0.0 ], [ 120.313074451085868, 23.926998364231501, 0.0 ], [ 120.312955013377291, 23.926891464235773, 0.0 ], [ 120.312919472281138, 23.926856105091183, 0.0 ], [ 120.31288802614894, 23.926817059228487, 0.0 ], [ 120.312861054828446, 23.926774798295238, 0.0 ], [ 120.312728604394337, 23.926538517054603, 0.0 ], [ 120.31271073990078, 23.926502958912977, 0.0 ], [ 120.312696252325708, 23.926465896374673, 0.0 ], [ 120.312633995834389, 23.926210895558821, 0.0 ], [ 120.312625865293711, 23.926165475901989, 0.0 ], [ 120.312622810106163, 23.926119435519983, 0.0 ], [ 120.312624867789268, 23.926073339784065, 0.0 ], [ 120.31263201307442, 23.926027754744485, 0.0 ], [ 120.312644158218717, 23.925983240180528, 0.0 ], [ 120.312669650053735, 23.92590643240532, 0.0 ], [ 120.312652198823542, 23.925797159407352, 0.0 ], [ 120.312429240532055, 23.925319747580652, 0.0 ], [ 120.312139954670542, 23.924712897187071, 0.0 ], [ 120.312001953128373, 23.92441742104733, 0.0 ], [ 120.311770013178688, 23.924100198935314, 0.0 ], [ 120.311611553647808, 23.923830486032269, 0.0 ], [ 120.311534855924577, 23.923687284764007, 0.0 ], [ 120.311500235815046, 23.923647543744259, 0.0 ], [ 120.311391560925117, 23.923556047690731, 0.0 ], [ 120.311186242840648, 23.92342554019757, 0.0 ], [ 120.311110478587437, 23.92336999954864, 0.0 ], [ 120.310991868783702, 23.92328774886095, 0.0 ], [ 120.31086669051362, 23.923187783085606, 0.0 ], [ 120.310714868047029, 23.92312518850542, 0.0 ], [ 120.310667522360959, 23.923096868722435, 0.0 ], [ 120.310623765715121, 23.923063268424578, 0.0 ], [ 120.310584184167467, 23.923024837640355, 0.0 ], [ 120.310549307857144, 23.922982091095768, 0.0 ], [ 120.310519603903302, 23.922935601320539, 0.0 ], [ 120.310433260720018, 23.922771274822139, 0.0 ], [ 120.310416990664351, 23.922721731861653, 0.0 ], [ 120.310406952412293, 23.922670561038554, 0.0 ], [ 120.310403299110646, 23.92261854303171, 0.0 ], [ 120.310406086495334, 23.922566471445066, 0.0 ], [ 120.310415272041226, 23.92251514070005, 0.0 ], [ 120.310452181591074, 23.922417810959363, 0.0 ], [ 120.310479342490737, 23.922373296858495, 0.0 ], [ 120.310516567448715, 23.922329743752297, 0.0 ], [ 120.310591598869209, 23.922243715689596, 0.0 ], [ 120.31066958671407, 23.922181626882779, 0.0 ], [ 120.310720601354419, 23.921931595823636, 0.0 ], [ 120.310733260878678, 23.921755132077799, 0.0 ], [ 120.31071065709294, 23.921498317999919, 0.0 ], [ 120.310615766221048, 23.921218075728174, 0.0 ], [ 120.310519915357617, 23.920903370841351, 0.0 ], [ 120.310354256384542, 23.920624062403245, 0.0 ], [ 120.310328105845727, 23.920572371017148, 0.0 ], [ 120.31031303263461, 23.920531095788064, 0.0 ], [ 120.310207492428333, 23.920188066775768, 0.0 ], [ 120.310054359161725, 23.919874774029488, 0.0 ], [ 120.309755929212741, 23.919413031102231, 0.0 ], [ 120.309498317067053, 23.918940096843571, 0.0 ], [ 120.30908079499325, 23.918111873749915, 0.0 ], [ 120.308657126896222, 23.917444161621972, 0.0 ], [ 120.308230966258236, 23.916735143750028, 0.0 ], [ 120.307965043058999, 23.916302134745706, 0.0 ], [ 120.307630043858154, 23.915816578298731, 0.0 ], [ 120.307146067402812, 23.91485958276472, 0.0 ], [ 120.306912441574951, 23.914520620685202, 0.0 ], [ 120.30655942192611, 23.91409283371296, 0.0 ], [ 120.306215866453314, 23.913615280703695, 0.0 ], [ 120.306197524306327, 23.913576803158307, 0.0 ], [ 120.305786243343405, 23.912879608457384, 0.0 ], [ 120.305288657446795, 23.91208258660037, 0.0 ], [ 120.304510599110827, 23.910440580238731, 0.0 ], [ 120.304156994623099, 23.909636684227607, 0.0 ], [ 120.303948794264102, 23.90899740579669, 0.0 ], [ 120.303667684279716, 23.908435602486513, 0.0 ], [ 120.303655301972626, 23.908398247837724, 0.0 ], [ 120.303576058836356, 23.907973920160359, 0.0 ], [ 120.30333838882801, 23.90732932365249, 0.0 ], [ 120.303065078509121, 23.90673953975254, 0.0 ], [ 120.302657558420719, 23.906193015378662, 0.0 ], [ 120.302631104974353, 23.906153289577382, 0.0 ], [ 120.3021702069518, 23.905318620026478, 0.0 ], [ 120.301762757247801, 23.904607946770618, 0.0 ], [ 120.301257554111743, 23.903892424662715, 0.0 ], [ 120.300732909462752, 23.903195792899037, 0.0 ], [ 120.300237864644117, 23.902625811739924, 0.0 ], [ 120.300222898002474, 23.90260765898363, 0.0 ], [ 120.300189756746562, 23.902559033825177, 0.0 ], [ 120.299515662889192, 23.901410000518393, 0.0 ], [ 120.299494227332673, 23.901368546273417, 0.0 ], [ 120.29923359952447, 23.900790424132122, 0.0 ], [ 120.29921837274965, 23.900751782640203, 0.0 ], [ 120.299207012352966, 23.900711833160177, 0.0 ], [ 120.299199628049379, 23.900670961511924, 0.0 ], [ 120.299143571116645, 23.900230223722687, 0.0 ], [ 120.299015137110302, 23.899951343763398, 0.0 ], [ 120.297809357639906, 23.898157995008752, 0.0 ], [ 120.297737062866361, 23.898064428738092, 0.0 ], [ 120.297488145230673, 23.897742271357668, 0.0 ], [ 120.297176224405845, 23.89728106859528, 0.0 ], [ 120.29716217651837, 23.897258828597543, 0.0 ], [ 120.29714367508565, 23.897224040179687, 0.0 ], [ 120.297008388436922, 23.896939320070867, 0.0 ], [ 120.296934838163466, 23.896784528433599, 0.0 ], [ 120.296806739868458, 23.896608850599748, 0.0 ], [ 120.296166937248174, 23.89690661653411, 0.0 ], [ 120.294743932793054, 23.897569991344298, 0.0 ], [ 120.29461495312934, 23.897630118929879, 0.0 ], [ 120.294498277373023, 23.897684732476463, 0.0 ], [ 120.294443964210814, 23.897706736469765, 0.0 ], [ 120.294382249380092, 23.897725175959334, 0.0 ], [ 120.294324377889893, 23.897734394742066, 0.0 ], [ 120.294265834732428, 23.897737001283346, 0.0 ], [ 120.294207372950154, 23.897732962054683, 0.0 ], [ 120.294149744538913, 23.897722329013369, 0.0 ], [ 120.294093690774957, 23.897705238932176, 0.0 ], [ 120.29403993267907, 23.897681911641527, 0.0 ], [ 120.293989161743866, 23.89765264720107, 0.0 ], [ 120.293942031037091, 23.897617822039969, 0.0 ], [ 120.293899146802929, 23.897577884115933, 0.0 ], [ 120.293861060661925, 23.89753334715105, 0.0 ], [ 120.293836303889506, 23.89749883211611, 0.0 ], [ 120.293807275740136, 23.89745183785605, 0.0 ], [ 120.293784464230711, 23.897401531505171, 0.0 ], [ 120.293768240319054, 23.897348731139502, 0.0 ], [ 120.293758867837013, 23.897294295392935, 0.0 ], [ 120.293756499198807, 23.897239109493661, 0.0 ], [ 120.2937611729228, 23.897184070868811, 0.0 ], [ 120.293772813005475, 23.897130074550638, 0.0 ], [ 120.293791230157098, 23.897077998620926, 0.0 ], [ 120.293816124880095, 23.897028689933151, 0.0 ], [ 120.293847092339107, 23.89698295033973, 0.0 ], [ 120.293883628944627, 23.896941523652895, 0.0 ], [ 120.293925140542342, 23.896905083549004, 0.0 ], [ 120.293970952075014, 23.896874222612819, 0.0 ], [ 120.296229544678155, 23.895796967194922, 0.0 ], [ 120.296200248500824, 23.895732164844258, 0.0 ], [ 120.296180530531643, 23.895679640931217, 0.0 ], [ 120.29607076471568, 23.895316076554231, 0.0 ], [ 120.295980879745244, 23.895069533548998, 0.0 ], [ 120.295968559216178, 23.895029786428935, 0.0 ], [ 120.295901312886741, 23.894755782513567, 0.0 ], [ 120.295897772094492, 23.894696935386538, 0.0 ], [ 120.295902971773145, 23.894376097883864, 0.0 ], [ 120.295505208261488, 23.893266656220522, 0.0 ], [ 120.295343285188665, 23.892801948849442, 0.0 ], [ 120.295330352073847, 23.892757008721883, 0.0 ], [ 120.295322516913089, 23.892710905676591, 0.0 ], [ 120.295319877665534, 23.892664216117893, 0.0 ], [ 120.295319880906618, 23.89248925469569, 0.0 ], [ 120.29532406260978, 23.892431566154055, 0.0 ], [ 120.295339513556655, 23.892349115063144, 0.0 ], [ 120.295214431551017, 23.892185393623866, 0.0 ], [ 120.295184769500466, 23.89214140812383, 0.0 ], [ 120.294935243344312, 23.891700664369271, 0.0 ], [ 120.294787956978112, 23.891373618302776, 0.0 ], [ 120.294767506791132, 23.891317080959467, 0.0 ], [ 120.294583535494453, 23.890664030756209, 0.0 ], [ 120.294431671889924, 23.889940416000542, 0.0 ], [ 120.294249723080057, 23.889348603308726, 0.0 ], [ 120.294034907046026, 23.88890220517764, 0.0 ], [ 120.293752153517872, 23.888400125794238, 0.0 ], [ 120.293454893970207, 23.887926315772276, 0.0 ], [ 120.293080624217708, 23.887456230819431, 0.0 ], [ 120.292727447448314, 23.886939107465682, 0.0 ], [ 120.292457831106589, 23.886554242454203, 0.0 ], [ 120.292436131652579, 23.88652100267419, 0.0 ], [ 120.292413645760888, 23.886478912079873, 0.0 ], [ 120.29237666454955, 23.886456447832909, 0.0 ], [ 120.292080697168657, 23.886259833771167, 0.0 ], [ 120.291903179687978, 23.886108564091543, 0.0 ], [ 120.29185807908695, 23.886069494215501, 0.0 ], [ 120.291712398631589, 23.885944610217603, 0.0 ], [ 120.291619125108099, 23.885879348292097, 0.0 ], [ 120.291532324453755, 23.885800822085042, 0.0 ], [ 120.291157497594057, 23.885365077860719, 0.0 ], [ 120.290831108691307, 23.884929225030795, 0.0 ], [ 120.290468860524754, 23.8844704854158, 0.0 ], [ 120.290292406030687, 23.884231866073016, 0.0 ], [ 120.289902782548737, 23.883709718394837, 0.0 ], [ 120.289648788592402, 23.883366791508859, 0.0 ], [ 120.289322947275451, 23.882927499793688, 0.0 ], [ 120.289066675496343, 23.882616758746025, 0.0 ], [ 120.288953547628623, 23.88245541959245, 0.0 ], [ 120.288746087147985, 23.882154023534309, 0.0 ], [ 120.288478893045564, 23.881728079732422, 0.0 ], [ 120.288274066125538, 23.88132784261521, 0.0 ], [ 120.288094416496662, 23.880873108734793, 0.0 ], [ 120.288045713893496, 23.880744808718159, 0.0 ], [ 120.28791810285297, 23.880326145159557, 0.0 ], [ 120.287693495457845, 23.879419118863172, 0.0 ], [ 120.287607987477656, 23.879058910822184, 0.0 ], [ 120.28760014734965, 23.879013662818267, 0.0 ], [ 120.287597010516663, 23.878967763712271, 0.0 ], [ 120.287597907939528, 23.87893096692974, 0.0 ], [ 120.28760637188752, 23.878876377843966, 0.0 ], [ 120.287618749529685, 23.878832068007089, 0.0 ], [ 120.287610986617921, 23.878800794164395, 0.0 ], [ 120.287557137928658, 23.878583645732508, 0.0 ], [ 120.287502584302544, 23.878464212955269, 0.0 ], [ 120.287308071681124, 23.87810565652822, 0.0 ], [ 120.287277545769285, 23.878035069708094, 0.0 ], [ 120.28722234591082, 23.877867585003038, 0.0 ], [ 120.287161048899222, 23.877467224822482, 0.0 ], [ 120.287104464238851, 23.876974308276864, 0.0 ], [ 120.287033025929333, 23.876341629446845, 0.0 ], [ 120.286996288997699, 23.875682014764127, 0.0 ], [ 120.286996452690914, 23.875643481153499, 0.0 ], [ 120.287006019347515, 23.87556715444018, 0.0 ], [ 120.287045985813776, 23.875391004862269, 0.0 ], [ 120.287043710695031, 23.875258253476577, 0.0 ], [ 120.287042310072977, 23.87514878151844, 0.0 ], [ 120.286870901078046, 23.875090575917099, 0.0 ], [ 120.286818113323434, 23.875086374011211, 0.0 ], [ 120.286757178303347, 23.875074690801092, 0.0 ], [ 120.286715244839598, 23.875061779782897, 0.0 ], [ 120.286666265027762, 23.87504165067261, 0.0 ], [ 120.28661915023919, 23.875016569169333, 0.0 ], [ 120.286337712939613, 23.874845284707508, 0.0 ], [ 120.286140731229594, 23.874743050780047, 0.0 ], [ 120.285804249167782, 23.874520241130242, 0.0 ], [ 120.285114305607536, 23.874012708911465, 0.0 ], [ 120.284907560382862, 23.873880291209243, 0.0 ], [ 120.284323700657282, 23.873475845485718, 0.0 ], [ 120.283835979412402, 23.873106378887623, 0.0 ], [ 120.283546704251066, 23.872906281736132, 0.0 ], [ 120.283300130012648, 23.87273117094238, 0.0 ], [ 120.283274014763137, 23.872718876327298, 0.0 ], [ 120.283235427354711, 23.872690963831502, 0.0 ], [ 120.283190544549143, 23.87265991658208, 0.0 ], [ 120.282796467909705, 23.872377061215758, 0.0 ], [ 120.282609748673011, 23.872242995310014, 0.0 ], [ 120.281814883698161, 23.871672093698542, 0.0 ], [ 120.281501971487359, 23.871447299435339, 0.0 ], [ 120.281341163359428, 23.871341556443859, 0.0 ], [ 120.281248627858034, 23.871295766308119, 0.0 ], [ 120.281127284087958, 23.871220563547094, 0.0 ], [ 120.280999320434091, 23.871113667793701, 0.0 ], [ 120.280838538258578, 23.870974791075959, 0.0 ], [ 120.280777104237856, 23.870890879508998, 0.0 ], [ 120.280735064136522, 23.870869027463492, 0.0 ], [ 120.280011041857563, 23.870502585485244, 0.0 ], [ 120.279814194716479, 23.870396550461997, 0.0 ], [ 120.27971143951838, 23.870322744891972, 0.0 ], [ 120.279607324402548, 23.870224894617394, 0.0 ], [ 120.279098656965999, 23.869745829784641, 0.0 ], [ 120.278631489721235, 23.869302083481973, 0.0 ], [ 120.278114317486725, 23.868864396467885, 0.0 ], [ 120.277900883420585, 23.868683765750429, 0.0 ], [ 120.277826694729498, 23.868620576027951, 0.0 ], [ 120.277777744388487, 23.868580733817932, 0.0 ], [ 120.277761607410099, 23.868567471372693, 0.0 ], [ 120.277706647211772, 23.86851376122527, 0.0 ], [ 120.277590771976563, 23.868381236166229, 0.0 ], [ 120.277524071438421, 23.868318400883503, 0.0 ], [ 120.277144847181603, 23.867958573032261, 0.0 ], [ 120.27673438516274, 23.867549840779041, 0.0 ], [ 120.276065814654999, 23.867064805146772, 0.0 ], [ 120.275786727616719, 23.866861481858649, 0.0 ], [ 120.275785183974321, 23.866860303771855, 0.0 ], [ 120.275759116577788, 23.866841644049344, 0.0 ], [ 120.275736292517763, 23.866825246686933, 0.0 ], [ 120.275704933896122, 23.86680271608488, 0.0 ], [ 120.275663130096063, 23.86677268353278, 0.0 ], [ 120.275638419717453, 23.866754929614636, 0.0 ], [ 120.275593059807434, 23.866722341227348, 0.0 ], [ 120.275554060990999, 23.866694322271844, 0.0 ], [ 120.275374815501067, 23.866565544465651, 0.0 ], [ 120.275192169932524, 23.866434321716518, 0.0 ], [ 120.275056174691116, 23.866344977582298, 0.0 ], [ 120.274977399823086, 23.866293225418151, 0.0 ], [ 120.274902480957365, 23.86624400548034, 0.0 ], [ 120.274805266870416, 23.866180142928631, 0.0 ], [ 120.27477343169879, 23.866156717410739, 0.0 ], [ 120.274744045217034, 23.866130852335143, 0.0 ], [ 120.274730894205362, 23.866117688530174, 0.0 ], [ 120.274722900289689, 23.866109127928691, 0.0 ], [ 120.274719019946005, 23.86610480907839, 0.0 ], [ 120.274704407799831, 23.866087465843762, 0.0 ], [ 120.274685450589999, 23.866061985850219, 0.0 ], [ 120.274662083173297, 23.866024310065551, 0.0 ], [ 120.274621452998517, 23.865992574175056, 0.0 ], [ 120.274605071961076, 23.865977406342179, 0.0 ], [ 120.274589852294838, 23.865961752747147, 0.0 ], [ 120.274578023716543, 23.865948380399299, 0.0 ], [ 120.274570363438755, 23.86593907297193, 0.0 ], [ 120.274450779653407, 23.866012731261332, 0.0 ], [ 120.274411998449054, 23.86603661809626, 0.0 ], [ 120.274402835359055, 23.866042037166235, 0.0 ], [ 120.274402975546295, 23.866042278825908, 0.0 ], [ 120.274272595775258, 23.866133099098441, 0.0 ], [ 120.274162092936749, 23.866194140569021, 0.0 ], [ 120.274050277387886, 23.866223439391391, 0.0 ], [ 120.273759063138613, 23.866433676633232, 0.0 ], [ 120.27364516815075, 23.866495135039447, 0.0 ], [ 120.273517580885553, 23.866526450072811, 0.0 ], [ 120.273182255934614, 23.86656548096262, 0.0 ], [ 120.272988238066716, 23.866552329123202, 0.0 ], [ 120.272591356164583, 23.866450116742801, 0.0 ], [ 120.272502207430705, 23.866416035568609, 0.0 ], [ 120.272386717906954, 23.866343641599052, 0.0 ], [ 120.272170143637211, 23.866155583257715, 0.0 ], [ 120.272043569298788, 23.866152627995028, 0.0 ], [ 120.271893539280711, 23.866101875508335, 0.0 ], [ 120.271769196305129, 23.866009484257582, 0.0 ], [ 120.27172270636396, 23.865961484471445, 0.0 ], [ 120.271638004413632, 23.865838913422486, 0.0 ], [ 120.271600002727894, 23.86569795241731, 0.0 ], [ 120.271606915304034, 23.865618725390579, 0.0 ], [ 120.271606141419795, 23.865587795720746, 0.0 ], [ 120.271469422660104, 23.865465218925934, 0.0 ], [ 120.271362003838519, 23.865355625990176, 0.0 ], [ 120.270680356217483, 23.864648815663443, 0.0 ], [ 120.270624315675519, 23.864578616557893, 0.0 ], [ 120.270571131523099, 23.864496037448653, 0.0 ], [ 120.270497301314023, 23.864380398994978, 0.0 ], [ 120.270370575510981, 23.864184630577149, 0.0 ], [ 120.270106003634211, 23.863773828029434, 0.0 ], [ 120.269991116939238, 23.863595441335242, 0.0 ], [ 120.269942324525374, 23.863519681125027, 0.0 ], [ 120.269659308835926, 23.863063652476811, 0.0 ], [ 120.269486120001062, 23.862784517228373, 0.0 ], [ 120.269478383660967, 23.862913021371877, 0.0 ], [ 120.269528454858133, 23.863065474246191, 0.0 ], [ 120.269542341614525, 23.863107755137673, 0.0 ], [ 120.269545364415777, 23.863116964246515, 0.0 ], [ 120.26955949566981, 23.863159987761623, 0.0 ], [ 120.269572414284568, 23.863210022250328, 0.0 ], [ 120.2695804651635, 23.863290865934982, 0.0 ], [ 120.269573411391917, 23.863363970890486, 0.0 ], [ 120.269559282714255, 23.863421714591155, 0.0 ], [ 120.269543969107559, 23.863462606805584, 0.0 ], [ 120.269520710516431, 23.86350862148954, 0.0 ], [ 120.269497766891632, 23.863541298534432, 0.0 ], [ 120.269458748268818, 23.863590819857805, 0.0 ], [ 120.269401200947769, 23.863639349282053, 0.0 ], [ 120.269334197555963, 23.863681309072501, 0.0 ], [ 120.269443759029414, 23.863925191259526, 0.0 ], [ 120.269520149506107, 23.864071046023479, 0.0 ], [ 120.26963732421963, 23.864294773551894, 0.0 ], [ 120.269746003708534, 23.864531816332509, 0.0 ], [ 120.270028672174618, 23.864980678916037, 0.0 ], [ 120.270084576208703, 23.865069451018272, 0.0 ], [ 120.270086347454637, 23.865072266811708, 0.0 ], [ 120.270137013632876, 23.865152720125099, 0.0 ], [ 120.270163108312929, 23.865200871677317, 0.0 ], [ 120.270193880642665, 23.865291830087941, 0.0 ], [ 120.270198549968029, 23.865440384305394, 0.0 ], [ 120.27015051710535, 23.865582283146647, 0.0 ], [ 120.270054984975374, 23.865702150951805, 0.0 ], [ 120.269922308073816, 23.865786995014911, 0.0 ], [ 120.269146291383677, 23.866124939702967, 0.0 ], [ 120.269119875253082, 23.866135581247544, 0.0 ], [ 120.267969634368328, 23.86656236873058, 0.0 ], [ 120.267051428246518, 23.866915876950777, 0.0 ], [ 120.266702560535123, 23.86713756883303, 0.0 ], [ 120.266650350794507, 23.867166912388551, 0.0 ], [ 120.266594604014912, 23.867189916407153, 0.0 ], [ 120.266558773340861, 23.867200132385058, 0.0 ], [ 120.266476998522634, 23.867215741588449, 0.0 ], [ 120.266416742475243, 23.867218210818752, 0.0 ], [ 120.266356609238173, 23.867213641121573, 0.0 ], [ 120.266297418274888, 23.867202094770676, 0.0 ], [ 120.266245174839682, 23.867186774443674, 0.0 ], [ 120.266185065829134, 23.867158794426761, 0.0 ], [ 120.26613343542644, 23.867127630508048, 0.0 ], [ 120.266085788591298, 23.867090662042258, 0.0 ], [ 120.266042774630222, 23.86704839281607, 0.0 ], [ 120.266004503041998, 23.867001399006885, 0.0 ], [ 120.265852793846605, 23.866772871149593, 0.0 ], [ 120.265844274477416, 23.866759826856661, 0.0 ], [ 120.265727369844356, 23.866571312714779, 0.0 ], [ 120.265448565739987, 23.866084497366742, 0.0 ], [ 120.265258225739288, 23.865713241280957, 0.0 ], [ 120.265208853750522, 23.865613049181722, 0.0 ], [ 120.265132316740008, 23.865472877834637, 0.0 ], [ 120.265061585523156, 23.865348832589127, 0.0 ], [ 120.265000954713813, 23.865242498847312, 0.0 ], [ 120.26492460712889, 23.865108603498996, 0.0 ], [ 120.2648901758931, 23.865048219331261, 0.0 ], [ 120.264841513933987, 23.86496287675261, 0.0 ], [ 120.264819373466224, 23.865002807222552, 0.0 ], [ 120.264814037755144, 23.865010458041365, 0.0 ], [ 120.264645934664003, 23.865303138524801, 0.0 ], [ 120.264636089016761, 23.865358065041796, 0.0 ], [ 120.264619945043094, 23.865411480687225, 0.0 ], [ 120.264597720243358, 23.865462665815372, 0.0 ], [ 120.264569714043276, 23.86551093083165, 0.0 ], [ 120.264536303757012, 23.865555625482852, 0.0 ], [ 120.264497600119697, 23.865597595380965, 0.0 ], [ 120.264460249280731, 23.865627675804326, 0.0 ], [ 120.264408476355513, 23.865662554161027, 0.0 ], [ 120.264358582750162, 23.865687543903402, 0.0 ], [ 120.264306129538269, 23.865706583850628, 0.0 ], [ 120.264251823398297, 23.865719417486282, 0.0 ], [ 120.264196395972746, 23.865725871908193, 0.0 ], [ 120.264140594011167, 23.865725860158832, 0.0 ], [ 120.264084692988661, 23.865719383293197, 0.0 ], [ 120.264039268371832, 23.865713193696603, 0.0 ], [ 120.263987635931187, 23.865704355684894, 0.0 ], [ 120.263936821332592, 23.865689820205041, 0.0 ], [ 120.263887921695357, 23.865669764556522, 0.0 ], [ 120.263839505824919, 23.865646121132226, 0.0 ], [ 120.263818637378733, 23.865629640467215, 0.0 ], [ 120.263789925177605, 23.865607857744248, 0.0 ], [ 120.263766779758654, 23.865587602743521, 0.0 ], [ 120.26374039656973, 23.865560959695028, 0.0 ], [ 120.263704063978523, 23.865516112228882, 0.0 ], [ 120.26367828234396, 23.865475937147441, 0.0 ], [ 120.263658561664599, 23.865437637939188, 0.0 ], [ 120.263644267037137, 23.865402984943344, 0.0 ], [ 120.263445910700113, 23.865265807202054, 0.0 ], [ 120.263327465465125, 23.865209861867424, 0.0 ], [ 120.263223870073887, 23.865175560109215, 0.0 ], [ 120.263113065514332, 23.865138872784893, 0.0 ], [ 120.263055805293618, 23.865117468940699, 0.0 ], [ 120.263005608267747, 23.86509128572153, 0.0 ], [ 120.262958993167601, 23.86505915575373, 0.0 ], [ 120.262916660885068, 23.865021562134476, 0.0 ], [ 120.262879247915691, 23.864979070110675, 0.0 ], [ 120.2628473167902, 23.864932318580209, 0.0 ], [ 120.262821347616011, 23.864882010485825, 0.0 ], [ 120.262813994352356, 23.864862103073747, 0.0 ], [ 120.262801730858016, 23.864828902245506, 0.0 ], [ 120.26279650178121, 23.864806682717081, 0.0 ], [ 120.262788286032603, 23.864773792554342, 0.0 ], [ 120.26277994917433, 23.864717796453938, 0.0 ], [ 120.262717072642474, 23.86452974061849, 0.0 ], [ 120.262704293942008, 23.864468289929505, 0.0 ], [ 120.262662463020717, 23.86423798569303, 0.0 ], [ 120.262562880979246, 23.863689728350955, 0.0 ], [ 120.262522312012081, 23.863453240632452, 0.0 ], [ 120.26247296264674, 23.863163100043948, 0.0 ], [ 120.262405469637002, 23.862928389692016, 0.0 ], [ 120.262393237994971, 23.862882885894305, 0.0 ], [ 120.262350385194765, 23.862656363156656, 0.0 ], [ 120.262322171406964, 23.862504084422479, 0.0 ], [ 120.262283359523082, 23.862295597858637, 0.0 ], [ 120.262267678707914, 23.862211449716657, 0.0 ], [ 120.262264181814672, 23.862189440271958, 0.0 ], [ 120.262260984289156, 23.862152452070475, 0.0 ], [ 120.262257774724546, 23.862075305735068, 0.0 ], [ 120.262249416155598, 23.861874415263351, 0.0 ], [ 120.262160993885487, 23.86157650621767, 0.0 ], [ 120.262149314115987, 23.86156752476138, 0.0 ], [ 120.262128945880718, 23.861550257679031, 0.0 ], [ 120.262105625707733, 23.861527577849312, 0.0 ], [ 120.262082034270307, 23.86150071891127, 0.0 ], [ 120.262060883464201, 23.861472229169358, 0.0 ], [ 120.262039596285064, 23.861437579824432, 0.0 ], [ 120.26202534761866, 23.861409362704261, 0.0 ], [ 120.262040115976362, 23.861460320614473, 0.0 ], [ 120.26199989297973, 23.861323563181887, 0.0 ], [ 120.261993504838543, 23.861308047561813, 0.0 ], [ 120.261988475503145, 23.861277761570875, 0.0 ], [ 120.261986586209801, 23.861257102054257, 0.0 ], [ 120.261985602608561, 23.861228610105243, 0.0 ], [ 120.261988081967644, 23.861181563839462, 0.0 ], [ 120.262000172731447, 23.861079284842109, 0.0 ], [ 120.261999349785839, 23.861064942269479, 0.0 ], [ 120.261978742451475, 23.861033946793054, 0.0 ], [ 120.261906937385376, 23.861086266045849, 0.0 ], [ 120.261903287213528, 23.861088947549216, 0.0 ], [ 120.261892942531205, 23.861096463115476, 0.0 ], [ 120.26189243623152, 23.861096832274097, 0.0 ], [ 120.261529271942351, 23.861361792148394, 0.0 ], [ 120.260992397850629, 23.861780457603913, 0.0 ], [ 120.260939220432434, 23.861816592200398, 0.0 ], [ 120.260588668336254, 23.862022751055182, 0.0 ], [ 120.260453981018586, 23.862077805787358, 0.0 ], [ 120.260307593623224, 23.86209360615015, 0.0 ], [ 120.260162704300129, 23.862068729130961, 0.0 ], [ 120.260066986523157, 23.862020319047705, 0.0 ], [ 120.260041769135682, 23.862009831932376, 0.0 ], [ 120.260024374475734, 23.861997983166823, 0.0 ], [ 120.26000629879718, 23.861984500398879, 0.0 ], [ 120.259994659358199, 23.86197514765627, 0.0 ], [ 120.259984919505783, 23.861966883812272, 0.0 ], [ 120.259973155199305, 23.861956330264213, 0.0 ], [ 120.259964059694312, 23.861947713263771, 0.0 ], [ 120.259951891583356, 23.861935503573083, 0.0 ], [ 120.259940222452769, 23.86192299319351, 0.0 ], [ 120.259928360656787, 23.861909379179401, 0.0 ], [ 120.259816063004564, 23.86176852382324, 0.0 ], [ 120.25976439018244, 23.86168595851553, 0.0 ], [ 120.259706071261348, 23.861564719902955, 0.0 ], [ 120.25965383665222, 23.861456125979611, 0.0 ], [ 120.259586140233424, 23.861315391428491, 0.0 ], [ 120.25952578286558, 23.861192869149086, 0.0 ], [ 120.259437772603746, 23.861019360581565, 0.0 ], [ 120.259331670407065, 23.86081018428855, 0.0 ], [ 120.259189223201588, 23.860529356488428, 0.0 ], [ 120.259092817719761, 23.860344920061767, 0.0 ], [ 120.259057198622045, 23.86025192909517, 0.0 ], [ 120.259045638715065, 23.86020637300653, 0.0 ], [ 120.258935479950196, 23.859772282168031, 0.0 ], [ 120.258877843812115, 23.859525903144529, 0.0 ], [ 120.258851168918682, 23.859440049939799, 0.0 ], [ 120.258799828870906, 23.859237733392327, 0.0 ], [ 120.258786999928361, 23.859131282517868, 0.0 ], [ 120.258801797296329, 23.859025048440866, 0.0 ], [ 120.259077952167331, 23.85803605855109, 0.0 ], [ 120.25938773955636, 23.857358028692829, 0.0 ], [ 120.259451390797039, 23.85725744068435, 0.0 ], [ 120.259947416398845, 23.85666513511428, 0.0 ], [ 120.258417843475726, 23.853912355416359, 0.0 ], [ 120.258319487152662, 23.853937688921469, 0.0 ], [ 120.25820782365426, 23.853966451463634, 0.0 ], [ 120.25805518213393, 23.853982791478877, 0.0 ], [ 120.257989835134794, 23.853970702079319, 0.0 ], [ 120.257904526553915, 23.853954921236951, 0.0 ], [ 120.25700313581396, 23.853646952302139, 0.0 ], [ 120.256853595475462, 23.85356571271052, 0.0 ], [ 120.256744176200726, 23.853441660096678, 0.0 ], [ 120.255998151171255, 23.852178844868096, 0.0 ], [ 120.255750299455315, 23.851462972305971, 0.0 ], [ 120.255348283910791, 23.851026706485186, 0.0 ], [ 120.25495270749316, 23.850289372012579, 0.0 ], [ 120.254905388093732, 23.850142270028464, 0.0 ], [ 120.254914356529127, 23.849989086793691, 0.0 ], [ 120.254978577430791, 23.849847509031516, 0.0 ], [ 120.25502004741594, 23.849805459773048, 0.0 ], [ 120.255050291088708, 23.849774792677529, 0.0 ], [ 120.255090633993703, 23.849733885776573, 0.0 ], [ 120.257080871209027, 23.848303258117031, 0.0 ], [ 120.257144134092954, 23.848288180045806, 0.0 ], [ 120.257131093256106, 23.848267156666111, 0.0 ], [ 120.257148143805907, 23.848254899720814, 0.0 ], [ 120.257610653187484, 23.847922437282936, 0.0 ], [ 120.259070187703628, 23.846873290618991, 0.0 ], [ 120.260202159730184, 23.845705643605246, 0.0 ], [ 120.260527267146387, 23.845092714230994, 0.0 ], [ 120.260581001820157, 23.844448083447219, 0.0 ], [ 120.260373745241537, 23.84366826361418, 0.0 ], [ 120.259065087824425, 23.841709085889757, 0.0 ], [ 120.257630314962938, 23.84104056317932, 0.0 ], [ 120.25433150041107, 23.840405847695759, 0.0 ], [ 120.254271111911578, 23.840390491779601, 0.0 ], [ 120.254213088582844, 23.840367991050638, 0.0 ], [ 120.25416562844741, 23.840343138896742, 0.0 ], [ 120.253294744896536, 23.839822188956141, 0.0 ], [ 120.253233167884829, 23.839778986923921, 0.0 ], [ 120.253185123876193, 23.839732701290298, 0.0 ], [ 120.253148647452491, 23.839686360244453, 0.0 ], [ 120.253110421334824, 23.839619319718448, 0.0 ], [ 120.253072531317272, 23.839518606744324, 0.0 ], [ 120.252727825030817, 23.838550404190247, 0.0 ], [ 120.252713020796747, 23.83849870319602, 0.0 ], [ 120.252704624304698, 23.838441018925661, 0.0 ], [ 120.252706150890674, 23.838362611466319, 0.0 ], [ 120.252721656371619, 23.838227200496927, 0.0 ], [ 120.25273779209104, 23.83808628080504, 0.0 ], [ 120.252837383597154, 23.837216535425114, 0.0 ], [ 120.252854264400568, 23.837137574204629, 0.0 ], [ 120.252915250849739, 23.836944970640957, 0.0 ], [ 120.253126875686263, 23.836276635825758, 0.0 ], [ 120.25347550965185, 23.835175605380243, 0.0 ], [ 120.253586732053492, 23.834824354357284, 0.0 ], [ 120.253170420025441, 23.834067447079285, 0.0 ], [ 120.252046338899405, 23.833281619570304, 0.0 ], [ 120.249248981003348, 23.832999954701268, 0.0 ], [ 120.248042069136503, 23.833262879563385, 0.0 ], [ 120.243489362753877, 23.834863615733859, 0.0 ], [ 120.242720420151272, 23.835032715932744, 0.0 ], [ 120.242593512160724, 23.835044726561179, 0.0 ], [ 120.241437962683079, 23.835015146448757, 0.0 ], [ 120.241382237804473, 23.835011438924699, 0.0 ], [ 120.241307322849224, 23.834996264765365, 0.0 ], [ 120.241220236744624, 23.834962361490668, 0.0 ], [ 120.241157822623649, 23.834925039960282, 0.0 ], [ 120.241099661583107, 23.834877210524759, 0.0 ], [ 120.241043678055561, 23.834813517349726, 0.0 ], [ 120.240984148830066, 23.834714734026857, 0.0 ], [ 120.240918512988046, 23.834597088348787, 0.0 ], [ 120.240674079213008, 23.834158972873336, 0.0 ], [ 120.240562042189453, 23.834182067020027, 0.0 ], [ 120.240472014218184, 23.834200624851391, 0.0 ], [ 120.24037601143138, 23.834220414038544, 0.0 ], [ 120.238082994957296, 23.834693080922346, 0.0 ], [ 120.237997540767111, 23.834704591033226, 0.0 ], [ 120.237937615027505, 23.834703934230998, 0.0 ], [ 120.237840405688004, 23.834687434403328, 0.0 ], [ 120.23774788555049, 23.83465217545362, 0.0 ], [ 120.237673403260303, 23.834606627038095, 0.0 ], [ 120.237622549070622, 23.834563673880645, 0.0 ], [ 120.237574199888329, 23.834509838626314, 0.0 ], [ 120.237535545087027, 23.834452273768573, 0.0 ], [ 120.237522668177164, 23.834428263672216, 0.0 ], [ 120.237335372975991, 23.834481180054961, 0.0 ], [ 120.235104738514579, 23.835111393722542, 0.0 ], [ 120.235059457584498, 23.835124186538255, 0.0 ], [ 120.235010757236751, 23.835136520835732, 0.0 ], [ 120.234955870564235, 23.835144375781603, 0.0 ], [ 120.234900894055031, 23.835146106294896, 0.0 ], [ 120.23484640229195, 23.835141822874029, 0.0 ], [ 120.234764864049311, 23.835123850641974, 0.0 ], [ 120.234679671583052, 23.835088512962706, 0.0 ], [ 120.234623446237819, 23.835053893916758, 0.0 ], [ 120.234582501893868, 23.835021425604261, 0.0 ], [ 120.234521049250901, 23.834956557163171, 0.0 ], [ 120.234485081230659, 23.834904584147043, 0.0 ], [ 120.234456439739233, 23.834849548611064, 0.0 ], [ 120.234427051154853, 23.834766146517872, 0.0 ], [ 120.234369308669883, 23.834588178490865, 0.0 ], [ 120.23211275314469, 23.835153959147171, 0.0 ], [ 120.231991519799365, 23.835184355467987, 0.0 ], [ 120.231932866927849, 23.835197034264507, 0.0 ], [ 120.231884949723806, 23.835202004311423, 0.0 ], [ 120.231833986304153, 23.835202157824, 0.0 ], [ 120.231774908708388, 23.835195707846744, 0.0 ], [ 120.231734163386889, 23.835186976328515, 0.0 ], [ 120.23166423395989, 23.835163173189503, 0.0 ], [ 120.231620886875533, 23.835142144788254, 0.0 ], [ 120.231567903128592, 23.835108636206567, 0.0 ], [ 120.231513251110698, 23.835062627314727, 0.0 ], [ 120.231478665829215, 23.83502529326265, 0.0 ], [ 120.231452310173083, 23.83499074434301, 0.0 ], [ 120.231427941339732, 23.834951993740425, 0.0 ], [ 120.231405038387322, 23.834906129543732, 0.0 ], [ 120.231386621026488, 23.834856905521722, 0.0 ], [ 120.231370843629335, 23.834793010439775, 0.0 ], [ 120.231355453091098, 23.834726931862491, 0.0 ], [ 120.231129005484078, 23.833754698953406, 0.0 ], [ 120.231058353863361, 23.833451363506505, 0.0 ], [ 120.231050435142762, 23.833396497836965, 0.0 ], [ 120.231049760003359, 23.833334251506955, 0.0 ], [ 120.231056108853011, 23.833281286750243, 0.0 ], [ 120.231072600780109, 23.833217604443547, 0.0 ], [ 120.231101626528641, 23.833150744906412, 0.0 ], [ 120.231138335083244, 23.833093281663057, 0.0 ], [ 120.231181258440003, 23.833044209070106, 0.0 ], [ 120.231228994447903, 23.833003347583293, 0.0 ], [ 120.231275757869241, 23.83297307426805, 0.0 ], [ 120.231323267321997, 23.832949987684547, 0.0 ], [ 120.231395907526746, 23.832922193032491, 0.0 ], [ 120.231506239289928, 23.832879744493567, 0.0 ], [ 120.231638257665125, 23.832828951837968, 0.0 ], [ 120.231846168822088, 23.832748960533404, 0.0 ], [ 120.234394298413676, 23.831768596514607, 0.0 ], [ 120.237884315695652, 23.83068274908668, 0.0 ], [ 120.24091191087993, 23.829799684912, 0.0 ], [ 120.240776778417725, 23.829060802693263, 0.0 ], [ 120.2407734963476, 23.828949662133066, 0.0 ], [ 120.240798518004553, 23.828838537562177, 0.0 ], [ 120.240852595556234, 23.828734487652518, 0.0 ], [ 120.240916151170808, 23.828661697235457, 0.0 ], [ 120.241002775794044, 23.828599046622728, 0.0 ], [ 120.241106088908253, 23.828557446919135, 0.0 ], [ 120.241554256145278, 23.828420550214311, 0.0 ], [ 120.242225172297026, 23.82821561279745, 0.0 ], [ 120.244260450506331, 23.827593918665329, 0.0 ], [ 120.24450132605503, 23.82697697959928, 0.0 ], [ 120.244133153863586, 23.824344888008216, 0.0 ], [ 120.24213943897702, 23.82421625723212, 0.0 ], [ 120.240581805279561, 23.824519355291311, 0.0 ], [ 120.24077794963668, 23.825391642550283, 0.0 ], [ 120.240789508735674, 23.82547815036666, 0.0 ], [ 120.24077955286667, 23.82558179925881, 0.0 ], [ 120.240732490954414, 23.825701642097712, 0.0 ], [ 120.240674777152293, 23.825801696396972, 0.0 ], [ 120.240619463405068, 23.825876931412363, 0.0 ], [ 120.240553665516899, 23.825938082221384, 0.0 ], [ 120.240455431315553, 23.825996844204596, 0.0 ], [ 120.240345583014218, 23.826031219959972, 0.0 ], [ 120.238900244999812, 23.826320406902305, 0.0 ], [ 120.23925163369195, 23.827678057656598, 0.0 ], [ 120.239261687557658, 23.827747526590816, 0.0 ], [ 120.239258828402683, 23.827835886184786, 0.0 ], [ 120.239237417377993, 23.827925968383209, 0.0 ], [ 120.239210728474816, 23.827987304012744, 0.0 ], [ 120.239174373467748, 23.828045222679386, 0.0 ], [ 120.239108760537704, 23.828116500711062, 0.0 ], [ 120.239035213266732, 23.828168881763286, 0.0 ], [ 120.238890269617698, 23.828221277338102, 0.0 ], [ 120.237836961758759, 23.828457077882359, 0.0 ], [ 120.236685162738851, 23.828714929336101, 0.0 ], [ 120.236604810359637, 23.828727270559831, 0.0 ], [ 120.236504205374359, 23.828724643569419, 0.0 ], [ 120.236421781526403, 23.828707289278309, 0.0 ], [ 120.236323656703931, 23.828666441822726, 0.0 ], [ 120.236242311457318, 23.828611358200114, 0.0 ], [ 120.23615279136267, 23.828515290799459, 0.0 ], [ 120.236090996834619, 23.828424202808982, 0.0 ], [ 120.236047434059856, 23.828342748876523, 0.0 ], [ 120.235891373575569, 23.827957266055574, 0.0 ], [ 120.233007934042007, 23.829057503857399, 0.0 ], [ 120.23306310339693, 23.829231314907737, 0.0 ], [ 120.233078865369961, 23.829312136626847, 0.0 ], [ 120.233078296436787, 23.829405037856112, 0.0 ], [ 120.233056500508695, 23.829501065950041, 0.0 ], [ 120.233022936813754, 23.829574874346097, 0.0 ], [ 120.232977754998359, 23.829639750134195, 0.0 ], [ 120.232920334471686, 23.829696688481906, 0.0 ], [ 120.232857757089803, 23.829739811126935, 0.0 ], [ 120.232786194145277, 23.829772465377946, 0.0 ], [ 120.23261363513285, 23.829840851521084, 0.0 ], [ 120.229377009259693, 23.831112722545782, 0.0 ], [ 120.229329952035656, 23.83112835454941, 0.0 ], [ 120.229280070121746, 23.831139741657896, 0.0 ], [ 120.229220082558541, 23.831146840442361, 0.0 ], [ 120.22916728740384, 23.831147348326773, 0.0 ], [ 120.229100667230128, 23.831140334885927, 0.0 ], [ 120.228967450726159, 23.831189797903082, 0.0 ], [ 120.22874603454207, 23.831272007216764, 0.0 ], [ 120.228582332053534, 23.83133278878481, 0.0 ], [ 120.227801157625777, 23.83162283507491, 0.0 ], [ 120.227279805192211, 23.832015944884489, 0.0 ], [ 120.227207559175199, 23.832061036262214, 0.0 ], [ 120.227128052427602, 23.832093783834551, 0.0 ], [ 120.227097452351131, 23.832102438775813, 0.0 ], [ 120.227054570880114, 23.832111214668913, 0.0 ], [ 120.227026969593339, 23.832115189804849, 0.0 ], [ 120.226979404501435, 23.832121876834123, 0.0 ], [ 120.226930578820642, 23.832128740612259, 0.0 ], [ 120.226564030754261, 23.832180272961324, 0.0 ], [ 120.225558315745587, 23.832508532903059, 0.0 ], [ 120.222933060488273, 23.833573679588557, 0.0 ], [ 120.222732205148233, 23.833655172727926, 0.0 ], [ 120.22270096207572, 23.833666670749796, 0.0 ], [ 120.222661438149927, 23.833678125037089, 0.0 ], [ 120.222613357574502, 23.833687698476044, 0.0 ], [ 120.22256019455827, 23.833692997025562, 0.0 ], [ 120.222510965886983, 23.833693093931476, 0.0 ], [ 120.222452424664453, 23.833687187129179, 0.0 ], [ 120.222400463354049, 23.833676289751754, 0.0 ], [ 120.222337571186046, 23.833655449717888, 0.0 ], [ 120.222309110788871, 23.833643000501102, 0.0 ], [ 120.222278631640094, 23.833627355117837, 0.0 ], [ 120.222217394221531, 23.833589551165478, 0.0 ], [ 120.222175878730951, 23.833563205797095, 0.0 ], [ 120.22213223281679, 23.83353545195612, 0.0 ], [ 120.222109224406196, 23.833519285144767, 0.0 ], [ 120.22209083952967, 23.833504755875047, 0.0 ], [ 120.222070664712234, 23.833486928970633, 0.0 ], [ 120.222052672857487, 23.833469105335286, 0.0 ], [ 120.222035151693404, 23.833449682784103, 0.0 ], [ 120.222016583852479, 23.833426384847506, 0.0 ], [ 120.221998917621519, 23.833400926271644, 0.0 ], [ 120.221979135285594, 23.83336717319397, 0.0 ], [ 120.221962390018035, 23.833332064240917, 0.0 ], [ 120.221943798011836, 23.833284999572495, 0.0 ], [ 120.221919099751545, 23.833221764265737, 0.0 ], [ 120.221898820738758, 23.833169842441709, 0.0 ], [ 120.221496694754279, 23.83214025673314, 0.0 ], [ 120.221249623781205, 23.831507669539313, 0.0 ], [ 120.220978483564764, 23.830860525975098, 0.0 ], [ 120.22073306697088, 23.830304516030388, 0.0 ], [ 120.220628631775654, 23.830067912028046, 0.0 ], [ 120.220531515668995, 23.829847886817355, 0.0 ], [ 120.220452679710675, 23.829669276313922, 0.0 ], [ 120.220443684324678, 23.829647403678813, 0.0 ], [ 120.220434086290879, 23.829619009329882, 0.0 ], [ 120.220425754647181, 23.829586346310087, 0.0 ], [ 120.220421099947998, 23.829560458132075, 0.0 ], [ 120.220417615465649, 23.829528185826543, 0.0 ], [ 120.220416637984741, 23.829496820673754, 0.0 ], [ 120.220418252357959, 23.829462705354629, 0.0 ], [ 120.220424450013979, 23.829419040054251, 0.0 ], [ 120.220436426667462, 23.829372415850937, 0.0 ], [ 120.220452091693701, 23.829329637086019, 0.0 ], [ 120.220470469552538, 23.829281654554528, 0.0 ], [ 120.220487283857551, 23.829237751213295, 0.0 ], [ 120.220492001721837, 23.829225431992953, 0.0 ], [ 120.220499575426857, 23.82920695400545, 0.0 ], [ 120.220511469545173, 23.829184029599638, 0.0 ], [ 120.220520127393812, 23.829167344641142, 0.0 ], [ 120.220490683998392, 23.829085742857114, 0.0 ], [ 120.220049107561181, 23.827866591570015, 0.0 ], [ 120.219965736670602, 23.827637325915379, 0.0 ], [ 120.219952632585901, 23.827594064107377, 0.0 ], [ 120.219943736932592, 23.827545762716753, 0.0 ], [ 120.219940520480918, 23.827490989800957, 0.0 ], [ 120.21994530886856, 23.827430321625403, 0.0 ], [ 120.219952797928968, 23.827392714851516, 0.0 ], [ 120.219972153321578, 23.827333527066024, 0.0 ], [ 120.220000556720962, 23.827276941189048, 0.0 ], [ 120.220027402428059, 23.82723745627899, 0.0 ], [ 120.220086124496333, 23.827159282998164, 0.0 ], [ 120.220139539257517, 23.827088174578382, 0.0 ], [ 120.220173997942993, 23.827042301731879, 0.0 ], [ 120.220216939122011, 23.826993205579491, 0.0 ], [ 120.220260389867704, 23.826954672774626, 0.0 ], [ 120.220352541346529, 23.826897847004233, 0.0 ], [ 120.221028022425585, 23.826661982000257, 0.0 ], [ 120.221852672619576, 23.826379714027002, 0.0 ], [ 120.221910166338077, 23.826358011603496, 0.0 ], [ 120.222054588284252, 23.826309672642221, 0.0 ], [ 120.222687803073455, 23.826140918459508, 0.0 ], [ 120.22268335190499, 23.826067093410501, 0.0 ], [ 120.222678416174091, 23.825985250576107, 0.0 ], [ 120.222676276033695, 23.825949761527244, 0.0 ], [ 120.222672455293178, 23.825886409967687, 0.0 ], [ 120.22267224227474, 23.825859381678551, 0.0 ], [ 120.222675358862872, 23.825815597480265, 0.0 ], [ 120.222679141315595, 23.825790294655032, 0.0 ], [ 120.222685580734762, 23.825760238270245, 0.0 ], [ 120.222694920267287, 23.825728060875424, 0.0 ], [ 120.222707661303872, 23.825694220065849, 0.0 ], [ 120.22272531683204, 23.825657280115163, 0.0 ], [ 120.222753675397399, 23.825611198241763, 0.0 ], [ 120.22279063584979, 23.825565262402254, 0.0 ], [ 120.22283315396858, 23.825524674046466, 0.0 ], [ 120.222881709756223, 23.82548928297771, 0.0 ], [ 120.222921452261005, 23.825466938840712, 0.0 ], [ 120.222965596925121, 23.825447860878359, 0.0 ], [ 120.223137229186534, 23.825378720588986, 0.0 ], [ 120.222432758360497, 23.823901031272637, 0.0 ], [ 120.22221209075262, 23.82351272771287, 0.0 ], [ 120.221722812979948, 23.822204903733578, 0.0 ], [ 120.221545464652124, 23.82173190116335, 0.0 ], [ 120.221522122652715, 23.821669740900088, 0.0 ], [ 120.221509227206226, 23.821629434239661, 0.0 ], [ 120.221500489044303, 23.821588179078631, 0.0 ], [ 120.22149681067053, 23.821558271509414, 0.0 ], [ 120.221495248398966, 23.821521412008696, 0.0 ], [ 120.221497280346881, 23.821480930489059, 0.0 ], [ 120.22150368965076, 23.82143847194358, 0.0 ], [ 120.221511569981573, 23.821406352227282, 0.0 ], [ 120.221518459327768, 23.821384644271486, 0.0 ], [ 120.221529017538188, 23.82135737610545, 0.0 ], [ 120.221538080299212, 23.821337628826441, 0.0 ], [ 120.221548243463559, 23.821318219080268, 0.0 ], [ 120.221561055953913, 23.821294963594386, 0.0 ], [ 120.221573537785986, 23.821272308644108, 0.0 ], [ 120.221585537882035, 23.821250530387395, 0.0 ], [ 120.221596187865345, 23.821231201617675, 0.0 ], [ 120.221607221568703, 23.821211175792964, 0.0 ], [ 120.221621749503612, 23.821184806820003, 0.0 ], [ 120.221630250107225, 23.821170400494815, 0.0 ], [ 120.221642897824182, 23.821150871280643, 0.0 ], [ 120.221657997862764, 23.821129973826391, 0.0 ], [ 120.221673906665771, 23.821110255216546, 0.0 ], [ 120.221696216550555, 23.821085803636393, 0.0 ], [ 120.221719432272522, 23.821063592219129, 0.0 ], [ 120.221750176482516, 23.821038296318847, 0.0 ], [ 120.221772163743623, 23.821022632255925, 0.0 ], [ 120.221794830381242, 23.821008326110313, 0.0 ], [ 120.221837249398888, 23.820985956408276, 0.0 ], [ 120.221864435854101, 23.820974312981289, 0.0 ], [ 120.221875782131434, 23.82096982079317, 0.0 ], [ 120.222656891688246, 23.820734403006579, 0.0 ], [ 120.222954438364638, 23.820698412429433, 0.0 ], [ 120.223020062075705, 23.82069048772356, 0.0 ], [ 120.223095583433931, 23.820681367715196, 0.0 ], [ 120.223150162609798, 23.820674778207572, 0.0 ], [ 120.223177587359217, 23.82067170113563, 0.0 ], [ 120.223206252279013, 23.820670414465521, 0.0 ], [ 120.223228971224501, 23.820670781473286, 0.0 ], [ 120.223250354126733, 23.820672248050894, 0.0 ], [ 120.223262876373454, 23.820673618124516, 0.0 ], [ 120.223275536248536, 23.82067538959588, 0.0 ], [ 120.223491907536356, 23.820586502200474, 0.0 ], [ 120.223523916713532, 23.820111481407785, 0.0 ], [ 120.223397953471192, 23.819807796155391, 0.0 ], [ 120.22337047745026, 23.819709569606189, 0.0 ], [ 120.223366843798487, 23.819677218800926, 0.0 ], [ 120.223365816134176, 23.819638031353204, 0.0 ], [ 120.223368111632851, 23.819602003981316, 0.0 ], [ 120.223373470359263, 23.819566462314835, 0.0 ], [ 120.223382528339314, 23.819529179537962, 0.0 ], [ 120.22340868924897, 23.819461823957308, 0.0 ], [ 120.223492446763501, 23.819313257673251, 0.0 ], [ 120.223576517819254, 23.819136221225698, 0.0 ], [ 120.223517658644425, 23.819017674633951, 0.0 ], [ 120.222648118359828, 23.819203333643511, 0.0 ], [ 120.221454768323312, 23.819458129277869, 0.0 ], [ 120.2194759951484, 23.819877303196581, 0.0 ], [ 120.219266170350707, 23.819921419319957, 0.0 ], [ 120.21897905164019, 23.819981787261916, 0.0 ], [ 120.218902345180013, 23.819997914561569, 0.0 ], [ 120.218857588983013, 23.82000732427192, 0.0 ], [ 120.218800840801549, 23.820019256690696, 0.0 ], [ 120.218462731496942, 23.820090445038733, 0.0 ], [ 120.216682869507224, 23.820464567571282, 0.0 ], [ 120.216280348633475, 23.820548894695452, 0.0 ], [ 120.216133791608129, 23.820570817844569, 0.0 ], [ 120.215733945225836, 23.820630516409793, 0.0 ], [ 120.215639906202838, 23.820815269160519, 0.0 ], [ 120.21561314530156, 23.820861496308634, 0.0 ], [ 120.215580636621937, 23.820904180883428, 0.0 ], [ 120.215542835523536, 23.820942726105226, 0.0 ], [ 120.215294764006615, 23.821171402467893, 0.0 ], [ 120.215257718453287, 23.821202528876729, 0.0 ], [ 120.215217322603422, 23.82122982332676, 0.0 ], [ 120.215174443449712, 23.821253022245987, 0.0 ], [ 120.215129018767186, 23.821271902233907, 0.0 ], [ 120.214855750142917, 23.821372042165095, 0.0 ], [ 120.214777559231422, 23.821393954542785, 0.0 ], [ 120.208697988771803, 23.822625130435885, 0.0 ], [ 120.207477745742978, 23.822882658782152, 0.0 ], [ 120.207325381260532, 23.822914814783019, 0.0 ], [ 120.207287884618296, 23.822941612399013, 0.0 ], [ 120.207147760112363, 23.822989362735555, 0.0 ], [ 120.206508755951887, 23.823109692441911, 0.0 ], [ 120.206273770008934, 23.823193226224827, 0.0 ], [ 120.206117315073698, 23.823223179561122, 0.0 ], [ 120.205958693708794, 23.823205299525238, 0.0 ], [ 120.205814727729731, 23.82314148144571, 0.0 ], [ 120.205698328210588, 23.823066225558815, 0.0 ], [ 120.205587329551932, 23.822967025289472, 0.0 ], [ 120.205515428616437, 23.822840957566658, 0.0 ], [ 120.205489777227186, 23.822700560920513, 0.0 ], [ 120.205512925982589, 23.822559795792984, 0.0 ], [ 120.205545966309501, 23.822464406518179, 0.0 ], [ 120.205586106656369, 23.822381545919434, 0.0 ], [ 120.205539341265549, 23.822370669877671, 0.0 ], [ 120.205493784213914, 23.822355509234797, 0.0 ], [ 120.205449351071024, 23.822336194694632, 0.0 ], [ 120.205442921747135, 23.822332760358051, 0.0 ], [ 120.20543083630082, 23.822327127497992, 0.0 ], [ 120.205425997103589, 23.822324579840661, 0.0 ], [ 120.205413465389043, 23.822318348969702, 0.0 ], [ 120.205398810781404, 23.822311061548593, 0.0 ], [ 120.205159564426367, 23.822192087271048, 0.0 ], [ 120.204938515136419, 23.822082162020763, 0.0 ], [ 120.204836248065135, 23.822036374752265, 0.0 ], [ 120.204587069858562, 23.821926548833233, 0.0 ], [ 120.204537366453536, 23.82190129162268, 0.0 ], [ 120.203773332237091, 23.821458104866394, 0.0 ], [ 120.20340112701966, 23.821828531670125, 0.0 ], [ 120.20339406487129, 23.821835560470557, 0.0 ], [ 120.203393552631255, 23.821836070121954, 0.0 ], [ 120.203298848689641, 23.821930322405592, 0.0 ], [ 120.20316710928644, 23.822023346386118, 0.0 ], [ 120.203009188962554, 23.822070621858533, 0.0 ], [ 120.202843170831173, 23.822066730702709, 0.0 ], [ 120.202688071708124, 23.822012121959911, 0.0 ], [ 120.200680626956839, 23.820916236405019, 0.0 ], [ 120.200635473271674, 23.820890341300469, 0.0 ], [ 120.200593769685767, 23.820859192950074, 0.0 ], [ 120.20055461888073, 23.820817612189156, 0.0 ], [ 120.200523087298222, 23.820783021265804, 0.0 ], [ 120.200495139215988, 23.820739108699232, 0.0 ], [ 120.200471395904671, 23.820686068825406, 0.0 ], [ 120.200457677035544, 23.820647616370874, 0.0 ], [ 120.200445500889998, 23.820591853025288, 0.0 ], [ 120.200440419732502, 23.820536558838619, 0.0 ], [ 120.200443105960559, 23.82048796659819, 0.0 ], [ 120.200451306150455, 23.82043656459712, 0.0 ], [ 120.200465211218614, 23.820386075663919, 0.0 ], [ 120.200485905689135, 23.820338579917912, 0.0 ], [ 120.200511800493288, 23.820293426093031, 0.0 ], [ 120.200524090360034, 23.820276971868566, 0.0 ], [ 120.200533881179396, 23.820262814541017, 0.0 ], [ 120.200542949488906, 23.820251722182661, 0.0 ], [ 120.200552278744269, 23.820240630051899, 0.0 ], [ 120.200566208688912, 23.820224068309518, 0.0 ], [ 120.200577062099057, 23.820211164535124, 0.0 ], [ 120.200597974639479, 23.820186300125389, 0.0 ], [ 120.200625937198026, 23.820153053946797, 0.0 ], [ 120.200684479753178, 23.820083448501467, 0.0 ], [ 120.200874806951049, 23.819857158220202, 0.0 ], [ 120.200930485136666, 23.81979095817513, 0.0 ], [ 120.200963678359969, 23.819751493818888, 0.0 ], [ 120.200971453962026, 23.819727129869655, 0.0 ], [ 120.200961616209526, 23.819698658093227, 0.0 ], [ 120.199258121186077, 23.81876099979927, 0.0 ], [ 120.197345902745369, 23.817698905029992, 0.0 ], [ 120.196263246344728, 23.817096886368741, 0.0 ], [ 120.192685850649838, 23.815106807705643, 0.0 ], [ 120.19232268949375, 23.814906158216999, 0.0 ], [ 120.191852782091829, 23.814646747771505, 0.0 ], [ 120.191106252833492, 23.814234629544654, 0.0 ], [ 120.190988722504699, 23.814168574893696, 0.0 ], [ 120.190613855095648, 23.813956897154846, 0.0 ], [ 120.190258792184835, 23.813711360841285, 0.0 ], [ 120.189572639045508, 23.813236966640918, 0.0 ], [ 120.189120416361305, 23.812927440509092, 0.0 ], [ 120.188964998386709, 23.812821064086375, 0.0 ], [ 120.188789505723406, 23.813039418364646, 0.0 ], [ 120.188768832866202, 23.813065140152599, 0.0 ], [ 120.188729815582249, 23.813113686706384, 0.0 ], [ 120.188676422287415, 23.813180120547582, 0.0 ], [ 120.188660217819987, 23.813200282217949, 0.0 ], [ 120.188640066023652, 23.813225356459991, 0.0 ], [ 120.188614757359531, 23.813256845551891, 0.0 ], [ 120.188594422082772, 23.813282148385156, 0.0 ], [ 120.188567080273017, 23.813316167125649, 0.0 ], [ 120.188552928012044, 23.81333377690877, 0.0 ], [ 120.18853924047113, 23.813350806729524, 0.0 ], [ 120.188519830012822, 23.813373843063612, 0.0 ], [ 120.188500823888901, 23.813393775808134, 0.0 ], [ 120.18847938128313, 23.813413924927531, 0.0 ], [ 120.188459494494012, 23.813430705367107, 0.0 ], [ 120.188437300217572, 23.813447542984125, 0.0 ], [ 120.188414846294762, 23.813462772997624, 0.0 ], [ 120.188397069893611, 23.813473666028113, 0.0 ], [ 120.188378326757373, 23.813484126263781, 0.0 ], [ 120.188354418700982, 23.813496049103762, 0.0 ], [ 120.188334291046047, 23.813504933557095, 0.0 ], [ 120.188312868891856, 23.813513299813607, 0.0 ], [ 120.188295268973377, 23.813519372119266, 0.0 ], [ 120.188282576990645, 23.81352338869161, 0.0 ], [ 120.188281746063979, 23.813522935813165, 0.0 ], [ 120.188241459315876, 23.813533723839821, 0.0 ], [ 120.188184989151125, 23.813542368800118, 0.0 ], [ 120.188141619652768, 23.81354438788405, 0.0 ], [ 120.188070916191307, 23.813540856083403, 0.0 ], [ 120.187992767599724, 23.813524697507926, 0.0 ], [ 120.187959928772955, 23.813514460604878, 0.0 ], [ 120.187907280502884, 23.813492284615151, 0.0 ], [ 120.187857387302387, 23.813464457431387, 0.0 ], [ 120.18729807532074, 23.813109137078342, 0.0 ], [ 120.187254429504335, 23.813079680996651, 0.0 ], [ 120.187208903169292, 23.813038625065225, 0.0 ], [ 120.187184920383004, 23.813009229631216, 0.0 ], [ 120.187149426097619, 23.812962726791945, 0.0 ], [ 120.187124827386853, 23.812916169878221, 0.0 ], [ 120.187111806291512, 23.812881578661045, 0.0 ], [ 120.187108539487483, 23.812874491172789, 0.0 ], [ 120.187105547645089, 23.812865115418877, 0.0 ], [ 120.187101527398269, 23.812851161402467, 0.0 ], [ 120.187096229581158, 23.812829262716935, 0.0 ], [ 120.187092383875481, 23.812808942856098, 0.0 ], [ 120.187090317957257, 23.812794931550442, 0.0 ], [ 120.187089283788552, 23.812786344222591, 0.0 ], [ 120.187088020576581, 23.812772956763453, 0.0 ], [ 120.187087113670643, 23.812758148935572, 0.0 ], [ 120.187086771805241, 23.812747116702141, 0.0 ], [ 120.187086959888049, 23.812724427363417, 0.0 ], [ 120.187088197511727, 23.812703516177159, 0.0 ], [ 120.187090496561751, 23.812682376172617, 0.0 ], [ 120.187094703240319, 23.812656838746744, 0.0 ], [ 120.187099728137397, 23.812634390211407, 0.0 ], [ 120.187109101484836, 23.812602485095201, 0.0 ], [ 120.187114747295411, 23.812586725580996, 0.0 ], [ 120.187121153925816, 23.812570848185583, 0.0 ], [ 120.187126575304703, 23.812558672963839, 0.0 ], [ 120.187141304260592, 23.812529834857035, 0.0 ], [ 120.187155258359482, 23.812506633236676, 0.0 ], [ 120.18718221752188, 23.812469394831606, 0.0 ], [ 120.187199678353352, 23.812447748157449, 0.0 ], [ 120.187220878420334, 23.812421468536328, 0.0 ], [ 120.187248043252524, 23.812387792477221, 0.0 ], [ 120.187274392078564, 23.812356747686618, 0.0 ], [ 120.187305548215889, 23.812325900730386, 0.0 ], [ 120.187341629889801, 23.812296410784072, 0.0 ], [ 120.187376692051615, 23.812272848877832, 0.0 ], [ 120.187408483699713, 23.812255110757565, 0.0 ], [ 120.187434226736229, 23.812242970640892, 0.0 ], [ 120.187436456875346, 23.812229482674965, 0.0 ], [ 120.187440706640999, 23.812208949548307, 0.0 ], [ 120.187445666204965, 23.812189664011925, 0.0 ], [ 120.187451179423817, 23.812171634046525, 0.0 ], [ 120.187462544381518, 23.812141120816694, 0.0 ], [ 120.187478768131498, 23.812106551914646, 0.0 ], [ 120.187489787637517, 23.81208682913692, 0.0 ], [ 120.187501493538861, 23.812068210923975, 0.0 ], [ 120.187514978031302, 23.8120490863664, 0.0 ], [ 120.187527041157466, 23.812033372638133, 0.0 ], [ 120.187545187673379, 23.812009854883442, 0.0 ], [ 120.187523601814036, 23.811973679057729, 0.0 ], [ 120.187387030515623, 23.811740125512674, 0.0 ], [ 120.186944937406267, 23.811446863147903, 0.0 ], [ 120.185342313756465, 23.810385592797715, 0.0 ], [ 120.182852175622983, 23.808705288599398, 0.0 ], [ 120.179666953594221, 23.806577386584046, 0.0 ], [ 120.179152852386579, 23.806243699154916, 0.0 ], [ 120.179025805830207, 23.806161236862618, 0.0 ], [ 120.178896300474577, 23.806077178968305, 0.0 ], [ 120.178837742402649, 23.806035710998934, 0.0 ], [ 120.178763222230742, 23.80598203324891, 0.0 ], [ 120.178696300542612, 23.805933829264774, 0.0 ], [ 120.178596534317464, 23.805932992438695, 0.0 ], [ 120.178468447995712, 23.805929999135142, 0.0 ], [ 120.178381309401544, 23.805927961923004, 0.0 ], [ 120.178074702311079, 23.805985000622261, 0.0 ], [ 120.177779089069787, 23.806039993624577, 0.0 ], [ 120.177490964570893, 23.806093592505505, 0.0 ], [ 120.177215195002191, 23.806144894562319, 0.0 ], [ 120.177171594934421, 23.806153005709945, 0.0 ], [ 120.177119217809022, 23.806160115879461, 0.0 ], [ 120.177064560979943, 23.806161924467769, 0.0 ], [ 120.177013979252152, 23.806158544240336, 0.0 ], [ 120.176966432495533, 23.806150854147994, 0.0 ], [ 120.176910698307097, 23.80613599258837, 0.0 ], [ 120.176839231596318, 23.80610675022254, 0.0 ], [ 120.176760948012102, 23.806067425609989, 0.0 ], [ 120.176713053128651, 23.806043366605611, 0.0 ], [ 120.176645980142226, 23.806002782493714, 0.0 ], [ 120.176597507771362, 23.805962891021153, 0.0 ], [ 120.176558691476316, 23.805926397446427, 0.0 ], [ 120.17650930229378, 23.805879964931165, 0.0 ], [ 120.176464060371927, 23.805837432290463, 0.0 ], [ 120.176165401043349, 23.805896429456052, 0.0 ], [ 120.175732251869903, 23.805981993870464, 0.0 ], [ 120.175507229284989, 23.806030658581992, 0.0 ], [ 120.175248112631934, 23.80608669710815, 0.0 ], [ 120.175066946207238, 23.806125877119911, 0.0 ], [ 120.174860617491603, 23.806170498148248, 0.0 ], [ 120.174661267054773, 23.806213612351442, 0.0 ], [ 120.174526565297981, 23.806242618307312, 0.0 ], [ 120.174230286198238, 23.806300071301646, 0.0 ], [ 120.173857189525805, 23.806372419128042, 0.0 ], [ 120.173649804996842, 23.806412632932247, 0.0 ], [ 120.173321337078903, 23.806476326788999, 0.0 ], [ 120.173047195978654, 23.806529484929477, 0.0 ], [ 120.172853699140916, 23.806567006532376, 0.0 ], [ 120.172634152667968, 23.806614472214239, 0.0 ], [ 120.172356355809981, 23.806674531168838, 0.0 ], [ 120.171727451319271, 23.80681049784712, 0.0 ], [ 120.171535233078117, 23.806850229761455, 0.0 ], [ 120.171397418268285, 23.80687871546926, 0.0 ], [ 120.171346078149796, 23.806889326321055, 0.0 ], [ 120.171314074912985, 23.806895941930431, 0.0 ], [ 120.17128649083908, 23.806901644068734, 0.0 ], [ 120.171259449881873, 23.806907232709211, 0.0 ], [ 120.170699565632177, 23.807020878791111, 0.0 ], [ 120.170642186841533, 23.807030744022388, 0.0 ], [ 120.170584044083398, 23.807033755352741, 0.0 ], [ 120.170525953149664, 23.807029870530886, 0.0 ], [ 120.170468729104428, 23.807019144064054, 0.0 ], [ 120.170413174849401, 23.807001726453585, 0.0 ], [ 120.17037177088244, 23.806983780672759, 0.0 ], [ 120.170351296155204, 23.806973163202109, 0.0 ], [ 120.170324173572681, 23.806957129603997, 0.0 ], [ 120.170286898006907, 23.806930946876733, 0.0 ], [ 120.170250126618143, 23.806899472990846, 0.0 ], [ 120.170215161205874, 23.806862837438096, 0.0 ], [ 120.170194507421456, 23.806837138527175, 0.0 ], [ 120.170169865246734, 23.806801038138385, 0.0 ], [ 120.170150499770543, 23.806766773743185, 0.0 ], [ 120.170130212765557, 23.80672185641853, 0.0 ], [ 120.170112686815273, 23.806668399748006, 0.0 ], [ 120.170097983475102, 23.806600625226523, 0.0 ], [ 120.169969116376024, 23.806006626516385, 0.0 ], [ 120.169907725308676, 23.805723652857985, 0.0 ], [ 120.169903886415554, 23.805698987340762, 0.0 ], [ 120.16990074891622, 23.805662921635491, 0.0 ], [ 120.169900705529585, 23.805621637599884, 0.0 ], [ 120.169903070402697, 23.805591427278923, 0.0 ], [ 120.169909495118986, 23.805550863059199, 0.0 ], [ 120.169916731512089, 23.805520860401966, 0.0 ], [ 120.169921953383763, 23.805503420617768, 0.0 ], [ 120.169930807657011, 23.805478420459018, 0.0 ], [ 120.169941149256033, 23.805453904271893, 0.0 ], [ 120.169954952062767, 23.805426238713, 0.0 ], [ 120.169971370913231, 23.805398391943097, 0.0 ], [ 120.169991025272225, 23.805370068482386, 0.0 ], [ 120.170008337860054, 23.805348456367788, 0.0 ], [ 120.170025353314699, 23.805329599556014, 0.0 ], [ 120.170045701333024, 23.805309590053202, 0.0 ], [ 120.170068327644557, 23.805290047451329, 0.0 ], [ 120.17010038267324, 23.805266416311063, 0.0 ], [ 120.170132673683838, 23.805246648602711, 0.0 ], [ 120.170165068013034, 23.805230303274261, 0.0 ], [ 120.170193882560497, 23.805218368644617, 0.0 ], [ 120.1702119229045, 23.80521204655032, 0.0 ], [ 120.170219149863669, 23.805209751478813, 0.0 ], [ 120.170233251767044, 23.805205653054788, 0.0 ], [ 120.170215032813061, 23.805208948484125, 0.0 ], [ 120.170884839732381, 23.805057175544349, 0.0 ], [ 120.171383243844531, 23.804918079220172, 0.0 ], [ 120.172853284885662, 23.8046426074491, 0.0 ], [ 120.173042101772509, 23.80460722495237, 0.0 ], [ 120.173684116000643, 23.804465998057616, 0.0 ], [ 120.17408836317027, 23.804375801021671, 0.0 ], [ 120.17408957632604, 23.804376806992103, 0.0 ], [ 120.174089638409853, 23.804376793690167, 0.0 ], [ 120.174112119560007, 23.804371848518457, 0.0 ], [ 120.174051166313646, 23.804300949381592, 0.0 ], [ 120.174037367082917, 23.804284102940716, 0.0 ], [ 120.174007513774256, 23.804240842767314, 0.0 ], [ 120.173886529686072, 23.804041333409284, 0.0 ], [ 120.17374178695384, 23.803802644723959, 0.0 ], [ 120.173652220466423, 23.803654943777552, 0.0 ], [ 120.173592088756493, 23.803555783141206, 0.0 ], [ 120.17354484847904, 23.80347788181918, 0.0 ], [ 120.173458012763888, 23.803334683820164, 0.0 ], [ 120.173397374626745, 23.803234688951207, 0.0 ], [ 120.172734951694153, 23.802192416503331, 0.0 ], [ 120.172269120956841, 23.80128168695714, 0.0 ], [ 120.172202414496766, 23.801151017989607, 0.0 ], [ 120.171908469902576, 23.800679597744491, 0.0 ], [ 120.171055183812555, 23.799929785257426, 0.0 ], [ 120.17009688026441, 23.79911640831024, 0.0 ], [ 120.168655105686966, 23.797913007142213, 0.0 ], [ 120.164799120090848, 23.794717744186652, 0.0 ], [ 120.162884685286727, 23.791865014607879, 0.0 ], [ 120.162868172112795, 23.791838816246365, 0.0 ], [ 120.162855224503929, 23.79181476645239, 0.0 ], [ 120.162839210420316, 23.791778417811489, 0.0 ], [ 120.162828151427448, 23.791745899392037, 0.0 ], [ 120.162819795696805, 23.791712784513212, 0.0 ], [ 120.162814117206381, 23.791679051938974, 0.0 ], [ 120.162811280562096, 23.791647237116717, 0.0 ], [ 120.162810722812324, 23.791623974808385, 0.0 ], [ 120.162810847270634, 23.791604659054215, 0.0 ], [ 120.162786003140127, 23.791567365494309, 0.0 ], [ 120.162466402322138, 23.791087617168451, 0.0 ], [ 120.161988701921686, 23.790370547968912, 0.0 ], [ 120.160593679630168, 23.788266227280538, 0.0 ], [ 120.160080895815511, 23.78749168174188, 0.0 ], [ 120.160049172078914, 23.787443929350328, 0.0 ], [ 120.159775728974139, 23.787032313452702, 0.0 ], [ 120.151269136988873, 23.781672376028148, 0.0 ], [ 120.150693825754644, 23.781311911244753, 0.0 ], [ 120.150519423905976, 23.781202639513353, 0.0 ], [ 120.150509006747285, 23.781196396767871, 0.0 ], [ 120.150499001544887, 23.781190016329095, 0.0 ], [ 120.150489114103294, 23.781183317678924, 0.0 ], [ 120.15048141475566, 23.781178005968222, 0.0 ], [ 120.150491177629902, 23.781178005798946, 0.0 ], [ 120.150405416830168, 23.781103212135907, 0.0 ], [ 120.150331400005172, 23.780975722941427, 0.0 ], [ 120.150304961318881, 23.780833241299312, 0.0 ], [ 120.150328811419101, 23.780690372744623, 0.0 ], [ 120.150400504541295, 23.780561763794815, 0.0 ], [ 120.150526131738289, 23.780404783768851, 0.0 ], [ 120.150632527089343, 23.780307437321873, 0.0 ], [ 120.150765918513486, 23.780244236228434, 0.0 ], [ 120.150913827340474, 23.780221090556424, 0.0 ], [ 120.151062419849083, 23.780240168014416, 0.0 ], [ 120.151197798509003, 23.780299681348239, 0.0 ], [ 120.151703341101708, 23.780609205953844, 0.0 ], [ 120.16040856074504, 23.779904900589429, 0.0 ], [ 120.160405948296429, 23.779884119313877, 0.0 ], [ 120.160404516365219, 23.779852041529704, 0.0 ], [ 120.160406359816974, 23.779795422750695, 0.0 ], [ 120.160407984399598, 23.77974549018456, 0.0 ], [ 120.160408889367986, 23.779717703485577, 0.0 ], [ 120.160410575057981, 23.779665906573374, 0.0 ], [ 120.160410985063862, 23.779653313397436, 0.0 ], [ 120.160414866816936, 23.779619101528752, 0.0 ], [ 120.160423465604225, 23.779575733964069, 0.0 ], [ 120.16043739138135, 23.779529574634591, 0.0 ], [ 120.160456560915222, 23.779483731123381, 0.0 ], [ 120.160470149743986, 23.779457587578587, 0.0 ], [ 120.160482823575734, 23.779436272720844, 0.0 ], [ 120.160510138260278, 23.779397399314124, 0.0 ], [ 120.160527532636578, 23.779376378005125, 0.0 ], [ 120.160537426171089, 23.77936544308125, 0.0 ], [ 120.160542210914144, 23.779360391397919, 0.0 ], [ 120.160542145979079, 23.779360265657271, 0.0 ], [ 120.160582583887361, 23.77934004659506, 0.0 ], [ 120.160626187366105, 23.779293070658873, 0.0 ], [ 120.160690066564342, 23.77926554763804, 0.0 ], [ 120.16076562030625, 23.779232995903218, 0.0 ], [ 120.160918419204762, 23.779215651330517, 0.0 ], [ 120.162071840852605, 23.779252647226439, 0.0 ], [ 120.162082328934844, 23.779252982745792, 0.0 ], [ 120.162104818195075, 23.779253704177407, 0.0 ], [ 120.162394507135787, 23.779262996353513, 0.0 ], [ 120.162443903535859, 23.777228845796753, 0.0 ], [ 120.162445196373156, 23.777175586726351, 0.0 ], [ 120.162434566008287, 23.777141843398912, 0.0 ], [ 120.162425446741395, 23.777112893075191, 0.0 ], [ 120.162417367437243, 23.777083651416266, 0.0 ], [ 120.162410554733029, 23.777048242786471, 0.0 ], [ 120.162407691828435, 23.777024050899239, 0.0 ], [ 120.162406300181487, 23.777001473572003, 0.0 ], [ 120.16240614955872, 23.776978016566108, 0.0 ], [ 120.162406851305718, 23.776946287555411, 0.0 ], [ 120.162407780513959, 23.776904219146168, 0.0 ], [ 120.162409547105085, 23.77682426554242, 0.0 ], [ 120.162420316472549, 23.776336896512309, 0.0 ], [ 120.162424348640897, 23.776154410634046, 0.0 ], [ 120.162498105297331, 23.773273260697074, 0.0 ], [ 120.162516443595351, 23.773003950789029, 0.0 ], [ 120.162531550057921, 23.772782091903771, 0.0 ], [ 120.162545039146494, 23.772584002272147, 0.0 ], [ 120.162555410166291, 23.772431696134856, 0.0 ], [ 120.162558524089604, 23.772402000575088, 0.0 ], [ 120.162565340412925, 23.772365371474233, 0.0 ], [ 120.162575202666176, 23.772329958997947, 0.0 ], [ 120.162586397519931, 23.772299609697772, 0.0 ], [ 120.162597127759341, 23.77227575529043, 0.0 ], [ 120.162633341986535, 23.772201166845665, 0.0 ], [ 120.162660367653785, 23.772145502797912, 0.0 ], [ 120.16287138690214, 23.771710877932211, 0.0 ], [ 120.162966128211821, 23.771515743140874, 0.0 ], [ 120.163129206721621, 23.771179858325652, 0.0 ], [ 120.164181600710833, 23.768944597721667, 0.0 ], [ 120.164885324613522, 23.767387146362299, 0.0 ], [ 120.165210679626796, 23.766666274037458, 0.0 ], [ 120.165400051681402, 23.766273577650573, 0.0 ], [ 120.16554974281128, 23.765963425473739, 0.0 ], [ 120.165734124427757, 23.765581401028228, 0.0 ], [ 120.165887440052842, 23.765263738402787, 0.0 ], [ 120.165977296746817, 23.765077560662878, 0.0 ], [ 120.165768044243308, 23.764636774068677, 0.0 ], [ 120.165604348324067, 23.764291955120321, 0.0 ], [ 120.165101670477569, 23.763254670141695, 0.0 ], [ 120.164837655072631, 23.762778174682985, 0.0 ], [ 120.164486551320508, 23.762144499074299, 0.0 ], [ 120.163974515187917, 23.761220374356533, 0.0 ], [ 120.163237290469993, 23.759909664322326, 0.0 ], [ 120.162979454007797, 23.759451258890298, 0.0 ], [ 120.162960972356743, 23.75941443641263, 0.0 ], [ 120.162944069340512, 23.759376350558007, 0.0 ], [ 120.162917441041955, 23.759316354573983, 0.0 ], [ 120.162870963095344, 23.759211635708425, 0.0 ], [ 120.162832762347904, 23.759125566679877, 0.0 ], [ 120.162736715268622, 23.758909161618199, 0.0 ], [ 120.162682076367716, 23.758786055824384, 0.0 ], [ 120.162666046594993, 23.758744108840357, 0.0 ], [ 120.162657755843298, 23.758714789333172, 0.0 ], [ 120.162652049380569, 23.758687522686451, 0.0 ], [ 120.162647756948232, 23.758656048380438, 0.0 ], [ 120.162645905367896, 23.758626639641374, 0.0 ], [ 120.162646666343136, 23.758586997589028, 0.0 ], [ 120.162651631792329, 23.758544691904039, 0.0 ], [ 120.162660073524663, 23.758505943702058, 0.0 ], [ 120.162670814476911, 23.758471721396926, 0.0 ], [ 120.162690912974341, 23.758425100987342, 0.0 ], [ 120.162720822334478, 23.758374836066711, 0.0 ], [ 120.162778357445077, 23.758298211285371, 0.0 ], [ 120.162809037265916, 23.758259706596345, 0.0 ], [ 120.162838153031686, 23.758229161222978, 0.0 ], [ 120.162872827881912, 23.758198640387153, 0.0 ], [ 120.162902513848081, 23.758176568262069, 0.0 ], [ 120.162942584154095, 23.758151670789921, 0.0 ], [ 120.162978400019057, 23.758133503618872, 0.0 ], [ 120.16301526848558, 23.758118342168828, 0.0 ], [ 120.163051451192729, 23.758106632822777, 0.0 ], [ 120.163083019632296, 23.758098805185007, 0.0 ], [ 120.163112903178018, 23.758093343631867, 0.0 ], [ 120.163153576226065, 23.758088844754138, 0.0 ], [ 120.163174051086486, 23.758087834735434, 0.0 ], [ 120.16320986780697, 23.758087935118407, 0.0 ], [ 120.163231963054642, 23.758088301403347, 0.0 ], [ 120.16325934739055, 23.758088754039552, 0.0 ], [ 120.163279519539657, 23.758089087689264, 0.0 ], [ 120.163327520011336, 23.758089883020901, 0.0 ], [ 120.163408235060217, 23.758091218956348, 0.0 ], [ 120.163518985824169, 23.758093052543654, 0.0 ], [ 120.16361299606325, 23.758094609176865, 0.0 ], [ 120.163826219059686, 23.758098137432409, 0.0 ], [ 120.16405651977486, 23.758101950220752, 0.0 ], [ 120.164221704063308, 23.758104684830254, 0.0 ], [ 120.164834010616318, 23.758114820557701, 0.0 ], [ 120.16524948193225, 23.758121697157964, 0.0 ], [ 120.165469323925734, 23.758123411511423, 0.0 ], [ 120.16572631831589, 23.7581237742735, 0.0 ], [ 120.165946187872095, 23.75812408415295, 0.0 ], [ 120.166399004071081, 23.758124722777733, 0.0 ], [ 120.166683403756323, 23.758125123955111, 0.0 ], [ 120.166802188155188, 23.758125291290259, 0.0 ], [ 120.166983834781831, 23.758125547134469, 0.0 ], [ 120.16713040870637, 23.758125753956069, 0.0 ], [ 120.167263420292997, 23.758125941026165, 0.0 ], [ 120.167299591158994, 23.758125992805919, 0.0 ], [ 120.167401907986672, 23.758126137301893, 0.0 ], [ 120.167417657871269, 23.758126159132772, 0.0 ], [ 120.16743210661194, 23.758126179651992, 0.0 ], [ 120.167455751848365, 23.75812624345253, 0.0 ], [ 120.170083371739267, 23.758151924914287, 0.0 ], [ 120.170291743083837, 23.758154701904648, 0.0 ], [ 120.170336602993004, 23.758157101672126, 0.0 ], [ 120.170381064938667, 23.75816352862536, 0.0 ], [ 120.170424768130758, 23.758173930611989, 0.0 ], [ 120.170467357936815, 23.758188223224426, 0.0 ], [ 120.171412016830516, 23.758187147946742, 0.0 ], [ 120.171449584483696, 23.758146611791371, 0.0 ], [ 120.171494856062694, 23.758108652973782, 0.0 ], [ 120.171537963893073, 23.758085872824978, 0.0 ], [ 120.171536114831682, 23.757459918229262, 0.0 ], [ 120.1715335026947, 23.75657581755873, 0.0 ], [ 120.17151799049266, 23.756567894537525, 0.0 ], [ 120.171404336851722, 23.756481280644966, 0.0 ], [ 120.171308901413298, 23.756383790396693, 0.0 ], [ 120.171247958370671, 23.756265156322076, 0.0 ], [ 120.171226658239632, 23.756135403129708, 0.0 ], [ 120.171246799436815, 23.756005491356646, 0.0 ], [ 120.171363296032794, 23.755642991252003, 0.0 ], [ 120.171434859055296, 23.75550819399173, 0.0 ], [ 120.171550462689382, 23.755402426747896, 0.0 ], [ 120.171697340028985, 23.755337369580236, 0.0 ], [ 120.171859268061397, 23.755320208857448, 0.0 ], [ 120.172528698143864, 23.755352462730077, 0.0 ], [ 120.172676373656913, 23.755380969766826, 0.0 ], [ 120.172807647087069, 23.75544944632243, 0.0 ], [ 120.172910094201114, 23.755551411461187, 0.0 ], [ 120.172974019294628, 23.755677215868751, 0.0 ], [ 120.172993372905111, 23.755814952112718, 0.0 ], [ 120.172986673042345, 23.756053814985844, 0.0 ], [ 120.172960932006362, 23.756186938599139, 0.0 ], [ 120.172863083305828, 23.756337560075984, 0.0 ], [ 120.172801985539053, 23.75646064379432, 0.0 ], [ 120.17270400145739, 23.756561531660925, 0.0 ], [ 120.172660748803622, 23.756585419628973, 0.0 ], [ 120.17264778173282, 23.75808261980508, 0.0 ], [ 120.172694784161635, 23.758112979907441, 0.0 ], [ 120.172748298584878, 23.758159463783176, 0.0 ], [ 120.172775665126181, 23.758190006783845, 0.0 ], [ 120.173940447782797, 23.758203269841903, 0.0 ], [ 120.175163162729859, 23.758209910069599, 0.0 ], [ 120.176427176913208, 23.758216652434356, 0.0 ], [ 120.177123843821562, 23.758220365393726, 0.0 ], [ 120.177279137053844, 23.758221194000747, 0.0 ], [ 120.177391401073635, 23.758233793311348, 0.0 ], [ 120.177470574854908, 23.758251384956424, 0.0 ], [ 120.177514699513338, 23.758252011152958, 0.0 ], [ 120.177888599714649, 23.758257309413658, 0.0 ], [ 120.177929921923067, 23.758247305013157, 0.0 ], [ 120.177975852491215, 23.758236491350793, 0.0 ], [ 120.178017046731895, 23.758229645185423, 0.0 ], [ 120.178064151959404, 23.75822583119324, 0.0 ], [ 120.178141713934849, 23.758225785018823, 0.0 ], [ 120.178396380864427, 23.758227140036606, 0.0 ], [ 120.179360484042675, 23.758232271087394, 0.0 ], [ 120.179605930353404, 23.758233980003034, 0.0 ], [ 120.179739310769676, 23.758235802903442, 0.0 ], [ 120.179791853429151, 23.758236521756178, 0.0 ], [ 120.179844073341656, 23.758160394703761, 0.0 ], [ 120.179861503224728, 23.758076777540261, 0.0 ], [ 120.179922703841612, 23.757783178789651, 0.0 ], [ 120.180149575444034, 23.756694806466864, 0.0 ], [ 120.180207130142094, 23.756418702890947, 0.0 ], [ 120.180233452809375, 23.756292422867585, 0.0 ], [ 120.180271624143302, 23.756039782566145, 0.0 ], [ 120.18015821797654, 23.755955102502323, 0.0 ], [ 120.18003703118552, 23.755864614276536, 0.0 ], [ 120.180011349873425, 23.7558441175394, 0.0 ], [ 120.17998976659328, 23.755824375240739, 0.0 ], [ 120.179956968482315, 23.755788876889682, 0.0 ], [ 120.179943519825869, 23.755771901355246, 0.0 ], [ 120.1799304614118, 23.755753698309064, 0.0 ], [ 120.179918287427881, 23.755734858898879, 0.0 ], [ 120.179911660692255, 23.755723686581028, 0.0 ], [ 120.17990034421814, 23.755703822234267, 0.0 ], [ 120.17988970981115, 23.755685158052554, 0.0 ], [ 120.179871765693505, 23.75565366379416, 0.0 ], [ 120.179858823270578, 23.755630945781292, 0.0 ], [ 120.179846138704633, 23.755608683734152, 0.0 ], [ 120.179831034607105, 23.755582173583797, 0.0 ], [ 120.179817591435153, 23.755558578203726, 0.0 ], [ 120.179669094176575, 23.755297939094163, 0.0 ], [ 120.179575324968212, 23.755133356839703, 0.0 ], [ 120.179557380991426, 23.755101862557328, 0.0 ], [ 120.179541534205299, 23.755070693582329, 0.0 ], [ 120.179524245426336, 23.755033005582586, 0.0 ], [ 120.179474153765881, 23.754921584078918, 0.0 ], [ 120.179309594828254, 23.754555545495492, 0.0 ], [ 120.179108503836417, 23.754108247641081, 0.0 ], [ 120.179099627472027, 23.754087002762702, 0.0 ], [ 120.179054852124366, 23.753971201826538, 0.0 ], [ 120.178782922393523, 23.753274226976625, 0.0 ], [ 120.178602126148533, 23.7528119766217, 0.0 ], [ 120.178593177769557, 23.752786803573336, 0.0 ], [ 120.178308648751994, 23.751899358127989, 0.0 ], [ 120.178208197939014, 23.75174229298225, 0.0 ], [ 120.178199706996651, 23.751728466551214, 0.0 ], [ 120.178175317875187, 23.751680565823762, 0.0 ], [ 120.178126357899671, 23.751567598850691, 0.0 ], [ 120.178103567084079, 23.751515013497595, 0.0 ], [ 120.178075196130152, 23.751442252471946, 0.0 ], [ 120.178044704102575, 23.75136318653287, 0.0 ], [ 120.177988348047478, 23.751217056002094, 0.0 ], [ 120.177889258193289, 23.750960114607921, 0.0 ], [ 120.177816378893525, 23.750771136700592, 0.0 ], [ 120.177753517907789, 23.750613271889822, 0.0 ], [ 120.177708221641126, 23.750500443989694, 0.0 ], [ 120.177488540799956, 23.749947857176235, 0.0 ], [ 120.176701695847029, 23.747801969079166, 0.0 ], [ 120.176396603658475, 23.746997392423193, 0.0 ], [ 120.176038324059661, 23.746056654635961, 0.0 ], [ 120.175592226032819, 23.744828510933665, 0.0 ], [ 120.17538015688946, 23.744282685848614, 0.0 ], [ 120.175217816355513, 23.743864849189112, 0.0 ], [ 120.174965544445996, 23.743215551905809, 0.0 ], [ 120.174809038008021, 23.742810423454685, 0.0 ], [ 120.174313539797168, 23.741496712816637, 0.0 ], [ 120.174160041359542, 23.740974938767593, 0.0 ], [ 120.174144346114076, 23.740888598933818, 0.0 ], [ 120.174126397606869, 23.740648409086599, 0.0 ], [ 120.174125466404917, 23.740603803448856, 0.0 ], [ 120.174126805072547, 23.740581395101135, 0.0 ], [ 120.17413161808463, 23.740544827626398, 0.0 ], [ 120.17414170573727, 23.740499401920008, 0.0 ], [ 120.174151886877681, 23.74045668455576, 0.0 ], [ 120.174165789403233, 23.74039835502397, 0.0 ], [ 120.174176665833784, 23.740352721724339, 0.0 ], [ 120.174200611449578, 23.740252253509837, 0.0 ], [ 120.174234246684136, 23.740160036411318, 0.0 ], [ 120.174356460453538, 23.739915936733965, 0.0 ], [ 120.174386251389848, 23.739865229804668, 0.0 ], [ 120.174417740682813, 23.739818959095054, 0.0 ], [ 120.174528105960604, 23.73965678464949, 0.0 ], [ 120.174570921127852, 23.739593871152657, 0.0 ], [ 120.17458912914519, 23.739569024089597, 0.0 ], [ 120.174602333686991, 23.739552966230878, 0.0 ], [ 120.174618996456985, 23.739534620577519, 0.0 ], [ 120.174641609576881, 23.739512581467995, 0.0 ], [ 120.174658947491977, 23.739497567597848, 0.0 ], [ 120.174710357816735, 23.739455090707359, 0.0 ], [ 120.174776297858017, 23.739400610776979, 0.0 ], [ 120.174851829546171, 23.73933820527791, 0.0 ], [ 120.17490486180148, 23.739294388863215, 0.0 ], [ 120.17482001023987, 23.73837654233764, 0.0 ], [ 120.174779068763328, 23.738363472493422, 0.0 ], [ 120.174729249590897, 23.738342282826554, 0.0 ], [ 120.17464804777174, 23.73830252850475, 0.0 ], [ 120.17457315868036, 23.738265866086703, 0.0 ], [ 120.174304953784059, 23.738134563666236, 0.0 ], [ 120.174270049475609, 23.738115735086147, 0.0 ], [ 120.174238013050555, 23.738094125068546, 0.0 ], [ 120.174202877339809, 23.738068712927845, 0.0 ], [ 120.1741488781729, 23.738027394612541, 0.0 ], [ 120.174089031521376, 23.737981602059303, 0.0 ], [ 120.174003190859139, 23.737915918235238, 0.0 ], [ 120.173940291801827, 23.737867790048277, 0.0 ], [ 120.1739318315947, 23.737861315892147, 0.0 ], [ 120.173886525802359, 23.737821763902755, 0.0 ], [ 120.173829050640293, 23.737755137736787, 0.0 ], [ 120.173770401614902, 23.737682671583357, 0.0 ], [ 120.173680693179548, 23.73757182554256, 0.0 ], [ 120.173615793491422, 23.737491634102941, 0.0 ], [ 120.173571063062823, 23.73742498742191, 0.0 ], [ 120.173542419079141, 23.737372633004572, 0.0 ], [ 120.173450013476682, 23.737203732169537, 0.0 ], [ 120.1734285498692, 23.737164502574181, 0.0 ], [ 120.173407868207505, 23.737126699714644, 0.0 ], [ 120.173391474144296, 23.737096735098273, 0.0 ], [ 120.17337245761702, 23.737057413991202, 0.0 ], [ 120.173354915940195, 23.737014126252081, 0.0 ], [ 120.173324742269884, 23.736939406649725, 0.0 ], [ 120.173309596303866, 23.736901902716586, 0.0 ], [ 120.173298251117004, 23.736873805713248, 0.0 ], [ 120.17328222175469, 23.736826225315681, 0.0 ], [ 120.173278792525139, 23.736810326195631, 0.0 ], [ 120.173265647118242, 23.736737968659519, 0.0 ], [ 120.173220098380625, 23.736453825950861, 0.0 ], [ 120.173129513078493, 23.735888717702629, 0.0 ], [ 120.173097992581688, 23.735692086503157, 0.0 ], [ 120.173090944548335, 23.735633881806805, 0.0 ], [ 120.173083291137246, 23.735566436947323, 0.0 ], [ 120.173072385928094, 23.735470336499557, 0.0 ], [ 120.173060768261635, 23.73536795777769, 0.0 ], [ 120.173028629384589, 23.735084731880036, 0.0 ], [ 120.173017205292695, 23.734984059738483, 0.0 ], [ 120.173001632506853, 23.734846825837238, 0.0 ], [ 120.172987911358177, 23.734725906227794, 0.0 ], [ 120.172977175957499, 23.734631298027772, 0.0 ], [ 120.172937069243289, 23.734277857108925, 0.0 ], [ 120.172925030778984, 23.734171770382847, 0.0 ], [ 120.172904382346147, 23.734062118227214, 0.0 ], [ 120.17284779086232, 23.733758501169365, 0.0 ], [ 120.172803771211761, 23.733431337468769, 0.0 ], [ 120.172773238454184, 23.733212827569172, 0.0 ], [ 120.172718426398106, 23.732826361773473, 0.0 ], [ 120.172696866387483, 23.732660048571137, 0.0 ], [ 120.172683765841725, 23.732556984769044, 0.0 ], [ 120.172648873231992, 23.732282467319212, 0.0 ], [ 120.172608797088515, 23.732001981466304, 0.0 ], [ 120.172552145665819, 23.731608698705102, 0.0 ], [ 120.172513386748847, 23.731339637474392, 0.0 ], [ 120.172473855239232, 23.731070993502293, 0.0 ], [ 120.172465117584352, 23.731058367215059, 0.0 ], [ 120.172459290815937, 23.731049360921034, 0.0 ], [ 120.172452916356079, 23.73103888704788, 0.0 ], [ 120.172447430980696, 23.731029279609992, 0.0 ], [ 120.172441482573618, 23.731018142966562, 0.0 ], [ 120.172435314283575, 23.731005657556366, 0.0 ], [ 120.172429434286315, 23.730992669307472, 0.0 ], [ 120.172423112651472, 23.730977206411836, 0.0 ], [ 120.17241889951903, 23.730965793765357, 0.0 ], [ 120.172412231635576, 23.730945209095886, 0.0 ], [ 120.172408319630463, 23.730931064640874, 0.0 ], [ 120.172403963757475, 23.730912414846806, 0.0 ], [ 120.172399902700704, 23.730890008777997, 0.0 ], [ 120.172397428170584, 23.730870946667686, 0.0 ], [ 120.172389896282667, 23.730799661119036, 0.0 ], [ 120.172360591016528, 23.730522294669942, 0.0 ], [ 120.172341370301524, 23.730340375597581, 0.0 ], [ 120.172330712858979, 23.730239499954312, 0.0 ], [ 120.172327028615655, 23.730204637090605, 0.0 ], [ 120.172325714434706, 23.730190495950598, 0.0 ], [ 120.172324785685205, 23.730172987371667, 0.0 ], [ 120.172324686522202, 23.730152017497648, 0.0 ], [ 120.172325928503483, 23.730127957597084, 0.0 ], [ 120.172328616324648, 23.730104040578471, 0.0 ], [ 120.172331230553155, 23.730088072440552, 0.0 ], [ 120.17233444374267, 23.730072423019596, 0.0 ], [ 120.172339064011808, 23.730054034953099, 0.0 ], [ 120.172344779125538, 23.730035201224517, 0.0 ], [ 120.172338546395622, 23.72999273860303, 0.0 ], [ 120.172292353141984, 23.729678050188873, 0.0 ], [ 120.172240427695101, 23.729320926354731, 0.0 ], [ 120.172204065680717, 23.729063434026628, 0.0 ], [ 120.171921649491395, 23.727094797829832, 0.0 ], [ 120.171404003970764, 23.723372263786999, 0.0 ], [ 120.171332928614547, 23.722773619170507, 0.0 ], [ 120.171326552401624, 23.722734779294637, 0.0 ], [ 120.171314101198135, 23.72273445123934, 0.0 ], [ 120.171294958857601, 23.722733341890105, 0.0 ], [ 120.171272327236224, 23.722731074833703, 0.0 ], [ 120.171248863519935, 23.722727620181857, 0.0 ], [ 120.171234246833237, 23.722724888808518, 0.0 ], [ 120.171211208645872, 23.722719659478134, 0.0 ], [ 120.171202087836363, 23.722717269659441, 0.0 ], [ 120.171189351466836, 23.7227136232536, 0.0 ], [ 120.171175834617515, 23.722709349756503, 0.0 ], [ 120.171164766458546, 23.722705531718379, 0.0 ], [ 120.17114403758589, 23.722697588373158, 0.0 ], [ 120.171124785895344, 23.722689240661136, 0.0 ], [ 120.171108635847617, 23.722681480393152, 0.0 ], [ 120.171093527396451, 23.722673558685429, 0.0 ], [ 120.171073365327615, 23.722661929016812, 0.0 ], [ 120.171058642676584, 23.722652619986452, 0.0 ], [ 120.171042360244869, 23.722641457526731, 0.0 ], [ 120.171024325912384, 23.722627941739145, 0.0 ], [ 120.1710038432511, 23.722610957908966, 0.0 ], [ 120.17099144875894, 23.722599742060787, 0.0 ], [ 120.170974262730724, 23.722601735216319, 0.0 ], [ 120.170947449878199, 23.722604843656217, 0.0 ], [ 120.17091827058627, 23.722608227362471, 0.0 ], [ 120.170888180330479, 23.722611715325311, 0.0 ], [ 120.170814830183389, 23.722620219991782, 0.0 ], [ 120.170745166232891, 23.722628298425509, 0.0 ], [ 120.170675473821888, 23.72263637811086, 0.0 ], [ 120.170469898938421, 23.722660214493338, 0.0 ], [ 120.170354740364004, 23.722673566262092, 0.0 ], [ 120.169026980043057, 23.722819023526672, 0.0 ], [ 120.167894568571597, 23.722944477032012, 0.0 ], [ 120.167333649740854, 23.72302391721588, 0.0 ], [ 120.167320260155321, 23.723025460591447, 0.0 ], [ 120.167306019551248, 23.723027101182204, 0.0 ], [ 120.167320549918514, 23.723132156108548, 0.0 ], [ 120.167338640900567, 23.723262950893012, 0.0 ], [ 120.167342114936019, 23.723288070043296, 0.0 ], [ 120.167347243796058, 23.723325152508227, 0.0 ], [ 120.167352189531613, 23.723362181076322, 0.0 ], [ 120.167355242406572, 23.723385470340201, 0.0 ], [ 120.167358785780294, 23.723412505887168, 0.0 ], [ 120.167363270845186, 23.723446721011396, 0.0 ], [ 120.167364497746235, 23.723456079059595, 0.0 ], [ 120.167366176351962, 23.723468892071946, 0.0 ], [ 120.167370657281054, 23.72350307192233, 0.0 ], [ 120.169261534811355, 23.737196472172354, 0.0 ], [ 120.169262840174426, 23.737344265803713, 0.0 ], [ 120.169212224558052, 23.737484528754312, 0.0 ], [ 120.169115111905896, 23.737602225267114, 0.0 ], [ 120.168981912079445, 23.737684742113249, 0.0 ], [ 120.168826900623159, 23.737723233601979, 0.0 ], [ 120.168629556026133, 23.737741284285303, 0.0 ], [ 120.16848180076731, 23.73773415118616, 0.0 ], [ 120.16841130380628, 23.737693606218457, 0.0 ], [ 120.16839551100081, 23.73771000594822, 0.0 ], [ 120.168394276260685, 23.737709527549178, 0.0 ], [ 120.168391986831296, 23.737708631811824, 0.0 ], [ 120.168389334161517, 23.737707577795053, 0.0 ], [ 120.168386738254227, 23.7377065284286, 0.0 ], [ 120.168381198698881, 23.737704234697524, 0.0 ], [ 120.168376477641047, 23.737702218598788, 0.0 ], [ 120.168372783224214, 23.737700602176592, 0.0 ], [ 120.16837046926257, 23.737699571515485, 0.0 ], [ 120.168367359549194, 23.737698163459942, 0.0 ], [ 120.168364206672933, 23.737696711292884, 0.0 ], [ 120.168354938705235, 23.737692287889853, 0.0 ], [ 120.168350344904923, 23.737690008785489, 0.0 ], [ 120.168346547402322, 23.737688081815087, 0.0 ], [ 120.168341381089974, 23.737685393307363, 0.0 ], [ 120.168333552773262, 23.73768117589108, 0.0 ], [ 120.168326212522558, 23.737677056768465, 0.0 ], [ 120.168312397772553, 23.737668860564742, 0.0 ], [ 120.168304983659624, 23.737664213022139, 0.0 ], [ 120.16830032534611, 23.737661199896372, 0.0 ], [ 120.168294515753871, 23.73765733987188, 0.0 ], [ 120.168284611092574, 23.737650488777614, 0.0 ], [ 120.168276058119815, 23.737644284288265, 0.0 ], [ 120.168268351878325, 23.73763845722517, 0.0 ], [ 120.168257929648618, 23.73763019775329, 0.0 ], [ 120.168249532814841, 23.737623210941603, 0.0 ], [ 120.168238009350532, 23.737613105506927, 0.0 ], [ 120.168230578274517, 23.737606251015752, 0.0 ], [ 120.168225035029337, 23.737600955466473, 0.0 ], [ 120.168218714168404, 23.737594716078789, 0.0 ], [ 120.16821116131328, 23.737586964967949, 0.0 ], [ 120.168207304692643, 23.73758287630416, 0.0 ], [ 120.168205283250288, 23.737580695791124, 0.0 ], [ 120.168203627185491, 23.737578892004322, 0.0 ], [ 120.16809016127344, 23.737591418287952, 0.0 ], [ 120.168016770088244, 23.737599519484277, 0.0 ], [ 120.167922138157479, 23.737609966759532, 0.0 ], [ 120.16757167518486, 23.737648655277678, 0.0 ], [ 120.166398391398943, 23.737778178396656, 0.0 ], [ 120.166096592253652, 23.737814368071053, 0.0 ], [ 120.164147511571372, 23.738052745954185, 0.0 ], [ 120.16411890701211, 23.738070890113935, 0.0 ], [ 120.164084578364481, 23.738089333511493, 0.0 ], [ 120.164046675381499, 23.738105959518187, 0.0 ], [ 120.164007467898927, 23.738119444308555, 0.0 ], [ 120.163970963937658, 23.738128873216343, 0.0 ], [ 120.163939684247879, 23.738134690526866, 0.0 ], [ 120.16393440068245, 23.738135472570505, 0.0 ], [ 120.163929371027137, 23.738136164512081, 0.0 ], [ 120.163923900160029, 23.73813685828123, 0.0 ], [ 120.163919415311824, 23.738137382430473, 0.0 ], [ 120.16391428186644, 23.738137932577626, 0.0 ], [ 120.163909065099531, 23.738138436972012, 0.0 ], [ 120.163906103576295, 23.738138698479993, 0.0 ], [ 120.163833608762005, 23.738145274418017, 0.0 ], [ 120.163729389089838, 23.73815472897617, 0.0 ], [ 120.162276388839501, 23.738298913186334, 0.0 ], [ 120.160621189723088, 23.738492701564617, 0.0 ], [ 120.157973690467514, 23.738796314233124, 0.0 ], [ 120.156970225204248, 23.73892779699554, 0.0 ], [ 120.156439308265519, 23.738993814518718, 0.0 ], [ 120.156380044045179, 23.738998911579468, 0.0 ], [ 120.156351225402247, 23.738997918780001, 0.0 ], [ 120.156320596055849, 23.73899686360221, 0.0 ], [ 120.156276284138173, 23.738989954815224, 0.0 ], [ 120.156261822862604, 23.738987700119999, 0.0 ], [ 120.156204573039446, 23.738971553436503, 0.0 ], [ 120.156149673165416, 23.738948656679156, 0.0 ], [ 120.15609791589138, 23.738919340433881, 0.0 ], [ 120.156050048494791, 23.738884027971938, 0.0 ], [ 120.156006762090158, 23.738843229138634, 0.0 ], [ 120.155968681650904, 23.738797532992066, 0.0 ], [ 120.155936356987738, 23.738747599298282, 0.0 ], [ 120.15591025527867, 23.73869414974148, 0.0 ], [ 120.155852846897375, 23.738541538270454, 0.0 ], [ 120.155828140059185, 23.738437399397295, 0.0 ], [ 120.155733619915324, 23.737540346554617, 0.0 ], [ 120.155677825112363, 23.737061298148543, 0.0 ], [ 120.155646455485495, 23.736776280649849, 0.0 ], [ 120.155590971587159, 23.736394538151103, 0.0 ], [ 120.15552086829112, 23.735889121437808, 0.0 ], [ 120.15547381965682, 23.735565086650695, 0.0 ], [ 120.155478933283504, 23.735586788516446, 0.0 ], [ 120.155477699054273, 23.735577851774959, 0.0 ], [ 120.15547725183653, 23.735574610777071, 0.0 ], [ 120.155475601180157, 23.735562640277458, 0.0 ], [ 120.155407156548947, 23.735066221184461, 0.0 ], [ 120.155349719004036, 23.734645865491814, 0.0 ], [ 120.155212704767266, 23.733601945099906, 0.0 ], [ 120.155066552379864, 23.732548310621379, 0.0 ], [ 120.154946615837545, 23.731676097917155, 0.0 ], [ 120.154869721491011, 23.731106928529119, 0.0 ], [ 120.154786900598467, 23.730493173765801, 0.0 ], [ 120.154712910059459, 23.729941499573602, 0.0 ], [ 120.154615903010978, 23.729227164070721, 0.0 ], [ 120.154520219228317, 23.728534207019493, 0.0 ], [ 120.154410512880659, 23.727732098469453, 0.0 ], [ 120.154328232759227, 23.727108504535803, 0.0 ], [ 120.15426589093444, 23.726644339310266, 0.0 ], [ 120.154195059992063, 23.726116962597295, 0.0 ], [ 120.154131614770009, 23.72564459223064, 0.0 ], [ 120.154032027153463, 23.724865341654038, 0.0 ], [ 120.153992378940899, 23.724550798722582, 0.0 ], [ 120.153883531081661, 23.723787411435353, 0.0 ], [ 120.153742618340999, 23.722765722173101, 0.0 ], [ 120.153658540819507, 23.722143813333098, 0.0 ], [ 120.153545315403804, 23.721295970340286, 0.0 ], [ 120.153494950300228, 23.720908250005209, 0.0 ], [ 120.153444806908055, 23.720522243987993, 0.0 ], [ 120.153397628963958, 23.720159066329352, 0.0 ], [ 120.153250694284822, 23.719032836457007, 0.0 ], [ 120.153165145796507, 23.718409504226539, 0.0 ], [ 120.153153484120153, 23.718339429424926, 0.0 ], [ 120.153142748596352, 23.718274912144182, 0.0 ], [ 120.153129327770344, 23.718194263711379, 0.0 ], [ 120.153118501100053, 23.718129205054581, 0.0 ], [ 120.153110591194618, 23.718081670763752, 0.0 ], [ 120.153094987395676, 23.718081470030643, 0.0 ], [ 120.153075948882488, 23.718081224088728, 0.0 ], [ 120.153048363227668, 23.718080867660206, 0.0 ], [ 120.153022156339276, 23.718080530302526, 0.0 ], [ 120.152985056309745, 23.718080051880062, 0.0 ], [ 120.152946942054214, 23.718079559281247, 0.0 ], [ 120.152908907166761, 23.718079068134717, 0.0 ], [ 120.152875587795506, 23.718078638560826, 0.0 ], [ 120.152844617364622, 23.718078239609042, 0.0 ], [ 120.152811810527425, 23.718077815851473, 0.0 ], [ 120.152777558238796, 23.718077374488406, 0.0 ], [ 120.152741835042775, 23.718076914147328, 0.0 ], [ 120.152721249199899, 23.718076647783839, 0.0 ], [ 120.152698493746598, 23.718076669062491, 0.0 ], [ 120.152673744082918, 23.718075446959503, 0.0 ], [ 120.152653360353725, 23.718073457822339, 0.0 ], [ 120.152630897150175, 23.718070224635241, 0.0 ], [ 120.152609656101959, 23.718066143042442, 0.0 ], [ 120.152591557151837, 23.718061859403907, 0.0 ], [ 120.152571176512097, 23.718056119512696, 0.0 ], [ 120.15254907553151, 23.718048757720108, 0.0 ], [ 120.152531746264572, 23.718042119183956, 0.0 ], [ 120.152514113885132, 23.718034543680005, 0.0 ], [ 120.152493162299606, 23.718024404392388, 0.0 ], [ 120.152472714438801, 23.718013232893433, 0.0 ], [ 120.1524509600888, 23.717999844244151, 0.0 ], [ 120.152431066901954, 23.717986108118509, 0.0 ], [ 120.152413527317194, 23.717972684292697, 0.0 ], [ 120.152397099087125, 23.717958864884331, 0.0 ], [ 120.152381524398038, 23.717944515183877, 0.0 ], [ 120.152369982467349, 23.717933002331556, 0.0 ], [ 120.152360101975532, 23.717922483957629, 0.0 ], [ 120.15235064118859, 23.71791177747177, 0.0 ], [ 120.152340487753122, 23.717899520361467, 0.0 ], [ 120.152328025162774, 23.717883237066353, 0.0 ], [ 120.152318908302718, 23.717870326686402, 0.0 ], [ 120.152306248350882, 23.717850721253221, 0.0 ], [ 120.152296533341641, 23.717834077030705, 0.0 ], [ 120.152287705161356, 23.717817445534866, 0.0 ], [ 120.152281119615381, 23.717803886858391, 0.0 ], [ 120.152273215334944, 23.717785968266401, 0.0 ], [ 120.152268226516526, 23.71777349493226, 0.0 ], [ 120.152263189287737, 23.717759731030061, 0.0 ], [ 120.152259261407153, 23.717747964044626, 0.0 ], [ 120.152253787512549, 23.717729530673342, 0.0 ], [ 120.152251164360564, 23.71771956565345, 0.0 ], [ 120.152248767942169, 23.717709586760346, 0.0 ], [ 120.152246211888709, 23.717697706963968, 0.0 ], [ 120.152244310383821, 23.717687732675746, 0.0 ], [ 120.152242723458585, 23.717678348101746, 0.0 ], [ 120.152240333673149, 23.717661298224861, 0.0 ], [ 120.152239044306938, 23.717649452593545, 0.0 ], [ 120.152237915868326, 23.717635569369339, 0.0 ], [ 120.152236870275374, 23.717593516962651, 0.0 ], [ 120.152235923744342, 23.71755543107405, 0.0 ], [ 120.152234646585711, 23.717504052454156, 0.0 ], [ 120.152233784991722, 23.71746941027379, 0.0 ], [ 120.152233019012783, 23.717438577512205, 0.0 ], [ 120.152232280595612, 23.717408867068851, 0.0 ], [ 120.152230959023413, 23.717355743093421, 0.0 ], [ 120.152230354086868, 23.71733139236277, 0.0 ], [ 120.152230977299141, 23.717305691551125, 0.0 ], [ 120.152233322858805, 23.717279399741862, 0.0 ], [ 120.152236963700702, 23.717254261727184, 0.0 ], [ 120.152240227939046, 23.717237206805798, 0.0 ], [ 120.152244329033906, 23.717219441688925, 0.0 ], [ 120.152247848539332, 23.717206246959723, 0.0 ], [ 120.152252070255486, 23.717192132881664, 0.0 ], [ 120.152258574151901, 23.717173001416874, 0.0 ], [ 120.152261363435741, 23.717165533150524, 0.0 ], [ 120.152264711053235, 23.717157045414353, 0.0 ], [ 120.152269146846123, 23.717146476698467, 0.0 ], [ 120.152272053602005, 23.717139917610773, 0.0 ], [ 120.152274983283405, 23.717133566520822, 0.0 ], [ 120.15227744894662, 23.717128405406296, 0.0 ], [ 120.152280435729367, 23.717122358608719, 0.0 ], [ 120.152283977238639, 23.717115458335446, 0.0 ], [ 120.152287182933264, 23.717109441743265, 0.0 ], [ 120.152289144715951, 23.717105861555222, 0.0 ], [ 120.152292004934324, 23.71710076727361, 0.0 ], [ 120.15229526400627, 23.717095136130407, 0.0 ], [ 120.152298504890268, 23.717089710422723, 0.0 ], [ 120.152302609403819, 23.717083064195997, 0.0 ], [ 120.152306423648042, 23.717077100328588, 0.0 ], [ 120.152309104900937, 23.717073024382607, 0.0 ], [ 120.15231268423473, 23.717067721332, 0.0 ], [ 120.15231634518716, 23.717062451372378, 0.0 ], [ 120.152317896685858, 23.717059979118851, 0.0 ], [ 120.15232263618725, 23.717050635276369, 0.0 ], [ 120.152434509156492, 23.716947849660972, 0.0 ], [ 120.152576083836962, 23.716883169593132, 0.0 ], [ 120.152732650260987, 23.716863313945673, 0.0 ], [ 120.15409218063796, 23.716894600204231, 0.0 ], [ 120.155546553220418, 23.716914449433485, 0.0 ], [ 120.157781896732416, 23.716923652710079, 0.0 ], [ 120.159121784141121, 23.716945818974807, 0.0 ], [ 120.159944406731285, 23.716935495345012, 0.0 ], [ 120.160918124766596, 23.71696156433643, 0.0 ], [ 120.161948682588275, 23.716961220963814, 0.0 ], [ 120.162846104282465, 23.716966070636492, 0.0 ], [ 120.163828125974263, 23.716956510892391, 0.0 ], [ 120.16422541140912, 23.716956503386886, 0.0 ], [ 120.16470872999389, 23.716992077552057, 0.0 ], [ 120.165170574408847, 23.717092801164267, 0.0 ], [ 120.165547221838224, 23.717244296942297, 0.0 ], [ 120.165931748598496, 23.717470338312076, 0.0 ], [ 120.166035809769269, 23.717552426838111, 0.0 ], [ 120.166353177057772, 23.717884117573611, 0.0 ], [ 120.166408269138188, 23.717954244364027, 0.0 ], [ 120.166638733163296, 23.718330875029171, 0.0 ], [ 120.16678708096471, 23.71872291161834, 0.0 ], [ 120.166828845185947, 23.719011653592144, 0.0 ], [ 120.166805682189107, 23.719264574424319, 0.0 ], [ 120.167174736459756, 23.721968569839998, 0.0 ], [ 120.168574954629477, 23.721822933749031, 0.0 ], [ 120.168556952993569, 23.72173353429999, 0.0 ], [ 120.168560419555575, 23.721591090466195, 0.0 ], [ 120.168611930381914, 23.721456734179707, 0.0 ], [ 120.168706354587954, 23.721343850394721, 0.0 ], [ 120.16883428671207, 23.721263680805368, 0.0 ], [ 120.168982984378161, 23.721224211111938, 0.0 ], [ 120.170141412813962, 23.72109319230027, 0.0 ], [ 120.170134957763111, 23.721045130900634, 0.0 ], [ 120.170141642746856, 23.721093166726991, 0.0 ], [ 120.17015447627756, 23.721091715794234, 0.0 ], [ 120.170168414340708, 23.721090138875365, 0.0 ], [ 120.170923112106024, 23.721006809501223, 0.0 ], [ 120.171023425109283, 23.720823252388769, 0.0 ], [ 120.170904731377604, 23.719977973089808, 0.0 ], [ 120.170793279948697, 23.719101308775873, 0.0 ], [ 120.170595895272498, 23.717739221295531, 0.0 ], [ 120.170524518153897, 23.717194275857953, 0.0 ], [ 120.170494349438158, 23.716969106451494, 0.0 ], [ 120.17040845489916, 23.716406264693735, 0.0 ], [ 120.17039667024811, 23.716336097081207, 0.0 ], [ 120.170393235047499, 23.716311014763129, 0.0 ], [ 120.170360933814194, 23.71600666231604, 0.0 ], [ 120.1703380344495, 23.715790903776128, 0.0 ], [ 120.17031327908191, 23.715634140068133, 0.0 ], [ 120.170272333005158, 23.71537484523402, 0.0 ], [ 120.170125284500813, 23.714243346495955, 0.0 ], [ 120.170058505756828, 23.713788835614562, 0.0 ], [ 120.169941434512424, 23.712989065955714, 0.0 ], [ 120.169847034343647, 23.712319117958558, 0.0 ], [ 120.169742724170163, 23.711597232162951, 0.0 ], [ 120.169738957832323, 23.711558394003262, 0.0 ], [ 120.16973862760014, 23.711525250418291, 0.0 ], [ 120.169739555803602, 23.711494246260337, 0.0 ], [ 120.169740870261634, 23.711450391983835, 0.0 ], [ 120.169730160696517, 23.711373356054722, 0.0 ], [ 120.169718388127293, 23.711288670828612, 0.0 ], [ 120.169707888151464, 23.711212960013214, 0.0 ], [ 120.16969801404953, 23.711134320269444, 0.0 ], [ 120.169681304031855, 23.711001255745213, 0.0 ], [ 120.169669837298514, 23.710909943553492, 0.0 ], [ 120.16965880548247, 23.710822095041713, 0.0 ], [ 120.169639959574042, 23.710672012454797, 0.0 ], [ 120.16962249002944, 23.710574672605073, 0.0 ], [ 120.169597681894928, 23.710436431038559, 0.0 ], [ 120.16957924913612, 23.710333722559326, 0.0 ], [ 120.169562491809714, 23.710204898067808, 0.0 ], [ 120.169543029494378, 23.710049912575311, 0.0 ], [ 120.169522512731035, 23.709886519830786, 0.0 ], [ 120.169507988414196, 23.709770855130579, 0.0 ], [ 120.169490693900755, 23.70967104469209, 0.0 ], [ 120.169459978112798, 23.709493779546975, 0.0 ], [ 120.169439803982925, 23.709377350780262, 0.0 ], [ 120.169424546376561, 23.709289295844439, 0.0 ], [ 120.169375435267227, 23.708895251661396, 0.0 ], [ 120.169226977922293, 23.707875668017568, 0.0 ], [ 120.169172810280713, 23.707542569041454, 0.0 ], [ 120.169163234117221, 23.707446016257691, 0.0 ], [ 120.169154387143365, 23.707344608671026, 0.0 ], [ 120.169149108728405, 23.707284110506475, 0.0 ], [ 120.169144790490179, 23.707234615298738, 0.0 ], [ 120.16914446751862, 23.707166228740114, 0.0 ], [ 120.169149451968622, 23.707102114363195, 0.0 ], [ 120.169154023674722, 23.707043315446878, 0.0 ], [ 120.169159826460657, 23.706968672900487, 0.0 ], [ 120.169164239593044, 23.706911906244798, 0.0 ], [ 120.169168527950276, 23.706876488939962, 0.0 ], [ 120.169175743520285, 23.706841821057722, 0.0 ], [ 120.169184140059599, 23.706812968922819, 0.0 ], [ 120.169196173188951, 23.706776479513241, 0.0 ], [ 120.169205521309038, 23.706748133054948, 0.0 ], [ 120.169219548200601, 23.706705599011975, 0.0 ], [ 120.169245327098849, 23.706627427791162, 0.0 ], [ 120.169267665851592, 23.706559688004077, 0.0 ], [ 120.169291492851883, 23.706487434914333, 0.0 ], [ 120.169302504171185, 23.706454188465916, 0.0 ], [ 120.169324597676734, 23.706390314148859, 0.0 ], [ 120.169355591658302, 23.706300708762477, 0.0 ], [ 120.16936461138603, 23.706274630608405, 0.0 ], [ 120.169387651436253, 23.706220390775364, 0.0 ], [ 120.169411511996344, 23.706179128742825, 0.0 ], [ 120.169448735566888, 23.706122080874717, 0.0 ], [ 120.169495466384191, 23.706050465372378, 0.0 ], [ 120.16953280540676, 23.705993241795927, 0.0 ], [ 120.169573929518478, 23.705930215739173, 0.0 ], [ 120.169587047559929, 23.705910112302046, 0.0 ], [ 120.169612347387201, 23.705875136398291, 0.0 ], [ 120.169630274002415, 23.705854034341439, 0.0 ], [ 120.169700810986086, 23.705775897002198, 0.0 ], [ 120.169781595253056, 23.705686409442777, 0.0 ], [ 120.169796633470682, 23.705669750818238, 0.0 ], [ 120.169805081451813, 23.705660391139038, 0.0 ], [ 120.169811793195194, 23.705652957233799, 0.0 ], [ 120.169818581287686, 23.705645437182017, 0.0 ], [ 120.169826404629333, 23.70563677183425, 0.0 ], [ 120.169833677724199, 23.705628714637399, 0.0 ], [ 120.169839479721972, 23.705622287530925, 0.0 ], [ 120.169843632884039, 23.705617687619693, 0.0 ], [ 120.169833926386076, 23.705625822122233, 0.0 ], [ 120.170046291739695, 23.705443283646687, 0.0 ], [ 120.170047965756993, 23.705425212579559, 0.0 ], [ 120.170059604882098, 23.705417041226511, 0.0 ], [ 120.170085027988179, 23.705399594283232, 0.0 ], [ 120.17016070631631, 23.70534765866849, 0.0 ], [ 120.17025376802097, 23.705283794899479, 0.0 ], [ 120.170311861791987, 23.70524392713158, 0.0 ], [ 120.170344552953779, 23.705223328884539, 0.0 ], [ 120.170426573565777, 23.705181067687491, 0.0 ], [ 120.170529177431575, 23.705129296913888, 0.0 ], [ 120.17062691871601, 23.705079980383296, 0.0 ], [ 120.170656356590925, 23.705066291748913, 0.0 ], [ 120.1706775975466, 23.705057781581008, 0.0 ], [ 120.170742109916418, 23.705033590392272, 0.0 ], [ 120.170793928715256, 23.70501415784971, 0.0 ], [ 120.170837235713378, 23.704997916993431, 0.0 ], [ 120.17086315448762, 23.704988197269028, 0.0 ], [ 120.170875283421779, 23.70494623658449, 0.0 ], [ 120.170926080545541, 23.704770502471568, 0.0 ], [ 120.17095531023574, 23.704669378071877, 0.0 ], [ 120.170977484587638, 23.704592661231477, 0.0 ], [ 120.171003903018814, 23.704501265024266, 0.0 ], [ 120.170992052846827, 23.704479247133989, 0.0 ], [ 120.170978668259295, 23.704449666088824, 0.0 ], [ 120.17096078542842, 23.704395208905922, 0.0 ], [ 120.170952440677993, 23.704353545147246, 0.0 ], [ 120.170947985694738, 23.704297816476316, 0.0 ], [ 120.17095054584307, 23.704246025643332, 0.0 ], [ 120.17096042946639, 23.704191194638913, 0.0 ], [ 120.170967562331043, 23.704166052035379, 0.0 ], [ 120.170978151666873, 23.704132662315725, 0.0 ], [ 120.170993230538912, 23.704092842183645, 0.0 ], [ 120.171014169255045, 23.704050676209327, 0.0 ], [ 120.171038388256434, 23.704012290396193, 0.0 ], [ 120.171067395818127, 23.703975283668587, 0.0 ], [ 120.171096013300385, 23.703945317526994, 0.0 ], [ 120.171131011307125, 23.70391512964779, 0.0 ], [ 120.171163577367565, 23.703892039768068, 0.0 ], [ 120.171200051222058, 23.703870857071781, 0.0 ], [ 120.171209884695386, 23.703842787358962, 0.0 ], [ 120.171217568652978, 23.703820855131383, 0.0 ], [ 120.171233207996366, 23.70378249104472, 0.0 ], [ 120.171252648122277, 23.703745224438379, 0.0 ], [ 120.171273172788347, 23.703713249248281, 0.0 ], [ 120.171295162465981, 23.703684558022317, 0.0 ], [ 120.171327700309021, 23.703649504765131, 0.0 ], [ 120.171357535806578, 23.70362045433053, 0.0 ], [ 120.171345419527938, 23.703587554504406, 0.0 ], [ 120.171335321867673, 23.703550677217564, 0.0 ], [ 120.171327182846767, 23.703501652721307, 0.0 ], [ 120.171324949635519, 23.703443379883904, 0.0 ], [ 120.171328772268922, 23.703397664376055, 0.0 ], [ 120.17133679510836, 23.703355339720318, 0.0 ], [ 120.171353854039353, 23.703301005423064, 0.0 ], [ 120.171379143058061, 23.703247308104114, 0.0 ], [ 120.171401753530859, 23.703211187884406, 0.0 ], [ 120.171444228089626, 23.703159442026863, 0.0 ], [ 120.171493772672434, 23.703115310908185, 0.0 ], [ 120.171528223821966, 23.703087877310764, 0.0 ], [ 120.171568224881881, 23.703058195960026, 0.0 ], [ 120.171595801256103, 23.703041038991579, 0.0 ], [ 120.171617637340319, 23.703029462468194, 0.0 ], [ 120.171669690543339, 23.70300346223333, 0.0 ], [ 120.171715303364408, 23.702983470810942, 0.0 ], [ 120.171762607144501, 23.702967897153904, 0.0 ], [ 120.171811175113831, 23.702956881766358, 0.0 ], [ 120.171860569097035, 23.702950524027894, 0.0 ], [ 120.171910343466493, 23.702948881297313, 0.0 ], [ 120.173804132254247, 23.702973336053581, 0.0 ], [ 120.173863018373652, 23.702977359573545, 0.0 ], [ 120.173921085810392, 23.702987939582066, 0.0 ], [ 120.17397760687534, 23.703004943492903, 0.0 ], [ 120.174024199954076, 23.703021915293402, 0.0 ], [ 120.174073199342104, 23.703041863835406, 0.0 ], [ 120.174119596197045, 23.703067284618065, 0.0 ], [ 120.17416278183822, 23.703097844146122, 0.0 ], [ 120.174202189712503, 23.703133141508275, 0.0 ], [ 120.174237302827748, 23.703172713638558, 0.0 ], [ 120.174267660534554, 23.703216041389364, 0.0 ], [ 120.174312584280798, 23.703311648271061, 0.0 ], [ 120.17432656096554, 23.703362673134016, 0.0 ], [ 120.174387716104249, 23.703679318763726, 0.0 ], [ 120.174686994752335, 23.703628082788065, 0.0 ], [ 120.174796555929731, 23.703620600216908, 0.0 ], [ 120.174930430488587, 23.703601122654419, 0.0 ], [ 120.175110334633516, 23.703571781117002, 0.0 ], [ 120.175167312637711, 23.703565627037467, 0.0 ], [ 120.175370037418332, 23.703554746200805, 0.0 ], [ 120.175426177581784, 23.703554517034231, 0.0 ], [ 120.175482010074191, 23.703560390983199, 0.0 ], [ 120.175536873382796, 23.703572298451967, 0.0 ], [ 120.175590117478876, 23.703590098359332, 0.0 ], [ 120.175641111518061, 23.703613579808824, 0.0 ], [ 120.175689251313855, 23.703642464588558, 0.0 ], [ 120.175733966499223, 23.703676410467185, 0.0 ], [ 120.175798806166497, 23.703733756931303, 0.0 ], [ 120.175846991210932, 23.703794441877069, 0.0 ], [ 120.175947044717489, 23.703839591056031, 0.0 ], [ 120.176024780330707, 23.703885507128767, 0.0 ], [ 120.176074570587232, 23.703919207655211, 0.0 ], [ 120.176107384028427, 23.703947912180535, 0.0 ], [ 120.176236962193542, 23.703984145713903, 0.0 ], [ 120.176282670971958, 23.704000298115059, 0.0 ], [ 120.176368274162286, 23.704045578917111, 0.0 ], [ 120.176443430767648, 23.704106650529599, 0.0 ], [ 120.176927582561689, 23.704047050354315, 0.0 ], [ 120.177145320569466, 23.704024311227464, 0.0 ], [ 120.1776996559813, 23.703851895063984, 0.0 ], [ 120.178085890379052, 23.703807791631814, 0.0 ], [ 120.180392104040195, 23.703446670248152, 0.0 ], [ 120.179594428085139, 23.701027267085205, 0.0 ], [ 120.179113578254288, 23.700931033303192, 0.0 ], [ 120.178527651467576, 23.700711805864294, 0.0 ], [ 120.177260384684459, 23.699988442440912, 0.0 ], [ 120.176730973334543, 23.699683173565145, 0.0 ], [ 120.176466888646999, 23.699530518034436, 0.0 ], [ 120.176165856705282, 23.699337077927133, 0.0 ], [ 120.17613173559424, 23.699313038294825, 0.0 ], [ 120.176123430070646, 23.699306490527668, 0.0 ], [ 120.17602618237467, 23.699228070653724, 0.0 ], [ 120.175816255064277, 23.699058788475014, 0.0 ], [ 120.175745418908335, 23.698996094187606, 0.0 ], [ 120.175562237184835, 23.698831636649874, 0.0 ], [ 120.175545160084283, 23.698815520854925, 0.0 ], [ 120.175521020072281, 23.69878968143577, 0.0 ], [ 120.175244714761419, 23.698470290254896, 0.0 ], [ 120.175114067047232, 23.69831926892649, 0.0 ], [ 120.17510200933404, 23.698304735715418, 0.0 ], [ 120.174995886987688, 23.69817131362376, 0.0 ], [ 120.174447526242091, 23.6974984178594, 0.0 ], [ 120.173850492917083, 23.69676435678414, 0.0 ], [ 120.172998973546825, 23.695735637178657, 0.0 ], [ 120.172748031471343, 23.695417991983351, 0.0 ], [ 120.172467625108567, 23.69505432025667, 0.0 ], [ 120.172223199186917, 23.694719890282798, 0.0 ], [ 120.171919087329954, 23.694286100368991, 0.0 ], [ 120.171732562045477, 23.694028039520525, 0.0 ], [ 120.171550690641652, 23.693852399098336, 0.0 ], [ 120.171502930043189, 23.693798510358835, 0.0 ], [ 120.171405165157367, 23.693668980927345, 0.0 ], [ 120.171104416545177, 23.693218478921175, 0.0 ], [ 120.170685036127225, 23.692615232367665, 0.0 ], [ 120.170355659592246, 23.692177254238359, 0.0 ], [ 120.170016860853124, 23.69167490377027, 0.0 ], [ 120.169863120451367, 23.691349170182278, 0.0 ], [ 120.169832406919198, 23.691250766803329, 0.0 ], [ 120.169792754879694, 23.691033127625147, 0.0 ], [ 120.169628107826924, 23.690782450497188, 0.0 ], [ 120.169270612552822, 23.690285897491385, 0.0 ], [ 120.168869247655934, 23.689723684679471, 0.0 ], [ 120.168646224201652, 23.689412769765685, 0.0 ], [ 120.168226925486422, 23.689004538308733, 0.0 ], [ 120.167566516562104, 23.688435388463763, 0.0 ], [ 120.16736127829536, 23.688252787505984, 0.0 ], [ 120.167112820996138, 23.688046996481557, 0.0 ], [ 120.166795133159013, 23.687785127890731, 0.0 ], [ 120.166643514055224, 23.687682325232473, 0.0 ], [ 120.166505965311472, 23.68757261595665, 0.0 ], [ 120.166453298535458, 23.687522475402211, 0.0 ], [ 120.166345403657758, 23.687402438273537, 0.0 ], [ 120.16600190617639, 23.687109822646864, 0.0 ], [ 120.165672083775732, 23.686820764560771, 0.0 ], [ 120.165316371693194, 23.686490037336867, 0.0 ], [ 120.165089923414712, 23.686270926720635, 0.0 ], [ 120.164494278413841, 23.685608367127095, 0.0 ], [ 120.164222778297827, 23.685308828391616, 0.0 ], [ 120.163967970191635, 23.685024043487502, 0.0 ], [ 120.163741000088052, 23.684821588342743, 0.0 ], [ 120.163395640775207, 23.684416230793435, 0.0 ], [ 120.163068777549469, 23.684053043986982, 0.0 ], [ 120.162837802252838, 23.683780369349975, 0.0 ], [ 120.162806660204737, 23.683734915627049, 0.0 ], [ 120.162667163304477, 23.683501601359417, 0.0 ], [ 120.16242364711934, 23.683084639327728, 0.0 ], [ 120.162218790623328, 23.682690589491422, 0.0 ], [ 120.161881885829601, 23.682034627139448, 0.0 ], [ 120.161463934494208, 23.68115548694232, 0.0 ], [ 120.161369958320691, 23.680956881549438, 0.0 ], [ 120.161291571425267, 23.680975071592293, 0.0 ], [ 120.161243744044185, 23.680984667064482, 0.0 ], [ 120.161192272484726, 23.680989718323588, 0.0 ], [ 120.161143796395621, 23.680989615221566, 0.0 ], [ 120.161089786390988, 23.680983944089188, 0.0 ], [ 120.161033891262221, 23.680971688841169, 0.0 ], [ 120.160975228781666, 23.680951276462512, 0.0 ], [ 120.160921619306421, 23.680924957772167, 0.0 ], [ 120.160893865241945, 23.680908004000294, 0.0 ], [ 120.160870658206335, 23.680891818643264, 0.0 ], [ 120.160844557896851, 23.680871123611446, 0.0 ], [ 120.16082469570479, 23.680853340795132, 0.0 ], [ 120.160795309989652, 23.680823159669444, 0.0 ], [ 120.160769008205719, 23.680791211141685, 0.0 ], [ 120.160746684054132, 23.680759172227464, 0.0 ], [ 120.160724808826188, 23.680721510785986, 0.0 ], [ 120.160718218279911, 23.680708479471662, 0.0 ], [ 120.160704165880318, 23.680676895546128, 0.0 ], [ 120.160692644069826, 23.680651004148334, 0.0 ], [ 120.160680918368115, 23.680620041415128, 0.0 ], [ 120.160670224631389, 23.680582913614565, 0.0 ], [ 120.16066360286068, 23.680549941668176, 0.0 ], [ 120.160660952180336, 23.680530863613622, 0.0 ], [ 120.160658345798169, 23.680497595303397, 0.0 ], [ 120.160658139560695, 23.680468483764297, 0.0 ], [ 120.160660480697146, 23.680433188028875, 0.0 ], [ 120.160666496784955, 23.68039385329195, 0.0 ], [ 120.160674642872053, 23.68036006474739, 0.0 ], [ 120.160691172505921, 23.680312362577194, 0.0 ], [ 120.160704080367594, 23.6802839555113, 0.0 ], [ 120.160721904007303, 23.680251635090151, 0.0 ], [ 120.16073943197793, 23.680225010398892, 0.0 ], [ 120.160760099485827, 23.680198214062166, 0.0 ], [ 120.160783661114195, 23.680172172064658, 0.0 ], [ 120.160804827878877, 23.680151968691295, 0.0 ], [ 120.160828706336332, 23.680132119205098, 0.0 ], [ 120.160860282694514, 23.680109848700738, 0.0 ], [ 120.160889114422474, 23.680092869799644, 0.0 ], [ 120.160921403796308, 23.680077141120311, 0.0 ], [ 120.160961464518167, 23.680061893429698, 0.0 ], [ 120.160956636730219, 23.680043024533749, 0.0 ], [ 120.160952484002408, 23.680022484839196, 0.0 ], [ 120.160948315157796, 23.679991498292338, 0.0 ], [ 120.160946858041783, 23.679969745433255, 0.0 ], [ 120.160946701399737, 23.679943140166309, 0.0 ], [ 120.160948141851989, 23.679918584013986, 0.0 ], [ 120.160950510939486, 23.679898167563064, 0.0 ], [ 120.160954300697838, 23.679876040742336, 0.0 ], [ 120.160939625619633, 23.679848146610887, 0.0 ], [ 120.160921992219841, 23.679814627918176, 0.0 ], [ 120.160907912001079, 23.679787865614177, 0.0 ], [ 120.16081408494388, 23.679583165373245, 0.0 ], [ 120.160743633566838, 23.679422013145146, 0.0 ], [ 120.160714950640084, 23.679356406049756, 0.0 ], [ 120.160705028326419, 23.679331640550757, 0.0 ], [ 120.16067032967608, 23.679236577972468, 0.0 ], [ 120.160603993821354, 23.679054835523864, 0.0 ], [ 120.160523537141827, 23.678834404215756, 0.0 ], [ 120.160509232123175, 23.678801732639045, 0.0 ], [ 120.160478386649459, 23.678731279975072, 0.0 ], [ 120.160451686406816, 23.678670293071377, 0.0 ], [ 120.160342575361213, 23.678421072094924, 0.0 ], [ 120.160316740789355, 23.678362065822338, 0.0 ], [ 120.160311104079881, 23.678348570961823, 0.0 ], [ 120.160274785596059, 23.678257290811814, 0.0 ], [ 120.160241073201576, 23.678172561055423, 0.0 ], [ 120.160209030968929, 23.678092029729108, 0.0 ], [ 120.160193923513191, 23.678054058311602, 0.0 ], [ 120.160131321955475, 23.677899241144356, 0.0 ], [ 120.160100404698071, 23.677823018269411, 0.0 ], [ 120.160056455635015, 23.677714665188098, 0.0 ], [ 120.160015897677866, 23.677614670191758, 0.0 ], [ 120.159965460704314, 23.677490322900557, 0.0 ], [ 120.159934160323189, 23.677413155266667, 0.0 ], [ 120.159716935374419, 23.676875687600049, 0.0 ], [ 120.159465303521813, 23.676251371572395, 0.0 ], [ 120.15921227273401, 23.675699919905295, 0.0 ], [ 120.159106399065024, 23.675534243527068, 0.0 ], [ 120.159018651747189, 23.675396931726365, 0.0 ], [ 120.158749767924775, 23.6749938093376, 0.0 ], [ 120.15873530998617, 23.67497100288341, 0.0 ], [ 120.158681534369094, 23.674880172802375, 0.0 ], [ 120.158555081028496, 23.674666585020418, 0.0 ], [ 120.158268726081602, 23.674201396115222, 0.0 ], [ 120.158003454487627, 23.673784701240375, 0.0 ], [ 120.157994962487948, 23.673770856074494, 0.0 ], [ 120.157981772397335, 23.673746664027359, 0.0 ], [ 120.157970934846418, 23.673723477245058, 0.0 ], [ 120.157956865693265, 23.673686205236152, 0.0 ], [ 120.15794788338863, 23.673654493116093, 0.0 ], [ 120.157942101017767, 23.673626603208103, 0.0 ], [ 120.1579365238088, 23.673593987918249, 0.0 ], [ 120.15792900591353, 23.673550031265169, 0.0 ], [ 120.157920918238474, 23.673502745624546, 0.0 ], [ 120.15791639078364, 23.67347627493757, 0.0 ], [ 120.157911832111409, 23.673440108923032, 0.0 ], [ 120.157910599827261, 23.673417677896744, 0.0 ], [ 120.15791075670181, 23.67338960281154, 0.0 ], [ 120.157913854817167, 23.673352627028745, 0.0 ], [ 120.157920420319456, 23.673315174301646, 0.0 ], [ 120.157926783571199, 23.673290235664183, 0.0 ], [ 120.157938999350577, 23.673254131230408, 0.0 ], [ 120.157950933999714, 23.67322336448871, 0.0 ], [ 120.157971200029479, 23.673171121163126, 0.0 ], [ 120.157990107529741, 23.67312238170377, 0.0 ], [ 120.158004817966372, 23.67308628244751, 0.0 ], [ 120.158020279713952, 23.673055311502591, 0.0 ], [ 120.158036152628284, 23.67302861426549, 0.0 ], [ 120.158044328963484, 23.673016338620982, 0.0 ], [ 120.15806468355882, 23.672989113559829, 0.0 ], [ 120.158087978812247, 23.672962521891058, 0.0 ], [ 120.158106897652061, 23.672943727880806, 0.0 ], [ 120.158131200087652, 23.672920809857033, 0.0 ], [ 120.158117785165516, 23.672911718094159, 0.0 ], [ 120.158100210878771, 23.672899806344503, 0.0 ], [ 120.158086279326696, 23.672890363043972, 0.0 ], [ 120.158056047290785, 23.672867018777023, 0.0 ], [ 120.158031676028742, 23.672848200784689, 0.0 ], [ 120.158019463869351, 23.67283750477333, 0.0 ], [ 120.157987306768334, 23.672809342756462, 0.0 ], [ 120.157973601445775, 23.672795151888575, 0.0 ], [ 120.157946872663416, 23.672766279067837, 0.0 ], [ 120.157925144003471, 23.672742806600297, 0.0 ], [ 120.157896983767202, 23.67271238766682, 0.0 ], [ 120.157875284701888, 23.67268750330965, 0.0 ], [ 120.157865034408275, 23.672675444416928, 0.0 ], [ 120.157844850391498, 23.672647384866131, 0.0 ], [ 120.15782966629061, 23.672624463038858, 0.0 ], [ 120.157807009690075, 23.672590261638721, 0.0 ], [ 120.157786103771883, 23.672558704239918, 0.0 ], [ 120.157768695499541, 23.672532424851283, 0.0 ], [ 120.157750149502618, 23.672504428757698, 0.0 ], [ 120.157725133038326, 23.67246666604029, 0.0 ], [ 120.157701520025086, 23.67243102020149, 0.0 ], [ 120.157633999241639, 23.672329094759334, 0.0 ], [ 120.157428733231228, 23.672019233535874, 0.0 ], [ 120.157288131033425, 23.671810887828993, 0.0 ], [ 120.157221989472561, 23.671714443242987, 0.0 ], [ 120.157146714741543, 23.671604680461371, 0.0 ], [ 120.157122520819726, 23.671569402941429, 0.0 ], [ 120.156951494139207, 23.671310458688367, 0.0 ], [ 120.156845898426241, 23.671150502779764, 0.0 ], [ 120.156699407503083, 23.670928599330356, 0.0 ], [ 120.156628037770702, 23.670822622800586, 0.0 ], [ 120.156533406125618, 23.670682105072672, 0.0 ], [ 120.156292291842533, 23.670324076219341, 0.0 ], [ 120.156064121540567, 23.669996834767293, 0.0 ], [ 120.155936804093812, 23.669814891363838, 0.0 ], [ 120.155820769846173, 23.669649069995096, 0.0 ], [ 120.155655556442184, 23.669408909757802, 0.0 ], [ 120.15554558452331, 23.669249050567206, 0.0 ], [ 120.155453968842593, 23.669115964846473, 0.0 ], [ 120.155379813162057, 23.669008365422648, 0.0 ], [ 120.155316081055474, 23.668915890392039, 0.0 ], [ 120.155232625943853, 23.668794799930414, 0.0 ], [ 120.155101531274539, 23.668604582794725, 0.0 ], [ 120.155046555177464, 23.668532527169063, 0.0 ], [ 120.154996621354343, 23.668467082095553, 0.0 ], [ 120.154959469521572, 23.668418387785088, 0.0 ], [ 120.154928764937139, 23.668394765387678, 0.0 ], [ 120.154883922935014, 23.66835553965517, 0.0 ], [ 120.154862847152671, 23.668333196147891, 0.0 ], [ 120.154805588755806, 23.668268308650347, 0.0 ], [ 120.154768670209563, 23.668229522713261, 0.0 ], [ 120.154738990729214, 23.668198341663864, 0.0 ], [ 120.154711473912784, 23.668166703071673, 0.0 ], [ 120.154673896879643, 23.668111093998217, 0.0 ], [ 120.15465998289379, 23.668084771158636, 0.0 ], [ 120.154627452419817, 23.668017660299025, 0.0 ], [ 120.154586810783002, 23.667933812273983, 0.0 ], [ 120.154554236355438, 23.66786660763762, 0.0 ], [ 120.154544937420695, 23.667846078870866, 0.0 ], [ 120.154505794792712, 23.667781601832584, 0.0 ], [ 120.154447798578971, 23.667686065942963, 0.0 ], [ 120.154401068445139, 23.667609088689623, 0.0 ], [ 120.154367233503848, 23.667553354296668, 0.0 ], [ 120.154351447962284, 23.667525455556465, 0.0 ], [ 120.154331173913164, 23.667479638057323, 0.0 ], [ 120.154317037803466, 23.667433813333449, 0.0 ], [ 120.154307219549864, 23.667377918364242, 0.0 ], [ 120.154305178622479, 23.667317759389899, 0.0 ], [ 120.154307430007265, 23.667287560437373, 0.0 ], [ 120.154315469962498, 23.667240191165135, 0.0 ], [ 120.154330329506791, 23.667190069131198, 0.0 ], [ 120.154341651444028, 23.667162261566027, 0.0 ], [ 120.154361325248814, 23.667123930827632, 0.0 ], [ 120.154363673032861, 23.667105066436193, 0.0 ], [ 120.154364718796486, 23.667097274450089, 0.0 ], [ 120.154368818455268, 23.66707809749726, 0.0 ], [ 120.154361447717605, 23.667056583425499, 0.0 ], [ 120.154338014861978, 23.666988188498618, 0.0 ], [ 120.15429963504549, 23.66687616689364, 0.0 ], [ 120.154260646152338, 23.666762366075655, 0.0 ], [ 120.154227730446195, 23.666666292021656, 0.0 ], [ 120.154197552761715, 23.666578209453405, 0.0 ], [ 120.154119520613989, 23.666358787112859, 0.0 ], [ 120.154080546706695, 23.66624919132726, 0.0 ], [ 120.154031822685937, 23.66611217864039, 0.0 ], [ 120.153948706823897, 23.665878456431638, 0.0 ], [ 120.153941228289625, 23.665855365490408, 0.0 ], [ 120.153917876292837, 23.665775521895402, 0.0 ], [ 120.153841727116131, 23.665515175570473, 0.0 ], [ 120.153777604500249, 23.66529594472205, 0.0 ], [ 120.153720828578855, 23.665116929272294, 0.0 ], [ 120.153653211819517, 23.66490373150884, 0.0 ], [ 120.153608738150709, 23.664763506330011, 0.0 ], [ 120.15360490934728, 23.664750736762187, 0.0 ], [ 120.153555416445286, 23.664575765721509, 0.0 ], [ 120.153492839920503, 23.664354538903517, 0.0 ], [ 120.153428685606116, 23.664376438486951, 0.0 ], [ 120.153348224923732, 23.664403904571824, 0.0 ], [ 120.153281015405412, 23.664426847178433, 0.0 ], [ 120.153173384367122, 23.66447487457685, 0.0 ], [ 120.153015000328935, 23.664545549477445, 0.0 ], [ 120.152895844622734, 23.664598720253302, 0.0 ], [ 120.152721767483015, 23.664676398541808, 0.0 ], [ 120.152667576295428, 23.664700580218195, 0.0 ], [ 120.15264516646431, 23.664709947707582, 0.0 ], [ 120.152607204182303, 23.664724769151405, 0.0 ], [ 120.152555594008007, 23.664744918914312, 0.0 ], [ 120.152488437614295, 23.664771138228325, 0.0 ], [ 120.152410984256946, 23.664801377443709, 0.0 ], [ 120.152325338742273, 23.664834816065536, 0.0 ], [ 120.152281501692215, 23.66485066112698, 0.0 ], [ 120.152228619929971, 23.664863925626541, 0.0 ], [ 120.152185137317744, 23.664870380275079, 0.0 ], [ 120.152133438503625, 23.664873053917905, 0.0 ], [ 120.152072675425671, 23.66486934887682, 0.0 ], [ 120.15204286315182, 23.664864785308279, 0.0 ], [ 120.152002035346683, 23.664855490350238, 0.0 ], [ 120.151963539018922, 23.664843326777653, 0.0 ], [ 120.151924728312267, 23.664827450817931, 0.0 ], [ 120.151888281375619, 23.664808889146272, 0.0 ], [ 120.151850662336003, 23.664785502766669, 0.0 ], [ 120.15181298956638, 23.664757002689708, 0.0 ], [ 120.151776842912028, 23.664723733852945, 0.0 ], [ 120.15175108213559, 23.664695495289831, 0.0 ], [ 120.151715958132684, 23.664648593032833, 0.0 ], [ 120.151695873795376, 23.664615505919862, 0.0 ], [ 120.151677253653048, 23.664578426875995, 0.0 ], [ 120.151661921546804, 23.664540365917549, 0.0 ], [ 120.151643055680253, 23.664478015773614, 0.0 ], [ 120.151620213402495, 23.664402528698577, 0.0 ], [ 120.151602562643049, 23.664344196300647, 0.0 ], [ 120.151573542423563, 23.664248291886107, 0.0 ], [ 120.151527089089583, 23.664094776562244, 0.0 ], [ 120.151460883614334, 23.663856621809082, 0.0 ], [ 120.151352717156826, 23.663466834829364, 0.0 ], [ 120.151288396427319, 23.663235049402193, 0.0 ], [ 120.151210610930363, 23.663010781421342, 0.0 ], [ 120.151119974397758, 23.662749462850609, 0.0 ], [ 120.151085424733452, 23.662649852047643, 0.0 ], [ 120.151014851148418, 23.662458979468386, 0.0 ], [ 120.150959469254701, 23.66230919861168, 0.0 ], [ 120.1509547162281, 23.662295642158814, 0.0 ], [ 120.15088024857954, 23.66207127266841, 0.0 ], [ 120.150844747517382, 23.661964311463855, 0.0 ], [ 120.150820786176524, 23.661892117736777, 0.0 ], [ 120.150774817947436, 23.661753618989906, 0.0 ], [ 120.150736901052383, 23.661639373415642, 0.0 ], [ 120.150656249829822, 23.661396375171016, 0.0 ], [ 120.150547850780086, 23.661431919517145, 0.0 ], [ 120.150306146917302, 23.661512405933458, 0.0 ], [ 120.150112922193912, 23.661576911760953, 0.0 ], [ 120.149502921916465, 23.661780553355573, 0.0 ], [ 120.149452678448043, 23.661795553230878, 0.0 ], [ 120.149400725061923, 23.661805276250103, 0.0 ], [ 120.14934370727461, 23.661809570412043, 0.0 ], [ 120.149277387105357, 23.661806373989396, 0.0 ], [ 120.149204005684737, 23.661792331197013, 0.0 ], [ 120.149145206419234, 23.661772475735965, 0.0 ], [ 120.149089606122274, 23.661745671190136, 0.0 ], [ 120.149026667299381, 23.661703867257582, 0.0 ], [ 120.148969738844357, 23.661652028890888, 0.0 ], [ 120.148918787689453, 23.661588203369131, 0.0 ], [ 120.148887288848186, 23.661534434291781, 0.0 ], [ 120.148870296789255, 23.661497063676208, 0.0 ], [ 120.148840951351517, 23.661414814163415, 0.0 ], [ 120.148790209200456, 23.661272597224901, 0.0 ], [ 120.148745323027796, 23.661146787341856, 0.0 ], [ 120.148692134434313, 23.660997710522718, 0.0 ], [ 120.148668042830749, 23.660974293676809, 0.0 ], [ 120.148640163729738, 23.660942009469679, 0.0 ], [ 120.148612047195783, 23.660901523430308, 0.0 ], [ 120.148582286899568, 23.660843820711754, 0.0 ], [ 120.148546705486496, 23.660745582177519, 0.0 ], [ 120.14851475949466, 23.660655093603896, 0.0 ], [ 120.148483488253305, 23.660566518126796, 0.0 ], [ 120.148313526246483, 23.660085085120095, 0.0 ], [ 120.14826960123446, 23.659960664657703, 0.0 ], [ 120.148228868216719, 23.659845283795665, 0.0 ], [ 120.148196092648035, 23.659747439831268, 0.0 ], [ 120.148173651404676, 23.659680317915772, 0.0 ], [ 120.148100813006067, 23.659462454793964, 0.0 ], [ 120.147984092776113, 23.659113337264767, 0.0 ], [ 120.147837481612541, 23.659157866312952, 0.0 ], [ 120.147510742008606, 23.659257106914467, 0.0 ], [ 120.147196851340667, 23.659352443679598, 0.0 ], [ 120.146867200325772, 23.659452568719065, 0.0 ], [ 120.146679592380423, 23.659509549484071, 0.0 ], [ 120.146629324013901, 23.659523064310108, 0.0 ], [ 120.146558539323081, 23.659532906972281, 0.0 ], [ 120.14651705485808, 23.659533916951759, 0.0 ], [ 120.146466872165291, 23.659530491489523, 0.0 ], [ 120.146430181287741, 23.659524711783192, 0.0 ], [ 120.146394692981005, 23.65951638840691, 0.0 ], [ 120.146357724713582, 23.659504703902535, 0.0 ], [ 120.146320122352392, 23.659489418445709, 0.0 ], [ 120.146274174481675, 23.659465548007443, 0.0 ], [ 120.146238644731326, 23.659442577092353, 0.0 ], [ 120.146202570087254, 23.659414424780021, 0.0 ], [ 120.146174435551814, 23.659388351035243, 0.0 ], [ 120.146134955451032, 23.659343766335429, 0.0 ], [ 120.146105883715947, 23.659302515044875, 0.0 ], [ 120.146078378016398, 23.659252857804383, 0.0 ], [ 120.146057918652957, 23.65920379971082, 0.0 ], [ 120.14605271066425, 23.659188346728438, 0.0 ], [ 120.146039323519673, 23.659137748423156, 0.0 ], [ 120.146028205575632, 23.659095720598248, 0.0 ], [ 120.14601455508847, 23.659035819841492, 0.0 ], [ 120.14601115030284, 23.659007762321814, 0.0 ], [ 120.146010459583238, 23.658947852197155, 0.0 ], [ 120.146015012518816, 23.658907661849732, 0.0 ], [ 120.146021419336691, 23.658876442261015, 0.0 ], [ 120.146037152792076, 23.658826720826063, 0.0 ], [ 120.146017715062996, 23.658801768491838, 0.0 ], [ 120.145994806380202, 23.658766331880297, 0.0 ], [ 120.14596313184272, 23.658697953875031, 0.0 ], [ 120.145946496188287, 23.658651894863496, 0.0 ], [ 120.145927358788001, 23.658598906348896, 0.0 ], [ 120.145906991277272, 23.658542512578531, 0.0 ], [ 120.145884799417729, 23.658481067263764, 0.0 ], [ 120.145841351986107, 23.658360767824533, 0.0 ], [ 120.145813263437219, 23.658366151662488, 0.0 ], [ 120.145771063261051, 23.658371260991249, 0.0 ], [ 120.14571462250143, 23.658372650369287, 0.0 ], [ 120.145670429385575, 23.658369418099177, 0.0 ], [ 120.145629101978713, 23.658362899366619, 0.0 ], [ 120.145578572051974, 23.658350132653919, 0.0 ], [ 120.14552265493802, 23.658329355286231, 0.0 ], [ 120.145470672472754, 23.658302946594269, 0.0 ], [ 120.145430426889504, 23.658276982545754, 0.0 ], [ 120.145398055981275, 23.65825191090304, 0.0 ], [ 120.145369635123018, 23.658227534788061, 0.0 ], [ 120.145346437116174, 23.658207639298535, 0.0 ], [ 120.145317456507144, 23.658182781751055, 0.0 ], [ 120.14528055851207, 23.658148716223579, 0.0 ], [ 120.145244189663174, 23.658105537933452, 0.0 ], [ 120.145215979362376, 23.658061775381132, 0.0 ], [ 120.145193213339709, 23.658014645757575, 0.0 ], [ 120.145177564153585, 23.657969286261483, 0.0 ], [ 120.145169130345437, 23.657933743629524, 0.0 ], [ 120.14516215282805, 23.657877619166573, 0.0 ], [ 120.145163479428049, 23.657811727448898, 0.0 ], [ 120.145171619661767, 23.657760704626508, 0.0 ], [ 120.145187165443119, 23.657707451038096, 0.0 ], [ 120.145213841022198, 23.657648531807396, 0.0 ], [ 120.145260523970876, 23.657580072755628, 0.0 ], [ 120.145347684135743, 23.657473903144908, 0.0 ], [ 120.145469255850159, 23.657325816438103, 0.0 ], [ 120.145599311137801, 23.657167397057929, 0.0 ], [ 120.145765070816481, 23.656965485012091, 0.0 ], [ 120.145897712749672, 23.656803915413818, 0.0 ], [ 120.145951687266063, 23.656738168914938, 0.0 ], [ 120.1459770874133, 23.656707229809612, 0.0 ], [ 120.145979818777562, 23.656703946288967, 0.0 ], [ 120.146010374828549, 23.656666682008773, 0.0 ], [ 120.146074196484108, 23.656588940074624, 0.0 ], [ 120.14611225693686, 23.656548163974076, 0.0 ], [ 120.146176122311715, 23.656496619232243, 0.0 ], [ 120.146236708803343, 23.656462339435326, 0.0 ], [ 120.146302631718612, 23.656435317276397, 0.0 ], [ 120.146847845088558, 23.656258834618573, 0.0 ], [ 120.146865278307317, 23.656252861684251, 0.0 ], [ 120.147841446921007, 23.655937212122684, 0.0 ], [ 120.147329780134854, 23.654575780574003, 0.0 ], [ 120.147318414572695, 23.654540231858718, 0.0 ], [ 120.147312754187823, 23.654516776191642, 0.0 ], [ 120.147302248421241, 23.65446702795019, 0.0 ], [ 120.147265834677071, 23.654371306369672, 0.0 ], [ 120.147218100236685, 23.654296022899182, 0.0 ], [ 120.147145176708449, 23.654181012005083, 0.0 ], [ 120.147123181790761, 23.654142537433458, 0.0 ], [ 120.147106804188709, 23.654105577837342, 0.0 ], [ 120.147092299849831, 23.654060494095109, 0.0 ], [ 120.147081838141361, 23.654004838858434, 0.0 ], [ 120.147079691752509, 23.653931885031096, 0.0 ], [ 120.147060229358516, 23.653890890373628, 0.0 ], [ 120.147046543064292, 23.653862059568876, 0.0 ], [ 120.147031297859556, 23.653825787776025, 0.0 ], [ 120.14701718492627, 23.653779194127747, 0.0 ], [ 120.147010003741983, 23.653742347050219, 0.0 ], [ 120.147003380176301, 23.653697729746046, 0.0 ], [ 120.146995514475137, 23.653644754025887, 0.0 ], [ 120.146988778031158, 23.653599379245502, 0.0 ], [ 120.146976978404126, 23.653528135662032, 0.0 ], [ 120.146968725950799, 23.65347830887843, 0.0 ], [ 120.146939923125814, 23.653432424781197, 0.0 ], [ 120.146918027638975, 23.653397546701544, 0.0 ], [ 120.146868655128586, 23.653320749269522, 0.0 ], [ 120.146789576432823, 23.65322610543846, 0.0 ], [ 120.146715183706036, 23.653137068513601, 0.0 ], [ 120.146620401886111, 23.653065132091609, 0.0 ], [ 120.146278996764721, 23.652988610849643, 0.0 ], [ 120.146243093539027, 23.652979216777094, 0.0 ], [ 120.145883782566614, 23.652871415226834, 0.0 ], [ 120.145854352749595, 23.652861559128645, 0.0 ], [ 120.14581915086039, 23.652847031803542, 0.0 ], [ 120.145794924091021, 23.652835160605303, 0.0 ], [ 120.145768618895929, 23.65282037572727, 0.0 ], [ 120.145746779132935, 23.652806457401752, 0.0 ], [ 120.145702696668124, 23.652776648565276, 0.0 ], [ 120.145647210013351, 23.652739129765326, 0.0 ], [ 120.1456127889291, 23.652715854368793, 0.0 ], [ 120.145566737723399, 23.652684715931716, 0.0 ], [ 120.145525817527457, 23.65265704559458, 0.0 ], [ 120.145497898525775, 23.652638166959758, 0.0 ], [ 120.145423358111941, 23.652575972676217, 0.0 ], [ 120.145413063068574, 23.652565416794051, 0.0 ], [ 120.145400723724549, 23.652552767333688, 0.0 ], [ 120.145385814962026, 23.652537482140517, 0.0 ], [ 120.145377576585304, 23.652529037209703, 0.0 ], [ 120.145369460920321, 23.65252071637784, 0.0 ], [ 120.145362650572167, 23.65251373454905, 0.0 ], [ 120.145349617359955, 23.652500373760326, 0.0 ], [ 120.145332584786317, 23.652482912294243, 0.0 ], [ 120.145321890091665, 23.65247194742771, 0.0 ], [ 120.145310148824294, 23.652459910051149, 0.0 ], [ 120.145188281581952, 23.65233497321622, 0.0 ], [ 120.145100776689034, 23.652245263487131, 0.0 ], [ 120.145087159698107, 23.65223050025951, 0.0 ], [ 120.145083209337756, 23.652226219077516, 0.0 ], [ 120.145055815690668, 23.652194797124864, 0.0 ], [ 120.144960373348169, 23.652085324210582, 0.0 ], [ 120.144828078053749, 23.651926039675502, 0.0 ], [ 120.144819303665656, 23.651915121906754, 0.0 ], [ 120.144794640327461, 23.651880151053696, 0.0 ], [ 120.144730550862661, 23.651779372126072, 0.0 ], [ 120.144722548443326, 23.651766292644403, 0.0 ], [ 120.144716481987572, 23.651755647702242, 0.0 ], [ 120.144680233422648, 23.651689917142772, 0.0 ], [ 120.144664142317708, 23.651660739514274, 0.0 ], [ 120.144644337671423, 23.651619943188315, 0.0 ], [ 120.144626209985233, 23.651567886542733, 0.0 ], [ 120.14460116861396, 23.651477482314618, 0.0 ], [ 120.144559445089769, 23.651394856119829, 0.0 ], [ 120.144434771705065, 23.651147961358141, 0.0 ], [ 120.144416246598112, 23.651111274234253, 0.0 ], [ 120.144404040215733, 23.65108710218605, 0.0 ], [ 120.144398827018705, 23.651076778912433, 0.0 ], [ 120.144381275567795, 23.65104429554729, 0.0 ], [ 120.144363899263467, 23.651012138505827, 0.0 ], [ 120.144257308745324, 23.650814873551589, 0.0 ], [ 120.144195550586034, 23.650700579123775, 0.0 ], [ 120.144093892744451, 23.650507448239676, 0.0 ], [ 120.143812440983112, 23.649971787491758, 0.0 ], [ 120.143646072043381, 23.649714010085788, 0.0 ], [ 120.143565765331715, 23.649630544154693, 0.0 ], [ 120.143535570111496, 23.649595987386576, 0.0 ], [ 120.143515421657213, 23.649568201429961, 0.0 ], [ 120.143499818799015, 23.649543042540895, 0.0 ], [ 120.143484297285696, 23.649513508910822, 0.0 ], [ 120.143470665522074, 23.649481906387894, 0.0 ], [ 120.143460787073451, 23.649453457828123, 0.0 ], [ 120.143444861379209, 23.649401360469344, 0.0 ], [ 120.143415925370761, 23.64930669128163, 0.0 ], [ 120.143407423437267, 23.649274409898201, 0.0 ], [ 120.143403110660657, 23.649252006045547, 0.0 ], [ 120.143399047128511, 23.649219213557195, 0.0 ], [ 120.14339767060531, 23.649192703304365, 0.0 ], [ 120.143397811115648, 23.649170636071887, 0.0 ], [ 120.1433993010385, 23.649146523377663, 0.0 ], [ 120.143403479380055, 23.649100718040341, 0.0 ], [ 120.143430814941112, 23.648801061996362, 0.0 ], [ 120.14343183495113, 23.648641437831468, 0.0 ], [ 120.143429674201826, 23.648413125024923, 0.0 ], [ 120.143421761790165, 23.648208521431318, 0.0 ], [ 120.143414242173591, 23.648014110734529, 0.0 ], [ 120.143407050431662, 23.647923288239593, 0.0 ], [ 120.14339244861732, 23.647738886586509, 0.0 ], [ 120.143304979974488, 23.647585921220784, 0.0 ], [ 120.143187805108397, 23.647381338084625, 0.0 ], [ 120.143085195031887, 23.6472037899097, 0.0 ], [ 120.142937022392189, 23.646947407128014, 0.0 ], [ 120.142916389223416, 23.646907008727098, 0.0 ], [ 120.142858708923569, 23.646777850915928, 0.0 ], [ 120.14284479444531, 23.646742594328067, 0.0 ], [ 120.142797674760445, 23.646605751493535, 0.0 ], [ 120.142510049920929, 23.645764827255949, 0.0 ], [ 120.142469192990788, 23.645643534478133, 0.0 ], [ 120.142447583176477, 23.645578938152919, 0.0 ], [ 120.142420751553686, 23.64550731609846, 0.0 ], [ 120.142392861489498, 23.645432873149254, 0.0 ], [ 120.142322333018456, 23.645274538574629, 0.0 ], [ 120.142300436392802, 23.645213227474454, 0.0 ], [ 120.142264053685508, 23.645079911005297, 0.0 ], [ 120.142239144331597, 23.644988636274753, 0.0 ], [ 120.142190301472397, 23.644817490788373, 0.0 ], [ 120.142115725183771, 23.644493965804461, 0.0 ], [ 120.142112032139394, 23.64447610122464, 0.0 ], [ 120.142082775388189, 23.644317202945931, 0.0 ], [ 120.142045749496674, 23.644119108240631, 0.0 ], [ 120.142026810104426, 23.644024290274022, 0.0 ], [ 120.141987012370251, 23.643825046089866, 0.0 ], [ 120.141968085003896, 23.6437532972291, 0.0 ], [ 120.141945299968384, 23.643666933371016, 0.0 ], [ 120.141904458498743, 23.643519867106395, 0.0 ], [ 120.14183436137138, 23.64327585128499, 0.0 ], [ 120.141784474895658, 23.643102191963447, 0.0 ], [ 120.141730303379305, 23.642913619145286, 0.0 ], [ 120.141639142074837, 23.642640312957415, 0.0 ], [ 120.141589890917544, 23.642479134305493, 0.0 ], [ 120.141503345843489, 23.642195029037481, 0.0 ], [ 120.141430134889546, 23.641954696549504, 0.0 ], [ 120.14130142216608, 23.641518450007514, 0.0 ], [ 120.14128863113261, 23.641460165937335, 0.0 ], [ 120.141251185252599, 23.641178165799069, 0.0 ], [ 120.141247982312279, 23.640918860869576, 0.0 ], [ 120.141249065064471, 23.640883379978938, 0.0 ], [ 120.141254364455662, 23.64084090125122, 0.0 ], [ 120.141267655488605, 23.640786987225436, 0.0 ], [ 120.141299642153186, 23.640686237023466, 0.0 ], [ 120.141345631306095, 23.640541381666459, 0.0 ], [ 120.141365631789668, 23.640490353055416, 0.0 ], [ 120.141391085073238, 23.640443239005855, 0.0 ], [ 120.141427533107276, 23.640392776415506, 0.0 ], [ 120.141471090115488, 23.640347507991681, 0.0 ], [ 120.1415210438645, 23.640308517132411, 0.0 ], [ 120.141556262820487, 23.640229320491841, 0.0 ], [ 120.141590898773515, 23.640151434350614, 0.0 ], [ 120.141602630141264, 23.640125054865496, 0.0 ], [ 120.141622643178039, 23.640069789183858, 0.0 ], [ 120.141634177966012, 23.640037939605612, 0.0 ], [ 120.141656413035093, 23.639988567637406, 0.0 ], [ 120.141687520469773, 23.639937085003094, 0.0 ], [ 120.141724558225064, 23.639890307289285, 0.0 ], [ 120.141768339948953, 23.63984753291059, 0.0 ], [ 120.141823753908398, 23.639806557854318, 0.0 ], [ 120.141885332287089, 23.639773670086797, 0.0 ], [ 120.141936201204999, 23.639754535680744, 0.0 ], [ 120.141994454990595, 23.639738989529157, 0.0 ], [ 120.141977405494217, 23.639636287855165, 0.0 ], [ 120.141941531743683, 23.639420186887811, 0.0 ], [ 120.141901870103325, 23.63914758520972, 0.0 ], [ 120.141869078035953, 23.638913469335797, 0.0 ], [ 120.141830397141916, 23.638637308212513, 0.0 ], [ 120.141817848301685, 23.638547721689445, 0.0 ], [ 120.141814792155984, 23.638516195924169, 0.0 ], [ 120.141778476667355, 23.637895806644096, 0.0 ], [ 120.141778436568757, 23.637847880248824, 0.0 ], [ 120.141784531109693, 23.637740702101198, 0.0 ], [ 120.141788407942045, 23.637672513631209, 0.0 ], [ 120.141788110732136, 23.637584933697532, 0.0 ], [ 120.141787308706853, 23.637348815796116, 0.0 ], [ 120.141786842509646, 23.637211799902882, 0.0 ], [ 120.141786372135812, 23.637073262309439, 0.0 ], [ 120.141775885283792, 23.636946352860743, 0.0 ], [ 120.141763277436567, 23.636793796652039, 0.0 ], [ 120.141728997136511, 23.636568994228611, 0.0 ], [ 120.14161765396841, 23.636184780049732, 0.0 ], [ 120.141566105782445, 23.636074158894285, 0.0 ], [ 120.141499269638189, 23.635930732237256, 0.0 ], [ 120.141350879367451, 23.635636207776468, 0.0 ], [ 120.141294435505074, 23.635511432547194, 0.0 ], [ 120.141228822540938, 23.635364754991237, 0.0 ], [ 120.14115462417486, 23.635198888865578, 0.0 ], [ 120.141140538027571, 23.635163209385585, 0.0 ], [ 120.14108838209178, 23.635011529243034, 0.0 ], [ 120.141031565068701, 23.634846293246405, 0.0 ], [ 120.140956817384335, 23.634628916463537, 0.0 ], [ 120.14094090727896, 23.634568447654015, 0.0 ], [ 120.140920399052774, 23.634457625479268, 0.0 ], [ 120.140867205292238, 23.634170174271194, 0.0 ], [ 120.140843007498233, 23.633965348753211, 0.0 ], [ 120.140829264767945, 23.633843783424744, 0.0 ], [ 120.140753512562711, 23.633173682342576, 0.0 ], [ 120.140735797297893, 23.633016976952742, 0.0 ], [ 120.140699006404361, 23.632695442910496, 0.0 ], [ 120.140652688278465, 23.632290652244279, 0.0 ], [ 120.140616030086449, 23.631970278551563, 0.0 ], [ 120.140544563633043, 23.631900213802883, 0.0 ], [ 120.140504546551469, 23.63185525201661, 0.0 ], [ 120.140478642344178, 23.63181830758916, 0.0 ], [ 120.140438052648264, 23.631753721116276, 0.0 ], [ 120.140424616445188, 23.631730931416175, 0.0 ], [ 120.140412408817241, 23.631706916217496, 0.0 ], [ 120.140396840445064, 23.631669146235513, 0.0 ], [ 120.140384272803402, 23.631627351391817, 0.0 ], [ 120.14037539253728, 23.631579730322215, 0.0 ], [ 120.140345733931539, 23.631337292374472, 0.0 ], [ 120.140329633747768, 23.631205680188462, 0.0 ], [ 120.140285643631131, 23.630835261860764, 0.0 ], [ 120.140237172265614, 23.630345982361888, 0.0 ], [ 120.140215511302785, 23.63012733212177, 0.0 ], [ 120.140189277675958, 23.629862532836714, 0.0 ], [ 120.140169552076472, 23.629663413276244, 0.0 ], [ 120.140146294350288, 23.629475646125204, 0.0 ], [ 120.140135999415961, 23.62939252334067, 0.0 ], [ 120.140133218303831, 23.629323614619441, 0.0 ], [ 120.140143900482343, 23.629073093476087, 0.0 ], [ 120.140153870791977, 23.628998523033236, 0.0 ], [ 120.140176518702205, 23.628927952610677, 0.0 ], [ 120.140200495288227, 23.628870839558065, 0.0 ], [ 120.140240607697223, 23.628775291412158, 0.0 ], [ 120.140266772020226, 23.628719554407294, 0.0 ], [ 120.140294731860394, 23.628661337044814, 0.0 ], [ 120.140320020008616, 23.628608683964487, 0.0 ], [ 120.14034441656915, 23.628564693810382, 0.0 ], [ 120.140385277484469, 23.628509519386096, 0.0 ], [ 120.14043437302746, 23.628460809857557, 0.0 ], [ 120.140474265591934, 23.628426619708904, 0.0 ], [ 120.140516030611252, 23.628390826041844, 0.0 ], [ 120.14056682478666, 23.628347292067399, 0.0 ], [ 120.140609593729891, 23.628314972575634, 0.0 ], [ 120.140651693047403, 23.628289306613826, 0.0 ], [ 120.140710823409677, 23.628261717452784, 0.0 ], [ 120.140782175911568, 23.628239567452543, 0.0 ], [ 120.140841480911959, 23.628229366394265, 0.0 ], [ 120.140921473971744, 23.628226603535179, 0.0 ], [ 120.140898034823863, 23.628145652545783, 0.0 ], [ 120.140680940989569, 23.627384355663917, 0.0 ], [ 120.140610768099023, 23.627135878184422, 0.0 ], [ 120.140498601938134, 23.626738705739772, 0.0 ], [ 120.140316264476951, 23.626160581076796, 0.0 ], [ 120.140271128906647, 23.626052871306662, 0.0 ], [ 120.140216167871102, 23.625921713738293, 0.0 ], [ 120.140166295179668, 23.625802701152196, 0.0 ], [ 120.140140105929831, 23.625740202505916, 0.0 ], [ 120.140126272536662, 23.625702268696585, 0.0 ], [ 120.139727217547801, 23.624431420824152, 0.0 ], [ 120.139716700490425, 23.624391347869025, 0.0 ], [ 120.139706036179717, 23.624340697560033, 0.0 ], [ 120.13968571282588, 23.624244162656204, 0.0 ], [ 120.139635522390194, 23.624005765416346, 0.0 ], [ 120.139628432272588, 23.623959266677595, 0.0 ], [ 120.139608231294432, 23.623747213540781, 0.0 ], [ 120.139580351497301, 23.623454543377623, 0.0 ], [ 120.139562927626088, 23.623271647217944, 0.0 ], [ 120.139554442383528, 23.623182568782088, 0.0 ], [ 120.139521270863597, 23.622937115653695, 0.0 ], [ 120.139481679360728, 23.622644171656617, 0.0 ], [ 120.139454353131754, 23.62244196965182, 0.0 ], [ 120.139427463065971, 23.622243002142831, 0.0 ], [ 120.139413759054008, 23.622141260960095, 0.0 ], [ 120.139356738344731, 23.621665735653465, 0.0 ], [ 120.137207381568658, 23.621644636684298, 0.0 ], [ 120.137118995610464, 23.621639193548933, 0.0 ], [ 120.137055655181967, 23.621624751862527, 0.0 ], [ 120.136994877173422, 23.621601751199449, 0.0 ], [ 120.136904830367286, 23.621547519578851, 0.0 ], [ 120.136823201419404, 23.621467618239116, 0.0 ], [ 120.136759738444823, 23.621362940174979, 0.0 ], [ 120.136720509700282, 23.621201542379453, 0.0 ], [ 120.136716800066822, 23.621016874217243, 0.0 ], [ 120.136711891354977, 23.620772498713251, 0.0 ], [ 120.134864110800223, 23.620766527621893, 0.0 ], [ 120.134780657580578, 23.620761705016971, 0.0 ], [ 120.134718669529107, 23.620748301825387, 0.0 ], [ 120.134655563277192, 23.620725206742204, 0.0 ], [ 120.134586403649124, 23.62068695417431, 0.0 ], [ 120.134508026193998, 23.62062138309474, 0.0 ], [ 120.134489033586547, 23.620600429819511, 0.0 ], [ 120.134469692020303, 23.62057620394134, 0.0 ], [ 120.134452980070378, 23.620552307333945, 0.0 ], [ 120.134439326571652, 23.620530143190049, 0.0 ], [ 120.134426353286827, 23.620506158635425, 0.0 ], [ 120.134415957875504, 23.620484160292015, 0.0 ], [ 120.134405418467736, 23.620458247846472, 0.0 ], [ 120.134395957507209, 23.620430219109799, 0.0 ], [ 120.134388240078025, 23.62040155835248, 0.0 ], [ 120.134382736732164, 23.620374812104419, 0.0 ], [ 120.134378851690727, 23.620348371928142, 0.0 ], [ 120.134377192572188, 23.620328071990937, 0.0 ], [ 120.134327885583971, 23.620328329520618, 0.0 ], [ 120.134224153232012, 23.620328870873518, 0.0 ], [ 120.13418239792793, 23.620329090127456, 0.0 ], [ 120.134147100632035, 23.620328127318281, 0.0 ], [ 120.134130671747457, 23.620326867033061, 0.0 ], [ 120.134097282829302, 23.620322694088728, 0.0 ], [ 120.134060062631178, 23.620315440485541, 0.0 ], [ 120.134028450453769, 23.620307040559595, 0.0 ], [ 120.134010807956756, 23.620301417703629, 0.0 ], [ 120.13398349724001, 23.620291328368939, 0.0 ], [ 120.133949579851659, 23.620276742496195, 0.0 ], [ 120.133914464585928, 23.620261345690398, 0.0 ], [ 120.133877603914584, 23.620245182882936, 0.0 ], [ 120.133836352979159, 23.620227096012645, 0.0 ], [ 120.133789086696524, 23.620206370942263, 0.0 ], [ 120.133742892541932, 23.620186115121403, 0.0 ], [ 120.133698147884132, 23.620166496171773, 0.0 ], [ 120.133651203759626, 23.62014591239247, 0.0 ], [ 120.133575711896583, 23.62011281116704, 0.0 ], [ 120.133538241047503, 23.620096380695443, 0.0 ], [ 120.133517670116817, 23.620086881562621, 0.0 ], [ 120.133495562374037, 23.620075313463619, 0.0 ], [ 120.133468891695529, 23.620059315470453, 0.0 ], [ 120.133453559917697, 23.620049011581695, 0.0 ], [ 120.133430624510879, 23.620031911186821, 0.0 ], [ 120.133403636678509, 23.620008842544525, 0.0 ], [ 120.133382250487529, 23.61998788912668, 0.0 ], [ 120.133368503875886, 23.619972935970647, 0.0 ], [ 120.133350181714249, 23.619950848793767, 0.0 ], [ 120.133333716504808, 23.61994455721744, 0.0 ], [ 120.133315609395581, 23.619938413980911, 0.0 ], [ 120.133292825432463, 23.619929519197193, 0.0 ], [ 120.133274551804334, 23.619921397303777, 0.0 ], [ 120.133254979236398, 23.619911662993523, 0.0 ], [ 120.133237151904822, 23.619901803007807, 0.0 ], [ 120.133226286146382, 23.619895298161588, 0.0 ], [ 120.133212311877855, 23.619886347829521, 0.0 ], [ 120.133201409297158, 23.619878880235337, 0.0 ], [ 120.1331858487125, 23.619867435844657, 0.0 ], [ 120.133171540126554, 23.619856026331682, 0.0 ], [ 120.133162751165386, 23.619848563515887, 0.0 ], [ 120.13315403834109, 23.619840797964653, 0.0 ], [ 120.133144241122636, 23.619831598146355, 0.0 ], [ 120.133133736681529, 23.619821140703966, 0.0 ], [ 120.133124888465531, 23.619811811322066, 0.0 ], [ 120.133118288873902, 23.619804518038762, 0.0 ], [ 120.133110291187663, 23.619795263043237, 0.0 ], [ 120.133101912138031, 23.619785034418516, 0.0 ], [ 120.13309295668067, 23.619773433263294, 0.0 ], [ 120.133085677386688, 23.619763438862957, 0.0 ], [ 120.133078221269884, 23.619752613600351, 0.0 ], [ 120.133071088128403, 23.619741620125939, 0.0 ], [ 120.133065512922798, 23.619732939683807, 0.0 ], [ 120.133059208261315, 23.619723123044558, 0.0 ], [ 120.133050258577654, 23.619709188127523, 0.0 ], [ 120.133041172504804, 23.61969503950338, 0.0 ], [ 120.133035987431626, 23.619686885211383, 0.0 ], [ 120.133029639768424, 23.619676299748193, 0.0 ], [ 120.133024117833301, 23.619666477724099, 0.0 ], [ 120.133018086696993, 23.619654985684427, 0.0 ], [ 120.133013006509586, 23.619644578884586, 0.0 ], [ 120.133009601639401, 23.619637166870827, 0.0 ], [ 120.133005782302902, 23.619628367270849, 0.0 ], [ 120.133000313691909, 23.619614702481922, 0.0 ], [ 120.132996311796077, 23.619603716357549, 0.0 ], [ 120.132993274513737, 23.619594672198691, 0.0 ], [ 120.132989617068802, 23.61958275654942, 0.0 ], [ 120.13298733686905, 23.619574614448567, 0.0 ], [ 120.132985069954302, 23.619565817377946, 0.0 ], [ 120.13298159329905, 23.619550457518784, 0.0 ], [ 120.132979676639678, 23.619540599265537, 0.0 ], [ 120.132977501108812, 23.619527470978959, 0.0 ], [ 120.132975956807044, 23.619516076334286, 0.0 ], [ 120.132974451495656, 23.619501631958286, 0.0 ], [ 120.132973590024548, 23.619489736415424, 0.0 ], [ 120.132973044262698, 23.619477106658994, 0.0 ], [ 120.132972880392217, 23.619466820537315, 0.0 ], [ 120.132973052643919, 23.619453198670513, 0.0 ], [ 120.132977329159985, 23.619404347764625, 0.0 ], [ 120.132987722271082, 23.619354513592462, 0.0 ], [ 120.133003997485943, 23.619306491499319, 0.0 ], [ 120.133025932768177, 23.619260776777494, 0.0 ], [ 120.133069230880537, 23.61918218068412, 0.0 ], [ 120.133101076462111, 23.619135061986952, 0.0 ], [ 120.133137970684388, 23.619091782417303, 0.0 ], [ 120.133179454863352, 23.619052880390846, 0.0 ], [ 120.133225012989328, 23.619018839798759, 0.0 ], [ 120.133274078378236, 23.618990084062162, 0.0 ], [ 120.133326040719098, 23.618966970865436, 0.0 ], [ 120.133380253668278, 23.618949787707123, 0.0 ], [ 120.133392580607037, 23.618947348493663, 0.0 ], [ 120.133407170871905, 23.618944461420845, 0.0 ], [ 120.133416912482943, 23.618942533783429, 0.0 ], [ 120.13342624192876, 23.618940687703866, 0.0 ], [ 120.133436042885236, 23.618938748323465, 0.0 ], [ 120.133022236349333, 23.616304936603829, 0.0 ], [ 120.132998104676744, 23.616308521622528, 0.0 ], [ 120.132971782606518, 23.616310736197168, 0.0 ], [ 120.132947445856857, 23.616311512783756, 0.0 ], [ 120.132916209557237, 23.616310727739194, 0.0 ], [ 120.132887862719812, 23.616308275038033, 0.0 ], [ 120.132864968306748, 23.616305066660484, 0.0 ], [ 120.132832440889487, 23.616298578292081, 0.0 ], [ 120.132798006099719, 23.616289138673398, 0.0 ], [ 120.132766287820886, 23.616277967734355, 0.0 ], [ 120.132734539437237, 23.616264221398207, 0.0 ], [ 120.132706201308451, 23.61624958506556, 0.0 ], [ 120.13267971291755, 23.616233665276656, 0.0 ], [ 120.132654910519904, 23.616216560084709, 0.0 ], [ 120.132632384950355, 23.616198933825014, 0.0 ], [ 120.132608333474735, 23.616177570974646, 0.0 ], [ 120.132585599099997, 23.616154511404389, 0.0 ], [ 120.132571073147645, 23.616138035722443, 0.0 ], [ 120.132554888631105, 23.616117753310583, 0.0 ], [ 120.132536075572787, 23.616091025372178, 0.0 ], [ 120.132522997544214, 23.616069904212011, 0.0 ], [ 120.132507492741837, 23.616041213130547, 0.0 ], [ 120.132496034696118, 23.616016495674018, 0.0 ], [ 120.132483096180593, 23.615983076909707, 0.0 ], [ 120.132475171827508, 23.615957962709412, 0.0 ], [ 120.13246960347837, 23.615936697013709, 0.0 ], [ 120.132464469835867, 23.615909952151892, 0.0 ], [ 120.132458172611081, 23.615877135411122, 0.0 ], [ 120.132437015617569, 23.615766895451394, 0.0 ], [ 120.132433441644096, 23.615737929493235, 0.0 ], [ 120.132431711271082, 23.61570818627504, 0.0 ], [ 120.132431953548206, 23.615677766555649, 0.0 ], [ 120.132434419714713, 23.615645657862007, 0.0 ], [ 120.132438984775916, 23.615614676392365, 0.0 ], [ 120.132440443607905, 23.615607055575445, 0.0 ], [ 120.132441331178455, 23.61560272915321, 0.0 ], [ 120.132442222435856, 23.615598593226952, 0.0 ], [ 120.132443165939975, 23.615594396896729, 0.0 ], [ 120.132443324811632, 23.615593713031181, 0.0 ], [ 120.132443334546082, 23.615593670793682, 0.0 ], [ 120.132435040692116, 23.615593980424219, 0.0 ], [ 120.132449664984804, 23.615579176356693, 0.0 ], [ 120.13247914913434, 23.615490310767676, 0.0 ], [ 120.132567203894453, 23.615374515367954, 0.0 ], [ 120.132689811178793, 23.615289495927549, 0.0 ], [ 120.132834946936441, 23.615243593005193, 0.0 ], [ 120.134008089006684, 23.615054244645272, 0.0 ], [ 120.134139611098021, 23.6150495534018, 0.0 ], [ 120.134938618045254, 23.615115147473851, 0.0 ], [ 120.13493615294513, 23.615120361716741, 0.0 ], [ 120.135601394542761, 23.615179316204294, 0.0 ], [ 120.136018445404531, 23.614610708033034, 0.0 ], [ 120.136047006636474, 23.614571767199749, 0.0 ], [ 120.136054329643372, 23.61456178266334, 0.0 ], [ 120.136063166683286, 23.614549734985623, 0.0 ], [ 120.136071494036997, 23.614538380042543, 0.0 ], [ 120.136075415584216, 23.614533837960636, 0.0 ], [ 120.136070609551254, 23.614533698673455, 0.0 ], [ 120.136151217233575, 23.614429684565742, 0.0 ], [ 120.136261315716112, 23.614322609440219, 0.0 ], [ 120.136402995191389, 23.614253949337954, 0.0 ], [ 120.136561129501416, 23.614231035721531, 0.0 ], [ 120.137047094941806, 23.614234670568944, 0.0 ], [ 120.137418349806765, 23.613735627617618, 0.0 ], [ 120.137656831248194, 23.613344571753348, 0.0 ], [ 120.137768035780766, 23.613220666945633, 0.0 ], [ 120.137919310434043, 23.613140531938967, 0.0 ], [ 120.138091469672702, 23.61311433039489, 0.0 ], [ 120.139357167680814, 23.613132187104419, 0.0 ], [ 120.139379237868852, 23.613101464082057, 0.0 ], [ 120.139530915421091, 23.612917464672044, 0.0 ], [ 120.139633636244071, 23.612824935406913, 0.0 ], [ 120.140255300607805, 23.612409959665882, 0.0 ], [ 120.140256090656749, 23.612409434534275, 0.0 ], [ 120.140794394078497, 23.612051802397581, 0.0 ], [ 120.140831973616201, 23.610840807444376, 0.0 ], [ 120.140847518232277, 23.610081190555018, 0.0 ], [ 120.140849758729843, 23.609275739201205, 0.0 ], [ 120.140881571258106, 23.607515414857147, 0.0 ], [ 120.140801023053896, 23.606271899845609, 0.0 ], [ 120.14062457566709, 23.603947639755265, 0.0 ], [ 120.1405428379733, 23.602741596335509, 0.0 ], [ 120.14054408338157, 23.602315022678713, 0.0 ], [ 120.140547014175937, 23.601732570309903, 0.0 ], [ 120.140548579865055, 23.601407066968108, 0.0 ], [ 120.140548462661897, 23.600125026614968, 0.0 ], [ 120.140549882040347, 23.599984741910735, 0.0 ], [ 120.140554191464417, 23.599568153073029, 0.0 ], [ 120.140555431986442, 23.599448157921387, 0.0 ], [ 120.14055647274769, 23.599347613515903, 0.0 ], [ 120.140556997713375, 23.599296836444843, 0.0 ], [ 120.140556481648233, 23.599200384193669, 0.0 ], [ 120.140555864179348, 23.599084999999349, 0.0 ], [ 120.140555081248323, 23.598938786744018, 0.0 ], [ 120.140554390022217, 23.598809739947825, 0.0 ], [ 120.140553797226872, 23.598698949059699, 0.0 ], [ 120.140553351129498, 23.598615563678983, 0.0 ], [ 120.140553069940225, 23.598563032618959, 0.0 ], [ 120.140552747520601, 23.598502833103542, 0.0 ], [ 120.140557097490415, 23.598442993146513, 0.0 ], [ 120.140559837575921, 23.598424445686963, 0.0 ], [ 120.140567436184966, 23.598372990312416, 0.0 ], [ 120.140572907575716, 23.598335938550616, 0.0 ], [ 120.140586543002797, 23.598243622421968, 0.0 ], [ 120.140592850220415, 23.598200906585959, 0.0 ], [ 120.1405956696224, 23.598181817276984, 0.0 ], [ 120.140604617571086, 23.598137860418181, 0.0 ], [ 120.140618225365444, 23.598094795362137, 0.0 ], [ 120.140634259363893, 23.598057533002393, 0.0 ], [ 120.140672703325009, 23.597990879195301, 0.0 ], [ 120.140712255091344, 23.597926020115409, 0.0 ], [ 120.140751237143959, 23.59786209544896, 0.0 ], [ 120.140775784580597, 23.597821841088177, 0.0 ], [ 120.140792075883283, 23.597797090384148, 0.0 ], [ 120.140829518107836, 23.59775069197762, 0.0 ], [ 120.140855119305812, 23.597724970226672, 0.0 ], [ 120.140881059679074, 23.597702618362664, 0.0 ], [ 120.140977634839047, 23.59762508360004, 0.0 ], [ 120.141066943109109, 23.597553383164751, 0.0 ], [ 120.141122461990705, 23.597508809549907, 0.0 ], [ 120.141144473196178, 23.59749228403226, 0.0 ], [ 120.141168004755997, 23.597476550041083, 0.0 ], [ 120.141194461658444, 23.597460990873941, 0.0 ], [ 120.141228785211879, 23.597443815833039, 0.0 ], [ 120.141258124742677, 23.597431574126318, 0.0 ], [ 120.141302950779405, 23.59741682354267, 0.0 ], [ 120.141347929472005, 23.597406457429006, 0.0 ], [ 120.141387331389311, 23.597400811568185, 0.0 ], [ 120.141444800930245, 23.597394614965964, 0.0 ], [ 120.141498350852459, 23.597388842518942, 0.0 ], [ 120.141551780050733, 23.597383082269431, 0.0 ], [ 120.141641551521545, 23.597373403069962, 0.0 ], [ 120.141670645650109, 23.597371074412283, 0.0 ], [ 120.141745896392479, 23.597370037238221, 0.0 ], [ 120.141817840978931, 23.597369586230997, 0.0 ], [ 120.141938874695981, 23.597368826336979, 0.0 ], [ 120.142017686854217, 23.597368438545999, 0.0 ], [ 120.142148985989863, 23.597370243849333, 0.0 ], [ 120.142280306659075, 23.597372050340798, 0.0 ], [ 120.14251111795096, 23.597375224885674, 0.0 ], [ 120.142931101683374, 23.597381001265976, 0.0 ], [ 120.143354871649166, 23.597381850825823, 0.0 ], [ 120.143515144369388, 23.597380163144898, 0.0 ], [ 120.143622837402134, 23.59739004602805, 0.0 ], [ 120.143716068417078, 23.597408353801701, 0.0 ], [ 120.143802286047233, 23.597425284265828, 0.0 ], [ 120.143880523707566, 23.597447073122371, 0.0 ], [ 120.143950269652777, 23.597478626026128, 0.0 ], [ 120.144027354689754, 23.597520797510221, 0.0 ], [ 120.144091690308713, 23.597555995289873, 0.0 ], [ 120.144167956630511, 23.597597719341632, 0.0 ], [ 120.144182235470183, 23.597534477107082, 0.0 ], [ 120.144205032876542, 23.597425341139093, 0.0 ], [ 120.144221822773218, 23.597344964052215, 0.0 ], [ 120.144243503399565, 23.59724117383545, 0.0 ], [ 120.144235922759961, 23.597033758788182, 0.0 ], [ 120.14421638400502, 23.596783076723376, 0.0 ], [ 120.144193303320051, 23.596486962170594, 0.0 ], [ 120.144170372675802, 23.596214522274668, 0.0 ], [ 120.144107043304615, 23.595341167052801, 0.0 ], [ 120.144115852044109, 23.595197535150117, 0.0 ], [ 120.144118635800467, 23.595155700948268, 0.0 ], [ 120.144130658067382, 23.595080521190916, 0.0 ], [ 120.14416162098027, 23.594996347206671, 0.0 ], [ 120.144199440266974, 23.594933672594127, 0.0 ], [ 120.144269938776105, 23.594835786855736, 0.0 ], [ 120.144299915341307, 23.594799843706113, 0.0 ], [ 120.144288078249119, 23.594731468423941, 0.0 ], [ 120.144277402177735, 23.594669802998666, 0.0 ], [ 120.144261223699672, 23.594576349237332, 0.0 ], [ 120.144213148858611, 23.594562342123968, 0.0 ], [ 120.144133062106633, 23.594539007830555, 0.0 ], [ 120.144060523055785, 23.594511821499651, 0.0 ], [ 120.144006635201066, 23.594486829414823, 0.0 ], [ 120.14394635510709, 23.594458872261594, 0.0 ], [ 120.143894191179314, 23.594434678998574, 0.0 ], [ 120.143836296257945, 23.594407827051249, 0.0 ], [ 120.143782883584407, 23.594383054827162, 0.0 ], [ 120.143710168117835, 23.59434933003244, 0.0 ], [ 120.14365361170799, 23.594318558694606, 0.0 ], [ 120.143415817927192, 23.594168496342746, 0.0 ], [ 120.142727565738411, 23.593696210884364, 0.0 ], [ 120.14212970230146, 23.59327381809479, 0.0 ], [ 120.141943763661004, 23.593141813827042, 0.0 ], [ 120.14174092937202, 23.592982685608128, 0.0 ], [ 120.141606814165968, 23.592873989591489, 0.0 ], [ 120.141438645354512, 23.592709984246003, 0.0 ], [ 120.141398181030524, 23.592664571159929, 0.0 ], [ 120.141370810435134, 23.592625267336622, 0.0 ], [ 120.141343029143215, 23.592580427184405, 0.0 ], [ 120.141316743729192, 23.592538002615846, 0.0 ], [ 120.141284875936492, 23.592486569278403, 0.0 ], [ 120.141252708287126, 23.59243464937666, 0.0 ], [ 120.141222398849706, 23.592385506417067, 0.0 ], [ 120.141196086733828, 23.59233298228358, 0.0 ], [ 120.141164160084415, 23.592256180166395, 0.0 ], [ 120.14112650114069, 23.59216558864026, 0.0 ], [ 120.141101350160426, 23.59210508876604, 0.0 ], [ 120.14105891111322, 23.592002997876683, 0.0 ], [ 120.14105472021906, 23.591992548162672, 0.0 ], [ 120.141050301360693, 23.591980553669298, 0.0 ], [ 120.141046383304598, 23.591968857203121, 0.0 ], [ 120.141042689113007, 23.591956636893691, 0.0 ], [ 120.141040210037346, 23.59194758510753, 0.0 ], [ 120.141037256945225, 23.59193560046614, 0.0 ], [ 120.141034303865951, 23.591921763879864, 0.0 ], [ 120.141031843735746, 23.591908000451983, 0.0 ], [ 120.141029980505124, 23.591895251607163, 0.0 ], [ 120.141027887480533, 23.591877475173682, 0.0 ], [ 120.141025920349207, 23.591860350864444, 0.0 ], [ 120.141023919364585, 23.591842936226694, 0.0 ], [ 120.141021654107959, 23.591823212619744, 0.0 ], [ 120.140998994002331, 23.591625918649783, 0.0 ], [ 120.14096939883305, 23.591368248248195, 0.0 ], [ 120.140957143004613, 23.591246658716297, 0.0 ], [ 120.140935623057018, 23.5910323779921, 0.0 ], [ 120.140917566183745, 23.590852579078589, 0.0 ], [ 120.140908235348235, 23.590759668250232, 0.0 ], [ 120.140898203897592, 23.590659778963836, 0.0 ], [ 120.140889720192746, 23.5905753095482, 0.0 ], [ 120.140883978418103, 23.590443338427782, 0.0 ], [ 120.140865811873169, 23.589955991844278, 0.0 ], [ 120.140853778996103, 23.589623003069931, 0.0 ], [ 120.140833472928549, 23.588977912893977, 0.0 ], [ 120.140830336805308, 23.588878277865067, 0.0 ], [ 120.140825129580108, 23.5887875828308, 0.0 ], [ 120.14081640824125, 23.588635726016239, 0.0 ], [ 120.140798287803847, 23.588481893763824, 0.0 ], [ 120.140777281206994, 23.588303556711342, 0.0 ], [ 120.140762998273573, 23.588146076811626, 0.0 ], [ 120.14074928460677, 23.58799314339976, 0.0 ], [ 120.140737504615601, 23.587861765896754, 0.0 ], [ 120.140713505133846, 23.58757073535449, 0.0 ], [ 120.140669702064812, 23.587551476738639, 0.0 ], [ 120.140575212871596, 23.587509933828226, 0.0 ], [ 120.140545212862563, 23.58749674429626, 0.0 ], [ 120.140502076010563, 23.587477201886397, 0.0 ], [ 120.1404663075797, 23.587456368337342, 0.0 ], [ 120.140426510137019, 23.587427245937892, 0.0 ], [ 120.140385725678613, 23.587389045977748, 0.0 ], [ 120.14034941843228, 23.587344881688441, 0.0 ], [ 120.140313308779625, 23.587284880223283, 0.0 ], [ 120.140293575290585, 23.587238636823976, 0.0 ], [ 120.140283588226822, 23.587207201717021, 0.0 ], [ 120.140275404512892, 23.587171947930273, 0.0 ], [ 120.140269906391978, 23.587133419683742, 0.0 ], [ 120.140267876609215, 23.587094942697348, 0.0 ], [ 120.140269101366727, 23.587058473277839, 0.0 ], [ 120.140272968558662, 23.587024827748085, 0.0 ], [ 120.140288013123396, 23.586960418589545, 0.0 ], [ 120.140304559030966, 23.586916409385122, 0.0 ], [ 120.140323281847287, 23.586878808372866, 0.0 ], [ 120.140339389513116, 23.586852296123229, 0.0 ], [ 120.14036007431983, 23.586821395362868, 0.0 ], [ 120.140376036940808, 23.586797551858098, 0.0 ], [ 120.140397854351392, 23.586767976981296, 0.0 ], [ 120.140426608889172, 23.586735140974866, 0.0 ], [ 120.140452863955403, 23.586709775904275, 0.0 ], [ 120.14047700207496, 23.586689550420402, 0.0 ], [ 120.140519548460261, 23.586659770735565, 0.0 ], [ 120.140561877715214, 23.586636300077974, 0.0 ], [ 120.140594610214549, 23.58662173547177, 0.0 ], [ 120.140628389992486, 23.586609632334422, 0.0 ], [ 120.14066018454028, 23.586600749772153, 0.0 ], [ 120.140655191066486, 23.586548834002691, 0.0 ], [ 120.140652323816795, 23.586519031830932, 0.0 ], [ 120.140649598914379, 23.586490703368526, 0.0 ], [ 120.140633034501448, 23.586318500341608, 0.0 ], [ 120.14060552392462, 23.58603251330041, 0.0 ], [ 120.140587361262916, 23.585843700863428, 0.0 ], [ 120.14055118724778, 23.585609794088821, 0.0 ], [ 120.14051387121097, 23.585368496397429, 0.0 ], [ 120.140443318780072, 23.585025124776703, 0.0 ], [ 120.140393911039411, 23.584784662984394, 0.0 ], [ 120.140367279387661, 23.584641548241198, 0.0 ], [ 120.140343390737158, 23.584511792400445, 0.0 ], [ 120.140333053548972, 23.584455642000734, 0.0 ], [ 120.140308794526632, 23.58432386674318, 0.0 ], [ 120.140302805117827, 23.584291332024442, 0.0 ], [ 120.140299404286935, 23.584269702154849, 0.0 ], [ 120.140292811446912, 23.584209181291872, 0.0 ], [ 120.140284693251161, 23.584133385366755, 0.0 ], [ 120.140277620749117, 23.584067348566204, 0.0 ], [ 120.14026975748348, 23.583993930931882, 0.0 ], [ 120.140264091345927, 23.583941025349965, 0.0 ], [ 120.14026285706872, 23.583920229595854, 0.0 ], [ 120.140261750501409, 23.583901582357587, 0.0 ], [ 120.140261537983207, 23.583883611320875, 0.0 ], [ 120.14026115446066, 23.583851038170994, 0.0 ], [ 120.14025404527176, 23.58324810430393, 0.0 ], [ 120.140240950030176, 23.582206989202202, 0.0 ], [ 120.140240093519793, 23.581401681962319, 0.0 ], [ 120.140238253891226, 23.580814256253323, 0.0 ], [ 120.140232519632193, 23.580630723126514, 0.0 ], [ 120.140219864972792, 23.580225598822807, 0.0 ], [ 120.140208913209023, 23.579840700390918, 0.0 ], [ 120.140201116188933, 23.57943150948611, 0.0 ], [ 120.140195601807264, 23.579142127033354, 0.0 ], [ 120.140189438654048, 23.578137079834644, 0.0 ], [ 120.14017992012603, 23.576985462083798, 0.0 ], [ 120.140157268323847, 23.575891970268149, 0.0 ], [ 120.140032528991725, 23.575898549132184, 0.0 ], [ 120.139935615837445, 23.575903659391063, 0.0 ], [ 120.139843557769069, 23.575907665896032, 0.0 ], [ 120.139790612766902, 23.575903693491767, 0.0 ], [ 120.139741873120485, 23.575894668672984, 0.0 ], [ 120.139697261470957, 23.575881630610841, 0.0 ], [ 120.139644088867755, 23.575859524384825, 0.0 ], [ 120.13959112429032, 23.575829269619337, 0.0 ], [ 120.139553704817118, 23.575801859793302, 0.0 ], [ 120.139511557432698, 23.575763276461394, 0.0 ], [ 120.13948352908838, 23.575731620931297, 0.0 ], [ 120.139447651609686, 23.575680784209986, 0.0 ], [ 120.139420576230023, 23.575629791040996, 0.0 ], [ 120.139397669085056, 23.575568639310376, 0.0 ], [ 120.139386429980078, 23.575522640827877, 0.0 ], [ 120.139378543020754, 23.575457607931096, 0.0 ], [ 120.139378020779674, 23.575374127161037, 0.0 ], [ 120.139377509049424, 23.575292193482404, 0.0 ], [ 120.139377274982991, 23.57525453383349, 0.0 ], [ 120.139381519013014, 23.575205519192725, 0.0 ], [ 120.139391238558716, 23.575155731788161, 0.0 ], [ 120.139394012919894, 23.575145235284396, 0.0 ], [ 120.139398230869261, 23.575130885491063, 0.0 ], [ 120.139401140810875, 23.575121858059987, 0.0 ], [ 120.13940755893114, 23.575103849415278, 0.0 ], [ 120.139412778010893, 23.575090698543622, 0.0 ], [ 120.139418979373005, 23.575076409652837, 0.0 ], [ 120.139427534316752, 23.575058566719658, 0.0 ], [ 120.13943699907432, 23.575040805525912, 0.0 ], [ 120.139448385205952, 23.575021586072999, 0.0 ], [ 120.139462375505587, 23.5750004868319, 0.0 ], [ 120.139475701040197, 23.57498245470126, 0.0 ], [ 120.139491501281483, 23.574963184787435, 0.0 ], [ 120.139506628998689, 23.574946526976621, 0.0 ], [ 120.139521619733415, 23.574931490252968, 0.0 ], [ 120.139537721125436, 23.574916755568186, 0.0 ], [ 120.139547666333812, 23.57490831078038, 0.0 ], [ 120.139558763668248, 23.574899429642105, 0.0 ], [ 120.139575833941805, 23.574886793982646, 0.0 ], [ 120.139592544484273, 23.574875530727386, 0.0 ], [ 120.139608883979378, 23.574865484436511, 0.0 ], [ 120.139628463809942, 23.574854609760248, 0.0 ], [ 120.13965010975906, 23.574843955443864, 0.0 ], [ 120.139672395245299, 23.574834377863372, 0.0 ], [ 120.139697732322944, 23.574825090235645, 0.0 ], [ 120.139719847747102, 23.574818298265459, 0.0 ], [ 120.139739513920532, 23.574813240926712, 0.0 ], [ 120.139763001615194, 23.574808368589714, 0.0 ], [ 120.139787280401066, 23.574804628124845, 0.0 ], [ 120.139811222303393, 23.574802200015569, 0.0 ], [ 120.139836964496482, 23.574800962978106, 0.0 ], [ 120.139858115959242, 23.574800425665309, 0.0 ], [ 120.139872076531688, 23.574799889481966, 0.0 ], [ 120.139890169590686, 23.574799195657786, 0.0 ], [ 120.139920391694574, 23.5747980347974, 0.0 ], [ 120.139949780798403, 23.57479690732524, 0.0 ], [ 120.139976120273346, 23.574795896061602, 0.0 ], [ 120.140009435111125, 23.574794617958482, 0.0 ], [ 120.140050524036866, 23.574793039888018, 0.0 ], [ 120.140177295096819, 23.574788174299879, 0.0 ], [ 120.140177031808236, 23.574776605611504, 0.0 ], [ 120.140175391687663, 23.574704649099811, 0.0 ], [ 120.140173224515053, 23.57460953173657, 0.0 ], [ 120.140172624399199, 23.574583236933247, 0.0 ], [ 120.140171357485329, 23.574527625403139, 0.0 ], [ 120.140170029728949, 23.574469354864526, 0.0 ], [ 120.140159902302955, 23.573961395467315, 0.0 ], [ 120.140113500919398, 23.573955334395325, 0.0 ], [ 120.140043762192278, 23.573946223548806, 0.0 ], [ 120.139962296227083, 23.573935579937508, 0.0 ], [ 120.139897412130068, 23.57392728134122, 0.0 ], [ 120.139790475010969, 23.573913601804954, 0.0 ], [ 120.139725555426281, 23.573912903408917, 0.0 ], [ 120.139638965677392, 23.573911970109428, 0.0 ], [ 120.139601838789673, 23.573911825077033, 0.0 ], [ 120.139568598650982, 23.573909171355325, 0.0 ], [ 120.139551151558891, 23.573906812132098, 0.0 ], [ 120.139533334936033, 23.573903703336242, 0.0 ], [ 120.139518480952376, 23.573900560662739, 0.0 ], [ 120.139506313603675, 23.5738976046554, 0.0 ], [ 120.139491044005496, 23.573893399291666, 0.0 ], [ 120.139477314921507, 23.573889133856749, 0.0 ], [ 120.139460080471892, 23.573883108942685, 0.0 ], [ 120.139444093123885, 23.573876828123076, 0.0 ], [ 120.139436466352464, 23.573873587523821, 0.0 ], [ 120.139417646854, 23.573864889962721, 0.0 ], [ 120.139406299851913, 23.573859142258726, 0.0 ], [ 120.139389289662901, 23.573849774065735, 0.0 ], [ 120.13936937876727, 23.573837583544645, 0.0 ], [ 120.139353675546445, 23.573826959666661, 0.0 ], [ 120.139334130141165, 23.573812363470065, 0.0 ], [ 120.139318224538243, 23.573799242231221, 0.0 ], [ 120.139300292679437, 23.573782933913122, 0.0 ], [ 120.139280667020131, 23.573762962699988, 0.0 ], [ 120.139258904494824, 23.573737680572521, 0.0 ], [ 120.13923766157987, 23.5737089360662, 0.0 ], [ 120.139221801870264, 23.573683990102868, 0.0 ], [ 120.139208044517801, 23.573659037740722, 0.0 ], [ 120.139198469912031, 23.573639194813921, 0.0 ], [ 120.139188018857254, 23.57361425462128, 0.0 ], [ 120.139177337980428, 23.5735833410072, 0.0 ], [ 120.139170557635026, 23.57355885651188, 0.0 ], [ 120.139165056210487, 23.57353368710719, 0.0 ], [ 120.139162459397568, 23.57351865583334, 0.0 ], [ 120.139160601784525, 23.57350552351571, 0.0 ], [ 120.139159096222258, 23.573492095343195, 0.0 ], [ 120.139157758245588, 23.573475182967151, 0.0 ], [ 120.13915700222563, 23.573456628819454, 0.0 ], [ 120.139156972192652, 23.573438821784492, 0.0 ], [ 120.139157181127658, 23.573430811362837, 0.0 ], [ 120.139158179611655, 23.573412488087481, 0.0 ], [ 120.139159178261181, 23.573400976042276, 0.0 ], [ 120.139162757109162, 23.57337631505689, 0.0 ], [ 120.139170049401201, 23.573326068688726, 0.0 ], [ 120.13918286462642, 23.573237770534011, 0.0 ], [ 120.139185273873764, 23.573221170863039, 0.0 ], [ 120.139188893423025, 23.573203754154431, 0.0 ], [ 120.139191402520893, 23.573193251861348, 0.0 ], [ 120.139195213111449, 23.573178991132206, 0.0 ], [ 120.139199456778229, 23.573164852096649, 0.0 ], [ 120.13920490309205, 23.573148668471024, 0.0 ], [ 120.139211977779524, 23.57313004287218, 0.0 ], [ 120.139219188988605, 23.573113113795017, 0.0 ], [ 120.139225469819522, 23.573099671115148, 0.0 ], [ 120.139229782395802, 23.573091024206207, 0.0 ], [ 120.139233892109289, 23.573084803976343, 0.0 ], [ 120.139241049887261, 23.573070390898497, 0.0 ], [ 120.139275104048153, 23.573018884831381, 0.0 ], [ 120.139311357327443, 23.572976466645084, 0.0 ], [ 120.139352265494622, 23.572938517670966, 0.0 ], [ 120.139397281437269, 23.572905545444797, 0.0 ], [ 120.139445803104664, 23.572877990942434, 0.0 ], [ 120.139497181559392, 23.572856222682532, 0.0 ], [ 120.139550729658509, 23.572840531797709, 0.0 ], [ 120.139605731240337, 23.572831128139772, 0.0 ], [ 120.139661450704722, 23.572828137475337, 0.0 ], [ 120.139701901128689, 23.57283065270444, 0.0 ], [ 120.139846755374066, 23.570736955274956, 0.0 ], [ 120.139837642591402, 23.570718922891011, 0.0 ], [ 120.139831346621932, 23.570706466046179, 0.0 ], [ 120.139823988743757, 23.570688432900372, 0.0 ], [ 120.139814187040471, 23.570664253792383, 0.0 ], [ 120.139792658772208, 23.570611149033052, 0.0 ], [ 120.13976178240037, 23.570534983600538, 0.0 ], [ 120.139727749789145, 23.57045103005348, 0.0 ], [ 120.13968874472917, 23.570354814601181, 0.0 ], [ 120.139652225949391, 23.570264730545574, 0.0 ], [ 120.139624013400436, 23.570195137484831, 0.0 ], [ 120.13956622406694, 23.570052582434958, 0.0 ], [ 120.139529883845086, 23.569962940268542, 0.0 ], [ 120.139495179508259, 23.56987732994757, 0.0 ], [ 120.139471624411186, 23.569819224937497, 0.0 ], [ 120.139457353348476, 23.56978148724599, 0.0 ], [ 120.13945463776659, 23.569772838132021, 0.0 ], [ 120.139451799684622, 23.569763064943892, 0.0 ], [ 120.13944913022992, 23.569753010571251, 0.0 ], [ 120.139446151155326, 23.569740482135529, 0.0 ], [ 120.139443405724265, 23.56972720260362, 0.0 ], [ 120.139441187877011, 23.569714607864483, 0.0 ], [ 120.139439322307268, 23.569701886944671, 0.0 ], [ 120.139437915520389, 23.569689998464614, 0.0 ], [ 120.13943708671367, 23.56968125774873, 0.0 ], [ 120.139436406214273, 23.569672134393354, 0.0 ], [ 120.139435975120719, 23.569664378418814, 0.0 ], [ 120.139435683439771, 23.569656785658459, 0.0 ], [ 120.139435515946872, 23.569648658192794, 0.0 ], [ 120.139435498794597, 23.56964005426423, 0.0 ], [ 120.13943565948594, 23.569631014991749, 0.0 ], [ 120.139435911670844, 23.569623988193229, 0.0 ], [ 120.139436123340502, 23.569619914558498, 0.0 ], [ 120.139439858735059, 23.569581157466725, 0.0 ], [ 120.13945638322437, 23.569503189025259, 0.0 ], [ 120.139493034162143, 23.56942424768912, 0.0 ], [ 120.139531641352292, 23.569369712300812, 0.0 ], [ 120.139559015605215, 23.569335226391591, 0.0 ], [ 120.139599772144308, 23.569297538149531, 0.0 ], [ 120.139644891256708, 23.569265199862659, 0.0 ], [ 120.139693675193968, 23.569238711628639, 0.0 ], [ 120.139745369533927, 23.569218483076817, 0.0 ], [ 120.139799173649095, 23.569204826685592, 0.0 ], [ 120.139923775371301, 23.569174936783703, 0.0 ], [ 120.139978069428295, 23.5691638376322, 0.0 ], [ 120.140033260871576, 23.56915884278855, 0.0 ], [ 120.140088665491291, 23.569160014083799, 0.0 ], [ 120.140143596527693, 23.569167336998845, 0.0 ], [ 120.140197373090515, 23.569180720763743, 0.0 ], [ 120.140249328599154, 23.569199999482095, 0.0 ], [ 120.140298819046464, 23.569224934186337, 0.0 ], [ 120.140345230980017, 23.569255215802322, 0.0 ], [ 120.140387989106941, 23.569290468978327, 0.0 ], [ 120.140426563425123, 23.569330256738432, 0.0 ], [ 120.140460475791357, 23.569374085898666, 0.0 ], [ 120.140489305849371, 23.569421413180329, 0.0 ], [ 120.140512695953063, 23.569471652462745, 0.0 ], [ 120.1405362217278, 23.569540101377498, 0.0 ], [ 120.140543536565986, 23.569575158851446, 0.0 ], [ 120.140546759417632, 23.569610826014891, 0.0 ], [ 120.140621599671874, 23.569807181991891, 0.0 ], [ 120.140652744197212, 23.569844747265758, 0.0 ], [ 120.140679312489794, 23.56988567717022, 0.0 ], [ 120.140700944567982, 23.569929417134215, 0.0 ], [ 120.140749959196611, 23.570044361956981, 0.0 ], [ 120.140767943263143, 23.570093603894446, 0.0 ], [ 120.140778875689477, 23.5701440546882, 0.0 ], [ 120.140782868317885, 23.570195521759647, 0.0 ], [ 120.140805291780509, 23.570255013920388, 0.0 ], [ 120.14083970168241, 23.570339371898765, 0.0 ], [ 120.140984814946762, 23.570569379831653, 0.0 ], [ 120.141013154186851, 23.570592533951164, 0.0 ], [ 120.141043720442482, 23.570628859671192, 0.0 ], [ 120.141070097248814, 23.570668332675247, 0.0 ], [ 120.141091962763255, 23.570710473059737, 0.0 ], [ 120.141122068598577, 23.570776783214995, 0.0 ], [ 120.141229580815832, 23.570953852515046, 0.0 ], [ 120.141325199409764, 23.571089007887423, 0.0 ], [ 120.141586190782462, 23.571373788869522, 0.0 ], [ 120.141669423946453, 23.571464247392644, 0.0 ], [ 120.141722640444144, 23.571517987775653, 0.0 ], [ 120.141836372828905, 23.571633923216815, 0.0 ], [ 120.141853212957201, 23.571652320492699, 0.0 ], [ 120.141865759490969, 23.571650963871409, 0.0 ], [ 120.141879565201265, 23.571649470677222, 0.0 ], [ 120.141905736829543, 23.571646641901253, 0.0 ], [ 120.141943825778711, 23.57164497103847, 0.0 ], [ 120.141998839363922, 23.57164255658089, 0.0 ], [ 120.142053195298971, 23.571640172419766, 0.0 ], [ 120.142109492748176, 23.571637702126989, 0.0 ], [ 120.142178797510113, 23.571634661608734, 0.0 ], [ 120.1428118998776, 23.57160688740769, 0.0 ], [ 120.142797827916269, 23.571586989006878, 0.0 ], [ 120.142784848680733, 23.571567587233378, 0.0 ], [ 120.142770611807421, 23.571546306761412, 0.0 ], [ 120.142755639879013, 23.571523928851178, 0.0 ], [ 120.142734497482905, 23.571492327484329, 0.0 ], [ 120.142716589226183, 23.571465560795197, 0.0 ], [ 120.142707486254452, 23.571451952243052, 0.0 ], [ 120.142692811196497, 23.571430018409647, 0.0 ], [ 120.14267915953549, 23.571409612399954, 0.0 ], [ 120.142658969427728, 23.571379432850417, 0.0 ], [ 120.142650268360015, 23.571365939088793, 0.0 ], [ 120.142642312095035, 23.571352550182411, 0.0 ], [ 120.142635552517817, 23.571340237423993, 0.0 ], [ 120.14262988620041, 23.571329119846872, 0.0 ], [ 120.142622464021954, 23.571313222763052, 0.0 ], [ 120.142618317683244, 23.571303534748075, 0.0 ], [ 120.142611986350488, 23.571287316584375, 0.0 ], [ 120.142605593445936, 23.571268606360238, 0.0 ], [ 120.142601626569871, 23.571255333266869, 0.0 ], [ 120.142596760568679, 23.571237958871421, 0.0 ], [ 120.142592280778175, 23.571221966103771, 0.0 ], [ 120.142588227292961, 23.571207492883648, 0.0 ], [ 120.142583678453633, 23.571191252460419, 0.0 ], [ 120.142577093828521, 23.571167740965258, 0.0 ], [ 120.142573633863051, 23.571155385122871, 0.0 ], [ 120.14256926316348, 23.57113978063612, 0.0 ], [ 120.142564962494902, 23.571124423823203, 0.0 ], [ 120.14256059449913, 23.571108830216453, 0.0 ], [ 120.142557678328188, 23.571094422143332, 0.0 ], [ 120.142554568561735, 23.571079052042744, 0.0 ], [ 120.142551606498927, 23.571064412082411, 0.0 ], [ 120.142548987555259, 23.571051470641553, 0.0 ], [ 120.142547312390164, 23.571031932068344, 0.0 ], [ 120.142545837222855, 23.571014732870687, 0.0 ], [ 120.142545271448938, 23.571001025067662, 0.0 ], [ 120.142544566842233, 23.570983961885286, 0.0 ], [ 120.142543974300423, 23.570969591147307, 0.0 ], [ 120.142536033939862, 23.570777226677514, 0.0 ], [ 120.142528645883516, 23.570598242150229, 0.0 ], [ 120.142504721182107, 23.570018650472637, 0.0 ], [ 120.142500979737477, 23.569928001217626, 0.0 ], [ 120.142500633470462, 23.569908135113256, 0.0 ], [ 120.142516727242281, 23.569275211171579, 0.0 ], [ 120.142528799546511, 23.568802644494575, 0.0 ], [ 120.142530539603712, 23.568373252044836, 0.0 ], [ 120.142530540782062, 23.568180330581505, 0.0 ], [ 120.142501866043588, 23.567966970397016, 0.0 ], [ 120.142347601559067, 23.56741808304454, 0.0 ], [ 120.142133380504973, 23.566682947983825, 0.0 ], [ 120.141987572028441, 23.566191886411072, 0.0 ], [ 120.141900161998436, 23.56588542919398, 0.0 ], [ 120.141775801054862, 23.565449422653586, 0.0 ], [ 120.141573962972942, 23.564746374525079, 0.0 ], [ 120.14149829402966, 23.564483706412396, 0.0 ], [ 120.141481326453189, 23.564424807755955, 0.0 ], [ 120.141328745381173, 23.564040192302883, 0.0 ], [ 120.14096187695128, 23.563386108470436, 0.0 ], [ 120.140778888113843, 23.563108151190846, 0.0 ], [ 120.140687472138936, 23.562969292613584, 0.0 ], [ 120.140500619453462, 23.562752426143199, 0.0 ], [ 120.140105913134846, 23.56272999474939, 0.0 ], [ 120.139819131000593, 23.562734160792019, 0.0 ], [ 120.13956497553697, 23.56273785215339, 0.0 ], [ 120.139273542446659, 23.562742085876238, 0.0 ], [ 120.138991253749523, 23.562746186015691, 0.0 ], [ 120.138602925131892, 23.562751827980062, 0.0 ], [ 120.137843228788924, 23.562762862807205, 0.0 ], [ 120.137743538128575, 23.562764311249079, 0.0 ], [ 120.137677084766452, 23.562763129303523, 0.0 ], [ 120.137656484729405, 23.562760857194782, 0.0 ], [ 120.137639754453744, 23.562758335090471, 0.0 ], [ 120.137615830874893, 23.562753653414998, 0.0 ], [ 120.137596265551807, 23.562748859803065, 0.0 ], [ 120.137580759448966, 23.562744425270886, 0.0 ], [ 120.137558872231921, 23.562737173761633, 0.0 ], [ 120.137540135775112, 23.562730005573968, 0.0 ], [ 120.137517641013815, 23.562720159886876, 0.0 ], [ 120.137494714546392, 23.562708641115158, 0.0 ], [ 120.137469747510067, 23.562694242743618, 0.0 ], [ 120.137443882325101, 23.562677061631945, 0.0 ], [ 120.13742890604567, 23.562665938434321, 0.0 ], [ 120.137419704625259, 23.562658635464143, 0.0 ], [ 120.137410854525911, 23.562651249618991, 0.0 ], [ 120.137399784787235, 23.562641476353036, 0.0 ], [ 120.137387862830451, 23.562630233442999, 0.0 ], [ 120.137371270111089, 23.562613197005842, 0.0 ], [ 120.137354103183966, 23.562593609426955, 0.0 ], [ 120.137336036182106, 23.562570379886925, 0.0 ], [ 120.137325420377465, 23.562555205348673, 0.0 ], [ 120.137310777810171, 23.562531945046679, 0.0 ], [ 120.137301563249594, 23.56251558696701, 0.0 ], [ 120.137289740668521, 23.562492041991639, 0.0 ], [ 120.137279802908211, 23.562469258266301, 0.0 ], [ 120.13727232061251, 23.562449544993715, 0.0 ], [ 120.137263766039268, 23.562422933949478, 0.0 ], [ 120.137258984350638, 23.562405099824581, 0.0 ], [ 120.137254199374638, 23.562383624921978, 0.0 ], [ 120.137249978467139, 23.562358983585707, 0.0 ], [ 120.137247057534879, 23.562334081011862, 0.0 ], [ 120.137245590233761, 23.562298626026774, 0.0 ], [ 120.13724478481538, 23.562266239129915, 0.0 ], [ 120.137236327623441, 23.561925827883467, 0.0 ], [ 120.137228938255802, 23.561525831973679, 0.0 ], [ 120.137233437513274, 23.561187005993951, 0.0 ], [ 120.137236322660556, 23.560969658521312, 0.0 ], [ 120.137240769739719, 23.560634764688846, 0.0 ], [ 120.137246125802122, 23.560231305102413, 0.0 ], [ 120.137247716391812, 23.560130542309217, 0.0 ], [ 120.137251116245693, 23.560059850125949, 0.0 ], [ 120.137256250862379, 23.559953130195115, 0.0 ], [ 120.137256579206792, 23.559946295233853, 0.0 ], [ 120.137257124870075, 23.559934946321139, 0.0 ], [ 120.137257694483765, 23.559923124935633, 0.0 ], [ 120.137258115950203, 23.559914343174771, 0.0 ], [ 120.137258534638605, 23.559905644393865, 0.0 ], [ 120.137258960899217, 23.559896776983205, 0.0 ], [ 120.137259838923796, 23.559888070420609, 0.0 ], [ 120.137260914865479, 23.559879085922169, 0.0 ], [ 120.137262495504515, 23.559867911310871, 0.0 ], [ 120.137264077161831, 23.559858270079214, 0.0 ], [ 120.137268428358553, 23.559836399450173, 0.0 ], [ 120.137269601510056, 23.559831284892514, 0.0 ], [ 120.137271123179957, 23.559824997178364, 0.0 ], [ 120.137272556467238, 23.55981939915657, 0.0 ], [ 120.137274382039081, 23.559812641419988, 0.0 ], [ 120.137276119639409, 23.559806554431098, 0.0 ], [ 120.137277591396, 23.559801620461801, 0.0 ], [ 120.137279528500372, 23.559795408090018, 0.0 ], [ 120.137280959454543, 23.559791001335977, 0.0 ], [ 120.137282452061982, 23.55978655059269, 0.0 ], [ 120.137284404480283, 23.559780941378477, 0.0 ], [ 120.137286593273998, 23.559774906022962, 0.0 ], [ 120.137290010246147, 23.559765959243268, 0.0 ], [ 120.137292360733227, 23.559760097441057, 0.0 ], [ 120.1372964777173, 23.55975033776409, 0.0 ], [ 120.13730052432652, 23.55974129518691, 0.0 ], [ 120.13730439516246, 23.559733089605601, 0.0 ], [ 120.137310223355712, 23.559721440017626, 0.0 ], [ 120.137317425637107, 23.559708051343677, 0.0 ], [ 120.13731984027504, 23.559703843092649, 0.0 ], [ 120.137605735297711, 23.558583059950113, 0.0 ], [ 120.137607221554731, 23.558571629986623, 0.0 ], [ 120.137610199821225, 23.558548730455325, 0.0 ], [ 120.137689111099249, 23.557941893468605, 0.0 ], [ 120.137697397442253, 23.557878172882255, 0.0 ], [ 120.137705392496287, 23.557816688759058, 0.0 ], [ 120.13770937760205, 23.557786045292826, 0.0 ], [ 120.137712362765456, 23.557763096244081, 0.0 ], [ 120.137716389217545, 23.557732125928368, 0.0 ], [ 120.137722316246709, 23.557686553740012, 0.0 ], [ 120.137725789317415, 23.557659839387345, 0.0 ], [ 120.137729942746674, 23.557638321576718, 0.0 ], [ 120.137734928306941, 23.557620394720434, 0.0 ], [ 120.137758229655461, 23.557550188859778, 0.0 ], [ 120.137784045676995, 23.557499059698241, 0.0 ], [ 120.137815794554314, 23.557451387201713, 0.0 ], [ 120.137853020014887, 23.557407856485977, 0.0 ], [ 120.137895187080304, 23.557369093143759, 0.0 ], [ 120.137941689755763, 23.557335654254555, 0.0 ], [ 120.137991859736786, 23.557308020378592, 0.0 ], [ 120.138044976016346, 23.557286588650552, 0.0 ], [ 120.138100275244739, 23.557271667072289, 0.0 ], [ 120.138156962699469, 23.557263470085868, 0.0 ], [ 120.138214222919629, 23.55726211516631, 0.0 ], [ 120.1385937458124, 23.557263672262451, 0.0 ], [ 120.139274649115976, 23.557266465273621, 0.0 ], [ 120.139368408452412, 23.557266849866977, 0.0 ], [ 120.139517133187994, 23.557267459797384, 0.0 ], [ 120.139700676779555, 23.557264961488645, 0.0 ], [ 120.13971664596572, 23.557157510240391, 0.0 ], [ 120.139730342585537, 23.557065346280723, 0.0 ], [ 120.139744311975662, 23.556971345316551, 0.0 ], [ 120.139740826968179, 23.556766091071804, 0.0 ], [ 120.139738370981078, 23.556621397020393, 0.0 ], [ 120.139733229032728, 23.556412365049464, 0.0 ], [ 120.139712510063816, 23.555803280544492, 0.0 ], [ 120.139704491633935, 23.555567539986924, 0.0 ], [ 120.139701087702235, 23.555388276788868, 0.0 ], [ 120.139689505906787, 23.554769365134312, 0.0 ], [ 120.139684184801524, 23.554669574145375, 0.0 ], [ 120.139678247698228, 23.55455826662163, 0.0 ], [ 120.139667536859122, 23.554357423473814, 0.0 ], [ 120.139640883863706, 23.554188320566169, 0.0 ], [ 120.139589947564048, 23.553865148150209, 0.0 ], [ 120.139549486210683, 23.553608438938653, 0.0 ], [ 120.139520518891842, 23.553424654711847, 0.0 ], [ 120.139510198094115, 23.553359173559986, 0.0 ], [ 120.139490616242085, 23.553266067586918, 0.0 ], [ 120.139405425275115, 23.552861014350789, 0.0 ], [ 120.1393493951511, 23.552593342743791, 0.0 ], [ 120.139248828078664, 23.552014769661039, 0.0 ], [ 120.139225625676929, 23.551881282812211, 0.0 ], [ 120.13916335709979, 23.551532074605372, 0.0 ], [ 120.139092162203539, 23.551132800492574, 0.0 ], [ 120.139025012458148, 23.550783118839519, 0.0 ], [ 120.138981721841844, 23.550561095988002, 0.0 ], [ 120.1389401230728, 23.550347746710571, 0.0 ], [ 120.138923696962195, 23.550263502783167, 0.0 ], [ 120.138899804053537, 23.550120334613975, 0.0 ], [ 120.138884560186796, 23.550028334619157, 0.0 ], [ 120.138870318067617, 23.549942379123451, 0.0 ], [ 120.138864720898539, 23.549870356879612, 0.0 ], [ 120.138865804123427, 23.54977994172479, 0.0 ], [ 120.138866869032469, 23.549691004542897, 0.0 ], [ 120.138871077596647, 23.549636722947668, 0.0 ], [ 120.138883387125858, 23.549579635665086, 0.0 ], [ 120.138932519583761, 23.549412068611865, 0.0 ], [ 120.138924075315742, 23.549378345116374, 0.0 ], [ 120.13891863975384, 23.549344007533854, 0.0 ], [ 120.138915232494284, 23.549314018484687, 0.0 ], [ 120.13890795912431, 23.549250004940038, 0.0 ], [ 120.138906454146138, 23.549221816218651, 0.0 ], [ 120.138905565663023, 23.549187944008199, 0.0 ], [ 120.138906469868104, 23.54916292051572, 0.0 ], [ 120.138908332963908, 23.549111342977575, 0.0 ], [ 120.138910027592203, 23.549064424704021, 0.0 ], [ 120.138908457667227, 23.549045019818347, 0.0 ], [ 120.138907250360191, 23.549030116107218, 0.0 ], [ 120.13890698229028, 23.549026803474156, 0.0 ], [ 120.138906739818424, 23.549023811702199, 0.0 ], [ 120.13889247681395, 23.54884761114673, 0.0 ], [ 120.138896054650161, 23.548790649054951, 0.0 ], [ 120.13889894284722, 23.548774651530071, 0.0 ], [ 120.138900776024514, 23.548764497687301, 0.0 ], [ 120.138899382484098, 23.548764530462197, 0.0 ], [ 120.128427846181097, 23.548804433762385, 0.0 ], [ 120.128420076432178, 23.548821944095458, 0.0 ], [ 120.128396684757348, 23.54887097094878, 0.0 ], [ 120.128367433297029, 23.548916745204803, 0.0 ], [ 120.128332766012889, 23.548958568402004, 0.0 ], [ 120.128293211705298, 23.548995802309165, 0.0 ], [ 120.126913406236255, 23.550134595138289, 0.0 ], [ 120.126867793923608, 23.550167663483666, 0.0 ], [ 120.126818406236623, 23.550194768671261, 0.0 ], [ 120.126766016017143, 23.550215485467003, 0.0 ], [ 120.125092209409132, 23.550758818616149, 0.0 ], [ 120.125031459457915, 23.550773955200043, 0.0 ], [ 120.124952110939063, 23.550780783113407, 0.0 ], [ 120.123280689937218, 23.550771374723588, 0.0 ], [ 120.123234608798825, 23.550768746522468, 0.0 ], [ 120.123189039466737, 23.550761407700136, 0.0 ], [ 120.123144461886895, 23.550749436634362, 0.0 ], [ 120.123101347153778, 23.550732958469393, 0.0 ], [ 120.121564125876219, 23.550053101522284, 0.0 ], [ 120.121521171088219, 23.550031281304832, 0.0 ], [ 120.121467782906109, 23.549995118433056, 0.0 ], [ 120.120116461629351, 23.548930836684974, 0.0 ], [ 120.11838115096316, 23.547745089353558, 0.0 ], [ 120.118328025068891, 23.547702550631296, 0.0 ], [ 120.116891305473345, 23.546361602202406, 0.0 ], [ 120.115110203445823, 23.544896901487732, 0.0 ], [ 120.113105722709648, 23.543185121690318, 0.0 ], [ 120.113050716661647, 23.543129111039313, 0.0 ], [ 120.111639163326444, 23.541384393504913, 0.0 ], [ 120.109723737543263, 23.539945821292626, 0.0 ], [ 120.109683054806027, 23.539911308030341, 0.0 ], [ 120.109646745894992, 23.539872220104581, 0.0 ], [ 120.109615322473445, 23.539829107625103, 0.0 ], [ 120.108894962398196, 23.538706438234779, 0.0 ], [ 120.10778644885518, 23.537856217503066, 0.0 ], [ 120.107764466634492, 23.53783935791931, 0.0 ], [ 120.107749092579013, 23.53782702001779, 0.0 ], [ 120.107697577717389, 23.53777619439477, 0.0 ], [ 120.105063291057391, 23.534721004230597, 0.0 ], [ 120.105037769421187, 23.534688495084293, 0.0 ], [ 120.103788104016047, 23.532936584623179, 0.0 ], [ 120.101719697354767, 23.53090500018434, 0.0 ], [ 120.101710918990236, 23.530896137465927, 0.0 ], [ 120.100455322506392, 23.529592519551013, 0.0 ], [ 120.099836815911459, 23.529267005583936, 0.0 ], [ 120.099796966093805, 23.529243333772598, 0.0 ], [ 120.09975976502156, 23.529215684436082, 0.0 ], [ 120.099725607540918, 23.529184351931836, 0.0 ], [ 120.099694856278603, 23.529149671531087, 0.0 ], [ 120.099667838924034, 23.529112009440752, 0.0 ], [ 120.098672898659288, 23.527562193055438, 0.0 ], [ 120.097673778344955, 23.526712204309742, 0.0 ], [ 120.097620685861088, 23.526658750940012, 0.0 ], [ 120.097574583879677, 23.52659253865388, 0.0 ], [ 120.096947070164873, 23.525479419479975, 0.0 ], [ 120.096940349512778, 23.525467048165318, 0.0 ], [ 120.095272084210322, 23.522278303942148, 0.0 ], [ 120.09524796863144, 23.522223651058336, 0.0 ], [ 120.0952278277652, 23.522148762793364, 0.0 ], [ 120.094932007078185, 23.520489091748825, 0.0 ], [ 120.093350704364667, 23.518230234527397, 0.0 ], [ 120.09141156515804, 23.516327291478561, 0.0 ], [ 120.090626664424093, 23.516043636137194, 0.0 ], [ 120.090580459497644, 23.51602389209474, 0.0 ], [ 120.090536744415971, 23.515999116308834, 0.0 ], [ 120.090496067281208, 23.51596961865723, 0.0 ], [ 120.090458934833208, 23.515935765101013, 0.0 ], [ 120.090425812371279, 23.515897981292945, 0.0 ], [ 120.090397111375367, 23.515856737004086, 0.0 ], [ 120.090373192398332, 23.515812547980779, 0.0 ], [ 120.089615372812034, 23.51420388420491, 0.0 ], [ 120.087619402253978, 23.512264754076067, 0.0 ], [ 120.087588274222881, 23.51223127316468, 0.0 ], [ 120.087563203471987, 23.512198441699315, 0.0 ], [ 120.086024534117868, 23.509979175938437, 0.0 ], [ 120.085132966909541, 23.509232533765839, 0.0 ], [ 120.084121960972411, 23.508385865251867, 0.0 ], [ 120.084098552993254, 23.508364825663477, 0.0 ], [ 120.082017071574256, 23.506357871017318, 0.0 ], [ 120.081996308412073, 23.506336479147134, 0.0 ], [ 120.08013120427303, 23.504282808505081, 0.0 ], [ 120.078162344860928, 23.502460533790835, 0.0 ], [ 120.078137958496384, 23.502436161176878, 0.0 ], [ 120.076285430475593, 23.500437008238915, 0.0 ], [ 120.073422351900362, 23.497388039604324, 0.0 ], [ 120.072043834451705, 23.496100144016662, 0.0 ], [ 120.069713349290552, 23.494419767909434, 0.0 ], [ 120.069664179125567, 23.494378686756743, 0.0 ], [ 120.067588987024322, 23.492377195729748, 0.0 ], [ 120.065915194116272, 23.490875791413689, 0.0 ], [ 120.063698263882884, 23.488867040272083, 0.0 ], [ 120.063673629095916, 23.488842937244751, 0.0 ], [ 120.062157202660941, 23.487240915612094, 0.0 ], [ 120.061179628228373, 23.486509879560479, 0.0 ], [ 120.061123092152087, 23.486459662174656, 0.0 ], [ 120.058485243435186, 23.483686158411292, 0.0 ], [ 120.057330113826438, 23.483025412377586, 0.0 ], [ 120.057286210102347, 23.482996650484449, 0.0 ], [ 120.057245958548506, 23.482962966921505, 0.0 ], [ 120.057209903677744, 23.482924823215534, 0.0 ], [ 120.057178540777727, 23.482882738623704, 0.0 ], [ 120.057152296448535, 23.482837285253783, 0.0 ], [ 120.056663705920982, 23.481864018159637, 0.0 ], [ 120.055437415879595, 23.481073157117766, 0.0 ], [ 120.054298968431283, 23.480383847655972, 0.0 ], [ 120.05425288966893, 23.480351857269468, 0.0 ], [ 120.054211152737892, 23.480314378943049, 0.0 ], [ 120.054174407021208, 23.480271997127669, 0.0 ], [ 120.054143223951712, 23.480225369704499, 0.0 ], [ 120.054118088352382, 23.480175221504233, 0.0 ], [ 120.053882435720027, 23.479621267176473, 0.0 ], [ 120.052725934901474, 23.478359982592174, 0.0 ], [ 120.050998129762675, 23.476434107332697, 0.0 ], [ 120.048264024962052, 23.474003159075785, 0.0 ], [ 120.048236194989443, 23.473976179590299, 0.0 ], [ 120.04670061913626, 23.472353403449628, 0.0 ], [ 120.044694652731224, 23.470415740755346, 0.0 ], [ 120.044666249637103, 23.470385658928873, 0.0 ], [ 120.042454866468177, 23.467816393981757, 0.0 ], [ 120.042437411027166, 23.467794800623889, 0.0 ], [ 120.040976204118621, 23.465868356570581, 0.0 ], [ 120.038508612268629, 23.463124348149215, 0.0 ], [ 120.038496451369838, 23.463110248022232, 0.0 ], [ 120.035750215548248, 23.459789584250561, 0.0 ], [ 120.03571382610123, 23.459738767701346, 0.0 ], [ 120.033738898390425, 23.456531172070513, 0.0 ], [ 120.032569986423908, 23.455377435089332, 0.0 ], [ 120.032536223196843, 23.455340159736046, 0.0 ], [ 120.032506834409773, 23.455299345178076, 0.0 ], [ 120.032482189097976, 23.455255504722384, 0.0 ], [ 120.032462594887164, 23.455209185702788, 0.0 ], [ 120.032064672776272, 23.454082691518337, 0.0 ], [ 120.03205019137917, 23.454032631647721, 0.0 ], [ 120.032041599284156, 23.453981232745921, 0.0 ], [ 120.032039012130184, 23.453929184688125, 0.0 ], [ 120.032042465117414, 23.453877187550489, 0.0 ], [ 120.03205191135325, 23.45382593804047, 0.0 ], [ 120.032067223889015, 23.453776125925138, 0.0 ], [ 120.032088196982471, 23.453728421423286, 0.0 ], [ 120.032114550269497, 23.453683463550448, 0.0 ], [ 120.03214592786955, 23.45364185649348, 0.0 ], [ 120.032181909379773, 23.453604158989869, 0.0 ], [ 120.032222010000012, 23.45357087891713, 0.0 ], [ 120.032265693464495, 23.453542463610045, 0.0 ], [ 120.031848140824394, 23.452443462596968, 0.0 ], [ 120.031454265661367, 23.452075153729115, 0.0 ], [ 120.031442308845342, 23.452063549658391, 0.0 ], [ 120.030570388335093, 23.451185456003518, 0.0 ], [ 120.030537730724475, 23.451148760917953, 0.0 ], [ 120.030509271880703, 23.451108722773046, 0.0 ], [ 120.030485351318745, 23.451065818218833, 0.0 ], [ 120.02978949853177, 23.449639810479738, 0.0 ], [ 120.029179057672664, 23.449068965759835, 0.0 ], [ 120.029141726149547, 23.449029570581136, 0.0 ], [ 120.029096255667255, 23.448964472627637, 0.0 ], [ 120.028128815683445, 23.447270975171556, 0.0 ], [ 120.027440308251926, 23.446627098390554, 0.0 ], [ 120.027401712807077, 23.446586190637234, 0.0 ], [ 120.027368526458403, 23.446540783462716, 0.0 ], [ 120.027341268274625, 23.446491589779299, 0.0 ], [ 120.027320363165003, 23.446439377560029, 0.0 ], [ 120.027306139071129, 23.446384964367464, 0.0 ], [ 120.027298819506754, 23.446329200968957, 0.0 ], [ 120.027298517917629, 23.446272961301439, 0.0 ], [ 120.027305239079723, 23.446217123545882, 0.0 ], [ 120.027318878348851, 23.446162560187098, 0.0 ], [ 120.027405941563629, 23.445888431670905, 0.0 ], [ 120.027053039222636, 23.445082258476607, 0.0 ], [ 120.026669177018093, 23.444774509009076, 0.0 ], [ 120.026630319184463, 23.444739453064443, 0.0 ], [ 120.026595798301017, 23.444700119135081, 0.0 ], [ 120.02656608070204, 23.444657041345774, 0.0 ], [ 120.026541570011631, 23.444610802260652, 0.0 ], [ 120.026522597471697, 23.444562028185906, 0.0 ], [ 120.026509420166192, 23.444511381013754, 0.0 ], [ 120.026264762446843, 23.443281092542659, 0.0 ], [ 120.025373240208253, 23.441848793215193, 0.0 ], [ 120.025350862856243, 23.44180834876115, 0.0 ], [ 120.024618730427903, 23.440307753653446, 0.0 ], [ 120.024598111190514, 23.440258184540163, 0.0 ], [ 120.024583548416274, 23.440206512732193, 0.0 ], [ 120.02457524573758, 23.440153471300118, 0.0 ], [ 120.024449707294067, 23.438843309743287, 0.0 ], [ 120.024261648807453, 23.436847079447737, 0.0 ], [ 120.024259678861597, 23.436801604992088, 0.0 ], [ 120.024265168146187, 23.436053627502147, 0.0 ], [ 120.024268697796899, 23.436000599715914, 0.0 ], [ 120.024278459549734, 23.43594835863799, 0.0 ], [ 120.02429431577859, 23.435897633532946, 0.0 ], [ 120.024316047142108, 23.435849134057392, 0.0 ], [ 120.024343348956833, 23.435803537555746, 0.0 ], [ 120.024375839239994, 23.435761479286686, 0.0 ], [ 120.024413064656002, 23.435723548927768, 0.0 ], [ 120.02445450572867, 23.435690276235238, 0.0 ], [ 120.024499582869737, 23.435662123939451, 0.0 ], [ 120.02517784964104, 23.435292354038335, 0.0 ], [ 120.025221310354681, 23.435271599707807, 0.0 ], [ 120.025266740702662, 23.435255610898107, 0.0 ], [ 120.025313620118453, 23.435244573514094, 0.0 ], [ 120.025361411771172, 23.435238613588602, 0.0 ], [ 120.026172496831109, 23.43518134059709, 0.0 ], [ 119.991403285471236, 23.434840594277166, 0.0 ], [ 120.083303772960221, 23.549989545068296, 0.0 ], [ 120.11669405496896, 23.781353846950143, 0.0 ], [ 120.312400380369937, 24.058007738005301, 0.0 ], [ 120.312413876042029, 24.058029500173006, 0.0 ], [ 120.312358200901627, 24.058029794417958, 0.0 ], [ 120.469549029999541, 24.286960011179016, 0.0 ], [ 120.502137660944413, 24.286090311904292, 0.0 ], [ 120.50226355707558, 24.285980156423317, 0.0 ], [ 120.502424572547298, 24.285839425230744, 0.0 ], [ 120.502466023085987, 24.285807373011558, 0.0 ], [ 120.502510125682562, 24.285779782947959, 0.0 ], [ 120.502556397013464, 24.285756958399652, 0.0 ], [ 120.504341256288996, 24.284994641663914, 0.0 ], [ 120.504385151993489, 24.28495861514882, 0.0 ], [ 120.504432499769138, 24.284927935360333, 0.0 ], [ 120.504482645093631, 24.284903026812533, 0.0 ], [ 120.505695706642143, 24.284388830059086, 0.0 ], [ 120.504294182322738, 24.281496208635151, 0.0 ], [ 120.506264335478974, 24.280544475727723, 0.0 ], [ 120.50353753852427, 24.27512627234929, 0.0 ], [ 120.49996164230572, 24.268046066120696, 0.0 ], [ 120.495950478811849, 24.269781411046957, 0.0 ], [ 120.496519923527188, 24.271003948558882, 0.0 ], [ 120.496555485621997, 24.271224359962172, 0.0 ], [ 120.496507665874759, 24.271388707733273, 0.0 ], [ 120.496417770025204, 24.271508752038258, 0.0 ], [ 120.49614582241766, 24.271630781685598, 0.0 ], [ 120.496025227133345, 24.271648299202823, 0.0 ], [ 120.495790804446713, 24.2716313389314, 0.0 ], [ 120.495615801907149, 24.271533566590975, 0.0 ], [ 120.495428122251113, 24.271234656118409, 0.0 ], [ 120.495089038316735, 24.270502038473825, 0.0 ], [ 120.494925388157682, 24.27019523305632, 0.0 ], [ 120.494579396728724, 24.270148250141357, 0.0 ], [ 120.494374360923374, 24.269946426329799, 0.0 ], [ 120.494105428337491, 24.269417692409668, 0.0 ], [ 120.493552586663498, 24.268066482905752, 0.0 ], [ 120.489226385392499, 24.257810851205999, 0.0 ], [ 120.489005315895383, 24.257261367750061, 0.0 ], [ 120.488784722557284, 24.256783749345185, 0.0 ], [ 120.485207713418021, 24.258325867436501, 0.0 ], [ 120.485151801359933, 24.25834685719434, 0.0 ], [ 120.485093351801865, 24.258361136567949, 0.0 ], [ 120.48503363683561, 24.258368510450456, 0.0 ], [ 120.484973469436085, 24.258368878451734, 0.0 ], [ 120.484913668739154, 24.258362235561226, 0.0 ], [ 120.484855048887056, 24.258348672217892, 0.0 ], [ 120.484798407945831, 24.258328373076328, 0.0 ], [ 120.484744517040752, 24.258301614494094, 0.0 ], [ 120.484694109857145, 24.258268760770083, 0.0 ], [ 120.484647872651266, 24.258230259183676, 0.0 ], [ 120.48460643490931, 24.25818663390567, 0.0 ], [ 120.484569884875867, 24.258138478705519, 0.0 ], [ 120.484536723738969, 24.258083704730101, 0.0 ], [ 120.484498001886863, 24.258021425556475, 0.0 ], [ 120.484490265459016, 24.258008827867684, 0.0 ], [ 120.484473689889882, 24.257981835181742, 0.0 ], [ 120.48445251249629, 24.257947351336096, 0.0 ], [ 120.484428921680077, 24.257908936364466, 0.0 ], [ 120.484415686415318, 24.257886903775567, 0.0 ], [ 120.484396867145605, 24.257849560641265, 0.0 ], [ 120.484382070645424, 24.257811616139687, 0.0 ], [ 120.484372967243615, 24.257780891115953, 0.0 ], [ 120.484364688040941, 24.25774090713799, 0.0 ], [ 120.484360356235555, 24.257702749491905, 0.0 ], [ 120.484359332781864, 24.257674923801517, 0.0 ], [ 120.484360285931047, 24.257644013179402, 0.0 ], [ 120.484362567246848, 24.257619900488859, 0.0 ], [ 120.484367239396846, 24.257590315076019, 0.0 ], [ 120.48437577466585, 24.257554434648856, 0.0 ], [ 120.484390457509548, 24.257511339333409, 0.0 ], [ 120.484406164137766, 24.257476600244104, 0.0 ], [ 120.484430275238637, 24.257434875868352, 0.0 ], [ 120.484449385839397, 24.25740796103247, 0.0 ], [ 120.484465581568401, 24.257388133153256, 0.0 ], [ 120.484484735087307, 24.257367438962152, 0.0 ], [ 120.484502588705453, 24.257350362613465, 0.0 ], [ 120.484550271220968, 24.257312975411715, 0.0 ], [ 120.484590632178055, 24.257288726501603, 0.0 ], [ 120.484638262759162, 24.25726707826249, 0.0 ], [ 120.484662624331335, 24.257256435124763, 0.0 ], [ 120.484695283874302, 24.257242165366574, 0.0 ], [ 120.484732187714243, 24.257226041445744, 0.0 ], [ 120.484822282432077, 24.2571866769282, 0.0 ], [ 120.484893847723001, 24.25715540916099, 0.0 ], [ 120.4849406919827, 24.25713494107152, 0.0 ], [ 120.484994064176462, 24.257111739524539, 0.0 ], [ 120.485025120024801, 24.2571000634589, 0.0 ], [ 120.48508105167511, 24.257084427546257, 0.0 ], [ 120.485122564038406, 24.257077001575283, 0.0 ], [ 120.485154509511162, 24.257073597351393, 0.0 ], [ 120.485203365140222, 24.257072184228438, 0.0 ], [ 120.485238638938512, 24.257073998023259, 0.0 ], [ 120.485276710981992, 24.257078649898407, 0.0 ], [ 120.485306642727991, 24.257084320651881, 0.0 ], [ 120.485390287072718, 24.257049038126702, 0.0 ], [ 120.485436251870041, 24.257014871633434, 0.0 ], [ 120.485486233140335, 24.256977718905201, 0.0 ], [ 120.485525651637971, 24.256948417526647, 0.0 ], [ 120.485574161146232, 24.256912358766044, 0.0 ], [ 120.485633668092632, 24.256874423915413, 0.0 ], [ 120.485664188886844, 24.256859163589247, 0.0 ], [ 120.485712595144705, 24.256839756384014, 0.0 ], [ 120.485764434233246, 24.256820706510158, 0.0 ], [ 120.485986487135932, 24.256739105798154, 0.0 ], [ 120.486160911486735, 24.256675006910381, 0.0 ], [ 120.486130632190537, 24.256593774169691, 0.0 ], [ 120.486113712510672, 24.256548381489836, 0.0 ], [ 120.486083780205348, 24.256468079664906, 0.0 ], [ 120.48604527727683, 24.256364785407307, 0.0 ], [ 120.486042898532531, 24.25635768849401, 0.0 ], [ 120.486040485131156, 24.256350051241622, 0.0 ], [ 120.486037775833069, 24.256340840344482, 0.0 ], [ 120.486035529216551, 24.256332582140434, 0.0 ], [ 120.486033629470043, 24.25632505808597, 0.0 ], [ 120.486029980709617, 24.256308703672524, 0.0 ], [ 120.48602302401045, 24.256256244110322, 0.0 ], [ 120.486022015927333, 24.256200696096474, 0.0 ], [ 120.486027969760897, 24.256145458881459, 0.0 ], [ 120.486040791832323, 24.256091401573546, 0.0 ], [ 120.486057271005038, 24.256045139880374, 0.0 ], [ 120.486091895939325, 24.255980236491215, 0.0 ], [ 120.486141514344794, 24.255916858231444, 0.0 ], [ 120.486182734638064, 24.255878315643834, 0.0 ], [ 120.486220250900345, 24.255850648828133, 0.0 ], [ 120.486284733296301, 24.255815442423227, 0.0 ], [ 120.486345445961405, 24.255793701207498, 0.0 ], [ 120.486498729857203, 24.255743454084385, 0.0 ], [ 120.486567371598099, 24.255724717810335, 0.0 ], [ 120.486631935810124, 24.255716177772687, 0.0 ], [ 120.486694012419775, 24.25571583478569, 0.0 ], [ 120.486766474904925, 24.255725184298687, 0.0 ], [ 120.486856904720298, 24.255752597055906, 0.0 ], [ 120.486923442109301, 24.255785695745946, 0.0 ], [ 120.486979213313816, 24.255824035764199, 0.0 ], [ 120.487012299183007, 24.25585103484805, 0.0 ], [ 120.487026574183588, 24.255866618955913, 0.0 ], [ 120.487053680936825, 24.255896584490358, 0.0 ], [ 120.487094549326926, 24.255953071701352, 0.0 ], [ 120.487128696523087, 24.256017920691708, 0.0 ], [ 120.487149933404339, 24.256072934353259, 0.0 ], [ 120.487170747886921, 24.256126849764037, 0.0 ], [ 120.487191123912581, 24.256179632359025, 0.0 ], [ 120.487214245687156, 24.256239526944004, 0.0 ], [ 120.48729229551509, 24.256207174597598, 0.0 ], [ 120.487387660132427, 24.256167645531892, 0.0 ], [ 120.487438453538175, 24.256146024256797, 0.0 ], [ 120.487663093215829, 24.256053476103098, 0.0 ], [ 120.487971765759767, 24.255925528113163, 0.0 ], [ 120.488497023029936, 24.255709289045242, 0.0 ], [ 120.488839080646699, 24.255568904712451, 0.0 ], [ 120.489090649185641, 24.255464043288381, 0.0 ], [ 120.489284268692018, 24.255380026285771, 0.0 ], [ 120.489780227471925, 24.255164815906312, 0.0 ], [ 120.490018322828675, 24.255061499507129, 0.0 ], [ 120.49007217158082, 24.254939763007322, 0.0 ], [ 120.490000332738674, 24.254788443143134, 0.0 ], [ 120.489913495547768, 24.254605532118497, 0.0 ], [ 120.489863913162623, 24.254499639400937, 0.0 ], [ 120.489862257541773, 24.254500426228962, 0.0 ], [ 120.489801663026739, 24.254376122348393, 0.0 ], [ 120.489442893057259, 24.25364015147408, 0.0 ], [ 120.489110258209749, 24.25301415902636, 0.0 ], [ 120.488891201243064, 24.252560748223928, 0.0 ], [ 120.488757374096167, 24.25234029867023, 0.0 ], [ 120.488392740286258, 24.251460962463689, 0.0 ], [ 120.488087727056509, 24.250760011586813, 0.0 ], [ 120.487648243117292, 24.24975266538479, 0.0 ], [ 120.487173697098228, 24.248613627860951, 0.0 ], [ 120.486756079948364, 24.247660157480261, 0.0 ], [ 120.486314586640688, 24.246663603983453, 0.0 ], [ 120.486197298583534, 24.246354605623946, 0.0 ], [ 120.485831494658072, 24.245540313671825, 0.0 ], [ 120.485455889966474, 24.244601450956626, 0.0 ], [ 120.484996732941539, 24.24354056444821, 0.0 ], [ 120.484725294284075, 24.242910414760221, 0.0 ], [ 120.484645008171569, 24.242677791580665, 0.0 ], [ 120.484372653525128, 24.242051382989359, 0.0 ], [ 120.484126093169351, 24.241517440823152, 0.0 ], [ 120.48368914404395, 24.240453605290895, 0.0 ], [ 120.483253146497617, 24.239481451887968, 0.0 ], [ 120.48299979325256, 24.238894375233318, 0.0 ], [ 120.482546527311868, 24.237853983620994, 0.0 ], [ 120.482540235269269, 24.237838781377434, 0.0 ], [ 120.482536826766093, 24.237830412747034, 0.0 ], [ 120.482533014521493, 24.237821051774407, 0.0 ], [ 120.482466623909048, 24.237658048396838, 0.0 ], [ 120.482096034351656, 24.23778173345249, 0.0 ], [ 120.482029238711277, 24.237804026319573, 0.0 ], [ 120.480967942632176, 24.238216824112325, 0.0 ], [ 120.480941486307259, 24.23822629851508, 0.0 ], [ 120.480502284379611, 24.238370333563523, 0.0 ], [ 120.480131596092576, 24.238491898887901, 0.0 ], [ 120.479887290574027, 24.238572018617955, 0.0 ], [ 120.47993421805954, 24.238702959004694, 0.0 ], [ 120.479934403356111, 24.238702897086231, 0.0 ], [ 120.480263939592703, 24.239530601598407, 0.0 ], [ 120.480599183293009, 24.240267462305276, 0.0 ], [ 120.480772374193009, 24.240601136880521, 0.0 ], [ 120.480810207928641, 24.24072475785869, 0.0 ], [ 120.480806013726536, 24.240885791228262, 0.0 ], [ 120.480756451129494, 24.24101694564342, 0.0 ], [ 120.480685794475733, 24.241110403008467, 0.0 ], [ 120.480615270025353, 24.24116881568261, 0.0 ], [ 120.480502870315902, 24.241223300550814, 0.0 ], [ 120.480393290480919, 24.241244228494278, 0.0 ], [ 120.480273048772759, 24.241252015422742, 0.0 ], [ 120.480137526719261, 24.24124595025301, 0.0 ], [ 120.48001093474322, 24.241204834457111, 0.0 ], [ 120.479915350631074, 24.241144856766709, 0.0 ], [ 120.479856179066502, 24.241089221923517, 0.0 ], [ 120.479787062452743, 24.240991374741551, 0.0 ], [ 120.479551873966273, 24.240524727202455, 0.0 ], [ 120.4791263997394, 24.239629895894044, 0.0 ], [ 120.478998919401135, 24.239307520888072, 0.0 ], [ 120.478851558451353, 24.238931513126428, 0.0 ], [ 120.478400883410274, 24.239094311061766, 0.0 ], [ 120.477775745763026, 24.23932012999915, 0.0 ], [ 120.476819987933851, 24.239665644789284, 0.0 ], [ 120.476415312557947, 24.239811993001751, 0.0 ], [ 120.476116904001984, 24.239919910020038, 0.0 ], [ 120.475667507782887, 24.240082373977661, 0.0 ], [ 120.47547298325199, 24.24015244131164, 0.0 ], [ 120.475325614728391, 24.240205523163979, 0.0 ], [ 120.475282921908288, 24.240220901799258, 0.0 ], [ 120.475245266771608, 24.240233007220468, 0.0 ], [ 120.475221950803103, 24.240238942094383, 0.0 ], [ 120.47519221610824, 24.240244857063487, 0.0 ], [ 120.475161887541176, 24.240249041783272, 0.0 ], [ 120.475138745391305, 24.240251008924925, 0.0 ], [ 120.475115899656103, 24.240251923118642, 0.0 ], [ 120.4750975774963, 24.240251921332515, 0.0 ], [ 120.475082714043793, 24.240251440808603, 0.0 ], [ 120.475053320143857, 24.240249218915555, 0.0 ], [ 120.475034586708958, 24.240246914041055, 0.0 ], [ 120.474722811237498, 24.240362060055187, 0.0 ], [ 120.474478251560996, 24.240452381275187, 0.0 ], [ 120.474272101606616, 24.24052851809255, 0.0 ], [ 120.473864192889195, 24.240679168660332, 0.0 ], [ 120.473379248606065, 24.240858269551051, 0.0 ], [ 120.47321700847499, 24.240918365050337, 0.0 ], [ 120.472923437922987, 24.241062916662425, 0.0 ], [ 120.472430848124858, 24.241252932582764, 0.0 ], [ 120.472356997178508, 24.24127631862001, 0.0 ], [ 120.472265384222723, 24.241289236054968, 0.0 ], [ 120.472205961496797, 24.241288711477409, 0.0 ], [ 120.472095167260917, 24.241268842989431, 0.0 ], [ 120.472007014862697, 24.241233537880873, 0.0 ], [ 120.471908588827205, 24.241167596033335, 0.0 ], [ 120.471854445304643, 24.241113901258529, 0.0 ], [ 120.471791450852706, 24.241023084673319, 0.0 ], [ 120.471478172136429, 24.240388928397916, 0.0 ], [ 120.471453181597511, 24.240327007945673, 0.0 ], [ 120.47143600827971, 24.240239534485735, 0.0 ], [ 120.471434973318054, 24.240184941654313, 0.0 ], [ 120.471447202262169, 24.240103044132688, 0.0 ], [ 120.471016443469097, 24.23912096318508, 0.0 ], [ 120.470719076397103, 24.238407688193664, 0.0 ], [ 120.470368170311033, 24.237616876996015, 0.0 ], [ 120.469927076309403, 24.236593588218568, 0.0 ], [ 120.469449556510398, 24.235484319796512, 0.0 ], [ 120.467153607397393, 24.230174579512262, 0.0 ], [ 120.467100038576916, 24.230121889780939, 0.0 ], [ 120.46702485029806, 24.230052090005014, 0.0 ], [ 120.466988005523305, 24.230012065438412, 0.0 ], [ 120.466955808706004, 24.229967814189358, 0.0 ], [ 120.466928734244391, 24.229919989154947, 0.0 ], [ 120.46679911823918, 24.22964768912334, 0.0 ], [ 120.466566920956268, 24.229159170588048, 0.0 ], [ 120.46584882551592, 24.22749060167569, 0.0 ], [ 120.463794532610834, 24.222624945087645, 0.0 ], [ 120.462129866431724, 24.218720348665997, 0.0 ] ] ], [ [ [ 120.667904850059685, 24.496876713840692, 0.0 ], [ 120.667820380942629, 24.496875335460082, 0.0 ], [ 120.667331090610759, 24.497027897979333, 0.0 ], [ 120.667329410906035, 24.497026382860973, 0.0 ], [ 120.667249785485495, 24.497051210287307, 0.0 ], [ 120.66716596486593, 24.497076150929587, 0.0 ], [ 120.667076478359363, 24.497089901936832, 0.0 ], [ 120.667020547286242, 24.497090783123006, 0.0 ], [ 120.666946217616868, 24.497085735441626, 0.0 ], [ 120.666875880304218, 24.497080627581362, 0.0 ], [ 120.666811090332061, 24.497077045215821, 0.0 ], [ 120.666729723340367, 24.497062589274346, 0.0 ], [ 120.66665368538348, 24.497034128531958, 0.0 ], [ 120.666567602807362, 24.496979943276553, 0.0 ], [ 120.666516955916762, 24.496932549673907, 0.0 ], [ 120.66647046591558, 24.496872233543314, 0.0 ], [ 120.666446978344979, 24.496831146195031, 0.0 ], [ 120.66641594045231, 24.49675148633693, 0.0 ], [ 120.666404106320073, 24.496697186180398, 0.0 ], [ 120.666398870739599, 24.496630860611699, 0.0 ], [ 120.666403220058527, 24.496566273759608, 0.0 ], [ 120.666417477771887, 24.496500650384593, 0.0 ], [ 120.666437761485867, 24.496445725709997, 0.0 ], [ 120.66646451094411, 24.496395260923318, 0.0 ], [ 120.666505526846279, 24.496332973217669, 0.0 ], [ 120.666540077939302, 24.496292617137811, 0.0 ], [ 120.666592374170108, 24.496245061251983, 0.0 ], [ 120.666649333333893, 24.496206321650416, 0.0 ], [ 120.666715891332146, 24.496173905623738, 0.0 ], [ 120.666763576280658, 24.496157685161819, 0.0 ], [ 120.6668525873541, 24.496140958053186, 0.0 ], [ 120.666913929341931, 24.496134272397821, 0.0 ], [ 120.666998929553401, 24.496106018488003, 0.0 ], [ 120.66720916944027, 24.495119134211475, 0.0 ], [ 120.667195163432652, 24.495117069858189, 0.0 ], [ 120.667119934025976, 24.495095041733947, 0.0 ], [ 120.667064334226524, 24.495070275877051, 0.0 ], [ 120.667020535244532, 24.49504482042575, 0.0 ], [ 120.666981506479004, 24.495016867878991, 0.0 ], [ 120.66692390913542, 24.494963943729346, 0.0 ], [ 120.666895045114728, 24.494930094946334, 0.0 ], [ 120.666842772038976, 24.494859786303007, 0.0 ], [ 120.666812892688512, 24.494802550641818, 0.0 ], [ 120.666791009672792, 24.494737183622444, 0.0 ], [ 120.666780235806385, 24.494671508111388, 0.0 ], [ 120.666779644772618, 24.494608678180981, 0.0 ], [ 120.666787772826837, 24.494549273287728, 0.0 ], [ 120.666798113878016, 24.494509670292331, 0.0 ], [ 120.666821589493779, 24.494450720190308, 0.0 ], [ 120.666838477364635, 24.494419516689184, 0.0 ], [ 120.666860723231807, 24.494385981353062, 0.0 ], [ 120.666885004536638, 24.494355896811459, 0.0 ], [ 120.666912180527319, 24.494327924136964, 0.0 ], [ 120.666946659222589, 24.494294282701695, 0.0 ], [ 120.666895271857115, 24.494225113412217, 0.0 ], [ 120.666855363261405, 24.494139246028993, 0.0 ], [ 120.666834647821005, 24.494077696426391, 0.0 ], [ 120.666806722136002, 24.494009807805661, 0.0 ], [ 120.666784950352593, 24.493979673029539, 0.0 ], [ 120.666752207815051, 24.493927019316306, 0.0 ], [ 120.666715704600023, 24.493831906989403, 0.0 ], [ 120.666672162066206, 24.493658682939007, 0.0 ], [ 120.666482044074968, 24.493493471635546, 0.0 ], [ 120.666427922362558, 24.493424062255798, 0.0 ], [ 120.666350579973681, 24.493301976587667, 0.0 ], [ 120.666311205751043, 24.493239825218634, 0.0 ], [ 120.666202330336063, 24.493106836877885, 0.0 ], [ 120.666136999604845, 24.493027036715688, 0.0 ], [ 120.666056050896458, 24.492982701257027, 0.0 ], [ 120.665990376116596, 24.492939863882288, 0.0 ], [ 120.665922732403459, 24.492875502434433, 0.0 ], [ 120.665872501345433, 24.492804992207393, 0.0 ], [ 120.665678726496125, 24.492466429689866, 0.0 ], [ 120.665645533239257, 24.492384759535671, 0.0 ], [ 120.665628145995797, 24.492312518540956, 0.0 ], [ 120.665609908512437, 24.492233705557759, 0.0 ], [ 120.665596151732046, 24.492158666448084, 0.0 ], [ 120.665594883535604, 24.492093859129479, 0.0 ], [ 120.665604657353683, 24.492025260737442, 0.0 ], [ 120.665640599435363, 24.491926995316959, 0.0 ], [ 120.665668882135918, 24.49187166091766, 0.0 ], [ 120.665658799000738, 24.491843026482762, 0.0 ], [ 120.665648728075979, 24.491794074822074, 0.0 ], [ 120.665568138874931, 24.491723594211368, 0.0 ], [ 120.665534822293438, 24.491685895054182, 0.0 ], [ 120.665487798437184, 24.491616095089942, 0.0 ], [ 120.665440810485137, 24.491541256033223, 0.0 ], [ 120.665405105778049, 24.491484387716778, 0.0 ], [ 120.665364748962347, 24.491401946867956, 0.0 ], [ 120.665342675340511, 24.491315133696919, 0.0 ], [ 120.665329582981812, 24.491246644728474, 0.0 ], [ 120.665315841313813, 24.491174751657773, 0.0 ], [ 120.665304422099766, 24.491115012921139, 0.0 ], [ 120.665298169003208, 24.491009490968359, 0.0 ], [ 120.665310438440287, 24.490932723165905, 0.0 ], [ 120.665332801984718, 24.490867857994743, 0.0 ], [ 120.665393410585438, 24.490769195107617, 0.0 ], [ 120.665500929028539, 24.490637200638744, 0.0 ], [ 120.66553763836383, 24.490597196712397, 0.0 ], [ 120.665583282709548, 24.490558202035199, 0.0 ], [ 120.665806076005396, 24.490391048879498, 0.0 ], [ 120.665857391822769, 24.490346992044543, 0.0 ], [ 120.665857658876888, 24.490323661110398, 0.0 ], [ 120.665852929613123, 24.49027596768482, 0.0 ], [ 120.665787751401325, 24.490129021759884, 0.0 ], [ 120.665767733143738, 24.490072734666644, 0.0 ], [ 120.665758734655896, 24.490032899130384, 0.0 ], [ 120.665732031940806, 24.489880286010894, 0.0 ], [ 120.665726499779765, 24.489831270784379, 0.0 ], [ 120.665726774003772, 24.489781945111037, 0.0 ], [ 120.665732850802186, 24.489732994424148, 0.0 ], [ 120.665744645732261, 24.489685098945444, 0.0 ], [ 120.665761994890062, 24.489638924234121, 0.0 ], [ 120.665784657190429, 24.489595111936826, 0.0 ], [ 120.665861159853279, 24.48946491477928, 0.0 ], [ 120.665898246530077, 24.489393603533486, 0.0 ], [ 120.665928333614929, 24.489270124084577, 0.0 ], [ 120.665928603949936, 24.488924581585781, 0.0 ], [ 120.665729097915317, 24.488515274711375, 0.0 ], [ 120.665583610120379, 24.488207077195309, 0.0 ], [ 120.665567809228023, 24.488168977917461, 0.0 ], [ 120.665555801646605, 24.488129518556679, 0.0 ], [ 120.665547701993077, 24.488089075772645, 0.0 ], [ 120.665530612030892, 24.487974370929653, 0.0 ], [ 120.665526265238995, 24.487925038809948, 0.0 ], [ 120.665527826185084, 24.487875540162829, 0.0 ], [ 120.665535272638039, 24.487826579944535, 0.0 ], [ 120.665548498546258, 24.487778855443729, 0.0 ], [ 120.665474572922648, 24.487706034064409, 0.0 ], [ 120.665324304885843, 24.487496115504168, 0.0 ], [ 120.665222435809696, 24.487311293932649, 0.0 ], [ 120.665204066803753, 24.487273674041059, 0.0 ], [ 120.665128674130159, 24.487087695796525, 0.0 ], [ 120.664873586718358, 24.486516689652124, 0.0 ], [ 120.664456324871225, 24.485745767056486, 0.0 ], [ 120.664439272958788, 24.485710559807128, 0.0 ], [ 120.664424837809392, 24.485671904814826, 0.0 ], [ 120.664266459565042, 24.48517444061379, 0.0 ], [ 120.664102559480369, 24.484419858769712, 0.0 ], [ 120.664094633760413, 24.484365907135977, 0.0 ], [ 120.664093785207555, 24.484311383051512, 0.0 ], [ 120.664100028207812, 24.484257210911121, 0.0 ], [ 120.664113256918526, 24.484204309143376, 0.0 ], [ 120.664133247061244, 24.484153574638036, 0.0 ], [ 120.664159659725982, 24.48410586754235, 0.0 ], [ 120.664304929184112, 24.483876451837972, 0.0 ], [ 120.664337338231661, 24.483832580659982, 0.0 ], [ 120.664374360622659, 24.483792526082901, 0.0 ], [ 120.664415550234239, 24.483756770768672, 0.0 ], [ 120.664460410726605, 24.483725745572396, 0.0 ], [ 120.664508401526959, 24.483699824351131, 0.0 ], [ 120.664558944340101, 24.483679319458215, 0.0 ], [ 120.664611430119834, 24.483664477979605, 0.0 ], [ 120.664665226408019, 24.483655478757061, 0.0 ], [ 120.664871957279942, 24.483629732938621, 0.0 ], [ 120.665246805685882, 24.483189261076252, 0.0 ], [ 120.665135291637043, 24.483053881039801, 0.0 ], [ 120.664836898927405, 24.482705276971348, 0.0 ], [ 120.664795402874091, 24.482648396709603, 0.0 ], [ 120.66467936302783, 24.482457303636547, 0.0 ], [ 120.664658411280556, 24.482424120372933, 0.0 ], [ 120.664646306253857, 24.482406898749122, 0.0 ], [ 120.66463394944671, 24.482389317576025, 0.0 ], [ 120.664580010881281, 24.48231257367447, 0.0 ], [ 120.664563734708722, 24.482289418330168, 0.0 ], [ 120.664526428860512, 24.482236341672969, 0.0 ], [ 120.664480848082093, 24.482171488883655, 0.0 ], [ 120.664464060623885, 24.482147607091651, 0.0 ], [ 120.664393199323953, 24.4820467878816, 0.0 ], [ 120.664372110127232, 24.48201678168267, 0.0 ], [ 120.664301752581181, 24.481916678829545, 0.0 ], [ 120.664285530342426, 24.481893599216701, 0.0 ], [ 120.664222783805116, 24.481805284762995, 0.0 ], [ 120.664147017754757, 24.481698646759089, 0.0 ], [ 120.664133139041823, 24.481681819211602, 0.0 ], [ 120.664058275534643, 24.481591046116048, 0.0 ], [ 120.663987218943575, 24.481504890397584, 0.0 ], [ 120.663931975428085, 24.481437905700162, 0.0 ], [ 120.6638779677222, 24.481372423201449, 0.0 ], [ 120.66385172123384, 24.481340598596116, 0.0 ], [ 120.663761392626128, 24.481239557374142, 0.0 ], [ 120.663584285967872, 24.481043331225202, 0.0 ], [ 120.663503507423542, 24.480982066898804, 0.0 ], [ 120.663428360953816, 24.480925072684805, 0.0 ], [ 120.66341478194839, 24.480914775158247, 0.0 ], [ 120.663401912544359, 24.480904668243809, 0.0 ], [ 120.663382264442546, 24.480887760383634, 0.0 ], [ 120.66336617000124, 24.480872406857575, 0.0 ], [ 120.663350455729386, 24.480855909204724, 0.0 ], [ 120.663340215171473, 24.480844240718248, 0.0 ], [ 120.663329421791076, 24.480831049889751, 0.0 ], [ 120.66332656689039, 24.480827390495008, 0.0 ], [ 120.663297027985763, 24.480789014690245, 0.0 ], [ 120.663201385701072, 24.480664759890907, 0.0 ], [ 120.663158838679664, 24.480609485062661, 0.0 ], [ 120.663101727010684, 24.480535286799487, 0.0 ], [ 120.663030033019652, 24.48044114930363, 0.0 ], [ 120.662813197482777, 24.480142644591833, 0.0 ], [ 120.662789492597938, 24.480121264304405, 0.0 ], [ 120.662638980260738, 24.47998551103338, 0.0 ], [ 120.66253672090221, 24.479893277849634, 0.0 ], [ 120.662507433817908, 24.479866863548484, 0.0 ], [ 120.662460128101728, 24.479824194763545, 0.0 ], [ 120.662416998874789, 24.479785296101642, 0.0 ], [ 120.662391730255365, 24.479762504139583, 0.0 ], [ 120.662380724831621, 24.479752577653944, 0.0 ], [ 120.662373112016155, 24.479745712304254, 0.0 ], [ 120.662361021671074, 24.479732368644903, 0.0 ], [ 120.662345116049394, 24.479714711612264, 0.0 ], [ 120.662348227074247, 24.479721267158787, 0.0 ], [ 120.662265963904986, 24.479616121894381, 0.0 ], [ 120.66216041245157, 24.479472467188291, 0.0 ], [ 120.66207716701166, 24.479359169014419, 0.0 ], [ 120.662022826060209, 24.479261282879875, 0.0 ], [ 120.661959603503931, 24.479101870095882, 0.0 ], [ 120.661905236826954, 24.478964783066164, 0.0 ], [ 120.661852353303004, 24.478876001262588, 0.0 ], [ 120.66170017040298, 24.478620434556621, 0.0 ], [ 120.661632266399181, 24.478503011115901, 0.0 ], [ 120.661542077065803, 24.478347051275669, 0.0 ], [ 120.661452257973508, 24.47822629061109, 0.0 ], [ 120.661369481830945, 24.478114997906935, 0.0 ], [ 120.661338365765744, 24.478067086773219, 0.0 ], [ 120.661299763630893, 24.47797425994721, 0.0 ], [ 120.661228972286324, 24.477724342176103, 0.0 ], [ 120.661218430896568, 24.477675892134272, 0.0 ], [ 120.661164472829981, 24.47730986944012, 0.0 ], [ 120.661160163178977, 24.477302747386794, 0.0 ], [ 120.661143344376967, 24.477194481862583, 0.0 ], [ 120.661023050172332, 24.477071021199066, 0.0 ], [ 120.660817538318213, 24.476854182986607, 0.0 ], [ 120.660783660503242, 24.476813610154021, 0.0 ], [ 120.66074340607868, 24.476759287390294, 0.0 ], [ 120.660703628987392, 24.476705608397502, 0.0 ], [ 120.660524187764111, 24.476578008602264, 0.0 ], [ 120.660511474683346, 24.476568657631073, 0.0 ], [ 120.660486781723151, 24.476548548942972, 0.0 ], [ 120.660467740193383, 24.476531964285773, 0.0 ], [ 120.660411033965218, 24.476482576047392, 0.0 ], [ 120.660209445835747, 24.476305929902782, 0.0 ], [ 120.660152268469417, 24.476249923993315, 0.0 ], [ 120.659869947351638, 24.475973386797897, 0.0 ], [ 120.65972424712875, 24.475862477691823, 0.0 ], [ 120.659541289864649, 24.475723210356222, 0.0 ], [ 120.65949630496921, 24.475684350821918, 0.0 ], [ 120.659482431674363, 24.47567017595426, 0.0 ], [ 120.659382631740471, 24.475563771858571, 0.0 ], [ 120.65931471799621, 24.475491364672187, 0.0 ], [ 120.659220307614589, 24.475390707394826, 0.0 ], [ 120.659183348600266, 24.475351303296542, 0.0 ], [ 120.659157855233573, 24.475321706638081, 0.0 ], [ 120.659126826771129, 24.475277135473178, 0.0 ], [ 120.659094307113548, 24.475223767196457, 0.0 ], [ 120.658883515348364, 24.474877831955691, 0.0 ], [ 120.658450930561855, 24.474444904541222, 0.0 ], [ 120.65840746540043, 24.474401405072822, 0.0 ], [ 120.658384115250698, 24.474376249289225, 0.0 ], [ 120.658121215795447, 24.474071060715989, 0.0 ], [ 120.657831855362403, 24.473735154118145, 0.0 ], [ 120.657676949308367, 24.473555332112337, 0.0 ], [ 120.657291612480691, 24.473144405183263, 0.0 ], [ 120.657185873382133, 24.473031644054814, 0.0 ], [ 120.657160409943842, 24.473002078261931, 0.0 ], [ 120.657132697043423, 24.472962861389892, 0.0 ], [ 120.65681563468857, 24.472458771461866, 0.0 ], [ 120.656579732128463, 24.472177001354698, 0.0 ], [ 120.656469437357856, 24.472045260815339, 0.0 ], [ 120.65636886802865, 24.471958154856651, 0.0 ], [ 120.656261732133459, 24.471865361197867, 0.0 ], [ 120.656182705478187, 24.471789730214962, 0.0 ], [ 120.655995823006194, 24.471569691984278, 0.0 ], [ 120.655906572999385, 24.471461755316874, 0.0 ], [ 120.655780637839314, 24.471282992377628, 0.0 ], [ 120.655676841155497, 24.471135653808936, 0.0 ], [ 120.655542084818919, 24.470944369113131, 0.0 ], [ 120.655453360599878, 24.470818426638537, 0.0 ], [ 120.655348689537078, 24.470675681552006, 0.0 ], [ 120.65525501619598, 24.470551787045299, 0.0 ], [ 120.65513976506557, 24.470399356199394, 0.0 ], [ 120.655056142200152, 24.470288755118716, 0.0 ], [ 120.654973054677654, 24.470178863687487, 0.0 ], [ 120.654875320613471, 24.470049598221078, 0.0 ], [ 120.654476226543494, 24.469586142541871, 0.0 ], [ 120.654320763364282, 24.469405608467092, 0.0 ], [ 120.654249120226652, 24.469321314586942, 0.0 ], [ 120.653987685603894, 24.468980855329693, 0.0 ], [ 120.653667841920424, 24.468651968755768, 0.0 ], [ 120.653468706205217, 24.468447202102674, 0.0 ], [ 120.653223562956569, 24.468195128111141, 0.0 ], [ 120.652719202018162, 24.467721812301157, 0.0 ], [ 120.652627992591107, 24.467636217158446, 0.0 ], [ 120.652477188826424, 24.467518921035051, 0.0 ], [ 120.652405814880922, 24.467463405057824, 0.0 ], [ 120.652341819930271, 24.467413630989565, 0.0 ], [ 120.652293088575462, 24.467375725955225, 0.0 ], [ 120.652278071374454, 24.467363602562294, 0.0 ], [ 120.652253948687886, 24.467341786476609, 0.0 ], [ 120.652229297968603, 24.467315952511989, 0.0 ], [ 120.65220553654639, 24.467286732000463, 0.0 ], [ 120.652184546394579, 24.467256184302542, 0.0 ], [ 120.652077214637544, 24.467084756858938, 0.0 ], [ 120.651991605974231, 24.466948022705335, 0.0 ], [ 120.651843950878302, 24.466712189159939, 0.0 ], [ 120.651648387006517, 24.466394286312799, 0.0 ], [ 120.65142088350467, 24.466024464192135, 0.0 ], [ 120.651242001047876, 24.465809459452618, 0.0 ], [ 120.651155797992729, 24.465705850940445, 0.0 ], [ 120.651138882109763, 24.465685519722815, 0.0 ], [ 120.651111343048584, 24.46565242022281, 0.0 ], [ 120.651103985738487, 24.465643343197112, 0.0 ], [ 120.651073997033578, 24.465600462163948, 0.0 ], [ 120.650845408588367, 24.465228999455025, 0.0 ], [ 120.650809534479336, 24.465170704909852, 0.0 ], [ 120.65076911123063, 24.465105014434545, 0.0 ], [ 120.650741595667469, 24.465060300568862, 0.0 ], [ 120.650720444422973, 24.465025930091731, 0.0 ], [ 120.650702690745334, 24.464997080833498, 0.0 ], [ 120.650700318510658, 24.464977976811113, 0.0 ], [ 120.650679182573427, 24.46495914431712, 0.0 ], [ 120.650417202631274, 24.46444365678714, 0.0 ], [ 120.650403216401529, 24.464400904789461, 0.0 ], [ 120.650393843562625, 24.464356910496313, 0.0 ], [ 120.65034684573574, 24.46405745528013, 0.0 ], [ 120.650342085445587, 24.464003833096651, 0.0 ], [ 120.650344209804075, 24.463950041963493, 0.0 ], [ 120.65035318404513, 24.46389696219412, 0.0 ], [ 120.650368861301573, 24.463845462460721, 0.0 ], [ 120.650390985009409, 24.463796385577169, 0.0 ], [ 120.650419193104327, 24.463750534707071, 0.0 ], [ 120.650496504596077, 24.46363956661402, 0.0 ], [ 120.65015012798176, 24.463621275079358, 0.0 ], [ 120.650104170443228, 24.463613007761307, 0.0 ], [ 120.650059117569768, 24.463600732482931, 0.0 ], [ 120.650015318184501, 24.46358454428567, 0.0 ], [ 120.649598615757469, 24.463408569577233, 0.0 ], [ 120.649119737874798, 24.463190148032563, 0.0 ], [ 120.648536524071332, 24.462869298555649, 0.0 ], [ 120.648473944823763, 24.462828474155245, 0.0 ], [ 120.647892293174436, 24.46237674033388, 0.0 ], [ 120.647850435150744, 24.462343753184168, 0.0 ], [ 120.647802045132721, 24.4623026215307, 0.0 ], [ 120.647731448937165, 24.462242615001188, 0.0 ], [ 120.646693641802585, 24.462413574706222, 0.0 ], [ 120.646125482355941, 24.462507168465958, 0.0 ], [ 120.645710670719836, 24.462561441029163, 0.0 ], [ 120.645655625856648, 24.462567376728561, 0.0 ], [ 120.645589559715049, 24.462566243352647, 0.0 ], [ 120.645529688626169, 24.462557378544389, 0.0 ], [ 120.645471648662451, 24.462541263123587, 0.0 ], [ 120.645399049387024, 24.462509365066026, 0.0 ], [ 120.645322704393806, 24.46245828915314, 0.0 ], [ 120.645272432492447, 24.462411013623647, 0.0 ], [ 120.645241561300821, 24.46237314840161, 0.0 ], [ 120.645216641091324, 24.462336975125496, 0.0 ], [ 120.645199294249394, 24.462307482061497, 0.0 ], [ 120.645175378408865, 24.462254681349251, 0.0 ], [ 120.64515284013153, 24.462177187016906, 0.0 ], [ 120.645137413717478, 24.462076502025145, 0.0 ], [ 120.645129414866091, 24.461996827797588, 0.0 ], [ 120.645136413374715, 24.461911400827731, 0.0 ], [ 120.645150267149205, 24.461854579787786, 0.0 ], [ 120.645180086226873, 24.46178179925581, 0.0 ], [ 120.645209064177905, 24.461733078898263, 0.0 ], [ 120.645240014177475, 24.461692696538037, 0.0 ], [ 120.645299849735551, 24.461634637864464, 0.0 ], [ 120.645368854576532, 24.461588567801321, 0.0 ], [ 120.645419885535489, 24.461564751829723, 0.0 ], [ 120.645476571783206, 24.461546578100538, 0.0 ], [ 120.645538900456472, 24.461535480749045, 0.0 ], [ 120.646433608962269, 24.461400588785303, 0.0 ], [ 120.646520327320985, 24.461338164315254, 0.0 ], [ 120.646489494806005, 24.461308673728201, 0.0 ], [ 120.646455086009155, 24.461266277987608, 0.0 ], [ 120.64642627123861, 24.461219898324842, 0.0 ], [ 120.646403506339851, 24.461170268459465, 0.0 ], [ 120.646387151450654, 24.46111817352951, 0.0 ], [ 120.646377465303189, 24.461064437669297, 0.0 ], [ 120.646374601130773, 24.461009910972528, 0.0 ], [ 120.646361006873121, 24.460973337334519, 0.0 ], [ 120.646316445551406, 24.460829429005752, 0.0 ], [ 120.646254761348231, 24.460634105129905, 0.0 ], [ 120.646032243083141, 24.459932302859229, 0.0 ], [ 120.645977279942016, 24.459945882538097, 0.0 ], [ 120.645921128476175, 24.459953119077298, 0.0 ], [ 120.645864518268795, 24.459953918451177, 0.0 ], [ 120.645808184861821, 24.459948270273824, 0.0 ], [ 120.64575286020272, 24.459936247932276, 0.0 ], [ 120.64569926313105, 24.459918007634503, 0.0 ], [ 120.645648090038648, 24.459893786378551, 0.0 ], [ 120.645600005824335, 24.459863898873973, 0.0 ], [ 120.645555635251512, 24.45982873345282, 0.0 ], [ 120.645515554831817, 24.459788747023044, 0.0 ], [ 120.645480285334756, 24.459744459133066, 0.0 ], [ 120.64545028502161, 24.45969644522053, 0.0 ], [ 120.645440468254478, 24.45967481541841, 0.0 ], [ 120.64542594368946, 24.459645329135657, 0.0 ], [ 120.645407577607671, 24.459591775035523, 0.0 ], [ 120.64527955965977, 24.459022095777762, 0.0 ], [ 120.645265494676664, 24.458959822545545, 0.0 ], [ 120.645258038709244, 24.458929642349027, 0.0 ], [ 120.645250810521233, 24.458882697965887, 0.0 ], [ 120.645248452574478, 24.458824603763748, 0.0 ], [ 120.645253480779729, 24.458772004127077, 0.0 ], [ 120.645264986867573, 24.45872043267584, 0.0 ], [ 120.645282793547935, 24.458670684039998, 0.0 ], [ 120.645306626449596, 24.458623524762814, 0.0 ], [ 120.645336118347814, 24.458579681490185, 0.0 ], [ 120.64537081482159, 24.45853982977339, 0.0 ], [ 120.645410181256352, 24.458504583660687, 0.0 ], [ 120.645269963838572, 24.458346728431891, 0.0 ], [ 120.645205087041631, 24.458274827990376, 0.0 ], [ 120.644983732273161, 24.45801121151381, 0.0 ], [ 120.644793305897863, 24.45776843024494, 0.0 ], [ 120.644650187732921, 24.457585962418495, 0.0 ], [ 120.64452360009939, 24.457424569535824, 0.0 ], [ 120.644450014064176, 24.457330752534709, 0.0 ], [ 120.644126480434082, 24.456979109645673, 0.0 ], [ 120.643865782101983, 24.456697439200489, 0.0 ], [ 120.643608156992485, 24.456382505135156, 0.0 ], [ 120.64341141947871, 24.456154287828287, 0.0 ], [ 120.643007165856446, 24.455763979162686, 0.0 ], [ 120.642942026721883, 24.455740845004993, 0.0 ], [ 120.642818818048866, 24.455664228127336, 0.0 ], [ 120.642745649037082, 24.455601999503827, 0.0 ], [ 120.642507727481373, 24.45538915024828, 0.0 ], [ 120.642074602220049, 24.455007958127926, 0.0 ], [ 120.64145889608082, 24.454440795470827, 0.0 ], [ 120.64064341292584, 24.453717854188156, 0.0 ], [ 120.639611690014632, 24.452784497536136, 0.0 ], [ 120.638759631321861, 24.452065761886622, 0.0 ], [ 120.63813819602791, 24.451508715925296, 0.0 ], [ 120.63744897520138, 24.450856906677821, 0.0 ], [ 120.63703935243808, 24.450467148995884, 0.0 ], [ 120.636603505782602, 24.450238476402443, 0.0 ], [ 120.63658070994839, 24.450226456563833, 0.0 ], [ 120.635996880341651, 24.449918612348991, 0.0 ], [ 120.635449211314395, 24.449631308690257, 0.0 ], [ 120.63473295086591, 24.44932977552487, 0.0 ], [ 120.634616825155277, 24.449321647671649, 0.0 ], [ 120.634516369532463, 24.449302418085907, 0.0 ], [ 120.634468026503797, 24.449282898873729, 0.0 ], [ 120.634224963393791, 24.449183195132278, 0.0 ], [ 120.63325518154069, 24.448702621913025, 0.0 ], [ 120.632790167405034, 24.448485828950204, 0.0 ], [ 120.6327298165874, 24.448525758363598, 0.0 ], [ 120.63268534923921, 24.448548171625255, 0.0 ], [ 120.632638426071608, 24.448566126485396, 0.0 ], [ 120.632625676621402, 24.448570529006254, 0.0 ], [ 120.632610601573688, 24.44857538889654, 0.0 ], [ 120.632550185819383, 24.448595500843464, 0.0 ], [ 120.632372572019221, 24.448654628816779, 0.0 ], [ 120.631340738307259, 24.449238303949308, 0.0 ], [ 120.631145576425084, 24.449348701130315, 0.0 ], [ 120.630788616605628, 24.449550622134332, 0.0 ], [ 120.630674778317371, 24.449615016405584, 0.0 ], [ 120.63061573707931, 24.449643682864128, 0.0 ], [ 120.630567907544801, 24.44966064690944, 0.0 ], [ 120.63051130656811, 24.449674305068999, 0.0 ], [ 120.630451317388292, 24.449681745790265, 0.0 ], [ 120.630393749533496, 24.449682360591126, 0.0 ], [ 120.630349492402843, 24.449678513683931, 0.0 ], [ 120.630331035834843, 24.449675781692822, 0.0 ], [ 120.630314861200091, 24.449672830927124, 0.0 ], [ 120.63029734548671, 24.449669037708023, 0.0 ], [ 120.630282087442296, 24.449665215796713, 0.0 ], [ 120.630254540140967, 24.449657060672859, 0.0 ], [ 120.630236774653454, 24.449650912090039, 0.0 ], [ 120.630206706493709, 24.449638828753969, 0.0 ], [ 120.630188914262689, 24.449630631601124, 0.0 ], [ 120.630172713314778, 24.449622447663689, 0.0 ], [ 120.630158768867432, 24.44961482445764, 0.0 ], [ 120.630144940123373, 24.449606709306938, 0.0 ], [ 120.630125594560695, 24.449594363517985, 0.0 ], [ 120.630113251520143, 24.449585843798172, 0.0 ], [ 120.630096990845217, 24.449573791000443, 0.0 ], [ 120.630078504478874, 24.449558846368237, 0.0 ], [ 120.630067740246332, 24.449549478525913, 0.0 ], [ 120.630057997460185, 24.449540539217601, 0.0 ], [ 120.630051677468373, 24.449534491557657, 0.0 ], [ 120.630044517340934, 24.449527389951253, 0.0 ], [ 120.630038421402446, 24.449521120138122, 0.0 ], [ 120.630033427384774, 24.449515826233224, 0.0 ], [ 120.630028768475995, 24.449510751514499, 0.0 ], [ 120.630023364772342, 24.449504692044414, 0.0 ], [ 120.629970645447983, 24.449441394660717, 0.0 ], [ 120.629903739763563, 24.449361064479444, 0.0 ], [ 120.629854534129208, 24.449288483198881, 0.0 ], [ 120.62982792601133, 24.449228357401417, 0.0 ], [ 120.629809959178388, 24.449160153775164, 0.0 ], [ 120.629803467138004, 24.449093591512629, 0.0 ], [ 120.629809320813251, 24.449014273238912, 0.0 ], [ 120.629825076681513, 24.448950705580391, 0.0 ], [ 120.629848487656545, 24.448893921432685, 0.0 ], [ 120.629883825774769, 24.44883531137652, 0.0 ], [ 120.629921482300816, 24.448789811854532, 0.0 ], [ 120.629974923570202, 24.448742269783406, 0.0 ], [ 120.630029669812743, 24.448707351152237, 0.0 ], [ 120.630355375842569, 24.44851612495928, 0.0 ], [ 120.630399657038296, 24.448493049348041, 0.0 ], [ 120.630445934159525, 24.448474551735178, 0.0 ], [ 120.630489411351959, 24.448461824273586, 0.0 ], [ 120.630556119791336, 24.448450283325261, 0.0 ], [ 120.631010894695805, 24.448193599749416, 0.0 ], [ 120.631308182916527, 24.447822127022853, 0.0 ], [ 120.631291045503758, 24.44781766224391, 0.0 ], [ 120.631272428442799, 24.447811872346982, 0.0 ], [ 120.631253069062382, 24.447804912694732, 0.0 ], [ 120.631218456366355, 24.447789933917601, 0.0 ], [ 120.631191676783715, 24.447775913764932, 0.0 ], [ 120.631173877646333, 24.447765301099498, 0.0 ], [ 120.631155856102055, 24.447753399551704, 0.0 ], [ 120.631140451896272, 24.447742218729516, 0.0 ], [ 120.631121182995329, 24.447726784456862, 0.0 ], [ 120.631106598395149, 24.447713906830032, 0.0 ], [ 120.631091142872393, 24.447698985458729, 0.0 ], [ 120.631076136921266, 24.447683066466382, 0.0 ], [ 120.631066627523182, 24.447672143215769, 0.0 ], [ 120.631055112976924, 24.447657924501417, 0.0 ], [ 120.631048774055557, 24.447649569376615, 0.0 ], [ 120.631018881389423, 24.44760297604871, 0.0 ], [ 120.631005733654106, 24.447576332228053, 0.0 ], [ 120.630976959425197, 24.447503748481562, 0.0 ], [ 120.630964988783489, 24.447451140483746, 0.0 ], [ 120.630959259043607, 24.447397492857487, 0.0 ], [ 120.630959848998828, 24.447343543347259, 0.0 ], [ 120.630966783121835, 24.447279153383484, 0.0 ], [ 120.630970923298605, 24.447240707883182, 0.0 ], [ 120.630977932294968, 24.44717562264556, 0.0 ], [ 120.630980930806686, 24.447147778597419, 0.0 ], [ 120.630984394152179, 24.44711561812257, 0.0 ], [ 120.63098932963031, 24.447069787488726, 0.0 ], [ 120.630995063839904, 24.447016539867672, 0.0 ], [ 120.631006252149163, 24.446943591103839, 0.0 ], [ 120.631021281574704, 24.446893786832003, 0.0 ], [ 120.631042263687277, 24.446846183260057, 0.0 ], [ 120.631068886218259, 24.446801488853687, 0.0 ], [ 120.631604362638996, 24.446009794512136, 0.0 ], [ 120.631605958083, 24.445914102342002, 0.0 ], [ 120.63158406568823, 24.445707207684521, 0.0 ], [ 120.631586312605009, 24.445661273935457, 0.0 ], [ 120.631605917159845, 24.445571554711417, 0.0 ], [ 120.631699261386416, 24.445298546870347, 0.0 ], [ 120.631955802218741, 24.444699624423617, 0.0 ], [ 120.631899303405589, 24.444709263014669, 0.0 ], [ 120.631842093627043, 24.444712735700655, 0.0 ], [ 120.631784843790129, 24.444710001756917, 0.0 ], [ 120.631728225270635, 24.44470109324477, 0.0 ], [ 120.63166508940094, 24.444680735005939, 0.0 ], [ 120.631619546709757, 24.444662514246268, 0.0 ], [ 120.631451746997627, 24.444585707612553, 0.0 ], [ 120.631204668273085, 24.444471189877124, 0.0 ], [ 120.63107249266784, 24.444398862282203, 0.0 ], [ 120.630822971039606, 24.444262319465125, 0.0 ], [ 120.630537210541661, 24.444121069503019, 0.0 ], [ 120.63015491731494, 24.443929049958921, 0.0 ], [ 120.629809476651758, 24.443754662300993, 0.0 ], [ 120.629610386548848, 24.443700101243635, 0.0 ], [ 120.62954400132152, 24.443681907807907, 0.0 ], [ 120.629465004984596, 24.44366612798564, 0.0 ], [ 120.629375494528844, 24.443648246117235, 0.0 ], [ 120.629276649734621, 24.443628500034617, 0.0 ], [ 120.629221557584287, 24.443620225537085, 0.0 ], [ 120.629175703090368, 24.443608934696957, 0.0 ], [ 120.629131056310598, 24.443593546950414, 0.0 ], [ 120.629087982472583, 24.443574188175219, 0.0 ], [ 120.628926690878089, 24.44349250511403, 0.0 ], [ 120.628885402709329, 24.443469163054726, 0.0 ], [ 120.628846594672495, 24.443441895841332, 0.0 ], [ 120.628810638670757, 24.443410964779737, 0.0 ], [ 120.62877787927539, 24.443376666286269, 0.0 ], [ 120.628669538891813, 24.443250021540916, 0.0 ], [ 120.628651993661151, 24.443224561131448, 0.0 ], [ 120.628548377095271, 24.44321022788899, 0.0 ], [ 120.628440621081609, 24.443209378138317, 0.0 ], [ 120.628529948060972, 24.443299752291409, 0.0 ], [ 120.62856107964204, 24.443342953245697, 0.0 ], [ 120.628586682674822, 24.443389643528125, 0.0 ], [ 120.628606371238092, 24.443439119363131, 0.0 ], [ 120.628619848559993, 24.443490634987604, 0.0 ], [ 120.628626936215042, 24.443540688046721, 0.0 ], [ 120.628631208393926, 24.443606811128308, 0.0 ], [ 120.628631568507117, 24.443655119934657, 0.0 ], [ 120.628626996153002, 24.443700473789544, 0.0 ], [ 120.62861752172148, 24.443745062058277, 0.0 ], [ 120.628607889602563, 24.443773273897541, 0.0 ], [ 120.62860325745568, 24.443788356507024, 0.0 ], [ 120.628584372342758, 24.443829844228905, 0.0 ], [ 120.628548055490342, 24.44389985833471, 0.0 ], [ 120.628519253768573, 24.443946564351918, 0.0 ], [ 120.62848539090713, 24.44398974186732, 0.0 ], [ 120.628446895006277, 24.444028845023592, 0.0 ], [ 120.628404252737127, 24.444063379471586, 0.0 ], [ 120.628358003190527, 24.444092908621375, 0.0 ], [ 120.628308731061765, 24.444117059160206, 0.0 ], [ 120.62825705925647, 24.444135525772776, 0.0 ], [ 120.628203641019311, 24.444148075001472, 0.0 ], [ 120.628122461765969, 24.444163633605136, 0.0 ], [ 120.628064400717207, 24.444171494170639, 0.0 ], [ 120.628005829028297, 24.444172987872165, 0.0 ], [ 120.627922397552751, 24.444170573266621, 0.0 ], [ 120.627861065306291, 24.444165288932378, 0.0 ], [ 120.627800754806771, 24.444152951496061, 0.0 ], [ 120.627742274374882, 24.444133726311758, 0.0 ], [ 120.627522348468545, 24.444046678713857, 0.0 ], [ 120.627467997665434, 24.444021408965746, 0.0 ], [ 120.62741702269895, 24.443989879252346, 0.0 ], [ 120.62725798032362, 24.443877668133897, 0.0 ], [ 120.627022678622978, 24.443712382009213, 0.0 ], [ 120.626983144854407, 24.44368148783844, 0.0 ], [ 120.626947121669772, 24.443646563651502, 0.0 ], [ 120.626915017834307, 24.443608005741741, 0.0 ], [ 120.626847048637245, 24.443516478880841, 0.0 ], [ 120.626806175874648, 24.443501547122086, 0.0 ], [ 120.626754005173638, 24.443475274227819, 0.0 ], [ 120.626594909502586, 24.44338328037135, 0.0 ], [ 120.626549471381807, 24.443353666753879, 0.0 ], [ 120.626507781199251, 24.443318974999109, 0.0 ], [ 120.626470403517345, 24.443279674897283, 0.0 ], [ 120.626437844497204, 24.443236298643974, 0.0 ], [ 120.626410545048074, 24.443189433633055, 0.0 ], [ 120.626379032695098, 24.443126148798068, 0.0 ], [ 120.626217884314869, 24.443064590500576, 0.0 ], [ 120.626165305311218, 24.443038080740688, 0.0 ], [ 120.625721145625548, 24.442777961325085, 0.0 ], [ 120.625466545560784, 24.442659359287418, 0.0 ], [ 120.62537913871742, 24.442607390217635, 0.0 ], [ 120.625336477808986, 24.442571449422591, 0.0 ], [ 120.625279912983245, 24.442507475546233, 0.0 ], [ 120.625212619375446, 24.44241509510659, 0.0 ], [ 120.62516068223178, 24.442321971085406, 0.0 ], [ 120.625117921957184, 24.442216699660563, 0.0 ], [ 120.625102916258442, 24.442173120759733, 0.0 ], [ 120.625066441378834, 24.442044892255641, 0.0 ], [ 120.625051390843382, 24.441991977308373, 0.0 ], [ 120.624830833725426, 24.441849544939721, 0.0 ], [ 120.62476427649672, 24.441818271575364, 0.0 ], [ 120.62471665587141, 24.441792748927764, 0.0 ], [ 120.624672120747377, 24.441762158860925, 0.0 ], [ 120.624631208131149, 24.441726870231673, 0.0 ], [ 120.624506061838332, 24.44160509707207, 0.0 ], [ 120.624468255516007, 24.441600737948196, 0.0 ], [ 120.624285176827087, 24.441569360128547, 0.0 ], [ 120.624223744114701, 24.441554852429885, 0.0 ], [ 120.624211089325257, 24.441550878960818, 0.0 ], [ 120.624039116331531, 24.441494477680017, 0.0 ], [ 120.623986525115185, 24.441474038823568, 0.0 ], [ 120.623936534380462, 24.441447875694124, 0.0 ], [ 120.623889764850617, 24.441416313153308, 0.0 ], [ 120.623629077799322, 24.441217145714976, 0.0 ], [ 120.622925374594672, 24.4407337061884, 0.0 ], [ 120.622889938030937, 24.440705834435455, 0.0 ], [ 120.622857361400577, 24.440674667981856, 0.0 ], [ 120.62282794977051, 24.440640498687966, 0.0 ], [ 120.622801978566898, 24.440603646533937, 0.0 ], [ 120.622695311034079, 24.440434353580098, 0.0 ], [ 120.622464037357929, 24.440199275432192, 0.0 ], [ 120.622430718863669, 24.440161508237864, 0.0 ], [ 120.622417834263786, 24.440144359939623, 0.0 ], [ 120.622129375731745, 24.439741257506579, 0.0 ], [ 120.622105992905929, 24.439708125092746, 0.0 ], [ 120.622095063859504, 24.439693392849055, 0.0 ], [ 120.622066773434824, 24.439641740338185, 0.0 ], [ 120.621909907251236, 24.439313219059898, 0.0 ], [ 120.621770943310764, 24.439191248904553, 0.0 ], [ 120.621735334533639, 24.439147818923637, 0.0 ], [ 120.621705317696481, 24.439100351695465, 0.0 ], [ 120.621611821242539, 24.438929053079285, 0.0 ], [ 120.621590216726815, 24.438883676838543, 0.0 ], [ 120.621574225361044, 24.438836031959408, 0.0 ], [ 120.621564079214238, 24.438786809870809, 0.0 ], [ 120.621559925528061, 24.438736724891051, 0.0 ], [ 120.62156182458223, 24.438686503860723, 0.0 ], [ 120.621569748816967, 24.438636875594579, 0.0 ], [ 120.621583583235008, 24.438588560305231, 0.0 ], [ 120.621603127068227, 24.438542259151021, 0.0 ], [ 120.621640127944559, 24.438466859029294, 0.0 ], [ 120.621668329431429, 24.4383336652926, 0.0 ], [ 120.621675147662529, 24.438306107997636, 0.0 ], [ 120.621677931247802, 24.438296711330576, 0.0 ], [ 120.621716385189032, 24.438172237176737, 0.0 ], [ 120.621732870136796, 24.438127228604415, 0.0 ], [ 120.62175459152202, 24.438084500317537, 0.0 ], [ 120.621781240946859, 24.438044658966884, 0.0 ], [ 120.621657248168219, 24.437982647010429, 0.0 ], [ 120.621249880894368, 24.437777357130702, 0.0 ], [ 120.621203301711105, 24.437750969154152, 0.0 ], [ 120.621159885496297, 24.437719648587027, 0.0 ], [ 120.621120152388414, 24.437683770658634, 0.0 ], [ 120.621001200987337, 24.437563338276512, 0.0 ], [ 120.620655870024223, 24.437231369720063, 0.0 ], [ 120.620571173624796, 24.437150562894491, 0.0 ], [ 120.620543079143943, 24.437120480960179, 0.0 ], [ 120.620478236644729, 24.437044547695177, 0.0 ], [ 120.620280188194045, 24.436812626753358, 0.0 ], [ 120.62015528415651, 24.436667465307103, 0.0 ], [ 120.62013294268813, 24.436641548473975, 0.0 ], [ 120.620115585223459, 24.436621411297278, 0.0 ], [ 120.620098397583618, 24.43660147176633, 0.0 ], [ 120.620081078709788, 24.436581380326579, 0.0 ], [ 120.620052359974267, 24.436548063279314, 0.0 ], [ 120.619705965757291, 24.436117431697717, 0.0 ], [ 120.619718415280701, 24.436132091931274, 0.0 ], [ 120.619711277170538, 24.436117536076445, 0.0 ], [ 120.619705113438769, 24.436103754699339, 0.0 ], [ 120.619598832076377, 24.435851594845829, 0.0 ], [ 120.6195807296629, 24.435799424891741, 0.0 ], [ 120.619524488997996, 24.435593733785325, 0.0 ], [ 120.619489486008007, 24.435504257948256, 0.0 ], [ 120.619477151330941, 24.435472727871748, 0.0 ], [ 120.619463064461257, 24.435430235371555, 0.0 ], [ 120.619454841514468, 24.435399793647388, 0.0 ], [ 120.619430896320225, 24.435311149035059, 0.0 ], [ 120.619423938121074, 24.435285392174546, 0.0 ], [ 120.619400723063478, 24.435199450789693, 0.0 ], [ 120.6193192579033, 24.434897878997457, 0.0 ], [ 120.619229298402317, 24.434604058171839, 0.0 ], [ 120.619208592929027, 24.434536427944938, 0.0 ], [ 120.619201409297418, 24.434512965702606, 0.0 ], [ 120.619183625336106, 24.434454881980979, 0.0 ], [ 120.619181405118795, 24.43444763115026, 0.0 ], [ 120.619176559686863, 24.434431805226623, 0.0 ], [ 120.619170737044598, 24.434412784743827, 0.0 ], [ 120.619165420339343, 24.434394911385542, 0.0 ], [ 120.619148815972309, 24.434331402286389, 0.0 ], [ 120.619132650136905, 24.434269375038859, 0.0 ], [ 120.619113875253262, 24.434197335915094, 0.0 ], [ 120.619105723356626, 24.434166058529744, 0.0 ], [ 120.619091590871591, 24.43411183611034, 0.0 ], [ 120.619075994584165, 24.434062214972876, 0.0 ], [ 120.619063287012779, 24.434021785081995, 0.0 ], [ 120.619024747570208, 24.433899168249411, 0.0 ], [ 120.619010324890638, 24.433882648112164, 0.0 ], [ 120.61899718106865, 24.433867593271543, 0.0 ], [ 120.618981067397883, 24.433849136473679, 0.0 ], [ 120.618964013638603, 24.433829603341799, 0.0 ], [ 120.618953767313684, 24.433817866270214, 0.0 ], [ 120.618939721291923, 24.433801345739656, 0.0 ], [ 120.618926217603786, 24.433783667510291, 0.0 ], [ 120.618915539042106, 24.433768173073826, 0.0 ], [ 120.618906967644449, 24.433754557760327, 0.0 ], [ 120.618896322982138, 24.433735842259701, 0.0 ], [ 120.618890022174384, 24.433723594125819, 0.0 ], [ 120.618884155780663, 24.433711209309426, 0.0 ], [ 120.618878276435254, 24.433697624652503, 0.0 ], [ 120.618870384116946, 24.433676937753557, 0.0 ], [ 120.618864440958674, 24.433658720538062, 0.0 ], [ 120.618859598184187, 24.433641287009841, 0.0 ], [ 120.618856448731009, 24.433628027874029, 0.0 ], [ 120.618853767655338, 24.43361487089323, 0.0 ], [ 120.618851302680838, 24.433600287500447, 0.0 ], [ 120.61884875209401, 24.433580080084607, 0.0 ], [ 120.618847386791828, 24.433563326861652, 0.0 ], [ 120.618846637093313, 24.433543405063578, 0.0 ], [ 120.618846636169025, 24.433531856405022, 0.0 ], [ 120.61884706482401, 24.433517751856705, 0.0 ], [ 120.61869537737725, 24.433275558588786, 0.0 ], [ 120.618522623546639, 24.433024146720587, 0.0 ], [ 120.618446699902876, 24.43291365316993, 0.0 ], [ 120.618166380071372, 24.432610878770394, 0.0 ], [ 120.617843811698592, 24.432403398409296, 0.0 ], [ 120.617785886367784, 24.432365816184202, 0.0 ], [ 120.617728204600709, 24.432328391228225, 0.0 ], [ 120.617714739232866, 24.432319654364004, 0.0 ], [ 120.617691120258684, 24.432304331493246, 0.0 ], [ 120.617628116395764, 24.432263143430141, 0.0 ], [ 120.617539099277593, 24.43221707818822, 0.0 ], [ 120.617442352656127, 24.4321864872975, 0.0 ], [ 120.617366787235525, 24.432162592946113, 0.0 ], [ 120.617277450346521, 24.432134343764467, 0.0 ], [ 120.617215163099715, 24.432128042902562, 0.0 ], [ 120.617149545792174, 24.432121405202391, 0.0 ], [ 120.617070592784145, 24.432107371244577, 0.0 ], [ 120.616966982141591, 24.432072384257594, 0.0 ], [ 120.616774835298813, 24.432002550173316, 0.0 ], [ 120.61669245681108, 24.431972549041582, 0.0 ], [ 120.616663527481975, 24.431961018347124, 0.0 ], [ 120.6166092319733, 24.431933501607496, 0.0 ], [ 120.616489483368269, 24.431863413659414, 0.0 ], [ 120.616465708395523, 24.431848587322463, 0.0 ], [ 120.616352857991316, 24.431773703855033, 0.0 ], [ 120.616254309861844, 24.431716999675928, 0.0 ], [ 120.616200203838659, 24.431692471786512, 0.0 ], [ 120.616032988066777, 24.431616672394689, 0.0 ], [ 120.615843278594426, 24.431539716624407, 0.0 ], [ 120.615768345224879, 24.431515123792465, 0.0 ], [ 120.615707897174957, 24.431492521311508, 0.0 ], [ 120.615697046967639, 24.431488331591602, 0.0 ], [ 120.615606815536268, 24.431453490586879, 0.0 ], [ 120.615295946856833, 24.431702811757365, 0.0 ], [ 120.614951896561607, 24.431978741891385, 0.0 ], [ 120.614876456238221, 24.432039245146772, 0.0 ], [ 120.614840850117162, 24.432065135958005, 0.0 ], [ 120.614814731431807, 24.432081343742141, 0.0 ], [ 120.614776153012272, 24.432101559572175, 0.0 ], [ 120.614743788601359, 24.432115452795809, 0.0 ], [ 120.61471200487712, 24.432126622822196, 0.0 ], [ 120.614688769225964, 24.432133337659362, 0.0 ], [ 120.614666042758486, 24.432138771527669, 0.0 ], [ 120.613423969370075, 24.432410591320657, 0.0 ], [ 120.613377552927773, 24.43242078180344, 0.0 ], [ 120.61262632903528, 24.432706158725193, 0.0 ], [ 120.61257184577029, 24.43272685580531, 0.0 ], [ 120.612524958263762, 24.432744667844418, 0.0 ], [ 120.61247609063436, 24.432763231208071, 0.0 ], [ 120.612432100800916, 24.432779942592905, 0.0 ], [ 120.612371721766323, 24.432802879876252, 0.0 ], [ 120.612292991262038, 24.432832788338267, 0.0 ], [ 120.612274510707934, 24.432839808953315, 0.0 ], [ 120.612252199009632, 24.432848283729527, 0.0 ], [ 120.612228869407758, 24.432857146819348, 0.0 ], [ 120.612206687758544, 24.432865573995862, 0.0 ], [ 120.612180109932737, 24.432875669364655, 0.0 ], [ 120.612161570788757, 24.432882711606283, 0.0 ], [ 120.612134008704615, 24.432892874468113, 0.0 ], [ 120.612111948868346, 24.432899806946363, 0.0 ], [ 120.612095959704789, 24.432904161615511, 0.0 ], [ 120.612076027856432, 24.432908825915202, 0.0 ], [ 120.612064062652834, 24.432911225783592, 0.0 ], [ 120.612048676341573, 24.432913882138742, 0.0 ], [ 120.612037009351511, 24.432915577225124, 0.0 ], [ 120.61202161613059, 24.432917396704291, 0.0 ], [ 120.612008565792394, 24.432918572577712, 0.0 ], [ 120.611998856709064, 24.43291922983417, 0.0 ], [ 120.611985088299775, 24.432919846451849, 0.0 ], [ 120.611969012770928, 24.432920098064987, 0.0 ], [ 120.611958191309895, 24.432919983129402, 0.0 ], [ 120.611950989885358, 24.432919780938231, 0.0 ], [ 120.611944243472507, 24.432919500180056, 0.0 ], [ 120.611938314176655, 24.43291917906965, 0.0 ], [ 120.611936241213897, 24.43291904974712, 0.0 ], [ 120.611937911802897, 24.432920179178613, 0.0 ], [ 120.611887911638178, 24.432913654033374, 0.0 ], [ 120.611836413753608, 24.432902685804372, 0.0 ], [ 120.611760153943905, 24.432875712291722, 0.0 ], [ 120.611701786471471, 24.432845102002499, 0.0 ], [ 120.611620862862196, 24.43278408774535, 0.0 ], [ 120.611582939797344, 24.432745213346891, 0.0 ], [ 120.611527629544725, 24.432669099559977, 0.0 ], [ 120.611464265323647, 24.432553063061391, 0.0 ], [ 120.611436231542712, 24.432501723879913, 0.0 ], [ 120.611409100583359, 24.432438525394392, 0.0 ], [ 120.61139403777598, 24.432381693522192, 0.0 ], [ 120.611386844787376, 24.432324856882826, 0.0 ], [ 120.611387555055302, 24.432262526040066, 0.0 ], [ 120.611399805294909, 24.432190012264474, 0.0 ], [ 120.611419664133223, 24.432130777617779, 0.0 ], [ 120.611443149477054, 24.432082934022567, 0.0 ], [ 120.611472672699279, 24.432037808015263, 0.0 ], [ 120.611506016637335, 24.431998266616695, 0.0 ], [ 120.611537035403444, 24.431968683614127, 0.0 ], [ 120.611579698741366, 24.431936182995571, 0.0 ], [ 120.611630154224699, 24.431907116386025, 0.0 ], [ 120.611674694839607, 24.431888266497261, 0.0 ], [ 120.612253378627997, 24.431649515841578, 0.0 ], [ 120.612862559185373, 24.430596360201722, 0.0 ], [ 120.612847478258473, 24.430589063354155, 0.0 ], [ 120.612809146880423, 24.430566226680238, 0.0 ], [ 120.612785088541628, 24.430549469958013, 0.0 ], [ 120.612743409793012, 24.43051517894606, 0.0 ], [ 120.612706546060295, 24.430477916561408, 0.0 ], [ 120.612685111691007, 24.430452343460278, 0.0 ], [ 120.612667999124838, 24.43042925590402, 0.0 ], [ 120.612638652310821, 24.430383867290463, 0.0 ], [ 120.61262250982486, 24.430358899461741, 0.0 ], [ 120.612607491072609, 24.430335670742011, 0.0 ], [ 120.61258884987933, 24.430306536507597, 0.0 ], [ 120.612574681669457, 24.430281335364384, 0.0 ], [ 120.612565504362351, 24.430262510862409, 0.0 ], [ 120.61255461666147, 24.430236453434027, 0.0 ], [ 120.612547172059536, 24.430215145090308, 0.0 ], [ 120.612543323927767, 24.430202429967839, 0.0 ], [ 120.61253954412463, 24.430222729756739, 0.0 ], [ 120.612548453490518, 24.430169041275526, 0.0 ], [ 120.612529386073689, 24.430131026270661, 0.0 ], [ 120.612528549143704, 24.430048574156391, 0.0 ], [ 120.612540931991035, 24.42997729082942, 0.0 ], [ 120.612553029389133, 24.429938803800212, 0.0 ], [ 120.612593965306814, 24.429856263759973, 0.0 ], [ 120.612629113255267, 24.429808882052384, 0.0 ], [ 120.61267282669111, 24.429764751531593, 0.0 ], [ 120.612790744986683, 24.429673182416824, 0.0 ], [ 120.612997950786749, 24.429513678511462, 0.0 ], [ 120.613273633132181, 24.429301461967224, 0.0 ], [ 120.613259668223122, 24.429268497615055, 0.0 ], [ 120.613232726214179, 24.429177962670572, 0.0 ], [ 120.613227633054649, 24.429138215843423, 0.0 ], [ 120.613226704900057, 24.429087444683152, 0.0 ], [ 120.613234829799353, 24.429011200746633, 0.0 ], [ 120.613255170998528, 24.428925063298898, 0.0 ], [ 120.613281445735197, 24.428864617092813, 0.0 ], [ 120.613317985706786, 24.428806946082258, 0.0 ], [ 120.613398069335076, 24.42871952096608, 0.0 ], [ 120.613456467247843, 24.428672401224336, 0.0 ], [ 120.613514942090092, 24.428637794429058, 0.0 ], [ 120.613622625588064, 24.428595216444201, 0.0 ], [ 120.613692921995849, 24.428575292821055, 0.0 ], [ 120.613795570044687, 24.428563897047475, 0.0 ], [ 120.613829750639439, 24.428563411844507, 0.0 ], [ 120.613919231013483, 24.42856961137057, 0.0 ], [ 120.613998104857956, 24.428588025281339, 0.0 ], [ 120.614051478323987, 24.428607013515947, 0.0 ], [ 120.614104107854587, 24.428628966063975, 0.0 ], [ 120.614149834406021, 24.428656611986362, 0.0 ], [ 120.614196665750683, 24.428647610203207, 0.0 ], [ 120.614230021450595, 24.428625578957231, 0.0 ], [ 120.614371478609783, 24.4285321448159, 0.0 ], [ 120.614480920666438, 24.428446183233188, 0.0 ], [ 120.614590066129296, 24.428355699071297, 0.0 ], [ 120.614649538086965, 24.428313295015929, 0.0 ], [ 120.614742138625388, 24.428269826569995, 0.0 ], [ 120.614789694143852, 24.428256019420648, 0.0 ], [ 120.615460591365149, 24.42774323600668, 0.0 ], [ 120.615519434459671, 24.427462840525095, 0.0 ], [ 120.615113915837583, 24.427308792625301, 0.0 ], [ 120.614844617213294, 24.42723328823843, 0.0 ], [ 120.614677248400099, 24.42721652518896, 0.0 ], [ 120.614579892336465, 24.427197561730218, 0.0 ], [ 120.614487894684672, 24.427160490880233, 0.0 ], [ 120.614336006399753, 24.427064564747411, 0.0 ], [ 120.614294330768431, 24.427034177059461, 0.0 ], [ 120.61416108096671, 24.426903221372484, 0.0 ], [ 120.614053639684371, 24.426784751380641, 0.0 ], [ 120.614002883054695, 24.426716579066074, 0.0 ], [ 120.613902741853394, 24.426505386641793, 0.0 ], [ 120.613770074989944, 24.425869191995677, 0.0 ], [ 120.613756899738306, 24.425806170758392, 0.0 ], [ 120.613749508491779, 24.425730668779526, 0.0 ], [ 120.613754246814565, 24.425650275713632, 0.0 ], [ 120.613771125009777, 24.425553267806833, 0.0 ], [ 120.613788428682383, 24.425453818595663, 0.0 ], [ 120.61381361480403, 24.425366502722913, 0.0 ], [ 120.613860295511827, 24.425281151644192, 0.0 ], [ 120.613890286429879, 24.425238326920297, 0.0 ], [ 120.613819583600858, 24.425174654458491, 0.0 ], [ 120.613760618598022, 24.425110725755982, 0.0 ], [ 120.613701432292146, 24.425005756834093, 0.0 ], [ 120.613602135667421, 24.424753285111819, 0.0 ], [ 120.613438484154827, 24.424486640739083, 0.0 ], [ 120.61321604850572, 24.424229752481619, 0.0 ], [ 120.612884618861045, 24.423780163661043, 0.0 ], [ 120.612770524168809, 24.423828407278286, 0.0 ], [ 120.612527665168173, 24.423921891519289, 0.0 ], [ 120.612362554030398, 24.42401314369096, 0.0 ], [ 120.612313733471083, 24.424040124359696, 0.0 ], [ 120.612192182915706, 24.424088278696001, 0.0 ], [ 120.612059731131254, 24.42412231925465, 0.0 ], [ 120.6119194803547, 24.424139070692377, 0.0 ], [ 120.611769936922627, 24.424137126533093, 0.0 ], [ 120.611535266869822, 24.424079222620843, 0.0 ], [ 120.611355817552052, 24.423986828787978, 0.0 ], [ 120.61126036704033, 24.42392276260507, 0.0 ], [ 120.611100134276739, 24.4237839223909, 0.0 ], [ 120.610634682429776, 24.423232840495015, 0.0 ], [ 120.610462045875792, 24.422960765449325, 0.0 ], [ 120.610316499744386, 24.42277995906295, 0.0 ], [ 120.610155996843787, 24.422580569716665, 0.0 ], [ 120.609876334172654, 24.422219978208215, 0.0 ], [ 120.609718722957368, 24.422009824832063, 0.0 ], [ 120.609535001728773, 24.421718049255055, 0.0 ], [ 120.609446803120136, 24.421568408250725, 0.0 ], [ 120.6093897686726, 24.421393542104628, 0.0 ], [ 120.609374816206682, 24.421235983329893, 0.0 ], [ 120.609380074795112, 24.421120509961046, 0.0 ], [ 120.609385721476627, 24.421092929914558, 0.0 ], [ 120.609364626831479, 24.421077849301188, 0.0 ], [ 120.609347089661682, 24.421059700108803, 0.0 ], [ 120.609208229624628, 24.4209079750608, 0.0 ], [ 120.609179247759911, 24.420873074596052, 0.0 ], [ 120.60915399955411, 24.420835384822457, 0.0 ], [ 120.609132751482306, 24.420795303525438, 0.0 ], [ 120.609115727800472, 24.420753253731224, 0.0 ], [ 120.609099696872462, 24.420706504453847, 0.0 ], [ 120.608980853186026, 24.420359933344958, 0.0 ], [ 120.608851884077453, 24.420193113656421, 0.0 ], [ 120.608585026676536, 24.420034979816368, 0.0 ], [ 120.608224105689246, 24.419930390597301, 0.0 ], [ 120.608192455129924, 24.419916163092978, 0.0 ], [ 120.60817803442329, 24.41990968072173, 0.0 ], [ 120.608134251198052, 24.41988449164246, 0.0 ], [ 120.608093190136501, 24.419855073115802, 0.0 ], [ 120.607828621504211, 24.41964034867118, 0.0 ], [ 120.607673471709148, 24.419464051991909, 0.0 ], [ 120.607566859192346, 24.419447950203505, 0.0 ], [ 120.607515484309445, 24.419431350423508, 0.0 ], [ 120.607466207223609, 24.419409289144085, 0.0 ], [ 120.60741960657262, 24.4193820254211, 0.0 ], [ 120.607376229567151, 24.419349879400162, 0.0 ], [ 120.60733658556407, 24.419313228557435, 0.0 ], [ 120.607301140084445, 24.41927250326728, 0.0 ], [ 120.607270309349317, 24.419228181748569, 0.0 ], [ 120.607109591168708, 24.418953107607813, 0.0 ], [ 120.607062911142478, 24.418873213298017, 0.0 ], [ 120.607028032517491, 24.418879205545579, 0.0 ], [ 120.606974809829879, 24.418885717860356, 0.0 ], [ 120.60692120161589, 24.418886824254972, 0.0 ], [ 120.606867755554816, 24.418882513426293, 0.0 ], [ 120.606815017668367, 24.418872829414692, 0.0 ], [ 120.60676352674497, 24.41885787115552, 0.0 ], [ 120.60671380883214, 24.418837791467187, 0.0 ], [ 120.606666371864961, 24.41881279549051, 0.0 ], [ 120.606546738450305, 24.418740821854044, 0.0 ], [ 120.606502209813883, 24.418711728682982, 0.0 ], [ 120.606461526257107, 24.418677464119874, 0.0 ], [ 120.606425284944251, 24.418638531109313, 0.0 ], [ 120.606394017834944, 24.418595501120478, 0.0 ], [ 120.606368183875773, 24.418549005758955, 0.0 ], [ 120.606348162265661, 24.418499727496048, 0.0 ], [ 120.60633424688622, 24.418448389651527, 0.0 ], [ 120.606326641990975, 24.418395745775744, 0.0 ], [ 120.606325459206985, 24.418342568589942, 0.0 ], [ 120.60594598959274, 24.418059994674881, 0.0 ], [ 120.605664465274756, 24.41783783755767, 0.0 ], [ 120.605621042688156, 24.417799035413577, 0.0 ], [ 120.605378499616634, 24.417553862528397, 0.0 ], [ 120.605101358869845, 24.417271071106256, 0.0 ], [ 120.605069769709274, 24.417235057114851, 0.0 ], [ 120.604940382736643, 24.417050555253066, 0.0 ], [ 120.604854703796235, 24.416906226091271, 0.0 ], [ 120.6048335566514, 24.416865975842086, 0.0 ], [ 120.604684016517311, 24.416541119511805, 0.0 ], [ 120.604664556386595, 24.41649083310228, 0.0 ], [ 120.604651739413342, 24.416438458061805, 0.0 ], [ 120.604645779376455, 24.416384867972859, 0.0 ], [ 120.60464677568595, 24.416330956684245, 0.0 ], [ 120.60467484868839, 24.41603092741417, 0.0 ], [ 120.604686928882245, 24.415984862876034, 0.0 ], [ 120.604696548676856, 24.415960178711828, 0.0 ], [ 120.604704221210767, 24.415940491171842, 0.0 ], [ 120.604675537642692, 24.415919558059734, 0.0 ], [ 120.604549673274349, 24.415824508010814, 0.0 ], [ 120.604422797390697, 24.415735109597158, 0.0 ], [ 120.604402834207178, 24.415726977322944, 0.0 ], [ 120.604374952384177, 24.415715619282942, 0.0 ], [ 120.60434600888216, 24.415711608714162, 0.0 ], [ 120.604342496433645, 24.415711122010173, 0.0 ], [ 120.604322303002689, 24.415707929864592, 0.0 ], [ 120.604223835529254, 24.415690386538529, 0.0 ], [ 120.604171174857868, 24.415678338892064, 0.0 ], [ 120.604120081353543, 24.415660796204584, 0.0 ], [ 120.604071126678335, 24.415637954753542, 0.0 ], [ 120.604024858565325, 24.415610070101646, 0.0 ], [ 120.60398179468784, 24.415577454238356, 0.0 ], [ 120.603913432900114, 24.415519095580748, 0.0 ], [ 120.603876117885591, 24.415483800048719, 0.0 ], [ 120.603857667357886, 24.415460195797728, 0.0 ], [ 120.6038171192302, 24.415402702499758, 0.0 ], [ 120.603773958250883, 24.415304793803902, 0.0 ], [ 120.603746186654519, 24.415211421878954, 0.0 ], [ 120.603729239554411, 24.415110512712598, 0.0 ], [ 120.603724645999534, 24.415003417430054, 0.0 ], [ 120.603718558907801, 24.414861518245239, 0.0 ], [ 120.603713750447511, 24.414617803442404, 0.0 ], [ 120.603712583913122, 24.414557287141292, 0.0 ], [ 120.603689581206865, 24.414445573848067, 0.0 ], [ 120.603681103343249, 24.414404403915736, 0.0 ], [ 120.603522180447996, 24.414113638805933, 0.0 ], [ 120.603318724004495, 24.41374280208532, 0.0 ], [ 120.603203338733067, 24.413522787834946, 0.0 ], [ 120.603121130799934, 24.413371929856222, 0.0 ], [ 120.60299800420141, 24.413170105028428, 0.0 ], [ 120.602871713998226, 24.4129630956906, 0.0 ], [ 120.602831510374173, 24.412881693581372, 0.0 ], [ 120.602764907499292, 24.412734779064358, 0.0 ], [ 120.602703765114413, 24.412599907623761, 0.0 ], [ 120.602630653712197, 24.412438633390529, 0.0 ], [ 120.602550458524831, 24.41225572125138, 0.0 ], [ 120.602474201602988, 24.412077926357373, 0.0 ], [ 120.602411538060721, 24.411931824250239, 0.0 ], [ 120.602247196278938, 24.411641465975265, 0.0 ], [ 120.602029958882497, 24.411257654981227, 0.0 ], [ 120.601778818319232, 24.410811009607588, 0.0 ], [ 120.601674938591316, 24.410626262127149, 0.0 ], [ 120.60157462306114, 24.410447855373942, 0.0 ], [ 120.601372665067913, 24.410025806512696, 0.0 ], [ 120.601258651786281, 24.409786216196732, 0.0 ], [ 120.601142153878911, 24.409561378242991, 0.0 ], [ 120.601014215199527, 24.409352471240879, 0.0 ], [ 120.600974500288928, 24.409289181961476, 0.0 ], [ 120.600931172893013, 24.409196846385449, 0.0 ], [ 120.600879912399407, 24.409044065949836, 0.0 ], [ 120.600779063074071, 24.408743487420335, 0.0 ], [ 120.600746945414414, 24.408667142424914, 0.0 ], [ 120.600724048476934, 24.408641130859056, 0.0 ], [ 120.600707934297077, 24.408628559794522, 0.0 ], [ 120.600667897896003, 24.408593739321411, 0.0 ], [ 120.600632189489318, 24.408554492812808, 0.0 ], [ 120.600601295119588, 24.408511354469237, 0.0 ], [ 120.6005756353034, 24.408464911465501, 0.0 ], [ 120.600535892701302, 24.40842564356581, 0.0 ], [ 120.600501409754017, 24.408381684850038, 0.0 ], [ 120.60047273514617, 24.408333734780005, 0.0 ], [ 120.600450325142617, 24.4082825563267, 0.0 ], [ 120.600348297085972, 24.40799955634856, 0.0 ], [ 120.600264702457181, 24.407845347849282, 0.0 ], [ 120.6001693804116, 24.407642035091321, 0.0 ], [ 120.600081480634273, 24.407571640790476, 0.0 ], [ 120.599717075232334, 24.407717025394895, 0.0 ], [ 120.599664942441478, 24.407739966581282, 0.0 ], [ 120.599610393937965, 24.407756355196746, 0.0 ], [ 120.599554249798544, 24.40776594485629, 0.0 ], [ 120.599497354088641, 24.407768591389921, 0.0 ], [ 120.599440562172404, 24.407764255010147, 0.0 ], [ 120.599384727853618, 24.407753000909562, 0.0 ], [ 120.59933069053956, 24.407734998281235, 0.0 ], [ 120.599279262621863, 24.407710517774486, 0.0 ], [ 120.599231217261973, 24.407679927427182, 0.0 ], [ 120.599187276769527, 24.40764368713111, 0.0 ], [ 120.599148101741108, 24.407602341719208, 0.0 ], [ 120.599114281129928, 24.407556512774143, 0.0 ], [ 120.599086323391731, 24.407506889283582, 0.0 ], [ 120.599064648839786, 24.407454217282059, 0.0 ], [ 120.599049583328139, 24.407399288634778, 0.0 ], [ 120.599041353349122, 24.40734292913357, 0.0 ], [ 120.599040082631547, 24.407285986081138, 0.0 ], [ 120.599045790279561, 24.407229315553529, 0.0 ], [ 120.599058390485112, 24.407173769529724, 0.0 ], [ 120.599077693817335, 24.407120183082604, 0.0 ], [ 120.599103410072544, 24.407069361825737, 0.0 ], [ 120.599135152634759, 24.407022069800174, 0.0 ], [ 120.599037879994299, 24.406870823830104, 0.0 ], [ 120.599016813425948, 24.406846123524645, 0.0 ], [ 120.598963115168573, 24.406830135670756, 0.0 ], [ 120.59891178659089, 24.406807674784829, 0.0 ], [ 120.598863604632385, 24.406779080848366, 0.0 ], [ 120.59881929860525, 24.406744786676416, 0.0 ], [ 120.598779539150897, 24.406705311366295, 0.0 ], [ 120.598744928093566, 24.406661252439786, 0.0 ], [ 120.59871598932628, 24.406613276799639, 0.0 ], [ 120.59869316088421, 24.406562110633956, 0.0 ], [ 120.59867678831155, 24.406508528424521, 0.0 ], [ 120.598667119434509, 24.406453341223934, 0.0 ], [ 120.598664300605734, 24.406397384378927, 0.0 ], [ 120.598674696773074, 24.40613817904012, 0.0 ], [ 120.598680269787479, 24.406085756705693, 0.0 ], [ 120.598692261033335, 24.406034420854208, 0.0 ], [ 120.59871048767846, 24.405984954208517, 0.0 ], [ 120.598734671819344, 24.405938110991592, 0.0 ], [ 120.598764444717645, 24.405894605427079, 0.0 ], [ 120.599187253122096, 24.405345471118782, 0.0 ], [ 120.599107677947046, 24.405325432529985, 0.0 ], [ 120.599057064414438, 24.405305675071077, 0.0 ], [ 120.599008938289359, 24.405280456765578, 0.0 ], [ 120.59896388658936, 24.405250085213538, 0.0 ], [ 120.598922458832149, 24.405214930871356, 0.0 ], [ 120.598885160331989, 24.40517542253377, 0.0 ], [ 120.598852446036759, 24.40513204210334, 0.0 ], [ 120.598745713285567, 24.404968332629092, 0.0 ], [ 120.598739950957352, 24.404959494219781, 0.0 ], [ 120.598732819297098, 24.404955611933815, 0.0 ], [ 120.598280604780612, 24.404709438399831, 0.0 ], [ 120.598267157430229, 24.404701848200766, 0.0 ], [ 120.598222855337681, 24.404672653825116, 0.0 ], [ 120.597975384238239, 24.404489711507491, 0.0 ], [ 120.597969705714519, 24.404485449212643, 0.0 ], [ 120.597926678688992, 24.404448450801507, 0.0 ], [ 120.597787240801068, 24.404313276444157, 0.0 ], [ 120.597757388449196, 24.40428353551636, 0.0 ], [ 120.597731641910983, 24.404250176836797, 0.0 ], [ 120.597710435386389, 24.404213762978934, 0.0 ], [ 120.597161209442248, 24.404597652203343, 0.0 ], [ 120.597109999897185, 24.404623468778542, 0.0 ], [ 120.596539120161339, 24.404869464709854, 0.0 ], [ 120.5964845550848, 24.404883825088, 0.0 ], [ 120.596428737731031, 24.404892070756713, 0.0 ], [ 120.596372351146584, 24.404894100812669, 0.0 ], [ 120.596316085343716, 24.404889890413703, 0.0 ], [ 120.596260628856527, 24.404879491083022, 0.0 ], [ 120.59620666031573, 24.404863030079124, 0.0 ], [ 120.596154840143768, 24.404840708838098, 0.0 ], [ 120.596105802472593, 24.404812800508918, 0.0 ], [ 120.596060147384478, 24.404779646610276, 0.0 ], [ 120.596018433569157, 24.404741652852412, 0.0 ], [ 120.595981171485633, 24.404699284171262, 0.0 ], [ 120.595948817115755, 24.404653059039781, 0.0 ], [ 120.5959217663858, 24.404603543122555, 0.0 ], [ 120.595645683317912, 24.40393898960405, 0.0 ], [ 120.595628805429101, 24.403889585319799, 0.0 ], [ 120.595618147197342, 24.403838477115411, 0.0 ], [ 120.595613871245291, 24.403786444792051, 0.0 ], [ 120.595616042813958, 24.403734282250408, 0.0 ], [ 120.595624628770125, 24.403682785378741, 0.0 ], [ 120.5956394981107, 24.403632739907668, 0.0 ], [ 120.595660423961235, 24.403584909423554, 0.0 ], [ 120.595687087039437, 24.403540023716349, 0.0 ], [ 120.595719080523395, 24.403498767644692, 0.0 ], [ 120.59575591626141, 24.403461770687553, 0.0 ], [ 120.595700934766441, 24.403435816454142, 0.0 ], [ 120.594875150515705, 24.403359797814904, 0.0 ], [ 120.594818972029998, 24.403355897457001, 0.0 ], [ 120.594763740851477, 24.403344908734535, 0.0 ], [ 120.594710347691148, 24.403327008861481, 0.0 ], [ 120.594659653615722, 24.40330248650826, 0.0 ], [ 120.59461247616639, 24.403271737145243, 0.0 ], [ 120.594569576170329, 24.403235256665425, 0.0 ], [ 120.594531645473353, 24.403193633387279, 0.0 ], [ 120.594499295781361, 24.403147538566532, 0.0 ], [ 120.594473048795649, 24.403097715571906, 0.0 ], [ 120.594453327799783, 24.403044967895077, 0.0 ], [ 120.594440450832849, 24.402990146195236, 0.0 ], [ 120.594434625561576, 24.402934134577833, 0.0 ], [ 120.594435945928709, 24.402877836339027, 0.0 ], [ 120.59444439064157, 24.402822159396855, 0.0 ], [ 120.594459823512679, 24.402768001649797, 0.0 ], [ 120.594481995656778, 24.402716236496524, 0.0 ], [ 120.594510549505344, 24.402667698750459, 0.0 ], [ 120.594545024572085, 24.402623171176462, 0.0 ], [ 120.59458486487982, 24.402583371868275, 0.0 ], [ 120.594629427926748, 24.402548942666552, 0.0 ], [ 120.594822454933578, 24.402416895275959, 0.0 ], [ 120.595123439747013, 24.40220163023298, 0.0 ], [ 120.595182531863074, 24.40208349629108, 0.0 ], [ 120.595233588611222, 24.401611692112972, 0.0 ], [ 120.59510025320013, 24.401371867075277, 0.0 ], [ 120.594991556952877, 24.401332425977209, 0.0 ], [ 120.594941857430172, 24.401312325484245, 0.0 ], [ 120.594894820794465, 24.401286603368419, 0.0 ], [ 120.594851080298554, 24.401255605926782, 0.0 ], [ 120.594811224821115, 24.40121975047737, 0.0 ], [ 120.594775790935387, 24.401179519741611, 0.0 ], [ 120.594745255687599, 24.401135455345578, 0.0 ], [ 120.594720030173335, 24.401088150527748, 0.0 ], [ 120.594700454003714, 24.401038242152357, 0.0 ], [ 120.594686790732112, 24.400986402135459, 0.0 ], [ 120.594630175486486, 24.400672965779322, 0.0 ], [ 120.594493391936098, 24.400306667829458, 0.0 ], [ 120.594478580466543, 24.400258401817666, 0.0 ], [ 120.594406723356087, 24.399961890101682, 0.0 ], [ 120.594395085187443, 24.399913866276389, 0.0 ], [ 120.59423919377366, 24.399566690789129, 0.0 ], [ 120.593896368188666, 24.398889105011385, 0.0 ], [ 120.593742098857533, 24.398564549973283, 0.0 ], [ 120.593660537260234, 24.398444860629702, 0.0 ], [ 120.593350106317743, 24.398459293915721, 0.0 ], [ 120.593260429311272, 24.398459053109779, 0.0 ], [ 120.593219897481831, 24.398495520551815, 0.0 ], [ 120.592971004518859, 24.398838955741439, 0.0 ], [ 120.592957233061725, 24.398859818478741, 0.0 ], [ 120.59292016154869, 24.398900924281062, 0.0 ], [ 120.592578180444676, 24.399237483534076, 0.0 ], [ 120.592031901086855, 24.399712749306723, 0.0 ], [ 120.591510418604784, 24.400119210245457, 0.0 ], [ 120.591380962146303, 24.400217474059787, 0.0 ], [ 120.591326605449197, 24.400245549367693, 0.0 ], [ 120.591269357399341, 24.400267125608586, 0.0 ], [ 120.591209991899944, 24.400281911105136, 0.0 ], [ 120.591149311480294, 24.400289705980811, 0.0 ], [ 120.591088136444654, 24.400290404860925, 0.0 ], [ 120.591027293783995, 24.400283998297823, 0.0 ], [ 120.590967605995928, 24.400270572897966, 0.0 ], [ 120.590909879965878, 24.400250310152209, 0.0 ], [ 120.590854896059554, 24.400223483980877, 0.0 ], [ 120.590803397573922, 24.400190457031837, 0.0 ], [ 120.590756104521773, 24.400148949558339, 0.0 ], [ 120.590553233292283, 24.39995762533556, 0.0 ], [ 120.590515944156749, 24.399918439680278, 0.0 ], [ 120.590483915382478, 24.399874848938456, 0.0 ], [ 120.590457662277217, 24.399827554439067, 0.0 ], [ 120.590437607226789, 24.39977731710087, 0.0 ], [ 120.590424072895289, 24.39972494518997, 0.0 ], [ 120.590418834581982, 24.399686782069356, 0.0 ], [ 120.590417328987385, 24.399617188871098, 0.0 ], [ 120.590424227913303, 24.399563538148637, 0.0 ], [ 120.590437862817311, 24.399511192331545, 0.0 ], [ 120.59045801432805, 24.399460993608486, 0.0 ], [ 120.590484358229645, 24.399413749624163, 0.0 ], [ 120.59051647067551, 24.399370220484386, 0.0 ], [ 120.590553835010596, 24.399331106527477, 0.0 ], [ 120.590602625372938, 24.399291924529386, 0.0 ], [ 120.590894145941505, 24.399071947752525, 0.0 ], [ 120.591165885728941, 24.398906598461668, 0.0 ], [ 120.591219154286563, 24.398879083565706, 0.0 ], [ 120.59127521894024, 24.398857838251892, 0.0 ], [ 120.591333344674197, 24.398843141049159, 0.0 ], [ 120.591392769452554, 24.39883518463995, 0.0 ], [ 120.591452714208202, 24.398834073333877, 0.0 ], [ 120.5915123930574, 24.398839821700285, 0.0 ], [ 120.591743059320351, 24.398636284567885, 0.0 ], [ 120.591794184378031, 24.3983908970107, 0.0 ], [ 120.591772070985471, 24.398223744073842, 0.0 ], [ 120.591690521038544, 24.398027334609715, 0.0 ], [ 120.591603755596424, 24.397896515571457, 0.0 ], [ 120.591338570917941, 24.397499452360133, 0.0 ], [ 120.590802905846758, 24.396813012873057, 0.0 ], [ 120.590623702915835, 24.396680033441253, 0.0 ], [ 120.59050663082175, 24.396554201574592, 0.0 ], [ 120.590335727027508, 24.396281821968444, 0.0 ], [ 120.590281776302945, 24.396154210040827, 0.0 ], [ 120.590217592225002, 24.395887923226379, 0.0 ], [ 120.589892546145137, 24.395280376350286, 0.0 ], [ 120.58983051839229, 24.395198537371975, 0.0 ], [ 120.589668463618054, 24.394984727622724, 0.0 ], [ 120.589468098122879, 24.394730465551618, 0.0 ], [ 120.589225159201973, 24.394430316543033, 0.0 ], [ 120.58894971637605, 24.394155551810105, 0.0 ], [ 120.588739028452963, 24.393946410036165, 0.0 ], [ 120.588480330636884, 24.393698566406773, 0.0 ], [ 120.588395496277087, 24.393635743910394, 0.0 ], [ 120.588094133554776, 24.393410959288584, 0.0 ], [ 120.588057542570652, 24.393380808705214, 0.0 ], [ 120.58799094569946, 24.393320156115802, 0.0 ], [ 120.587954144676317, 24.39328663986629, 0.0 ], [ 120.587855563942142, 24.393200729478103, 0.0 ], [ 120.587630240997854, 24.393002994977564, 0.0 ], [ 120.58749330608174, 24.392891145518931, 0.0 ], [ 120.58700470664354, 24.392491558538882, 0.0 ], [ 120.586532838252822, 24.392103523613454, 0.0 ], [ 120.5864232273928, 24.392008495392972, 0.0 ], [ 120.586404970715833, 24.39199580553224, 0.0 ], [ 120.586346728891115, 24.391955325573502, 0.0 ], [ 120.585480958436108, 24.39200394608644, 0.0 ], [ 120.585398201309502, 24.392008594560242, 0.0 ], [ 120.58536511760424, 24.392010452617964, 0.0 ], [ 120.585351682653894, 24.392011445186817, 0.0 ], [ 120.585328193485182, 24.392012284619508, 0.0 ], [ 120.585311441947113, 24.392012189850721, 0.0 ], [ 120.585298153408829, 24.392011702598658, 0.0 ], [ 120.585289609926633, 24.39201119715073, 0.0 ], [ 120.585278045429348, 24.39201069858029, 0.0 ], [ 120.58527324711082, 24.392006002284688, 0.0 ], [ 120.585167253367956, 24.391986807496885, 0.0 ], [ 120.585101611913217, 24.391959135910948, 0.0 ], [ 120.585022281512309, 24.391908344804378, 0.0 ], [ 120.584925683566837, 24.391806549270417, 0.0 ], [ 120.584881513726089, 24.391729953458245, 0.0 ], [ 120.584849605279217, 24.391636958911764, 0.0 ], [ 120.584826526642431, 24.391515060641094, 0.0 ], [ 120.584821852511766, 24.391438385376883, 0.0 ], [ 120.584837390817199, 24.391329750163028, 0.0 ], [ 120.584872593512557, 24.391238438170539, 0.0 ], [ 120.584916599181895, 24.391168858884033, 0.0 ], [ 120.584972365616693, 24.391108159701499, 0.0 ], [ 120.585046126582199, 24.391053445951332, 0.0 ], [ 120.585146394832989, 24.391008804285139, 0.0 ], [ 120.585263548958167, 24.390988696010648, 0.0 ], [ 120.5859112466689, 24.390929844064882, 0.0 ], [ 120.586237553919489, 24.390653373599196, 0.0 ], [ 120.58623638199272, 24.390652388831199, 0.0 ], [ 120.586162208686289, 24.390553157655006, 0.0 ], [ 120.586114868392499, 24.390427374022295, 0.0 ], [ 120.586092414201246, 24.390313838954512, 0.0 ], [ 120.586086786466879, 24.390219520602098, 0.0 ], [ 120.586118296747657, 24.390073302490009, 0.0 ], [ 120.586158431090837, 24.389995519133546, 0.0 ], [ 120.58620348579332, 24.38993695582143, 0.0 ], [ 120.586260695640874, 24.389884050017248, 0.0 ], [ 120.586305714340426, 24.389853304896342, 0.0 ], [ 120.586384714303279, 24.389815967813941, 0.0 ], [ 120.587147798157446, 24.389604910968153, 0.0 ], [ 120.587145870445795, 24.389343450733914, 0.0 ], [ 120.587149833721426, 24.389197510022136, 0.0 ], [ 120.587141533592273, 24.389036252663335, 0.0 ], [ 120.587063000107321, 24.388845515658652, 0.0 ], [ 120.58686707810871, 24.388490401666438, 0.0 ], [ 120.586219874139999, 24.387542127224147, 0.0 ], [ 120.586077645221465, 24.38734258184569, 0.0 ], [ 120.585962545774294, 24.387241494981531, 0.0 ], [ 120.585681313894213, 24.387052948848854, 0.0 ], [ 120.585629444430836, 24.387012870030382, 0.0 ], [ 120.585299461898842, 24.386720000132406, 0.0 ], [ 120.585282160714044, 24.386703855630174, 0.0 ], [ 120.585154110151109, 24.386565395039604, 0.0 ], [ 120.585014217018696, 24.386413110944261, 0.0 ], [ 120.584947744456329, 24.386319201422445, 0.0 ], [ 120.584801906345504, 24.386043327990119, 0.0 ], [ 120.584669974297242, 24.385882349001058, 0.0 ], [ 120.58463053214048, 24.385795229688537, 0.0 ], [ 120.584609813152227, 24.38580894354401, 0.0 ], [ 120.584550545991604, 24.385736625578705, 0.0 ], [ 120.584290978405008, 24.385419906959374, 0.0 ], [ 120.584265019711481, 24.385384935767597, 0.0 ], [ 120.584114821360501, 24.385160654543419, 0.0 ], [ 120.583892475428044, 24.384841077444943, 0.0 ], [ 120.58378109233972, 24.384677978582541, 0.0 ], [ 120.583719760035279, 24.384588169232188, 0.0 ], [ 120.583615554293303, 24.384435578812425, 0.0 ], [ 120.58360080727212, 24.384412486583294, 0.0 ], [ 120.583574126420828, 24.384359958955535, 0.0 ], [ 120.583429948239228, 24.384017966542835, 0.0 ], [ 120.583308095102922, 24.383876413571709, 0.0 ], [ 120.583287043799643, 24.383850051505412, 0.0 ], [ 120.58314604729803, 24.383659366761147, 0.0 ], [ 120.583115543905166, 24.383612172301063, 0.0 ], [ 120.582978728227815, 24.383367738149211, 0.0 ], [ 120.582918462819677, 24.38330696666878, 0.0 ], [ 120.582856356751833, 24.383254986485209, 0.0 ], [ 120.582828536783424, 24.383229773720185, 0.0 ], [ 120.58281482443752, 24.383213695287566, 0.0 ], [ 120.582814914111196, 24.383213695816202, 0.0 ], [ 120.582712318073419, 24.383092586131617, 0.0 ], [ 120.582614181116952, 24.382937690968948, 0.0 ], [ 120.582550069520195, 24.382832380788493, 0.0 ], [ 120.582525151060537, 24.382787824715134, 0.0 ], [ 120.582507001781465, 24.382736617159079, 0.0 ], [ 120.582494378720341, 24.382685708009994, 0.0 ], [ 120.582489003676443, 24.382632543457412, 0.0 ], [ 120.582489311206061, 24.382592707791837, 0.0 ], [ 120.582498713809883, 24.382526333892361, 0.0 ], [ 120.582513640228427, 24.382475025386494, 0.0 ], [ 120.582534991836184, 24.38242604100531, 0.0 ], [ 120.582618309079109, 24.382262596128832, 0.0 ], [ 120.582644315367745, 24.382218219505937, 0.0 ], [ 120.582746651867325, 24.382092705713656, 0.0 ], [ 120.582759586309891, 24.382057929244862, 0.0 ], [ 120.58277567630924, 24.382020309951592, 0.0 ], [ 120.582795209974435, 24.381984358105786, 0.0 ], [ 120.582818016492553, 24.381950388089134, 0.0 ], [ 120.583057587876198, 24.38162632246058, 0.0 ], [ 120.583094511735723, 24.381582734467308, 0.0 ], [ 120.583136280898131, 24.381543764970331, 0.0 ], [ 120.583182321838919, 24.381509949052081, 0.0 ], [ 120.583232002380598, 24.381481751031277, 0.0 ], [ 120.58328464036984, 24.381459558089031, 0.0 ], [ 120.58356396744901, 24.381358497276313, 0.0 ], [ 120.583563991374419, 24.381355770992279, 0.0 ], [ 120.583526387568483, 24.380934320061378, 0.0 ], [ 120.583439063353055, 24.380501483175397, 0.0 ], [ 120.583407649854436, 24.380279967200803, 0.0 ], [ 120.583380180676301, 24.380210192503657, 0.0 ], [ 120.583335616603364, 24.380149162405694, 0.0 ], [ 120.583291959583718, 24.380067962265056, 0.0 ], [ 120.583149483043982, 24.379735036070691, 0.0 ], [ 120.582861499368306, 24.379394164127739, 0.0 ], [ 120.582828587618366, 24.379353353509597, 0.0 ], [ 120.582801681642223, 24.379305885694851, 0.0 ], [ 120.582781221182273, 24.379255304131547, 0.0 ], [ 120.582767558387928, 24.379202479392625, 0.0 ], [ 120.582749813885968, 24.379185227640093, 0.0 ], [ 120.582600513892018, 24.379113310661236, 0.0 ], [ 120.582551154513936, 24.379086084985307, 0.0 ], [ 120.582505251712774, 24.379053366205984, 0.0 ], [ 120.582463413976981, 24.379015588043835, 0.0 ], [ 120.582301054390584, 24.378850192170653, 0.0 ], [ 120.582271166141055, 24.378816724214282, 0.0 ], [ 120.582244795966204, 24.378780419594353, 0.0 ], [ 120.582222211357518, 24.378741646575406, 0.0 ], [ 120.582203641407133, 24.378700798460482, 0.0 ], [ 120.582071311171859, 24.378362941498313, 0.0 ], [ 120.581907742494678, 24.378048013673538, 0.0 ], [ 120.58175200391581, 24.377718911378782, 0.0 ], [ 120.581568856342798, 24.377375790954652, 0.0 ], [ 120.581361530943269, 24.376986423340949, 0.0 ], [ 120.581132253420648, 24.376492664597876, 0.0 ], [ 120.580964317255194, 24.376101746587373, 0.0 ], [ 120.580697363354972, 24.37557053765703, 0.0 ], [ 120.580442196222407, 24.375120932947304, 0.0 ], [ 120.580156954174072, 24.374573929043603, 0.0 ], [ 120.579971698886197, 24.374145941519988, 0.0 ], [ 120.579894707924851, 24.373995994539083, 0.0 ], [ 120.579815062225194, 24.373840876258207, 0.0 ], [ 120.579657163197695, 24.373532423776837, 0.0 ], [ 120.57950089512201, 24.373248956396065, 0.0 ], [ 120.579318867135754, 24.372918050295524, 0.0 ], [ 120.579161261811933, 24.372631799136954, 0.0 ], [ 120.57905268751621, 24.372458176086063, 0.0 ], [ 120.578975651036458, 24.372334985252156, 0.0 ], [ 120.578880577351924, 24.372112812226238, 0.0 ], [ 120.578803992432555, 24.3719054086386, 0.0 ], [ 120.578714647262146, 24.371523721519559, 0.0 ], [ 120.578639532553908, 24.371337869561717, 0.0 ], [ 120.578565998747663, 24.371154749391327, 0.0 ], [ 120.57852675170011, 24.371061607804048, 0.0 ], [ 120.578510321091031, 24.371007785329592, 0.0 ], [ 120.578500864126227, 24.370952311105778, 0.0 ], [ 120.57849853417919, 24.370896084821705, 0.0 ], [ 120.578503369038586, 24.370840018362671, 0.0 ], [ 120.578515290290866, 24.370785021022694, 0.0 ], [ 120.578534104596315, 24.37073198475575, 0.0 ], [ 120.578559506821193, 24.370681769711709, 0.0 ], [ 120.578591084989412, 24.370635190285142, 0.0 ], [ 120.578628326961407, 24.370593001907579, 0.0 ], [ 120.578670628741534, 24.37055588879587, 0.0 ], [ 120.578717304274178, 24.370524452855811, 0.0 ], [ 120.578767596569151, 24.370499203919724, 0.0 ], [ 120.578820689978457, 24.370480551478348, 0.0 ], [ 120.579212330414407, 24.37035024946794, 0.0 ], [ 120.579257132309777, 24.370337536056802, 0.0 ], [ 120.57930287141221, 24.370328773911115, 0.0 ], [ 120.579349199942385, 24.370324029654398, 0.0 ], [ 120.579395765639333, 24.370323339359281, 0.0 ], [ 120.579865173129988, 24.370336582832806, 0.0 ], [ 120.579933829196193, 24.370342947121454, 0.0 ], [ 120.580638072294192, 24.370454289464064, 0.0 ], [ 120.58093933297657, 24.370428238826538, 0.0 ], [ 120.581116020953388, 24.370406075281597, 0.0 ], [ 120.581105761513669, 24.370278344656413, 0.0 ], [ 120.581105743097083, 24.370222707938574, 0.0 ], [ 120.581112728353943, 24.370167511463297, 0.0 ], [ 120.581127106645027, 24.370110906301292, 0.0 ], [ 120.58114765621238, 24.370059203690388, 0.0 ], [ 120.581174550622833, 24.370010499117591, 0.0 ], [ 120.581207362013785, 24.369965567421545, 0.0 ], [ 120.581245568391225, 24.369925123417826, 0.0 ], [ 120.581288561931657, 24.369889810527976, 0.0 ], [ 120.581390118932319, 24.369828975171675, 0.0 ], [ 120.581359515088067, 24.369793878887371, 0.0 ], [ 120.581332915487152, 24.36975565839964, 0.0 ], [ 120.581310636557689, 24.36971476837935, 0.0 ], [ 120.581292943329828, 24.3696716952537, 0.0 ], [ 120.581280046282288, 24.369626951420337, 0.0 ], [ 120.58127209883871, 24.369581069151693, 0.0 ], [ 120.581255009233288, 24.369431229350646, 0.0 ], [ 120.581252699025228, 24.369392700610138, 0.0 ], [ 120.581254382006634, 24.36934343955766, 0.0 ], [ 120.581260998196555, 24.369299983180078, 0.0 ], [ 120.581272153273773, 24.369257465007873, 0.0 ], [ 120.581287723221223, 24.369216357740012, 0.0 ], [ 120.581341767072246, 24.369094164278803, 0.0 ], [ 120.581363336263436, 24.369052485096908, 0.0 ], [ 120.581392609703286, 24.369008932167155, 0.0 ], [ 120.581426656412333, 24.368968999554159, 0.0 ], [ 120.581465032652005, 24.368933207708604, 0.0 ], [ 120.581507238256023, 24.368902023113996, 0.0 ], [ 120.581608275774244, 24.368834946711608, 0.0 ], [ 120.581596678121997, 24.368787758873612, 0.0 ], [ 120.581590704304332, 24.368739535320113, 0.0 ], [ 120.581590437052824, 24.368690943899416, 0.0 ], [ 120.581595880068136, 24.368642657553831, 0.0 ], [ 120.581606957970422, 24.368595345000685, 0.0 ], [ 120.581623517341228, 24.36854966147154, 0.0 ], [ 120.58164532885057, 24.3685062396376, 0.0 ], [ 120.581627425505118, 24.368456056321232, 0.0 ], [ 120.581616040507271, 24.368404005606742, 0.0 ], [ 120.581611358238121, 24.368350930458167, 0.0 ], [ 120.581610606550541, 24.368318746382318, 0.0 ], [ 120.581362469745201, 24.368029509999065, 0.0 ], [ 120.58032586412665, 24.366872023386733, 0.0 ], [ 120.58031792696957, 24.366927999396683, 0.0 ], [ 120.580303317580658, 24.366982615126229, 0.0 ], [ 120.580294711114931, 24.3670050903978, 0.0 ], [ 120.580282247898623, 24.367035078262457, 0.0 ], [ 120.580255023582865, 24.36708462772048, 0.0 ], [ 120.580222039577649, 24.367130544683899, 0.0 ], [ 120.580202914949723, 24.367152086902191, 0.0 ], [ 120.580183774382746, 24.367172163033377, 0.0 ], [ 120.580140783113521, 24.367208879009919, 0.0 ], [ 120.580105056857974, 24.367233048800571, 0.0 ], [ 120.580041959979681, 24.367265869655387, 0.0 ], [ 120.579969004165946, 24.367290193421855, 0.0 ], [ 120.579934863336817, 24.367297287329158, 0.0 ], [ 120.579878158373617, 24.367303170313779, 0.0 ], [ 120.579737161134091, 24.367314846865952, 0.0 ], [ 120.579679225185615, 24.367316556333201, 0.0 ], [ 120.579647675982201, 24.367314841772036, 0.0 ], [ 120.579620979264647, 24.367311833930433, 0.0 ], [ 120.579563605623548, 24.367300736463161, 0.0 ], [ 120.579507799864373, 24.367283398477678, 0.0 ], [ 120.579453762751314, 24.367260031103672, 0.0 ], [ 120.579413687442781, 24.367239671559613, 0.0 ], [ 120.579231585069692, 24.367147161475756, 0.0 ], [ 120.579182065209366, 24.367118031000466, 0.0 ], [ 120.579135342976656, 24.367083253333522, 0.0 ], [ 120.578142823975455, 24.366228895938036, 0.0 ], [ 120.577222908503146, 24.365619799892769, 0.0 ], [ 120.576228607057459, 24.364842078325054, 0.0 ], [ 120.575613271085658, 24.36423872356157, 0.0 ], [ 120.575545516893825, 24.364154491092037, 0.0 ], [ 120.57513008615625, 24.363483523001197, 0.0 ], [ 120.574775099736243, 24.362752249616616, 0.0 ], [ 120.574734498100028, 24.362700963015119, 0.0 ], [ 120.574671405321041, 24.362621263916413, 0.0 ], [ 120.574574081916225, 24.362709400566576, 0.0 ], [ 120.574490005405536, 24.362755660491747, 0.0 ], [ 120.574375286148992, 24.362792648895716, 0.0 ], [ 120.574300964190655, 24.362814091280296, 0.0 ], [ 120.574150225576517, 24.362834958402161, 0.0 ], [ 120.574009672958809, 24.362815322339085, 0.0 ], [ 120.573852368929096, 24.362749263739417, 0.0 ], [ 120.57351530128777, 24.362584331725415, 0.0 ], [ 120.573247611409428, 24.362410371546044, 0.0 ], [ 120.573064951071714, 24.362286991451455, 0.0 ], [ 120.572967358045474, 24.362218279517361, 0.0 ], [ 120.572507734083104, 24.361894672897265, 0.0 ], [ 120.572234886240452, 24.361702570997736, 0.0 ], [ 120.571868360243755, 24.361444081741972, 0.0 ], [ 120.570618467727144, 24.360307949774938, 0.0 ], [ 120.569509794866775, 24.359148529646504, 0.0 ], [ 120.568801389129973, 24.358238611242751, 0.0 ], [ 120.566729889636619, 24.355957133332357, 0.0 ], [ 120.566701535554714, 24.355922912852222, 0.0 ], [ 120.565871555222245, 24.354815462896493, 0.0 ], [ 120.565527598130103, 24.354452240219626, 0.0 ], [ 120.565125210416355, 24.353973721223316, 0.0 ], [ 120.564983850523973, 24.353773372085335, 0.0 ], [ 120.564645572299597, 24.353256967099174, 0.0 ], [ 120.564434500712338, 24.352928664116845, 0.0 ], [ 120.564394147702288, 24.352865897492432, 0.0 ], [ 120.564392829241825, 24.352863846258391, 0.0 ], [ 120.564317518687432, 24.352746706723376, 0.0 ], [ 120.564194120226517, 24.352554177272154, 0.0 ], [ 120.563765393743921, 24.351821843375475, 0.0 ], [ 120.563256310728008, 24.35118688668295, 0.0 ], [ 120.563118558996067, 24.351015075264158, 0.0 ], [ 120.563053093263775, 24.350934212802695, 0.0 ], [ 120.562908982976538, 24.350760607445054, 0.0 ], [ 120.562908131917553, 24.350759001497508, 0.0 ], [ 120.561761250659515, 24.349360605325312, 0.0 ], [ 120.561313930199972, 24.348678708848787, 0.0 ], [ 120.560777022842771, 24.347837970463946, 0.0 ], [ 120.560363814480297, 24.34729586870899, 0.0 ], [ 120.559964413519651, 24.346792623190467, 0.0 ], [ 120.559847868848109, 24.346591643191097, 0.0 ], [ 120.55956328192427, 24.346066910510999, 0.0 ], [ 120.559247713435298, 24.345394037789198, 0.0 ], [ 120.558717795222023, 24.344644231803027, 0.0 ], [ 120.558388562919703, 24.344254539631134, 0.0 ], [ 120.558230581063739, 24.344067546644716, 0.0 ], [ 120.558149133268316, 24.343923543308541, 0.0 ], [ 120.558087742185393, 24.343740081682913, 0.0 ], [ 120.558025412955971, 24.343534457681173, 0.0 ], [ 120.557982687620196, 24.343254180391437, 0.0 ], [ 120.557986854246309, 24.343061980926542, 0.0 ], [ 120.558000947083954, 24.342882246156229, 0.0 ], [ 120.558011836645022, 24.342743348616334, 0.0 ], [ 120.557970492056796, 24.342598611872507, 0.0 ], [ 120.557908010978366, 24.342379879924231, 0.0 ], [ 120.557857707585839, 24.34208169667901, 0.0 ], [ 120.557899205850021, 24.341942933779503, 0.0 ], [ 120.558013583313112, 24.341800325912505, 0.0 ], [ 120.558235758916197, 24.341613473269465, 0.0 ], [ 120.558069517137795, 24.341420431344581, 0.0 ], [ 120.557724343829548, 24.341269402120457, 0.0 ], [ 120.556647551133651, 24.340847737522822, 0.0 ], [ 120.556523466816401, 24.34077953098674, 0.0 ], [ 120.556413458264132, 24.340662358074141, 0.0 ], [ 120.556342194350208, 24.340553100133306, 0.0 ], [ 120.556104163832842, 24.340188168158342, 0.0 ], [ 120.555994412016801, 24.34001990415064, 0.0 ], [ 120.555134632052244, 24.339154078168384, 0.0 ], [ 120.55501096783027, 24.338909943337438, 0.0 ], [ 120.555016106675538, 24.338760929575393, 0.0 ], [ 120.555111776385374, 24.338326762176319, 0.0 ], [ 120.555207153071791, 24.337884778464769, 0.0 ], [ 120.555208694802644, 24.337887244064948, 0.0 ], [ 120.555212760585718, 24.337868469662489, 0.0 ], [ 120.555217980875526, 24.337844776419036, 0.0 ], [ 120.555222580467756, 24.337823906562765, 0.0 ], [ 120.55525118221712, 24.337694103742745, 0.0 ], [ 120.555265932036804, 24.337627164178606, 0.0 ], [ 120.555267868168784, 24.337618377478389, 0.0 ], [ 120.555272349402998, 24.337600591845142, 0.0 ], [ 120.555273998156693, 24.337594047188801, 0.0 ], [ 120.555281424948674, 24.337572829354524, 0.0 ], [ 120.555290779131681, 24.337546101269918, 0.0 ], [ 120.555498126549281, 24.337050592099136, 0.0 ], [ 120.555512070469462, 24.337020685756819, 0.0 ], [ 120.555524504859562, 24.336998026768391, 0.0 ], [ 120.555536931601608, 24.336978074680225, 0.0 ], [ 120.555552966222393, 24.336955341032738, 0.0 ], [ 120.555565663534907, 24.336939254807735, 0.0 ], [ 120.555582879725847, 24.336919631752593, 0.0 ], [ 120.555600894787148, 24.336901347553898, 0.0 ], [ 120.555861157213343, 24.336651403363184, 0.0 ], [ 120.555951552441542, 24.336564590785638, 0.0 ], [ 120.556014309505443, 24.33633369248393, 0.0 ], [ 120.556032212228487, 24.336267829013121, 0.0 ], [ 120.556043463036616, 24.336236149741506, 0.0 ], [ 120.556052158048217, 24.336211670281767, 0.0 ], [ 120.556062845230002, 24.336191030273351, 0.0 ], [ 120.556077591927959, 24.336162554850588, 0.0 ], [ 120.555451050623418, 24.33608853250767, 0.0 ], [ 120.555348017171767, 24.336076360378961, 0.0 ], [ 120.555249063898799, 24.336064669171645, 0.0 ], [ 120.555138180855664, 24.336051568815819, 0.0 ], [ 120.555085170603647, 24.336045306482088, 0.0 ], [ 120.555027963271044, 24.336038547709666, 0.0 ], [ 120.5549707549619, 24.336031788900172, 0.0 ], [ 120.554923376911432, 24.336026191395636, 0.0 ], [ 120.554892673226604, 24.336022564197417, 0.0 ], [ 120.554835909222874, 24.336015857633388, 0.0 ], [ 120.554798094399032, 24.336014119876083, 0.0 ], [ 120.554740285687387, 24.336004959315556, 0.0 ], [ 120.554683999952047, 24.335988906932847, 0.0 ], [ 120.554630055687156, 24.335966196157912, 0.0 ], [ 120.554579237338388, 24.335937157245645, 0.0 ], [ 120.554532283894716, 24.335902212473439, 0.0 ], [ 120.554489878142093, 24.33586187000024, 0.0 ], [ 120.554452636735448, 24.335816716477357, 0.0 ], [ 120.554421101231313, 24.335767408516791, 0.0 ], [ 120.554395730211525, 24.335714663143936, 0.0 ], [ 120.554265045262071, 24.335370341261445, 0.0 ], [ 120.554254316045032, 24.335363531675316, 0.0 ], [ 120.554208593571332, 24.33533252264122, 0.0 ], [ 120.554167220567777, 24.33529591144859, 0.0 ], [ 120.554130878908325, 24.335254301490785, 0.0 ], [ 120.554100167543496, 24.335208378545847, 0.0 ], [ 120.554075592629999, 24.33515889947487, 0.0 ], [ 120.554057559190539, 24.335106679748016, 0.0 ], [ 120.554046364435592, 24.335052580004316, 0.0 ], [ 120.554042192867371, 24.334997491867263, 0.0 ], [ 120.554045113238374, 24.334942323250718, 0.0 ], [ 120.554055077416876, 24.33488798339458, 0.0 ], [ 120.554071921182697, 24.334835367880125, 0.0 ], [ 120.554095366932003, 24.334785343869086, 0.0 ], [ 120.554125028252031, 24.334738735812987, 0.0 ], [ 120.554160416292063, 24.334696311864022, 0.0 ], [ 120.554200947817606, 24.334658771216063, 0.0 ], [ 120.554269127709333, 24.334611361959652, 0.0 ], [ 120.554305071323441, 24.334523568945585, 0.0 ], [ 120.554339584674892, 24.334439269376833, 0.0 ], [ 120.554250353755435, 24.334369747208861, 0.0 ], [ 120.553779566121136, 24.334002944118911, 0.0 ], [ 120.553741536085639, 24.333970821511606, 0.0 ], [ 120.553707442939015, 24.333934547514257, 0.0 ], [ 120.553677737009195, 24.333894601260148, 0.0 ], [ 120.553652810672318, 24.333851510387927, 0.0 ], [ 120.553632993174631, 24.333805844073286, 0.0 ], [ 120.553618546279338, 24.333758205510019, 0.0 ], [ 120.553609660811688, 24.333709223942197, 0.0 ], [ 120.553606454137196, 24.333659546354323, 0.0 ], [ 120.55360896861221, 24.333609828923429, 0.0 ], [ 120.553670370497514, 24.333096644875958, 0.0 ], [ 120.553282537971597, 24.332055263364079, 0.0 ], [ 120.553269065055858, 24.332013202633025, 0.0 ], [ 120.553260305171477, 24.331969914193547, 0.0 ], [ 120.553256364840266, 24.331925924440704, 0.0 ], [ 120.553257291977914, 24.33188176829762, 0.0 ], [ 120.553263075309417, 24.331837982710383, 0.0 ], [ 120.553257807513944, 24.331797784090984, 0.0 ], [ 120.553256770049927, 24.331757255060197, 0.0 ], [ 120.553259974283094, 24.331716839573602, 0.0 ], [ 120.553272315999322, 24.331620292655415, 0.0 ], [ 120.553231027077757, 24.331590049038009, 0.0 ], [ 120.553193642427175, 24.331555094219244, 0.0 ], [ 120.553160696370981, 24.331515927794307, 0.0 ], [ 120.553132659794358, 24.331473109552725, 0.0 ], [ 120.553109933412017, 24.331427251478242, 0.0 ], [ 120.553092842042986, 24.331379009001559, 0.0 ], [ 120.55308162996738, 24.331329071632503, 0.0 ], [ 120.553076457435353, 24.331278153105849, 0.0 ], [ 120.553077398374555, 24.331226981179078, 0.0 ], [ 120.553084439337411, 24.331176287231685, 0.0 ], [ 120.552898299079587, 24.331120151014073, 0.0 ], [ 120.55284834356128, 24.331104254334523, 0.0 ], [ 120.552800596716168, 24.331082609542122, 0.0 ], [ 120.552755717330868, 24.33105551528017, 0.0 ], [ 120.552714324628099, 24.331023345381237, 0.0 ], [ 120.552676989722571, 24.330986543709098, 0.0 ], [ 120.552644227742064, 24.330945618034018, 0.0 ], [ 120.552616490719231, 24.330901133027197, 0.0 ], [ 120.552594161355685, 24.330853702470147, 0.0 ], [ 120.552577547739759, 24.330803980784509, 0.0 ], [ 120.552566879097583, 24.33075265400473, 0.0 ], [ 120.552562302630406, 24.330700430310888, 0.0 ], [ 120.552563881481021, 24.330648030258583, 0.0 ], [ 120.552571593865707, 24.330596176836629, 0.0 ], [ 120.552531757943086, 24.33057598769663, 0.0 ], [ 120.552493986594371, 24.33055215856988, 0.0 ], [ 120.552458611455847, 24.330524898678657, 0.0 ], [ 120.552425943125684, 24.330494447368022, 0.0 ], [ 120.552122946451775, 24.330183688936057, 0.0 ], [ 120.551067131644942, 24.329393047197673, 0.0 ], [ 120.551029890604838, 24.329362017337399, 0.0 ], [ 120.550996164453565, 24.329327199324361, 0.0 ], [ 120.550966336484095, 24.329288988860444, 0.0 ], [ 120.550940745687541, 24.329247820201914, 0.0 ], [ 120.550919682899618, 24.329204161225029, 0.0 ], [ 120.550824417542259, 24.328972782857001, 0.0 ], [ 120.550807747350447, 24.328923787077464, 0.0 ], [ 120.550797213026996, 24.328873116477137, 0.0 ], [ 120.55079297367449, 24.328821536349238, 0.0 ], [ 120.550795093321696, 24.328769825723594, 0.0 ], [ 120.550803539954629, 24.328718765601227, 0.0 ], [ 120.550818186001649, 24.328669127158179, 0.0 ], [ 120.550838810258966, 24.328621660098779, 0.0 ], [ 120.550865101231963, 24.328577081331943, 0.0 ], [ 120.55089666184044, 24.328536064144405, 0.0 ], [ 120.551468279242428, 24.327863437597983, 0.0 ], [ 120.551497957358563, 24.327791590301306, 0.0 ], [ 120.551401735198567, 24.327330940373358, 0.0 ], [ 120.551395214683964, 24.32728933049513, 0.0 ], [ 120.551392952156846, 24.327247273628174, 0.0 ], [ 120.551394970997592, 24.327205204359565, 0.0 ], [ 120.551401250343744, 24.327163557404194, 0.0 ], [ 120.551449175309415, 24.326924739623884, 0.0 ], [ 120.5515706808647, 24.32632587809017, 0.0 ], [ 120.551269488098512, 24.325054791639143, 0.0 ], [ 120.551159943887626, 24.324136028728432, 0.0 ], [ 120.551059565321736, 24.323755713180315, 0.0 ], [ 120.549774674693182, 24.323245506021841, 0.0 ], [ 120.549578917438495, 24.323111089481849, 0.0 ], [ 120.548916662898733, 24.322355770560339, 0.0 ], [ 120.548841141441386, 24.322236985074181, 0.0 ], [ 120.548808236659198, 24.322065698163303, 0.0 ], [ 120.548865107086527, 24.32186214801462, 0.0 ], [ 120.549195925279065, 24.321288295385251, 0.0 ], [ 120.549356652394209, 24.320775681956182, 0.0 ], [ 120.549203036334163, 24.319893768997499, 0.0 ], [ 120.549203181037029, 24.319750645814029, 0.0 ], [ 120.549253651074793, 24.319612216849389, 0.0 ], [ 120.54956976016652, 24.319062288921128, 0.0 ], [ 120.549563182760082, 24.318825478477869, 0.0 ], [ 120.549269358345484, 24.318679143806865, 0.0 ], [ 120.549112327195786, 24.318555592114624, 0.0 ], [ 120.549013221961701, 24.318436051265028, 0.0 ], [ 120.548923289842421, 24.318318278780993, 0.0 ], [ 120.548877472104124, 24.318205918927138, 0.0 ], [ 120.548813383643207, 24.317948946005842, 0.0 ], [ 120.548803241326169, 24.317717995723093, 0.0 ], [ 120.548808759879805, 24.317405772751865, 0.0 ], [ 120.548830324609895, 24.317085483909846, 0.0 ], [ 120.548898194223327, 24.316951541452546, 0.0 ], [ 120.549017396554319, 24.316791618741018, 0.0 ], [ 120.549101956293427, 24.316580262602571, 0.0 ], [ 120.549180513077459, 24.316344376736176, 0.0 ], [ 120.549250349382675, 24.316048103143689, 0.0 ], [ 120.549269028842488, 24.31567928662006, 0.0 ], [ 120.549249618556274, 24.315335968358955, 0.0 ], [ 120.549231499435379, 24.31510272825474, 0.0 ], [ 120.548889971749574, 24.314569687655347, 0.0 ], [ 120.548826706857568, 24.314423844153094, 0.0 ], [ 120.548816880319052, 24.314322001037993, 0.0 ], [ 120.548834564273122, 24.314212022667423, 0.0 ], [ 120.548868745043293, 24.314099107270383, 0.0 ], [ 120.54893354752133, 24.313969361138479, 0.0 ], [ 120.549035436724722, 24.313867460189979, 0.0 ], [ 120.549082058105597, 24.313755384716309, 0.0 ], [ 120.549085866132188, 24.313258046292194, 0.0 ], [ 120.548936391573449, 24.313045461975648, 0.0 ], [ 120.548635426878533, 24.312854161989296, 0.0 ], [ 120.548531569026551, 24.312765633079589, 0.0 ], [ 120.548435095664473, 24.312580323003296, 0.0 ], [ 120.548410528533537, 24.312478112674377, 0.0 ], [ 120.548410913601543, 24.312282300702272, 0.0 ], [ 120.548443747215103, 24.312148000784568, 0.0 ], [ 120.548436812670431, 24.311854085188521, 0.0 ], [ 120.548375096564001, 24.311223363809038, 0.0 ], [ 120.548334728995229, 24.310932857186202, 0.0 ], [ 120.548282128261505, 24.310591558963644, 0.0 ], [ 120.548227019363978, 24.310299351909332, 0.0 ], [ 120.547797575852456, 24.309700049078145, 0.0 ], [ 120.54763893348813, 24.309611353083973, 0.0 ], [ 120.54741630110837, 24.309486882058284, 0.0 ], [ 120.547313862009602, 24.309410846329829, 0.0 ], [ 120.547209886454681, 24.309255728757513, 0.0 ], [ 120.54710200286425, 24.308983754288974, 0.0 ], [ 120.546961893617222, 24.308630539333063, 0.0 ], [ 120.546880896560992, 24.308426345358079, 0.0 ], [ 120.546854680436809, 24.308325209431963, 0.0 ], [ 120.546805434737749, 24.307928949149385, 0.0 ], [ 120.546773942700952, 24.30791086753695, 0.0 ], [ 120.546597197065807, 24.307732156376552, 0.0 ], [ 120.546516129472494, 24.307584393353622, 0.0 ], [ 120.546443383351857, 24.307451798300779, 0.0 ], [ 120.546391032824204, 24.307260070514051, 0.0 ], [ 120.546385623483516, 24.30705788438971, 0.0 ], [ 120.54638248984952, 24.306940774694084, 0.0 ], [ 120.54638817906347, 24.306860415137894, 0.0 ], [ 120.546448101376214, 24.306785371412868, 0.0 ], [ 120.546143157964721, 24.306643550086314, 0.0 ], [ 120.546083943151089, 24.306566445084428, 0.0 ], [ 120.546035791749446, 24.306491709633207, 0.0 ], [ 120.545986015668745, 24.306324697971306, 0.0 ], [ 120.54597524866881, 24.306167091537048, 0.0 ], [ 120.545958608420065, 24.305923531816209, 0.0 ], [ 120.545934685500583, 24.305573348098992, 0.0 ], [ 120.545884810959478, 24.304843297878705, 0.0 ], [ 120.545465500299784, 24.30481406965394, 0.0 ], [ 120.541255579952548, 24.3069985572678, 0.0 ], [ 120.536452109569652, 24.309531641898595, 0.0 ], [ 120.533574813857982, 24.310985615209766, 0.0 ], [ 120.531251373966739, 24.312177766184305, 0.0 ], [ 120.528469274118947, 24.31367267774365, 0.0 ], [ 120.528419357723465, 24.31369568796903, 0.0 ], [ 120.528367008679979, 24.313712438515573, 0.0 ], [ 120.528313006101016, 24.313722675794136, 0.0 ], [ 120.528258158631829, 24.313726248695421, 0.0 ], [ 120.528181190309496, 24.31377041731653, 0.0 ], [ 120.527976679042567, 24.313875618585918, 0.0 ], [ 120.527773614801021, 24.313967342458877, 0.0 ], [ 120.527532936827996, 24.313974447050633, 0.0 ], [ 120.527336809639877, 24.31388796475213, 0.0 ], [ 120.527199792500795, 24.313740937349586, 0.0 ], [ 120.526383078687189, 24.312211835837527, 0.0 ], [ 120.525728709253684, 24.31215053017635, 0.0 ], [ 120.524330817924991, 24.312291029045777, 0.0 ], [ 120.523912946674784, 24.312240732997765, 0.0 ], [ 120.523144756579839, 24.312233656722547, 0.0 ], [ 120.522752301150433, 24.312301936528538, 0.0 ], [ 120.521478257280847, 24.312655474102669, 0.0 ], [ 120.517707502263661, 24.314178206641166, 0.0 ], [ 120.517518181910646, 24.314296598884905, 0.0 ], [ 120.517302331860506, 24.314431582197205, 0.0 ], [ 120.51719545882635, 24.31448268252532, 0.0 ], [ 120.517012115324874, 24.31451073762738, 0.0 ], [ 120.51686169164725, 24.314484038039058, 0.0 ], [ 120.516719820713092, 24.314410522692487, 0.0 ], [ 120.516598800108696, 24.314285636926765, 0.0 ], [ 120.516466640224394, 24.314077380855025, 0.0 ], [ 120.516420600032689, 24.313977955787006, 0.0 ], [ 120.5164009254935, 24.313834962747372, 0.0 ], [ 120.516429333060501, 24.313694646709298, 0.0 ], [ 120.516488091274937, 24.313589203913654, 0.0 ], [ 120.516618606582838, 24.313475185179318, 0.0 ], [ 120.516798896365003, 24.313364673323264, 0.0 ], [ 120.516889522277324, 24.313320919234592, 0.0 ], [ 120.51704565870341, 24.313289158736005, 0.0 ], [ 120.517163059594395, 24.31328368249839, 0.0 ], [ 120.517313363477911, 24.313276672019612, 0.0 ], [ 120.521661883672834, 24.311456435573767, 0.0 ], [ 120.521768407609386, 24.311179412298856, 0.0 ], [ 120.521966146549246, 24.310751990022791, 0.0 ], [ 120.522071166823309, 24.310206808408811, 0.0 ], [ 120.522095072666005, 24.309858257266022, 0.0 ], [ 120.522114940977247, 24.309708123130878, 0.0 ], [ 120.52214582871278, 24.309456701526265, 0.0 ], [ 120.521928511716794, 24.308908004638869, 0.0 ], [ 120.521157128879878, 24.30725613776573, 0.0 ], [ 120.520631132251907, 24.306274562380473, 0.0 ], [ 120.520119954646972, 24.305452661863931, 0.0 ], [ 120.519703671573367, 24.304862917024838, 0.0 ], [ 120.517590331839756, 24.302122915928258, 0.0 ], [ 120.516667218589888, 24.301053434467377, 0.0 ], [ 120.515607183900556, 24.299847704438797, 0.0 ], [ 120.514994988877774, 24.299306858751287, 0.0 ], [ 120.513377909889272, 24.298204712105324, 0.0 ], [ 120.512120313656382, 24.297537882513119, 0.0 ], [ 120.510916858073145, 24.296996573602499, 0.0 ], [ 120.508997427150746, 24.296213850745648, 0.0 ], [ 120.508557957064738, 24.296109360680145, 0.0 ], [ 120.507497215862202, 24.295971655144633, 0.0 ], [ 120.506238707303453, 24.296002154136612, 0.0 ], [ 120.505932298160616, 24.296019392719824, 0.0 ], [ 120.506133236162256, 24.298330162231547, 0.0 ], [ 120.506083856844427, 24.298562354463016, 0.0 ], [ 120.50595992356709, 24.298715987864295, 0.0 ], [ 120.505831543013571, 24.298789573811764, 0.0 ], [ 120.505762365924866, 24.298809799746508, 0.0 ], [ 120.505430280966749, 24.298826235046718, 0.0 ], [ 120.505230608926027, 24.298796974850305, 0.0 ], [ 120.505070680206387, 24.298697395129135, 0.0 ], [ 120.504987801139933, 24.29859412697137, 0.0 ], [ 120.504923076400033, 24.298399058849565, 0.0 ], [ 120.504877964643725, 24.297624094065288, 0.0 ], [ 120.504687480249018, 24.296132473458915, 0.0 ], [ 120.504494221980295, 24.295902720748145, 0.0 ], [ 120.504253844790369, 24.295679205829586, 0.0 ], [ 120.504082787900998, 24.295519902682386, 0.0 ], [ 120.503911973328869, 24.295344212615099, 0.0 ], [ 120.503789962849069, 24.295206761010853, 0.0 ], [ 120.503654873573524, 24.295000407389367, 0.0 ], [ 120.498506298418832, 24.295401147711015, 0.0 ], [ 120.486959021187076, 24.300206526749893, 0.0 ], [ 120.486625169300822, 24.300348789687472, 0.0 ], [ 120.48649744785142, 24.300386046291521, 0.0 ], [ 120.486290484298451, 24.300376002515186, 0.0 ], [ 120.486167468287562, 24.300326832868908, 0.0 ], [ 120.486066318185266, 24.300252871149276, 0.0 ], [ 120.485981655202835, 24.300149749936562, 0.0 ], [ 120.485931805334616, 24.30006297747747, 0.0 ], [ 120.485871648298129, 24.299958264544795, 0.0 ], [ 120.485822831412619, 24.299819104269432, 0.0 ], [ 120.485816807977002, 24.299738886650573, 0.0 ], [ 120.485831390180664, 24.299634451032208, 0.0 ], [ 120.485861664126418, 24.299553777545171, 0.0 ], [ 120.485903389847962, 24.299485687489213, 0.0 ], [ 120.485979068683918, 24.299407164011207, 0.0 ], [ 120.486104991424412, 24.299336409051083, 0.0 ], [ 120.486281180652412, 24.299263580742384, 0.0 ], [ 120.488275203895114, 24.298441569971096, 0.0 ], [ 120.500145625571463, 24.290633502666719, 0.0 ], [ 120.500183405489679, 24.290560086970981, 0.0 ], [ 120.500129638989279, 24.29051074495181, 0.0 ], [ 120.500097509708326, 24.290470966032796, 0.0 ], [ 120.500073930746112, 24.290434806236039, 0.0 ], [ 120.50004870007308, 24.290381309692531, 0.0 ], [ 120.500024592271984, 24.290297666526339, 0.0 ], [ 120.500018808629747, 24.290231606332558, 0.0 ], [ 120.50002489638041, 24.290150072989103, 0.0 ], [ 120.500043833927748, 24.290081013076151, 0.0 ], [ 120.500063544736918, 24.290034033590423, 0.0 ], [ 120.501988527727789, 24.286262736068135, 0.0 ], [ 120.502010557271873, 24.286225434719434, 0.0 ], [ 120.469548477091905, 24.287092963375297, 0.0 ], [ 120.578812335356346, 24.442326678629051, 0.0 ], [ 120.699955815284099, 24.616803534362514, 0.0 ], [ 120.7666755776944, 24.666813809486587, 0.0 ], [ 120.832286470945562, 24.700256552088497, 0.0 ], [ 120.849641043299016, 24.709996757035086, 0.0 ], [ 120.861417160181915, 24.709961478525219, 0.0 ], [ 120.861697556939532, 24.709961271744085, 0.0 ], [ 120.861667254787278, 24.709852492851393, 0.0 ], [ 120.861471535442462, 24.709253555753385, 0.0 ], [ 120.861257828257351, 24.708663121159034, 0.0 ], [ 120.861119301921065, 24.708280398448437, 0.0 ], [ 120.860901497089955, 24.707836975459781, 0.0 ], [ 120.860863360913797, 24.70775933730312, 0.0 ], [ 120.860862369897092, 24.707756321583716, 0.0 ], [ 120.860860922870799, 24.707754372709203, 0.0 ], [ 120.860822874610946, 24.707676912733358, 0.0 ], [ 120.860790667058424, 24.707611341988589, 0.0 ], [ 120.860752607440688, 24.70753385746259, 0.0 ], [ 120.860673618650637, 24.707373045596409, 0.0 ], [ 120.860566812644663, 24.707155604811206, 0.0 ], [ 120.8605373193639, 24.707095559545916, 0.0 ], [ 120.860499196901458, 24.707006333136011, 0.0 ], [ 120.860427299006517, 24.706774881509045, 0.0 ], [ 120.860341699578896, 24.706619296806942, 0.0 ], [ 120.860117155361465, 24.706223861685892, 0.0 ], [ 120.859987226410169, 24.706008099249122, 0.0 ], [ 120.859781021667175, 24.705614367938338, 0.0 ], [ 120.859515260941336, 24.705167710610123, 0.0 ], [ 120.859106552679052, 24.704497724178633, 0.0 ], [ 120.858771859156988, 24.703962739837564, 0.0 ], [ 120.858438431335273, 24.703506712320994, 0.0 ], [ 120.858158182664226, 24.703102120154096, 0.0 ], [ 120.85800855198606, 24.702790083890775, 0.0 ], [ 120.85794115098092, 24.702605400176601, 0.0 ], [ 120.857886392932016, 24.702427288323353, 0.0 ], [ 120.857876001063516, 24.702338083638111, 0.0 ], [ 120.857885717200517, 24.702076211727121, 0.0 ], [ 120.85781178411689, 24.701704351665075, 0.0 ], [ 120.857771276829965, 24.701366963084535, 0.0 ], [ 120.857782154328603, 24.701289412172354, 0.0 ], [ 120.857779300099239, 24.70129024615995, 0.0 ], [ 120.857781261748016, 24.701280996798697, 0.0 ], [ 120.857784430038734, 24.701267872089215, 0.0 ], [ 120.857786005480591, 24.701261962736581, 0.0 ], [ 120.857787701496164, 24.701255763523307, 0.0 ], [ 120.857790124805376, 24.701246907123632, 0.0 ], [ 120.85779203788961, 24.701239918411783, 0.0 ], [ 120.857795356085873, 24.701227792458393, 0.0 ], [ 120.857798956755516, 24.701214635105657, 0.0 ], [ 120.857804774112594, 24.701193377599175, 0.0 ], [ 120.857811007775169, 24.70117060132333, 0.0 ], [ 120.857435259392346, 24.701304252172694, 0.0 ], [ 120.856669250167471, 24.701579062810556, 0.0 ], [ 120.856071959011871, 24.701793345060835, 0.0 ], [ 120.855540778541936, 24.70197210591687, 0.0 ], [ 120.854635300789965, 24.702276642790146, 0.0 ], [ 120.854572516535896, 24.702298807805576, 0.0 ], [ 120.854571039798557, 24.702298255879391, 0.0 ], [ 120.854381406372127, 24.702362034179547, 0.0 ], [ 120.854219298731564, 24.702414645613899, 0.0 ], [ 120.854168140591824, 24.702424270830431, 0.0 ], [ 120.854100314426447, 24.702428862283512, 0.0 ], [ 120.854014088542627, 24.702421528108463, 0.0 ], [ 120.853930575264059, 24.702399720402251, 0.0 ], [ 120.853833450330882, 24.702353169966166, 0.0 ], [ 120.853769308991119, 24.702306235602418, 0.0 ], [ 120.853700405810756, 24.702234052327597, 0.0 ], [ 120.853655372305667, 24.702165754679367, 0.0 ], [ 120.853625836393491, 24.702100267797292, 0.0 ], [ 120.853606583250908, 24.702048673913637, 0.0 ], [ 120.85358269324378, 24.701984656208555, 0.0 ], [ 120.853567751080178, 24.701930433869911, 0.0 ], [ 120.853559539654171, 24.701870886944683, 0.0 ], [ 120.853559031653077, 24.70181867479506, 0.0 ], [ 120.853564679306388, 24.701766841404162, 0.0 ], [ 120.853594950689981, 24.701664815581299, 0.0 ], [ 120.853622632027296, 24.701611322279252, 0.0 ], [ 120.853670720279197, 24.701546385460297, 0.0 ], [ 120.853730287964623, 24.701490954317602, 0.0 ], [ 120.853774450015891, 24.701460957427127, 0.0 ], [ 120.853809941456035, 24.701442000537224, 0.0 ], [ 120.853872805155461, 24.701417718252237, 0.0 ], [ 120.854269185318714, 24.70127838928682, 0.0 ], [ 120.854301930141688, 24.701266721351725, 0.0 ], [ 120.854426104940686, 24.701223027743033, 0.0 ], [ 120.85470482780876, 24.700766174852731, 0.0 ], [ 120.854698147649756, 24.700762800348123, 0.0 ], [ 120.854679749193366, 24.700752310200027, 0.0 ], [ 120.854653989130412, 24.700735874104357, 0.0 ], [ 120.854638250984777, 24.700724737727004, 0.0 ], [ 120.854625254199405, 24.700714856530873, 0.0 ], [ 120.854608171068563, 24.700700843773355, 0.0 ], [ 120.854589771405031, 24.700684312524462, 0.0 ], [ 120.854575566933832, 24.700670405026376, 0.0 ], [ 120.854565092801437, 24.700659434198379, 0.0 ], [ 120.854548338774421, 24.700640460220253, 0.0 ], [ 120.8545369613677, 24.700626439686353, 0.0 ], [ 120.854523211046072, 24.700608058427189, 0.0 ], [ 120.854510815542454, 24.700589904171302, 0.0 ], [ 120.854500422356438, 24.700572307551859, 0.0 ], [ 120.854481973626918, 24.700540823663129, 0.0 ], [ 120.854476442652327, 24.70053138504791, 0.0 ], [ 120.85447709879341, 24.700529020250666, 0.0 ], [ 120.854477276808012, 24.700528377344327, 0.0 ], [ 120.85447526363717, 24.700529375859173, 0.0 ], [ 120.854465012052529, 24.700511877854872, 0.0 ], [ 120.85445256185632, 24.700490630960481, 0.0 ], [ 120.854433881776586, 24.700458751973212, 0.0 ], [ 120.85441359579093, 24.700423135278928, 0.0 ], [ 120.854399165066539, 24.700392622412565, 0.0 ], [ 120.854387821600099, 24.700362958034198, 0.0 ], [ 120.854380446373426, 24.700339011434504, 0.0 ], [ 120.854374192389088, 24.7003132952707, 0.0 ], [ 120.85436809309968, 24.700276419055747, 0.0 ], [ 120.854365462115567, 24.70024491043268, 0.0 ], [ 120.854365120666017, 24.700215073914883, 0.0 ], [ 120.85436726169327, 24.700181186241771, 0.0 ], [ 120.854371121322657, 24.70015299410268, 0.0 ], [ 120.854376641606464, 24.700125979404628, 0.0 ], [ 120.854382337036341, 24.700104543377801, 0.0 ], [ 120.854386806189297, 24.700090256590062, 0.0 ], [ 120.854398724125204, 24.70005860489011, 0.0 ], [ 120.854410386622504, 24.700033324619092, 0.0 ], [ 120.854427233443189, 24.700002881753971, 0.0 ], [ 120.854447273943734, 24.69997284204403, 0.0 ], [ 120.85446308708336, 24.699952494070267, 0.0 ], [ 120.854473728151348, 24.699940110940549, 0.0 ], [ 120.854509271372336, 24.699904722187295, 0.0 ], [ 120.854529690705377, 24.699887748589116, 0.0 ], [ 120.854545905998094, 24.699875704256801, 0.0 ], [ 120.855068481952586, 24.699536229439857, 0.0 ], [ 120.855393967101023, 24.699324208754042, 0.0 ], [ 120.855395115758725, 24.69930942983445, 0.0 ], [ 120.855389390809947, 24.699293262399589, 0.0 ], [ 120.855276803238453, 24.6989701180641, 0.0 ], [ 120.855128548601115, 24.698536948078541, 0.0 ], [ 120.854850239599287, 24.698149903106138, 0.0 ], [ 120.854767316645422, 24.698054976013804, 0.0 ], [ 120.854670594476161, 24.697944254172125, 0.0 ], [ 120.854525041505894, 24.697777633783922, 0.0 ], [ 120.854458323009482, 24.697699159446312, 0.0 ], [ 120.85440485512278, 24.69763465386815, 0.0 ], [ 120.854363003708869, 24.697584159591496, 0.0 ], [ 120.854342211574505, 24.697559075948398, 0.0 ], [ 120.854327066472962, 24.697540802924106, 0.0 ], [ 120.854315353299427, 24.697526671963328, 0.0 ], [ 120.854314375503819, 24.697525492553513, 0.0 ], [ 120.854266344203225, 24.69749040795109, 0.0 ], [ 120.854313714312553, 24.697524693207711, 0.0 ], [ 120.854260102346444, 24.697460012199954, 0.0 ], [ 120.854064807077663, 24.697224392914979, 0.0 ], [ 120.854002464816659, 24.697174962263045, 0.0 ], [ 120.853978812499605, 24.697154935384731, 0.0 ], [ 120.853824095190618, 24.697015085589737, 0.0 ], [ 120.853669944540485, 24.696875747481169, 0.0 ], [ 120.853556187442123, 24.696770538920596, 0.0 ], [ 120.853484728348036, 24.696693663722627, 0.0 ], [ 120.853416978500178, 24.696620779275534, 0.0 ], [ 120.852921333478449, 24.696087575723489, 0.0 ], [ 120.852728268115044, 24.695878515357272, 0.0 ], [ 120.852565699857578, 24.695702214436388, 0.0 ], [ 120.852425384384347, 24.695550046808371, 0.0 ], [ 120.852360692609764, 24.695479890432019, 0.0 ], [ 120.852214716046689, 24.695335312095391, 0.0 ], [ 120.85207963825907, 24.69520152743042, 0.0 ], [ 120.85171146995971, 24.694836884913858, 0.0 ], [ 120.851578335425444, 24.694705025209217, 0.0 ], [ 120.851427320178132, 24.694571054239255, 0.0 ], [ 120.850985010329509, 24.694176956646814, 0.0 ], [ 120.850894119586911, 24.694083487003084, 0.0 ], [ 120.850662363315692, 24.693845154256799, 0.0 ], [ 120.850060565839613, 24.693333403361134, 0.0 ], [ 120.84989376692738, 24.693190122481678, 0.0 ], [ 120.849554333538208, 24.692840494054852, 0.0 ], [ 120.849253355606706, 24.692561156512408, 0.0 ], [ 120.848782272241337, 24.692262478896968, 0.0 ], [ 120.848588952191108, 24.692139907843238, 0.0 ], [ 120.848428780133986, 24.692032604887913, 0.0 ], [ 120.848323608038527, 24.69194282524786, 0.0 ], [ 120.848032894119683, 24.69169466217074, 0.0 ], [ 120.847965329385246, 24.691630606875783, 0.0 ], [ 120.847773788755489, 24.691445410989619, 0.0 ], [ 120.847683644658673, 24.691358251360736, 0.0 ], [ 120.847186925263131, 24.690964777801074, 0.0 ], [ 120.847073247380536, 24.690874728194, 0.0 ], [ 120.846901801402964, 24.690738917218944, 0.0 ], [ 120.846615789201451, 24.690522546419235, 0.0 ], [ 120.846472486463426, 24.690414136760921, 0.0 ], [ 120.846323688691641, 24.690301570487648, 0.0 ], [ 120.84617645468073, 24.690189154711913, 0.0 ], [ 120.846026493139561, 24.690061268413963, 0.0 ], [ 120.845870332800459, 24.689928096892871, 0.0 ], [ 120.845724220230977, 24.689803493730388, 0.0 ], [ 120.845576228557888, 24.689677288200421, 0.0 ], [ 120.845468712181969, 24.689584216048505, 0.0 ], [ 120.844997519037747, 24.689111618987802, 0.0 ], [ 120.844596332470573, 24.688724541326351, 0.0 ], [ 120.844393891717004, 24.688553955440291, 0.0 ], [ 120.843787115755276, 24.688114206613779, 0.0 ], [ 120.84316842769941, 24.68763237069739, 0.0 ], [ 120.842757023167422, 24.687303998676448, 0.0 ], [ 120.842442897069162, 24.687053236946852, 0.0 ], [ 120.842087138816012, 24.686769241510042, 0.0 ], [ 120.84151146972961, 24.686268724854934, 0.0 ], [ 120.841354474100484, 24.686147999214036, 0.0 ], [ 120.840857348410239, 24.685765724374747, 0.0 ], [ 120.840716838116307, 24.685657675771786, 0.0 ], [ 120.840522629316723, 24.685509711268377, 0.0 ], [ 120.840308929814867, 24.685348418052229, 0.0 ], [ 120.840132208583981, 24.68521503281216, 0.0 ], [ 120.839986073979816, 24.685104736099561, 0.0 ], [ 120.839920687009311, 24.685055383606265, 0.0 ], [ 120.839825388768034, 24.684983454884279, 0.0 ], [ 120.839681673059388, 24.684874494448039, 0.0 ], [ 120.839590964872841, 24.684800133815891, 0.0 ], [ 120.839297053033945, 24.684559188960925, 0.0 ], [ 120.839054839282625, 24.684360627096012, 0.0 ], [ 120.838898101158492, 24.684241689314447, 0.0 ], [ 120.838707370136916, 24.68409695756305, 0.0 ], [ 120.838576361562303, 24.683997544028731, 0.0 ], [ 120.838467182031266, 24.68391469654642, 0.0 ], [ 120.83838365248512, 24.683851312874431, 0.0 ], [ 120.838272925239792, 24.683769825948623, 0.0 ], [ 120.837958403988267, 24.683538363807269, 0.0 ], [ 120.837041538208695, 24.68286594989673, 0.0 ], [ 120.83666160342996, 24.68257198121626, 0.0 ], [ 120.835678240690456, 24.681824485669722, 0.0 ], [ 120.83558305223454, 24.681757067890612, 0.0 ], [ 120.835489354303888, 24.681690706073603, 0.0 ], [ 120.83534521427832, 24.681588618101912, 0.0 ], [ 120.835214120304556, 24.681495771589429, 0.0 ], [ 120.835060947341901, 24.681386947850232, 0.0 ], [ 120.834984296919572, 24.68132852284333, 0.0 ], [ 120.834819261421728, 24.681202727159253, 0.0 ], [ 120.834588652816421, 24.681026951128231, 0.0 ], [ 120.834341215737638, 24.680873116435126, 0.0 ], [ 120.834028604896915, 24.680678761857912, 0.0 ], [ 120.833993558832574, 24.680654832239281, 0.0 ], [ 120.833851089523208, 24.680548253434278, 0.0 ], [ 120.833740740295468, 24.680465701880404, 0.0 ], [ 120.833565166544361, 24.680334357260971, 0.0 ], [ 120.833522586280239, 24.680298258400864, 0.0 ], [ 120.833502983932746, 24.680279562602728, 0.0 ], [ 120.833461181220912, 24.680239693436665, 0.0 ], [ 120.833376486355931, 24.68015891385307, 0.0 ], [ 120.833259158122061, 24.680046968735162, 0.0 ], [ 120.833221363064652, 24.680005369964878, 0.0 ], [ 120.833092785635401, 24.679845222965586, 0.0 ], [ 120.833001547048582, 24.679731411928003, 0.0 ], [ 120.832859502243707, 24.679546233678547, 0.0 ], [ 120.832689957231707, 24.679325203761156, 0.0 ], [ 120.832508619544626, 24.679088799717658, 0.0 ], [ 120.832298981301335, 24.67881754787869, 0.0 ], [ 120.83211856878205, 24.678584114113576, 0.0 ], [ 120.831732541694279, 24.678205138621884, 0.0 ], [ 120.831732046265358, 24.678204422827328, 0.0 ], [ 120.831702011201685, 24.678174159377654, 0.0 ], [ 120.831670180458033, 24.67813878945374, 0.0 ], [ 120.831655162878562, 24.678118893146067, 0.0 ], [ 120.831627183637409, 24.678080930256002, 0.0 ], [ 120.831596977426372, 24.67803994807884, 0.0 ], [ 120.831563686174988, 24.677994777829277, 0.0 ], [ 120.831536309313663, 24.677957633369495, 0.0 ], [ 120.831506492214359, 24.677917176766819, 0.0 ], [ 120.831474434636959, 24.677873682625385, 0.0 ], [ 120.831447374415191, 24.677839310477573, 0.0 ], [ 120.831451175073809, 24.677842394923513, 0.0 ], [ 120.831364936225398, 24.677725113863069, 0.0 ], [ 120.831348389152652, 24.677701062762935, 0.0 ], [ 120.831086777511871, 24.677292839379511, 0.0 ], [ 120.830960014196492, 24.677113236229392, 0.0 ], [ 120.830817182945296, 24.676910870629523, 0.0 ], [ 120.830561508670073, 24.676574135911213, 0.0 ], [ 120.830358935562501, 24.676306989222098, 0.0 ], [ 120.830123275039966, 24.675976042505461, 0.0 ], [ 120.829923957392168, 24.675727136761282, 0.0 ], [ 120.829826976528878, 24.675606030094517, 0.0 ], [ 120.829739779106433, 24.675512215119745, 0.0 ], [ 120.829688121786774, 24.675456636906922, 0.0 ], [ 120.829687978855603, 24.675456390202619, 0.0 ], [ 120.82957201222888, 24.675327808796638, 0.0 ], [ 120.82950539231895, 24.675246238743856, 0.0 ], [ 120.829371735826328, 24.675082586109124, 0.0 ], [ 120.829241058216255, 24.674922589143083, 0.0 ], [ 120.829168484015398, 24.674829749024706, 0.0 ], [ 120.829134998051501, 24.674768194678911, 0.0 ], [ 120.829097310940625, 24.674673868493308, 0.0 ], [ 120.829074549060067, 24.674616249815472, 0.0 ], [ 120.829046192641215, 24.674554061893968, 0.0 ], [ 120.828949975412485, 24.674376357806477, 0.0 ], [ 120.828848648313084, 24.674189217627216, 0.0 ], [ 120.828687581570577, 24.67396369080916, 0.0 ], [ 120.828493542580318, 24.673675477573514, 0.0 ], [ 120.828414770272175, 24.673494136591277, 0.0 ], [ 120.828281112841665, 24.673186448214615, 0.0 ], [ 120.828192352801949, 24.673027314091659, 0.0 ], [ 120.828125886030335, 24.672896138388651, 0.0 ], [ 120.828105748401342, 24.672815219453987, 0.0 ], [ 120.828089720982149, 24.67270456650073, 0.0 ], [ 120.82805956147368, 24.672496349509693, 0.0 ], [ 120.828052893330252, 24.67236495737502, 0.0 ], [ 120.828048252063041, 24.672222464885522, 0.0 ], [ 120.828048160410091, 24.672083377383164, 0.0 ], [ 120.82807129903145, 24.671881533697732, 0.0 ], [ 120.828078642676388, 24.671817468042036, 0.0 ], [ 120.828091263252446, 24.671727084896773, 0.0 ], [ 120.828113618898143, 24.671654422205286, 0.0 ], [ 120.828137537975891, 24.671603851000793, 0.0 ], [ 120.828174105751728, 24.67154748943614, 0.0 ], [ 120.828211802498032, 24.671503740792335, 0.0 ], [ 120.828264662181965, 24.671457336287911, 0.0 ], [ 120.828319841653098, 24.671421754666145, 0.0 ], [ 120.828454792355998, 24.67135675696063, 0.0 ], [ 120.828455909553696, 24.671369767822917, 0.0 ], [ 120.828552102576637, 24.67133676889166, 0.0 ], [ 120.828668754122688, 24.671297950712919, 0.0 ], [ 120.828693549956185, 24.671290399636753, 0.0 ], [ 120.828712668596523, 24.671285454767151, 0.0 ], [ 120.828726069595433, 24.671282428548754, 0.0 ], [ 120.828742068864159, 24.671279283732083, 0.0 ], [ 120.82875723539658, 24.671276762388811, 0.0 ], [ 120.828771624999291, 24.671274779567401, 0.0 ], [ 120.828784750990323, 24.671273314689419, 0.0 ], [ 120.828804436842162, 24.671271726211963, 0.0 ], [ 120.828823364916531, 24.671270882353681, 0.0 ], [ 120.828846015980872, 24.671270747706679, 0.0 ], [ 120.828863045268832, 24.67127127470485, 0.0 ], [ 120.828885774886942, 24.671272822059116, 0.0 ], [ 120.828906667186885, 24.671275100227383, 0.0 ], [ 120.828925709946077, 24.671277902310013, 0.0 ], [ 120.828970239810275, 24.671285261565473, 0.0 ], [ 120.829039404730167, 24.67129669262437, 0.0 ], [ 120.829211911249274, 24.671325202431724, 0.0 ], [ 120.829227884043178, 24.671328093693838, 0.0 ], [ 120.829238714801534, 24.671330356338846, 0.0 ], [ 120.829250255522254, 24.671333038181675, 0.0 ], [ 120.829262416706499, 24.67133617313409, 0.0 ], [ 120.82927187625755, 24.671338834815973, 0.0 ], [ 120.829284704407613, 24.671342761168212, 0.0 ], [ 120.829297651806698, 24.671347103593806, 0.0 ], [ 120.829313147004044, 24.671352816175901, 0.0 ], [ 120.829329482455748, 24.671359468001466, 0.0 ], [ 120.829342118534399, 24.671365073346635, 0.0 ], [ 120.829358405677638, 24.671372917871857, 0.0 ], [ 120.829370731257242, 24.67137933930178, 0.0 ], [ 120.829385926953535, 24.671387857725957, 0.0 ], [ 120.829394969624502, 24.671393257654131, 0.0 ], [ 120.829406059599663, 24.671400234448022, 0.0 ], [ 120.829419540267807, 24.671409267903982, 0.0 ], [ 120.829433789280813, 24.671419513992038, 0.0 ], [ 120.829453409420069, 24.671434902910278, 0.0 ], [ 120.829475692107223, 24.671454392574393, 0.0 ], [ 120.829516750864116, 24.671493004345223, 0.0 ], [ 120.829700875943288, 24.671666156213011, 0.0 ], [ 120.829905047840782, 24.671719823310244, 0.0 ], [ 120.830046996958629, 24.671694066509826, 0.0 ], [ 120.830193648213879, 24.6713755094475, 0.0 ], [ 120.830316661416688, 24.670627205449886, 0.0 ], [ 120.830127467705708, 24.670130137818038, 0.0 ], [ 120.829437574244423, 24.669614819562931, 0.0 ], [ 120.82863083243187, 24.669248364076342, 0.0 ], [ 120.828062017440999, 24.669433298495225, 0.0 ], [ 120.828040771661833, 24.669439696605025, 0.0 ], [ 120.828021661065165, 24.669444648742065, 0.0 ], [ 120.828009200215561, 24.669447476367289, 0.0 ], [ 120.827999812491868, 24.669449403293982, 0.0 ], [ 120.827985378399731, 24.669452027245203, 0.0 ], [ 120.827967138938249, 24.66945476586023, 0.0 ], [ 120.827952835421826, 24.669456467308244, 0.0 ], [ 120.827942197031717, 24.669457481540697, 0.0 ], [ 120.827930811678158, 24.669458331503794, 0.0 ], [ 120.827915518796473, 24.669459091539245, 0.0 ], [ 120.827888451728569, 24.669459367099432, 0.0 ], [ 120.827863055257041, 24.669458384051854, 0.0 ], [ 120.82783206842808, 24.669456367754268, 0.0 ], [ 120.827806478286035, 24.669454703047517, 0.0 ], [ 120.827777983070774, 24.669452849165289, 0.0 ], [ 120.827751568968011, 24.669451131003882, 0.0 ], [ 120.82770096696575, 24.669447837909392, 0.0 ], [ 120.827656359601207, 24.669444937549603, 0.0 ], [ 120.827617193383759, 24.669442388521251, 0.0 ], [ 120.827505748572349, 24.669435138600026, 0.0 ], [ 120.825516407400912, 24.669289797265158, 0.0 ], [ 120.825399662010824, 24.66928670099259, 0.0 ], [ 120.825336888784406, 24.669285038085444, 0.0 ], [ 120.825254141761704, 24.669282843931576, 0.0 ], [ 120.825191368575744, 24.669281179158766, 0.0 ], [ 120.825114251901283, 24.669279135084885, 0.0 ], [ 120.825028500117625, 24.669276862078004, 0.0 ], [ 120.82487250324975, 24.669272726511455, 0.0 ], [ 120.824797991663701, 24.669265557344499, 0.0 ], [ 120.824728252318025, 24.669253904848627, 0.0 ], [ 120.824654172923516, 24.669241527748973, 0.0 ], [ 120.824573145135489, 24.669227989246, 0.0 ], [ 120.824545393818113, 24.669223352509853, 0.0 ], [ 120.824486339729589, 24.66920975227476, 0.0 ], [ 120.824421133880534, 24.669190754877885, 0.0 ], [ 120.82434053850514, 24.669167273617575, 0.0 ], [ 120.824249980316083, 24.669140889233976, 0.0 ], [ 120.824034212020393, 24.66908248166186, 0.0 ], [ 120.823910812112715, 24.669108665988414, 0.0 ], [ 120.823798497553454, 24.669132498598632, 0.0 ], [ 120.823483334686486, 24.669183048924488, 0.0 ], [ 120.823264967004704, 24.669224995158352, 0.0 ], [ 120.823191399670961, 24.669235029415347, 0.0 ], [ 120.823105648416941, 24.669246161637783, 0.0 ], [ 120.823005643099393, 24.669271109120999, 0.0 ], [ 120.822925007198748, 24.66929122436148, 0.0 ], [ 120.822795667845114, 24.669323489021565, 0.0 ], [ 120.822660991860104, 24.669377882223671, 0.0 ], [ 120.822564391317556, 24.669416897133711, 0.0 ], [ 120.822516730504873, 24.669433513845107, 0.0 ], [ 120.822489642415007, 24.669440748106304, 0.0 ], [ 120.822428482342545, 24.669455359064273, 0.0 ], [ 120.822304468749962, 24.669484988745925, 0.0 ], [ 120.822177227137558, 24.66951538846439, 0.0 ], [ 120.822097437090974, 24.669534452106067, 0.0 ], [ 120.82201442818247, 24.669547504734915, 0.0 ], [ 120.821958981222565, 24.66954896537721, 0.0 ], [ 120.821895701761733, 24.669547384855498, 0.0 ], [ 120.821827216389352, 24.669545675527218, 0.0 ], [ 120.821722545525418, 24.669543062077143, 0.0 ], [ 120.821488354854409, 24.669625368756105, 0.0 ], [ 120.821468558122206, 24.669631873599137, 0.0 ], [ 120.821452077190216, 24.669636647285866, 0.0 ], [ 120.821426602162774, 24.669642918981715, 0.0 ], [ 120.821394540853944, 24.669648964215359, 0.0 ], [ 120.821362952634786, 24.669652968935512, 0.0 ], [ 120.821321671730985, 24.669655353448896, 0.0 ], [ 120.82096101273919, 24.669662466377417, 0.0 ], [ 120.820933626956176, 24.669663005966257, 0.0 ], [ 120.820876306349874, 24.669663193653445, 0.0 ], [ 120.820846472745771, 24.669663781979985, 0.0 ], [ 120.820811666678551, 24.669674847182993, 0.0 ], [ 120.820766841823229, 24.669688052475131, 0.0 ], [ 120.820671778399074, 24.66971605718248, 0.0 ], [ 120.820579602513476, 24.669743210948983, 0.0 ], [ 120.820524983584406, 24.66975619366292, 0.0 ], [ 120.820463436615796, 24.669763831887739, 0.0 ], [ 120.820360121183526, 24.669761778785531, 0.0 ], [ 120.820227099205013, 24.669753401396914, 0.0 ], [ 120.820094972275697, 24.669745081119348, 0.0 ], [ 120.819995439399023, 24.66973814841316, 0.0 ], [ 120.819815233882878, 24.669717784449695, 0.0 ], [ 120.81971181832786, 24.669706098327602, 0.0 ], [ 120.819672463069779, 24.669701650575178, 0.0 ], [ 120.819430927192585, 24.669703628873272, 0.0 ], [ 120.819062382314428, 24.669717364207713, 0.0 ], [ 120.818788486762628, 24.669729813305821, 0.0 ], [ 120.818549452353196, 24.669740813093032, 0.0 ], [ 120.818370812393269, 24.669772827890768, 0.0 ], [ 120.818243974039774, 24.669785330935611, 0.0 ], [ 120.817920288758728, 24.669811002872915, 0.0 ], [ 120.817721202165785, 24.669821680957291, 0.0 ], [ 120.817524223429032, 24.669820684754491, 0.0 ], [ 120.817378466194441, 24.669801677076237, 0.0 ], [ 120.817169808877111, 24.669759929807643, 0.0 ], [ 120.816997668268996, 24.669725488076953, 0.0 ], [ 120.816689740241614, 24.669681135946629, 0.0 ], [ 120.816502304984411, 24.669657951138955, 0.0 ], [ 120.816307811388938, 24.669650532343219, 0.0 ], [ 120.816237508363088, 24.669643215224202, 0.0 ], [ 120.816155199890744, 24.669622663828083, 0.0 ], [ 120.815920139771279, 24.669552128603868, 0.0 ], [ 120.815581117972542, 24.66945039561131, 0.0 ], [ 120.815331091589641, 24.669390604378748, 0.0 ], [ 120.815018056380808, 24.669318048584103, 0.0 ], [ 120.814672980208783, 24.669241771531176, 0.0 ], [ 120.814553089943601, 24.669209335973449, 0.0 ], [ 120.814357561543915, 24.669155192090169, 0.0 ], [ 120.814082021881049, 24.669074239667623, 0.0 ], [ 120.813461335788801, 24.668867859311767, 0.0 ], [ 120.812980748148206, 24.668699578875756, 0.0 ], [ 120.812610485916807, 24.668587875160366, 0.0 ], [ 120.812071582838001, 24.668421831502261, 0.0 ], [ 120.811727846115431, 24.668308583087317, 0.0 ], [ 120.811400191646129, 24.668183337410198, 0.0 ], [ 120.810900067018551, 24.668041235288513, 0.0 ], [ 120.810561672243793, 24.667953374365879, 0.0 ], [ 120.810268281002877, 24.667859146758989, 0.0 ], [ 120.809683121846192, 24.667669231310128, 0.0 ], [ 120.80910945318584, 24.667489283917121, 0.0 ], [ 120.806945472180089, 24.666839381781475, 0.0 ], [ 120.806217459098605, 24.666635529636142, 0.0 ], [ 120.804963903764985, 24.666270879777581, 0.0 ], [ 120.80447093444657, 24.666143396189444, 0.0 ], [ 120.803982709716763, 24.666054280782873, 0.0 ], [ 120.803742612592771, 24.665971944404987, 0.0 ], [ 120.802992948423409, 24.665887154336477, 0.0 ], [ 120.802517632702617, 24.665799764966785, 0.0 ], [ 120.801926111603095, 24.66563287644993, 0.0 ], [ 120.801606674448919, 24.665541260915745, 0.0 ], [ 120.800590520112038, 24.665285485181641, 0.0 ], [ 120.800235972789707, 24.665256389938232, 0.0 ], [ 120.799835312539628, 24.665226366402575, 0.0 ], [ 120.799223700526838, 24.665112284291926, 0.0 ], [ 120.798910540104814, 24.665025662319582, 0.0 ], [ 120.798489016569107, 24.664896116846194, 0.0 ], [ 120.798271130038913, 24.664873503305838, 0.0 ], [ 120.797204057848546, 24.664675394875868, 0.0 ], [ 120.796403998202578, 24.664552563925842, 0.0 ], [ 120.795360121218792, 24.664342644276701, 0.0 ], [ 120.79498616182822, 24.664295674253651, 0.0 ], [ 120.793938973895962, 24.664164142785637, 0.0 ], [ 120.793122930485339, 24.664007255174273, 0.0 ], [ 120.792036097953684, 24.663823500268222, 0.0 ], [ 120.791561883668379, 24.663770434061686, 0.0 ], [ 120.7909289365533, 24.663738448689852, 0.0 ], [ 120.790377860023341, 24.663698684245677, 0.0 ], [ 120.789530938856146, 24.66359902160093, 0.0 ], [ 120.788894538715098, 24.663525886494256, 0.0 ], [ 120.788168899759043, 24.663455633820377, 0.0 ], [ 120.787693952563458, 24.663407317364427, 0.0 ], [ 120.787011757888195, 24.663259421737678, 0.0 ], [ 120.786345998485217, 24.663157022601073, 0.0 ], [ 120.785454168865272, 24.663034061606247, 0.0 ], [ 120.784614144491428, 24.662893382115957, 0.0 ], [ 120.783925012100624, 24.662757543444794, 0.0 ], [ 120.78327550482193, 24.66261197676732, 0.0 ], [ 120.783053114830722, 24.662554395324424, 0.0 ], [ 120.782728910605982, 24.662470451677564, 0.0 ], [ 120.782451816975097, 24.662348283716305, 0.0 ], [ 120.782198460759631, 24.66222652539431, 0.0 ], [ 120.781851772685727, 24.66206884345781, 0.0 ], [ 120.781294070365419, 24.661866537106729, 0.0 ], [ 120.780568731660964, 24.66159736514771, 0.0 ], [ 120.780033505118212, 24.661369402100547, 0.0 ], [ 120.780022201050855, 24.661364189788511, 0.0 ], [ 120.780020057535438, 24.661363407053045, 0.0 ], [ 120.780019648646189, 24.661363012845687, 0.0 ], [ 120.77978914108823, 24.661253127858224, 0.0 ], [ 120.779715263358483, 24.661202452647832, 0.0 ], [ 120.779542178367564, 24.661055193707501, 0.0 ], [ 120.779471022079932, 24.660977972110224, 0.0 ], [ 120.779401498262658, 24.660865386277504, 0.0 ], [ 120.779257856162829, 24.660588656797298, 0.0 ], [ 120.779245501803828, 24.660350985956427, 0.0 ], [ 120.779274588592628, 24.660059692441727, 0.0 ], [ 120.779355741090242, 24.659840469795142, 0.0 ], [ 120.779352383359608, 24.659652286458652, 0.0 ], [ 120.779324624643522, 24.659531924568114, 0.0 ], [ 120.779230227969464, 24.659417233924437, 0.0 ], [ 120.777398782729321, 24.657683613410082, 0.0 ], [ 120.777116106825986, 24.657405287014051, 0.0 ], [ 120.776659859084887, 24.656957134328241, 0.0 ], [ 120.776154907537318, 24.656462691741243, 0.0 ], [ 120.775963059258572, 24.656244414589523, 0.0 ], [ 120.775642658218828, 24.655813274373195, 0.0 ], [ 120.775437273093132, 24.655377827650049, 0.0 ], [ 120.775343372917931, 24.65526463891365, 0.0 ], [ 120.775205057018354, 24.655171435505103, 0.0 ], [ 120.774766214824652, 24.655008920889824, 0.0 ], [ 120.774183596049554, 24.654840561657114, 0.0 ], [ 120.771858055711093, 24.653945530873091, 0.0 ], [ 120.77128632091879, 24.653660983082933, 0.0 ], [ 120.771286223035673, 24.653660932884673, 0.0 ], [ 120.771240758253867, 24.653638635908173, 0.0 ], [ 120.771125320694097, 24.653583044445888, 0.0 ], [ 120.771029650680518, 24.653536972735871, 0.0 ], [ 120.770902991071495, 24.6535427888337, 0.0 ], [ 120.770758657748743, 24.653586522345442, 0.0 ], [ 120.770372948680375, 24.653851823460901, 0.0 ], [ 120.76926420951159, 24.654764664390193, 0.0 ], [ 120.768956196832207, 24.65502498501143, 0.0 ], [ 120.768167329240583, 24.655785759948678, 0.0 ], [ 120.768132718063185, 24.655819137598137, 0.0 ], [ 120.768089748838207, 24.65585423005648, 0.0 ], [ 120.768071380063617, 24.655866613501527, 0.0 ], [ 120.768038602876942, 24.655888124553989, 0.0 ], [ 120.768020411804656, 24.65589734214392, 0.0 ], [ 120.767986052914495, 24.655914752121362, 0.0 ], [ 120.767930860728967, 24.655935351844729, 0.0 ], [ 120.767873715184265, 24.655949666615239, 0.0 ], [ 120.767822989054864, 24.655956916460582, 0.0 ], [ 120.767756432470406, 24.655958807310913, 0.0 ], [ 120.767697759126719, 24.655953519149364, 0.0 ], [ 120.767640041805905, 24.655941719285856, 0.0 ], [ 120.767584000887609, 24.655923554996264, 0.0 ], [ 120.767530335829065, 24.655899252992466, 0.0 ], [ 120.767479716432618, 24.655869116592033, 0.0 ], [ 120.767432297932373, 24.655834473861603, 0.0 ], [ 120.767389539935039, 24.655797006342365, 0.0 ], [ 120.767333647109581, 24.65574803093465, 0.0 ], [ 120.767306756218787, 24.655723099414161, 0.0 ], [ 120.767282039249153, 24.655701139345908, 0.0 ], [ 120.767245555173645, 24.655666180995521, 0.0 ], [ 120.767235314562299, 24.655653518145403, 0.0 ], [ 120.767211710990082, 24.655624331556268, 0.0 ], [ 120.767197947045929, 24.655601909934365, 0.0 ], [ 120.767182989143294, 24.655577543340971, 0.0 ], [ 120.767174427817977, 24.655558427582601, 0.0 ], [ 120.767161771907482, 24.655530169418618, 0.0 ], [ 120.767146507961229, 24.655480660567363, 0.0 ], [ 120.767135903545068, 24.655420674672186, 0.0 ], [ 120.767135484304958, 24.655407839126209, 0.0 ], [ 120.767135100105989, 24.655396076428175, 0.0 ], [ 120.76713464125487, 24.655382028155593, 0.0 ], [ 120.767134331830462, 24.655372554758966, 0.0 ], [ 120.767134455770233, 24.655366169584454, 0.0 ], [ 120.767136355435355, 24.655342698687768, 0.0 ], [ 120.76713941877621, 24.655311159779384, 0.0 ], [ 120.767145394002, 24.655285208204305, 0.0 ], [ 120.767153464612534, 24.655251480570254, 0.0 ], [ 120.767169668512466, 24.655208756490367, 0.0 ], [ 120.767188724419483, 24.65517231782421, 0.0 ], [ 120.767196467488489, 24.655157633634353, 0.0 ], [ 120.767227322279396, 24.655114147452931, 0.0 ], [ 120.767265319776243, 24.655072397309706, 0.0 ], [ 120.767368809389055, 24.654970691762227, 0.0 ], [ 120.767418222629345, 24.654921900407995, 0.0 ], [ 120.767477977563118, 24.654862896120104, 0.0 ], [ 120.767549241367561, 24.654792530843842, 0.0 ], [ 120.76760344830214, 24.654739004682931, 0.0 ], [ 120.768157230466642, 24.654192190823998, 0.0 ], [ 120.768895429738819, 24.652537191871026, 0.0 ], [ 120.768856111470683, 24.652520679785304, 0.0 ], [ 120.768822169732104, 24.652503144401635, 0.0 ], [ 120.768784218157549, 24.652479590720692, 0.0 ], [ 120.76874978777883, 24.652454042003043, 0.0 ], [ 120.768710157412471, 24.65242119442933, 0.0 ], [ 120.768671222057989, 24.652388923163294, 0.0 ], [ 120.768614072781375, 24.652341555374324, 0.0 ], [ 120.768574200414292, 24.652305879620261, 0.0 ], [ 120.768547726608205, 24.652276369738097, 0.0 ], [ 120.768522873331591, 24.652242658377407, 0.0 ], [ 120.768514141799784, 24.652228940309886, 0.0 ], [ 120.768508156478475, 24.652218814263044, 0.0 ], [ 120.768498662459734, 24.652201150894992, 0.0 ], [ 120.768498584953178, 24.652200843727933, 0.0 ], [ 120.768488716939743, 24.652180494682796, 0.0 ], [ 120.768476436319503, 24.652149736855211, 0.0 ], [ 120.768463764542645, 24.652107039501281, 0.0 ], [ 120.768460529110982, 24.652092467874578, 0.0 ], [ 120.7684568860806, 24.652072046102717, 0.0 ], [ 120.768454903023809, 24.652057422668687, 0.0 ], [ 120.768452510376306, 24.652028896961777, 0.0 ], [ 120.768452052203571, 24.651999731991552, 0.0 ], [ 120.768453463268358, 24.651972151948083, 0.0 ], [ 120.768456890463227, 24.651943228844164, 0.0 ], [ 120.768462027861275, 24.651915779980179, 0.0 ], [ 120.768470481879177, 24.651883619533976, 0.0 ], [ 120.768480133517428, 24.651855540839613, 0.0 ], [ 120.768488683258767, 24.651834881329581, 0.0 ], [ 120.768510022543452, 24.651793256984018, 0.0 ], [ 120.768527593756559, 24.651765677765969, 0.0 ], [ 120.768547213231997, 24.651739557946758, 0.0 ], [ 120.768570499988229, 24.651713223591859, 0.0 ], [ 120.768638768258512, 24.651647813208236, 0.0 ], [ 120.768722970737628, 24.651567832437419, 0.0 ], [ 120.769082002172595, 24.651226806857025, 0.0 ], [ 120.769703632011371, 24.650636353668457, 0.0 ], [ 120.769777550142436, 24.650507348143766, 0.0 ], [ 120.769811545940954, 24.650448017188523, 0.0 ], [ 120.769871367476213, 24.650343614920008, 0.0 ], [ 120.769956540691553, 24.650194964748032, 0.0 ], [ 120.770008560078765, 24.650104176698957, 0.0 ], [ 120.77026134425185, 24.649673169057269, 0.0 ], [ 120.770308343191388, 24.649595080508153, 0.0 ], [ 120.770343760032731, 24.649536235380076, 0.0 ], [ 120.770390017955407, 24.649459377017024, 0.0 ], [ 120.770399862472615, 24.649429633727422, 0.0 ], [ 120.770414120926063, 24.649386555320277, 0.0 ], [ 120.770384264741338, 24.649339288152298, 0.0 ], [ 120.770256676017908, 24.649199683721005, 0.0 ], [ 120.769654162518705, 24.648775364623123, 0.0 ], [ 120.769594236061295, 24.648733160111242, 0.0 ], [ 120.76954638814712, 24.648699464128864, 0.0 ], [ 120.769504188190481, 24.648667198814735, 0.0 ], [ 120.769458538413375, 24.648621196402182, 0.0 ], [ 120.769419394821327, 24.648567460532206, 0.0 ], [ 120.769393407357285, 24.648518563480984, 0.0 ], [ 120.769372097246475, 24.648460743149705, 0.0 ], [ 120.769363261241793, 24.648424403669136, 0.0 ], [ 120.769355638717144, 24.648363136928637, 0.0 ], [ 120.769355926227078, 24.648312953655466, 0.0 ], [ 120.769134445562869, 24.64808953672604, 0.0 ], [ 120.768984442369884, 24.647957952130916, 0.0 ], [ 120.76887120301754, 24.647858616247561, 0.0 ], [ 120.768796707917019, 24.647796792427581, 0.0 ], [ 120.768635566082054, 24.647679936690217, 0.0 ], [ 120.767911017404614, 24.647198256462605, 0.0 ], [ 120.767647799532057, 24.647020488199747, 0.0 ], [ 120.767069562578627, 24.646572429982022, 0.0 ], [ 120.766616434267362, 24.646231831964641, 0.0 ], [ 120.766323359478179, 24.645966893448353, 0.0 ], [ 120.76619346586358, 24.645841141552339, 0.0 ], [ 120.766183766860195, 24.645834149465983, 0.0 ], [ 120.766151508246494, 24.645808570265384, 0.0 ], [ 120.76612172403668, 24.645780146423931, 0.0 ], [ 120.766094663787968, 24.645749118161167, 0.0 ], [ 120.766082175831471, 24.645733400617409, 0.0 ], [ 120.766057621558048, 24.645709629411606, 0.0 ], [ 120.765940264122392, 24.64559208601155, 0.0 ], [ 120.765694296669054, 24.645303938771065, 0.0 ], [ 120.764604828147412, 24.644006534817546, 0.0 ], [ 120.763215719108302, 24.642281278603249, 0.0 ], [ 120.762280199952443, 24.641132025268227, 0.0 ], [ 120.761813071554812, 24.640569516291229, 0.0 ], [ 120.761395435630334, 24.64008603268217, 0.0 ], [ 120.761218910104247, 24.639868286005132, 0.0 ], [ 120.761143237699557, 24.639763463724695, 0.0 ], [ 120.761080812142239, 24.639676990255783, 0.0 ], [ 120.760968107280036, 24.639520868197728, 0.0 ], [ 120.760901816073073, 24.639429040931908, 0.0 ], [ 120.760805418333319, 24.639295509873925, 0.0 ], [ 120.760640908660861, 24.639030345902416, 0.0 ], [ 120.760607052995269, 24.638967111911938, 0.0 ], [ 120.760590115314329, 24.638921319221925, 0.0 ], [ 120.760574401231324, 24.638862850999647, 0.0 ], [ 120.760555190580462, 24.63878967714782, 0.0 ], [ 120.760546811946796, 24.638757765528499, 0.0 ], [ 120.760536966050125, 24.638708227594059, 0.0 ], [ 120.760530075162464, 24.638564171379063, 0.0 ], [ 120.760527875391944, 24.638496861288431, 0.0 ], [ 120.760538559568857, 24.638389048575728, 0.0 ], [ 120.760576809955737, 24.638287055602003, 0.0 ], [ 120.760626904950726, 24.638192249472798, 0.0 ], [ 120.760669811356109, 24.638111046415741, 0.0 ], [ 120.760708633614371, 24.638040603152593, 0.0 ], [ 120.760755743156992, 24.637966490208946, 0.0 ], [ 120.760792176225294, 24.637909174490336, 0.0 ], [ 120.760811280725292, 24.637870902110592, 0.0 ], [ 120.760781714389253, 24.637765473075824, 0.0 ], [ 120.760816622477563, 24.637832151156875, 0.0 ], [ 120.760765866208871, 24.637730639166755, 0.0 ], [ 120.760719043864114, 24.63761787494694, 0.0 ], [ 120.760634661890535, 24.637460640139345, 0.0 ], [ 120.760594330074454, 24.637385487904904, 0.0 ], [ 120.760704495563431, 24.637607896383866, 0.0 ], [ 120.760550024661569, 24.63729895659548, 0.0 ], [ 120.760543697314205, 24.637301156976879, 0.0 ], [ 120.760472940597296, 24.637185681813371, 0.0 ], [ 120.760160871653952, 24.637329120102887, 0.0 ], [ 120.759744408122032, 24.637521359616066, 0.0 ], [ 120.759696913060324, 24.637541115838697, 0.0 ], [ 120.759655404117538, 24.637554051114478, 0.0 ], [ 120.759617155100926, 24.637562678546249, 0.0 ], [ 120.759591208774822, 24.637566820605226, 0.0 ], [ 120.759573011097118, 24.637568922524895, 0.0 ], [ 120.759554565035373, 24.637570387947317, 0.0 ], [ 120.759538650477552, 24.637571119297824, 0.0 ], [ 120.759519164869374, 24.637571344255644, 0.0 ], [ 120.759498479628505, 24.637570776810705, 0.0 ], [ 120.759487111298853, 24.637570109946065, 0.0 ], [ 120.759462057310515, 24.637567746892493, 0.0 ], [ 120.759429905473084, 24.637562887670516, 0.0 ], [ 120.759400850092206, 24.637556683545135, 0.0 ], [ 120.759382376849871, 24.63755181339673, 0.0 ], [ 120.759358263510507, 24.637544334309371, 0.0 ], [ 120.759332392807863, 24.637534830441265, 0.0 ], [ 120.759311507713363, 24.637525982238216, 0.0 ], [ 120.759294892722181, 24.637518148238261, 0.0 ], [ 120.75927360684247, 24.637507021057839, 0.0 ], [ 120.759247869778832, 24.63749180056811, 0.0 ], [ 120.75922741715236, 24.637478199770765, 0.0 ], [ 120.759202256182888, 24.637459420395423, 0.0 ], [ 120.759182991720508, 24.637443325998095, 0.0 ], [ 120.759165177434951, 24.637426934567873, 0.0 ], [ 120.759148033801438, 24.63740959898211, 0.0 ], [ 120.759133728000492, 24.637393788842065, 0.0 ], [ 120.759128661671966, 24.637387862005248, 0.0 ], [ 120.759122434132536, 24.637380318271251, 0.0 ], [ 120.759113285199732, 24.637368682371743, 0.0 ], [ 120.759119493988663, 24.637380928890007, 0.0 ], [ 120.759112395998699, 24.637367484772017, 0.0 ], [ 120.759111381395186, 24.637366175173206, 0.0 ], [ 120.759088508642748, 24.637333235854712, 0.0 ], [ 120.759074856329534, 24.637310582160342, 0.0 ], [ 120.759058250664438, 24.637278323038061, 0.0 ], [ 120.75903762081677, 24.637238244307284, 0.0 ], [ 120.7590169913925, 24.637195652466101, 0.0 ], [ 120.759004543226268, 24.637162638387728, 0.0 ], [ 120.758995663783921, 24.637132141890842, 0.0 ], [ 120.75898724771865, 24.637090014703794, 0.0 ], [ 120.758983001376791, 24.637046556825954, 0.0 ], [ 120.758982745204975, 24.637012160163003, 0.0 ], [ 120.758986502724582, 24.636967467581481, 0.0 ], [ 120.758992189750728, 24.636935019097034, 0.0 ], [ 120.758998098779202, 24.636910882367076, 0.0 ], [ 120.759010774881489, 24.636872081085976, 0.0 ], [ 120.759018019076592, 24.636854201012735, 0.0 ], [ 120.7590299324239, 24.636828863851505, 0.0 ], [ 120.759043627863534, 24.636804054259297, 0.0 ], [ 120.759055999219157, 24.636784484951871, 0.0 ], [ 120.759071089582648, 24.636763358406526, 0.0 ], [ 120.759109220232048, 24.636719626065993, 0.0 ], [ 120.759145845974643, 24.636686838171258, 0.0 ], [ 120.759166014692568, 24.636671681056029, 0.0 ], [ 120.759192512052749, 24.636654360643032, 0.0 ], [ 120.759212992559114, 24.636642761194359, 0.0 ], [ 120.759266707588708, 24.636617341326708, 0.0 ], [ 120.759533852907197, 24.636491485048222, 0.0 ], [ 120.760088950733319, 24.636229972631877, 0.0 ], [ 120.760153122040364, 24.636199740700807, 0.0 ], [ 120.76015037961335, 24.636175150908226, 0.0 ], [ 120.760147990284594, 24.636140787430119, 0.0 ], [ 120.760149077265268, 24.636097290787909, 0.0 ], [ 120.760153221685158, 24.636062827892076, 0.0 ], [ 120.760160601948641, 24.6360175420043, 0.0 ], [ 120.76016842562602, 24.635969543791635, 0.0 ], [ 120.760176231727172, 24.635921644612942, 0.0 ], [ 120.760173624530097, 24.635839256058137, 0.0 ], [ 120.760170750529127, 24.635748460293478, 0.0 ], [ 120.760163388229188, 24.635690257323905, 0.0 ], [ 120.760154708320641, 24.635621654571814, 0.0 ], [ 120.760122413045096, 24.635343270797808, 0.0 ], [ 120.760101802224625, 24.635097542998654, 0.0 ], [ 120.760107497647226, 24.63500303304464, 0.0 ], [ 120.760109550443403, 24.634980355316301, 0.0 ], [ 120.760099557772932, 24.634926109396183, 0.0 ], [ 120.760109267460493, 24.634977949014498, 0.0 ], [ 120.760113150209563, 24.634922884406695, 0.0 ], [ 120.760118654319257, 24.634844856705563, 0.0 ], [ 120.760096411708545, 24.634638179753765, 0.0 ], [ 120.760075707210802, 24.634424891777531, 0.0 ], [ 120.760060457018056, 24.634259394581811, 0.0 ], [ 120.760052348482503, 24.634205659681577, 0.0 ], [ 120.760007271577692, 24.633906938933873, 0.0 ], [ 120.759943098346156, 24.633616725880117, 0.0 ], [ 120.759852381494142, 24.633374556097575, 0.0 ], [ 120.759779063510649, 24.633177481793314, 0.0 ], [ 120.759688751863436, 24.633002700918542, 0.0 ], [ 120.759553235344896, 24.632802342527718, 0.0 ], [ 120.759520472268363, 24.632756084584791, 0.0 ], [ 120.759454781445442, 24.632663336940762, 0.0 ], [ 120.759382960188404, 24.632561936684219, 0.0 ], [ 120.759330480483385, 24.632485783467128, 0.0 ], [ 120.759215343955006, 24.632318555297719, 0.0 ], [ 120.759125642717066, 24.632199025768319, 0.0 ], [ 120.758978393709384, 24.63227023987632, 0.0 ], [ 120.758913405885082, 24.632301670664781, 0.0 ], [ 120.758868662102344, 24.632323311073367, 0.0 ], [ 120.75881377424966, 24.632349254139903, 0.0 ], [ 120.758764514269942, 24.632367353590197, 0.0 ], [ 120.758696602574304, 24.632383487766493, 0.0 ], [ 120.758656353088085, 24.632388586350817, 0.0 ], [ 120.758613605392028, 24.632390511693906, 0.0 ], [ 120.758565106243722, 24.632388389312379, 0.0 ], [ 120.758520561949908, 24.632382358525316, 0.0 ], [ 120.758464511222869, 24.632368984189718, 0.0 ], [ 120.758420143665234, 24.632353494815099, 0.0 ], [ 120.758379295115191, 24.632335001366187, 0.0 ], [ 120.758339442639766, 24.632312546369977, 0.0 ], [ 120.758297293774916, 24.632283248054517, 0.0 ], [ 120.758265983679493, 24.632257037023109, 0.0 ], [ 120.758237267303656, 24.63222886970237, 0.0 ], [ 120.758203610181766, 24.632189358487491, 0.0 ], [ 120.758176541265101, 24.632150559359488, 0.0 ], [ 120.758159364200523, 24.632121255210667, 0.0 ], [ 120.758147517442779, 24.632096962908122, 0.0 ], [ 120.758149960213913, 24.632123987346283, 0.0 ], [ 120.758147437376337, 24.632096801033512, 0.0 ], [ 120.758130589935007, 24.632062254406087, 0.0 ], [ 120.758113810152153, 24.63202784599661, 0.0 ], [ 120.758089205901214, 24.631977393657273, 0.0 ], [ 120.758060512780489, 24.631914071927309, 0.0 ], [ 120.758042069248276, 24.631850106884652, 0.0 ], [ 120.758034972913691, 24.631802844926757, 0.0 ], [ 120.758033067530818, 24.631758331479251, 0.0 ], [ 120.75804099918831, 24.631679301091125, 0.0 ], [ 120.758054462498279, 24.631627305102807, 0.0 ], [ 120.758071349990914, 24.631583645158727, 0.0 ], [ 120.758090029770628, 24.631546907664234, 0.0 ], [ 120.75809810781422, 24.631533309819638, 0.0 ], [ 120.758127202863278, 24.631491899117059, 0.0 ], [ 120.758156046778225, 24.631459079264399, 0.0 ], [ 120.758192975338233, 24.631425236257638, 0.0 ], [ 120.758214958954213, 24.631408443514413, 0.0 ], [ 120.758274590476148, 24.631372666068717, 0.0 ], [ 120.758348703325723, 24.631338284381904, 0.0 ], [ 120.758449071920026, 24.631291313362439, 0.0 ], [ 120.758676110788059, 24.631182140255635, 0.0 ], [ 120.75867689691232, 24.631184628985235, 0.0 ], [ 120.75875816430424, 24.631146656301539, 0.0 ], [ 120.758736204006127, 24.631089762997231, 0.0 ], [ 120.758704066383956, 24.631006503543169, 0.0 ], [ 120.758685495757703, 24.630958390783672, 0.0 ], [ 120.758625572259547, 24.630824387895466, 0.0 ], [ 120.758587757804307, 24.630739827840486, 0.0 ], [ 120.758554086741896, 24.630664533487156, 0.0 ], [ 120.758510294287802, 24.630566605565203, 0.0 ], [ 120.758476110397609, 24.630487901275888, 0.0 ], [ 120.758446905384844, 24.630417741255361, 0.0 ], [ 120.758395712080045, 24.630294209804834, 0.0 ], [ 120.758385693614599, 24.630262489389388, 0.0 ], [ 120.758369298591418, 24.630230267671141, 0.0 ], [ 120.75828954942402, 24.629971503894001, 0.0 ], [ 120.75824377585046, 24.629891752919079, 0.0 ], [ 120.758222345879048, 24.629854413622976, 0.0 ], [ 120.758176940339112, 24.629781103466136, 0.0 ], [ 120.758100666935306, 24.629657950763878, 0.0 ], [ 120.758054341985002, 24.629583154561704, 0.0 ], [ 120.758031555331257, 24.629546362807719, 0.0 ], [ 120.758012056286574, 24.629514879211051, 0.0 ], [ 120.7579756134147, 24.629456038447294, 0.0 ], [ 120.758043065156329, 24.629589131959669, 0.0 ], [ 120.757980620650287, 24.629466418345988, 0.0 ], [ 120.757039853688852, 24.627994049349347, 0.0 ], [ 120.756695748572355, 24.62745357723696, 0.0 ], [ 120.756297992885465, 24.626851910491553, 0.0 ], [ 120.755869626754688, 24.626115801927586, 0.0 ], [ 120.755299659045903, 24.625259985480902, 0.0 ], [ 120.754852262198099, 24.624599600343171, 0.0 ], [ 120.754786208105941, 24.624501233501221, 0.0 ], [ 120.754743919552496, 24.624421699787195, 0.0 ], [ 120.754643857875351, 24.623987999587353, 0.0 ], [ 120.753896767786344, 24.62288034527193, 0.0 ], [ 120.753822415681213, 24.622606915632772, 0.0 ], [ 120.753876740797367, 24.622400246397486, 0.0 ], [ 120.754016960423726, 24.622240025826265, 0.0 ], [ 120.754208324008417, 24.622159833184064, 0.0 ], [ 120.754459013054841, 24.622178903324361, 0.0 ], [ 120.754570520784299, 24.62221276266029, 0.0 ], [ 120.754622373286637, 24.622239356282179, 0.0 ], [ 120.754670884071018, 24.622271645699399, 0.0 ], [ 120.754734010486402, 24.622319429642729, 0.0 ], [ 120.754973410166897, 24.622407646179049, 0.0 ], [ 120.755023843989704, 24.622428737664613, 0.0 ], [ 120.755071113905004, 24.622455163937669, 0.0 ], [ 120.755114624537953, 24.622486592153439, 0.0 ], [ 120.755155323021157, 24.62252300976888, 0.0 ], [ 120.755191201588957, 24.622563574793084, 0.0 ], [ 120.755222308830042, 24.622607904606518, 0.0 ], [ 120.755281905261285, 24.622706107431547, 0.0 ], [ 120.755303487787117, 24.622743563389001, 0.0 ], [ 120.755319824374467, 24.622783586758363, 0.0 ], [ 120.755330616821738, 24.622825446969259, 0.0 ], [ 120.755340317252788, 24.622830342803972, 0.0 ], [ 120.755391617925483, 24.622864774432344, 0.0 ], [ 120.75542400886269, 24.622856296703436, 0.0 ], [ 120.755692826441745, 24.62273204781614, 0.0 ], [ 120.755682334928537, 24.622683964669804, 0.0 ], [ 120.755677503832302, 24.622634987926954, 0.0 ], [ 120.755678398655363, 24.622585781625379, 0.0 ], [ 120.75568450677676, 24.622536884608778, 0.0 ], [ 120.755696739571789, 24.622489214706992, 0.0 ], [ 120.755714430697907, 24.622443289932612, 0.0 ], [ 120.75573734029409, 24.622399732944348, 0.0 ], [ 120.755765157747518, 24.622359134297593, 0.0 ], [ 120.755797505902223, 24.62232204443789, 0.0 ], [ 120.75582854599881, 24.622289421457129, 0.0 ], [ 120.756102790062272, 24.621990157627387, 0.0 ], [ 120.757090251865847, 24.621135659387953, 0.0 ], [ 120.757907232138095, 24.620239903993639, 0.0 ], [ 120.758118352109221, 24.61975987321409, 0.0 ], [ 120.75838388953683, 24.618825520450901, 0.0 ], [ 120.75851734256193, 24.617906639050261, 0.0 ], [ 120.758595639389668, 24.617128351948498, 0.0 ], [ 120.75841278882794, 24.616052580284574, 0.0 ], [ 120.757841495572023, 24.615263220714315, 0.0 ], [ 120.757334346953471, 24.614827868567996, 0.0 ], [ 120.756521418376195, 24.614394042678082, 0.0 ], [ 120.756471712084675, 24.614436006625272, 0.0 ], [ 120.756422988255608, 24.614471845760292, 0.0 ], [ 120.756370434191453, 24.614501787794602, 0.0 ], [ 120.756314760195522, 24.614525428041471, 0.0 ], [ 120.756256718739763, 24.614542446987215, 0.0 ], [ 120.756197094293597, 24.614552614608769, 0.0 ], [ 120.756136692721711, 24.614555793484261, 0.0 ], [ 120.755822507097477, 24.614556872769747, 0.0 ], [ 120.755762900157137, 24.614555793048893, 0.0 ], [ 120.755712591560354, 24.614553442385041, 0.0 ], [ 120.755662746083971, 24.614547486487407, 0.0 ], [ 120.755139158820469, 24.614445829045845, 0.0 ], [ 120.754031971902862, 24.614148440854404, 0.0 ], [ 120.753532487867176, 24.613884856155821, 0.0 ], [ 120.752668513746201, 24.613415247798102, 0.0 ], [ 120.751884864620877, 24.613002161898059, 0.0 ], [ 120.751101585064106, 24.612608012710261, 0.0 ], [ 120.750458420270505, 24.61229912822801, 0.0 ], [ 120.75012587653984, 24.612147135262255, 0.0 ], [ 120.749146631826576, 24.611646655350157, 0.0 ], [ 120.748851904659801, 24.611527930400818, 0.0 ], [ 120.748577362669536, 24.611398996039821, 0.0 ], [ 120.748201472708317, 24.611226077433848, 0.0 ], [ 120.748200237883935, 24.61122594430439, 0.0 ], [ 120.748092248256214, 24.611173742166311, 0.0 ], [ 120.748019527504127, 24.611138739035301, 0.0 ], [ 120.747988325853996, 24.611122694921324, 0.0 ], [ 120.747941012269095, 24.611096156722329, 0.0 ], [ 120.747880072767131, 24.611061729822197, 0.0 ], [ 120.747816405104516, 24.61102576086266, 0.0 ], [ 120.747743592947856, 24.610984626019945, 0.0 ], [ 120.74766528432535, 24.610940387508936, 0.0 ], [ 120.747387457295005, 24.61073863909807, 0.0 ], [ 120.74734532320673, 24.610703044804872, 0.0 ], [ 120.747296353992311, 24.610656563608057, 0.0 ], [ 120.747235532327096, 24.610598832394988, 0.0 ], [ 120.74718928820225, 24.610553881556754, 0.0 ], [ 120.747064629839031, 24.610435557378754, 0.0 ], [ 120.747030373488343, 24.610403041674136, 0.0 ], [ 120.746994430523998, 24.610365924230443, 0.0 ], [ 120.746963277057432, 24.610324704540734, 0.0 ], [ 120.746937377165892, 24.610279996634169, 0.0 ], [ 120.746917116667007, 24.61023246650182, 0.0 ], [ 120.746902797370737, 24.61018282217638, 0.0 ], [ 120.74689463258521, 24.610131803183943, 0.0 ], [ 120.746892743937025, 24.610080169529272, 0.0 ], [ 120.746897159559964, 24.610028690372513, 0.0 ], [ 120.746907813677154, 24.609978132573122, 0.0 ], [ 120.746924547578871, 24.609929249264884, 0.0 ], [ 120.746989623867805, 24.609772979046436, 0.0 ], [ 120.746991522767345, 24.609748051928474, 0.0 ], [ 120.746982879915365, 24.609672200930831, 0.0 ], [ 120.746949871563899, 24.609604128803475, 0.0 ], [ 120.746875493525451, 24.609486915585013, 0.0 ], [ 120.746392974324337, 24.608971685761386, 0.0 ], [ 120.746115423971702, 24.608622462467551, 0.0 ], [ 120.74608280004125, 24.608575179598159, 0.0 ], [ 120.746009148600749, 24.608447542521997, 0.0 ], [ 120.74598832116105, 24.608406601891527, 0.0 ], [ 120.745972020174605, 24.60836365779635, 0.0 ], [ 120.745960434946525, 24.608319208949965, 0.0 ], [ 120.745934425002631, 24.60819072227979, 0.0 ], [ 120.745904703938251, 24.608068531437983, 0.0 ], [ 120.745837751226816, 24.608007094791784, 0.0 ], [ 120.745696234995009, 24.607944210325105, 0.0 ], [ 120.745603638645591, 24.607935791580282, 0.0 ], [ 120.745256307868146, 24.608004690590512, 0.0 ], [ 120.745059629064173, 24.608115352160375, 0.0 ], [ 120.744727535201761, 24.608283793857069, 0.0 ], [ 120.744697399483968, 24.608297867386952, 0.0 ], [ 120.744408298809546, 24.608395302099705, 0.0 ], [ 120.744257660721289, 24.60847519391108, 0.0 ], [ 120.744177518279045, 24.608533840579739, 0.0 ], [ 120.744140605558883, 24.60857679078013, 0.0 ], [ 120.744116477673785, 24.60867184752378, 0.0 ], [ 120.744099476347884, 24.608723071238426, 0.0 ], [ 120.744075944431543, 24.60877384097391, 0.0 ], [ 120.74400286027948, 24.608905712002851, 0.0 ], [ 120.743972132341256, 24.608952488450978, 0.0 ], [ 120.743935677723485, 24.608997184681513, 0.0 ], [ 120.74381287706673, 24.609126838515113, 0.0 ], [ 120.743779823310902, 24.609157325523402, 0.0 ], [ 120.743743997067014, 24.609185678504886, 0.0 ], [ 120.743705685376312, 24.609210570785866, 0.0 ], [ 120.743665245951561, 24.609232866317868, 0.0 ], [ 120.743553028128218, 24.60928557759744, 0.0 ], [ 120.742844743567289, 24.609629765164289, 0.0 ], [ 120.742179570178578, 24.609899579611341, 0.0 ], [ 120.741906600200338, 24.610087567286531, 0.0 ], [ 120.741670788984834, 24.610220410634028, 0.0 ], [ 120.741354649867631, 24.610375208711314, 0.0 ], [ 120.741312756547714, 24.610392234312357, 0.0 ], [ 120.741269471677157, 24.610406632241776, 0.0 ], [ 120.74122512335795, 24.610418293659549, 0.0 ], [ 120.740900302519108, 24.610481253786972, 0.0 ], [ 120.740506330873956, 24.610619133447912, 0.0 ], [ 120.739987322611242, 24.610823560246601, 0.0 ], [ 120.73964196465478, 24.610936594642155, 0.0 ], [ 120.73940509580099, 24.611039142843698, 0.0 ], [ 120.738924953429986, 24.611276206359531, 0.0 ], [ 120.73889325201003, 24.611290542993508, 0.0 ], [ 120.738153400816699, 24.611617948735663, 0.0 ], [ 120.737779130513772, 24.611815628976725, 0.0 ], [ 120.737353768150683, 24.612013305990828, 0.0 ], [ 120.737304865529381, 24.612031798865804, 0.0 ], [ 120.737254300648374, 24.612046473587714, 0.0 ], [ 120.73720253836926, 24.612056107960065, 0.0 ], [ 120.737150079833654, 24.612060608706873, 0.0 ], [ 120.737121794231712, 24.612060245268918, 0.0 ], [ 120.737097432924429, 24.61205993225353, 0.0 ], [ 120.737045107347043, 24.612054085149381, 0.0 ], [ 120.736823466211817, 24.612018433942964, 0.0 ], [ 120.736610345628364, 24.611998633819255, 0.0 ], [ 120.736423868913448, 24.611997176349902, 0.0 ], [ 120.735992081260505, 24.611989657416917, 0.0 ], [ 120.735697581985377, 24.611967279044666, 0.0 ], [ 120.735643733588063, 24.611960425505622, 0.0 ], [ 120.735357220499722, 24.611908332311305, 0.0 ], [ 120.735198315867692, 24.611902051334525, 0.0 ], [ 120.73500525899783, 24.611905156872396, 0.0 ], [ 120.734956925925189, 24.611903773470537, 0.0 ], [ 120.734908912748097, 24.6118980520673, 0.0 ], [ 120.734861608018704, 24.611888038963844, 0.0 ], [ 120.734572395321024, 24.611812552253621, 0.0 ], [ 120.734536183223881, 24.611800271523965, 0.0 ], [ 120.734299365663333, 24.611710180431363, 0.0 ], [ 120.734276554284179, 24.611701502434514, 0.0 ], [ 120.734099448217194, 24.611622958761807, 0.0 ], [ 120.733895669347817, 24.611520596725466, 0.0 ], [ 120.733505181582103, 24.611270690566222, 0.0 ], [ 120.733004042358829, 24.611082270290222, 0.0 ], [ 120.732756052404937, 24.610966215850716, 0.0 ], [ 120.732575740768738, 24.610880033111226, 0.0 ], [ 120.73242618876688, 24.610804070189925, 0.0 ], [ 120.732188632126125, 24.610677043787899, 0.0 ], [ 120.731257751594924, 24.610152674746235, 0.0 ], [ 120.730314208872613, 24.609749619528184, 0.0 ], [ 120.730047146267864, 24.609638097065826, 0.0 ], [ 120.729614172613964, 24.609457292554545, 0.0 ], [ 120.729553163723338, 24.609432797011873, 0.0 ], [ 120.729280158650184, 24.609323182115343, 0.0 ], [ 120.728909936995663, 24.609217904133839, 0.0 ], [ 120.72889859603319, 24.609214679100074, 0.0 ], [ 120.728729712474276, 24.609173706981931, 0.0 ], [ 120.728592422704466, 24.60914040079517, 0.0 ], [ 120.728483422629623, 24.609113956981091, 0.0 ], [ 120.728136239251555, 24.609039685825262, 0.0 ], [ 120.727758372666756, 24.608990607525108, 0.0 ], [ 120.727734339376909, 24.608986930697181, 0.0 ], [ 120.727675666522416, 24.608973127766475, 0.0 ], [ 120.727610936390022, 24.608953958891266, 0.0 ], [ 120.72701870322004, 24.608778411323485, 0.0 ], [ 120.726661484536564, 24.60866289842026, 0.0 ], [ 120.726646892982828, 24.608657942384845, 0.0 ], [ 120.726289673709672, 24.608530709918899, 0.0 ], [ 120.725951385352275, 24.608393575999383, 0.0 ], [ 120.725941081424651, 24.608389251607477, 0.0 ], [ 120.725892389862963, 24.608365050083691, 0.0 ], [ 120.725726670084953, 24.608271300807456, 0.0 ], [ 120.725721080437594, 24.608268090284053, 0.0 ], [ 120.725675726896426, 24.608238231463741, 0.0 ], [ 120.725532571982214, 24.608132238782257, 0.0 ], [ 120.725222598022398, 24.607927554496751, 0.0 ], [ 120.724962588481446, 24.607787583488609, 0.0 ], [ 120.724947719543181, 24.607779250658361, 0.0 ], [ 120.724925736894804, 24.607765667619486, 0.0 ], [ 120.724631001227905, 24.607572743622356, 0.0 ], [ 120.724442265005038, 24.60744550990033, 0.0 ], [ 120.72436781656171, 24.607383687803566, 0.0 ], [ 120.724219740105411, 24.607232838973047, 0.0 ], [ 120.724115668355964, 24.607132775747274, 0.0 ], [ 120.724063425361635, 24.607082544190732, 0.0 ], [ 120.723992660320889, 24.607013676211174, 0.0 ], [ 120.723969120835875, 24.60699076728859, 0.0 ], [ 120.723892833172556, 24.606916525052192, 0.0 ], [ 120.723878015361095, 24.606902105170757, 0.0 ], [ 120.723750262422342, 24.606777777509347, 0.0 ], [ 120.723703253414627, 24.606739340126783, 0.0 ], [ 120.723618746021927, 24.606670243276238, 0.0 ], [ 120.723501127370724, 24.606574074678733, 0.0 ], [ 120.723414703338022, 24.60649147700552, 0.0 ], [ 120.723317903113454, 24.606395533979349, 0.0 ], [ 120.723220456418105, 24.6062960958361, 0.0 ], [ 120.72317574781006, 24.606241544038348, 0.0 ], [ 120.723060986609681, 24.606095468155257, 0.0 ], [ 120.722982221927666, 24.605995210470255, 0.0 ], [ 120.722901085627342, 24.605892452512741, 0.0 ], [ 120.722814703067144, 24.605783568899461, 0.0 ], [ 120.72273006361651, 24.605676303972402, 0.0 ], [ 120.722674872416306, 24.605600731344257, 0.0 ], [ 120.722626151200103, 24.60552930881201, 0.0 ], [ 120.722598797986535, 24.605471518984679, 0.0 ], [ 120.722580016421077, 24.605408793940498, 0.0 ], [ 120.722569119853716, 24.605339031759431, 0.0 ], [ 120.722560528540654, 24.605276530491594, 0.0 ], [ 120.722557280831126, 24.60523942599632, 0.0 ], [ 120.722560187134064, 24.605168417645288, 0.0 ], [ 120.722577824095794, 24.605089745518896, 0.0 ], [ 120.722601737428633, 24.605031631432535, 0.0 ], [ 120.72265176413228, 24.604954255730249, 0.0 ], [ 120.722710850165086, 24.604880391394417, 0.0 ], [ 120.722750147584435, 24.604837186960289, 0.0 ], [ 120.722797396641369, 24.604796999606585, 0.0 ], [ 120.7228975467971, 24.604723133025278, 0.0 ], [ 120.722896412499878, 24.604696899093074, 0.0 ], [ 120.722893617243713, 24.604648107125257, 0.0 ], [ 120.722830481591259, 24.604434248914156, 0.0 ], [ 120.72275824526676, 24.60432188835118, 0.0 ], [ 120.722668875499068, 24.604182454956732, 0.0 ], [ 120.722616432554815, 24.604090587093513, 0.0 ], [ 120.722575625422039, 24.604018941351942, 0.0 ], [ 120.722553748703859, 24.603980532994377, 0.0 ], [ 120.722530603202173, 24.603939893841336, 0.0 ], [ 120.722502198059161, 24.603883017852112, 0.0 ], [ 120.722445882721374, 24.603764946771534, 0.0 ], [ 120.722392575233144, 24.603653179545844, 0.0 ], [ 120.722374280320906, 24.603608520120513, 0.0 ], [ 120.722296024398617, 24.603381670626653, 0.0 ], [ 120.722288424634286, 24.603357267849489, 0.0 ], [ 120.72228157899238, 24.603328896539704, 0.0 ], [ 120.722219759063748, 24.603026782420198, 0.0 ], [ 120.722209770911988, 24.602995407226764, 0.0 ], [ 120.722178509048632, 24.602940479267861, 0.0 ], [ 120.722059654581045, 24.602783653910688, 0.0 ], [ 120.721959299721036, 24.602676485610321, 0.0 ], [ 120.721856789173032, 24.60259163876491, 0.0 ], [ 120.721771418329155, 24.602520976265374, 0.0 ], [ 120.721536746100284, 24.602421784466269, 0.0 ], [ 120.721497353225033, 24.602402926500574, 0.0 ], [ 120.721250615005616, 24.602271503428522, 0.0 ], [ 120.721233752168274, 24.602262103791002, 0.0 ], [ 120.721202382140433, 24.602242219956146, 0.0 ], [ 120.721147238557379, 24.602204302298706, 0.0 ], [ 120.721093308123301, 24.602167218125803, 0.0 ], [ 120.720835956136426, 24.601990254656336, 0.0 ], [ 120.720817235091786, 24.601976723209226, 0.0 ], [ 120.720798151606829, 24.601961454012304, 0.0 ], [ 120.720773252625605, 24.601940477483002, 0.0 ], [ 120.720700345096148, 24.601879053584511, 0.0 ], [ 120.720612903218594, 24.601805384755597, 0.0 ], [ 120.720502249746588, 24.601712162236861, 0.0 ], [ 120.720102173740699, 24.60137510368796, 0.0 ], [ 120.720029899246043, 24.601333149216753, 0.0 ], [ 120.719979428768653, 24.601299511216308, 0.0 ], [ 120.719943282809169, 24.601269159421271, 0.0 ], [ 120.719893726069856, 24.60122319009513, 0.0 ], [ 120.719852136195897, 24.601184612638676, 0.0 ], [ 120.719808638299028, 24.601138388479601, 0.0 ], [ 120.719719046071887, 24.601021213192872, 0.0 ], [ 120.719701433270203, 24.600997105386156, 0.0 ], [ 120.719679478006498, 24.60096468300916, 0.0 ], [ 120.719667918058619, 24.600944132353256, 0.0 ], [ 120.719637754929224, 24.600886957562626, 0.0 ], [ 120.719603994209294, 24.600848290189315, 0.0 ], [ 120.719162606226433, 24.600327846189973, 0.0 ], [ 120.718839380589557, 24.599950221171618, 0.0 ], [ 120.718593386626736, 24.599677929443583, 0.0 ], [ 120.71848354131636, 24.599556340106052, 0.0 ], [ 120.718468970970335, 24.599539406826736, 0.0 ], [ 120.71837004404999, 24.599418595905302, 0.0 ], [ 120.718269714795028, 24.599296074735413, 0.0 ], [ 120.718169105751613, 24.599203625874377, 0.0 ], [ 120.718076761877342, 24.599118772035048, 0.0 ], [ 120.718033628556796, 24.599079137153741, 0.0 ], [ 120.718023013113566, 24.599069076392574, 0.0 ], [ 120.71800885109657, 24.599054620822677, 0.0 ], [ 120.717984127740351, 24.599028265634086, 0.0 ], [ 120.717965315491369, 24.599008211480029, 0.0 ], [ 120.717927157349664, 24.598967533601165, 0.0 ], [ 120.717913903665831, 24.598953404129908, 0.0 ], [ 120.717895126283921, 24.598933388409627, 0.0 ], [ 120.717932096983091, 24.599004578041423, 0.0 ], [ 120.717723920323351, 24.598611354363445, 0.0 ], [ 120.717180859749419, 24.597808678249219, 0.0 ], [ 120.717158510312629, 24.597771981680964, 0.0 ], [ 120.717139766553373, 24.597733319602963, 0.0 ], [ 120.717124796832067, 24.597693043910148, 0.0 ], [ 120.71688353015962, 24.596934777383446, 0.0 ], [ 120.716904050869076, 24.59699780647631, 0.0 ], [ 120.716899475704949, 24.596977089917154, 0.0 ], [ 120.716897111667336, 24.596963736718614, 0.0 ], [ 120.716895686772659, 24.596954123155719, 0.0 ], [ 120.716893994613315, 24.596939870244324, 0.0 ], [ 120.716893024082324, 24.59692877594868, 0.0 ], [ 120.716892193804938, 24.596913924995683, 0.0 ], [ 120.716891895567429, 24.596898426765438, 0.0 ], [ 120.716892106606792, 24.596885058477643, 0.0 ], [ 120.716892719289845, 24.596872134989596, 0.0 ], [ 120.716893631782355, 24.596860371488653, 0.0 ], [ 120.716894946878256, 24.596848075192771, 0.0 ], [ 120.716895819647348, 24.59684138328246, 0.0 ], [ 120.716897292055819, 24.596831625018904, 0.0 ], [ 120.716880730527691, 24.596745792763649, 0.0 ], [ 120.716877171565343, 24.596727344727334, 0.0 ], [ 120.716873006398615, 24.596711508893677, 0.0 ], [ 120.716841557372618, 24.596591924980981, 0.0 ], [ 120.716832793009516, 24.596558602032282, 0.0 ], [ 120.716797374390936, 24.59644722377832, 0.0 ], [ 120.716785359890437, 24.596409444597644, 0.0 ], [ 120.716771682989929, 24.596366435303171, 0.0 ], [ 120.716714355357354, 24.59620336807113, 0.0 ], [ 120.716686759696145, 24.596154231363052, 0.0 ], [ 120.716600241236847, 24.596000171371294, 0.0 ], [ 120.716584670292718, 24.595969703226991, 0.0 ], [ 120.716545846467866, 24.595885709497203, 0.0 ], [ 120.716522674149033, 24.595835578329893, 0.0 ], [ 120.716477874254906, 24.595738654092177, 0.0 ], [ 120.716468515948591, 24.595716847610767, 0.0 ], [ 120.716451000764437, 24.595672695018422, 0.0 ], [ 120.716387027335941, 24.595511435116617, 0.0 ], [ 120.71638415077598, 24.595504184417024, 0.0 ], [ 120.71636311488453, 24.595464393424649, 0.0 ], [ 120.71630205469809, 24.595348890631364, 0.0 ], [ 120.716155837079, 24.595065331369462, 0.0 ], [ 120.716091366629826, 24.594947036194903, 0.0 ], [ 120.715995007768939, 24.594772362679613, 0.0 ], [ 120.715934182771775, 24.5946621025257, 0.0 ], [ 120.715863644112574, 24.594534235158147, 0.0 ], [ 120.7157627322282, 24.594364369624977, 0.0 ], [ 120.71572145684479, 24.594303658502252, 0.0 ], [ 120.71567842760841, 24.594240367048233, 0.0 ], [ 120.71565189701154, 24.594201341994083, 0.0 ], [ 120.715595903644399, 24.594127755375865, 0.0 ], [ 120.715546514382837, 24.594062849024485, 0.0 ], [ 120.715483826765777, 24.593986589897483, 0.0 ], [ 120.715473591625042, 24.593973669635634, 0.0 ], [ 120.715419207005539, 24.593902402914392, 0.0 ], [ 120.715372882181214, 24.593848649683345, 0.0 ], [ 120.715304725436795, 24.593769563296153, 0.0 ], [ 120.715292165756523, 24.593754338379917, 0.0 ], [ 120.715195349396481, 24.593631382296714, 0.0 ], [ 120.715165736612789, 24.593600961714213, 0.0 ], [ 120.715119734320652, 24.593553705429127, 0.0 ], [ 120.715095617678472, 24.59352893153628, 0.0 ], [ 120.715051035894035, 24.593485273241736, 0.0 ], [ 120.71503980629565, 24.593474276823923, 0.0 ], [ 120.715001940812968, 24.593432409420675, 0.0 ], [ 120.714975277566396, 24.593399023134367, 0.0 ], [ 120.714956138796197, 24.593375056885169, 0.0 ], [ 120.714940162142398, 24.593357777902074, 0.0 ], [ 120.714922715710955, 24.59333891044, 0.0 ], [ 120.714905362213941, 24.593320144585547, 0.0 ], [ 120.714882802641455, 24.593295745451123, 0.0 ], [ 120.714904880287818, 24.593334176738072, 0.0 ], [ 120.714880013174479, 24.593292729647121, 0.0 ], [ 120.714845948196398, 24.593255889204421, 0.0 ], [ 120.714734450453292, 24.593125973184488, 0.0 ], [ 120.714619485888321, 24.592968168328891, 0.0 ], [ 120.714515169889296, 24.592794497034319, 0.0 ], [ 120.71444520396291, 24.59265441635549, 0.0 ], [ 120.71443665756442, 24.592636259024204, 0.0 ], [ 120.714337183624949, 24.592401224389985, 0.0 ], [ 120.714243095264592, 24.592067075391004, 0.0 ], [ 120.714191887199604, 24.591839948309985, 0.0 ], [ 120.714150523915237, 24.591602279340268, 0.0 ], [ 120.714084506894778, 24.591314881560585, 0.0 ], [ 120.713940476308366, 24.590901066481123, 0.0 ], [ 120.713783950955872, 24.590475590166342, 0.0 ], [ 120.713704006830426, 24.590336994219552, 0.0 ], [ 120.713608779836477, 24.590164003029464, 0.0 ], [ 120.713500497450255, 24.589968558640788, 0.0 ], [ 120.713318756685808, 24.589721732074665, 0.0 ], [ 120.712949257255559, 24.589335408293135, 0.0 ], [ 120.712935959851151, 24.589324636685362, 0.0 ], [ 120.71290113621987, 24.589328592044279, 0.0 ], [ 120.712783040504831, 24.589344387120068, 0.0 ], [ 120.712679545188863, 24.589335330108074, 0.0 ], [ 120.712586640836193, 24.589308070666259, 0.0 ], [ 120.712476366449991, 24.589247040395978, 0.0 ], [ 120.712407915549178, 24.589187024874708, 0.0 ], [ 120.712333708929677, 24.589086953654068, 0.0 ], [ 120.712301044646651, 24.589024536576154, 0.0 ], [ 120.712257217143232, 24.588884626711469, 0.0 ], [ 120.71225501313026, 24.588792073409234, 0.0 ], [ 120.71226530187468, 24.588728208667796, 0.0 ], [ 120.712321104954725, 24.58859699043191, 0.0 ], [ 120.712428653710376, 24.588482302385309, 0.0 ], [ 120.712401666713248, 24.588383999616706, 0.0 ], [ 120.712239388285724, 24.588251080612199, 0.0 ], [ 120.712168887310526, 24.588159314401342, 0.0 ], [ 120.712042304725614, 24.58798707342326, 0.0 ], [ 120.711976485415775, 24.587896876760148, 0.0 ], [ 120.711895014649798, 24.587770331127142, 0.0 ], [ 120.711729307903383, 24.587553102908295, 0.0 ], [ 120.711522444390752, 24.587296801620351, 0.0 ], [ 120.711415577202587, 24.587152925331488, 0.0 ], [ 120.711134053721224, 24.586768366866952, 0.0 ], [ 120.710983064344518, 24.586541487285192, 0.0 ], [ 120.710960793938483, 24.586504171025389, 0.0 ], [ 120.710881384859221, 24.586354798504853, 0.0 ], [ 120.710792031687433, 24.586231876831832, 0.0 ], [ 120.710749483986419, 24.586159970895707, 0.0 ], [ 120.710690560926977, 24.586034392304242, 0.0 ], [ 120.710667584776701, 24.585973906900026, 0.0 ], [ 120.710566410774362, 24.585626412364473, 0.0 ], [ 120.710492273470081, 24.585278894827738, 0.0 ], [ 120.710353156814648, 24.584801248096685, 0.0 ], [ 120.710306462087914, 24.584642497590988, 0.0 ], [ 120.710270415101817, 24.58448700164028, 0.0 ], [ 120.710088592137794, 24.583817761120411, 0.0 ], [ 120.709855066693621, 24.583069776220931, 0.0 ], [ 120.709771024944615, 24.582832192847018, 0.0 ], [ 120.709707728640282, 24.582576645704115, 0.0 ], [ 120.709660565973067, 24.581958605601109, 0.0 ], [ 120.709618625419779, 24.581781223647887, 0.0 ], [ 120.709595424429935, 24.581618302562536, 0.0 ], [ 120.709591581892568, 24.581570752956651, 0.0 ], [ 120.709589536656594, 24.581481172811579, 0.0 ], [ 120.709547684337267, 24.58126933039334, 0.0 ], [ 120.709500035414266, 24.580913892764475, 0.0 ], [ 120.70944186442054, 24.580560047138455, 0.0 ], [ 120.709389321721659, 24.580218929231162, 0.0 ], [ 120.709232243272908, 24.579339524088006, 0.0 ], [ 120.709208726958849, 24.578893100075195, 0.0 ], [ 120.709182043975588, 24.578350327640386, 0.0 ], [ 120.709164831765278, 24.578229337061568, 0.0 ], [ 120.709125115315686, 24.577950148849855, 0.0 ], [ 120.709095809638569, 24.577783663080861, 0.0 ], [ 120.709062527019768, 24.577609035055371, 0.0 ], [ 120.709013043435419, 24.577464218102119, 0.0 ], [ 120.708902367177615, 24.577140315185183, 0.0 ], [ 120.708802156494102, 24.576887595614419, 0.0 ], [ 120.708705245801838, 24.576640261080382, 0.0 ], [ 120.708625221390179, 24.576455384787476, 0.0 ], [ 120.70854264053159, 24.576258796035443, 0.0 ], [ 120.708454364135463, 24.576058095493217, 0.0 ], [ 120.708334653227411, 24.575776124380614, 0.0 ], [ 120.708307186562578, 24.575679048834598, 0.0 ], [ 120.70830251266112, 24.57557998639632, 0.0 ], [ 120.708313602559414, 24.575440771636956, 0.0 ], [ 120.708302887267763, 24.575278353668846, 0.0 ], [ 120.708247560385502, 24.575109254738415, 0.0 ], [ 120.70820358681668, 24.5749880111176, 0.0 ], [ 120.70813582695834, 24.574847209841181, 0.0 ], [ 120.708066390320454, 24.574671637779069, 0.0 ], [ 120.708016465921759, 24.574575283529647, 0.0 ], [ 120.708283761863967, 24.574491621007418, 0.0 ], [ 120.708271613560427, 24.574440919157244, 0.0 ], [ 120.708265415081399, 24.574389152426967, 0.0 ], [ 120.708265250513449, 24.574337015358967, 0.0 ], [ 120.708271121889851, 24.57428520936978, 0.0 ], [ 120.708282951361838, 24.57423443195157, 0.0 ], [ 120.708300578435214, 24.574185365797614, 0.0 ], [ 120.708323766088228, 24.574138668063402, 0.0 ], [ 120.708352679408534, 24.574094017168683, 0.0 ], [ 120.708337212753221, 24.574049052046387, 0.0 ], [ 120.70840373488781, 24.573825628230207, 0.0 ], [ 120.708396369249925, 24.573811799352296, 0.0 ], [ 120.708271600867292, 24.573790817053329, 0.0 ], [ 120.708217687690748, 24.573777831009441, 0.0 ], [ 120.708165783773197, 24.573758307593859, 0.0 ], [ 120.708116677343114, 24.573732543152101, 0.0 ], [ 120.708071116385071, 24.573700930005526, 0.0 ], [ 120.707743290650541, 24.573442121077441, 0.0 ], [ 120.70771332987735, 24.57341624808252, 0.0 ], [ 120.707685762514856, 24.573387841574956, 0.0 ], [ 120.707660797804209, 24.57335711958055, 0.0 ], [ 120.707531161866825, 24.573182392905299, 0.0 ], [ 120.707140429058953, 24.573341517604685, 0.0 ], [ 120.7071208842777, 24.573326478251985, 0.0 ], [ 120.707042470634136, 24.573266138514704, 0.0 ], [ 120.706936075528191, 24.573184266964617, 0.0 ], [ 120.706819805178228, 24.573075057004274, 0.0 ], [ 120.70667496403172, 24.57293300185351, 0.0 ], [ 120.706636023607487, 24.572889706399142, 0.0 ], [ 120.706618680122972, 24.572866266734561, 0.0 ], [ 120.706298268616081, 24.572402494243736, 0.0 ], [ 120.706298079246665, 24.572402269298873, 0.0 ], [ 120.706178954850273, 24.572260961117912, 0.0 ], [ 120.70615704238088, 24.572266730370167, 0.0 ], [ 120.706122583297145, 24.57227580187962, 0.0 ], [ 120.706094803002273, 24.572282637170854, 0.0 ], [ 120.706053073311139, 24.572289910789184, 0.0 ], [ 120.706010808098483, 24.572293745134999, 0.0 ], [ 120.705981992062846, 24.572294364991908, 0.0 ], [ 120.70593993159271, 24.572292378318867, 0.0 ], [ 120.705909822422825, 24.572288829725419, 0.0 ], [ 120.705885080280567, 24.572284559504087, 0.0 ], [ 120.705864659245961, 24.572280088819621, 0.0 ], [ 120.70583782776994, 24.572272876506055, 0.0 ], [ 120.705810192438051, 24.572263788800718, 0.0 ], [ 120.705780103498867, 24.572251869901059, 0.0 ], [ 120.705758998043109, 24.572242164942821, 0.0 ], [ 120.705739602956726, 24.572232201695527, 0.0 ], [ 120.705719829789302, 24.572220940041834, 0.0 ], [ 120.705700485908949, 24.5722087623835, 0.0 ], [ 120.705681529805318, 24.572195617537577, 0.0 ], [ 120.705659642992771, 24.572178793830382, 0.0 ], [ 120.705641930924529, 24.572163735288395, 0.0 ], [ 120.705620831847526, 24.572143875214618, 0.0 ], [ 120.705601680088606, 24.572123754144986, 0.0 ], [ 120.705584415353158, 24.572103593221613, 0.0 ], [ 120.705570350914115, 24.572085479602023, 0.0 ], [ 120.705552559786113, 24.572060079601304, 0.0 ], [ 120.705526257450344, 24.57202252796683, 0.0 ], [ 120.705494394494806, 24.571977038248495, 0.0 ], [ 120.705323503181106, 24.572023136701915, 0.0 ], [ 120.70516699000855, 24.57206535679083, 0.0 ], [ 120.705071679846867, 24.572091066919977, 0.0 ], [ 120.70502320484735, 24.572102711152215, 0.0 ], [ 120.704965453276557, 24.572110188917321, 0.0 ], [ 120.704928394158472, 24.572111464664804, 0.0 ], [ 120.704902662392058, 24.572110751121645, 0.0 ], [ 120.704880533024564, 24.572109085085604, 0.0 ], [ 120.704852437306798, 24.572105550724391, 0.0 ], [ 120.704823502781963, 24.572100218064726, 0.0 ], [ 120.70480261869109, 24.572095270786615, 0.0 ], [ 120.704756522314781, 24.572080929525765, 0.0 ], [ 120.704721665933178, 24.572066738817597, 0.0 ], [ 120.704705485138177, 24.572059089270322, 0.0 ], [ 120.704686273783366, 24.572049070922031, 0.0 ], [ 120.704669327571594, 24.572039333531766, 0.0 ], [ 120.704652607306983, 24.57202884313492, 0.0 ], [ 120.704630255609416, 24.572013327410765, 0.0 ], [ 120.704608399883867, 24.571996324399862, 0.0 ], [ 120.704581984674249, 24.571972997189143, 0.0 ], [ 120.70455187195553, 24.571941923649302, 0.0 ], [ 120.704532944760288, 24.571919349675834, 0.0 ], [ 120.704516930947719, 24.571897937634088, 0.0 ], [ 120.704496505818454, 24.571866675963161, 0.0 ], [ 120.704482268998348, 24.571841404954434, 0.0 ], [ 120.704467738773872, 24.571811436420063, 0.0 ], [ 120.704457347765299, 24.571785126372596, 0.0 ], [ 120.704447410517858, 24.571759969649836, 0.0 ], [ 120.704440726606947, 24.571743046250482, 0.0 ], [ 120.704432057265592, 24.571722248055131, 0.0 ], [ 120.704411920117153, 24.571658890436584, 0.0 ], [ 120.704403879013, 24.571616785848711, 0.0 ], [ 120.704399871859493, 24.57157263408752, 0.0 ], [ 120.704400552473615, 24.571524139666774, 0.0 ], [ 120.704405174582874, 24.571483868299001, 0.0 ], [ 120.704413396860289, 24.57144439020837, 0.0 ], [ 120.704427473660132, 24.571399483260478, 0.0 ], [ 120.704442306763056, 24.571364365708096, 0.0 ], [ 120.704458759136699, 24.571332957592151, 0.0 ], [ 120.704483428910478, 24.571294774625841, 0.0 ], [ 120.704497660186405, 24.571276102911025, 0.0 ], [ 120.704516799919773, 24.57125386820238, 0.0 ], [ 120.704550795431558, 24.571220667570095, 0.0 ], [ 120.704586733478621, 24.5711922861788, 0.0 ], [ 120.704644538966889, 24.571157564558895, 0.0 ], [ 120.704689502218983, 24.571138036119947, 0.0 ], [ 120.704744412021753, 24.571121652572273, 0.0 ], [ 120.705565179654585, 24.570889149509778, 0.0 ], [ 120.705616529094698, 24.570877199527818, 0.0 ], [ 120.705666620988907, 24.570870723200969, 0.0 ], [ 120.705699366681486, 24.570869154958171, 0.0 ], [ 120.705726525909157, 24.570868353104096, 0.0 ], [ 120.705780700477661, 24.57087320437266, 0.0 ], [ 120.705810109214625, 24.5708661389613, 0.0 ], [ 120.705775039390417, 24.570831860715074, 0.0 ], [ 120.705744049530892, 24.570793853882581, 0.0 ], [ 120.705717533289388, 24.570752601250518, 0.0 ], [ 120.70569582749188, 24.570708626836542, 0.0 ], [ 120.705679231872594, 24.570663569694865, 0.0 ], [ 120.705660992213382, 24.5706016809003, 0.0 ], [ 120.705648083921517, 24.570557875561608, 0.0 ], [ 120.705636832896914, 24.570507414299957, 0.0 ], [ 120.705631624748492, 24.570457041394075, 0.0 ], [ 120.705631566078935, 24.570424228846417, 0.0 ], [ 120.705632510486737, 24.570406407710358, 0.0 ], [ 120.705639477262309, 24.570356247781362, 0.0 ], [ 120.70565242400977, 24.570307289266427, 0.0 ], [ 120.705657712180766, 24.570293378730042, 0.0 ], [ 120.705670433231674, 24.570262934538889, 0.0 ], [ 120.70568242516191, 24.570239137436122, 0.0 ], [ 120.705698315049247, 24.570212355867827, 0.0 ], [ 120.705724874045643, 24.570175656568249, 0.0 ], [ 120.705935434641958, 24.569909691998227, 0.0 ], [ 120.70595144687907, 24.569579324167741, 0.0 ], [ 120.705782245764624, 24.56908218840298, 0.0 ], [ 120.705735827775314, 24.568927433658331, 0.0 ], [ 120.705590240251993, 24.56856912993047, 0.0 ], [ 120.705459570976544, 24.568341259697405, 0.0 ], [ 120.705319963636683, 24.567974022790199, 0.0 ], [ 120.705257497345826, 24.567772122624994, 0.0 ], [ 120.705133161851975, 24.567486807748228, 0.0 ], [ 120.705032023391652, 24.567287509748759, 0.0 ], [ 120.704962528376612, 24.56717550103409, 0.0 ], [ 120.704913669385249, 24.567097813538201, 0.0 ], [ 120.704849691187931, 24.566994861904309, 0.0 ], [ 120.704810192762992, 24.56693150626413, 0.0 ], [ 120.704756234531331, 24.566844958742042, 0.0 ], [ 120.704729362757874, 24.566794901585787, 0.0 ], [ 120.70470328759275, 24.566737636898409, 0.0 ], [ 120.704677174492247, 24.56668028858244, 0.0 ], [ 120.704612073033289, 24.566535071843173, 0.0 ], [ 120.704563188840396, 24.566421146461014, 0.0 ], [ 120.704522012904647, 24.566338067723148, 0.0 ], [ 120.704458669125131, 24.56621026702798, 0.0 ], [ 120.704433250147133, 24.566157574470971, 0.0 ], [ 120.704407111738604, 24.566087003216381, 0.0 ], [ 120.704374389006333, 24.565995521120705, 0.0 ], [ 120.70434794371198, 24.56592159080688, 0.0 ], [ 120.70428463419951, 24.565793879040239, 0.0 ], [ 120.704231390149232, 24.565707289898324, 0.0 ], [ 120.704174687550392, 24.565615073947388, 0.0 ], [ 120.704156311591149, 24.56558819173749, 0.0 ], [ 120.704121842080156, 24.56553776321957, 0.0 ], [ 120.704086804164675, 24.565476606658006, 0.0 ], [ 120.704067004014703, 24.565426218501926, 0.0 ], [ 120.704051312556274, 24.565359436145037, 0.0 ], [ 120.704042899519621, 24.565302989441395, 0.0 ], [ 120.703987740784044, 24.56516117462477, 0.0 ], [ 120.703938434284353, 24.565034408287129, 0.0 ], [ 120.703976312375801, 24.565092763814427, 0.0 ], [ 120.703128455916101, 24.563371870279216, 0.0 ], [ 120.703188859724449, 24.563491283978948, 0.0 ], [ 120.703095770808162, 24.563279488570387, 0.0 ], [ 120.703031187667477, 24.563132549660946, 0.0 ], [ 120.702962201744597, 24.562975591498205, 0.0 ], [ 120.702938887693634, 24.562924606225327, 0.0 ], [ 120.702914856684814, 24.562876188080487, 0.0 ], [ 120.70273811090415, 24.562520079210781, 0.0 ], [ 120.702695339538153, 24.562433903012309, 0.0 ], [ 120.702649553208929, 24.562341650892996, 0.0 ], [ 120.702645058705301, 24.562332597028988, 0.0 ], [ 120.702634515785519, 24.562309693111992, 0.0 ], [ 120.702605336794193, 24.562240329974014, 0.0 ], [ 120.702546795310539, 24.56210117120898, 0.0 ], [ 120.702492658469808, 24.561972481233891, 0.0 ], [ 120.702404166457143, 24.561762126785862, 0.0 ], [ 120.70229621873348, 24.561505525314239, 0.0 ], [ 120.702087990549941, 24.561148769517079, 0.0 ], [ 120.702026080011166, 24.561052768857714, 0.0 ], [ 120.702007808423943, 24.5610247136377, 0.0 ], [ 120.701980243064028, 24.560982391439531, 0.0 ], [ 120.701954024776057, 24.560942135269254, 0.0 ], [ 120.701914281626784, 24.560881114139573, 0.0 ], [ 120.701869989531872, 24.560813111752879, 0.0 ], [ 120.701843928752666, 24.560773098083224, 0.0 ], [ 120.70181786797302, 24.560733085312876, 0.0 ], [ 120.701793474895936, 24.560695632717888, 0.0 ], [ 120.701770896402238, 24.56066096640555, 0.0 ], [ 120.7017464716793, 24.560623464576544, 0.0 ], [ 120.701704546420885, 24.560559093649118, 0.0 ], [ 120.701665142377948, 24.560483281753843, 0.0 ], [ 120.701474367768498, 24.560006270685196, 0.0 ], [ 120.70132628819492, 24.559687546552222, 0.0 ], [ 120.701307101759681, 24.559646250282732, 0.0 ], [ 120.701307188621556, 24.559646249802917, 0.0 ], [ 120.701219792624826, 24.55945406720949, 0.0 ], [ 120.701201267162944, 24.559435404970465, 0.0 ], [ 120.701177712962064, 24.559429950780469, 0.0 ], [ 120.701139902512566, 24.559418571360972, 0.0 ], [ 120.701103876909016, 24.559404519244676, 0.0 ], [ 120.701064472425657, 24.559385192628639, 0.0 ], [ 120.701026709825825, 24.559362265884236, 0.0 ], [ 120.700985053582201, 24.559331012031041, 0.0 ], [ 120.70095450822717, 24.5593031891352, 0.0 ], [ 120.700923412395156, 24.55926934866952, 0.0 ], [ 120.700878716594417, 24.55921514551947, 0.0 ], [ 120.700837005476885, 24.559164563440309, 0.0 ], [ 120.700800516411434, 24.559120311233627, 0.0 ], [ 120.700768706640972, 24.559081735199332, 0.0 ], [ 120.700732437730423, 24.559037752630086, 0.0 ], [ 120.700670417306611, 24.558962540433278, 0.0 ], [ 120.700641509687586, 24.558917722387296, 0.0 ], [ 120.700610306259975, 24.558866423969658, 0.0 ], [ 120.700501505313298, 24.558630182366677, 0.0 ], [ 120.70037313849825, 24.558300923162935, 0.0 ], [ 120.700238315379039, 24.55796328184168, 0.0 ], [ 120.700237201895732, 24.557960047680606, 0.0 ], [ 120.70023677821419, 24.557958818979593, 0.0 ], [ 120.700236269290073, 24.557957339836928, 0.0 ], [ 120.700235539086776, 24.557955222729877, 0.0 ], [ 120.700234434005822, 24.557952014874768, 0.0 ], [ 120.700232903369567, 24.557947572873999, 0.0 ], [ 120.700231459948711, 24.557943381345272, 0.0 ], [ 120.700229590972242, 24.557937955670788, 0.0 ], [ 120.700226827580224, 24.557928432603692, 0.0 ], [ 120.700210929872043, 24.557873638056982, 0.0 ], [ 120.700207158055434, 24.557860640512985, 0.0 ], [ 120.700199291398505, 24.55783352567974, 0.0 ], [ 120.700185956458455, 24.557787566902139, 0.0 ], [ 120.700178286616776, 24.557761132987746, 0.0 ], [ 120.700148701158852, 24.557659164675872, 0.0 ], [ 120.700117643828918, 24.557565003763251, 0.0 ], [ 120.700061566044553, 24.557446034256792, 0.0 ], [ 120.70005325303012, 24.557428399803229, 0.0 ], [ 120.700046836073199, 24.557414111656932, 0.0 ], [ 120.699984524200588, 24.557267543100206, 0.0 ], [ 120.699974187117888, 24.5572407615442, 0.0 ], [ 120.699888910025209, 24.556995507649134, 0.0 ], [ 120.699883688778911, 24.556980490331782, 0.0 ], [ 120.699872264466123, 24.556947633362004, 0.0 ], [ 120.69986083264385, 24.556914755515074, 0.0 ], [ 120.699851285693086, 24.556887296366693, 0.0 ], [ 120.699847053676692, 24.556875128576944, 0.0 ], [ 120.699837406378975, 24.556847381745268, 0.0 ], [ 120.699831871966964, 24.556831462378092, 0.0 ], [ 120.6998283020054, 24.556821197622778, 0.0 ], [ 120.69982552646222, 24.556814938466765, 0.0 ], [ 120.699815065982463, 24.556791352322165, 0.0 ], [ 120.6997931346489, 24.556741895259183, 0.0 ], [ 120.699778347826992, 24.556708552753353, 0.0 ], [ 120.699762954364289, 24.55667384064057, 0.0 ], [ 120.699747390243317, 24.556638745891039, 0.0 ], [ 120.699733380789809, 24.55660715381882, 0.0 ], [ 120.699721604621502, 24.556580600320022, 0.0 ], [ 120.699694101360521, 24.556518582186452, 0.0 ], [ 120.699666505235825, 24.556456354111308, 0.0 ], [ 120.699651133633694, 24.556421691068209, 0.0 ], [ 120.699634819801233, 24.556384903163774, 0.0 ], [ 120.699616602477974, 24.556343826431526, 0.0 ], [ 120.699579134729248, 24.556259337291547, 0.0 ], [ 120.699576494311756, 24.556253246289, 0.0 ], [ 120.699569196162699, 24.556235873743823, 0.0 ], [ 120.699547366990984, 24.556183911462231, 0.0 ], [ 120.699533968107318, 24.556152019078613, 0.0 ], [ 120.699518853476349, 24.556116042031853, 0.0 ], [ 120.699506336193309, 24.556086244695315, 0.0 ], [ 120.699499501531065, 24.556069975082302, 0.0 ], [ 120.699484221384111, 24.556033604643549, 0.0 ], [ 120.699476349412436, 24.556014687868899, 0.0 ], [ 120.699471393615028, 24.556001623486935, 0.0 ], [ 120.699467029349023, 24.555988864217603, 0.0 ], [ 120.699461565716589, 24.555970585404996, 0.0 ], [ 120.699450506722343, 24.55591626547918, 0.0 ], [ 120.699446812546881, 24.555867196804201, 0.0 ], [ 120.69944921989196, 24.555815476613219, 0.0 ], [ 120.699455963084276, 24.555752845423374, 0.0 ], [ 120.699468882511766, 24.555633600252325, 0.0 ], [ 120.699469665099443, 24.55558499803087, 0.0 ], [ 120.699079203612129, 24.554910094069704, 0.0 ], [ 120.698417613209742, 24.553874884214817, 0.0 ], [ 120.697154584013717, 24.551828598333799, 0.0 ], [ 120.696332505436544, 24.55045601370885, 0.0 ], [ 120.696194886080463, 24.550208986691338, 0.0 ], [ 120.696174939148491, 24.55016820544429, 0.0 ], [ 120.696109883317718, 24.55001375117806, 0.0 ], [ 120.696067134579849, 24.549912258021418, 0.0 ], [ 120.695900777424981, 24.549689346145584, 0.0 ], [ 120.695875385732535, 24.549651440603242, 0.0 ], [ 120.695863851044024, 24.54963091776844, 0.0 ], [ 120.695735081355465, 24.549386670592902, 0.0 ], [ 120.695548039193142, 24.549096980301247, 0.0 ], [ 120.69552777058972, 24.549062208637256, 0.0 ], [ 120.695392116594476, 24.548802790178822, 0.0 ], [ 120.695378066373237, 24.548773257987047, 0.0 ], [ 120.695358538651277, 24.548717451603892, 0.0 ], [ 120.695298198443766, 24.548492565203698, 0.0 ], [ 120.695126715716029, 24.547853445947144, 0.0 ], [ 120.695051952047848, 24.547561785923765, 0.0 ], [ 120.694926000735691, 24.547250365815021, 0.0 ], [ 120.694840902587103, 24.547025514003881, 0.0 ], [ 120.694744449984938, 24.5468112321851, 0.0 ], [ 120.694720256622205, 24.54676963479805, 0.0 ], [ 120.694720702122041, 24.546769827565445, 0.0 ], [ 120.694709149292663, 24.546750535642758, 0.0 ], [ 120.694613433367309, 24.546585958571853, 0.0 ], [ 120.694548740860128, 24.546524891792476, 0.0 ], [ 120.694494582797006, 24.546463954559584, 0.0 ], [ 120.694460949827672, 24.546418546931395, 0.0 ], [ 120.694408913243052, 24.546348293052379, 0.0 ], [ 120.694363416984999, 24.546286871767251, 0.0 ], [ 120.694271764004981, 24.546163132623381, 0.0 ], [ 120.693496174835687, 24.54635484754235, 0.0 ], [ 120.693402996278238, 24.546377878628366, 0.0 ], [ 120.693366729244772, 24.546386984918495, 0.0 ], [ 120.693344164868805, 24.546392203668152, 0.0 ], [ 120.69332443337899, 24.546395879764901, 0.0 ], [ 120.693305592088819, 24.546398636112404, 0.0 ], [ 120.69329108405887, 24.546400262733041, 0.0 ], [ 120.693263873882998, 24.546402171537157, 0.0 ], [ 120.693234671190353, 24.546402572147059, 0.0 ], [ 120.693202006098886, 24.546401003358227, 0.0 ], [ 120.693180648915828, 24.54639881781296, 0.0 ], [ 120.693158182202424, 24.54639551581446, 0.0 ], [ 120.693129664680924, 24.546389805810094, 0.0 ], [ 120.693112760700956, 24.546385598717091, 0.0 ], [ 120.693094640532891, 24.546380387276574, 0.0 ], [ 120.69307581820479, 24.546374178454499, 0.0 ], [ 120.693057410889097, 24.546367293556312, 0.0 ], [ 120.693038960132313, 24.546359546832861, 0.0 ], [ 120.693014000074299, 24.546347644711972, 0.0 ], [ 120.692990381311702, 24.546334763852574, 0.0 ], [ 120.69296068078485, 24.546316097576245, 0.0 ], [ 120.692936929845501, 24.546298953127202, 0.0 ], [ 120.692909235504686, 24.546276086687417, 0.0 ], [ 120.692894631110008, 24.546262593689256, 0.0 ], [ 120.692878383598, 24.546246242018274, 0.0 ], [ 120.692865484179052, 24.546232119773403, 0.0 ], [ 120.69285482647696, 24.546219585361857, 0.0 ], [ 120.692845575159041, 24.546208285684397, 0.0 ], [ 120.692842891271567, 24.546204382021902, 0.0 ], [ 120.692833202969396, 24.546185791016196, 0.0 ], [ 120.692796706592389, 24.546131443292186, 0.0 ], [ 120.692774124279154, 24.546081232542313, 0.0 ], [ 120.692763316727351, 24.546048952387231, 0.0 ], [ 120.692748267606831, 24.546004001348972, 0.0 ], [ 120.69272748818733, 24.545941933495531, 0.0 ], [ 120.692708665483806, 24.545876427497067, 0.0 ], [ 120.692701998811813, 24.545834116955835, 0.0 ], [ 120.692699408455056, 24.545781959190126, 0.0 ], [ 120.692703739324571, 24.545723847692084, 0.0 ], [ 120.69270866519085, 24.545695509411384, 0.0 ], [ 120.692718558903749, 24.545656654225265, 0.0 ], [ 120.692733933668833, 24.545613912961276, 0.0 ], [ 120.692743934807623, 24.545591729231923, 0.0 ], [ 120.692768726182422, 24.545547205809811, 0.0 ], [ 120.692805790553166, 24.545496939661433, 0.0 ], [ 120.692831033644012, 24.545469686921969, 0.0 ], [ 120.692859987231614, 24.54544335484858, 0.0 ], [ 120.69288367991966, 24.545424949012922, 0.0 ], [ 120.692920356660707, 24.545401041511212, 0.0 ], [ 120.692968934269516, 24.545376519116562, 0.0 ], [ 120.69304426755788, 24.545351776210705, 0.0 ], [ 120.693098582638882, 24.545336372928176, 0.0 ], [ 120.693150155846993, 24.545321745484355, 0.0 ], [ 120.69321152902603, 24.545304338827091, 0.0 ], [ 120.693288411534951, 24.545288445927131, 0.0 ], [ 120.693400600587324, 24.545286316759164, 0.0 ], [ 120.694140390072107, 24.545104795196242, 0.0 ], [ 120.694031334411449, 24.544663082668734, 0.0 ], [ 120.694023089290241, 24.544613921925848, 0.0 ], [ 120.694020435565349, 24.544566007585988, 0.0 ], [ 120.694022555257803, 24.544522354728869, 0.0 ], [ 120.694031066451672, 24.544469275470849, 0.0 ], [ 120.694043906937409, 24.544423535361911, 0.0 ], [ 120.694057055053023, 24.544389519477789, 0.0 ], [ 120.694087368604528, 24.544331855091432, 0.0 ], [ 120.694124154740067, 24.54428126655862, 0.0 ], [ 120.694144683524229, 24.544258525253071, 0.0 ], [ 120.694166796724076, 24.544237211856142, 0.0 ], [ 120.694217104718646, 24.544198164255448, 0.0 ], [ 120.694217843955386, 24.544197673674343, 0.0 ], [ 120.694222582281213, 24.544194571436233, 0.0 ], [ 120.694234593796423, 24.544187090533939, 0.0 ], [ 120.694250588321921, 24.544177931099995, 0.0 ], [ 120.694269079354981, 24.544168405457508, 0.0 ], [ 120.694282887144496, 24.54416199192255, 0.0 ], [ 120.694294838253441, 24.544156896782258, 0.0 ], [ 120.694303864195049, 24.544153321236735, 0.0 ], [ 120.694304681948353, 24.544128999244471, 0.0 ], [ 120.694274503789202, 24.543997227093573, 0.0 ], [ 120.694265678521916, 24.54397460897199, 0.0 ], [ 120.694235962904287, 24.543898444594078, 0.0 ], [ 120.694130573211879, 24.543628321266649, 0.0 ], [ 120.694075148054267, 24.543539394055784, 0.0 ], [ 120.694034094080195, 24.543454096145215, 0.0 ], [ 120.69401419463226, 24.543397530210353, 0.0 ], [ 120.693974277665262, 24.543284058022074, 0.0 ], [ 120.693969883478317, 24.543270879331011, 0.0 ], [ 120.693953077349775, 24.54321757697652, 0.0 ], [ 120.693949450815836, 24.54320607728463, 0.0 ], [ 120.693943406659201, 24.543186907521463, 0.0 ], [ 120.693932081296353, 24.543150989829687, 0.0 ], [ 120.693900118175648, 24.543049616114025, 0.0 ], [ 120.693897140835148, 24.543040175442659, 0.0 ], [ 120.693894314686418, 24.543031209187554, 0.0 ], [ 120.693888844141512, 24.543013860785177, 0.0 ], [ 120.693880587546133, 24.542987674019201, 0.0 ], [ 120.693875553498302, 24.542971711593712, 0.0 ], [ 120.693870704212173, 24.542956330614373, 0.0 ], [ 120.693867521746611, 24.542946235067546, 0.0 ], [ 120.69386488392901, 24.542937871074482, 0.0 ], [ 120.693854906421649, 24.542906227440113, 0.0 ], [ 120.693853560479297, 24.542901958823933, 0.0 ], [ 120.693852389910631, 24.542898245332349, 0.0 ], [ 120.693848717674555, 24.54288660141291, 0.0 ], [ 120.69385059937612, 24.542893950956653, 0.0 ], [ 120.693791873207857, 24.542685474306872, 0.0 ], [ 120.693362876804841, 24.541365184895685, 0.0 ], [ 120.693388271662357, 24.54145173182124, 0.0 ], [ 120.693372358845778, 24.541419050416806, 0.0 ], [ 120.693348984621039, 24.541371048241079, 0.0 ], [ 120.693328968858538, 24.541328857474831, 0.0 ], [ 120.693311330295174, 24.541280088234455, 0.0 ], [ 120.693295082844898, 24.541228476975526, 0.0 ], [ 120.693267632610073, 24.541141278439483, 0.0 ], [ 120.693241252126683, 24.541057478621017, 0.0 ], [ 120.693211818212504, 24.54096398059195, 0.0 ], [ 120.693159780199849, 24.540798676690407, 0.0 ], [ 120.693108591000978, 24.540636068538028, 0.0 ], [ 120.692887392303092, 24.539967336814836, 0.0 ], [ 120.692783689418576, 24.539666423754198, 0.0 ], [ 120.692552464128795, 24.538987589735125, 0.0 ], [ 120.692270458000635, 24.53812091977872, 0.0 ], [ 120.691986455918354, 24.5372358655504, 0.0 ], [ 120.69176542230332, 24.536530102629424, 0.0 ], [ 120.691563127693129, 24.535908250869255, 0.0 ], [ 120.691449914315967, 24.535573891567054, 0.0 ], [ 120.691130779803174, 24.534609183502344, 0.0 ], [ 120.691050216235098, 24.534364883596574, 0.0 ], [ 120.691034340132532, 24.534285791190111, 0.0 ], [ 120.691035280601682, 24.534286218120112, 0.0 ], [ 120.691029782958822, 24.53425669295379, 0.0 ], [ 120.691022177732165, 24.534112699841078, 0.0 ], [ 120.691007970601717, 24.534100928818162, 0.0 ], [ 120.690992598165835, 24.534086997882266, 0.0 ], [ 120.690975423314057, 24.534069756284996, 0.0 ], [ 120.690953390721219, 24.534044530082358, 0.0 ], [ 120.690939463549157, 24.534026359717902, 0.0 ], [ 120.690914165368667, 24.533987353704024, 0.0 ], [ 120.690776040966824, 24.533741745058279, 0.0 ], [ 120.690681265719263, 24.533520866741394, 0.0 ], [ 120.690543379910196, 24.533202870128015, 0.0 ], [ 120.690359488392104, 24.532770593223603, 0.0 ], [ 120.690188981653804, 24.532329513356188, 0.0 ], [ 120.689964594325346, 24.531759264531132, 0.0 ], [ 120.689700555908985, 24.531102829147056, 0.0 ], [ 120.689553932991075, 24.530751166051608, 0.0 ], [ 120.689293012351854, 24.530084880906163, 0.0 ], [ 120.688994469836416, 24.529375678508561, 0.0 ], [ 120.688835416767333, 24.528963840282618, 0.0 ], [ 120.688674572545082, 24.528561009410303, 0.0 ], [ 120.688105909918789, 24.527155848032997, 0.0 ], [ 120.687823998442568, 24.526461798520952, 0.0 ], [ 120.687484198483943, 24.525651956775427, 0.0 ], [ 120.687441221304994, 24.525547683436884, 0.0 ], [ 120.687414659272221, 24.525482804793093, 0.0 ], [ 120.687397036261103, 24.525439760078797, 0.0 ], [ 120.687372063803181, 24.52537876025562, 0.0 ], [ 120.687329819751071, 24.525275572326873, 0.0 ], [ 120.687308469147965, 24.525223422864006, 0.0 ], [ 120.687278530968214, 24.525150295176594, 0.0 ], [ 120.687256266249264, 24.525095910190284, 0.0 ], [ 120.687234902751115, 24.525043713582395, 0.0 ], [ 120.687214296716874, 24.524993258126397, 0.0 ], [ 120.687192243100171, 24.524939255496665, 0.0 ], [ 120.68717662780692, 24.524901021252077, 0.0 ], [ 120.687162348748402, 24.524866058054929, 0.0 ], [ 120.687145753298637, 24.524825422086028, 0.0 ], [ 120.687121595756352, 24.52476626988059, 0.0 ], [ 120.687107761497828, 24.524732395816354, 0.0 ], [ 120.687080033502852, 24.524664502343601, 0.0 ], [ 120.687042504475798, 24.52457261060815, 0.0 ], [ 120.687003095385407, 24.524476114338515, 0.0 ], [ 120.686976908711117, 24.524412473553106, 0.0 ], [ 120.686957890694089, 24.524368949743263, 0.0 ], [ 120.68694238781184, 24.524333472186544, 0.0 ], [ 120.686885940180744, 24.524204811992067, 0.0 ], [ 120.685979307783171, 24.522028900882813, 0.0 ], [ 120.685906967934741, 24.521838122300746, 0.0 ], [ 120.685871500294368, 24.521746516530669, 0.0 ], [ 120.685782175307807, 24.521515804451695, 0.0 ], [ 120.685754802943023, 24.521445105303286, 0.0 ], [ 120.685719564439367, 24.521354089764912, 0.0 ], [ 120.685657455972517, 24.521214706063148, 0.0 ], [ 120.68556874381791, 24.521015614269611, 0.0 ], [ 120.685539577870571, 24.520934423691617, 0.0 ], [ 120.685521865144864, 24.520863508972386, 0.0 ], [ 120.685493674893522, 24.52086374613484, 0.0 ], [ 120.68535144894129, 24.520858255937043, 0.0 ], [ 120.68523220966911, 24.520840096348167, 0.0 ], [ 120.685142484423949, 24.520815800114722, 0.0 ], [ 120.685108072513998, 24.520805265705835, 0.0 ], [ 120.685059966662223, 24.520785859873659, 0.0 ], [ 120.685015614387297, 24.52076256331949, 0.0 ], [ 120.684972134623834, 24.520733817123666, 0.0 ], [ 120.684960700633567, 24.520725133845907, 0.0 ], [ 120.684865635084023, 24.520650302863636, 0.0 ], [ 120.684838380807349, 24.520627214568243, 0.0 ], [ 120.684819258219662, 24.520608664303985, 0.0 ], [ 120.684799633831716, 24.520587187065846, 0.0 ], [ 120.684785692516101, 24.52057012542096, 0.0 ], [ 120.684763562821061, 24.520539136990326, 0.0 ], [ 120.684747074001805, 24.520512928188936, 0.0 ], [ 120.684727831832419, 24.520482124900159, 0.0 ], [ 120.684697555186602, 24.52043366187436, 0.0 ], [ 120.684657945535562, 24.520370257922956, 0.0 ], [ 120.684620838607614, 24.520310859665784, 0.0 ], [ 120.684581773435042, 24.520248328824632, 0.0 ], [ 120.684503517693045, 24.520123062991754, 0.0 ], [ 120.684422118163383, 24.519992766062252, 0.0 ], [ 120.684385140904823, 24.519930398124792, 0.0 ], [ 120.68436111894421, 24.519889301263358, 0.0 ], [ 120.684311355087701, 24.519804162757872, 0.0 ], [ 120.684209834833112, 24.519630480892918, 0.0 ], [ 120.684159262799852, 24.519543960571326, 0.0 ], [ 120.684104809797148, 24.519450801006119, 0.0 ], [ 120.684071598684753, 24.519393982743303, 0.0 ], [ 120.684042039017825, 24.51934341202892, 0.0 ], [ 120.683997752220833, 24.51926764341513, 0.0 ], [ 120.683744948031489, 24.518839145825417, 0.0 ], [ 120.683373697204459, 24.51822042756746, 0.0 ], [ 120.683186567820101, 24.517923630673554, 0.0 ], [ 120.683067845471399, 24.517735328625943, 0.0 ], [ 120.682924085300527, 24.51750731932103, 0.0 ], [ 120.682683693282428, 24.517118680133507, 0.0 ], [ 120.682508367553694, 24.516827553093513, 0.0 ], [ 120.682367055678782, 24.516592904750972, 0.0 ], [ 120.68215564690793, 24.516237268073013, 0.0 ], [ 120.681985290619352, 24.515948479017794, 0.0 ], [ 120.681698856554419, 24.515462914348934, 0.0 ], [ 120.681438832615001, 24.515033744793609, 0.0 ], [ 120.681210632389181, 24.514671519346248, 0.0 ], [ 120.680686350654867, 24.513865840706522, 0.0 ], [ 120.680666871110532, 24.513832863302831, 0.0 ], [ 120.680637120686526, 24.513777077041681, 0.0 ], [ 120.68042772949984, 24.513384445116653, 0.0 ], [ 120.68025875539405, 24.513110829005907, 0.0 ], [ 120.678917817955892, 24.510966092438061, 0.0 ], [ 120.678148698926336, 24.509728121439448, 0.0 ], [ 120.678132809437159, 24.509702083752217, 0.0 ], [ 120.678083498732633, 24.509614613514056, 0.0 ], [ 120.677976058097371, 24.509424031044965, 0.0 ], [ 120.67779827134818, 24.509127227141018, 0.0 ], [ 120.677676388765732, 24.508927923483188, 0.0 ], [ 120.677355334326705, 24.508390062296623, 0.0 ], [ 120.675927378729313, 24.506068480913687, 0.0 ], [ 120.675454952085389, 24.505263654699288, 0.0 ], [ 120.674959893806232, 24.504463250111566, 0.0 ], [ 120.674688356907865, 24.504009263190394, 0.0 ], [ 120.67429789882263, 24.503368688322794, 0.0 ], [ 120.674201631095144, 24.503219309808774, 0.0 ], [ 120.674130825584186, 24.503105884706393, 0.0 ], [ 120.674085610933858, 24.503008933438224, 0.0 ], [ 120.674068311066705, 24.502926378676616, 0.0 ], [ 120.674066049673499, 24.502888939563682, 0.0 ], [ 120.674066447496259, 24.502863204938727, 0.0 ], [ 120.67406896740161, 24.502832856941925, 0.0 ], [ 120.674072697905473, 24.502808073657175, 0.0 ], [ 120.674080647606857, 24.502772954754537, 0.0 ], [ 120.674088900855764, 24.502746211060661, 0.0 ], [ 120.674100482840032, 24.502716453181307, 0.0 ], [ 120.674001305851476, 24.502645131207739, 0.0 ], [ 120.673978461846005, 24.502623770155456, 0.0 ], [ 120.673946489989717, 24.502598961886942, 0.0 ], [ 120.673923545370741, 24.50257519002977, 0.0 ], [ 120.673826393906808, 24.502465986715283, 0.0 ], [ 120.673707848966529, 24.50237525761602, 0.0 ], [ 120.673640735237569, 24.502366707338204, 0.0 ], [ 120.673596193374721, 24.502360618757024, 0.0 ], [ 120.67357375981841, 24.502356718277753, 0.0 ], [ 120.673555940679663, 24.502353186392078, 0.0 ], [ 120.673536165182355, 24.502349266741501, 0.0 ], [ 120.673495276600093, 24.502341162320914, 0.0 ], [ 120.673457019854737, 24.502333068436048, 0.0 ], [ 120.673399557593271, 24.502319260968164, 0.0 ], [ 120.673343309576936, 24.502296346709073, 0.0 ], [ 120.673303784589777, 24.502274947713566, 0.0 ], [ 120.673267796117813, 24.502250984571535, 0.0 ], [ 120.673225926594128, 24.50221654904637, 0.0 ], [ 120.673190876615564, 24.502180731956425, 0.0 ], [ 120.673153225942556, 24.502132128049741, 0.0 ], [ 120.673112520653277, 24.502059175152198, 0.0 ], [ 120.673098373639419, 24.502025511000195, 0.0 ], [ 120.673078519237976, 24.501978266518758, 0.0 ], [ 120.673056299257198, 24.50192539527611, 0.0 ], [ 120.673047792959011, 24.50190352312049, 0.0 ], [ 120.673032438969827, 24.501849211465895, 0.0 ], [ 120.67302444779105, 24.501792300804279, 0.0 ], [ 120.673021355363545, 24.501748204267219, 0.0 ], [ 120.67263893248392, 24.501462312351201, 0.0 ], [ 120.672298868511021, 24.501162613874357, 0.0 ], [ 120.671670604578367, 24.500516632681546, 0.0 ], [ 120.671384340412942, 24.500238524926058, 0.0 ], [ 120.671354497310389, 24.500202541379593, 0.0 ], [ 120.671294043989974, 24.500091214752533, 0.0 ], [ 120.671230426178909, 24.499918972679861, 0.0 ], [ 120.671191613962492, 24.49988957654298, 0.0 ], [ 120.671145321315961, 24.499854127150201, 0.0 ], [ 120.671116164314185, 24.499828348080847, 0.0 ], [ 120.671061225769691, 24.4997658898433, 0.0 ], [ 120.671031592790541, 24.49972071121001, 0.0 ], [ 120.67096807902567, 24.499720751922357, 0.0 ], [ 120.670848513704769, 24.499706521861327, 0.0 ], [ 120.670754556904399, 24.499690404100498, 0.0 ], [ 120.670679879462568, 24.499664952305551, 0.0 ], [ 120.670594145847886, 24.499618131359131, 0.0 ], [ 120.670511139720247, 24.499554787452972, 0.0 ], [ 120.670442190888124, 24.499497072952781, 0.0 ], [ 120.670388455529178, 24.499432304163719, 0.0 ], [ 120.670361146412688, 24.499386142167364, 0.0 ], [ 120.669609874682692, 24.499531195898356, 0.0 ], [ 120.669525921441505, 24.499542449354436, 0.0 ], [ 120.669417706336731, 24.499535798106891, 0.0 ], [ 120.66930977903246, 24.499504292432583, 0.0 ], [ 120.669221136084388, 24.499455967083328, 0.0 ], [ 120.669142934030106, 24.499389519247266, 0.0 ], [ 120.669087088779747, 24.499319432279393, 0.0 ], [ 120.669052444423528, 24.499257669566788, 0.0 ], [ 120.66901977056547, 24.499164758857631, 0.0 ], [ 120.668993715930711, 24.499072014474422, 0.0 ], [ 120.668983194906318, 24.499008977879125, 0.0 ], [ 120.668982654063612, 24.498929526821964, 0.0 ], [ 120.668994533327236, 24.498857009692266, 0.0 ], [ 120.669023747924712, 24.498774548345889, 0.0 ], [ 120.669061484840654, 24.498708816125859, 0.0 ], [ 120.669105487635875, 24.498654645559348, 0.0 ], [ 120.669119879492101, 24.498641411854202, 0.0 ], [ 120.669119838868596, 24.498641375211342, 0.0 ], [ 120.669228967183344, 24.49856368216129, 0.0 ], [ 120.669313563628066, 24.498532175489363, 0.0 ], [ 120.670071562148564, 24.498393287426861, 0.0 ], [ 120.670037853799386, 24.498354520435637, 0.0 ], [ 120.670009817681617, 24.498312822988936, 0.0 ], [ 120.670002533223737, 24.498298636858767, 0.0 ], [ 120.669986865667056, 24.498268125047019, 0.0 ], [ 120.669969314586297, 24.498221043622575, 0.0 ], [ 120.669956930628473, 24.498173180825312, 0.0 ], [ 120.669947282002582, 24.498119409267098, 0.0 ], [ 120.669942694994816, 24.498052743493382, 0.0 ], [ 120.669946952932818, 24.49799280652493, 0.0 ], [ 120.669959287125508, 24.497933190127267, 0.0 ], [ 120.669980083048358, 24.497874334436261, 0.0 ], [ 120.670005867205205, 24.497823682549456, 0.0 ], [ 120.670016585292373, 24.497806201241726, 0.0 ], [ 120.670036811945479, 24.497777879168858, 0.0 ], [ 120.670068089075372, 24.497741333346106, 0.0 ], [ 120.670086233743177, 24.497722810779717, 0.0 ], [ 120.670105826744361, 24.49770595602299, 0.0 ], [ 120.670155787941098, 24.497669658906059, 0.0 ], [ 120.670173672387705, 24.497658317684351, 0.0 ], [ 120.670194817778224, 24.497647768537576, 0.0 ], [ 120.670222536054112, 24.497634356009961, 0.0 ], [ 120.670243272357425, 24.497627054506008, 0.0 ], [ 120.670273911864001, 24.497616402015204, 0.0 ], [ 120.670326587421982, 24.497605665390125, 0.0 ], [ 120.670471971656767, 24.497575955699087, 0.0 ], [ 120.670224502733376, 24.497161238942137, 0.0 ], [ 120.66992547313815, 24.496763463431098, 0.0 ], [ 120.669677955293636, 24.496473036011952, 0.0 ], [ 120.669403992917196, 24.496151579649414, 0.0 ], [ 120.669284618299471, 24.49602138406518, 0.0 ], [ 120.668139961226316, 24.49680286458138, 0.0 ], [ 120.668076386277775, 24.496835547584137, 0.0 ], [ 120.668019593349072, 24.496856142909582, 0.0 ], [ 120.667966263224201, 24.496869022389518, 0.0 ], [ 120.667904850059685, 24.496876713840692, 0.0 ] ], [ [ 120.715008768942653, 24.593502456799438, 0.0 ], [ 120.714996664598274, 24.593484505443126, 0.0 ], [ 120.715017906945391, 24.59351457419039, 0.0 ], [ 120.715008768942653, 24.593502456799438, 0.0 ] ] ] ] } },
{ "type": "Feature", "properties": { "OBJECTID": 36, "Id": "0", "ogr_fid": 36, "countyname": "澎湖縣", "protectnam": "澎湖縣貓嶼海鳥保護區", "law": "野生動物保育法", "order_valu": 4, "map_type": "WildAnimal", "update_tim": "2021-01-01T00:00:00", "data_sourc": "行政院農業委員會林務局", "note": null }, "geometry": { "type": "Polygon", "coordinates": [ [ [ 119.322656131653318, 23.325563008640472, 0.0 ], [ 119.322664631450522, 23.325549315275808, 0.0 ], [ 119.322666447061223, 23.325549527006793, 0.0 ], [ 119.322690858260827, 23.325552060664439, 0.0 ], [ 119.32272468393441, 23.325555019217397, 0.0 ], [ 119.322788584735932, 23.325557637148421, 0.0 ], [ 119.322852540907476, 23.325556389989334, 0.0 ], [ 119.322916264999023, 23.325551280981806, 0.0 ], [ 119.322934455444624, 23.325549105962534, 0.0 ], [ 119.322950778724234, 23.325547010255907, 0.0 ], [ 119.322995817968732, 23.325540240494622, 0.0 ], [ 119.323058278129167, 23.325527494012526, 0.0 ], [ 119.323119699168004, 23.325511006139237, 0.0 ], [ 119.323179822199705, 23.32549084090957, 0.0 ], [ 119.323190615649992, 23.325486777529356, 0.0 ], [ 119.323212895513223, 23.325481776348738, 0.0 ], [ 119.323274317527094, 23.325465285714987, 0.0 ], [ 119.323334440518465, 23.32544512042324, 0.0 ], [ 119.323364307755682, 23.325433535286834, 0.0 ], [ 119.323380549671313, 23.325426938359033, 0.0 ], [ 119.323409247175618, 23.325414774657432, 0.0 ], [ 119.323423866692579, 23.325407759530822, 0.0 ], [ 119.32345260743989, 23.325414271870553, 0.0 ], [ 119.323515595554241, 23.325424570425003, 0.0 ], [ 119.323523047215588, 23.325425529472156, 0.0 ], [ 119.323553287688995, 23.325430317305134, 0.0 ], [ 119.323579212871792, 23.325440973894608, 0.0 ], [ 119.323638815633089, 23.325462418773725, 0.0 ], [ 119.32369980827869, 23.325480220483168, 0.0 ], [ 119.323761931747384, 23.325494301319132, 0.0 ], [ 119.323824920931457, 23.32550459795787, 0.0 ], [ 119.323855444293883, 23.325508189883028, 0.0 ], [ 119.323904229196032, 23.325513211285262, 0.0 ], [ 119.323937286548002, 23.325516090939903, 0.0 ], [ 119.324001189365802, 23.325518706591954, 0.0 ], [ 119.324065142597391, 23.325517459807145, 0.0 ], [ 119.324097421768045, 23.325515355940382, 0.0 ], [ 119.324121846444015, 23.325513389214311, 0.0 ], [ 119.324153293264786, 23.325510385397557, 0.0 ], [ 119.324216521932769, 23.325501438300623, 0.0 ], [ 119.324254975084827, 23.325494059665143, 0.0 ], [ 119.324295687077864, 23.325485458459092, 0.0 ], [ 119.324319693004128, 23.325480090100704, 0.0 ], [ 119.324381114909983, 23.325463599024825, 0.0 ], [ 119.324441238739624, 23.325443433308791, 0.0 ], [ 119.324499803336906, 23.325419682243233, 0.0 ], [ 119.324556558218291, 23.325392441552282, 0.0 ], [ 119.324574917207286, 23.325382670433875, 0.0 ], [ 119.324578967596409, 23.325382720977096, 0.0 ], [ 119.32463797333196, 23.325381707216643, 0.0 ], [ 119.324678647348932, 23.325379871760145, 0.0 ], [ 119.324683595767581, 23.325379638504863, 0.0 ], [ 119.324715699750811, 23.325377547981912, 0.0 ], [ 119.324740170326848, 23.325375582551338, 0.0 ], [ 119.324754035567452, 23.325374376677889, 0.0 ], [ 119.324799914689365, 23.325378655342156, 0.0 ], [ 119.324863817482367, 23.325381270639379, 0.0 ], [ 119.324912996665418, 23.325380653632578, 0.0 ], [ 119.32496181658297, 23.325378907014795, 0.0 ], [ 119.32497658961519, 23.325378275962436, 0.0 ], [ 119.325040315542111, 23.32537316700429, 0.0 ], [ 119.325103544097999, 23.325364220444349, 0.0 ], [ 119.325166004030706, 23.325351473104806, 0.0 ], [ 119.325227425783012, 23.325334982589812, 0.0 ], [ 119.325269649746005, 23.325321252404819, 0.0 ], [ 119.325284144211878, 23.325319525993457, 0.0 ], [ 119.32530042194918, 23.325317471981826, 0.0 ], [ 119.32534270215919, 23.325311263353186, 0.0 ], [ 119.325358813046492, 23.325309964072865, 0.0 ], [ 119.325390250011054, 23.325306961704023, 0.0 ], [ 119.325453478521496, 23.325298014999582, 0.0 ], [ 119.325456232464532, 23.325297535276732, 0.0 ], [ 119.325480641119725, 23.325293255268033, 0.0 ], [ 119.325540348027928, 23.325280987508787, 0.0 ], [ 119.325601769710872, 23.325264496842262, 0.0 ], [ 119.3256618913301, 23.325244331523066, 0.0 ], [ 119.325720456651496, 23.32522057818786, 0.0 ], [ 119.325777213158716, 23.325193338860714, 0.0 ], [ 119.325821476714125, 23.325168570485364, 0.0 ], [ 119.32587672577155, 23.325188449534348, 0.0 ], [ 119.325937720629341, 23.325206248598256, 0.0 ], [ 119.325999844257339, 23.325220329455714, 0.0 ], [ 119.326062831603636, 23.325230624273424, 0.0 ], [ 119.326126414299083, 23.325237095877213, 0.0 ], [ 119.32619031708721, 23.325239710630687, 0.0 ], [ 119.326254270213823, 23.325238463845434, 0.0 ], [ 119.326317996082579, 23.325233352555198, 0.0 ], [ 119.326333574132363, 23.325231511235039, 0.0 ], [ 119.326349896812019, 23.325229457593156, 0.0 ], [ 119.326397548176828, 23.325222351833983, 0.0 ], [ 119.32646000791982, 23.325209606674917, 0.0 ], [ 119.326521429502833, 23.325193113833777, 0.0 ], [ 119.326581550974282, 23.325172948151323, 0.0 ], [ 119.326614422645264, 23.32516013691427, 0.0 ], [ 119.326630617981181, 23.325153498517508, 0.0 ], [ 119.326656313377569, 23.325142558789985, 0.0 ], [ 119.326713067750333, 23.325115317284311, 0.0 ], [ 119.326767774261739, 23.32508470731322, 0.0 ], [ 119.326820194719843, 23.32505085813909, 0.0 ], [ 119.326870105380138, 23.32501391633134, 0.0 ], [ 119.32691729312657, 23.324974038503814, 0.0 ], [ 119.326961552470777, 23.324931396698794, 0.0 ], [ 119.326978357113617, 23.324913647153942, 0.0 ], [ 119.326986569707486, 23.324904739660177, 0.0 ], [ 119.327010910940345, 23.324877263806847, 0.0 ], [ 119.327048766902436, 23.324829649737985, 0.0 ], [ 119.327083167101591, 23.324779854673466, 0.0 ], [ 119.327113969144719, 23.324728086537817, 0.0 ], [ 119.327141036312597, 23.324674568663067, 0.0 ], [ 119.327164255299422, 23.32461952824222, 0.0 ], [ 119.327183526325882, 23.324563205251422, 0.0 ], [ 119.327198766274648, 23.324505836233435, 0.0 ], [ 119.32720991239681, 23.324447670586828, 0.0 ], [ 119.327216913672814, 23.324388957835545, 0.0 ], [ 119.327219742553055, 23.324329946850735, 0.0 ], [ 119.327219800766144, 23.32431686542466, 0.0 ], [ 119.327219741260947, 23.324298039315273, 0.0 ], [ 119.327219745100351, 23.324289456716823, 0.0 ], [ 119.327219786227374, 23.324271806186541, 0.0 ], [ 119.327218366388806, 23.324221247610986, 0.0 ], [ 119.327212827305658, 23.324162399142669, 0.0 ], [ 119.327203134696632, 23.324104010970149, 0.0 ], [ 119.327189325510858, 23.324046333554953, 0.0 ], [ 119.327171462166802, 23.323989613116382, 0.0 ], [ 119.327149622766626, 23.323934092429667, 0.0 ], [ 119.32712389327645, 23.323880010742897, 0.0 ], [ 119.32709850799688, 23.323834431410322, 0.0 ], [ 119.327082234209939, 23.323807143813248, 0.0 ], [ 119.327078116335173, 23.323800307392929, 0.0 ], [ 119.327044964689591, 23.323749789112885, 0.0 ], [ 119.32700830853635, 23.32370137928616, 0.0 ], [ 119.326968298721866, 23.323655288061452, 0.0 ], [ 119.326925112651693, 23.323611712329459, 0.0 ], [ 119.326878931809958, 23.323570835482666, 0.0 ], [ 119.326829955329657, 23.323532836588406, 0.0 ], [ 119.326817105839126, 23.323523670741388, 0.0 ], [ 119.3267810663354, 23.323496206311543, 0.0 ], [ 119.326729502399346, 23.323461246463381, 0.0 ], [ 119.326675574919619, 23.323429475215967, 0.0 ], [ 119.326619514846939, 23.32340102864411, 0.0 ], [ 119.326561558210472, 23.323376027529331, 0.0 ], [ 119.326501954846805, 23.323354582870927, 0.0 ], [ 119.326440960727993, 23.323336784067337, 0.0 ], [ 119.326378756083969, 23.323322679986155, 0.0 ], [ 119.326343089745095, 23.323316864270421, 0.0 ], [ 119.326317149219136, 23.323287233554051, 0.0 ], [ 119.326273962495847, 23.323243658551867, 0.0 ], [ 119.326227782974755, 23.323202780637835, 0.0 ], [ 119.326178807764919, 23.323164784275065, 0.0 ], [ 119.326167376036366, 23.323156613934742, 0.0 ], [ 119.326102303627849, 23.323110811731119, 0.0 ], [ 119.326062171774623, 23.323084019316795, 0.0 ], [ 119.326039856910171, 23.323070318765069, 0.0 ], [ 119.326029423149834, 23.323062860531572, 0.0 ], [ 119.32599688723036, 23.323039939999617, 0.0 ], [ 119.32595640074004, 23.323012900022423, 0.0 ], [ 119.325902474613443, 23.322981128538579, 0.0 ], [ 119.325846413917247, 23.322952682600885, 0.0 ], [ 119.325788456645057, 23.3229276821105, 0.0 ], [ 119.325728854609451, 23.32290623628316, 0.0 ], [ 119.325694075929533, 23.322895591966979, 0.0 ], [ 119.325677792864326, 23.322890918533965, 0.0 ], [ 119.325651577762784, 23.32288376285684, 0.0 ], [ 119.325589454228449, 23.322869685522257, 0.0 ], [ 119.325526467066638, 23.322859389664487, 0.0 ], [ 119.325514789284014, 23.322857909787203, 0.0 ], [ 119.325474063065329, 23.322852974164352, 0.0 ], [ 119.325422159270033, 23.322847986759466, 0.0 ], [ 119.325358256716129, 23.32284536904027, 0.0 ], [ 119.325333814519851, 23.32284510775985, 0.0 ], [ 119.325275803509811, 23.322846243510551, 0.0 ], [ 119.325269019509065, 23.322839601530511, 0.0 ], [ 119.325253016580291, 23.322823109274953, 0.0 ], [ 119.325224148029122, 23.32279461978845, 0.0 ], [ 119.325177967030086, 23.3227537424719, 0.0 ], [ 119.325138169041722, 23.322722487399055, 0.0 ], [ 119.325137216077351, 23.32272169631479, 0.0 ], [ 119.325088241413283, 23.322683696026271, 0.0 ], [ 119.325036678246036, 23.322648736563487, 0.0 ], [ 119.324982750546141, 23.322616964761764, 0.0 ], [ 119.324930463722822, 23.322590296693388, 0.0 ], [ 119.32489420807633, 23.322572405226225, 0.0 ], [ 119.324836250143832, 23.322547408002208, 0.0 ], [ 119.324776649451294, 23.322525960035343, 0.0 ], [ 119.324744093681645, 23.322515955877748, 0.0 ], [ 119.324727810233625, 23.322511241720594, 0.0 ], [ 119.32472545406938, 23.322510562919401, 0.0 ], [ 119.324709170102253, 23.322505890282184, 0.0 ], [ 119.32468308757899, 23.322498774685457, 0.0 ], [ 119.3246209633717, 23.322484696971706, 0.0 ], [ 119.324557977501911, 23.322474398041198, 0.0 ], [ 119.324494396175254, 23.32246793039203, 0.0 ], [ 119.324430492869055, 23.322465312295261, 0.0 ], [ 119.324406051731387, 23.322465050884631, 0.0 ], [ 119.324342101889428, 23.322466299720073, 0.0 ], [ 119.324307856633467, 23.322468560488975, 0.0 ], [ 119.324283477924467, 23.322470570192937, 0.0 ], [ 119.324253997673949, 23.322473417260763, 0.0 ], [ 119.324190771432271, 23.322482364469689, 0.0 ], [ 119.32412831382733, 23.322495106994154, 0.0 ], [ 119.324101318380386, 23.322501858912375, 0.0 ], [ 119.324084968520808, 23.322506182509496, 0.0 ], [ 119.324050542459318, 23.322515920734304, 0.0 ], [ 119.323990419940088, 23.322536085477601, 0.0 ], [ 119.323931862395071, 23.322559839199609, 0.0 ], [ 119.323875104768902, 23.322587076986039, 0.0 ], [ 119.323820400679736, 23.322617685997535, 0.0 ], [ 119.32377310105916, 23.322648014912115, 0.0 ], [ 119.323756846107003, 23.322659108455536, 0.0 ], [ 119.323751725584529, 23.322662626828954, 0.0 ], [ 119.323701817006551, 23.322699567675162, 0.0 ], [ 119.323654630204089, 23.322739443643549, 0.0 ], [ 119.323610368675077, 23.32278208538791, 0.0 ], [ 119.323569220460627, 23.322827308952359, 0.0 ], [ 119.323532396041372, 23.322873533905025, 0.0 ], [ 119.323530109245283, 23.322876363990432, 0.0 ], [ 119.323506940567725, 23.322906271262557, 0.0 ], [ 119.323472541550601, 23.322956067329823, 0.0 ], [ 119.323467570522908, 23.322964419817776, 0.0 ], [ 119.323425610859005, 23.322922079557944, 0.0 ], [ 119.323379431371109, 23.322881202654038, 0.0 ], [ 119.323330456177786, 23.322843204539517, 0.0 ], [ 119.323278894439881, 23.322808243629435, 0.0 ], [ 119.323238351889756, 23.32278393144944, 0.0 ], [ 119.323222123932226, 23.322774720133367, 0.0 ], [ 119.323208740170458, 23.322767259033903, 0.0 ], [ 119.323152680222691, 23.322738810364164, 0.0 ], [ 119.32309472261241, 23.322713810705473, 0.0 ], [ 119.323035120194561, 23.322692363872363, 0.0 ], [ 119.322974128891886, 23.32267456287941, 0.0 ], [ 119.322912004841541, 23.3226604835911, 0.0 ], [ 119.32284901707942, 23.32265018666325, 0.0 ], [ 119.322785437788269, 23.32264371563323, 0.0 ], [ 119.322721534490313, 23.322641095933484, 0.0 ], [ 119.32265758457217, 23.322642345880478, 0.0 ], [ 119.322601757637429, 23.322646819898882, 0.0 ], [ 119.322598260337557, 23.322645312744296, 0.0 ], [ 119.322586404776928, 23.322640712582359, 0.0 ], [ 119.322561984224862, 23.322631413480067, 0.0 ], [ 119.322514238485667, 23.322614565726827, 0.0 ], [ 119.322453245346168, 23.322596764515925, 0.0 ], [ 119.322391122366525, 23.322582685939228, 0.0 ], [ 119.322348709352269, 23.322575321055492, 0.0 ], [ 119.322331165866856, 23.322570613020019, 0.0 ], [ 119.322269040971833, 23.322556533472721, 0.0 ], [ 119.3222060562575, 23.322546236323273, 0.0 ], [ 119.322142476064315, 23.322539766831579, 0.0 ], [ 119.322078573835128, 23.322537145980931, 0.0 ], [ 119.322014622023886, 23.322538395646902, 0.0 ], [ 119.321980376755761, 23.322540655000843, 0.0 ], [ 119.321955999011848, 23.322542663447503, 0.0 ], [ 119.321926517736742, 23.322545510965458, 0.0 ], [ 119.321908065318382, 23.322547717385927, 0.0 ], [ 119.321875464452546, 23.322551908201088, 0.0 ], [ 119.321830690500164, 23.322558648029243, 0.0 ], [ 119.32179718769477, 23.322564991298009, 0.0 ], [ 119.321792676280324, 23.322562505494087, 0.0 ], [ 119.321736614785493, 23.322534057220835, 0.0 ], [ 119.321678659528189, 23.322509056176141, 0.0 ], [ 119.321619058452313, 23.32248760792984, 0.0 ], [ 119.321558065523988, 23.322469805477624, 0.0 ], [ 119.321495942709547, 23.322455727457005, 0.0 ], [ 119.321449792923062, 23.32244779688579, 0.0 ], [ 119.321417259660748, 23.322442950711128, 0.0 ], [ 119.321400421952561, 23.322440581987863, 0.0 ], [ 119.321336840904479, 23.32243411126106, 0.0 ], [ 119.321272938741089, 23.322431491890736, 0.0 ], [ 119.321208988961502, 23.322432740348525, 0.0 ], [ 119.321175107723406, 23.322434970928153, 0.0 ], [ 119.321150638118837, 23.322436978265301, 0.0 ], [ 119.321120790900991, 23.322439854209843, 0.0 ], [ 119.321057566506113, 23.322448800163514, 0.0 ], [ 119.321054713678109, 23.322449295903937, 0.0 ], [ 119.321000650378565, 23.32245718537213, 0.0 ], [ 119.32093819254483, 23.32246992841262, 0.0 ], [ 119.320908576232839, 23.322477376606148, 0.0 ], [ 119.32086788142017, 23.322488249419827, 0.0 ], [ 119.320836076912613, 23.322497289198878, 0.0 ], [ 119.320775955943873, 23.322517453604039, 0.0 ], [ 119.320717389120475, 23.322541205997162, 0.0 ], [ 119.320692647756502, 23.322552544976165, 0.0 ], [ 119.320660088067413, 23.322568001627324, 0.0 ], [ 119.320628072195689, 23.322583900138184, 0.0 ], [ 119.32057336548587, 23.32261450795145, 0.0 ], [ 119.320520947516783, 23.3226483550396, 0.0 ], [ 119.320471033244957, 23.322685293849652, 0.0 ], [ 119.320457450478685, 23.32269624415903, 0.0 ], [ 119.32041511983887, 23.322723937750983, 0.0 ], [ 119.320365210397512, 23.322760876576044, 0.0 ], [ 119.320351179229348, 23.322772191300139, 0.0 ], [ 119.320341251315938, 23.322780355118915, 0.0 ], [ 119.320312937812389, 23.32279675818209, 0.0 ], [ 119.32026051870838, 23.32283060696906, 0.0 ], [ 119.320210605276074, 23.322867545697665, 0.0 ], [ 119.320163418405926, 23.322907421462492, 0.0 ], [ 119.32015373882318, 23.322916747085699, 0.0 ], [ 119.320147998260424, 23.322919502167551, 0.0 ], [ 119.320129917504516, 23.322929617902734, 0.0 ], [ 119.320125787894426, 23.322928410854942, 0.0 ], [ 119.320063664082213, 23.322914332252836, 0.0 ], [ 119.320000675532981, 23.322904033272231, 0.0 ], [ 119.319937097315801, 23.322897561097438, 0.0 ], [ 119.31987319304281, 23.322894941123774, 0.0 ], [ 119.319832501435641, 23.322894504713222, 0.0 ], [ 119.319786147630865, 23.322895022275393, 0.0 ], [ 119.319749968620229, 23.322891534135756, 0.0 ], [ 119.319717360848571, 23.322888957268855, 0.0 ], [ 119.319709242198101, 23.322888347487648, 0.0 ], [ 119.31964533890627, 23.322885728334672, 0.0 ], [ 119.319587346689474, 23.322886695162804, 0.0 ], [ 119.319546717005139, 23.32288848647158, 0.0 ], [ 119.319540760220477, 23.322888768334565, 0.0 ], [ 119.319477033506359, 23.322893872383652, 0.0 ], [ 119.319413805885873, 23.322902818525446, 0.0 ], [ 119.319351346743758, 23.322915561803608, 0.0 ], [ 119.319289925555424, 23.322932050040869, 0.0 ], [ 119.319229804182044, 23.322952214729099, 0.0 ], [ 119.319226636370985, 23.322953503297466, 0.0 ], [ 119.319192112876678, 23.322956267307198, 0.0 ], [ 119.319128885249199, 23.322965210623146, 0.0 ], [ 119.319104255439072, 23.322969764429551, 0.0 ], [ 119.319071717316149, 23.322976181550612, 0.0 ], [ 119.319033885965467, 23.322984371779011, 0.0 ], [ 119.318972462736653, 23.32300086167184, 0.0 ], [ 119.318912340348618, 23.323021023514961, 0.0 ], [ 119.318853776923845, 23.323044775219575, 0.0 ], [ 119.318797019128937, 23.323072012907588, 0.0 ], [ 119.318742312835568, 23.323102618248516, 0.0 ], [ 119.318689891311706, 23.323136464652237, 0.0 ], [ 119.31865823433921, 23.323159315198055, 0.0 ], [ 119.318625699354371, 23.32318381018418, 0.0 ], [ 119.318607446242993, 23.323197900578805, 0.0 ], [ 119.318560257826263, 23.323237775813926, 0.0 ], [ 119.318515994592389, 23.323280416011873, 0.0 ], [ 119.318474845567664, 23.323325637233932, 0.0 ], [ 119.318436988140789, 23.323373248194255, 0.0 ], [ 119.318402585221961, 23.32342304300742, 0.0 ], [ 119.318371784140368, 23.323474811106827, 0.0 ], [ 119.318347009469051, 23.323523406565158, 0.0 ], [ 119.318331133653032, 23.32355109013978, 0.0 ], [ 119.318304060406717, 23.323604604470979, 0.0 ], [ 119.318280840017039, 23.323659643404557, 0.0 ], [ 119.318261734796152, 23.323715404489555, 0.0 ], [ 119.318259826764631, 23.323721683519562, 0.0 ], [ 119.318255425837478, 23.323723469795492, 0.0 ], [ 119.318242045631905, 23.32372902261849, 0.0 ], [ 119.318220190342046, 23.323733932864751, 0.0 ], [ 119.318220086383604, 23.323733959734447, 0.0 ], [ 119.318190879627835, 23.323741300748466, 0.0 ], [ 119.318158313683512, 23.32374998783019, 0.0 ], [ 119.318126203678887, 23.32375910861467, 0.0 ], [ 119.31806607983583, 23.323779271898605, 0.0 ], [ 119.318007513974166, 23.323803024138162, 0.0 ], [ 119.31795075667219, 23.323830261498617, 0.0 ], [ 119.317896048905155, 23.323860866501327, 0.0 ], [ 119.317843627830129, 23.323894714404652, 0.0 ], [ 119.317793715341594, 23.323931650511888, 0.0 ], [ 119.317746527390341, 23.323971526382223, 0.0 ], [ 119.317702262687149, 23.324014165404051, 0.0 ], [ 119.317661115067779, 23.324059390010603, 0.0 ], [ 119.3176443974709, 23.32407961302107, 0.0 ], [ 119.317636761723762, 23.324088470221643, 0.0 ], [ 119.317598904765831, 23.324136080052916, 0.0 ], [ 119.317571077385949, 23.324175778306579, 0.0 ], [ 119.317554793112734, 23.324200402437224, 0.0 ], [ 119.31754821311165, 23.324210501443481, 0.0 ], [ 119.317517410530542, 23.324262269329637, 0.0 ], [ 119.317490337770153, 23.324315784401385, 0.0 ], [ 119.317467114988958, 23.324370820453904, 0.0 ], [ 119.317447838978737, 23.324427143809306, 0.0 ], [ 119.317432597860346, 23.324484510765558, 0.0 ], [ 119.317421446556537, 23.324542674555961, 0.0 ], [ 119.317414440956796, 23.324601389326162, 0.0 ], [ 119.317411608741978, 23.324660398085818, 0.0 ], [ 119.317411545247708, 23.324669708546402, 0.0 ], [ 119.317411520526576, 23.324687815988703, 0.0 ], [ 119.317400041332817, 23.324732426617764, 0.0 ], [ 119.317388889998369, 23.324790589499379, 0.0 ], [ 119.317381884352628, 23.32484930516744, 0.0 ], [ 119.317379052099341, 23.324908314826203, 0.0 ], [ 119.317380407110718, 23.32496737126683, 0.0 ], [ 119.317382126950662, 23.324985663556468, 0.0 ], [ 119.31737524076064, 23.325016110346887, 0.0 ], [ 119.317364511343015, 23.32507243791537, 0.0 ], [ 119.31735750569753, 23.325131150870931, 0.0 ], [ 119.317354673407678, 23.325190161428882, 0.0 ], [ 119.317356025447651, 23.325249219641066, 0.0 ], [ 119.317361560209974, 23.325308065493346, 0.0 ], [ 119.317367790999555, 23.325348361537447, 0.0 ], [ 119.317375918610153, 23.325393597135029, 0.0 ], [ 119.317379376150001, 23.325411688717033, 0.0 ], [ 119.317393178197506, 23.325469367621711, 0.0 ], [ 119.317411038445201, 23.325526088947129, 0.0 ], [ 119.317432876840456, 23.325581611696016, 0.0 ], [ 119.317458600601171, 23.325635696539905, 0.0 ], [ 119.317488098293566, 23.325688110268992, 0.0 ], [ 119.317521246606375, 23.325738631281705, 0.0 ], [ 119.317557902622355, 23.325787042279316, 0.0 ], [ 119.317587630624743, 23.325821872558777, 0.0 ], [ 119.317603971984482, 23.325840082652032, 0.0 ], [ 119.317614249033269, 23.325851344914092, 0.0 ], [ 119.317657434474825, 23.325894926699824, 0.0 ], [ 119.317703612121221, 23.325935803419341, 0.0 ], [ 119.317752586634199, 23.325973805960366, 0.0 ], [ 119.317804146990099, 23.3260087686532, 0.0 ], [ 119.317858073151598, 23.326040542883998, 0.0 ], [ 119.317914135147092, 23.326068992571141, 0.0 ], [ 119.317972091127274, 23.326093993241745, 0.0 ], [ 119.317983288160619, 23.326098342037195, 0.0 ], [ 119.318007661023188, 23.326107644964253, 0.0 ], [ 119.318038251816844, 23.326118452761659, 0.0 ], [ 119.318086218748135, 23.326155668908893, 0.0 ], [ 119.318137778277048, 23.326190632392379, 0.0 ], [ 119.318191705585093, 23.326222405624247, 0.0 ], [ 119.318247766744705, 23.326250856092091, 0.0 ], [ 119.318280818024107, 23.326265632646297, 0.0 ], [ 119.318297119508927, 23.326272578415235, 0.0 ], [ 119.318322023405102, 23.326282800597536, 0.0 ], [ 119.318381625529938, 23.326304249253717, 0.0 ], [ 119.318442621622196, 23.326322053032882, 0.0 ], [ 119.318464198520161, 23.326326944746313, 0.0 ], [ 119.318468779454093, 23.326332221848983, 0.0 ], [ 119.318493235475927, 23.326357602080677, 0.0 ], [ 119.318497895402345, 23.32636281683677, 0.0 ], [ 119.318509478826769, 23.326375536593659, 0.0 ], [ 119.318552663746331, 23.326419119048644, 0.0 ], [ 119.318598842832571, 23.326459995538386, 0.0 ], [ 119.31864781683548, 23.326497996909776, 0.0 ], [ 119.318685724184178, 23.326524161559504, 0.0 ], [ 119.318689960220951, 23.326526939704685, 0.0 ], [ 119.318690808941, 23.32660638243069, 0.0 ], [ 119.318696341355334, 23.326665230037204, 0.0 ], [ 119.318706032285149, 23.326723617631878, 0.0 ], [ 119.318719834987974, 23.326781298256773, 0.0 ], [ 119.318720160504569, 23.326782464515325, 0.0 ], [ 119.318728351657555, 23.326811895991163, 0.0 ], [ 119.318737540935174, 23.326842646290093, 0.0 ], [ 119.318733087685487, 23.32688368976271, 0.0 ], [ 119.318730255912016, 23.32694270036605, 0.0 ], [ 119.318731609514941, 23.327001757697879, 0.0 ], [ 119.318737141951928, 23.327060605302087, 0.0 ], [ 119.318740962370143, 23.327086776011868, 0.0 ], [ 119.318745144282644, 23.32712709967716, 0.0 ], [ 119.318741282711386, 23.327163617606018, 0.0 ], [ 119.318738448983638, 23.327222627283703, 0.0 ], [ 119.318738387575166, 23.3272310015989, 0.0 ], [ 119.318738330255528, 23.327253575588234, 0.0 ], [ 119.318738328129385, 23.327255530959835, 0.0 ], [ 119.318738325423652, 23.327284872680622, 0.0 ], [ 119.318739745490902, 23.32733360035515, 0.0 ], [ 119.318745278912715, 23.327392447968236, 0.0 ], [ 119.318754586988277, 23.327448947373213, 0.0 ], [ 119.318762723436421, 23.327489641187487, 0.0 ], [ 119.318763104388765, 23.327491529352223, 0.0 ], [ 119.318764534496594, 23.327498449067956, 0.0 ], [ 119.318765762517486, 23.327504259821698, 0.0 ], [ 119.318769763416654, 23.327541645742546, 0.0 ], [ 119.31877945439372, 23.327600035137202, 0.0 ], [ 119.318793256261586, 23.32765771213549, 0.0 ], [ 119.318811116355519, 23.327714434229627, 0.0 ], [ 119.318822486392762, 23.327744741199886, 0.0 ], [ 119.31883550310279, 23.327784646011878, 0.0 ], [ 119.318857341443348, 23.327840167689441, 0.0 ], [ 119.318883067147226, 23.327894252353659, 0.0 ], [ 119.318912568799462, 23.327946664990112, 0.0 ], [ 119.318945718162965, 23.327997186653764, 0.0 ], [ 119.318982372338766, 23.328045598241658, 0.0 ], [ 119.319022381448306, 23.328091691409341, 0.0 ], [ 119.319065567095976, 23.328135271047639, 0.0 ], [ 119.319105256609348, 23.328170719845488, 0.0 ], [ 119.31912967242468, 23.328191328435967, 0.0 ], [ 119.319136161735997, 23.328196756902891, 0.0 ], [ 119.319144386395877, 23.328203494949548, 0.0 ], [ 119.319144483778075, 23.328203602521096, 0.0 ], [ 119.319187669512971, 23.328247181226892, 0.0 ], [ 119.319228091344371, 23.328283248125604, 0.0 ], [ 119.319252507710516, 23.328303816079877, 0.0 ], [ 119.319258265768468, 23.328308625521711, 0.0 ], [ 119.319307241581384, 23.328346627641551, 0.0 ], [ 119.319358802275772, 23.328381589878564, 0.0 ], [ 119.319412731718529, 23.328413363662712, 0.0 ], [ 119.319468792135382, 23.328441811025215, 0.0 ], [ 119.319526751377694, 23.328466813015918, 0.0 ], [ 119.319538580077136, 23.328471403207349, 0.0 ], [ 119.319562999460686, 23.328480703705932, 0.0 ], [ 119.319610774057438, 23.328497562669675, 0.0 ], [ 119.319671769373329, 23.328515366011853, 0.0 ], [ 119.319733893710463, 23.3285294475954, 0.0 ], [ 119.319796881923523, 23.328539746797418, 0.0 ], [ 119.319808303411094, 23.328541194580289, 0.0 ], [ 119.319848938217035, 23.328546128057653, 0.0 ], [ 119.319901102518159, 23.328551150891176, 0.0 ], [ 119.319965006582237, 23.328553769171794, 0.0 ], [ 119.320028961217972, 23.328552522317164, 0.0 ], [ 119.320092687720546, 23.328547417268169, 0.0 ], [ 119.320155918001262, 23.328538471913316, 0.0 ], [ 119.320156892837559, 23.328538301814707, 0.0 ], [ 119.320161564118735, 23.328537494284131, 0.0 ], [ 119.320214779239649, 23.328532963457931, 0.0 ], [ 119.320278009497301, 23.328524018955459, 0.0 ], [ 119.320340471258561, 23.328511273658023, 0.0 ], [ 119.32040189495838, 23.328494785161141, 0.0 ], [ 119.320462018703751, 23.328474622878808, 0.0 ], [ 119.320520587262806, 23.328450870741307, 0.0 ], [ 119.320577346143423, 23.328423631645443, 0.0 ], [ 119.32059415453179, 23.328414705645951, 0.0 ], [ 119.320618585076858, 23.328401430583117, 0.0 ], [ 119.32065648486028, 23.328379750715971, 0.0 ], [ 119.320708908079112, 23.328345903766017, 0.0 ], [ 119.320758820636826, 23.328308962274548, 0.0 ], [ 119.320806011303219, 23.328269087380406, 0.0 ], [ 119.320850274645636, 23.328226445701418, 0.0 ], [ 119.320891425520273, 23.328181223030924, 0.0 ], [ 119.320929282614514, 23.328133611522855, 0.0 ], [ 119.320963686962045, 23.328083814404067, 0.0 ], [ 119.320994490178833, 23.328032048556103, 0.0 ], [ 119.321021562453481, 23.327978531059717, 0.0 ], [ 119.321039344726657, 23.327937382109251, 0.0 ], [ 119.321055602308334, 23.327896905625124, 0.0 ], [ 119.321061040168559, 23.327883017047107, 0.0 ], [ 119.321080315271473, 23.327826694113856, 0.0 ], [ 119.321089636113086, 23.327793591109156, 0.0 ], [ 119.321097816282261, 23.327762108082045, 0.0 ], [ 119.321103739413033, 23.327737842868743, 0.0 ], [ 119.321114888514671, 23.327679678750858, 0.0 ], [ 119.321121892752046, 23.327620963752132, 0.0 ], [ 119.32112393537075, 23.327589192856443, 0.0 ], [ 119.321126104899207, 23.327583570197657, 0.0 ], [ 119.321145379912068, 23.327527248152848, 0.0 ], [ 119.321160623828717, 23.327469879020743, 0.0 ], [ 119.321171771886739, 23.327411715786333, 0.0 ], [ 119.321178776054467, 23.327353002586165, 0.0 ], [ 119.321181604826364, 23.327293990955653, 0.0 ], [ 119.321181671003799, 23.327284680512737, 0.0 ], [ 119.321181698391257, 23.32726437754739, 0.0 ], [ 119.321181697949356, 23.327263479288138, 0.0 ], [ 119.321181699068489, 23.327257945330491, 0.0 ], [ 119.321186409603911, 23.327232308448099, 0.0 ], [ 119.321189083795176, 23.327224955173229, 0.0 ], [ 119.321197152785643, 23.327202468836258, 0.0 ], [ 119.321210444205505, 23.327162307198499, 0.0 ], [ 119.321225687019364, 23.327104941653484, 0.0 ], [ 119.321236835064866, 23.327046773895226, 0.0 ], [ 119.321242356162671, 23.327000509315326, 0.0 ], [ 119.321270237703729, 23.326981983604757, 0.0 ], [ 119.32132015058292, 23.326945040094813, 0.0 ], [ 119.321367340583535, 23.326905164987249, 0.0 ], [ 119.32141160327572, 23.326862523105842, 0.0 ], [ 119.321452663854728, 23.32681727852043, 0.0 ], [ 119.32145871575851, 23.326810218723956, 0.0 ], [ 119.321474810634982, 23.326797761464551, 0.0 ], [ 119.321488178379212, 23.326786992045683, 0.0 ], [ 119.3215044605994, 23.326773628605459, 0.0 ], [ 119.321538283705408, 23.326744524675529, 0.0 ], [ 119.32154285324269, 23.326740372155516, 0.0 ], [ 119.321567259093456, 23.32671805994601, 0.0 ], [ 119.32160695016043, 23.326679571403876, 0.0 ], [ 119.321648100279901, 23.326634348483452, 0.0 ], [ 119.321655962296902, 23.326624980735886, 0.0 ], [ 119.321698193355999, 23.326593781252715, 0.0 ], [ 119.321742236319054, 23.326565033228398, 0.0 ], [ 119.321772299836397, 23.326543379232653, 0.0 ], [ 119.321782931086958, 23.326536129250695, 0.0 ], [ 119.321832843637779, 23.326499187362835, 0.0 ], [ 119.321880033329123, 23.326459312080562, 0.0 ], [ 119.32192429570992, 23.326416670033872, 0.0 ], [ 119.321965444663107, 23.326371447007212, 0.0 ], [ 119.322003301823912, 23.326323834284906, 0.0 ], [ 119.322037705286036, 23.326274035966289, 0.0 ], [ 119.322068509567899, 23.326222271673608, 0.0 ], [ 119.322088458547356, 23.326182833053245, 0.0 ], [ 119.32210166556419, 23.326174655508737, 0.0 ], [ 119.322126077112515, 23.326159112222165, 0.0 ], [ 119.322153494668569, 23.326141001155829, 0.0 ], [ 119.322169750707559, 23.326129866293996, 0.0 ], [ 119.32217348106856, 23.326127300859916, 0.0 ], [ 119.32222339140435, 23.326090358809608, 0.0 ], [ 119.322270580834299, 23.326050483392596, 0.0 ], [ 119.322314842930879, 23.326007843023582, 0.0 ], [ 119.322335549470296, 23.325985836820053, 0.0 ], [ 119.32235996362995, 23.325959026966963, 0.0 ], [ 119.322380404797116, 23.325935810009799, 0.0 ], [ 119.322418262660179, 23.325888197179417, 0.0 ], [ 119.322452665827853, 23.325838400556769, 0.0 ], [ 119.322483468887597, 23.325786634348823, 0.0 ], [ 119.322499388482044, 23.325756277702123, 0.0 ], [ 119.322516576219954, 23.325731506523233, 0.0 ], [ 119.322518348339301, 23.325729810239679, 0.0 ], [ 119.322542724362918, 23.325705641446749, 0.0 ], [ 119.322583871893443, 23.325660419121046, 0.0 ], [ 119.322621727647615, 23.325612806210188, 0.0 ], [ 119.322656131653318, 23.325563008640472, 0.0 ] ] ] } },
{ "type": "Feature", "properties": { "OBJECTID": 37, "Id": "0", "ogr_fid": 37, "countyname": "澎湖縣", "protectnam": "澎湖縣望安島綠蠵龜產卵棲地保護區", "law": "野生動物保育法", "order_valu": 5, "map_type": "WildAnimal", "update_tim": "2021-01-01T00:00:00", "data_sourc": "行政院農業委員會林務局", "note": null }, "geometry": { "type": "Polygon", "coordinates": [ [ [ 119.493535097718777, 23.397120918077498, 0.0 ], [ 119.493803607241034, 23.396947485463894, 0.0 ], [ 119.494072239569263, 23.397094526024333, 0.0 ], [ 119.494316328967557, 23.396945661986702, 0.0 ], [ 119.494625581613619, 23.396847071812815, 0.0 ], [ 119.494780154341299, 23.396352025855698, 0.0 ], [ 119.494918484688213, 23.396129915310638, 0.0 ], [ 119.494828964938563, 23.395880764170371, 0.0 ], [ 119.494812668418874, 23.395605243697631, 0.0 ], [ 119.49503240046343, 23.39542679874015, 0.0 ], [ 119.494967238170361, 23.395186920268497, 0.0 ], [ 119.494910234042365, 23.394902012153601, 0.0 ], [ 119.495024151744019, 23.394582595795715, 0.0 ], [ 119.495260148708496, 23.394379504019248, 0.0 ], [ 119.495601960158396, 23.394297035121493, 0.0 ], [ 119.495894884738377, 23.394308850766311, 0.0 ], [ 119.496147167322519, 23.394471536807931, 0.0 ], [ 119.496366963829004, 23.394663253209703, 0.0 ], [ 119.49665176524465, 23.394611804072227, 0.0 ], [ 119.496619189835158, 23.394329358621814, 0.0 ], [ 119.496855122206028, 23.394139800482943, 0.0 ], [ 119.497156261653544, 23.393980212198219, 0.0 ], [ 119.497278267104818, 23.393730827140192, 0.0 ], [ 119.497229454888839, 23.393466302693405, 0.0 ], [ 119.49733524939036, 23.393196455591053, 0.0 ], [ 119.497424719822746, 23.392940030704036, 0.0 ], [ 119.49765259199242, 23.392806810581543, 0.0 ], [ 119.497815293532767, 23.392571394452919, 0.0 ], [ 119.497904844814002, 23.392344271747291, 0.0 ], [ 119.497953621692716, 23.392069418074939, 0.0 ], [ 119.49788850932697, 23.391820504780782, 0.0 ], [ 119.497636194584828, 23.391531447112314, 0.0 ], [ 119.497587326647391, 23.39127592143409, 0.0 ], [ 119.497685020578629, 23.390976692501273, 0.0 ], [ 119.497961639552315, 23.390825863155545, 0.0 ], [ 119.498238356613413, 23.390925551851868, 0.0 ], [ 119.498490645226795, 23.391038583769024, 0.0 ], [ 119.498661560602855, 23.39122305898448, 0.0 ], [ 119.498669750042225, 23.391466887773554, 0.0 ], [ 119.498873193690457, 23.391622330093099, 0.0 ], [ 119.49914173104122, 23.391647485365723, 0.0 ], [ 119.499426545465354, 23.391577996320716, 0.0 ], [ 119.499752078814836, 23.391484051166746, 0.0 ], [ 119.499939274065639, 23.391253366368019, 0.0 ], [ 119.500183438759507, 23.391404700873746, 0.0 ], [ 119.500468211421591, 23.391330668319348, 0.0 ], [ 119.500517022607184, 23.391040007408805, 0.0 ], [ 119.500647217428295, 23.390790697809354, 0.0 ], [ 119.500712268981971, 23.390534036415357, 0.0 ], [ 119.500704155902852, 23.390299248178231, 0.0 ], [ 119.500736676550659, 23.390035463896879, 0.0 ], [ 119.500712212257568, 23.389581573350846, 0.0 ], [ 119.500875000878466, 23.389341656558098, 0.0 ], [ 119.501086479110981, 23.389158581858609, 0.0 ], [ 119.501322516703908, 23.389043469743569, 0.0 ], [ 119.501607262905381, 23.389183861557562, 0.0 ], [ 119.501818934443008, 23.389339399708014, 0.0 ], [ 119.502022432719485, 23.389627981325638, 0.0 ], [ 119.501924814484809, 23.390010746355532, 0.0 ], [ 119.502177115843466, 23.390277262094603, 0.0 ], [ 119.502250438447192, 23.39056232463502, 0.0 ], [ 119.502364357754502, 23.390809436194953, 0.0 ], [ 119.502201645424051, 23.391042627480878, 0.0 ], [ 119.50208767905464, 23.391262709133514, 0.0 ], [ 119.502087730904364, 23.391497421032582, 0.0 ], [ 119.50233188102635, 23.391585524335724, 0.0 ], [ 119.50259230603902, 23.391716704858439, 0.0 ], [ 119.502893362270527, 23.391660901833834, 0.0 ], [ 119.503031756631927, 23.39187436197016, 0.0 ], [ 119.50325966723544, 23.392066147574447, 0.0 ], [ 119.503406105163648, 23.391846375928143, 0.0 ], [ 119.503609599429865, 23.391595537299697, 0.0 ], [ 119.503910659426452, 23.391555539734441, 0.0 ], [ 119.504122221433491, 23.391706512912126, 0.0 ], [ 119.504154853958894, 23.391993456807619, 0.0 ], [ 119.504179318199547, 23.392253246156582, 0.0 ], [ 119.504008412597628, 23.392461517235457, 0.0 ], [ 119.504000289934112, 23.39274357234228, 0.0 ], [ 119.504040996502965, 23.392996748719032, 0.0 ], [ 119.504301424094095, 23.393173036707772, 0.0 ], [ 119.504203787074204, 23.393451964655274, 0.0 ], [ 119.503975962413222, 23.393610040515579, 0.0 ], [ 119.503878365491005, 23.393832548889971, 0.0 ], [ 119.504016680693326, 23.394037013645143, 0.0 ], [ 119.504268987703298, 23.394064232245142, 0.0 ], [ 119.504513115765604, 23.394215558196549, 0.0 ], [ 119.504106239569026, 23.394511832184119, 0.0 ], [ 119.504448054857548, 23.394648287545884, 0.0 ], [ 119.504659709608333, 23.39480375979225, 0.0 ], [ 119.504903816131872, 23.394688762259687, 0.0 ], [ 119.505229323127452, 23.394788906674144, 0.0 ], [ 119.505278176150668, 23.394554661422145, 0.0 ], [ 119.505359501774961, 23.394280076440992, 0.0 ], [ 119.505538499704954, 23.394105724298225, 0.0 ], [ 119.505750056078071, 23.394245429167231, 0.0 ], [ 119.505912859278411, 23.394052886178738, 0.0 ], [ 119.50610814475651, 23.393871921508293, 0.0 ], [ 119.506051209943834, 23.393607322357436, 0.0 ], [ 119.505847661357933, 23.393390969473302, 0.0 ], [ 119.50556284300005, 23.393338597109608, 0.0 ], [ 119.505367495308164, 23.39316293255364, 0.0 ], [ 119.505424422986394, 23.39283392438173, 0.0 ], [ 119.505579042107897, 23.392648071821991, 0.0 ], [ 119.505863961948407, 23.392565035164086, 0.0 ], [ 119.506116163046187, 23.392621636365764, 0.0 ], [ 119.506417270847393, 23.392708006321755, 0.0 ], [ 119.506637035903907, 23.392545350959949, 0.0 ], [ 119.506759102666052, 23.392305038774776, 0.0 ], [ 119.506490505680247, 23.392268588131731, 0.0 ], [ 119.50659622537448, 23.391901701989926, 0.0 ], [ 119.506848528727161, 23.391802544392228, 0.0 ], [ 119.507060139183722, 23.391953557539189, 0.0 ], [ 119.507247355598537, 23.392111063452393, 0.0 ], [ 119.507466996867876, 23.391955174068158, 0.0 ], [ 119.507450804142678, 23.39168419587271, 0.0 ], [ 119.50749141390196, 23.39140467948685, 0.0 ], [ 119.507523901927215, 23.391158969178043, 0.0 ], [ 119.507784311193262, 23.390994472806227, 0.0 ], [ 119.507963369624449, 23.390756931667116, 0.0 ], [ 119.507979603231803, 23.390506525787799, 0.0 ], [ 119.507922596415654, 23.39019904439056, 0.0 ], [ 119.507816797937309, 23.389970093803537, 0.0 ], [ 119.507605245397286, 23.389810084812947, 0.0 ], [ 119.507605139248881, 23.389550528203674, 0.0 ], [ 119.507507508916703, 23.389328379597945, 0.0 ], [ 119.507491189512123, 23.389048361110433, 0.0 ], [ 119.507360956819056, 23.38880109804769, 0.0 ], [ 119.507295838065886, 23.388563495641243, 0.0 ], [ 119.50727143937732, 23.388301435576658, 0.0 ], [ 119.507173684341524, 23.388070288117529, 0.0 ], [ 119.50714110677157, 23.387790115242673, 0.0 ], [ 119.507198076752729, 23.387542370782796, 0.0 ], [ 119.507222435342186, 23.387253702542456, 0.0 ], [ 119.507189901447589, 23.386953223890362, 0.0 ], [ 119.507230514991306, 23.386689557286175, 0.0 ], [ 119.507287492495621, 23.386453118796585, 0.0 ], [ 119.507547895681739, 23.38632919223442, 0.0 ], [ 119.507393280608724, 23.386099772695584, 0.0 ], [ 119.507474651010014, 23.385816148253426, 0.0 ], [ 119.507279230330525, 23.385651796095498, 0.0 ], [ 119.507385017050737, 23.385424820998821, 0.0 ], [ 119.507588482416608, 23.385289081710308, 0.0 ], [ 119.507498908839793, 23.385051245912759, 0.0 ], [ 119.507214075505445, 23.38492438013914, 0.0 ], [ 119.50699437848445, 23.384784600820261, 0.0 ], [ 119.506912976539169, 23.384553609383268, 0.0 ], [ 119.506872221006262, 23.384255323603636, 0.0 ], [ 119.506921082069255, 23.383987195474425, 0.0 ], [ 119.507059375262884, 23.383769569946871, 0.0 ], [ 119.506929112193575, 23.383533615028956, 0.0 ], [ 119.506733809837414, 23.383366993756884, 0.0 ], [ 119.506896559660717, 23.383124757250652, 0.0 ], [ 119.506961611085075, 23.382834249309667, 0.0 ], [ 119.507067390531944, 23.382591510099772, 0.0 ], [ 119.507083648852401, 23.382338877081626, 0.0 ], [ 119.507327748731413, 23.382185449625911, 0.0 ], [ 119.507620765409158, 23.382235668866759, 0.0 ], [ 119.507856788167032, 23.382393639502979, 0.0 ], [ 119.508027645163665, 23.382591641044183, 0.0 ], [ 119.508271849996731, 23.382551088908404, 0.0 ], [ 119.508418289928557, 23.382313237117515, 0.0 ], [ 119.508458942040633, 23.382029220718852, 0.0 ], [ 119.508564686718287, 23.381772944035777, 0.0 ], [ 119.508475138578973, 23.381492227777802, 0.0 ], [ 119.508434435946143, 23.381230012116092, 0.0 ], [ 119.508523942076309, 23.380996156408482, 0.0 ], [ 119.508475080531539, 23.380718055466751, 0.0 ], [ 119.508491388381898, 23.380436080076247, 0.0 ], [ 119.508670387068094, 23.380239186945289, 0.0 ], [ 119.50871920000462, 23.379966560511598, 0.0 ], [ 119.508711032154409, 23.379727231934105, 0.0 ], [ 119.508792389128274, 23.379493254919268, 0.0 ], [ 119.508930685186073, 23.37924178604591, 0.0 ], [ 119.508995781216157, 23.379007695366436, 0.0 ], [ 119.50898761184537, 23.378768366743298, 0.0 ], [ 119.508889963608155, 23.378503379098763, 0.0 ], [ 119.508800414483687, 23.378267772339949, 0.0 ], [ 119.508702727932558, 23.37801859259476, 0.0 ], [ 119.508613166976019, 23.377751413134508, 0.0 ], [ 119.508523646610513, 23.377509037172359, 0.0 ], [ 119.50842595227985, 23.377268855602615, 0.0 ], [ 119.50833641516445, 23.376979099428102, 0.0 ], [ 119.508377047626809, 23.376713162483277, 0.0 ], [ 119.508515379261041, 23.376511342895746, 0.0 ], [ 119.508702585815399, 23.376341604149935, 0.0 ], [ 119.508979275286904, 23.37616822133614, 0.0 ], [ 119.509215284057035, 23.376053095594134, 0.0 ], [ 119.509451198762847, 23.375917662358212, 0.0 ], [ 119.509752304974469, 23.375841538648665, 0.0 ], [ 119.510029007415412, 23.375805794308548, 0.0 ], [ 119.510305715871212, 23.375851311457446, 0.0 ], [ 119.510549868008468, 23.375977783621202, 0.0 ], [ 119.510834743091976, 23.376030146975303, 0.0 ], [ 119.511103246731764, 23.376125235215344, 0.0 ], [ 119.511257830690639, 23.3759236092388, 0.0 ], [ 119.511469452879737, 23.375720216546519, 0.0 ], [ 119.511770563715828, 23.375770462119199, 0.0 ], [ 119.511957742123357, 23.375991189742308, 0.0 ], [ 119.512088021583025, 23.376258754964379, 0.0 ], [ 119.512112396361843, 23.376552385457273, 0.0 ], [ 119.51221016030874, 23.37679933681353, 0.0 ], [ 119.512405422330403, 23.376956955167014, 0.0 ], [ 119.512698463739767, 23.377106420844978, 0.0 ], [ 119.512950698651736, 23.377174276636723, 0.0 ], [ 119.51326808804518, 23.377141184108357, 0.0 ], [ 119.513398318910646, 23.376905442476541, 0.0 ], [ 119.513186661758567, 23.376747711883596, 0.0 ], [ 119.512950707571449, 23.376571671013981, 0.0 ], [ 119.512706482029529, 23.37642262854779, 0.0 ], [ 119.51260884733, 23.376159914542136, 0.0 ], [ 119.512413496485877, 23.375957144660354, 0.0 ], [ 119.512250696621891, 23.375763765673934, 0.0 ], [ 119.512209999814971, 23.375488012840393, 0.0 ], [ 119.512144926619087, 23.375205262363483, 0.0 ], [ 119.512055295530118, 23.374976465523261, 0.0 ], [ 119.511900712887723, 23.374765086316319, 0.0 ], [ 119.511680941488692, 23.374575662588768, 0.0 ], [ 119.511469308456256, 23.374445004778249, 0.0 ], [ 119.511143816038967, 23.374437365483097, 0.0 ], [ 119.510915984883866, 23.374554843702246, 0.0 ], [ 119.51067183577095, 23.374706007500706, 0.0 ], [ 119.510435827324542, 23.374588651293195, 0.0 ], [ 119.510256775238332, 23.374395073171311, 0.0 ], [ 119.510224182682478, 23.374123939244797, 0.0 ], [ 119.510142737356077, 23.373868105016147, 0.0 ], [ 119.510012492597738, 23.373638920281319, 0.0 ], [ 119.509849771444891, 23.373398118221605, 0.0 ], [ 119.509491602372194, 23.373053883656837, 0.0 ], [ 119.509247510140327, 23.372983828758954, 0.0 ], [ 119.508946395646475, 23.372942617608732, 0.0 ], [ 119.508669673002572, 23.372919672281405, 0.0 ], [ 119.508352288731004, 23.372891800223137, 0.0 ], [ 119.508083764053737, 23.372909541781148, 0.0 ], [ 119.507937194095703, 23.372515445999895, 0.0 ], [ 119.507953472227967, 23.372240237648846, 0.0 ], [ 119.507985988334312, 23.372003566654488, 0.0 ], [ 119.508099929241141, 23.371783437324353, 0.0 ], [ 119.508368456041424, 23.371528712652506, 0.0 ], [ 119.508563703331745, 23.371282286286611, 0.0 ], [ 119.508759065301973, 23.371078783508782, 0.0 ], [ 119.508994986784785, 23.370929813711751, 0.0 ], [ 119.509214703298753, 23.370751346532586, 0.0 ], [ 119.509434432137965, 23.370584144525942, 0.0 ], [ 119.509670435313737, 23.370419412068937, 0.0 ], [ 119.509955288785562, 23.370395009516955, 0.0 ], [ 119.510223805518848, 23.370467565457943, 0.0 ], [ 119.510288946089034, 23.370702895716338, 0.0 ], [ 119.510411063248881, 23.370950079979789, 0.0 ], [ 119.510638946624951, 23.371060588391813, 0.0 ], [ 119.510874914255197, 23.371168903756583, 0.0 ], [ 119.51111910830879, 23.371270528635403, 0.0 ], [ 119.511338784565282, 23.371153014655256, 0.0 ], [ 119.511599205022918, 23.370999775210127, 0.0 ], [ 119.511875914968442, 23.370945950025636, 0.0 ], [ 119.512193296037779, 23.370863208323708, 0.0 ], [ 119.512470007603881, 23.370960642544667, 0.0 ], [ 119.512706031780894, 23.370838741741519, 0.0 ], [ 119.512966405172534, 23.370730652276851, 0.0 ], [ 119.513283822855342, 23.370787817989015, 0.0 ], [ 119.513511711797108, 23.370893825401019, 0.0 ], [ 119.513739565717273, 23.371035901686859, 0.0 ], [ 119.514016209284009, 23.37109045036453, 0.0 ], [ 119.514081371915395, 23.37133259041201, 0.0 ], [ 119.514000064651526, 23.371625216955984, 0.0 ], [ 119.513739603683277, 23.371773961310506, 0.0 ], [ 119.513552445280268, 23.371997896319531, 0.0 ], [ 119.513536173106431, 23.372257298303339, 0.0 ], [ 119.513747810578693, 23.372494023104256, 0.0 ], [ 119.513869922752576, 23.372754739998467, 0.0 ], [ 119.51433377974665, 23.372711768287466, 0.0 ], [ 119.514333823416607, 23.373002940367698, 0.0 ], [ 119.514301256577696, 23.373277953653442, 0.0 ], [ 119.514350099706519, 23.373517668882624, 0.0 ], [ 119.514325752551557, 23.373770227611484, 0.0 ], [ 119.514325744404729, 23.374045590760211, 0.0 ], [ 119.514382771946728, 23.374319226873979, 0.0 ], [ 119.514415285945674, 23.374561058469087, 0.0 ], [ 119.514456079674247, 23.374791659055447, 0.0 ], [ 119.514643253002262, 23.374955923828782, 0.0 ], [ 119.514936259867625, 23.374891021728288, 0.0 ], [ 119.515172218689884, 23.374751040540403, 0.0 ], [ 119.515440741781134, 23.37467236901831, 0.0 ], [ 119.515701201007488, 23.374618381281262, 0.0 ], [ 119.515790653345746, 23.374400325699678, 0.0 ], [ 119.515717388813243, 23.374169417217921, 0.0 ], [ 119.515733650915848, 23.373919011422441, 0.0 ], [ 119.515961513922534, 23.373765456712071, 0.0 ], [ 119.516189399219115, 23.373905301823562, 0.0 ], [ 119.516441611551656, 23.373855774827277, 0.0 ], [ 119.516588161833425, 23.373617913368136, 0.0 ], [ 119.516661339872513, 23.373368089607698, 0.0 ], [ 119.516693802333947, 23.37292150683756, 0.0 ], [ 119.516701939642644, 23.372684602217639, 0.0 ], [ 119.516547279443841, 23.372410040803942, 0.0 ], [ 119.516303155509462, 23.372186508632499, 0.0 ], [ 119.516042761748338, 23.372111812672333, 0.0 ], [ 119.515717152660656, 23.372045535608937, 0.0 ], [ 119.515473043258453, 23.371943917619713, 0.0 ], [ 119.51530213309934, 23.371664661477595, 0.0 ], [ 119.515204446016043, 23.371406446238179, 0.0 ], [ 119.515155550113235, 23.371175768833091, 0.0 ], [ 119.515000988763305, 23.370962123083913, 0.0 ], [ 119.514829980367594, 23.370782206653356, 0.0 ], [ 119.514797444033334, 23.370513301911327, 0.0 ], [ 119.514919497492059, 23.370250406075201, 0.0 ], [ 119.515139205667353, 23.370141885259045, 0.0 ], [ 119.51533449595884, 23.370333340562564, 0.0 ], [ 119.515586824323719, 23.370453113862197, 0.0 ], [ 119.515847262345702, 23.370457814166173, 0.0 ], [ 119.515936767680415, 23.370205874046029, 0.0 ], [ 119.516018098282501, 23.369931324566611, 0.0 ], [ 119.515912291375159, 23.369711372835209, 0.0 ], [ 119.515920378599631, 23.369458662029761, 0.0 ], [ 119.515814580392387, 23.369229715506155, 0.0 ], [ 119.515773823142823, 23.368962960115763, 0.0 ], [ 119.515830809658226, 23.368715253537225, 0.0 ], [ 119.516017974088143, 23.368498083877903, 0.0 ], [ 119.516213238637306, 23.368285530184231, 0.0 ], [ 119.516441110572032, 23.368179354461976, 0.0 ], [ 119.516351599164864, 23.367943794263788, 0.0 ], [ 119.516083020264048, 23.367753912983307, 0.0 ], [ 119.515822543832954, 23.36765886928799, 0.0 ], [ 119.51556215943296, 23.367604519862855, 0.0 ], [ 119.515277314174199, 23.367563432349556, 0.0 ], [ 119.515025020337887, 23.367412087381265, 0.0 ], [ 119.514772761869651, 23.367253932374574, 0.0 ], [ 119.514512309562974, 23.367246961612732, 0.0 ], [ 119.514227459525216, 23.367275826448591, 0.0 ], [ 119.514007683356922, 23.367099943068823, 0.0 ], [ 119.514064654969602, 23.366870272717279, 0.0 ], [ 119.51383680686024, 23.366752999498143, 0.0 ], [ 119.513535715447389, 23.366747910783545, 0.0 ], [ 119.513283381893402, 23.366641673155424, 0.0 ], [ 119.512998555588752, 23.366758569269905, 0.0 ], [ 119.512746295578609, 23.366690755582614, 0.0 ], [ 119.51254284576936, 23.366517253622519, 0.0 ], [ 119.512314960379484, 23.366370635301305, 0.0 ], [ 119.512144032302118, 23.36614333781958, 0.0 ], [ 119.511981189780073, 23.36591380404413, 0.0 ], [ 119.511834702457961, 23.365675427267053, 0.0 ], [ 119.511590503359798, 23.365567036245483, 0.0 ], [ 119.511379022907349, 23.365693667179656, 0.0 ], [ 119.511086060295497, 23.365887247510798, 0.0 ], [ 119.51102911692584, 23.366150761839819, 0.0 ], [ 119.51086633929107, 23.366361389964723, 0.0 ], [ 119.51056527446768, 23.36643974357818, 0.0 ], [ 119.510247909215408, 23.366387071149283, 0.0 ], [ 119.509946705743545, 23.36635939765041, 0.0 ], [ 119.509661888998068, 23.36625057434129, 0.0 ], [ 119.509458441756436, 23.366056805666499, 0.0 ], [ 119.509197977822026, 23.365871488247308, 0.0 ], [ 119.508994530569453, 23.36572287268887, 0.0 ], [ 119.508791110509179, 23.365526831969571, 0.0 ], [ 119.508563188577014, 23.365335057091723, 0.0 ], [ 119.508351626173251, 23.36519535728889, 0.0 ], [ 119.508091183245753, 23.365077765231284, 0.0 ], [ 119.50778187669853, 23.364817529639804, 0.0 ], [ 119.507619086516115, 23.364592531545433, 0.0 ], [ 119.507448170102663, 23.364320034229426, 0.0 ], [ 119.507301667713065, 23.364063619588524, 0.0 ], [ 119.507220299127525, 23.363830362487427, 0.0 ], [ 119.507138853453768, 23.363542953443311, 0.0 ], [ 119.507106309647966, 23.36327627658201, 0.0 ], [ 119.507089930382918, 23.363009794574438, 0.0 ], [ 119.507089919917334, 23.362766047382227, 0.0 ], [ 119.507212004638149, 23.362500887364988, 0.0 ], [ 119.507350318050428, 23.3623036080355, 0.0 ], [ 119.507537511082546, 23.362104485390905, 0.0 ], [ 119.507830479384054, 23.362053132005894, 0.0 ], [ 119.507708349586949, 23.3615305846327, 0.0 ], [ 119.507749012160971, 23.361293992794131, 0.0 ], [ 119.507854734960986, 23.361042212973231, 0.0 ], [ 119.507968685915529, 23.36079955146128, 0.0 ], [ 119.508367448410453, 23.360575411711228, 0.0 ], [ 119.508334814998662, 23.360198168287535, 0.0 ], [ 119.50835106620039, 23.359880078742428, 0.0 ], [ 119.508269629845572, 23.359603939254264, 0.0 ], [ 119.50823708229683, 23.359296692336134, 0.0 ], [ 119.508269655130135, 23.35900133521541, 0.0 ], [ 119.508367276527323, 23.358679480993473, 0.0 ], [ 119.508481145922389, 23.358362321832235, 0.0 ], [ 119.508652052028367, 23.358059286368569, 0.0 ], [ 119.508798481532267, 23.357778550960766, 0.0 ], [ 119.508977456613792, 23.3575071636199, 0.0 ], [ 119.509132092262348, 23.357237772324844, 0.0 ], [ 119.50927850785763, 23.356925463647439, 0.0 ], [ 119.50941686512148, 23.356719143354418, 0.0 ], [ 119.509587770370203, 23.356522132222558, 0.0 ], [ 119.509783037804439, 23.356275703072413, 0.0 ], [ 119.510027166360572, 23.356065893251333, 0.0 ], [ 119.510230603938439, 23.355907573633925, 0.0 ], [ 119.510507231559714, 23.355707068080964, 0.0 ], [ 119.510783988545313, 23.355511105329157, 0.0 ], [ 119.511003627059779, 23.355271674833642, 0.0 ], [ 119.511255882665807, 23.3551251269765, 0.0 ], [ 119.511565173929569, 23.355012963440533, 0.0 ], [ 119.511858100169221, 23.35487356891154, 0.0 ], [ 119.512069649123276, 23.354706283874513, 0.0 ], [ 119.512330033710697, 23.354577848059822, 0.0 ], [ 119.51254167916386, 23.354446718602489, 0.0 ], [ 119.512769495916444, 23.354286356522159, 0.0 ], [ 119.512940359235941, 23.354096151830881, 0.0 ], [ 119.513200806447372, 23.35401509161705, 0.0 ], [ 119.513477503480303, 23.353938728302882, 0.0 ], [ 119.513672844318023, 23.353766790024782, 0.0 ], [ 119.513811125304798, 23.353558239161011, 0.0 ], [ 119.513786687232155, 23.353323254054427, 0.0 ], [ 119.513689050072543, 23.353098882601632, 0.0 ], [ 119.513469231260956, 23.352920729068202, 0.0 ], [ 119.513265825822685, 23.352720199394444, 0.0 ], [ 119.51309491109977, 23.352538012036266, 0.0 ], [ 119.51285886072931, 23.352673449935029, 0.0 ], [ 119.512631049623764, 23.352788661260394, 0.0 ], [ 119.512338084507192, 23.352858100979077, 0.0 ], [ 119.512159064187983, 23.353032420904512, 0.0 ], [ 119.512061343350709, 23.353266243957435, 0.0 ], [ 119.511955648972105, 23.353594750507661, 0.0 ], [ 119.511687082948555, 23.353558353651376, 0.0 ], [ 119.511442887700895, 23.353443152315613, 0.0 ], [ 119.511158110969518, 23.353496902520966, 0.0 ], [ 119.510881414023274, 23.353552914805825, 0.0 ], [ 119.510612873052239, 23.353710615974215, 0.0 ], [ 119.510344373549799, 23.353807358477908, 0.0 ], [ 119.510092046140514, 23.353915564110721, 0.0 ], [ 119.509782800118828, 23.353962267912703, 0.0 ], [ 119.509506108370104, 23.35396867037722, 0.0 ], [ 119.509213180956152, 23.353911689462649, 0.0 ], [ 119.508928254346017, 23.35391351370696, 0.0 ], [ 119.50865163086516, 23.353983103818063, 0.0 ], [ 119.508399339941832, 23.354055193217487, 0.0 ], [ 119.508130820048294, 23.354104510913544, 0.0 ], [ 119.507626286506877, 23.354032013552633, 0.0 ], [ 119.507455291498687, 23.353824974797607, 0.0 ], [ 119.507390135877685, 23.353571566098953, 0.0 ], [ 119.507178571684335, 23.353429638067585, 0.0 ], [ 119.506869350069621, 23.353478565413763, 0.0 ], [ 119.506608917451402, 23.353586686208033, 0.0 ], [ 119.50627527561447, 23.353542889815028, 0.0 ], [ 119.506356713574405, 23.353789687634279, 0.0 ], [ 119.506267191176462, 23.354075461848439, 0.0 ], [ 119.506259063446791, 23.354350747452791, 0.0 ], [ 119.505949869071429, 23.354751800437221, 0.0 ], [ 119.505722057355882, 23.354964030143375, 0.0 ], [ 119.505502293964952, 23.355119918157786, 0.0 ], [ 119.505241910087278, 23.355264150673758, 0.0 ], [ 119.50502216112622, 23.355386196769214, 0.0 ], [ 119.504769937550861, 23.355476315495739, 0.0 ], [ 119.504525814399017, 23.355550706428623, 0.0 ], [ 119.504257198077113, 23.355600056080096, 0.0 ], [ 119.504004972380812, 23.355649563746596, 0.0 ], [ 119.503720122715691, 23.355700988151245, 0.0 ], [ 119.503378329203358, 23.355758675646914, 0.0 ], [ 119.503109742580364, 23.355780910080053, 0.0 ], [ 119.502808643100352, 23.355766762639767, 0.0 ], [ 119.502483147520891, 23.355722993490129, 0.0 ], [ 119.502198265156167, 23.355659349479708, 0.0 ], [ 119.501823936394132, 23.35551581406877, 0.0 ], [ 119.501596072954285, 23.355398525771388, 0.0 ], [ 119.5013193256286, 23.355267232169801, 0.0 ], [ 119.501099618065709, 23.355145522532499, 0.0 ], [ 119.500863570213681, 23.355019117605977, 0.0 ], [ 119.500619398973313, 23.354890361214995, 0.0 ], [ 119.500359009527656, 23.354729879266209, 0.0 ], [ 119.500074162464912, 23.3545985050451, 0.0 ], [ 119.499773033758927, 23.354448897104753, 0.0 ], [ 119.499496327535411, 23.354326638937788, 0.0 ], [ 119.499219643198018, 23.354263070078549, 0.0 ], [ 119.498959229124509, 23.354287644635956, 0.0 ], [ 119.498698834546445, 23.354416059382789, 0.0 ], [ 119.49842215516658, 23.354490126626867, 0.0 ], [ 119.498031494960003, 23.354601481085673, 0.0 ], [ 119.497787378722279, 23.354666864892312, 0.0 ], [ 119.497510619017973, 23.354691281903037, 0.0 ], [ 119.49720138760631, 23.354683812347925, 0.0 ], [ 119.496892171361338, 23.354662764841073, 0.0 ], [ 119.496550370523138, 23.354607560659851, 0.0 ], [ 119.496281820296176, 23.354521487999559, 0.0 ], [ 119.495988822072633, 23.354394526947402, 0.0 ], [ 119.495712162587168, 23.354312873251146, 0.0 ], [ 119.495386607948973, 23.354266860845438, 0.0 ], [ 119.495044787198552, 23.354173271745871, 0.0 ], [ 119.494800666324167, 23.354105466212943, 0.0 ], [ 119.494540239538097, 23.354062349010867, 0.0 ], [ 119.494214707355638, 23.354018605912298, 0.0 ], [ 119.493897272588541, 23.353999743178342, 0.0 ], [ 119.493628691701758, 23.3539407403821, 0.0 ], [ 119.493368353284623, 23.353922426117322, 0.0 ], [ 119.493067193252315, 23.353962405127568, 0.0 ], [ 119.492741774791284, 23.353997651191591, 0.0 ], [ 119.492432454998749, 23.353969826444729, 0.0 ], [ 119.492115076126382, 23.353885503690528, 0.0 ], [ 119.491838320466599, 23.353751964674672, 0.0 ], [ 119.491561651422728, 23.353586771452463, 0.0 ], [ 119.491341921786457, 23.353379287963406, 0.0 ], [ 119.491114013812279, 23.353214563108672, 0.0 ], [ 119.490837292761654, 23.353094518955654, 0.0 ], [ 119.490576915673969, 23.353184579306212, 0.0 ], [ 119.490463032082957, 23.353406920895793, 0.0 ], [ 119.490316498230783, 23.35368986590349, 0.0 ], [ 119.4901537535941, 23.35393658141097, 0.0 ], [ 119.489966589583489, 23.35409953071791, 0.0 ], [ 119.489763209055695, 23.3542510543401, 0.0 ], [ 119.489543503316597, 23.354384343027029, 0.0 ], [ 119.489234255012832, 23.354487425516329, 0.0 ], [ 119.488957570588369, 23.354581822504418, 0.0 ], [ 119.488664614974297, 23.354612834935885, 0.0 ], [ 119.488371654770731, 23.354648385224561, 0.0 ], [ 119.488078676957002, 23.354661318344551, 0.0 ], [ 119.487753159112046, 23.354701055277765, 0.0 ], [ 119.487598532568754, 23.354929810734028, 0.0 ], [ 119.487517192442567, 23.355229190143735, 0.0 ], [ 119.487378850390897, 23.355471600701058, 0.0 ], [ 119.487142874762327, 23.355690533051703, 0.0 ], [ 119.486890563116617, 23.355843807798912, 0.0 ], [ 119.486581364239356, 23.355901731860992, 0.0 ], [ 119.48626397642289, 23.355934773949873, 0.0 ], [ 119.486377927633754, 23.356166128322691, 0.0 ], [ 119.48650818605887, 23.356393059447779, 0.0 ], [ 119.486622102147251, 23.356635680460396, 0.0 ], [ 119.486809373706322, 23.356818054429564, 0.0 ], [ 119.486996551276746, 23.356984619888497, 0.0 ], [ 119.487175532601967, 23.357207522842998, 0.0 ], [ 119.48737904893288, 23.357362979593308, 0.0 ], [ 119.487558081146261, 23.357545271290345, 0.0 ], [ 119.487761511006255, 23.35775260342589, 0.0 ], [ 119.48797317373652, 23.357892330781976, 0.0 ], [ 119.488184745988249, 23.358032056993917, 0.0 ], [ 119.488445199113514, 23.358246749130249, 0.0 ], [ 119.488673095353022, 23.358461085807008, 0.0 ], [ 119.488884696488739, 23.358691111947003, 0.0 ], [ 119.489096303786042, 23.358916600332488, 0.0 ], [ 119.489527699646473, 23.359155474595436, 0.0 ], [ 119.489722995357198, 23.359353728391927, 0.0 ], [ 119.489592800314611, 23.359560108579966, 0.0 ], [ 119.489486997444232, 23.359775760384299, 0.0 ], [ 119.489332437123778, 23.359986442659036, 0.0 ], [ 119.489527776736722, 23.360168891546852, 0.0 ], [ 119.489780010514849, 23.360349617846733, 0.0 ], [ 119.489918401879351, 23.360635354006, 0.0 ], [ 119.489828865137085, 23.360898542752974, 0.0 ], [ 119.489828930310622, 23.361223554356204, 0.0 ], [ 119.490032440313868, 23.361428657360296, 0.0 ], [ 119.490317249574773, 23.361519439140171, 0.0 ], [ 119.490585775096775, 23.361652942576118, 0.0 ], [ 119.490903209176238, 23.361782377930197, 0.0 ], [ 119.491188105877214, 23.361877656849799, 0.0 ], [ 119.491407816131712, 23.362055839843404, 0.0 ], [ 119.491586896136781, 23.362303584665927, 0.0 ], [ 119.491725264775013, 23.362555434693427, 0.0 ], [ 119.491863615277978, 23.362825362429408, 0.0 ], [ 119.492001998936189, 23.363047868151526, 0.0 ], [ 119.492270560997781, 23.36338450919785, 0.0 ], [ 119.492482153597933, 23.363576108789864, 0.0 ], [ 119.492742597423273, 23.363772759627434, 0.0 ], [ 119.493003069744489, 23.363946794782965, 0.0 ], [ 119.493198346344101, 23.364095353440252, 0.0 ], [ 119.493475124260428, 23.364362115177755, 0.0 ], [ 119.493719274997574, 23.36457437349161, 0.0 ], [ 119.494191310253058, 23.364971615500856, 0.0 ], [ 119.494402931896204, 23.365181290056885, 0.0 ], [ 119.49459822189273, 23.365417920593739, 0.0 ], [ 119.494630796722674, 23.365655216189264, 0.0 ], [ 119.494598296782854, 23.365957338916992, 0.0 ], [ 119.49460642355146, 23.366230510113056, 0.0 ], [ 119.494468123378553, 23.366436814431133, 0.0 ], [ 119.494297304635126, 23.366667651139181, 0.0 ], [ 119.494085744364497, 23.36696582112975, 0.0 ], [ 119.493931058335363, 23.367300611255686, 0.0 ], [ 119.493841598295361, 23.367654105364601, 0.0 ], [ 119.493817271898195, 23.368010453759307, 0.0 ], [ 119.493800987005926, 23.368287929186835, 0.0 ], [ 119.493744101022074, 23.368531130078786, 0.0 ], [ 119.493565011520545, 23.368820572778194, 0.0 ], [ 119.493426688578111, 23.369081023903131, 0.0 ], [ 119.493369751796777, 23.369308459132093, 0.0 ], [ 119.493329100603233, 23.369626310201021, 0.0 ], [ 119.493280319321499, 23.369926006751179, 0.0 ], [ 119.493239658356401, 23.370309313611564, 0.0 ], [ 119.493264110008852, 23.370560066068848, 0.0 ], [ 119.493459437709703, 23.370846348841361, 0.0 ], [ 119.493711737658103, 23.371108335444266, 0.0 ], [ 119.493939609940469, 23.371311398029849, 0.0 ], [ 119.494200057961933, 23.371480931853899, 0.0 ], [ 119.494452300628865, 23.371618771481163, 0.0 ], [ 119.494655783117324, 23.371787758083212, 0.0 ], [ 119.494777941355778, 23.372170362611804, 0.0 ], [ 119.494826831754352, 23.37257256815197, 0.0 ], [ 119.494826801818931, 23.372850200926599, 0.0 ], [ 119.494631512194815, 23.373243288103279, 0.0 ], [ 119.49450137445065, 23.373472246344708, 0.0 ], [ 119.49437929632839, 23.373680977711125, 0.0 ], [ 119.494183977783578, 23.373846121009713, 0.0 ], [ 119.493768955536623, 23.373769897758805, 0.0 ], [ 119.493671285282431, 23.374014974371132, 0.0 ], [ 119.493663154757272, 23.374247379178097, 0.0 ], [ 119.493589978648188, 23.374497190335461, 0.0 ], [ 119.49351679004846, 23.374756040306782, 0.0 ], [ 119.493427301599283, 23.374994427089806, 0.0 ], [ 119.493142443393651, 23.37501425775438, 0.0 ], [ 119.492857606890112, 23.375036315350041, 0.0 ], [ 119.492597187922215, 23.375049612113465, 0.0 ], [ 119.492344908153044, 23.375184859702237, 0.0 ], [ 119.492076362213339, 23.375236417081585, 0.0 ], [ 119.492035739545599, 23.375486583627904, 0.0 ], [ 119.492060134338999, 23.375726027759455, 0.0 ], [ 119.492263585548756, 23.375906323180086, 0.0 ], [ 119.492540281488417, 23.375972178439998, 0.0 ], [ 119.492784414892938, 23.37606256488198, 0.0 ], [ 119.492760091085174, 23.376317345911144, 0.0 ], [ 119.492987942933041, 23.37646626264209, 0.0 ], [ 119.493044884416761, 23.37669929251437, 0.0 ], [ 119.493264712398457, 23.376836823800556, 0.0 ], [ 119.493728542151715, 23.376967709427337, 0.0 ], [ 119.493761127143401, 23.377446480099056, 0.0 ], [ 119.493769348243987, 23.377715154909023, 0.0 ], [ 119.493736798238018, 23.377956318260885, 0.0 ], [ 119.493622858214636, 23.378189971652279, 0.0 ], [ 119.493394961055728, 23.378307380285943, 0.0 ], [ 119.493142686545553, 23.378244031329285, 0.0 ], [ 119.49279284405992, 23.378488904263822, 0.0 ], [ 119.492532412505895, 23.378583464662633, 0.0 ], [ 119.49226383503256, 23.378632792703932, 0.0 ], [ 119.492027859943761, 23.378783962471385, 0.0 ], [ 119.491783725127135, 23.378919288215066, 0.0 ], [ 119.491588473101928, 23.379113772522746, 0.0 ], [ 119.491572165493679, 23.379384479383138, 0.0 ], [ 119.491645438267923, 23.379610857236578, 0.0 ], [ 119.491694309074788, 23.37988896207565, 0.0 ], [ 119.491783887601798, 23.380151651248109, 0.0 ], [ 119.491792038326764, 23.380418053754919, 0.0 ], [ 119.491889679743608, 23.380660473914602, 0.0 ], [ 119.491995521420719, 23.380918780478204, 0.0 ], [ 119.49215012357277, 23.381206943783685, 0.0 ], [ 119.492345471306564, 23.3813713131943, 0.0 ], [ 119.492630331466202, 23.381514012854836, 0.0 ], [ 119.492671067286011, 23.381742346311242, 0.0 ], [ 119.492435062907106, 23.381834870228484, 0.0 ], [ 119.492076954788303, 23.381975865667275, 0.0 ], [ 119.492182781272234, 23.382191291010884, 0.0 ], [ 119.492483908772499, 23.382212273347641, 0.0 ], [ 119.492695514196626, 23.382340686549224, 0.0 ], [ 119.492703717494408, 23.382602591707673, 0.0 ], [ 119.492899002280879, 23.382785038764155, 0.0 ], [ 119.493061772828312, 23.383023587302326, 0.0 ], [ 119.493126906926179, 23.38328149996563, 0.0 ], [ 119.493249003317359, 23.383508390119768, 0.0 ], [ 119.493672276864345, 23.383756219336028, 0.0 ], [ 119.493957050715522, 23.383842498198216, 0.0 ], [ 119.494144280783942, 23.384081283116455, 0.0 ], [ 119.49428259001094, 23.38430832959461, 0.0 ], [ 119.494551180413666, 23.384351528163954, 0.0 ], [ 119.494762820182231, 23.384513823531055, 0.0 ], [ 119.495055799449659, 23.384575333110885, 0.0 ], [ 119.494966301171871, 23.384818219868968, 0.0 ], [ 119.495137195681266, 23.385027502267757, 0.0 ], [ 119.495145387151098, 23.385323248416046, 0.0 ], [ 119.495299938450586, 23.385548179837791, 0.0 ], [ 119.4955441917797, 23.385649830965399, 0.0 ], [ 119.495454606912006, 23.385867913214103, 0.0 ], [ 119.49544650268659, 23.386118352766399, 0.0 ], [ 119.495430335667947, 23.386409365753178, 0.0 ], [ 119.495503572334457, 23.386732814137069, 0.0 ], [ 119.495568702444487, 23.386999765788701, 0.0 ], [ 119.495820990571858, 23.387144373991269, 0.0 ], [ 119.495894255617429, 23.387465593444265, 0.0 ], [ 119.49580474546606, 23.387717519447701, 0.0 ], [ 119.495601302000779, 23.387939004864634, 0.0 ], [ 119.495373529934227, 23.388128638369356, 0.0 ], [ 119.495186346952508, 23.388309670182807, 0.0 ], [ 119.494917803969514, 23.388487643384053, 0.0 ], [ 119.494657334019749, 23.38855963121344, 0.0 ], [ 119.494323744417244, 23.388556416861633, 0.0 ], [ 119.494006329834519, 23.388528511273215, 0.0 ], [ 119.493680816278697, 23.388532141747092, 0.0 ], [ 119.493469205932982, 23.388665513898548, 0.0 ], [ 119.493265769866881, 23.388857691662562, 0.0 ], [ 119.49309486933322, 23.389129136523636, 0.0 ], [ 119.492964743654198, 23.389387437457614, 0.0 ], [ 119.493103088621325, 23.389797275299678, 0.0 ], [ 119.493135668549314, 23.390106794893455, 0.0 ], [ 119.493192675548187, 23.390423317423778, 0.0 ], [ 119.493135750744003, 23.39064848293339, 0.0 ], [ 119.49307876967714, 23.390923293580776, 0.0 ], [ 119.493013675118689, 23.391258946016933, 0.0 ], [ 119.492948653247581, 23.391572064876936, 0.0 ], [ 119.492875466204751, 23.39180157034907, 0.0 ], [ 119.492712733617978, 23.392055057755691, 0.0 ], [ 119.492436016149142, 23.392205834042173, 0.0 ], [ 119.49234657248499, 23.392487101385363, 0.0 ], [ 119.49216749166996, 23.392720125273016, 0.0 ], [ 119.491947763028975, 23.392950444657739, 0.0 ], [ 119.491736166037128, 23.393086082016421, 0.0 ], [ 119.49142701237011, 23.393261431208384, 0.0 ], [ 119.491166603748241, 23.393367254324961, 0.0 ], [ 119.490898050076851, 23.3935045688043, 0.0 ], [ 119.490645726581974, 23.393572086899947, 0.0 ], [ 119.490360934873692, 23.393578373723543, 0.0 ], [ 119.490190053323531, 23.393806934052165, 0.0 ], [ 119.49004356698164, 23.394044767886751, 0.0 ], [ 119.489905245348297, 23.394273642384505, 0.0 ], [ 119.489661105956927, 23.394406691751492, 0.0 ], [ 119.48936004806977, 23.394473779167384, 0.0 ], [ 119.489368173983578, 23.394774022848413, 0.0 ], [ 119.489661128182945, 23.394891961612146, 0.0 ], [ 119.489880930341059, 23.395054343623713, 0.0 ], [ 119.490133194412536, 23.395113198380518, 0.0 ], [ 119.490149531829658, 23.395404526680757, 0.0 ], [ 119.490410001235162, 23.395869737528731, 0.0 ], [ 119.490377443761744, 23.39610640223621, 0.0 ], [ 119.490393731650116, 23.396345810201485, 0.0 ], [ 119.490637868657871, 23.396442927279953, 0.0 ], [ 119.490751872763838, 23.396850305458962, 0.0 ], [ 119.490996025082126, 23.396728518179238, 0.0 ], [ 119.491354066493756, 23.396903541576965, 0.0 ], [ 119.491557539143855, 23.397052183682966, 0.0 ], [ 119.491809809877026, 23.39686501866473, 0.0 ], [ 119.492110947136538, 23.396867927061361, 0.0 ], [ 119.49220855575399, 23.397146503505585, 0.0 ], [ 119.492444595050273, 23.397029175906038, 0.0 ], [ 119.49270497455106, 23.396991035457546, 0.0 ], [ 119.492965401617667, 23.397045467648393, 0.0 ], [ 119.49321775098494, 23.397190082962247, 0.0 ], [ 119.493535097718777, 23.397120918077498, 0.0 ] ] ] } },
{ "type": "Feature", "properties": { "OBJECTID": 38, "Id": "0", "ogr_fid": 38, "countyname": "基隆市", "protectnam": "棉花嶼、花瓶嶼野生動物保護區", "law": "野生動物保育法", "order_valu": 1, "map_type": "WildAnimal", "update_tim": "2021-01-01T00:00:00", "data_sourc": "行政院農業委員會林務局", "note": null }, "geometry": { "type": "MultiPolygon", "coordinates": [ [ [ [ 121.946564771186516, 25.423845119569023, 0.0 ], [ 121.94648339984299, 25.423807277695037, 0.0 ], [ 121.946426571249262, 25.423809898675973, 0.0 ], [ 121.946345207073222, 25.423812682158665, 0.0 ], [ 121.946255525075756, 25.423824542629404, 0.0 ], [ 121.946149690733037, 25.423836506142788, 0.0 ], [ 121.946084669656074, 25.423864008730909, 0.0 ], [ 121.94603592813867, 25.423907200269877, 0.0 ], [ 121.946003149118724, 25.423966085524935, 0.0 ], [ 121.945986928581746, 25.42407677170792, 0.0 ], [ 121.945995017685775, 25.424157963375702, 0.0 ], [ 121.946003266356229, 25.424259466755277, 0.0 ], [ 121.946027661444859, 25.424320243412403, 0.0 ], [ 121.946068433995009, 25.424410251738173, 0.0 ], [ 121.946117217300298, 25.424491180488541, 0.0 ], [ 121.946174230501143, 25.424592368967826, 0.0 ], [ 121.946231184855961, 25.424646162012333, 0.0 ], [ 121.946288187578048, 25.424745095544278, 0.0 ], [ 121.946369663228637, 25.42479647384803, 0.0 ], [ 121.946434678398589, 25.424847963539825, 0.0 ], [ 121.946483589868578, 25.424865702666619, 0.0 ], [ 121.946548578324439, 25.424874310233896, 0.0 ], [ 121.946629943232139, 25.424871530229403, 0.0 ], [ 121.946687075205972, 25.424828280829072, 0.0 ], [ 121.946727686730341, 25.424778370242837, 0.0 ], [ 121.946743932523916, 25.424710565179222, 0.0 ], [ 121.946751983902175, 25.424667636478276, 0.0 ], [ 121.946752147731019, 25.424608956690758, 0.0 ], [ 121.946751963198793, 25.42454576650967, 0.0 ], [ 121.946784409004138, 25.424444005512708, 0.0 ], [ 121.946809093912648, 25.424382912766553, 0.0 ], [ 121.946825384238721, 25.424281251338833, 0.0 ], [ 121.946817054968463, 25.42420908835906, 0.0 ], [ 121.946817245860757, 25.424114307291717, 0.0 ], [ 121.946735807940513, 25.42398845104789, 0.0 ], [ 121.94664604198725, 25.423910041483889, 0.0 ], [ 121.946564771186516, 25.423845119569023, 0.0 ] ] ], [ [ [ 122.107170981052363, 25.488094581718521, 0.0 ], [ 122.107195202713839, 25.488024440017536, 0.0 ], [ 122.107219651971562, 25.487945276195816, 0.0 ], [ 122.107309341288087, 25.487829505780518, 0.0 ], [ 122.107455593547257, 25.487713311872863, 0.0 ], [ 122.107496487127605, 25.487665612846541, 0.0 ], [ 122.107520916447598, 25.487550339550737, 0.0 ], [ 122.107528790651088, 25.48746000840746, 0.0 ], [ 122.107528874510692, 25.487367486627271, 0.0 ], [ 122.107512699986287, 25.487229951308763, 0.0 ], [ 122.10748812932286, 25.487058626477904, 0.0 ], [ 122.107463660080995, 25.48696629007236, 0.0 ], [ 122.107423038046917, 25.486806372515652, 0.0 ], [ 122.107422935790765, 25.486727389500409, 0.0 ], [ 122.107406858826394, 25.486634984302519, 0.0 ], [ 122.107358052583777, 25.486497695300841, 0.0 ], [ 122.107349745413288, 25.486405236851411, 0.0 ], [ 122.107349830511509, 25.486278862140448, 0.0 ], [ 122.107349809132899, 25.486175054127063, 0.0 ], [ 122.107325348225714, 25.486048862905768, 0.0 ], [ 122.107325349661366, 25.48591346210009, 0.0 ], [ 122.107317126522048, 25.485762331131728, 0.0 ], [ 122.107309028382033, 25.485624730269375, 0.0 ], [ 122.107276381310569, 25.48552116942788, 0.0 ], [ 122.107276362060006, 25.485417366802448, 0.0 ], [ 122.107276570187565, 25.485338379622007, 0.0 ], [ 122.107284629755867, 25.485234511497858, 0.0 ], [ 122.107333527910725, 25.48511002226525, 0.0 ], [ 122.107423008270487, 25.485005539480781, 0.0 ], [ 122.107520462846438, 25.484923563240045, 0.0 ], [ 122.107650883753408, 25.48484359469467, 0.0 ], [ 122.107756604059617, 25.484748020321629, 0.0 ], [ 122.107838128111993, 25.484690987658944, 0.0 ], [ 122.107943851907493, 25.484493855306638, 0.0 ], [ 122.10791938878566, 25.484333815784385, 0.0 ], [ 122.10783795065511, 25.484196774247064, 0.0 ], [ 122.107723984748631, 25.484105108281483, 0.0 ], [ 122.107675091509577, 25.484060346581014, 0.0 ], [ 122.107561144503151, 25.484004789932214, 0.0 ], [ 122.107382233030307, 25.483812067910854, 0.0 ], [ 122.107292507759539, 25.483787917208261, 0.0 ], [ 122.107203219216956, 25.4837096100396, 0.0 ], [ 122.107105328873473, 25.483642647523268, 0.0 ], [ 122.106967233167566, 25.483562449150885, 0.0 ], [ 122.106885817030445, 25.483461511049622, 0.0 ], [ 122.106812351825155, 25.483346976434671, 0.0 ], [ 122.10674728369186, 25.483232377524136, 0.0 ], [ 122.106641709847736, 25.483106799839181, 0.0 ], [ 122.106592697726242, 25.483014642927913, 0.0 ], [ 122.106543804734386, 25.482936032407245, 0.0 ], [ 122.106478838366613, 25.482832713289717, 0.0 ], [ 122.106421768871527, 25.482709025351337, 0.0 ], [ 122.106373145465966, 25.48259204734255, 0.0 ], [ 122.106332442078894, 25.482490801842115, 0.0 ], [ 122.106307768222081, 25.482375898967355, 0.0 ], [ 122.10629149178294, 25.482294776663903, 0.0 ], [ 122.106226625783975, 25.482168894352213, 0.0 ], [ 122.106185714675433, 25.482078932870305, 0.0 ], [ 122.10613680315295, 25.48196421271258, 0.0 ], [ 122.106047411473298, 25.481874620330792, 0.0 ], [ 122.105843868081735, 25.481842304548394, 0.0 ], [ 122.105770635744648, 25.481820289733889, 0.0 ], [ 122.105697589235717, 25.481818585424215, 0.0 ], [ 122.105559093795463, 25.48183091079818, 0.0 ], [ 122.105453351221456, 25.481890378663127, 0.0 ], [ 122.105347714038913, 25.481994983814417, 0.0 ], [ 122.10523378766807, 25.482077080911274, 0.0 ], [ 122.105119839753868, 25.482190773439825, 0.0 ], [ 122.105046543052708, 25.482263539400897, 0.0 ], [ 122.10493259546179, 25.482309534031497, 0.0 ], [ 122.104834811059419, 25.482355404140183, 0.0 ], [ 122.104729067684048, 25.482414874213756, 0.0 ], [ 122.104590776731143, 25.48248361330684, 0.0 ], [ 122.104452525888192, 25.482556868043513, 0.0 ], [ 122.104322191617868, 25.482612011406108, 0.0 ], [ 122.1041921301983, 25.482662635626298, 0.0 ], [ 122.104078183874009, 25.482708629599017, 0.0 ], [ 122.104004736965351, 25.48276559941197, 0.0 ], [ 122.103915257241383, 25.482836229932605, 0.0 ], [ 122.103793435997716, 25.482904846163347, 0.0 ], [ 122.103728300349189, 25.482952726576674, 0.0 ], [ 122.103646776202183, 25.48304360542085, 0.0 ], [ 122.103565473827146, 25.48312545762845, 0.0 ], [ 122.103508517074317, 25.483286110548924, 0.0 ], [ 122.103484084637969, 25.483401387854048, 0.0 ], [ 122.103483995352065, 25.483527760038228, 0.0 ], [ 122.103484219341766, 25.483654132571822, 0.0 ], [ 122.10349220490518, 25.483780449426309, 0.0 ], [ 122.103516565178893, 25.483895354271592, 0.0 ], [ 122.103590021571492, 25.484043745415669, 0.0 ], [ 122.103597993790586, 25.484133951828142, 0.0 ], [ 122.103663079976087, 25.484284660771692, 0.0 ], [ 122.103671277944073, 25.484399687175301, 0.0 ], [ 122.103687660811843, 25.484525939918672, 0.0 ], [ 122.103687553324846, 25.484616206205388, 0.0 ], [ 122.103687582879331, 25.484789973208574, 0.0 ], [ 122.103646888170758, 25.484995639253476, 0.0 ], [ 122.103402849496689, 25.485089996370263, 0.0 ], [ 122.103240125265785, 25.485206309276414, 0.0 ], [ 122.103158737653757, 25.485414536118931, 0.0 ], [ 122.103231982835965, 25.485641912858682, 0.0 ], [ 122.103378580979438, 25.48569948305343, 0.0 ], [ 122.103492434062872, 25.485813715577311, 0.0 ], [ 122.103427191172386, 25.485951868474793, 0.0 ], [ 122.103443462620675, 25.486134532783893, 0.0 ], [ 122.103525102203932, 25.486327997763834, 0.0 ], [ 122.103638862231733, 25.486363246991012, 0.0 ], [ 122.10385057518333, 25.486404528173491, 0.0 ], [ 122.104029575840229, 25.486403181023189, 0.0 ], [ 122.104273616593616, 25.486308822808173, 0.0 ], [ 122.104403725101648, 25.486296557152745, 0.0 ], [ 122.104566769103599, 25.486351746517641, 0.0 ], [ 122.104631844877886, 25.486432501501326, 0.0 ], [ 122.104696807062936, 25.486603518230275, 0.0 ], [ 122.104696721192084, 25.486729893011763, 0.0 ], [ 122.104688759636659, 25.486878891205546, 0.0 ], [ 122.1046481875713, 25.487030396181311, 0.0 ], [ 122.104656263178967, 25.487165737119231, 0.0 ], [ 122.104688907535078, 25.487269298588767, 0.0 ], [ 122.10470508283413, 25.487406833392495, 0.0 ], [ 122.104721378159383, 25.48759175848426, 0.0 ], [ 122.104721478681469, 25.48767074245368, 0.0 ], [ 122.104786460946372, 25.487945565347008, 0.0 ], [ 122.104908421931682, 25.488163549198507, 0.0 ], [ 122.104981677148217, 25.488255518541674, 0.0 ], [ 122.105112075907755, 25.488308697361422, 0.0 ], [ 122.105234210608231, 25.488307777105199, 0.0 ], [ 122.10537229301687, 25.488284168859881, 0.0 ], [ 122.105421379457653, 25.488213840040135, 0.0 ], [ 122.105510883784078, 25.488145467772995, 0.0 ], [ 122.105584022846088, 25.488088499500144, 0.0 ], [ 122.105795534939531, 25.488039514790341, 0.0 ], [ 122.105998978665312, 25.488128247191415, 0.0 ], [ 122.106129213435722, 25.488163372897137, 0.0 ], [ 122.106267506275231, 25.488230029420908, 0.0 ], [ 122.106365397341776, 25.488263139463434, 0.0 ], [ 122.106454898188147, 25.488296319049706, 0.0 ], [ 122.106560685093186, 25.488342906765791, 0.0 ], [ 122.10667451115215, 25.488351079222646, 0.0 ], [ 122.106886043634603, 25.488338196949798, 0.0 ], [ 122.10700009245123, 25.488303486953587, 0.0 ], [ 122.107146345678174, 25.488153439530915, 0.0 ], [ 122.107170981052363, 25.488094581718521, 0.0 ] ] ] ] } },
{ "type": "Feature", "properties": { "OBJECTID": 39, "Id": "0", "ogr_fid": 39, "countyname": "桃園市", "protectnam": "桃園觀新藻礁生態系野生動物保護區", "law": "野生動物保育法", "order_valu": 2, "map_type": "WildAnimal", "update_tim": "2021-01-01T00:00:00", "data_sourc": "行政院農業委員會林務局", "note": null }, "geometry": { "type": "Polygon", "coordinates": [ [ [ 121.04030756753491, 25.024227487378663, 0.0 ], [ 121.040400286152931, 25.02414522385547, 0.0 ], [ 121.040658670024669, 25.02391277807498, 0.0 ], [ 121.040929242090584, 25.023666551218032, 0.0 ], [ 121.041159314913244, 25.023461627153917, 0.0 ], [ 121.041024996270437, 25.023337927094474, 0.0 ], [ 121.040893728165344, 25.023457543794127, 0.0 ], [ 121.040571323390907, 25.023745095779912, 0.0 ], [ 121.040275861443561, 25.024015390190314, 0.0 ], [ 121.040228367972887, 25.024059188751892, 0.0 ], [ 121.040170784446758, 25.024109437171006, 0.0 ], [ 121.040135160366972, 25.024140119716133, 0.0 ], [ 121.040112221697626, 25.02415301749107, 0.0 ], [ 121.040088794787891, 25.0241636926139, 0.0 ], [ 121.040059996701032, 25.024169479425108, 0.0 ], [ 121.040029244286544, 25.024171265391331, 0.0 ], [ 121.039997026899144, 25.024168607087798, 0.0 ], [ 121.03996578266873, 25.024160169467503, 0.0 ], [ 121.03992687803462, 25.024145898874355, 0.0 ], [ 121.039905885182193, 25.0241365691951, 0.0 ], [ 121.039764149035818, 25.024064236807558, 0.0 ], [ 121.039702022110703, 25.024037422955615, 0.0 ], [ 121.039681303705663, 25.024027900867345, 0.0 ], [ 121.039628048438715, 25.02399268012298, 0.0 ], [ 121.039569113227884, 25.023953582291067, 0.0 ], [ 121.039068676222882, 25.023649368888517, 0.0 ], [ 121.03898368091707, 25.023587127166788, 0.0 ], [ 121.038859621074394, 25.023536458223695, 0.0 ], [ 121.038671326245876, 25.023449189608879, 0.0 ], [ 121.038405706326287, 25.023344541308454, 0.0 ], [ 121.038235203842603, 25.023294354210069, 0.0 ], [ 121.038140551802556, 25.023272687905227, 0.0 ], [ 121.038068781211024, 25.023261155425988, 0.0 ], [ 121.038014875731747, 25.023254890903043, 0.0 ], [ 121.037911454017532, 25.023250921363942, 0.0 ], [ 121.037879486383034, 25.023247505058308, 0.0 ], [ 121.037639183923346, 25.023225849291965, 0.0 ], [ 121.037526925114236, 25.023203879185964, 0.0 ], [ 121.037434557156416, 25.023175434269763, 0.0 ], [ 121.037349290460924, 25.023139224031048, 0.0 ], [ 121.037296706552866, 25.023105593073556, 0.0 ], [ 121.037265438684997, 25.023079721139542, 0.0 ], [ 121.036945038706037, 25.022688033755152, 0.0 ], [ 121.036531693350128, 25.022185245732736, 0.0 ], [ 121.035979260090272, 25.021495182572078, 0.0 ], [ 121.035407412986387, 25.020821452404949, 0.0 ], [ 121.03499343637526, 25.02030566289633, 0.0 ], [ 121.034919519641349, 25.020199571800692, 0.0 ], [ 121.034868345731979, 25.020120649787241, 0.0 ], [ 121.034316886902445, 25.019557884375544, 0.0 ], [ 121.033936520654635, 25.01910406104054, 0.0 ], [ 121.033851326474135, 25.018985872162752, 0.0 ], [ 121.033693312143967, 25.018818313728246, 0.0 ], [ 121.033332124984042, 25.018419088871248, 0.0 ], [ 121.033366955238733, 25.018387629866158, 0.0 ], [ 121.033729146578935, 25.018063183561498, 0.0 ], [ 121.033880454612969, 25.017944054260404, 0.0 ], [ 121.033945092122437, 25.017895866897682, 0.0 ], [ 121.034011192830633, 25.017828943519195, 0.0 ], [ 121.034054432854106, 25.017782903431101, 0.0 ], [ 121.034081641337991, 25.017762414556419, 0.0 ], [ 121.034109750739745, 25.017750048285556, 0.0 ], [ 121.034142225580879, 25.017744301503665, 0.0 ], [ 121.034169854488766, 25.017746502590885, 0.0 ], [ 121.034202332860744, 25.017757089904137, 0.0 ], [ 121.034324010719033, 25.017810475449014, 0.0 ], [ 121.034399867035972, 25.017850763226132, 0.0 ], [ 121.034556447704034, 25.01792047460955, 0.0 ], [ 121.034583877030329, 25.017875014051295, 0.0 ], [ 121.034677223948421, 25.01791645776154, 0.0 ], [ 121.03491855746249, 25.018006587373225, 0.0 ], [ 121.035072234167743, 25.018054236291011, 0.0 ], [ 121.035277133165764, 25.018109128095276, 0.0 ], [ 121.035451981822305, 25.018151806900029, 0.0 ], [ 121.035598822915276, 25.018174577451695, 0.0 ], [ 121.035643215122064, 25.018177677086467, 0.0 ], [ 121.035681428547377, 25.018174103524665, 0.0 ], [ 121.035818970021495, 25.018293438908373, 0.0 ], [ 121.035865792756525, 25.018333927938372, 0.0 ], [ 121.036075249837467, 25.018261403013991, 0.0 ], [ 121.036028992581109, 25.018152171080626, 0.0 ], [ 121.036018139039484, 25.018118361600877, 0.0 ], [ 121.036011694351075, 25.018090119744642, 0.0 ], [ 121.036368586553181, 25.017953078981286, 0.0 ], [ 121.036867157169155, 25.017770832510397, 0.0 ], [ 121.03729776664818, 25.017612455258011, 0.0 ], [ 121.037480777780814, 25.017550812348212, 0.0 ], [ 121.037565276618068, 25.017550857834049, 0.0 ], [ 121.037560679349383, 25.017616562886204, 0.0 ], [ 121.037558963532462, 25.017669651882336, 0.0 ], [ 121.037564171084895, 25.017711175605736, 0.0 ], [ 121.037576878483847, 25.017743761162826, 0.0 ], [ 121.037594778379642, 25.017771614545364, 0.0 ], [ 121.037618447787054, 25.017792633803257, 0.0 ], [ 121.037635189245137, 25.017803667639406, 0.0 ], [ 121.037683098688561, 25.01782257804447, 0.0 ], [ 121.037804292005731, 25.0177931121186, 0.0 ], [ 121.037921729978166, 25.017773188222286, 0.0 ], [ 121.03804754499221, 25.017758438951503, 0.0 ], [ 121.038186060385129, 25.017753147131458, 0.0 ], [ 121.038281869159746, 25.017754698846566, 0.0 ], [ 121.038459375642589, 25.017765209900187, 0.0 ], [ 121.038584042016865, 25.017768857561393, 0.0 ], [ 121.038672346594936, 25.017768309169924, 0.0 ], [ 121.038729483133622, 25.017763037987145, 0.0 ], [ 121.038873534718306, 25.017746588643121, 0.0 ], [ 121.038999924421205, 25.017722903048483, 0.0 ], [ 121.039205137585085, 25.017680675806336, 0.0 ], [ 121.03932657526525, 25.017651624782435, 0.0 ], [ 121.039441278996691, 25.017621888387669, 0.0 ], [ 121.039558980100665, 25.017583410751477, 0.0 ], [ 121.039688854843163, 25.017533840238542, 0.0 ], [ 121.039822784333879, 25.017473178991224, 0.0 ], [ 121.039938854069376, 25.017409563827684, 0.0 ], [ 121.040000064943698, 25.017371504572214, 0.0 ], [ 121.04017212890065, 25.01724650928973, 0.0 ], [ 121.039878293731661, 25.016974011347475, 0.0 ], [ 121.039690943865878, 25.017051101380055, 0.0 ], [ 121.039567254075479, 25.017096695967627, 0.0 ], [ 121.039425371061981, 25.017137325164615, 0.0 ], [ 121.039207335492208, 25.017194760756446, 0.0 ], [ 121.03897176813004, 25.017246182319372, 0.0 ], [ 121.038772578503028, 25.017281026986161, 0.0 ], [ 121.038661243856822, 25.017298493351493, 0.0 ], [ 121.038457934587939, 25.017321858204749, 0.0 ], [ 121.038395756131138, 25.01732460354728, 0.0 ], [ 121.038327208571587, 25.017323939591094, 0.0 ], [ 121.038274017445701, 25.017318836017804, 0.0 ], [ 121.038195931704522, 25.017306978386216, 0.0 ], [ 121.038110870879677, 25.017286521182637, 0.0 ], [ 121.03798474005869, 25.017239364023308, 0.0 ], [ 121.037841008901111, 25.01717796538664, 0.0 ], [ 121.037782047313158, 25.017150267827549, 0.0 ], [ 121.03772631453441, 25.017128023458358, 0.0 ], [ 121.037672538206479, 25.017107558062403, 0.0 ], [ 121.037618763524534, 25.017092435630481, 0.0 ], [ 121.037402530785712, 25.017091972854974, 0.0 ], [ 121.037116288762661, 25.01710601055353, 0.0 ], [ 121.036576552149199, 25.017130322253383, 0.0 ], [ 121.036146245064316, 25.017151419323877, 0.0 ], [ 121.036080816927779, 25.017151435214807, 0.0 ], [ 121.036017943761294, 25.017146794532476, 0.0 ], [ 121.035941345308558, 25.017137433503549, 0.0 ], [ 121.035828373079028, 25.017112322200379, 0.0 ], [ 121.035717442542094, 25.017078831099113, 0.0 ], [ 121.035572769912577, 25.01702253783732, 0.0 ], [ 121.03543391245212, 25.016952065813285, 0.0 ], [ 121.035231976063884, 25.01684225038089, 0.0 ], [ 121.035186781960135, 25.016801537756596, 0.0 ], [ 121.034969990581317, 25.016579533644173, 0.0 ], [ 121.034792406921198, 25.016393552231232, 0.0 ], [ 121.03457746686388, 25.016171690650925, 0.0 ], [ 121.034376257860899, 25.015966046837299, 0.0 ], [ 121.034055526958639, 25.015635774661391, 0.0 ], [ 121.03379086516243, 25.015361304193075, 0.0 ], [ 121.033678590630799, 25.015249338236831, 0.0 ], [ 121.033543432441434, 25.015111332335284, 0.0 ], [ 121.033425213201625, 25.014987229792549, 0.0 ], [ 121.033271460920318, 25.014826439324061, 0.0 ], [ 121.03321104109402, 25.014762141086834, 0.0 ], [ 121.033045127275955, 25.014568145868896, 0.0 ], [ 121.032844755099504, 25.014322945581448, 0.0 ], [ 121.032592694623474, 25.014028837964705, 0.0 ], [ 121.032281555685813, 25.013653691499439, 0.0 ], [ 121.031915024928082, 25.013215661054012, 0.0 ], [ 121.031695155687828, 25.012967555315825, 0.0 ], [ 121.031484909904037, 25.012723432327334, 0.0 ], [ 121.031185634221941, 25.012355559655276, 0.0 ], [ 121.03110188775139, 25.012268091415599, 0.0 ], [ 121.030991766135728, 25.012166540762649, 0.0 ], [ 121.030966025258465, 25.012149617033653, 0.0 ], [ 121.030932423139447, 25.012143112768442, 0.0 ], [ 121.030868795927859, 25.012143125989333, 0.0 ], [ 121.030821612772172, 25.012143135775815, 0.0 ], [ 121.03078586642529, 25.012139888453849, 0.0 ], [ 121.030747258080879, 25.012126222076574, 0.0 ], [ 121.030682583235645, 25.012076845751675, 0.0 ], [ 121.030557076338312, 25.011963609822956, 0.0 ], [ 121.03048727974317, 25.011895939380551, 0.0 ], [ 121.030342715133713, 25.011736789798768, 0.0 ], [ 121.03021831549141, 25.011570492731988, 0.0 ], [ 121.030030855163233, 25.01136377836956, 0.0 ], [ 121.029766382431546, 25.011066901146481, 0.0 ], [ 121.029574243992158, 25.010842785851718, 0.0 ], [ 121.029374771219452, 25.010621402831898, 0.0 ], [ 121.029113373057243, 25.010370811355433, 0.0 ], [ 121.028908299110768, 25.010145347065265, 0.0 ], [ 121.028714430414325, 25.009928044676826, 0.0 ], [ 121.028589537434001, 25.009808868974538, 0.0 ], [ 121.028344122516714, 25.009540556671677, 0.0 ], [ 121.028087310421654, 25.009265602128188, 0.0 ], [ 121.027992725012908, 25.009176636338164, 0.0 ], [ 121.027841851623307, 25.009034725124451, 0.0 ], [ 121.027794390573476, 25.008974495806914, 0.0 ], [ 121.027646938519609, 25.008787309178135, 0.0 ], [ 121.027457948466392, 25.008586797876262, 0.0 ], [ 121.027278739858986, 25.008404686162201, 0.0 ], [ 121.026964748185875, 25.008065981746924, 0.0 ], [ 121.026779835745927, 25.007867519166524, 0.0 ], [ 121.026468825336778, 25.007539653508516, 0.0 ], [ 121.026367631468204, 25.007415006805427, 0.0 ], [ 121.025737829809813, 25.00673679826668, 0.0 ], [ 121.025430609783328, 25.006424074826381, 0.0 ], [ 121.025038622569539, 25.005845781840964, 0.0 ], [ 121.024247000157558, 25.005084376739418, 0.0 ], [ 121.024119892088237, 25.004969679247385, 0.0 ], [ 121.024000844805116, 25.00481928756134, 0.0 ], [ 121.023767204099471, 25.004460238552774, 0.0 ], [ 121.023642046997736, 25.004268615849917, 0.0 ], [ 121.02330843552275, 25.003739411476612, 0.0 ], [ 121.023128098721344, 25.00344065539069, 0.0 ], [ 121.022939306796403, 25.003097800360376, 0.0 ], [ 121.022848316949009, 25.002932555311268, 0.0 ], [ 121.02268732078096, 25.00263221210772, 0.0 ], [ 121.02243261992281, 25.002176266116798, 0.0 ], [ 121.022197487839648, 25.001745395776592, 0.0 ], [ 121.022017015989547, 25.001430130789675, 0.0 ], [ 121.021810168339087, 25.001090044100376, 0.0 ], [ 121.021573256083499, 25.000658169916047, 0.0 ], [ 121.021338135974801, 25.000262529579736, 0.0 ], [ 121.021166782373001, 24.999967858636804, 0.0 ], [ 121.02103879695855, 24.999691446678586, 0.0 ], [ 121.020929842176471, 24.999508798903463, 0.0 ], [ 121.02069621173986, 24.99910367206019, 0.0 ], [ 121.020511247632996, 24.998774712405837, 0.0 ], [ 121.020267204312049, 24.998353326162501, 0.0 ], [ 121.020126948995269, 24.998088141825352, 0.0 ], [ 121.019933501045088, 24.997748050554915, 0.0 ], [ 121.019748761644678, 24.997380183838807, 0.0 ], [ 121.019515131111646, 24.996918142783613, 0.0 ], [ 121.019251455649012, 24.996411677434573, 0.0 ], [ 121.019041372110266, 24.995990700852989, 0.0 ], [ 121.018748224071899, 24.995408067612836, 0.0 ], [ 121.018724705830849, 24.995361029964482, 0.0 ], [ 121.018442774980727, 24.99483874672978, 0.0 ], [ 121.018162027928611, 24.994387740106269, 0.0 ], [ 121.017674322401618, 24.9937067494877, 0.0 ], [ 121.014429718970447, 24.993728507640579, 0.0 ], [ 121.014360351629875, 24.993728972091013, 0.0 ], [ 121.010693666331363, 24.993753474170848, 0.0 ], [ 121.01872890197474, 25.006900395532988, 0.0 ], [ 121.023075388048994, 25.014010580028287, 0.0 ], [ 121.02316910976505, 25.013925939879087, 0.0 ], [ 121.023488455878962, 25.013637534620216, 0.0 ], [ 121.024014992763014, 25.013162009547482, 0.0 ], [ 121.024146679595816, 25.013043079221884, 0.0 ], [ 121.02468640632803, 25.012555633955788, 0.0 ], [ 121.02505843857206, 25.012219637025591, 0.0 ], [ 121.026319033915627, 25.011081119928104, 0.0 ], [ 121.027023308005255, 25.010445036212893, 0.0 ], [ 121.0273064485703, 25.010189307389801, 0.0 ], [ 121.027783632888415, 25.009758316580804, 0.0 ], [ 121.028114477657326, 25.009459496602972, 0.0 ], [ 121.028562322397732, 25.01049993721691, 0.0 ], [ 121.029100267097974, 25.011749674213462, 0.0 ], [ 121.029496790922323, 25.01267084886841, 0.0 ], [ 121.029736122456214, 25.013084241696117, 0.0 ], [ 121.029860088573756, 25.013306097976312, 0.0 ], [ 121.029982288045971, 25.013517726267118, 0.0 ], [ 121.030086855117858, 25.013670027214435, 0.0 ], [ 121.030194448089119, 25.013878000883921, 0.0 ], [ 121.030388486752656, 25.014262979586615, 0.0 ], [ 121.030629678843596, 25.014759009827319, 0.0 ], [ 121.030700342609165, 25.014900409226971, 0.0 ], [ 121.030864116456016, 25.015211097291495, 0.0 ], [ 121.030936614276214, 25.015334829487891, 0.0 ], [ 121.031029292010317, 25.015477918761928, 0.0 ], [ 121.031108034700551, 25.015599489982478, 0.0 ], [ 121.031098277415964, 25.015608302802729, 0.0 ], [ 121.031029298013777, 25.015501806003616, 0.0 ], [ 121.030936620261912, 25.01535871763296, 0.0 ], [ 121.030864122427417, 25.015234984534072, 0.0 ], [ 121.030700348548763, 25.014924296470621, 0.0 ], [ 121.030629684769778, 25.014782897974328, 0.0 ], [ 121.030388492631701, 25.014286866832393, 0.0 ], [ 121.030194453930861, 25.013901889033775, 0.0 ], [ 121.030086860938638, 25.013693915365003, 0.0 ], [ 121.029982293846345, 25.013541613515383, 0.0 ], [ 121.029860094350653, 25.013329986128117, 0.0 ], [ 121.029736128208768, 25.013108128945813, 0.0 ], [ 121.029496796628507, 25.012694736119524, 0.0 ], [ 121.029100272727433, 25.011773562370422, 0.0 ], [ 121.028562327922813, 25.010523825377952, 0.0 ], [ 121.028114483095294, 25.009483383864652, 0.0 ], [ 121.027783638262591, 25.009782204744422, 0.0 ], [ 121.027306453852319, 25.010213195552183, 0.0 ], [ 121.027023313232391, 25.010468923471649, 0.0 ], [ 121.026319039006864, 25.011105008087821, 0.0 ], [ 121.025058443419582, 25.012243524278926, 0.0 ], [ 121.024686411103744, 25.012579522111061, 0.0 ], [ 121.024146684267293, 25.01306696737565, 0.0 ], [ 121.024014997408813, 25.013185896798056, 0.0 ], [ 121.023488460423081, 25.013661421869379, 0.0 ], [ 121.023169114247423, 25.013949827127359, 0.0 ], [ 121.023075392513249, 25.014034467276304, 0.0 ], [ 121.02655878019047, 25.019732064129101, 0.0 ], [ 121.026568186443143, 25.019723569472035, 0.0 ], [ 121.028460687226442, 25.022818779854077, 0.0 ], [ 121.033374164809885, 25.030853990000832, 0.0 ], [ 121.036054020177176, 25.028433692550731, 0.0 ], [ 121.036088454317706, 25.028402593275754, 0.0 ], [ 121.039143062714786, 25.025643662495931, 0.0 ], [ 121.039726895525163, 25.025115845671547, 0.0 ], [ 121.040217777864896, 25.024312862123804, 0.0 ], [ 121.04030756753491, 25.024227487378663, 0.0 ] ] ] } },
{ "type": "Feature", "properties": { "OBJECTID": 40, "Id": "0", "ogr_fid": 40, "countyname": "連江縣", "protectnam": "馬祖列島燕鷗保護區", "law": "野生動物保育法", "order_valu": 3, "map_type": "WildAnimal", "update_tim": "2021-01-01T00:00:00", "data_sourc": "行政院農業委員會林務局", "note": null }, "geometry": { "type": "MultiPolygon", "coordinates": [ [ [ [ 119.91968019926135, 25.973767134840898, 0.0 ], [ 119.919325454987941, 25.973738115316149, 0.0 ], [ 119.919260564551678, 25.973743352433559, 0.0 ], [ 119.919171376721081, 25.973754231753404, 0.0 ], [ 119.919130517079438, 25.973760922783082, 0.0 ], [ 119.918450637643119, 25.974187117143067, 0.0 ], [ 119.918430417032624, 25.974217797664842, 0.0 ], [ 119.918289761996292, 25.974672274459436, 0.0 ], [ 119.918307363115247, 25.97483754819476, 0.0 ], [ 119.918312368943447, 25.974870856127968, 0.0 ], [ 119.918312569041518, 25.97487168803265, 0.0 ], [ 119.918323699077177, 25.974944641418379, 0.0 ], [ 119.918320439989401, 25.974957482981029, 0.0 ], [ 119.918365003600712, 25.975231677725631, 0.0 ], [ 119.918431441310361, 25.975425811217491, 0.0 ], [ 119.918570185403809, 25.975680317817737, 0.0 ], [ 119.918590846776425, 25.975706719461272, 0.0 ], [ 119.9186577454591, 25.975778570459571, 0.0 ], [ 119.919026489422194, 25.976187853048547, 0.0 ], [ 119.919085356816097, 25.976247577659937, 0.0 ], [ 119.919106859204831, 25.976267538111632, 0.0 ], [ 119.919478245457796, 25.976485189064363, 0.0 ], [ 119.919521048149235, 25.976499388229495, 0.0 ], [ 119.919726248154419, 25.976545885093461, 0.0 ], [ 119.919780557804685, 25.976552777639622, 0.0 ], [ 119.919864231196797, 25.976560169161072, 0.0 ], [ 119.919886418307797, 25.976561277105205, 0.0 ], [ 119.920212056892183, 25.976581293985095, 0.0 ], [ 119.920286734588302, 25.976583351358034, 0.0 ], [ 119.920301855500981, 25.976583256578472, 0.0 ], [ 119.920787060536696, 25.97646605329787, 0.0 ], [ 119.920990376699905, 25.9763284001037, 0.0 ], [ 119.921092853994892, 25.976238506061094, 0.0 ], [ 119.921353865820549, 25.975850141421269, 0.0 ], [ 119.921357341662116, 25.975839668969474, 0.0 ], [ 119.921399429200562, 25.975573999838691, 0.0 ], [ 119.921399167039866, 25.975540234520853, 0.0 ], [ 119.921310087544882, 25.975173869960397, 0.0 ], [ 119.921116743179027, 25.974788400371697, 0.0 ], [ 119.920843606182018, 25.974465499906046, 0.0 ], [ 119.920188725854544, 25.97397603853257, 0.0 ], [ 119.920058799785323, 25.97389371237184, 0.0 ], [ 119.919818329935893, 25.973801631422571, 0.0 ], [ 119.91968019926135, 25.973767134840898, 0.0 ] ] ], [ [ [ 119.962095923091482, 26.088275349595921, 0.0 ], [ 119.962122761982315, 26.088268959020557, 0.0 ], [ 119.962219410501717, 26.088283803633836, 0.0 ], [ 119.962242612039745, 26.088280235517008, 0.0 ], [ 119.962427575605716, 26.088220747827119, 0.0 ], [ 119.962436711226516, 26.088219892864085, 0.0 ], [ 119.962452398407422, 26.088212762215306, 0.0 ], [ 119.962567658949041, 26.088175693086825, 0.0 ], [ 119.962600009709973, 26.088111121727728, 0.0 ], [ 119.962801195050091, 26.08795275071417, 0.0 ], [ 119.962820827211047, 26.087929550285221, 0.0 ], [ 119.962783794364299, 26.087744283617795, 0.0 ], [ 119.963040277756349, 26.087232331167851, 0.0 ], [ 119.963472619979427, 26.087129381822265, 0.0 ], [ 119.963686270152252, 26.086693318949255, 0.0 ], [ 119.963700990302328, 26.086696081071597, 0.0 ], [ 119.963726314375478, 26.08669298648018, 0.0 ], [ 119.963854586269747, 26.086704833877999, 0.0 ], [ 119.963892147155278, 26.086703302910291, 0.0 ], [ 119.964151847863121, 26.086642736649573, 0.0 ], [ 119.964189377133394, 26.086672495367196, 0.0 ], [ 119.964217932954568, 26.086668924745798, 0.0 ], [ 119.964347584763075, 26.086644722212665, 0.0 ], [ 119.964404689245711, 26.086630442983747, 0.0 ], [ 119.964412840498383, 26.086627392891931, 0.0 ], [ 119.964502367733687, 26.086647169069426, 0.0 ], [ 119.964539739906158, 26.086641978286423, 0.0 ], [ 119.964880673802924, 26.086535105626364, 0.0 ], [ 119.964940963591474, 26.086501645033049, 0.0 ], [ 119.96495880992228, 26.0864909371899, 0.0 ], [ 119.965403481657717, 26.085791669420612, 0.0 ], [ 119.965407049761666, 26.08573634674368, 0.0 ], [ 119.965349263004242, 26.085377148881481, 0.0 ], [ 119.965334982492081, 26.085341457323054, 0.0 ], [ 119.965222535064441, 26.085142049736884, 0.0 ], [ 119.965201121063814, 26.085113495419485, 0.0 ], [ 119.965132153191348, 26.0850319334257, 0.0 ], [ 119.96509824674763, 26.084996240981408, 0.0 ], [ 119.96504080979345, 26.084940694644455, 0.0 ], [ 119.965024749770251, 26.084926418338537, 0.0 ], [ 119.964830180513019, 26.084791585544192, 0.0 ], [ 119.964691049064953, 26.084754121683908, 0.0 ], [ 119.96464164448544, 26.084713597259299, 0.0 ], [ 119.964576250792561, 26.08472105925458, 0.0 ], [ 119.964450063214144, 26.084620265914772, 0.0 ], [ 119.964298201217204, 26.084554498224811, 0.0 ], [ 119.964235741556649, 26.084533084860045, 0.0 ], [ 119.964155624064887, 26.08450905890362, 0.0 ], [ 119.96410030130437, 26.084494782233822, 0.0 ], [ 119.964036078749643, 26.084480268341061, 0.0 ], [ 119.963971833428403, 26.084467774305566, 0.0 ], [ 119.963853235696774, 26.084451363422346, 0.0 ], [ 119.963724743291522, 26.084440658103667, 0.0 ], [ 119.963632950280996, 26.084436840559071, 0.0 ], [ 119.963588336873372, 26.084436839628886, 0.0 ], [ 119.963421673441857, 26.084453328179844, 0.0 ], [ 119.963333527599943, 26.084466658319418, 0.0 ], [ 119.963333297227436, 26.084466712626288, 0.0 ], [ 119.963241900393058, 26.084391843957597, 0.0 ], [ 119.963118618785288, 26.084336329200813, 0.0 ], [ 119.963075788214567, 26.08432026628439, 0.0 ], [ 119.962903242757079, 26.084300677839039, 0.0 ], [ 119.962858212989715, 26.084265140514304, 0.0 ], [ 119.962827842190933, 26.084254352600635, 0.0 ], [ 119.962760061267474, 26.084147354278791, 0.0 ], [ 119.962389948880428, 26.084038107162904, 0.0 ], [ 119.9621437683045, 26.083953126483877, 0.0 ], [ 119.962104507583589, 26.083945988728424, 0.0 ], [ 119.961791517602762, 26.083934298337461, 0.0 ], [ 119.96175761089961, 26.083937866997314, 0.0 ], [ 119.961532138564493, 26.084056712550449, 0.0 ], [ 119.961519417280755, 26.084054923176108, 0.0 ], [ 119.961498723627017, 26.084059144687423, 0.0 ], [ 119.961466943795628, 26.084066121508499, 0.0 ], [ 119.96141943316492, 26.084077300485184, 0.0 ], [ 119.961101857183039, 26.084192271756088, 0.0 ], [ 119.961086614289414, 26.08419464509041, 0.0 ], [ 119.961061564009071, 26.084206859397842, 0.0 ], [ 119.961050845351764, 26.08421372240818, 0.0 ], [ 119.961033076871615, 26.08422319916729, 0.0 ], [ 119.96101695044112, 26.084235413639394, 0.0 ], [ 119.960742734759066, 26.084457644219025, 0.0 ], [ 119.960689200747453, 26.084521886597464, 0.0 ], [ 119.960488360911754, 26.085057398707583, 0.0 ], [ 119.960488751395545, 26.085090810829985, 0.0 ], [ 119.960490531568652, 26.085146133960507, 0.0 ], [ 119.960576816312624, 26.085440629155226, 0.0 ], [ 119.960477646793521, 26.08558028540633, 0.0 ], [ 119.960482306779809, 26.085668062864158, 0.0 ], [ 119.960482068144984, 26.085670522569664, 0.0 ], [ 119.960437190612822, 26.085694368485925, 0.0 ], [ 119.960422917409943, 26.085721138228884, 0.0 ], [ 119.960397921012614, 26.085818270597521, 0.0 ], [ 119.960378393481932, 26.085844550266096, 0.0 ], [ 119.960374823538302, 26.08586418164084, 0.0 ], [ 119.960368249102189, 26.085933565940298, 0.0 ], [ 119.960323999989015, 26.086105492654593, 0.0 ], [ 119.960328013121767, 26.086193839509495, 0.0 ], [ 119.960329796566782, 26.086211683473039, 0.0 ], [ 119.960443367868663, 26.086312581708054, 0.0 ], [ 119.960472878200278, 26.0864242931676, 0.0 ], [ 119.960480016587752, 26.086436786212243, 0.0 ], [ 119.960481858897793, 26.086437450269763, 0.0 ], [ 119.960474353394645, 26.086446595619933, 0.0 ], [ 119.960460073453319, 26.086468009210304, 0.0 ], [ 119.960432767399453, 26.086546763083057, 0.0 ], [ 119.96017138577956, 26.086874917953445, 0.0 ], [ 119.960155324549234, 26.086921320135009, 0.0 ], [ 119.960109839122879, 26.087183387155811, 0.0 ], [ 119.960138799329826, 26.087406400355263, 0.0 ], [ 119.960154858542737, 26.087465292418315, 0.0 ], [ 119.960399817290877, 26.087866316625405, 0.0 ], [ 119.960418114474365, 26.08790125681649, 0.0 ], [ 119.960468436479772, 26.087937027997885, 0.0 ], [ 119.9604748446543, 26.087954567702511, 0.0 ], [ 119.960501613113479, 26.087986691393425, 0.0 ], [ 119.960673157771353, 26.088082551774836, 0.0 ], [ 119.961118487063715, 26.088399116517429, 0.0 ], [ 119.96114704053619, 26.088404470629339, 0.0 ], [ 119.961245407317136, 26.088415463281017, 0.0 ], [ 119.961290022949385, 26.08842081477102, 0.0 ], [ 119.961377343013623, 26.088427785187267, 0.0 ], [ 119.961384239631045, 26.088428060490333, 0.0 ], [ 119.961432397184907, 26.088445138904124, 0.0 ], [ 119.961468089153385, 26.088446923962717, 0.0 ], [ 119.961523372322105, 26.088448303954397, 0.0 ], [ 119.96155906206188, 26.088448303606857, 0.0 ], [ 119.96205190515613, 26.088330954282991, 0.0 ], [ 119.962095923091482, 26.088275349595921, 0.0 ] ] ], [ [ [ 119.948183445040442, 26.193304732119199, 0.0 ], [ 119.947764080004234, 26.193247248721246, 0.0 ], [ 119.947724703702463, 26.193249483470431, 0.0 ], [ 119.947567872246907, 26.193269726001731, 0.0 ], [ 119.947216061432215, 26.193341154032147, 0.0 ], [ 119.946744752618727, 26.19356897670248, 0.0 ], [ 119.946449137393273, 26.193823675900827, 0.0 ], [ 119.946321717393189, 26.193957246806814, 0.0 ], [ 119.94631088835456, 26.193971139693481, 0.0 ], [ 119.946247542797749, 26.194063839069649, 0.0 ], [ 119.94623458456077, 26.194085644766101, 0.0 ], [ 119.946119709990043, 26.194433070318514, 0.0 ], [ 119.946115666755475, 26.194474566477297, 0.0 ], [ 119.946111855865311, 26.19454626974515, 0.0 ], [ 119.946132777183848, 26.194719291990658, 0.0 ], [ 119.946169357829916, 26.194912565882571, 0.0 ], [ 119.946194008552268, 26.195021394761199, 0.0 ], [ 119.946262378569102, 26.195240130883558, 0.0 ], [ 119.946364870617572, 26.195455714108075, 0.0 ], [ 119.946370075946263, 26.195463627391437, 0.0 ], [ 119.946380342453566, 26.195479240791702, 0.0 ], [ 119.946450135740534, 26.195571783445153, 0.0 ], [ 119.946558528733249, 26.195697913661284, 0.0 ], [ 119.94658574940263, 26.195728214603488, 0.0 ], [ 119.946820452174691, 26.195978220372201, 0.0 ], [ 119.946951670418045, 26.196094410131344, 0.0 ], [ 119.947176072094322, 26.196259476866651, 0.0 ], [ 119.947631940502049, 26.196448399160992, 0.0 ], [ 119.948178788344009, 26.196536740991025, 0.0 ], [ 119.948202725802872, 26.196540337763857, 0.0 ], [ 119.948393315484125, 26.196566839632471, 0.0 ], [ 119.948606290458514, 26.196575717383443, 0.0 ], [ 119.948750448113827, 26.196567828925208, 0.0 ], [ 119.94894126486723, 26.196540528813077, 0.0 ], [ 119.949228213722051, 26.19647332373868, 0.0 ], [ 119.949285013547964, 26.19645839086472, 0.0 ], [ 119.949326502621474, 26.196446270555168, 0.0 ], [ 119.949341672909611, 26.196441716734288, 0.0 ], [ 119.949374423484755, 26.196431625709121, 0.0 ], [ 119.949544258197733, 26.196362778427464, 0.0 ], [ 119.949792009730785, 26.196183969532669, 0.0 ], [ 119.949941801125178, 26.196035021546987, 0.0 ], [ 119.950188873556129, 26.195570397655715, 0.0 ], [ 119.9501924036433, 26.195550382141136, 0.0 ], [ 119.95013524447738, 26.195077808980177, 0.0 ], [ 119.95004675988848, 26.194875113103116, 0.0 ], [ 119.949914412320709, 26.194662088999426, 0.0 ], [ 119.949311341735964, 26.19394128039799, 0.0 ], [ 119.949248213255913, 26.193855642991764, 0.0 ], [ 119.948990763705709, 26.193617224928694, 0.0 ], [ 119.948975363214416, 26.193607451011641, 0.0 ], [ 119.948906988941687, 26.193567706522433, 0.0 ], [ 119.948764520201664, 26.193505231133656, 0.0 ], [ 119.948709641631794, 26.193485845776333, 0.0 ], [ 119.948701433494719, 26.193482984131094, 0.0 ], [ 119.948183445040442, 26.193304732119199, 0.0 ] ] ], [ [ [ 120.048450905215375, 26.224932436175383, 0.0 ], [ 120.047983302043463, 26.224902113646092, 0.0 ], [ 120.04792855611008, 26.224910318631405, 0.0 ], [ 120.047478253450024, 26.225088203177254, 0.0 ], [ 120.047429512428579, 26.225122389687233, 0.0 ], [ 120.047055867196221, 26.225691250071367, 0.0 ], [ 120.047042130815825, 26.225768113750252, 0.0 ], [ 120.04702983881765, 26.225884356153951, 0.0 ], [ 120.047028699395526, 26.225918191971036, 0.0 ], [ 120.047028264991084, 26.225938952737035, 0.0 ], [ 120.047063297024621, 26.22618240866133, 0.0 ], [ 120.047070734804876, 26.226207077567278, 0.0 ], [ 120.047190779639919, 26.22645291669669, 0.0 ], [ 120.047224386371113, 26.226500812628707, 0.0 ], [ 120.047376368652721, 26.226668736975224, 0.0 ], [ 120.047440337082563, 26.226724217430569, 0.0 ], [ 120.047563078930523, 26.226814931684011, 0.0 ], [ 120.047608123887642, 26.226843147891785, 0.0 ], [ 120.047642376314016, 26.22687262392779, 0.0 ], [ 120.04766310850394, 26.226891023805148, 0.0 ], [ 120.047743999537644, 26.226955434752476, 0.0 ], [ 120.047810782158152, 26.227003088203524, 0.0 ], [ 120.048058158058708, 26.227132596843603, 0.0 ], [ 120.048107365748194, 26.227150453228955, 0.0 ], [ 120.04852233570729, 26.22721491496624, 0.0 ], [ 120.048565600252047, 26.227213298654444, 0.0 ], [ 120.049018172422876, 26.227096438757751, 0.0 ], [ 120.049290650187515, 26.226891802518153, 0.0 ], [ 120.049382095743965, 26.226793551626635, 0.0 ], [ 120.049557730035716, 26.22591028017457, 0.0 ], [ 120.049557459087211, 26.225908155442713, 0.0 ], [ 120.049552681833134, 26.225896166068335, 0.0 ], [ 120.049502980199932, 26.225757150389452, 0.0 ], [ 120.049120791039613, 26.225306469221689, 0.0 ], [ 120.049057251547808, 26.22525582762642, 0.0 ], [ 120.049056238120414, 26.225255293797346, 0.0 ], [ 120.04905197421688, 26.225253039751067, 0.0 ], [ 120.048946466261881, 26.225171125706634, 0.0 ], [ 120.048846105324102, 26.225102623237333, 0.0 ], [ 120.048779387911964, 26.225062777379868, 0.0 ], [ 120.048733592921863, 26.225037002652012, 0.0 ], [ 120.048530450367863, 26.22495527616066, 0.0 ], [ 120.048450905215375, 26.224932436175383, 0.0 ] ] ], [ [ [ 120.062748178757516, 26.23241684645846, 0.0 ], [ 120.062619168547712, 26.232402187865105, 0.0 ], [ 120.062214542058413, 26.232431025810911, 0.0 ], [ 120.062139700358117, 26.232450660255033, 0.0 ], [ 120.061919653937665, 26.232535234883219, 0.0 ], [ 120.061831583799645, 26.232580991052469, 0.0 ], [ 120.061408072572306, 26.233014354181226, 0.0 ], [ 120.061334493932151, 26.233172763055425, 0.0 ], [ 120.061319454098594, 26.233207088623594, 0.0 ], [ 120.061304397469755, 26.233243629089184, 0.0 ], [ 120.061241742185672, 26.233551502303385, 0.0 ], [ 120.061273625890962, 26.233784133052545, 0.0 ], [ 120.061293491748373, 26.233853378491521, 0.0 ], [ 120.061545814475053, 26.234257382689087, 0.0 ], [ 120.061636986105114, 26.234341714212807, 0.0 ], [ 120.061731282874376, 26.234418515738838, 0.0 ], [ 120.06194232563621, 26.234569617791575, 0.0 ], [ 120.061948022921442, 26.234573668894576, 0.0 ], [ 120.062033208459795, 26.234633756667563, 0.0 ], [ 120.062078025779527, 26.234663594366012, 0.0 ], [ 120.062124456012953, 26.234692741247986, 0.0 ], [ 120.062265426802057, 26.234766641861519, 0.0 ], [ 120.062487504698993, 26.234862151083028, 0.0 ], [ 120.062903240593869, 26.234949944654911, 0.0 ], [ 120.062985968160518, 26.234951066278327, 0.0 ], [ 120.063495146574525, 26.234833486883488, 0.0 ], [ 120.063666247243276, 26.234722923458403, 0.0 ], [ 120.063712076002219, 26.234686151785318, 0.0 ], [ 120.064024490644087, 26.234204884268987, 0.0 ], [ 120.064085676788153, 26.233952887183833, 0.0 ], [ 120.064104665222274, 26.233677439791386, 0.0 ], [ 120.0641004375493, 26.233635836144369, 0.0 ], [ 120.063893786166361, 26.233164062355886, 0.0 ], [ 120.063763055339138, 26.233012479051666, 0.0 ], [ 120.063756895535988, 26.233002573373085, 0.0 ], [ 120.063716873828412, 26.232958931299123, 0.0 ], [ 120.063523530814294, 26.232749775629809, 0.0 ], [ 120.063411200358161, 26.232665601643276, 0.0 ], [ 120.063278274018529, 26.232581445871681, 0.0 ], [ 120.063105902138659, 26.232509077289972, 0.0 ], [ 120.062957356597451, 26.232461603550096, 0.0 ], [ 120.062748178757516, 26.23241684645846, 0.0 ] ] ], [ [ [ 120.061361361893944, 26.235734786432968, 0.0 ], [ 120.061230502969451, 26.235728813819982, 0.0 ], [ 120.060778171577624, 26.235803572073078, 0.0 ], [ 120.060724503756887, 26.235824784678002, 0.0 ], [ 120.060582342988823, 26.23589379874775, 0.0 ], [ 120.060131617181568, 26.236156959328806, 0.0 ], [ 120.059785203421413, 26.236502341961522, 0.0 ], [ 120.059748174043349, 26.23656737830752, 0.0 ], [ 120.059669758527761, 26.236752919490829, 0.0 ], [ 120.059633290620496, 26.236879635783044, 0.0 ], [ 120.059619060432354, 26.236936604818574, 0.0 ], [ 120.059602660542822, 26.237013826877995, 0.0 ], [ 120.059602652311199, 26.237013854805074, 0.0 ], [ 120.059589534365443, 26.237075634810004, 0.0 ], [ 120.059571703958497, 26.237238833823692, 0.0 ], [ 120.059625656837113, 26.237537795854468, 0.0 ], [ 120.059719977328527, 26.237786196901659, 0.0 ], [ 120.059757667819966, 26.237937977443039, 0.0 ], [ 120.059883672937772, 26.238216294235585, 0.0 ], [ 120.059932187821516, 26.238286870862613, 0.0 ], [ 120.060489282703315, 26.238674189922996, 0.0 ], [ 120.060619565828233, 26.238710236310297, 0.0 ], [ 120.060724872286258, 26.238733823950849, 0.0 ], [ 120.060833959223075, 26.238752662315495, 0.0 ], [ 120.061170393534951, 26.238840165719218, 0.0 ], [ 120.061218058817076, 26.238851424007034, 0.0 ], [ 120.061227478949576, 26.238853429775833, 0.0 ], [ 120.061279177627881, 26.238879034317421, 0.0 ], [ 120.061358108789236, 26.238909292784353, 0.0 ], [ 120.06159485778295, 26.238937337078799, 0.0 ], [ 120.061637223978963, 26.238958758320734, 0.0 ], [ 120.061817961323229, 26.239030039789728, 0.0 ], [ 120.061900259349756, 26.239054105469314, 0.0 ], [ 120.062338279770316, 26.239090547031793, 0.0 ], [ 120.062478343397075, 26.239074088407996, 0.0 ], [ 120.062843165238505, 26.2389639749404, 0.0 ], [ 120.0632341078867, 26.238600442188684, 0.0 ], [ 120.063257678930512, 26.238560175114646, 0.0 ], [ 120.063256099343903, 26.237714742030398, 0.0 ], [ 120.063214419942199, 26.237644117175194, 0.0 ], [ 120.063210321425643, 26.237637246856295, 0.0 ], [ 120.063011292658032, 26.237306915753386, 0.0 ], [ 120.062949544086464, 26.237119101188064, 0.0 ], [ 120.062949208329528, 26.237082085612297, 0.0 ], [ 120.062909450671739, 26.236997144246264, 0.0 ], [ 120.062455082322217, 26.236311115759186, 0.0 ], [ 120.062407262012456, 26.236287355716982, 0.0 ], [ 120.062309382657958, 26.23624181755379, 0.0 ], [ 120.062290443469792, 26.2362357123625, 0.0 ], [ 120.06226491287768, 26.236208375353044, 0.0 ], [ 120.062181376587603, 26.236129192891745, 0.0 ], [ 120.062036640889673, 26.236007671098143, 0.0 ], [ 120.061984572704034, 26.235966886116614, 0.0 ], [ 120.061940680521943, 26.235934826778767, 0.0 ], [ 120.06181745432292, 26.235857845536319, 0.0 ], [ 120.061361361893944, 26.235734786432968, 0.0 ] ] ], [ [ [ 119.992326291770553, 26.256793233733219, 0.0 ], [ 119.992271996560717, 26.256792898805752, 0.0 ], [ 119.992257508801643, 26.256792905461229, 0.0 ], [ 119.992234557144883, 26.25679306393295, 0.0 ], [ 119.992096902264322, 26.256802596066077, 0.0 ], [ 119.992071982549049, 26.256805892570302, 0.0 ], [ 119.99198114510412, 26.256821808676694, 0.0 ], [ 119.991913369361228, 26.256836644626411, 0.0 ], [ 119.991818205718744, 26.256862040027833, 0.0 ], [ 119.991791945425248, 26.256870344610903, 0.0 ], [ 119.991721908925101, 26.256895197870353, 0.0 ], [ 119.991538211928287, 26.256967690021657, 0.0 ], [ 119.991423117833492, 26.257021364385004, 0.0 ], [ 119.991355524369965, 26.257058070375432, 0.0 ], [ 119.99125871270185, 26.257117886103092, 0.0 ], [ 119.99093631645249, 26.257343213885125, 0.0 ], [ 119.990890086052119, 26.2573694236108, 0.0 ], [ 119.990863201795605, 26.257385853327499, 0.0 ], [ 119.990630041520177, 26.257584279071608, 0.0 ], [ 119.990615633281934, 26.257601245916685, 0.0 ], [ 119.990504732861964, 26.257765558644465, 0.0 ], [ 119.990498242866039, 26.257777988721081, 0.0 ], [ 119.990433809413076, 26.257898919742814, 0.0 ], [ 119.990376482605512, 26.258032874619776, 0.0 ], [ 119.990356892637891, 26.258092364258953, 0.0 ], [ 119.990315517645385, 26.258342236237525, 0.0 ], [ 119.990320319567815, 26.258437854106788, 0.0 ], [ 119.990321822457261, 26.258451589561254, 0.0 ], [ 119.990632372640064, 26.259020625082886, 0.0 ], [ 119.990647727118144, 26.259033639233447, 0.0 ], [ 119.990728608544941, 26.259095266550119, 0.0 ], [ 119.990731888571929, 26.259097509087294, 0.0 ], [ 119.990732456812495, 26.259097896684448, 0.0 ], [ 119.990747295696664, 26.259108025209315, 0.0 ], [ 119.990888673304951, 26.259188708076906, 0.0 ], [ 119.990910939966454, 26.259199176706513, 0.0 ], [ 119.99107959480277, 26.259261585725355, 0.0 ], [ 119.991145576278257, 26.259279873741427, 0.0 ], [ 119.991219648692038, 26.259297636387188, 0.0 ], [ 119.991240472744124, 26.259301867816788, 0.0 ], [ 119.991385042161639, 26.259321377454601, 0.0 ], [ 119.991398401161504, 26.259322286323236, 0.0 ], [ 119.991553472293447, 26.259388296429325, 0.0 ], [ 119.99169592727705, 26.259446915781982, 0.0 ], [ 119.991755671113438, 26.259465247277944, 0.0 ], [ 119.991837754049413, 26.259486952431271, 0.0 ], [ 119.991856227665579, 26.259491074304783, 0.0 ], [ 119.991944698491636, 26.259518666751415, 0.0 ], [ 119.992279586802923, 26.259568227428314, 0.0 ], [ 119.992304532188513, 26.259568055873451, 0.0 ], [ 119.992305719482076, 26.259568048860391, 0.0 ], [ 119.992559743745645, 26.259566024853839, 0.0 ], [ 119.992639452733144, 26.259562520510531, 0.0 ], [ 119.992652868929824, 26.259561445755846, 0.0 ], [ 119.992933312405285, 26.259501420474301, 0.0 ], [ 119.993093278239286, 26.259444222637345, 0.0 ], [ 119.993218022729693, 26.259390351987179, 0.0 ], [ 119.993455059217013, 26.259222027392124, 0.0 ], [ 119.993549139021212, 26.259131407082993, 0.0 ], [ 119.993818281696633, 26.25855640780814, 0.0 ], [ 119.993824623965139, 26.258433075290689, 0.0 ], [ 119.993782938707497, 26.258130294828483, 0.0 ], [ 119.993646968011646, 26.257724389016669, 0.0 ], [ 119.993646959352958, 26.25772434833917, 0.0 ], [ 119.993629998778587, 26.257673736379296, 0.0 ], [ 119.993518945825542, 26.257416902958898, 0.0 ], [ 119.993482758417883, 26.257362728172023, 0.0 ], [ 119.993421458737288, 26.257281347284128, 0.0 ], [ 119.993387861860526, 26.257241593379778, 0.0 ], [ 119.993323156966539, 26.257172505430731, 0.0 ], [ 119.993277897135371, 26.257128821074861, 0.0 ], [ 119.993103420104219, 26.256995028021336, 0.0 ], [ 119.993047283068577, 26.256961129116501, 0.0 ], [ 119.992997509304928, 26.256932944022424, 0.0 ], [ 119.992730743992851, 26.256834918704598, 0.0 ], [ 119.992692179992048, 26.256826314549794, 0.0 ], [ 119.9925076283198, 26.256801293457119, 0.0 ], [ 119.992375361595379, 26.256794622316946, 0.0 ], [ 119.992326291770553, 26.256793233733219, 0.0 ] ] ], [ [ [ 119.97706394983841, 26.271436035539665, 0.0 ], [ 119.976918219536813, 26.271427422527236, 0.0 ], [ 119.976825468535068, 26.271428054034079, 0.0 ], [ 119.976423663540928, 26.271398847632952, 0.0 ], [ 119.976238698464869, 26.271314268165352, 0.0 ], [ 119.976178069739888, 26.271288805098671, 0.0 ], [ 119.976156747263317, 26.271280619056689, 0.0 ], [ 119.975670296312757, 26.271212472852547, 0.0 ], [ 119.97564905832958, 26.271214283554624, 0.0 ], [ 119.975394703370355, 26.271266761228127, 0.0 ], [ 119.975280450024172, 26.271305023516923, 0.0 ], [ 119.975004710824436, 26.271445558237229, 0.0 ], [ 119.97499185004348, 26.271454808249011, 0.0 ], [ 119.974829557170111, 26.271602078074856, 0.0 ], [ 119.974826138927895, 26.271605992579573, 0.0 ], [ 119.97481510954097, 26.271618622322958, 0.0 ], [ 119.97461162220749, 26.272042520329702, 0.0 ], [ 119.974600182875804, 26.272110907488216, 0.0 ], [ 119.974589020442849, 26.272238354154059, 0.0 ], [ 119.974591179272039, 26.272305187595236, 0.0 ], [ 119.974592220202709, 26.272319344070517, 0.0 ], [ 119.974695152146722, 26.272662275534994, 0.0 ], [ 119.974758009401057, 26.272775974537293, 0.0 ], [ 119.975040825864639, 26.273086813358017, 0.0 ], [ 119.975197900074107, 26.273196538284054, 0.0 ], [ 119.975235292783367, 26.273221430645119, 0.0 ], [ 119.975254798806318, 26.273233793696409, 0.0 ], [ 119.975511833774377, 26.273341685587738, 0.0 ], [ 119.975569712191032, 26.273495892272493, 0.0 ], [ 119.975602522269853, 26.273552316401862, 0.0 ], [ 119.975704393939182, 26.273693617589771, 0.0 ], [ 119.97594228314405, 26.273964405611373, 0.0 ], [ 119.976225995038646, 26.274185400895135, 0.0 ], [ 119.976238738634692, 26.274192040989654, 0.0 ], [ 119.976241679606616, 26.274193574708672, 0.0 ], [ 119.97648674491154, 26.274284780865965, 0.0 ], [ 119.97650711399298, 26.274289640335152, 0.0 ], [ 119.976788372128169, 26.274319388353156, 0.0 ], [ 119.976841028754606, 26.274318195866336, 0.0 ], [ 119.97717586190079, 26.274258112634609, 0.0 ], [ 119.977310378279014, 26.274211379818237, 0.0 ], [ 119.977375224775983, 26.274186454553192, 0.0 ], [ 119.977409290318107, 26.274172061679806, 0.0 ], [ 119.977478155108599, 26.274139976742248, 0.0 ], [ 119.977697674374454, 26.273988174336676, 0.0 ], [ 119.977766450951165, 26.273925227172477, 0.0 ], [ 119.977834124544373, 26.273856638134749, 0.0 ], [ 119.977854259864102, 26.27383400998961, 0.0 ], [ 119.978046384369023, 26.273481602026536, 0.0 ], [ 119.978050866575899, 26.273464909789691, 0.0 ], [ 119.978064750171072, 26.273404147682793, 0.0 ], [ 119.978149665961283, 26.272954899791191, 0.0 ], [ 119.978184229257593, 26.272877098589181, 0.0 ], [ 119.978193703395164, 26.272845288242117, 0.0 ], [ 119.97822591989592, 26.272668710393408, 0.0 ], [ 119.978229356547345, 26.272620153682844, 0.0 ], [ 119.978230632474862, 26.272527607256777, 0.0 ], [ 119.978228754217312, 26.272484059114788, 0.0 ], [ 119.978218350985955, 26.272384741346283, 0.0 ], [ 119.978203674841581, 26.27229686060921, 0.0 ], [ 119.978114211656745, 26.272036871807604, 0.0 ], [ 119.978111879845898, 26.27203254442453, 0.0 ], [ 119.97784460963662, 26.271727828933738, 0.0 ], [ 119.977806490743703, 26.271699764875905, 0.0 ], [ 119.977713758708433, 26.271639124552827, 0.0 ], [ 119.977701255737571, 26.271631894203622, 0.0 ], [ 119.977668155497511, 26.271613557892575, 0.0 ], [ 119.977563902694143, 26.271565462711138, 0.0 ], [ 119.977445347315395, 26.271518439856905, 0.0 ], [ 119.97718038417959, 26.271450663969425, 0.0 ], [ 119.97706394983841, 26.271436035539665, 0.0 ] ] ], [ [ [ 119.998897489014951, 26.279553689720068, 0.0 ], [ 119.998850647767441, 26.27955316804653, 0.0 ], [ 119.99880231912725, 26.279553648695018, 0.0 ], [ 119.998773373364912, 26.279554315081079, 0.0 ], [ 119.998735189329409, 26.279555691443747, 0.0 ], [ 119.998637989818945, 26.279563484221192, 0.0 ], [ 119.998620832698791, 26.279565623719908, 0.0 ], [ 119.998233636006461, 26.279690816953106, 0.0 ], [ 119.998216654686374, 26.279700229842863, 0.0 ], [ 119.998138853804818, 26.279750774625178, 0.0 ], [ 119.99812725010932, 26.279761805484963, 0.0 ], [ 119.998102104433016, 26.279775465850602, 0.0 ], [ 119.998083457441055, 26.279789614749983, 0.0 ], [ 119.997833350939146, 26.279964676314517, 0.0 ], [ 119.997822357620379, 26.279975860338265, 0.0 ], [ 119.9976913619535, 26.28014453519982, 0.0 ], [ 119.9976719247408, 26.280176878459891, 0.0 ], [ 119.997652437027568, 26.280211019334462, 0.0 ], [ 119.997651905930894, 26.280212003967549, 0.0 ], [ 119.997647337371944, 26.280220393278658, 0.0 ], [ 119.997545004324394, 26.280610974475728, 0.0 ], [ 119.997545001644752, 26.280621654868565, 0.0 ], [ 119.997498936854214, 26.280635354947947, 0.0 ], [ 119.99713148975178, 26.280830979860305, 0.0 ], [ 119.997121329332785, 26.280839481716594, 0.0 ], [ 119.996903522431893, 26.281103631353957, 0.0 ], [ 119.99688687312134, 26.281134242944908, 0.0 ], [ 119.996821080435552, 26.281290256107297, 0.0 ], [ 119.99681109142476, 26.281322708599014, 0.0 ], [ 119.996774668703409, 26.281557047528956, 0.0 ], [ 119.996779917038594, 26.281656589013174, 0.0 ], [ 119.996785466909756, 26.281705125146505, 0.0 ], [ 119.996844620161454, 26.28193113775194, 0.0 ], [ 119.996865572835901, 26.281981210346277, 0.0 ], [ 119.99689633755014, 26.282046774158609, 0.0 ], [ 119.996912348654945, 26.2820774650821, 0.0 ], [ 119.997028323862679, 26.282232054334877, 0.0 ], [ 119.99701299532363, 26.282325972353572, 0.0 ], [ 119.997002365998384, 26.28245034427469, 0.0 ], [ 119.997005096044717, 26.282524315677655, 0.0 ], [ 119.997007624217844, 26.282554931319229, 0.0 ], [ 119.997007828193432, 26.282557408563054, 0.0 ], [ 119.99701288880803, 26.282603124266288, 0.0 ], [ 119.99701551702745, 26.282621989721349, 0.0 ], [ 119.997220545491174, 26.2830571933535, 0.0 ], [ 119.99735254369277, 26.283220663018238, 0.0 ], [ 119.997420552315418, 26.283296004773653, 0.0 ], [ 119.997556002495301, 26.283430568395325, 0.0 ], [ 119.997856619001936, 26.283634420400105, 0.0 ], [ 119.997873935872946, 26.28364207618225, 0.0 ], [ 119.998164153573782, 26.28372399919018, 0.0 ], [ 119.998172605162978, 26.283725158450782, 0.0 ], [ 119.99817264916102, 26.283725165076056, 0.0 ], [ 119.998184438987039, 26.28372678178691, 0.0 ], [ 119.998195038733002, 26.283728234943172, 0.0 ], [ 119.998234053514537, 26.283732880350342, 0.0 ], [ 119.998264886210208, 26.283735997406737, 0.0 ], [ 119.998341552272421, 26.283741069855061, 0.0 ], [ 119.998357704065654, 26.283741576115258, 0.0 ], [ 119.998470098881683, 26.283763065136391, 0.0 ], [ 119.998611370777908, 26.283780586476151, 0.0 ], [ 119.998621844720347, 26.283781533269991, 0.0 ], [ 119.999180622354274, 26.28391818924861, 0.0 ], [ 119.999450258413304, 26.28394964737041, 0.0 ], [ 119.99946381111944, 26.28394955592054, 0.0 ], [ 119.999519577981872, 26.28394777846529, 0.0 ], [ 119.999526740425821, 26.283947369877549, 0.0 ], [ 119.999646530886679, 26.28393395924379, 0.0 ], [ 119.99978947561651, 26.283909996073678, 0.0 ], [ 119.999950407762171, 26.283870267005732, 0.0 ], [ 119.999967609814121, 26.283864594014496, 0.0 ], [ 120.00011751216546, 26.28380208130535, 0.0 ], [ 120.000185377162197, 26.283764083681735, 0.0 ], [ 120.00019272979614, 26.28375959123834, 0.0 ], [ 120.000554129570347, 26.283361864200895, 0.0 ], [ 120.000557762856374, 26.28335406309634, 0.0 ], [ 120.000593568711793, 26.282745255347145, 0.0 ], [ 120.000584715362208, 26.282718659188976, 0.0 ], [ 120.000553456655382, 26.282638621367898, 0.0 ], [ 120.000391427380151, 26.282278769831859, 0.0 ], [ 120.000318263239805, 26.282147912783643, 0.0 ], [ 120.000303289046613, 26.282125802297305, 0.0 ], [ 120.00029557543418, 26.282114599706453, 0.0 ], [ 120.000256905876938, 26.282059333388979, 0.0 ], [ 120.000204303182485, 26.281998577896076, 0.0 ], [ 120.000250748267504, 26.281967872896111, 0.0 ], [ 120.000265428820825, 26.281955552731667, 0.0 ], [ 120.000437452750958, 26.281765693930542, 0.0 ], [ 120.000499507309243, 26.281674181366341, 0.0 ], [ 120.000530524996222, 26.281625041625805, 0.0 ], [ 120.00053902252381, 26.281610542832436, 0.0 ], [ 120.000653464447396, 26.281238308595583, 0.0 ], [ 120.000655624362736, 26.281202751428946, 0.0 ], [ 120.000657095735093, 26.281146357555016, 0.0 ], [ 120.000656942611442, 26.281128587083884, 0.0 ], [ 120.000654764678231, 26.2810756798008, 0.0 ], [ 120.000653371463912, 26.281056807651265, 0.0 ], [ 120.000648583235318, 26.28101022292887, 0.0 ], [ 120.000645949916873, 26.280990250906171, 0.0 ], [ 120.00062110144097, 26.280870946964164, 0.0 ], [ 120.000616017000809, 26.280853210752984, 0.0 ], [ 120.000495341021377, 26.280600180628049, 0.0 ], [ 120.00048536383396, 26.280585810418938, 0.0 ], [ 120.000390083882451, 26.280470228360258, 0.0 ], [ 120.000301441382561, 26.280378924463722, 0.0 ], [ 120.000205790259884, 26.280229708075673, 0.0 ], [ 120.0001768846776, 26.280187353689719, 0.0 ], [ 120.000165664460113, 26.280171884464533, 0.0 ], [ 120.000148333148189, 26.280148783641508, 0.0 ], [ 120.00012092349418, 26.280113429368306, 0.0 ], [ 119.999807588407947, 26.279852350148552, 0.0 ], [ 119.999790242261199, 26.2798433702932, 0.0 ], [ 119.999772921275579, 26.279834609039256, 0.0 ], [ 119.999736102431868, 26.279816880907134, 0.0 ], [ 119.999725530036841, 26.279812043327382, 0.0 ], [ 119.999504314188513, 26.279696181418426, 0.0 ], [ 119.999414197472206, 26.279654333481663, 0.0 ], [ 119.999387790787807, 26.27964355833458, 0.0 ], [ 119.999093700065117, 26.279569622391524, 0.0 ], [ 119.999007681282436, 26.279560359410741, 0.0 ], [ 119.998924720466078, 26.279554567427581, 0.0 ], [ 119.998897489014951, 26.279553689720068, 0.0 ] ] ], [ [ [ 120.482275041187322, 26.351653243201383, 0.0 ], [ 120.481896075350832, 26.351629137335536, 0.0 ], [ 120.481863700254635, 26.351632662440643, 0.0 ], [ 120.481609877361791, 26.351691403006207, 0.0 ], [ 120.481457268522988, 26.351746730999604, 0.0 ], [ 120.480899491744339, 26.352252421051386, 0.0 ], [ 120.480843641025359, 26.352379771013073, 0.0 ], [ 120.480773550546274, 26.352707836381278, 0.0 ], [ 120.480775038277443, 26.352760814591541, 0.0 ], [ 120.480776293609651, 26.352781471734211, 0.0 ], [ 120.480793496808772, 26.352905696062095, 0.0 ], [ 120.480797463119501, 26.352923929489393, 0.0 ], [ 120.480825192197656, 26.353021956485961, 0.0 ], [ 120.480835841018077, 26.353052365579693, 0.0 ], [ 120.480848347979943, 26.353085784516733, 0.0 ], [ 120.480859014086249, 26.353112548777588, 0.0 ], [ 120.480864320291673, 26.353125548990135, 0.0 ], [ 120.480874995840736, 26.353151097416713, 0.0 ], [ 120.481005146887213, 26.353367395778953, 0.0 ], [ 120.481031966622012, 26.353400293367876, 0.0 ], [ 120.481054609913073, 26.353427010735924, 0.0 ], [ 120.481135103797527, 26.353518409285272, 0.0 ], [ 120.481301958322035, 26.353650862427237, 0.0 ], [ 120.481358632051283, 26.353756610658749, 0.0 ], [ 120.481376076653049, 26.353776111438584, 0.0 ], [ 120.481456145833917, 26.353855463333321, 0.0 ], [ 120.481461400315951, 26.353860088566144, 0.0 ], [ 120.48149271075016, 26.353903804314857, 0.0 ], [ 120.481727787518636, 26.35409549915077, 0.0 ], [ 120.481771501526239, 26.354189882930672, 0.0 ], [ 120.482009683565764, 26.354600124181594, 0.0 ], [ 120.482069584580117, 26.354690130783588, 0.0 ], [ 120.482084330291272, 26.354709621720016, 0.0 ], [ 120.482247337243564, 26.354876487763747, 0.0 ], [ 120.482314519973343, 26.354930180868379, 0.0 ], [ 120.482415786380159, 26.355001211493224, 0.0 ], [ 120.482803613911329, 26.355238953464049, 0.0 ], [ 120.482845320548662, 26.355265710489437, 0.0 ], [ 120.482855301205319, 26.35528611748332, 0.0 ], [ 120.482867337153195, 26.355308028486554, 0.0 ], [ 120.482929502695086, 26.355405439205327, 0.0 ], [ 120.482942906480545, 26.355423706635388, 0.0 ], [ 120.48317431548351, 26.355645858378704, 0.0 ], [ 120.483201200146553, 26.355664178030448, 0.0 ], [ 120.484190702698612, 26.355777576750988, 0.0 ], [ 120.484216363914427, 26.355767952138425, 0.0 ], [ 120.484328758592369, 26.355718155087047, 0.0 ], [ 120.484652718499603, 26.355451447367319, 0.0 ], [ 120.484664925725681, 26.35543569944933, 0.0 ], [ 120.484822311932419, 26.355111560360783, 0.0 ], [ 120.4848511565081, 26.354992613795648, 0.0 ], [ 120.484857375129664, 26.354964878817427, 0.0 ], [ 120.484860129480097, 26.354951525915261, 0.0 ], [ 120.484809731146669, 26.354648127028359, 0.0 ], [ 120.484821879453563, 26.354623717970558, 0.0 ], [ 120.484807783182035, 26.354458456438195, 0.0 ], [ 120.484731709114982, 26.354176262257198, 0.0 ], [ 120.484606144424802, 26.353908560735796, 0.0 ], [ 120.484387893828341, 26.353601095150271, 0.0 ], [ 120.484356317291301, 26.353572421700967, 0.0 ], [ 120.484087401442636, 26.353299662460891, 0.0 ], [ 120.483905494483082, 26.353155010458774, 0.0 ], [ 120.48371589609782, 26.353037706937297, 0.0 ], [ 120.483653138019179, 26.353001887523821, 0.0 ], [ 120.483593015384486, 26.352972751765932, 0.0 ], [ 120.483582375101619, 26.352968007904977, 0.0 ], [ 120.483518025939262, 26.352673707484499, 0.0 ], [ 120.483499237596121, 26.352654202115897, 0.0 ], [ 120.483499188723812, 26.352654152294058, 0.0 ], [ 120.483245520088673, 26.352390844829955, 0.0 ], [ 120.483027147103272, 26.352221201245001, 0.0 ], [ 120.483001589566115, 26.352206534855561, 0.0 ], [ 120.48297608719524, 26.352192532107452, 0.0 ], [ 120.482885805171691, 26.352030380335528, 0.0 ], [ 120.482826762291523, 26.351966999864871, 0.0 ], [ 120.482770644565377, 26.351911608441341, 0.0 ], [ 120.482753186794156, 26.351895752674242, 0.0 ], [ 120.482546299351057, 26.351751529599422, 0.0 ], [ 120.482300635357291, 26.351659407804693, 0.0 ], [ 120.482275041187322, 26.351653243201383, 0.0 ] ] ] ] } }
]
}
