{"type":"FeatureCollection","features":[{"type":"Feature","geometry":{"type":"Point","coordinates":[121.455754,25.023488]},"properties":{"station_id":"0400120EN004","station_name":"板橋中正路","station_type":"environment","station_type_raw":"一般地區環境音量","county":"新北市","address":"板橋區中正路370號對面玫瑰公園內","station_status":"使用中","area_type":"第三類","feature_id":"0400120EN004:unavailable","period_type":"unavailable","laeq_window_db":null,"window_start":null,"window_end":null,"latest_observation_date":null,"sample_count":0,"active_days":0,"window_days":30,"active_day_ratio":0.0,"represented_seconds":0,"freshness_days":null,"freshness_status":"unavailable","source_dataset_id":"28185","source_updated_at":"2026-08-27 01:07:58","spatial_precision":"official_point","join_method":"national_station_only","built_at":"2026-08-27T00:00:00+00:00"}},{"type":"Feature","geometry":{"type":"Point","coordinates":[121.471831,25.019198]},"properties":{"station_id":"0400120TN002","station_name":"板橋永豐街","station_type":"road","station_type_raw":"道路交通噪音","county":"新北市","address":"板橋市永豐街55巷62號對面華江公園內","station_status":"使用中","area_type":"第三類","feature_id":"0400120TN002:unavailable","period_type":"unavailable","laeq_window_db":null,"window_start":null,"window_end":null,"latest_observation_date":null,"sample_count":0,"active_days":0,"window_days":30,"active_day_ratio":0.0,"represented_seconds":0,"freshness_days":null,"freshness_status":"unavailable","source_dataset_id":"28185","source_updated_at":"2026-08-27 01:07:58","spatial_precision":"official_point","join_method":"national_station_only","built_at":"2026-08-27T00:00:00+00:00"}},{"type":"Feature","geometry":{"type":"Point","coordinates":[121.462841,25.025134]},"properties":{"station_id":"0400120TN004","station_name":"板橋陽明街","station_type":"road","station_type_raw":"道路交通噪音","county":"新北市","address":"板橋陽明街","station_status":"使用中","area_type":"第二類","feature_id":"0400120TN004:unavailable","period_type":"unavailable","laeq_window_db":null,"window_start":null,"window_end":null,"latest_observation_date":null,"sample_count":0,"active_days":0,"window_days":30,"active_day_ratio":0.0,"represented_seconds":0,"freshness_days":null,"freshness_status":"unavailable","source_dataset_id":"28185","source_updated_at":"2026-08-27 01:07:58","spatial_precision":"official_point","join_method":"national_station_only","built_at":"2026-08-27T00:00:00+00:00"}},{"type":"Feature","geometry":{"type":"Point","coordinates":[121.274851,25.002992]},"properties":{"station_id":"0400126TN001","station_name":"板橋地政事務所","station_type":"road","station_type_raw":"道路交通噪音","county":"新北市","address":"板橋區實踐路1號","station_status":"使用中","area_type":"第三類","feature_id":"0400126TN001:unavailable","period_type":"unavailable","laeq_window_db":null,"window_start":null,"window_end":null,"latest_observation_date":null,"sample_count":0,"active_days":0,"window_days":30,"active_day_ratio":0.0,"represented_seconds":0,"freshness_days":null,"freshness_status":"unavailable","source_dataset_id":"28185","source_updated_at":"2026-08-27 01:07:58","spatial_precision":"official_point","join_method":"national_station_only","built_at":"2026-08-27T00:00:00+00:00"}},{"type":"Feature","geometry":{"type":"Point","coordinates":[121.482802,25.065283]},"properties":{"station_id":"0400220TN001","station_name":"三重三民街","station_type":"road","station_type_raw":"道路交通噪音","county":"新北市","address":"新北市三重區三民公園旁","station_status":"使用中","area_type":"第三類","feature_id":"0400220TN001:unavailable","period_type":"unavailable","laeq_window_db":null,"window_start":null,"window_end":null,"latest_observation_date":null,"sample_count":0,"active_days":0,"window_days":30,"active_day_ratio":0.0,"represented_seconds":0,"freshness_days":null,"freshness_status":"unavailable","source_dataset_id":"28185","source_updated_at":"2026-08-27 01:07:58","spatial_precision":"official_point","join_method":"national_station_only","built_at":"2026-08-27T00:00:00+00:00"}},{"type":"Feature","geometry":{"type":"Point","coordinates":[121.506965,25.011515]},"properties":{"station_id":"0400320EN001","station_name":"仁愛公園","station_type":"environment","station_type_raw":"一般地區環境音量","county":"新北市","address":"新北市永和區仁愛路244號","station_status":"使用中","area_type":"第三類","feature_id":"0400320EN001:unavailable","period_type":"unavailable","laeq_window_db":null,"window_start":null,"window_end":null,"latest_observation_date":null,"sample_count":0,"active_days":0,"window_days":30,"active_day_ratio":0.0,"represented_seconds":0,"freshness_days":null,"freshness_status":"unavailable","source_dataset_id":"28185","source_updated_at":"2026-08-27 01:07:58","spatial_precision":"official_point","join_method":"national_station_only","built_at":"2026-08-27T00:00:00+00:00"}},{"type":"Feature","geometry":{"type":"Point","coordinates":[121.513767,25.003581]},"properties":{"station_id":"0400420EN001","station_name":"四號公園","station_type":"environment","station_type_raw":"一般地區環境音量","county":"新北市","address":"新北市中和區中安街旁","station_status":"使用中","area_type":"第三類","feature_id":"0400420EN001:unavailable","period_type":"unavailable","laeq_window_db":null,"window_start":null,"window_end":null,"latest_observation_date":null,"sample_count":0,"active_days":0,"window_days":30,"active_day_ratio":0.0,"represented_seconds":0,"freshness_days":null,"freshness_status":"unavailable","source_dataset_id":"28185","source_updated_at":"2026-08-27 01:07:58","spatial_precision":"official_point","join_method":"national_station_only","built_at":"2026-08-27T00:00:00+00:00"}},{"type":"Feature","geometry":{"type":"Point","coordinates":[121.466791,25.058729]},"properties":{"station_id":"0400620EN004","station_name":"新莊化成路","station_type":"environment","station_type_raw":"一般地區環境音量","county":"新北市","address":"新莊區化成路746巷55號旁","station_status":"使用中","area_type":"第一類","feature_id":"0400620EN004:unavailable","period_type":"unavailable","laeq_window_db":null,"window_start":null,"window_end":null,"latest_observation_date":null,"sample_count":0,"active_days":0,"window_days":30,"active_day_ratio":0.0,"represented_seconds":0,"freshness_days":null,"freshness_status":"unavailable","source_dataset_id":"28185","source_updated_at":"2026-08-27 01:07:58","spatial_precision":"official_point","join_method":"national_station_only","built_at":"2026-08-27T00:00:00+00:00"}},{"type":"Feature","geometry":{"type":"Point","coordinates":[121.42019,25.005768]},"properties":{"station_id":"0400720TN001","station_name":"樹林中正路","station_type":"road","station_type_raw":"道路交通噪音","county":"新北市","address":"新北市樹林區中正路","station_status":"使用中","area_type":"第一類","feature_id":"0400720TN001:unavailable","period_type":"unavailable","laeq_window_db":null,"window_start":null,"window_end":null,"latest_observation_date":null,"sample_count":0,"active_days":0,"window_days":30,"active_day_ratio":0.0,"represented_seconds":0,"freshness_days":null,"freshness_status":"unavailable","source_dataset_id":"28185","source_updated_at":"2026-08-27 01:07:58","spatial_precision":"official_point","join_method":"national_station_only","built_at":"2026-08-27T00:00:00+00:00"}},{"type":"Feature","geometry":{"type":"Point","coordinates":[121.376824,24.943982]},"properties":{"station_id":"0400920TN001","station_name":"三峽大德路","station_type":"road","station_type_raw":"道路交通噪音","county":"新北市","address":"新北市三峽區大德路","station_status":"使用中","area_type":"第二類","feature_id":"0400920TN001:unavailable","period_type":"unavailable","laeq_window_db":null,"window_start":null,"window_end":null,"latest_observation_date":null,"sample_count":0,"active_days":0,"window_days":30,"active_day_ratio":0.0,"represented_seconds":0,"freshness_days":null,"freshness_status":"unavailable","source_dataset_id":"28185","source_updated_at":"2026-08-27 01:07:58","spatial_precision":"official_point","join_method":"national_station_only","built_at":"2026-08-27T00:00:00+00:00"}},{"type":"Feature","geometry":{"type":"Point","coordinates":[121.459308,25.138447]},"properties":{"station_id":"0401020EN002","station_name":"淡水休閒農場","station_type":"environment","station_type_raw":"一般地區環境音量","county":"新北市","address":"淡水鎮民權路12-3巷1號","station_status":"使用中","area_type":"第三類","feature_id":"0401020EN002:unavailable","period_type":"unavailable","laeq_window_db":null,"window_start":null,"window_end":null,"latest_observation_date":null,"sample_count":0,"active_days":0,"window_days":30,"active_day_ratio":0.0,"represented_seconds":0,"freshness_days":null,"freshness_status":"unavailable","source_dataset_id":"28185","source_updated_at":"2026-08-27 01:07:58","spatial_precision":"official_point","join_method":"national_station_only","built_at":"2026-08-27T00:00:00+00:00"}},{"type":"Feature","geometry":{"type":"Point","coordinates":[121.511428,25.184418]},"properties":{"station_id":"0401020TN003","station_name":"淡水巴拉卡公路","station_type":"road","station_type_raw":"道路交通噪音","county":"新北市","address":"新北市淡水區巴拉卡公路","station_status":"使用中","area_type":"第一類","feature_id":"0401020TN003:unavailable","period_type":"unavailable","laeq_window_db":null,"window_start":null,"window_end":null,"latest_observation_date":null,"sample_count":0,"active_days":0,"window_days":30,"active_day_ratio":0.0,"represented_seconds":0,"freshness_days":null,"freshness_status":"unavailable","source_dataset_id":"28185","source_updated_at":"2026-08-27 01:07:58","spatial_precision":"official_point","join_method":"national_station_only","built_at":"2026-08-27T00:00:00+00:00"}},{"type":"Feature","geometry":{"type":"Point","coordinates":[121.422014,25.181913]},"properties":{"station_id":"0401020TN004","station_name":"淡水沙崙路","station_type":"road","station_type_raw":"道路交通噪音","county":"新北市","address":"新北市淡水區沙崙路","station_status":"使用中","area_type":"第二類","feature_id":"0401020TN004:unavailable","period_type":"unavailable","laeq_window_db":null,"window_start":null,"window_end":null,"latest_observation_date":null,"sample_count":0,"active_days":0,"window_days":30,"active_day_ratio":0.0,"represented_seconds":0,"freshness_days":null,"freshness_status":"unavailable","source_dataset_id":"28185","source_updated_at":"2026-08-27 01:07:58","spatial_precision":"official_point","join_method":"national_station_only","built_at":"2026-08-27T00:00:00+00:00"}},{"type":"Feature","geometry":{"type":"Point","coordinates":[121.613975,25.111521]},"properties":{"station_id":"0401120EN001","station_name":"汐止長青路","station_type":"environment","station_type_raw":"一般地區環境音量","county":"新北市","address":"汐止區長青路210巷6弄30號前","station_status":"使用中","area_type":"第二類","feature_id":"0401120EN001:unavailable","period_type":"unavailable","laeq_window_db":null,"window_start":null,"window_end":null,"latest_observation_date":null,"sample_count":0,"active_days":0,"window_days":30,"active_day_ratio":0.0,"represented_seconds":0,"freshness_days":null,"freshness_status":"unavailable","source_dataset_id":"28185","source_updated_at":"2026-08-27 01:07:58","spatial_precision":"official_point","join_method":"national_station_only","built_at":"2026-08-27T00:00:00+00:00"}},{"type":"Feature","geometry":{"type":"Point","coordinates":[121.478743,24.962395]},"properties":{"station_id":"0401120EN002","station_name":"伴吾社區","station_type":"environment","station_type_raw":"一般地區環境音量","county":"新北市","address":"新北市新店區安祥路106巷1號","station_status":"使用中","area_type":"第二類","feature_id":"0401120EN002:unavailable","period_type":"unavailable","laeq_window_db":null,"window_start":null,"window_end":null,"latest_observation_date":null,"sample_count":0,"active_days":0,"window_days":30,"active_day_ratio":0.0,"represented_seconds":0,"freshness_days":null,"freshness_status":"unavailable","source_dataset_id":"28185","source_updated_at":"2026-08-27 01:07:58","spatial_precision":"official_point","join_method":"national_station_only","built_at":"2026-08-27T00:00:00+00:00"}},{"type":"Feature","geometry":{"type":"Point","coordinates":[121.793704,25.10677]},"properties":{"station_id":"0401220TN001","station_name":"瑞芳坑子內路","station_type":"road","station_type_raw":"道路交通噪音","county":"新北市","address":"瑞芳區坑子內路1之1號旁","station_status":"使用中","area_type":"第二類","feature_id":"0401220TN001:unavailable","period_type":"unavailable","laeq_window_db":null,"window_start":null,"window_end":null,"latest_observation_date":null,"sample_count":0,"active_days":0,"window_days":30,"active_day_ratio":0.0,"represented_seconds":0,"freshness_days":null,"freshness_status":"unavailable","source_dataset_id":"28185","source_updated_at":"2026-08-27 01:07:58","spatial_precision":"official_point","join_method":"national_station_only","built_at":"2026-08-27T00:00:00+00:00"}},{"type":"Feature","geometry":{"type":"Point","coordinates":[121.440186,24.966698]},"properties":{"station_id":"0401320TN003","station_name":"土城忠承路","station_type":"road","station_type_raw":"道路交通噪音","county":"新北市","address":"","station_status":"使用中","area_type":"第一類","feature_id":"0401320TN003:unavailable","period_type":"unavailable","laeq_window_db":null,"window_start":null,"window_end":null,"latest_observation_date":null,"sample_count":0,"active_days":0,"window_days":30,"active_day_ratio":0.0,"represented_seconds":0,"freshness_days":null,"freshness_status":"unavailable","source_dataset_id":"28185","source_updated_at":"2026-08-27 01:07:58","spatial_precision":"official_point","join_method":"national_station_only","built_at":"2026-08-27T00:00:00+00:00"}},{"type":"Feature","geometry":{"type":"Point","coordinates":[121.446717,25.068783]},"properties":{"station_id":"0401520EN001","station_name":"五股污水處理廠","station_type":"environment","station_type_raw":"一般地區環境音量","county":"新北市","address":"五股區五工六路77號","station_status":"使用中","area_type":"第一類","feature_id":"0401520EN001:unavailable","period_type":"unavailable","laeq_window_db":null,"window_start":null,"window_end":null,"latest_observation_date":null,"sample_count":0,"active_days":0,"window_days":30,"active_day_ratio":0.0,"represented_seconds":0,"freshness_days":null,"freshness_status":"unavailable","source_dataset_id":"28185","source_updated_at":"2026-08-27 01:07:58","spatial_precision":"official_point","join_method":"national_station_only","built_at":"2026-08-27T00:00:00+00:00"}},{"type":"Feature","geometry":{"type":"Point","coordinates":[121.389844,25.08298]},"properties":{"station_id":"0401720EN001","station_name":"林口竹林山寺","station_type":"environment","station_type_raw":"一般地區環境音量","county":"新北市","address":"林口區竹林路323號","station_status":"使用中","area_type":"第二類","feature_id":"0401720EN001:unavailable","period_type":"unavailable","laeq_window_db":null,"window_start":null,"window_end":null,"latest_observation_date":null,"sample_count":0,"active_days":0,"window_days":30,"active_day_ratio":0.0,"represented_seconds":0,"freshness_days":null,"freshness_status":"unavailable","source_dataset_id":"28185","source_updated_at":"2026-08-27 01:07:58","spatial_precision":"official_point","join_method":"national_station_only","built_at":"2026-08-27T00:00:00+00:00"}},{"type":"Feature","geometry":{"type":"Point","coordinates":[121.522779,25.187544]},"properties":{"station_id":"0402120EN001","station_name":"大屯自然公園","station_type":"environment","station_type_raw":"一般地區環境音量","county":"新北市","address":"新北市三芝區新華村","station_status":"使用中","area_type":"第一類","feature_id":"0402120EN001:unavailable","period_type":"unavailable","laeq_window_db":null,"window_start":null,"window_end":null,"latest_observation_date":null,"sample_count":0,"active_days":0,"window_days":30,"active_day_ratio":0.0,"represented_seconds":0,"freshness_days":null,"freshness_status":"unavailable","source_dataset_id":"28185","source_updated_at":"2026-08-27 01:07:58","spatial_precision":"official_point","join_method":"national_station_only","built_at":"2026-08-27T00:00:00+00:00"}},{"type":"Feature","geometry":{"type":"Point","coordinates":[121.400878,25.146052]},"properties":{"station_id":"0402320TN001","station_name":"八里中華路","station_type":"road","station_type_raw":"道路交通噪音","county":"新北市","address":"新北市八里區中華路","station_status":"使用中","area_type":"第三類","feature_id":"0402320TN001:unavailable","period_type":"unavailable","laeq_window_db":null,"window_start":null,"window_end":null,"latest_observation_date":null,"sample_count":0,"active_days":0,"window_days":30,"active_day_ratio":0.0,"represented_seconds":0,"freshness_days":null,"freshness_status":"unavailable","source_dataset_id":"28185","source_updated_at":"2026-08-27 01:07:58","spatial_precision":"official_point","join_method":"national_station_only","built_at":"2026-08-27T00:00:00+00:00"}},{"type":"Feature","geometry":{"type":"Point","coordinates":[121.736932,25.02725]},"properties":{"station_id":"0402420EN001","station_name":"平溪鄉平溪街","station_type":"environment","station_type_raw":"一般地區環境音量","county":"新北市","address":"新北市平溪區平溪街","station_status":"使用中","area_type":"第二類","feature_id":"0402420EN001:unavailable","period_type":"unavailable","laeq_window_db":null,"window_start":null,"window_end":null,"latest_observation_date":null,"sample_count":0,"active_days":0,"window_days":30,"active_day_ratio":0.0,"represented_seconds":0,"freshness_days":null,"freshness_status":"unavailable","source_dataset_id":"28185","source_updated_at":"2026-08-27 01:07:58","spatial_precision":"official_point","join_method":"national_station_only","built_at":"2026-08-27T00:00:00+00:00"}},{"type":"Feature","geometry":{"type":"Point","coordinates":[121.909634,25.022545]},"properties":{"station_id":"0402620EN001","station_name":"貢寮鄉衛生所","station_type":"environment","station_type_raw":"一般地區環境音量","county":"新北市","address":"新北市貢寮區朝陽街70巷10號","station_status":"使用中","area_type":"第三類","feature_id":"0402620EN001:unavailable","period_type":"unavailable","laeq_window_db":null,"window_start":null,"window_end":null,"latest_observation_date":null,"sample_count":0,"active_days":0,"window_days":30,"active_day_ratio":0.0,"represented_seconds":0,"freshness_days":null,"freshness_status":"unavailable","source_dataset_id":"28185","source_updated_at":"2026-08-27 01:07:58","spatial_precision":"official_point","join_method":"national_station_only","built_at":"2026-08-27T00:00:00+00:00"}},{"type":"Feature","geometry":{"type":"Point","coordinates":[121.592954,25.193833]},"properties":{"station_id":"0402720EN001","station_name":"金山國家公園","station_type":"environment","station_type_raw":"一般地區環境音量","county":"新北市","address":"金山區三重橋11號邊","station_status":"使用中","area_type":"第一類","feature_id":"0402720EN001:unavailable","period_type":"unavailable","laeq_window_db":null,"window_start":null,"window_end":null,"latest_observation_date":null,"sample_count":0,"active_days":0,"window_days":30,"active_day_ratio":0.0,"represented_seconds":0,"freshness_days":null,"freshness_status":"unavailable","source_dataset_id":"28185","source_updated_at":"2026-08-27 01:07:58","spatial_precision":"official_point","join_method":"national_station_only","built_at":"2026-08-27T00:00:00+00:00"}},{"type":"Feature","geometry":{"type":"Point","coordinates":[121.547756,25.155822]},"properties":{"station_id":"0402726TN001","station_name":"金山國家公園","station_type":"road","station_type_raw":"道路交通噪音","county":"新北市","address":"新北市金山區陽明山國家公園界碑前","station_status":"使用中","area_type":"第一類","feature_id":"0402726TN001:unavailable","period_type":"unavailable","laeq_window_db":null,"window_start":null,"window_end":null,"latest_observation_date":null,"sample_count":0,"active_days":0,"window_days":30,"active_day_ratio":0.0,"represented_seconds":0,"freshness_days":null,"freshness_status":"unavailable","source_dataset_id":"28185","source_updated_at":"2026-08-27 01:07:58","spatial_precision":"official_point","join_method":"national_station_only","built_at":"2026-08-27T00:00:00+00:00"}},{"type":"Feature","geometry":{"type":"Point","coordinates":[121.754965,24.757893]},"properties":{"station_id":"0503020EN002","station_name":"宜蘭醫院","station_type":"environment","station_type_raw":"一般地區環境音量","county":"宜蘭縣","address":"宜蘭市新民路一五二號","station_status":"使用中","area_type":"第二類","feature_id":"0503020EN002:unavailable","period_type":"unavailable","laeq_window_db":null,"window_start":null,"window_end":null,"latest_observation_date":null,"sample_count":0,"active_days":0,"window_days":30,"active_day_ratio":0.0,"represented_seconds":0,"freshness_days":null,"freshness_status":"unavailable","source_dataset_id":"28185","source_updated_at":"2026-08-27 01:07:58","spatial_precision":"official_point","join_method":"national_station_only","built_at":"2026-08-27T00:00:00+00:00"}},{"type":"Feature","geometry":{"type":"Point","coordinates":[121.755849,24.76217]},"properties":{"station_id":"0503020EN004","station_name":"縣立孔子廟","station_type":"environment","station_type_raw":"一般地區環境音量","county":"宜蘭縣","address":"宜蘭市宜興路一七0號","station_status":"使用中","area_type":"第二類","feature_id":"0503020EN004:unavailable","period_type":"unavailable","laeq_window_db":null,"window_start":null,"window_end":null,"latest_observation_date":null,"sample_count":0,"active_days":0,"window_days":30,"active_day_ratio":0.0,"represented_seconds":0,"freshness_days":null,"freshness_status":"unavailable","source_dataset_id":"28185","source_updated_at":"2026-08-27 01:07:58","spatial_precision":"official_point","join_method":"national_station_only","built_at":"2026-08-27T00:00:00+00:00"}},{"type":"Feature","geometry":{"type":"Point","coordinates":[121.75592,24.753394]},"properties":{"station_id":"0503020TN002","station_name":"中山國小","station_type":"road","station_type_raw":"道路交通噪音","county":"宜蘭縣","address":"宜蘭市崇聖街四號","station_status":"使用中","area_type":"第二類","feature_id":"0503020TN002:unavailable","period_type":"unavailable","laeq_window_db":null,"window_start":null,"window_end":null,"latest_observation_date":null,"sample_count":0,"active_days":0,"window_days":30,"active_day_ratio":0.0,"represented_seconds":0,"freshness_days":null,"freshness_status":"unavailable","source_dataset_id":"28185","source_updated_at":"2026-08-27 01:07:58","spatial_precision":"official_point","join_method":"national_station_only","built_at":"2026-08-27T00:00:00+00:00"}},{"type":"Feature","geometry":{"type":"Point","coordinates":[121.745965,24.754419]},"properties":{"station_id":"0503020TN003","station_name":"地政大樓","station_type":"road","station_type_raw":"道路交通噪音","county":"宜蘭縣","address":"宜蘭市泰山路六十六之五號","station_status":"使用中","area_type":"第三類","feature_id":"0503020TN003:unavailable","period_type":"unavailable","laeq_window_db":null,"window_start":null,"window_end":null,"latest_observation_date":null,"sample_count":0,"active_days":0,"window_days":30,"active_day_ratio":0.0,"represented_seconds":0,"freshness_days":null,"freshness_status":"unavailable","source_dataset_id":"28185","source_updated_at":"2026-08-27 01:07:58","spatial_precision":"official_point","join_method":"national_station_only","built_at":"2026-08-27T00:00:00+00:00"}},{"type":"Feature","geometry":{"type":"Point","coordinates":[121.743646,24.748511]},"properties":{"station_id":"0503020TN004","station_name":"縣立文化中心","station_type":"road","station_type_raw":"道路交通噪音","county":"宜蘭縣","address":"宜蘭市復興路二段一0一號","station_status":"使用中","area_type":"第二類","feature_id":"0503020TN004:unavailable","period_type":"unavailable","laeq_window_db":null,"window_start":null,"window_end":null,"latest_observation_date":null,"sample_count":0,"active_days":0,"window_days":30,"active_day_ratio":0.0,"represented_seconds":0,"freshness_days":null,"freshness_status":"unavailable","source_dataset_id":"28185","source_updated_at":"2026-08-27 01:07:58","spatial_precision":"official_point","join_method":"national_station_only","built_at":"2026-08-27T00:00:00+00:00"}},{"type":"Feature","geometry":{"type":"Point","coordinates":[121.753553,24.754253]},"properties":{"station_id":"0503020TN005","station_name":"中山公園","station_type":"road","station_type_raw":"道路交通噪音","county":"宜蘭縣","address":"宜蘭市舊城南路","station_status":"使用中","area_type":"第三類","feature_id":"0503020TN005:unavailable","period_type":"unavailable","laeq_window_db":null,"window_start":null,"window_end":null,"latest_observation_date":null,"sample_count":0,"active_days":0,"window_days":30,"active_day_ratio":0.0,"represented_seconds":0,"freshness_days":null,"freshness_status":"unavailable","source_dataset_id":"28185","source_updated_at":"2026-08-27 01:07:58","spatial_precision":"official_point","join_method":"national_station_only","built_at":"2026-08-27T00:00:00+00:00"}},{"type":"Feature","geometry":{"type":"Point","coordinates":[121.75422,24.684463]},"properties":{"station_id":"0503120EN003","station_name":"羅東鎮運動公園","station_type":"environment","station_type_raw":"一般地區環境音量","county":"宜蘭縣","address":"羅東鎮公正路六六六號","station_status":"使用中","area_type":"第三類","feature_id":"0503120EN003:unavailable","period_type":"unavailable","laeq_window_db":null,"window_start":null,"window_end":null,"latest_observation_date":null,"sample_count":0,"active_days":0,"window_days":30,"active_day_ratio":0.0,"represented_seconds":0,"freshness_days":null,"freshness_status":"unavailable","source_dataset_id":"28185","source_updated_at":"2026-08-27 01:07:58","spatial_precision":"official_point","join_method":"national_station_only","built_at":"2026-08-27T00:00:00+00:00"}},{"type":"Feature","geometry":{"type":"Point","coordinates":[121.813424,24.636785]},"properties":{"station_id":"0503220EN007","station_name":"龍德工業區廢水處理廠","station_type":"environment","station_type_raw":"一般地區環境音量","county":"宜蘭縣","address":"冬山鄉德興十一路一號","station_status":"使用中","area_type":"第一類","feature_id":"0503220EN007:unavailable","period_type":"unavailable","laeq_window_db":null,"window_start":null,"window_end":null,"latest_observation_date":null,"sample_count":0,"active_days":0,"window_days":30,"active_day_ratio":0.0,"represented_seconds":0,"freshness_days":null,"freshness_status":"unavailable","source_dataset_id":"28185","source_updated_at":"2026-08-27 01:07:58","spatial_precision":"official_point","join_method":"national_station_only","built_at":"2026-08-27T00:00:00+00:00"}},{"type":"Feature","geometry":{"type":"Point","coordinates":[121.829267,24.633775]},"properties":{"station_id":"0503220TN001","station_name":"龍德工業區服務中心","station_type":"road","station_type_raw":"道路交通噪音","county":"宜蘭縣","address":"蘇澳鎮自強路十二號","station_status":"使用中","area_type":"第一類","feature_id":"0503220TN001:unavailable","period_type":"unavailable","laeq_window_db":null,"window_start":null,"window_end":null,"latest_observation_date":null,"sample_count":0,"active_days":0,"window_days":30,"active_day_ratio":0.0,"represented_seconds":0,"freshness_days":null,"freshness_status":"unavailable","source_dataset_id":"28185","source_updated_at":"2026-08-27 01:07:58","spatial_precision":"official_point","join_method":"national_station_only","built_at":"2026-08-27T00:00:00+00:00"}},{"type":"Feature","geometry":{"type":"Point","coordinates":[121.798735,24.684775]},"properties":{"station_id":"0503820EN004","station_name":"五結鄉公所","station_type":"environment","station_type_raw":"一般地區環境音量","county":"宜蘭縣","address":"五結鄉五結路一號","station_status":"使用中","area_type":"第三類","feature_id":"0503820EN004:unavailable","period_type":"unavailable","laeq_window_db":null,"window_start":null,"window_end":null,"latest_observation_date":null,"sample_count":0,"active_days":0,"window_days":30,"active_day_ratio":0.0,"represented_seconds":0,"freshness_days":null,"freshness_status":"unavailable","source_dataset_id":"28185","source_updated_at":"2026-08-27 01:07:58","spatial_precision":"official_point","join_method":"national_station_only","built_at":"2026-08-27T00:00:00+00:00"}},{"type":"Feature","geometry":{"type":"Point","coordinates":[121.322209,24.983493]},"properties":{"station_id":"0604220EN002","station_name":"龜山工業區服務中心","station_type":"environment","station_type_raw":"一般地區環境音量","county":"桃園市","address":"桃園市大誠路9號","station_status":"使用中","area_type":"第一類","feature_id":"0604220EN002:unavailable","period_type":"unavailable","laeq_window_db":null,"window_start":null,"window_end":null,"latest_observation_date":null,"sample_count":0,"active_days":0,"window_days":30,"active_day_ratio":0.0,"represented_seconds":0,"freshness_days":null,"freshness_status":"unavailable","source_dataset_id":"28185","source_updated_at":"2026-08-27 01:07:58","spatial_precision":"official_point","join_method":"national_station_only","built_at":"2026-08-27T00:00:00+00:00"}},{"type":"Feature","geometry":{"type":"Point","coordinates":[121.327627,25.002239]},"properties":{"station_id":"0604220EN005","station_name":"虎頭山公園","station_type":"environment","station_type_raw":"一般地區環境音量","county":"桃園市","address":"桃園市公園路42號","station_status":"使用中","area_type":"第三類","feature_id":"0604220EN005:unavailable","period_type":"unavailable","laeq_window_db":null,"window_start":null,"window_end":null,"latest_observation_date":null,"sample_count":0,"active_days":0,"window_days":30,"active_day_ratio":0.0,"represented_seconds":0,"freshness_days":null,"freshness_status":"unavailable","source_dataset_id":"28185","source_updated_at":"2026-08-27 01:07:58","spatial_precision":"official_point","join_method":"national_station_only","built_at":"2026-08-27T00:00:00+00:00"}},{"type":"Feature","geometry":{"type":"Point","coordinates":[121.313398,24.989535]},"properties":{"station_id":"0604220TN004","station_name":"桃園火車站","station_type":"road","station_type_raw":"道路交通噪音","county":"桃園市","address":"桃園縣桃園市中正路1號(桃園火車站前圓環內)","station_status":"使用中","area_type":"第三類","feature_id":"0604220TN004:unavailable","period_type":"unavailable","laeq_window_db":null,"window_start":null,"window_end":null,"latest_observation_date":null,"sample_count":0,"active_days":0,"window_days":30,"active_day_ratio":0.0,"represented_seconds":0,"freshness_days":null,"freshness_status":"unavailable","source_dataset_id":"28185","source_updated_at":"2026-08-27 01:07:58","spatial_precision":"official_point","join_method":"national_station_only","built_at":"2026-08-27T00:00:00+00:00"}},{"type":"Feature","geometry":{"type":"Point","coordinates":[121.313398,24.989535]},"properties":{"station_id":"0604220TN005","station_name":"桃園火車站","station_type":"road","station_type_raw":"道路交通噪音","county":"桃園市","address":"桃園縣桃園市中正路1號(桃園火車站前圓環內)","station_status":"使用中","area_type":"第一類","feature_id":"0604220TN005:unavailable","period_type":"unavailable","laeq_window_db":null,"window_start":null,"window_end":null,"latest_observation_date":null,"sample_count":0,"active_days":0,"window_days":30,"active_day_ratio":0.0,"represented_seconds":0,"freshness_days":null,"freshness_status":"unavailable","source_dataset_id":"28185","source_updated_at":"2026-08-27 01:07:58","spatial_precision":"official_point","join_method":"national_station_only","built_at":"2026-08-27T00:00:00+00:00"}},{"type":"Feature","geometry":{"type":"Point","coordinates":[121.239184,24.978973]},"properties":{"station_id":"0604320EN001","station_name":"中壢工業區服務中心","station_type":"environment","station_type_raw":"一般地區環境音量","county":"桃園市","address":"中壢市東園路57號","station_status":"使用中","area_type":"第一類","feature_id":"0604320EN001:unavailable","period_type":"unavailable","laeq_window_db":null,"window_start":null,"window_end":null,"latest_observation_date":null,"sample_count":0,"active_days":0,"window_days":30,"active_day_ratio":0.0,"represented_seconds":0,"freshness_days":null,"freshness_status":"unavailable","source_dataset_id":"28185","source_updated_at":"2026-08-27 01:07:58","spatial_precision":"official_point","join_method":"national_station_only","built_at":"2026-08-27T00:00:00+00:00"}},{"type":"Feature","geometry":null,"properties":{"station_id":"0604320EN002","station_name":"青埔兒十公園","station_type":"environment","station_type_raw":"一般地區環境音量","county":"桃園市","address":"桃園市中壢區洽溪路青埔兒十公園","station_status":"使用中","area_type":"第三類","feature_id":"0604320EN002:unavailable","period_type":"unavailable","laeq_window_db":null,"window_start":null,"window_end":null,"latest_observation_date":null,"sample_count":0,"active_days":0,"window_days":30,"active_day_ratio":0.0,"represented_seconds":0,"freshness_days":null,"freshness_status":"unavailable","source_dataset_id":"28185","source_updated_at":"2026-08-27 01:07:58","spatial_precision":"missing_coordinate","join_method":"national_station_only","built_at":"2026-08-27T00:00:00+00:00"}},{"type":"Feature","geometry":{"type":"Point","coordinates":[121.235947,24.975249]},"properties":{"station_id":"0604320TN004","station_name":"啟英工家前中園路","station_type":"road","station_type_raw":"道路交通噪音","county":"桃園市","address":"中壢市中園路447號","station_status":"使用中","area_type":"第一類","feature_id":"0604320TN004:unavailable","period_type":"unavailable","laeq_window_db":null,"window_start":null,"window_end":null,"latest_observation_date":null,"sample_count":0,"active_days":0,"window_days":30,"active_day_ratio":0.0,"represented_seconds":0,"freshness_days":null,"freshness_status":"unavailable","source_dataset_id":"28185","source_updated_at":"2026-08-27 01:07:58","spatial_precision":"official_point","join_method":"national_station_only","built_at":"2026-08-27T00:00:00+00:00"}},{"type":"Feature","geometry":null,"properties":{"station_id":"0604320TN005","station_name":"過嶺兒童公園","station_type":"road","station_type_raw":"道路交通噪音","county":"桃園市","address":"","station_status":"使用中","area_type":"第三類","feature_id":"0604320TN005:unavailable","period_type":"unavailable","laeq_window_db":null,"window_start":null,"window_end":null,"latest_observation_date":null,"sample_count":0,"active_days":0,"window_days":30,"active_day_ratio":0.0,"represented_seconds":0,"freshness_days":null,"freshness_status":"unavailable","source_dataset_id":"28185","source_updated_at":"2026-08-27 01:07:58","spatial_precision":"missing_coordinate","join_method":"national_station_only","built_at":"2026-08-27T00:00:00+00:00"}},{"type":"Feature","geometry":null,"properties":{"station_id":"0604320TN006","station_name":"中壢藝術園區","station_type":"road","station_type_raw":"道路交通噪音","county":"桃園市","address":"桃園市中壢區南園二路86號(中福派出所)旁","station_status":"使用中","area_type":"第三類","feature_id":"0604320TN006:unavailable","period_type":"unavailable","laeq_window_db":null,"window_start":null,"window_end":null,"latest_observation_date":null,"sample_count":0,"active_days":0,"window_days":30,"active_day_ratio":0.0,"represented_seconds":0,"freshness_days":null,"freshness_status":"unavailable","source_dataset_id":"28185","source_updated_at":"2026-08-27 01:07:58","spatial_precision":"missing_coordinate","join_method":"national_station_only","built_at":"2026-08-27T00:00:00+00:00"}},{"type":"Feature","geometry":{"type":"Point","coordinates":[121.284878,24.883254]},"properties":{"station_id":"0604420EN002","station_name":"大溪中正公園","station_type":"environment","station_type_raw":"一般地區環境音量","county":"桃園市","address":"大溪鎮普濟路中正公園","station_status":"使用中","area_type":"第三類","feature_id":"0604420EN002:unavailable","period_type":"unavailable","laeq_window_db":null,"window_start":null,"window_end":null,"latest_observation_date":null,"sample_count":0,"active_days":0,"window_days":30,"active_day_ratio":0.0,"represented_seconds":0,"freshness_days":null,"freshness_status":"unavailable","source_dataset_id":"28185","source_updated_at":"2026-08-27 01:07:58","spatial_precision":"official_point","join_method":"national_station_only","built_at":"2026-08-27T00:00:00+00:00"}},{"type":"Feature","geometry":{"type":"Point","coordinates":[121.247871,24.81197]},"properties":{"station_id":"0604420EN004","station_name":"溪洲公園","station_type":"environment","station_type_raw":"一般地區環境音量","county":"桃園市","address":"大溪鎮復興里環湖路1號","station_status":"使用中","area_type":"第一類","feature_id":"0604420EN004:unavailable","period_type":"unavailable","laeq_window_db":null,"window_start":null,"window_end":null,"latest_observation_date":null,"sample_count":0,"active_days":0,"window_days":30,"active_day_ratio":0.0,"represented_seconds":0,"freshness_days":null,"freshness_status":"unavailable","source_dataset_id":"28185","source_updated_at":"2026-08-27 01:07:58","spatial_precision":"official_point","join_method":"national_station_only","built_at":"2026-08-27T00:00:00+00:00"}},{"type":"Feature","geometry":{"type":"Point","coordinates":[121.257321,24.821948]},"properties":{"station_id":"0604420TN002","station_name":"石門水庫","station_type":"road","station_type_raw":"道路交通噪音","county":"桃園市","address":"大溪鎮康莊路五段","station_status":"使用中","area_type":"第一類","feature_id":"0604420TN002:unavailable","period_type":"unavailable","laeq_window_db":null,"window_start":null,"window_end":null,"latest_observation_date":null,"sample_count":0,"active_days":0,"window_days":30,"active_day_ratio":0.0,"represented_seconds":0,"freshness_days":null,"freshness_status":"unavailable","source_dataset_id":"28185","source_updated_at":"2026-08-27 01:07:58","spatial_precision":"official_point","join_method":"national_station_only","built_at":"2026-08-27T00:00:00+00:00"}},{"type":"Feature","geometry":{"type":"Point","coordinates":[121.138043,24.918861]},"properties":{"station_id":"0604520TN006","station_name":"水美國小","station_type":"road","station_type_raw":"道路交通噪音","county":"桃園市","address":"楊梅鎮楊新路2段2號","station_status":"使用中","area_type":"第二類","feature_id":"0604520TN006:unavailable","period_type":"unavailable","laeq_window_db":null,"window_start":null,"window_end":null,"latest_observation_date":null,"sample_count":0,"active_days":0,"window_days":30,"active_day_ratio":0.0,"represented_seconds":0,"freshness_days":null,"freshness_status":"unavailable","source_dataset_id":"28185","source_updated_at":"2026-08-27 01:07:58","spatial_precision":"official_point","join_method":"national_station_only","built_at":"2026-08-27T00:00:00+00:00"}},{"type":"Feature","geometry":{"type":"Point","coordinates":[121.29477,25.090069]},"properties":{"station_id":"0604620EN002","station_name":"黃帝廟","station_type":"environment","station_type_raw":"一般地區環境音量","county":"桃園市","address":"蘆竹鄉山腳村5鄰51號","station_status":"使用中","area_type":"第三類","feature_id":"0604620EN002:unavailable","period_type":"unavailable","laeq_window_db":null,"window_start":null,"window_end":null,"latest_observation_date":null,"sample_count":0,"active_days":0,"window_days":30,"active_day_ratio":0.0,"represented_seconds":0,"freshness_days":null,"freshness_status":"unavailable","source_dataset_id":"28185","source_updated_at":"2026-08-27 01:07:58","spatial_precision":"official_point","join_method":"national_station_only","built_at":"2026-08-27T00:00:00+00:00"}},{"type":"Feature","geometry":{"type":"Point","coordinates":[121.280994,25.055901]},"properties":{"station_id":"0604620TN001","station_name":"南崁路南崁橋附近","station_type":"road","station_type_raw":"道路交通噪音","county":"桃園市","address":"蘆竹鄉南崁路一段381號","station_status":"使用中","area_type":"第三類","feature_id":"0604620TN001:unavailable","period_type":"unavailable","laeq_window_db":null,"window_start":null,"window_end":null,"latest_observation_date":null,"sample_count":0,"active_days":0,"window_days":30,"active_day_ratio":0.0,"represented_seconds":0,"freshness_days":null,"freshness_status":"unavailable","source_dataset_id":"28185","source_updated_at":"2026-08-27 01:07:58","spatial_precision":"official_point","join_method":"national_station_only","built_at":"2026-08-27T00:00:00+00:00"}},{"type":"Feature","geometry":null,"properties":{"station_id":"0604620TN002","station_name":"台茂公園","station_type":"road","station_type_raw":"道路交通噪音","county":"桃園市","address":"桃園市蘆竹區錦溪路119號","station_status":"使用中","area_type":"第三類","feature_id":"0604620TN002:unavailable","period_type":"unavailable","laeq_window_db":null,"window_start":null,"window_end":null,"latest_observation_date":null,"sample_count":0,"active_days":0,"window_days":30,"active_day_ratio":0.0,"represented_seconds":0,"freshness_days":null,"freshness_status":"unavailable","source_dataset_id":"28185","source_updated_at":"2026-08-27 01:07:58","spatial_precision":"missing_coordinate","join_method":"national_station_only","built_at":"2026-08-27T00:00:00+00:00"}},{"type":"Feature","geometry":{"type":"Point","coordinates":[121.049831,25.0057]},"properties":{"station_id":"0604720TN001","station_name":"北湖國小","station_type":"road","station_type_raw":"道路交通噪音","county":"桃園市","address":"新屋鄉東興路二段765號旁","station_status":"使用中","area_type":"第二類","feature_id":"0604720TN001:unavailable","period_type":"unavailable","laeq_window_db":null,"window_start":null,"window_end":null,"latest_observation_date":null,"sample_count":0,"active_days":0,"window_days":30,"active_day_ratio":0.0,"represented_seconds":0,"freshness_days":null,"freshness_status":"unavailable","source_dataset_id":"28185","source_updated_at":"2026-08-27 01:07:58","spatial_precision":"official_point","join_method":"national_station_only","built_at":"2026-08-27T00:00:00+00:00"}},{"type":"Feature","geometry":{"type":"Point","coordinates":[121.371283,25.050477]},"properties":{"station_id":"0604820TN001","station_name":"華亞科技園區管理中心","station_type":"road","station_type_raw":"道路交通噪音","county":"桃園市","address":"龜山鄉文化村文化二路176-1號","station_status":"使用中","area_type":"第一類","feature_id":"0604820TN001:unavailable","period_type":"unavailable","laeq_window_db":null,"window_start":null,"window_end":null,"latest_observation_date":null,"sample_count":0,"active_days":0,"window_days":30,"active_day_ratio":0.0,"represented_seconds":0,"freshness_days":null,"freshness_status":"unavailable","source_dataset_id":"28185","source_updated_at":"2026-08-27 01:07:58","spatial_precision":"official_point","join_method":"national_station_only","built_at":"2026-08-27T00:00:00+00:00"}},{"type":"Feature","geometry":{"type":"Point","coordinates":[121.3039,24.969116]},"properties":{"station_id":"0604920EN001","station_name":"大勇國小附近","station_type":"environment","station_type_raw":"一般地區環境音量","county":"桃園市","address":"八德市自強街60號","station_status":"使用中","area_type":"第二類","feature_id":"0604920EN001:unavailable","period_type":"unavailable","laeq_window_db":null,"window_start":null,"window_end":null,"latest_observation_date":null,"sample_count":0,"active_days":0,"window_days":30,"active_day_ratio":0.0,"represented_seconds":0,"freshness_days":null,"freshness_status":"unavailable","source_dataset_id":"28185","source_updated_at":"2026-08-27 01:07:58","spatial_precision":"official_point","join_method":"national_station_only","built_at":"2026-08-27T00:00:00+00:00"}},{"type":"Feature","geometry":{"type":"Point","coordinates":[121.271923,24.97111]},"properties":{"station_id":"0604920TN004","station_name":"忠義街社區","station_type":"road","station_type_raw":"道路交通噪音","county":"桃園市","address":"八德市忠義街 103 號","station_status":"使用中","area_type":"第二類","feature_id":"0604920TN004:unavailable","period_type":"unavailable","laeq_window_db":null,"window_start":null,"window_end":null,"latest_observation_date":null,"sample_count":0,"active_days":0,"window_days":30,"active_day_ratio":0.0,"represented_seconds":0,"freshness_days":null,"freshness_status":"unavailable","source_dataset_id":"28185","source_updated_at":"2026-08-27 01:07:58","spatial_precision":"official_point","join_method":"national_station_only","built_at":"2026-08-27T00:00:00+00:00"}},{"type":"Feature","geometry":{"type":"Point","coordinates":[121.213531,24.864283]},"properties":{"station_id":"0605020EN001","station_name":"龍潭國小","station_type":"environment","station_type_raw":"一般地區環境音量","county":"桃園市","address":"龍潭鄉南龍路13號","station_status":"使用中","area_type":"第二類","feature_id":"0605020EN001:unavailable","period_type":"unavailable","laeq_window_db":null,"window_start":null,"window_end":null,"latest_observation_date":null,"sample_count":0,"active_days":0,"window_days":30,"active_day_ratio":0.0,"represented_seconds":0,"freshness_days":null,"freshness_status":"unavailable","source_dataset_id":"28185","source_updated_at":"2026-08-27 01:07:58","spatial_precision":"official_point","join_method":"national_station_only","built_at":"2026-08-27T00:00:00+00:00"}},{"type":"Feature","geometry":{"type":"Point","coordinates":[121.218494,24.868274]},"properties":{"station_id":"0605020TN001","station_name":"龍潭運動公園前北龍路","station_type":"road","station_type_raw":"道路交通噪音","county":"桃園市","address":"龍潭鄉北龍路","station_status":"使用中","area_type":"第三類","feature_id":"0605020TN001:unavailable","period_type":"unavailable","laeq_window_db":null,"window_start":null,"window_end":null,"latest_observation_date":null,"sample_count":0,"active_days":0,"window_days":30,"active_day_ratio":0.0,"represented_seconds":0,"freshness_days":null,"freshness_status":"unavailable","source_dataset_id":"28185","source_updated_at":"2026-08-27 01:07:58","spatial_precision":"official_point","join_method":"national_station_only","built_at":"2026-08-27T00:00:00+00:00"}},{"type":"Feature","geometry":{"type":"Point","coordinates":[121.212802,24.896792]},"properties":{"station_id":"0605120EN001","station_name":"山豐國小","station_type":"environment","station_type_raw":"一般地區環境音量","county":"桃園市","address":"平鎮市中豐路山頂段375巷45號","station_status":"使用中","area_type":"第二類","feature_id":"0605120EN001:unavailable","period_type":"unavailable","laeq_window_db":null,"window_start":null,"window_end":null,"latest_observation_date":null,"sample_count":0,"active_days":0,"window_days":30,"active_day_ratio":0.0,"represented_seconds":0,"freshness_days":null,"freshness_status":"unavailable","source_dataset_id":"28185","source_updated_at":"2026-08-27 01:07:58","spatial_precision":"official_point","join_method":"national_station_only","built_at":"2026-08-27T00:00:00+00:00"}},{"type":"Feature","geometry":{"type":"Point","coordinates":[121.178191,24.958942]},"properties":{"station_id":"0605120TN003","station_name":"中平國小前民族路","station_type":"road","station_type_raw":"道路交通噪音","county":"桃園市","address":"平鎮市民族路雙連三段 37 號","station_status":"使用中","area_type":"第三類","feature_id":"0605120TN003:unavailable","period_type":"unavailable","laeq_window_db":null,"window_start":null,"window_end":null,"latest_observation_date":null,"sample_count":0,"active_days":0,"window_days":30,"active_day_ratio":0.0,"represented_seconds":0,"freshness_days":null,"freshness_status":"unavailable","source_dataset_id":"28185","source_updated_at":"2026-08-27 01:07:58","spatial_precision":"official_point","join_method":"national_station_only","built_at":"2026-08-27T00:00:00+00:00"}},{"type":"Feature","geometry":{"type":"Point","coordinates":[121.02597,24.974816]},"properties":{"station_id":"0605220EN003","station_name":"笨港國小","station_type":"environment","station_type_raw":"一般地區環境音量","county":"桃園市","address":"新屋鄉笨港村二鄰1-1號","station_status":"使用中","area_type":"第二類","feature_id":"0605220EN003:unavailable","period_type":"unavailable","laeq_window_db":null,"window_start":null,"window_end":null,"latest_observation_date":null,"sample_count":0,"active_days":0,"window_days":30,"active_day_ratio":0.0,"represented_seconds":0,"freshness_days":null,"freshness_status":"unavailable","source_dataset_id":"28185","source_updated_at":"2026-08-27 01:07:58","spatial_precision":"official_point","join_method":"national_station_only","built_at":"2026-08-27T00:00:00+00:00"}},{"type":"Feature","geometry":{"type":"Point","coordinates":[121.142936,25.04554]},"properties":{"station_id":"0605320TN002","station_name":"草漯國小前新生路","station_type":"road","station_type_raw":"道路交通噪音","county":"桃園市","address":"觀音鄉草漯村195號","station_status":"使用中","area_type":"第二類","feature_id":"0605320TN002:unavailable","period_type":"unavailable","laeq_window_db":null,"window_start":null,"window_end":null,"latest_observation_date":null,"sample_count":0,"active_days":0,"window_days":30,"active_day_ratio":0.0,"represented_seconds":0,"freshness_days":null,"freshness_status":"unavailable","source_dataset_id":"28185","source_updated_at":"2026-08-27 01:07:58","spatial_precision":"official_point","join_method":"national_station_only","built_at":"2026-08-27T00:00:00+00:00"}},{"type":"Feature","geometry":{"type":"Point","coordinates":[121.351107,24.814229]},"properties":{"station_id":"0605420EN002","station_name":"林務局復興站","station_type":"environment","station_type_raw":"一般地區環境音量","county":"桃園市","address":"復興鄉忠孝路12號","station_status":"使用中","area_type":"第一類","feature_id":"0605420EN002:unavailable","period_type":"unavailable","laeq_window_db":null,"window_start":null,"window_end":null,"latest_observation_date":null,"sample_count":0,"active_days":0,"window_days":30,"active_day_ratio":0.0,"represented_seconds":0,"freshness_days":null,"freshness_status":"unavailable","source_dataset_id":"28185","source_updated_at":"2026-08-27 01:07:58","spatial_precision":"official_point","join_method":"national_station_only","built_at":"2026-08-27T00:00:00+00:00"}},{"type":"Feature","geometry":null,"properties":{"station_id":"0605420EN003","station_name":"霞雲探索教育基地","station_type":"environment","station_type_raw":"一般地區環境音量","county":"桃園市","address":"桃園市復興區","station_status":"使用中","area_type":"第一類","feature_id":"0605420EN003:unavailable","period_type":"unavailable","laeq_window_db":null,"window_start":null,"window_end":null,"latest_observation_date":null,"sample_count":0,"active_days":0,"window_days":30,"active_day_ratio":0.0,"represented_seconds":0,"freshness_days":null,"freshness_status":"unavailable","source_dataset_id":"28185","source_updated_at":"2026-08-27 01:07:58","spatial_precision":"missing_coordinate","join_method":"national_station_only","built_at":"2026-08-27T00:00:00+00:00"}},{"type":"Feature","geometry":{"type":"Point","coordinates":[121.350904,24.813128]},"properties":{"station_id":"0605420TN001","station_name":"復興青年活動中心","station_type":"road","station_type_raw":"道路交通噪音","county":"桃園市","address":"復興鄉中正路2號","station_status":"使用中","area_type":"第一類","feature_id":"0605420TN001:unavailable","period_type":"unavailable","laeq_window_db":null,"window_start":null,"window_end":null,"latest_observation_date":null,"sample_count":0,"active_days":0,"window_days":30,"active_day_ratio":0.0,"represented_seconds":0,"freshness_days":null,"freshness_status":"unavailable","source_dataset_id":"28185","source_updated_at":"2026-08-27 01:07:58","spatial_precision":"official_point","join_method":"national_station_only","built_at":"2026-08-27T00:00:00+00:00"}},{"type":"Feature","geometry":null,"properties":{"station_id":"0605420TN002","station_name":"北橫公路18.3K","station_type":"road","station_type_raw":"道路交通噪音","county":"桃園市","address":"台七 縣18.3K","station_status":"使用中","area_type":"第一類","feature_id":"0605420TN002:unavailable","period_type":"unavailable","laeq_window_db":null,"window_start":null,"window_end":null,"latest_observation_date":null,"sample_count":0,"active_days":0,"window_days":30,"active_day_ratio":0.0,"represented_seconds":0,"freshness_days":null,"freshness_status":"unavailable","source_dataset_id":"28185","source_updated_at":"2026-08-27 01:07:58","spatial_precision":"missing_coordinate","join_method":"national_station_only","built_at":"2026-08-27T00:00:00+00:00"}},{"type":"Feature","geometry":{"type":"Point","coordinates":[121.013648,24.828543]},"properties":{"station_id":"0705520EN003","station_name":"新竹縣環保局","station_type":"environment","station_type_raw":"一般地區環境音量","county":"新竹縣","address":"竹北市光明五街62號","station_status":"使用中","area_type":"第三類","feature_id":"0705520EN003:unavailable","period_type":"unavailable","laeq_window_db":null,"window_start":null,"window_end":null,"latest_observation_date":null,"sample_count":0,"active_days":0,"window_days":30,"active_day_ratio":0.0,"represented_seconds":0,"freshness_days":null,"freshness_status":"unavailable","source_dataset_id":"28185","source_updated_at":"2026-08-27 01:07:58","spatial_precision":"official_point","join_method":"national_station_only","built_at":"2026-08-27T00:00:00+00:00"}},{"type":"Feature","geometry":{"type":"Point","coordinates":[121.01235,24.8259]},"properties":{"station_id":"0705520TN001","station_name":"新竹縣政府","station_type":"road","station_type_raw":"道路交通噪音","county":"新竹縣","address":"竹北市光明六路10號","station_status":"使用中","area_type":"第三類","feature_id":"0705520TN001:unavailable","period_type":"unavailable","laeq_window_db":null,"window_start":null,"window_end":null,"latest_observation_date":null,"sample_count":0,"active_days":0,"window_days":30,"active_day_ratio":0.0,"represented_seconds":0,"freshness_days":null,"freshness_status":"unavailable","source_dataset_id":"28185","source_updated_at":"2026-08-27 01:07:58","spatial_precision":"official_point","join_method":"national_station_only","built_at":"2026-08-27T00:00:00+00:00"}},{"type":"Feature","geometry":{"type":"Point","coordinates":[121.184531,24.789954]},"properties":{"station_id":"0705620EN001","station_name":"東安國小","station_type":"environment","station_type_raw":"一般地區環境音量","county":"新竹縣","address":"關西鎮東安里中山東路40號","station_status":"使用中","area_type":"第二類","feature_id":"0705620EN001:unavailable","period_type":"unavailable","laeq_window_db":null,"window_start":null,"window_end":null,"latest_observation_date":null,"sample_count":0,"active_days":0,"window_days":30,"active_day_ratio":0.0,"represented_seconds":0,"freshness_days":null,"freshness_status":"unavailable","source_dataset_id":"28185","source_updated_at":"2026-08-27 01:07:58","spatial_precision":"official_point","join_method":"national_station_only","built_at":"2026-08-27T00:00:00+00:00"}},{"type":"Feature","geometry":{"type":"Point","coordinates":[121.183244,24.789364]},"properties":{"station_id":"0705620TN001","station_name":"東安國小","station_type":"road","station_type_raw":"道路交通噪音","county":"新竹縣","address":"關西鎮東安里中山東路40號","station_status":"使用中","area_type":"第二類","feature_id":"0705620TN001:unavailable","period_type":"unavailable","laeq_window_db":null,"window_start":null,"window_end":null,"latest_observation_date":null,"sample_count":0,"active_days":0,"window_days":30,"active_day_ratio":0.0,"represented_seconds":0,"freshness_days":null,"freshness_status":"unavailable","source_dataset_id":"28185","source_updated_at":"2026-08-27 01:07:58","spatial_precision":"official_point","join_method":"national_station_only","built_at":"2026-08-27T00:00:00+00:00"}},{"type":"Feature","geometry":{"type":"Point","coordinates":[121.092108,24.735811]},"properties":{"station_id":"0705820TN001","station_name":"竹東清潔隊","station_type":"road","station_type_raw":"道路交通噪音","county":"新竹縣","address":"竹東鎮雞林里長安路101號","station_status":"使用中","area_type":"第三類","feature_id":"0705820TN001:unavailable","period_type":"unavailable","laeq_window_db":null,"window_start":null,"window_end":null,"latest_observation_date":null,"sample_count":0,"active_days":0,"window_days":30,"active_day_ratio":0.0,"represented_seconds":0,"freshness_days":null,"freshness_status":"unavailable","source_dataset_id":"28185","source_updated_at":"2026-08-27 01:07:58","spatial_precision":"official_point","join_method":"national_station_only","built_at":"2026-08-27T00:00:00+00:00"}},{"type":"Feature","geometry":{"type":"Point","coordinates":[121.088187,24.726285]},"properties":{"station_id":"0705820TN005","station_name":"上館國小","station_type":"road","station_type_raw":"道路交通噪音","county":"新竹縣","address":"竹東鎮中豐路二段399號","station_status":"使用中","area_type":"第二類","feature_id":"0705820TN005:unavailable","period_type":"unavailable","laeq_window_db":null,"window_start":null,"window_end":null,"latest_observation_date":null,"sample_count":0,"active_days":0,"window_days":30,"active_day_ratio":0.0,"represented_seconds":0,"freshness_days":null,"freshness_status":"unavailable","source_dataset_id":"28185","source_updated_at":"2026-08-27 01:07:58","spatial_precision":"official_point","join_method":"national_station_only","built_at":"2026-08-27T00:00:00+00:00"}},{"type":"Feature","geometry":{"type":"Point","coordinates":[120.99932,24.866425]},"properties":{"station_id":"0705920EN008","station_name":"湖口污水廠","station_type":"environment","station_type_raw":"一般地區環境音量","county":"新竹縣","address":"自強路","station_status":"使用中","area_type":"第一類","feature_id":"0705920EN008:unavailable","period_type":"unavailable","laeq_window_db":null,"window_start":null,"window_end":null,"latest_observation_date":null,"sample_count":0,"active_days":0,"window_days":30,"active_day_ratio":0.0,"represented_seconds":0,"freshness_days":null,"freshness_status":"unavailable","source_dataset_id":"28185","source_updated_at":"2026-08-27 01:07:58","spatial_precision":"official_point","join_method":"national_station_only","built_at":"2026-08-27T00:00:00+00:00"}},{"type":"Feature","geometry":{"type":"Point","coordinates":[121.036114,24.903278]},"properties":{"station_id":"0705920EN009","station_name":"新湖國中","station_type":"environment","station_type_raw":"一般地區環境音量","county":"新竹縣","address":"湖口鄉新湖路200號","station_status":"使用中","area_type":"第二類","feature_id":"0705920EN009:unavailable","period_type":"unavailable","laeq_window_db":null,"window_start":null,"window_end":null,"latest_observation_date":null,"sample_count":0,"active_days":0,"window_days":30,"active_day_ratio":0.0,"represented_seconds":0,"freshness_days":null,"freshness_status":"unavailable","source_dataset_id":"28185","source_updated_at":"2026-08-27 01:07:58","spatial_precision":"official_point","join_method":"national_station_only","built_at":"2026-08-27T00:00:00+00:00"}},{"type":"Feature","geometry":{"type":"Point","coordinates":[121.023288,24.904246]},"properties":{"station_id":"0705920EN010","station_name":"湖口檢驗中心","station_type":"environment","station_type_raw":"一般地區環境音量","county":"新竹縣","address":"湖口鄉德盛村108-2號","station_status":"使用中","area_type":"第三類","feature_id":"0705920EN010:unavailable","period_type":"unavailable","laeq_window_db":null,"window_start":null,"window_end":null,"latest_observation_date":null,"sample_count":0,"active_days":0,"window_days":30,"active_day_ratio":0.0,"represented_seconds":0,"freshness_days":null,"freshness_status":"unavailable","source_dataset_id":"28185","source_updated_at":"2026-08-27 01:07:58","spatial_precision":"official_point","join_method":"national_station_only","built_at":"2026-08-27T00:00:00+00:00"}},{"type":"Feature","geometry":{"type":"Point","coordinates":[121.014844,24.860915]},"properties":{"station_id":"0705920TN002","station_name":"湖口工業區光復北路","station_type":"road","station_type_raw":"道路交通噪音","county":"新竹縣","address":"湖口鄉光復北路","station_status":"使用中","area_type":"第一類","feature_id":"0705920TN002:unavailable","period_type":"unavailable","laeq_window_db":null,"window_start":null,"window_end":null,"latest_observation_date":null,"sample_count":0,"active_days":0,"window_days":30,"active_day_ratio":0.0,"represented_seconds":0,"freshness_days":null,"freshness_status":"unavailable","source_dataset_id":"28185","source_updated_at":"2026-08-27 01:07:58","spatial_precision":"official_point","join_method":"national_station_only","built_at":"2026-08-27T00:00:00+00:00"}},{"type":"Feature","geometry":{"type":"Point","coordinates":[121.035658,24.902679]},"properties":{"station_id":"0705920TN004","station_name":"新湖國中","station_type":"road","station_type_raw":"道路交通噪音","county":"新竹縣","address":"湖口鄉新湖路200號","station_status":"使用中","area_type":"第二類","feature_id":"0705920TN004:unavailable","period_type":"unavailable","laeq_window_db":null,"window_start":null,"window_end":null,"latest_observation_date":null,"sample_count":0,"active_days":0,"window_days":30,"active_day_ratio":0.0,"represented_seconds":0,"freshness_days":null,"freshness_status":"unavailable","source_dataset_id":"28185","source_updated_at":"2026-08-27 01:07:58","spatial_precision":"official_point","join_method":"national_station_only","built_at":"2026-08-27T00:00:00+00:00"}},{"type":"Feature","geometry":{"type":"Point","coordinates":[121.00992,24.911753]},"properties":{"station_id":"0706120EN001","station_name":"瑞興國小","station_type":"environment","station_type_raw":"一般地區環境音量","county":"新竹縣","address":"新竹縣新豐鄉瑞興村63號","station_status":"使用中","area_type":"第二類","feature_id":"0706120EN001:unavailable","period_type":"unavailable","laeq_window_db":null,"window_start":null,"window_end":null,"latest_observation_date":null,"sample_count":0,"active_days":0,"window_days":30,"active_day_ratio":0.0,"represented_seconds":0,"freshness_days":null,"freshness_status":"unavailable","source_dataset_id":"28185","source_updated_at":"2026-08-27 01:07:58","spatial_precision":"official_point","join_method":"national_station_only","built_at":"2026-08-27T00:00:00+00:00"}},{"type":"Feature","geometry":null,"properties":{"station_id":"0706120EN002","station_name":"忠孝國中","station_type":"environment","station_type_raw":"一般地區環境音量","county":"新竹縣","address":"新竹縣新豐鄉孝六街1號","station_status":"使用中","area_type":"第二類","feature_id":"0706120EN002:unavailable","period_type":"unavailable","laeq_window_db":null,"window_start":null,"window_end":null,"latest_observation_date":null,"sample_count":0,"active_days":0,"window_days":30,"active_day_ratio":0.0,"represented_seconds":0,"freshness_days":null,"freshness_status":"unavailable","source_dataset_id":"28185","source_updated_at":"2026-08-27 01:07:58","spatial_precision":"missing_coordinate","join_method":"national_station_only","built_at":"2026-08-27T00:00:00+00:00"}},{"type":"Feature","geometry":null,"properties":{"station_id":"0706120TN002","station_name":"忠孝國中","station_type":"road","station_type_raw":"道路交通噪音","county":"新竹縣","address":"新竹縣新豐鄉孝六街1號","station_status":"使用中","area_type":"第二類","feature_id":"0706120TN002:unavailable","period_type":"unavailable","laeq_window_db":null,"window_start":null,"window_end":null,"latest_observation_date":null,"sample_count":0,"active_days":0,"window_days":30,"active_day_ratio":0.0,"represented_seconds":0,"freshness_days":null,"freshness_status":"unavailable","source_dataset_id":"28185","source_updated_at":"2026-08-27 01:07:58","spatial_precision":"missing_coordinate","join_method":"national_station_only","built_at":"2026-08-27T00:00:00+00:00"}},{"type":"Feature","geometry":null,"properties":{"station_id":"0706820EN001","station_name":"文山國小","station_type":"environment","station_type_raw":"一般地區環境音量","county":"新竹縣","address":"新竹縣新埔鎮國校街160號","station_status":"使用中","area_type":"第二類","feature_id":"0706820EN001:unavailable","period_type":"unavailable","laeq_window_db":null,"window_start":null,"window_end":null,"latest_observation_date":null,"sample_count":0,"active_days":0,"window_days":30,"active_day_ratio":0.0,"represented_seconds":0,"freshness_days":null,"freshness_status":"unavailable","source_dataset_id":"28185","source_updated_at":"2026-08-27 01:07:58","spatial_precision":"missing_coordinate","join_method":"national_station_only","built_at":"2026-08-27T00:00:00+00:00"}},{"type":"Feature","geometry":null,"properties":{"station_id":"0706820TN001","station_name":"文山國小","station_type":"road","station_type_raw":"道路交通噪音","county":"新竹縣","address":"新竹縣新埔鎮國校街160號","station_status":"使用中","area_type":"第二類","feature_id":"0706820TN001:unavailable","period_type":"unavailable","laeq_window_db":null,"window_start":null,"window_end":null,"latest_observation_date":null,"sample_count":0,"active_days":0,"window_days":30,"active_day_ratio":0.0,"represented_seconds":0,"freshness_days":null,"freshness_status":"unavailable","source_dataset_id":"28185","source_updated_at":"2026-08-27 01:07:58","spatial_precision":"missing_coordinate","join_method":"national_station_only","built_at":"2026-08-27T00:00:00+00:00"}},{"type":"Feature","geometry":{"type":"Point","coordinates":[120.83158,24.562283]},"properties":{"station_id":"0806820TN001","station_name":"苗栗市玉華里","station_type":"road","station_type_raw":"道路交通噪音","county":"苗栗縣","address":"苗栗市玉華里玉清路337巷37號","station_status":"使用中","area_type":"第三類","feature_id":"0806820TN001:173134:day","period_type":"day","laeq_window_db":64.8,"window_start":"2025-07-18","window_end":"2025-08-16","latest_observation_date":"2025-08-16","sample_count":1,"active_days":1,"window_days":30,"active_day_ratio":0.033,"represented_seconds":46800,"freshness_days":376,"freshness_status":"historical","source_dataset_id":"173134","source_updated_at":"2025-12-18 12:06:46","spatial_precision":"official_point","join_method":"station_id","weight_basis":["period_duration"],"built_at":"2026-08-27T00:00:00+00:00"}},{"type":"Feature","geometry":{"type":"Point","coordinates":[120.83158,24.562283]},"properties":{"station_id":"0806820TN001","station_name":"苗栗市玉華里","station_type":"road","station_type_raw":"道路交通噪音","county":"苗栗縣","address":"苗栗市玉華里玉清路337巷37號","station_status":"使用中","area_type":"第三類","feature_id":"0806820TN001:173134:evening","period_type":"evening","laeq_window_db":63.0,"window_start":"2025-07-18","window_end":"2025-08-16","latest_observation_date":"2025-08-16","sample_count":1,"active_days":1,"window_days":30,"active_day_ratio":0.033,"represented_seconds":7200,"freshness_days":376,"freshness_status":"historical","source_dataset_id":"173134","source_updated_at":"2025-12-18 12:06:46","spatial_precision":"official_point","join_method":"station_id","weight_basis":["period_duration"],"built_at":"2026-08-27T00:00:00+00:00"}},{"type":"Feature","geometry":{"type":"Point","coordinates":[120.83158,24.562283]},"properties":{"station_id":"0806820TN001","station_name":"苗栗市玉華里","station_type":"road","station_type_raw":"道路交通噪音","county":"苗栗縣","address":"苗栗市玉華里玉清路337巷37號","station_status":"使用中","area_type":"第三類","feature_id":"0806820TN001:173134:night","period_type":"night","laeq_window_db":58.4,"window_start":"2025-07-18","window_end":"2025-08-16","latest_observation_date":"2025-08-16","sample_count":1,"active_days":1,"window_days":30,"active_day_ratio":0.033,"represented_seconds":32400,"freshness_days":376,"freshness_status":"historical","source_dataset_id":"173134","source_updated_at":"2025-12-18 12:06:46","spatial_precision":"official_point","join_method":"station_id","weight_basis":["period_duration"],"built_at":"2026-08-27T00:00:00+00:00"}},{"type":"Feature","geometry":{"type":"Point","coordinates":[120.886431,24.69053]},"properties":{"station_id":"0807120TN001","station_name":"竹南鎮新南里","station_type":"road","station_type_raw":"道路交通噪音","county":"苗栗縣","address":"竹南鎮新南里永貞路二段198號(公園大門)","station_status":"使用中","area_type":"第二類","feature_id":"0807120TN001:173134:day","period_type":"day","laeq_window_db":65.4,"window_start":"2025-07-18","window_end":"2025-08-16","latest_observation_date":"2025-08-16","sample_count":2,"active_days":2,"window_days":30,"active_day_ratio":0.067,"represented_seconds":93600,"freshness_days":376,"freshness_status":"historical","source_dataset_id":"173134","source_updated_at":"2025-12-18 12:06:46","spatial_precision":"official_point","join_method":"station_id","weight_basis":["period_duration"],"built_at":"2026-08-27T00:00:00+00:00"}},{"type":"Feature","geometry":{"type":"Point","coordinates":[120.886431,24.69053]},"properties":{"station_id":"0807120TN001","station_name":"竹南鎮新南里","station_type":"road","station_type_raw":"道路交通噪音","county":"苗栗縣","address":"竹南鎮新南里永貞路二段198號(公園大門)","station_status":"使用中","area_type":"第二類","feature_id":"0807120TN001:173134:evening","period_type":"evening","laeq_window_db":64.8,"window_start":"2025-07-18","window_end":"2025-08-16","latest_observation_date":"2025-08-16","sample_count":2,"active_days":2,"window_days":30,"active_day_ratio":0.067,"represented_seconds":14400,"freshness_days":376,"freshness_status":"historical","source_dataset_id":"173134","source_updated_at":"2025-12-18 12:06:46","spatial_precision":"official_point","join_method":"station_id","weight_basis":["period_duration"],"built_at":"2026-08-27T00:00:00+00:00"}},{"type":"Feature","geometry":{"type":"Point","coordinates":[120.886431,24.69053]},"properties":{"station_id":"0807120TN001","station_name":"竹南鎮新南里","station_type":"road","station_type_raw":"道路交通噪音","county":"苗栗縣","address":"竹南鎮新南里永貞路二段198號(公園大門)","station_status":"使用中","area_type":"第二類","feature_id":"0807120TN001:173134:night","period_type":"night","laeq_window_db":57.1,"window_start":"2025-07-18","window_end":"2025-08-16","latest_observation_date":"2025-08-16","sample_count":2,"active_days":2,"window_days":30,"active_day_ratio":0.067,"represented_seconds":64800,"freshness_days":376,"freshness_status":"historical","source_dataset_id":"173134","source_updated_at":"2025-12-18 12:06:46","spatial_precision":"official_point","join_method":"station_id","weight_basis":["period_duration"],"built_at":"2026-08-27T00:00:00+00:00"}},{"type":"Feature","geometry":{"type":"Point","coordinates":[120.897739,24.677915]},"properties":{"station_id":"0807220TN001","station_name":"頭份鎮蘆竹里","station_type":"road","station_type_raw":"道路交通噪音","county":"苗栗縣","address":"頭份鎮中華路599號","station_status":"使用中","area_type":"第一類","feature_id":"0807220TN001:173134:day","period_type":"day","laeq_window_db":67.2,"window_start":"2025-07-18","window_end":"2025-08-16","latest_observation_date":"2025-08-16","sample_count":2,"active_days":2,"window_days":30,"active_day_ratio":0.067,"represented_seconds":93600,"freshness_days":376,"freshness_status":"historical","source_dataset_id":"173134","source_updated_at":"2025-12-18 12:06:46","spatial_precision":"official_point","join_method":"station_id","weight_basis":["period_duration"],"built_at":"2026-08-27T00:00:00+00:00"}},{"type":"Feature","geometry":{"type":"Point","coordinates":[120.897739,24.677915]},"properties":{"station_id":"0807220TN001","station_name":"頭份鎮蘆竹里","station_type":"road","station_type_raw":"道路交通噪音","county":"苗栗縣","address":"頭份鎮中華路599號","station_status":"使用中","area_type":"第一類","feature_id":"0807220TN001:173134:evening","period_type":"evening","laeq_window_db":66.0,"window_start":"2025-07-18","window_end":"2025-08-16","latest_observation_date":"2025-08-16","sample_count":2,"active_days":2,"window_days":30,"active_day_ratio":0.067,"represented_seconds":14400,"freshness_days":376,"freshness_status":"historical","source_dataset_id":"173134","source_updated_at":"2025-12-18 12:06:46","spatial_precision":"official_point","join_method":"station_id","weight_basis":["period_duration"],"built_at":"2026-08-27T00:00:00+00:00"}},{"type":"Feature","geometry":{"type":"Point","coordinates":[120.897739,24.677915]},"properties":{"station_id":"0807220TN001","station_name":"頭份鎮蘆竹里","station_type":"road","station_type_raw":"道路交通噪音","county":"苗栗縣","address":"頭份鎮中華路599號","station_status":"使用中","area_type":"第一類","feature_id":"0807220TN001:173134:night","period_type":"night","laeq_window_db":59.3,"window_start":"2025-07-18","window_end":"2025-08-16","latest_observation_date":"2025-08-16","sample_count":2,"active_days":2,"window_days":30,"active_day_ratio":0.067,"represented_seconds":64800,"freshness_days":376,"freshness_status":"historical","source_dataset_id":"173134","source_updated_at":"2025-12-18 12:06:46","spatial_precision":"official_point","join_method":"station_id","weight_basis":["period_duration"],"built_at":"2026-08-27T00:00:00+00:00"}},{"type":"Feature","geometry":{"type":"Point","coordinates":[120.82673,24.600694]},"properties":{"station_id":"0807320EN001","station_name":"後龍鎮豐富里","station_type":"environment","station_type_raw":"一般地區環境音量","county":"苗栗縣","address":"後龍鎮豐富里新東路42-1號前方30公尺處稻田邊","station_status":"使用中","area_type":"第二類","feature_id":"0807320EN001:173134:day","period_type":"day","laeq_window_db":56.3,"window_start":"2025-07-18","window_end":"2025-08-16","latest_observation_date":"2025-08-16","sample_count":1,"active_days":1,"window_days":30,"active_day_ratio":0.033,"represented_seconds":46800,"freshness_days":376,"freshness_status":"historical","source_dataset_id":"173134","source_updated_at":"2025-12-18 12:06:46","spatial_precision":"official_point","join_method":"station_id","weight_basis":["period_duration"],"built_at":"2026-08-27T00:00:00+00:00"}},{"type":"Feature","geometry":{"type":"Point","coordinates":[120.82673,24.600694]},"properties":{"station_id":"0807320EN001","station_name":"後龍鎮豐富里","station_type":"environment","station_type_raw":"一般地區環境音量","county":"苗栗縣","address":"後龍鎮豐富里新東路42-1號前方30公尺處稻田邊","station_status":"使用中","area_type":"第二類","feature_id":"0807320EN001:173134:evening","period_type":"evening","laeq_window_db":50.5,"window_start":"2025-07-18","window_end":"2025-08-16","latest_observation_date":"2025-08-16","sample_count":1,"active_days":1,"window_days":30,"active_day_ratio":0.033,"represented_seconds":7200,"freshness_days":376,"freshness_status":"historical","source_dataset_id":"173134","source_updated_at":"2025-12-18 12:06:46","spatial_precision":"official_point","join_method":"station_id","weight_basis":["period_duration"],"built_at":"2026-08-27T00:00:00+00:00"}},{"type":"Feature","geometry":{"type":"Point","coordinates":[120.82673,24.600694]},"properties":{"station_id":"0807320EN001","station_name":"後龍鎮豐富里","station_type":"environment","station_type_raw":"一般地區環境音量","county":"苗栗縣","address":"後龍鎮豐富里新東路42-1號前方30公尺處稻田邊","station_status":"使用中","area_type":"第二類","feature_id":"0807320EN001:173134:night","period_type":"night","laeq_window_db":43.9,"window_start":"2025-07-18","window_end":"2025-08-16","latest_observation_date":"2025-08-16","sample_count":1,"active_days":1,"window_days":30,"active_day_ratio":0.033,"represented_seconds":32400,"freshness_days":376,"freshness_status":"historical","source_dataset_id":"173134","source_updated_at":"2025-12-18 12:06:46","spatial_precision":"official_point","join_method":"station_id","weight_basis":["period_duration"],"built_at":"2026-08-27T00:00:00+00:00"}},{"type":"Feature","geometry":{"type":"Point","coordinates":[120.824214,24.502599]},"properties":{"station_id":"0807620EN001","station_name":"公館鄉館南村","station_type":"environment","station_type_raw":"一般地區環境音量","county":"苗栗縣","address":"公館鄉館南村仁愛路210巷20號旁","station_status":"使用中","area_type":"第三類","feature_id":"0807620EN001:173134:day","period_type":"day","laeq_window_db":57.5,"window_start":"2025-07-18","window_end":"2025-08-16","latest_observation_date":"2025-08-16","sample_count":1,"active_days":1,"window_days":30,"active_day_ratio":0.033,"represented_seconds":46800,"freshness_days":376,"freshness_status":"historical","source_dataset_id":"173134","source_updated_at":"2025-12-18 12:06:46","spatial_precision":"official_point","join_method":"station_id","weight_basis":["period_duration"],"built_at":"2026-08-27T00:00:00+00:00"}},{"type":"Feature","geometry":{"type":"Point","coordinates":[120.824214,24.502599]},"properties":{"station_id":"0807620EN001","station_name":"公館鄉館南村","station_type":"environment","station_type_raw":"一般地區環境音量","county":"苗栗縣","address":"公館鄉館南村仁愛路210巷20號旁","station_status":"使用中","area_type":"第三類","feature_id":"0807620EN001:173134:evening","period_type":"evening","laeq_window_db":52.8,"window_start":"2025-07-18","window_end":"2025-08-16","latest_observation_date":"2025-08-16","sample_count":1,"active_days":1,"window_days":30,"active_day_ratio":0.033,"represented_seconds":7200,"freshness_days":376,"freshness_status":"historical","source_dataset_id":"173134","source_updated_at":"2025-12-18 12:06:46","spatial_precision":"official_point","join_method":"station_id","weight_basis":["period_duration"],"built_at":"2026-08-27T00:00:00+00:00"}},{"type":"Feature","geometry":{"type":"Point","coordinates":[120.824214,24.502599]},"properties":{"station_id":"0807620EN001","station_name":"公館鄉館南村","station_type":"environment","station_type_raw":"一般地區環境音量","county":"苗栗縣","address":"公館鄉館南村仁愛路210巷20號旁","station_status":"使用中","area_type":"第三類","feature_id":"0807620EN001:173134:night","period_type":"night","laeq_window_db":50.0,"window_start":"2025-07-18","window_end":"2025-08-16","latest_observation_date":"2025-08-16","sample_count":1,"active_days":1,"window_days":30,"active_day_ratio":0.033,"represented_seconds":32400,"freshness_days":376,"freshness_status":"historical","source_dataset_id":"173134","source_updated_at":"2025-12-18 12:06:46","spatial_precision":"official_point","join_method":"station_id","weight_basis":["period_duration"],"built_at":"2026-08-27T00:00:00+00:00"}},{"type":"Feature","geometry":{"type":"Point","coordinates":[120.821511,24.499992]},"properties":{"station_id":"0807620TN001","station_name":"公館鄉館南村","station_type":"road","station_type_raw":"道路交通噪音","county":"苗栗縣","address":"公館鄉館南村193號旁","station_status":"使用中","area_type":"第三類","feature_id":"0807620TN001:173134:day","period_type":"day","laeq_window_db":62.7,"window_start":"2025-07-18","window_end":"2025-08-16","latest_observation_date":"2025-08-16","sample_count":1,"active_days":1,"window_days":30,"active_day_ratio":0.033,"represented_seconds":46800,"freshness_days":376,"freshness_status":"historical","source_dataset_id":"173134","source_updated_at":"2025-12-18 12:06:46","spatial_precision":"official_point","join_method":"station_id","weight_basis":["period_duration"],"built_at":"2026-08-27T00:00:00+00:00"}},{"type":"Feature","geometry":{"type":"Point","coordinates":[120.821511,24.499992]},"properties":{"station_id":"0807620TN001","station_name":"公館鄉館南村","station_type":"road","station_type_raw":"道路交通噪音","county":"苗栗縣","address":"公館鄉館南村193號旁","station_status":"使用中","area_type":"第三類","feature_id":"0807620TN001:173134:evening","period_type":"evening","laeq_window_db":55.0,"window_start":"2025-07-18","window_end":"2025-08-16","latest_observation_date":"2025-08-16","sample_count":1,"active_days":1,"window_days":30,"active_day_ratio":0.033,"represented_seconds":7200,"freshness_days":376,"freshness_status":"historical","source_dataset_id":"173134","source_updated_at":"2025-12-18 12:06:46","spatial_precision":"official_point","join_method":"station_id","weight_basis":["period_duration"],"built_at":"2026-08-27T00:00:00+00:00"}},{"type":"Feature","geometry":{"type":"Point","coordinates":[120.821511,24.499992]},"properties":{"station_id":"0807620TN001","station_name":"公館鄉館南村","station_type":"road","station_type_raw":"道路交通噪音","county":"苗栗縣","address":"公館鄉館南村193號旁","station_status":"使用中","area_type":"第三類","feature_id":"0807620TN001:173134:night","period_type":"night","laeq_window_db":51.4,"window_start":"2025-07-18","window_end":"2025-08-16","latest_observation_date":"2025-08-16","sample_count":1,"active_days":1,"window_days":30,"active_day_ratio":0.033,"represented_seconds":32400,"freshness_days":376,"freshness_status":"historical","source_dataset_id":"173134","source_updated_at":"2025-12-18 12:06:46","spatial_precision":"official_point","join_method":"station_id","weight_basis":["period_duration"],"built_at":"2026-08-27T00:00:00+00:00"}},{"type":"Feature","geometry":{"type":"Point","coordinates":[120.792414,24.482618]},"properties":{"station_id":"0807720EN002","station_name":"銅鑼鄉銅鑼工業區","station_type":"environment","station_type_raw":"一般地區環境音量","county":"苗栗縣","address":"銅鑼鄉銅鑼村光麗新城2號旁福德祠","station_status":"使用中","area_type":"第一類","feature_id":"0807720EN002:173134:day","period_type":"day","laeq_window_db":70.1,"window_start":"2025-07-18","window_end":"2025-08-16","latest_observation_date":"2025-08-16","sample_count":1,"active_days":1,"window_days":30,"active_day_ratio":0.033,"represented_seconds":46800,"freshness_days":376,"freshness_status":"historical","source_dataset_id":"173134","source_updated_at":"2025-12-18 12:06:46","spatial_precision":"official_point","join_method":"station_id","weight_basis":["period_duration"],"built_at":"2026-08-27T00:00:00+00:00"}},{"type":"Feature","geometry":{"type":"Point","coordinates":[120.792414,24.482618]},"properties":{"station_id":"0807720EN002","station_name":"銅鑼鄉銅鑼工業區","station_type":"environment","station_type_raw":"一般地區環境音量","county":"苗栗縣","address":"銅鑼鄉銅鑼村光麗新城2號旁福德祠","station_status":"使用中","area_type":"第一類","feature_id":"0807720EN002:173134:evening","period_type":"evening","laeq_window_db":62.4,"window_start":"2025-07-18","window_end":"2025-08-16","latest_observation_date":"2025-08-16","sample_count":1,"active_days":1,"window_days":30,"active_day_ratio":0.033,"represented_seconds":7200,"freshness_days":376,"freshness_status":"historical","source_dataset_id":"173134","source_updated_at":"2025-12-18 12:06:46","spatial_precision":"official_point","join_method":"station_id","weight_basis":["period_duration"],"built_at":"2026-08-27T00:00:00+00:00"}},{"type":"Feature","geometry":{"type":"Point","coordinates":[120.792414,24.482618]},"properties":{"station_id":"0807720EN002","station_name":"銅鑼鄉銅鑼工業區","station_type":"environment","station_type_raw":"一般地區環境音量","county":"苗栗縣","address":"銅鑼鄉銅鑼村光麗新城2號旁福德祠","station_status":"使用中","area_type":"第一類","feature_id":"0807720EN002:173134:night","period_type":"night","laeq_window_db":57.8,"window_start":"2025-07-18","window_end":"2025-08-16","latest_observation_date":"2025-08-16","sample_count":1,"active_days":1,"window_days":30,"active_day_ratio":0.033,"represented_seconds":32400,"freshness_days":376,"freshness_status":"historical","source_dataset_id":"173134","source_updated_at":"2025-12-18 12:06:46","spatial_precision":"official_point","join_method":"station_id","weight_basis":["period_duration"],"built_at":"2026-08-27T00:00:00+00:00"}},{"type":"Feature","geometry":{"type":"Point","coordinates":[120.800879,24.493924]},"properties":{"station_id":"0807720TN001","station_name":"銅鑼鄉中興工業區","station_type":"road","station_type_raw":"道路交通噪音","county":"苗栗縣","address":"銅鑼鄉中平村中興路3號前方","station_status":"使用中","area_type":"第一類","feature_id":"0807720TN001:173134:day","period_type":"day","laeq_window_db":67.7,"window_start":"2025-07-18","window_end":"2025-08-16","latest_observation_date":"2025-08-16","sample_count":1,"active_days":1,"window_days":30,"active_day_ratio":0.033,"represented_seconds":46800,"freshness_days":376,"freshness_status":"historical","source_dataset_id":"173134","source_updated_at":"2025-12-18 12:06:46","spatial_precision":"official_point","join_method":"station_id","weight_basis":["period_duration"],"built_at":"2026-08-27T00:00:00+00:00"}},{"type":"Feature","geometry":{"type":"Point","coordinates":[120.800879,24.493924]},"properties":{"station_id":"0807720TN001","station_name":"銅鑼鄉中興工業區","station_type":"road","station_type_raw":"道路交通噪音","county":"苗栗縣","address":"銅鑼鄉中平村中興路3號前方","station_status":"使用中","area_type":"第一類","feature_id":"0807720TN001:173134:evening","period_type":"evening","laeq_window_db":66.2,"window_start":"2025-07-18","window_end":"2025-08-16","latest_observation_date":"2025-08-16","sample_count":1,"active_days":1,"window_days":30,"active_day_ratio":0.033,"represented_seconds":7200,"freshness_days":376,"freshness_status":"historical","source_dataset_id":"173134","source_updated_at":"2025-12-18 12:06:46","spatial_precision":"official_point","join_method":"station_id","weight_basis":["period_duration"],"built_at":"2026-08-27T00:00:00+00:00"}},{"type":"Feature","geometry":{"type":"Point","coordinates":[120.800879,24.493924]},"properties":{"station_id":"0807720TN001","station_name":"銅鑼鄉中興工業區","station_type":"road","station_type_raw":"道路交通噪音","county":"苗栗縣","address":"銅鑼鄉中平村中興路3號前方","station_status":"使用中","area_type":"第一類","feature_id":"0807720TN001:173134:night","period_type":"night","laeq_window_db":58.9,"window_start":"2025-07-18","window_end":"2025-08-16","latest_observation_date":"2025-08-16","sample_count":1,"active_days":1,"window_days":30,"active_day_ratio":0.033,"represented_seconds":32400,"freshness_days":376,"freshness_status":"historical","source_dataset_id":"173134","source_updated_at":"2025-12-18 12:06:46","spatial_precision":"official_point","join_method":"station_id","weight_basis":["period_duration"],"built_at":"2026-08-27T00:00:00+00:00"}},{"type":"Feature","geometry":{"type":"Point","coordinates":[120.85425,24.582105]},"properties":{"station_id":"0807920EN002","station_name":"頭屋鄉北坑村","station_type":"environment","station_type_raw":"一般地區環境音量","county":"苗栗縣","address":"頭屋鄉北坑村9鄰56號前方30公尺土地公廟","station_status":"使用中","area_type":"第三類","feature_id":"0807920EN002:173134:day","period_type":"day","laeq_window_db":57.9,"window_start":"2025-07-18","window_end":"2025-08-16","latest_observation_date":"2025-08-16","sample_count":1,"active_days":1,"window_days":30,"active_day_ratio":0.033,"represented_seconds":46800,"freshness_days":376,"freshness_status":"historical","source_dataset_id":"173134","source_updated_at":"2025-12-18 12:06:46","spatial_precision":"official_point","join_method":"station_id","weight_basis":["period_duration"],"built_at":"2026-08-27T00:00:00+00:00"}},{"type":"Feature","geometry":{"type":"Point","coordinates":[120.85425,24.582105]},"properties":{"station_id":"0807920EN002","station_name":"頭屋鄉北坑村","station_type":"environment","station_type_raw":"一般地區環境音量","county":"苗栗縣","address":"頭屋鄉北坑村9鄰56號前方30公尺土地公廟","station_status":"使用中","area_type":"第三類","feature_id":"0807920EN002:173134:evening","period_type":"evening","laeq_window_db":51.6,"window_start":"2025-07-18","window_end":"2025-08-16","latest_observation_date":"2025-08-16","sample_count":1,"active_days":1,"window_days":30,"active_day_ratio":0.033,"represented_seconds":7200,"freshness_days":376,"freshness_status":"historical","source_dataset_id":"173134","source_updated_at":"2025-12-18 12:06:46","spatial_precision":"official_point","join_method":"station_id","weight_basis":["period_duration"],"built_at":"2026-08-27T00:00:00+00:00"}},{"type":"Feature","geometry":{"type":"Point","coordinates":[120.85425,24.582105]},"properties":{"station_id":"0807920EN002","station_name":"頭屋鄉北坑村","station_type":"environment","station_type_raw":"一般地區環境音量","county":"苗栗縣","address":"頭屋鄉北坑村9鄰56號前方30公尺土地公廟","station_status":"使用中","area_type":"第三類","feature_id":"0807920EN002:173134:night","period_type":"night","laeq_window_db":49.8,"window_start":"2025-07-18","window_end":"2025-08-16","latest_observation_date":"2025-08-16","sample_count":1,"active_days":1,"window_days":30,"active_day_ratio":0.033,"represented_seconds":32400,"freshness_days":376,"freshness_status":"historical","source_dataset_id":"173134","source_updated_at":"2025-12-18 12:06:46","spatial_precision":"official_point","join_method":"station_id","weight_basis":["period_duration"],"built_at":"2026-08-27T00:00:00+00:00"}},{"type":"Feature","geometry":{"type":"Point","coordinates":[120.746613,24.376105]},"properties":{"station_id":"0808020EN001","station_name":"三義鄉三義工業區","station_type":"environment","station_type_raw":"一般地區環境音量","county":"苗栗縣","address":"三義鄉三義工業區管理中心後方","station_status":"使用中","area_type":"第一類","feature_id":"0808020EN001:173134:day","period_type":"day","laeq_window_db":70.4,"window_start":"2025-07-18","window_end":"2025-08-16","latest_observation_date":"2025-08-16","sample_count":1,"active_days":1,"window_days":30,"active_day_ratio":0.033,"represented_seconds":46800,"freshness_days":376,"freshness_status":"historical","source_dataset_id":"173134","source_updated_at":"2025-12-18 12:06:46","spatial_precision":"official_point","join_method":"station_id","weight_basis":["period_duration"],"built_at":"2026-08-27T00:00:00+00:00"}},{"type":"Feature","geometry":{"type":"Point","coordinates":[120.746613,24.376105]},"properties":{"station_id":"0808020EN001","station_name":"三義鄉三義工業區","station_type":"environment","station_type_raw":"一般地區環境音量","county":"苗栗縣","address":"三義鄉三義工業區管理中心後方","station_status":"使用中","area_type":"第一類","feature_id":"0808020EN001:173134:evening","period_type":"evening","laeq_window_db":62.3,"window_start":"2025-07-18","window_end":"2025-08-16","latest_observation_date":"2025-08-16","sample_count":1,"active_days":1,"window_days":30,"active_day_ratio":0.033,"represented_seconds":7200,"freshness_days":376,"freshness_status":"historical","source_dataset_id":"173134","source_updated_at":"2025-12-18 12:06:46","spatial_precision":"official_point","join_method":"station_id","weight_basis":["period_duration"],"built_at":"2026-08-27T00:00:00+00:00"}},{"type":"Feature","geometry":{"type":"Point","coordinates":[120.746613,24.376105]},"properties":{"station_id":"0808020EN001","station_name":"三義鄉三義工業區","station_type":"environment","station_type_raw":"一般地區環境音量","county":"苗栗縣","address":"三義鄉三義工業區管理中心後方","station_status":"使用中","area_type":"第一類","feature_id":"0808020EN001:173134:night","period_type":"night","laeq_window_db":57.9,"window_start":"2025-07-18","window_end":"2025-08-16","latest_observation_date":"2025-08-16","sample_count":1,"active_days":1,"window_days":30,"active_day_ratio":0.033,"represented_seconds":32400,"freshness_days":376,"freshness_status":"historical","source_dataset_id":"173134","source_updated_at":"2025-12-18 12:06:46","spatial_precision":"official_point","join_method":"station_id","weight_basis":["period_duration"],"built_at":"2026-08-27T00:00:00+00:00"}},{"type":"Feature","geometry":{"type":"Point","coordinates":[120.775012,24.518594]},"properties":{"station_id":"0808120EN001","station_name":"西湖鄉五湖村","station_type":"environment","station_type_raw":"一般地區環境音量","county":"苗栗縣","address":"西湖鄉五湖村上灣福德祠","station_status":"使用中","area_type":"第二類","feature_id":"0808120EN001:173134:day","period_type":"day","laeq_window_db":56.9,"window_start":"2025-07-18","window_end":"2025-08-16","latest_observation_date":"2025-08-16","sample_count":1,"active_days":1,"window_days":30,"active_day_ratio":0.033,"represented_seconds":46800,"freshness_days":376,"freshness_status":"historical","source_dataset_id":"173134","source_updated_at":"2025-12-18 12:06:46","spatial_precision":"official_point","join_method":"station_id","weight_basis":["period_duration"],"built_at":"2026-08-27T00:00:00+00:00"}},{"type":"Feature","geometry":{"type":"Point","coordinates":[120.775012,24.518594]},"properties":{"station_id":"0808120EN001","station_name":"西湖鄉五湖村","station_type":"environment","station_type_raw":"一般地區環境音量","county":"苗栗縣","address":"西湖鄉五湖村上灣福德祠","station_status":"使用中","area_type":"第二類","feature_id":"0808120EN001:173134:evening","period_type":"evening","laeq_window_db":50.2,"window_start":"2025-07-18","window_end":"2025-08-16","latest_observation_date":"2025-08-16","sample_count":1,"active_days":1,"window_days":30,"active_day_ratio":0.033,"represented_seconds":7200,"freshness_days":376,"freshness_status":"historical","source_dataset_id":"173134","source_updated_at":"2025-12-18 12:06:46","spatial_precision":"official_point","join_method":"station_id","weight_basis":["period_duration"],"built_at":"2026-08-27T00:00:00+00:00"}},{"type":"Feature","geometry":{"type":"Point","coordinates":[120.775012,24.518594]},"properties":{"station_id":"0808120EN001","station_name":"西湖鄉五湖村","station_type":"environment","station_type_raw":"一般地區環境音量","county":"苗栗縣","address":"西湖鄉五湖村上灣福德祠","station_status":"使用中","area_type":"第二類","feature_id":"0808120EN001:173134:night","period_type":"night","laeq_window_db":44.0,"window_start":"2025-07-18","window_end":"2025-08-16","latest_observation_date":"2025-08-16","sample_count":1,"active_days":1,"window_days":30,"active_day_ratio":0.033,"represented_seconds":32400,"freshness_days":376,"freshness_status":"historical","source_dataset_id":"173134","source_updated_at":"2025-12-18 12:06:46","spatial_precision":"official_point","join_method":"station_id","weight_basis":["period_duration"],"built_at":"2026-08-27T00:00:00+00:00"}},{"type":"Feature","geometry":{"type":"Point","coordinates":[120.843789,24.648202]},"properties":{"station_id":"0808220TN001","station_name":"造橋鄉龍昇村","station_type":"road","station_type_raw":"道路交通噪音","county":"苗栗縣","address":"苗栗縣造橋鄉龍昇村學府路82號旁","station_status":"使用中","area_type":"第二類","feature_id":"0808220TN001:173134:day","period_type":"day","laeq_window_db":65.8,"window_start":"2025-07-18","window_end":"2025-08-16","latest_observation_date":"2025-08-16","sample_count":2,"active_days":2,"window_days":30,"active_day_ratio":0.067,"represented_seconds":93600,"freshness_days":376,"freshness_status":"historical","source_dataset_id":"173134","source_updated_at":"2025-12-18 12:06:46","spatial_precision":"official_point","join_method":"station_id","weight_basis":["period_duration"],"built_at":"2026-08-27T00:00:00+00:00"}},{"type":"Feature","geometry":{"type":"Point","coordinates":[120.843789,24.648202]},"properties":{"station_id":"0808220TN001","station_name":"造橋鄉龍昇村","station_type":"road","station_type_raw":"道路交通噪音","county":"苗栗縣","address":"苗栗縣造橋鄉龍昇村學府路82號旁","station_status":"使用中","area_type":"第二類","feature_id":"0808220TN001:173134:evening","period_type":"evening","laeq_window_db":64.9,"window_start":"2025-07-18","window_end":"2025-08-16","latest_observation_date":"2025-08-16","sample_count":2,"active_days":2,"window_days":30,"active_day_ratio":0.067,"represented_seconds":14400,"freshness_days":376,"freshness_status":"historical","source_dataset_id":"173134","source_updated_at":"2025-12-18 12:06:46","spatial_precision":"official_point","join_method":"station_id","weight_basis":["period_duration"],"built_at":"2026-08-27T00:00:00+00:00"}},{"type":"Feature","geometry":{"type":"Point","coordinates":[120.843789,24.648202]},"properties":{"station_id":"0808220TN001","station_name":"造橋鄉龍昇村","station_type":"road","station_type_raw":"道路交通噪音","county":"苗栗縣","address":"苗栗縣造橋鄉龍昇村學府路82號旁","station_status":"使用中","area_type":"第二類","feature_id":"0808220TN001:173134:night","period_type":"night","laeq_window_db":57.1,"window_start":"2025-07-18","window_end":"2025-08-16","latest_observation_date":"2025-08-16","sample_count":2,"active_days":2,"window_days":30,"active_day_ratio":0.067,"represented_seconds":64800,"freshness_days":376,"freshness_status":"historical","source_dataset_id":"173134","source_updated_at":"2025-12-18 12:06:46","spatial_precision":"official_point","join_method":"station_id","weight_basis":["period_duration"],"built_at":"2026-08-27T00:00:00+00:00"}},{"type":"Feature","geometry":{"type":"Point","coordinates":[120.965942,24.38487]},"properties":{"station_id":"0808520EN001","station_name":"泰安鄉梅園村","station_type":"environment","station_type_raw":"一般地區環境音量","county":"苗栗縣","address":"苗栗縣泰安鄉梅園村6鄰30號附近","station_status":"使用中","area_type":"第一類","feature_id":"0808520EN001:173134:day","period_type":"day","laeq_window_db":49.1,"window_start":"2025-07-18","window_end":"2025-08-16","latest_observation_date":"2025-08-16","sample_count":1,"active_days":1,"window_days":30,"active_day_ratio":0.033,"represented_seconds":46800,"freshness_days":376,"freshness_status":"historical","source_dataset_id":"173134","source_updated_at":"2025-12-18 12:06:46","spatial_precision":"official_point","join_method":"station_id","weight_basis":["period_duration"],"built_at":"2026-08-27T00:00:00+00:00"}},{"type":"Feature","geometry":{"type":"Point","coordinates":[120.965942,24.38487]},"properties":{"station_id":"0808520EN001","station_name":"泰安鄉梅園村","station_type":"environment","station_type_raw":"一般地區環境音量","county":"苗栗縣","address":"苗栗縣泰安鄉梅園村6鄰30號附近","station_status":"使用中","area_type":"第一類","feature_id":"0808520EN001:173134:evening","period_type":"evening","laeq_window_db":48.3,"window_start":"2025-07-18","window_end":"2025-08-16","latest_observation_date":"2025-08-16","sample_count":1,"active_days":1,"window_days":30,"active_day_ratio":0.033,"represented_seconds":7200,"freshness_days":376,"freshness_status":"historical","source_dataset_id":"173134","source_updated_at":"2025-12-18 12:06:46","spatial_precision":"official_point","join_method":"station_id","weight_basis":["period_duration"],"built_at":"2026-08-27T00:00:00+00:00"}},{"type":"Feature","geometry":{"type":"Point","coordinates":[120.965942,24.38487]},"properties":{"station_id":"0808520EN001","station_name":"泰安鄉梅園村","station_type":"environment","station_type_raw":"一般地區環境音量","county":"苗栗縣","address":"苗栗縣泰安鄉梅園村6鄰30號附近","station_status":"使用中","area_type":"第一類","feature_id":"0808520EN001:173134:night","period_type":"night","laeq_window_db":40.8,"window_start":"2025-07-18","window_end":"2025-08-16","latest_observation_date":"2025-08-16","sample_count":1,"active_days":1,"window_days":30,"active_day_ratio":0.033,"represented_seconds":32400,"freshness_days":376,"freshness_status":"historical","source_dataset_id":"173134","source_updated_at":"2025-12-18 12:06:46","spatial_precision":"official_point","join_method":"station_id","weight_basis":["period_duration"],"built_at":"2026-08-27T00:00:00+00:00"}},{"type":"Feature","geometry":{"type":"Point","coordinates":[120.978978,24.392961]},"properties":{"station_id":"0808520TN001","station_name":"泰安鄉梅園村","station_type":"road","station_type_raw":"道路交通噪音","county":"苗栗縣","address":"泰安鄉梅園村9號附近","station_status":"使用中","area_type":"第一類","feature_id":"0808520TN001:173134:day","period_type":"day","laeq_window_db":61.5,"window_start":"2025-07-18","window_end":"2025-08-16","latest_observation_date":"2025-08-16","sample_count":1,"active_days":1,"window_days":30,"active_day_ratio":0.033,"represented_seconds":46800,"freshness_days":376,"freshness_status":"historical","source_dataset_id":"173134","source_updated_at":"2025-12-18 12:06:46","spatial_precision":"official_point","join_method":"station_id","weight_basis":["period_duration"],"built_at":"2026-08-27T00:00:00+00:00"}},{"type":"Feature","geometry":{"type":"Point","coordinates":[120.978978,24.392961]},"properties":{"station_id":"0808520TN001","station_name":"泰安鄉梅園村","station_type":"road","station_type_raw":"道路交通噪音","county":"苗栗縣","address":"泰安鄉梅園村9號附近","station_status":"使用中","area_type":"第一類","feature_id":"0808520TN001:173134:evening","period_type":"evening","laeq_window_db":60.4,"window_start":"2025-07-18","window_end":"2025-08-16","latest_observation_date":"2025-08-16","sample_count":1,"active_days":1,"window_days":30,"active_day_ratio":0.033,"represented_seconds":7200,"freshness_days":376,"freshness_status":"historical","source_dataset_id":"173134","source_updated_at":"2025-12-18 12:06:46","spatial_precision":"official_point","join_method":"station_id","weight_basis":["period_duration"],"built_at":"2026-08-27T00:00:00+00:00"}},{"type":"Feature","geometry":{"type":"Point","coordinates":[120.978978,24.392961]},"properties":{"station_id":"0808520TN001","station_name":"泰安鄉梅園村","station_type":"road","station_type_raw":"道路交通噪音","county":"苗栗縣","address":"泰安鄉梅園村9號附近","station_status":"使用中","area_type":"第一類","feature_id":"0808520TN001:173134:night","period_type":"night","laeq_window_db":52.7,"window_start":"2025-07-18","window_end":"2025-08-16","latest_observation_date":"2025-08-16","sample_count":1,"active_days":1,"window_days":30,"active_day_ratio":0.033,"represented_seconds":32400,"freshness_days":376,"freshness_status":"historical","source_dataset_id":"173134","source_updated_at":"2025-12-18 12:06:46","spatial_precision":"official_point","join_method":"station_id","weight_basis":["period_duration"],"built_at":"2026-08-27T00:00:00+00:00"}},{"type":"Feature","geometry":{"type":"Point","coordinates":[120.558482,24.064716]},"properties":{"station_id":"1010720EN001","station_name":"彰化市環境測站","station_type":"environment","station_type_raw":"一般地區環境音量","county":"彰化縣","address":"彰化市師大路2號","station_status":"使用中","area_type":"第二類","feature_id":"1010720EN001:unavailable","period_type":"unavailable","laeq_window_db":null,"window_start":null,"window_end":null,"latest_observation_date":null,"sample_count":0,"active_days":0,"window_days":30,"active_day_ratio":0.0,"represented_seconds":0,"freshness_days":null,"freshness_status":"unavailable","source_dataset_id":"28185","source_updated_at":"2026-08-27 01:07:58","spatial_precision":"official_point","join_method":"national_station_only","built_at":"2026-08-27T00:00:00+00:00"}},{"type":"Feature","geometry":{"type":"Point","coordinates":[120.552592,24.067988]},"properties":{"station_id":"1010720EN005","station_name":"環保局","station_type":"environment","station_type_raw":"一般地區環境音量","county":"彰化縣","address":"彰化市健興路1號","station_status":"使用中","area_type":"第三類","feature_id":"1010720EN005:unavailable","period_type":"unavailable","laeq_window_db":null,"window_start":null,"window_end":null,"latest_observation_date":null,"sample_count":0,"active_days":0,"window_days":30,"active_day_ratio":0.0,"represented_seconds":0,"freshness_days":null,"freshness_status":"unavailable","source_dataset_id":"28185","source_updated_at":"2026-08-27 01:07:58","spatial_precision":"official_point","join_method":"national_station_only","built_at":"2026-08-27T00:00:00+00:00"}},{"type":"Feature","geometry":{"type":"Point","coordinates":[120.56213,24.087407]},"properties":{"station_id":"1010720TN001","station_name":"彰化市交通測站","station_type":"road","station_type_raw":"道路交通噪音","county":"彰化縣","address":"彰化市中山路3段359號","station_status":"使用中","area_type":"第一類","feature_id":"1010720TN001:unavailable","period_type":"unavailable","laeq_window_db":null,"window_start":null,"window_end":null,"latest_observation_date":null,"sample_count":0,"active_days":0,"window_days":30,"active_day_ratio":0.0,"represented_seconds":0,"freshness_days":null,"freshness_status":"unavailable","source_dataset_id":"28185","source_updated_at":"2026-08-27 01:07:58","spatial_precision":"official_point","join_method":"national_station_only","built_at":"2026-08-27T00:00:00+00:00"}},{"type":"Feature","geometry":{"type":"Point","coordinates":[120.534402,24.05802]},"properties":{"station_id":"1010726TN002","station_name":"彰化市固定交通測站","station_type":"road","station_type_raw":"道路交通噪音","county":"彰化縣","address":"彰化市南興里中山路一段213號","station_status":"使用中","area_type":"第二類","feature_id":"1010726TN002:unavailable","period_type":"unavailable","laeq_window_db":null,"window_start":null,"window_end":null,"latest_observation_date":null,"sample_count":0,"active_days":0,"window_days":30,"active_day_ratio":0.0,"represented_seconds":0,"freshness_days":null,"freshness_status":"unavailable","source_dataset_id":"28185","source_updated_at":"2026-08-27 01:07:58","spatial_precision":"official_point","join_method":"national_station_only","built_at":"2026-08-27T00:00:00+00:00"}},{"type":"Feature","geometry":{"type":"Point","coordinates":[120.515749,23.869542]},"properties":{"station_id":"1011020EN001","station_name":"北斗鎮環境測站","station_type":"environment","station_type_raw":"一般地區環境音量","county":"彰化縣","address":"北斗鎮中山路1段260巷36弄15號","station_status":"使用中","area_type":"第一類","feature_id":"1011020EN001:unavailable","period_type":"unavailable","laeq_window_db":null,"window_start":null,"window_end":null,"latest_observation_date":null,"sample_count":0,"active_days":0,"window_days":30,"active_day_ratio":0.0,"represented_seconds":0,"freshness_days":null,"freshness_status":"unavailable","source_dataset_id":"28185","source_updated_at":"2026-08-27 01:07:58","spatial_precision":"official_point","join_method":"national_station_only","built_at":"2026-08-27T00:00:00+00:00"}},{"type":"Feature","geometry":{"type":"Point","coordinates":[120.563791,23.967826]},"properties":{"station_id":"1011120EN002","station_name":"員林鎮環境測站","station_type":"environment","station_type_raw":"一般地區環境音量","county":"彰化縣","address":"員林市興隆街上公園(近復興五街)","station_status":"使用中","area_type":"第三類","feature_id":"1011120EN002:unavailable","period_type":"unavailable","laeq_window_db":null,"window_start":null,"window_end":null,"latest_observation_date":null,"sample_count":0,"active_days":0,"window_days":30,"active_day_ratio":0.0,"represented_seconds":0,"freshness_days":null,"freshness_status":"unavailable","source_dataset_id":"28185","source_updated_at":"2026-08-27 01:07:58","spatial_precision":"official_point","join_method":"national_station_only","built_at":"2026-08-27T00:00:00+00:00"}},{"type":"Feature","geometry":{"type":"Point","coordinates":[120.341719,23.582435]},"properties":{"station_id":"1011126TN002","station_name":"員林鎮固定交通測站","station_type":"road","station_type_raw":"道路交通噪音","county":"彰化縣","address":"員林市中山路二段280號(面對僑信國小門口左方)","station_status":"使用中","area_type":"第二類","feature_id":"1011126TN002:unavailable","period_type":"unavailable","laeq_window_db":null,"window_start":null,"window_end":null,"latest_observation_date":null,"sample_count":0,"active_days":0,"window_days":30,"active_day_ratio":0.0,"represented_seconds":0,"freshness_days":null,"freshness_status":"unavailable","source_dataset_id":"28185","source_updated_at":"2026-08-27 01:07:58","spatial_precision":"official_point","join_method":"national_station_only","built_at":"2026-08-27T00:00:00+00:00"}},{"type":"Feature","geometry":{"type":"Point","coordinates":[120.486508,23.967627]},"properties":{"station_id":"1011220TN001","station_name":"溪湖鎮交通測站","station_type":"road","station_type_raw":"道路交通噪音","county":"彰化縣","address":"溪湖鎮大溪路二段110號","station_status":"使用中","area_type":"第三類","feature_id":"1011220TN001:unavailable","period_type":"unavailable","laeq_window_db":null,"window_start":null,"window_end":null,"latest_observation_date":null,"sample_count":0,"active_days":0,"window_days":30,"active_day_ratio":0.0,"represented_seconds":0,"freshness_days":null,"freshness_status":"unavailable","source_dataset_id":"28185","source_updated_at":"2026-08-27 01:07:58","spatial_precision":"official_point","join_method":"national_station_only","built_at":"2026-08-27T00:00:00+00:00"}},{"type":"Feature","geometry":{"type":"Point","coordinates":[120.493235,24.026534]},"properties":{"station_id":"1011820TN001","station_name":"秀水鄉交通測站","station_type":"road","station_type_raw":"道路交通噪音","county":"彰化縣","address":"秀水鄉埔崙村彰水路2段341號","station_status":"使用中","area_type":"第二類","feature_id":"1011820TN001:unavailable","period_type":"unavailable","laeq_window_db":null,"window_start":null,"window_end":null,"latest_observation_date":null,"sample_count":0,"active_days":0,"window_days":30,"active_day_ratio":0.0,"represented_seconds":0,"freshness_days":null,"freshness_status":"unavailable","source_dataset_id":"28185","source_updated_at":"2026-08-27 01:07:58","spatial_precision":"official_point","join_method":"national_station_only","built_at":"2026-08-27T00:00:00+00:00"}},{"type":"Feature","geometry":{"type":"Point","coordinates":[120.538189,24.029581]},"properties":{"station_id":"1011920TN001","station_name":"花壇鄉交通測站","station_type":"road","station_type_raw":"道路交通噪音","county":"彰化縣","address":"花壇鄉南口村中山路2段182號","station_status":"使用中","area_type":"第二類","feature_id":"1011920TN001:unavailable","period_type":"unavailable","laeq_window_db":null,"window_start":null,"window_end":null,"latest_observation_date":null,"sample_count":0,"active_days":0,"window_days":30,"active_day_ratio":0.0,"represented_seconds":0,"freshness_days":null,"freshness_status":"unavailable","source_dataset_id":"28185","source_updated_at":"2026-08-27 01:07:58","spatial_precision":"official_point","join_method":"national_station_only","built_at":"2026-08-27T00:00:00+00:00"}},{"type":"Feature","geometry":{"type":"Point","coordinates":[120.616784,23.811125]},"properties":{"station_id":"1012620EN001","station_name":"二水鄉環境測站","station_type":"environment","station_type_raw":"一般地區環境音量","county":"彰化縣","address":"二水鄉文化村光文路119號","station_status":"使用中","area_type":"第二類","feature_id":"1012620EN001:unavailable","period_type":"unavailable","laeq_window_db":null,"window_start":null,"window_end":null,"latest_observation_date":null,"sample_count":0,"active_days":0,"window_days":30,"active_day_ratio":0.0,"represented_seconds":0,"freshness_days":null,"freshness_status":"unavailable","source_dataset_id":"28185","source_updated_at":"2026-08-27 01:07:58","spatial_precision":"official_point","join_method":"national_station_only","built_at":"2026-08-27T00:00:00+00:00"}},{"type":"Feature","geometry":{"type":"Point","coordinates":[120.321756,23.922983]},"properties":{"station_id":"1012920TN001","station_name":"芳苑鄉交通測站","station_type":"road","station_type_raw":"道路交通噪音","county":"彰化縣","address":"芳苑鄉斗苑路163號","station_status":"使用中","area_type":"第三類","feature_id":"1012920TN001:unavailable","period_type":"unavailable","laeq_window_db":null,"window_start":null,"window_end":null,"latest_observation_date":null,"sample_count":0,"active_days":0,"window_days":30,"active_day_ratio":0.0,"represented_seconds":0,"freshness_days":null,"freshness_status":"unavailable","source_dataset_id":"28185","source_updated_at":"2026-08-27 01:07:58","spatial_precision":"official_point","join_method":"national_station_only","built_at":"2026-08-27T00:00:00+00:00"}},{"type":"Feature","geometry":{"type":"Point","coordinates":[120.704942,23.919501]},"properties":{"station_id":"1113320EN003","station_name":"南投市軍功營區站","station_type":"environment","station_type_raw":"一般地區環境音量","county":"南投縣","address":"南投市東山里軍功營區","station_status":"使用中","area_type":"第二類","feature_id":"1113320EN003:unavailable","period_type":"unavailable","laeq_window_db":null,"window_start":null,"window_end":null,"latest_observation_date":null,"sample_count":0,"active_days":0,"window_days":30,"active_day_ratio":0.0,"represented_seconds":0,"freshness_days":null,"freshness_status":"unavailable","source_dataset_id":"28185","source_updated_at":"2026-08-27 01:07:58","spatial_precision":"official_point","join_method":"national_station_only","built_at":"2026-08-27T00:00:00+00:00"}},{"type":"Feature","geometry":{"type":"Point","coordinates":[120.700479,23.9358]},"properties":{"station_id":"1113320TN002","station_name":"中興新村站","station_type":"road","station_type_raw":"道路交通噪音","county":"南投縣","address":"南投市中興新村光明一路252號旁","station_status":"使用中","area_type":"第二類","feature_id":"1113320TN002:unavailable","period_type":"unavailable","laeq_window_db":null,"window_start":null,"window_end":null,"latest_observation_date":null,"sample_count":0,"active_days":0,"window_days":30,"active_day_ratio":0.0,"represented_seconds":0,"freshness_days":null,"freshness_status":"unavailable","source_dataset_id":"28185","source_updated_at":"2026-08-27 01:07:58","spatial_precision":"official_point","join_method":"national_station_only","built_at":"2026-08-27T00:00:00+00:00"}},{"type":"Feature","geometry":{"type":"Point","coordinates":[120.668828,23.926621]},"properties":{"station_id":"1113320TN006","station_name":"南崗工業區南崗會堂站","station_type":"road","station_type_raw":"道路交通噪音","county":"南投縣","address":"南投市成功一路南崗工業區南崗會堂前","station_status":"使用中","area_type":"第一類","feature_id":"1113320TN006:unavailable","period_type":"unavailable","laeq_window_db":null,"window_start":null,"window_end":null,"latest_observation_date":null,"sample_count":0,"active_days":0,"window_days":30,"active_day_ratio":0.0,"represented_seconds":0,"freshness_days":null,"freshness_status":"unavailable","source_dataset_id":"28185","source_updated_at":"2026-08-27 01:07:58","spatial_precision":"official_point","join_method":"national_station_only","built_at":"2026-08-27T00:00:00+00:00"}},{"type":"Feature","geometry":{"type":"Point","coordinates":[120.68835,23.902312]},"properties":{"station_id":"1113326TN001","station_name":"南投站","station_type":"road","station_type_raw":"道路交通噪音","county":"南投縣","address":"","station_status":"使用中","area_type":"第三類","feature_id":"1113326TN001:unavailable","period_type":"unavailable","laeq_window_db":null,"window_start":null,"window_end":null,"latest_observation_date":null,"sample_count":0,"active_days":0,"window_days":30,"active_day_ratio":0.0,"represented_seconds":0,"freshness_days":null,"freshness_status":"unavailable","source_dataset_id":"28185","source_updated_at":"2026-08-27 01:07:58","spatial_precision":"official_point","join_method":"national_station_only","built_at":"2026-08-27T00:00:00+00:00"}},{"type":"Feature","geometry":{"type":"Point","coordinates":[120.669107,23.926954]},"properties":{"station_id":"1113326TN002","station_name":"南崗站","station_type":"road","station_type_raw":"道路交通噪音","county":"南投縣","address":"","station_status":"使用中","area_type":"第一類","feature_id":"1113326TN002:unavailable","period_type":"unavailable","laeq_window_db":null,"window_start":null,"window_end":null,"latest_observation_date":null,"sample_count":0,"active_days":0,"window_days":30,"active_day_ratio":0.0,"represented_seconds":0,"freshness_days":null,"freshness_status":"unavailable","source_dataset_id":"28185","source_updated_at":"2026-08-27 01:07:58","spatial_precision":"official_point","join_method":"national_station_only","built_at":"2026-08-27T00:00:00+00:00"}},{"type":"Feature","geometry":{"type":"Point","coordinates":[120.971746,23.957078]},"properties":{"station_id":"1113420EN005","station_name":"埔里環保公園站","station_type":"environment","station_type_raw":"一般地區環境音量","county":"南投縣","address":"南投縣埔里鎮杷城里民有三街20號旁","station_status":"使用中","area_type":"第三類","feature_id":"1113420EN005:unavailable","period_type":"unavailable","laeq_window_db":null,"window_start":null,"window_end":null,"latest_observation_date":null,"sample_count":0,"active_days":0,"window_days":30,"active_day_ratio":0.0,"represented_seconds":0,"freshness_days":null,"freshness_status":"unavailable","source_dataset_id":"28185","source_updated_at":"2026-08-27 01:07:58","spatial_precision":"official_point","join_method":"national_station_only","built_at":"2026-08-27T00:00:00+00:00"}},{"type":"Feature","geometry":{"type":"Point","coordinates":[120.678078,23.980197]},"properties":{"station_id":"1113520EN003","station_name":"草屯鎮衛生所站","station_type":"environment","station_type_raw":"一般地區環境音量","county":"南投縣","address":"南投縣草屯鎮炎峰里碧山路50號","station_status":"使用中","area_type":"第三類","feature_id":"1113520EN003:unavailable","period_type":"unavailable","laeq_window_db":null,"window_start":null,"window_end":null,"latest_observation_date":null,"sample_count":0,"active_days":0,"window_days":30,"active_day_ratio":0.0,"represented_seconds":0,"freshness_days":null,"freshness_status":"unavailable","source_dataset_id":"28185","source_updated_at":"2026-08-27 01:07:58","spatial_precision":"official_point","join_method":"national_station_only","built_at":"2026-08-27T00:00:00+00:00"}},{"type":"Feature","geometry":{"type":"Point","coordinates":[120.684428,23.965195]},"properties":{"station_id":"1113520TN003","station_name":"草屯鎮新生路站","station_type":"road","station_type_raw":"道路交通噪音","county":"南投縣","address":"南投縣草屯鎮新生路76號旁","station_status":"使用中","area_type":"第三類","feature_id":"1113520TN003:unavailable","period_type":"unavailable","laeq_window_db":null,"window_start":null,"window_end":null,"latest_observation_date":null,"sample_count":0,"active_days":0,"window_days":30,"active_day_ratio":0.0,"represented_seconds":0,"freshness_days":null,"freshness_status":"unavailable","source_dataset_id":"28185","source_updated_at":"2026-08-27 01:07:58","spatial_precision":"official_point","join_method":"national_station_only","built_at":"2026-08-27T00:00:00+00:00"}},{"type":"Feature","geometry":{"type":"Point","coordinates":[120.704641,23.767731]},"properties":{"station_id":"1113620EN004","station_name":"竹山工業區服務站","station_type":"environment","station_type_raw":"一般地區環境音量","county":"南投縣","address":"南投縣竹山鎮延平路5號旁","station_status":"使用中","area_type":"第一類","feature_id":"1113620EN004:unavailable","period_type":"unavailable","laeq_window_db":null,"window_start":null,"window_end":null,"latest_observation_date":null,"sample_count":0,"active_days":0,"window_days":30,"active_day_ratio":0.0,"represented_seconds":0,"freshness_days":null,"freshness_status":"unavailable","source_dataset_id":"28185","source_updated_at":"2026-08-27 01:07:58","spatial_precision":"official_point","join_method":"national_station_only","built_at":"2026-08-27T00:00:00+00:00"}},{"type":"Feature","geometry":{"type":"Point","coordinates":[120.688334,23.754318]},"properties":{"station_id":"1113620TN005","station_name":"竹山戶政事務所","station_type":"road","station_type_raw":"道路交通噪音","county":"南投縣","address":"南投縣竹山鎮中山里大智路823號旁","station_status":"使用中","area_type":"第三類","feature_id":"1113620TN005:unavailable","period_type":"unavailable","laeq_window_db":null,"window_start":null,"window_end":null,"latest_observation_date":null,"sample_count":0,"active_days":0,"window_days":30,"active_day_ratio":0.0,"represented_seconds":0,"freshness_days":null,"freshness_status":"unavailable","source_dataset_id":"28185","source_updated_at":"2026-08-27 01:07:58","spatial_precision":"official_point","join_method":"national_station_only","built_at":"2026-08-27T00:00:00+00:00"}},{"type":"Feature","geometry":{"type":"Point","coordinates":[120.780752,23.831067]},"properties":{"station_id":"1113720TN003","station_name":"集集民眾服務站","station_type":"road","station_type_raw":"道路交通噪音","county":"南投縣","address":"南投縣集集鎮集集里成功路69號旁","station_status":"使用中","area_type":"第二類","feature_id":"1113720TN003:unavailable","period_type":"unavailable","laeq_window_db":null,"window_start":null,"window_end":null,"latest_observation_date":null,"sample_count":0,"active_days":0,"window_days":30,"active_day_ratio":0.0,"represented_seconds":0,"freshness_days":null,"freshness_status":"unavailable","source_dataset_id":"28185","source_updated_at":"2026-08-27 01:07:58","spatial_precision":"official_point","join_method":"national_station_only","built_at":"2026-08-27T00:00:00+00:00"}},{"type":"Feature","geometry":{"type":"Point","coordinates":[120.9042,23.848319]},"properties":{"station_id":"1114120EN001","station_name":"魚池鄉日月潭進水口站","station_type":"environment","station_type_raw":"一般地區環境音量","county":"南投縣","address":"南投縣魚池鄉","station_status":"使用中","area_type":"第一類","feature_id":"1114120EN001:unavailable","period_type":"unavailable","laeq_window_db":null,"window_start":null,"window_end":null,"latest_observation_date":null,"sample_count":0,"active_days":0,"window_days":30,"active_day_ratio":0.0,"represented_seconds":0,"freshness_days":null,"freshness_status":"unavailable","source_dataset_id":"28185","source_updated_at":"2026-08-27 01:07:58","spatial_precision":"official_point","join_method":"national_station_only","built_at":"2026-08-27T00:00:00+00:00"}},{"type":"Feature","geometry":{"type":"Point","coordinates":[120.907132,23.863719]},"properties":{"station_id":"1114120TN001","station_name":"日月潭風景區站","station_type":"road","station_type_raw":"道路交通噪音","county":"南投縣","address":"南投縣魚池鄉日月潭中興路136號","station_status":"使用中","area_type":"第一類","feature_id":"1114120TN001:unavailable","period_type":"unavailable","laeq_window_db":null,"window_start":null,"window_end":null,"latest_observation_date":null,"sample_count":0,"active_days":0,"window_days":30,"active_day_ratio":0.0,"represented_seconds":0,"freshness_days":null,"freshness_status":"unavailable","source_dataset_id":"28185","source_updated_at":"2026-08-27 01:07:58","spatial_precision":"official_point","join_method":"national_station_only","built_at":"2026-08-27T00:00:00+00:00"}},{"type":"Feature","geometry":{"type":"Point","coordinates":[120.819014,24.030269]},"properties":{"station_id":"1114220EN002","station_name":"國姓鄉乾溝村辦公處站","station_type":"environment","station_type_raw":"一般地區環境音量","county":"南投縣","address":"南投縣國姓鄉乾溝村辦公室旁","station_status":"使用中","area_type":"第二類","feature_id":"1114220EN002:unavailable","period_type":"unavailable","laeq_window_db":null,"window_start":null,"window_end":null,"latest_observation_date":null,"sample_count":0,"active_days":0,"window_days":30,"active_day_ratio":0.0,"represented_seconds":0,"freshness_days":null,"freshness_status":"unavailable","source_dataset_id":"28185","source_updated_at":"2026-08-27 01:07:58","spatial_precision":"official_point","join_method":"national_station_only","built_at":"2026-08-27T00:00:00+00:00"}},{"type":"Feature","geometry":{"type":"Point","coordinates":[120.535169,23.696485]},"properties":{"station_id":"1214626TN001","station_name":"斗六市大學路測站","station_type":"road","station_type_raw":"道路交通噪音","county":"雲林縣","address":"斗六市大學路","station_status":"使用中","area_type":"第三類","feature_id":"1214626TN001:unavailable","period_type":"unavailable","laeq_window_db":null,"window_start":null,"window_end":null,"latest_observation_date":null,"sample_count":0,"active_days":0,"window_days":30,"active_day_ratio":0.0,"represented_seconds":0,"freshness_days":null,"freshness_status":"unavailable","source_dataset_id":"28185","source_updated_at":"2026-08-27 01:07:58","spatial_precision":"official_point","join_method":"national_station_only","built_at":"2026-08-27T00:00:00+00:00"}},{"type":"Feature","geometry":{"type":"Point","coordinates":[120.478837,23.679228]},"properties":{"station_id":"1214720EN002","station_name":"斗南測站","station_type":"environment","station_type_raw":"一般地區環境音量","county":"雲林縣","address":"斗南鎮福德街151號","station_status":"使用中","area_type":"第三類","feature_id":"1214720EN002:unavailable","period_type":"unavailable","laeq_window_db":null,"window_start":null,"window_end":null,"latest_observation_date":null,"sample_count":0,"active_days":0,"window_days":30,"active_day_ratio":0.0,"represented_seconds":0,"freshness_days":null,"freshness_status":"unavailable","source_dataset_id":"28185","source_updated_at":"2026-08-27 01:07:58","spatial_precision":"official_point","join_method":"national_station_only","built_at":"2026-08-27T00:00:00+00:00"}},{"type":"Feature","geometry":{"type":"Point","coordinates":[120.445679,23.709399]},"properties":{"station_id":"1214820TN002","station_name":"虎尾測站","station_type":"road","station_type_raw":"道路交通噪音","county":"雲林縣","address":"虎尾鎮光復路151號","station_status":"使用中","area_type":"第三類","feature_id":"1214820TN002:unavailable","period_type":"unavailable","laeq_window_db":null,"window_start":null,"window_end":null,"latest_observation_date":null,"sample_count":0,"active_days":0,"window_days":30,"active_day_ratio":0.0,"represented_seconds":0,"freshness_days":null,"freshness_status":"unavailable","source_dataset_id":"28185","source_updated_at":"2026-08-27 01:07:58","spatial_precision":"official_point","join_method":"national_station_only","built_at":"2026-08-27T00:00:00+00:00"}},{"type":"Feature","geometry":{"type":"Point","coordinates":[120.351813,23.761123]},"properties":{"station_id":"1215020EN002","station_name":"土庫測站","station_type":"environment","station_type_raw":"一般地區環境音量","county":"雲林縣","address":"土庫鎮成功路84號","station_status":"使用中","area_type":"第二類","feature_id":"1215020EN002:unavailable","period_type":"unavailable","laeq_window_db":null,"window_start":null,"window_end":null,"latest_observation_date":null,"sample_count":0,"active_days":0,"window_days":30,"active_day_ratio":0.0,"represented_seconds":0,"freshness_days":null,"freshness_status":"unavailable","source_dataset_id":"28185","source_updated_at":"2026-08-27 01:07:58","spatial_precision":"official_point","join_method":"national_station_only","built_at":"2026-08-27T00:00:00+00:00"}},{"type":"Feature","geometry":{"type":"Point","coordinates":[120.547045,23.639531]},"properties":{"station_id":"1215220TN002","station_name":"古坑測站","station_type":"road","station_type_raw":"道路交通噪音","county":"雲林縣","address":"古坑鄉光昌路260號","station_status":"使用中","area_type":"第二類","feature_id":"1215220TN002:unavailable","period_type":"unavailable","laeq_window_db":null,"window_start":null,"window_end":null,"latest_observation_date":null,"sample_count":0,"active_days":0,"window_days":30,"active_day_ratio":0.0,"represented_seconds":0,"freshness_days":null,"freshness_status":"unavailable","source_dataset_id":"28185","source_updated_at":"2026-08-27 01:07:58","spatial_precision":"official_point","join_method":"national_station_only","built_at":"2026-08-27T00:00:00+00:00"}},{"type":"Feature","geometry":{"type":"Point","coordinates":[120.469766,23.642264]},"properties":{"station_id":"1215320TN002","station_name":"大埤測站","station_type":"road","station_type_raw":"道路交通噪音","county":"雲林縣","address":"大埤鄉豐田村14號","station_status":"使用中","area_type":"第一類","feature_id":"1215320TN002:unavailable","period_type":"unavailable","laeq_window_db":null,"window_start":null,"window_end":null,"latest_observation_date":null,"sample_count":0,"active_days":0,"window_days":30,"active_day_ratio":0.0,"represented_seconds":0,"freshness_days":null,"freshness_status":"unavailable","source_dataset_id":"28185","source_updated_at":"2026-08-27 01:07:58","spatial_precision":"official_point","join_method":"national_station_only","built_at":"2026-08-27T00:00:00+00:00"}},{"type":"Feature","geometry":{"type":"Point","coordinates":[120.361512,23.776077]},"properties":{"station_id":"1215620EN001","station_name":"二崙測站","station_type":"environment","station_type_raw":"一般地區環境音量","county":"雲林縣","address":"二崙鄉隆興路28號","station_status":"使用中","area_type":"第二類","feature_id":"1215620EN001:unavailable","period_type":"unavailable","laeq_window_db":null,"window_start":null,"window_end":null,"latest_observation_date":null,"sample_count":0,"active_days":0,"window_days":30,"active_day_ratio":0.0,"represented_seconds":0,"freshness_days":null,"freshness_status":"unavailable","source_dataset_id":"28185","source_updated_at":"2026-08-27 01:07:58","spatial_precision":"official_point","join_method":"national_station_only","built_at":"2026-08-27T00:00:00+00:00"}},{"type":"Feature","geometry":{"type":"Point","coordinates":[120.350686,23.752629]},"properties":{"station_id":"1215720EN002","station_name":"崙背測站","station_type":"environment","station_type_raw":"一般地區環境音量","county":"雲林縣","address":"崙背鄉南光路366號","station_status":"使用中","area_type":"第三類","feature_id":"1215720EN002:unavailable","period_type":"unavailable","laeq_window_db":null,"window_start":null,"window_end":null,"latest_observation_date":null,"sample_count":0,"active_days":0,"window_days":30,"active_day_ratio":0.0,"represented_seconds":0,"freshness_days":null,"freshness_status":"unavailable","source_dataset_id":"28185","source_updated_at":"2026-08-27 01:07:58","spatial_precision":"official_point","join_method":"national_station_only","built_at":"2026-08-27T00:00:00+00:00"}},{"type":"Feature","geometry":{"type":"Point","coordinates":[120.279919,23.679812]},"properties":{"station_id":"1215920TN001","station_name":"東勢測站","station_type":"road","station_type_raw":"道路交通噪音","county":"雲林縣","address":"東勢鄉復國街11號","station_status":"使用中","area_type":"第二類","feature_id":"1215920TN001:unavailable","period_type":"unavailable","laeq_window_db":null,"window_start":null,"window_end":null,"latest_observation_date":null,"sample_count":0,"active_days":0,"window_days":30,"active_day_ratio":0.0,"represented_seconds":0,"freshness_days":null,"freshness_status":"unavailable","source_dataset_id":"28185","source_updated_at":"2026-08-27 01:07:58","spatial_precision":"official_point","join_method":"national_station_only","built_at":"2026-08-27T00:00:00+00:00"}},{"type":"Feature","geometry":{"type":"Point","coordinates":[120.331836,23.613444]},"properties":{"station_id":"1216220EN001","station_name":"元長測站","station_type":"environment","station_type_raw":"一般地區環境音量","county":"雲林縣","address":"元長鄉興工街9號","station_status":"使用中","area_type":"第一類","feature_id":"1216220EN001:unavailable","period_type":"unavailable","laeq_window_db":null,"window_start":null,"window_end":null,"latest_observation_date":null,"sample_count":0,"active_days":0,"window_days":30,"active_day_ratio":0.0,"represented_seconds":0,"freshness_days":null,"freshness_status":"unavailable","source_dataset_id":"28185","source_updated_at":"2026-08-27 01:07:58","spatial_precision":"official_point","join_method":"national_station_only","built_at":"2026-08-27T00:00:00+00:00"}},{"type":"Feature","geometry":{"type":"Point","coordinates":[120.181149,23.585188]},"properties":{"station_id":"1216420TN002","station_name":"口湖測站","station_type":"road","station_type_raw":"道路交通噪音","county":"雲林縣","address":"口湖鄉中正路一段280號","station_status":"使用中","area_type":"第三類","feature_id":"1216420TN002:unavailable","period_type":"unavailable","laeq_window_db":null,"window_start":null,"window_end":null,"latest_observation_date":null,"sample_count":0,"active_days":0,"window_days":30,"active_day_ratio":0.0,"represented_seconds":0,"freshness_days":null,"freshness_status":"unavailable","source_dataset_id":"28185","source_updated_at":"2026-08-27 01:07:58","spatial_precision":"official_point","join_method":"national_station_only","built_at":"2026-08-27T00:00:00+00:00"}},{"type":"Feature","geometry":{"type":"Point","coordinates":[120.28262,23.45972]},"properties":{"station_id":"1316620EN004","station_name":"嘉義縣環保局","station_type":"environment","station_type_raw":"一般地區環境音量","county":"嘉義縣","address":"嘉義縣朴子市祥和新村祥和二路西段2-1號","station_status":"使用中","area_type":"第三類","feature_id":"1316620EN004:unavailable","period_type":"unavailable","laeq_window_db":null,"window_start":null,"window_end":null,"latest_observation_date":null,"sample_count":0,"active_days":0,"window_days":30,"active_day_ratio":0.0,"represented_seconds":0,"freshness_days":null,"freshness_status":"unavailable","source_dataset_id":"28185","source_updated_at":"2026-08-27 01:07:58","spatial_precision":"official_point","join_method":"national_station_only","built_at":"2026-08-27T00:00:00+00:00"}},{"type":"Feature","geometry":{"type":"Point","coordinates":[120.252764,23.467045]},"properties":{"station_id":"1316620EN005","station_name":"梅嶺美術館","station_type":"environment","station_type_raw":"一般地區環境音量","county":"嘉義縣","address":"嘉義縣朴子市安福里山通路2-9號","station_status":"使用中","area_type":"第三類","feature_id":"1316620EN005:unavailable","period_type":"unavailable","laeq_window_db":null,"window_start":null,"window_end":null,"latest_observation_date":null,"sample_count":0,"active_days":0,"window_days":30,"active_day_ratio":0.0,"represented_seconds":0,"freshness_days":null,"freshness_status":"unavailable","source_dataset_id":"28185","source_updated_at":"2026-08-27 01:07:58","spatial_precision":"official_point","join_method":"national_station_only","built_at":"2026-08-27T00:00:00+00:00"}},{"type":"Feature","geometry":{"type":"Point","coordinates":[120.241027,23.459054]},"properties":{"station_id":"1316620TN002","station_name":"竹圍里集會所","station_type":"road","station_type_raw":"道路交通噪音","county":"嘉義縣","address":"嘉義縣朴子市四維路2段78號","station_status":"使用中","area_type":"第三類","feature_id":"1316620TN002:unavailable","period_type":"unavailable","laeq_window_db":null,"window_start":null,"window_end":null,"latest_observation_date":null,"sample_count":0,"active_days":0,"window_days":30,"active_day_ratio":0.0,"represented_seconds":0,"freshness_days":null,"freshness_status":"unavailable","source_dataset_id":"28185","source_updated_at":"2026-08-27 01:07:58","spatial_precision":"official_point","join_method":"national_station_only","built_at":"2026-08-27T00:00:00+00:00"}},{"type":"Feature","geometry":{"type":"Point","coordinates":[120.44054,23.520473]},"properties":{"station_id":"1316926TN001","station_name":"民雄工業區測站","station_type":"road","station_type_raw":"道路交通噪音","county":"嘉義縣","address":"民雄工業區中山路與台一線交叉口","station_status":"使用中","area_type":"第一類","feature_id":"1316926TN001:unavailable","period_type":"unavailable","laeq_window_db":null,"window_start":null,"window_end":null,"latest_observation_date":null,"sample_count":0,"active_days":0,"window_days":30,"active_day_ratio":0.0,"represented_seconds":0,"freshness_days":null,"freshness_status":"unavailable","source_dataset_id":"28185","source_updated_at":"2026-08-27 01:07:58","spatial_precision":"official_point","join_method":"national_station_only","built_at":"2026-08-27T00:00:00+00:00"}},{"type":"Feature","geometry":{"type":"Point","coordinates":[120.301087,23.513523]},"properties":{"station_id":"1317220EN001","station_name":"雙涵村活動中心","station_type":"environment","station_type_raw":"一般地區環境音量","county":"嘉義縣","address":"嘉義縣六腳村雙涵村4鄰34號","station_status":"使用中","area_type":"第二類","feature_id":"1317220EN001:unavailable","period_type":"unavailable","laeq_window_db":null,"window_start":null,"window_end":null,"latest_observation_date":null,"sample_count":0,"active_days":0,"window_days":30,"active_day_ratio":0.0,"represented_seconds":0,"freshness_days":null,"freshness_status":"unavailable","source_dataset_id":"28185","source_updated_at":"2026-08-27 01:07:58","spatial_precision":"official_point","join_method":"national_station_only","built_at":"2026-08-27T00:00:00+00:00"}},{"type":"Feature","geometry":{"type":"Point","coordinates":[120.246225,23.477865]},"properties":{"station_id":"1317220EN002","station_name":"正義村辦公處","station_type":"environment","station_type_raw":"一般地區環境音量","county":"嘉義縣","address":"嘉義縣六腳鄉正義村中溝7號","station_status":"使用中","area_type":"第二類","feature_id":"1317220EN002:unavailable","period_type":"unavailable","laeq_window_db":null,"window_start":null,"window_end":null,"latest_observation_date":null,"sample_count":0,"active_days":0,"window_days":30,"active_day_ratio":0.0,"represented_seconds":0,"freshness_days":null,"freshness_status":"unavailable","source_dataset_id":"28185","source_updated_at":"2026-08-27 01:07:58","spatial_precision":"official_point","join_method":"national_station_only","built_at":"2026-08-27T00:00:00+00:00"}},{"type":"Feature","geometry":{"type":"Point","coordinates":[120.308447,23.497875]},"properties":{"station_id":"1317220TN001","station_name":"灣南村辦公處","station_type":"road","station_type_raw":"道路交通噪音","county":"嘉義縣","address":"嘉義縣六腳鄉灣南村11鄰145號","station_status":"使用中","area_type":"第二類","feature_id":"1317220TN001:unavailable","period_type":"unavailable","laeq_window_db":null,"window_start":null,"window_end":null,"latest_observation_date":null,"sample_count":0,"active_days":0,"window_days":30,"active_day_ratio":0.0,"represented_seconds":0,"freshness_days":null,"freshness_status":"unavailable","source_dataset_id":"28185","source_updated_at":"2026-08-27 01:07:58","spatial_precision":"official_point","join_method":"national_station_only","built_at":"2026-08-27T00:00:00+00:00"}},{"type":"Feature","geometry":{"type":"Point","coordinates":[120.269383,23.494598]},"properties":{"station_id":"1317220TN002","station_name":"溪厝村辦公室","station_type":"road","station_type_raw":"道路交通噪音","county":"嘉義縣","address":"嘉義縣六腳鄉溪厝村溪墘厝77-1號","station_status":"使用中","area_type":"第二類","feature_id":"1317220TN002:unavailable","period_type":"unavailable","laeq_window_db":null,"window_start":null,"window_end":null,"latest_observation_date":null,"sample_count":0,"active_days":0,"window_days":30,"active_day_ratio":0.0,"represented_seconds":0,"freshness_days":null,"freshness_status":"unavailable","source_dataset_id":"28185","source_updated_at":"2026-08-27 01:07:58","spatial_precision":"official_point","join_method":"national_station_only","built_at":"2026-08-27T00:00:00+00:00"}},{"type":"Feature","geometry":{"type":"Point","coordinates":[120.290138,23.494367]},"properties":{"station_id":"1317220TN003","station_name":"六腳鄉公所","station_type":"road","station_type_raw":"道路交通噪音","county":"嘉義縣","address":"嘉義縣六角鄉蒜頭村蒜頭73號","station_status":"使用中","area_type":"第三類","feature_id":"1317220TN003:unavailable","period_type":"unavailable","laeq_window_db":null,"window_start":null,"window_end":null,"latest_observation_date":null,"sample_count":0,"active_days":0,"window_days":30,"active_day_ratio":0.0,"represented_seconds":0,"freshness_days":null,"freshness_status":"unavailable","source_dataset_id":"28185","source_updated_at":"2026-08-27 01:07:58","spatial_precision":"official_point","join_method":"national_station_only","built_at":"2026-08-27T00:00:00+00:00"}},{"type":"Feature","geometry":{"type":"Point","coordinates":[120.356019,23.50912]},"properties":{"station_id":"1317620EN003","station_name":"嘉太工業區污水處理廠","station_type":"environment","station_type_raw":"一般地區環境音量","county":"嘉義縣","address":"嘉義縣太保市嘉太工業區中興路二一號","station_status":"使用中","area_type":"第一類","feature_id":"1317620EN003:unavailable","period_type":"unavailable","laeq_window_db":null,"window_start":null,"window_end":null,"latest_observation_date":null,"sample_count":0,"active_days":0,"window_days":30,"active_day_ratio":0.0,"represented_seconds":0,"freshness_days":null,"freshness_status":"unavailable","source_dataset_id":"28185","source_updated_at":"2026-08-27 01:07:58","spatial_precision":"official_point","join_method":"national_station_only","built_at":"2026-08-27T00:00:00+00:00"}},{"type":"Feature","geometry":{"type":"Point","coordinates":[120.362864,23.508983]},"properties":{"station_id":"1317620TN003","station_name":"嘉太工業區服務中心","station_type":"road","station_type_raw":"道路交通噪音","county":"嘉義縣","address":"嘉義縣嘉太工業區中興路1號","station_status":"使用中","area_type":"第一類","feature_id":"1317620TN003:unavailable","period_type":"unavailable","laeq_window_db":null,"window_start":null,"window_end":null,"latest_observation_date":null,"sample_count":0,"active_days":0,"window_days":30,"active_day_ratio":0.0,"represented_seconds":0,"freshness_days":null,"freshness_status":"unavailable","source_dataset_id":"28185","source_updated_at":"2026-08-27 01:07:58","spatial_precision":"official_point","join_method":"national_station_only","built_at":"2026-08-27T00:00:00+00:00"}},{"type":"Feature","geometry":{"type":"Point","coordinates":[120.802263,23.509298]},"properties":{"station_id":"1318320EN002","station_name":"天主教福若瑟服務中心","station_type":"environment","station_type_raw":"一般地區環境音量","county":"嘉義縣","address":"嘉義縣阿里山鄉中山村南阿里山57號","station_status":"使用中","area_type":"第一類","feature_id":"1318320EN002:unavailable","period_type":"unavailable","laeq_window_db":null,"window_start":null,"window_end":null,"latest_observation_date":null,"sample_count":0,"active_days":0,"window_days":30,"active_day_ratio":0.0,"represented_seconds":0,"freshness_days":null,"freshness_status":"unavailable","source_dataset_id":"28185","source_updated_at":"2026-08-27 01:07:58","spatial_precision":"official_point","join_method":"national_station_only","built_at":"2026-08-27T00:00:00+00:00"}},{"type":"Feature","geometry":{"type":"Point","coordinates":[120.802424,23.509504]},"properties":{"station_id":"1318320TN004","station_name":"嘉義縣衛生人員訓練中心","station_type":"road","station_type_raw":"道路交通噪音","county":"嘉義縣","address":"嘉義縣阿里山鄉中山村南阿里山58號","station_status":"使用中","area_type":"第一類","feature_id":"1318320TN004:unavailable","period_type":"unavailable","laeq_window_db":null,"window_start":null,"window_end":null,"latest_observation_date":null,"sample_count":0,"active_days":0,"window_days":30,"active_day_ratio":0.0,"represented_seconds":0,"freshness_days":null,"freshness_status":"unavailable","source_dataset_id":"28185","source_updated_at":"2026-08-27 01:07:58","spatial_precision":"official_point","join_method":"national_station_only","built_at":"2026-08-27T00:00:00+00:00"}},{"type":"Feature","geometry":{"type":"Point","coordinates":[120.499045,22.663136]},"properties":{"station_id":"1624220EN006","station_name":"屏東工業區","station_type":"environment","station_type_raw":"一般地區環境音量","county":"屏東縣","address":"屏東市工業路五號","station_status":"使用中","area_type":"第一類","feature_id":"1624220EN006:unavailable","period_type":"unavailable","laeq_window_db":null,"window_start":null,"window_end":null,"latest_observation_date":null,"sample_count":0,"active_days":0,"window_days":30,"active_day_ratio":0.0,"represented_seconds":0,"freshness_days":null,"freshness_status":"unavailable","source_dataset_id":"28185","source_updated_at":"2026-08-27 01:07:58","spatial_precision":"official_point","join_method":"national_station_only","built_at":"2026-08-27T00:00:00+00:00"}},{"type":"Feature","geometry":{"type":"Point","coordinates":[120.495002,22.688605]},"properties":{"station_id":"1624220EN008","station_name":"屏東縣政府環境保護局","station_type":"environment","station_type_raw":"一般地區環境音量","county":"屏東縣","address":"屏東市北興街56號","station_status":"使用中","area_type":"第三類","feature_id":"1624220EN008:unavailable","period_type":"unavailable","laeq_window_db":null,"window_start":null,"window_end":null,"latest_observation_date":null,"sample_count":0,"active_days":0,"window_days":30,"active_day_ratio":0.0,"represented_seconds":0,"freshness_days":null,"freshness_status":"unavailable","source_dataset_id":"28185","source_updated_at":"2026-08-27 01:07:58","spatial_precision":"official_point","join_method":"national_station_only","built_at":"2026-08-27T00:00:00+00:00"}},{"type":"Feature","geometry":{"type":"Point","coordinates":[120.486063,22.671922]},"properties":{"station_id":"1624223TN001","station_name":"唐榮國小","station_type":"road","station_type_raw":"道路交通噪音","county":"屏東縣","address":"屏東市中山路41號","station_status":"使用中","area_type":"第三類","feature_id":"1624223TN001:unavailable","period_type":"unavailable","laeq_window_db":null,"window_start":null,"window_end":null,"latest_observation_date":null,"sample_count":0,"active_days":0,"window_days":30,"active_day_ratio":0.0,"represented_seconds":0,"freshness_days":null,"freshness_status":"unavailable","source_dataset_id":"28185","source_updated_at":"2026-08-27 01:07:58","spatial_precision":"official_point","join_method":"national_station_only","built_at":"2026-08-27T00:00:00+00:00"}},{"type":"Feature","geometry":{"type":"Point","coordinates":[120.493589,22.674441]},"properties":{"station_id":"1624223TN002","station_name":"國立屏東女中","station_type":"road","station_type_raw":"道路交通噪音","county":"屏東縣","address":"屏東市仁愛路94號","station_status":"使用中","area_type":"第三類","feature_id":"1624223TN002:unavailable","period_type":"unavailable","laeq_window_db":null,"window_start":null,"window_end":null,"latest_observation_date":null,"sample_count":0,"active_days":0,"window_days":30,"active_day_ratio":0.0,"represented_seconds":0,"freshness_days":null,"freshness_status":"unavailable","source_dataset_id":"28185","source_updated_at":"2026-08-27 01:07:58","spatial_precision":"official_point","join_method":"national_station_only","built_at":"2026-08-27T00:00:00+00:00"}},{"type":"Feature","geometry":{"type":"Point","coordinates":[120.537422,22.557012]},"properties":{"station_id":"1624320EN003","station_name":"潮和國小","station_type":"environment","station_type_raw":"一般地區環境音量","county":"屏東縣","address":"屏東縣潮州鎮三和里華嚴街一號","station_status":"使用中","area_type":"第二類","feature_id":"1624320EN003:unavailable","period_type":"unavailable","laeq_window_db":null,"window_start":null,"window_end":null,"latest_observation_date":null,"sample_count":0,"active_days":0,"window_days":30,"active_day_ratio":0.0,"represented_seconds":0,"freshness_days":null,"freshness_status":"unavailable","source_dataset_id":"28185","source_updated_at":"2026-08-27 01:07:58","spatial_precision":"official_point","join_method":"national_station_only","built_at":"2026-08-27T00:00:00+00:00"}},{"type":"Feature","geometry":{"type":"Point","coordinates":[120.539106,22.555327]},"properties":{"station_id":"1624320EN005","station_name":"潮州社區活動中心","station_type":"environment","station_type_raw":"一般地區環境音量","county":"屏東縣","address":"屏東縣潮州三和里中興路57號","station_status":"使用中","area_type":"第三類","feature_id":"1624320EN005:unavailable","period_type":"unavailable","laeq_window_db":null,"window_start":null,"window_end":null,"latest_observation_date":null,"sample_count":0,"active_days":0,"window_days":30,"active_day_ratio":0.0,"represented_seconds":0,"freshness_days":null,"freshness_status":"unavailable","source_dataset_id":"28185","source_updated_at":"2026-08-27 01:07:58","spatial_precision":"official_point","join_method":"national_station_only","built_at":"2026-08-27T00:00:00+00:00"}},{"type":"Feature","geometry":{"type":"Point","coordinates":[120.780682,21.949832]},"properties":{"station_id":"1624520EN007","station_name":"墾丁公園國家管理處","station_type":"environment","station_type_raw":"一般地區環境音量","county":"屏東縣","address":"屏東縣恆春鎮墾丁路596號","station_status":"使用中","area_type":"第一類","feature_id":"1624520EN007:unavailable","period_type":"unavailable","laeq_window_db":null,"window_start":null,"window_end":null,"latest_observation_date":null,"sample_count":0,"active_days":0,"window_days":30,"active_day_ratio":0.0,"represented_seconds":0,"freshness_days":null,"freshness_status":"unavailable","source_dataset_id":"28185","source_updated_at":"2026-08-27 01:07:58","spatial_precision":"official_point","join_method":"national_station_only","built_at":"2026-08-27T00:00:00+00:00"}},{"type":"Feature","geometry":{"type":"Point","coordinates":[120.796351,21.94617]},"properties":{"station_id":"1624520TN001","station_name":"墾丁公園警察隊","station_type":"road","station_type_raw":"道路交通噪音","county":"屏東縣","address":"屏東縣恆春鎮墾丁路272號","station_status":"使用中","area_type":"第一類","feature_id":"1624520TN001:unavailable","period_type":"unavailable","laeq_window_db":null,"window_start":null,"window_end":null,"latest_observation_date":null,"sample_count":0,"active_days":0,"window_days":30,"active_day_ratio":0.0,"represented_seconds":0,"freshness_days":null,"freshness_status":"unavailable","source_dataset_id":"28185","source_updated_at":"2026-08-27 01:07:58","spatial_precision":"official_point","join_method":"national_station_only","built_at":"2026-08-27T00:00:00+00:00"}},{"type":"Feature","geometry":{"type":"Point","coordinates":[120.527122,22.650591]},"properties":{"station_id":"1624820TN003","station_name":"麟洛鄉公所","station_type":"road","station_type_raw":"道路交通噪音","county":"屏東縣","address":"屏東縣麟洛鄉麟蹄村中山路158號","station_status":"使用中","area_type":"第二類","feature_id":"1624820TN003:unavailable","period_type":"unavailable","laeq_window_db":null,"window_start":null,"window_end":null,"latest_observation_date":null,"sample_count":0,"active_days":0,"window_days":30,"active_day_ratio":0.0,"represented_seconds":0,"freshness_days":null,"freshness_status":"unavailable","source_dataset_id":"28185","source_updated_at":"2026-08-27 01:07:58","spatial_precision":"official_point","join_method":"national_station_only","built_at":"2026-08-27T00:00:00+00:00"}},{"type":"Feature","geometry":{"type":"Point","coordinates":[120.490124,22.740288]},"properties":{"station_id":"1624920TN005","station_name":"九如鄉民代表會","station_type":"road","station_type_raw":"道路交通噪音","county":"屏東縣","address":"屏東縣九如鄉九如路二段416號","station_status":"使用中","area_type":"第三類","feature_id":"1624920TN005:unavailable","period_type":"unavailable","laeq_window_db":null,"window_start":null,"window_end":null,"latest_observation_date":null,"sample_count":0,"active_days":0,"window_days":30,"active_day_ratio":0.0,"represented_seconds":0,"freshness_days":null,"freshness_status":"unavailable","source_dataset_id":"28185","source_updated_at":"2026-08-27 01:07:58","spatial_precision":"official_point","join_method":"national_station_only","built_at":"2026-08-27T00:00:00+00:00"}},{"type":"Feature","geometry":{"type":"Point","coordinates":[120.541112,22.637877]},"properties":{"station_id":"1625420TN006","station_name":"內埔工業區","station_type":"road","station_type_raw":"道路交通噪音","county":"屏東縣","address":"屏東縣內埔鄉豐田村建國路4號","station_status":"使用中","area_type":"第一類","feature_id":"1625420TN006:unavailable","period_type":"unavailable","laeq_window_db":null,"window_start":null,"window_end":null,"latest_observation_date":null,"sample_count":0,"active_days":0,"window_days":30,"active_day_ratio":0.0,"represented_seconds":0,"freshness_days":null,"freshness_status":"unavailable","source_dataset_id":"28185","source_updated_at":"2026-08-27 01:07:58","spatial_precision":"official_point","join_method":"national_station_only","built_at":"2026-08-27T00:00:00+00:00"}},{"type":"Feature","geometry":{"type":"Point","coordinates":[120.513711,22.514747]},"properties":{"station_id":"1625920TN004","station_name":"崁頂鄉公所","station_type":"road","station_type_raw":"道路交通噪音","county":"屏東縣","address":"屏東縣崁頂鄉中正路230號","station_status":"使用中","area_type":"第三類","feature_id":"1625920TN004:unavailable","period_type":"unavailable","laeq_window_db":null,"window_start":null,"window_end":null,"latest_observation_date":null,"sample_count":0,"active_days":0,"window_days":30,"active_day_ratio":0.0,"represented_seconds":0,"freshness_days":null,"freshness_status":"unavailable","source_dataset_id":"28185","source_updated_at":"2026-08-27 01:07:58","spatial_precision":"official_point","join_method":"national_station_only","built_at":"2026-08-27T00:00:00+00:00"}},{"type":"Feature","geometry":{"type":"Point","coordinates":[120.654339,22.716281]},"properties":{"station_id":"1626720EN002","station_name":"三地門鄉公所","station_type":"environment","station_type_raw":"一般地區環境音量","county":"屏東縣","address":"屏東縣三地門鄉三地村中正路2段100號","station_status":"使用中","area_type":"第二類","feature_id":"1626720EN002:unavailable","period_type":"unavailable","laeq_window_db":null,"window_start":null,"window_end":null,"latest_observation_date":null,"sample_count":0,"active_days":0,"window_days":30,"active_day_ratio":0.0,"represented_seconds":0,"freshness_days":null,"freshness_status":"unavailable","source_dataset_id":"28185","source_updated_at":"2026-08-27 01:07:58","spatial_precision":"official_point","join_method":"national_station_only","built_at":"2026-08-27T00:00:00+00:00"}},{"type":"Feature","geometry":{"type":"Point","coordinates":[120.631814,22.591626]},"properties":{"station_id":"1627020TN002","station_name":"泰武鄉公所","station_type":"road","station_type_raw":"道路交通噪音","county":"屏東縣","address":"屏東縣泰武鄉佳平村169號","station_status":"使用中","area_type":"第二類","feature_id":"1627020TN002:unavailable","period_type":"unavailable","laeq_window_db":null,"window_start":null,"window_end":null,"latest_observation_date":null,"sample_count":0,"active_days":0,"window_days":30,"active_day_ratio":0.0,"represented_seconds":0,"freshness_days":null,"freshness_status":"unavailable","source_dataset_id":"28185","source_updated_at":"2026-08-27 01:07:58","spatial_precision":"official_point","join_method":"national_station_only","built_at":"2026-08-27T00:00:00+00:00"}},{"type":"Feature","geometry":{"type":"Point","coordinates":[121.09102,22.45606]},"properties":{"station_id":"1727520EN005","station_name":"南區環管中心台東辦公室","station_type":"environment","station_type_raw":"一般地區環境音量","county":"臺東縣","address":"台東市博愛路119號","station_status":"使用中","area_type":"第三類","feature_id":"1727520EN005:unavailable","period_type":"unavailable","laeq_window_db":null,"window_start":null,"window_end":null,"latest_observation_date":null,"sample_count":0,"active_days":0,"window_days":30,"active_day_ratio":0.0,"represented_seconds":0,"freshness_days":null,"freshness_status":"unavailable","source_dataset_id":"28185","source_updated_at":"2026-08-27 01:07:58","spatial_precision":"official_point","join_method":"national_station_only","built_at":"2026-08-27T00:00:00+00:00"}},{"type":"Feature","geometry":{"type":"Point","coordinates":[121.07713,22.46014]},"properties":{"station_id":"1727520EN006","station_name":"台糖","station_type":"environment","station_type_raw":"一般地區環境音量","county":"臺東縣","address":"台東市中興路二段191號","station_status":"使用中","area_type":"第一類","feature_id":"1727520EN006:unavailable","period_type":"unavailable","laeq_window_db":null,"window_start":null,"window_end":null,"latest_observation_date":null,"sample_count":0,"active_days":0,"window_days":30,"active_day_ratio":0.0,"represented_seconds":0,"freshness_days":null,"freshness_status":"unavailable","source_dataset_id":"28185","source_updated_at":"2026-08-27 01:07:58","spatial_precision":"official_point","join_method":"national_station_only","built_at":"2026-08-27T00:00:00+00:00"}},{"type":"Feature","geometry":{"type":"Point","coordinates":[121.092509,22.7644]},"properties":{"station_id":"1727520EN010","station_name":"台東美術館","station_type":"environment","station_type_raw":"一般地區環境音量","county":"臺東縣","address":"台東市浙江路350號","station_status":"使用中","area_type":"第一類","feature_id":"1727520EN010:unavailable","period_type":"unavailable","laeq_window_db":null,"window_start":null,"window_end":null,"latest_observation_date":null,"sample_count":0,"active_days":0,"window_days":30,"active_day_ratio":0.0,"represented_seconds":0,"freshness_days":null,"freshness_status":"unavailable","source_dataset_id":"28185","source_updated_at":"2026-08-27 01:07:58","spatial_precision":"official_point","join_method":"national_station_only","built_at":"2026-08-27T00:00:00+00:00"}},{"type":"Feature","geometry":{"type":"Point","coordinates":[121.12646,22.80435]},"properties":{"station_id":"1727520EN011","station_name":"海巡署東部分署","station_type":"environment","station_type_raw":"一般地區環境音量","county":"臺東縣","address":"臺東縣臺東市興安路二段546號","station_status":"使用中","area_type":"第二類","feature_id":"1727520EN011:unavailable","period_type":"unavailable","laeq_window_db":null,"window_start":null,"window_end":null,"latest_observation_date":null,"sample_count":0,"active_days":0,"window_days":30,"active_day_ratio":0.0,"represented_seconds":0,"freshness_days":null,"freshness_status":"unavailable","source_dataset_id":"28185","source_updated_at":"2026-08-27 01:07:58","spatial_precision":"official_point","join_method":"national_station_only","built_at":"2026-08-27T00:00:00+00:00"}},{"type":"Feature","geometry":{"type":"Point","coordinates":[121.11989,22.7685]},"properties":{"station_id":"1727520EN012","station_name":"台東縣議會","station_type":"environment","station_type_raw":"一般地區環境音量","county":"臺東縣","address":"台東市中興路二段727號","station_status":"使用中","area_type":"第三類","feature_id":"1727520EN012:unavailable","period_type":"unavailable","laeq_window_db":null,"window_start":null,"window_end":null,"latest_observation_date":null,"sample_count":0,"active_days":0,"window_days":30,"active_day_ratio":0.0,"represented_seconds":0,"freshness_days":null,"freshness_status":"unavailable","source_dataset_id":"28185","source_updated_at":"2026-08-27 01:07:58","spatial_precision":"official_point","join_method":"national_station_only","built_at":"2026-08-27T00:00:00+00:00"}},{"type":"Feature","geometry":{"type":"Point","coordinates":[121.148863,22.757786]},"properties":{"station_id":"1727520EN013","station_name":"台東大學知本校區","station_type":"environment","station_type_raw":"一般地區環境音量","county":"臺東縣","address":"台東縣台東市西康路二段369號","station_status":"使用中","area_type":"第二類","feature_id":"1727520EN013:unavailable","period_type":"unavailable","laeq_window_db":null,"window_start":null,"window_end":null,"latest_observation_date":null,"sample_count":0,"active_days":0,"window_days":30,"active_day_ratio":0.0,"represented_seconds":0,"freshness_days":null,"freshness_status":"unavailable","source_dataset_id":"28185","source_updated_at":"2026-08-27 01:07:58","spatial_precision":"official_point","join_method":"national_station_only","built_at":"2026-08-27T00:00:00+00:00"}},{"type":"Feature","geometry":{"type":"Point","coordinates":[121.09102,22.45606]},"properties":{"station_id":"1727520TN005","station_name":"南區環管中心台東辦公室","station_type":"road","station_type_raw":"道路交通噪音","county":"臺東縣","address":"台東市博愛路119號","station_status":"使用中","area_type":"第三類","feature_id":"1727520TN005:unavailable","period_type":"unavailable","laeq_window_db":null,"window_start":null,"window_end":null,"latest_observation_date":null,"sample_count":0,"active_days":0,"window_days":30,"active_day_ratio":0.0,"represented_seconds":0,"freshness_days":null,"freshness_status":"unavailable","source_dataset_id":"28185","source_updated_at":"2026-08-27 01:07:58","spatial_precision":"official_point","join_method":"national_station_only","built_at":"2026-08-27T00:00:00+00:00"}},{"type":"Feature","geometry":{"type":"Point","coordinates":[121.129326,22.767387]},"properties":{"station_id":"1727520TN006","station_name":"台糖","station_type":"road","station_type_raw":"道路交通噪音","county":"臺東縣","address":"台東市中興路二段191號","station_status":"使用中","area_type":"第一類","feature_id":"1727520TN006:unavailable","period_type":"unavailable","laeq_window_db":null,"window_start":null,"window_end":null,"latest_observation_date":null,"sample_count":0,"active_days":0,"window_days":30,"active_day_ratio":0.0,"represented_seconds":0,"freshness_days":null,"freshness_status":"unavailable","source_dataset_id":"28185","source_updated_at":"2026-08-27 01:07:58","spatial_precision":"official_point","join_method":"national_station_only","built_at":"2026-08-27T00:00:00+00:00"}},{"type":"Feature","geometry":{"type":"Point","coordinates":[121.092509,22.7644]},"properties":{"station_id":"1727520TN010","station_name":"台東美術館","station_type":"road","station_type_raw":"道路交通噪音","county":"臺東縣","address":"","station_status":"使用中","area_type":"第一類","feature_id":"1727520TN010:unavailable","period_type":"unavailable","laeq_window_db":null,"window_start":null,"window_end":null,"latest_observation_date":null,"sample_count":0,"active_days":0,"window_days":30,"active_day_ratio":0.0,"represented_seconds":0,"freshness_days":null,"freshness_status":"unavailable","source_dataset_id":"28185","source_updated_at":"2026-08-27 01:07:58","spatial_precision":"official_point","join_method":"national_station_only","built_at":"2026-08-27T00:00:00+00:00"}},{"type":"Feature","geometry":{"type":"Point","coordinates":[121.12646,22.80435]},"properties":{"station_id":"1727520TN011","station_name":"海巡署東部分署","station_type":"road","station_type_raw":"道路交通噪音","county":"臺東縣","address":"臺東縣臺東市興安路二段546號","station_status":"使用中","area_type":"第二類","feature_id":"1727520TN011:unavailable","period_type":"unavailable","laeq_window_db":null,"window_start":null,"window_end":null,"latest_observation_date":null,"sample_count":0,"active_days":0,"window_days":30,"active_day_ratio":0.0,"represented_seconds":0,"freshness_days":null,"freshness_status":"unavailable","source_dataset_id":"28185","source_updated_at":"2026-08-27 01:07:58","spatial_precision":"official_point","join_method":"national_station_only","built_at":"2026-08-27T00:00:00+00:00"}},{"type":"Feature","geometry":{"type":"Point","coordinates":[121.11989,22.7685]},"properties":{"station_id":"1727520TN012","station_name":"台東縣議會","station_type":"road","station_type_raw":"道路交通噪音","county":"臺東縣","address":"台東市中興路二段727號","station_status":"使用中","area_type":"第三類","feature_id":"1727520TN012:unavailable","period_type":"unavailable","laeq_window_db":null,"window_start":null,"window_end":null,"latest_observation_date":null,"sample_count":0,"active_days":0,"window_days":30,"active_day_ratio":0.0,"represented_seconds":0,"freshness_days":null,"freshness_status":"unavailable","source_dataset_id":"28185","source_updated_at":"2026-08-27 01:07:58","spatial_precision":"official_point","join_method":"national_station_only","built_at":"2026-08-27T00:00:00+00:00"}},{"type":"Feature","geometry":{"type":"Point","coordinates":[121.149027,22.757588]},"properties":{"station_id":"1727520TN013","station_name":"台東大學知本校區","station_type":"road","station_type_raw":"道路交通噪音","county":"臺東縣","address":"台東縣台東市西康路二段369號","station_status":"使用中","area_type":"第二類","feature_id":"1727520TN013:unavailable","period_type":"unavailable","laeq_window_db":null,"window_start":null,"window_end":null,"latest_observation_date":null,"sample_count":0,"active_days":0,"window_days":30,"active_day_ratio":0.0,"represented_seconds":0,"freshness_days":null,"freshness_status":"unavailable","source_dataset_id":"28185","source_updated_at":"2026-08-27 01:07:58","spatial_precision":"official_point","join_method":"national_station_only","built_at":"2026-08-27T00:00:00+00:00"}},{"type":"Feature","geometry":{"type":"Point","coordinates":[121.601363,23.987042]},"properties":{"station_id":"1829120TN001","station_name":"花蓮市中山路五四九號","station_type":"road","station_type_raw":"道路交通噪音","county":"花蓮縣","address":"花蓮市中山路五四九之一號","station_status":"使用中","area_type":"第三類","feature_id":"1829120TN001:unavailable","period_type":"unavailable","laeq_window_db":null,"window_start":null,"window_end":null,"latest_observation_date":null,"sample_count":0,"active_days":0,"window_days":30,"active_day_ratio":0.0,"represented_seconds":0,"freshness_days":null,"freshness_status":"unavailable","source_dataset_id":"28185","source_updated_at":"2026-08-27 01:07:58","spatial_precision":"official_point","join_method":"national_station_only","built_at":"2026-08-27T00:00:00+00:00"}},{"type":"Feature","geometry":{"type":"Point","coordinates":[121.608787,23.974274]},"properties":{"station_id":"1829120TN003","station_name":"花蓮市褔建街","station_type":"road","station_type_raw":"道路交通噪音","county":"花蓮縣","address":"花蓮市褔建街四三七號前","station_status":"使用中","area_type":"第二類","feature_id":"1829120TN003:unavailable","period_type":"unavailable","laeq_window_db":null,"window_start":null,"window_end":null,"latest_observation_date":null,"sample_count":0,"active_days":0,"window_days":30,"active_day_ratio":0.0,"represented_seconds":0,"freshness_days":null,"freshness_status":"unavailable","source_dataset_id":"28185","source_updated_at":"2026-08-27 01:07:58","spatial_precision":"official_point","join_method":"national_station_only","built_at":"2026-08-27T00:00:00+00:00"}},{"type":"Feature","geometry":{"type":"Point","coordinates":[121.630674,24.013079]},"properties":{"station_id":"1829120TN004","station_name":"花蓮市美崙工業區","station_type":"road","station_type_raw":"道路交通噪音","county":"花蓮縣","address":"管理中心前(精美路與美工路交差路口)","station_status":"使用中","area_type":"第一類","feature_id":"1829120TN004:unavailable","period_type":"unavailable","laeq_window_db":null,"window_start":null,"window_end":null,"latest_observation_date":null,"sample_count":0,"active_days":0,"window_days":30,"active_day_ratio":0.0,"represented_seconds":0,"freshness_days":null,"freshness_status":"unavailable","source_dataset_id":"28185","source_updated_at":"2026-08-27 01:07:58","spatial_precision":"official_point","join_method":"national_station_only","built_at":"2026-08-27T00:00:00+00:00"}},{"type":"Feature","geometry":{"type":"Point","coordinates":[121.560438,23.966833]},"properties":{"station_id":"1829520EN001","station_name":"福興舊村十九鄰六號","station_type":"environment","station_type_raw":"一般地區環境音量","county":"花蓮縣","address":"福興舊村十九鄰六號前","station_status":"使用中","area_type":"第二類","feature_id":"1829520EN001:unavailable","period_type":"unavailable","laeq_window_db":null,"window_start":null,"window_end":null,"latest_observation_date":null,"sample_count":0,"active_days":0,"window_days":30,"active_day_ratio":0.0,"represented_seconds":0,"freshness_days":null,"freshness_status":"unavailable","source_dataset_id":"28185","source_updated_at":"2026-08-27 01:07:58","spatial_precision":"official_point","join_method":"national_station_only","built_at":"2026-08-27T00:00:00+00:00"}},{"type":"Feature","geometry":{"type":"Point","coordinates":[121.593912,23.936271]},"properties":{"station_id":"1829520EN004","station_name":"光華工業區","station_type":"environment","station_type_raw":"一般地區環境音量","county":"花蓮縣","address":"光華工業區行政中心(華中路/南濱路口)","station_status":"使用中","area_type":"第一類","feature_id":"1829520EN004:unavailable","period_type":"unavailable","laeq_window_db":null,"window_start":null,"window_end":null,"latest_observation_date":null,"sample_count":0,"active_days":0,"window_days":30,"active_day_ratio":0.0,"represented_seconds":0,"freshness_days":null,"freshness_status":"unavailable","source_dataset_id":"28185","source_updated_at":"2026-08-27 01:07:58","spatial_precision":"official_point","join_method":"national_station_only","built_at":"2026-08-27T00:00:00+00:00"}},{"type":"Feature","geometry":{"type":"Point","coordinates":[121.563715,23.973921]},"properties":{"station_id":"1829520EN005","station_name":"吉安鄉衛生所","station_type":"environment","station_type_raw":"一般地區環境音量","county":"花蓮縣","address":"花蓮縣吉安鄉吉安村137號","station_status":"使用中","area_type":"第三類","feature_id":"1829520EN005:unavailable","period_type":"unavailable","laeq_window_db":null,"window_start":null,"window_end":null,"latest_observation_date":null,"sample_count":0,"active_days":0,"window_days":30,"active_day_ratio":0.0,"represented_seconds":0,"freshness_days":null,"freshness_status":"unavailable","source_dataset_id":"28185","source_updated_at":"2026-08-27 01:07:58","spatial_precision":"official_point","join_method":"national_station_only","built_at":"2026-08-27T00:00:00+00:00"}},{"type":"Feature","geometry":{"type":"Point","coordinates":[121.595542,23.978361]},"properties":{"station_id":"1829520EN006","station_name":"國風國中","station_type":"environment","station_type_raw":"一般地區環境音量","county":"花蓮縣","address":"花蓮市林政街七號","station_status":"使用中","area_type":"第二類","feature_id":"1829520EN006:unavailable","period_type":"unavailable","laeq_window_db":null,"window_start":null,"window_end":null,"latest_observation_date":null,"sample_count":0,"active_days":0,"window_days":30,"active_day_ratio":0.0,"represented_seconds":0,"freshness_days":null,"freshness_status":"unavailable","source_dataset_id":"28185","source_updated_at":"2026-08-27 01:07:58","spatial_precision":"official_point","join_method":"national_station_only","built_at":"2026-08-27T00:00:00+00:00"}},{"type":"Feature","geometry":{"type":"Point","coordinates":[121.59241,23.998348]},"properties":{"station_id":"1829520EN007","station_name":"中山路一段109巷","station_type":"environment","station_type_raw":"一般地區環境音量","county":"花蓮縣","address":"花蓮市中山路一段109巷39號","station_status":"使用中","area_type":"第三類","feature_id":"1829520EN007:unavailable","period_type":"unavailable","laeq_window_db":null,"window_start":null,"window_end":null,"latest_observation_date":null,"sample_count":0,"active_days":0,"window_days":30,"active_day_ratio":0.0,"represented_seconds":0,"freshness_days":null,"freshness_status":"unavailable","source_dataset_id":"28185","source_updated_at":"2026-08-27 01:07:58","spatial_precision":"official_point","join_method":"national_station_only","built_at":"2026-08-27T00:00:00+00:00"}},{"type":"Feature","geometry":{"type":"Point","coordinates":[121.626479,23.988919]},"properties":{"station_id":"1829520TN005","station_name":"本局","station_type":"road","station_type_raw":"道路交通噪音","county":"花蓮縣","address":"花蓮市民權路123號","station_status":"使用中","area_type":"第二類","feature_id":"1829520TN005:unavailable","period_type":"unavailable","laeq_window_db":null,"window_start":null,"window_end":null,"latest_observation_date":null,"sample_count":0,"active_days":0,"window_days":30,"active_day_ratio":0.0,"represented_seconds":0,"freshness_days":null,"freshness_status":"unavailable","source_dataset_id":"28185","source_updated_at":"2026-08-27 01:07:58","spatial_precision":"official_point","join_method":"national_station_only","built_at":"2026-08-27T00:00:00+00:00"}},{"type":"Feature","geometry":{"type":"Point","coordinates":[121.593343,23.967916]},"properties":{"station_id":"1829523TN001","station_name":"吉安鄉警察局","station_type":"road","station_type_raw":"道路交通噪音","county":"花蓮縣","address":"吉安鄉中正路一段三十八號前","station_status":"使用中","area_type":"第三類","feature_id":"1829523TN001:unavailable","period_type":"unavailable","laeq_window_db":null,"window_start":null,"window_end":null,"latest_observation_date":null,"sample_count":0,"active_days":0,"window_days":30,"active_day_ratio":0.0,"represented_seconds":0,"freshness_days":null,"freshness_status":"unavailable","source_dataset_id":"28185","source_updated_at":"2026-08-27 01:07:58","spatial_precision":"official_point","join_method":"national_station_only","built_at":"2026-08-27T00:00:00+00:00"}},{"type":"Feature","geometry":{"type":"Point","coordinates":[121.623073,24.157943]},"properties":{"station_id":"1830120EN001","station_name":"花蓮縣秀林鄉","station_type":"environment","station_type_raw":"一般地區環境音量","county":"花蓮縣","address":"太管處服務中心警察局前","station_status":"使用中","area_type":"第一類","feature_id":"1830120EN001:unavailable","period_type":"unavailable","laeq_window_db":null,"window_start":null,"window_end":null,"latest_observation_date":null,"sample_count":0,"active_days":0,"window_days":30,"active_day_ratio":0.0,"represented_seconds":0,"freshness_days":null,"freshness_status":"unavailable","source_dataset_id":"28185","source_updated_at":"2026-08-27 01:07:58","spatial_precision":"official_point","join_method":"national_station_only","built_at":"2026-08-27T00:00:00+00:00"}},{"type":"Feature","geometry":{"type":"Point","coordinates":[121.577368,24.172518]},"properties":{"station_id":"1830120TN002","station_name":"花蓮縣秀林鄉","station_type":"road","station_type_raw":"道路交通噪音","county":"花蓮縣","address":"太管處收費站前","station_status":"使用中","area_type":"第一類","feature_id":"1830120TN002:unavailable","period_type":"unavailable","laeq_window_db":null,"window_start":null,"window_end":null,"latest_observation_date":null,"sample_count":0,"active_days":0,"window_days":30,"active_day_ratio":0.0,"represented_seconds":0,"freshness_days":null,"freshness_status":"unavailable","source_dataset_id":"28185","source_updated_at":"2026-08-27 01:07:58","spatial_precision":"official_point","join_method":"national_station_only","built_at":"2026-08-27T00:00:00+00:00"}},{"type":"Feature","geometry":{"type":"Point","coordinates":[119.566602,23.569991]},"properties":{"station_id":"1930420EN001","station_name":"澎湖縣政府","station_type":"environment","station_type_raw":"一般地區環境音量","county":"澎湖縣","address":"澎湖縣馬公市治平路32號","station_status":"使用中","area_type":"第二類","feature_id":"1930420EN001:unavailable","period_type":"unavailable","laeq_window_db":null,"window_start":null,"window_end":null,"latest_observation_date":null,"sample_count":0,"active_days":0,"window_days":30,"active_day_ratio":0.0,"represented_seconds":0,"freshness_days":null,"freshness_status":"unavailable","source_dataset_id":"28185","source_updated_at":"2026-08-27 01:07:58","spatial_precision":"official_point","join_method":"national_station_only","built_at":"2026-08-27T00:00:00+00:00"}},{"type":"Feature","geometry":{"type":"Point","coordinates":[119.570174,23.567842]},"properties":{"station_id":"1930420EN002","station_name":"台電澎湖發電廠","station_type":"environment","station_type_raw":"一般地區環境音量","county":"澎湖縣","address":"澎湖縣馬公市海埔路五十五號","station_status":"使用中","area_type":"第一類","feature_id":"1930420EN002:unavailable","period_type":"unavailable","laeq_window_db":null,"window_start":null,"window_end":null,"latest_observation_date":null,"sample_count":0,"active_days":0,"window_days":30,"active_day_ratio":0.0,"represented_seconds":0,"freshness_days":null,"freshness_status":"unavailable","source_dataset_id":"28185","source_updated_at":"2026-08-27 01:07:58","spatial_precision":"official_point","join_method":"national_station_only","built_at":"2026-08-27T00:00:00+00:00"}},{"type":"Feature","geometry":{"type":"Point","coordinates":[119.567256,23.567803]},"properties":{"station_id":"1930420EN004","station_name":"澎湖縣紅十字會","station_type":"environment","station_type_raw":"一般地區環境音量","county":"澎湖縣","address":"澎湖縣馬公市民生路四十號","station_status":"使用中","area_type":"第三類","feature_id":"1930420EN004:unavailable","period_type":"unavailable","laeq_window_db":null,"window_start":null,"window_end":null,"latest_observation_date":null,"sample_count":0,"active_days":0,"window_days":30,"active_day_ratio":0.0,"represented_seconds":0,"freshness_days":null,"freshness_status":"unavailable","source_dataset_id":"28185","source_updated_at":"2026-08-27 01:07:58","spatial_precision":"official_point","join_method":"national_station_only","built_at":"2026-08-27T00:00:00+00:00"}},{"type":"Feature","geometry":{"type":"Point","coordinates":[119.585398,23.563259]},"properties":{"station_id":"1930420EN005","station_name":"文澳派出所","station_type":"environment","station_type_raw":"一般地區環境音量","county":"澎湖縣","address":"澎湖縣馬公市東文里五號","station_status":"使用中","area_type":"第二類","feature_id":"1930420EN005:unavailable","period_type":"unavailable","laeq_window_db":null,"window_start":null,"window_end":null,"latest_observation_date":null,"sample_count":0,"active_days":0,"window_days":30,"active_day_ratio":0.0,"represented_seconds":0,"freshness_days":null,"freshness_status":"unavailable","source_dataset_id":"28185","source_updated_at":"2026-08-27 01:07:58","spatial_precision":"official_point","join_method":"national_station_only","built_at":"2026-08-27T00:00:00+00:00"}},{"type":"Feature","geometry":{"type":"Point","coordinates":[119.56732,23.565167]},"properties":{"station_id":"1930420EN006","station_name":"啟明派出所","station_type":"environment","station_type_raw":"一般地區環境音量","county":"澎湖縣","address":"澎湖縣馬公市仁愛路十六號","station_status":"使用中","area_type":"第三類","feature_id":"1930420EN006:unavailable","period_type":"unavailable","laeq_window_db":null,"window_start":null,"window_end":null,"latest_observation_date":null,"sample_count":0,"active_days":0,"window_days":30,"active_day_ratio":0.0,"represented_seconds":0,"freshness_days":null,"freshness_status":"unavailable","source_dataset_id":"28185","source_updated_at":"2026-08-27 01:07:58","spatial_precision":"official_point","join_method":"national_station_only","built_at":"2026-08-27T00:00:00+00:00"}},{"type":"Feature","geometry":{"type":"Point","coordinates":[119.583553,23.568108]},"properties":{"station_id":"1930420TN001","station_name":"家畜防治所","station_type":"road","station_type_raw":"道路交通噪音","county":"澎湖縣","address":"澎湖縣馬公市西文里一一八之一號","station_status":"使用中","area_type":"第二類","feature_id":"1930420TN001:unavailable","period_type":"unavailable","laeq_window_db":null,"window_start":null,"window_end":null,"latest_observation_date":null,"sample_count":0,"active_days":0,"window_days":30,"active_day_ratio":0.0,"represented_seconds":0,"freshness_days":null,"freshness_status":"unavailable","source_dataset_id":"28185","source_updated_at":"2026-08-27 01:07:58","spatial_precision":"official_point","join_method":"national_station_only","built_at":"2026-08-27T00:00:00+00:00"}},{"type":"Feature","geometry":{"type":"Point","coordinates":[119.56673,23.568555]},"properties":{"station_id":"1930420TN003","station_name":"澎湖縣議會","station_type":"road","station_type_raw":"道路交通噪音","county":"澎湖縣","address":"澎湖縣馬公市中正路七十六號","station_status":"使用中","area_type":"第三類","feature_id":"1930420TN003:unavailable","period_type":"unavailable","laeq_window_db":null,"window_start":null,"window_end":null,"latest_observation_date":null,"sample_count":0,"active_days":0,"window_days":30,"active_day_ratio":0.0,"represented_seconds":0,"freshness_days":null,"freshness_status":"unavailable","source_dataset_id":"28185","source_updated_at":"2026-08-27 01:07:58","spatial_precision":"official_point","join_method":"national_station_only","built_at":"2026-08-27T00:00:00+00:00"}},{"type":"Feature","geometry":{"type":"Point","coordinates":[119.58322,23.569534]},"properties":{"station_id":"1930420TN004","station_name":"大家加油站","station_type":"road","station_type_raw":"道路交通噪音","county":"澎湖縣","address":"澎湖縣馬公市西文里一0六之一六號","station_status":"使用中","area_type":"第二類","feature_id":"1930420TN004:unavailable","period_type":"unavailable","laeq_window_db":null,"window_start":null,"window_end":null,"latest_observation_date":null,"sample_count":0,"active_days":0,"window_days":30,"active_day_ratio":0.0,"represented_seconds":0,"freshness_days":null,"freshness_status":"unavailable","source_dataset_id":"28185","source_updated_at":"2026-08-27 01:07:58","spatial_precision":"official_point","join_method":"national_station_only","built_at":"2026-08-27T00:00:00+00:00"}},{"type":"Feature","geometry":{"type":"Point","coordinates":[119.565791,23.570684]},"properties":{"station_id":"1930420TN005","station_name":"警光會館","station_type":"road","station_type_raw":"道路交通噪音","county":"澎湖縣","address":"澎湖縣馬公市明遠路五十二號","station_status":"使用中","area_type":"第三類","feature_id":"1930420TN005:unavailable","period_type":"unavailable","laeq_window_db":null,"window_start":null,"window_end":null,"latest_observation_date":null,"sample_count":0,"active_days":0,"window_days":30,"active_day_ratio":0.0,"represented_seconds":0,"freshness_days":null,"freshness_status":"unavailable","source_dataset_id":"28185","source_updated_at":"2026-08-27 01:07:58","spatial_precision":"official_point","join_method":"national_station_only","built_at":"2026-08-27T00:00:00+00:00"}},{"type":"Feature","geometry":{"type":"Point","coordinates":[119.573613,23.569656]},"properties":{"station_id":"1930420TN007","station_name":"自來水公司","station_type":"road","station_type_raw":"道路交通噪音","county":"澎湖縣","address":"澎湖縣馬公市新生路一三0號","station_status":"使用中","area_type":"第一類","feature_id":"1930420TN007:unavailable","period_type":"unavailable","laeq_window_db":null,"window_start":null,"window_end":null,"latest_observation_date":null,"sample_count":0,"active_days":0,"window_days":30,"active_day_ratio":0.0,"represented_seconds":0,"freshness_days":null,"freshness_status":"unavailable","source_dataset_id":"28185","source_updated_at":"2026-08-27 01:07:58","spatial_precision":"official_point","join_method":"national_station_only","built_at":"2026-08-27T00:00:00+00:00"}},{"type":"Feature","geometry":{"type":"Point","coordinates":[121.79,25.14]},"properties":{"station_id":"2031020EN003","station_name":"新豐測站","station_type":"environment","station_type_raw":"一般地區環境音量","county":"基隆市","address":"中正區新豐街428號(巴塞隆納社區)","station_status":"使用中","area_type":"第三類","feature_id":"2031020EN003:unavailable","period_type":"unavailable","laeq_window_db":null,"window_start":null,"window_end":null,"latest_observation_date":null,"sample_count":0,"active_days":0,"window_days":30,"active_day_ratio":0.0,"represented_seconds":0,"freshness_days":null,"freshness_status":"unavailable","source_dataset_id":"28185","source_updated_at":"2026-08-27 01:07:58","spatial_precision":"official_point","join_method":"national_station_only","built_at":"2026-08-27T00:00:00+00:00"}},{"type":"Feature","geometry":{"type":"Point","coordinates":[121.78643,25.135708]},"properties":{"station_id":"2031020TN004","station_name":"海洋測站","station_type":"road","station_type_raw":"道路交通噪音","county":"基隆市","address":"中正區新豐街426號前","station_status":"使用中","area_type":"第三類","feature_id":"2031020TN004:unavailable","period_type":"unavailable","laeq_window_db":null,"window_start":null,"window_end":null,"latest_observation_date":null,"sample_count":0,"active_days":0,"window_days":30,"active_day_ratio":0.0,"represented_seconds":0,"freshness_days":null,"freshness_status":"unavailable","source_dataset_id":"28185","source_updated_at":"2026-08-27 01:07:58","spatial_precision":"official_point","join_method":"national_station_only","built_at":"2026-08-27T00:00:00+00:00"}},{"type":"Feature","geometry":{"type":"Point","coordinates":[121.670537,25.086629]},"properties":{"station_id":"2031120EN011","station_name":"麗景江山站","station_type":"environment","station_type_raw":"一般地區環境音量","county":"基隆市","address":"基隆市七堵區麗景一街90號3樓","station_status":"使用中","area_type":"第二類","feature_id":"2031120EN011:unavailable","period_type":"unavailable","laeq_window_db":null,"window_start":null,"window_end":null,"latest_observation_date":null,"sample_count":0,"active_days":0,"window_days":30,"active_day_ratio":0.0,"represented_seconds":0,"freshness_days":null,"freshness_status":"unavailable","source_dataset_id":"28185","source_updated_at":"2026-08-27 01:07:58","spatial_precision":"official_point","join_method":"national_station_only","built_at":"2026-08-27T00:00:00+00:00"}},{"type":"Feature","geometry":{"type":"Point","coordinates":[121.700953,25.094111]},"properties":{"station_id":"2031123TN001","station_name":"工建西路測站","station_type":"road","station_type_raw":"道路交通噪音","county":"基隆市","address":"七堵區工建西路7號","station_status":"使用中","area_type":"第一類","feature_id":"2031123TN001:unavailable","period_type":"unavailable","laeq_window_db":null,"window_start":null,"window_end":null,"latest_observation_date":null,"sample_count":0,"active_days":0,"window_days":30,"active_day_ratio":0.0,"represented_seconds":0,"freshness_days":null,"freshness_status":"unavailable","source_dataset_id":"28185","source_updated_at":"2026-08-27 01:07:58","spatial_precision":"official_point","join_method":"national_station_only","built_at":"2026-08-27T00:00:00+00:00"}},{"type":"Feature","geometry":{"type":"Point","coordinates":[121.75485,25.096316]},"properties":{"station_id":"2031220EN004","station_name":"碇內測站","station_type":"environment","station_type_raw":"一般地區環境音量","county":"基隆市","address":"暖暖區碇內街9-1號(東方瑞士社區)","station_status":"使用中","area_type":"第三類","feature_id":"2031220EN004:unavailable","period_type":"unavailable","laeq_window_db":null,"window_start":null,"window_end":null,"latest_observation_date":null,"sample_count":0,"active_days":0,"window_days":30,"active_day_ratio":0.0,"represented_seconds":0,"freshness_days":null,"freshness_status":"unavailable","source_dataset_id":"28185","source_updated_at":"2026-08-27 01:07:58","spatial_precision":"official_point","join_method":"national_station_only","built_at":"2026-08-27T00:00:00+00:00"}},{"type":"Feature","geometry":{"type":"Point","coordinates":[121.700621,25.141982]},"properties":{"station_id":"2031520EN010","station_name":"大武崙東都站","station_type":"environment","station_type_raw":"一般地區環境音量","county":"基隆市","address":"基隆市安樂區基金二路1巷180號","station_status":"使用中","area_type":"第一類","feature_id":"2031520EN010:unavailable","period_type":"unavailable","laeq_window_db":null,"window_start":null,"window_end":null,"latest_observation_date":null,"sample_count":0,"active_days":0,"window_days":30,"active_day_ratio":0.0,"represented_seconds":0,"freshness_days":null,"freshness_status":"unavailable","source_dataset_id":"28185","source_updated_at":"2026-08-27 01:07:58","spatial_precision":"official_point","join_method":"national_station_only","built_at":"2026-08-27T00:00:00+00:00"}},{"type":"Feature","geometry":{"type":"Point","coordinates":[121.732609,25.128608]},"properties":{"station_id":"2031520TN006","station_name":"崇德測站","station_type":"road","station_type_raw":"道路交通噪音","county":"基隆市","address":"安樂區崇德路87之1號附近","station_status":"使用中","area_type":"第二類","feature_id":"2031520TN006:unavailable","period_type":"unavailable","laeq_window_db":null,"window_start":null,"window_end":null,"latest_observation_date":null,"sample_count":0,"active_days":0,"window_days":30,"active_day_ratio":0.0,"represented_seconds":0,"freshness_days":null,"freshness_status":"unavailable","source_dataset_id":"28185","source_updated_at":"2026-08-27 01:07:58","spatial_precision":"official_point","join_method":"national_station_only","built_at":"2026-08-27T00:00:00+00:00"}},{"type":"Feature","geometry":{"type":"Point","coordinates":[121.776302,25.137777]},"properties":{"station_id":"2031620EN009","station_name":"港都測站","station_type":"environment","station_type_raw":"一般地區環境音量","county":"基隆市","address":"信義區教孝接78-83號(港都傳奇社區)","station_status":"使用中","area_type":"第二類","feature_id":"2031620EN009:unavailable","period_type":"unavailable","laeq_window_db":null,"window_start":null,"window_end":null,"latest_observation_date":null,"sample_count":0,"active_days":0,"window_days":30,"active_day_ratio":0.0,"represented_seconds":0,"freshness_days":null,"freshness_status":"unavailable","source_dataset_id":"28185","source_updated_at":"2026-08-27 01:07:58","spatial_precision":"official_point","join_method":"national_station_only","built_at":"2026-08-27T00:00:00+00:00"}},{"type":"Feature","geometry":{"type":"Point","coordinates":[121.776854,25.136995]},"properties":{"station_id":"2031620TN007","station_name":"深美測站","station_type":"road","station_type_raw":"道路交通噪音","county":"基隆市","address":"信義區教忠街25巷口","station_status":"使用中","area_type":"第二類","feature_id":"2031620TN007:unavailable","period_type":"unavailable","laeq_window_db":null,"window_start":null,"window_end":null,"latest_observation_date":null,"sample_count":0,"active_days":0,"window_days":30,"active_day_ratio":0.0,"represented_seconds":0,"freshness_days":null,"freshness_status":"unavailable","source_dataset_id":"28185","source_updated_at":"2026-08-27 01:07:58","spatial_precision":"official_point","join_method":"national_station_only","built_at":"2026-08-27T00:00:00+00:00"}},{"type":"Feature","geometry":{"type":"Point","coordinates":[121.781484,25.127092]},"properties":{"station_id":"2031623TN001","station_name":"深澳坑路測站","station_type":"road","station_type_raw":"道路交通噪音","county":"基隆市","address":"信義區深澳坑路37號對面","station_status":"使用中","area_type":"第三類","feature_id":"2031623TN001:unavailable","period_type":"unavailable","laeq_window_db":null,"window_start":null,"window_end":null,"latest_observation_date":null,"sample_count":0,"active_days":0,"window_days":30,"active_day_ratio":0.0,"represented_seconds":0,"freshness_days":null,"freshness_status":"unavailable","source_dataset_id":"28185","source_updated_at":"2026-08-27 01:07:58","spatial_precision":"official_point","join_method":"national_station_only","built_at":"2026-08-27T00:00:00+00:00"}},{"type":"Feature","geometry":{"type":"Point","coordinates":[121.007672,24.789345]},"properties":{"station_id":"2131720EN003","station_name":"龍山國小","station_type":"environment","station_type_raw":"一般地區環境音量","county":"新竹市","address":"光復路一段570號","station_status":"使用中","area_type":"第三類","feature_id":"2131720EN003:89830:day","period_type":"day","laeq_window_db":59.6,"window_start":"2025-02-21","window_end":"2025-03-22","latest_observation_date":"2025-03-22","sample_count":26,"active_days":2,"window_days":30,"active_day_ratio":0.067,"represented_seconds":93600,"freshness_days":523,"freshness_status":"historical","source_dataset_id":"89830","source_updated_at":"2025-11-20 14:03:33","spatial_precision":"official_point","join_method":"station_id","weight_basis":["hourly_duration"],"built_at":"2026-08-27T00:00:00+00:00"}},{"type":"Feature","geometry":{"type":"Point","coordinates":[121.007672,24.789345]},"properties":{"station_id":"2131720EN003","station_name":"龍山國小","station_type":"environment","station_type_raw":"一般地區環境音量","county":"新竹市","address":"光復路一段570號","station_status":"使用中","area_type":"第三類","feature_id":"2131720EN003:89830:evening","period_type":"evening","laeq_window_db":59.3,"window_start":"2025-02-21","window_end":"2025-03-22","latest_observation_date":"2025-03-22","sample_count":4,"active_days":2,"window_days":30,"active_day_ratio":0.067,"represented_seconds":14400,"freshness_days":523,"freshness_status":"historical","source_dataset_id":"89830","source_updated_at":"2025-11-20 14:03:33","spatial_precision":"official_point","join_method":"station_id","weight_basis":["hourly_duration"],"built_at":"2026-08-27T00:00:00+00:00"}},{"type":"Feature","geometry":{"type":"Point","coordinates":[121.007672,24.789345]},"properties":{"station_id":"2131720EN003","station_name":"龍山國小","station_type":"environment","station_type_raw":"一般地區環境音量","county":"新竹市","address":"光復路一段570號","station_status":"使用中","area_type":"第三類","feature_id":"2131720EN003:89830:night","period_type":"night","laeq_window_db":55.1,"window_start":"2025-02-21","window_end":"2025-03-22","latest_observation_date":"2025-03-22","sample_count":18,"active_days":2,"window_days":30,"active_day_ratio":0.067,"represented_seconds":64800,"freshness_days":523,"freshness_status":"historical","source_dataset_id":"89830","source_updated_at":"2025-11-20 14:03:33","spatial_precision":"official_point","join_method":"station_id","weight_basis":["hourly_duration"],"built_at":"2026-08-27T00:00:00+00:00"}},{"type":"Feature","geometry":{"type":"Point","coordinates":[120.943869,24.82288]},"properties":{"station_id":"2131720EN007","station_name":"中正路底(空軍基地)","station_type":"environment","station_type_raw":"一般地區環境音量","county":"新竹市","address":"中正路底","station_status":"使用中","area_type":"第一類","feature_id":"2131720EN007:unavailable","period_type":"unavailable","laeq_window_db":null,"window_start":null,"window_end":null,"latest_observation_date":null,"sample_count":0,"active_days":0,"window_days":30,"active_day_ratio":0.0,"represented_seconds":0,"freshness_days":null,"freshness_status":"unavailable","source_dataset_id":"28185","source_updated_at":"2026-08-27 01:07:58","spatial_precision":"official_point","join_method":"national_station_only","built_at":"2026-08-27T00:00:00+00:00"}},{"type":"Feature","geometry":{"type":"Point","coordinates":[120.933372,24.745409]},"properties":{"station_id":"2131720EN009","station_name":"大湖國小","station_type":"environment","station_type_raw":"一般地區環境音量","county":"新竹市","address":"五福路一段530號","station_status":"使用中","area_type":"第二類","feature_id":"2131720EN009:unavailable","period_type":"unavailable","laeq_window_db":null,"window_start":null,"window_end":null,"latest_observation_date":null,"sample_count":0,"active_days":0,"window_days":30,"active_day_ratio":0.0,"represented_seconds":0,"freshness_days":null,"freshness_status":"unavailable","source_dataset_id":"28185","source_updated_at":"2026-08-27 01:07:58","spatial_precision":"official_point","join_method":"national_station_only","built_at":"2026-08-27T00:00:00+00:00"}},{"type":"Feature","geometry":{"type":"Point","coordinates":[120.55447,24.43398]},"properties":{"station_id":"2131720EN011","station_name":"南隘國小","station_type":"environment","station_type_raw":"一般地區環境音量","county":"新竹市","address":"新竹市香山區南隘路二段31號","station_status":"使用中","area_type":"第二類","feature_id":"2131720EN011:89830:day","period_type":"day","laeq_window_db":48.9,"window_start":"2025-02-21","window_end":"2025-03-22","latest_observation_date":"2025-03-22","sample_count":26,"active_days":2,"window_days":30,"active_day_ratio":0.067,"represented_seconds":93600,"freshness_days":523,"freshness_status":"historical","source_dataset_id":"89830","source_updated_at":"2025-11-20 14:03:33","spatial_precision":"official_point","join_method":"station_id","weight_basis":["hourly_duration"],"built_at":"2026-08-27T00:00:00+00:00"}},{"type":"Feature","geometry":{"type":"Point","coordinates":[120.55447,24.43398]},"properties":{"station_id":"2131720EN011","station_name":"南隘國小","station_type":"environment","station_type_raw":"一般地區環境音量","county":"新竹市","address":"新竹市香山區南隘路二段31號","station_status":"使用中","area_type":"第二類","feature_id":"2131720EN011:89830:evening","period_type":"evening","laeq_window_db":45.1,"window_start":"2025-02-21","window_end":"2025-03-22","latest_observation_date":"2025-03-22","sample_count":4,"active_days":2,"window_days":30,"active_day_ratio":0.067,"represented_seconds":14400,"freshness_days":523,"freshness_status":"historical","source_dataset_id":"89830","source_updated_at":"2025-11-20 14:03:33","spatial_precision":"official_point","join_method":"station_id","weight_basis":["hourly_duration"],"built_at":"2026-08-27T00:00:00+00:00"}},{"type":"Feature","geometry":{"type":"Point","coordinates":[120.55447,24.43398]},"properties":{"station_id":"2131720EN011","station_name":"南隘國小","station_type":"environment","station_type_raw":"一般地區環境音量","county":"新竹市","address":"新竹市香山區南隘路二段31號","station_status":"使用中","area_type":"第二類","feature_id":"2131720EN011:89830:night","period_type":"night","laeq_window_db":45.2,"window_start":"2025-02-21","window_end":"2025-03-22","latest_observation_date":"2025-03-22","sample_count":18,"active_days":2,"window_days":30,"active_day_ratio":0.067,"represented_seconds":64800,"freshness_days":523,"freshness_status":"historical","source_dataset_id":"89830","source_updated_at":"2025-11-20 14:03:33","spatial_precision":"official_point","join_method":"station_id","weight_basis":["hourly_duration"],"built_at":"2026-08-27T00:00:00+00:00"}},{"type":"Feature","geometry":{"type":"Point","coordinates":[120.926946,24.789152]},"properties":{"station_id":"2131720EN012","station_name":"大庄國小","station_type":"environment","station_type_raw":"一般地區環境音量","county":"新竹市","address":"新竹市香山區大庄路48號","station_status":"使用中","area_type":"第三類","feature_id":"2131720EN012:unavailable","period_type":"unavailable","laeq_window_db":null,"window_start":null,"window_end":null,"latest_observation_date":null,"sample_count":0,"active_days":0,"window_days":30,"active_day_ratio":0.0,"represented_seconds":0,"freshness_days":null,"freshness_status":"unavailable","source_dataset_id":"28185","source_updated_at":"2026-08-27 01:07:58","spatial_precision":"official_point","join_method":"national_station_only","built_at":"2026-08-27T00:00:00+00:00"}},{"type":"Feature","geometry":{"type":"Point","coordinates":[120.965561,24.790027]},"properties":{"station_id":"2131720TN003","station_name":"育賢國中","station_type":"road","station_type_raw":"道路交通噪音","county":"新竹市","address":"南大路569號","station_status":"使用中","area_type":"第三類","feature_id":"2131720TN003:unavailable","period_type":"unavailable","laeq_window_db":null,"window_start":null,"window_end":null,"latest_observation_date":null,"sample_count":0,"active_days":0,"window_days":30,"active_day_ratio":0.0,"represented_seconds":0,"freshness_days":null,"freshness_status":"unavailable","source_dataset_id":"28185","source_updated_at":"2026-08-27 01:07:58","spatial_precision":"official_point","join_method":"national_station_only","built_at":"2026-08-27T00:00:00+00:00"}},{"type":"Feature","geometry":{"type":"Point","coordinates":[120.983049,24.809433]},"properties":{"station_id":"2131720TN004","station_name":"新竹高工","station_type":"road","station_type_raw":"道路交通噪音","county":"新竹市","address":"中華路二段2號","station_status":"使用中","area_type":"第三類","feature_id":"2131720TN004:unavailable","period_type":"unavailable","laeq_window_db":null,"window_start":null,"window_end":null,"latest_observation_date":null,"sample_count":0,"active_days":0,"window_days":30,"active_day_ratio":0.0,"represented_seconds":0,"freshness_days":null,"freshness_status":"unavailable","source_dataset_id":"28185","source_updated_at":"2026-08-27 01:07:58","spatial_precision":"official_point","join_method":"national_station_only","built_at":"2026-08-27T00:00:00+00:00"}},{"type":"Feature","geometry":{"type":"Point","coordinates":[120.90615,24.742096]},"properties":{"station_id":"2131720TN006","station_name":"內湖國小","station_type":"road","station_type_raw":"道路交通噪音","county":"新竹市","address":"內湖路109號","station_status":"使用中","area_type":"第二類","feature_id":"2131720TN006:unavailable","period_type":"unavailable","laeq_window_db":null,"window_start":null,"window_end":null,"latest_observation_date":null,"sample_count":0,"active_days":0,"window_days":30,"active_day_ratio":0.0,"represented_seconds":0,"freshness_days":null,"freshness_status":"unavailable","source_dataset_id":"28185","source_updated_at":"2026-08-27 01:07:58","spatial_precision":"official_point","join_method":"national_station_only","built_at":"2026-08-27T00:00:00+00:00"}},{"type":"Feature","geometry":{"type":"Point","coordinates":[120.930451,24.78501]},"properties":{"station_id":"2131720TN009","station_name":"香山中學","station_type":"road","station_type_raw":"道路交通噪音","county":"新竹市","address":"元培街124號","station_status":"使用中","area_type":"第二類","feature_id":"2131720TN009:89831:day","period_type":"day","laeq_window_db":58.3,"window_start":"2025-07-26","window_end":"2025-08-24","latest_observation_date":"2025-08-24","sample_count":26,"active_days":2,"window_days":30,"active_day_ratio":0.067,"represented_seconds":93600,"freshness_days":368,"freshness_status":"historical","source_dataset_id":"89831","source_updated_at":"2025-11-28 17:07:35","spatial_precision":"official_point","join_method":"station_id","weight_basis":["hourly_duration"],"built_at":"2026-08-27T00:00:00+00:00"}},{"type":"Feature","geometry":{"type":"Point","coordinates":[120.930451,24.78501]},"properties":{"station_id":"2131720TN009","station_name":"香山中學","station_type":"road","station_type_raw":"道路交通噪音","county":"新竹市","address":"元培街124號","station_status":"使用中","area_type":"第二類","feature_id":"2131720TN009:89831:evening","period_type":"evening","laeq_window_db":57.3,"window_start":"2025-07-26","window_end":"2025-08-24","latest_observation_date":"2025-08-24","sample_count":4,"active_days":2,"window_days":30,"active_day_ratio":0.067,"represented_seconds":14400,"freshness_days":368,"freshness_status":"historical","source_dataset_id":"89831","source_updated_at":"2025-11-28 17:07:35","spatial_precision":"official_point","join_method":"station_id","weight_basis":["hourly_duration"],"built_at":"2026-08-27T00:00:00+00:00"}},{"type":"Feature","geometry":{"type":"Point","coordinates":[120.930451,24.78501]},"properties":{"station_id":"2131720TN009","station_name":"香山中學","station_type":"road","station_type_raw":"道路交通噪音","county":"新竹市","address":"元培街124號","station_status":"使用中","area_type":"第二類","feature_id":"2131720TN009:89831:night","period_type":"night","laeq_window_db":53.4,"window_start":"2025-07-26","window_end":"2025-08-24","latest_observation_date":"2025-08-24","sample_count":18,"active_days":2,"window_days":30,"active_day_ratio":0.067,"represented_seconds":64800,"freshness_days":368,"freshness_status":"historical","source_dataset_id":"89831","source_updated_at":"2025-11-28 17:07:35","spatial_precision":"official_point","join_method":"station_id","weight_basis":["hourly_duration"],"built_at":"2026-08-27T00:00:00+00:00"}},{"type":"Feature","geometry":{"type":"Point","coordinates":[120.948958,24.832613]},"properties":{"station_id":"2131720TN010","station_name":"空軍基地古賢門崗哨","station_type":"road","station_type_raw":"道路交通噪音","county":"新竹市","address":"","station_status":"使用中","area_type":"第一類","feature_id":"2131720TN010:unavailable","period_type":"unavailable","laeq_window_db":null,"window_start":null,"window_end":null,"latest_observation_date":null,"sample_count":0,"active_days":0,"window_days":30,"active_day_ratio":0.0,"represented_seconds":0,"freshness_days":null,"freshness_status":"unavailable","source_dataset_id":"28185","source_updated_at":"2026-08-27 01:07:58","spatial_precision":"official_point","join_method":"national_station_only","built_at":"2026-08-27T00:00:00+00:00"}},{"type":"Feature","geometry":{"type":"Point","coordinates":[120.524139,23.455373]},"properties":{"station_id":"2332620EN001","station_name":"嘉義市仁義潭水庫管理處","station_type":"environment","station_type_raw":"一般地區環境音量","county":"嘉義市","address":"嘉義市鹿寮里紅毛埤30之2號","station_status":"使用中","area_type":"第二類","feature_id":"2332620EN001:unavailable","period_type":"unavailable","laeq_window_db":null,"window_start":null,"window_end":null,"latest_observation_date":null,"sample_count":0,"active_days":0,"window_days":30,"active_day_ratio":0.0,"represented_seconds":0,"freshness_days":null,"freshness_status":"unavailable","source_dataset_id":"28185","source_updated_at":"2026-08-27 01:07:58","spatial_precision":"official_point","join_method":"national_station_only","built_at":"2026-08-27T00:00:00+00:00"}},{"type":"Feature","geometry":{"type":"Point","coordinates":[120.484056,23.463207]},"properties":{"station_id":"2332620EN002","station_name":"鹿寮里里長家","station_type":"environment","station_type_raw":"一般地區環境音量","county":"嘉義市","address":"嘉義市鹿寮里4鄰紅毛埤159號","station_status":"使用中","area_type":"第二類","feature_id":"2332620EN002:unavailable","period_type":"unavailable","laeq_window_db":null,"window_start":null,"window_end":null,"latest_observation_date":null,"sample_count":0,"active_days":0,"window_days":30,"active_day_ratio":0.0,"represented_seconds":0,"freshness_days":null,"freshness_status":"unavailable","source_dataset_id":"28185","source_updated_at":"2026-08-27 01:07:58","spatial_precision":"official_point","join_method":"national_station_only","built_at":"2026-08-27T00:00:00+00:00"}},{"type":"Feature","geometry":{"type":"Point","coordinates":[120.478038,23.483819]},"properties":{"station_id":"2332620EN003","station_name":"公園淨水場","station_type":"environment","station_type_raw":"一般地區環境音量","county":"嘉義市","address":"嘉義市民權東路46號","station_status":"使用中","area_type":"第三類","feature_id":"2332620EN003:unavailable","period_type":"unavailable","laeq_window_db":null,"window_start":null,"window_end":null,"latest_observation_date":null,"sample_count":0,"active_days":0,"window_days":30,"active_day_ratio":0.0,"represented_seconds":0,"freshness_days":null,"freshness_status":"unavailable","source_dataset_id":"28185","source_updated_at":"2026-08-27 01:07:58","spatial_precision":"official_point","join_method":"national_station_only","built_at":"2026-08-27T00:00:00+00:00"}},{"type":"Feature","geometry":{"type":"Point","coordinates":[120.450448,23.4988]},"properties":{"station_id":"2332620EN004","station_name":"嘉義市後湖派出所","station_type":"environment","station_type_raw":"一般地區環境音量","county":"嘉義市","address":"嘉義市後湖里忠孝路537號","station_status":"使用中","area_type":"第一類","feature_id":"2332620EN004:unavailable","period_type":"unavailable","laeq_window_db":null,"window_start":null,"window_end":null,"latest_observation_date":null,"sample_count":0,"active_days":0,"window_days":30,"active_day_ratio":0.0,"represented_seconds":0,"freshness_days":null,"freshness_status":"unavailable","source_dataset_id":"28185","source_updated_at":"2026-08-27 01:07:58","spatial_precision":"official_point","join_method":"national_station_only","built_at":"2026-08-27T00:00:00+00:00"}},{"type":"Feature","geometry":{"type":"Point","coordinates":[120.453495,23.478677]},"properties":{"station_id":"2332620EN005","station_name":"嘉義市環保局","station_type":"environment","station_type_raw":"一般地區環境音量","county":"嘉義市","address":"嘉義市吳鳳北路184號6樓","station_status":"使用中","area_type":"第三類","feature_id":"2332620EN005:unavailable","period_type":"unavailable","laeq_window_db":null,"window_start":null,"window_end":null,"latest_observation_date":null,"sample_count":0,"active_days":0,"window_days":30,"active_day_ratio":0.0,"represented_seconds":0,"freshness_days":null,"freshness_status":"unavailable","source_dataset_id":"28185","source_updated_at":"2026-08-27 01:07:58","spatial_precision":"official_point","join_method":"national_station_only","built_at":"2026-08-27T00:00:00+00:00"}},{"type":"Feature","geometry":{"type":"Point","coordinates":[120.439897,23.476965]},"properties":{"station_id":"2332620TN002","station_name":"嘉義市嘉義酒廠","station_type":"road","station_type_raw":"道路交通噪音","county":"嘉義市","address":"嘉義市驛站里中山路659號","station_status":"使用中","area_type":"第三類","feature_id":"2332620TN002:52435:day","period_type":"day","laeq_window_db":71.9,"window_start":"2026-06-01","window_end":"2026-06-30","latest_observation_date":"2026-06-30","sample_count":39,"active_days":3,"window_days":30,"active_day_ratio":0.1,"represented_seconds":140400,"freshness_days":58,"freshness_status":"fresh","source_dataset_id":"52435","source_updated_at":"2026-08-12 17:13:58","spatial_precision":"official_point","join_method":"station_id","weight_basis":["hourly_duration"],"built_at":"2026-08-27T00:00:00+00:00"}},{"type":"Feature","geometry":{"type":"Point","coordinates":[120.439897,23.476965]},"properties":{"station_id":"2332620TN002","station_name":"嘉義市嘉義酒廠","station_type":"road","station_type_raw":"道路交通噪音","county":"嘉義市","address":"嘉義市驛站里中山路659號","station_status":"使用中","area_type":"第三類","feature_id":"2332620TN002:52435:evening","period_type":"evening","laeq_window_db":64.2,"window_start":"2026-06-01","window_end":"2026-06-30","latest_observation_date":"2026-06-30","sample_count":6,"active_days":3,"window_days":30,"active_day_ratio":0.1,"represented_seconds":21600,"freshness_days":58,"freshness_status":"fresh","source_dataset_id":"52435","source_updated_at":"2026-08-12 17:13:58","spatial_precision":"official_point","join_method":"station_id","weight_basis":["hourly_duration"],"built_at":"2026-08-27T00:00:00+00:00"}},{"type":"Feature","geometry":{"type":"Point","coordinates":[120.439897,23.476965]},"properties":{"station_id":"2332620TN002","station_name":"嘉義市嘉義酒廠","station_type":"road","station_type_raw":"道路交通噪音","county":"嘉義市","address":"嘉義市驛站里中山路659號","station_status":"使用中","area_type":"第三類","feature_id":"2332620TN002:52435:night","period_type":"night","laeq_window_db":62.1,"window_start":"2026-06-01","window_end":"2026-06-30","latest_observation_date":"2026-06-30","sample_count":27,"active_days":3,"window_days":30,"active_day_ratio":0.1,"represented_seconds":97200,"freshness_days":58,"freshness_status":"fresh","source_dataset_id":"52435","source_updated_at":"2026-08-12 17:13:58","spatial_precision":"official_point","join_method":"station_id","weight_basis":["hourly_duration"],"built_at":"2026-08-27T00:00:00+00:00"}},{"type":"Feature","geometry":{"type":"Point","coordinates":[120.446087,23.466829]},"properties":{"station_id":"2332620TN003","station_name":"嘉義市中油煉研所","station_type":"road","station_type_raw":"道路交通噪音","county":"嘉義市","address":"嘉義市美源里民生南路217號","station_status":"使用中","area_type":"第一類","feature_id":"2332620TN003:52435:day","period_type":"day","laeq_window_db":62.1,"window_start":"2026-06-01","window_end":"2026-06-30","latest_observation_date":"2026-06-30","sample_count":39,"active_days":3,"window_days":30,"active_day_ratio":0.1,"represented_seconds":140400,"freshness_days":58,"freshness_status":"fresh","source_dataset_id":"52435","source_updated_at":"2026-08-12 17:13:58","spatial_precision":"official_point","join_method":"station_id","weight_basis":["hourly_duration"],"built_at":"2026-08-27T00:00:00+00:00"}},{"type":"Feature","geometry":{"type":"Point","coordinates":[120.446087,23.466829]},"properties":{"station_id":"2332620TN003","station_name":"嘉義市中油煉研所","station_type":"road","station_type_raw":"道路交通噪音","county":"嘉義市","address":"嘉義市美源里民生南路217號","station_status":"使用中","area_type":"第一類","feature_id":"2332620TN003:52435:evening","period_type":"evening","laeq_window_db":61.8,"window_start":"2026-06-01","window_end":"2026-06-30","latest_observation_date":"2026-06-30","sample_count":6,"active_days":3,"window_days":30,"active_day_ratio":0.1,"represented_seconds":21600,"freshness_days":58,"freshness_status":"fresh","source_dataset_id":"52435","source_updated_at":"2026-08-12 17:13:58","spatial_precision":"official_point","join_method":"station_id","weight_basis":["hourly_duration"],"built_at":"2026-08-27T00:00:00+00:00"}},{"type":"Feature","geometry":{"type":"Point","coordinates":[120.446087,23.466829]},"properties":{"station_id":"2332620TN003","station_name":"嘉義市中油煉研所","station_type":"road","station_type_raw":"道路交通噪音","county":"嘉義市","address":"嘉義市美源里民生南路217號","station_status":"使用中","area_type":"第一類","feature_id":"2332620TN003:52435:night","period_type":"night","laeq_window_db":62.4,"window_start":"2026-06-01","window_end":"2026-06-30","latest_observation_date":"2026-06-30","sample_count":27,"active_days":3,"window_days":30,"active_day_ratio":0.1,"represented_seconds":97200,"freshness_days":58,"freshness_status":"fresh","source_dataset_id":"52435","source_updated_at":"2026-08-12 17:13:58","spatial_precision":"official_point","join_method":"station_id","weight_basis":["hourly_duration"],"built_at":"2026-08-27T00:00:00+00:00"}},{"type":"Feature","geometry":{"type":"Point","coordinates":[120.478606,23.462853]},"properties":{"station_id":"2332620TN006","station_name":"蘭潭家福護理之家","station_type":"road","station_type_raw":"道路交通噪音","county":"嘉義市","address":"嘉義市鹿寮里學府路299號","station_status":"使用中","area_type":"第二類","feature_id":"2332620TN006:unavailable","period_type":"unavailable","laeq_window_db":null,"window_start":null,"window_end":null,"latest_observation_date":null,"sample_count":0,"active_days":0,"window_days":30,"active_day_ratio":0.0,"represented_seconds":0,"freshness_days":null,"freshness_status":"unavailable","source_dataset_id":"28185","source_updated_at":"2026-08-27 01:07:58","spatial_precision":"official_point","join_method":"national_station_only","built_at":"2026-08-27T00:00:00+00:00"}},{"type":"Feature","geometry":{"type":"Point","coordinates":[120.430981,23.479696]},"properties":{"station_id":"2332620TN007","station_name":"嘉義市西區衛生所","station_type":"road","station_type_raw":"道路交通噪音","county":"嘉義市","address":"嘉義市德明路1號","station_status":"使用中","area_type":"第三類","feature_id":"2332620TN007:52435:day","period_type":"day","laeq_window_db":67.4,"window_start":"2026-06-01","window_end":"2026-06-30","latest_observation_date":"2026-06-30","sample_count":39,"active_days":3,"window_days":30,"active_day_ratio":0.1,"represented_seconds":140400,"freshness_days":58,"freshness_status":"fresh","source_dataset_id":"52435","source_updated_at":"2026-08-12 17:13:58","spatial_precision":"official_point","join_method":"station_id","weight_basis":["hourly_duration"],"built_at":"2026-08-27T00:00:00+00:00"}},{"type":"Feature","geometry":{"type":"Point","coordinates":[120.430981,23.479696]},"properties":{"station_id":"2332620TN007","station_name":"嘉義市西區衛生所","station_type":"road","station_type_raw":"道路交通噪音","county":"嘉義市","address":"嘉義市德明路1號","station_status":"使用中","area_type":"第三類","feature_id":"2332620TN007:52435:evening","period_type":"evening","laeq_window_db":70.2,"window_start":"2026-06-01","window_end":"2026-06-30","latest_observation_date":"2026-06-30","sample_count":6,"active_days":3,"window_days":30,"active_day_ratio":0.1,"represented_seconds":21600,"freshness_days":58,"freshness_status":"fresh","source_dataset_id":"52435","source_updated_at":"2026-08-12 17:13:58","spatial_precision":"official_point","join_method":"station_id","weight_basis":["hourly_duration"],"built_at":"2026-08-27T00:00:00+00:00"}},{"type":"Feature","geometry":{"type":"Point","coordinates":[120.430981,23.479696]},"properties":{"station_id":"2332620TN007","station_name":"嘉義市西區衛生所","station_type":"road","station_type_raw":"道路交通噪音","county":"嘉義市","address":"嘉義市德明路1號","station_status":"使用中","area_type":"第三類","feature_id":"2332620TN007:52435:night","period_type":"night","laeq_window_db":54.3,"window_start":"2026-06-01","window_end":"2026-06-30","latest_observation_date":"2026-06-30","sample_count":27,"active_days":3,"window_days":30,"active_day_ratio":0.1,"represented_seconds":97200,"freshness_days":58,"freshness_status":"fresh","source_dataset_id":"52435","source_updated_at":"2026-08-12 17:13:58","spatial_precision":"official_point","join_method":"station_id","weight_basis":["hourly_duration"],"built_at":"2026-08-27T00:00:00+00:00"}},{"type":"Feature","geometry":{"type":"Point","coordinates":[120.483563,23.463207]},"properties":{"station_id":"2332620TN008","station_name":"嘉大蘭潭學苑","station_type":"road","station_type_raw":"道路交通噪音","county":"嘉義市","address":"嘉義市鹿寮里學府路300號","station_status":"使用中","area_type":"第二類","feature_id":"2332620TN008:52435:day","period_type":"day","laeq_window_db":63.2,"window_start":"2026-06-01","window_end":"2026-06-30","latest_observation_date":"2026-06-30","sample_count":39,"active_days":3,"window_days":30,"active_day_ratio":0.1,"represented_seconds":140400,"freshness_days":58,"freshness_status":"fresh","source_dataset_id":"52435","source_updated_at":"2026-08-12 17:13:58","spatial_precision":"official_point","join_method":"station_id","weight_basis":["hourly_duration"],"built_at":"2026-08-27T00:00:00+00:00"}},{"type":"Feature","geometry":{"type":"Point","coordinates":[120.483563,23.463207]},"properties":{"station_id":"2332620TN008","station_name":"嘉大蘭潭學苑","station_type":"road","station_type_raw":"道路交通噪音","county":"嘉義市","address":"嘉義市鹿寮里學府路300號","station_status":"使用中","area_type":"第二類","feature_id":"2332620TN008:52435:evening","period_type":"evening","laeq_window_db":61.4,"window_start":"2026-06-01","window_end":"2026-06-30","latest_observation_date":"2026-06-30","sample_count":6,"active_days":3,"window_days":30,"active_day_ratio":0.1,"represented_seconds":21600,"freshness_days":58,"freshness_status":"fresh","source_dataset_id":"52435","source_updated_at":"2026-08-12 17:13:58","spatial_precision":"official_point","join_method":"station_id","weight_basis":["hourly_duration"],"built_at":"2026-08-27T00:00:00+00:00"}},{"type":"Feature","geometry":{"type":"Point","coordinates":[120.483563,23.463207]},"properties":{"station_id":"2332620TN008","station_name":"嘉大蘭潭學苑","station_type":"road","station_type_raw":"道路交通噪音","county":"嘉義市","address":"嘉義市鹿寮里學府路300號","station_status":"使用中","area_type":"第二類","feature_id":"2332620TN008:52435:night","period_type":"night","laeq_window_db":58.2,"window_start":"2026-06-01","window_end":"2026-06-30","latest_observation_date":"2026-06-30","sample_count":27,"active_days":3,"window_days":30,"active_day_ratio":0.1,"represented_seconds":97200,"freshness_days":58,"freshness_status":"fresh","source_dataset_id":"52435","source_updated_at":"2026-08-12 17:13:58","spatial_precision":"official_point","join_method":"station_id","weight_basis":["hourly_duration"],"built_at":"2026-08-27T00:00:00+00:00"}},{"type":"Feature","geometry":{"type":"Point","coordinates":[120.452975,23.488163]},"properties":{"station_id":"2332623TN001","station_name":"嘉義市文化局前人行道","station_type":"road","station_type_raw":"道路交通噪音","county":"嘉義市","address":"嘉義市忠孝路275號前人行道","station_status":"使用中","area_type":"第三類","feature_id":"2332623TN001:52435:day","period_type":"day","laeq_window_db":69.2,"window_start":"2026-06-01","window_end":"2026-06-30","latest_observation_date":"2026-06-30","sample_count":378,"active_days":30,"window_days":30,"active_day_ratio":1.0,"represented_seconds":1360800,"freshness_days":58,"freshness_status":"fresh","source_dataset_id":"52435","source_updated_at":"2026-08-12 17:13:58","spatial_precision":"official_point","join_method":"station_id","weight_basis":["hourly_duration"],"built_at":"2026-08-27T00:00:00+00:00"}},{"type":"Feature","geometry":{"type":"Point","coordinates":[120.452975,23.488163]},"properties":{"station_id":"2332623TN001","station_name":"嘉義市文化局前人行道","station_type":"road","station_type_raw":"道路交通噪音","county":"嘉義市","address":"嘉義市忠孝路275號前人行道","station_status":"使用中","area_type":"第三類","feature_id":"2332623TN001:52435:evening","period_type":"evening","laeq_window_db":66.3,"window_start":"2026-06-01","window_end":"2026-06-30","latest_observation_date":"2026-06-30","sample_count":60,"active_days":30,"window_days":30,"active_day_ratio":1.0,"represented_seconds":216000,"freshness_days":58,"freshness_status":"fresh","source_dataset_id":"52435","source_updated_at":"2026-08-12 17:13:58","spatial_precision":"official_point","join_method":"station_id","weight_basis":["hourly_duration"],"built_at":"2026-08-27T00:00:00+00:00"}},{"type":"Feature","geometry":{"type":"Point","coordinates":[120.452975,23.488163]},"properties":{"station_id":"2332623TN001","station_name":"嘉義市文化局前人行道","station_type":"road","station_type_raw":"道路交通噪音","county":"嘉義市","address":"嘉義市忠孝路275號前人行道","station_status":"使用中","area_type":"第三類","feature_id":"2332623TN001:52435:night","period_type":"night","laeq_window_db":63.9,"window_start":"2026-06-01","window_end":"2026-06-30","latest_observation_date":"2026-06-30","sample_count":257,"active_days":30,"window_days":30,"active_day_ratio":1.0,"represented_seconds":925200,"freshness_days":58,"freshness_status":"fresh","source_dataset_id":"52435","source_updated_at":"2026-08-12 17:13:58","spatial_precision":"official_point","join_method":"station_id","weight_basis":["hourly_duration"],"built_at":"2026-08-27T00:00:00+00:00"}},{"type":"Feature","geometry":{"type":"Point","coordinates":[121.548239,25.014636]},"properties":{"station_id":"2533520EN012","station_name":"長興點","station_type":"environment","station_type_raw":"一般地區環境音量","county":"臺北市","address":"大安區長興街131號附近","station_status":"使用中","area_type":"第二類","feature_id":"2533520EN012:unavailable","period_type":"unavailable","laeq_window_db":null,"window_start":null,"window_end":null,"latest_observation_date":null,"sample_count":0,"active_days":0,"window_days":30,"active_day_ratio":0.0,"represented_seconds":0,"freshness_days":null,"freshness_status":"unavailable","source_dataset_id":"28185","source_updated_at":"2026-08-27 01:07:58","spatial_precision":"official_point","join_method":"national_station_only","built_at":"2026-08-27T00:00:00+00:00"}},{"type":"Feature","geometry":{"type":"Point","coordinates":[121.533101,25.031727]},"properties":{"station_id":"2533520TN307","station_name":"新生點","station_type":"road","station_type_raw":"道路交通噪音","county":"臺北市","address":"台北市大安區新生南路二段32號附近","station_status":"使用中","area_type":"第三類","feature_id":"2533520TN307:unavailable","period_type":"unavailable","laeq_window_db":null,"window_start":null,"window_end":null,"latest_observation_date":null,"sample_count":0,"active_days":0,"window_days":30,"active_day_ratio":0.0,"represented_seconds":0,"freshness_days":null,"freshness_status":"unavailable","source_dataset_id":"28185","source_updated_at":"2026-08-27 01:07:58","spatial_precision":"official_point","join_method":"national_station_only","built_at":"2026-08-27T00:00:00+00:00"}},{"type":"Feature","geometry":{"type":"Point","coordinates":[121.507963,25.046614]},"properties":{"station_id":"2533720EN013","station_name":"福星點","station_type":"environment","station_type_raw":"一般地區環境音量","county":"臺北市","address":"萬華區中華路1段66號附近","station_status":"使用中","area_type":"第三類","feature_id":"2533720EN013:unavailable","period_type":"unavailable","laeq_window_db":null,"window_start":null,"window_end":null,"latest_observation_date":null,"sample_count":0,"active_days":0,"window_days":30,"active_day_ratio":0.0,"represented_seconds":0,"freshness_days":null,"freshness_status":"unavailable","source_dataset_id":"28185","source_updated_at":"2026-08-27 01:07:58","spatial_precision":"official_point","join_method":"national_station_only","built_at":"2026-08-27T00:00:00+00:00"}},{"type":"Feature","geometry":{"type":"Point","coordinates":[121.851558,25.032646]},"properties":{"station_id":"2533720TN207","station_name":"青年點","station_type":"road","station_type_raw":"道路交通噪音","county":"臺北市","address":"台北市萬華區青年路186號附近","station_status":"使用中","area_type":"第二類","feature_id":"2533720TN207:unavailable","period_type":"unavailable","laeq_window_db":null,"window_start":null,"window_end":null,"latest_observation_date":null,"sample_count":0,"active_days":0,"window_days":30,"active_day_ratio":0.0,"represented_seconds":0,"freshness_days":null,"freshness_status":"unavailable","source_dataset_id":"28185","source_updated_at":"2026-08-27 01:07:58","spatial_precision":"official_point","join_method":"national_station_only","built_at":"2026-08-27T00:00:00+00:00"}},{"type":"Feature","geometry":{"type":"Point","coordinates":[121.516594,25.054924]},"properties":{"station_id":"2533820EN007","station_name":"太原點","station_type":"environment","station_type_raw":"一般地區環境音量","county":"臺北市","address":"台北市大同區太原路151號附近","station_status":"使用中","area_type":"第三類","feature_id":"2533820EN007:unavailable","period_type":"unavailable","laeq_window_db":null,"window_start":null,"window_end":null,"latest_observation_date":null,"sample_count":0,"active_days":0,"window_days":30,"active_day_ratio":0.0,"represented_seconds":0,"freshness_days":null,"freshness_status":"unavailable","source_dataset_id":"28185","source_updated_at":"2026-08-27 01:07:58","spatial_precision":"official_point","join_method":"national_station_only","built_at":"2026-08-27T00:00:00+00:00"}},{"type":"Feature","geometry":{"type":"Point","coordinates":[121.518226,25.05933]},"properties":{"station_id":"2533820EN202","station_name":"永樂點","station_type":"environment","station_type_raw":"一般地區環境音量","county":"臺北市","address":"台北市延平北路二段266號附近","station_status":"使用中","area_type":"第二類","feature_id":"2533820EN202:unavailable","period_type":"unavailable","laeq_window_db":null,"window_start":null,"window_end":null,"latest_observation_date":null,"sample_count":0,"active_days":0,"window_days":30,"active_day_ratio":0.0,"represented_seconds":0,"freshness_days":null,"freshness_status":"unavailable","source_dataset_id":"28185","source_updated_at":"2026-08-27 01:07:58","spatial_precision":"official_point","join_method":"national_station_only","built_at":"2026-08-27T00:00:00+00:00"}},{"type":"Feature","geometry":{"type":"Point","coordinates":[121.522222,25.066358]},"properties":{"station_id":"2533920TN404","station_name":"大同點","station_type":"road","station_type_raw":"道路交通噪音","county":"臺北市","address":"台北市中山區中山北路三段40號附近","station_status":"使用中","area_type":"第一類","feature_id":"2533920TN404:unavailable","period_type":"unavailable","laeq_window_db":null,"window_start":null,"window_end":null,"latest_observation_date":null,"sample_count":0,"active_days":0,"window_days":30,"active_day_ratio":0.0,"represented_seconds":0,"freshness_days":null,"freshness_status":"unavailable","source_dataset_id":"28185","source_updated_at":"2026-08-27 01:07:58","spatial_precision":"official_point","join_method":"national_station_only","built_at":"2026-08-27T00:00:00+00:00"}},{"type":"Feature","geometry":{"type":"Point","coordinates":[121.576928,24.98969]},"properties":{"station_id":"2534020TN210","station_name":"萬興點","station_type":"road","station_type_raw":"道路交通噪音","county":"臺北市","address":"秀明路2段114號附近","station_status":"使用中","area_type":"第二類","feature_id":"2534020TN210:unavailable","period_type":"unavailable","laeq_window_db":null,"window_start":null,"window_end":null,"latest_observation_date":null,"sample_count":0,"active_days":0,"window_days":30,"active_day_ratio":0.0,"represented_seconds":0,"freshness_days":null,"freshness_status":"unavailable","source_dataset_id":"28185","source_updated_at":"2026-08-27 01:07:58","spatial_precision":"official_point","join_method":"national_station_only","built_at":"2026-08-27T00:00:00+00:00"}},{"type":"Feature","geometry":{"type":"Point","coordinates":[121.62024,25.041768]},"properties":{"station_id":"2534120TN209","station_name":"舊二點","station_type":"road","station_type_raw":"道路交通噪音","county":"臺北市","address":"南港區舊莊路1段212巷8號附近","station_status":"使用中","area_type":"第二類","feature_id":"2534120TN209:unavailable","period_type":"unavailable","laeq_window_db":null,"window_start":null,"window_end":null,"latest_observation_date":null,"sample_count":0,"active_days":0,"window_days":30,"active_day_ratio":0.0,"represented_seconds":0,"freshness_days":null,"freshness_status":"unavailable","source_dataset_id":"28185","source_updated_at":"2026-08-27 01:07:58","spatial_precision":"official_point","join_method":"national_station_only","built_at":"2026-08-27T00:00:00+00:00"}},{"type":"Feature","geometry":{"type":"Point","coordinates":[121.589529,25.053354]},"properties":{"station_id":"2534120TN405","station_name":"南港點","station_type":"road","station_type_raw":"道路交通噪音","county":"臺北市","address":"台北市南港區南港路三段106號附近","station_status":"使用中","area_type":"第一類","feature_id":"2534120TN405:unavailable","period_type":"unavailable","laeq_window_db":null,"window_start":null,"window_end":null,"latest_observation_date":null,"sample_count":0,"active_days":0,"window_days":30,"active_day_ratio":0.0,"represented_seconds":0,"freshness_days":null,"freshness_status":"unavailable","source_dataset_id":"28185","source_updated_at":"2026-08-27 01:07:58","spatial_precision":"official_point","join_method":"national_station_only","built_at":"2026-08-27T00:00:00+00:00"}},{"type":"Feature","geometry":{"type":"Point","coordinates":[121.606877,25.064298]},"properties":{"station_id":"2534220EN005","station_name":"安康點","station_type":"environment","station_type_raw":"一般地區環境音量","county":"臺北市","address":"台北市內湖區安康路290號附近","station_status":"使用中","area_type":"第一類","feature_id":"2534220EN005:unavailable","period_type":"unavailable","laeq_window_db":null,"window_start":null,"window_end":null,"latest_observation_date":null,"sample_count":0,"active_days":0,"window_days":30,"active_day_ratio":0.0,"represented_seconds":0,"freshness_days":null,"freshness_status":"unavailable","source_dataset_id":"28185","source_updated_at":"2026-08-27 01:07:58","spatial_precision":"official_point","join_method":"national_station_only","built_at":"2026-08-27T00:00:00+00:00"}},{"type":"Feature","geometry":{"type":"Point","coordinates":[121.599469,25.066747]},"properties":{"station_id":"2534220TN308","station_name":"民權點","station_type":"road","station_type_raw":"道路交通噪音","county":"臺北市","address":"內湖區民權東路6段附近","station_status":"使用中","area_type":"第三類","feature_id":"2534220TN308:unavailable","period_type":"unavailable","laeq_window_db":null,"window_start":null,"window_end":null,"latest_observation_date":null,"sample_count":0,"active_days":0,"window_days":30,"active_day_ratio":0.0,"represented_seconds":0,"freshness_days":null,"freshness_status":"unavailable","source_dataset_id":"28185","source_updated_at":"2026-08-27 01:07:58","spatial_precision":"official_point","join_method":"national_station_only","built_at":"2026-08-27T00:00:00+00:00"}},{"type":"Feature","geometry":{"type":"Point","coordinates":[121.48738,25.103433]},"properties":{"station_id":"2534320EN008","station_name":"社子點","station_type":"environment","station_type_raw":"一般地區環境音量","county":"臺北市","address":"台北市士林區延平北路七段250號附近","station_status":"使用中","area_type":"第三類","feature_id":"2534320EN008:unavailable","period_type":"unavailable","laeq_window_db":null,"window_start":null,"window_end":null,"latest_observation_date":null,"sample_count":0,"active_days":0,"window_days":30,"active_day_ratio":0.0,"represented_seconds":0,"freshness_days":null,"freshness_status":"unavailable","source_dataset_id":"28185","source_updated_at":"2026-08-27 01:07:58","spatial_precision":"official_point","join_method":"national_station_only","built_at":"2026-08-27T00:00:00+00:00"}},{"type":"Feature","geometry":{"type":"Point","coordinates":[121.548867,25.144071]},"properties":{"station_id":"2534320TN103","station_name":"格致點","station_type":"road","station_type_raw":"道路交通噪音","county":"臺北市","address":"台北市士林區格致路237號附近","station_status":"使用中","area_type":"第一類","feature_id":"2534320TN103:unavailable","period_type":"unavailable","laeq_window_db":null,"window_start":null,"window_end":null,"latest_observation_date":null,"sample_count":0,"active_days":0,"window_days":30,"active_day_ratio":0.0,"represented_seconds":0,"freshness_days":null,"freshness_status":"unavailable","source_dataset_id":"28185","source_updated_at":"2026-08-27 01:07:58","spatial_precision":"official_point","join_method":"national_station_only","built_at":"2026-08-27T00:00:00+00:00"}},{"type":"Feature","geometry":{"type":"Point","coordinates":[121.557047,25.109413]},"properties":{"station_id":"2534320TN208","station_name":"至善點","station_type":"road","station_type_raw":"道路交通噪音","county":"臺北市","address":"台北市士林區至善路二段407號附近","station_status":"使用中","area_type":"第二類","feature_id":"2534320TN208:unavailable","period_type":"unavailable","laeq_window_db":null,"window_start":null,"window_end":null,"latest_observation_date":null,"sample_count":0,"active_days":0,"window_days":30,"active_day_ratio":0.0,"represented_seconds":0,"freshness_days":null,"freshness_status":"unavailable","source_dataset_id":"28185","source_updated_at":"2026-08-27 01:07:58","spatial_precision":"official_point","join_method":"national_station_only","built_at":"2026-08-27T00:00:00+00:00"}},{"type":"Feature","geometry":{"type":"Point","coordinates":[121.469264,25.120167]},"properties":{"station_id":"2534420EN010","station_name":"關渡點","station_type":"environment","station_type_raw":"一般地區環境音量","county":"臺北市","address":"台北市北投區關渡路55號附近","station_status":"使用中","area_type":"第二類","feature_id":"2534420EN010:unavailable","period_type":"unavailable","laeq_window_db":null,"window_start":null,"window_end":null,"latest_observation_date":null,"sample_count":0,"active_days":0,"window_days":30,"active_day_ratio":0.0,"represented_seconds":0,"freshness_days":null,"freshness_status":"unavailable","source_dataset_id":"28185","source_updated_at":"2026-08-27 01:07:58","spatial_precision":"official_point","join_method":"national_station_only","built_at":"2026-08-27T00:00:00+00:00"}},{"type":"Feature","geometry":{"type":"Point","coordinates":[121.538857,25.168761]},"properties":{"station_id":"2534420EN011","station_name":"湖田點","station_type":"environment","station_type_raw":"一般地區環境音量","county":"臺北市","address":"北投區竹子湖路17之2號附近","station_status":"使用中","area_type":"第一類","feature_id":"2534420EN011:unavailable","period_type":"unavailable","laeq_window_db":null,"window_start":null,"window_end":null,"latest_observation_date":null,"sample_count":0,"active_days":0,"window_days":30,"active_day_ratio":0.0,"represented_seconds":0,"freshness_days":null,"freshness_status":"unavailable","source_dataset_id":"28185","source_updated_at":"2026-08-27 01:07:58","spatial_precision":"official_point","join_method":"national_station_only","built_at":"2026-08-27T00:00:00+00:00"}},{"type":"Feature","geometry":{"type":"Point","coordinates":[121.529061,25.18251]},"properties":{"station_id":"2534420EN012","station_name":"鞍部點","station_type":"environment","station_type_raw":"一般地區環境音量","county":"臺北市","address":"台北市北投區竹子湖路111號附近","station_status":"使用中","area_type":"第一類","feature_id":"2534420EN012:unavailable","period_type":"unavailable","laeq_window_db":null,"window_start":null,"window_end":null,"latest_observation_date":null,"sample_count":0,"active_days":0,"window_days":30,"active_day_ratio":0.0,"represented_seconds":0,"freshness_days":null,"freshness_status":"unavailable","source_dataset_id":"28185","source_updated_at":"2026-08-27 01:07:58","spatial_precision":"official_point","join_method":"national_station_only","built_at":"2026-08-27T00:00:00+00:00"}},{"type":"Feature","geometry":{"type":"Point","coordinates":[121.512056,25.115135]},"properties":{"station_id":"2534420EN201","station_name":"致遠點","station_type":"environment","station_type_raw":"一般地區環境音量","county":"臺北市","address":"臺北市北投區致遠二路八十號附近","station_status":"使用中","area_type":"第二類","feature_id":"2534420EN201:unavailable","period_type":"unavailable","laeq_window_db":null,"window_start":null,"window_end":null,"latest_observation_date":null,"sample_count":0,"active_days":0,"window_days":30,"active_day_ratio":0.0,"represented_seconds":0,"freshness_days":null,"freshness_status":"unavailable","source_dataset_id":"28185","source_updated_at":"2026-08-27 01:07:58","spatial_precision":"official_point","join_method":"national_station_only","built_at":"2026-08-27T00:00:00+00:00"}},{"type":"Feature","geometry":{"type":"Point","coordinates":[121.510218,25.106578]},"properties":{"station_id":"2534420EN301","station_name":"洲美點","station_type":"environment","station_type_raw":"一般地區環境音量","county":"臺北市","address":"北投區洲美街271號附近","station_status":"使用中","area_type":"第三類","feature_id":"2534420EN301:unavailable","period_type":"unavailable","laeq_window_db":null,"window_start":null,"window_end":null,"latest_observation_date":null,"sample_count":0,"active_days":0,"window_days":30,"active_day_ratio":0.0,"represented_seconds":0,"freshness_days":null,"freshness_status":"unavailable","source_dataset_id":"28185","source_updated_at":"2026-08-27 01:07:58","spatial_precision":"official_point","join_method":"national_station_only","built_at":"2026-08-27T00:00:00+00:00"}},{"type":"Feature","geometry":{"type":"Point","coordinates":[121.542842,25.179748]},"properties":{"station_id":"2534420TN105","station_name":"陽金點","station_type":"road","station_type_raw":"道路交通噪音","county":"臺北市","address":"台北市北投區陽金公路近七星山登山口附近","station_status":"使用中","area_type":"第一類","feature_id":"2534420TN105:unavailable","period_type":"unavailable","laeq_window_db":null,"window_start":null,"window_end":null,"latest_observation_date":null,"sample_count":0,"active_days":0,"window_days":30,"active_day_ratio":0.0,"represented_seconds":0,"freshness_days":null,"freshness_status":"unavailable","source_dataset_id":"28185","source_updated_at":"2026-08-27 01:07:58","spatial_precision":"official_point","join_method":"national_station_only","built_at":"2026-08-27T00:00:00+00:00"}},{"type":"Feature","geometry":{"type":"Point","coordinates":[121.498318,25.128268]},"properties":{"station_id":"2534420TN304","station_name":"大業點","station_type":"road","station_type_raw":"道路交通噪音","county":"臺北市","address":"台北市北投區大業路302號附近","station_status":"使用中","area_type":"第三類","feature_id":"2534420TN304:unavailable","period_type":"unavailable","laeq_window_db":null,"window_start":null,"window_end":null,"latest_observation_date":null,"sample_count":0,"active_days":0,"window_days":30,"active_day_ratio":0.0,"represented_seconds":0,"freshness_days":null,"freshness_status":"unavailable","source_dataset_id":"28185","source_updated_at":"2026-08-27 01:07:58","spatial_precision":"official_point","join_method":"national_station_only","built_at":"2026-08-27T00:00:00+00:00"}},{"type":"Feature","geometry":{"type":"Point","coordinates":[121.517158,25.118049]},"properties":{"station_id":"2534423TN306","station_name":"石牌點","station_type":"road","station_type_raw":"道路交通噪音","county":"臺北市","address":"台北市北投區石牌路二段111號附近","station_status":"使用中","area_type":"第三類","feature_id":"2534423TN306:unavailable","period_type":"unavailable","laeq_window_db":null,"window_start":null,"window_end":null,"latest_observation_date":null,"sample_count":0,"active_days":0,"window_days":30,"active_day_ratio":0.0,"represented_seconds":0,"freshness_days":null,"freshness_status":"unavailable","source_dataset_id":"28185","source_updated_at":"2026-08-27 01:07:58","spatial_precision":"official_point","join_method":"national_station_only","built_at":"2026-08-27T00:00:00+00:00"}},{"type":"Feature","geometry":{"type":"Point","coordinates":[121.563168,25.047017]},"properties":{"station_id":"2534520EN014","station_name":"北鐵點","station_type":"environment","station_type_raw":"一般地區環境音量","county":"臺北市","address":"信義區市民大道5段48號附近","station_status":"使用中","area_type":"第一類","feature_id":"2534520EN014:unavailable","period_type":"unavailable","laeq_window_db":null,"window_start":null,"window_end":null,"latest_observation_date":null,"sample_count":0,"active_days":0,"window_days":30,"active_day_ratio":0.0,"represented_seconds":0,"freshness_days":null,"freshness_status":"unavailable","source_dataset_id":"28185","source_updated_at":"2026-08-27 01:07:58","spatial_precision":"official_point","join_method":"national_station_only","built_at":"2026-08-27T00:00:00+00:00"}},{"type":"Feature","geometry":{"type":"Point","coordinates":[120.713625,24.24805]},"properties":{"station_id":"3408623TN001","station_name":"豐原中興路","station_type":"road","station_type_raw":"道路交通噪音","county":"臺中市","address":"台中市豐原區中興路136號","station_status":"使用中","area_type":"第二類","feature_id":"3408623TN001:unavailable","period_type":"unavailable","laeq_window_db":null,"window_start":null,"window_end":null,"latest_observation_date":null,"sample_count":0,"active_days":0,"window_days":30,"active_day_ratio":0.0,"represented_seconds":0,"freshness_days":null,"freshness_status":"unavailable","source_dataset_id":"28185","source_updated_at":"2026-08-27 01:07:58","spatial_precision":"official_point","join_method":"national_station_only","built_at":"2026-08-27T00:00:00+00:00"}},{"type":"Feature","geometry":{"type":"Point","coordinates":[120.828259,24.258644]},"properties":{"station_id":"3408723EN001","station_name":"東勢區公所","station_type":"environment","station_type_raw":"一般地區環境音量","county":"臺中市","address":"台中市東勢區第六橫街103巷18號旁","station_status":"使用中","area_type":"第二類","feature_id":"3408723EN001:159904:day","period_type":"day","laeq_window_db":57.0,"window_start":"2025-08-02","window_end":"2025-08-31","latest_observation_date":"2025-08-31","sample_count":26,"active_days":2,"window_days":30,"active_day_ratio":0.067,"represented_seconds":93600,"freshness_days":361,"freshness_status":"historical","source_dataset_id":"159904","source_updated_at":"2026-03-18 17:17:53","spatial_precision":"official_point","join_method":"station_id","weight_basis":["hourly_duration"],"built_at":"2026-08-27T00:00:00+00:00"}},{"type":"Feature","geometry":{"type":"Point","coordinates":[120.828259,24.258644]},"properties":{"station_id":"3408723EN001","station_name":"東勢區公所","station_type":"environment","station_type_raw":"一般地區環境音量","county":"臺中市","address":"台中市東勢區第六橫街103巷18號旁","station_status":"使用中","area_type":"第二類","feature_id":"3408723EN001:159904:evening","period_type":"evening","laeq_window_db":45.4,"window_start":"2025-08-02","window_end":"2025-08-31","latest_observation_date":"2025-08-31","sample_count":4,"active_days":2,"window_days":30,"active_day_ratio":0.067,"represented_seconds":14400,"freshness_days":361,"freshness_status":"historical","source_dataset_id":"159904","source_updated_at":"2026-03-18 17:17:53","spatial_precision":"official_point","join_method":"station_id","weight_basis":["hourly_duration"],"built_at":"2026-08-27T00:00:00+00:00"}},{"type":"Feature","geometry":{"type":"Point","coordinates":[120.828259,24.258644]},"properties":{"station_id":"3408723EN001","station_name":"東勢區公所","station_type":"environment","station_type_raw":"一般地區環境音量","county":"臺中市","address":"台中市東勢區第六橫街103巷18號旁","station_status":"使用中","area_type":"第二類","feature_id":"3408723EN001:159904:night","period_type":"night","laeq_window_db":41.4,"window_start":"2025-08-02","window_end":"2025-08-31","latest_observation_date":"2025-08-31","sample_count":18,"active_days":2,"window_days":30,"active_day_ratio":0.067,"represented_seconds":64800,"freshness_days":361,"freshness_status":"historical","source_dataset_id":"159904","source_updated_at":"2026-03-18 17:17:53","spatial_precision":"official_point","join_method":"station_id","weight_basis":["hourly_duration"],"built_at":"2026-08-27T00:00:00+00:00"}},{"type":"Feature","geometry":{"type":"Point","coordinates":[120.570171,24.257123]},"properties":{"station_id":"3409020EN003","station_name":"海區服務中心","station_type":"environment","station_type_raw":"一般地區環境音量","county":"臺中市","address":"台中市沙鹿區中山路658號","station_status":"使用中","area_type":"第二類","feature_id":"3409020EN003:159904:day","period_type":"day","laeq_window_db":56.5,"window_start":"2025-08-02","window_end":"2025-08-31","latest_observation_date":"2025-08-31","sample_count":26,"active_days":2,"window_days":30,"active_day_ratio":0.067,"represented_seconds":93600,"freshness_days":361,"freshness_status":"historical","source_dataset_id":"159904","source_updated_at":"2026-03-18 17:17:53","spatial_precision":"official_point","join_method":"station_id","weight_basis":["hourly_duration"],"built_at":"2026-08-27T00:00:00+00:00"}},{"type":"Feature","geometry":{"type":"Point","coordinates":[120.570171,24.257123]},"properties":{"station_id":"3409020EN003","station_name":"海區服務中心","station_type":"environment","station_type_raw":"一般地區環境音量","county":"臺中市","address":"台中市沙鹿區中山路658號","station_status":"使用中","area_type":"第二類","feature_id":"3409020EN003:159904:evening","period_type":"evening","laeq_window_db":53.6,"window_start":"2025-08-02","window_end":"2025-08-31","latest_observation_date":"2025-08-31","sample_count":4,"active_days":2,"window_days":30,"active_day_ratio":0.067,"represented_seconds":14400,"freshness_days":361,"freshness_status":"historical","source_dataset_id":"159904","source_updated_at":"2026-03-18 17:17:53","spatial_precision":"official_point","join_method":"station_id","weight_basis":["hourly_duration"],"built_at":"2026-08-27T00:00:00+00:00"}},{"type":"Feature","geometry":{"type":"Point","coordinates":[120.570171,24.257123]},"properties":{"station_id":"3409020EN003","station_name":"海區服務中心","station_type":"environment","station_type_raw":"一般地區環境音量","county":"臺中市","address":"台中市沙鹿區中山路658號","station_status":"使用中","area_type":"第二類","feature_id":"3409020EN003:159904:night","period_type":"night","laeq_window_db":46.1,"window_start":"2025-08-02","window_end":"2025-08-31","latest_observation_date":"2025-08-31","sample_count":18,"active_days":2,"window_days":30,"active_day_ratio":0.067,"represented_seconds":64800,"freshness_days":361,"freshness_status":"historical","source_dataset_id":"159904","source_updated_at":"2026-03-18 17:17:53","spatial_precision":"official_point","join_method":"station_id","weight_basis":["hourly_duration"],"built_at":"2026-08-27T00:00:00+00:00"}},{"type":"Feature","geometry":{"type":"Point","coordinates":[120.714437,24.307229]},"properties":{"station_id":"3409220TN002","station_name":"后里文化路","station_type":"road","station_type_raw":"道路交通噪音","county":"臺中市","address":"台中市后里區文化路30號旁","station_status":"使用中","area_type":"第二類","feature_id":"3409220TN002:159904:day","period_type":"day","laeq_window_db":60.0,"window_start":"2025-08-02","window_end":"2025-08-31","latest_observation_date":"2025-08-31","sample_count":26,"active_days":2,"window_days":30,"active_day_ratio":0.067,"represented_seconds":93600,"freshness_days":361,"freshness_status":"historical","source_dataset_id":"159904","source_updated_at":"2026-03-18 17:17:53","spatial_precision":"official_point","join_method":"station_id","weight_basis":["hourly_duration"],"built_at":"2026-08-27T00:00:00+00:00"}},{"type":"Feature","geometry":{"type":"Point","coordinates":[120.714437,24.307229]},"properties":{"station_id":"3409220TN002","station_name":"后里文化路","station_type":"road","station_type_raw":"道路交通噪音","county":"臺中市","address":"台中市后里區文化路30號旁","station_status":"使用中","area_type":"第二類","feature_id":"3409220TN002:159904:evening","period_type":"evening","laeq_window_db":56.1,"window_start":"2025-08-02","window_end":"2025-08-31","latest_observation_date":"2025-08-31","sample_count":4,"active_days":2,"window_days":30,"active_day_ratio":0.067,"represented_seconds":14400,"freshness_days":361,"freshness_status":"historical","source_dataset_id":"159904","source_updated_at":"2026-03-18 17:17:53","spatial_precision":"official_point","join_method":"station_id","weight_basis":["hourly_duration"],"built_at":"2026-08-27T00:00:00+00:00"}},{"type":"Feature","geometry":{"type":"Point","coordinates":[120.714437,24.307229]},"properties":{"station_id":"3409220TN002","station_name":"后里文化路","station_type":"road","station_type_raw":"道路交通噪音","county":"臺中市","address":"台中市后里區文化路30號旁","station_status":"使用中","area_type":"第二類","feature_id":"3409220TN002:159904:night","period_type":"night","laeq_window_db":50.9,"window_start":"2025-08-02","window_end":"2025-08-31","latest_observation_date":"2025-08-31","sample_count":18,"active_days":2,"window_days":30,"active_day_ratio":0.067,"represented_seconds":64800,"freshness_days":361,"freshness_status":"historical","source_dataset_id":"159904","source_updated_at":"2026-03-18 17:17:53","spatial_precision":"official_point","join_method":"station_id","weight_basis":["hourly_duration"],"built_at":"2026-08-27T00:00:00+00:00"}},{"type":"Feature","geometry":{"type":"Point","coordinates":[120.714684,24.310182]},"properties":{"station_id":"3409223TN003","station_name":"后里甲后路","station_type":"road","station_type_raw":"道路交通噪音","county":"臺中市","address":"台中市后里區甲后路700號前","station_status":"使用中","area_type":"第三類","feature_id":"3409223TN003:unavailable","period_type":"unavailable","laeq_window_db":null,"window_start":null,"window_end":null,"latest_observation_date":null,"sample_count":0,"active_days":0,"window_days":30,"active_day_ratio":0.0,"represented_seconds":0,"freshness_days":null,"freshness_status":"unavailable","source_dataset_id":"28185","source_updated_at":"2026-08-27 01:07:58","spatial_precision":"official_point","join_method":"national_station_only","built_at":"2026-08-27T00:00:00+00:00"}},{"type":"Feature","geometry":{"type":"Point","coordinates":[120.813475,24.224424]},"properties":{"station_id":"3409623EN001","station_name":"新社環保公園","station_type":"environment","station_type_raw":"一般地區環境音量","county":"臺中市","address":"台中市新社區復盛里興社街二段26號旁","station_status":"使用中","area_type":"第三類","feature_id":"3409623EN001:unavailable","period_type":"unavailable","laeq_window_db":null,"window_start":null,"window_end":null,"latest_observation_date":null,"sample_count":0,"active_days":0,"window_days":30,"active_day_ratio":0.0,"represented_seconds":0,"freshness_days":null,"freshness_status":"unavailable","source_dataset_id":"28185","source_updated_at":"2026-08-27 01:07:58","spatial_precision":"official_point","join_method":"national_station_only","built_at":"2026-08-27T00:00:00+00:00"}},{"type":"Feature","geometry":{"type":"Point","coordinates":[120.820255,24.235959]},"properties":{"station_id":"3409623EN002","station_name":"月湖活動中心","station_type":"environment","station_type_raw":"一般地區環境音量","county":"臺中市","address":"台中市新社區月湖里新居街 月湖社區活動中心旁","station_status":"使用中","area_type":"第三類","feature_id":"3409623EN002:unavailable","period_type":"unavailable","laeq_window_db":null,"window_start":null,"window_end":null,"latest_observation_date":null,"sample_count":0,"active_days":0,"window_days":30,"active_day_ratio":0.0,"represented_seconds":0,"freshness_days":null,"freshness_status":"unavailable","source_dataset_id":"28185","source_updated_at":"2026-08-27 01:07:58","spatial_precision":"official_point","join_method":"national_station_only","built_at":"2026-08-27T00:00:00+00:00"}},{"type":"Feature","geometry":{"type":"Point","coordinates":[120.6475,24.092479]},"properties":{"station_id":"3410020TN001","station_name":"烏日區環河路","station_type":"road","station_type_raw":"道路交通噪音","county":"臺中市","address":"台中市烏日區五光路281號","station_status":"使用中","area_type":"第三類","feature_id":"3410020TN001:unavailable","period_type":"unavailable","laeq_window_db":null,"window_start":null,"window_end":null,"latest_observation_date":null,"sample_count":0,"active_days":0,"window_days":30,"active_day_ratio":0.0,"represented_seconds":0,"freshness_days":null,"freshness_status":"unavailable","source_dataset_id":"28185","source_updated_at":"2026-08-27 01:07:58","spatial_precision":"official_point","join_method":"national_station_only","built_at":"2026-08-27T00:00:00+00:00"}},{"type":"Feature","geometry":{"type":"Point","coordinates":[120.720766,24.130673]},"properties":{"station_id":"3410423TN002","station_name":"太平永平路","station_type":"road","station_type_raw":"道路交通噪音","county":"臺中市","address":"台中市太平區永平路體育場旁","station_status":"使用中","area_type":"第二類","feature_id":"3410423TN002:159904:day","period_type":"day","laeq_window_db":68.6,"window_start":"2025-08-02","window_end":"2025-08-31","latest_observation_date":"2025-08-31","sample_count":26,"active_days":2,"window_days":30,"active_day_ratio":0.067,"represented_seconds":93600,"freshness_days":361,"freshness_status":"historical","source_dataset_id":"159904","source_updated_at":"2026-03-18 17:17:53","spatial_precision":"official_point","join_method":"station_id","weight_basis":["hourly_duration"],"built_at":"2026-08-27T00:00:00+00:00"}},{"type":"Feature","geometry":{"type":"Point","coordinates":[120.720766,24.130673]},"properties":{"station_id":"3410423TN002","station_name":"太平永平路","station_type":"road","station_type_raw":"道路交通噪音","county":"臺中市","address":"台中市太平區永平路體育場旁","station_status":"使用中","area_type":"第二類","feature_id":"3410423TN002:159904:evening","period_type":"evening","laeq_window_db":65.4,"window_start":"2025-08-02","window_end":"2025-08-31","latest_observation_date":"2025-08-31","sample_count":4,"active_days":2,"window_days":30,"active_day_ratio":0.067,"represented_seconds":14400,"freshness_days":361,"freshness_status":"historical","source_dataset_id":"159904","source_updated_at":"2026-03-18 17:17:53","spatial_precision":"official_point","join_method":"station_id","weight_basis":["hourly_duration"],"built_at":"2026-08-27T00:00:00+00:00"}},{"type":"Feature","geometry":{"type":"Point","coordinates":[120.720766,24.130673]},"properties":{"station_id":"3410423TN002","station_name":"太平永平路","station_type":"road","station_type_raw":"道路交通噪音","county":"臺中市","address":"台中市太平區永平路體育場旁","station_status":"使用中","area_type":"第二類","feature_id":"3410423TN002:159904:night","period_type":"night","laeq_window_db":59.8,"window_start":"2025-08-02","window_end":"2025-08-31","latest_observation_date":"2025-08-31","sample_count":18,"active_days":2,"window_days":30,"active_day_ratio":0.067,"represented_seconds":64800,"freshness_days":361,"freshness_status":"historical","source_dataset_id":"159904","source_updated_at":"2026-03-18 17:17:53","spatial_precision":"official_point","join_method":"station_id","weight_basis":["hourly_duration"],"built_at":"2026-08-27T00:00:00+00:00"}},{"type":"Feature","geometry":{"type":"Point","coordinates":[120.715247,24.095566]},"properties":{"station_id":"3410520EN001","station_name":"大里工業區","station_type":"environment","station_type_raw":"一般地區環境音量","county":"臺中市","address":"台中市大里區工業路2號","station_status":"使用中","area_type":"第一類","feature_id":"3410520EN001:unavailable","period_type":"unavailable","laeq_window_db":null,"window_start":null,"window_end":null,"latest_observation_date":null,"sample_count":0,"active_days":0,"window_days":30,"active_day_ratio":0.0,"represented_seconds":0,"freshness_days":null,"freshness_status":"unavailable","source_dataset_id":"28185","source_updated_at":"2026-08-27 01:07:58","spatial_precision":"official_point","join_method":"national_station_only","built_at":"2026-08-27T00:00:00+00:00"}},{"type":"Feature","geometry":{"type":"Point","coordinates":[120.713879,24.094278]},"properties":{"station_id":"3410520TN003","station_name":"大里仁化路","station_type":"road","station_type_raw":"道路交通噪音","county":"臺中市","address":"台中市大里區仁化路大里工業區前","station_status":"使用中","area_type":"第一類","feature_id":"3410520TN003:unavailable","period_type":"unavailable","laeq_window_db":null,"window_start":null,"window_end":null,"latest_observation_date":null,"sample_count":0,"active_days":0,"window_days":30,"active_day_ratio":0.0,"represented_seconds":0,"freshness_days":null,"freshness_status":"unavailable","source_dataset_id":"28185","source_updated_at":"2026-08-27 01:07:58","spatial_precision":"official_point","join_method":"national_station_only","built_at":"2026-08-27T00:00:00+00:00"}},{"type":"Feature","geometry":{"type":"Point","coordinates":[120.998759,24.26625]},"properties":{"station_id":"3410620EN001","station_name":"鞍馬山工作站","station_type":"environment","station_type_raw":"一般地區環境音量","county":"臺中市","address":"和平區雪山路23號","station_status":"使用中","area_type":"第一類","feature_id":"3410620EN001:unavailable","period_type":"unavailable","laeq_window_db":null,"window_start":null,"window_end":null,"latest_observation_date":null,"sample_count":0,"active_days":0,"window_days":30,"active_day_ratio":0.0,"represented_seconds":0,"freshness_days":null,"freshness_status":"unavailable","source_dataset_id":"28185","source_updated_at":"2026-08-27 01:07:58","spatial_precision":"official_point","join_method":"national_station_only","built_at":"2026-08-27T00:00:00+00:00"}},{"type":"Feature","geometry":{"type":"Point","coordinates":[121.008879,24.257423]},"properties":{"station_id":"3410620EN002","station_name":"雪山派出所","station_type":"environment","station_type_raw":"一般地區環境音量","county":"臺中市","address":"和平區雪山路10號","station_status":"使用中","area_type":"第一類","feature_id":"3410620EN002:unavailable","period_type":"unavailable","laeq_window_db":null,"window_start":null,"window_end":null,"latest_observation_date":null,"sample_count":0,"active_days":0,"window_days":30,"active_day_ratio":0.0,"represented_seconds":0,"freshness_days":null,"freshness_status":"unavailable","source_dataset_id":"28185","source_updated_at":"2026-08-27 01:07:58","spatial_precision":"official_point","join_method":"national_station_only","built_at":"2026-08-27T00:00:00+00:00"}},{"type":"Feature","geometry":{"type":"Point","coordinates":[120.999802,24.266691]},"properties":{"station_id":"3410620TN001","station_name":"和平區雪山路41K處","station_type":"road","station_type_raw":"道路交通噪音","county":"臺中市","address":"和平區雪山路41K附近","station_status":"使用中","area_type":"第一類","feature_id":"3410620TN001:unavailable","period_type":"unavailable","laeq_window_db":null,"window_start":null,"window_end":null,"latest_observation_date":null,"sample_count":0,"active_days":0,"window_days":30,"active_day_ratio":0.0,"represented_seconds":0,"freshness_days":null,"freshness_status":"unavailable","source_dataset_id":"28185","source_updated_at":"2026-08-27 01:07:58","spatial_precision":"official_point","join_method":"national_station_only","built_at":"2026-08-27T00:00:00+00:00"}},{"type":"Feature","geometry":{"type":"Point","coordinates":[121.009044,24.257322]},"properties":{"station_id":"3410620TN002","station_name":"和平區雪山路43K處","station_type":"road","station_type_raw":"道路交通噪音","county":"臺中市","address":"和平區雪山路43K附近","station_status":"使用中","area_type":"第一類","feature_id":"3410620TN002:unavailable","period_type":"unavailable","laeq_window_db":null,"window_start":null,"window_end":null,"latest_observation_date":null,"sample_count":0,"active_days":0,"window_days":30,"active_day_ratio":0.0,"represented_seconds":0,"freshness_days":null,"freshness_status":"unavailable","source_dataset_id":"28185","source_updated_at":"2026-08-27 01:07:58","spatial_precision":"official_point","join_method":"national_station_only","built_at":"2026-08-27T00:00:00+00:00"}},{"type":"Feature","geometry":{"type":"Point","coordinates":[120.646775,24.11122]},"properties":{"station_id":"3431920EN223","station_name":"環保局東南區隊","station_type":"environment","station_type_raw":"一般地區環境音量","county":"臺中市","address":"台中市南區復興路一段59號","station_status":"使用中","area_type":"第三類","feature_id":"3431920EN223:unavailable","period_type":"unavailable","laeq_window_db":null,"window_start":null,"window_end":null,"latest_observation_date":null,"sample_count":0,"active_days":0,"window_days":30,"active_day_ratio":0.0,"represented_seconds":0,"freshness_days":null,"freshness_status":"unavailable","source_dataset_id":"28185","source_updated_at":"2026-08-27 01:07:58","spatial_precision":"official_point","join_method":"national_station_only","built_at":"2026-08-27T00:00:00+00:00"}},{"type":"Feature","geometry":{"type":"Point","coordinates":[120.671151,24.133668]},"properties":{"station_id":"3432020EN004","station_name":"瑪利諾會館","station_type":"environment","station_type_raw":"一般地區環境音量","county":"臺中市","address":"台中市西區三民路一段120號","station_status":"使用中","area_type":"第二類","feature_id":"3432020EN004:unavailable","period_type":"unavailable","laeq_window_db":null,"window_start":null,"window_end":null,"latest_observation_date":null,"sample_count":0,"active_days":0,"window_days":30,"active_day_ratio":0.0,"represented_seconds":0,"freshness_days":null,"freshness_status":"unavailable","source_dataset_id":"28185","source_updated_at":"2026-08-27 01:07:58","spatial_precision":"official_point","join_method":"national_station_only","built_at":"2026-08-27T00:00:00+00:00"}},{"type":"Feature","geometry":{"type":"Point","coordinates":[120.671103,24.134036]},"properties":{"station_id":"3432020TN004","station_name":"西區三民路一段","station_type":"road","station_type_raw":"道路交通噪音","county":"臺中市","address":"台中市西區三民路一段120號","station_status":"使用中","area_type":"第三類","feature_id":"3432020TN004:unavailable","period_type":"unavailable","laeq_window_db":null,"window_start":null,"window_end":null,"latest_observation_date":null,"sample_count":0,"active_days":0,"window_days":30,"active_day_ratio":0.0,"represented_seconds":0,"freshness_days":null,"freshness_status":"unavailable","source_dataset_id":"28185","source_updated_at":"2026-08-27 01:07:58","spatial_precision":"official_point","join_method":"national_station_only","built_at":"2026-08-27T00:00:00+00:00"}},{"type":"Feature","geometry":{"type":"Point","coordinates":[120.665204,24.142554]},"properties":{"station_id":"3432120TN002","station_name":"英才站","station_type":"road","station_type_raw":"道路交通噪音","county":"臺中市","address":"台中市西區英才路600號","station_status":"使用中","area_type":"第二類","feature_id":"3432120TN002:159904:day","period_type":"day","laeq_window_db":64.7,"window_start":"2025-08-02","window_end":"2025-08-31","latest_observation_date":"2025-08-31","sample_count":26,"active_days":2,"window_days":30,"active_day_ratio":0.067,"represented_seconds":93600,"freshness_days":361,"freshness_status":"historical","source_dataset_id":"159904","source_updated_at":"2026-03-18 17:17:53","spatial_precision":"official_point","join_method":"station_id","weight_basis":["hourly_duration"],"built_at":"2026-08-27T00:00:00+00:00"}},{"type":"Feature","geometry":{"type":"Point","coordinates":[120.665204,24.142554]},"properties":{"station_id":"3432120TN002","station_name":"英才站","station_type":"road","station_type_raw":"道路交通噪音","county":"臺中市","address":"台中市西區英才路600號","station_status":"使用中","area_type":"第二類","feature_id":"3432120TN002:159904:evening","period_type":"evening","laeq_window_db":64.5,"window_start":"2025-08-02","window_end":"2025-08-31","latest_observation_date":"2025-08-31","sample_count":4,"active_days":2,"window_days":30,"active_day_ratio":0.067,"represented_seconds":14400,"freshness_days":361,"freshness_status":"historical","source_dataset_id":"159904","source_updated_at":"2026-03-18 17:17:53","spatial_precision":"official_point","join_method":"station_id","weight_basis":["hourly_duration"],"built_at":"2026-08-27T00:00:00+00:00"}},{"type":"Feature","geometry":{"type":"Point","coordinates":[120.665204,24.142554]},"properties":{"station_id":"3432120TN002","station_name":"英才站","station_type":"road","station_type_raw":"道路交通噪音","county":"臺中市","address":"台中市西區英才路600號","station_status":"使用中","area_type":"第二類","feature_id":"3432120TN002:159904:night","period_type":"night","laeq_window_db":60.5,"window_start":"2025-08-02","window_end":"2025-08-31","latest_observation_date":"2025-08-31","sample_count":18,"active_days":2,"window_days":30,"active_day_ratio":0.067,"represented_seconds":64800,"freshness_days":361,"freshness_status":"historical","source_dataset_id":"159904","source_updated_at":"2026-03-18 17:17:53","spatial_precision":"official_point","join_method":"station_id","weight_basis":["hourly_duration"],"built_at":"2026-08-27T00:00:00+00:00"}},{"type":"Feature","geometry":{"type":"Point","coordinates":[120.775602,24.171368]},"properties":{"station_id":"3432220EN005","station_name":"逢甲國小","station_type":"environment","station_type_raw":"一般地區環境音量","county":"臺中市","address":"台中市北區北坑巷60號","station_status":"使用中","area_type":"第二類","feature_id":"3432220EN005:159904:day","period_type":"day","laeq_window_db":54.0,"window_start":"2025-08-02","window_end":"2025-08-31","latest_observation_date":"2025-08-31","sample_count":26,"active_days":2,"window_days":30,"active_day_ratio":0.067,"represented_seconds":93600,"freshness_days":361,"freshness_status":"historical","source_dataset_id":"159904","source_updated_at":"2026-03-18 17:17:53","spatial_precision":"official_point","join_method":"station_id","weight_basis":["hourly_duration"],"built_at":"2026-08-27T00:00:00+00:00"}},{"type":"Feature","geometry":{"type":"Point","coordinates":[120.775602,24.171368]},"properties":{"station_id":"3432220EN005","station_name":"逢甲國小","station_type":"environment","station_type_raw":"一般地區環境音量","county":"臺中市","address":"台中市北區北坑巷60號","station_status":"使用中","area_type":"第二類","feature_id":"3432220EN005:159904:evening","period_type":"evening","laeq_window_db":47.5,"window_start":"2025-08-02","window_end":"2025-08-31","latest_observation_date":"2025-08-31","sample_count":4,"active_days":2,"window_days":30,"active_day_ratio":0.067,"represented_seconds":14400,"freshness_days":361,"freshness_status":"historical","source_dataset_id":"159904","source_updated_at":"2026-03-18 17:17:53","spatial_precision":"official_point","join_method":"station_id","weight_basis":["hourly_duration"],"built_at":"2026-08-27T00:00:00+00:00"}},{"type":"Feature","geometry":{"type":"Point","coordinates":[120.775602,24.171368]},"properties":{"station_id":"3432220EN005","station_name":"逢甲國小","station_type":"environment","station_type_raw":"一般地區環境音量","county":"臺中市","address":"台中市北區北坑巷60號","station_status":"使用中","area_type":"第二類","feature_id":"3432220EN005:159904:night","period_type":"night","laeq_window_db":48.2,"window_start":"2025-08-02","window_end":"2025-08-31","latest_observation_date":"2025-08-31","sample_count":18,"active_days":2,"window_days":30,"active_day_ratio":0.067,"represented_seconds":64800,"freshness_days":361,"freshness_status":"historical","source_dataset_id":"159904","source_updated_at":"2026-03-18 17:17:53","spatial_precision":"official_point","join_method":"station_id","weight_basis":["hourly_duration"],"built_at":"2026-08-27T00:00:00+00:00"}},{"type":"Feature","geometry":{"type":"Point","coordinates":[120.611472,24.164223]},"properties":{"station_id":"3432320EN002","station_name":"臺中工業區污水處理廠","station_type":"environment","station_type_raw":"一般地區環境音量","county":"臺中市","address":"台中市西屯區工業區四路1號","station_status":"使用中","area_type":"第一類","feature_id":"3432320EN002:159904:day","period_type":"day","laeq_window_db":61.5,"window_start":"2025-08-02","window_end":"2025-08-31","latest_observation_date":"2025-08-31","sample_count":26,"active_days":2,"window_days":30,"active_day_ratio":0.067,"represented_seconds":93600,"freshness_days":361,"freshness_status":"historical","source_dataset_id":"159904","source_updated_at":"2026-03-18 17:17:53","spatial_precision":"official_point","join_method":"station_id","weight_basis":["hourly_duration"],"built_at":"2026-08-27T00:00:00+00:00"}},{"type":"Feature","geometry":{"type":"Point","coordinates":[120.611472,24.164223]},"properties":{"station_id":"3432320EN002","station_name":"臺中工業區污水處理廠","station_type":"environment","station_type_raw":"一般地區環境音量","county":"臺中市","address":"台中市西屯區工業區四路1號","station_status":"使用中","area_type":"第一類","feature_id":"3432320EN002:159904:evening","period_type":"evening","laeq_window_db":60.7,"window_start":"2025-08-02","window_end":"2025-08-31","latest_observation_date":"2025-08-31","sample_count":4,"active_days":2,"window_days":30,"active_day_ratio":0.067,"represented_seconds":14400,"freshness_days":361,"freshness_status":"historical","source_dataset_id":"159904","source_updated_at":"2026-03-18 17:17:53","spatial_precision":"official_point","join_method":"station_id","weight_basis":["hourly_duration"],"built_at":"2026-08-27T00:00:00+00:00"}},{"type":"Feature","geometry":{"type":"Point","coordinates":[120.611472,24.164223]},"properties":{"station_id":"3432320EN002","station_name":"臺中工業區污水處理廠","station_type":"environment","station_type_raw":"一般地區環境音量","county":"臺中市","address":"台中市西屯區工業區四路1號","station_status":"使用中","area_type":"第一類","feature_id":"3432320EN002:159904:night","period_type":"night","laeq_window_db":61.1,"window_start":"2025-08-02","window_end":"2025-08-31","latest_observation_date":"2025-08-31","sample_count":18,"active_days":2,"window_days":30,"active_day_ratio":0.067,"represented_seconds":64800,"freshness_days":361,"freshness_status":"historical","source_dataset_id":"159904","source_updated_at":"2026-03-18 17:17:53","spatial_precision":"official_point","join_method":"station_id","weight_basis":["hourly_duration"],"built_at":"2026-08-27T00:00:00+00:00"}},{"type":"Feature","geometry":{"type":"Point","coordinates":[120.603281,24.175063]},"properties":{"station_id":"3432320TN002","station_name":"職訓中心","station_type":"road","station_type_raw":"道路交通噪音","county":"臺中市","address":"台中市西屯區工業區一路100號","station_status":"使用中","area_type":"第一類","feature_id":"3432320TN002:159904:day","period_type":"day","laeq_window_db":65.6,"window_start":"2025-08-02","window_end":"2025-08-31","latest_observation_date":"2025-08-31","sample_count":26,"active_days":2,"window_days":30,"active_day_ratio":0.067,"represented_seconds":93600,"freshness_days":361,"freshness_status":"historical","source_dataset_id":"159904","source_updated_at":"2026-03-18 17:17:53","spatial_precision":"official_point","join_method":"station_id","weight_basis":["hourly_duration"],"built_at":"2026-08-27T00:00:00+00:00"}},{"type":"Feature","geometry":{"type":"Point","coordinates":[120.603281,24.175063]},"properties":{"station_id":"3432320TN002","station_name":"職訓中心","station_type":"road","station_type_raw":"道路交通噪音","county":"臺中市","address":"台中市西屯區工業區一路100號","station_status":"使用中","area_type":"第一類","feature_id":"3432320TN002:159904:evening","period_type":"evening","laeq_window_db":64.1,"window_start":"2025-08-02","window_end":"2025-08-31","latest_observation_date":"2025-08-31","sample_count":4,"active_days":2,"window_days":30,"active_day_ratio":0.067,"represented_seconds":14400,"freshness_days":361,"freshness_status":"historical","source_dataset_id":"159904","source_updated_at":"2026-03-18 17:17:53","spatial_precision":"official_point","join_method":"station_id","weight_basis":["hourly_duration"],"built_at":"2026-08-27T00:00:00+00:00"}},{"type":"Feature","geometry":{"type":"Point","coordinates":[120.603281,24.175063]},"properties":{"station_id":"3432320TN002","station_name":"職訓中心","station_type":"road","station_type_raw":"道路交通噪音","county":"臺中市","address":"台中市西屯區工業區一路100號","station_status":"使用中","area_type":"第一類","feature_id":"3432320TN002:159904:night","period_type":"night","laeq_window_db":60.6,"window_start":"2025-08-02","window_end":"2025-08-31","latest_observation_date":"2025-08-31","sample_count":18,"active_days":2,"window_days":30,"active_day_ratio":0.067,"represented_seconds":64800,"freshness_days":361,"freshness_status":"historical","source_dataset_id":"159904","source_updated_at":"2026-03-18 17:17:53","spatial_precision":"official_point","join_method":"station_id","weight_basis":["hourly_duration"],"built_at":"2026-08-27T00:00:00+00:00"}},{"type":"Feature","geometry":{"type":"Point","coordinates":[120.591812,24.156377]},"properties":{"station_id":"3432420EN006","station_name":"文山垃圾焚化廠","station_type":"environment","station_type_raw":"一般地區環境音量","county":"臺中市","address":"台中市南屯區文山南巷500號","station_status":"使用中","area_type":"第三類","feature_id":"3432420EN006:159904:day","period_type":"day","laeq_window_db":61.5,"window_start":"2025-08-02","window_end":"2025-08-31","latest_observation_date":"2025-08-31","sample_count":26,"active_days":2,"window_days":30,"active_day_ratio":0.067,"represented_seconds":93600,"freshness_days":361,"freshness_status":"historical","source_dataset_id":"159904","source_updated_at":"2026-03-18 17:17:53","spatial_precision":"official_point","join_method":"station_id","weight_basis":["hourly_duration"],"built_at":"2026-08-27T00:00:00+00:00"}},{"type":"Feature","geometry":{"type":"Point","coordinates":[120.591812,24.156377]},"properties":{"station_id":"3432420EN006","station_name":"文山垃圾焚化廠","station_type":"environment","station_type_raw":"一般地區環境音量","county":"臺中市","address":"台中市南屯區文山南巷500號","station_status":"使用中","area_type":"第三類","feature_id":"3432420EN006:159904:evening","period_type":"evening","laeq_window_db":61.1,"window_start":"2025-08-02","window_end":"2025-08-31","latest_observation_date":"2025-08-31","sample_count":4,"active_days":2,"window_days":30,"active_day_ratio":0.067,"represented_seconds":14400,"freshness_days":361,"freshness_status":"historical","source_dataset_id":"159904","source_updated_at":"2026-03-18 17:17:53","spatial_precision":"official_point","join_method":"station_id","weight_basis":["hourly_duration"],"built_at":"2026-08-27T00:00:00+00:00"}},{"type":"Feature","geometry":{"type":"Point","coordinates":[120.591812,24.156377]},"properties":{"station_id":"3432420EN006","station_name":"文山垃圾焚化廠","station_type":"environment","station_type_raw":"一般地區環境音量","county":"臺中市","address":"台中市南屯區文山南巷500號","station_status":"使用中","area_type":"第三類","feature_id":"3432420EN006:159904:night","period_type":"night","laeq_window_db":49.9,"window_start":"2025-08-02","window_end":"2025-08-31","latest_observation_date":"2025-08-31","sample_count":18,"active_days":2,"window_days":30,"active_day_ratio":0.067,"represented_seconds":64800,"freshness_days":361,"freshness_status":"historical","source_dataset_id":"159904","source_updated_at":"2026-03-18 17:17:53","spatial_precision":"official_point","join_method":"station_id","weight_basis":["hourly_duration"],"built_at":"2026-08-27T00:00:00+00:00"}},{"type":"Feature","geometry":{"type":"Point","coordinates":[120.682084,24.17912]},"properties":{"station_id":"3432520TN005","station_name":"北屯區梅川東路五段","station_type":"road","station_type_raw":"道路交通噪音","county":"臺中市","address":"梅川東路五段146號","station_status":"使用中","area_type":"第三類","feature_id":"3432520TN005:159904:day","period_type":"day","laeq_window_db":59.4,"window_start":"2025-08-02","window_end":"2025-08-31","latest_observation_date":"2025-08-31","sample_count":26,"active_days":2,"window_days":30,"active_day_ratio":0.067,"represented_seconds":93600,"freshness_days":361,"freshness_status":"historical","source_dataset_id":"159904","source_updated_at":"2026-03-18 17:17:53","spatial_precision":"official_point","join_method":"station_id","weight_basis":["hourly_duration"],"built_at":"2026-08-27T00:00:00+00:00"}},{"type":"Feature","geometry":{"type":"Point","coordinates":[120.682084,24.17912]},"properties":{"station_id":"3432520TN005","station_name":"北屯區梅川東路五段","station_type":"road","station_type_raw":"道路交通噪音","county":"臺中市","address":"梅川東路五段146號","station_status":"使用中","area_type":"第三類","feature_id":"3432520TN005:159904:evening","period_type":"evening","laeq_window_db":52.6,"window_start":"2025-08-02","window_end":"2025-08-31","latest_observation_date":"2025-08-31","sample_count":4,"active_days":2,"window_days":30,"active_day_ratio":0.067,"represented_seconds":14400,"freshness_days":361,"freshness_status":"historical","source_dataset_id":"159904","source_updated_at":"2026-03-18 17:17:53","spatial_precision":"official_point","join_method":"station_id","weight_basis":["hourly_duration"],"built_at":"2026-08-27T00:00:00+00:00"}},{"type":"Feature","geometry":{"type":"Point","coordinates":[120.682084,24.17912]},"properties":{"station_id":"3432520TN005","station_name":"北屯區梅川東路五段","station_type":"road","station_type_raw":"道路交通噪音","county":"臺中市","address":"梅川東路五段146號","station_status":"使用中","area_type":"第三類","feature_id":"3432520TN005:159904:night","period_type":"night","laeq_window_db":49.4,"window_start":"2025-08-02","window_end":"2025-08-31","latest_observation_date":"2025-08-31","sample_count":18,"active_days":2,"window_days":30,"active_day_ratio":0.067,"represented_seconds":64800,"freshness_days":361,"freshness_status":"historical","source_dataset_id":"159904","source_updated_at":"2026-03-18 17:17:53","spatial_precision":"official_point","join_method":"station_id","weight_basis":["hourly_duration"],"built_at":"2026-08-27T00:00:00+00:00"}},{"type":"Feature","geometry":{"type":"Point","coordinates":[120.317286,23.298911]},"properties":{"station_id":"3518420EN002","station_name":"新營區中興路台糖公司旁","station_type":"environment","station_type_raw":"一般地區環境音量","county":"臺南市","address":"新營區中興路台糖公司旁","station_status":"使用中","area_type":"第三類","feature_id":"3518420EN002:101813:day","period_type":"day","laeq_window_db":58.8,"window_start":"2025-04-10","window_end":"2025-05-09","latest_observation_date":"2025-05-09","sample_count":2,"active_days":2,"window_days":30,"active_day_ratio":0.067,"represented_seconds":93600,"freshness_days":475,"freshness_status":"historical","source_dataset_id":"101813","source_updated_at":"2025-08-29 15:45:43","spatial_precision":"official_point","join_method":"station_id","weight_basis":["period_duration"],"built_at":"2026-08-27T00:00:00+00:00"}},{"type":"Feature","geometry":{"type":"Point","coordinates":[120.317286,23.298911]},"properties":{"station_id":"3518420EN002","station_name":"新營區中興路台糖公司旁","station_type":"environment","station_type_raw":"一般地區環境音量","county":"臺南市","address":"新營區中興路台糖公司旁","station_status":"使用中","area_type":"第三類","feature_id":"3518420EN002:101813:evening","period_type":"evening","laeq_window_db":49.5,"window_start":"2025-04-10","window_end":"2025-05-09","latest_observation_date":"2025-05-09","sample_count":2,"active_days":2,"window_days":30,"active_day_ratio":0.067,"represented_seconds":14400,"freshness_days":475,"freshness_status":"historical","source_dataset_id":"101813","source_updated_at":"2025-08-29 15:45:43","spatial_precision":"official_point","join_method":"station_id","weight_basis":["period_duration"],"built_at":"2026-08-27T00:00:00+00:00"}},{"type":"Feature","geometry":{"type":"Point","coordinates":[120.317286,23.298911]},"properties":{"station_id":"3518420EN002","station_name":"新營區中興路台糖公司旁","station_type":"environment","station_type_raw":"一般地區環境音量","county":"臺南市","address":"新營區中興路台糖公司旁","station_status":"使用中","area_type":"第三類","feature_id":"3518420EN002:101813:night","period_type":"night","laeq_window_db":49.2,"window_start":"2025-04-10","window_end":"2025-05-09","latest_observation_date":"2025-05-09","sample_count":2,"active_days":2,"window_days":30,"active_day_ratio":0.067,"represented_seconds":64800,"freshness_days":475,"freshness_status":"historical","source_dataset_id":"101813","source_updated_at":"2025-08-29 15:45:43","spatial_precision":"official_point","join_method":"station_id","weight_basis":["period_duration"],"built_at":"2026-08-27T00:00:00+00:00"}},{"type":"Feature","geometry":{"type":"Point","coordinates":[120.243692,23.293123]},"properties":{"station_id":"3518520EN001","station_name":"歡雅國小","station_type":"environment","station_type_raw":"一般地區環境音量","county":"臺南市","address":"臺南市鹽水區孫厝里歡雅國小","station_status":"使用中","area_type":"第二類","feature_id":"3518520EN001:101813:day","period_type":"day","laeq_window_db":52.1,"window_start":"2025-04-10","window_end":"2025-05-09","latest_observation_date":"2025-05-09","sample_count":2,"active_days":2,"window_days":30,"active_day_ratio":0.067,"represented_seconds":93600,"freshness_days":475,"freshness_status":"historical","source_dataset_id":"101813","source_updated_at":"2025-08-29 15:45:43","spatial_precision":"official_point","join_method":"station_id","weight_basis":["period_duration"],"built_at":"2026-08-27T00:00:00+00:00"}},{"type":"Feature","geometry":{"type":"Point","coordinates":[120.243692,23.293123]},"properties":{"station_id":"3518520EN001","station_name":"歡雅國小","station_type":"environment","station_type_raw":"一般地區環境音量","county":"臺南市","address":"臺南市鹽水區孫厝里歡雅國小","station_status":"使用中","area_type":"第二類","feature_id":"3518520EN001:101813:evening","period_type":"evening","laeq_window_db":46.7,"window_start":"2025-04-10","window_end":"2025-05-09","latest_observation_date":"2025-05-09","sample_count":2,"active_days":2,"window_days":30,"active_day_ratio":0.067,"represented_seconds":14400,"freshness_days":475,"freshness_status":"historical","source_dataset_id":"101813","source_updated_at":"2025-08-29 15:45:43","spatial_precision":"official_point","join_method":"station_id","weight_basis":["period_duration"],"built_at":"2026-08-27T00:00:00+00:00"}},{"type":"Feature","geometry":{"type":"Point","coordinates":[120.243692,23.293123]},"properties":{"station_id":"3518520EN001","station_name":"歡雅國小","station_type":"environment","station_type_raw":"一般地區環境音量","county":"臺南市","address":"臺南市鹽水區孫厝里歡雅國小","station_status":"使用中","area_type":"第二類","feature_id":"3518520EN001:101813:night","period_type":"night","laeq_window_db":45.6,"window_start":"2025-04-10","window_end":"2025-05-09","latest_observation_date":"2025-05-09","sample_count":2,"active_days":2,"window_days":30,"active_day_ratio":0.067,"represented_seconds":64800,"freshness_days":475,"freshness_status":"historical","source_dataset_id":"101813","source_updated_at":"2025-08-29 15:45:43","spatial_precision":"official_point","join_method":"station_id","weight_basis":["period_duration"],"built_at":"2026-08-27T00:00:00+00:00"}},{"type":"Feature","geometry":{"type":"Point","coordinates":[120.233603,23.290313]},"properties":{"station_id":"3518520TN001","station_name":"孫厝里(忠義廟)","station_type":"road","station_type_raw":"道路交通噪音","county":"臺南市","address":"孫厝里15之12號旁","station_status":"使用中","area_type":"第二類","feature_id":"3518520TN001:101813:day","period_type":"day","laeq_window_db":68.0,"window_start":"2025-04-10","window_end":"2025-05-09","latest_observation_date":"2025-05-09","sample_count":2,"active_days":2,"window_days":30,"active_day_ratio":0.067,"represented_seconds":93600,"freshness_days":475,"freshness_status":"historical","source_dataset_id":"101813","source_updated_at":"2025-08-29 15:45:43","spatial_precision":"official_point","join_method":"station_id","weight_basis":["period_duration"],"built_at":"2026-08-27T00:00:00+00:00"}},{"type":"Feature","geometry":{"type":"Point","coordinates":[120.233603,23.290313]},"properties":{"station_id":"3518520TN001","station_name":"孫厝里(忠義廟)","station_type":"road","station_type_raw":"道路交通噪音","county":"臺南市","address":"孫厝里15之12號旁","station_status":"使用中","area_type":"第二類","feature_id":"3518520TN001:101813:evening","period_type":"evening","laeq_window_db":64.1,"window_start":"2025-04-10","window_end":"2025-05-09","latest_observation_date":"2025-05-09","sample_count":2,"active_days":2,"window_days":30,"active_day_ratio":0.067,"represented_seconds":14400,"freshness_days":475,"freshness_status":"historical","source_dataset_id":"101813","source_updated_at":"2025-08-29 15:45:43","spatial_precision":"official_point","join_method":"station_id","weight_basis":["period_duration"],"built_at":"2026-08-27T00:00:00+00:00"}},{"type":"Feature","geometry":{"type":"Point","coordinates":[120.233603,23.290313]},"properties":{"station_id":"3518520TN001","station_name":"孫厝里(忠義廟)","station_type":"road","station_type_raw":"道路交通噪音","county":"臺南市","address":"孫厝里15之12號旁","station_status":"使用中","area_type":"第二類","feature_id":"3518520TN001:101813:night","period_type":"night","laeq_window_db":61.7,"window_start":"2025-04-10","window_end":"2025-05-09","latest_observation_date":"2025-05-09","sample_count":2,"active_days":2,"window_days":30,"active_day_ratio":0.067,"represented_seconds":64800,"freshness_days":475,"freshness_status":"historical","source_dataset_id":"101813","source_updated_at":"2025-08-29 15:45:43","spatial_precision":"official_point","join_method":"station_id","weight_basis":["period_duration"],"built_at":"2026-08-27T00:00:00+00:00"}},{"type":"Feature","geometry":{"type":"Point","coordinates":[120.440238,23.397142]},"properties":{"station_id":"3518620EN001","station_name":"內角國小","station_type":"environment","station_type_raw":"一般地區環境音量","county":"臺南市","address":"臺南市白河區內角里12鄰1號","station_status":"使用中","area_type":"第二類","feature_id":"3518620EN001:101813:day","period_type":"day","laeq_window_db":51.0,"window_start":"2025-04-10","window_end":"2025-05-09","latest_observation_date":"2025-05-09","sample_count":2,"active_days":2,"window_days":30,"active_day_ratio":0.067,"represented_seconds":93600,"freshness_days":475,"freshness_status":"historical","source_dataset_id":"101813","source_updated_at":"2025-08-29 15:45:43","spatial_precision":"official_point","join_method":"station_id","weight_basis":["period_duration"],"built_at":"2026-08-27T00:00:00+00:00"}},{"type":"Feature","geometry":{"type":"Point","coordinates":[120.440238,23.397142]},"properties":{"station_id":"3518620EN001","station_name":"內角國小","station_type":"environment","station_type_raw":"一般地區環境音量","county":"臺南市","address":"臺南市白河區內角里12鄰1號","station_status":"使用中","area_type":"第二類","feature_id":"3518620EN001:101813:evening","period_type":"evening","laeq_window_db":47.4,"window_start":"2025-04-10","window_end":"2025-05-09","latest_observation_date":"2025-05-09","sample_count":2,"active_days":2,"window_days":30,"active_day_ratio":0.067,"represented_seconds":14400,"freshness_days":475,"freshness_status":"historical","source_dataset_id":"101813","source_updated_at":"2025-08-29 15:45:43","spatial_precision":"official_point","join_method":"station_id","weight_basis":["period_duration"],"built_at":"2026-08-27T00:00:00+00:00"}},{"type":"Feature","geometry":{"type":"Point","coordinates":[120.440238,23.397142]},"properties":{"station_id":"3518620EN001","station_name":"內角國小","station_type":"environment","station_type_raw":"一般地區環境音量","county":"臺南市","address":"臺南市白河區內角里12鄰1號","station_status":"使用中","area_type":"第二類","feature_id":"3518620EN001:101813:night","period_type":"night","laeq_window_db":46.7,"window_start":"2025-04-10","window_end":"2025-05-09","latest_observation_date":"2025-05-09","sample_count":2,"active_days":2,"window_days":30,"active_day_ratio":0.067,"represented_seconds":64800,"freshness_days":475,"freshness_status":"historical","source_dataset_id":"101813","source_updated_at":"2025-08-29 15:45:43","spatial_precision":"official_point","join_method":"station_id","weight_basis":["period_duration"],"built_at":"2026-08-27T00:00:00+00:00"}},{"type":"Feature","geometry":{"type":"Point","coordinates":[120.416121,23.351175]},"properties":{"station_id":"3518620TN001","station_name":"白河區公所","station_type":"road","station_type_raw":"道路交通噪音","county":"臺南市","address":"臺南市白河區中山路","station_status":"使用中","area_type":"第三類","feature_id":"3518620TN001:101813:day","period_type":"day","laeq_window_db":66.6,"window_start":"2025-04-10","window_end":"2025-05-09","latest_observation_date":"2025-05-09","sample_count":2,"active_days":2,"window_days":30,"active_day_ratio":0.067,"represented_seconds":93600,"freshness_days":475,"freshness_status":"historical","source_dataset_id":"101813","source_updated_at":"2025-08-29 15:45:43","spatial_precision":"official_point","join_method":"station_id","weight_basis":["period_duration"],"built_at":"2026-08-27T00:00:00+00:00"}},{"type":"Feature","geometry":{"type":"Point","coordinates":[120.416121,23.351175]},"properties":{"station_id":"3518620TN001","station_name":"白河區公所","station_type":"road","station_type_raw":"道路交通噪音","county":"臺南市","address":"臺南市白河區中山路","station_status":"使用中","area_type":"第三類","feature_id":"3518620TN001:101813:evening","period_type":"evening","laeq_window_db":60.0,"window_start":"2025-04-10","window_end":"2025-05-09","latest_observation_date":"2025-05-09","sample_count":2,"active_days":2,"window_days":30,"active_day_ratio":0.067,"represented_seconds":14400,"freshness_days":475,"freshness_status":"historical","source_dataset_id":"101813","source_updated_at":"2025-08-29 15:45:43","spatial_precision":"official_point","join_method":"station_id","weight_basis":["period_duration"],"built_at":"2026-08-27T00:00:00+00:00"}},{"type":"Feature","geometry":{"type":"Point","coordinates":[120.416121,23.351175]},"properties":{"station_id":"3518620TN001","station_name":"白河區公所","station_type":"road","station_type_raw":"道路交通噪音","county":"臺南市","address":"臺南市白河區中山路","station_status":"使用中","area_type":"第三類","feature_id":"3518620TN001:101813:night","period_type":"night","laeq_window_db":57.3,"window_start":"2025-04-10","window_end":"2025-05-09","latest_observation_date":"2025-05-09","sample_count":2,"active_days":2,"window_days":30,"active_day_ratio":0.067,"represented_seconds":64800,"freshness_days":475,"freshness_status":"historical","source_dataset_id":"101813","source_updated_at":"2025-08-29 15:45:43","spatial_precision":"official_point","join_method":"station_id","weight_basis":["period_duration"],"built_at":"2026-08-27T00:00:00+00:00"}},{"type":"Feature","geometry":{"type":"Point","coordinates":[120.182629,23.230001]},"properties":{"station_id":"3519120TN001","station_name":"學甲區公所","station_type":"road","station_type_raw":"道路交通噪音","county":"臺南市","address":"臺南市華宗路313號","station_status":"使用中","area_type":"第三類","feature_id":"3519120TN001:unavailable","period_type":"unavailable","laeq_window_db":null,"window_start":null,"window_end":null,"latest_observation_date":null,"sample_count":0,"active_days":0,"window_days":30,"active_day_ratio":0.0,"represented_seconds":0,"freshness_days":null,"freshness_status":"unavailable","source_dataset_id":"28185","source_updated_at":"2026-08-27 01:07:58","spatial_precision":"official_point","join_method":"national_station_only","built_at":"2026-08-27T00:00:00+00:00"}},{"type":"Feature","geometry":{"type":"Point","coordinates":[120.362906,23.208091]},"properties":{"station_id":"3519620TN001","station_name":"烏山頭水庫管理局","station_type":"road","station_type_raw":"道路交通噪音","county":"臺南市","address":"臺南市六甲區烏山頭水庫","station_status":"使用中","area_type":"第一類","feature_id":"3519620TN001:101813:day","period_type":"day","laeq_window_db":69.5,"window_start":"2025-04-10","window_end":"2025-05-09","latest_observation_date":"2025-05-09","sample_count":2,"active_days":2,"window_days":30,"active_day_ratio":0.067,"represented_seconds":93600,"freshness_days":475,"freshness_status":"historical","source_dataset_id":"101813","source_updated_at":"2025-08-29 15:45:43","spatial_precision":"official_point","join_method":"station_id","weight_basis":["period_duration"],"built_at":"2026-08-27T00:00:00+00:00"}},{"type":"Feature","geometry":{"type":"Point","coordinates":[120.362906,23.208091]},"properties":{"station_id":"3519620TN001","station_name":"烏山頭水庫管理局","station_type":"road","station_type_raw":"道路交通噪音","county":"臺南市","address":"臺南市六甲區烏山頭水庫","station_status":"使用中","area_type":"第一類","feature_id":"3519620TN001:101813:evening","period_type":"evening","laeq_window_db":65.9,"window_start":"2025-04-10","window_end":"2025-05-09","latest_observation_date":"2025-05-09","sample_count":2,"active_days":2,"window_days":30,"active_day_ratio":0.067,"represented_seconds":14400,"freshness_days":475,"freshness_status":"historical","source_dataset_id":"101813","source_updated_at":"2025-08-29 15:45:43","spatial_precision":"official_point","join_method":"station_id","weight_basis":["period_duration"],"built_at":"2026-08-27T00:00:00+00:00"}},{"type":"Feature","geometry":{"type":"Point","coordinates":[120.362906,23.208091]},"properties":{"station_id":"3519620TN001","station_name":"烏山頭水庫管理局","station_type":"road","station_type_raw":"道路交通噪音","county":"臺南市","address":"臺南市六甲區烏山頭水庫","station_status":"使用中","area_type":"第一類","feature_id":"3519620TN001:101813:night","period_type":"night","laeq_window_db":58.9,"window_start":"2025-04-10","window_end":"2025-05-09","latest_observation_date":"2025-05-09","sample_count":2,"active_days":2,"window_days":30,"active_day_ratio":0.067,"represented_seconds":64800,"freshness_days":475,"freshness_status":"historical","source_dataset_id":"101813","source_updated_at":"2025-08-29 15:45:43","spatial_precision":"official_point","join_method":"station_id","weight_basis":["period_duration"],"built_at":"2026-08-27T00:00:00+00:00"}},{"type":"Feature","geometry":{"type":"Point","coordinates":[120.326114,23.217485]},"properties":{"station_id":"3519720EN001","station_name":"官田區工業北路","station_type":"environment","station_type_raw":"一般地區環境音量","county":"臺南市","address":"官田區工業北路與工社中街交接處旁空地","station_status":"使用中","area_type":"第三類","feature_id":"3519720EN001:101813:day","period_type":"day","laeq_window_db":55.5,"window_start":"2025-04-10","window_end":"2025-05-09","latest_observation_date":"2025-05-09","sample_count":2,"active_days":2,"window_days":30,"active_day_ratio":0.067,"represented_seconds":93600,"freshness_days":475,"freshness_status":"historical","source_dataset_id":"101813","source_updated_at":"2025-08-29 15:45:43","spatial_precision":"official_point","join_method":"station_id","weight_basis":["period_duration"],"built_at":"2026-08-27T00:00:00+00:00"}},{"type":"Feature","geometry":{"type":"Point","coordinates":[120.326114,23.217485]},"properties":{"station_id":"3519720EN001","station_name":"官田區工業北路","station_type":"environment","station_type_raw":"一般地區環境音量","county":"臺南市","address":"官田區工業北路與工社中街交接處旁空地","station_status":"使用中","area_type":"第三類","feature_id":"3519720EN001:101813:evening","period_type":"evening","laeq_window_db":52.7,"window_start":"2025-04-10","window_end":"2025-05-09","latest_observation_date":"2025-05-09","sample_count":2,"active_days":2,"window_days":30,"active_day_ratio":0.067,"represented_seconds":14400,"freshness_days":475,"freshness_status":"historical","source_dataset_id":"101813","source_updated_at":"2025-08-29 15:45:43","spatial_precision":"official_point","join_method":"station_id","weight_basis":["period_duration"],"built_at":"2026-08-27T00:00:00+00:00"}},{"type":"Feature","geometry":{"type":"Point","coordinates":[120.326114,23.217485]},"properties":{"station_id":"3519720EN001","station_name":"官田區工業北路","station_type":"environment","station_type_raw":"一般地區環境音量","county":"臺南市","address":"官田區工業北路與工社中街交接處旁空地","station_status":"使用中","area_type":"第三類","feature_id":"3519720EN001:101813:night","period_type":"night","laeq_window_db":48.9,"window_start":"2025-04-10","window_end":"2025-05-09","latest_observation_date":"2025-05-09","sample_count":2,"active_days":2,"window_days":30,"active_day_ratio":0.067,"represented_seconds":64800,"freshness_days":475,"freshness_status":"historical","source_dataset_id":"101813","source_updated_at":"2025-08-29 15:45:43","spatial_precision":"official_point","join_method":"station_id","weight_basis":["period_duration"],"built_at":"2026-08-27T00:00:00+00:00"}},{"type":"Feature","geometry":{"type":"Point","coordinates":[120.322791,23.21484]},"properties":{"station_id":"3519720EN002","station_name":"台南職業訓練中心","station_type":"environment","station_type_raw":"一般地區環境音量","county":"臺南市","address":"臺南市官田區官田工業區工業路40號","station_status":"使用中","area_type":"第一類","feature_id":"3519720EN002:101813:day","period_type":"day","laeq_window_db":56.4,"window_start":"2025-04-10","window_end":"2025-05-09","latest_observation_date":"2025-05-09","sample_count":2,"active_days":2,"window_days":30,"active_day_ratio":0.067,"represented_seconds":93600,"freshness_days":475,"freshness_status":"historical","source_dataset_id":"101813","source_updated_at":"2025-08-29 15:45:43","spatial_precision":"official_point","join_method":"station_id","weight_basis":["period_duration"],"built_at":"2026-08-27T00:00:00+00:00"}},{"type":"Feature","geometry":{"type":"Point","coordinates":[120.322791,23.21484]},"properties":{"station_id":"3519720EN002","station_name":"台南職業訓練中心","station_type":"environment","station_type_raw":"一般地區環境音量","county":"臺南市","address":"臺南市官田區官田工業區工業路40號","station_status":"使用中","area_type":"第一類","feature_id":"3519720EN002:101813:evening","period_type":"evening","laeq_window_db":57.8,"window_start":"2025-04-10","window_end":"2025-05-09","latest_observation_date":"2025-05-09","sample_count":2,"active_days":2,"window_days":30,"active_day_ratio":0.067,"represented_seconds":14400,"freshness_days":475,"freshness_status":"historical","source_dataset_id":"101813","source_updated_at":"2025-08-29 15:45:43","spatial_precision":"official_point","join_method":"station_id","weight_basis":["period_duration"],"built_at":"2026-08-27T00:00:00+00:00"}},{"type":"Feature","geometry":{"type":"Point","coordinates":[120.322791,23.21484]},"properties":{"station_id":"3519720EN002","station_name":"台南職業訓練中心","station_type":"environment","station_type_raw":"一般地區環境音量","county":"臺南市","address":"臺南市官田區官田工業區工業路40號","station_status":"使用中","area_type":"第一類","feature_id":"3519720EN002:101813:night","period_type":"night","laeq_window_db":59.4,"window_start":"2025-04-10","window_end":"2025-05-09","latest_observation_date":"2025-05-09","sample_count":2,"active_days":2,"window_days":30,"active_day_ratio":0.067,"represented_seconds":64800,"freshness_days":475,"freshness_status":"historical","source_dataset_id":"101813","source_updated_at":"2025-08-29 15:45:43","spatial_precision":"official_point","join_method":"station_id","weight_basis":["period_duration"],"built_at":"2026-08-27T00:00:00+00:00"}},{"type":"Feature","geometry":{"type":"Point","coordinates":[120.323072,23.210348]},"properties":{"station_id":"3519720TN001","station_name":"官田工業區加油站","station_type":"road","station_type_raw":"道路交通噪音","county":"臺南市","address":"臺南市官田區二區村工業路23-1號","station_status":"使用中","area_type":"第一類","feature_id":"3519720TN001:101813:day","period_type":"day","laeq_window_db":68.7,"window_start":"2025-04-10","window_end":"2025-05-09","latest_observation_date":"2025-05-09","sample_count":2,"active_days":2,"window_days":30,"active_day_ratio":0.067,"represented_seconds":93600,"freshness_days":475,"freshness_status":"historical","source_dataset_id":"101813","source_updated_at":"2025-08-29 15:45:43","spatial_precision":"official_point","join_method":"station_id","weight_basis":["period_duration"],"built_at":"2026-08-27T00:00:00+00:00"}},{"type":"Feature","geometry":{"type":"Point","coordinates":[120.323072,23.210348]},"properties":{"station_id":"3519720TN001","station_name":"官田工業區加油站","station_type":"road","station_type_raw":"道路交通噪音","county":"臺南市","address":"臺南市官田區二區村工業路23-1號","station_status":"使用中","area_type":"第一類","feature_id":"3519720TN001:101813:evening","period_type":"evening","laeq_window_db":63.0,"window_start":"2025-04-10","window_end":"2025-05-09","latest_observation_date":"2025-05-09","sample_count":2,"active_days":2,"window_days":30,"active_day_ratio":0.067,"represented_seconds":14400,"freshness_days":475,"freshness_status":"historical","source_dataset_id":"101813","source_updated_at":"2025-08-29 15:45:43","spatial_precision":"official_point","join_method":"station_id","weight_basis":["period_duration"],"built_at":"2026-08-27T00:00:00+00:00"}},{"type":"Feature","geometry":{"type":"Point","coordinates":[120.323072,23.210348]},"properties":{"station_id":"3519720TN001","station_name":"官田工業區加油站","station_type":"road","station_type_raw":"道路交通噪音","county":"臺南市","address":"臺南市官田區二區村工業路23-1號","station_status":"使用中","area_type":"第一類","feature_id":"3519720TN001:101813:night","period_type":"night","laeq_window_db":60.2,"window_start":"2025-04-10","window_end":"2025-05-09","latest_observation_date":"2025-05-09","sample_count":2,"active_days":2,"window_days":30,"active_day_ratio":0.067,"represented_seconds":64800,"freshness_days":475,"freshness_status":"historical","source_dataset_id":"101813","source_updated_at":"2025-08-29 15:45:43","spatial_precision":"official_point","join_method":"station_id","weight_basis":["period_duration"],"built_at":"2026-08-27T00:00:00+00:00"}},{"type":"Feature","geometry":{"type":"Point","coordinates":[120.05274,23.079112]},"properties":{"station_id":"3520020EN001","station_name":"黑面琵鷺野生動物保護區","station_type":"environment","station_type_raw":"一般地區環境音量","county":"臺南市","address":"七股區黑面琵鷺賞鳥亭","station_status":"使用中","area_type":"第一類","feature_id":"3520020EN001:101813:day","period_type":"day","laeq_window_db":48.9,"window_start":"2025-04-10","window_end":"2025-05-09","latest_observation_date":"2025-05-09","sample_count":2,"active_days":2,"window_days":30,"active_day_ratio":0.067,"represented_seconds":93600,"freshness_days":475,"freshness_status":"historical","source_dataset_id":"101813","source_updated_at":"2025-08-29 15:45:43","spatial_precision":"official_point","join_method":"station_id","weight_basis":["period_duration"],"built_at":"2026-08-27T00:00:00+00:00"}},{"type":"Feature","geometry":{"type":"Point","coordinates":[120.05274,23.079112]},"properties":{"station_id":"3520020EN001","station_name":"黑面琵鷺野生動物保護區","station_type":"environment","station_type_raw":"一般地區環境音量","county":"臺南市","address":"七股區黑面琵鷺賞鳥亭","station_status":"使用中","area_type":"第一類","feature_id":"3520020EN001:101813:evening","period_type":"evening","laeq_window_db":40.2,"window_start":"2025-04-10","window_end":"2025-05-09","latest_observation_date":"2025-05-09","sample_count":2,"active_days":2,"window_days":30,"active_day_ratio":0.067,"represented_seconds":14400,"freshness_days":475,"freshness_status":"historical","source_dataset_id":"101813","source_updated_at":"2025-08-29 15:45:43","spatial_precision":"official_point","join_method":"station_id","weight_basis":["period_duration"],"built_at":"2026-08-27T00:00:00+00:00"}},{"type":"Feature","geometry":{"type":"Point","coordinates":[120.05274,23.079112]},"properties":{"station_id":"3520020EN001","station_name":"黑面琵鷺野生動物保護區","station_type":"environment","station_type_raw":"一般地區環境音量","county":"臺南市","address":"七股區黑面琵鷺賞鳥亭","station_status":"使用中","area_type":"第一類","feature_id":"3520020EN001:101813:night","period_type":"night","laeq_window_db":40.0,"window_start":"2025-04-10","window_end":"2025-05-09","latest_observation_date":"2025-05-09","sample_count":2,"active_days":2,"window_days":30,"active_day_ratio":0.067,"represented_seconds":64800,"freshness_days":475,"freshness_status":"historical","source_dataset_id":"101813","source_updated_at":"2025-08-29 15:45:43","spatial_precision":"official_point","join_method":"station_id","weight_basis":["period_duration"],"built_at":"2026-08-27T00:00:00+00:00"}},{"type":"Feature","geometry":{"type":"Point","coordinates":[120.460471,23.120109]},"properties":{"station_id":"3520620TN001","station_name":"玉井工商","station_type":"road","station_type_raw":"道路交通噪音","county":"臺南市","address":"臺南市玉井區玉井工商","station_status":"使用中","area_type":"第二類","feature_id":"3520620TN001:101813:day","period_type":"day","laeq_window_db":71.2,"window_start":"2025-04-10","window_end":"2025-05-09","latest_observation_date":"2025-05-09","sample_count":2,"active_days":2,"window_days":30,"active_day_ratio":0.067,"represented_seconds":93600,"freshness_days":475,"freshness_status":"historical","source_dataset_id":"101813","source_updated_at":"2025-08-29 15:45:43","spatial_precision":"official_point","join_method":"station_id","weight_basis":["period_duration"],"built_at":"2026-08-27T00:00:00+00:00"}},{"type":"Feature","geometry":{"type":"Point","coordinates":[120.460471,23.120109]},"properties":{"station_id":"3520620TN001","station_name":"玉井工商","station_type":"road","station_type_raw":"道路交通噪音","county":"臺南市","address":"臺南市玉井區玉井工商","station_status":"使用中","area_type":"第二類","feature_id":"3520620TN001:101813:evening","period_type":"evening","laeq_window_db":66.2,"window_start":"2025-04-10","window_end":"2025-05-09","latest_observation_date":"2025-05-09","sample_count":2,"active_days":2,"window_days":30,"active_day_ratio":0.067,"represented_seconds":14400,"freshness_days":475,"freshness_status":"historical","source_dataset_id":"101813","source_updated_at":"2025-08-29 15:45:43","spatial_precision":"official_point","join_method":"station_id","weight_basis":["period_duration"],"built_at":"2026-08-27T00:00:00+00:00"}},{"type":"Feature","geometry":{"type":"Point","coordinates":[120.460471,23.120109]},"properties":{"station_id":"3520620TN001","station_name":"玉井工商","station_type":"road","station_type_raw":"道路交通噪音","county":"臺南市","address":"臺南市玉井區玉井工商","station_status":"使用中","area_type":"第二類","feature_id":"3520620TN001:101813:night","period_type":"night","laeq_window_db":62.9,"window_start":"2025-04-10","window_end":"2025-05-09","latest_observation_date":"2025-05-09","sample_count":2,"active_days":2,"window_days":30,"active_day_ratio":0.067,"represented_seconds":64800,"freshness_days":475,"freshness_status":"historical","source_dataset_id":"101813","source_updated_at":"2025-08-29 15:45:43","spatial_precision":"official_point","join_method":"station_id","weight_basis":["period_duration"],"built_at":"2026-08-27T00:00:00+00:00"}},{"type":"Feature","geometry":{"type":"Point","coordinates":[120.48816,23.170487]},"properties":{"station_id":"3520720TN001","station_name":"台灣中油楠西站","station_type":"road","station_type_raw":"道路交通噪音","county":"臺南市","address":"臺南市楠西區中正路359號","station_status":"使用中","area_type":"第三類","feature_id":"3520720TN001:101813:day","period_type":"day","laeq_window_db":68.9,"window_start":"2025-04-10","window_end":"2025-05-09","latest_observation_date":"2025-05-09","sample_count":2,"active_days":2,"window_days":30,"active_day_ratio":0.067,"represented_seconds":93600,"freshness_days":475,"freshness_status":"historical","source_dataset_id":"101813","source_updated_at":"2025-08-29 15:45:43","spatial_precision":"official_point","join_method":"station_id","weight_basis":["period_duration"],"built_at":"2026-08-27T00:00:00+00:00"}},{"type":"Feature","geometry":{"type":"Point","coordinates":[120.48816,23.170487]},"properties":{"station_id":"3520720TN001","station_name":"台灣中油楠西站","station_type":"road","station_type_raw":"道路交通噪音","county":"臺南市","address":"臺南市楠西區中正路359號","station_status":"使用中","area_type":"第三類","feature_id":"3520720TN001:101813:evening","period_type":"evening","laeq_window_db":63.6,"window_start":"2025-04-10","window_end":"2025-05-09","latest_observation_date":"2025-05-09","sample_count":2,"active_days":2,"window_days":30,"active_day_ratio":0.067,"represented_seconds":14400,"freshness_days":475,"freshness_status":"historical","source_dataset_id":"101813","source_updated_at":"2025-08-29 15:45:43","spatial_precision":"official_point","join_method":"station_id","weight_basis":["period_duration"],"built_at":"2026-08-27T00:00:00+00:00"}},{"type":"Feature","geometry":{"type":"Point","coordinates":[120.48816,23.170487]},"properties":{"station_id":"3520720TN001","station_name":"台灣中油楠西站","station_type":"road","station_type_raw":"道路交通噪音","county":"臺南市","address":"臺南市楠西區中正路359號","station_status":"使用中","area_type":"第三類","feature_id":"3520720TN001:101813:night","period_type":"night","laeq_window_db":62.6,"window_start":"2025-04-10","window_end":"2025-05-09","latest_observation_date":"2025-05-09","sample_count":2,"active_days":2,"window_days":30,"active_day_ratio":0.067,"represented_seconds":64800,"freshness_days":475,"freshness_status":"historical","source_dataset_id":"101813","source_updated_at":"2025-08-29 15:45:43","spatial_precision":"official_point","join_method":"station_id","weight_basis":["period_duration"],"built_at":"2026-08-27T00:00:00+00:00"}},{"type":"Feature","geometry":{"type":"Point","coordinates":[120.222938,22.936578]},"properties":{"station_id":"3521020EN030","station_name":"台南都會公園","station_type":"environment","station_type_raw":"一般地區環境音量","county":"臺南市","address":"台南市仁德區二仁路二段與文華路二段交界旁公園","station_status":"使用中","area_type":"第三類","feature_id":"3521020EN030:101813:day","period_type":"day","laeq_window_db":56.2,"window_start":"2025-04-10","window_end":"2025-05-09","latest_observation_date":"2025-05-09","sample_count":2,"active_days":2,"window_days":30,"active_day_ratio":0.067,"represented_seconds":93600,"freshness_days":475,"freshness_status":"historical","source_dataset_id":"101813","source_updated_at":"2025-08-29 15:45:43","spatial_precision":"official_point","join_method":"station_id","weight_basis":["period_duration"],"built_at":"2026-08-27T00:00:00+00:00"}},{"type":"Feature","geometry":{"type":"Point","coordinates":[120.222938,22.936578]},"properties":{"station_id":"3521020EN030","station_name":"台南都會公園","station_type":"environment","station_type_raw":"一般地區環境音量","county":"臺南市","address":"台南市仁德區二仁路二段與文華路二段交界旁公園","station_status":"使用中","area_type":"第三類","feature_id":"3521020EN030:101813:evening","period_type":"evening","laeq_window_db":50.6,"window_start":"2025-04-10","window_end":"2025-05-09","latest_observation_date":"2025-05-09","sample_count":2,"active_days":2,"window_days":30,"active_day_ratio":0.067,"represented_seconds":14400,"freshness_days":475,"freshness_status":"historical","source_dataset_id":"101813","source_updated_at":"2025-08-29 15:45:43","spatial_precision":"official_point","join_method":"station_id","weight_basis":["period_duration"],"built_at":"2026-08-27T00:00:00+00:00"}},{"type":"Feature","geometry":{"type":"Point","coordinates":[120.222938,22.936578]},"properties":{"station_id":"3521020EN030","station_name":"台南都會公園","station_type":"environment","station_type_raw":"一般地區環境音量","county":"臺南市","address":"台南市仁德區二仁路二段與文華路二段交界旁公園","station_status":"使用中","area_type":"第三類","feature_id":"3521020EN030:101813:night","period_type":"night","laeq_window_db":48.3,"window_start":"2025-04-10","window_end":"2025-05-09","latest_observation_date":"2025-05-09","sample_count":2,"active_days":2,"window_days":30,"active_day_ratio":0.067,"represented_seconds":64800,"freshness_days":475,"freshness_status":"historical","source_dataset_id":"101813","source_updated_at":"2025-08-29 15:45:43","spatial_precision":"official_point","join_method":"station_id","weight_basis":["period_duration"],"built_at":"2026-08-27T00:00:00+00:00"}},{"type":"Feature","geometry":{"type":"Point","coordinates":[120.218387,22.999737]},"properties":{"station_id":"3532720TN028","station_name":"成功大學","station_type":"road","station_type_raw":"道路交通噪音","county":"臺南市","address":"臺南市東區大學路1號","station_status":"使用中","area_type":"第二類","feature_id":"3532720TN028:101813:day","period_type":"day","laeq_window_db":63.2,"window_start":"2025-04-10","window_end":"2025-05-09","latest_observation_date":"2025-05-09","sample_count":2,"active_days":2,"window_days":30,"active_day_ratio":0.067,"represented_seconds":93600,"freshness_days":475,"freshness_status":"historical","source_dataset_id":"101813","source_updated_at":"2025-08-29 15:45:43","spatial_precision":"official_point","join_method":"station_id","weight_basis":["period_duration"],"built_at":"2026-08-27T00:00:00+00:00"}},{"type":"Feature","geometry":{"type":"Point","coordinates":[120.218387,22.999737]},"properties":{"station_id":"3532720TN028","station_name":"成功大學","station_type":"road","station_type_raw":"道路交通噪音","county":"臺南市","address":"臺南市東區大學路1號","station_status":"使用中","area_type":"第二類","feature_id":"3532720TN028:101813:evening","period_type":"evening","laeq_window_db":61.1,"window_start":"2025-04-10","window_end":"2025-05-09","latest_observation_date":"2025-05-09","sample_count":2,"active_days":2,"window_days":30,"active_day_ratio":0.067,"represented_seconds":14400,"freshness_days":475,"freshness_status":"historical","source_dataset_id":"101813","source_updated_at":"2025-08-29 15:45:43","spatial_precision":"official_point","join_method":"station_id","weight_basis":["period_duration"],"built_at":"2026-08-27T00:00:00+00:00"}},{"type":"Feature","geometry":{"type":"Point","coordinates":[120.218387,22.999737]},"properties":{"station_id":"3532720TN028","station_name":"成功大學","station_type":"road","station_type_raw":"道路交通噪音","county":"臺南市","address":"臺南市東區大學路1號","station_status":"使用中","area_type":"第二類","feature_id":"3532720TN028:101813:night","period_type":"night","laeq_window_db":57.3,"window_start":"2025-04-10","window_end":"2025-05-09","latest_observation_date":"2025-05-09","sample_count":2,"active_days":2,"window_days":30,"active_day_ratio":0.067,"represented_seconds":64800,"freshness_days":475,"freshness_status":"historical","source_dataset_id":"101813","source_updated_at":"2025-08-29 15:45:43","spatial_precision":"official_point","join_method":"station_id","weight_basis":["period_duration"],"built_at":"2026-08-27T00:00:00+00:00"}},{"type":"Feature","geometry":{"type":"Point","coordinates":[120.192501,22.985282]},"properties":{"station_id":"3532820EN031","station_name":"水萍塭公園","station_type":"environment","station_type_raw":"一般地區環境音量","county":"臺南市","address":"台南市南區金華路二段與建南路交界旁公園","station_status":"使用中","area_type":"第三類","feature_id":"3532820EN031:101813:day","period_type":"day","laeq_window_db":54.4,"window_start":"2025-04-10","window_end":"2025-05-09","latest_observation_date":"2025-05-09","sample_count":2,"active_days":2,"window_days":30,"active_day_ratio":0.067,"represented_seconds":93600,"freshness_days":475,"freshness_status":"historical","source_dataset_id":"101813","source_updated_at":"2025-08-29 15:45:43","spatial_precision":"official_point","join_method":"station_id","weight_basis":["period_duration"],"built_at":"2026-08-27T00:00:00+00:00"}},{"type":"Feature","geometry":{"type":"Point","coordinates":[120.192501,22.985282]},"properties":{"station_id":"3532820EN031","station_name":"水萍塭公園","station_type":"environment","station_type_raw":"一般地區環境音量","county":"臺南市","address":"台南市南區金華路二段與建南路交界旁公園","station_status":"使用中","area_type":"第三類","feature_id":"3532820EN031:101813:evening","period_type":"evening","laeq_window_db":50.9,"window_start":"2025-04-10","window_end":"2025-05-09","latest_observation_date":"2025-05-09","sample_count":2,"active_days":2,"window_days":30,"active_day_ratio":0.067,"represented_seconds":14400,"freshness_days":475,"freshness_status":"historical","source_dataset_id":"101813","source_updated_at":"2025-08-29 15:45:43","spatial_precision":"official_point","join_method":"station_id","weight_basis":["period_duration"],"built_at":"2026-08-27T00:00:00+00:00"}},{"type":"Feature","geometry":{"type":"Point","coordinates":[120.192501,22.985282]},"properties":{"station_id":"3532820EN031","station_name":"水萍塭公園","station_type":"environment","station_type_raw":"一般地區環境音量","county":"臺南市","address":"台南市南區金華路二段與建南路交界旁公園","station_status":"使用中","area_type":"第三類","feature_id":"3532820EN031:101813:night","period_type":"night","laeq_window_db":48.1,"window_start":"2025-04-10","window_end":"2025-05-09","latest_observation_date":"2025-05-09","sample_count":2,"active_days":2,"window_days":30,"active_day_ratio":0.067,"represented_seconds":64800,"freshness_days":475,"freshness_status":"historical","source_dataset_id":"101813","source_updated_at":"2025-08-29 15:45:43","spatial_precision":"official_point","join_method":"station_id","weight_basis":["period_duration"],"built_at":"2026-08-27T00:00:00+00:00"}},{"type":"Feature","geometry":{"type":"Point","coordinates":[120.178084,22.940363]},"properties":{"station_id":"3532820TN025","station_name":"南區圖書館","station_type":"road","station_type_raw":"道路交通噪音","county":"臺南市","address":"臺南市南區喜樹路179號","station_status":"使用中","area_type":"第三類","feature_id":"3532820TN025:101813:day","period_type":"day","laeq_window_db":63.6,"window_start":"2025-04-10","window_end":"2025-05-09","latest_observation_date":"2025-05-09","sample_count":2,"active_days":2,"window_days":30,"active_day_ratio":0.067,"represented_seconds":93600,"freshness_days":475,"freshness_status":"historical","source_dataset_id":"101813","source_updated_at":"2025-08-29 15:45:43","spatial_precision":"official_point","join_method":"station_id","weight_basis":["period_duration"],"built_at":"2026-08-27T00:00:00+00:00"}},{"type":"Feature","geometry":{"type":"Point","coordinates":[120.178084,22.940363]},"properties":{"station_id":"3532820TN025","station_name":"南區圖書館","station_type":"road","station_type_raw":"道路交通噪音","county":"臺南市","address":"臺南市南區喜樹路179號","station_status":"使用中","area_type":"第三類","feature_id":"3532820TN025:101813:evening","period_type":"evening","laeq_window_db":59.9,"window_start":"2025-04-10","window_end":"2025-05-09","latest_observation_date":"2025-05-09","sample_count":2,"active_days":2,"window_days":30,"active_day_ratio":0.067,"represented_seconds":14400,"freshness_days":475,"freshness_status":"historical","source_dataset_id":"101813","source_updated_at":"2025-08-29 15:45:43","spatial_precision":"official_point","join_method":"station_id","weight_basis":["period_duration"],"built_at":"2026-08-27T00:00:00+00:00"}},{"type":"Feature","geometry":{"type":"Point","coordinates":[120.178084,22.940363]},"properties":{"station_id":"3532820TN025","station_name":"南區圖書館","station_type":"road","station_type_raw":"道路交通噪音","county":"臺南市","address":"臺南市南區喜樹路179號","station_status":"使用中","area_type":"第三類","feature_id":"3532820TN025:101813:night","period_type":"night","laeq_window_db":57.0,"window_start":"2025-04-10","window_end":"2025-05-09","latest_observation_date":"2025-05-09","sample_count":2,"active_days":2,"window_days":30,"active_day_ratio":0.067,"represented_seconds":64800,"freshness_days":475,"freshness_status":"historical","source_dataset_id":"101813","source_updated_at":"2025-08-29 15:45:43","spatial_precision":"official_point","join_method":"station_id","weight_basis":["period_duration"],"built_at":"2026-08-27T00:00:00+00:00"}},{"type":"Feature","geometry":{"type":"Point","coordinates":[120.209109,23.000914]},"properties":{"station_id":"3533020TN029","station_name":"公園國小","station_type":"road","station_type_raw":"道路交通噪音","county":"臺南市","address":"臺南市北區公園路180號","station_status":"使用中","area_type":"第二類","feature_id":"3533020TN029:101813:day","period_type":"day","laeq_window_db":67.5,"window_start":"2025-04-10","window_end":"2025-05-09","latest_observation_date":"2025-05-09","sample_count":2,"active_days":2,"window_days":30,"active_day_ratio":0.067,"represented_seconds":93600,"freshness_days":475,"freshness_status":"historical","source_dataset_id":"101813","source_updated_at":"2025-08-29 15:45:43","spatial_precision":"official_point","join_method":"station_id","weight_basis":["period_duration"],"built_at":"2026-08-27T00:00:00+00:00"}},{"type":"Feature","geometry":{"type":"Point","coordinates":[120.209109,23.000914]},"properties":{"station_id":"3533020TN029","station_name":"公園國小","station_type":"road","station_type_raw":"道路交通噪音","county":"臺南市","address":"臺南市北區公園路180號","station_status":"使用中","area_type":"第二類","feature_id":"3533020TN029:101813:evening","period_type":"evening","laeq_window_db":65.7,"window_start":"2025-04-10","window_end":"2025-05-09","latest_observation_date":"2025-05-09","sample_count":2,"active_days":2,"window_days":30,"active_day_ratio":0.067,"represented_seconds":14400,"freshness_days":475,"freshness_status":"historical","source_dataset_id":"101813","source_updated_at":"2025-08-29 15:45:43","spatial_precision":"official_point","join_method":"station_id","weight_basis":["period_duration"],"built_at":"2026-08-27T00:00:00+00:00"}},{"type":"Feature","geometry":{"type":"Point","coordinates":[120.209109,23.000914]},"properties":{"station_id":"3533020TN029","station_name":"公園國小","station_type":"road","station_type_raw":"道路交通噪音","county":"臺南市","address":"臺南市北區公園路180號","station_status":"使用中","area_type":"第二類","feature_id":"3533020TN029:101813:night","period_type":"night","laeq_window_db":61.4,"window_start":"2025-04-10","window_end":"2025-05-09","latest_observation_date":"2025-05-09","sample_count":2,"active_days":2,"window_days":30,"active_day_ratio":0.067,"represented_seconds":64800,"freshness_days":475,"freshness_status":"historical","source_dataset_id":"101813","source_updated_at":"2025-08-29 15:45:43","spatial_precision":"official_point","join_method":"station_id","weight_basis":["period_duration"],"built_at":"2026-08-27T00:00:00+00:00"}},{"type":"Feature","geometry":{"type":"Point","coordinates":[120.136792,23.047066]},"properties":{"station_id":"3533220EN027","station_name":"高腳(行鳥)保護區","station_type":"environment","station_type_raw":"一般地區環境音量","county":"臺南市","address":"臺南市安南區北汕尾三路100號","station_status":"使用中","area_type":"第一類","feature_id":"3533220EN027:101813:day","period_type":"day","laeq_window_db":51.1,"window_start":"2025-04-10","window_end":"2025-05-09","latest_observation_date":"2025-05-09","sample_count":2,"active_days":2,"window_days":30,"active_day_ratio":0.067,"represented_seconds":93600,"freshness_days":475,"freshness_status":"historical","source_dataset_id":"101813","source_updated_at":"2025-08-29 15:45:43","spatial_precision":"official_point","join_method":"station_id","weight_basis":["period_duration"],"built_at":"2026-08-27T00:00:00+00:00"}},{"type":"Feature","geometry":{"type":"Point","coordinates":[120.136792,23.047066]},"properties":{"station_id":"3533220EN027","station_name":"高腳(行鳥)保護區","station_type":"environment","station_type_raw":"一般地區環境音量","county":"臺南市","address":"臺南市安南區北汕尾三路100號","station_status":"使用中","area_type":"第一類","feature_id":"3533220EN027:101813:evening","period_type":"evening","laeq_window_db":46.2,"window_start":"2025-04-10","window_end":"2025-05-09","latest_observation_date":"2025-05-09","sample_count":2,"active_days":2,"window_days":30,"active_day_ratio":0.067,"represented_seconds":14400,"freshness_days":475,"freshness_status":"historical","source_dataset_id":"101813","source_updated_at":"2025-08-29 15:45:43","spatial_precision":"official_point","join_method":"station_id","weight_basis":["period_duration"],"built_at":"2026-08-27T00:00:00+00:00"}},{"type":"Feature","geometry":{"type":"Point","coordinates":[120.136792,23.047066]},"properties":{"station_id":"3533220EN027","station_name":"高腳(行鳥)保護區","station_type":"environment","station_type_raw":"一般地區環境音量","county":"臺南市","address":"臺南市安南區北汕尾三路100號","station_status":"使用中","area_type":"第一類","feature_id":"3533220EN027:101813:night","period_type":"night","laeq_window_db":43.6,"window_start":"2025-04-10","window_end":"2025-05-09","latest_observation_date":"2025-05-09","sample_count":2,"active_days":2,"window_days":30,"active_day_ratio":0.067,"represented_seconds":64800,"freshness_days":475,"freshness_status":"historical","source_dataset_id":"101813","source_updated_at":"2025-08-29 15:45:43","spatial_precision":"official_point","join_method":"station_id","weight_basis":["period_duration"],"built_at":"2026-08-27T00:00:00+00:00"}},{"type":"Feature","geometry":{"type":"Point","coordinates":[120.141184,23.026166]},"properties":{"station_id":"3533220TN027","station_name":"四草野生動物","station_type":"road","station_type_raw":"道路交通噪音","county":"臺南市","address":"臺南市安南區本田路二段300巷","station_status":"使用中","area_type":"第一類","feature_id":"3533220TN027:101813:day","period_type":"day","laeq_window_db":51.6,"window_start":"2025-04-10","window_end":"2025-05-09","latest_observation_date":"2025-05-09","sample_count":2,"active_days":2,"window_days":30,"active_day_ratio":0.067,"represented_seconds":93600,"freshness_days":475,"freshness_status":"historical","source_dataset_id":"101813","source_updated_at":"2025-08-29 15:45:43","spatial_precision":"official_point","join_method":"station_id","weight_basis":["period_duration"],"built_at":"2026-08-27T00:00:00+00:00"}},{"type":"Feature","geometry":{"type":"Point","coordinates":[120.141184,23.026166]},"properties":{"station_id":"3533220TN027","station_name":"四草野生動物","station_type":"road","station_type_raw":"道路交通噪音","county":"臺南市","address":"臺南市安南區本田路二段300巷","station_status":"使用中","area_type":"第一類","feature_id":"3533220TN027:101813:evening","period_type":"evening","laeq_window_db":40.2,"window_start":"2025-04-10","window_end":"2025-05-09","latest_observation_date":"2025-05-09","sample_count":2,"active_days":2,"window_days":30,"active_day_ratio":0.067,"represented_seconds":14400,"freshness_days":475,"freshness_status":"historical","source_dataset_id":"101813","source_updated_at":"2025-08-29 15:45:43","spatial_precision":"official_point","join_method":"station_id","weight_basis":["period_duration"],"built_at":"2026-08-27T00:00:00+00:00"}},{"type":"Feature","geometry":{"type":"Point","coordinates":[120.141184,23.026166]},"properties":{"station_id":"3533220TN027","station_name":"四草野生動物","station_type":"road","station_type_raw":"道路交通噪音","county":"臺南市","address":"臺南市安南區本田路二段300巷","station_status":"使用中","area_type":"第一類","feature_id":"3533220TN027:101813:night","period_type":"night","laeq_window_db":41.5,"window_start":"2025-04-10","window_end":"2025-05-09","latest_observation_date":"2025-05-09","sample_count":2,"active_days":2,"window_days":30,"active_day_ratio":0.067,"represented_seconds":64800,"freshness_days":475,"freshness_status":"historical","source_dataset_id":"101813","source_updated_at":"2025-08-29 15:45:43","spatial_precision":"official_point","join_method":"station_id","weight_basis":["period_duration"],"built_at":"2026-08-27T00:00:00+00:00"}},{"type":"Feature","geometry":{"type":"Point","coordinates":[120.176617,22.966512]},"properties":{"station_id":"3533320EN021","station_name":"安平污水廠","station_type":"environment","station_type_raw":"一般地區環境音量","county":"臺南市","address":"臺南市安平區新樂路71號","station_status":"使用中","area_type":"第一類","feature_id":"3533320EN021:unavailable","period_type":"unavailable","laeq_window_db":null,"window_start":null,"window_end":null,"latest_observation_date":null,"sample_count":0,"active_days":0,"window_days":30,"active_day_ratio":0.0,"represented_seconds":0,"freshness_days":null,"freshness_status":"unavailable","source_dataset_id":"28185","source_updated_at":"2026-08-27 01:07:58","spatial_precision":"official_point","join_method":"national_station_only","built_at":"2026-08-27T00:00:00+00:00"}},{"type":"Feature","geometry":{"type":"Point","coordinates":[120.158311,22.978429]},"properties":{"station_id":"3533320EN028","station_name":"億載國小","station_type":"environment","station_type_raw":"一般地區環境音量","county":"臺南市","address":"臺南市安平區漁光里133號","station_status":"使用中","area_type":"第二類","feature_id":"3533320EN028:101813:day","period_type":"day","laeq_window_db":51.0,"window_start":"2025-04-10","window_end":"2025-05-09","latest_observation_date":"2025-05-09","sample_count":2,"active_days":2,"window_days":30,"active_day_ratio":0.067,"represented_seconds":93600,"freshness_days":475,"freshness_status":"historical","source_dataset_id":"101813","source_updated_at":"2025-08-29 15:45:43","spatial_precision":"official_point","join_method":"station_id","weight_basis":["period_duration"],"built_at":"2026-08-27T00:00:00+00:00"}},{"type":"Feature","geometry":{"type":"Point","coordinates":[120.158311,22.978429]},"properties":{"station_id":"3533320EN028","station_name":"億載國小","station_type":"environment","station_type_raw":"一般地區環境音量","county":"臺南市","address":"臺南市安平區漁光里133號","station_status":"使用中","area_type":"第二類","feature_id":"3533320EN028:101813:evening","period_type":"evening","laeq_window_db":46.3,"window_start":"2025-04-10","window_end":"2025-05-09","latest_observation_date":"2025-05-09","sample_count":2,"active_days":2,"window_days":30,"active_day_ratio":0.067,"represented_seconds":14400,"freshness_days":475,"freshness_status":"historical","source_dataset_id":"101813","source_updated_at":"2025-08-29 15:45:43","spatial_precision":"official_point","join_method":"station_id","weight_basis":["period_duration"],"built_at":"2026-08-27T00:00:00+00:00"}},{"type":"Feature","geometry":{"type":"Point","coordinates":[120.158311,22.978429]},"properties":{"station_id":"3533320EN028","station_name":"億載國小","station_type":"environment","station_type_raw":"一般地區環境音量","county":"臺南市","address":"臺南市安平區漁光里133號","station_status":"使用中","area_type":"第二類","feature_id":"3533320EN028:101813:night","period_type":"night","laeq_window_db":44.8,"window_start":"2025-04-10","window_end":"2025-05-09","latest_observation_date":"2025-05-09","sample_count":2,"active_days":2,"window_days":30,"active_day_ratio":0.067,"represented_seconds":64800,"freshness_days":475,"freshness_status":"historical","source_dataset_id":"101813","source_updated_at":"2025-08-29 15:45:43","spatial_precision":"official_point","join_method":"station_id","weight_basis":["period_duration"],"built_at":"2026-08-27T00:00:00+00:00"}},{"type":"Feature","geometry":{"type":"Point","coordinates":[120.158736,22.990657]},"properties":{"station_id":"3533320EN030","station_name":"億載公園","station_type":"environment","station_type_raw":"一般地區環境音量","county":"臺南市","address":"臺南市安平區永華路二段1318號","station_status":"使用中","area_type":"第二類","feature_id":"3533320EN030:101813:day","period_type":"day","laeq_window_db":53.0,"window_start":"2025-04-10","window_end":"2025-05-09","latest_observation_date":"2025-05-09","sample_count":2,"active_days":2,"window_days":30,"active_day_ratio":0.067,"represented_seconds":93600,"freshness_days":475,"freshness_status":"historical","source_dataset_id":"101813","source_updated_at":"2025-08-29 15:45:43","spatial_precision":"official_point","join_method":"station_id","weight_basis":["period_duration"],"built_at":"2026-08-27T00:00:00+00:00"}},{"type":"Feature","geometry":{"type":"Point","coordinates":[120.158736,22.990657]},"properties":{"station_id":"3533320EN030","station_name":"億載公園","station_type":"environment","station_type_raw":"一般地區環境音量","county":"臺南市","address":"臺南市安平區永華路二段1318號","station_status":"使用中","area_type":"第二類","feature_id":"3533320EN030:101813:evening","period_type":"evening","laeq_window_db":43.6,"window_start":"2025-04-10","window_end":"2025-05-09","latest_observation_date":"2025-05-09","sample_count":2,"active_days":2,"window_days":30,"active_day_ratio":0.067,"represented_seconds":14400,"freshness_days":475,"freshness_status":"historical","source_dataset_id":"101813","source_updated_at":"2025-08-29 15:45:43","spatial_precision":"official_point","join_method":"station_id","weight_basis":["period_duration"],"built_at":"2026-08-27T00:00:00+00:00"}},{"type":"Feature","geometry":{"type":"Point","coordinates":[120.158736,22.990657]},"properties":{"station_id":"3533320EN030","station_name":"億載公園","station_type":"environment","station_type_raw":"一般地區環境音量","county":"臺南市","address":"臺南市安平區永華路二段1318號","station_status":"使用中","area_type":"第二類","feature_id":"3533320EN030:101813:night","period_type":"night","laeq_window_db":42.5,"window_start":"2025-04-10","window_end":"2025-05-09","latest_observation_date":"2025-05-09","sample_count":2,"active_days":2,"window_days":30,"active_day_ratio":0.067,"represented_seconds":64800,"freshness_days":475,"freshness_status":"historical","source_dataset_id":"101813","source_updated_at":"2025-08-29 15:45:43","spatial_precision":"official_point","join_method":"station_id","weight_basis":["period_duration"],"built_at":"2026-08-27T00:00:00+00:00"}},{"type":"Feature","geometry":{"type":"Point","coordinates":[120.176796,22.964783]},"properties":{"station_id":"3533320TN021","station_name":"安平污水廠","station_type":"road","station_type_raw":"道路交通噪音","county":"臺南市","address":"臺南市安平區新樂路71號","station_status":"使用中","area_type":"第一類","feature_id":"3533320TN021:unavailable","period_type":"unavailable","laeq_window_db":null,"window_start":null,"window_end":null,"latest_observation_date":null,"sample_count":0,"active_days":0,"window_days":30,"active_day_ratio":0.0,"represented_seconds":0,"freshness_days":null,"freshness_status":"unavailable","source_dataset_id":"28185","source_updated_at":"2026-08-27 01:07:58","spatial_precision":"official_point","join_method":"national_station_only","built_at":"2026-08-27T00:00:00+00:00"}},{"type":"Feature","geometry":{"type":"Point","coordinates":[120.36134,22.641937]},"properties":{"station_id":"3621520EN006","station_name":"鳳山文山路監測站","station_type":"environment","station_type_raw":"一般地區環境音量","county":"高雄市","address":"高雄市鳳山區文山路園藝巷4號","station_status":"使用中","area_type":"第二類","feature_id":"3621520EN006:unavailable","period_type":"unavailable","laeq_window_db":null,"window_start":null,"window_end":null,"latest_observation_date":null,"sample_count":0,"active_days":0,"window_days":30,"active_day_ratio":0.0,"represented_seconds":0,"freshness_days":null,"freshness_status":"unavailable","source_dataset_id":"28185","source_updated_at":"2026-08-27 01:07:58","spatial_precision":"official_point","join_method":"national_station_only","built_at":"2026-08-27T00:00:00+00:00"}},{"type":"Feature","geometry":{"type":"Point","coordinates":[120.360289,22.614209]},"properties":{"station_id":"3621520TN006","station_name":"鳳山國泰路監測站","station_type":"road","station_type_raw":"道路交通噪音","county":"高雄市","address":"高雄市鳳山區國泰路一段69巷1號","station_status":"使用中","area_type":"第二類","feature_id":"3621520TN006:unavailable","period_type":"unavailable","laeq_window_db":null,"window_start":null,"window_end":null,"latest_observation_date":null,"sample_count":0,"active_days":0,"window_days":30,"active_day_ratio":0.0,"represented_seconds":0,"freshness_days":null,"freshness_status":"unavailable","source_dataset_id":"28185","source_updated_at":"2026-08-27 01:07:58","spatial_precision":"official_point","join_method":"national_station_only","built_at":"2026-08-27T00:00:00+00:00"}},{"type":"Feature","geometry":{"type":"Point","coordinates":[120.351223,22.627598]},"properties":{"station_id":"3621520TN010","station_name":"鳳山中山西路監測站","station_type":"road","station_type_raw":"道路交通噪音","county":"高雄市","address":"高雄市鳳山區中山西路154-6號","station_status":"使用中","area_type":"第三類","feature_id":"3621520TN010:unavailable","period_type":"unavailable","laeq_window_db":null,"window_start":null,"window_end":null,"latest_observation_date":null,"sample_count":0,"active_days":0,"window_days":30,"active_day_ratio":0.0,"represented_seconds":0,"freshness_days":null,"freshness_status":"unavailable","source_dataset_id":"28185","source_updated_at":"2026-08-27 01:07:58","spatial_precision":"official_point","join_method":"national_station_only","built_at":"2026-08-27T00:00:00+00:00"}},{"type":"Feature","geometry":{"type":"Point","coordinates":[120.340247,22.726553]},"properties":{"station_id":"3622320TN012","station_name":"大社工業區監測站","station_type":"road","station_type_raw":"道路交通噪音","county":"高雄市","address":"高雄市大社區建經路5號","station_status":"使用中","area_type":"第一類","feature_id":"3622320TN012:unavailable","period_type":"unavailable","laeq_window_db":null,"window_start":null,"window_end":null,"latest_observation_date":null,"sample_count":0,"active_days":0,"window_days":30,"active_day_ratio":0.0,"represented_seconds":0,"freshness_days":null,"freshness_status":"unavailable","source_dataset_id":"28185","source_updated_at":"2026-08-27 01:07:58","spatial_precision":"official_point","join_method":"national_station_only","built_at":"2026-08-27T00:00:00+00:00"}},{"type":"Feature","geometry":null,"properties":{"station_id":"3634620EN009","station_name":"七賢監測站","station_type":"environment","station_type_raw":"一般地區環境音量","county":"高雄市","address":"高雄市鹽埕區大安街3-11號","station_status":"使用中","area_type":"第三類","feature_id":"3634620EN009:unavailable","period_type":"unavailable","laeq_window_db":null,"window_start":null,"window_end":null,"latest_observation_date":null,"sample_count":0,"active_days":0,"window_days":30,"active_day_ratio":0.0,"represented_seconds":0,"freshness_days":null,"freshness_status":"unavailable","source_dataset_id":"28185","source_updated_at":"2026-08-27 01:07:58","spatial_precision":"missing_coordinate","join_method":"national_station_only","built_at":"2026-08-27T00:00:00+00:00"}},{"type":"Feature","geometry":{"type":"Point","coordinates":[120.261616,22.644997]},"properties":{"station_id":"3634720EN001","station_name":"壽山監測站","station_type":"environment","station_type_raw":"一般地區環境音量","county":"高雄市","address":"高雄市鼓山區桃源里93-1號","station_status":"使用中","area_type":"第一類","feature_id":"3634720EN001:unavailable","period_type":"unavailable","laeq_window_db":null,"window_start":null,"window_end":null,"latest_observation_date":null,"sample_count":0,"active_days":0,"window_days":30,"active_day_ratio":0.0,"represented_seconds":0,"freshness_days":null,"freshness_status":"unavailable","source_dataset_id":"28185","source_updated_at":"2026-08-27 01:07:58","spatial_precision":"official_point","join_method":"national_station_only","built_at":"2026-08-27T00:00:00+00:00"}},{"type":"Feature","geometry":{"type":"Point","coordinates":[120.279844,22.644739]},"properties":{"station_id":"3634720EN002","station_name":"鼓山監測站","station_type":"environment","station_type_raw":"一般地區環境音量","county":"高雄市","address":"高雄市鼓山區鼓山路115巷4號","station_status":"使用中","area_type":"第一類","feature_id":"3634720EN002:unavailable","period_type":"unavailable","laeq_window_db":null,"window_start":null,"window_end":null,"latest_observation_date":null,"sample_count":0,"active_days":0,"window_days":30,"active_day_ratio":0.0,"represented_seconds":0,"freshness_days":null,"freshness_status":"unavailable","source_dataset_id":"28185","source_updated_at":"2026-08-27 01:07:58","spatial_precision":"official_point","join_method":"national_station_only","built_at":"2026-08-27T00:00:00+00:00"}},{"type":"Feature","geometry":{"type":"Point","coordinates":[120.277242,22.632253]},"properties":{"station_id":"3634720EN005","station_name":"文化監測站","station_type":"environment","station_type_raw":"一般地區環境音量","county":"高雄市","address":"高雄市鼓山區鼓三二路37巷101號","station_status":"使用中","area_type":"第二類","feature_id":"3634720EN005:unavailable","period_type":"unavailable","laeq_window_db":null,"window_start":null,"window_end":null,"latest_observation_date":null,"sample_count":0,"active_days":0,"window_days":30,"active_day_ratio":0.0,"represented_seconds":0,"freshness_days":null,"freshness_status":"unavailable","source_dataset_id":"28185","source_updated_at":"2026-08-27 01:07:58","spatial_precision":"official_point","join_method":"national_station_only","built_at":"2026-08-27T00:00:00+00:00"}},{"type":"Feature","geometry":{"type":"Point","coordinates":[120.265864,22.625152]},"properties":{"station_id":"3634720TN001","station_name":"西子灣監測站","station_type":"road","station_type_raw":"道路交通噪音","county":"高雄市","address":"高雄市鼓山區蓮海路170號","station_status":"使用中","area_type":"第一類","feature_id":"3634720TN001:unavailable","period_type":"unavailable","laeq_window_db":null,"window_start":null,"window_end":null,"latest_observation_date":null,"sample_count":0,"active_days":0,"window_days":30,"active_day_ratio":0.0,"represented_seconds":0,"freshness_days":null,"freshness_status":"unavailable","source_dataset_id":"28185","source_updated_at":"2026-08-27 01:07:58","spatial_precision":"official_point","join_method":"national_station_only","built_at":"2026-08-27T00:00:00+00:00"}},{"type":"Feature","geometry":{"type":"Point","coordinates":[120.31909,22.702365]},"properties":{"station_id":"3634820EN012","station_name":"半屏山監測站","station_type":"environment","station_type_raw":"一般地區環境音量","county":"高雄市","address":"高雄市楠梓區屏山巷一號","station_status":"使用中","area_type":"第一類","feature_id":"3634820EN012:unavailable","period_type":"unavailable","laeq_window_db":null,"window_start":null,"window_end":null,"latest_observation_date":null,"sample_count":0,"active_days":0,"window_days":30,"active_day_ratio":0.0,"represented_seconds":0,"freshness_days":null,"freshness_status":"unavailable","source_dataset_id":"28185","source_updated_at":"2026-08-27 01:07:58","spatial_precision":"official_point","join_method":"national_station_only","built_at":"2026-08-27T00:00:00+00:00"}},{"type":"Feature","geometry":{"type":"Point","coordinates":[120.294499,22.68439]},"properties":{"station_id":"3634820TN002","station_name":"環潭監測站","station_type":"road","station_type_raw":"道路交通噪音","county":"高雄市","address":"高雄市左營區蓮潭路176號","station_status":"使用中","area_type":"第一類","feature_id":"3634820TN002:unavailable","period_type":"unavailable","laeq_window_db":null,"window_start":null,"window_end":null,"latest_observation_date":null,"sample_count":0,"active_days":0,"window_days":30,"active_day_ratio":0.0,"represented_seconds":0,"freshness_days":null,"freshness_status":"unavailable","source_dataset_id":"28185","source_updated_at":"2026-08-27 01:07:58","spatial_precision":"official_point","join_method":"national_station_only","built_at":"2026-08-27T00:00:00+00:00"}},{"type":"Feature","geometry":{"type":"Point","coordinates":[120.308769,22.712718]},"properties":{"station_id":"3634920TN011","station_name":"楠梓監測站","station_type":"road","station_type_raw":"道路交通噪音","county":"高雄市","address":"高雄市楠梓區左楠路2號","station_status":"使用中","area_type":"第一類","feature_id":"3634920TN011:unavailable","period_type":"unavailable","laeq_window_db":null,"window_start":null,"window_end":null,"latest_observation_date":null,"sample_count":0,"active_days":0,"window_days":30,"active_day_ratio":0.0,"represented_seconds":0,"freshness_days":null,"freshness_status":"unavailable","source_dataset_id":"28185","source_updated_at":"2026-08-27 01:07:58","spatial_precision":"official_point","join_method":"national_station_only","built_at":"2026-08-27T00:00:00+00:00"}},{"type":"Feature","geometry":{"type":"Point","coordinates":[120.337629,22.643502]},"properties":{"station_id":"3635020TN003","station_name":"義華監測站","station_type":"road","station_type_raw":"道路交通噪音","county":"高雄市","address":"高雄市三民區義華路272號","station_status":"使用中","area_type":"第二類","feature_id":"3635020TN003:unavailable","period_type":"unavailable","laeq_window_db":null,"window_start":null,"window_end":null,"latest_observation_date":null,"sample_count":0,"active_days":0,"window_days":30,"active_day_ratio":0.0,"represented_seconds":0,"freshness_days":null,"freshness_status":"unavailable","source_dataset_id":"28185","source_updated_at":"2026-08-27 01:07:58","spatial_precision":"official_point","join_method":"national_station_only","built_at":"2026-08-27T00:00:00+00:00"}},{"type":"Feature","geometry":{"type":"Point","coordinates":[120.315485,22.653334]},"properties":{"station_id":"3635020TN007","station_name":"民族監測站","station_type":"road","station_type_raw":"道路交通噪音","county":"高雄市","address":"高雄市三民區民族一路418號","station_status":"使用中","area_type":"第三類","feature_id":"3635020TN007:unavailable","period_type":"unavailable","laeq_window_db":null,"window_start":null,"window_end":null,"latest_observation_date":null,"sample_count":0,"active_days":0,"window_days":30,"active_day_ratio":0.0,"represented_seconds":0,"freshness_days":null,"freshness_status":"unavailable","source_dataset_id":"28185","source_updated_at":"2026-08-27 01:07:58","spatial_precision":"official_point","join_method":"national_station_only","built_at":"2026-08-27T00:00:00+00:00"}},{"type":"Feature","geometry":{"type":"Point","coordinates":[120.305958,22.633372]},"properties":{"station_id":"3635120EN008","station_name":"十全監測站","station_type":"environment","station_type_raw":"一般地區環境音量","county":"高雄市","address":"高雄市新興區忠孝一路331號","station_status":"使用中","area_type":"第三類","feature_id":"3635120EN008:unavailable","period_type":"unavailable","laeq_window_db":null,"window_start":null,"window_end":null,"latest_observation_date":null,"sample_count":0,"active_days":0,"window_days":30,"active_day_ratio":0.0,"represented_seconds":0,"freshness_days":null,"freshness_status":"unavailable","source_dataset_id":"28185","source_updated_at":"2026-08-27 01:07:58","spatial_precision":"official_point","join_method":"national_station_only","built_at":"2026-08-27T00:00:00+00:00"}},{"type":"Feature","geometry":{"type":"Point","coordinates":[120.294277,22.627554]},"properties":{"station_id":"3635220EN007","station_name":"新興監測站","station_type":"environment","station_type_raw":"一般地區環境音量","county":"高雄市","address":"高雄市中前金區自強二路169號","station_status":"使用中","area_type":"第三類","feature_id":"3635220EN007:unavailable","period_type":"unavailable","laeq_window_db":null,"window_start":null,"window_end":null,"latest_observation_date":null,"sample_count":0,"active_days":0,"window_days":30,"active_day_ratio":0.0,"represented_seconds":0,"freshness_days":null,"freshness_status":"unavailable","source_dataset_id":"28185","source_updated_at":"2026-08-27 01:07:58","spatial_precision":"official_point","join_method":"national_station_only","built_at":"2026-08-27T00:00:00+00:00"}},{"type":"Feature","geometry":{"type":"Point","coordinates":[120.286877,22.631431]},"properties":{"station_id":"3635220TN004","station_name":"前金監測站","station_type":"road","station_type_raw":"道路交通噪音","county":"高雄市","address":"高雄市前金區河東路359號","station_status":"使用中","area_type":"第二類","feature_id":"3635220TN004:unavailable","period_type":"unavailable","laeq_window_db":null,"window_start":null,"window_end":null,"latest_observation_date":null,"sample_count":0,"active_days":0,"window_days":30,"active_day_ratio":0.0,"represented_seconds":0,"freshness_days":null,"freshness_status":"unavailable","source_dataset_id":"28185","source_updated_at":"2026-08-27 01:07:58","spatial_precision":"official_point","join_method":"national_station_only","built_at":"2026-08-27T00:00:00+00:00"}},{"type":"Feature","geometry":{"type":"Point","coordinates":[120.3302,22.633085]},"properties":{"station_id":"3635320EN003","station_name":"河東監測站","station_type":"environment","station_type_raw":"一般地區環境音量","county":"高雄市","address":"高雄市苓雅區建國一路142號","station_status":"使用中","area_type":"第二類","feature_id":"3635320EN003:unavailable","period_type":"unavailable","laeq_window_db":null,"window_start":null,"window_end":null,"latest_observation_date":null,"sample_count":0,"active_days":0,"window_days":30,"active_day_ratio":0.0,"represented_seconds":0,"freshness_days":null,"freshness_status":"unavailable","source_dataset_id":"28185","source_updated_at":"2026-08-27 01:07:58","spatial_precision":"official_point","join_method":"national_station_only","built_at":"2026-08-27T00:00:00+00:00"}},{"type":"Feature","geometry":{"type":"Point","coordinates":[120.328038,22.632352]},"properties":{"station_id":"3635320TN005","station_name":"苓雅監測站","station_type":"road","station_type_raw":"道路交通噪音","county":"高雄市","address":"高雄市苓雅區福德一路77號","station_status":"使用中","area_type":"第二類","feature_id":"3635320TN005:unavailable","period_type":"unavailable","laeq_window_db":null,"window_start":null,"window_end":null,"latest_observation_date":null,"sample_count":0,"active_days":0,"window_days":30,"active_day_ratio":0.0,"represented_seconds":0,"freshness_days":null,"freshness_status":"unavailable","source_dataset_id":"28185","source_updated_at":"2026-08-27 01:07:58","spatial_precision":"official_point","join_method":"national_station_only","built_at":"2026-08-27T00:00:00+00:00"}},{"type":"Feature","geometry":{"type":"Point","coordinates":[120.322191,22.620003]},"properties":{"station_id":"3635320TN008","station_name":"福德監測站","station_type":"road","station_type_raw":"道路交通噪音","county":"高雄市","address":"高雄市苓雅區三多二路102號","station_status":"使用中","area_type":"第三類","feature_id":"3635320TN008:unavailable","period_type":"unavailable","laeq_window_db":null,"window_start":null,"window_end":null,"latest_observation_date":null,"sample_count":0,"active_days":0,"window_days":30,"active_day_ratio":0.0,"represented_seconds":0,"freshness_days":null,"freshness_status":"unavailable","source_dataset_id":"28185","source_updated_at":"2026-08-27 01:07:58","spatial_precision":"official_point","join_method":"national_station_only","built_at":"2026-08-27T00:00:00+00:00"}},{"type":"Feature","geometry":{"type":"Point","coordinates":[120.321788,22.629322]},"properties":{"station_id":"3635320TN009","station_name":"凱旋監測站","station_type":"road","station_type_raw":"道路交通噪音","county":"高雄市","address":"高雄市苓雅區凱旋二路145號","station_status":"使用中","area_type":"第三類","feature_id":"3635320TN009:unavailable","period_type":"unavailable","laeq_window_db":null,"window_start":null,"window_end":null,"latest_observation_date":null,"sample_count":0,"active_days":0,"window_days":30,"active_day_ratio":0.0,"represented_seconds":0,"freshness_days":null,"freshness_status":"unavailable","source_dataset_id":"28185","source_updated_at":"2026-08-27 01:07:58","spatial_precision":"official_point","join_method":"national_station_only","built_at":"2026-08-27T00:00:00+00:00"}},{"type":"Feature","geometry":{"type":"Point","coordinates":[120.287461,22.607593]},"properties":{"station_id":"3635420EN011","station_name":"前鎮監測站","station_type":"environment","station_type_raw":"一般地區環境音量","county":"高雄市","address":"高雄市前鎮區北一路七號","station_status":"使用中","area_type":"第一類","feature_id":"3635420EN011:unavailable","period_type":"unavailable","laeq_window_db":null,"window_start":null,"window_end":null,"latest_observation_date":null,"sample_count":0,"active_days":0,"window_days":30,"active_day_ratio":0.0,"represented_seconds":0,"freshness_days":null,"freshness_status":"unavailable","source_dataset_id":"28185","source_updated_at":"2026-08-27 01:07:58","spatial_precision":"official_point","join_method":"national_station_only","built_at":"2026-08-27T00:00:00+00:00"}},{"type":"Feature","geometry":{"type":"Point","coordinates":[120.287241,22.586059]},"properties":{"station_id":"3635520EN010","station_name":"旗津監測站","station_type":"environment","station_type_raw":"一般地區環境音量","county":"高雄市","address":"高雄市旗津區旗津二路455號","station_status":"使用中","area_type":"第三類","feature_id":"3635520EN010:unavailable","period_type":"unavailable","laeq_window_db":null,"window_start":null,"window_end":null,"latest_observation_date":null,"sample_count":0,"active_days":0,"window_days":30,"active_day_ratio":0.0,"represented_seconds":0,"freshness_days":null,"freshness_status":"unavailable","source_dataset_id":"28185","source_updated_at":"2026-08-27 01:07:58","spatial_precision":"official_point","join_method":"national_station_only","built_at":"2026-08-27T00:00:00+00:00"}},{"type":"Feature","geometry":{"type":"Point","coordinates":[120.342951,22.526432]},"properties":{"station_id":"3635620EN004","station_name":"大林蒲監測站","station_type":"environment","station_type_raw":"一般地區環境音量","county":"高雄市","address":"高雄市小港區鳳林路207號","station_status":"使用中","area_type":"第二類","feature_id":"3635620EN004:unavailable","period_type":"unavailable","laeq_window_db":null,"window_start":null,"window_end":null,"latest_observation_date":null,"sample_count":0,"active_days":0,"window_days":30,"active_day_ratio":0.0,"represented_seconds":0,"freshness_days":null,"freshness_status":"unavailable","source_dataset_id":"28185","source_updated_at":"2026-08-27 01:07:58","spatial_precision":"official_point","join_method":"national_station_only","built_at":"2026-08-27T00:00:00+00:00"}}]}
