{"type":"FeatureCollection","features":[{"type":"Feature","properties":{"area_code":"09007","area_name":"連江縣"},"geometry":{"type":"MultiPolygon","coordinates":[[[[119.964467183,25.945743053000054],[119.96427530500011,25.945485809000047],[119.96414523200008,25.945515845000045],[119.964467183,25.945743053000054]]],[[[119.96443150800008,25.946937115000026],[119.9646368650001,25.94675142700004],[119.96421292900004,25.94681984600004],[119.96443150800008,25.946937115000026]]],[[[119.96347055100011,25.946988771000065],[119.96385017200008,25.94503806000006],[119.96470703500006,25.944247309000048],[119.96415459900004,25.942647573000045],[119.96142043200008,25.94100260500005],[119.960923191,25.94237516800007],[119.96298971300008,25.945162410000023],[119.96204671900011,25.945463888000063],[119.96347055100011,25.946988771000065]]],[[[119.98487379700008,25.964369489000035],[119.98477241000012,25.964337859000068],[119.98485026100002,25.964424140000062],[119.98487379700008,25.964369489000035]]],[[[119.98566025000002,25.964645958000062],[119.9853730750001,25.96484228900005],[119.98587407900004,25.96475502800007],[119.98566025000002,25.964645958000062]]],[[[119.98897834600008,25.97082246100007],[119.99008635500002,25.97003068500004],[119.98802211400005,25.96995349900004],[119.98897834600008,25.97082246100007]]],[[[119.98484503500003,25.970585649000043],[119.98798188100012,25.970362520000037],[119.98735775500006,25.968858116000035],[119.98859853500004,25.968127252000045],[119.98368199400012,25.964210948000073],[119.98493838900004,25.962503343000037],[119.97856721800008,25.95965306200003],[119.97895571600009,25.95619546100005],[119.97468432000004,25.955272184000023],[119.97393807600008,25.953327882000053],[119.97148143100004,25.956622595000056],[119.96742712200012,25.95126323900007],[119.965296404,25.95098291900007],[119.96494307500008,25.94920612500005],[119.96301804900008,25.948693916000025],[119.96045483300009,25.95017339800006],[119.9621644450001,25.95012476200003],[119.96559722800008,25.95626291300005],[119.96501046500008,25.95823546400004],[119.96345736700005,25.95780824400003],[119.96219541000004,25.958108037000045],[119.96624833300008,25.958402724000052],[119.9695445000001,25.960453663000067],[119.97148630400012,25.96409122800003],[119.9715209740001,25.967057054000065],[119.97832903700008,25.968506975000025],[119.97850951400004,25.967190612000024],[119.98184115000004,25.966465373000062],[119.98304676400004,25.96724888600005],[119.98199121800008,25.969018138000024],[119.98484503500003,25.970585649000043]]],[[[119.97621405600012,25.972351309000032],[119.97628008700008,25.972392356000057],[119.97628901000007,25.972376293000025],[119.97621405600012,25.972351309000032]]],[[[119.96472544700008,25.97245666000003],[119.96420326600004,25.972426460000065],[119.96476333600005,25.972587559000033],[119.96472544700008,25.97245666000003]]],[[[119.97659060700003,25.97303837900006],[119.97662986900002,25.973013394000077],[119.97657097800004,25.972993763000034],[119.97659060700003,25.97303837900006]]],[[[119.97420801500004,25.97309900700003],[119.974133219,25.973156163000056],[119.97425100100008,25.97311511600003],[119.97420801500004,25.97309900700003]]],[[[119.9774382920001,25.974018122000075],[119.97735976800004,25.974034182000025],[119.97744007600012,25.97408593800003],[119.9774382920001,25.974018122000075]]],[[[119.97754358300006,25.974171599000044],[119.97756856900004,25.97420372100004],[119.97757035200004,25.97418409000005],[119.97754358300006,25.974171599000044]]],[[[119.96747299800006,25.974419727000058],[119.96730536000008,25.974179238000033],[119.96728779900002,25.974200905000032],[119.96747299800006,25.974419727000058]]],[[[119.96524618400008,25.97440130900003],[119.96485767900003,25.974372482000035],[119.96487709100006,25.97452104300004],[119.96524618400008,25.97440130900003]]],[[[119.96522635800012,25.974698442000033],[119.96543205700004,25.97456193100004],[119.96531186400011,25.974380428000075],[119.96522635800012,25.974698442000033]]],[[[119.96626421400003,25.97494383000003],[119.966176022,25.974882232000027],[119.9661787120001,25.97492641300005],[119.96626421400003,25.97494383000003]]],[[[119.96642879500008,25.97501745300008],[119.96638002800012,25.97489195000003],[119.96631594200004,25.97492899300005],[119.96642879500008,25.97501745300008]]],[[[119.96667421900008,25.974673546000076],[119.96720879300004,25.97168572100003],[119.964384042,25.971150886000032],[119.96530441200002,25.972863222000058],[119.96494526100004,25.974127317000068],[119.96667421900008,25.974673546000076]]],[[[119.97648174700008,25.97524770900003],[119.97642820800002,25.97520309400005],[119.976429993,25.97524235500003],[119.97648174700008,25.97524770900003]]],[[[119.9664227510001,25.97525957700003],[119.966330566,25.97524185100008],[119.966428037,25.97529767100008],[119.9664227510001,25.97525957700003]]],[[[119.97652814600008,25.975304815000072],[119.97664057500003,25.97528697000007],[119.97658525300004,25.97518881800005],[119.97652814600008,25.975304815000072]]],[[[119.96626263100006,25.975176953000073],[119.96593972700008,25.975105753000037],[119.96598130600012,25.975310139000044],[119.96626263100006,25.975176953000073]]],[[[119.9750040990001,25.97537619800005],[119.974975545,25.97529767700007],[119.974959484,25.975356568000052],[119.9750040990001,25.97537619800005]]],[[[119.96646458100008,25.97533952200007],[119.96640922100003,25.975356031000047],[119.96650350900006,25.97539681400008],[119.96646458100008,25.97533952200007]]],[[[119.96591250300004,25.975309507000077],[119.96578030300007,25.97528214600004],[119.96578451300002,25.97540327400003],[119.96591250300004,25.975309507000077]]],[[[119.97681903600004,25.975449368000056],[119.9769528810001,25.97522629400004],[119.97672088400007,25.975256631000036],[119.97681903600004,25.975449368000056]]],[[[119.96698335800012,25.975366310000027],[119.96657838700004,25.975166390000027],[119.966918275,25.975450962000025],[119.96698335800012,25.975366310000027]]],[[[119.97511652800006,25.97557607400006],[119.9750255140001,25.97548149000005],[119.97499874500012,25.97558321200006],[119.97511652800006,25.97557607400006]]],[[[119.92021500100007,25.975158543000077],[119.91939313800005,25.975156532000028],[119.920302654,25.97567814300004],[119.92021500100007,25.975158543000077]]],[[[119.96589573900008,25.97570197600004],[119.9658181640001,25.975599755000076],[119.96583604500006,25.975709495000046],[119.96589573900008,25.97570197600004]]],[[[119.97519861900004,25.97577237900003],[119.97528785000009,25.97563496500004],[119.97515400500004,25.975622473000044],[119.97519861900004,25.97577237900003]]],[[[119.96594249400005,25.975635795000073],[119.96664844500005,25.97564625700005],[119.96629821100008,25.975245838000035],[119.96594249400005,25.975635795000073]]],[[[119.97578575300008,25.975920501000076],[119.97728303200006,25.974100214000032],[119.97398509700008,25.970256195000047],[119.974443736,25.974792636000075],[119.97578575300008,25.975920501000076]]],[[[119.97581787500008,25.97606683600003],[119.97599990400012,25.975908008000033],[119.9757607680001,25.975965116000054],[119.97581787500008,25.97606683600003]]],[[[119.96592700200006,25.976002884000025],[119.966100503,25.97624230900004],[119.96614979900004,25.97610682100003],[119.96592700200006,25.976002884000025]]],[[[119.97561264700003,25.97659150800007],[119.97570723100011,25.976523694000036],[119.97563227800003,25.97652904700004],[119.97561264700003,25.97659150800007]]],[[[119.97596956700012,25.97610966800005],[119.97657811500004,25.97662720100004],[119.97676728200008,25.976443388000064],[119.97596956700012,25.97610966800005]]],[[[119.9221607720001,25.976742517000048],[119.92172100700007,25.976314400000035],[119.92178605800008,25.977052550000053],[119.9221607720001,25.976742517000048]]],[[[119.94712372300012,25.977143416000047],[119.94687518800004,25.97687285200004],[119.94684232500003,25.977168249000044],[119.94712372300012,25.977143416000047]]],[[[119.92199501000005,25.97737982700005],[119.92171271100005,25.97727300300005],[119.9217442580001,25.977465749000032],[119.92199501000005,25.97737982700005]]],[[[119.94706102900012,25.977348371000065],[119.94692469600012,25.977470519000065],[119.94708335300004,25.977459759000055],[119.94706102900012,25.977348371000065]]],[[[119.9471873870001,25.977688210000053],[119.94706814000006,25.977610665000043],[119.94705445400008,25.97773856400005],[119.9471873870001,25.977688210000053]]],[[[119.92226920700011,25.978339964000043],[119.92197356400004,25.977941658000077],[119.921854552,25.97809105700003],[119.92226920700011,25.978339964000043]]],[[[119.99200348800002,25.98069638800007],[119.99175153200008,25.980748299000027],[119.99204319000012,25.980745434000028],[119.99200348800002,25.98069638800007]]],[[[119.948340185,25.981259432000055],[119.94824718100006,25.98130953100008],[119.94849106200002,25.98139200600008],[119.948340185,25.981259432000055]]],[[[119.94819907300008,25.98139164300005],[119.94812294500002,25.98141557200006],[119.9482095620001,25.981456509000058],[119.94819907300008,25.98139164300005]]],[[[119.992465282,25.981492157000048],[119.99195542700012,25.98135563300008],[119.991923691,25.98138961500007],[119.992465282,25.981492157000048]]],[[[119.9482151310001,25.981651759000044],[119.94817693800007,25.98163394200003],[119.94817266200003,25.981650858000023],[119.9482151310001,25.981651759000044]]],[[[119.99252850800008,25.98195822300005],[119.99238902000002,25.98178827600003],[119.99234252100008,25.981867476000048],[119.99252850800008,25.98195822300005]]],[[[119.94619277100004,25.982068973000025],[119.94604705400002,25.981950118000043],[119.94601096800012,25.98201013700003],[119.94619277100004,25.982068973000025]]],[[[119.94077483500008,25.982208581000062],[119.94061243300008,25.982270043000028],[119.94082192800012,25.982350328000052],[119.94077483500008,25.982208581000062]]],[[[119.9449336130001,25.98235466600005],[119.94482068400008,25.982314122000048],[119.9448429790001,25.982380481000064],[119.9449336130001,25.98235466600005]]],[[[119.94632506300002,25.982351949000076],[119.94621355700008,25.98237278600004],[119.946337265,25.982425231000036],[119.94632506300002,25.982351949000076]]],[[[119.946778579,25.98245925500004],[119.946330847,25.982047909000073],[119.94628275600007,25.982051669000043],[119.946778579,25.98245925500004]]],[[[119.94459470200002,25.982095240000035],[119.94507571500004,25.980681326000024],[119.94801207900002,25.981714672000063],[119.94771857600006,25.97816276800006],[119.9464167430001,25.978054588000077],[119.94654842200008,25.97693932000004],[119.94194042700008,25.972922829000023],[119.93849014600003,25.97338390400006],[119.93720289600004,25.971778330000063],[119.93831708900008,25.970675253000024],[119.93393566900012,25.96748152500004],[119.93155727600004,25.967472073000067],[119.93330640200008,25.970002021000028],[119.93053138100004,25.971873851000055],[119.92882618100008,25.970964457000036],[119.928858525,25.97253874200004],[119.92401063700004,25.97923679200005],[119.92690543100002,25.981647415000054],[119.93163313400008,25.98162462500005],[119.9334052690001,25.97996998000008],[119.93729082000004,25.98175315900005],[119.93886370000008,25.98068315100005],[119.94001491100003,25.98199586900006],[119.94459470200002,25.982095240000035]]],[[[119.94467441000006,25.982682943000043],[119.9448447420001,25.982464187000065],[119.944802105,25.98244511000007],[119.94467441000006,25.982682943000043]]],[[[119.99310047100003,25.982749874000035],[119.99198693800008,25.982401752000044],[119.99286121400009,25.982881098000064],[119.99310047100003,25.982749874000035]]],[[[119.94380742600003,25.98275246000003],[119.94355756700008,25.98277381300005],[119.94356466600004,25.98289716900007],[119.94380742600003,25.98275246000003]]],[[[119.94483216700009,25.98311659500007],[119.94456062800008,25.982903057000044],[119.944445814,25.983055036000053],[119.94483216700009,25.98311659500007]]],[[[119.95796265600006,26.081126960000063],[119.95772847600006,26.08098694800003],[119.95776564700007,26.08113811100003],[119.95796265600006,26.081126960000063]]],[[[119.964402747,26.085645576000047],[119.96426176400009,26.085693759000037],[119.96441345500013,26.08573658900008],[119.964402747,26.085645576000047]]],[[[119.96351375000006,26.085351048000064],[119.964145765,26.08575800600005],[119.96414282400008,26.085489065000047],[119.96351375000006,26.085351048000064]]],[[[119.9613598310001,26.08612974400006],[119.96134555300011,26.086083347000056],[119.9613330630001,26.086127961000045],[119.9613598310001,26.08612974400006]]],[[[119.96180972000002,26.086177392000025],[119.96194178100006,26.08614170100003],[119.96181328900002,26.086107792000064],[119.96180972000002,26.086177392000025]]],[[[119.96275199100012,26.086277327000065],[119.96274306600004,26.08516731000003],[119.96154916400008,26.084997779000048],[119.96137606000002,26.08602035100006],[119.96275199100012,26.086277327000065]]],[[[119.96173970900008,26.086310687000037],[119.96170602900008,26.086279813000033],[119.96170602900008,26.086321913000063],[119.96173970900008,26.086310687000037]]],[[[119.962987558,26.086341571000048],[119.96294472800004,26.086291604000053],[119.96292152800004,26.08630766500005],[119.962987558,26.086341571000048]]],[[[119.96226122500002,26.086345142000027],[119.96212202600007,26.086222005000025],[119.96202387200005,26.086275545000035],[119.96226122500002,26.086345142000027]]],[[[119.96172032200002,26.086643706000075],[119.96163109300004,26.086600877000024],[119.96164001600005,26.08664192200007],[119.96172032200002,26.086643706000075]]],[[[119.96144192600002,26.08680789000005],[119.96138838700006,26.086750782000024],[119.96138303400004,26.086777553000047],[119.96144192600002,26.08680789000005]]],[[[119.9612777430001,26.08699884200007],[119.96136697300004,26.086888196000075],[119.96127952600013,26.086959582000077],[119.9612777430001,26.08699884200007]]],[[[119.96129202000007,26.087320069000043],[119.96144192600002,26.087041672000055],[119.96111713000003,26.08718801000003],[119.96129202000007,26.087320069000043]]],[[[119.96195053800012,26.087400372000047],[119.96207724400006,26.087364681000057],[119.961927338,26.08737003500005],[119.96195053800012,26.087400372000047]]],[[[119.96135805100003,26.087518157000034],[119.9617417390001,26.087209423000047],[119.96128131400008,26.08740929700008],[119.96135805100003,26.087518157000034]]],[[[119.96534643100006,26.091312578000043],[119.96530181700008,26.09117516400005],[119.96526434100008,26.091259040000068],[119.96534643100006,26.091312578000043]]],[[[119.96551061300012,26.091400023000062],[119.96544279900002,26.09130544000004],[119.96547313700012,26.091400023000062],[119.96551061300012,26.091400023000062]]],[[[119.96516797200002,26.091735527000026],[119.96535892300004,26.09171946600003],[119.96546599700002,26.091690913000036],[119.96516797200002,26.091735527000026]]],[[[119.9652518470001,26.091840819000023],[119.96592999100004,26.091851526000028],[119.96586931500008,26.09166414400005],[119.9652518470001,26.091840819000023]]],[[[119.97385689500004,26.11572135800003],[119.97432981000009,26.115821296000036],[119.97424772000012,26.115394777000063],[119.97385689500004,26.11572135800003]]],[[[119.9726719250001,26.116759993000073],[119.97314662600002,26.116595810000035],[119.9729538900001,26.116310274000057],[119.9726719250001,26.116759993000073]]],[[[119.96437339800002,26.14402134900007],[119.9647267470001,26.144168877000027],[119.96471960800012,26.14404395500003],[119.96437339800002,26.14402134900007]]],[[[119.965334696,26.14473043200007],[119.965244277,26.144748278000066],[119.96532160800008,26.144806575000075],[119.965334696,26.14473043200007]]],[[[119.96455542400008,26.14465190900006],[119.96528948600007,26.14439373700003],[119.96461253200005,26.14425334700007],[119.96455542400008,26.14465190900006]]],[[[119.96503131400004,26.14506117800005],[119.96521215400004,26.14495172100004],[119.96506462800004,26.14490651200003],[119.96503131400004,26.14506117800005]]],[[[119.95590619400002,26.15091759300003],[119.95558710600004,26.150735375000068],[119.95555491100004,26.15076626700005],[119.95590619400002,26.15091759300003]]],[[[120.40323582100008,26.159041831000025],[120.40312518100006,26.157867570000064],[120.40475986900005,26.15804424600003],[120.40647844700004,26.155470867000076],[120.4028949750001,26.156486296000026],[120.40213473100005,26.157894338000062],[120.40323582100008,26.159041831000025]]],[[[119.97115366300012,26.161167942000077],[119.97103161500002,26.16114383300004],[119.97110989200009,26.16122648700008],[119.97115366300012,26.161167942000077]]],[[[119.97095501500009,26.16120557800008],[119.97083595600007,26.161188794000054],[119.97090756400009,26.161277763000044],[119.97095501500009,26.16120557800008]]],[[[119.97119518000012,26.16136046400004],[119.9711142320001,26.161314274000063],[119.971129968,26.161379245000035],[119.97119518000012,26.16136046400004]]],[[[119.97045330000005,26.161614153000073],[119.97032117700007,26.161629669000035],[119.97043967000002,26.161687139000037],[119.97045330000005,26.161614153000073]]],[[[119.97073331600006,26.161716040000044],[119.97059191100004,26.161553642000055],[119.97052108000004,26.161604960000034],[119.97073331600006,26.161716040000044]]],[[[119.97034382600008,26.16266607600005],[119.97023629500006,26.16260485600003],[119.970189365,26.16267190900004],[119.97034382600008,26.16266607600005]]],[[[119.97328718100005,26.16382690200004],[119.97358240500012,26.16375979000003],[119.973193777,26.163712179000072],[119.97328718100005,26.16382690200004]]],[[[119.97281620900004,26.16390332800006],[119.972745239,26.163795696000022],[119.9726884370001,26.16389046000006],[119.97281620900004,26.16390332800006]]],[[[119.96365764100004,26.163898877000065],[119.96397225500004,26.16369017100004],[119.96363259600004,26.16384683800004],[119.96365764100004,26.163898877000065]]],[[[119.97326278500007,26.16490102000006],[119.97304849700004,26.164916162000058],[119.97325472400009,26.165010239000026],[119.97326278500007,26.16490102000006]]],[[[119.9737719740001,26.165988136000067],[119.973674726,26.165922653000052],[119.97364788100003,26.165974713000026],[119.9737719740001,26.165988136000067]]],[[[119.97138688200005,26.168423570000073],[119.971269881,26.16841813300005],[119.97144755200009,26.168648951000023],[119.97138688200005,26.168423570000073]]],[[[119.96788417900008,26.168733992000057],[119.96579190000011,26.16650013900005],[119.96503418600004,26.16700165700007],[119.96788417900008,26.168733992000057]]],[[[119.97283651100008,26.168421505000023],[119.97233095700004,26.16582248900005],[119.973914873,26.166205003000073],[119.97272150700007,26.165875869000047],[119.97355614000004,26.16539629300007],[119.97242565400006,26.164998395000055],[119.97048987300002,26.161743915000045],[119.97072794500002,26.16722200600003],[119.97283651100008,26.168421505000023]]],[[[119.97234463900008,26.16880433400007],[119.97199222600013,26.16877561000007],[119.97234736000009,26.16891529800006],[119.97234463900008,26.16880433400007]]],[[[119.97373236600004,26.169028059000027],[119.97362860700002,26.168995659000075],[119.97365194400004,26.16909094500005],[119.97373236600004,26.169028059000027]]],[[[119.92892656600009,26.171917304000033],[119.92930689200011,26.17193681200007],[119.92896634200008,26.171671269000058],[119.92892656600009,26.171917304000033]]],[[[119.91703435300008,26.17517372100008],[119.91995470200004,26.175048331000028],[119.92029792000004,26.17284796900003],[119.92218733800009,26.171776867000062],[119.92828710900004,26.171989129000053],[119.92840266100006,26.16979134000007],[119.92582494300008,26.170085907000043],[119.92623642400008,26.167947307000077],[119.92388153000002,26.16461700900004],[119.9239318540001,26.16205264000007],[119.92795133900006,26.160183846000052],[119.9304826880001,26.162066851000077],[119.93146313900002,26.15998724800005],[119.93027725500008,26.16060421900005],[119.92987390900008,26.159406115000024],[119.93115085700003,26.15814482600007],[119.9349775390001,26.15953130400004],[119.93583195100008,26.15422689500008],[119.93730089200004,26.154299812000033],[119.94186731400008,26.158903275000057],[119.93962947800004,26.165839401000028],[119.9444029770001,26.164971781000077],[119.95116271900008,26.168211093000025],[119.95308112000008,26.167432742000074],[119.95361225400006,26.16420706300005],[119.95663183700005,26.167962158000023],[119.96066950400008,26.168300705000036],[119.96519288800005,26.166484383000068],[119.96289573500007,26.163748471000076],[119.96368695400008,26.16207484700004],[119.96250477300008,26.16146724200007],[119.96218669200005,26.158417522000036],[119.95942741500004,26.15755533600003],[119.9573040890001,26.15225120400004],[119.95530841700008,26.150733444000025],[119.9540224430001,26.15211352400007],[119.95158155400009,26.151461324000024],[119.95327559900012,26.15233442500005],[119.94996894800012,26.15354248700004],[119.94844314500006,26.152066853000065],[119.94876734500008,26.14855336900007],[119.946267443,26.14839321200003],[119.94651740400002,26.146729923000063],[119.94199418000004,26.143253247000075],[119.93803168700003,26.14288775700004],[119.93724660900013,26.145792078000056],[119.93444078800007,26.14568799900007],[119.93358816400008,26.143945084000052],[119.93200157,26.144548626000073],[119.92881946900002,26.14159088600007],[119.93041131200005,26.139785989000075],[119.92771257800008,26.13987181600004],[119.92442972300012,26.13778038600003],[119.92332918300008,26.138210099000048],[119.92436435800003,26.14094960600005],[119.92348032400004,26.14199708500007],[119.91683813500003,26.14108870000007],[119.91262091700004,26.14256536600004],[119.913035508,26.14525765900004],[119.91014023200012,26.144142962000046],[119.90890508100006,26.145344802000068],[119.91074668800002,26.14973517800007],[119.91515628000002,26.153260880000065],[119.91398291400004,26.154674257000067],[119.91767041300012,26.157894084000077],[119.91538659600008,26.16011012900003],[119.91250875500008,26.15958989300003],[119.91501518100006,26.162865141000054],[119.91759183000012,26.162689056000033],[119.91916499100012,26.167194278000068],[119.91516274500007,26.16944215600006],[119.91690943600008,26.17145295200004],[119.91563858300005,26.172618956000065],[119.91703435300008,26.17517372100008]]],[[[119.91828743400004,26.175496932000044],[119.91813643500008,26.175308590000043],[119.91799230600007,26.175553195000077],[119.91828743400004,26.175496932000044]]],[[[119.98051126500002,26.18728529400005],[119.98012277400004,26.18677044800006],[119.98009425200009,26.18733678700005],[119.98051126500002,26.18728529400005]]],[[[119.94912369700012,26.19520324900003],[119.947233073,26.194992573000036],[119.94905885700008,26.195574910000065],[119.94912369700012,26.19520324900003]]],[[[120.01291967500003,26.209678765000035],[120.01090728600002,26.210427722000077],[120.01259625700004,26.211658723000028],[120.01470489100008,26.211155129000076],[120.01291967500003,26.209678765000035]]],[[[120.01611578900008,26.21367802800006],[120.0152447160001,26.213337645000024],[120.01605831800008,26.213866147000033],[120.01611578900008,26.21367802800006]]],[[[120.01574226600007,26.213951708000025],[120.01550823400008,26.214120802000025],[120.01596182300013,26.21424255100004],[120.01574226600007,26.213951708000025]]],[[[120.01242536200004,26.21410505500006],[120.01355842100008,26.214127053000027],[120.0149951950001,26.21324721900004],[120.01208221200012,26.212581856000043],[120.01242536200004,26.21410505500006]]],[[[120.0157785780001,26.214345727000023],[120.015611239,26.214442579000035],[120.01583903700008,26.214431949000073],[120.0157785780001,26.214345727000023]]],[[[120.01199508200013,26.215692010000055],[120.01186560500004,26.21569271000004],[120.01196240900003,26.215796434000023],[120.01199508200013,26.215692010000055]]],[[[120.0485584060001,26.226031410000076],[120.04804427300007,26.22596750100007],[120.04853204100004,26.226308735000032],[120.0485584060001,26.226031410000076]]],[[[119.98332784000002,26.226648442000055],[119.98259435200008,26.226571489000037],[119.98318034300009,26.226950009000063],[119.98332784000002,26.226648442000055]]],[[[120.06311169800006,26.233715433000043],[120.06227027300008,26.233624505000023],[120.06300890600004,26.234045801000036],[120.06311169800006,26.233715433000043]]],[[[120.06233880500008,26.23806539000003],[120.061318668,26.23663344000005],[120.06068340900003,26.23691184200004],[120.0607907210001,26.23780851500004],[120.06233880500008,26.23806539000003]]],[[[119.99641999200004,26.238082768000027],[120.00006236500008,26.23798577900004],[120.00190898800008,26.233605648000037],[120.0040051200001,26.23479245200008],[120.00637637500006,26.234053612000025],[120.00529947000008,26.230248450000033],[120.00647748900008,26.227854535000063],[120.00364636300004,26.22364895900006],[120.00574849600002,26.223312083000053],[120.00656378300005,26.226503094000066],[120.0104956560001,26.228458515000057],[120.01538594300008,26.227786567000063],[120.01324727700012,26.22452472300006],[120.01448404500002,26.223486055000023],[120.0098051120001,26.219667552000033],[120.01039454400006,26.218243837000045],[120.01268136600004,26.217847892000066],[120.01158466400013,26.217299084000047],[120.01163546300006,26.21438048400006],[120.00963928400006,26.21476130600007],[120.00922664800008,26.218506767000065],[120.00753822700005,26.21941421300005],[120.00701141400008,26.222265684000035],[120.003347189,26.22292279800007],[120.00022350300004,26.21872092700005],[119.99904006100007,26.219533591000072],[120.00064308100002,26.221960352000053],[119.99835032800001,26.222622827000063],[119.99691013300004,26.218150433000066],[119.99306501100013,26.218628332000037],[119.99023275400008,26.214441229000045],[119.98903549000012,26.21505342300003],[119.98937198300008,26.217715201000033],[119.98706938000008,26.218679853000022],[119.98385923,26.218662298000027],[119.97767650000004,26.214825104000056],[119.97585131000004,26.21519533700007],[119.97255051800003,26.211862634000056],[119.97287659900007,26.209256305000057],[119.971471134,26.20751075000004],[119.9726334610001,26.20617334700006],[119.97289834900003,26.201452053000025],[119.97137986900007,26.199382279000076],[119.97357757600004,26.197597763000033],[119.97288587100002,26.19481332600003],[119.97554598000012,26.194817535000027],[119.97599294000008,26.193247842000066],[119.97354159200006,26.192307610000057],[119.973203258,26.19451104300003],[119.97127830300008,26.195239638000032],[119.96646659100008,26.19401802400006],[119.9655372200001,26.202550038000027],[119.96670980300009,26.203444904000037],[119.96560488600004,26.204891228000065],[119.97106384500012,26.212431843000047],[119.968595842,26.215398992000075],[119.96909244000004,26.218209267000077],[119.9673939060001,26.219092885000062],[119.96744034700008,26.22124599700004],[119.97156252600008,26.220913018000033],[119.97873516400011,26.22601039900007],[119.98325293500012,26.22498001100007],[119.98841404900008,26.23078903800007],[119.99324986300007,26.233971258000057],[119.99317245100008,26.236467381000068],[119.99641999200004,26.238082768000027]]],[[[120.01709208300008,26.239266926000028],[120.01615749500002,26.237805734000062],[120.01421549000008,26.238617500000032],[120.0154220820001,26.239385365000032],[120.01709208300008,26.239266926000028]]],[[[120.01277192900012,26.24053067700004],[120.014108458,26.23899013600004],[120.01204568600008,26.23802058800004],[120.01223691200003,26.235782267000047],[120.01131802400003,26.23562740600005],[120.01087519700002,26.238117473000045],[120.01277192900012,26.24053067700004]]],[[[120.20205216500005,26.24912750200008],[120.20233770100003,26.249059688000045],[120.20217530200011,26.248866951000025],[120.20205216500005,26.24912750200008]]],[[[120.00351322100003,26.251194999000063],[120.00648468400004,26.250744920000045],[120.0050409050001,26.247076606000064],[120.00359269600006,26.24735515900005],[120.003291901,26.245210524000072],[120.00120221200008,26.245216759000073],[119.998148882,26.24211014900004],[119.9958335770001,26.24204379400004],[119.99555786100008,26.244631906000052],[119.99844166700008,26.249714230000052],[120.00087465700004,26.248487716000056],[120.00351322100003,26.251194999000063]]],[[[120.00719931300011,26.25146531100006],[120.00657253300004,26.25113038300003],[120.00675341100008,26.251643932000036],[120.00719931300011,26.25146531100006]]],[[[120.20235974700006,26.251714375000063],[120.20256558900007,26.251727937000055],[120.20254820600007,26.251642954000033],[120.20235974700006,26.251714375000063]]],[[[120.00704916400002,26.251736192000067],[120.0069542650001,26.251686807000056],[120.00711920000003,26.25186268400006],[120.00704916400002,26.251736192000067]]],[[[120.00730771400004,26.251916737000045],[120.0071961320001,26.25189803300003],[120.00730728700012,26.25193832800005],[120.00730771400004,26.251916737000045]]],[[[120.00990195000008,26.25514570100006],[120.011084116,26.253958904000054],[120.01505205100013,26.25410564500004],[120.01365142000007,26.252467151000076],[120.00751912100009,26.25194024200005],[120.00990195000008,26.25514570100006]]],[[[120.00967435700012,26.25576856600003],[120.00946537200002,26.255606544000045],[120.00950582400004,26.255781971000033],[120.00967435700012,26.25576856600003]]],[[[119.99293428100007,26.256062195000027],[119.99246277100008,26.256131266000068],[119.99285388200008,26.256276841000044],[119.99293428100007,26.256062195000027]]],[[[119.99333872700004,26.256363454000052],[119.99304465800004,26.256222207000064],[119.99329536200004,26.256478713000035],[119.99333872700004,26.256363454000052]]],[[[119.9934594340001,26.256794357000047],[119.9932425720001,26.256824711000036],[119.9934563270001,26.25690193400004],[119.9934594340001,26.256794357000047]]],[[[119.99324876100002,26.25693560400003],[119.99304121300008,26.256974823000064],[119.99324199500006,26.257035965000057],[119.99324876100002,26.25693560400003]]],[[[119.99331635500003,26.25739674500005],[119.99272486600012,26.257345231000045],[119.99320040400004,26.25753187400005],[119.99331635500003,26.25739674500005]]],[[[119.99227972200003,26.25866293400003],[119.99245951500006,26.25769970700003],[119.991324275,26.258346525000036],[119.99227972200003,26.25866293400003]]],[[[119.97705001000008,26.272341839000035],[119.97577233600008,26.272108283000023],[119.97559790100001,26.272242754000047],[119.97677102400009,26.273414355000057],[119.97705001000008,26.272341839000035]]],[[[119.99202195200009,26.27952649100007],[119.99181282100004,26.279307775000063],[119.99169954200012,26.27946754800007],[119.99202195200009,26.27952649100007]]],[[[119.99930812900004,26.28062769800005],[119.99872763700012,26.28115407300004],[119.99957636300007,26.28130447500007],[119.99930812900004,26.28062769800005]]],[[[119.99847348800006,26.281603838000024],[119.99783984200008,26.281703789000066],[119.99891652800012,26.281828474000065],[119.99847348800006,26.281603838000024]]],[[[119.99939803600012,26.28251931500006],[119.99801674300012,26.282506716000057],[119.99963880200004,26.283009682000056],[119.99939803600012,26.28251931500006]]],[[[119.9913329960001,26.28228871300007],[119.99148332700008,26.283115628000076],[119.99207200700005,26.283390669000028],[119.99229186300012,26.28305593600004],[119.9913329960001,26.28228871300007]]],[[[119.99115065100013,26.28295052800007],[119.98989462200008,26.282107895000024],[119.99092050000002,26.28348776300004],[119.99115065100013,26.28295052800007]]],[[[119.98961538000005,26.281869906000058],[119.990578518,26.281899917000032],[119.98864461300002,26.27984982000004],[119.98879291800006,26.27815940200003],[119.9914449580001,26.278707575000055],[119.98927784000011,26.27693732800003],[119.99135380400004,26.277006311000036],[119.99231187000008,26.275687746000074],[119.98865908500012,26.272934192000037],[119.99035947000004,26.269692742000075],[119.98792077900008,26.26714462700005],[119.98124226200002,26.266549637000026],[119.98077849900004,26.268508360000055],[119.97881798900004,26.26962664200005],[119.97995434800008,26.271454816000073],[119.97839738500012,26.27205647900007],[119.98405883500004,26.27482253900007],[119.9841331880001,26.27699736200003],[119.98158706200002,26.278321208000023],[119.98389242300004,26.27937379100007],[119.9832009910001,26.280468765000023],[119.98677663100013,26.280088654000053],[119.98683186900008,26.283009184000036],[119.98882476200004,26.283704545000035],[119.98961538000005,26.281869906000058]]],[[[119.98685411500004,26.283702942000048],[119.98652300800006,26.28375317900003],[119.98662831700004,26.28386656600003],[119.98685411500004,26.283702942000048]]],[[[119.99068383600002,26.284254721000025],[119.98988035700006,26.284030690000066],[119.99031661700008,26.284476683000037],[119.99068383600002,26.284254721000025]]],[[[119.98668755600012,26.284740876000058],[119.98633579800004,26.285017393000032],[119.98696633200008,26.285163986000043],[119.98668755600012,26.284740876000058]]],[[[120.00829193000004,26.298454758000048],[120.00851119000004,26.298017798000046],[120.00800971900004,26.29789287600005],[120.00829193000004,26.298454758000048]]],[[[120.21369508100008,26.335196172000053],[120.21331279000005,26.334947357000033],[120.21319828500008,26.335130396000068],[120.21369508100008,26.335196172000053]]],[[[120.21638157100006,26.334645473000023],[120.21589557600008,26.334940669000048],[120.21608873600007,26.335242163000032],[120.21638157100006,26.334645473000023]]],[[[120.21468436300006,26.33508462700007],[120.21423940500006,26.335499382000023],[120.21461896900009,26.335509512000044],[120.21468436300006,26.33508462700007]]],[[[120.21711977200005,26.33610697400007],[120.21677550400013,26.335718753000037],[120.21661087300004,26.336050386000068],[120.21711977200005,26.33610697400007]]],[[[120.22419838900008,26.339336],[120.22389183700012,26.33934263900005],[120.22397372600004,26.33949550500006],[120.22419838900008,26.339336]]],[[[120.22760597800004,26.34350702100005],[120.227112583,26.34337077500004],[120.22716320900008,26.343762195000068],[120.22760597800004,26.34350702100005]]],[[[120.22779682900013,26.344145499000035],[120.22712518100002,26.34385540200003],[120.22731664000004,26.34448632400006],[120.22779682900013,26.344145499000035]]],[[[120.22983713200006,26.345466921000025],[120.22744646100011,26.34482789900005],[120.22311308900008,26.338531338000053],[120.22151419700003,26.338930917000027],[120.22043196000004,26.33632514500005],[120.21807201500008,26.335709278000024],[120.22034209100002,26.341826825000055],[120.22208464800008,26.341250880000075],[120.22421043300004,26.344323932000066],[120.22890976500004,26.347367827000028],[120.22983713200006,26.345466921000025]]],[[[120.48368460000006,26.35423386000008],[120.48182064600007,26.352830135000033],[120.48383926200006,26.354931702000044],[120.48368460000006,26.35423386000008]]],[[[120.4855458080001,26.35599131400005],[120.48581461900004,26.354968219000057],[120.48521668100013,26.35540825100003],[120.4855458080001,26.35599131400005]]],[[[120.48639168500006,26.35589473500005],[120.48595759000013,26.355873743000075],[120.48584923600004,26.356287594000037],[120.48639168500006,26.35589473500005]]],[[[120.49432777400013,26.356923264000045],[120.49373323200008,26.356794827000044],[120.4943016520001,26.357141831000035],[120.49432777400013,26.356923264000045]]],[[[120.49499858700005,26.358331849000024],[120.49485428500007,26.358245791000055],[120.49481912100008,26.35840276500005],[120.49499858700005,26.358331849000024]]],[[[120.49542987200005,26.359184421000062],[120.49516842100002,26.35915070200008],[120.49528173300008,26.359451153000062],[120.49542987200005,26.359184421000062]]],[[[120.5114978790001,26.36494081400008],[120.51121047700008,26.36459908200004],[120.5111503920001,26.36474026700006],[120.5114978790001,26.36494081400008]]],[[[120.50066920200004,26.376203659000055],[120.50046043800012,26.376139765000065],[120.50063865100005,26.376408852000058],[120.50066920200004,26.376203659000055]]],[[[120.50110776800013,26.377591301000052],[120.50091674400004,26.377512272000047],[120.50091984500013,26.377660992000074],[120.50110776800013,26.377591301000052]]],[[[120.50102060900008,26.377987739000048],[120.50060767900004,26.378088267000063],[120.50092851800002,26.37818942100006],[120.50102060900008,26.377987739000048]]],[[[120.48418939600003,26.378792935000035],[120.48337296400008,26.378599273000077],[120.48420891400008,26.378953357000057],[120.48418939600003,26.378792935000035]]],[[[120.48311606600008,26.37907231400004],[120.48299872500002,26.379042912000045],[120.48303649400007,26.37911202500004],[120.48311606600008,26.37907231400004]]],[[[120.48333232500012,26.37928336400006],[120.48321601100008,26.379250459000048],[120.48325819600008,26.379318170000033],[120.48333232500012,26.37928336400006]]],[[[120.48421532900012,26.379405675000044],[120.48359767400008,26.379351687000053],[120.48420133900004,26.379751347000024],[120.48421532900012,26.379405675000044]]],[[[120.4808494350001,26.38158357800006],[120.48074858400004,26.38152196200008],[120.48076425500004,26.381596082000044],[120.4808494350001,26.38158357800006]]],[[[120.48144151100009,26.38169726900003],[120.48130907200004,26.381693324000025],[120.48141372900012,26.381770621000044],[120.48144151100009,26.38169726900003]]],[[[120.480663423,26.381993890000047],[120.480538861,26.38195603400004],[120.48066391500004,26.38207189800005],[120.480663423,26.381993890000047]]],[[[120.48049948700007,26.382072779000055],[120.48039523700004,26.382038313000063],[120.4804255360001,26.38210584600006],[120.48049948700007,26.382072779000055]]],[[[120.4816485130001,26.38222327300008],[120.481367384,26.38219314400004],[120.48162333800008,26.382327117000045],[120.4816485130001,26.38222327300008]]],[[[120.48055938100003,26.382266779000076],[120.4804252130001,26.38223630100003],[120.48049002200004,26.38235012800004],[120.48055938100003,26.382266779000076]]],[[[120.08262059300012,26.382556211000065],[120.08297751200008,26.382213570000033],[120.08262653400004,26.382296369000073],[120.08262059300012,26.382556211000065]]],[[[120.08187998500011,26.382688271000063],[120.08247961000006,26.38219929300004],[120.08200812000008,26.382115602000056],[120.08187998500011,26.382688271000063]]],[[[120.47443006500008,26.383616140000072],[120.47430134100011,26.38357211700003],[120.47436487000004,26.38368276700004],[120.47443006500008,26.383616140000072]]],[[[120.48072645400008,26.383769552000047],[120.48050061300012,26.383750445000032],[120.480692244,26.38384380900004],[120.48072645400008,26.383769552000047]]],[[[120.47417682900004,26.383751903000075],[120.47378012800004,26.38357142500007],[120.47400703000004,26.38394052800004],[120.47417682900004,26.383751903000075]]],[[[120.48001942000008,26.38393871200003],[120.48044463500004,26.38083884100007],[120.48228474500002,26.38072321000004],[120.48345636700004,26.37718468600008],[120.48152132200003,26.37122518600006],[120.48436979300004,26.371051659000045],[120.4855217920001,26.369743844000027],[120.48781400500002,26.37183171000004],[120.48894317300004,26.37062670100005],[120.491996233,26.370643167000026],[120.4922845320001,26.375030889000072],[120.49420554500011,26.377791183000056],[120.49970068000005,26.378441547000023],[120.50048795100008,26.376641564000067],[120.49867235700005,26.37265196100003],[120.50128507000012,26.37317007300004],[120.503555892,26.370792995000045],[120.50663763900002,26.372959881000043],[120.50826683200012,26.36943533600004],[120.51110387500012,26.368310500000064],[120.511311051,26.365221715000075],[120.50892499800013,26.364788076000025],[120.50647290800008,26.36704916000008],[120.5042003100001,26.36556612700008],[120.50295055200002,26.368802525000035],[120.50134085600008,26.368690333000075],[120.50055303700005,26.36443737600007],[120.49861203400008,26.36189686700004],[120.49615966600004,26.361157569000056],[120.49349273500002,26.35688529600003],[120.492985921,26.359315491000075],[120.48857198200004,26.357355547000054],[120.48838278700008,26.359361874000054],[120.48615598100002,26.359785757000058],[120.4850939690001,26.35846519000006],[120.48558896500003,26.35657515300005],[120.48422530800008,26.355798583000023],[120.48401959600004,26.35718390600005],[120.48156534300006,26.358422623000024],[120.4838025360001,26.36324972700004],[120.48205927600009,26.364990284000044],[120.48540558500008,26.365471608000064],[120.48535648900008,26.368924685000025],[120.48103007500004,26.370791981000025],[120.47771631300007,26.367560774000022],[120.4769281020001,26.379090981000047],[120.47397868200004,26.376978617000077],[120.47167367800012,26.37227016500003],[120.46935041100004,26.37122788000005],[120.47056523900004,26.37445247700003],[120.46925979900004,26.377120149000064],[120.47468608300004,26.37964909300007],[120.47404692100008,26.383374795000066],[120.47679805700012,26.383473708000057],[120.47758045000012,26.38180035000005],[120.48001942000008,26.38393871200003]]],[[[120.0861546430001,26.385155693000055],[120.08529982100004,26.384088505000022],[120.08291024700009,26.384325858000068],[120.084097003,26.38496474200008],[120.0861546430001,26.385155693000055]]],[[[120.08603674100004,26.385252060000028],[120.08593501900008,26.38518781600004],[120.0859314490001,26.38527526200005],[120.08603674100004,26.385252060000028]]]]}},{"type":"Feature","properties":{"area_code":"10002","area_name":"宜蘭縣"},"geometry":{"type":"MultiPolygon","coordinates":[[[[121.959841277,24.84695832500006],[121.96066616000007,24.842640843000027],[121.9649484680001,24.840485817000054],[121.962938795,24.835925159000055],[121.961480133,24.83527960400005],[121.95706752800004,24.836817379000024],[121.94801558800008,24.835334686000067],[121.94100814300008,24.837804750000032],[121.93831397200006,24.84234801300005],[121.93425824100008,24.845564902000035],[121.93518886100004,24.84715979300006],[121.94333685200002,24.844609356000035],[121.94753840600004,24.851245895000034],[121.94948395100003,24.851770266000074],[121.95718868800007,24.850258550000035],[121.959841277,24.84695832500006]]],[[[121.9580882570001,24.987288918000047],[121.9629055800001,24.987704303000044],[121.96599328800004,24.98303004300004],[121.96224171900008,24.98175188700003],[121.95830724100006,24.982622589000073],[121.95450760000006,24.980004948000044],[121.94427361300006,24.976830952000057],[121.94183319100011,24.97338570900007],[121.93622902000004,24.973851782000057],[121.9255916940001,24.968560214000036],[121.9223874380001,24.963212548000055],[121.92304747900003,24.961830537000026],[121.92218578900008,24.962270656000044],[121.92015226900004,24.959061777000045],[121.92019725400009,24.955193077000047],[121.916921816,24.952172921000056],[121.911356264,24.950725633000047],[121.91034002300012,24.94904142000007],[121.90535943000008,24.94659780200004],[121.90412549700012,24.943649192000063],[121.90513268700012,24.942413805000054],[121.90467103600008,24.93981623600007],[121.89528345700012,24.94072673200003],[121.88911158500002,24.936951226000076],[121.88788873700004,24.935090166000062],[121.88753873900008,24.92674180800003],[121.88543080300008,24.92323563800005],[121.88504323100004,24.917931158000044],[121.87250985800006,24.906183832000067],[121.87178758400012,24.903644787000076],[121.87187714900006,24.904967042000067],[121.8705716180001,24.903505360000057],[121.86737504900007,24.90298725300005],[121.8604735,24.89446134300005],[121.85136210400005,24.890113749000022],[121.850836468,24.886459132000027],[121.8426899530001,24.876157052000053],[121.83062201300004,24.85044629500004],[121.82795403900002,24.842156868000075],[121.82714304100011,24.84235901900007],[121.81901871800004,24.79748144100006],[121.81841974500004,24.764918438000052],[121.82098567800006,24.747693857000055],[121.82587926500004,24.733001105000028],[121.83278494700004,24.719894112000077],[121.83828933300003,24.71806532100004],[121.8395117340001,24.715850241000055],[121.83659816300008,24.71069849400004],[121.83636805300011,24.70466561300003],[121.83770472300012,24.695198207000033],[121.83819260900007,24.672232351000048],[121.8405764690001,24.659868936000063],[121.843819499,24.648217197000065],[121.85124992800002,24.62990051900005],[121.85876606400008,24.61669669300005],[121.86613123000008,24.60992134100007],[121.87340345400004,24.60873139800003],[121.8753208390001,24.605638982000073],[121.8802161540001,24.605742659000043],[121.88217546600004,24.60351276700004],[121.88513956300004,24.60371505300003],[121.88365948500008,24.601379748000056],[121.88603929600004,24.599813176000055],[121.8792289160001,24.599121652000065],[121.87345821100008,24.59661079600005],[121.8792421710001,24.59103512200005],[121.87621446500007,24.586489621000055],[121.8726522180001,24.585247581000033],[121.87225299300007,24.584049008000022],[121.87400489800008,24.584565006000048],[121.87569532600004,24.582823395000048],[121.87526640600004,24.58138601000007],[121.877281766,24.579758420000076],[121.87979216100008,24.579663331000063],[121.87698341000008,24.57808016500007],[121.8757049940001,24.579007370000056],[121.87553080600004,24.57715937000006],[121.87207725900008,24.578179427000062],[121.86949338700003,24.574488170000052],[121.87121021000009,24.563430613000037],[121.87121560000004,24.55237445200004],[121.87410669800012,24.54549397900007],[121.87231127300004,24.541484146000073],[121.8737529550001,24.53438071000005],[121.8725740750001,24.53109669500003],[121.86857470900009,24.527653009000066],[121.86092647300006,24.52717405900006],[121.85626415000002,24.523937025000063],[121.84254032700004,24.52080590100007],[121.83877681700004,24.51161761000003],[121.8383383370001,24.503483276000058],[121.83971035400008,24.49863537400006],[121.84643710100012,24.49658067000007],[121.84767003200012,24.497413335000033],[121.84804605000012,24.495808878000048],[121.85073567800008,24.495343434000063],[121.84965474400008,24.492201703000035],[121.85093335400006,24.48456817500005],[121.86022516800006,24.48364138900007],[121.86213283600011,24.48039427200007],[121.85969012500004,24.478556755000056],[121.8554503790001,24.480585043000076],[121.84858555100004,24.47900078200007],[121.84611848600002,24.476934220000032],[121.8412264430001,24.475583421000067],[121.83265678900013,24.467422938000027],[121.821202459,24.462355840000043],[121.81993907500008,24.459479604000023],[121.82180717600012,24.45564710700006],[121.81716867400009,24.450210799000047],[121.81655405400012,24.446739404000027],[121.81560146700008,24.447892670000044],[121.81218180200005,24.442686698000045],[121.801864367,24.434336830000063],[121.79114802900006,24.408230186000026],[121.78878211200004,24.396156808000057],[121.78702757700012,24.37249635200004],[121.778717636,24.35620132100007],[121.77163867500008,24.33756317900003],[121.7708908410001,24.332586781000032],[121.77396257600005,24.31960641300003],[121.77406513000004,24.315270835000035],[121.77272412800004,24.313628696000023],[121.7593980260001,24.31410682200004],[121.74473627400003,24.32285255900007],[121.73517998500006,24.323073606000037],[121.72779145000004,24.325985399000047],[121.71353540500002,24.32688685100004],[121.70529969200004,24.32956693700004],[121.69571464500008,24.334706218000065],[121.68846643800008,24.33361921700003],[121.68558128600012,24.34073144800004],[121.67484025800002,24.33777398500007],[121.67348751900012,24.33997981800007],[121.67398315300012,24.34339645700004],[121.66910893000012,24.343099766000023],[121.6667412380001,24.34724622800007],[121.66390365400002,24.349173300000075],[121.6631293160001,24.352885977000028],[121.66137429000004,24.353013548000035],[121.66001179900002,24.35115163100005],[121.65664620000008,24.35325456100003],[121.65351388600004,24.352188941000065],[121.65365359900012,24.35610897500004],[121.6506770420001,24.35985306400005],[121.64785276400004,24.357725037000023],[121.65003168700002,24.354872397000065],[121.65072354500012,24.35093003700007],[121.650303129,24.349502227000073],[121.64875568900004,24.349508494000077],[121.64047501200002,24.35716784500005],[121.63833661500009,24.362319145000072],[121.63502838800002,24.36371602400004],[121.63499921500012,24.366338600000063],[121.6306187,24.36642061300006],[121.63186630700012,24.36976861200003],[121.6309515260001,24.370548851000024],[121.6218814660001,24.366759245000026],[121.62037773200008,24.363209486000073],[121.62356944300008,24.362340725000024],[121.62120182700004,24.35811415300003],[121.62677118600004,24.354330050000044],[121.62685163600008,24.349530988000023],[121.62944629300011,24.349444387000062],[121.63046436400008,24.348216601000047],[121.63323666100008,24.349170075000075],[121.63552173200004,24.347617914000068],[121.63529676200004,24.344815157000028],[121.6313728340001,24.343982465000067],[121.63297592100004,24.339898290000065],[121.63280419700004,24.334747368000023],[121.6286377560001,24.333694265000076],[121.62669023600006,24.33562590300005],[121.62808362400006,24.33870797700007],[121.62747995900008,24.34111863000004],[121.622785001,24.339473054000052],[121.62062453500003,24.34487181700007],[121.61921377300008,24.345481840000048],[121.616138846,24.338134488000037],[121.618661695,24.33574298800005],[121.6175369340001,24.33364625300004],[121.61522998900011,24.33330347900005],[121.61220686200012,24.335888297000057],[121.60791666600004,24.335415905000048],[121.60646047900002,24.330057321000027],[121.604472664,24.329008745000067],[121.6007197030001,24.33086316500004],[121.599229755,24.333525071000057],[121.596978497,24.33346705500003],[121.59575243400002,24.331623241000045],[121.59657080200007,24.328138928000044],[121.6013268690001,24.32328479100005],[121.60109833500007,24.320581427000036],[121.60522677900008,24.317282240000058],[121.60702288400012,24.312636929000064],[121.60574656500012,24.309422574000052],[121.60191823700006,24.31414762600008],[121.59719185200004,24.31629391000007],[121.59376069300004,24.316413182000076],[121.58948861300009,24.313802469000052],[121.58751516200005,24.31606192200007],[121.57585487900008,24.319670218000056],[121.56989963500008,24.31794162500006],[121.56637338400004,24.319183516000063],[121.56332983400011,24.322234679000076],[121.55948921900006,24.323153812000044],[121.55607855000004,24.331154081000022],[121.54498871100007,24.33776789500007],[121.54053514500004,24.335912011000065],[121.53327223400004,24.33705533500006],[121.52775490500004,24.339151566000055],[121.52514463600004,24.342473392000045],[121.52215888100012,24.34302200900004],[121.51799435400004,24.34100497000003],[121.51543516200002,24.341814833000058],[121.5135666970001,24.34081398400008],[121.50968009300004,24.34120061300007],[121.50730324200003,24.343257549000043],[121.50387749300012,24.34278117300005],[121.49939508000011,24.339369817000033],[121.49540315500008,24.340289002000077],[121.48536755100008,24.34845621900007],[121.48137817600002,24.348925854000072],[121.4788745620001,24.351875809000035],[121.47526272700009,24.351264712000045],[121.46540061000007,24.355306063000057],[121.45201245300008,24.36467986100007],[121.447978078,24.374826331000065],[121.44255587100008,24.373127074000024],[121.43778703200007,24.382876100000033],[121.42937141000004,24.38305973200005],[121.41909943700011,24.37905224000008],[121.41277099700004,24.379741671000033],[121.40790682500005,24.377548166000057],[121.40440748600008,24.377716598000063],[121.40088580600002,24.379674303000055],[121.39811937900004,24.377762733000058],[121.39546800900008,24.37784751000004],[121.393044798,24.37520599900006],[121.38996497800008,24.375147431000073],[121.38762249100012,24.36968517300005],[121.380763397,24.36690410100005],[121.37701210700004,24.36844044700007],[121.37373777800008,24.368052689000024],[121.36943435300007,24.37225926800005],[121.36710487800008,24.37892533200005],[121.36980307100008,24.38259001700004],[121.36488783100005,24.38907398300006],[121.35939037100002,24.39044556700003],[121.35469210200006,24.393272018000065],[121.3523936250001,24.392240150000077],[121.34296806800012,24.39284232600005],[121.33913490300006,24.389603898000075],[121.33360062500005,24.39500325100005],[121.33233500800009,24.39794308100005],[121.32760101300003,24.398454782000044],[121.32499644600011,24.40691248300004],[121.32744088700008,24.41302115800005],[121.32825676200002,24.433453051000072],[121.32167451100008,24.44036825700005],[121.31766529400012,24.441488526000057],[121.32379572600009,24.456721179000056],[121.33087762300012,24.465206334000072],[121.3360005190001,24.467365853000047],[121.33564135400002,24.47203509800005],[121.34007367000004,24.474851373000035],[121.3428392620001,24.48225950400007],[121.3463170010001,24.484656096000037],[121.35073934900004,24.484343309000053],[121.35775034300002,24.486608671000056],[121.36189400500008,24.49078716100007],[121.36385101200005,24.494956737000052],[121.37125404100004,24.498363148000067],[121.3733539540001,24.509895588000063],[121.38356828400003,24.510217184000055],[121.38539563900008,24.513802397000063],[121.38511672000004,24.51682042300007],[121.38853378300009,24.517800228000056],[121.39062126100008,24.52303123300004],[121.39286283400008,24.524460211000076],[121.39771383900006,24.524813464000033],[121.401500434,24.528986323000023],[121.39885951400004,24.532549953000057],[121.39674703800006,24.53982245400005],[121.39876250300006,24.548203098000045],[121.394759657,24.55591118500007],[121.39836474100002,24.560455243000035],[121.40125648600008,24.562005500000055],[121.4013114280001,24.564687666000054],[121.40358493500004,24.56870720300003],[121.41233041500004,24.573498561000065],[121.40308850800012,24.591866117000052],[121.40847123700009,24.59898071300006],[121.41229016700004,24.600936517000036],[121.4127815380001,24.603649979000068],[121.4182874170001,24.601034135000077],[121.42440460900002,24.60300585800007],[121.42768883200006,24.60584896100005],[121.430616987,24.61450887800004],[121.432590494,24.615635903000054],[121.43566105500008,24.62132633500005],[121.434838119,24.624455178000066],[121.43608563100008,24.62740204100004],[121.44054785600008,24.635095603000025],[121.44502103600009,24.63729519100008],[121.44507749400007,24.643177328000036],[121.44876294900008,24.64601383400003],[121.45133869200004,24.65091801700004],[121.44761308600005,24.656171495000024],[121.449251763,24.661645815000043],[121.45383095700004,24.664319517000024],[121.45530641000003,24.66831946300005],[121.4594978450001,24.67315764700004],[121.46920665900008,24.67183148500004],[121.47644592300004,24.67376195100007],[121.48473525000009,24.673826550000054],[121.48734874200012,24.675213390000067],[121.49347805200011,24.67337782100003],[121.49902889200008,24.677947157000062],[121.50500048800006,24.67948509400003],[121.50730397400002,24.682337603000065],[121.5117422080001,24.684353604000023],[121.51481297900013,24.683238045000053],[121.52379561300006,24.683295104000024],[121.52695387300004,24.68525467300003],[121.52788073300007,24.688968915000032],[121.52949845700005,24.68757330300008],[121.53687321000008,24.68849483400004],[121.5375592800001,24.694014794000054],[121.538892819,24.69477597400004],[121.53786469300007,24.699844402000053],[121.54340389400012,24.705736621000028],[121.55062202600004,24.70574206700007],[121.556376569,24.711221808000065],[121.56254306200005,24.712839315000053],[121.56777952000004,24.711563201000047],[121.57037577800008,24.713971257000026],[121.57216094100012,24.71058262100007],[121.57481423200012,24.710110402000055],[121.5772827940001,24.71487373000008],[121.5780594470001,24.722164278000037],[121.587379101,24.720190116000023],[121.59792593500003,24.72879741400004],[121.59377131000008,24.729537484000048],[121.59530705800012,24.73963186800006],[121.59166853600004,24.744916060000037],[121.59613331900005,24.74830200100007],[121.5945914670001,24.750192033000076],[121.59032819300012,24.751244577000023],[121.58897432100002,24.75515226600004],[121.59077870100008,24.761344579000024],[121.59627851900008,24.76693919800005],[121.59558848100004,24.76930075300004],[121.59758595500011,24.772169160000033],[121.59198315800006,24.787654109000073],[121.60564373500006,24.789126114000055],[121.60963679000008,24.79376568600003],[121.61681071500004,24.793887900000072],[121.62096116900013,24.792503170000032],[121.62547147300006,24.795060170000056],[121.62481526000012,24.80161005800005],[121.62641444400003,24.805275300000066],[121.6258273950001,24.80878014500007],[121.62866437600007,24.807960093000077],[121.63722559200004,24.80943811500003],[121.63880284000004,24.81072537400007],[121.64503658,24.809289337000052],[121.64737409500005,24.813951819000067],[121.65311451000002,24.81126590100007],[121.66069020900012,24.810828607000076],[121.66904965900004,24.81800915400004],[121.67428332200008,24.814126999000052],[121.67715642400005,24.814091604000055],[121.68124072500008,24.817615829000033],[121.68619797300003,24.81752539400003],[121.68830898500003,24.816124741000067],[121.69011832100011,24.821492393000028],[121.68764366900008,24.82490477300007],[121.69616640400012,24.829894120000063],[121.69640401600007,24.834619621000055],[121.69816012800004,24.83420197600003],[121.69916435900008,24.83557656100004],[121.701865891,24.83440046900006],[121.7089137700001,24.84054441400008],[121.71426741000003,24.84178305100005],[121.71559079300005,24.844350318000068],[121.7197355190001,24.845588974000066],[121.72192139800006,24.849849664000033],[121.72521146400004,24.85078866500004],[121.730423007,24.855244879000058],[121.73659643500002,24.855696205000072],[121.74198999900013,24.852459143000033],[121.74578333600004,24.85285334600007],[121.74796975700008,24.854950039000073],[121.75062996600002,24.85447436000004],[121.7534635290001,24.85498244300004],[121.75428654300003,24.85640879600004],[121.76098529900004,24.85670089100006],[121.761564066,24.860152081000024],[121.76278935100004,24.86125521200006],[121.76437941800008,24.859889473000067],[121.76848841300011,24.865783375000035],[121.77542665100007,24.865083491000064],[121.77733079300005,24.870762918000025],[121.78321742300012,24.874216227000034],[121.78521300600003,24.87418980700005],[121.78427842700012,24.877581763000023],[121.78224085700003,24.879184353000028],[121.78168481100012,24.889465878000067],[121.78558315000008,24.890583225000057],[121.78579306000006,24.89249404900005],[121.79001026300011,24.893454227000063],[121.79293794600004,24.896157147000057],[121.79191435200003,24.89981038400003],[121.79518415200003,24.89975261400008],[121.79716395500007,24.90162027100007],[121.80462333900005,24.901189380000066],[121.81047607200004,24.90363148800003],[121.81163528200013,24.90651851900003],[121.81838057500012,24.902709921000053],[121.82551476300011,24.90526221500005],[121.83182035800009,24.90490759900007],[121.8437380360001,24.91572285800004],[121.84559774500008,24.91936864400003],[121.85370618400007,24.925215148000063],[121.85386754300008,24.927878704000022],[121.84914500800004,24.930327740000052],[121.846736275,24.937714566000068],[121.8424430340001,24.939360046000047],[121.83904781600006,24.944635945000073],[121.84175536700002,24.951124829000037],[121.8414118180001,24.954263836000052],[121.84686268300004,24.960266649000065],[121.85036323500005,24.961177801000076],[121.85256609300006,24.959605359000022],[121.85401664000004,24.959995676000062],[121.85438150700008,24.961593175000075],[121.86091146800004,24.963654675000043],[121.87155157000008,24.960719311000048],[121.88252926300004,24.964169562000052],[121.8885655040001,24.963175294000052],[121.88957462400003,24.964760659000035],[121.89720398300004,24.96706701000005],[121.902828203,24.974379032000055],[121.90542445500012,24.973417314000073],[121.90826466300008,24.975863227000048],[121.91032722200008,24.974773716000072],[121.91096436100008,24.97693098700006],[121.91481726200004,24.97933135900007],[121.91898688700007,24.978643807000022],[121.92081770700008,24.97971809300003],[121.92274368900009,24.97860054800003],[121.933499793,24.980897086000027],[121.93445456800008,24.983144216000028],[121.94042034600012,24.984445251000068],[121.94464081900004,24.98817837200005],[121.94789744000002,24.98666273700007],[121.95038506000004,24.988323872000024],[121.9580882570001,24.987288918000047]]],[[[123.55596101900004,25.72114790200004],[123.55576034600006,25.721113686000024],[123.55582540900002,25.721349425000028],[123.55596101900004,25.72114790200004]]],[[[123.55671947200004,25.721469248000066],[123.5563638540001,25.721161400000028],[123.55652907900004,25.72156463000005],[123.55671947200004,25.721469248000066]]],[[[123.55673088300011,25.721822736000036],[123.55653596900004,25.72171031800008],[123.55663967400004,25.72187989500003],[123.55673088300011,25.721822736000036]]],[[[123.55644825800005,25.722236421000048],[123.55633930300009,25.72197638800003],[123.55632731700008,25.722205261000056],[123.55644825800005,25.722236421000048]]],[[[123.55644255200002,25.722417802000052],[123.55630466800004,25.72233356500004],[123.55630270200004,25.72243901800005],[123.55644255200002,25.722417802000052]]],[[[123.543372545,25.72255807600004],[123.54333794600008,25.722513071000037],[123.54333945300004,25.72254731700008],[123.543372545,25.72255807600004]]],[[[123.543334199,25.722682538000072],[123.5433538850001,25.722626895000076],[123.54330334500004,25.722644870000067],[123.543334199,25.722682538000072]]],[[[123.54299656800004,25.722889464000048],[123.54291542500005,25.722768555000073],[123.54290153600004,25.72280528600004],[123.54299656800004,25.722889464000048]]],[[[123.54309867100004,25.722885680000047],[123.543358183,25.723023840000053],[123.54339199300011,25.722752747000072],[123.54309867100004,25.722885680000047]]],[[[123.54472815000008,25.72312730300007],[123.54467676600008,25.72315478900003],[123.54475106200005,25.72314104700007],[123.54472815000008,25.72312730300007]]],[[[123.54478805500004,25.724077360000024],[123.5446858040001,25.724070281000024],[123.54479439700005,25.724103163000052],[123.54478805500004,25.724077360000024]]],[[[123.54408626000009,25.724302642000055],[123.5445974380001,25.724293857000077],[123.54418037500012,25.723831997000048],[123.54408626000009,25.724302642000055]]],[[[123.54456497600006,25.724458222000067],[123.54445827900008,25.724339980000025],[123.54448653500005,25.72444976500003],[123.54456497600006,25.724458222000067]]],[[[123.55020059100002,25.725810211000063],[123.554411382,25.72386655500003],[123.55567225800009,25.72086284200003],[123.55308311700004,25.720260017000044],[123.544970701,25.72235252300004],[123.54532094100011,25.724592220000034],[123.55020059100002,25.725810211000063]]],[[[123.54522808200012,25.727864040000043],[123.54493274800008,25.72785543500004],[123.54526342000008,25.728001350000056],[123.54522808200012,25.727864040000043]]],[[[123.54502077900008,25.72939126600005],[123.54485315600004,25.729282192000028],[123.54497728100011,25.729438794000032],[123.54502077900008,25.72939126600005]]],[[[123.54134617200008,25.734382174000075],[123.54365717200004,25.729519071000027],[123.54562967000004,25.728731122000056],[123.54475259700008,25.727894384000024],[123.54463158600004,25.72614479600003],[123.54241902300008,25.725254991000043],[123.540930795,25.728774994000048],[123.53762041800007,25.73180233900007],[123.54134617200008,25.734382174000075]]],[[[123.50615749100008,25.735809548000077],[123.5063939260001,25.735609820000036],[123.50652930400008,25.73537109700004],[123.50610306900012,25.735606353000037],[123.50615749100008,25.735809548000077]]],[[[123.50719540700004,25.735959296000033],[123.50713576200008,25.735806335000063],[123.50710840800002,25.73594911500004],[123.50719540700004,25.735959296000033]]],[[[123.47163512200008,25.738315618000055],[123.4716199180001,25.738257358000055],[123.47159352000006,25.738306244000057],[123.47163512200008,25.738315618000055]]],[[[123.45812228700004,25.73895998000006],[123.45804548100013,25.738891072000055],[123.45809510400012,25.738962954000044],[123.45812228700004,25.73895998000006]]],[[[123.47489611800006,25.739444427000024],[123.47485359300003,25.739388550000054],[123.47484767800006,25.739445144000054],[123.47489611800006,25.739444427000024]]],[[[123.45797284800004,25.73949710700003],[123.45789091900008,25.73941721400007],[123.45788191600002,25.739461451000068],[123.45797284800004,25.73949710700003]]],[[[123.475745726,25.74003458200008],[123.47573061100002,25.739988443000072],[123.47569743800013,25.74001690500006],[123.475745726,25.74003458200008]]],[[[123.47553866600003,25.740061681000043],[123.47543139200002,25.74006795200006],[123.475502763,25.740126472000043],[123.47553866600003,25.740061681000043]]],[[[123.47622340100008,25.74019783600005],[123.47629336200008,25.74011839600007],[123.476198059,25.740141304000076],[123.47622340100008,25.74019783600005]]],[[[123.47631530100011,25.740295139000068],[123.47631533400012,25.740201442000057],[123.47627405300013,25.740282894000075],[123.47631530100011,25.740295139000068]]],[[[123.47652514700007,25.740307393000023],[123.47637419300008,25.740342430000055],[123.4765175770001,25.74034657900006],[123.47652514700007,25.740307393000023]]],[[[123.48278182400009,25.74037614200006],[123.48272537800005,25.74031765500007],[123.48268489600002,25.740372877000027],[123.48278182400009,25.74037614200006]]],[[[123.49049009100008,25.74044192200006],[123.49080608000008,25.740456966000067],[123.4905739300001,25.740231850000043],[123.49049009100008,25.74044192200006]]],[[[123.48120104000007,25.740548595000064],[123.48117793800007,25.74048414200007],[123.4811525880001,25.74054340200007],[123.48120104000007,25.740548595000064]]],[[[123.49098358400012,25.740666313000077],[123.49085651000009,25.74058938000007],[123.49095692100002,25.740712562000056],[123.49098358400012,25.740666313000077]]],[[[123.49051672200004,25.740714011000023],[123.49027128600004,25.74068269000003],[123.49048218000009,25.74086892100007],[123.49051672200004,25.740714011000023]]],[[[123.49092306300008,25.74087335400003],[123.49079988100004,25.740631490000055],[123.49046709100004,25.74053619800003],[123.49064194500012,25.740852327000027],[123.49083158200006,25.740792574000068],[123.49092306300008,25.74087335400003]]],[[[123.49081586500006,25.740886008000075],[123.49077387600003,25.74084859900006],[123.49077320400012,25.740883804000077],[123.49081586500006,25.740886008000075]]],[[[123.49293186400008,25.741824257000076],[123.49291242200002,25.741787103000036],[123.49290197200004,25.74181897300008],[123.49293186400008,25.741824257000076]]],[[[123.46645227400006,25.749090111000044],[123.46637795600007,25.749023196000053],[123.46639869300007,25.74909652900004],[123.46645227400006,25.749090111000044]]],[[[123.484476846,25.74984357900007],[123.48441431100002,25.749782082000024],[123.48442383400004,25.749843664000025],[123.484476846,25.74984357900007]]],[[[123.48756128300012,25.750055958000075],[123.4876912630001,25.749984664000067],[123.48791264700004,25.750011393000023],[123.48771074400008,25.74988985400006],[123.48756128300012,25.750055958000075]]],[[[123.48756374800008,25.750216076000072],[123.48746322400008,25.750203311000064],[123.48747372600008,25.750239796000074],[123.48756374800008,25.750216076000072]]],[[[123.47982964100004,25.75085123200006],[123.47974746600003,25.750812048000057],[123.47975988100006,25.750875850000057],[123.47982964100004,25.75085123200006]]],[[[123.47669798100004,25.751813691000052],[123.48061924400008,25.75009965600003],[123.48737290300004,25.749484240000072],[123.49321147700005,25.74487061900004],[123.49392773300008,25.742235274000052],[123.48863211000004,25.74018777000003],[123.47721843700003,25.741266713000073],[123.47519409600012,25.740107528000067],[123.47532332900003,25.739208271000052],[123.47450850900007,25.739872683000044],[123.473996972,25.738126675000046],[123.4722822330001,25.738934923000045],[123.46445578100008,25.734909879000043],[123.45940590100008,25.735643182000047],[123.45779249800012,25.74032033400005],[123.46030512400012,25.74471472600004],[123.46690765900009,25.74915941100005],[123.47669798100004,25.751813691000052]]],[[[123.567689362,25.75564576800008],[123.56697032600005,25.75501887400003],[123.5660653760001,25.75523934900008],[123.56611359100008,25.755640148000055],[123.567689362,25.75564576800008]]],[[[123.54080151900008,25.779390575000036],[123.54177793300003,25.77902501700004],[123.54061443500008,25.779246328000056],[123.54080151900008,25.779390575000036]]],[[[123.53903368500004,25.779411165000056],[123.53897861300004,25.77946773900004],[123.5390405710001,25.779442733000053],[123.53903368500004,25.779411165000056]]],[[[123.539604692,25.779213646000073],[123.54052379900008,25.779419098000066],[123.54047138900012,25.77886933600007],[123.539604692,25.779213646000073]]],[[[123.54309853700012,25.77999364300007],[123.5429370490001,25.779861794000055],[123.54291324700012,25.779907748000028],[123.54309853700012,25.77999364300007]]],[[[123.54338784100004,25.78151156300004],[123.54473778800002,25.78090919800007],[123.54338363200009,25.78008326300005],[123.54338784100004,25.78151156300004]]],[[[123.68328572700013,25.91915621100003],[123.68321191000008,25.919139633000043],[123.68326968000008,25.919181042000048],[123.68328572700013,25.91915621100003]]],[[[123.68256455700008,25.919208926000067],[123.682468727,25.91911129700003],[123.682472006,25.919200416000024],[123.68256455700008,25.919208926000067]]],[[[123.68605598400006,25.919648994000056],[123.68601079100006,25.919665312000063],[123.686045465,25.91967909400006],[123.68605598400006,25.919648994000056]]],[[[123.68618895100008,25.919757755000035],[123.68611103,25.91970327000007],[123.686069846,25.91976849300005],[123.68618895100008,25.919757755000035]]],[[[123.67906691400005,25.91996793100003],[123.67913503300008,25.919934859000023],[123.67905252700008,25.91996277600003],[123.67906691400005,25.91996793100003]]],[[[123.68761904100006,25.919975217000054],[123.68757632900008,25.91989409100006],[123.68752634500004,25.919975944000043],[123.68761904100006,25.919975217000054]]],[[[123.6786212290001,25.92035061300004],[123.67874304100008,25.920234136000033],[123.67858973000013,25.920325753000043],[123.6786212290001,25.92035061300004]]],[[[123.67845264400012,25.92048458900007],[123.67832706800004,25.92049195100003],[123.6784236200001,25.920537182000032],[123.67845264400012,25.92048458900007]]],[[[123.68787325300002,25.920777761000068],[123.68783032500004,25.92083281500004],[123.68790551300005,25.92080042500004],[123.68787325300002,25.920777761000068]]],[[[124.55593223500011,25.921431862000077],[124.55588396900008,25.921397856000056],[124.5558602970001,25.921469648000027],[124.55593223500011,25.921431862000077]]],[[[124.55614663300004,25.92161793400004],[124.55606241600005,25.92155821700004],[124.55602223900009,25.921569282000064],[124.55614663300004,25.92161793400004]]],[[[124.55603422000002,25.92162762700008],[124.55596909200005,25.92166976200008],[124.55604779300006,25.92167096700007],[124.55603422000002,25.92162762700008]]],[[[123.68831050900008,25.92172131800004],[123.68821859600008,25.92175566700007],[123.68825512900004,25.921812411000076],[123.68831050900008,25.92172131800004]]],[[[124.55646295600002,25.921822305000035],[124.556225605,25.921569904000023],[124.55613913600008,25.92171413700004],[124.55646295600002,25.921822305000035]]],[[[123.68929223300006,25.92186608700007],[123.68903956500004,25.921847566000057],[123.68906097800004,25.92190837000004],[123.68929223300006,25.92186608700007]]],[[[124.55675569200002,25.922110933000056],[124.55667149400006,25.92209449400008],[124.55675287400004,25.92215058800008],[124.55675569200002,25.922110933000056]]],[[[123.6773595950001,25.922232766000036],[123.6772970720001,25.922233479000056],[123.67734833000009,25.922310026000048],[123.6773595950001,25.922232766000036]]],[[[124.55649079800004,25.92233168500007],[124.55633431,25.921888072000055],[124.55597494800008,25.92201205200007],[124.55649079800004,25.92233168500007]]],[[[124.5567601890001,25.922321667000062],[124.556718724,25.922312661000035],[124.55672101400012,25.92234153000004],[124.5567601890001,25.922321667000062]]],[[[123.67676681600004,25.922574440000066],[123.67674196300004,25.922603456000047],[123.67677781300006,25.922605006000023],[123.67676681600004,25.922574440000066]]],[[[123.67681946000005,25.922698551000053],[123.67677082200008,25.922681479000065],[123.67680555800008,25.92272629300004],[123.67681946000005,25.922698551000053]]],[[[123.67646205600012,25.922818677000063],[123.67640134300008,25.922846122000067],[123.67646787900004,25.922855554000023],[123.67646205600012,25.922818677000063]]],[[[123.67648917200006,25.922930619000056],[123.67640205500004,25.922891204000052],[123.67641286100002,25.92291677600008],[123.67648917200006,25.922930619000056]]],[[[123.67608182400012,25.92306299200004],[123.67591800300012,25.923113211000043],[123.67608648600005,25.923099801000035],[123.67608182400012,25.92306299200004]]],[[[124.55768961100011,25.923100717000068],[124.5611539250001,25.92229737400004],[124.55657190400008,25.92153416900004],[124.55768961100011,25.923100717000068]]],[[[124.5593592030001,25.923533254000063],[124.5597278890001,25.92332467100005],[124.55928342400011,25.92344774000003],[124.5593592030001,25.923533254000063]]],[[[124.55906568400007,25.92382978200004],[124.55951448100008,25.92369599700004],[124.55874910500006,25.92359616500005],[124.55906568400007,25.92382978200004]]],[[[124.56017596900006,25.92413741400003],[124.56002029400008,25.92384632900007],[124.559501575,25.923966380000024],[124.56017596900006,25.92413741400003]]],[[[123.68762211700005,25.92419747300005],[123.68758005400002,25.92411398400003],[123.687554739,25.92414793900008],[123.68762211700005,25.92419747300005]]],[[[123.67635511000005,25.924210880000032],[123.67618746700008,25.924351406000028],[123.67644241300002,25.924241067000025],[123.67635511000005,25.924210880000032]]],[[[124.55911486000002,25.92434609000003],[124.5590795060001,25.924052001000064],[124.55905686100004,25.92406054500003],[124.55911486000002,25.92434609000003]]],[[[123.67617926900004,25.924466963000043],[123.67610162700008,25.924440291000053],[123.67609071800008,25.924476410000068],[123.67617926900004,25.924466963000043]]],[[[123.68730827700006,25.924833918000047],[123.68726477300004,25.92483330500005],[123.68727412200008,25.924854009000057],[123.68730827700006,25.924833918000047]]],[[[123.68742134600008,25.924860886000033],[123.68738982200011,25.92484652800005],[123.68740568300008,25.92486615200005],[123.68742134600008,25.924860886000033]]],[[[123.68730302800007,25.924946971000058],[123.68721352800004,25.924929124000073],[123.68726152500004,25.92498497300005],[123.68730302800007,25.924946971000058]]],[[[123.68791321000003,25.925057794000057],[123.68810965400009,25.924907305000033],[123.68779776300003,25.924965134000047],[123.68791321000003,25.925057794000057]]],[[[123.68814859100009,25.92518399900007],[123.68804532900003,25.92517687900005],[123.68809483200005,25.92523890600006],[123.68814859100009,25.92518399900007]]],[[[123.68648841800008,25.925387887000056],[123.68653423400008,25.92540107300005],[123.686525124,25.925370677000046],[123.68648841800008,25.925387887000056]]],[[[123.67703401100005,25.925583146000065],[123.67689768800004,25.925606319000053],[123.67706237600008,25.925631724000027],[123.67703401100005,25.925583146000065]]],[[[123.68602214200008,25.92629738000005],[123.68598034700004,25.92624699700008],[123.68596053500004,25.92625875500005],[123.68602214200008,25.92629738000005]]],[[[123.678000966,25.92710544600004],[123.67793132600002,25.927078092000045],[123.67794076200003,25.927142653000033],[123.678000966,25.92710544600004]]],[[[123.6787517460001,25.92734143800004],[123.678707174,25.927338103000068],[123.678717569,25.927362166000023],[123.6787517460001,25.92734143800004]]],[[[123.68499153700007,25.927339276000055],[123.68492293800011,25.927372658000024],[123.68499176100012,25.927382229000045],[123.68499153700007,25.927339276000055]]],[[[123.68532179500004,25.927448820000052],[123.68529231700006,25.92738578800004],[123.68525817000013,25.927409442000055],[123.68532179500004,25.927448820000052]]],[[[123.67879604700012,25.927503213000023],[123.67874303700012,25.92750154500004],[123.67878112100004,25.92751831000004],[123.67879604700012,25.927503213000023]]],[[[123.67964156700008,25.92805163900005],[123.67956725100008,25.92802424200005],[123.679579374,25.928067534000036],[123.67964156700008,25.92805163900005]]],[[[123.67892989600011,25.92799555000005],[123.6791429320001,25.92792754000004],[123.67913463200011,25.92780456400004],[123.67892989600011,25.92799555000005]]],[[[123.68380949600008,25.92856413900006],[123.68378967800004,25.92847935900005],[123.683754743,25.92850531100004],[123.68380949600008,25.92856413900006]]],[[[123.68076356900008,25.92850544000004],[123.68071132800004,25.928473765000035],[123.680686755,25.92855363900003],[123.68076356900008,25.92850544000004]]],[[[123.68132918000003,25.92876428600005],[123.68132886700003,25.928702215000044],[123.68131516000004,25.928761851000047],[123.68132918000003,25.92876428600005]]],[[[123.68110652900008,25.92839260900007],[123.68376390000005,25.928361516000052],[123.68538646700006,25.926258907000033],[123.68663568500006,25.925171197000054],[123.68721008400009,25.925125541000057],[123.68718252700012,25.924941672000045],[123.68726221200006,25.924802787000033],[123.68767084500008,25.924492300000058],[123.68742134800004,25.92416012700005],[123.68806509700003,25.92392231300005],[123.6878425970001,25.92332423000005],[123.68871198800002,25.923550331000055],[123.68788161300006,25.920938998000057],[123.68631977300004,25.920111723000048],[123.68601517700006,25.91970442400003],[123.68004639100002,25.919581266000023],[123.67845123300005,25.92053822400004],[123.67759740600002,25.922235302000047],[123.67637912100008,25.92318171000005],[123.6760877270001,25.92312963800003],[123.67672004100008,25.925049884000032],[123.67950935600004,25.92765433200003],[123.67978309900002,25.92819536500008],[123.67977081700008,25.92861066200004],[123.68110652900008,25.92839260900007]]],[[[123.68274722600006,25.929092109000067],[123.682694082,25.929124883000043],[123.68275360700012,25.92912753300004],[123.68274722600006,25.929092109000067]]]]}},{"type":"Feature","properties":{"area_code":"10007","area_name":"彰化縣"},"geometry":{"type":"Polygon","coordinates":[[[120.45655962700005,24.207183317000045],[120.50438796600008,24.191143340000053],[120.50811108100004,24.18716370900006],[120.52547858200012,24.14990090500004],[120.52567197500002,24.146039169000066],[120.5235521080001,24.139675382000064],[120.53268353800001,24.12642845700003],[120.540922238,24.123659313000076],[120.54538488500008,24.116470865000053],[120.54968967500008,24.11387985500005],[120.57261410800004,24.108315057000027],[120.57692051200002,24.10962382500003],[120.58352414600006,24.109547270000064],[120.5883632120001,24.10622969800005],[120.599961129,24.10518487300004],[120.60289600800002,24.102891369000076],[120.61249337600007,24.102565800000036],[120.61494359800008,24.08504079200003],[120.61700395700008,24.079421899000067],[120.6196656620001,24.073043554000037],[120.62371693500006,24.07169588100004],[120.62538293900002,24.06873681600007],[120.62569131100008,24.057025588000045],[120.62343066000004,24.052118534000044],[120.62579767200008,24.046812161000048],[120.62601795900002,24.04162023400005],[120.62811325900007,24.03835028000003],[120.62422923100009,24.03337101100004],[120.62446895700008,24.03098884700006],[120.62865824100004,24.02961975000005],[120.63614605500004,24.031050294000067],[120.63753704600003,24.02852861300005],[120.6446429880001,24.02587807900005],[120.64626004500008,24.026901167000062],[120.644612531,24.033435516000058],[120.646404662,24.03402444300008],[120.65175349000005,24.02853394400006],[120.65578999600008,24.03066271600005],[120.66091364300009,24.02589054400005],[120.67864638600008,24.014030930000047],[120.67599407200008,24.01071224100008],[120.67008998300004,24.009958862000076],[120.67369765800004,24.008082718000026],[120.67258145900009,24.00584677300003],[120.66358980500002,24.008096263000027],[120.649420426,24.008081133000076],[120.64620084800003,24.009149359000048],[120.64247385100008,24.00895662000005],[120.64034789800009,24.005729461000044],[120.63809471200013,24.00740371300003],[120.63820073300008,24.003756203000023],[120.63611709200006,23.99841145300007],[120.63682781600004,23.99451172100004],[120.64532602200006,23.989616787000045],[120.65017790900004,23.98370138500007],[120.64631533000012,23.973240831000055],[120.6468682950001,23.96341925200005],[120.6442238190001,23.96208077400007],[120.642658879,23.958271539000062],[120.63540847100012,23.95224515900003],[120.63112726800011,23.956297388000053],[120.62698317200012,23.95644230100004],[120.63384533600004,23.95336456700005],[120.63407344300003,23.952259618000028],[120.63156382200007,23.95348365500007],[120.62759310100012,23.951770100000033],[120.634655532,23.94370779900004],[120.63336584400008,23.94288145300004],[120.63082932200008,23.944800221000037],[120.63016129100004,23.94295665000004],[120.63764157700008,23.935589795000055],[120.63548641500006,23.937444559000028],[120.63277667800004,23.93564456200005],[120.63213871000004,23.93287441700005],[120.62782347700012,23.93108247500004],[120.6374107150001,23.92408430200004],[120.63718750900011,23.921804595000022],[120.63532194700008,23.92165512300005],[120.63645582100004,23.91936925600004],[120.6335381450001,23.919580908000057],[120.63509212100008,23.917900253000028],[120.63389592900012,23.917809671000043],[120.63327107700002,23.915995802000054],[120.63471394200008,23.91311661400005],[120.63305897700002,23.914200926000035],[120.63260073400012,23.910879050000062],[120.62940318200005,23.91081273800006],[120.63301023100009,23.90960046400005],[120.63066532800008,23.908213429000057],[120.63422151400005,23.907668913000062],[120.63328366400005,23.906175270000062],[120.63212589600003,23.90675084700007],[120.63303220600004,23.904212003000055],[120.63136940200002,23.903431013000045],[120.63492555200004,23.901453728000035],[120.63371349800002,23.900373294000076],[120.635064961,23.89859868900004],[120.63436176800008,23.89674801600006],[120.63280352900006,23.896442703000048],[120.63440502500008,23.89354799800003],[120.632226499,23.892362413000058],[120.6341088370001,23.89187586600008],[120.63265311200009,23.88968724700004],[120.62730767100004,23.889502899000036],[120.629421932,23.88909970900005],[120.62958677000006,23.884624822000035],[120.62745996,23.88350786600006],[120.62672003400009,23.87949724500004],[120.62482516200008,23.87711201700006],[120.62580732000004,23.87346438000003],[120.62378308300003,23.871473894000076],[120.62396017300011,23.86892438600006],[120.62154979200012,23.86983346100004],[120.6199084430001,23.868368392000036],[120.62060889800011,23.863715329000055],[120.62354795300008,23.861967892000052],[120.62224045100004,23.860120666000057],[120.62782115700008,23.857397736000053],[120.62626691900005,23.854749704000028],[120.6252475770001,23.855181711000057],[120.62595582100003,23.852075969000055],[120.62449526000012,23.852262017000044],[120.623444274,23.84889849200005],[120.62295848500004,23.849860578000065],[120.62270901000012,23.848704190000035],[120.61943372500002,23.84961794900005],[120.6235987880001,23.84706725600006],[120.62160133900012,23.846581110000045],[120.62108653300004,23.844403541000077],[120.61837146000003,23.844622473000072],[120.61964860100012,23.843513434000045],[120.6182903560001,23.842585108000037],[120.61978298500004,23.84242342500005],[120.61549658200012,23.84047423100003],[120.616768782,23.84014387700006],[120.61717690300009,23.83762492900007],[120.61845296400008,23.840379220000045],[120.62084968500004,23.841657071000043],[120.62213825600008,23.84085184900005],[120.62093820400004,23.839364362000023],[120.62301097700004,23.839970563000065],[120.62224472000004,23.838661110000032],[120.62612470500004,23.841918143000044],[120.62650634400006,23.839883221000036],[120.62905666200004,23.838676457000076],[120.6249242880001,23.83659374900003],[120.62997821200008,23.83734539100004],[120.62827266400008,23.83582246400005],[120.6310588230001,23.835644322000064],[120.62910518400008,23.834402384000043],[120.63364745100012,23.83408913200003],[120.62424409200004,23.831748598000047],[120.62296104100004,23.830363582000075],[120.62359542800004,23.82948454800004],[120.63051253600008,23.832428047000064],[120.63042030000008,23.831194605000064],[120.63339262400008,23.832962638000023],[120.63705417000006,23.832789508000076],[120.63845041700006,23.831411586000055],[120.63435253400009,23.83111294200006],[120.63719590800008,23.83055547400005],[120.63818526300008,23.828917145000048],[120.63604453800008,23.82791567500004],[120.6394546250001,23.827417319000062],[120.6377273170001,23.82638153300007],[120.64000904200007,23.825106498000025],[120.63702224100008,23.82585395700005],[120.63675913600002,23.825754634000077],[120.63496328000008,23.82589609200005],[120.63386372400008,23.825841229000048],[120.6391919130001,23.82456275600003],[120.63782277700012,23.82370193500003],[120.6387395810001,23.82263263300007],[120.63776094500008,23.821779029000027],[120.639602394,23.82208286400004],[120.63993133200006,23.820326542000032],[120.64797590800003,23.81663763200004],[120.65091692800002,23.812504661000048],[120.66505023900004,23.815036496000065],[120.66473254400012,23.816309836000073],[120.66758680100008,23.81660030300003],[120.67188862300009,23.819406661000073],[120.67635456700008,23.819286765000072],[120.67881892800006,23.816294602000028],[120.67797968400008,23.814076030000024],[120.67898389200002,23.80594307900003],[120.6834133210001,23.805417969000075],[120.68389576700008,23.80135233900006],[120.6783726760001,23.801123249000057],[120.664170054,23.792287013000077],[120.64154835800002,23.785622011000044],[120.63502047400004,23.78676985100003],[120.63313246400004,23.78889118400008],[120.62832675000004,23.79001133500003],[120.58696209200002,23.79191223600003],[120.57802764500002,23.795276485000045],[120.56028793300004,23.798145094000063],[120.55122459200004,23.80112848800007],[120.53547056400008,23.80129449900005],[120.52781834600012,23.799059157000045],[120.50873951800008,23.800447002000055],[120.48316688400008,23.80656907200006],[120.45812357600003,23.816124100000025],[120.45208924400004,23.817215989000033],[120.44335872500004,23.82266054200005],[120.43953033900004,23.826865385000076],[120.43310952900003,23.830148250000036],[120.42525715300008,23.83024825700005],[120.41843607900012,23.82700894500005],[120.41033550100008,23.82637614500004],[120.37032451700009,23.828559213000062],[120.3581367490001,23.82281292500005],[120.30812627100012,23.820301662000077],[120.25501910600008,23.834251701000028],[120.23785107700007,23.846355024000047],[120.22036234000008,23.866219431000047],[120.225501838,23.872509579000052],[120.22615109700008,23.876880352000057],[120.23533042000008,23.88525962100005],[120.23954531800008,23.887689357000056],[120.24715066300008,23.888442766000026],[120.25522992700007,23.894187243000033],[120.25774282200008,23.89932913000007],[120.25561514500008,23.90337486100003],[120.256239337,23.907894030000023],[120.26089078300004,23.91503758300007],[120.26105202800012,23.91972837700007],[120.26375347900012,23.921822804000044],[120.2691424520001,23.93058690500004],[120.27881118500012,23.933594802000073],[120.28162297000006,23.94344791800006],[120.28033320800012,23.948400766000077],[120.28283338000006,23.954505753000035],[120.28614757900004,23.95710573900004],[120.29026272700004,23.95822374000005],[120.29462707800008,23.963214866000044],[120.30692106200001,23.972222523000028],[120.30838383500009,23.97525726200007],[120.3087434250001,23.98710432000007],[120.31187001700005,23.989772389000052],[120.31645834000004,23.999231716000057],[120.3352928380001,24.01574313900005],[120.33780291500013,24.031286677000026],[120.340366259,24.035113369000044],[120.34141581300004,24.039616557000045],[120.34241235600008,24.054719591000037],[120.33973402000004,24.059724413000023],[120.34208563100005,24.060128164000048],[120.34777469000004,24.069617479000044],[120.35919417900004,24.074276643000076],[120.36337033200004,24.080847541000026],[120.37545346800005,24.08301541500003],[120.38417085900004,24.087672017000045],[120.38634574800004,24.097042896000065],[120.38181800700012,24.096853872000057],[120.38002480600004,24.094490764000057],[120.38031607700007,24.09273570000005],[120.37955019700009,24.094289538000055],[120.39683310900011,24.117493426000067],[120.39767253800004,24.12221170500004],[120.40114439400008,24.128969442000027],[120.39970412700006,24.133055333000073],[120.40083373700008,24.13692150100007],[120.40263901500008,24.13868208400004],[120.4071189770001,24.13955673600003],[120.40901416500004,24.142658452000035],[120.41279227600012,24.152233456000033],[120.40805282100008,24.154951054000037],[120.40914169900007,24.156293946000066],[120.41499951100002,24.15755676300006],[120.41639266800009,24.170479095000076],[120.41832631600003,24.173671355000067],[120.42576158300004,24.178657056000077],[120.42471460800004,24.18329950800006],[120.42973524800004,24.184512657000028],[120.43270599100003,24.186651297000022],[120.43916377300002,24.18572962500008],[120.44395694600009,24.188940022000057],[120.45655962700005,24.207183317000045]]]}},{"type":"Feature","properties":{"area_code":"10008","area_name":"南投縣"},"geometry":{"type":"Polygon","coordinates":[[[121.26891858300009,24.237916264000035],[121.27686021300008,24.235469158000058],[121.27754630800008,24.232130003000066],[121.279997341,24.22977694000008],[121.28297059500004,24.23103147800003],[121.28588883600004,24.229092586000036],[121.28888496500008,24.230160951000073],[121.29401060000008,24.229589936000025],[121.2951476720001,24.23224969200004],[121.29868720000002,24.233134904000053],[121.29874856100004,24.235613810000075],[121.30117180000002,24.236692580000067],[121.30389381000008,24.233682482000063],[121.31409501200004,24.234996745000046],[121.31965260900006,24.23186895700007],[121.32444355200003,24.233007240000063],[121.33317140800013,24.229826459000037],[121.34301988900006,24.223553595000055],[121.34937825500003,24.210438413000077],[121.34833340600004,24.207189736000032],[121.34967742700007,24.200235330000055],[121.34086042900005,24.19845997500005],[121.33581142100002,24.19910973900005],[121.32562015300005,24.196124963000045],[121.32271076800008,24.19170985100004],[121.31991591300005,24.191236494000066],[121.31578716100012,24.185171712000056],[121.30708024800003,24.18033236900004],[121.29878808600006,24.180091649000076],[121.29298952600004,24.177201530000048],[121.28661236500012,24.177634040000044],[121.28835220500002,24.157739070000048],[121.28033491000008,24.157865706000052],[121.2810295380001,24.154492740000023],[121.28468026100006,24.152289104000033],[121.28422155900012,24.14585090100007],[121.28136925900004,24.13587321700004],[121.29586397800006,24.13244251900005],[121.3035423020001,24.124579436000033],[121.31162583700008,24.120190342000058],[121.315661524,24.116493513000023],[121.32499716600012,24.11608276900006],[121.32840441700012,24.114633910000062],[121.32565770800012,24.10246294500007],[121.31894789000012,24.095010135000052],[121.32322804500006,24.08517986000004],[121.31793160100005,24.079698911000037],[121.30819185300004,24.073307403000054],[121.29988752600002,24.062173985000072],[121.29863559500006,24.06169014100004],[121.29554435300008,24.063779724000028],[121.28942624400008,24.05889075300007],[121.28647296000008,24.057959494000045],[121.2832081250001,24.05426686900006],[121.28261231500004,24.051277501000072],[121.28497728000002,24.048569687000057],[121.28566110500005,24.039533231000064],[121.27660953400004,24.024614840000027],[121.27631610900004,24.020151656000053],[121.27031374400008,24.010015340000052],[121.27005128000008,24.00671145900003],[121.26105013800009,23.994142924000073],[121.25993826900005,23.990624060000073],[121.26142711900002,23.981797587000074],[121.26442095800007,23.975700734000043],[121.27356729200004,23.975252028000057],[121.27561682100009,23.96835858700007],[121.27791049000008,23.965833167000028],[121.27517317800005,23.960101208000022],[121.27581657100006,23.955864572000053],[121.27470509900002,23.95144571800006],[121.27175229300008,23.94850483700003],[121.27433399200004,23.94563978900004],[121.273963169,23.941584565000028],[121.2720568530001,23.938345120000065],[121.273857184,23.93621955200007],[121.274849968,23.931541897000045],[121.27340772300012,23.928490474000057],[121.27651463100005,23.92316316700004],[121.27506805900008,23.918583742000067],[121.27629501400008,23.916220949000035],[121.27543558800004,23.914696209000056],[121.27607848500008,23.909863777000055],[121.27445348700007,23.90731762000007],[121.26627090700003,23.90726640500003],[121.26106217100003,23.902602263000063],[121.26244011600012,23.899080109000067],[121.26653565900006,23.89841074900005],[121.26517807000003,23.896719433000044],[121.26550764900004,23.891241541000056],[121.26741334400003,23.888999970000043],[121.26845118900007,23.883752858000037],[121.265317911,23.88303079900004],[121.26317777500005,23.880771396000057],[121.26519104400006,23.87282893400004],[121.2581507650001,23.872510171000044],[121.25693935800008,23.869456416000048],[121.253035973,23.867894884000066],[121.25292086600008,23.862955242000055],[121.24996659300008,23.85981994800005],[121.24892405800006,23.852131667000037],[121.2445181810001,23.848913233000076],[121.24348078900005,23.844984526000076],[121.23942296500002,23.840422853000064],[121.23667696600012,23.825212695000065],[121.239133981,23.821863088000043],[121.2347727880001,23.81794333100004],[121.23446037600002,23.812000174000048],[121.22754118300008,23.80853761900005],[121.22790980900004,23.80533474400005],[121.22605547600006,23.802277959000037],[121.22662075300002,23.79244359100005],[121.22727288300008,23.79109437900007],[121.23033207600008,23.790278327000067],[121.23040066300008,23.787966982000057],[121.22629269800008,23.78367432700003],[121.21954516900009,23.781796134000047],[121.21219073800012,23.77568610700007],[121.20867564900004,23.77593005800003],[121.20465097500004,23.772398778000024],[121.206747156,23.767239678000067],[121.20866975600006,23.76584627400007],[121.20648279000012,23.762636977000057],[121.21096729500005,23.761111624000023],[121.21340207000004,23.75747046300006],[121.21864494300009,23.756384100000048],[121.22139824700004,23.752756314000067],[121.22930628300004,23.752269268000077],[121.23330472000008,23.748948023000025],[121.23007635200008,23.747184081000057],[121.22884970700012,23.74451585100007],[121.228576878,23.735083857000063],[121.22966956700007,23.730080410000028],[121.23310608100007,23.730128625000077],[121.23576682900011,23.72463844500004],[121.23940807000008,23.72434719100005],[121.23778540900004,23.72006986200006],[121.23951852100004,23.716278802000033],[121.23926563600004,23.71096368600007],[121.24123155100006,23.707941664000032],[121.23932325100007,23.70018967900006],[121.241212141,23.698464133000073],[121.23937000700003,23.694685795000055],[121.2394321810001,23.68697260700003],[121.23244708100005,23.67746582500007],[121.235955267,23.670771888000047],[121.23575072900007,23.66220568400007],[121.23192678900013,23.657878786000023],[121.230248522,23.647986713000023],[121.22411872700002,23.638854782000067],[121.22472951800012,23.626818189000065],[121.2199548960001,23.61692652000005],[121.21732274100007,23.614696691000063],[121.21312085800004,23.60008304200005],[121.20812532900004,23.598242022000026],[121.20622929600006,23.595787513000065],[121.20012531600004,23.596401997000044],[121.193962338,23.600499150000076],[121.18940898900009,23.594812087000037],[121.1834736510001,23.59316394500007],[121.17972995000002,23.59003233900006],[121.18000639800005,23.58745788100003],[121.178043988,23.58263746700004],[121.17139585400004,23.584141875000057],[121.1698701680001,23.586318408000068],[121.16674624900008,23.587142132000057],[121.16050945000006,23.587035228000047],[121.1581901830001,23.58573133400006],[121.15339176400003,23.58677836100003],[121.15201784400006,23.581657449000033],[121.15214996600004,23.573159050000072],[121.1551125850001,23.57086335100007],[121.160351611,23.56976397300008],[121.16034074400012,23.56782809400005],[121.15801688100008,23.564048877000065],[121.15714280200008,23.559555825000075],[121.15187693400004,23.560473840000043],[121.14611671400009,23.554370208000023],[121.15105977200004,23.545175223000054],[121.14687601700008,23.53410565300004],[121.15075623700012,23.528811950000033],[121.15091989700012,23.52663029300004],[121.14717098000006,23.52724594600005],[121.14439922200006,23.52559536600006],[121.13833530200009,23.52059201700007],[121.1351351620001,23.51493351000005],[121.13225495000006,23.515106135000053],[121.13112827100008,23.517484609000064],[121.12878928300006,23.518498085000033],[121.1263509910001,23.517047233000028],[121.117697893,23.521643152000024],[121.110798971,23.51906098200004],[121.10367399900008,23.51893040600004],[121.101023015,23.52124507900004],[121.09736263700006,23.521645785000032],[121.09326751100002,23.51777931400005],[121.09185116000003,23.514516942000057],[121.08810511200012,23.514046086000064],[121.0684576750001,23.51844746100005],[121.0687598610001,23.514767223000035],[121.06613843900004,23.50631027000003],[121.0629810260001,23.50383743900005],[121.06216701300002,23.49953641600007],[121.05724512600013,23.49618806700005],[121.0540967390001,23.49560340900007],[121.05279939900004,23.49367748000003],[121.05412020900008,23.490114729000027],[121.05361207600004,23.48782881900007],[121.05011651300003,23.486529733000054],[121.04855320000001,23.48241527500005],[121.0449700150001,23.480540371000075],[121.0388959070001,23.474082785000064],[121.04965242300013,23.467832928000064],[121.05130662200008,23.464309747000073],[121.05892794300009,23.461941903000024],[121.05835093700011,23.460275101000036],[121.05452837200004,23.457378541000026],[121.05181706900008,23.45080247100003],[121.04646473100001,23.45087207800003],[121.04396416600002,23.448956988000077],[121.03495355000008,23.446059880000064],[121.03352837500006,23.445439798000052],[121.03314239600002,23.443322626000057],[121.02865998800009,23.441607619000024],[121.02651946900004,23.439152927000062],[121.02211691600009,23.43902556200004],[121.01935808700011,23.436309992000076],[121.01526836700008,23.43541024700005],[121.01058109200004,23.44124413700007],[121.01042063200008,23.44507019300005],[121.0158546880001,23.45160877400008],[121.00846111700002,23.462086185000032],[121.00589645600007,23.462971356000025],[120.998788901,23.46237952900003],[120.98460171400006,23.46656967800004],[120.98053726300007,23.469214384000058],[120.97063142000002,23.469042262000073],[120.96670600200002,23.47169959100006],[120.94751869400012,23.46712302800006],[120.94226209200008,23.46932245200003],[120.93756820600004,23.473053935000053],[120.9346500260001,23.473113101000024],[120.93096341100012,23.470664063000072],[120.92092245300012,23.47492793500004],[120.91748299300002,23.475692649000052],[120.9150885140001,23.474632259000032],[120.910211784,23.47622956500004],[120.88670583700002,23.47556401600008],[120.88426859300012,23.47430827700003],[120.88189884700012,23.46828900400004],[120.8800258550001,23.467622277000032],[120.873094669,23.46852722700004],[120.86320044600006,23.473549653000077],[120.84914471600008,23.472091832000046],[120.84209247100011,23.473257808000028],[120.83897303900004,23.471218400000055],[120.83264304700003,23.474731123000023],[120.82989598800008,23.480728041000077],[120.82707602000004,23.48338117800006],[120.8253043420001,23.48970915800004],[120.8253143710001,23.49530875300007],[120.82285115200013,23.49867142100004],[120.82406788500008,23.505278215000033],[120.82304459500006,23.511359352000056],[120.81955631700008,23.515580706000037],[120.81911425400006,23.519533711000065],[120.82034877600006,23.521481709000057],[120.80861148300004,23.536185249000027],[120.80883302100005,23.54585978800003],[120.81149428600008,23.551054333000025],[120.81586399200012,23.553108871000063],[120.814148369,23.556241804000024],[120.82062678800004,23.562400336000053],[120.81992374900004,23.564516844000025],[120.82189746000006,23.57091015400005],[120.81962551000004,23.574530941000035],[120.81990641400012,23.577679120000028],[120.82161796600008,23.58214207700007],[120.82469169100013,23.584202237000056],[120.82552744500003,23.586367236000054],[120.81988524000008,23.590437806000068],[120.81687041300006,23.595601870000053],[120.81861187000004,23.598241762000043],[120.81762865700011,23.599600390000035],[120.81370720000008,23.60095020100005],[120.80979101800006,23.598687761000065],[120.80512398300004,23.59861701400007],[120.80332854700008,23.59664610300007],[120.79491667200011,23.597247554000035],[120.79087122400006,23.60094385600007],[120.78312895100008,23.600736815000065],[120.77831108000008,23.60203273600007],[120.77457550000008,23.605205047000027],[120.77004978200011,23.60605488500005],[120.76941338800007,23.608371334000022],[120.76428218400008,23.612237383000036],[120.75808063800002,23.612487935000047],[120.7535621400001,23.61481619600005],[120.75091779500008,23.614450907000048],[120.74748009600012,23.61116368300003],[120.74438799000006,23.61266545500007],[120.74136529400003,23.61227016400005],[120.73739767900008,23.609631960000055],[120.73086458800005,23.61080677600006],[120.73067620000006,23.618274022000037],[120.7230873420001,23.622532147000072],[120.71837130100003,23.629955928000072],[120.71310386800008,23.627911074000053],[120.71407108900009,23.621016850000046],[120.7111019350001,23.619503768000072],[120.70502851700007,23.617268187000036],[120.696447368,23.62009406000004],[120.69131853500004,23.620353152000064],[120.68605782400005,23.618209308000075],[120.68547222400002,23.61283994200005],[120.68372922800006,23.610938341000065],[120.66913595200003,23.609340341000063],[120.66451179400008,23.611118459000068],[120.6612032700001,23.61046970800004],[120.65835280800002,23.61383286000006],[120.65144876600004,23.61610642000005],[120.65292344800002,23.621864592000065],[120.6530034220001,23.629505821000063],[120.645135427,23.63098444800005],[120.64387127000008,23.628247247000047],[120.63873498100008,23.624741544000074],[120.63536537700008,23.61984741400005],[120.63370235400008,23.61912615100005],[120.63106299500008,23.621692460000077],[120.62871309600008,23.630010483000035],[120.63016166000013,23.632636840000032],[120.62907694000012,23.635164662000022],[120.63178919000006,23.640195221000056],[120.63520710300008,23.642861852000067],[120.63480781900012,23.647007665000046],[120.63635217800004,23.64824360700004],[120.63497119600004,23.65157286600004],[120.63685430200007,23.65697728300006],[120.64013562200012,23.661141066000027],[120.64057131700008,23.66438107600004],[120.64439322400005,23.667606386000045],[120.64493537700002,23.67162884800007],[120.64693053200006,23.672706616000028],[120.64604609600008,23.677129265000076],[120.64827127800004,23.682790375000025],[120.64624521400005,23.68477594800004],[120.64698932400006,23.686573511000063],[120.645712784,23.687211601000055],[120.64551745200004,23.690075843000045],[120.646595659,23.692805536000037],[120.643409581,23.69970156200003],[120.64567316300008,23.703205058000037],[120.641376013,23.705627255000024],[120.64019513500013,23.710002453000072],[120.63898506300006,23.710575567000035],[120.6405847640001,23.713276863000033],[120.63973785500002,23.71450158500005],[120.64168342100004,23.722281249000048],[120.63971034700012,23.726214051000056],[120.64021337800013,23.73072015400004],[120.6420688820001,23.73064263500004],[120.64454088900004,23.736642070000073],[120.64630221700008,23.73557078700003],[120.65089797500002,23.736169104000055],[120.6546028570001,23.734461200000055],[120.65584288600007,23.735119316000063],[120.65436044600006,23.741992335000077],[120.65569758100004,23.755021746000068],[120.64847722700006,23.773275003000037],[120.64037362000012,23.786048467000057],[120.64234183200006,23.785691908000047],[120.66377970200006,23.79214238800006],[120.67492447800008,23.79972378900004],[120.67990381600008,23.80162061300007],[120.68395286400003,23.801562829000034],[120.6834133210001,23.805417969000075],[120.67898389200002,23.80594307900003],[120.67797968400008,23.814076030000024],[120.67881892800006,23.816294602000028],[120.67635456700008,23.819286765000072],[120.67188862300009,23.819406661000073],[120.66758680100008,23.81660030300003],[120.66473254400012,23.816309836000073],[120.66505023900004,23.815036496000065],[120.65091692800002,23.812504661000048],[120.64797590800003,23.81663763200004],[120.63993133200006,23.820326542000032],[120.639602394,23.82208286400004],[120.63776094500008,23.821779029000027],[120.6387395810001,23.82263263300007],[120.63782277700012,23.82370193500003],[120.6391919130001,23.82456275600003],[120.63386372400008,23.825841229000048],[120.64000904200007,23.825106498000025],[120.6377273170001,23.82638153300007],[120.6394546250001,23.827417319000062],[120.63604453800008,23.82791567500004],[120.63818526300008,23.828917145000048],[120.63719590800008,23.83055547400005],[120.63435253400009,23.83111294200006],[120.63845041700006,23.831411586000055],[120.63705417000006,23.832789508000076],[120.63339262400008,23.832962638000023],[120.63042030000008,23.831194605000064],[120.63051253600008,23.832428047000064],[120.62359542800004,23.82948454800004],[120.62296104100004,23.830363582000075],[120.62424409200004,23.831748598000047],[120.63364745100012,23.83408913200003],[120.62910518400008,23.834402384000043],[120.6310588230001,23.835644322000064],[120.62827266400008,23.83582246400005],[120.62997821200008,23.83734539100004],[120.6249242880001,23.83659374900003],[120.62905666200004,23.838676457000076],[120.62650634400006,23.839883221000036],[120.62612470500004,23.841918143000044],[120.62224472000004,23.838661110000032],[120.62301097700004,23.839970563000065],[120.62093820400004,23.839364362000023],[120.62213825600008,23.84085184900005],[120.62084968500004,23.841657071000043],[120.61845296400008,23.840379220000045],[120.61717690300009,23.83762492900007],[120.616768782,23.84014387700006],[120.61549658200012,23.84047423100003],[120.61978298500004,23.84242342500005],[120.6182903560001,23.842585108000037],[120.61964860100012,23.843513434000045],[120.61837146000003,23.844622473000072],[120.62108653300004,23.844403541000077],[120.62160133900012,23.846581110000045],[120.6235987880001,23.84706725600006],[120.61943372500002,23.84961794900005],[120.62270901000012,23.848704190000035],[120.62295848500004,23.849860578000065],[120.623444274,23.84889849200005],[120.62449526000012,23.852262017000044],[120.62595582100003,23.852075969000055],[120.6252475770001,23.855181711000057],[120.62626691900005,23.854749704000028],[120.62782115700008,23.857397736000053],[120.62224045100004,23.860120666000057],[120.62354795300008,23.861967892000052],[120.62060889800011,23.863715329000055],[120.6199084430001,23.868368392000036],[120.62154979200012,23.86983346100004],[120.62396017300011,23.86892438600006],[120.62378308300003,23.871473894000076],[120.62580732000004,23.87346438000003],[120.62482516200008,23.87711201700006],[120.62672003400009,23.87949724500004],[120.62745996,23.88350786600006],[120.62958677000006,23.884624822000035],[120.629421932,23.88909970900005],[120.62730767100004,23.889502899000036],[120.63265311200009,23.88968724700004],[120.6341088370001,23.89187586600008],[120.632226499,23.892362413000058],[120.63440502500008,23.89354799800003],[120.63280352900006,23.896442703000048],[120.63436176800008,23.89674801600006],[120.635064961,23.89859868900004],[120.63371349800002,23.900373294000076],[120.63492555200004,23.901453728000035],[120.63136940200002,23.903431013000045],[120.63303220600004,23.904212003000055],[120.63212589600003,23.90675084700007],[120.63328366400005,23.906175270000062],[120.63422151400005,23.907668913000062],[120.63066532800008,23.908213429000057],[120.63301023100009,23.90960046400005],[120.62940318200005,23.91081273800006],[120.63260073400012,23.910879050000062],[120.63305897700002,23.914200926000035],[120.63471394200008,23.91311661400005],[120.63327107700002,23.915995802000054],[120.63389592900012,23.917809671000043],[120.63509212100008,23.917900253000028],[120.6335381450001,23.919580908000057],[120.63645582100004,23.91936925600004],[120.63532194700008,23.92165512300005],[120.63718750900011,23.921804595000022],[120.6374107150001,23.92408430200004],[120.62782347700012,23.93108247500004],[120.63213871000004,23.93287441700005],[120.63277667800004,23.93564456200005],[120.63548641500006,23.937444559000028],[120.63764157700008,23.935589795000055],[120.63016129100004,23.94295665000004],[120.63082932200008,23.944800221000037],[120.63336584400008,23.94288145300004],[120.634655532,23.94370779900004],[120.62759310100012,23.951770100000033],[120.63156382200007,23.95348365500007],[120.63407344300003,23.952259618000028],[120.63384533600004,23.95336456700005],[120.62698317200012,23.95644230100004],[120.63112726800011,23.956297388000053],[120.63540847100012,23.95224515900003],[120.642658879,23.958271539000062],[120.6442238190001,23.96208077400007],[120.6468682950001,23.96341925200005],[120.64631533000012,23.973240831000055],[120.65017790900004,23.98370138500007],[120.64532602200006,23.989616787000045],[120.63682781600004,23.99451172100004],[120.63611709200006,23.99841145300007],[120.63820073300008,24.003756203000023],[120.63809471200013,24.00740371300003],[120.64034789800009,24.005729461000044],[120.64247385100008,24.00895662000005],[120.64620084800003,24.009149359000048],[120.649420426,24.008081133000076],[120.66358980500002,24.008096263000027],[120.67258145900009,24.00584677300003],[120.67369765800004,24.008082718000026],[120.67008998300004,24.009958862000076],[120.67599407200008,24.01071224100008],[120.67876323000009,24.014222312000072],[120.69488292200003,24.00711807400006],[120.70638283700008,24.005191334000074],[120.71924181500005,24.00965873800004],[120.73173128700012,24.009003324000048],[120.74364961800006,24.002169174000073],[120.74603737700012,23.998561168000037],[120.75103522600013,24.002826173000074],[120.75589595800012,24.003530917000035],[120.757973966,24.006094639000025],[120.76267494700004,24.006256716000053],[120.76777669700004,24.009150773000044],[120.77056249100008,24.00907388300004],[120.771255278,24.01420081200007],[120.77520151800002,24.01855212000004],[120.77970203700012,24.020189318000064],[120.78312534300004,24.024776711000072],[120.78464633800002,24.02407873200008],[120.78469855700008,24.02747021700003],[120.786202924,24.029355214000077],[120.78946963600004,24.031227770000044],[120.79153967800003,24.030673712000063],[120.79292162000002,24.032481509000036],[120.79152399200008,24.033537677000027],[120.79169396800012,24.035261955000067],[120.79736239300009,24.04109807800006],[120.796700664,24.04306094800006],[120.80065323300003,24.048647406000043],[120.80088431100012,24.05137645900004],[120.80341925300002,24.052359199000023],[120.80329177100008,24.056261625000047],[120.80799030700008,24.065370092000023],[120.81186584400008,24.06606916800007],[120.81445744200003,24.069895234000057],[120.8163506090001,24.068462865000072],[120.81924640200008,24.068464763000065],[120.82069959000012,24.06979951600005],[120.82929962500008,24.071508894000033],[120.828374671,24.09394501900005],[120.83248789100004,24.098746885000025],[120.8303176610001,24.102588370000035],[120.83450591300004,24.10761310500004],[120.834476676,24.113005481000073],[120.83627601800004,24.116949628000043],[120.842124323,24.120682212000077],[120.84484972700012,24.12452637000007],[120.85387097500006,24.12450941500003],[120.85860494400004,24.116208106000045],[120.864431652,24.115367900000024],[120.86886723900012,24.11760134900004],[120.87245101800012,24.11683621900005],[120.87413231800008,24.11353358100007],[120.87914349200004,24.109302996000057],[120.88149908200012,24.100577945000055],[120.87909248100004,24.098251316000074],[120.87686070100006,24.091192473000035],[120.87801694400002,24.085028075000025],[120.88031124800013,24.08857445900003],[120.88200682400009,24.08832483900005],[120.88587381800004,24.095409395000047],[120.89132509300008,24.097799231000067],[120.89109233800002,24.102029233000053],[120.89425317300004,24.106847480000056],[120.89417458200012,24.110743850000063],[120.89024413000004,24.113546748000033],[120.89152928800002,24.11590758200003],[120.89616317800004,24.116452089000063],[120.90488706500004,24.114485769000055],[120.9072046340001,24.110595190000023],[120.90956304100008,24.10922988300007],[120.91988226900004,24.107440834000045],[120.92714581400004,24.111724297000023],[120.93255404100012,24.11258067400007],[120.94838145800009,24.12493910200004],[120.95010921800008,24.127861620000033],[120.95634346300004,24.124679155000024],[120.96120952800004,24.12015189300007],[120.97116341900004,24.12024164000007],[120.97414603600008,24.119219549000036],[120.9756894410001,24.116867411000044],[120.98542745100008,24.12022243800004],[120.989085304,24.11876692100003],[120.99201961600012,24.121054608000065],[120.99202492300005,24.125253808000025],[120.999554138,24.127761639000028],[121.00036126600004,24.132283595000047],[121.00325032500008,24.133530395000037],[121.006806793,24.140943658000023],[121.00816935400007,24.147039775000053],[121.01224828400008,24.153325015000064],[121.019543354,24.158714493000048],[121.02490115500008,24.15796733900004],[121.02775988500002,24.159555522000066],[121.03122032700004,24.153526400000032],[121.0309999640001,24.14933613200003],[121.03333495100004,24.14858213900004],[121.0356962510001,24.150913717000037],[121.03804597100007,24.15817597700004],[121.04758606700013,24.16002417000004],[121.05055390500002,24.15834688800004],[121.0526599320001,24.154795645000036],[121.0579498300001,24.159234299000047],[121.05940198900008,24.16278063900006],[121.06459963400005,24.16302081700007],[121.06633678700008,24.165515122000045],[121.07242041300005,24.169869697000024],[121.07525408600009,24.170194915000025],[121.08095875100004,24.17542357700006],[121.08487869700002,24.175922705000065],[121.09134818100006,24.182729644000062],[121.09106611000004,24.184815832000027],[121.09398777900005,24.187885384000023],[121.09441243400012,24.190148014000044],[121.10169219000012,24.195634514000066],[121.10841931700008,24.198010870000076],[121.12295122500008,24.196027876000073],[121.136358276,24.196338259000072],[121.14136520200007,24.19964944000003],[121.14320634700005,24.205853327000057],[121.14788986200006,24.212912250000045],[121.16098499500004,24.21518437900005],[121.16764420800008,24.225391752000064],[121.17887946100008,24.213614775000053],[121.181714133,24.212045249000028],[121.19155856800012,24.216586403000065],[121.19231683700002,24.219041267000023],[121.19634275500005,24.223000412000033],[121.208236649,24.221704115000023],[121.21580968600006,24.225347294000073],[121.21942712900012,24.229204150000044],[121.22834231500008,24.224706026000035],[121.22834377700008,24.22593292700003],[121.23077099400008,24.22605175600006],[121.23041307800008,24.223527099000023],[121.23795623,24.21970754800003],[121.24416473500004,24.222495283000057],[121.25195108200012,24.239186553000025],[121.25507300700008,24.24321895100007],[121.2587962880001,24.245116661000058],[121.26541936600006,24.245668184000067],[121.26592026600008,24.24110435500006],[121.26849974100004,24.239948652000063],[121.26891858300009,24.237916264000035]]]}},{"type":"Feature","properties":{"area_code":"10009","area_name":"雲林縣"},"geometry":{"type":"MultiPolygon","coordinates":[[[[120.08108435100009,23.524119751000057],[120.09158568300006,23.519838252000056],[120.09522890300002,23.515453137000065],[120.094957883,23.51212875500005],[120.09598563800012,23.510879643000067],[120.08257252400006,23.512570964000076],[120.08249027500005,23.508480190000057],[120.07929305200004,23.508957936000055],[120.07659916500006,23.50732573600004],[120.07703635900008,23.505838483000048],[120.07487221800012,23.50336966100008],[120.0776668100001,23.50205891800005],[120.07236385600004,23.501964222000023],[120.0710553990001,23.504258908000057],[120.06990845400004,23.50376447900004],[120.07109267400006,23.502019852000046],[120.0691372010001,23.502622173000077],[120.06688015900012,23.50029715700003],[120.07410921200004,23.49878724300004],[120.07096055400008,23.497278659000074],[120.06999786600012,23.498699549000037],[120.06640201700009,23.498551631000055],[120.06531309000002,23.49636903000004],[120.0697499150001,23.49664841000003],[120.06937522400005,23.495219536000036],[120.07210283400002,23.49395363700006],[120.06918605300008,23.49329515700003],[120.06821854100008,23.490138131000037],[120.06527482200012,23.491926368000065],[120.06540357100003,23.49464497100007],[120.06369448200007,23.492928162000055],[120.06201981900006,23.49316187900007],[120.06239019900012,23.49172844400005],[120.05386128700002,23.492281844000047],[120.05615291000004,23.490237051000065],[120.06291372900012,23.489402021000046],[120.06514290000008,23.48718516100007],[120.06321806200005,23.48609910700003],[120.06377111200004,23.482770594000044],[120.06026445400003,23.481431202000067],[120.06252650200008,23.480478683000054],[120.05883355000005,23.478912405000074],[120.05368620100012,23.478944445000025],[120.053533753,23.480695214000036],[120.05831236100003,23.48269256100008],[120.05580262800004,23.48415818800004],[120.05692134000005,23.485708979000037],[120.05432018100008,23.488058901000045],[120.05267631700008,23.487949592000064],[120.05356964900012,23.48335909000008],[120.05229872400004,23.483938273000035],[120.05201591500008,23.481327073000045],[120.0495012770001,23.479523947000075],[120.04798396300008,23.480209949000027],[120.04897068700008,23.476793851000025],[120.04723716700003,23.478688457000032],[120.04267822300004,23.476836604000027],[120.04203032200007,23.479929681000044],[120.04560169,23.484231489000024],[120.04573164100007,23.48821421200006],[120.04865134000012,23.491970207000065],[120.05144246700002,23.492510931000027],[120.04790956400008,23.493572912000047],[120.04725963400006,23.49518520500004],[120.04502535000006,23.493573317000028],[120.04465059900008,23.491512314000033],[120.04573415200002,23.490309027000023],[120.0439585040001,23.484311710000043],[120.0419740430001,23.483802911000055],[120.04237566900008,23.482685745000023],[120.04001691800012,23.48045002400005],[120.04094413000009,23.47852345800004],[120.0377511910001,23.47824193100007],[120.03831113500009,23.480394363000073],[120.03701244800004,23.482517262000044],[120.03493540500006,23.483010058000048],[120.03663712500008,23.479733914000064],[120.03545764500008,23.47904942300005],[120.03579756800002,23.477525572000047],[120.03304144000003,23.47962135900008],[120.02978678300008,23.479601135000053],[120.02708810200012,23.477850686000068],[120.02730347300007,23.475991994000022],[120.02485492500011,23.47524532500006],[120.02590580700009,23.47303972000003],[120.02258786800007,23.470463668000036],[120.02577693500008,23.46859650400006],[120.02348117600002,23.46572888000003],[120.025401245,23.464837954000075],[120.0238781600001,23.459537225000076],[120.02211224100006,23.460230465000052],[120.01764990200002,23.45868553400004],[120.01390336500005,23.45998017200003],[120.0152361370001,23.461072105000028],[120.01641924500008,23.46783347300004],[120.01964196000006,23.46857611100006],[120.01803154600007,23.46952308300007],[120.012299557,23.46783449700007],[120.01270081700012,23.466916051000055],[120.00888878300007,23.46385802900005],[120.00757413800012,23.46106189900007],[120.0144540770001,23.45278731400003],[120.01602921200003,23.448092986000063],[120.02008310700012,23.444073356000047],[120.01847092000004,23.442528241000048],[120.02032903200006,23.442034273000047],[120.02091458400004,23.439202734000048],[120.02224562700007,23.438515817000052],[120.02032294100002,23.43570466400007],[120.01917756600004,23.43628437900003],[120.01720026600005,23.44140963600006],[120.01586703100008,23.439866248000044],[120.01419676300009,23.44181506900003],[120.015467875,23.44381857600007],[120.01280565000002,23.44479498000004],[120.01296201900004,23.446656010000027],[120.00810458800004,23.451961527000037],[120.00409849400012,23.46094268300004],[119.99695793400008,23.465391194000063],[120.00031958500006,23.472943214000058],[120.01082127900008,23.478642214000047],[120.01017168900012,23.479504899000062],[120.01249618500005,23.480476744000043],[120.01289982800006,23.482140684000058],[120.0143256770001,23.481933008000055],[120.01637264700004,23.484428987000054],[120.02769216000002,23.491588],[120.03774260900002,23.496282477000022],[120.04981837800005,23.50520537200003],[120.05223435700007,23.505662521000033],[120.05229169600013,23.507098536000058],[120.0623194320001,23.512378159000036],[120.06339757,23.514840629000048],[120.06662165300008,23.51515795200004],[120.07327451500008,23.520696524000073],[120.07888447900008,23.522797507000064],[120.07866339000007,23.524313134000067],[120.08141919400008,23.52637906800004],[120.08108435100009,23.524119751000057]]],[[[120.098517667,23.542054688000064],[120.10187511800008,23.540737756000055],[120.10801120400004,23.53398296400007],[120.10714388200006,23.53292155500003],[120.1054950680001,23.53404076000004],[120.10307770100007,23.531652119000057],[120.1083573090001,23.53203459900004],[120.11162595200004,23.52960631600007],[120.1093274210001,23.52919588900005],[120.10995367300006,23.527222030000075],[120.09988355400004,23.52944856600004],[120.09818387900008,23.526088816000023],[120.09896722100008,23.52322201000004],[120.096549212,23.521420182000043],[120.0929947190001,23.527683961000037],[120.09113061900008,23.527772411000058],[120.09115399700012,23.531203720000065],[120.09684726600004,23.539272993000058],[120.0963762020001,23.541274774000044],[120.09777537200011,23.540614720000065],[120.098517667,23.542054688000064]]],[[[120.13241822000008,23.546725915000025],[120.13379629400004,23.54760944000003],[120.13473677200012,23.543668831000048],[120.13693943700002,23.54292258600003],[120.1320090270001,23.53416375800003],[120.1275020810001,23.532838328000025],[120.13257669100004,23.530320395000047],[120.12710348300004,23.53017242000004],[120.12564078100002,23.53117550500008],[120.12721975700003,23.533929303000036],[120.12609911000004,23.534871102000068],[120.12780644000009,23.53599129400004],[120.12721124600012,23.53788412800003],[120.12898311900004,23.53843581700005],[120.12664871600008,23.539578498000026],[120.12676881400012,23.541412137000066],[120.12869396400004,23.542930832000025],[120.126422874,23.543071602000055],[120.12611006800012,23.54416240100005],[120.12950015500007,23.54410916300003],[120.13021051900012,23.54643368400008],[120.12921355000005,23.547033077000037],[120.13045561800004,23.54818675300004],[120.13197952700013,23.548186230000056],[120.13241822000008,23.546725915000025]]],[[[120.13275482000006,23.56436216800006],[120.13058184300009,23.561749579000036],[120.1324223580001,23.55952056700005],[120.13071103100005,23.559538102000033],[120.13168018700004,23.55722296400006],[120.12981888400007,23.55503648900003],[120.12985816600008,23.551163107000036],[120.12783217700007,23.553309786000057],[120.12766797100004,23.557272758000067],[120.12551834700004,23.558840830000065],[120.1225694420001,23.55628698000004],[120.12387848300013,23.55503024500007],[120.122480805,23.554309051000075],[120.12301257900003,23.552677733000053],[120.12058868400004,23.55206811900007],[120.119258424,23.54899964300006],[120.11652245300002,23.549507840000047],[120.1151267680001,23.548046184000043],[120.1153801910001,23.546034077000055],[120.1100966890001,23.545687928000063],[120.1093872350001,23.543417500000032],[120.11063400400008,23.54181740500007],[120.10812196000006,23.53963598300004],[120.10572857200007,23.540489068000056],[120.10553683700005,23.542636952000063],[120.10366974200008,23.543836142000032],[120.1050580210001,23.547970546000045],[120.11144207000008,23.55534799000003],[120.1157598960001,23.55661863800003],[120.12145111900008,23.556109112000055],[120.122879376,23.55697495800007],[120.12191260000009,23.558287793000034],[120.12360172300008,23.559561427000062],[120.12448352700004,23.562916290000032],[120.1289605290001,23.563871445000075],[120.13141932500002,23.563099634000025],[120.13275482000006,23.56436216800006]]],[[[120.13038023600008,23.56900807200003],[120.12729103600007,23.57341516400004],[120.132350362,23.578960418000065],[120.13251707200004,23.573715280000044],[120.13038023600008,23.56900807200003]]],[[[120.30656058700004,23.820708913000033],[120.31640187800008,23.82005842800004],[120.33314456200004,23.82228563900003],[120.3581367490001,23.82281292500005],[120.37032451700009,23.828559213000062],[120.41033550100008,23.82637614500004],[120.41843607900012,23.82700894500005],[120.42525715300008,23.83024825700005],[120.43310952900003,23.830148250000036],[120.43953033900004,23.826865385000076],[120.44335872500004,23.82266054200005],[120.45208924400004,23.817215989000033],[120.45812357600003,23.816124100000025],[120.48316688400008,23.80656907200006],[120.50873951800008,23.800447002000055],[120.52781834600012,23.799059157000045],[120.53547056400008,23.80129449900005],[120.55122459200004,23.80112848800007],[120.56028793300004,23.798145094000063],[120.57802764500002,23.795276485000045],[120.58696209200002,23.79191223600003],[120.62832675000004,23.79001133500003],[120.63313246400004,23.78889118400008],[120.63502047400004,23.78676985100003],[120.64037362000012,23.786048467000057],[120.64847722700006,23.773275003000037],[120.65569758100004,23.755021746000068],[120.65436044600006,23.741992335000077],[120.65584288600007,23.735119316000063],[120.6546028570001,23.734461200000055],[120.65089797500002,23.736169104000055],[120.64630221700008,23.73557078700003],[120.64454088900004,23.736642070000073],[120.6420688820001,23.73064263500004],[120.64021337800013,23.73072015400004],[120.63971034700012,23.726214051000056],[120.64168342100004,23.722281249000048],[120.63973785500002,23.71450158500005],[120.6405847640001,23.713276863000033],[120.63898506300006,23.710575567000035],[120.64019513500013,23.710002453000072],[120.641376013,23.705627255000024],[120.64567316300008,23.703205058000037],[120.643409581,23.69970156200003],[120.646595659,23.692805536000037],[120.64551745200004,23.690075843000045],[120.645712784,23.687211601000055],[120.64698932400006,23.686573511000063],[120.64624521400005,23.68477594800004],[120.64827127800004,23.682790375000025],[120.64604609600008,23.677129265000076],[120.64693053200006,23.672706616000028],[120.64493537700002,23.67162884800007],[120.64439322400005,23.667606386000045],[120.64057131700008,23.66438107600004],[120.64013562200012,23.661141066000027],[120.63685430200007,23.65697728300006],[120.63497119600004,23.65157286600004],[120.63635217800004,23.64824360700004],[120.63480781900012,23.647007665000046],[120.63520710300008,23.642861852000067],[120.63178919000006,23.640195221000056],[120.62907694000012,23.635164662000022],[120.63016166000013,23.632636840000032],[120.62871309600008,23.630010483000035],[120.63078692200008,23.622087608000072],[120.63370235400008,23.61912615100005],[120.63536537700008,23.61984741400005],[120.63873498100008,23.624741544000074],[120.64387127000008,23.628247247000047],[120.645135427,23.63098444800005],[120.6530034220001,23.629505821000063],[120.65292344800002,23.621864592000065],[120.65144876600004,23.61610642000005],[120.65835280800002,23.61383286000006],[120.6612032700001,23.61046970800004],[120.66451179400008,23.611118459000068],[120.66913595200003,23.609340341000063],[120.68372922800006,23.610938341000065],[120.68547222400002,23.61283994200005],[120.68605782400005,23.618209308000075],[120.69131853500004,23.620353152000064],[120.69679603300006,23.62001120800005],[120.70227357500004,23.61739231100006],[120.710286837,23.61916255200003],[120.71407108900009,23.621016850000046],[120.71310386800008,23.627911074000053],[120.71860899600006,23.629894405000073],[120.7230873420001,23.622532147000072],[120.73076872200012,23.61807959400005],[120.73101113000008,23.611091405000025],[120.72455214600008,23.603770464000036],[120.72781407700006,23.60137615900004],[120.72875056200007,23.59898811200003],[120.73271028000012,23.597171536000076],[120.7299031770001,23.593637510000065],[120.73258726100003,23.589688271000057],[120.73399264600005,23.58421143700008],[120.73216149200005,23.57712796000004],[120.73517209800002,23.57502618300003],[120.73615854900004,23.57045653700004],[120.72790461500006,23.570326196000053],[120.72449680300008,23.571894661000044],[120.71794503800004,23.569041979000076],[120.71609913300006,23.57106383400003],[120.710051377,23.571187586000065],[120.708900039,23.575707299000044],[120.70465962300013,23.574974841000028],[120.69369665800002,23.57650469200007],[120.67624147400012,23.570710553000023],[120.66995898300001,23.578783670000064],[120.6606852540001,23.576293279000023],[120.6567052040001,23.57240333900006],[120.650702044,23.57244726400006],[120.64733907800009,23.57665176200004],[120.64346034900008,23.575713457000063],[120.64348224000004,23.57821116100007],[120.64725983800008,23.58038670600007],[120.64919679800003,23.583452221000073],[120.64926366900012,23.58569841900004],[120.64732695100008,23.58580646300004],[120.64707959100008,23.58748031400006],[120.64912057400012,23.592469427000022],[120.64562103500008,23.593532915000026],[120.6308314260001,23.589951428000063],[120.62474003800004,23.590538495000033],[120.61899862300004,23.58416814900005],[120.61546432700004,23.585319295000033],[120.61019665600008,23.58261864600007],[120.60651521900002,23.58421097200005],[120.60031462000006,23.583130332000053],[120.59482392700012,23.58540436100003],[120.58974551300004,23.58571840600007],[120.58591851100005,23.58259845200007],[120.58029949500008,23.58227263000003],[120.57071054500013,23.588040615000068],[120.5670929690001,23.58774105500004],[120.564965529,23.58951137500003],[120.5581416980001,23.58905824200008],[120.55657585900008,23.592849345000047],[120.5375167630001,23.59453075500005],[120.53304498800004,23.59700996600003],[120.53213631300002,23.59883525600003],[120.52915438800004,23.60026392700007],[120.52772860000005,23.603207421000036],[120.51809428800004,23.610460498000062],[120.51503794000008,23.615187857000024],[120.51024987500011,23.619349245000024],[120.50645454300002,23.625861061000023],[120.50749525600008,23.631178170000055],[120.50382888700004,23.63523163600007],[120.49321301700002,23.633127366000053],[120.48872619600002,23.635896494000065],[120.48716845600006,23.634156996000055],[120.48787084000004,23.630708294000044],[120.47925534700003,23.63294712100003],[120.47702274900008,23.629535232000023],[120.47399396500008,23.63106738600004],[120.46613912400004,23.63026631500003],[120.460395446,23.629340471000035],[120.45427167000004,23.62631218300004],[120.45104651500004,23.627123866000034],[120.45402956400004,23.629458107000065],[120.45303400500006,23.63069143200005],[120.44996508800013,23.62941969600007],[120.44450344600013,23.63053399900008],[120.44112979600004,23.62597368400003],[120.43786961500008,23.626532827000062],[120.43529197000008,23.625522572000023],[120.43703893100007,23.621912507000047],[120.43362395300004,23.622865433000072],[120.43034245500009,23.618467977000023],[120.42732727900012,23.619314014000057],[120.42537893200006,23.618009528000073],[120.42202746100008,23.61926609300008],[120.42070285800004,23.625163818000033],[120.41579534500012,23.621379114000035],[120.41297637000002,23.62395177900004],[120.40662598400002,23.625183074000063],[120.40641358000003,23.63254482900004],[120.40461932900008,23.634192324000026],[120.40088708300004,23.63215364000007],[120.40264466400004,23.62693671900007],[120.3930959600001,23.624217128000055],[120.39240762300004,23.62238674400004],[120.38605401600012,23.620698622000077],[120.38280714400004,23.61462914500004],[120.38338173000012,23.612907733000043],[120.38068490400008,23.61171757900007],[120.37998659100003,23.61001457200007],[120.37113968900007,23.60948545100007],[120.368118578,23.607477970000048],[120.36651033700002,23.60780586800007],[120.36571062300004,23.602474892000032],[120.35905516200012,23.595050607000076],[120.34331990700002,23.591916886000035],[120.33443765900006,23.592673236000053],[120.333121215,23.57920201500008],[120.32700225500004,23.574169435000044],[120.31961968200004,23.572380966000026],[120.31156134500009,23.575027266000063],[120.307440949,23.57465388600008],[120.30647486700002,23.572063167000067],[120.31023631200004,23.567206591000055],[120.31054679600004,23.56444551100003],[120.30655057800004,23.56286927000008],[120.295357813,23.564582990000076],[120.29037165900002,23.562568847000023],[120.28905504600004,23.55898954600008],[120.29076568800008,23.55054155100004],[120.27636121500008,23.543469241000025],[120.271912842,23.53074807200005],[120.26842774300007,23.53027682100003],[120.26345060200003,23.533526622000068],[120.25609787300004,23.54609214900006],[120.24890467900002,23.54575768500007],[120.24335616800012,23.543611471000077],[120.24191175600004,23.539489546000027],[120.24708067800007,23.51526887400007],[120.24477978700008,23.511633368000048],[120.23910389600007,23.507689577000065],[120.22304655500012,23.50431755100004],[120.206668701,23.51059802900005],[120.2068097670001,23.511583651000024],[120.20098556900008,23.511400277000064],[120.20127674100002,23.51243726000007],[120.198535138,23.51304072800008],[120.18992834700008,23.510043495000048],[120.18097766000004,23.50984981100004],[120.16658710400009,23.51723188400007],[120.16456246000008,23.51582988300004],[120.15813581000008,23.515922741000058],[120.145846107,23.520822775000056],[120.14642470100011,23.523776094000027],[120.1453825000001,23.526463405000072],[120.15027620400008,23.531934926000076],[120.14863196700004,23.53688985900004],[120.1454694680001,23.538998958000036],[120.14113809500007,23.545388252000063],[120.14048078100008,23.54913633800004],[120.13941702500006,23.54951420900005],[120.14005498200004,23.558808974000044],[120.13767142800008,23.561976146000063],[120.14149656900008,23.563014817000067],[120.14311372300006,23.567646798000055],[120.14345321400005,23.571993234000047],[120.14137433200005,23.57198489800004],[120.14056839300008,23.573575988000073],[120.14075781200006,23.58388038700008],[120.14151516400013,23.59190743100004],[120.14435928000012,23.594136422000076],[120.144810978,23.59728911700006],[120.14187373700008,23.598181861000057],[120.1414808290001,23.601516498000024],[120.140069218,23.597216635000052],[120.13964097700013,23.598489765000068],[120.13995939100003,23.614073105000045],[120.13301764100004,23.615691751000043],[120.13346626100008,23.61949923800006],[120.1371669020001,23.62038801600005],[120.13791086700007,23.63463376000004],[120.13708681900005,23.636165351000045],[120.13538192800002,23.63590139400003],[120.13120796900012,23.624363232000064],[120.12854059100005,23.621935993000022],[120.12523003300008,23.621372011000062],[120.11831832900008,23.62662846200004],[120.11443811100004,23.63440996400004],[120.11633206600004,23.637676731000056],[120.12396625500004,23.643200449000062],[120.1254723830001,23.645723970000063],[120.13522837500012,23.667138462000025],[120.13922190700008,23.68423331500003],[120.1460314950001,23.692712467000035],[120.145591458,23.69987748400007],[120.14721349600006,23.701868802000035],[120.14692330200012,23.70674566100007],[120.15618622200007,23.715461129000065],[120.15582539200012,23.71944163300003],[120.16581179600009,23.74189950600004],[120.16681017000008,23.75558632900004],[120.16918790600003,23.758933238000058],[120.16292361,23.77247082200006],[120.16288578900004,23.77971378700005],[120.15675841400002,23.784550040000056],[120.16015579500004,23.78670153400003],[120.16507237900008,23.794433714000036],[120.17546140900004,23.80314580500004],[120.17566201300008,23.804433725000024],[120.17024235100008,23.80548578400004],[120.17043295200006,23.80665898300003],[120.17498770500004,23.805822645000035],[120.17802259400004,23.80906685000008],[120.18108703700013,23.809794058000023],[120.1825488400001,23.816192198000067],[120.19169224000008,23.818246809000073],[120.20150908900008,23.828412719000028],[120.20604831600008,23.83428331600004],[120.20834832600008,23.84022103700005],[120.20839789100012,23.841923604000044],[120.20451921100003,23.844900119000044],[120.20463101000009,23.84766092600006],[120.21432479900012,23.850716548000037],[120.21925122300001,23.85847290500004],[120.22036234000008,23.866219431000047],[120.23595549700008,23.848145988000056],[120.25185831400006,23.83591516200005],[120.2563763390001,23.83372971800003],[120.30656058700004,23.820708913000033]]]]}},{"type":"Feature","properties":{"area_code":"10013","area_name":"屏東縣"},"geometry":{"type":"MultiPolygon","coordinates":[[[[120.82675913900005,21.756676800000037],[120.82608331400002,21.756295097000077],[120.8263711840001,21.756923803000063],[120.82675913900005,21.756676800000037]]],[[[120.82637550800008,21.75707327200007],[120.82607601800008,21.757003747000056],[120.82637292000004,21.757216201000062],[120.82637550800008,21.75707327200007]]],[[[120.82650971600005,21.757732075000035],[120.82599147100008,21.757662664000065],[120.82609449200004,21.757806196000047],[120.82650971600005,21.757732075000035]]],[[[120.82648058600012,21.758337124000036],[120.8261761550001,21.75810971900006],[120.82608035600003,21.758189128000023],[120.82648058600012,21.758337124000036]]],[[[120.82686676700008,21.75879369200004],[120.82662125800005,21.75875562400006],[120.82686776000004,21.75891539400004],[120.82686676700008,21.75879369200004]]],[[[120.82657536300007,21.75902158600007],[120.826187956,21.758825683000055],[120.8262957820001,21.75906511100004],[120.82657536300007,21.75902158600007]]],[[[120.82672249900008,21.759720412000036],[120.82617611600006,21.75977085200003],[120.826585603,21.75994970200003],[120.82672249900008,21.759720412000036]]],[[[120.82632962600007,21.760458048000032],[120.8265799190001,21.760150578000037],[120.82629839700007,21.76022714900006],[120.82632962600007,21.760458048000032]]],[[[120.37964188500008,22.355981860000043],[120.38848628700008,22.35067598100005],[120.38801238100008,22.34273312100004],[120.37675196100008,22.335727852000048],[120.36312419900004,22.32357860700006],[120.35893824600008,22.32220180400003],[120.35465307400013,22.323256394000055],[120.35318643200004,22.32499614100004],[120.35361747600008,22.329414472000053],[120.36034355900006,22.33470595600005],[120.36324004300002,22.340023209000037],[120.36292213200012,22.344079945000033],[120.36111427900003,22.346516708000024],[120.36742258800008,22.35211415200007],[120.37964188500008,22.355981860000043]]],[[[120.64909963700006,22.876964969000028],[120.65102023000009,22.87721280900007],[120.65487251000002,22.88147295800007],[120.65676511100004,22.88111114700007],[120.65805040000008,22.879707799000073],[120.65966439600004,22.870120004000057],[120.65864544100008,22.866069981000063],[120.66004959200006,22.860658994000065],[120.66429426700006,22.858806291000064],[120.66856983800004,22.858713781000063],[120.6698824230001,22.856866092000075],[120.67211237800008,22.85635171000007],[120.67672182700004,22.857254083000043],[120.67896877500004,22.862868323000043],[120.69053852600008,22.86487312400004],[120.69197635700004,22.86845280400007],[120.6973733530001,22.872553378000077],[120.70453864400008,22.88066845900005],[120.7205066250001,22.881999162000056],[120.72501864700008,22.880834295000056],[120.73177198100008,22.875886818000023],[120.74241908800002,22.873736348000023],[120.74926028100003,22.86568344700004],[120.75503655900002,22.864679141000067],[120.76215492200004,22.85681391100007],[120.76415796000003,22.848993388000057],[120.76608938700008,22.848596067000074],[120.76991405600006,22.844554456000026],[120.77440866800008,22.83765248900005],[120.77871057900006,22.835203560000025],[120.78583878600011,22.83990289700006],[120.79269098500004,22.84111907500005],[120.79169993500012,22.848372770000022],[120.79334696,22.85203182300006],[120.80107798600012,22.851029134000044],[120.8136570580001,22.857470139000043],[120.81516401100008,22.86165754500007],[120.819088447,22.862345838000067],[120.82295656400004,22.86572221600005],[120.83303779200004,22.86627371700007],[120.84027265300006,22.86124195900004],[120.84161334300006,22.85890687400007],[120.841219829,22.856991014000073],[120.84384543400006,22.853434434000064],[120.8483546970001,22.85194710600007],[120.85318500300002,22.85762227300006],[120.85728927900004,22.852681354000023],[120.85992696700008,22.851462285000025],[120.8594271610001,22.849237234000043],[120.86231488500005,22.84712727300007],[120.86461839000005,22.843018305000044],[120.86399209100011,22.83943339800004],[120.86539907100008,22.835612858000047],[120.86162833100002,22.82666110100007],[120.86489966400006,22.82507295000005],[120.86862942400012,22.81685129300007],[120.87170981500005,22.81479234300008],[120.87473392200002,22.81525486000004],[120.87715887000002,22.813071878000073],[120.88113162600008,22.814513427000065],[120.89119440900004,22.811623628000063],[120.90089265800007,22.804273813000066],[120.90344221100008,22.799280775000057],[120.90169151600004,22.787543764000077],[120.90413337400004,22.783581755000057],[120.90381654500004,22.775576586000057],[120.90020849700012,22.769215202000055],[120.89356020000002,22.76678372600003],[120.89196128600008,22.763696547000052],[120.89481240400004,22.76258097500005],[120.89562766000006,22.75616215100007],[120.89409870400004,22.75160963600007],[120.89535339000008,22.74819690700008],[120.89413700800004,22.743706865000036],[120.89563950400009,22.741817922000052],[120.89503009500004,22.73859875700003],[120.89243090700006,22.73556923900003],[120.89143539500004,22.729378662000045],[120.88864927600002,22.727288997000073],[120.8872787140001,22.72236689400006],[120.883743427,22.717275653000055],[120.87942184100008,22.716068499000073],[120.87547977100007,22.717177788000072],[120.8694145610001,22.715904051000052],[120.86167398400003,22.716697786000054],[120.85839142300006,22.71362077300006],[120.854877105,22.71754574000005],[120.84851009200008,22.716946650000068],[120.84452224100004,22.710857732000022],[120.842480775,22.70983663600003],[120.84336285000006,22.70764782400005],[120.84023525400004,22.706666125000027],[120.8372303750001,22.697344439000062],[120.83498456900008,22.696563662000074],[120.82869085200002,22.697659242000043],[120.82544951300008,22.695705169000064],[120.81987695300006,22.695595492000052],[120.81911312800004,22.691027715000075],[120.81144494800004,22.69203807600007],[120.80910023500007,22.688256500000023],[120.80802027700008,22.689185740000028],[120.79767336600004,22.689100797000037],[120.78912325400006,22.69328753900004],[120.78678995000008,22.692910729000065],[120.79157057100008,22.67944038500008],[120.7862236950001,22.672040933000066],[120.7862150310001,22.662542211000073],[120.76765079600013,22.63618536000007],[120.76131241000007,22.63003925500004],[120.7612351030001,22.626207064000027],[120.75803549000013,22.62308895800004],[120.754870406,22.61698356000005],[120.75287426000013,22.611802496000053],[120.75464383800012,22.600784738000073],[120.74580280400004,22.58954710200004],[120.749084282,22.57863346700003],[120.74878258900004,22.572295274000055],[120.74152805800009,22.568669621000023],[120.73969139900008,22.56298217700004],[120.73904541600008,22.553659966000055],[120.74395849500002,22.543103909000024],[120.75001646700002,22.53401915200004],[120.74990904000003,22.529357782000034],[120.75166366800012,22.52531619800004],[120.75131539200004,22.521968689000065],[120.75302858100008,22.51839142600005],[120.75362619900012,22.511035685000024],[120.75846992900006,22.50734802900007],[120.76269972300008,22.50109836100006],[120.76434218300004,22.495385845000044],[120.76367611800003,22.49091511200004],[120.7585524210001,22.488405038000053],[120.75745778100008,22.48183018000003],[120.75080775300012,22.479153935000056],[120.75456812000004,22.47140421400007],[120.75162984200006,22.46421457600007],[120.75104787700002,22.45902115900003],[120.75460752800008,22.457246664000024],[120.75817555500008,22.45851740200004],[120.7650956120001,22.45305806700003],[120.7763317990001,22.449953678000043],[120.775132,22.44329672400005],[120.782442284,22.433900850000043],[120.78963783200004,22.417647852000073],[120.78035658200008,22.409451560000036],[120.7755551780001,22.409653621000075],[120.77339018500004,22.40693441900004],[120.76530720300002,22.40904635800007],[120.75811554200004,22.40490330600005],[120.7534180780001,22.405057718000023],[120.75760342800004,22.398176126000067],[120.75379706500009,22.396434423000073],[120.7521405980001,22.392666364000036],[120.75648323200004,22.38838272500004],[120.75049882400003,22.384087625000063],[120.74862109900003,22.380382729000075],[120.748782892,22.373247457000048],[120.74449075100006,22.36981526300008],[120.74345815400012,22.367260631000025],[120.75267193400008,22.360394649000057],[120.75810153300006,22.359415225000077],[120.76100355800008,22.360418972000048],[120.76298077500007,22.359145454000043],[120.76338021900006,22.35278360600006],[120.76726345500003,22.347609508000065],[120.77517775400008,22.349353457000063],[120.78472286200008,22.345777811000065],[120.78638861800005,22.342239033000055],[120.78846849500007,22.34157402900007],[120.78969754400008,22.337643220000075],[120.79247291700005,22.33562293700004],[120.79340525000008,22.32364466000007],[120.79509977200009,22.322570850000034],[120.79658628800009,22.31717074200003],[120.79268653400004,22.31215134100006],[120.78713118300004,22.309206920000065],[120.77815148000002,22.308497427000077],[120.77683366300003,22.302583553000034],[120.77774330200008,22.297971897000025],[120.78155166500004,22.29459560600003],[120.78977018400008,22.29342289600004],[120.790978912,22.28841140700007],[120.79321143200002,22.28579005700004],[120.80569458200011,22.283794726000053],[120.80586367800004,22.281182554000058],[120.80721171100004,22.280189456000073],[120.80677437000008,22.27715831000006],[120.79806376100008,22.276376624000022],[120.79628711500004,22.269923740000024],[120.7965423930001,22.267137524000077],[120.79957580200004,22.265098023000064],[120.79789501500012,22.257937473000027],[120.79906115600012,22.25716092500005],[120.80612891700002,22.259780845000023],[120.80801878900002,22.259361005000073],[120.81539909700008,22.26322046000007],[120.82590774700007,22.25664563500004],[120.83461553100004,22.245370920000028],[120.83960956300008,22.243633473000045],[120.84139566300009,22.244560258000035],[120.84465149700009,22.242862858000024],[120.85083602300006,22.243657076000034],[120.85883175100004,22.24070990900003],[120.85900324500004,22.238634673000035],[120.86429822600007,22.234285446000055],[120.86219432100006,22.230676467000023],[120.86667673300008,22.229808797000032],[120.87473062400012,22.23424579700003],[120.88050770400002,22.23464572000006],[120.88418366200005,22.240711908000037],[120.89205283500009,22.245452009000076],[120.89629477900009,22.246429568000053],[120.899270795,22.234043404000033],[120.89913230600008,22.23036663800008],[120.89648704900004,22.228478438000025],[120.89416761500001,22.220601247000047],[120.89641084600008,22.203485272000023],[120.89364117700006,22.197955324000077],[120.89069738300007,22.19532873000003],[120.89423140800012,22.172555157000033],[120.89209005300006,22.16244447300005],[120.89397483000003,22.155777555000043],[120.89255500600008,22.15032033800003],[120.897076211,22.14343459500003],[120.89578584500008,22.139781996000067],[120.89105791800012,22.134637327000064],[120.88785582300012,22.133296382000022],[120.88662410800008,22.12804730100004],[120.88830148700004,22.119811063000043],[120.89246442,22.109743321000053],[120.90084094200006,22.104971397000043],[120.90203630100008,22.105304924000052],[120.89880438900002,22.10098870300004],[120.89914270400004,22.09442761400004],[120.89407913200012,22.08860810100003],[120.89296457900002,22.067978878000076],[120.89392496300002,22.048355810000032],[120.8982480410001,22.039144975000056],[120.89969057100008,22.03921426000005],[120.89858968800002,22.038193311000043],[120.90125397200006,22.03413769100007],[120.88922732700009,22.025762244000077],[120.88714719100004,22.020377378000035],[120.88708135600008,22.01645394400003],[120.88373300800004,22.013245680000068],[120.87823138100008,22.010712372000057],[120.87928811000006,22.005733157000066],[120.87578604700002,21.998846727000057],[120.86728246500002,21.994959590000065],[120.86158579700007,21.990815010000063],[120.8466896540001,21.98715383800004],[120.84431677900012,21.98086459700005],[120.84548429900008,21.976359959000035],[120.84484923700006,21.97031917700008],[120.84138329300004,21.95737963600004],[120.84294932400007,21.954242092000072],[120.84275882800011,21.94771673500003],[120.84891585700008,21.933806650000065],[120.85424998700012,21.929448836000063],[120.86201450200008,21.91889920400007],[120.86292004600011,21.913765486000045],[120.86202168900002,21.90895495500007],[120.86333600800003,21.90559535600005],[120.86713462000012,21.902727534000064],[120.865650576,21.89873718800004],[120.85860413900002,21.89560055800007],[120.85325117200011,21.89562371200003],[120.85021210400008,21.897319766000063],[120.846613337,21.90290984300003],[120.84563191100005,21.91441693900003],[120.8362545760001,21.91652175900003],[120.83184075800013,21.924804531000063],[120.82372962400008,21.931047379000063],[120.822222817,21.93436374600003],[120.81956107800012,21.934996692000027],[120.81262727,21.933543402000055],[120.80821851400005,21.935594975000072],[120.80422448800005,21.939619694000044],[120.80293379300008,21.93983772300004],[120.80178893700008,21.93723263000004],[120.79915361500002,21.937414034000028],[120.79662617100009,21.942176320000044],[120.79431126300004,21.943156040000076],[120.783017781,21.943543912000052],[120.777601999,21.949280303000023],[120.77106761000005,21.951528143000075],[120.76644765500008,21.95867411300003],[120.76162377100002,21.95893484100003],[120.7598449190001,21.956798416000023],[120.75798752600008,21.95636243900003],[120.75755322400003,21.95739237400005],[120.75582814100004,21.955682531000036],[120.75509179200004,21.95643331900004],[120.75315576900005,21.95522670300005],[120.7532994070001,21.953672402000052],[120.75490476000004,21.95381735600006],[120.75267224400012,21.95075447100004],[120.7484415670001,21.94946426200005],[120.74847077000004,21.941811938000058],[120.74602029900008,21.94337628900007],[120.74516665600004,21.942732403000036],[120.74708968800007,21.931813367000075],[120.74571362900008,21.93116169800004],[120.74528447800004,21.932428359000028],[120.74404943200012,21.932207059000064],[120.74338295400004,21.928924175000077],[120.73995924700012,21.926637889000062],[120.73961822,21.91942747300004],[120.72680700900004,21.91877121300007],[120.71903401200008,21.927260526000055],[120.7190649910001,21.93313905100007],[120.71632571700002,21.934866407000072],[120.71265352700004,21.933309259000055],[120.71057598900006,21.934112784000035],[120.70993098400004,21.941476171000033],[120.71152188500004,21.96392272400004],[120.71502640800009,21.971138027000052],[120.71414498100012,21.97875740200004],[120.71006359300009,21.98564271200007],[120.70693778600004,21.98750151400003],[120.70468789400002,21.994693796000035],[120.70069467400003,21.99599580200004],[120.69382881100012,22.002588716000048],[120.69318619100012,22.00758952700005],[120.68477752900004,22.025619753000058],[120.6871449360001,22.03276659200003],[120.6938468730001,22.041528921000065],[120.69688773700013,22.040942013000063],[120.69643589000007,22.043070407000073],[120.69468195200012,22.043334814000048],[120.69543347900004,22.04592479100006],[120.69441477200009,22.04826245700008],[120.69757319500002,22.05499029200007],[120.6992517970001,22.056069956000044],[120.70447634400011,22.056043869000064],[120.70527292200006,22.05750765600004],[120.70596433900003,22.060901569000062],[120.704828173,22.067851658000052],[120.70573056,22.070742488000064],[120.70333354600008,22.078332803000023],[120.69929836100005,22.082778683000072],[120.70131179700002,22.086144426000033],[120.71451638500002,22.09077949500005],[120.71532920700008,22.091556254000068],[120.71431888600011,22.09196401500003],[120.71684660100004,22.093252196000037],[120.71562851700004,22.09687868000003],[120.71586378900008,22.10482682600008],[120.712497718,22.108339858000026],[120.71310107600004,22.11146650300003],[120.71178499400004,22.114615446000073],[120.70964634100004,22.116031837000037],[120.7105793400001,22.117258027000048],[120.70904990000008,22.122754885000063],[120.70232080000004,22.12983891300007],[120.70205708300011,22.13328258200005],[120.698027517,22.13816759900004],[120.69800016500004,22.143775344000066],[120.69993847700005,22.14832343200004],[120.69459448700002,22.15739436700005],[120.69601983500002,22.15967448400005],[120.69546747100004,22.166454999000052],[120.69370326100012,22.167931499000076],[120.69381450300013,22.17247881800006],[120.69108678500004,22.175094631000036],[120.68966979200002,22.18658384300005],[120.68401998800005,22.19697336300004],[120.68578026800004,22.20321339800006],[120.68477727400013,22.210459184000054],[120.6803676510001,22.21524329600004],[120.67675120500007,22.222737772000073],[120.67399487500006,22.22320118400006],[120.67276398400008,22.224823666000077],[120.672316345,22.227533523000034],[120.67379480500006,22.22939324400005],[120.67187900200008,22.233420462000023],[120.667706285,22.23648087500004],[120.666003949,22.23932771500006],[120.6640310360001,22.239281634000065],[120.65792018400008,22.242862331000023],[120.65791008700012,22.247095647000037],[120.65016131400012,22.252373680000066],[120.64928464600008,22.25574505900005],[120.65209558700008,22.26823889900004],[120.64270664600008,22.29106996900003],[120.64206458900004,22.30304928700008],[120.6361753110001,22.31277969000007],[120.63050423600008,22.319224676000033],[120.60564462500008,22.340209668000057],[120.59893609300002,22.35574601600007],[120.590159254,22.363316276000035],[120.59130592200006,22.364298163000058],[120.58557371600013,22.36938664300004],[120.54959251000004,22.392441775000066],[120.51752324600012,22.408982348000052],[120.51754973700008,22.411487687000033],[120.5085362750001,22.412147729000026],[120.45854438000003,22.43935818400007],[120.44707600900006,22.44933901300004],[120.438509962,22.459362268000064],[120.436008452,22.459474641000043],[120.43310333500006,22.468358849000023],[120.42443392900007,22.468712865000043],[120.42393741500008,22.47995018400007],[120.42573031200004,22.49817217800006],[120.42365728600008,22.506521630000066],[120.422856044,22.518451438000056],[120.42513353900006,22.528473645000076],[120.43087487600008,22.54400682800008],[120.43657429100006,22.547557047000055],[120.44205767700008,22.56023177700007],[120.4470607290001,22.586969425000063],[120.44546259800006,22.59958686600004],[120.43754688600006,22.607274061000055],[120.43368252100004,22.61759527500004],[120.43358057400008,22.623959941000063],[120.43590772700009,22.63136364500008],[120.43605653100008,22.661336836000032],[120.44000007200007,22.673038872000063],[120.43965616500007,22.67853777700003],[120.44262719500011,22.684557227000028],[120.44716616500013,22.687889270000028],[120.44882875300004,22.691183703000036],[120.45539601000009,22.71665990500003],[120.45600164000008,22.73057282700006],[120.45371112300006,22.75595523100003],[120.45380708500012,22.769577785000024],[120.45743032500002,22.785385486000052],[120.46403430100008,22.800287979000075],[120.46549904200003,22.81275010800005],[120.46735456100008,22.815478864000056],[120.46752985300007,22.822350868000058],[120.46918996400008,22.82501706200003],[120.4687551510001,22.83067330700004],[120.476237276,22.838185241000076],[120.47881035700004,22.836765185000047],[120.48145411200004,22.837592414000028],[120.4821270540001,22.836049926000044],[120.48421128000008,22.83554838200007],[120.49080033500002,22.83526872500005],[120.49276779200012,22.835692822000055],[120.4914612880001,22.83695973300007],[120.49273779900012,22.837290452000047],[120.4976921220001,22.83171191400004],[120.5050623950001,22.831516932000056],[120.50998757800004,22.82851135500005],[120.51538161800012,22.83151838500004],[120.53057203700008,22.83298278300003],[120.52977348900004,22.831700001000055],[120.53100498100002,22.830827356000043],[120.53643266200004,22.829265708000037],[120.54406252100011,22.829794021000055],[120.55325893600002,22.82840324700004],[120.56356938700004,22.83527168200004],[120.5742429710001,22.84771685800007],[120.6058199580001,22.873210392000033],[120.615624582,22.87682925200005],[120.62117444000012,22.875691957000072],[120.64502819200004,22.88517551700005],[120.64909963700006,22.876964969000028]]]]}},{"type":"Feature","properties":{"area_code":"10017","area_name":"基隆市"},"geometry":{"type":"MultiPolygon","coordinates":[[[[121.71015875500008,25.176039098000047],[121.70847309500004,25.17268016500003],[121.71009099700008,25.17002024000004],[121.70820229800006,25.168875961000023],[121.70867290800004,25.167563571000073],[121.70725484900004,25.166028254000025],[121.7086052630001,25.165168205000043],[121.71576281700004,25.16608897900005],[121.7169782950001,25.16731726200004],[121.71738335200008,25.165965993000043],[121.72467578100007,25.165781224000057],[121.7339356550001,25.161454938000077],[121.73509814500004,25.160167427000033],[121.73360294500004,25.159028916000068],[121.7341716200001,25.158181330000048],[121.73851676600007,25.161008412000054],[121.74352203900004,25.15647572400007],[121.74398919500004,25.15748704400005],[121.74850174500013,25.15624985100004],[121.75299074100008,25.15851239500006],[121.75497399000004,25.16243490200003],[121.75616373300012,25.159518270000035],[121.75995650900006,25.161257139000043],[121.76214081600006,25.160307586000044],[121.7616493160001,25.16223152000003],[121.76363238700004,25.16255419500004],[121.76232028400013,25.163235628000052],[121.76338545400006,25.16408279500007],[121.76732854200009,25.162553973000055],[121.76666079800007,25.161888428000054],[121.76979634500005,25.161693313000058],[121.77065013800008,25.16014773300003],[121.7728922550001,25.160884269000064],[121.78036220700004,25.15878249600007],[121.77682274300004,25.15890542300008],[121.77269944800004,25.15558662500007],[121.77455215300006,25.156263267000043],[121.77769414400008,25.15146816200007],[121.77985924300005,25.15320654500005],[121.78197871000008,25.15274081000007],[121.78506616000004,25.14955373500004],[121.79142615,25.148384191000048],[121.79319960000008,25.146873311000036],[121.79490738600008,25.146838837000075],[121.79534423200003,25.148058933000073],[121.79940063300012,25.14742263000005],[121.80703375500002,25.149136301000055],[121.80815452400007,25.147741043000053],[121.802442347,25.14064182900006],[121.80431145600004,25.13789048500007],[121.80252658000006,25.134329425000033],[121.8054519960001,25.13037459000003],[121.80377632600003,25.127446502000055],[121.80501940200008,25.12533401300004],[121.8031737660001,25.12222029900005],[121.79453526900012,25.126212571000053],[121.79420564600002,25.123349662000063],[121.79887544900008,25.11923967900003],[121.79758335100009,25.117718744000054],[121.79862950600013,25.116658966000045],[121.7977672510001,25.11431344300007],[121.79468073200007,25.112571529000036],[121.79035483300004,25.11219421000004],[121.78592425700003,25.118189134000033],[121.78337484400004,25.11661512200004],[121.77352652500008,25.12027309700005],[121.76690760600002,25.11252309300005],[121.76328547900005,25.113442117000034],[121.75939026800006,25.112587063000035],[121.75713929800008,25.11012001900008],[121.75189980900008,25.111016792000044],[121.75003303300002,25.109723075000034],[121.75273835900008,25.106844875000036],[121.75396029,25.108712540000056],[121.75605770900006,25.108406440000067],[121.75805352700002,25.103684329000032],[121.75680266200004,25.101817269000037],[121.75989068400008,25.10061526600003],[121.75836106800011,25.09412720800003],[121.75982100600004,25.090239741000065],[121.7591296380001,25.08447595800004],[121.76125128700004,25.078866563000076],[121.76942165500007,25.07790313700008],[121.77570330600008,25.06999711900005],[121.77172787600011,25.06320579600003],[121.76734926600012,25.06182419200007],[121.76403328000004,25.05744171200007],[121.76243825200004,25.05694349500004],[121.75929409300012,25.059448832000044],[121.75688047200003,25.05933791500007],[121.75115265400008,25.057257882000044],[121.745912932,25.052994581000064],[121.73979585600011,25.053058285000077],[121.73749807100012,25.054763627000057],[121.7321057480001,25.052709569000054],[121.72847456000012,25.054682876000072],[121.72594930800004,25.05831488700005],[121.72235254800012,25.05867534600003],[121.72199137200003,25.06011142200003],[121.71236886800013,25.06803399900008],[121.70661416900008,25.066553832000068],[121.70426685100006,25.067929226000047],[121.69952198200008,25.067387199000052],[121.696535444,25.070093583000073],[121.68842052200011,25.07173841100007],[121.67909895600008,25.07878120600003],[121.68049451200012,25.08188319200008],[121.67986128500002,25.084168271000067],[121.68164063200004,25.084719137000036],[121.681210587,25.088020352000058],[121.67881146600008,25.08740276700007],[121.67402993200004,25.08291971400007],[121.66791324000008,25.085757353000076],[121.66459577400008,25.089278470000068],[121.6619425990001,25.089349066000068],[121.65833593500008,25.09160809800005],[121.65570140600003,25.09344995200007],[121.65552034600012,25.095515042000045],[121.65071859700004,25.098449062000043],[121.64892535,25.10185850100004],[121.65222466900002,25.104738631000032],[121.6502389310001,25.109551501000055],[121.64623773900009,25.113625119000066],[121.64624405400002,25.121053231000076],[121.64468762100012,25.122197835000065],[121.64317912900005,25.127681670000072],[121.6383049960001,25.130743240000072],[121.63313954200008,25.130986981000035],[121.62792456000012,25.135858255000073],[121.62679914900002,25.13973583400008],[121.62919192900006,25.141720359000033],[121.63855745100012,25.14418835400005],[121.63981821900006,25.145843136000053],[121.64962319300004,25.144892002000063],[121.65145686000004,25.14796242400007],[121.65553707300012,25.149053841000068],[121.65828083600002,25.15223106400003],[121.66427170300004,25.15222327400005],[121.669120399,25.153347646000043],[121.67147036200004,25.155563866000023],[121.67758692700012,25.155730422000033],[121.68317716500007,25.160650447000023],[121.68483032300004,25.160102705000043],[121.6872752920001,25.16156268400005],[121.68883219500005,25.164089817000047],[121.69101899400005,25.164648225000064],[121.69129450700008,25.166324058000043],[121.69894850500008,25.167216864000068],[121.69911951800007,25.168934466000053],[121.70094151300007,25.169287042000065],[121.70224800500011,25.173517450000077],[121.70661256300002,25.173961474000063],[121.71015875500008,25.176039098000047]]],[[[121.784556349,25.194935919000045],[121.789434195,25.195167936000075],[121.78891617500004,25.192067123000072],[121.78162215800012,25.19002609100005],[121.78239912000004,25.193009190000055],[121.784556349,25.194935919000045]]],[[[121.94595727700003,25.423828383000057],[121.94710080800007,25.42413599200006],[121.94634119000013,25.42357363000008],[121.94595727700003,25.423828383000057]]],[[[122.10900590600012,25.484067544000027],[122.10845851800002,25.48400950800004],[122.10840753400008,25.48409647400007],[122.10900590600012,25.484067544000027]]],[[[122.10523631600006,25.487763872000073],[122.10821489400008,25.48682567700007],[122.10695439800008,25.485190513000077],[122.107812125,25.48387879300003],[122.10518064300004,25.482012058000063],[122.10351446600008,25.48347569300006],[122.1032657290001,25.48601154100004],[122.10454309600004,25.486000927000077],[122.10523631600006,25.487763872000073]]],[[[122.10716027700003,25.487694780000027],[122.10686464000004,25.48787027500003],[122.10717466600012,25.487860460000036],[122.10716027700003,25.487694780000027]]],[[[122.07365800800004,25.632485081000027],[122.08395564900002,25.633190745000036],[122.08505857800004,25.63034394500005],[122.08442032500012,25.62744970800003],[122.08098601300004,25.625402235000024],[122.08164693900004,25.62368067900007],[122.07921380000003,25.622972739000033],[122.07728987200004,25.623613842000054],[122.07691091400012,25.625183381000056],[122.0730018700001,25.62640558100003],[122.07202743800008,25.628540341000075],[122.07365800800004,25.632485081000027]]]]}},{"type":"Feature","properties":{"area_code":"63000","area_name":"臺北市"},"geometry":{"type":"Polygon","coordinates":[[[121.56484271200009,25.201009253000052],[121.5729121490001,25.194982448000076],[121.583764491,25.19459398400005],[121.58270412700006,25.19309415600003],[121.58399706900002,25.188790569000048],[121.58186146300012,25.18640407600003],[121.58275384800004,25.18433968000005],[121.580868183,25.181793708000043],[121.58350350400008,25.176838374000056],[121.57738399700008,25.170154525000044],[121.57706836300008,25.167003157000067],[121.5788568800001,25.165610081000068],[121.58321892300012,25.165812523000056],[121.5879276280001,25.16297259000004],[121.5898694010001,25.163715397000033],[121.591840315,25.15588501600007],[121.58939014000008,25.15238591600007],[121.593581168,25.15029902400005],[121.59579328600012,25.14343136100007],[121.59839070500004,25.14030581700007],[121.60407481900006,25.136175275000028],[121.60569206500008,25.13674168800003],[121.60459096300008,25.130852686000026],[121.6078318970001,25.13020184000004],[121.604433695,25.12592033000004],[121.60171875300011,25.126025223000056],[121.60076627400008,25.121846849000065],[121.59558055600009,25.114092363000054],[121.5965091170001,25.111278261000052],[121.59959904100003,25.108431086000053],[121.615464351,25.10384014300007],[121.62203479400011,25.097405932000072],[121.62622242900012,25.096090908000065],[121.62506339200002,25.09366686800007],[121.62821473400004,25.088061062000065],[121.62797618600008,25.083250634000024],[121.62426184900004,25.080344231000023],[121.62391156800004,25.078244048000045],[121.62507911200008,25.07883484000007],[121.62493822600004,25.077993852000077],[121.62061941500008,25.073226315000056],[121.621509972,25.06957476300005],[121.61763001500005,25.06760170800004],[121.61792473300012,25.065159290000057],[121.61683171400011,25.06587431400004],[121.61613136500011,25.06391956400006],[121.62077529200008,25.061356815000067],[121.62426378200009,25.05574084200003],[121.62343171600004,25.055001703000073],[121.62052520200008,25.056648731000053],[121.62092692200008,25.053505037000036],[121.61634033300004,25.050635579000073],[121.61905735300002,25.04353994300004],[121.62493050700004,25.037724446000027],[121.62948082100002,25.03672833400003],[121.63021047300003,25.03507921800008],[121.63347834,25.035739764000027],[121.64584958400008,25.02944459300005],[121.64671774800001,25.027993201000072],[121.65514690000008,25.027436453000064],[121.66080099700002,25.030445964000023],[121.66594253800008,25.029875166000068],[121.66493836000008,25.024694030000035],[121.66284007800004,25.02274962100006],[121.65381746300012,25.024420324000065],[121.64991268800009,25.023968577000065],[121.646246614,25.02171634700005],[121.642981028,25.024559012000054],[121.63568731600004,25.023211056000036],[121.63236053500007,25.025634672000024],[121.62893566600007,25.019929081000043],[121.62328385800004,25.01726622800004],[121.60925759600002,25.020946786000025],[121.60821033700006,25.01943788700004],[121.6041259110001,25.019087255000045],[121.60262513200009,25.015081809000037],[121.59741205500006,25.01468966600004],[121.59591195300004,25.00450540100007],[121.59788851300004,25.00414244700005],[121.60046651100004,25.001082430000057],[121.60052522800004,24.998469578000027],[121.598139263,24.99449441900003],[121.59906161000004,24.991705489000022],[121.60197218400003,24.990285501000074],[121.601830779,24.987908171000072],[121.59986115000004,24.98639011200004],[121.60066401600012,24.98031431000004],[121.599509129,24.978145485000027],[121.60521013800007,24.974357205000047],[121.61430026200004,24.97353708000003],[121.62001715200006,24.969449189000045],[121.61964314000012,24.96715772400006],[121.61366652000004,24.96643662500003],[121.60830375700004,24.96307875900004],[121.60506057400003,24.96295141400003],[121.6012427820001,24.960887109000055],[121.597076807,24.96050334400007],[121.59487880300004,24.961531156000035],[121.59339588300008,24.964210528000024],[121.59116873300002,24.964605876000064],[121.58567404200004,24.963211728000033],[121.5784201240001,24.966610855000056],[121.57455696200007,24.966843162000032],[121.572542848,24.96398042900006],[121.56121880600006,24.964709812000024],[121.55520402400008,24.97653458800005],[121.55367950400012,24.977421956000057],[121.55393546100004,24.984797701000048],[121.55236900900002,24.986964197000077],[121.55084892200011,24.987226376000024],[121.55088133400012,24.98541723200003],[121.54903468100008,24.98376085500007],[121.54506155600006,24.983667972000035],[121.54417379400002,24.988207662000036],[121.53690324500008,24.988652263000063],[121.53704840500006,24.992355746000044],[121.53517584600002,24.99513330300005],[121.53169870500004,24.99050576900004],[121.53051427700008,24.99800921700006],[121.53390557400007,25.00339105300003],[121.53215119000004,25.008125213000028],[121.52596781400008,25.01163957800003],[121.51845137900013,25.019985146000067],[121.51255903800006,25.02172895600006],[121.50912091500004,25.021341450000023],[121.49972775000003,25.01153844000004],[121.49579424700003,25.009422158000064],[121.49265944600006,25.009525978000056],[121.48876346400004,25.015316652000024],[121.48880304500004,25.023346729000025],[121.48366586900012,25.036298748000036],[121.48882034400005,25.04256835600006],[121.49678939600004,25.04346526800003],[121.50135836400013,25.045951640000055],[121.50467263500002,25.049793021000028],[121.50622765800006,25.053633556000023],[121.50539463200003,25.059338300000036],[121.50693297400004,25.06704181300006],[121.50581666000004,25.075519946000043],[121.49976723300006,25.08723460300007],[121.48874810000008,25.097139628000036],[121.48075153600008,25.100945512000067],[121.46609933400008,25.101723310000068],[121.46139585500008,25.103852935000077],[121.45716932800008,25.107733236000055],[121.4609350930001,25.116196287000037],[121.45879320300004,25.12294012500007],[121.464826194,25.124255523000045],[121.46429818700004,25.127573690000077],[121.465713993,25.131686083000034],[121.48286438500008,25.150220846000025],[121.48746897600006,25.151438572000075],[121.49236619300008,25.16037235400006],[121.498786472,25.16500121000007],[121.50184600300008,25.169424683000045],[121.50257076700008,25.173252647000027],[121.50484575100006,25.17324709600007],[121.50575215300012,25.171081164000043],[121.51042311800006,25.169435601000032],[121.51353712900004,25.170993731000067],[121.51994790300012,25.169273221000022],[121.52256226000009,25.174680677000023],[121.52173723500005,25.179130437000023],[121.52600571500012,25.182976492000023],[121.53337386500004,25.183577022000065],[121.53581137700009,25.186671777000072],[121.54109548000008,25.187378012000067],[121.5428270860001,25.188952479000022],[121.54337344400004,25.194032598000035],[121.54812033300004,25.19799667800004],[121.55186173800008,25.197746515000063],[121.55264271500003,25.200684567000053],[121.55174222500013,25.20354996800006],[121.55500941300012,25.208430186000044],[121.559173428,25.21013589900008],[121.56267504900006,25.209439712000066],[121.56484271200009,25.201009253000052]]]}},{"type":"Feature","properties":{"area_code":"65000","area_name":"新北市"},"geometry":{"type":"Polygon","coordinates":[[[121.53752616400004,25.300029084000073],[121.54072114400005,25.29784679000005],[121.54121684400002,25.294586852000062],[121.550393729,25.29163051300003],[121.55355411200004,25.29303306900005],[121.56031093600006,25.291978553000035],[121.56567098000004,25.293261383000072],[121.56685272900006,25.29504704900006],[121.56608107500006,25.295946944000036],[121.56931140200004,25.298454564000053],[121.57755243300004,25.298950950000066],[121.58869042300012,25.292623982000062],[121.59804079000004,25.29143193600004],[121.597610862,25.289950687000044],[121.60395034300008,25.28648671800005],[121.60793375700008,25.281454738000036],[121.61785944900008,25.27814006700004],[121.62974261600004,25.266785921000064],[121.63413119600013,25.26003458400004],[121.635885959,25.250091446000056],[121.633887264,25.240631697000023],[121.6350364000001,25.238137145000053],[121.6366099170001,25.236291514000072],[121.6379730320001,25.236822935000077],[121.63827011600006,25.234561325000072],[121.643432544,25.23063754900005],[121.64560273100004,25.23028551600004],[121.64639675300008,25.231481624000025],[121.64732576900008,25.231111216000045],[121.64594675300008,25.230119581000057],[121.64868923100003,25.230106600000056],[121.64693672500005,25.233027897000056],[121.64786401300012,25.232236945000068],[121.65215815700004,25.233270727000047],[121.65134771600005,25.230508357000076],[121.65374446300008,25.229158160000058],[121.65001683700008,25.222998818000065],[121.65346555800012,25.21627981900008],[121.66213976200004,25.20846340400004],[121.66083739200008,25.20817929900005],[121.66191953100008,25.20808863800005],[121.66373435300012,25.20967348600004],[121.66223212400008,25.20774133900005],[121.66430084900004,25.209236118000035],[121.66428067700008,25.20703605700004],[121.66610751000007,25.20798043600007],[121.66505103400004,25.20659693400006],[121.67006113400008,25.20296542500006],[121.67270636500008,25.20212250700007],[121.673453611,25.203645429000066],[121.67444311200006,25.20235883600003],[121.675319144,25.203185403000077],[121.67408748600008,25.20420822400007],[121.67808587700006,25.20594784900004],[121.6779507870001,25.203921695000076],[121.67930120300002,25.202816306000045],[121.68146207400002,25.204289716000066],[121.68139458700011,25.205640508000045],[121.68599766600003,25.20818930400003],[121.68726025,25.207834424000055],[121.68732472200008,25.20507673800006],[121.688900073,25.205230389000064],[121.68848652200006,25.208319078000045],[121.69267120400002,25.208156760000065],[121.6965202450001,25.21466448600006],[121.70238107700004,25.21714110600004],[121.70102134400008,25.214218576000064],[121.69277304900004,25.206678950000025],[121.69279835100008,25.204704039000035],[121.69184591400006,25.20470610800004],[121.69321611900013,25.204432206000035],[121.69211590000008,25.204076001000033],[121.6927267210001,25.203306061000035],[121.69395277500008,25.204438555000024],[121.69422744700012,25.203393035000033],[121.69600450400004,25.203917183000044],[121.69402137900012,25.20177097000004],[121.69469658300012,25.200420003000033],[121.68593586000009,25.192394827000044],[121.68571624000003,25.190095410000023],[121.68770159500002,25.18562433200003],[121.69266899700006,25.180131713000037],[121.69466263900006,25.181638962000022],[121.69724233800002,25.181455060000076],[121.69668898300006,25.18278523400005],[121.69888261300002,25.18097043700004],[121.70273132500006,25.18058446300006],[121.70462186800012,25.176837981000062],[121.7096579250001,25.176562356000034],[121.70883614800005,25.17544143200007],[121.70224800500011,25.173517450000077],[121.70094151300007,25.169287042000065],[121.69911951800007,25.168934466000053],[121.69894850500008,25.167216864000068],[121.69129450700008,25.166324058000043],[121.69101899400005,25.164648225000064],[121.68883219500005,25.164089817000047],[121.6872752920001,25.16156268400005],[121.68483032300004,25.160102705000043],[121.68317716500007,25.160650447000023],[121.67758692700012,25.155730422000033],[121.67147036200004,25.155563866000023],[121.669120399,25.153347646000043],[121.66427170300004,25.15222327400005],[121.65828083600002,25.15223106400003],[121.65553707300012,25.149053841000068],[121.65145686000004,25.14796242400007],[121.64962319300004,25.144892002000063],[121.63981821900006,25.145843136000053],[121.63867816600008,25.144238361000077],[121.63433119700004,25.143838221000067],[121.62679914900002,25.13973583400008],[121.628385223,25.13501054900007],[121.63313954200008,25.130986981000035],[121.6383049960001,25.130743240000072],[121.64317912900005,25.127681670000072],[121.64468762100012,25.122197835000065],[121.64624405400002,25.121053231000076],[121.64623773900009,25.113625119000066],[121.6502389310001,25.109551501000055],[121.65222466900002,25.104738631000032],[121.64892535,25.10185850100004],[121.65071859700004,25.098449062000043],[121.65552034600012,25.095515042000045],[121.65570140600003,25.09344995200007],[121.65833593500008,25.09160809800005],[121.6619425990001,25.089349066000068],[121.66459577400008,25.089278470000068],[121.66791324000008,25.085757353000076],[121.67402993200004,25.08291971400007],[121.67881146600008,25.08740276700007],[121.681210587,25.088020352000058],[121.68164063200004,25.084719137000036],[121.67986128500002,25.084168271000067],[121.68049451200012,25.08188319200008],[121.67909895600008,25.07878120600003],[121.68842052200011,25.07173841100007],[121.696535444,25.070093583000073],[121.69952198200008,25.067387199000052],[121.70426685100006,25.067929226000047],[121.70661416900008,25.066553832000068],[121.71236886800013,25.06803399900008],[121.72199137200003,25.06011142200003],[121.72235254800012,25.05867534600003],[121.72594930800004,25.05831488700005],[121.72847456000012,25.054682876000072],[121.7321057480001,25.052709569000054],[121.73749807100012,25.054763627000057],[121.73979585600011,25.053058285000077],[121.745912932,25.052994581000064],[121.75115265400008,25.057257882000044],[121.75688047200003,25.05933791500007],[121.75929409300012,25.059448832000044],[121.76243825200004,25.05694349500004],[121.76403328000004,25.05744171200007],[121.76734926600012,25.06182419200007],[121.77172787600011,25.06320579600003],[121.77570330600008,25.06999711900005],[121.76942165500007,25.07790313700008],[121.76125128700004,25.078866563000076],[121.7591296380001,25.08447595800004],[121.75982100600004,25.090239741000065],[121.75836106800011,25.09412720800003],[121.75989068400008,25.10061526600003],[121.75680266200004,25.101817269000037],[121.75805352700002,25.103684329000032],[121.75605770900006,25.108406440000067],[121.75396029,25.108712540000056],[121.75273835900008,25.106844875000036],[121.75003303300002,25.109723075000034],[121.75189980900008,25.111016792000044],[121.75713929800008,25.11012001900008],[121.75939026800006,25.112587063000035],[121.76328547900005,25.113442117000034],[121.76690760600002,25.11252309300005],[121.77352652500008,25.12027309700005],[121.78337484400004,25.11661512200004],[121.78592425700003,25.118189134000033],[121.79015565900012,25.11226263700007],[121.7947742990001,25.112615960000028],[121.7977672510001,25.11431344300007],[121.79862950600013,25.116658966000045],[121.79758335100009,25.117718744000054],[121.79888117500002,25.119086997000068],[121.79420564600002,25.123349662000063],[121.79461574000004,25.126394258000065],[121.80236914500006,25.12176632200004],[121.80501940200008,25.12533401300004],[121.80377632600003,25.127446502000055],[121.80533326900002,25.131204868000054],[121.80252658000006,25.134329425000033],[121.80350853800007,25.13620273300006],[121.80684676700004,25.13561818200003],[121.81042554300008,25.13309950300004],[121.82269520200008,25.13626940000006],[121.82661136700005,25.135990013000026],[121.82339560700008,25.132762644000024],[121.82412550200002,25.13197652200006],[121.8219389950001,25.132589169000028],[121.82171425400009,25.130540197000073],[121.81942187800009,25.128633887000035],[121.81975415300008,25.12443378200004],[121.82253775200002,25.121440103000054],[121.82797481400009,25.122194726000032],[121.82735146100003,25.12439041400006],[121.82639171700008,25.124169282000025],[121.82772849100002,25.12521811700003],[121.82800971300004,25.12273514900005],[121.82957162300012,25.124373994000052],[121.82881346400006,25.127651094000043],[121.83375160500007,25.127008527000044],[121.83409393200009,25.12842495500007],[121.8418605920001,25.12885616400007],[121.856084129,25.124811269000077],[121.86063963900006,25.124581696000064],[121.86248449100005,25.126329333000054],[121.86263210600008,25.124301657000046],[121.86504269700004,25.12314441500007],[121.86851185700004,25.123142133000044],[121.86987851900004,25.125371951000034],[121.87151111500008,25.12380022700006],[121.87251863400002,25.125382869000077],[121.87599229500006,25.12556183600003],[121.87932460200012,25.12307903800007],[121.88302216600005,25.12404371200006],[121.88629721600012,25.12248185800007],[121.8880254390001,25.123245524000023],[121.88728353200008,25.122495240000035],[121.88971161000006,25.12171993000004],[121.88898157500012,25.120500115000027],[121.88982074800003,25.119862520000027],[121.89597763200004,25.121007036000037],[121.89707350300012,25.119694438000067],[121.9017557300001,25.121298773000035],[121.9045297450001,25.124320754000053],[121.91075131800004,25.123325630000068],[121.91356809500007,25.124923847000048],[121.91475536400004,25.124240472000057],[121.91647749600008,25.127262849000033],[121.9240205640001,25.130116788000063],[121.92679068100006,25.128842077000055],[121.92120760400007,25.121316832000048],[121.92081603200006,25.117459042000064],[121.91694738,25.116176617000065],[121.916037361,25.113857774000053],[121.91860607600006,25.112512499000047],[121.92117706000012,25.114144512000053],[121.92319876800002,25.113282535000053],[121.92655249100004,25.108145556000068],[121.92545611800006,25.10610048500007],[121.92322491000004,25.105312129000023],[121.92415722500004,25.10367275300007],[121.92193253700007,25.10405912100003],[121.9194509460001,25.10224644100003],[121.91851740400011,25.099967623000055],[121.91959454900008,25.094851325000036],[121.91737114300008,25.09425483800004],[121.9144343910001,25.08974765800008],[121.91441616900012,25.085477222000065],[121.91687414500008,25.081401674000062],[121.91554354700008,25.076640489000056],[121.91985277800006,25.07629881300005],[121.92845616000012,25.070865602000023],[121.92814736100001,25.06881660700003],[121.93171728800009,25.063121161000023],[121.9306593660001,25.059907533000057],[121.9315728040001,25.05410841500003],[121.92976071900011,25.05134750700006],[121.92895358300008,25.046235379000052],[121.93040356600012,25.04414951900003],[121.92887997300012,25.04302881800004],[121.9303332720001,25.04206817200003],[121.92896291600005,25.04099535200004],[121.93205785700002,25.035855285000025],[121.94224929200004,25.024636647000023],[121.9471098250001,25.02106206800005],[121.94996553900012,25.020459350000067],[121.9500100570001,25.022384603000035],[121.96088318400008,25.022989367000037],[121.96486619300003,25.024682578000068],[121.96759566500008,25.023984898000037],[121.97365109300006,25.02656150100006],[121.97788958900004,25.026612844000056],[121.99016814800008,25.021060033000023],[121.99228615900006,25.01647074600004],[121.9911832040001,25.012953969000023],[121.99776832600004,25.02075760200006],[122.00181919800002,25.014805616000046],[122.00633867300007,25.015386422000063],[122.0050833680001,25.013378079000063],[122.00650326700008,25.011028415000055],[122.00750061700012,25.011734800000056],[122.00584406700013,25.00863774100003],[122.00706177800008,25.00863775700003],[122.0056825150001,25.007762376000073],[122.00516143000004,25.001547406000043],[121.99668131200008,25.00076097500005],[121.98929934800005,24.993747390000067],[121.98388441400004,24.99055517100004],[121.97754351800006,24.990067714000077],[121.97474712100006,24.98529198400007],[121.96772168500001,24.984817059000022],[121.96679610300008,24.98245584600005],[121.9629055800001,24.987704303000044],[121.9610751570001,24.988292975000036],[121.9580882570001,24.987288918000047],[121.95038506000004,24.988323872000024],[121.94789744000002,24.98666273700007],[121.94464081900004,24.98817837200005],[121.94042034600012,24.984445251000068],[121.93445456800008,24.983144216000028],[121.933499793,24.980897086000027],[121.92274368900009,24.97860054800003],[121.92081770700008,24.97971809300003],[121.91898688700007,24.978643807000022],[121.9148689320001,24.979348637000044],[121.91096436100008,24.97693098700006],[121.91032722200008,24.974773716000072],[121.90826466300008,24.975863227000048],[121.90542445500012,24.973417314000073],[121.902828203,24.974379032000055],[121.89720398300004,24.96706701000005],[121.88957462400003,24.964760659000035],[121.8885655040001,24.963175294000052],[121.88252926300004,24.964169562000052],[121.87155157000008,24.960719311000048],[121.86091146800004,24.963654675000043],[121.85438150700008,24.961593175000075],[121.85401664000004,24.959995676000062],[121.85256609300006,24.959605359000022],[121.85036323500005,24.961177801000076],[121.84686268300004,24.960266649000065],[121.8414118180001,24.954263836000052],[121.84175536700002,24.951124829000037],[121.83904781600006,24.944635945000073],[121.8424430340001,24.939360046000047],[121.846736275,24.937714566000068],[121.84914500800004,24.930327740000052],[121.85386754300008,24.927878704000022],[121.85393790800003,24.925641563000056],[121.84559774500008,24.91936864400003],[121.84395222100012,24.915966103000073],[121.8359580020001,24.907956692000027],[121.83182035800009,24.90490759900007],[121.82551476300011,24.90526221500005],[121.81838057500012,24.902709921000053],[121.81163528200013,24.90651851900003],[121.81047607200004,24.90363148800003],[121.80462333900005,24.901189380000066],[121.79716395500007,24.90162027100007],[121.79518415200003,24.89975261400008],[121.79199500800009,24.899868781000063],[121.79293794600004,24.896157147000057],[121.79001026300011,24.893454227000063],[121.78579306000006,24.89249404900005],[121.78558315000008,24.890583225000057],[121.78168481100012,24.889465878000067],[121.78224085700003,24.879184353000028],[121.78427842700012,24.877581763000023],[121.78521300600003,24.87418980700005],[121.78321742300012,24.874216227000034],[121.77733079300005,24.870762918000025],[121.7754836470001,24.86512441700006],[121.76848841300011,24.865783375000035],[121.76437941800008,24.859889473000067],[121.76278935100004,24.86125521200006],[121.761564066,24.860152081000024],[121.76098529900004,24.85670089100006],[121.75428654300003,24.85640879600004],[121.7534635290001,24.85498244300004],[121.75062996600002,24.85447436000004],[121.74796975700008,24.854950039000073],[121.74578333600004,24.85285334600007],[121.74198999900013,24.852459143000033],[121.73659643500002,24.855696205000072],[121.730423007,24.855244879000058],[121.72521146400004,24.85078866500004],[121.72192139800006,24.849849664000033],[121.7197355190001,24.845588974000066],[121.71559079300005,24.844350318000068],[121.71426741000003,24.84178305100005],[121.7089137700001,24.84054441400008],[121.701865891,24.83440046900006],[121.69916435900008,24.83557656100004],[121.69816012800004,24.83420197600003],[121.69640401600007,24.834619621000055],[121.69616640400012,24.829894120000063],[121.68764366900008,24.82490477300007],[121.69011832100011,24.821492393000028],[121.68830898500003,24.816124741000067],[121.68619797300003,24.81752539400003],[121.68124072500008,24.817615829000033],[121.67715642400005,24.814091604000055],[121.67428332200008,24.814126999000052],[121.66904965900004,24.81800915400004],[121.66069020900012,24.810828607000076],[121.65311451000002,24.81126590100007],[121.64737409500005,24.813951819000067],[121.64503658,24.809289337000052],[121.63880284000004,24.81072537400007],[121.63722559200004,24.80943811500003],[121.62866437600007,24.807960093000077],[121.6258273950001,24.80878014500007],[121.62641444400003,24.805275300000066],[121.62481526000012,24.80161005800005],[121.62547147300006,24.795060170000056],[121.62096116900013,24.792503170000032],[121.61681071500004,24.793887900000072],[121.60963679000008,24.79376568600003],[121.60564373500006,24.789126114000055],[121.592084117,24.78773403400004],[121.59758595500011,24.772169160000033],[121.59558848100004,24.76930075300004],[121.59627851900008,24.76693919800005],[121.59077870100008,24.761344579000024],[121.58897432100002,24.75515226600004],[121.59032819300012,24.751244577000023],[121.5945914670001,24.750192033000076],[121.59613331900005,24.74830200100007],[121.59166853600004,24.744916060000037],[121.59530705800012,24.73963186800006],[121.59377131000008,24.729537484000048],[121.59783927400008,24.72928018000005],[121.59754922400008,24.727674428000057],[121.59057250400008,24.723564344000067],[121.587379101,24.720190116000023],[121.5783065710001,24.72235960200004],[121.5772827940001,24.71487373000008],[121.57481423200012,24.710110402000055],[121.57216094100012,24.71058262100007],[121.57037577800008,24.713971257000026],[121.56777952000004,24.711563201000047],[121.56254306200005,24.712839315000053],[121.556376569,24.711221808000065],[121.55062202600004,24.70574206700007],[121.54320708300008,24.70564386300003],[121.53786469300007,24.699844402000053],[121.538892819,24.69477597400004],[121.5375592800001,24.694014794000054],[121.53656290000004,24.68832764800004],[121.52949845700005,24.68757330300008],[121.52788073300007,24.688968915000032],[121.52695387300004,24.68525467300003],[121.52379561300006,24.683295104000024],[121.51481297900013,24.683238045000053],[121.5117422080001,24.684353604000023],[121.50730397400002,24.682337603000065],[121.50500048800006,24.67948509400003],[121.49902889200008,24.677947157000062],[121.49300912100011,24.673243394000053],[121.48791601700007,24.67519201400006],[121.48473525000009,24.673826550000054],[121.47999616100005,24.67384909200007],[121.47595953000008,24.679269722000072],[121.47541635700009,24.683652537000057],[121.47394534800004,24.685333237000066],[121.47304036600008,24.689802229000065],[121.47479347400008,24.69347767200003],[121.474235592,24.696102093000036],[121.46949635300008,24.696150542000055],[121.46255015000008,24.701636936000057],[121.45022470800006,24.70567526800005],[121.44879173400012,24.71218945100003],[121.44489689200007,24.715152244000024],[121.44096237200006,24.726082905000055],[121.43831990400008,24.726590630000032],[121.43420593900008,24.730130410000072],[121.43535157800012,24.733310756000037],[121.42868505,24.748064963000047],[121.42848742400008,24.753454262000048],[121.42556690900004,24.758398601000067],[121.42583854300004,24.76058757000004],[121.42330426600006,24.762016765000055],[121.42623259000004,24.76782604800007],[121.43143160300008,24.771937862000073],[121.43692096300003,24.77372006400003],[121.44057516600004,24.779139775000033],[121.44596472900004,24.78172182900005],[121.44960536800012,24.786188851000077],[121.44884278000006,24.788244098000064],[121.450385234,24.79091732300003],[121.44570821500008,24.79013290900008],[121.43760091800004,24.79637975000003],[121.4379797580001,24.80373740700003],[121.43656605400008,24.812053071000037],[121.42956998400008,24.815276436000033],[121.42528880000008,24.820109433000027],[121.42364545600005,24.82543226000007],[121.41691747600008,24.82557206500007],[121.41384964300003,24.83195945100005],[121.41560521400004,24.83559759700006],[121.40284466100002,24.84355013100003],[121.399902794,24.84156067200007],[121.39798860200005,24.841778159000057],[121.39704274400005,24.84379590700007],[121.38807930300004,24.842409773000043],[121.38504101600006,24.84080808500005],[121.38334670100004,24.836984891000043],[121.373618447,24.83328089500003],[121.37012249200006,24.836224295000022],[121.36005887100008,24.838176566000072],[121.35482305000004,24.84397233200008],[121.34674489300004,24.84588718400005],[121.34000851200004,24.843387602000064],[121.33614086900002,24.843800169000076],[121.33727233800003,24.848409837000077],[121.34294947900004,24.84877129800003],[121.34763860500004,24.84993406700005],[121.3478633310001,24.850945315000047],[121.34872268400012,24.84835288000005],[121.35037943700002,24.848768294000024],[121.34985842100002,24.84964842200003],[121.3527349630001,24.84911851100003],[121.3518636120001,24.85060526500007],[121.3533449040001,24.850589918000026],[121.35479418000013,24.853352270000073],[121.3580736240001,24.85328361300003],[121.35343200200008,24.85865190800007],[121.34835429900012,24.86073024700005],[121.34504826700004,24.866939181000077],[121.35311778200004,24.87110167900005],[121.354448606,24.87346561000004],[121.35346535000008,24.876516778000052],[121.34567033000008,24.879985486000063],[121.34473248200004,24.885763689000044],[121.34114041100008,24.887993031000065],[121.34212574300012,24.89259061200005],[121.33855115100005,24.893362877000072],[121.33365542100012,24.89153575400007],[121.33207599400008,24.893513088000077],[121.33324603500012,24.899433672000043],[121.33179029100006,24.89981221100004],[121.32716623700004,24.895901343000048],[121.32032177400004,24.900196235000067],[121.321898249,24.903599393000036],[121.326214638,24.90719335700004],[121.3262062230001,24.909180888000037],[121.32358674600005,24.90990905700005],[121.322453203,24.91258798700005],[121.31758531300012,24.916359361000048],[121.3247548060001,24.92343342500004],[121.32795885700013,24.92474054400003],[121.33518048100008,24.924919851000027],[121.33980328400004,24.92850026700006],[121.33324947900007,24.929828358000066],[121.32205818700004,24.928040491000047],[121.32321993900008,24.93127931400005],[121.31815048500005,24.93479445500003],[121.31578131400012,24.938472929000056],[121.3241436080001,24.943291724000066],[121.33162879200006,24.94564175800008],[121.32799512100009,24.949187675000076],[121.3291536160001,24.960576245000027],[121.32805048600004,24.96545181500005],[121.32980553200002,24.966892905000066],[121.32885195100005,24.967884067000057],[121.3269341780001,24.966589326000076],[121.32859391800002,24.96846950400004],[121.32853565900008,24.97193396600005],[121.3280514920001,24.972872944000073],[121.324040523,24.97110924100008],[121.32367878800004,24.972819351000055],[121.32860895500004,24.97626533300007],[121.32749439100007,24.97849204600004],[121.33382895700004,24.978688756000057],[121.33679636400008,24.98067956900007],[121.341029487,24.980241637000063],[121.34268219500008,24.98231728500008],[121.34714715500002,24.97884292400005],[121.35234920800008,24.98084876300004],[121.35409624300009,24.977799378000043],[121.36122351200004,24.97780765600004],[121.36390571400013,24.979587063000057],[121.36936279200006,24.976899079000077],[121.3724040300001,24.979939486000035],[121.38546006800004,24.986044494000055],[121.38341138300008,24.988606830000037],[121.38418473500008,24.99571458400004],[121.388036069,24.996395892000063],[121.39049583500002,24.99331569800006],[121.39402375000007,24.99342376100003],[121.39684258700004,24.997301536000062],[121.40303672200002,24.999049436000064],[121.39951801600012,25.00697040600005],[121.39116017900004,25.012096418000056],[121.39265414700004,25.015580207000028],[121.39466013800006,25.014644416000067],[121.39725121600009,25.016217693000044],[121.40163045500005,25.015772388000073],[121.41212624700006,25.018844728000033],[121.41061400700004,25.021048660000076],[121.40868282500004,25.02086163800004],[121.40133375200004,25.026379641000062],[121.40107862800004,25.02878458300006],[121.39826994700002,25.030096256000036],[121.39857390200008,25.034754083000053],[121.4012068190001,25.034451775000036],[121.39959307000004,25.03587568300003],[121.40120349900008,25.03636670500003],[121.40107365200004,25.03772813200004],[121.39437828200003,25.04008843200006],[121.3935532590001,25.04199718700005],[121.39068206800005,25.04185310400004],[121.39387167100006,25.043779758000028],[121.40068942000003,25.043237416000068],[121.39825793000011,25.044003415000077],[121.40306667500012,25.045661293000023],[121.39994136000008,25.04491746900004],[121.397700901,25.046288350000054],[121.3994293180001,25.04781490600004],[121.396033299,25.048561263000067],[121.39441363600008,25.047501471000032],[121.39392320900004,25.049193416000037],[121.39441928800012,25.050426677000075],[121.39852956800009,25.04847268700007],[121.39758876300004,25.05053096900008],[121.39861864600005,25.05096943300003],[121.39975533800008,25.049363414000027],[121.40070422200006,25.051385984000035],[121.39752965200012,25.05145856000007],[121.39294558100003,25.05397745600004],[121.39104028600002,25.053582763000065],[121.39262170100004,25.05506719600004],[121.38986970800012,25.052838596000072],[121.38443981500006,25.052561628000035],[121.38745131100006,25.05498174800005],[121.3855977720001,25.058111127000075],[121.38858927700004,25.05684853500003],[121.38973717500004,25.059056097000052],[121.38768404400004,25.05971799300005],[121.39092482600006,25.060807800000077],[121.38817417400004,25.061554998000076],[121.38830924800004,25.06306342000005],[121.38290789500002,25.06293345000006],[121.38216056400006,25.064298735000023],[121.37668248200008,25.06609160900007],[121.35488769200003,25.065147765000063],[121.35377373200004,25.068583236000052],[121.35213675800004,25.067923603000057],[121.34645016400007,25.07029956600007],[121.348940082,25.072414426000023],[121.34985263200008,25.071301709000068],[121.35172199500003,25.073565013000064],[121.35346090700013,25.073292347000063],[121.35176133800007,25.07445864000005],[121.349897305,25.073537979000037],[121.349921665,25.076629139000033],[121.34803485400003,25.073819357000048],[121.34185391900009,25.072670854000023],[121.34260336000013,25.07349737900006],[121.34052924700006,25.074079512000026],[121.34045958900003,25.076357061000067],[121.34460601500008,25.075029932000064],[121.34623180100004,25.075641258000076],[121.34447462300012,25.07605941900005],[121.3442205020001,25.077843159000057],[121.34635454300007,25.076784055000076],[121.34524607300013,25.078544141000062],[121.34798237700012,25.078798104000043],[121.34247107400006,25.08009295000005],[121.34942777300012,25.08074842900004],[121.35026143200004,25.08123766800003],[121.34949628800008,25.082247730000063],[121.34359781500008,25.084215622000045],[121.33829750100006,25.083742380000047],[121.32502253200003,25.092548941000075],[121.31823936300007,25.09300825300005],[121.31051672100013,25.096545270000036],[121.30278558600004,25.096790455000075],[121.30139252100004,25.098478087000046],[121.30122336500006,25.101673936000054],[121.29830557600008,25.10449223200004],[121.29162030300006,25.10263855000005],[121.29024640800004,25.10685942700007],[121.28714542600004,25.10681646100005],[121.282751673,25.109633278000047],[121.283905634,25.112444406000066],[121.28338726100004,25.11780901000003],[121.29259837000006,25.119098131000044],[121.29491097700009,25.12082031700004],[121.29470479400004,25.122117075000062],[121.29684671600012,25.122643279000044],[121.29671282800008,25.126168450000023],[121.29877186800002,25.12419544900007],[121.30063202200006,25.125212186000056],[121.30415163000008,25.124159015000032],[121.30494456300003,25.126108315000067],[121.30964782600006,25.12585662300006],[121.31022947000008,25.123744810000066],[121.32014045200005,25.123418817000072],[121.33552949200008,25.126085853000063],[121.34171314800004,25.12870748100005],[121.34503366100012,25.128422675000024],[121.3599374800001,25.13474701000007],[121.36399078600004,25.13717754700008],[121.36526726000012,25.14016779800005],[121.36911905600005,25.139589354000066],[121.37199590300008,25.141983287000073],[121.37947392,25.143001472000037],[121.38976887800004,25.147738434000075],[121.38782597600004,25.151921728000048],[121.39157178200004,25.16798046200006],[121.40257374300006,25.15883222000008],[121.40553153300004,25.16042519000007],[121.408871599,25.164899181000067],[121.40551495900002,25.167994281000063],[121.40893901200002,25.164972823000028],[121.41884802200002,25.17740879900003],[121.41636593300008,25.18065658300003],[121.40430128700008,25.183094251000057],[121.40485662100002,25.189834003000044],[121.41421553400004,25.190113944000075],[121.41900588100007,25.19184679700004],[121.41776017400002,25.194260582000027],[121.4182715930001,25.197417271000063],[121.42467142200007,25.207917291000054],[121.43086784500008,25.21588692900008],[121.43764055800013,25.218018482000048],[121.43731314500008,25.219671386000073],[121.445368142,25.23796762700005],[121.44581610100012,25.24256000300005],[121.44848253000008,25.247976851000033],[121.452687136,25.252810160000024],[121.46251234200008,25.25204891000004],[121.471574959,25.25599149500005],[121.47703358500009,25.26626524600005],[121.48094594600002,25.270875880000062],[121.49097955600008,25.27470264300007],[121.49734849600009,25.278851091000035],[121.50126129900002,25.280462575000055],[121.5026095070001,25.27970542900005],[121.503647408,25.281309452000073],[121.50576588,25.281074144000055],[121.50651636200008,25.282545412000047],[121.508995432,25.28292512300004],[121.50832213600006,25.28979563100006],[121.510715268,25.291999814000064],[121.513411646,25.289947977000057],[121.51401813600012,25.286668208000037],[121.51690950400008,25.284899136000035],[121.51981325000008,25.285021735000043],[121.52169563500001,25.28686514000003],[121.52594211000007,25.286014434000037],[121.52851615900012,25.28705414800004],[121.53450404800004,25.29110644600007],[121.53376471800004,25.29706361600006],[121.53752616400004,25.300029084000073]],[[121.55216142800008,25.19824460600006],[121.55070399600004,25.197110790000067],[121.54862700400008,25.198187451000024],[121.54469779500003,25.19556004900005],[121.54326688500008,25.193781944000023],[121.5428270860001,25.188952479000022],[121.54086124500007,25.18722579300004],[121.53581137700009,25.186671777000072],[121.53337386500004,25.183577022000065],[121.52548148800008,25.18258383900007],[121.52173723500005,25.179130437000023],[121.52256226000009,25.174680677000023],[121.51994790300012,25.169273221000022],[121.51353712900004,25.170993731000067],[121.51042311800006,25.169435601000032],[121.50575215300012,25.171081164000043],[121.50484575100006,25.17324709600007],[121.50257076700008,25.173252647000027],[121.50184600300008,25.169424683000045],[121.498786472,25.16500121000007],[121.49236619300008,25.16037235400006],[121.48746897600006,25.151438572000075],[121.48286438500008,25.150220846000025],[121.465713993,25.131686083000034],[121.46429818700004,25.127573690000077],[121.464826194,25.124255523000045],[121.45879320300004,25.12294012500007],[121.4609350930001,25.116196287000037],[121.457190458,25.107629925000023],[121.46139585500008,25.103852935000077],[121.46609933400008,25.101723310000068],[121.48075153600008,25.100945512000067],[121.48874810000008,25.097139628000036],[121.49976723300006,25.08723460300007],[121.50581666000004,25.075519946000043],[121.50693297400004,25.06704181300006],[121.50539463200003,25.059338300000036],[121.50622765800006,25.053633556000023],[121.50467263500002,25.049793021000028],[121.50135836400013,25.045951640000055],[121.49678939600004,25.04346526800003],[121.48882034400005,25.04256835600006],[121.48366586900012,25.036298748000036],[121.48880304500004,25.023346729000025],[121.48876346400004,25.015316652000024],[121.49265944600006,25.009525978000056],[121.49579424700003,25.009422158000064],[121.49972775000003,25.01153844000004],[121.50912091500004,25.021341450000023],[121.51255903800006,25.02172895600006],[121.51845137900013,25.019985146000067],[121.52596781400008,25.01163957800003],[121.53215119000004,25.008125213000028],[121.53390557400007,25.00339105300003],[121.53051427700008,24.99800921700006],[121.53169870500004,24.99050576900004],[121.53517584600002,24.99513330300005],[121.53704840500006,24.992355746000044],[121.53690324500008,24.988652263000063],[121.54417379400002,24.988207662000036],[121.54506155600006,24.983667972000035],[121.54903468100008,24.98376085500007],[121.55088133400012,24.98541723200003],[121.55084892200011,24.987226376000024],[121.55236900900002,24.986964197000077],[121.55393546100004,24.984797701000048],[121.55367950400012,24.977421956000057],[121.55520402400008,24.97653458800005],[121.56121880600006,24.964709812000024],[121.572542848,24.96398042900006],[121.57455696200007,24.966843162000032],[121.5784201240001,24.966610855000056],[121.58567404200004,24.963211728000033],[121.59116873300002,24.964605876000064],[121.59339588300008,24.964210528000024],[121.59487880300004,24.961531156000035],[121.597076807,24.96050334400007],[121.6012427820001,24.960887109000055],[121.60506057400003,24.96295141400003],[121.60830375700004,24.96307875900004],[121.61366652000004,24.96643662500003],[121.61964314000012,24.96715772400006],[121.62001715200006,24.969449189000045],[121.61430026200004,24.97353708000003],[121.60521013800007,24.974357205000047],[121.599509129,24.978145485000027],[121.60066401600012,24.98031431000004],[121.59986115000004,24.98639011200004],[121.601830779,24.987908171000072],[121.60197218400003,24.990285501000074],[121.59906161000004,24.991705489000022],[121.598139263,24.99449441900003],[121.60052522800004,24.998469578000027],[121.60046651100004,25.001082430000057],[121.59788851300004,25.00414244700005],[121.59591195300004,25.00450540100007],[121.59741205500006,25.01468966600004],[121.60262513200009,25.015081809000037],[121.6041259110001,25.019087255000045],[121.60821033700006,25.01943788700004],[121.60925759600002,25.020946786000025],[121.62328385800004,25.01726622800004],[121.62893566600007,25.019929081000043],[121.63236053500007,25.025634672000024],[121.63568731600004,25.023211056000036],[121.642981028,25.024559012000054],[121.646246614,25.02171634700005],[121.64991268800009,25.023968577000065],[121.65381746300012,25.024420324000065],[121.66284007800004,25.02274962100006],[121.66493836000008,25.024694030000035],[121.66594253800008,25.029875166000068],[121.66080099700002,25.030445964000023],[121.65514690000008,25.027436453000064],[121.64671774800001,25.027993201000072],[121.64584958400008,25.02944459300005],[121.63347834,25.035739764000027],[121.63021047300003,25.03507921800008],[121.62948082100002,25.03672833400003],[121.62493050700004,25.037724446000027],[121.61905735300002,25.04353994300004],[121.61634033300004,25.050635579000073],[121.62092692200008,25.053505037000036],[121.62052520200008,25.056648731000053],[121.62343171600004,25.055001703000073],[121.62426378200009,25.05574084200003],[121.62077529200008,25.061356815000067],[121.61613136500011,25.06391956400006],[121.61683171400011,25.06587431400004],[121.61792473300012,25.065159290000057],[121.61763001500005,25.06760170800004],[121.621509972,25.06957476300005],[121.62061941500008,25.073226315000056],[121.62480802800007,25.07777490800004],[121.62421534400004,25.080258663000052],[121.627665728,25.082555032000073],[121.62861489600004,25.086471367000055],[121.62506339200002,25.09366686800007],[121.62625492000008,25.095877037000037],[121.62554097500004,25.097004173000073],[121.62215845500008,25.09731732000006],[121.6154066260001,25.10386814400005],[121.59838495000008,25.10890998800005],[121.59548982800004,25.113493774000062],[121.60076627400008,25.121846849000065],[121.60171875300011,25.126025223000056],[121.604433695,25.12592033000004],[121.60783753900012,25.130165202000057],[121.60459096300008,25.130852686000026],[121.60569206500008,25.13674168800003],[121.60407481900006,25.136175275000028],[121.59839070500004,25.14030581700007],[121.59579328600012,25.14343136100007],[121.593581168,25.15029902400005],[121.58939014000008,25.15238591600007],[121.591840315,25.15588501600007],[121.5898694010001,25.163715397000033],[121.5879276280001,25.16297259000004],[121.58321892300012,25.165812523000056],[121.5788568800001,25.165610081000068],[121.57706836300008,25.167003157000067],[121.57738399700008,25.170154525000044],[121.58350350400008,25.176838374000056],[121.580868183,25.181793708000043],[121.58275384800004,25.18433968000005],[121.58186146300012,25.18640407600003],[121.58399706900002,25.188790569000048],[121.58270412700006,25.19309415600003],[121.583764491,25.19459398400005],[121.5717502120001,25.195384955000065],[121.57022336700004,25.19807624200007],[121.56484271200009,25.201009253000052],[121.56272366900008,25.20935675000004],[121.55974955400006,25.21017262500004],[121.55500941300012,25.208430186000044],[121.55174222500013,25.20354996800006],[121.55216142800008,25.19824460600006]]]}},{"type":"Feature","properties":{"area_code":"67000","area_name":"臺南市"},"geometry":{"type":"Polygon","coordinates":[[[120.43808434000005,23.413355486000057],[120.45008494500009,23.409230902000047],[120.4532665910001,23.406475740000076],[120.45432488800007,23.406340768000064],[120.45398207800008,23.40721998400005],[120.46093776000008,23.40470689100005],[120.46184188300003,23.402438932000052],[120.46495376200004,23.400769895000053],[120.46768821400008,23.40112229500005],[120.47339962900004,23.398072823000064],[120.4761449020001,23.393829966000055],[120.47538452600008,23.391001361000065],[120.47747057900006,23.39071083600004],[120.47941925900012,23.387588924000056],[120.484004421,23.391516761000048],[120.48567448900008,23.39143812900005],[120.48553967600004,23.39306203500007],[120.4891636320001,23.392446342000028],[120.48865392000005,23.393608226000023],[120.49032450000004,23.395623796000052],[120.49493968600008,23.394357016000072],[120.49902918900013,23.387398219000033],[120.49681852100002,23.384245157000063],[120.490278235,23.38307052700003],[120.48440174600012,23.379480861000047],[120.48294058700004,23.37232696700005],[120.48393542800012,23.369567063000034],[120.48872513600008,23.37306775600007],[120.49009665200003,23.371120560000065],[120.49150150000004,23.372487071000023],[120.49427113700006,23.369488200000035],[120.49605549900002,23.369951102000073],[120.49947280800006,23.368034907000037],[120.50178760400001,23.367824780000035],[120.502596368,23.369535547000055],[120.50483613300004,23.368901589000075],[120.50492656600012,23.367431875000023],[120.5105386680001,23.364359769000032],[120.51246374800009,23.356298639000045],[120.50808964600004,23.352759973000047],[120.506159528,23.355296788000032],[120.50471903800008,23.35468005900003],[120.50356165100004,23.350288114000023],[120.50509056700004,23.344814761000062],[120.50786047800013,23.342995333000033],[120.5104292960001,23.34409099800007],[120.51558417300008,23.34373890800003],[120.52068005400008,23.341946756000027],[120.52141653400008,23.34046092500006],[120.52311165000005,23.340678310000044],[120.52474537900002,23.338202108000075],[120.52693059600006,23.33938519000003],[120.53372287600008,23.336471286000062],[120.539996061,23.32786955200004],[120.53705568700002,23.32653780100003],[120.53510837600004,23.323246405000077],[120.53195030200004,23.321148105000077],[120.53085263300012,23.31710685200005],[120.52255065200006,23.311754112000074],[120.52627893100008,23.295333540000055],[120.52600926600007,23.29222648500007],[120.52186070200004,23.28809100600006],[120.522942757,23.282059640000057],[120.52096776400003,23.279685588000063],[120.52232290600011,23.27429030600007],[120.52042639600006,23.27177630700004],[120.526091844,23.266488839000033],[120.52932049000005,23.25787397100004],[120.5322952250001,23.255052439000053],[120.52997020200009,23.247949264000056],[120.52416356600008,23.241997876000028],[120.51910515800012,23.239328279000063],[120.51965648000008,23.23789530600004],[120.5262950230001,23.231132122000076],[120.52967879900008,23.232547818000057],[120.53195816900006,23.229665083000043],[120.54150780100008,23.22782928600003],[120.54853371500008,23.223988364000036],[120.54978497000002,23.221338091000064],[120.55498131800005,23.21747329300007],[120.56137227700005,23.217414493000035],[120.56528797700004,23.22098003600007],[120.57487431400013,23.217698062000068],[120.57826031000002,23.214782912000032],[120.57968119800012,23.21899079000008],[120.58661327600008,23.224163635000025],[120.59248894000008,23.239853950000057],[120.59579294200012,23.236726760000067],[120.59724048200007,23.22904157000005],[120.60272234200012,23.226080368000055],[120.60651839400008,23.225776808000035],[120.60982482000009,23.222635534000062],[120.61307766000004,23.223995252000066],[120.61676228700004,23.223545299000023],[120.61838934900004,23.22564502700004],[120.62476423500004,23.22717483100007],[120.62837982200006,23.229447375000063],[120.63410889300008,23.229224586000043],[120.644174173,23.225317120000057],[120.64690788000009,23.227132992000065],[120.65138282700002,23.22408637300003],[120.65435055300009,23.22430976800007],[120.656249795,23.217638496000063],[120.65383800600011,23.215306233000035],[120.65146142500008,23.208510181000065],[120.64835895500003,23.20857681600006],[120.64345448600012,23.203540797000073],[120.63899497600003,23.19273546100004],[120.63656029000003,23.190248206000035],[120.63840029100004,23.18568483300004],[120.64109984600007,23.182958718000062],[120.63729822000003,23.180395936000025],[120.63605980700004,23.175005760000033],[120.62919950800006,23.174252757000033],[120.63065805600002,23.17006369700005],[120.62522543400009,23.167760877000035],[120.62123674100008,23.162958384000035],[120.61653812000009,23.16309629400007],[120.61504005300004,23.159533631000045],[120.61343179000004,23.159245678000048],[120.61111016400002,23.15589936500004],[120.61234484600004,23.15360812700004],[120.61184612000012,23.151702108000052],[120.60785370000008,23.148439621000023],[120.60556951600006,23.14852638800005],[120.60560709400012,23.146473556000046],[120.60110849900002,23.14416565700003],[120.5984750020001,23.13857747000003],[120.59628349700006,23.13686238100007],[120.59465233800006,23.131593031000023],[120.58844790400008,23.12335899000004],[120.58808002900004,23.114096708000034],[120.57722309000007,23.09946426700003],[120.57579305100012,23.095765861000075],[120.57412566800008,23.09485836700003],[120.57449816800012,23.090883838000025],[120.56689194900002,23.08182716000005],[120.55889695300004,23.07564876400005],[120.55905274500005,23.073439649000026],[120.55449703600004,23.068829865000055],[120.53973625100002,23.061931510000026],[120.53530314300008,23.057490939000047],[120.53007303600008,23.05581918400003],[120.52303084100004,23.049566655000035],[120.52365407500008,23.047441595000063],[120.52230812900008,23.045671982000044],[120.51966625700004,23.044975497000053],[120.503716746,23.02864529200008],[120.48407340600012,23.017062801000066],[120.48099816500007,23.01157121800003],[120.47989111400013,23.00270664500005],[120.460498744,23.003591610000058],[120.45950022800002,23.001029602000074],[120.46147764700004,22.998119469000073],[120.45910066200008,22.99573932900006],[120.461110092,22.990770292000036],[120.45963323800004,22.989903223000056],[120.45471398100004,22.990622185000063],[120.45318973800012,22.984806013000025],[120.45469257800004,22.980757381000046],[120.45295448800005,22.977710426000044],[120.45171751000008,22.97862653900006],[120.44963008600008,22.977242183000044],[120.44468530100004,22.979539544000033],[120.44264441000009,22.97732408400003],[120.43724809800005,22.962179725000055],[120.43299385300008,22.95608544600003],[120.42852054600009,22.94061552200003],[120.4259078340001,22.93904172500004],[120.42488621200005,22.93316835300004],[120.42276059900009,22.93095554000007],[120.4159537920001,22.91596039800004],[120.41060343200002,22.914315591000047],[120.40868096100009,22.91233783300004],[120.40631659000007,22.914648355000057],[120.40544502000012,22.918048111000076],[120.40110598400008,22.91851960500003],[120.39863270500008,22.922430060000067],[120.39216867700009,22.92229149600007],[120.38680209000006,22.91826014700007],[120.38166178400002,22.921163508000063],[120.38016890800009,22.918455486000028],[120.37728903800009,22.91798070300007],[120.376513132,22.91434839300007],[120.37401108400002,22.914253709000036],[120.37316918100008,22.912438977000026],[120.37116165400003,22.912271935000035],[120.37313792900012,22.909326091000025],[120.37248806500008,22.906635987000072],[120.3707179590001,22.907096551000052],[120.368148033,22.903902310000035],[120.366292132,22.90506722400005],[120.36598621300004,22.90223333800003],[120.3633594370001,22.90230414100006],[120.36190275700004,22.900909753000064],[120.3615038050001,22.902051182000037],[120.35946780400002,22.901419649000047],[120.35967241600008,22.899783997000043],[120.36161395500004,22.90051049600004],[120.36108283500003,22.897804966000024],[120.35797461700008,22.895856302000027],[120.356895097,22.892921158000036],[120.35539985800006,22.893934796000053],[120.3544973170001,22.89268549400003],[120.35543433500004,22.891948342000035],[120.35328670400008,22.89238063600004],[120.35327912900004,22.891146570000046],[120.35516680600006,22.89042869800005],[120.35173125900008,22.88909656800007],[120.35197759300002,22.887501808000025],[120.34908875600001,22.890572685000052],[120.34513733800009,22.889437260000022],[120.33226526800001,22.889324439000063],[120.32488015600006,22.900459703000024],[120.3196908760001,22.894947456000068],[120.31416533200002,22.89978051500003],[120.30170924600009,22.90058620800005],[120.28456527700008,22.90472157000005],[120.27798799600008,22.904406718000075],[120.27949574000002,22.896294429000022],[120.27298830700012,22.895411789000036],[120.25877533000003,22.90186484500003],[120.25682909200007,22.899540700000045],[120.258686172,22.89517810500007],[120.25415892700003,22.894261493000045],[120.24760888300013,22.898188297000047],[120.24286255100004,22.903511543000036],[120.23291014000006,22.90554678600006],[120.23157106200006,22.908663750000073],[120.23169435900002,22.91539719000008],[120.2297267780001,22.916864969000073],[120.22665659000006,22.91627750200007],[120.22102644400002,22.90999279600004],[120.21811141900002,22.909622831000036],[120.21329069800004,22.91102860700005],[120.20807050100008,22.915238638000066],[120.20235289000004,22.915441187000056],[120.19205555200006,22.921194228000047],[120.18657322400009,22.919646439000076],[120.1767503530001,22.912338343000044],[120.17474876100005,22.91170407500005],[120.17684975600002,22.91263893000007],[120.17404891300008,22.914415809000047],[120.17299841400006,22.91928530100006],[120.17517624100005,22.932980712000074],[120.17200910800013,22.949694571000062],[120.16943307000008,22.95569514000005],[120.16281462900008,22.964984703000027],[120.15967227500003,22.963549518000036],[120.15536215500003,22.964738002000047],[120.15541452900004,22.967463019000036],[120.159787187,22.97122257800004],[120.15950143600004,22.97314195100006],[120.14749143300004,22.987782727000024],[120.14034630100002,22.993341327000053],[120.14108832800002,22.99598097100005],[120.1390971300001,22.99771203200004],[120.137570943,22.99692017800004],[120.11112285800004,23.018179520000047],[120.09414104200005,23.028821426000036],[120.07583239300004,23.038270675000035],[120.06770609600004,23.040969335000057],[120.06517474900012,23.04325280200004],[120.06188994600008,23.04425186400005],[120.05795566200004,23.043098362000023],[120.04983353600004,23.052207285000065],[120.03897897600008,23.06804537900007],[120.0294161700001,23.066413321000027],[120.026912422,23.067925285000054],[120.03471779000006,23.100808766000057],[120.03789712700008,23.108466708000037],[120.04394105200004,23.119194136000033],[120.05145102300004,23.125582429000076],[120.05422136200002,23.125721474000045],[120.05092011200009,23.122386257000073],[120.05503807800004,23.12569628700004],[120.05284276800012,23.13064055800004],[120.05582953200008,23.137144857000067],[120.06047252400003,23.163444175000052],[120.06941975900008,23.182172562000066],[120.071579498,23.189733858000068],[120.0775071700001,23.200472759000036],[120.08004971600008,23.20901245000005],[120.08186316400008,23.22228518600008],[120.0806177390001,23.237570353000024],[120.08935091700005,23.24963256600006],[120.09217688400008,23.259610702000032],[120.09503037000002,23.281225066000047],[120.09432879200006,23.295002939000028],[120.09631654200008,23.299087280000037],[120.10186796500012,23.302283611000064],[120.10311481400004,23.30451869300003],[120.10684102300002,23.305279419000044],[120.11080789500012,23.310400122000033],[120.11361309600012,23.322264244000053],[120.11101815000006,23.331830232000073],[120.11807818500006,23.34016193100007],[120.13228897700004,23.32975639400007],[120.13691959700007,23.32799124300004],[120.14708224800006,23.321067138000046],[120.14858184700006,23.31957304900004],[120.148369881,23.315273244000025],[120.14966273700009,23.313249346000077],[120.15413129,23.31309036500005],[120.15622059700002,23.310041212000044],[120.16058190300008,23.310645045000054],[120.168336285,23.30701151600005],[120.17392303000008,23.299902403000033],[120.17592020800008,23.294015646000048],[120.18011390100004,23.291094539000028],[120.18927195700007,23.29047348400007],[120.18935542500004,23.292348944000025],[120.185791289,23.296603210000058],[120.18840961800004,23.301233009000043],[120.19169030600005,23.300270436000066],[120.20427524900003,23.29189963300007],[120.20860516100004,23.291294950000065],[120.21182624300002,23.292707277000034],[120.21238950500005,23.291700623000057],[120.22087382800008,23.29600010300004],[120.22263757400005,23.298319209000056],[120.23759159200006,23.326646779000043],[120.23969682300005,23.32755628500007],[120.24586673600004,23.32685180800007],[120.25639503000002,23.33107233100003],[120.2670509940001,23.34063225600005],[120.26749943400011,23.34475692800004],[120.260710764,23.34447093600005],[120.26603688700004,23.35257981700005],[120.27049449800006,23.353689298000063],[120.27331646800008,23.35273034100004],[120.27773697300006,23.347715639000057],[120.286210083,23.35027278700005],[120.28367460600008,23.35999752500004],[120.28589142100007,23.367216093000025],[120.29273972300008,23.375317970000022],[120.3109462540001,23.37543744900006],[120.3110046380001,23.38556759900007],[120.31477367900004,23.38846002200006],[120.31942173400012,23.387343243000032],[120.32179273000008,23.38353277400006],[120.32868689100007,23.38611706100005],[120.328935386,23.384878825000044],[120.33318497900008,23.385805824000045],[120.34272027100008,23.39622176000006],[120.34310087900008,23.39828377500004],[120.34632871200006,23.400379943000075],[120.35984995900004,23.40266518200008],[120.38424992500006,23.40408484600005],[120.40417346700008,23.410046446000024],[120.408109211,23.41342624600003],[120.41049192000004,23.410168146000046],[120.41449103900004,23.411239610000052],[120.41630273200008,23.410417480000035],[120.42000445400004,23.403457178000053],[120.4219522300001,23.40704429100003],[120.43031367100002,23.406484],[120.43224602000008,23.41081538700007],[120.43808434000005,23.413355486000057]]]}},{"type":"Feature","properties":{"area_code":"68000","area_name":"桃園市"},"geometry":{"type":"Polygon","coordinates":[[[121.25977974000013,25.12361306100007],[121.2690177070001,25.11991668000007],[121.28338726100004,25.11780901000003],[121.28294770200011,25.10936262000007],[121.28714542600004,25.10681646100005],[121.29024640800004,25.10685942700007],[121.29162030300006,25.10263855000005],[121.29915932800009,25.104027123000037],[121.30278558600004,25.096790455000075],[121.31051672100013,25.096545270000036],[121.31823936300007,25.09300825300005],[121.32502253200003,25.092548941000075],[121.33829750100006,25.083742380000047],[121.34359781500008,25.084215622000045],[121.34938254200006,25.08232876300008],[121.35026143200004,25.08123766800003],[121.34942777300012,25.08074842900004],[121.34247107400006,25.08009295000005],[121.34798237700012,25.078798104000043],[121.34524607300013,25.078544141000062],[121.34635454300007,25.076784055000076],[121.3442205020001,25.077843159000057],[121.34447462300012,25.07605941900005],[121.34623180100004,25.075641258000076],[121.34460601500008,25.075029932000064],[121.34045958900003,25.076357061000067],[121.34052924700006,25.074079512000026],[121.34260336000013,25.07349737900006],[121.34185391900009,25.072670854000023],[121.34803485400003,25.073819357000048],[121.349921665,25.076629139000033],[121.349897305,25.073537979000037],[121.35176133800007,25.07445864000005],[121.35346090700013,25.073292347000063],[121.35172199500003,25.073565013000064],[121.34985263200008,25.071301709000068],[121.348940082,25.072414426000023],[121.34645016400007,25.07029956600007],[121.35213675800004,25.067923603000057],[121.35377373200004,25.068583236000052],[121.35488769200003,25.065147765000063],[121.37668248200008,25.06609160900007],[121.38216056400006,25.064298735000023],[121.38290789500002,25.06293345000006],[121.38830924800004,25.06306342000005],[121.38817417400004,25.061554998000076],[121.39107838000008,25.061516204000043],[121.38768404400004,25.05971799300005],[121.38973717500004,25.059056097000052],[121.38863861400012,25.056876953000028],[121.3855977720001,25.058111127000075],[121.38745131100006,25.05498174800005],[121.38443981500006,25.052561628000035],[121.38986970800012,25.052838596000072],[121.39262170100004,25.05506719600004],[121.39104028600002,25.053582763000065],[121.39294558100003,25.05397745600004],[121.39752965200012,25.05145856000007],[121.40070422200006,25.051385984000035],[121.39975533800008,25.049363414000027],[121.39861864600005,25.05096943300003],[121.39758876300004,25.05053096900008],[121.39852956800009,25.04847268700007],[121.39441928800012,25.050426677000075],[121.39392320900004,25.049193416000037],[121.39441363600008,25.047501471000032],[121.396033299,25.048561263000067],[121.3994293180001,25.04781490600004],[121.397700901,25.046288350000054],[121.39994136000008,25.04491746900004],[121.40306667500012,25.045661293000023],[121.39825793000011,25.044003415000077],[121.40068942000003,25.043237416000068],[121.39387167100006,25.043779758000028],[121.39068206800005,25.04185310400004],[121.3935532590001,25.04199718700005],[121.39437828200003,25.04008843200006],[121.40107365200004,25.03772813200004],[121.40120349900008,25.03636670500003],[121.39959307000004,25.03587568300003],[121.4012068190001,25.034451775000036],[121.39857390200008,25.034754083000053],[121.39826994700002,25.030096256000036],[121.40079316700007,25.02911070600004],[121.40129620300002,25.026424587000065],[121.40462634500012,25.023752995000052],[121.41217403000007,25.01934171700003],[121.41140373400005,25.018026013000053],[121.40917038700002,25.01838628400003],[121.40163045500005,25.015772388000073],[121.39725121600009,25.016217693000044],[121.39466013800006,25.014644416000067],[121.39248951500008,25.015484229000037],[121.39118698600008,25.012027714000055],[121.39951801600012,25.00697040600005],[121.4032370220001,24.999327935000053],[121.39684258700004,24.997301536000062],[121.39402375000007,24.99342376100003],[121.39049583500002,24.99331569800006],[121.388036069,24.996395892000063],[121.38418473500008,24.99571458400004],[121.38341138300008,24.988606830000037],[121.38546006800004,24.986044494000055],[121.3724040300001,24.979939486000035],[121.36967762100004,24.97704023500006],[121.36390571400013,24.979587063000057],[121.36122351200004,24.97780765600004],[121.35409624300009,24.977799378000043],[121.35234920800008,24.98084876300004],[121.347229082,24.97882670800004],[121.34268219500008,24.98231728500008],[121.34113292000006,24.980267854000033],[121.33679636400008,24.98067956900007],[121.33382895700004,24.978688756000057],[121.33075463300008,24.979353014000026],[121.32729691800012,24.978372369000056],[121.32860895500004,24.97626533300007],[121.32364522600004,24.971988020000023],[121.3251420900001,24.97115526600004],[121.3280514920001,24.972872944000073],[121.32853565900008,24.97193396600005],[121.32859391800002,24.96846950400004],[121.3269341780001,24.966589326000076],[121.32885195100005,24.967884067000057],[121.32980553200002,24.966892905000066],[121.32805048600004,24.96545181500005],[121.3291536160001,24.960576245000027],[121.32799512100009,24.949187675000076],[121.33160566100004,24.945541982000066],[121.3241436080001,24.943291724000066],[121.31578131400012,24.938472929000056],[121.31815048500005,24.93479445500003],[121.32321993900008,24.93127931400005],[121.32205818700004,24.928040491000047],[121.33324947900007,24.929828358000066],[121.33980328400004,24.92850026700006],[121.33518048100008,24.924919851000027],[121.32795885700013,24.92474054400003],[121.3247548060001,24.92343342500004],[121.31758531300012,24.916359361000048],[121.322453203,24.91258798700005],[121.32358674600005,24.90990905700005],[121.3262062230001,24.909180888000037],[121.326214638,24.90719335700004],[121.321898249,24.903599393000036],[121.32032177400004,24.900196235000067],[121.32716623700004,24.895901343000048],[121.33179029100006,24.89981221100004],[121.33324603500012,24.899433672000043],[121.33207599400008,24.893513088000077],[121.33365542100012,24.89153575400007],[121.33855115100005,24.893362877000072],[121.34212574300012,24.89259061200005],[121.34114041100008,24.887993031000065],[121.34473248200004,24.885763689000044],[121.34567033000008,24.879985486000063],[121.35346535000008,24.876516778000052],[121.354448606,24.87346561000004],[121.35311778200004,24.87110167900005],[121.34504826700004,24.866939181000077],[121.34835429900012,24.86073024700005],[121.35343200200008,24.85865190800007],[121.3580736240001,24.85328361300003],[121.35479418000013,24.853352270000073],[121.3533449040001,24.850589918000026],[121.3518636120001,24.85060526500007],[121.3527349630001,24.84911851100003],[121.34985842100002,24.84964842200003],[121.35037943700002,24.848768294000024],[121.34872268400012,24.84835288000005],[121.3478633310001,24.850945315000047],[121.34763860500004,24.84993406700005],[121.34294947900004,24.84877129800003],[121.33727233800003,24.848409837000077],[121.33599616000004,24.84392764200004],[121.34000851200004,24.843387602000064],[121.34674489300004,24.84588718400005],[121.35482305000004,24.84397233200008],[121.36005887100008,24.838176566000072],[121.37012249200006,24.836224295000022],[121.373618447,24.83328089500003],[121.38334670100004,24.836984891000043],[121.38521912100008,24.84096459500006],[121.39353439900005,24.843951037000068],[121.39721890200008,24.84374565800005],[121.39824281000006,24.84169127800004],[121.40090049100002,24.84178739200007],[121.402703781,24.843572875000064],[121.40705893900008,24.841705095000066],[121.41560521400004,24.83559759700006],[121.41384964300003,24.83195945100005],[121.41691747600008,24.82557206500007],[121.42364545600005,24.82543226000007],[121.42528880000008,24.820109433000027],[121.42956998400008,24.815276436000033],[121.43656605400008,24.812053071000037],[121.438014048,24.803209431000028],[121.43709544300008,24.798179549000057],[121.43826661700008,24.795338205000064],[121.44570821500008,24.79013290900008],[121.450385234,24.79091732300003],[121.44884278000006,24.788244098000064],[121.44952466700012,24.785935839000047],[121.4461093650001,24.78185369100004],[121.44057516600004,24.779139775000033],[121.43692096300003,24.77372006400003],[121.43143160300008,24.771937862000073],[121.42623259000004,24.76782604800007],[121.42330426600006,24.762016765000055],[121.42583854300004,24.76058757000004],[121.42556690900004,24.758398601000067],[121.42848742400008,24.753454262000048],[121.42868505,24.748064963000047],[121.43535157800012,24.733310756000037],[121.43420593900008,24.730130410000072],[121.43831990400008,24.726590630000032],[121.44096237200006,24.726082905000055],[121.44489689200007,24.715152244000024],[121.44879173400012,24.71218945100003],[121.45022470800006,24.70567526800005],[121.46255015000008,24.701636936000057],[121.46949635300008,24.696150542000055],[121.474235592,24.696102093000036],[121.47479347400008,24.69347767200003],[121.47304036600008,24.689802229000065],[121.47394534800004,24.685333237000066],[121.47541635700009,24.683652537000057],[121.47595953000008,24.679269722000072],[121.47999616100005,24.67384909200007],[121.46920665900008,24.67183148500004],[121.4594978450001,24.67315764700004],[121.45530641000003,24.66831946300005],[121.45383095700004,24.664319517000024],[121.449251763,24.661645815000043],[121.44761308600005,24.656171495000024],[121.45133869200004,24.65091801700004],[121.44876294900008,24.64601383400003],[121.44507749400007,24.643177328000036],[121.44502103600009,24.63729519100008],[121.44054785600008,24.635095603000025],[121.43608563100008,24.62740204100004],[121.434838119,24.624455178000066],[121.43566105500008,24.62132633500005],[121.432590494,24.615635903000054],[121.430616987,24.61450887800004],[121.4275862930001,24.605701760000045],[121.42440460900002,24.60300585800007],[121.4182874170001,24.601034135000077],[121.4127815380001,24.603649979000068],[121.41229016700004,24.600936517000036],[121.40847123700009,24.59898071300006],[121.40304638400004,24.59170700800007],[121.39165882800012,24.586511226000027],[121.38720830800004,24.586562094000044],[121.37278325900002,24.59374659200006],[121.37182387500002,24.597004222000063],[121.36692339,24.599066347000075],[121.3633313150001,24.603127571000073],[121.36417655800004,24.606764206000037],[121.36130093800011,24.609877355000037],[121.35881773300002,24.61717428700007],[121.36178026800008,24.62065929700003],[121.36306197800002,24.62067105200003],[121.36641803700002,24.631791255000053],[121.35781508000002,24.63371188900004],[121.35592816400003,24.64105365300003],[121.35239590500008,24.64354066000004],[121.35351867200006,24.66779771000006],[121.35168223200004,24.66609877700006],[121.34899242100003,24.667912473000055],[121.34548129900008,24.66643589900008],[121.34366771300006,24.66939482500004],[121.33920351100004,24.666560223000033],[121.33980784100004,24.671870242000068],[121.33857699200009,24.679958256000077],[121.329766091,24.690965849000065],[121.32416870000009,24.694971776000045],[121.32027363300006,24.69579267200004],[121.31718459800004,24.698137316000043],[121.31284791700013,24.697523854000053],[121.30390402700004,24.692916730000036],[121.299485892,24.69556639900003],[121.30226297000002,24.701907558000073],[121.30328044100008,24.708387998000035],[121.30640701400011,24.713082590000056],[121.30761739900004,24.719903974000033],[121.30539576,24.725993222000056],[121.29866991400002,24.73070996800004],[121.298230632,24.73223603300005],[121.30112955800008,24.741992881000044],[121.30528639400006,24.746281017000054],[121.30510685800004,24.75020107100005],[121.3077155420001,24.754981688000044],[121.30414204500003,24.75744506800004],[121.30154356100002,24.763008486000047],[121.29418993900003,24.76386556100005],[121.29245812400006,24.767724517000033],[121.2855589510001,24.77007953800006],[121.27716686800012,24.771003923000023],[121.27355199800002,24.774592384000073],[121.27129994600013,24.77481806000003],[121.270600478,24.778351315000062],[121.26602560000003,24.77979277700007],[121.26485893400002,24.781377191000047],[121.2600126640001,24.781958898000028],[121.25848326000003,24.785872766000068],[121.26117422900006,24.78995579800005],[121.26031362600008,24.793217715000026],[121.25317647800011,24.793653793000033],[121.24772733900012,24.796719051000025],[121.24662264900007,24.800071983000063],[121.24744200900012,24.803492349000063],[121.24344184000006,24.80869043200005],[121.23824431100002,24.804653346000062],[121.22848919800003,24.80291231700005],[121.22160614200004,24.799378064000052],[121.21962696300012,24.804078783000023],[121.21993866500009,24.807438056000024],[121.21872393500009,24.808646323000065],[121.219588261,24.81178889800003],[121.214896371,24.81197082400007],[121.20953985500012,24.809482156000055],[121.20805095100002,24.80715569800003],[121.20466920300008,24.80724779600007],[121.20290499900013,24.81030627100006],[121.20586377100004,24.81265002600003],[121.203148574,24.81457006000005],[121.20224557000006,24.816429756000048],[121.20331351400011,24.81731352900005],[121.20080229900007,24.817814258000055],[121.19877620700004,24.814960084000063],[121.19651794800006,24.817811849000066],[121.18590967000011,24.823821775000056],[121.17366295500004,24.827708224000048],[121.17618571100002,24.83213270500005],[121.169922068,24.834806053000023],[121.16879707300006,24.83398364900006],[121.1664451040001,24.83620787600006],[121.16011025800005,24.837362968000036],[121.15474262100008,24.842299986000057],[121.15441615900012,24.844059488000028],[121.15004005100002,24.84428762600004],[121.15283603400007,24.846164204000047],[121.15705855600004,24.85243357800005],[121.15650770800003,24.855907656000056],[121.16023218000008,24.857797576000053],[121.15925024400008,24.859022037000045],[121.16138416700004,24.85946871400006],[121.159882239,24.86244152100005],[121.1607902830001,24.863139196000077],[121.15944735000004,24.868731008000054],[121.15621118,24.874435059000064],[121.15806449900003,24.874603842000056],[121.15788464200013,24.87727060800006],[121.15566983800012,24.88070916500004],[121.14854668900011,24.88124826200004],[121.14466187700008,24.880203994000055],[121.13909262600008,24.882437134000043],[121.13676130400006,24.880926387000045],[121.1355889140001,24.877988353000035],[121.12814992000006,24.88095244400006],[121.12390159600012,24.879933464000032],[121.11633383500008,24.88167837900005],[121.10777413700008,24.886067231000027],[121.11102396100011,24.89122045600004],[121.10907918500004,24.897736002000045],[121.09127953100005,24.89336026800004],[121.08344915400004,24.898852],[121.07110667900008,24.899477541000067],[121.06909546800011,24.902776111000037],[121.0624528410001,24.90459704500006],[121.06070538200004,24.903659815000022],[121.058293358,24.90521324300005],[121.05758809100008,24.905968117000043],[121.059179072,24.908050898000056],[121.05823872200006,24.913902036000025],[121.06038628200008,24.918394130000024],[121.0609607130001,24.923557194000068],[121.05757072600012,24.930451401000028],[121.05833659200005,24.936840975000052],[121.055448102,24.936240214000065],[121.04862256400008,24.939427101000035],[121.04629212200008,24.943547672000022],[121.04239489200006,24.944161847000032],[121.04055220700002,24.943271264000032],[121.03794113800008,24.94638007900005],[121.0307647300001,24.94389834900005],[121.02884634200008,24.94515074400005],[121.0257982920001,24.940481642000066],[121.02153917900011,24.941403584000057],[121.01936918400008,24.94041634300004],[121.00710028600008,24.94621949900005],[121.002929482,24.940012929000034],[120.99906501700002,24.940920092000056],[120.99419993900005,24.939137122000034],[120.992180157,24.935006704000045],[120.98738499400008,24.93904648800003],[120.98203303300012,24.93997386800004],[120.98646453800006,24.948273689000075],[120.99842680300004,24.958573241000067],[121.00349920300005,24.967609697000057],[121.00989928200012,24.97504672100007],[121.01111981600002,24.98021109000007],[121.01044297500005,24.98729163200005],[121.01225114800002,24.98875890200003],[121.00937179000005,24.990273299000023],[121.0143414910001,24.992604981000056],[121.01621880300002,24.995356427000047],[121.01927056200007,25.006863292000048],[121.02863119100004,25.020582269000045],[121.0487523920001,25.040763476000052],[121.05606195200004,25.046168978000026],[121.06429721600011,25.048897906000036],[121.07210019500008,25.049871022000048],[121.08665009400012,25.05644168000003],[121.09001590300012,25.06299176500005],[121.09394827000006,25.062844254000023],[121.10023194100006,25.067624747000025],[121.10926258800008,25.071209065000065],[121.12501352400012,25.07680307000004],[121.14407675900009,25.08062291400006],[121.1605876860001,25.085648553000055],[121.17473606400006,25.093683312000053],[121.18430947400007,25.095849091000048],[121.19302565500004,25.10178189000004],[121.19725124400009,25.102334101000057],[121.19775098200012,25.104076488000032],[121.20999196500009,25.10813948400005],[121.21284499400008,25.110580045000063],[121.22939990900012,25.11519293400005],[121.23961719600004,25.115652718000035],[121.23976744200002,25.12317726300006],[121.24373830400008,25.11856443800008],[121.24834982000004,25.119502517000058],[121.24981628100012,25.121421187000067],[121.25309162200006,25.12078451700006],[121.25977974000013,25.12361306100007]]]}},{"type":"Feature","properties":{"area_code":"10020","area_name":"嘉義市"},"geometry":{"type":"Polygon","coordinates":[[[120.4475867750001,23.518186350000065],[120.45711097700008,23.515681137000055],[120.45630844900006,23.511768914000072],[120.46412097000008,23.499225308000064],[120.4697213820001,23.49977108300004],[120.470828546,23.50381908600008],[120.47350181700006,23.506846754000037],[120.48000267300006,23.504336670000043],[120.4831553030001,23.50536168600007],[120.48470483000006,23.501738283000066],[120.48376741400013,23.496084145000054],[120.48739148900006,23.49214703100006],[120.49461913500012,23.49012140800005],[120.49894368500009,23.49098763700005],[120.5012558840001,23.489906004000034],[120.50190781400012,23.486326937000054],[120.50373149400002,23.485000868000043],[120.50182119400006,23.480928047000077],[120.50407814200004,23.48097674500008],[120.50369161600008,23.47888209900003],[120.50901182700012,23.47515863700005],[120.50934529200003,23.472671820000073],[120.50485969500004,23.469509343000027],[120.50375190200008,23.467175135000048],[120.499714884,23.46538721500008],[120.50066154100011,23.460971753000024],[120.49753333100011,23.45786817100003],[120.495232159,23.45290009100006],[120.48961614600012,23.452245590000075],[120.47680502700008,23.46198325400007],[120.4687353810001,23.46162024200004],[120.46455109300008,23.45829545600003],[120.46452353700012,23.45561163800005],[120.46101578200012,23.45531911100005],[120.45471331400006,23.450317969000025],[120.45246297800009,23.44450044100006],[120.44712750800012,23.44340182900004],[120.43957526000008,23.439555106000057],[120.43586045400002,23.44358368000007],[120.43823630400004,23.444805787000064],[120.43803852700012,23.44653124800004],[120.43695171600008,23.446486289000063],[120.43446433000008,23.45068802000003],[120.43284951600003,23.45010727500005],[120.43020052400004,23.45217644800005],[120.42929777900008,23.461040565000076],[120.41516075800008,23.460274362000064],[120.41127934300005,23.46478430800005],[120.39417267600004,23.462519048000047],[120.39428023300002,23.466462600000057],[120.39927815100008,23.47106821900007],[120.39906906700004,23.47841757900005],[120.39343824000002,23.482376509000066],[120.394721838,23.49074659200005],[120.38978510700008,23.491350307000065],[120.39002199300012,23.49935687900006],[120.394472059,23.50081041800007],[120.40020464000008,23.498755150000022],[120.40100958800008,23.50187063000004],[120.40593184400008,23.503864411000052],[120.40880634900007,23.506571575000063],[120.408318204,23.498704479000025],[120.41161718900004,23.49888874000004],[120.41675390300009,23.505356817000063],[120.42476715400004,23.506300836000037],[120.42748241100004,23.509177344000022],[120.43335698900012,23.50902887300003],[120.433863986,23.510919181000077],[120.43252636000013,23.513698543000032],[120.4338451860001,23.515168103000065],[120.43361611700004,23.51716785000008],[120.43584127500004,23.516766795000024],[120.43718286800004,23.513965970000072],[120.44061190800004,23.511933105000026],[120.442147954,23.51332081700008],[120.44062107000002,23.51829402500005],[120.44439095000008,23.51727795200003],[120.4475867750001,23.518186350000065]]]}},{"type":"Feature","properties":{"area_code":"10010","area_name":"嘉義縣"},"geometry":{"type":"MultiPolygon","coordinates":[[[[120.14980721400002,23.398532423000063],[120.15251098500003,23.391643987000062],[120.15153160700004,23.392611617000057],[120.15109250400008,23.391645329000028],[120.15239433300007,23.390446938000025],[120.15019726000004,23.38917539700003],[120.14771209900005,23.39853456900005],[120.14389705000008,23.402879531000053],[120.14117494000004,23.41250591000005],[120.14474949100008,23.403773604000037],[120.14980721400002,23.398532423000063]]],[[[120.13690026800008,23.42136067300004],[120.13529821400004,23.422742370000037],[120.13511099900006,23.424330534000035],[120.135622882,23.425482376000048],[120.13690026800008,23.42136067300004]]],[[[120.13775905200008,23.434733676000064],[120.1361226680001,23.43584430000004],[120.13525460500011,23.436907243000064],[120.13714872700008,23.435502332000056],[120.13775905200008,23.434733676000064]]],[[[120.14284397900008,23.475392574000068],[120.14274938100004,23.475191147000032],[120.14261984900008,23.475425200000075],[120.14284397900008,23.475392574000068]]],[[[120.14194771300004,23.476146113000027],[120.14144082200004,23.476147834000074],[120.14123589200004,23.476498853000063],[120.14194771300004,23.476146113000027]]],[[[120.14046435800005,23.477214696000033],[120.1398702890001,23.47707371800004],[120.13983870600008,23.47717963900004],[120.14046435800005,23.477214696000033]]],[[[120.148284665,23.47814479100003],[120.14787403600008,23.47794615500004],[120.14834787000008,23.47837764400003],[120.148284665,23.47814479100003]]],[[[120.14900461600008,23.478884622000063],[120.14834800900007,23.478808799000035],[120.14842872500004,23.47907786500008],[120.14900461600008,23.478884622000063]]],[[[120.49297931700004,23.63316534100005],[120.499492454,23.63506339100007],[120.50382888700004,23.63523163600007],[120.50587168400013,23.633903497000063],[120.50764700500008,23.63023466800007],[120.50645454300002,23.625861061000023],[120.51024987500011,23.619349245000024],[120.51941352500012,23.609240446000054],[120.52772860000005,23.603207421000036],[120.5295168560001,23.59985851400006],[120.53731749700012,23.594577892000075],[120.556331784,23.592922936000036],[120.5581416980001,23.58905824200008],[120.564965529,23.58951137500003],[120.5670929690001,23.58774105500004],[120.57071054500013,23.588040615000068],[120.57674285400005,23.583514311000044],[120.58140329300012,23.58212807200005],[120.58591851100005,23.58259845200007],[120.58974551300004,23.58571840600007],[120.59482392700012,23.58540436100003],[120.60031462000006,23.583130332000053],[120.60651521900002,23.58421097200005],[120.61019665600008,23.58261864600007],[120.61546432700004,23.585319295000033],[120.61899862300004,23.58416814900005],[120.62474003800004,23.590538495000033],[120.6308314260001,23.589951428000063],[120.63980802000005,23.59253855000003],[120.64745718000006,23.59321536100003],[120.64912057400012,23.592469427000022],[120.64707959100008,23.58748031400006],[120.64732695100008,23.58580646300004],[120.64926366900012,23.58569841900004],[120.6491687030001,23.583308917000068],[120.64725983800008,23.58038670600007],[120.64348224000004,23.57821116100007],[120.64346034900008,23.575713457000063],[120.64733907800009,23.57665176200004],[120.65082272400002,23.572422892000077],[120.6567052040001,23.57240333900006],[120.6606852540001,23.576293279000023],[120.66995898300001,23.578783670000064],[120.67624147400012,23.570710553000023],[120.69369665800002,23.57650469200007],[120.70465962300013,23.574974841000028],[120.708900039,23.575707299000044],[120.710051377,23.571187586000065],[120.71609913300006,23.57106383400003],[120.71794503800004,23.569041979000076],[120.72449680300008,23.571894661000044],[120.72790461500006,23.570326196000053],[120.73615854900004,23.57045653700004],[120.73517209800002,23.57502618300003],[120.73216149200005,23.57712796000004],[120.73399264600005,23.58421143700008],[120.73258726100003,23.589688271000057],[120.7299031770001,23.593637510000065],[120.73271028000012,23.597171536000076],[120.72875056200007,23.59898811200003],[120.72781407700006,23.60137615900004],[120.72455214600008,23.603770464000036],[120.72999958800006,23.610590812000055],[120.73772104700004,23.609677270000077],[120.74136529400003,23.61227016400005],[120.74438799000006,23.61266545500007],[120.74748009600012,23.61116368300003],[120.75199054800008,23.61473293100005],[120.75808063800002,23.612487935000047],[120.76428218400008,23.612237383000036],[120.76941338800007,23.608371334000022],[120.77021970400006,23.605962469000076],[120.77421765300004,23.605360331000043],[120.77773940800012,23.60232482500004],[120.78312895100008,23.600736815000065],[120.79087122400006,23.60094385600007],[120.79491667200011,23.597247554000035],[120.80332854700008,23.59664610300007],[120.80512398300004,23.59861701400007],[120.80979101800006,23.598687761000065],[120.81370720000008,23.60095020100005],[120.8172364510001,23.599780526000075],[120.81861187000004,23.598241762000043],[120.81687041300006,23.595601870000053],[120.81988524000008,23.590437806000068],[120.82552744500003,23.586367236000054],[120.82469169100013,23.584202237000056],[120.82161796600008,23.58214207700007],[120.81990641400012,23.577679120000028],[120.81962551000004,23.574530941000035],[120.82189746000006,23.57091015400005],[120.81992374900004,23.564516844000025],[120.82062678800004,23.562400336000053],[120.814148369,23.556241804000024],[120.81586399200012,23.553108871000063],[120.81149428600008,23.551054333000025],[120.80883302100005,23.54585978800003],[120.80863727500002,23.535971114000063],[120.81160877700006,23.533709303000023],[120.82034877600006,23.521481709000057],[120.81911425400006,23.519533711000065],[120.81955631700008,23.515580706000037],[120.82304459500006,23.511359352000056],[120.82406788500008,23.505278215000033],[120.82285115200013,23.49867142100004],[120.8253143710001,23.49530875300007],[120.8253043420001,23.48970915800004],[120.82707602000004,23.48338117800006],[120.82989598800008,23.480728041000077],[120.83264304700003,23.474731123000023],[120.83897303900004,23.471218400000055],[120.84209247100011,23.473257808000028],[120.84914471600008,23.472091832000046],[120.86320044600006,23.473549653000077],[120.873094669,23.46852722700004],[120.8800258550001,23.467622277000032],[120.88189884700012,23.46828900400004],[120.88426859300012,23.47430827700003],[120.88670583700002,23.47556401600008],[120.910211784,23.47622956500004],[120.9150885140001,23.474632259000032],[120.91748299300002,23.475692649000052],[120.92092245300012,23.47492793500004],[120.93096341100012,23.470664063000072],[120.9346500260001,23.473113101000024],[120.93756820600004,23.473053935000053],[120.94226209200008,23.46932245200003],[120.94751869400012,23.46712302800006],[120.95738634300004,23.46896209500005],[120.94843517200002,23.464167217000067],[120.94115681300002,23.46300891200008],[120.9366389060001,23.463781187000052],[120.93449780300011,23.461450929000023],[120.934750107,23.458440393000046],[120.92838506300006,23.45690881200005],[120.92848252700004,23.455493399000034],[120.92143795700008,23.45910049300005],[120.91616509800008,23.458888389000037],[120.9094022160001,23.45754396500007],[120.90566981400002,23.45317582300004],[120.90052281400006,23.45408912700003],[120.90041098900008,23.452093715000046],[120.89624475700008,23.45041666900005],[120.89514562400008,23.445921763000054],[120.89287134900007,23.445214320000048],[120.89176692,23.44660901100008],[120.88676456900008,23.434854173000076],[120.88382429300007,23.43625580500003],[120.88161735100005,23.433013902000027],[120.8753620870001,23.43276790600004],[120.87541515600005,23.431345449000048],[120.87173820500004,23.429597629000057],[120.86961999500012,23.426430023000023],[120.86624983200012,23.42607847200003],[120.86452348600004,23.42394076100004],[120.86004161700008,23.423784802000057],[120.85910240100009,23.425119383000037],[120.8570767220001,23.421967695000035],[120.85396848300002,23.423186875000056],[120.84977937100008,23.42035529100008],[120.84930770000004,23.41200976400006],[120.84475464000002,23.408228907000023],[120.84393912200004,23.403924318000065],[120.83841336100012,23.398247363000053],[120.83875923200004,23.39650485800007],[120.84117250500005,23.39607650000005],[120.84100702700005,23.394923233000043],[120.8368728160001,23.393386754000066],[120.83558244200005,23.389861308000036],[120.83411753900008,23.389652656000067],[120.83462765700006,23.38668070800003],[120.83097171000009,23.38660113700007],[120.82937824600003,23.383430953000072],[120.82911194700011,23.37579680300007],[120.82574084000008,23.37349226200007],[120.82542247100002,23.371706947000064],[120.82309387900013,23.371941047000064],[120.82119462600008,23.37052268900004],[120.81627578700012,23.371478711000066],[120.8133957230001,23.36942265600004],[120.80983510500003,23.369548117000026],[120.80851887900008,23.368390978000036],[120.80578787900004,23.37090856100008],[120.80429160100005,23.370662779000043],[120.80327327900012,23.369460396000022],[120.80469470600008,23.36721123800004],[120.80108234300008,23.36372958100003],[120.80064516800007,23.36064333300004],[120.79790326500006,23.36031441700004],[120.79624184200009,23.356857563000062],[120.79198561700002,23.357243477000058],[120.79180623600008,23.35346729500003],[120.78845202600009,23.35282075300006],[120.78758141000004,23.34614119200006],[120.78521487100012,23.345341829000063],[120.78321476100008,23.342204321000057],[120.77713518200004,23.34353843200006],[120.77333424800008,23.341823359000045],[120.76845566000009,23.34387750700006],[120.7644274810001,23.34167027600006],[120.75806914400005,23.344264542000076],[120.758483887,23.340868174000036],[120.75707844700004,23.33855932000006],[120.75882774500008,23.336443830000064],[120.75644426600002,23.332789640000044],[120.75238139500004,23.331030721000047],[120.75287271900004,23.32704278400007],[120.74785613300004,23.321909255000037],[120.7410488700001,23.32108179000005],[120.73943134800004,23.316841667000062],[120.73230736200004,23.313858942000024],[120.73016762400005,23.310756155000036],[120.73062933900007,23.305611961000068],[120.7213096050001,23.308266915000047],[120.71628418000012,23.30760920000006],[120.71216605300005,23.308697323000047],[120.7067701310001,23.304728098000055],[120.70283382900004,23.297563928000045],[120.70341526700008,23.28908978800007],[120.699543564,23.284423868000033],[120.68989667200005,23.28530760600006],[120.67882165500008,23.28884647200005],[120.6773544890001,23.287844069000073],[120.6745487820001,23.290888308000035],[120.67088995800007,23.290198700000076],[120.66731389000006,23.294025584000053],[120.66267436100009,23.29354072600006],[120.66183075300012,23.295007277000025],[120.65967001200012,23.294760955000072],[120.65842591500008,23.295972238000047],[120.65531942000008,23.291933701000065],[120.652003927,23.291170728000058],[120.64945288400008,23.292903172000024],[120.6470243120001,23.297438836000023],[120.6437442890001,23.296097485000075],[120.642029513,23.292902110000057],[120.64372317200002,23.289437288000045],[120.64185704700004,23.287475560000075],[120.64405099400004,23.28222829300006],[120.64191331100004,23.278541863000044],[120.64315311700013,23.27598023400003],[120.6406315370001,23.27416460700005],[120.64109049900004,23.271023714000023],[120.63828540400004,23.26917576900007],[120.64069112900006,23.26651563100006],[120.64208262700004,23.256809161000035],[120.64923402300008,23.24690939500005],[120.64789340100003,23.24462835900005],[120.65131104200007,23.235819375000062],[120.6494836600001,23.228639091000048],[120.65344461400002,23.224538102000057],[120.65188430900004,23.22403824900005],[120.64690788000009,23.227132992000065],[120.644174173,23.225317120000057],[120.63410889300008,23.229224586000043],[120.62837982200006,23.229447375000063],[120.62476423500004,23.22717483100007],[120.61838934900004,23.22564502700004],[120.61676228700004,23.223545299000023],[120.61307766000004,23.223995252000066],[120.60982482000009,23.222635534000062],[120.60651839400008,23.225776808000035],[120.60272234200012,23.226080368000055],[120.59724048200007,23.22904157000005],[120.59579294200012,23.236726760000067],[120.59248894000008,23.239853950000057],[120.58661327600008,23.224163635000025],[120.57968119800012,23.21899079000008],[120.57826031000002,23.214782912000032],[120.57487431400013,23.217698062000068],[120.56528797700004,23.22098003600007],[120.56137227700005,23.217414493000035],[120.55498131800005,23.21747329300007],[120.54978497000002,23.221338091000064],[120.54853371500008,23.223988364000036],[120.54150780100008,23.22782928600003],[120.53195816900006,23.229665083000043],[120.52967879900008,23.232547818000057],[120.526819992,23.23093312800006],[120.52574376600012,23.231531948000057],[120.51903701400012,23.239255855000067],[120.52790879600002,23.245359955000023],[120.53031931300006,23.24852560000005],[120.5322952250001,23.255052439000053],[120.52932049000005,23.25787397100004],[120.526091844,23.266488839000033],[120.52042639600006,23.27177630700004],[120.52232290600011,23.27429030600007],[120.52096776400003,23.279685588000063],[120.522942757,23.282059640000057],[120.52186070200004,23.28809100600006],[120.52600926600007,23.29222648500007],[120.52627893100008,23.295333540000055],[120.52255065200006,23.311754112000074],[120.53085263300012,23.31710685200005],[120.53195030200004,23.321148105000077],[120.53510837600004,23.323246405000077],[120.53705568700002,23.32653780100003],[120.539996061,23.32786955200004],[120.53372287600008,23.336471286000062],[120.52693059600006,23.33938519000003],[120.52474537900002,23.338202108000075],[120.52311165000005,23.340678310000044],[120.52141653400008,23.34046092500006],[120.52068005400008,23.341946756000027],[120.51558417300008,23.34373890800003],[120.5104292960001,23.34409099800007],[120.50786047800013,23.342995333000033],[120.50509056700004,23.344814761000062],[120.50356165100004,23.350288114000023],[120.50471903800008,23.35468005900003],[120.506159528,23.355296788000032],[120.50808964600004,23.352759973000047],[120.51246374800009,23.356298639000045],[120.5105386680001,23.364359769000032],[120.50492656600012,23.367431875000023],[120.50483613300004,23.368901589000075],[120.502596368,23.369535547000055],[120.50178760400001,23.367824780000035],[120.49947280800006,23.368034907000037],[120.49605549900002,23.369951102000073],[120.49427113700006,23.369488200000035],[120.49150150000004,23.372487071000023],[120.49009665200003,23.371120560000065],[120.48872513600008,23.37306775600007],[120.48393542800012,23.369567063000034],[120.48294058700004,23.37232696700005],[120.48440174600012,23.379480861000047],[120.490278235,23.38307052700003],[120.49681852100002,23.384245157000063],[120.49902918900013,23.387398219000033],[120.49493968600008,23.394357016000072],[120.49032450000004,23.395623796000052],[120.48865392000005,23.393608226000023],[120.4891636320001,23.392446342000028],[120.48553967600004,23.39306203500007],[120.48567448900008,23.39143812900005],[120.484004421,23.391516761000048],[120.47941925900012,23.387588924000056],[120.47747057900006,23.39071083600004],[120.47538452600008,23.391001361000065],[120.4761449020001,23.393829966000055],[120.47339962900004,23.398072823000064],[120.46768821400008,23.40112229500005],[120.46495376200004,23.400769895000053],[120.46184188300003,23.402438932000052],[120.46093776000008,23.40470689100005],[120.45398207800008,23.40721998400005],[120.45432488800007,23.406340768000064],[120.4532665910001,23.406475740000076],[120.45008494500009,23.409230902000047],[120.43999835200007,23.41373053600006],[120.43224602000008,23.41081538700007],[120.43031367100002,23.406484],[120.4219522300001,23.40704429100003],[120.42006168800005,23.403464462000045],[120.41630273200008,23.410417480000035],[120.41449103900004,23.411239610000052],[120.41049192000004,23.410168146000046],[120.408109211,23.41342624600003],[120.40417346700008,23.410046446000024],[120.38424992500006,23.40408484600005],[120.34901960400008,23.401218407000044],[120.34310087900008,23.39828377500004],[120.34272027100008,23.39622176000006],[120.33386179100012,23.386100357000032],[120.328935386,23.384878825000044],[120.32844439300004,23.386063927000063],[120.32350022300012,23.38361717600003],[120.32169443700002,23.38359087700007],[120.3178437250001,23.388433908000025],[120.31477367900004,23.38846002200006],[120.3110046380001,23.38556759900007],[120.3109462540001,23.37543744900006],[120.29273972300008,23.375317970000022],[120.28589142100007,23.367216093000025],[120.28367460600008,23.35999752500004],[120.286210083,23.35027278700005],[120.27773697300006,23.347715639000057],[120.27331646800008,23.35273034100004],[120.27049449800006,23.353689298000063],[120.26603688700004,23.35257981700005],[120.260710764,23.34447093600005],[120.26749943400011,23.34475692800004],[120.2670509940001,23.34063225600005],[120.25639503000002,23.33107233100003],[120.24586673600004,23.32685180800007],[120.23969682300005,23.32755628500007],[120.23759159200006,23.326646779000043],[120.22263757400005,23.298319209000056],[120.22087382800008,23.29600010300004],[120.21238950500005,23.291700623000057],[120.21182624300002,23.292707277000034],[120.20860516100004,23.291294950000065],[120.20427524900003,23.29189963300007],[120.19169030600005,23.300270436000066],[120.18840961800004,23.301233009000043],[120.185791289,23.296603210000058],[120.18935542500004,23.292348944000025],[120.18904656100005,23.29021629400006],[120.17867952800007,23.291726865000044],[120.17592020800008,23.294015646000048],[120.17392303000008,23.299902403000033],[120.168336285,23.30701151600005],[120.16058190300008,23.310645045000054],[120.15622059700002,23.310041212000044],[120.15413129,23.31309036500005],[120.14966273700009,23.313249346000077],[120.148369881,23.315273244000025],[120.14858184700006,23.31957304900004],[120.14708224800006,23.321067138000046],[120.13691959700007,23.32799124300004],[120.13228897700004,23.32975639400007],[120.11806895800008,23.340168472000073],[120.11934047800004,23.34692986000005],[120.13089814400008,23.37044289300007],[120.13165963100003,23.384779171000048],[120.14807684900006,23.38552922300005],[120.15205549100006,23.388599845000044],[120.15184081600012,23.387504531000047],[120.15591486200005,23.38470381900004],[120.15645589700011,23.379781235000053],[120.15797973000008,23.37980618100005],[120.15840555200008,23.381535574000058],[120.1572432700001,23.38082275100004],[120.15709871,23.381519510000032],[120.15834076700004,23.381774509000024],[120.15787986100008,23.38319193600006],[120.15704003200004,23.38178331100005],[120.15730081200002,23.38303531500003],[120.15803989100004,23.383312438000075],[120.15725488700002,23.383312729000068],[120.15706913400004,23.383876077000025],[120.15819139300004,23.384782818000076],[120.15689699900008,23.38426793700006],[120.15400353500002,23.388114727000072],[120.15550423800003,23.38818152400006],[120.15671592600006,23.38650629800003],[120.15730131200009,23.38723407500004],[120.15778396400005,23.385789682000052],[120.15926467400004,23.387689342000044],[120.15615367100008,23.388643279000064],[120.15568895900005,23.390074217000063],[120.15498029500009,23.38919000900006],[120.15364784100008,23.388959326000077],[120.15550448100008,23.390940060000048],[120.16072874200006,23.388792040000055],[120.16370450000012,23.393040583000072],[120.16167402100008,23.39465955600008],[120.15997695500003,23.406124781000074],[120.15414276400008,23.404262601000028],[120.153834812,23.39915246100003],[120.15300531900004,23.39861071400003],[120.15243750700006,23.399776967000037],[120.15163882400007,23.39852656100004],[120.14941111500002,23.406146703000047],[120.14928278400008,23.413119084000073],[120.14820365500007,23.414858173000027],[120.15126597900009,23.41828574300007],[120.14954459600006,23.41980464600005],[120.14953208300004,23.423030393000033],[120.15600161700002,23.427302131000033],[120.15573664500003,23.42856530900008],[120.15361566700004,23.428400332000024],[120.14900392900006,23.425528711000027],[120.14885597800004,23.42743314800003],[120.15046890000008,23.42771281100005],[120.1482175650001,23.42780440000007],[120.14817851300006,23.427217264000035],[120.14551161400004,23.428595519000055],[120.146892277,23.43836631300007],[120.14832638400004,23.438724038000032],[120.15560285800008,23.44826273900003],[120.15096565300009,23.448978019000037],[120.15170059700006,23.45196857800005],[120.15278287500009,23.45215279300004],[120.15224586200009,23.45485201100007],[120.15114608400006,23.455679020000048],[120.13868949200004,23.44894007100004],[120.13991790700004,23.450675483000055],[120.13876840100012,23.452662967000037],[120.13539408200006,23.45112507500005],[120.13642647800008,23.44848737500007],[120.1380266650001,23.44928179300007],[120.13818790300002,23.449036628000044],[120.135394796,23.447702865000053],[120.13325264000002,23.45158273600003],[120.13437020800006,23.454065307000064],[120.13905014200007,23.458048443000052],[120.14481726800012,23.459825168000062],[120.14694990300006,23.465180150000037],[120.146122998,23.465769317000024],[120.14534890400012,23.46497272100004],[120.14586182300002,23.46443149700008],[120.14557049900009,23.46423802100003],[120.14524024800004,23.464936005000027],[120.14608424100004,23.466112232000057],[120.14432047200012,23.46804615900004],[120.14409245800005,23.470108150000044],[120.14557944800003,23.47223825100008],[120.144867319,23.473403663000056],[120.14584697000008,23.474090767000064],[120.144978486,23.473336553000024],[120.14590204600006,23.47228065200005],[120.14629564000006,23.473770423000076],[120.14784137100004,23.47371793900004],[120.14603195600012,23.47422271000005],[120.1468923540001,23.474999447000073],[120.14901577700005,23.47475823800005],[120.148094538,23.47566743300007],[120.14961605000008,23.476032409000027],[120.14904686500006,23.47813992700003],[120.15579218100004,23.48407051600003],[120.15664691200004,23.487535665000053],[120.15522960100007,23.491078817000073],[120.16009814800007,23.491850026000066],[120.16966916,23.490511148000053],[120.16864964500007,23.491746825000064],[120.16968258500005,23.49218882900004],[120.16073701900008,23.492925711000055],[120.15785660600012,23.495038884000053],[120.13356543900012,23.488154029000043],[120.12467029200002,23.488727322000045],[120.12042320500008,23.49297206500006],[120.11934413900008,23.496243650000057],[120.11895126500008,23.51565689700004],[120.12152686200012,23.519495395000035],[120.12539882100008,23.52046979200003],[120.14245477600002,23.517433697000055],[120.14263836200008,23.518497920000073],[120.14584840200008,23.518481692000023],[120.14638935000004,23.52075901700005],[120.15813581000008,23.515922741000058],[120.16456246000008,23.51582988300004],[120.16658710400009,23.51723188400007],[120.18097766000004,23.50984981100004],[120.18992834700008,23.510043495000048],[120.198535138,23.51304072800008],[120.20127674100002,23.51243726000007],[120.20098556900008,23.511400277000064],[120.2068097670001,23.511583651000024],[120.206668701,23.51059802900005],[120.22304655500012,23.50431755100004],[120.23707599600004,23.50695206100005],[120.24308658400004,23.510116319000076],[120.24708067800007,23.51526887400007],[120.24191175600004,23.539489546000027],[120.24335616800012,23.543611471000077],[120.24890467900002,23.54575768500007],[120.25609787300004,23.54609214900006],[120.26345060200003,23.533526622000068],[120.26842774300007,23.53027682100003],[120.271912842,23.53074807200005],[120.27636121500008,23.543469241000025],[120.29076568800008,23.55054155100004],[120.28905504600004,23.55898954600008],[120.29037165900002,23.562568847000023],[120.295357813,23.564582990000076],[120.30655057800004,23.56286927000008],[120.31054679600004,23.56444551100003],[120.31023631200004,23.567206591000055],[120.30647486700002,23.572063167000067],[120.307440949,23.57465388600008],[120.31156134500009,23.575027266000063],[120.31961968200004,23.572380966000026],[120.32700225500004,23.574169435000044],[120.333121215,23.57920201500008],[120.33443765900006,23.592673236000053],[120.34331990700002,23.591916886000035],[120.35905516200012,23.595050607000076],[120.36571062300004,23.602474892000032],[120.36651033700002,23.60780586800007],[120.368118578,23.607477970000048],[120.37113968900007,23.60948545100007],[120.37990500900004,23.609968449000064],[120.38068490400008,23.61171757900007],[120.38338173000012,23.612907733000043],[120.38280714400004,23.61462914500004],[120.38605401600012,23.620698622000077],[120.39240762300004,23.62238674400004],[120.3930959600001,23.624217128000055],[120.40264466400004,23.62693671900007],[120.40147004800008,23.63290098500005],[120.40591210900004,23.633615716000065],[120.40662598400002,23.625183074000063],[120.41297637000002,23.62395177900004],[120.41579534500012,23.621379114000035],[120.42070285800004,23.625163818000033],[120.42202746100008,23.61926609300008],[120.42537893200006,23.618009528000073],[120.42732727900012,23.619314014000057],[120.43034245500009,23.618467977000023],[120.43362395300004,23.622865433000072],[120.43703893100007,23.621912507000047],[120.43529197000008,23.625522572000023],[120.43786961500008,23.626532827000062],[120.44112979600004,23.62597368400003],[120.44450344600013,23.63053399900008],[120.44996508800013,23.62941969600007],[120.45303400500006,23.63069143200005],[120.45402956400004,23.629458107000065],[120.45104651500004,23.627123866000034],[120.45427167000004,23.62631218300004],[120.460395446,23.629340471000035],[120.46613912400004,23.63026631500003],[120.47399396500008,23.63106738600004],[120.47702274900008,23.629535232000023],[120.47925534700003,23.63294712100003],[120.48787084000004,23.630708294000044],[120.48716845600006,23.634156996000055],[120.48872619600002,23.635896494000065],[120.49297931700004,23.63316534100005]],[[120.44659434800008,23.51838935400008],[120.44439095000008,23.51727795200003],[120.44062107000002,23.51829402500005],[120.442147954,23.51332081700008],[120.44061190800004,23.511933105000026],[120.43718286800004,23.513965970000072],[120.43584127500004,23.516766795000024],[120.43361611700004,23.51716785000008],[120.4338451860001,23.515168103000065],[120.43252636000013,23.513698543000032],[120.433863986,23.510919181000077],[120.43335698900012,23.50902887300003],[120.42748241100004,23.509177344000022],[120.42476715400004,23.506300836000037],[120.41675390300009,23.505356817000063],[120.413296779,23.502254676000064],[120.41198917000008,23.49901465100004],[120.40839057100004,23.498528726000075],[120.40880634900007,23.506571575000063],[120.40593184400008,23.503864411000052],[120.40100958800008,23.50187063000004],[120.40020464000008,23.498755150000022],[120.394472059,23.50081041800007],[120.38934468800004,23.49864984800007],[120.38978510700008,23.491350307000065],[120.394721838,23.49074659200005],[120.39343824000002,23.482376509000066],[120.39906906700004,23.47841757900005],[120.39927815100008,23.47106821900007],[120.39428023300002,23.466462600000057],[120.39417267600004,23.462519048000047],[120.41127934300005,23.46478430800005],[120.41516075800008,23.460274362000064],[120.42929777900008,23.461040565000076],[120.43020052400004,23.45217644800005],[120.43284951600003,23.45010727500005],[120.43446433000008,23.45068802000003],[120.43695171600008,23.446486289000063],[120.43803852700012,23.44653124800004],[120.43823630400004,23.444805787000064],[120.43586045400002,23.44358368000007],[120.43957526000008,23.439555106000057],[120.44712750800012,23.44340182900004],[120.45246297800009,23.44450044100006],[120.45471331400006,23.450317969000025],[120.46101578200012,23.45531911100005],[120.46452353700012,23.45561163800005],[120.46455109300008,23.45829545600003],[120.4687353810001,23.46162024200004],[120.47680502700008,23.46198325400007],[120.48961614600012,23.452245590000075],[120.495232159,23.45290009100006],[120.49753333100011,23.45786817100003],[120.50066154100011,23.460971753000024],[120.499714884,23.46538721500008],[120.50375190200008,23.467175135000048],[120.50485969500004,23.469509343000027],[120.50934529200003,23.472671820000073],[120.50901182700012,23.47515863700005],[120.50369161600008,23.47888209900003],[120.50407814200004,23.48097674500008],[120.50182119400006,23.480928047000077],[120.50373149400002,23.485000868000043],[120.50190781400012,23.486326937000054],[120.5012558840001,23.489906004000034],[120.49894368500009,23.49098763700005],[120.49461913500012,23.49012140800005],[120.48739148900006,23.49214703100006],[120.48376741400013,23.496084145000054],[120.48470483000006,23.501738283000066],[120.4831553030001,23.50536168600007],[120.48000267300006,23.504336670000043],[120.47350181700006,23.506846754000037],[120.470828546,23.50381908600008],[120.4697213820001,23.49977108300004],[120.46412097000008,23.499225308000064],[120.45630844900006,23.511768914000072],[120.45711097700008,23.515681137000055],[120.44659434800008,23.51838935400008]]]]}},{"type":"Feature","properties":{"area_code":"09020","area_name":"金門縣"},"geometry":{"type":"MultiPolygon","coordinates":[[[[118.23288814200008,24.163183682000067],[118.23506305400008,24.16257481400004],[118.23455501800004,24.16025544400003],[118.23243301600009,24.160767531000033],[118.23288814200008,24.163183682000067]]],[[[118.13893150700004,24.374708861000045],[118.13818567500005,24.37500073700005],[118.13879962700004,24.374984609000023],[118.13893150700004,24.374708861000045]]],[[[118.14156077300004,24.377799441000036],[118.142683669,24.378230966000046],[118.14261225100006,24.377630258000067],[118.14156077300004,24.377799441000036]]],[[[118.145566894,24.37892589100005],[118.145724093,24.377719066000054],[118.1447948230001,24.377407337000022],[118.145164829,24.37651373600005],[118.14513724700008,24.37588641000008],[118.14471199000002,24.375477088000025],[118.14368213900002,24.37849552700004],[118.145566894,24.37892589100005]]],[[[118.163263045,24.381316816000037],[118.15685195900004,24.37720172400003],[118.15136643300002,24.382328078000057],[118.154335478,24.38373647900005],[118.163263045,24.381316816000037]]],[[[118.3389560920001,24.389920075000077],[118.33974464800008,24.389969216000058],[118.33896034100007,24.38930425300003],[118.3389560920001,24.389920075000077]]],[[[118.16101019300004,24.395603165000068],[118.16421472600008,24.395244494000053],[118.16363234300002,24.39375468700007],[118.16521584500003,24.390108603000044],[118.17099192,24.389617482000062],[118.17331247900006,24.387193238000066],[118.17279376700004,24.386330649000055],[118.1689901310001,24.38420904900005],[118.165770898,24.38683914300003],[118.16182563100006,24.38732894800006],[118.16176440400012,24.38998751400004],[118.15921897200008,24.393236271000035],[118.16101019300004,24.395603165000068]]],[[[118.19369215900008,24.398134033000076],[118.19484088500008,24.39539220900008],[118.19148933400004,24.39700225000007],[118.19369215900008,24.398134033000076]]],[[[118.228372927,24.404257958000073],[118.23046643600004,24.404627649000076],[118.23159805900002,24.403075148000028],[118.22904461000007,24.40288938200007],[118.228372927,24.404257958000073]]],[[[118.43825335100009,24.40720434700006],[118.43801821700004,24.40709700800005],[118.43796763100012,24.407267988000054],[118.43825335100009,24.40720434700006]]],[[[118.4384372720001,24.407700843000043],[118.4382791160001,24.407390434000035],[118.43812749800009,24.407855144000052],[118.4384372720001,24.407700843000043]]],[[[118.43897542700006,24.408263631000068],[118.43929276200004,24.408093266000037],[118.43905359900008,24.408080076000033],[118.43897542700006,24.408263631000068]]],[[[118.43866889300013,24.40859822600004],[118.43889020300004,24.408286394000072],[118.4385177910001,24.40844628800005],[118.43866889300013,24.40859822600004]]],[[[118.43890518,24.408741168000063],[118.43884156,24.408653741000023],[118.438801355,24.408698438000044],[118.43890518,24.408741168000063]]],[[[118.4379794570001,24.40881938900003],[118.437923618,24.40863897500003],[118.4378079710001,24.408787983000025],[118.4379794570001,24.40881938900003]]],[[[118.34635838300004,24.40872473400003],[118.34538558500005,24.408379937000063],[118.34566209900004,24.408954426000037],[118.34635838300004,24.40872473400003]]],[[[118.43757038400008,24.40909747700005],[118.43750851800009,24.408835511000063],[118.43741916700004,24.408944555000065],[118.43757038400008,24.40909747700005]]],[[[118.3466709810001,24.408980588000077],[118.34632993900004,24.409022918000066],[118.34659398400004,24.40912809200006],[118.3466709810001,24.408980588000077]]],[[[118.43922303600004,24.409703050000076],[118.43901932100005,24.409555596000075],[118.43902766000008,24.409704891000047],[118.43922303600004,24.409703050000076]]],[[[118.44000919100006,24.409822012000063],[118.43978454400008,24.409109528000045],[118.43928852400006,24.409575741000022],[118.44000919100006,24.409822012000063]]],[[[118.44011322800009,24.41066741500003],[118.44013264200008,24.410448131000063],[118.43998190700006,24.410605100000055],[118.44011322800009,24.41066741500003]]],[[[118.44719559400004,24.412398177000057],[118.44690418700009,24.41225511600004],[118.44699870500006,24.41249189100006],[118.44719559400004,24.412398177000057]]],[[[118.44688972900008,24.41294522800007],[118.44704317500008,24.41315916700006],[118.44717754300008,24.41302971400006],[118.44688972900008,24.41294522800007]]],[[[118.44807001800008,24.413651841000046],[118.44770350100008,24.413494831000037],[118.44766920900008,24.413665856000023],[118.44807001800008,24.413651841000046]]],[[[118.45611592600004,24.414234818000068],[118.45880726100006,24.414094343000045],[118.459238152,24.41268863700003],[118.45616950100008,24.41280677900005],[118.45611592600004,24.414234818000068]]],[[[118.45846633200006,24.41595153700007],[118.45740459600006,24.41571036600004],[118.45842521900012,24.41624941300006],[118.45846633200006,24.41595153700007]]],[[[118.46062092900002,24.416698818000043],[118.45888263800008,24.415608262000035],[118.45937001400011,24.41692479300008],[118.46062092900002,24.416698818000043]]],[[[118.50555427400002,24.428167382000023],[118.50565789600012,24.42667177000004],[118.50387933700006,24.426289644000065],[118.50374995100005,24.428243575000067],[118.50555427400002,24.428167382000023]]],[[[118.19939319900004,24.436757775000046],[118.19791705900002,24.437136019000036],[118.19964286200002,24.43724394800006],[118.19939319900004,24.436757775000046]]],[[[118.21266912100008,24.452066659000025],[118.21162453600004,24.451366346000043],[118.21084953800003,24.451590065000065],[118.21266912100008,24.452066659000025]]],[[[118.20985975100008,24.454395085000044],[118.21049596300008,24.45309897500005],[118.20894280400012,24.45276822300008],[118.20985975100008,24.454395085000044]]],[[[118.22762557800002,24.455821282000045],[118.22604159900004,24.45565219900004],[118.22590926400004,24.455756635000057],[118.22762557800002,24.455821282000045]]],[[[118.24886036100008,24.45635988500004],[118.258054882,24.454034388000025],[118.26368764100005,24.448208434000037],[118.2691690370001,24.445982813000057],[118.268186968,24.439693024000064],[118.26983403100007,24.438245127000073],[118.26637713700006,24.43467033300004],[118.267292913,24.43390884100006],[118.26582270000006,24.43013721700004],[118.26631928100004,24.428125522000073],[118.26507851200006,24.42536506400006],[118.26308148200008,24.424494895000063],[118.26308024400008,24.422532337000064],[118.25929614400002,24.42211915300004],[118.26053454700002,24.423092068000074],[118.25974446400004,24.42448074400005],[118.25856034000005,24.424664052000026],[118.258889038,24.422956311000064],[118.25845160300004,24.42507827700007],[118.25464272400006,24.424882481000058],[118.24991712000008,24.421590766000065],[118.2487127390001,24.419409400000063],[118.25004644400008,24.41825551200003],[118.24535062200005,24.413635175000024],[118.24149143200007,24.411257590000048],[118.24183289300004,24.413851677000025],[118.24054855100007,24.41465220300006],[118.23317594300012,24.413314120000052],[118.22596647000012,24.405045779000034],[118.22208948400008,24.40879040300007],[118.21351984800005,24.409770759000025],[118.21156806300009,24.412480206000055],[118.21386584200002,24.411848348000035],[118.21637382400002,24.413069362000044],[118.21465039200008,24.41357888600004],[118.2145655170001,24.414836214000047],[118.2173722870001,24.42076363800004],[118.21680595900013,24.428066218000023],[118.2238495040001,24.43661495500004],[118.22730366500002,24.447869549000075],[118.23337213400008,24.45367755600006],[118.2413725560001,24.456053562000022],[118.24342455800002,24.45501076900007],[118.24886036100008,24.45635988500004]]],[[[118.23221122700012,24.45777453100004],[118.23191501400004,24.45763067000007],[118.23183680200007,24.457705101000045],[118.23221122700012,24.45777453100004]]],[[[118.27768609900012,24.45380955800005],[118.27636010600008,24.452282467000032],[118.27239817400005,24.453351852000026],[118.26882797100006,24.45248385700006],[118.27205303200004,24.458041476000066],[118.27768609900012,24.45380955800005]]],[[[118.24240997100004,24.460196621000023],[118.24202856300008,24.460318530000052],[118.24242044100004,24.460274439000045],[118.24240997100004,24.460196621000023]]],[[[118.39705438700004,24.522037101000024],[118.39718646400001,24.521916357000062],[118.39696567700004,24.521888529000023],[118.39705438700004,24.522037101000024]]],[[[118.39662083700011,24.52338899800003],[118.39693494000004,24.522335914000053],[118.39620130900003,24.52292135400006],[118.39662083700011,24.52338899800003]]],[[[118.39700257800008,24.52448374900007],[118.39628020600004,24.52460473600007],[118.396795708,24.524917953000056],[118.39700257800008,24.52448374900007]]],[[[118.43906464000008,24.52474124300005],[118.4390757330001,24.523444634000043],[118.43471291700008,24.52233906200007],[118.43659095900011,24.52406266400004],[118.43906464000008,24.52474124300005]]],[[[118.41130962800004,24.532143726000072],[118.41085827800008,24.53055698600008],[118.41445594900006,24.52830896200004],[118.41918861700005,24.53043927500005],[118.42412999400004,24.527668258000062],[118.42932538500008,24.527380572000027],[118.42952857400007,24.525278178000065],[118.43358340600004,24.525005772000043],[118.43341192900004,24.52271549600005],[118.43154157600009,24.52194465100007],[118.43566013400005,24.51447988700005],[118.45011483700011,24.51099891700005],[118.4495562510001,24.504659197000024],[118.45074166800008,24.50102250200007],[118.45495494300008,24.497560977000035],[118.45511309300002,24.492803749000075],[118.45862350400012,24.487010120000036],[118.46194673400008,24.484260368000037],[118.46894194300012,24.48368045600006],[118.46899324900004,24.480444892000037],[118.463434408,24.47658998000003],[118.46402753200005,24.46769445800004],[118.46617200900003,24.461145705000035],[118.47034371300003,24.45522024400003],[118.47620152700006,24.453279343000077],[118.47816699300006,24.450257717000056],[118.47420159700005,24.449564404000057],[118.47267188900004,24.441512530000068],[118.47109528400006,24.44158953400006],[118.46974376100002,24.440096265000022],[118.47063264300004,24.44022128400007],[118.47061543900008,24.43975159300004],[118.46820467400003,24.44012265400005],[118.46834147400013,24.441523549000067],[118.466191556,24.441989508000063],[118.4626485870001,24.44017203900006],[118.46285263600008,24.438037939000026],[118.46103799300012,24.438146173000064],[118.46049703900007,24.43628036800004],[118.46346168700006,24.43585258400003],[118.46381913900008,24.433456638000052],[118.46650906400008,24.43090735600003],[118.46385537100002,24.42967654100005],[118.46528648900004,24.42870679500004],[118.46244383500004,24.427232806000063],[118.46053523000012,24.423675082000045],[118.457323351,24.426014604000045],[118.45774262400003,24.42404959500004],[118.45495555900004,24.416268527000057],[118.45436049600004,24.417204002000062],[118.45281981900008,24.416555688000074],[118.45302457600008,24.415377526000043],[118.44836417800002,24.415501306000067],[118.44749813200008,24.413934175000065],[118.44587271800005,24.413859268000067],[118.4467935780001,24.41239726000003],[118.43753980800012,24.410150417000068],[118.4349482340001,24.407691516000057],[118.42620083600002,24.40677955500007],[118.42720105300008,24.408181771000045],[118.42624586300008,24.409331226000063],[118.42751611100005,24.408361658000047],[118.43230580000012,24.40978808900007],[118.42909241400002,24.41036837100006],[118.43020640600004,24.412240421000035],[118.42559607700002,24.410955664000028],[118.43082945100002,24.41266297900006],[118.433016693,24.416472981000027],[118.43132901500007,24.420097398000053],[118.42746521000004,24.423891338000033],[118.4181842050001,24.42702421500007],[118.41369345700002,24.427154725000037],[118.4126388950001,24.42852759300007],[118.40921824100008,24.427570246000073],[118.41098112900012,24.43142172900008],[118.40985947700005,24.431802171000072],[118.40901624900005,24.428690078000045],[118.40821515300001,24.43217914300004],[118.40324150600009,24.433575980000057],[118.40261246600004,24.434980839000048],[118.3950404200001,24.43586995100003],[118.385467091,24.435067381000067],[118.37032990400007,24.43095646200004],[118.35036144800006,24.420550924000057],[118.348283605,24.418373684000073],[118.34771948600007,24.414959243000055],[118.34123491100002,24.40875594300007],[118.33870933700008,24.404528838000033],[118.334238464,24.391086594000058],[118.3275678230001,24.386963940000044],[118.3250078640001,24.38803681300004],[118.3221217900001,24.385554874000036],[118.31996026000002,24.38576023400003],[118.31916520400011,24.38764102600004],[118.31659908600012,24.388112299000056],[118.31513832300004,24.390039693000062],[118.30922360000012,24.390227451000044],[118.30486262500006,24.395807171000055],[118.29593494900008,24.39570848100004],[118.295609065,24.39915846200006],[118.29064214800007,24.40198716900005],[118.29084147300011,24.40414619700005],[118.27800458800004,24.412890617000073],[118.27846779200001,24.41483266000006],[118.28085949,24.415195995000033],[118.28096403800008,24.41702777200004],[118.29091836100008,24.418845778000048],[118.29844972500008,24.429586396000047],[118.3029611390001,24.43848312800003],[118.30219002700004,24.44619825800004],[118.2955536390001,24.456000087000064],[118.29535004500008,24.462359267000068],[118.29116595100004,24.46817541200005],[118.28846384300005,24.469919683000057],[118.2891037170001,24.47089429300007],[118.28622164300008,24.474824503000036],[118.28655618200004,24.47890014400008],[118.29274012800012,24.489919539000027],[118.30282550800008,24.49472802300005],[118.31287193500008,24.49552400400006],[118.32039246500004,24.49148452600008],[118.32698909400006,24.483039829000063],[118.33629016300006,24.476029824000022],[118.34552353000004,24.474404677000052],[118.35043911500009,24.471656497000023],[118.36312338900008,24.471673090000024],[118.37905958500004,24.485042537000027],[118.38073080400012,24.491247397000052],[118.38480758500008,24.492228467000075],[118.3857065090001,24.493591856000023],[118.383738611,24.502695364000033],[118.38404289200004,24.508097845000066],[118.39203740900008,24.511606554000025],[118.39684574100012,24.519550029000072],[118.400765502,24.522222724000073],[118.39965255700008,24.525448174000076],[118.39652601100012,24.525733075000065],[118.39770730000008,24.528105933000063],[118.40560480300007,24.52747023300003],[118.40766562700004,24.530071536000037],[118.407370495,24.53145153300005],[118.40570396400004,24.531764924000072],[118.40731121800002,24.534228162000034],[118.41130962800004,24.532143726000072]]],[[[119.47405460100003,24.98597936300007],[119.47888241200008,24.985881367000047],[119.47895964000008,24.983945681000023],[119.47620578500003,24.979377585000066],[119.47278070700008,24.97760013000004],[119.46598900900004,24.97995040400008],[119.46563979600012,24.982409451000024],[119.46781594000004,24.98439039600004],[119.47271674700004,24.987222315000057],[119.47405460100003,24.98597936300007]]],[[[119.45800896900003,24.992353638000058],[119.4568791370001,24.98524268400007],[119.4512010520001,24.98755516400007],[119.44767462000004,24.98749746200008],[119.44328744800008,24.996683158000053],[119.4434471080001,24.998716735000073],[119.44478828700004,24.999614154000028],[119.45580114800008,24.994962266000073],[119.45800896900003,24.992353638000058]]]]}},{"type":"Feature","properties":{"area_code":"64000","area_name":"高雄市"},"geometry":{"type":"MultiPolygon","coordinates":[[[[114.36168409400013,10.372797915000035],[114.36176243000013,10.37280053400002],[114.36177567000004,10.372780809000062],[114.36168409400013,10.372797915000035]]],[[[114.36166662200004,10.37283828300002],[114.36163167600012,10.37281122500002],[114.361638265,10.372852029000056],[114.36166662200004,10.37283828300002]]],[[[114.36161780900012,10.372905349000064],[114.361566648,10.372887597000044],[114.3615826250001,10.372925978000069],[114.36161780900012,10.372905349000064]]],[[[114.36163821300012,10.37311003700006],[114.36182729300003,10.373067927000022],[114.36151827800006,10.372965334000073],[114.36163821300012,10.37311003700006]]],[[[114.36194599600005,10.37326084800003],[114.36185113800002,10.37313288200005],[114.36180301200012,10.373161469000024],[114.36194599600005,10.37326084800003]]],[[[114.36981253700004,10.379937779000045],[114.37141184100004,10.378600824000046],[114.36995226800002,10.377211732000037],[114.36250658000006,10.373081411000044],[114.36179962200004,10.374825181000064],[114.35995546800008,10.372225386000023],[114.36157409900012,10.371347663000051],[114.3596759620001,10.372126742000036],[114.36003354400007,10.376286393000044],[114.36981253700004,10.379937779000045]]],[[[116.71875773000012,20.70179401100006],[116.71873342100002,20.701749504000077],[116.71873791200004,20.701793979000055],[116.71875773000012,20.70179401100006]]],[[[116.71871186900012,20.701862790000064],[116.719021397,20.701830303000065],[116.71907042500004,20.701696979000076],[116.71871186900012,20.701862790000064]]],[[[116.71849036800006,20.701962869000056],[116.71847303900006,20.701823900000026],[116.71845193700004,20.70196971300004],[116.71849036800006,20.701962869000056]]],[[[116.71802356400008,20.702141382000036],[116.71821316800003,20.70197099300003],[116.71786924000004,20.702056975000065],[116.71802356400008,20.702141382000036]]],[[[116.718465766,20.702222435000067],[116.71846134100008,20.702142098000024],[116.71839873400006,20.70219793900003],[116.718465766,20.702222435000067]]],[[[116.71824841900002,20.702281609000067],[116.71888602800004,20.70235198200004],[116.71901786700003,20.702091367000037],[116.71824841900002,20.702281609000067]]],[[[116.70844212400004,20.703253922000044],[116.70890328900008,20.702936816000033],[116.708544834,20.70288342200007],[116.70844212400004,20.703253922000044]]],[[[116.70724364900002,20.704593850000037],[116.70770405700011,20.70326177000004],[116.70691310800008,20.704715216000068],[116.70724364900002,20.704593850000037]]],[[[116.71030107800004,20.704891492000055],[116.71026172600013,20.704775126000072],[116.71022091100008,20.704814115000033],[116.71030107800004,20.704891492000055]]],[[[116.71662016900008,20.70966875800008],[116.731877714,20.70327625600004],[116.73336654800003,20.702196428000036],[116.73286410600008,20.700333473000057],[116.73485506500003,20.69747568200006],[116.72770819400012,20.69740420200003],[116.71032425500005,20.70385355800005],[116.71085429000004,20.705033659000037],[116.7129194580001,20.705185309000058],[116.714295181,20.702760013000045],[116.7156355620001,20.70315818100005],[116.71691006600008,20.702042456000072],[116.72300090400006,20.69976495000003],[116.72385303100008,20.701589760000047],[116.72108410200008,20.70203629900004],[116.72673423100002,20.703328471000077],[116.72597424500007,20.70492433000004],[116.718272855,20.705288874000075],[116.7153314950001,20.707449015000066],[116.71184237600004,20.70766736400003],[116.71208559000002,20.70574765700007],[116.71082443000012,20.706556804000055],[116.71168002800005,20.70843329400003],[116.71662016900008,20.70966875800008]]],[[[120.96846653700004,23.471227329000044],[120.97063142000002,23.469042262000073],[120.98053726300007,23.469214384000058],[120.98460171400006,23.46656967800004],[120.99969284600002,23.462167210000075],[121.00473509200005,23.462999042000035],[121.00846111700002,23.462086185000032],[121.0158546880001,23.45160877400008],[121.01047443200002,23.44606743600008],[121.01058109200004,23.44124413700007],[121.01526836700008,23.43541024700005],[121.01294889900008,23.432948555000053],[121.01415517300006,23.430934299000057],[121.02093743900002,23.42951021600004],[121.02253010700008,23.424901586000033],[121.02948530000003,23.422182544000066],[121.0277414630001,23.41625268400003],[121.02491094600008,23.414602802000047],[121.02708019200008,23.412780205000047],[121.02665155000012,23.406041697000035],[121.02834635800002,23.403763256000047],[121.02174578600012,23.399967812000057],[121.01924186300003,23.401516577000052],[121.01464254100006,23.396582524000053],[121.01046297900008,23.395097734000046],[121.00643441700004,23.396555715000034],[121.00321118500005,23.394787955000027],[121.00113295900007,23.391745236000077],[121.00738590300011,23.387031597000032],[121.00771784300002,23.38466497800005],[121.0000945590001,23.38237230900006],[120.99388738500012,23.375939467000023],[120.99154914000007,23.37174435700007],[120.9879580810001,23.37057348600007],[120.98656502300004,23.363424672000065],[120.98709543600012,23.35873130800007],[121.002483524,23.355252688000064],[121.00757449000004,23.352025457000025],[121.00764679800012,23.348952457000053],[121.01040440800011,23.34581378400003],[121.01519376600004,23.346341367000036],[121.01772664600004,23.348303573000067],[121.01810548300011,23.350126320000072],[121.02004576500008,23.350383494000027],[121.02236433200004,23.348127256000055],[121.02432006900005,23.340728714000026],[121.026996692,23.337622984000063],[121.03091355200002,23.33702763900004],[121.03252126100006,23.33406914400007],[121.03704120000008,23.333023850000075],[121.03941999600012,23.329134502000045],[121.04497817900004,23.327780709000024],[121.04878142600012,23.325306555000054],[121.04715978500008,23.32000797200004],[121.04804435600012,23.313781275000053],[121.04601505500013,23.308377903000064],[121.03642946200011,23.303801732000068],[121.03189582400012,23.303672019000032],[121.03004182200004,23.298537061000047],[121.02383554500013,23.29373234400003],[121.02000454400002,23.29457037000003],[121.01740723800005,23.29286983700007],[121.0103932290001,23.292698892000033],[121.00138493500005,23.287376233000032],[120.99064017600006,23.28412848100004],[120.98659071100008,23.28032100300004],[120.9789932540001,23.282266803000027],[120.97173800500002,23.28170894300007],[120.96611395600009,23.276583043000073],[120.96336432300006,23.272100115000057],[120.95967853200013,23.270839590000037],[120.95738003800012,23.26415874400004],[120.95110428700002,23.25950920200006],[120.9466932250001,23.253114057000065],[120.94125145300006,23.251946564000036],[120.937897388,23.24494919600005],[120.93060533500012,23.242461819000027],[120.92652832800002,23.24455529200003],[120.92404113900012,23.241982380000024],[120.9194115900001,23.240979512000024],[120.91571904900002,23.237872675000062],[120.91156611600002,23.22785712500007],[120.91163177500005,23.209552117000044],[120.90673179400004,23.20565073100005],[120.90715311200006,23.201131557000053],[120.9057482070001,23.199553127000055],[120.90644037700008,23.196712054000045],[120.910892632,23.192167402000052],[120.91230015200006,23.187403047000032],[120.91075960400008,23.181692145000056],[120.90905120400008,23.17979924900004],[120.90590638800006,23.180576340000073],[120.89872395300006,23.17666343600007],[120.89830990400004,23.17312342200006],[120.89585638200003,23.171432535000065],[120.89500430600005,23.160717934000047],[120.88735053700007,23.158241067000063],[120.88626039900008,23.155433076000065],[120.88333336300002,23.15343603400004],[120.87641148300008,23.15133489300007],[120.88143509800013,23.146226875000025],[120.88576243300008,23.144283676000043],[120.88787386700004,23.136680702000035],[120.8859606420001,23.128044471000067],[120.88805802800005,23.122437855000044],[120.88496544300006,23.119346887000063],[120.88677475400004,23.113613334000036],[120.88940138700002,23.110439146000033],[120.88814099900004,23.104205126000068],[120.88915148500008,23.100491917000056],[120.88555002700002,23.092629552000066],[120.88562922800008,23.08910702600008],[120.878074878,23.078231393000067],[120.8753454350001,23.06854310600005],[120.86921466,23.059686355000053],[120.87449823400004,23.050943483000022],[120.87974943100004,23.04777377000005],[120.88137999500007,23.04268217700007],[120.87996018300008,23.035521824000057],[120.87890485600008,23.034441376000075],[120.87200086100006,23.034477453000022],[120.86397440900008,23.03249149800007],[120.86161365700002,23.03076843400004],[120.86065713100004,23.008050109000067],[120.85823436900012,23.005054804000057],[120.85107206300006,23.00512506800004],[120.85206464100008,22.99990456300003],[120.84909274600012,22.99485434000007],[120.84192582500008,22.99093274200004],[120.84118168500004,22.98400042000003],[120.83245671900012,22.98038777000005],[120.82905517600013,22.974386973000037],[120.83014368300007,22.969990215000053],[120.82244486500008,22.964869730000032],[120.8207927740001,22.961966491000055],[120.82475223600012,22.95245444300008],[120.821777698,22.945123841000058],[120.82181366400005,22.935257630000024],[120.82688080900004,22.92813472000006],[120.82915890000004,22.92078403100004],[120.83143939700004,22.91985494200003],[120.83328835600004,22.91226836800007],[120.82995904200004,22.909525677000033],[120.8286620990001,22.90397402300005],[120.83353746800005,22.899814675000073],[120.83495078400006,22.89310011400005],[120.83822635900005,22.889893596000036],[120.83884129900002,22.884638144000064],[120.84052538500008,22.881949001000063],[120.85208842900012,22.87809715800006],[120.85972727300008,22.87836784900003],[120.86487148300012,22.872551074000057],[120.86554549100003,22.869663939000077],[120.864198976,22.86666679600006],[120.85915090100002,22.863446415000055],[120.86957164000012,22.857758497000077],[120.86660266,22.85381567300004],[120.86834772300006,22.850745880000034],[120.86557511400008,22.847089444000066],[120.86456484000009,22.843081125000023],[120.86231488500005,22.84712727300007],[120.8594271610001,22.849237234000043],[120.85992696700008,22.851462285000025],[120.85728927900004,22.852681354000023],[120.85318500300002,22.85762227300006],[120.8483546970001,22.85194710600007],[120.84717277000004,22.85196667100007],[120.8429780030001,22.854210661000025],[120.84094277600002,22.860382428000037],[120.83749876800005,22.86407284300003],[120.83303779200004,22.86627371700007],[120.82497501400007,22.866460484000072],[120.819088447,22.862345838000067],[120.81516401100008,22.86165754500007],[120.8136570580001,22.857470139000043],[120.80107798600012,22.851029134000044],[120.79334696,22.85203182300006],[120.79169993500012,22.848372770000022],[120.79269098500004,22.84111907500005],[120.78583878600011,22.83990289700006],[120.77871057900006,22.835203560000025],[120.77440866800008,22.83765248900005],[120.76991405600006,22.844554456000026],[120.76608938700008,22.848596067000074],[120.76415796000003,22.848993388000057],[120.76215492200004,22.85681391100007],[120.75503655900002,22.864679141000067],[120.74926028100003,22.86568344700004],[120.74241908800002,22.873736348000023],[120.73177198100008,22.875886818000023],[120.72501864700008,22.880834295000056],[120.7205066250001,22.881999162000056],[120.70453864400008,22.88066845900005],[120.6973733530001,22.872553378000077],[120.69197635700004,22.86845280400007],[120.69053852600008,22.86487312400004],[120.67896877500004,22.862868323000043],[120.67672182700004,22.857254083000043],[120.67211237800008,22.85635171000007],[120.6698824230001,22.856866092000075],[120.66856983800004,22.858713781000063],[120.66048007000006,22.860000350000064],[120.65864544100008,22.866069981000063],[120.65966439600004,22.870120004000057],[120.65805040000008,22.879707799000073],[120.6553198040001,22.881614912000032],[120.65102023000009,22.87721280900007],[120.64861204400006,22.877048665000075],[120.64663675100007,22.88353111200007],[120.64502819200004,22.88517551700005],[120.62117444000012,22.875691957000072],[120.61508682700004,22.876742225000044],[120.60541043400008,22.87296997000004],[120.594815024,22.863298042000057],[120.5742429710001,22.84771685800007],[120.56356938700004,22.83527168200004],[120.55325893600002,22.82840324700004],[120.54406252100011,22.829794021000055],[120.53643266200004,22.829265708000037],[120.53100498100002,22.830827356000043],[120.52977348900004,22.831700001000055],[120.53057203700008,22.83298278300003],[120.51538161800012,22.83151838500004],[120.50998757800004,22.82851135500005],[120.5050623950001,22.831516932000056],[120.4976921220001,22.83171191400004],[120.49273779900012,22.837290452000047],[120.4914612880001,22.83695973300007],[120.49276779200012,22.835692822000055],[120.49080033500002,22.83526872500005],[120.48421128000008,22.83554838200007],[120.4821270540001,22.836049926000044],[120.48145411200004,22.837592414000028],[120.47881035700004,22.836765185000047],[120.476237276,22.838185241000076],[120.4687551510001,22.83067330700004],[120.46918996400008,22.82501706200003],[120.46752985300007,22.822350868000058],[120.46735456100008,22.815478864000056],[120.46549904200003,22.81275010800005],[120.46403430100008,22.800287979000075],[120.4559867050001,22.78017094200004],[120.45564460800006,22.774416151000025],[120.45380708500012,22.769577785000024],[120.45371400000012,22.760858235000057],[120.45600164000008,22.73057282700006],[120.45574132100012,22.718493084000045],[120.45061027200006,22.696214858000076],[120.44752237400009,22.688303691000044],[120.44262719500011,22.684557227000028],[120.43965616500007,22.67853777700003],[120.44000007200007,22.673038872000063],[120.43605653100008,22.661336836000032],[120.43590772700009,22.63136364500008],[120.43358057400008,22.623959941000063],[120.43368252100004,22.61759527500004],[120.43754688600006,22.607274061000055],[120.44546259800006,22.59958686600004],[120.4470607290001,22.586969425000063],[120.44205767700008,22.56023177700007],[120.43657429100006,22.547557047000055],[120.43087487600008,22.54400682800008],[120.42513353900006,22.528473645000076],[120.422856044,22.518451438000056],[120.42365728600008,22.506521630000066],[120.42573031200004,22.49817217800006],[120.42393741500008,22.47995018400007],[120.42443392900007,22.468712865000043],[120.41092191900007,22.470729505000065],[120.40185564300008,22.473884760000033],[120.37324781300003,22.491225443000076],[120.35987684500004,22.50106492200007],[120.35872378200008,22.500676637000023],[120.35891957600006,22.50218201800004],[120.350965104,22.509535005000032],[120.33374819900008,22.52140527700004],[120.33699954000008,22.524847041000044],[120.33335335200002,22.528779175000068],[120.32532436500004,22.523482234000028],[120.32536313900005,22.529453259000036],[120.32990093500008,22.532991380000055],[120.33143394400008,22.532856046000063],[120.32957776800004,22.533759367000073],[120.32524198500003,22.53008597300004],[120.32424599300008,22.52276166400003],[120.31244423300008,22.514866875000052],[120.28864151800008,22.54384107800007],[120.28624686600006,22.543790725000065],[120.28913242400006,22.544629374000067],[120.2934087750001,22.538426311000023],[120.29696367800013,22.540946767000037],[120.30374679400006,22.532690392000063],[120.30761091000012,22.53542970800004],[120.31681002000003,22.524230010000053],[120.32183313200004,22.52779119400003],[120.30749322800013,22.545251086000064],[120.30200842300007,22.54575322200003],[120.301702341,22.544933188000073],[120.2985412380001,22.547504308000043],[120.30342039000004,22.554334734000065],[120.30283780200013,22.557769705000055],[120.28577132900011,22.57785502300004],[120.27836347900006,22.584358680000037],[120.26678979700011,22.599990123000055],[120.26303198500013,22.601388489000044],[120.26580221200004,22.610529392000046],[120.26418700600004,22.611395294000033],[120.26318463400004,22.61034934500003],[120.26226383900008,22.613983198000028],[120.25613391200012,22.61769801400004],[120.25669662300004,22.62091140900003],[120.26329575900002,22.624013989000048],[120.26341126700004,22.62658938800007],[120.25933461500006,22.63391138700007],[120.25613201400006,22.63624799900003],[120.25147497500008,22.64527932900006],[120.24986335300002,22.651460289000056],[120.25115424400008,22.66193243600003],[120.25295589300003,22.66503834600007],[120.2563558060001,22.668603921000056],[120.25925701000006,22.669039894000036],[120.26445610700011,22.675209933000076],[120.26282253800002,22.689035468000043],[120.25805154700004,22.68931932700008],[120.25805212600004,22.69555708200005],[120.26214425300007,22.697506473000033],[120.26160423800002,22.701396504000055],[120.25683148700011,22.71242800800007],[120.25708903800012,22.71432458700008],[120.25578536000012,22.714184188000047],[120.25682214100004,22.71486991200004],[120.2564874090001,22.718387867000047],[120.25302957000008,22.723903869000026],[120.24984994700004,22.724206319000075],[120.25033746200006,22.727877869000057],[120.24364655000012,22.74314171100008],[120.23461178600007,22.759865916000024],[120.23123953600007,22.76072588100004],[120.23093482400007,22.761926071000065],[120.23304885400012,22.762742111000023],[120.23236010000004,22.766067571000065],[120.2153842780001,22.80416295300006],[120.21232973000008,22.807610875000023],[120.19790658400008,22.805245912000032],[120.19331898700013,22.80744045800003],[120.19015555900012,22.813585914000043],[120.19028376000006,22.815384410000036],[120.20598307700004,22.820153855000058],[120.20730181800002,22.822608670000022],[120.20622907400002,22.82543209100004],[120.20515736500012,22.825225733000025],[120.20045216300002,22.838462923000066],[120.20131437300006,22.83870042700005],[120.19839290000004,22.844451155000055],[120.18980715700002,22.84174611700007],[120.19808405600008,22.844606947000045],[120.19651703300008,22.844746481000072],[120.19292149600004,22.848361346000047],[120.19534131100012,22.850162332000025],[120.19295462300012,22.856284001000063],[120.191110277,22.85538109400005],[120.19277828200006,22.857139571000065],[120.18919933900008,22.85838181200006],[120.19332661900012,22.859358314000076],[120.189701054,22.860690530000056],[120.190209943,22.86390442000004],[120.19278288200007,22.86522039700003],[120.18020281000008,22.895354826000073],[120.17474876100005,22.91170407500005],[120.18657322400009,22.919646439000076],[120.19205555200006,22.921194228000047],[120.20235289000004,22.915441187000056],[120.20807050100008,22.915238638000066],[120.21329069800004,22.91102860700005],[120.21811141900002,22.909622831000036],[120.22102644400002,22.90999279600004],[120.22665659000006,22.91627750200007],[120.2297267780001,22.916864969000073],[120.23169435900002,22.91539719000008],[120.23157106200006,22.908663750000073],[120.23291014000006,22.90554678600006],[120.24286255100004,22.903511543000036],[120.24760888300013,22.898188297000047],[120.25415892700003,22.894261493000045],[120.258686172,22.89517810500007],[120.25682909200007,22.899540700000045],[120.25877533000003,22.90186484500003],[120.27298830700012,22.895411789000036],[120.27949574000002,22.896294429000022],[120.27798799600008,22.904406718000075],[120.28456527700008,22.90472157000005],[120.30170924600009,22.90058620800005],[120.31416533200002,22.89978051500003],[120.3196908760001,22.894947456000068],[120.32488015600006,22.900459703000024],[120.33226526800001,22.889324439000063],[120.34513733800009,22.889437260000022],[120.34908875600001,22.890572685000052],[120.35197759300002,22.887501808000025],[120.35173125900008,22.88909656800007],[120.35516680600006,22.89042869800005],[120.35327912900004,22.891146570000046],[120.35328670400008,22.89238063600004],[120.35543433500004,22.891948342000035],[120.3544973170001,22.89268549400003],[120.35539985800006,22.893934796000053],[120.356895097,22.892921158000036],[120.35797461700008,22.895856302000027],[120.36108283500003,22.897804966000024],[120.36161395500004,22.90051049600004],[120.35967241600008,22.899783997000043],[120.35946780400002,22.901419649000047],[120.3615038050001,22.902051182000037],[120.36190275700004,22.900909753000064],[120.3633594370001,22.90230414100006],[120.36598621300004,22.90223333800003],[120.366292132,22.90506722400005],[120.368148033,22.903902310000035],[120.3707179590001,22.907096551000052],[120.37248806500008,22.906635987000072],[120.37313792900012,22.909326091000025],[120.37116165400003,22.912271935000035],[120.37316918100008,22.912438977000026],[120.37401108400002,22.914253709000036],[120.376513132,22.91434839300007],[120.37728903800009,22.91798070300007],[120.38016890800009,22.918455486000028],[120.38166178400002,22.921163508000063],[120.38680209000006,22.91826014700007],[120.39216867700009,22.92229149600007],[120.39863270500008,22.922430060000067],[120.40110598400008,22.91851960500003],[120.40544502000012,22.918048111000076],[120.40631659000007,22.914648355000057],[120.40868096100009,22.91233783300004],[120.41060343200002,22.914315591000047],[120.41616843800011,22.916095210000037],[120.42276059900009,22.93095554000007],[120.42488621200005,22.93316835300004],[120.4259078340001,22.93904172500004],[120.42852054600009,22.94061552200003],[120.43299385300008,22.95608544600003],[120.43724809800005,22.962179725000055],[120.44264441000009,22.97732408400003],[120.44468530100004,22.979539544000033],[120.44963008600008,22.977242183000044],[120.45171751000008,22.97862653900006],[120.45295448800005,22.977710426000044],[120.45469257800004,22.980757381000046],[120.45318973800012,22.984806013000025],[120.45471398100004,22.990622185000063],[120.45963323800004,22.989903223000056],[120.461110092,22.990770292000036],[120.45910066200008,22.99573932900006],[120.46147764700004,22.998119469000073],[120.45950022800002,23.001029602000074],[120.460498744,23.003591610000058],[120.47989111400013,23.00270664500005],[120.48099816500007,23.01157121800003],[120.48407340600012,23.017062801000066],[120.503716746,23.02864529200008],[120.51966625700004,23.044975497000053],[120.52230812900008,23.045671982000044],[120.52365407500008,23.047441595000063],[120.52303084100004,23.049566655000035],[120.53007303600008,23.05581918400003],[120.53530314300008,23.057490939000047],[120.53973625100002,23.061931510000026],[120.55449703600004,23.068829865000055],[120.55905274500005,23.073439649000026],[120.55889695300004,23.07564876400005],[120.56689194900002,23.08182716000005],[120.57449816800012,23.090883838000025],[120.57412566800008,23.09485836700003],[120.57579305100012,23.095765861000075],[120.57722309000007,23.09946426700003],[120.58808002900004,23.114096708000034],[120.58844790400008,23.12335899000004],[120.59465233800006,23.131593031000023],[120.59628349700006,23.13686238100007],[120.5984750020001,23.13857747000003],[120.60110849900002,23.14416565700003],[120.60560709400012,23.146473556000046],[120.60556951600006,23.14852638800005],[120.60785370000008,23.148439621000023],[120.61184612000012,23.151702108000052],[120.61234484600004,23.15360812700004],[120.61111016400002,23.15589936500004],[120.61343179000004,23.159245678000048],[120.61504005300004,23.159533631000045],[120.61653812000009,23.16309629400007],[120.62123674100008,23.162958384000035],[120.62522543400009,23.167760877000035],[120.63065805600002,23.17006369700005],[120.62919950800006,23.174252757000033],[120.63605980700004,23.175005760000033],[120.63729822000003,23.180395936000025],[120.64109984600007,23.182958718000062],[120.63840029100004,23.18568483300004],[120.63695050600006,23.19132582900005],[120.63899497600003,23.19273546100004],[120.64345448600012,23.203540797000073],[120.64835895500003,23.20857681600006],[120.65146142500008,23.208510181000065],[120.65383800600011,23.215306233000035],[120.65626719800002,23.217897997000023],[120.65529706900008,23.22328269700006],[120.64952448600002,23.228459090000054],[120.65131104200007,23.235819375000062],[120.64789340100003,23.24462835900005],[120.64923402300008,23.24690939500005],[120.64844981200008,23.249252270000056],[120.64208262700004,23.256809161000035],[120.64069112900006,23.26651563100006],[120.63828540400004,23.26917576900007],[120.64109049900004,23.271023714000023],[120.6406315370001,23.27416460700005],[120.64315311700013,23.27598023400003],[120.64191331100004,23.278541863000044],[120.64405099400004,23.28222829300006],[120.64185704700004,23.287475560000075],[120.64372317200002,23.289437288000045],[120.642029513,23.292902110000057],[120.6437442890001,23.296097485000075],[120.6470243120001,23.297438836000023],[120.64945288400008,23.292903172000024],[120.652003927,23.291170728000058],[120.65531942000008,23.291933701000065],[120.65842591500008,23.295972238000047],[120.65967001200012,23.294760955000072],[120.66183075300012,23.295007277000025],[120.66267436100009,23.29354072600006],[120.66731389000006,23.294025584000053],[120.67088995800007,23.290198700000076],[120.6745487820001,23.290888308000035],[120.6773544890001,23.287844069000073],[120.67882165500008,23.28884647200005],[120.68989667200005,23.28530760600006],[120.699543564,23.284423868000033],[120.70341526700008,23.28908978800007],[120.70283382900004,23.297563928000045],[120.7067701310001,23.304728098000055],[120.71216605300005,23.308697323000047],[120.71628418000012,23.30760920000006],[120.7213096050001,23.308266915000047],[120.73062933900007,23.305611961000068],[120.73016762400005,23.310756155000036],[120.73230736200004,23.313858942000024],[120.73943134800004,23.316841667000062],[120.7410488700001,23.32108179000005],[120.74785613300004,23.321909255000037],[120.75287271900004,23.32704278400007],[120.75238139500004,23.331030721000047],[120.75644426600002,23.332789640000044],[120.75882774500008,23.336443830000064],[120.75707844700004,23.33855932000006],[120.758483887,23.340868174000036],[120.75806914400005,23.344264542000076],[120.7644274810001,23.34167027600006],[120.76845566000009,23.34387750700006],[120.77333424800008,23.341823359000045],[120.77713518200004,23.34353843200006],[120.78321476100008,23.342204321000057],[120.78521487100012,23.345341829000063],[120.78758141000004,23.34614119200006],[120.78845202600009,23.35282075300006],[120.79180623600008,23.35346729500003],[120.79198561700002,23.357243477000058],[120.79624184200009,23.356857563000062],[120.79790326500006,23.36031441700004],[120.80064516800007,23.36064333300004],[120.80108234300008,23.36372958100003],[120.80469470600008,23.36721123800004],[120.80327327900012,23.369460396000022],[120.80429160100005,23.370662779000043],[120.80578787900004,23.37090856100008],[120.80851887900008,23.368390978000036],[120.80983510500003,23.369548117000026],[120.8133957230001,23.36942265600004],[120.81627578700012,23.371478711000066],[120.82119462600008,23.37052268900004],[120.82309387900013,23.371941047000064],[120.82542247100002,23.371706947000064],[120.82574084000008,23.37349226200007],[120.82911194700011,23.37579680300007],[120.82937824600003,23.383430953000072],[120.83097171000009,23.38660113700007],[120.83462765700006,23.38668070800003],[120.83411753900008,23.389652656000067],[120.83558244200005,23.389861308000036],[120.8368728160001,23.393386754000066],[120.84100702700005,23.394923233000043],[120.84117250500005,23.39607650000005],[120.83875923200004,23.39650485800007],[120.83841336100012,23.398247363000053],[120.84393912200004,23.403924318000065],[120.84475464000002,23.408228907000023],[120.84930770000004,23.41200976400006],[120.84977937100008,23.42035529100008],[120.85396848300002,23.423186875000056],[120.8570767220001,23.421967695000035],[120.85910240100009,23.425119383000037],[120.86004161700008,23.423784802000057],[120.86452348600004,23.42394076100004],[120.86624983200012,23.42607847200003],[120.86961999500012,23.426430023000023],[120.87173820500004,23.429597629000057],[120.87541515600005,23.431345449000048],[120.8753620870001,23.43276790600004],[120.88161735100005,23.433013902000027],[120.88382429300007,23.43625580500003],[120.88676456900008,23.434854173000076],[120.89176692,23.44660901100008],[120.89287134900007,23.445214320000048],[120.89514562400008,23.445921763000054],[120.89624475700008,23.45041666900005],[120.90041098900008,23.452093715000046],[120.90052281400006,23.45408912700003],[120.90566981400002,23.45317582300004],[120.9094022160001,23.45754396500007],[120.91616509800008,23.458888389000037],[120.92143795700008,23.45910049300005],[120.92848252700004,23.455493399000034],[120.92838506300006,23.45690881200005],[120.934750107,23.458440393000046],[120.93449780300011,23.461450929000023],[120.9366389060001,23.463781187000052],[120.94115681300002,23.46300891200008],[120.94843517200002,23.464167217000067],[120.95599915300012,23.467335655000056],[120.95751474300005,23.46950255400003],[120.96846653700004,23.471227329000044]]]]}},{"type":"Feature","properties":{"area_code":"10014","area_name":"臺東縣"},"geometry":{"type":"MultiPolygon","coordinates":[[[[121.6117917250001,21.942899804000035],[121.60767437400013,21.94295739200004],[121.60613491900006,21.948039228000027],[121.60353173700004,21.951570480000044],[121.61425679,21.955057366000062],[121.61619666400009,21.952295329000037],[121.61639709100008,21.945045351000033],[121.6117917250001,21.942899804000035]]],[[[121.57713425800011,22.078729467000073],[121.57668372700005,22.078414962000068],[121.57674629500002,22.07876433100006],[121.57713425800011,22.078729467000073]]],[[[121.58068849200004,22.079009600000063],[121.58035059800012,22.078485511000057],[121.57981245400003,22.078799822000065],[121.58068849200004,22.079009600000063]]],[[[121.57874865800012,22.079870973000027],[121.57844831000013,22.079486626000065],[121.57788512000002,22.08026673300003],[121.57874865800012,22.079870973000027]]],[[[121.50489259900009,22.084726115000024],[121.51251966900008,22.080511546000025],[121.52556031200004,22.081084299000057],[121.5289144190001,22.079652555000052],[121.53293171000008,22.081749355000056],[121.5520544310001,22.082637728000066],[121.5599513730001,22.08036836900004],[121.56645901200012,22.084305364000045],[121.5696252780001,22.08290858500004],[121.5704387940001,22.080719513000076],[121.56782341200004,22.07318466600003],[121.5701136780001,22.070122299000047],[121.57087711600002,22.064730325000028],[121.57608334600002,22.059385483000028],[121.57097714400004,22.05971062200007],[121.56692217400008,22.057566817000065],[121.56385624900008,22.054048953000063],[121.56406923100008,22.04871457200005],[121.56723579700008,22.042448738000076],[121.56618461300002,22.041493424000063],[121.56803680500002,22.040853077000065],[121.56731101100002,22.03951339100007],[121.570527276,22.038943158000052],[121.57867452500012,22.032432992000057],[121.59673371300003,22.025120747000074],[121.60270354500004,22.019832875000077],[121.6020904610001,22.015172670000027],[121.59858635600006,22.011933148000026],[121.59308005800006,22.00180726900004],[121.587460985,21.999778840000033],[121.58097819400008,22.003820741000027],[121.58214206000002,22.004356934000043],[121.57967661400004,22.004973989000064],[121.57816236700012,22.00323765500008],[121.57134178400008,22.003574313000055],[121.57026556100004,22.002175945000033],[121.56938931000002,22.00875873700005],[121.55768758300007,22.021152672000028],[121.55342005900002,22.02305080600007],[121.55298202400002,22.02435547300007],[121.5477007930001,22.025950602000023],[121.53808949900008,22.024527929000044],[121.52737632000004,22.03441615500003],[121.5249232540001,22.03853928500007],[121.52090592200013,22.038713329000075],[121.51717614600012,22.045771451000064],[121.51200746200004,22.04743619500005],[121.50865353900008,22.046433913000044],[121.51083098900006,22.049567495000076],[121.508590614,22.05688152500005],[121.50682600800008,22.057067559000075],[121.51069289400004,22.06332242600007],[121.51001695800004,22.067666319000068],[121.50318356800004,22.077342548000047],[121.499341479,22.080532555000048],[121.50224493400005,22.084014790000023],[121.50489259900009,22.084726115000024]]],[[[121.57040112000004,22.086634969000045],[121.56975035900008,22.086285523000072],[121.57020087700003,22.087100704000022],[121.57040112000004,22.086634969000045]]],[[[121.56705969000008,22.08591240900006],[121.56762282000012,22.08784547600004],[121.56854891700004,22.087531254000055],[121.56705969000008,22.08591240900006]]],[[[121.49174241500008,22.678911422000056],[121.49346728400008,22.67509421400007],[121.49603119700008,22.67646219100004],[121.50099568500002,22.675868812000033],[121.50706134100004,22.67863932000006],[121.5099997100001,22.67707224700007],[121.50928565000004,22.67146933400005],[121.51117343600004,22.669299291000073],[121.50690643300004,22.657165631000055],[121.5087689930001,22.65383509800006],[121.50586753000005,22.65275706700004],[121.50560463800002,22.651492464000057],[121.50219083400007,22.65220140600007],[121.499525962,22.64590194500005],[121.50206419100004,22.643893711000032],[121.50500125000008,22.635700460000063],[121.50773969800002,22.63459712100007],[121.50636404400008,22.63434230300004],[121.5062260950001,22.632590106000062],[121.50557617900006,22.634238134000043],[121.49967381100008,22.63507565900005],[121.49798538100003,22.63411310200007],[121.4982850450001,22.632012625000073],[121.49522134900008,22.632489488000033],[121.49343440100006,22.63839661000003],[121.48880834700005,22.642621931000065],[121.47350265600004,22.646479278000072],[121.4753059950001,22.658707865000057],[121.46466688100008,22.67148480500003],[121.46432968200008,22.673317884000028],[121.46601862300008,22.676472700000033],[121.47983631300008,22.674078208000022],[121.48472657400008,22.67731303200003],[121.4899787280001,22.676986361000047],[121.49174241500008,22.678911422000056]]],[[[121.51196401200002,22.681456512000068],[121.51157615400008,22.680575046000055],[121.51131380200002,22.68171194100006],[121.51196401200002,22.681456512000068]]],[[[121.44586276200005,23.443346940000023],[121.45442375300001,23.441142726000063],[121.45709789000011,23.442212622000056],[121.461583968,23.44153667100005],[121.46344159800005,23.438867577000053],[121.47330772700002,23.440621988000032],[121.47979948700004,23.43118153900008],[121.482467734,23.430167219000055],[121.4905012590001,23.435260842000048],[121.4960918270001,23.434825688000046],[121.492491545,23.42684128800005],[121.489232796,23.42332505400003],[121.4862374490001,23.412893406000023],[121.4840831890001,23.410738899000023],[121.48401638100006,23.40412909500003],[121.48180720800008,23.402116702000058],[121.48203615400008,23.39728113900003],[121.4779906870001,23.395285810000075],[121.47665329000006,23.389092937000044],[121.47485566500006,23.38662496200004],[121.47220940900002,23.37153796900003],[121.47358149800004,23.363298014000065],[121.47080377000007,23.356680054000037],[121.47220529300012,23.352430836000053],[121.46858451000004,23.348493004000034],[121.46764018300009,23.345617822000065],[121.46774994600004,23.331940822000035],[121.46620344400004,23.328720110000063],[121.46573025100008,23.32200610800004],[121.46291429400004,23.31779360400003],[121.46238903000004,23.312809988000023],[121.46068945800003,23.312905283000077],[121.46049308700005,23.311833657000022],[121.45852053200008,23.313560111000072],[121.45404516800012,23.31350768300007],[121.447454289,23.309318177000023],[121.44709579900008,23.30531992300007],[121.44242036600008,23.302494971000044],[121.44167281300008,23.297165049000057],[121.43918340400012,23.296860896000055],[121.43432106400007,23.28823062500004],[121.43287027500004,23.288131027000077],[121.4274424030001,23.27266028300005],[121.427717357,23.26668722700003],[121.42405639300011,23.264250779000065],[121.420815811,23.257622077000065],[121.42080974700002,23.250048073000073],[121.41902592800012,23.247986600000047],[121.41691212700005,23.238617092000027],[121.41489662100004,23.234927984000024],[121.4157305870001,23.22788146700003],[121.41871206900008,23.22831362200003],[121.42033091500002,23.227705986000046],[121.420387784,23.226320032000046],[121.409674751,23.21439544100008],[121.41003666900008,23.21354207300004],[121.4028190030001,23.212247527000045],[121.40018183200004,23.208721660000037],[121.39813297800004,23.20796599700003],[121.39702108300004,23.205116487000055],[121.3961092080001,23.199205369000023],[121.39836706300002,23.185706726000035],[121.40388856000004,23.178087120000043],[121.40293602200006,23.171818553000037],[121.40681810800004,23.170281885000065],[121.40775409200012,23.166836224000065],[121.40500111300004,23.15411202300004],[121.399442936,23.14897606200003],[121.40109198100004,23.14604694900004],[121.39979651400006,23.135119324000073],[121.40295817400012,23.128742075000048],[121.4064816,23.12565007700005],[121.41367865400002,23.12408681900007],[121.416352898,23.126771543000075],[121.42314597800008,23.127756532000035],[121.42458757500005,23.125660337000056],[121.41848639900002,23.122685469000032],[121.41167434800002,23.123288367000043],[121.412471234,23.12235689800008],[121.4070182480001,23.11588952900007],[121.4018197260001,23.113512840000055],[121.39752316700005,23.114566078000053],[121.3951553820001,23.11342896900004],[121.39160826400008,23.10828475100004],[121.38740799600008,23.105603345000077],[121.38762015600004,23.102309456000057],[121.38530816600009,23.100868340000034],[121.38429190700003,23.09852092700004],[121.38502514400012,23.097612783000045],[121.38294086300004,23.09549211600006],[121.36730439500002,23.09653380800006],[121.363363154,23.09389175800004],[121.35784403200012,23.085407110000062],[121.35801610600004,23.082550861000072],[121.35508238400008,23.079658211000037],[121.35664354100004,23.073639428000035],[121.35283535800012,23.071340833000026],[121.34813209900004,23.064626040000064],[121.34587991800004,23.05110920800007],[121.34371118700004,23.04832824600004],[121.34329563400001,23.043653247000066],[121.34163635100003,23.04244286000005],[121.33852706400012,23.033297490000052],[121.33916016500008,23.025913299000024],[121.33660684100003,23.025215592000052],[121.33509741100012,23.023157608000076],[121.33718619800004,23.020113004000052],[121.32944407700006,23.016203775000065],[121.3273192580001,23.007106605000047],[121.32532155,23.004683449000023],[121.32323089500004,23.00485418600005],[121.32203165200008,23.00208090500007],[121.32161128000008,22.99715488000004],[121.3234622550001,22.993282470000057],[121.31368081100004,22.97680204900007],[121.29597036000008,22.956744299000036],[121.29517559700004,22.954518592000056],[121.29334708400006,22.953639164000037],[121.29309574500007,22.95513990700005],[121.29141041200012,22.955466864000073],[121.28665582700012,22.95183987400003],[121.28783634600006,22.94941566800003],[121.28660697200009,22.948841910000056],[121.28710369100008,22.94959878900005],[121.28586333300008,22.95015465000006],[121.28303388600013,22.94787736400008],[121.27986136900006,22.93937749500003],[121.27864601300008,22.93082872900004],[121.27573117100007,22.926783037000064],[121.27283150100004,22.917832313000076],[121.26941892400008,22.91186925100004],[121.26219532700009,22.90644994200005],[121.25914512500005,22.89827976400005],[121.25558042900002,22.89516544600008],[121.24730631000013,22.881459519000032],[121.24119608100013,22.880159310000067],[121.23890761900007,22.878480240000044],[121.23523531700005,22.87097088900003],[121.23616755600005,22.86799352600008],[121.23335167700009,22.864489148000075],[121.22468616900004,22.867167734000077],[121.21997929000008,22.86492121000003],[121.20904124900004,22.863094876000048],[121.20138662300008,22.857096460000037],[121.19879048400004,22.85671976900005],[121.189578965,22.84693982700003],[121.18883896500006,22.837879783000066],[121.18625485600012,22.83289804900005],[121.18824212400013,22.82826491000003],[121.19240217300012,22.825569766000054],[121.191823977,22.82291808800005],[121.19357170300007,22.82130016800005],[121.19411160700008,22.817666313000075],[121.19812998800012,22.814805929000045],[121.1964623130001,22.812690962000033],[121.19753434200004,22.812233932000023],[121.19687053400004,22.810976],[121.19962857000009,22.804392350000057],[121.20102914600012,22.79585426200003],[121.1999944370001,22.794575097000063],[121.19818861800002,22.794737957000052],[121.19845626800009,22.79341284700007],[121.19716856700006,22.79193073500005],[121.19600335500002,22.792628437000076],[121.19489816500004,22.79029322300005],[121.18741476600007,22.79041332500003],[121.18139819500004,22.782903609000073],[121.17986997300012,22.769259044000023],[121.17619143600008,22.758801927000036],[121.16598591400007,22.751174604000028],[121.1567845620001,22.74732262200007],[121.14508647500008,22.73444709200004],[121.13726203800002,22.729405748000033],[121.12810842200008,22.71936157400006],[121.12369235900007,22.71624723800005],[121.101515521,22.70531307500005],[121.09318205700004,22.70371078100004],[121.08135609800001,22.698198131000023],[121.073105262,22.691754504000073],[121.0642442190001,22.682006216000048],[121.05535873400004,22.67609999800004],[121.042880598,22.67191643500007],[121.035533277,22.667680549000067],[121.02573633900012,22.655843600000026],[121.01719243200012,22.635684124000026],[121.01259540300008,22.61951020600003],[121.00915970000005,22.58895977900005],[120.9983320560001,22.578390721000066],[120.98550749800006,22.569343649000075],[120.9772956060001,22.554489713000063],[120.96821616700004,22.526448105000043],[120.95952595600012,22.50528591400007],[120.946401959,22.45688033500005],[120.93310353200002,22.42320882100006],[120.92884543700006,22.417180701000063],[120.92112513000006,22.39613687900004],[120.9148704370001,22.384923972000024],[120.90882608600008,22.359195658000033],[120.90261389500006,22.35254614300004],[120.89524012400013,22.335716284000057],[120.89243474300008,22.318091310000057],[120.89166104900004,22.282956537000075],[120.8930787810001,22.26655345100005],[120.89527173700004,22.262506941000023],[120.8944712010001,22.260760349000066],[120.89629477900009,22.246429568000053],[120.89205283500009,22.245452009000076],[120.88418366200005,22.240711908000037],[120.88061601900006,22.23469939400007],[120.87473062400012,22.23424579700003],[120.86642889000008,22.229824602000065],[120.8621454800001,22.23070709700005],[120.86429822600007,22.234285446000055],[120.85900324500004,22.238634673000035],[120.85866824900006,22.240819290000047],[120.85083602300006,22.243657076000034],[120.84465149700009,22.242862858000024],[120.84139566300009,22.244560258000035],[120.83960956300008,22.243633473000045],[120.83461553100004,22.245370920000028],[120.82590774700007,22.25664563500004],[120.81539909700008,22.26322046000007],[120.80801878900002,22.259361005000073],[120.80612891700002,22.259780845000023],[120.79906115600012,22.25716092500005],[120.79789501500012,22.257937473000027],[120.79957580200004,22.265098023000064],[120.7965423930001,22.267137524000077],[120.79628711500004,22.269923740000024],[120.79806376100008,22.276376624000022],[120.80677437000008,22.27715831000006],[120.80721171100004,22.280189456000073],[120.80586367800004,22.281182554000058],[120.80569458200011,22.283794726000053],[120.79321143200002,22.28579005700004],[120.790978912,22.28841140700007],[120.78989797400004,22.293307802000072],[120.78083484800004,22.29495283600005],[120.77774330200008,22.297971897000025],[120.77683366300003,22.302583553000034],[120.77815148000002,22.308497427000077],[120.78713118300004,22.309206920000065],[120.79268653400004,22.31215134100006],[120.79658628800009,22.31717074200003],[120.79509977200009,22.322570850000034],[120.79340525000008,22.32364466000007],[120.79247291700005,22.33562293700004],[120.78969754400008,22.337643220000075],[120.78846849500007,22.34157402900007],[120.78638861800005,22.342239033000055],[120.78472286200008,22.345777811000065],[120.77517775400008,22.349353457000063],[120.76726345500003,22.347609508000065],[120.76338021900006,22.35278360600006],[120.76298077500007,22.359145454000043],[120.76100355800008,22.360418972000048],[120.75810153300006,22.359415225000077],[120.75267193400008,22.360394649000057],[120.74345815400012,22.367260631000025],[120.74449075100006,22.36981526300008],[120.748782892,22.373247457000048],[120.74862109900003,22.380382729000075],[120.75049882400003,22.384087625000063],[120.75648323200004,22.38838272500004],[120.7521405980001,22.392666364000036],[120.75379706500009,22.396434423000073],[120.75760342800004,22.398176126000067],[120.7534180780001,22.405057718000023],[120.75811554200004,22.40490330600005],[120.76530720300002,22.40904635800007],[120.77339018500004,22.40693441900004],[120.7755551780001,22.409653621000075],[120.78035658200008,22.409451560000036],[120.78963783200004,22.417647852000073],[120.782442284,22.433900850000043],[120.775132,22.44329672400005],[120.7763317990001,22.449953678000043],[120.7650956120001,22.45305806700003],[120.75817555500008,22.45851740200004],[120.75460752800008,22.457246664000024],[120.75104787700002,22.45902115900003],[120.75162984200006,22.46421457600007],[120.75456812000004,22.47140421400007],[120.75080775300012,22.479153935000056],[120.75745778100008,22.48183018000003],[120.7585524210001,22.488405038000053],[120.76367611800003,22.49091511200004],[120.76434218300004,22.495385845000044],[120.76269972300008,22.50109836100006],[120.75846992900006,22.50734802900007],[120.75362619900012,22.511035685000024],[120.75302858100008,22.51839142600005],[120.75131539200004,22.521968689000065],[120.75166366800012,22.52531619800004],[120.74990904000003,22.529357782000034],[120.75001646700002,22.53401915200004],[120.73937203100002,22.551740987000073],[120.73962931900007,22.56253958300005],[120.74171820200002,22.568899515000055],[120.74878258900004,22.572295274000055],[120.749084282,22.57863346700003],[120.74580280400004,22.58954710200004],[120.75464383800012,22.600784738000073],[120.75287426000013,22.611802496000053],[120.754870406,22.61698356000005],[120.75803549000013,22.62308895800004],[120.7612351030001,22.626207064000027],[120.76131241000007,22.63003925500004],[120.76765079600013,22.63618536000007],[120.7738290210001,22.646229085000073],[120.7858167070001,22.66143364800007],[120.7862236950001,22.672040933000066],[120.79156565000004,22.679183083000055],[120.78678995000008,22.692910729000065],[120.78912325400006,22.69328753900004],[120.79767336600004,22.689100797000037],[120.80802027700008,22.689185740000028],[120.80910023500007,22.688256500000023],[120.81144494800004,22.69203807600007],[120.81911312800004,22.691027715000075],[120.81987695300006,22.695595492000052],[120.82544951300008,22.695705169000064],[120.82869085200002,22.697659242000043],[120.83678969800008,22.69707788900007],[120.84023525400004,22.706666125000027],[120.84336285000006,22.70764782400005],[120.842480775,22.70983663600003],[120.84452224100004,22.710857732000022],[120.84851009200008,22.716946650000068],[120.854877105,22.71754574000005],[120.85839142300006,22.71362077300006],[120.86167398400003,22.716697786000054],[120.8694145610001,22.715904051000052],[120.87547977100007,22.717177788000072],[120.87942184100008,22.716068499000073],[120.88351101100012,22.717067034000024],[120.8872787140001,22.72236689400006],[120.88864927600002,22.727288997000073],[120.89143539500004,22.729378662000045],[120.89243090700006,22.73556923900003],[120.89503009500004,22.73859875700003],[120.89563950400009,22.741817922000052],[120.89413700800004,22.743706865000036],[120.89535339000008,22.74819690700008],[120.89409870400004,22.75160963600007],[120.89562766000006,22.75616215100007],[120.89481240400004,22.76258097500005],[120.89196128600008,22.763696547000052],[120.89356020000002,22.76678372600003],[120.90020849700012,22.769215202000055],[120.90381654500004,22.775576586000057],[120.90413337400004,22.783581755000057],[120.90169151600004,22.787543764000077],[120.90329793800004,22.793386165000072],[120.90329979400008,22.799806713000063],[120.90089265800007,22.804273813000066],[120.89119440900004,22.811623628000063],[120.88157110800012,22.814449711000066],[120.877264931,22.813049688000035],[120.87449262700012,22.815331827000023],[120.87170981500005,22.81479234300008],[120.86840120800002,22.81712796100004],[120.86489966400006,22.82507295000005],[120.86175377600011,22.826300864000075],[120.86539907100008,22.835612858000047],[120.86399209100011,22.83943339800004],[120.864951194,22.84559577400006],[120.86834772300006,22.850745880000034],[120.86660266,22.85381567300004],[120.86957164000012,22.857758497000077],[120.85915090100002,22.863446415000055],[120.86378684800002,22.86621623900004],[120.86554549100003,22.869663939000077],[120.86487148300012,22.872551074000057],[120.85972727300008,22.87836784900003],[120.85208842900012,22.87809715800006],[120.84052538500008,22.881949001000063],[120.83884129900002,22.884638144000064],[120.83822635900005,22.889893596000036],[120.83495078400006,22.89310011400005],[120.83353746800005,22.899814675000073],[120.8286620990001,22.90397402300005],[120.82995904200004,22.909525677000033],[120.83328835600004,22.91226836800007],[120.83143939700004,22.91985494200003],[120.82915890000004,22.92078403100004],[120.82688080900004,22.92813472000006],[120.82181366400005,22.935257630000024],[120.821777698,22.945123841000058],[120.82475223600012,22.95245444300008],[120.8207927740001,22.961966491000055],[120.82244486500008,22.964869730000032],[120.83014368300007,22.969990215000053],[120.82905517600013,22.974386973000037],[120.83245671900012,22.98038777000005],[120.84118168500004,22.98400042000003],[120.84192582500008,22.99093274200004],[120.84909274600012,22.99485434000007],[120.85206464100008,22.99990456300003],[120.85107206300006,23.00512506800004],[120.85823436900012,23.005054804000057],[120.86065713100004,23.008050109000067],[120.86161365700002,23.03076843400004],[120.86397440900008,23.03249149800007],[120.87200086100006,23.034477453000022],[120.87890485600008,23.034441376000075],[120.87996018300008,23.035521824000057],[120.88137999500007,23.04268217700007],[120.87974943100004,23.04777377000005],[120.87449823400004,23.050943483000022],[120.86921466,23.059686355000053],[120.8753454350001,23.06854310600005],[120.878074878,23.078231393000067],[120.88562922800008,23.08910702600008],[120.88555002700002,23.092629552000066],[120.88915148500008,23.100491917000056],[120.88814099900004,23.104205126000068],[120.88940138700002,23.110439146000033],[120.88677475400004,23.113613334000036],[120.88496544300006,23.119346887000063],[120.88805802800005,23.122437855000044],[120.8859606420001,23.128044471000067],[120.88787386700004,23.136680702000035],[120.88576243300008,23.144283676000043],[120.88143509800013,23.146226875000025],[120.87641148300008,23.15133489300007],[120.88333336300002,23.15343603400004],[120.88626039900008,23.155433076000065],[120.88735053700007,23.158241067000063],[120.89500430600005,23.160717934000047],[120.89585638200003,23.171432535000065],[120.89830990400004,23.17312342200006],[120.89872395300006,23.17666343600007],[120.90590638800006,23.180576340000073],[120.90905120400008,23.17979924900004],[120.91075960400008,23.181692145000056],[120.91230015200006,23.187403047000032],[120.910892632,23.192167402000052],[120.90644037700008,23.196712054000045],[120.9057482070001,23.199553127000055],[120.90715311200006,23.201131557000053],[120.90673179400004,23.20565073100005],[120.91163177500005,23.209552117000044],[120.91156611600002,23.22785712500007],[120.91546135700004,23.237510298000075],[120.9194115900001,23.240979512000024],[120.92404113900012,23.241982380000024],[120.92652832800002,23.24455529200003],[120.93060533500012,23.242461819000027],[120.937897388,23.24494919600005],[120.94125145300006,23.251946564000036],[120.9466932250001,23.253114057000065],[120.95110428700002,23.25950920200006],[120.95738003800012,23.26415874400004],[120.95967853200013,23.270839590000037],[120.96336432300006,23.272100115000057],[120.96611395600009,23.276583043000073],[120.97263001600004,23.282187462000024],[120.9789932540001,23.282266803000027],[120.98659071100008,23.28032100300004],[120.99064017600006,23.28412848100004],[121.00138493500005,23.287376233000032],[121.00984471800008,23.292497551000057],[121.01740723800005,23.29286983700007],[121.02000454400002,23.29457037000003],[121.02374647800002,23.293705725000052],[121.02650462000008,23.296617059000027],[121.03890118000004,23.300652617000026],[121.04306636400008,23.29631052700006],[121.05594326200004,23.290626238000073],[121.05726744500008,23.28760870000008],[121.05944861600004,23.28614805600006],[121.06206764500008,23.27940759300003],[121.06067085200004,23.276744605000033],[121.06072051300008,23.27303127500005],[121.06289101500012,23.268879553000033],[121.06184640100004,23.268016475000024],[121.06241717600004,23.26584004700004],[121.0658584360001,23.25754559300003],[121.069225361,23.255174989000068],[121.07102494600008,23.24684978600004],[121.07401334700012,23.24441254800007],[121.07845150600008,23.237582746000044],[121.07795011500002,23.23422077400005],[121.0792390150001,23.23267865400004],[121.08098697700008,23.23379081400003],[121.08363580600007,23.232964433000063],[121.09284101500008,23.233815090000064],[121.09637984700008,23.229649073000076],[121.10362557100008,23.226962568000033],[121.105646535,23.224150489000067],[121.10845380800004,23.22349048700005],[121.11468594200004,23.22495848700004],[121.12339949700004,23.225081427000077],[121.1293954140001,23.22329796300005],[121.13451915900008,23.211256314000025],[121.1380941760001,23.20809048600006],[121.13936443000011,23.201914690000024],[121.14735186900008,23.199007058000063],[121.15470178100009,23.19914792000003],[121.16090955100005,23.205964150000057],[121.1699022570001,23.207066932000032],[121.17562792,23.21018680000003],[121.1843948610001,23.20491345300007],[121.18981008700008,23.203458412000032],[121.19442870800005,23.192508017000023],[121.19825487300012,23.18844223600007],[121.1997717590001,23.17828758800005],[121.19916992500008,23.175091957000063],[121.20568160900008,23.166870207000045],[121.20648995000012,23.16280622200003],[121.2102989980001,23.15989647600003],[121.2124881100001,23.15493394500004],[121.21064083200008,23.14805984900005],[121.21195050400001,23.14423206600003],[121.22488796000005,23.139877556000044],[121.230929381,23.139250450000077],[121.23845481400008,23.12873766000007],[121.245208692,23.128406722000022],[121.24830266000004,23.129585623000025],[121.24920632200008,23.131520635000072],[121.25760011900002,23.126117477000037],[121.25956733500004,23.12101590700007],[121.26425847200004,23.117660767000075],[121.26446481100004,23.115156546000037],[121.26726653800006,23.114093385000047],[121.267371571,23.109338910000076],[121.26431694200004,23.103921865000075],[121.27074144800008,23.101189345000023],[121.27235199800008,23.097881134000033],[121.27820544200006,23.100751063000075],[121.28086456600012,23.10403251400004],[121.28302847000008,23.10386697100006],[121.2844100100001,23.106570314000063],[121.28732579500002,23.106710847000045],[121.29142047900008,23.109368669000048],[121.29997861900006,23.109264369000073],[121.30522220800005,23.111285802000054],[121.31580266100002,23.109743328000036],[121.32196705700004,23.117170601000055],[121.32294110100008,23.123772203000044],[121.320366852,23.13792632600007],[121.32381070000008,23.14329905300008],[121.32439633200012,23.148979462000057],[121.32720169000004,23.15219315400003],[121.322031755,23.15534813900007],[121.321366097,23.159135657000036],[121.31740630700006,23.16458091600003],[121.31856194300008,23.168188047000054],[121.32185856100013,23.169395118000068],[121.322213658,23.173233330000073],[121.3239297880001,23.174790977000043],[121.32329955700004,23.17873455800003],[121.329741129,23.18037086700008],[121.33493075900004,23.17793337200004],[121.33531294800002,23.181301516000076],[121.33786624000004,23.185325920000025],[121.33825844000012,23.19068987000003],[121.34214617900012,23.195809275000045],[121.34428568300008,23.205759441000055],[121.34691442700012,23.209272789000067],[121.34568945800004,23.21356558900004],[121.34645864200002,23.217099494000024],[121.34996741700002,23.217885685000056],[121.35716,23.223714922000056],[121.35437812000008,23.22552544000007],[121.35259947100008,23.231304773000033],[121.36089847000004,23.24435220600003],[121.36153571000013,23.24690487400005],[121.35894380700006,23.249660568000024],[121.3594009520001,23.252689571000076],[121.36149040600004,23.253657325000063],[121.3636128390001,23.257646317000024],[121.36585734500012,23.258033527000062],[121.36692616800008,23.260243036000077],[121.37056077600003,23.262218905000054],[121.37233301900004,23.26782649000006],[121.37791712700005,23.269619517000024],[121.37860402600006,23.27451201900004],[121.37685688200008,23.281823562000056],[121.37628236500008,23.29565948100003],[121.37802720900004,23.298587705000045],[121.37785455700008,23.300939758000027],[121.38379285100008,23.308125833000076],[121.3878460950001,23.31064096600005],[121.39011032000008,23.315895861000055],[121.390248293,23.320623522000066],[121.39213545200003,23.321705618000067],[121.39773444700006,23.32168604400005],[121.39993819800009,23.323184370000035],[121.399605779,23.326588360000073],[121.40207788700002,23.333901178000076],[121.40971149000006,23.34589830400006],[121.41668003600012,23.349314708000065],[121.42252881700006,23.35570099100005],[121.42287674000012,23.35999219200005],[121.41790551400004,23.36058842400007],[121.410097543,23.36489862800005],[121.40757086300005,23.364638201000048],[121.4043653010001,23.36735160700005],[121.40362558100004,23.375813428000072],[121.400038601,23.386569208000022],[121.40135273300008,23.388664625000047],[121.40361417400004,23.389412227000037],[121.41049278500007,23.398951022000062],[121.41848509400006,23.41386867100005],[121.41835634800007,23.415699721000067],[121.4199690480001,23.41689980600006],[121.42021750700007,23.42058206400003],[121.43340046300013,23.432865605000075],[121.43977125600009,23.432929156000057],[121.44416190100004,23.43863867500005],[121.44586276200005,23.443346940000023]]]]}},{"type":"Feature","properties":{"area_code":"10015","area_name":"花蓮縣"},"geometry":{"type":"Polygon","coordinates":[[[121.63175611400004,24.36942771200006],[121.6306187,24.36642061300006],[121.63499921500012,24.366338600000063],[121.63502838800002,24.36371602400004],[121.63833661500009,24.362319145000072],[121.64047501200002,24.35716784500005],[121.64875568900004,24.349508494000077],[121.650303129,24.349502227000073],[121.65072354500012,24.35093003700007],[121.65003168700002,24.354872397000065],[121.64785276400004,24.357725037000023],[121.6506770420001,24.35985306400005],[121.65365359900012,24.35610897500004],[121.65351388600004,24.352188941000065],[121.65664620000008,24.35325456100003],[121.66001179900002,24.35115163100005],[121.66137429000004,24.353013548000035],[121.6631293160001,24.352885977000028],[121.66390365400002,24.349173300000075],[121.6667412380001,24.34724622800007],[121.66910893000012,24.343099766000023],[121.67398315300012,24.34339645700004],[121.67348751900012,24.33997981800007],[121.67484025800002,24.33777398500007],[121.68558128600012,24.34073144800004],[121.68846643800008,24.33361921700003],[121.69498257500004,24.334852598000055],[121.71353540500002,24.32688685100004],[121.72779145000004,24.325985399000047],[121.73517998500006,24.323073606000037],[121.74473627400003,24.32285255900007],[121.7593980260001,24.31410682200004],[121.77084910800012,24.31314824100008],[121.77406513000004,24.315270835000035],[121.77300656000013,24.308759413000075],[121.76953905200004,24.302698099000057],[121.75057574900006,24.28441091800005],[121.74730669200004,24.27754009000006],[121.74306876000004,24.259634064000068],[121.72830158300007,24.24570231900003],[121.72284381200008,24.24371384500006],[121.71939052700009,24.243807381000067],[121.7155928090001,24.241669325000032],[121.711252015,24.235982831000054],[121.70613314600008,24.225607696000058],[121.69627983600004,24.220720478000032],[121.68488764900007,24.212238652000053],[121.6739480650001,24.207556423000028],[121.66918079900006,24.20020015700004],[121.6633174210001,24.194140654000023],[121.65908253600004,24.18103827500005],[121.6584787380001,24.17187838700005],[121.65997256500007,24.16366221100003],[121.6642153140001,24.15543333200003],[121.66514136300007,24.140518537000048],[121.66375803200005,24.134515178000072],[121.65373506100002,24.119996894000053],[121.63172307600009,24.105993106000028],[121.61912727900004,24.089582472000075],[121.6159272540001,24.077244594000035],[121.61566893400004,24.07025718500006],[121.61651068000003,24.06130815000006],[121.61919192000003,24.05222533600005],[121.629884854,24.031132327000023],[121.63610720000008,24.024197342000036],[121.64367330200004,24.019391850000034],[121.64791735500012,24.00894932100005],[121.64314924000008,23.999594588000036],[121.64136825000004,23.99733408500003],[121.64252340100006,23.999581013000068],[121.641409349,23.998972165000055],[121.63956059900012,23.99540673100006],[121.63483389100008,23.984635223000055],[121.63500348800004,23.97981584400003],[121.62828432400012,23.96947285600004],[121.62660476400004,23.973769779000065],[121.62219074600011,23.97787280400007],[121.61584019000009,23.973207149000075],[121.60782262200009,23.959898937000048],[121.60690751600008,23.95277149700007],[121.60780704,23.94931660100008],[121.60980952200008,23.948087504000057],[121.6090620120001,23.946298570000067],[121.61187177400008,23.933327922000046],[121.60996109700012,23.930367455000063],[121.609140754,23.923614962000045],[121.60602198400012,23.91591128400006],[121.60497008700008,23.893663919000065],[121.59823696400008,23.85701905700006],[121.59391823100007,23.844592027000033],[121.58543305600006,23.828499258000026],[121.58340238500011,23.819832114000064],[121.57652806100008,23.810906051000075],[121.5728521530001,23.800423942000062],[121.57080877200008,23.782378605000076],[121.5712603720001,23.76613405100005],[121.5720826810001,23.762579407000032],[121.573142447,23.76235264500008],[121.5724519260001,23.75661266900005],[121.56981093500008,23.74945763200003],[121.56746934500006,23.746600650000065],[121.56701574100008,23.74261656400006],[121.563850214,23.739025687000037],[121.56020016500008,23.72953444700005],[121.55654869000011,23.72479905800003],[121.55367523200005,23.724405218000072],[121.55224075100011,23.722744533000025],[121.54988968700002,23.71655589200003],[121.5498578910001,23.702951623000047],[121.55065857400008,23.700449973000048],[121.55336430000013,23.69834780800005],[121.54588087900004,23.675038431000075],[121.546689807,23.67309873300007],[121.54535816900012,23.664572087000067],[121.54099854300011,23.66053005500004],[121.54376375900006,23.65600975800004],[121.54339467400008,23.65333632000005],[121.53989337300004,23.65157690300003],[121.53658630000008,23.647191381000027],[121.53122798100004,23.626474995000024],[121.53007174900006,23.59716802500003],[121.52611368100008,23.58241713800004],[121.52629096400004,23.576389058000075],[121.52308503900008,23.57158602900006],[121.52200667000012,23.567064579000032],[121.51134043000002,23.551486800000077],[121.50696576900008,23.534657070000037],[121.50803121,23.53150439500007],[121.50537030500004,23.529404786000043],[121.50346482700002,23.52018571800005],[121.50571280000008,23.51130469400005],[121.50441126300008,23.507363334000047],[121.50620347200004,23.50523314000003],[121.50771794700006,23.491235515000028],[121.51016892000008,23.492371800000058],[121.51244884300002,23.491800529000045],[121.51395001100002,23.487155587000075],[121.5122357780001,23.481660649000048],[121.50971239100012,23.479439666000076],[121.50809409800002,23.471717657000056],[121.50374501500004,23.46761179600003],[121.49982516200008,23.456156562000047],[121.4960918270001,23.434825688000046],[121.4905012590001,23.435260842000048],[121.482467734,23.430167219000055],[121.47979948700004,23.43118153900008],[121.47330772700002,23.440621988000032],[121.46344159800005,23.438867577000053],[121.461583968,23.44153667100005],[121.45709789000011,23.442212622000056],[121.45442375300001,23.441142726000063],[121.44709402,23.443797282000048],[121.44064123100009,23.433672027000057],[121.43923382700008,23.432607896000036],[121.43340046300013,23.432865605000075],[121.42021750700007,23.42058206400003],[121.4199690480001,23.41689980600006],[121.41835634800007,23.415699721000067],[121.41848509400006,23.41386867100005],[121.41248787200004,23.402355057000022],[121.39992184700009,23.385603983000067],[121.40362558100004,23.375813428000072],[121.4043653010001,23.36735160700005],[121.40757086300005,23.364638201000048],[121.410097543,23.36489862800005],[121.41790551400004,23.36058842400007],[121.42287674000012,23.35999219200005],[121.42252881700006,23.35570099100005],[121.41668003600012,23.349314708000065],[121.40971149000006,23.34589830400006],[121.40207788700002,23.333901178000076],[121.399605779,23.326588360000073],[121.39993819800009,23.323184370000035],[121.39773444700006,23.32168604400005],[121.39213545200003,23.321705618000067],[121.390248293,23.320623522000066],[121.39011032000008,23.315895861000055],[121.3878460950001,23.31064096600005],[121.38379285100008,23.308125833000076],[121.37785455700008,23.300939758000027],[121.37802720900004,23.298587705000045],[121.37628236500008,23.29565948100003],[121.37685688200008,23.281823562000056],[121.37860402600006,23.27451201900004],[121.37791712700005,23.269619517000024],[121.37233301900004,23.26782649000006],[121.37056077600003,23.262218905000054],[121.36692616800008,23.260243036000077],[121.36585734500012,23.258033527000062],[121.3636128390001,23.257646317000024],[121.36149040600004,23.253657325000063],[121.3594009520001,23.252689571000076],[121.35894380700006,23.249660568000024],[121.36153571000013,23.24690487400005],[121.36089847000004,23.24435220600003],[121.35259947100008,23.231304773000033],[121.35437812000008,23.22552544000007],[121.35716,23.223714922000056],[121.34996741700002,23.217885685000056],[121.34645864200002,23.217099494000024],[121.34568945800004,23.21356558900004],[121.34691442700012,23.209272789000067],[121.34428568300008,23.205759441000055],[121.34214617900012,23.195809275000045],[121.33825844000012,23.19068987000003],[121.33786624000004,23.185325920000025],[121.33531294800002,23.181301516000076],[121.33493075900004,23.17793337200004],[121.329741129,23.18037086700008],[121.32329955700004,23.17873455800003],[121.3239297880001,23.174790977000043],[121.322213658,23.173233330000073],[121.32185856100013,23.169395118000068],[121.31851574000008,23.168079159000055],[121.31740630700006,23.16458091600003],[121.321366097,23.159135657000036],[121.322031755,23.15534813900007],[121.32720169000004,23.15219315400003],[121.32439633200012,23.148979462000057],[121.32381070000008,23.14329905300008],[121.320366852,23.13792632600007],[121.32294110100008,23.123772203000044],[121.32196705700004,23.117170601000055],[121.31580266100002,23.109743328000036],[121.30522220800005,23.111285802000054],[121.29997861900006,23.109264369000073],[121.29142047900008,23.109368669000048],[121.28732579500002,23.106710847000045],[121.2844100100001,23.106570314000063],[121.28302847000008,23.10386697100006],[121.28086456600012,23.10403251400004],[121.27830673900009,23.100825101000055],[121.27254229900008,23.097801353000023],[121.27074144800008,23.101189345000023],[121.26431694200004,23.103921865000075],[121.267371571,23.109338910000076],[121.26726653800006,23.114093385000047],[121.26446481100004,23.115156546000037],[121.26425847200004,23.117660767000075],[121.25956733500004,23.12101590700007],[121.25760011900002,23.126117477000037],[121.24920632200008,23.131520635000072],[121.24830266000004,23.129585623000025],[121.245208692,23.128406722000022],[121.23845481400008,23.12873766000007],[121.230929381,23.139250450000077],[121.22488796000005,23.139877556000044],[121.21195050400001,23.14423206600003],[121.21064083200008,23.14805984900005],[121.2124881100001,23.15493394500004],[121.2102989980001,23.15989647600003],[121.20648995000012,23.16280622200003],[121.20568160900008,23.166870207000045],[121.19916992500008,23.175091957000063],[121.1997717590001,23.17828758800005],[121.19825487300012,23.18844223600007],[121.19442870800005,23.192508017000023],[121.18950428900008,23.203717183000037],[121.1843948610001,23.20491345300007],[121.17562792,23.21018680000003],[121.1699022570001,23.207066932000032],[121.16090955100005,23.205964150000057],[121.15470178100009,23.19914792000003],[121.14735186900008,23.199007058000063],[121.13936443000011,23.201914690000024],[121.1380941760001,23.20809048600006],[121.13451915900008,23.211256314000025],[121.1293954140001,23.22329796300005],[121.12339949700004,23.225081427000077],[121.10608773200012,23.223952609000037],[121.10362557100008,23.226962568000033],[121.09637984700008,23.229649073000076],[121.0931099280001,23.233725823000043],[121.07839526200009,23.233405306000066],[121.07845150600008,23.237582746000044],[121.07401334700012,23.24441254800007],[121.07102494600008,23.24684978600004],[121.069225361,23.255174989000068],[121.0658584360001,23.25754559300003],[121.06241717600004,23.26584004700004],[121.06184640100004,23.268016475000024],[121.06289101500012,23.268879553000033],[121.06072051300008,23.27303127500005],[121.06067085200004,23.276744605000033],[121.06206764500008,23.27940759300003],[121.05944861600004,23.28614805600006],[121.05726744500008,23.28760870000008],[121.0563153060001,23.29029865800004],[121.04306636400008,23.29631052700006],[121.03890118000004,23.300652617000026],[121.0283238940001,23.297122434000073],[121.03136517300004,23.300433342000076],[121.03207499700012,23.303788874000077],[121.03642946200011,23.303801732000068],[121.04628161500013,23.30867848500003],[121.04804435600012,23.313781275000053],[121.04715978500008,23.32000797200004],[121.04878142600012,23.325306555000054],[121.04497817900004,23.327780709000024],[121.03941999600012,23.329134502000045],[121.03704120000008,23.333023850000075],[121.03252126100006,23.33406914400007],[121.03091355200002,23.33702763900004],[121.026996692,23.337622984000063],[121.02432006900005,23.340728714000026],[121.02236433200004,23.348127256000055],[121.02004576500008,23.350383494000027],[121.01810548300011,23.350126320000072],[121.01772664600004,23.348303573000067],[121.01519376600004,23.346341367000036],[121.01040440800011,23.34581378400003],[121.00764679800012,23.348952457000053],[121.00757449000004,23.352025457000025],[121.002483524,23.355252688000064],[120.98709543600012,23.35873130800007],[120.98656502300004,23.363424672000065],[120.98778224000012,23.370055066000077],[120.99154914000007,23.37174435700007],[120.99986672200008,23.382208099000025],[121.00771784300002,23.38466497800005],[121.00738590300011,23.387031597000032],[121.00113295900007,23.391745236000077],[121.00321118500005,23.394787955000027],[121.00643441700004,23.396555715000034],[121.01046297900008,23.395097734000046],[121.01464254100006,23.396582524000053],[121.01924186300003,23.401516577000052],[121.02174578600012,23.399967812000057],[121.02834635800002,23.403763256000047],[121.02665155000012,23.406041697000035],[121.02708019200008,23.412780205000047],[121.02491094600008,23.414602802000047],[121.0277414630001,23.41625268400003],[121.02934231200004,23.422630552000044],[121.02253010700008,23.424901586000033],[121.02093743900002,23.42951021600004],[121.01415517300006,23.430934299000057],[121.01293308700008,23.433240787000045],[121.01500826600012,23.435321740000063],[121.01957634400004,23.43643125200003],[121.02203436800004,23.438996776000067],[121.02651946900004,23.439152927000062],[121.02865998800009,23.441607619000024],[121.03314239600002,23.443322626000057],[121.0336488160001,23.44550716500004],[121.04396416600002,23.448956988000077],[121.04646473100001,23.45087207800003],[121.05181706900008,23.45080247100003],[121.05452837200004,23.457378541000026],[121.05835093700011,23.460275101000036],[121.05892794300009,23.461941903000024],[121.05130662200008,23.464309747000073],[121.04965242300013,23.467832928000064],[121.0388959070001,23.474082785000064],[121.0449700150001,23.480540371000075],[121.04855320000001,23.48241527500005],[121.05011651300003,23.486529733000054],[121.05361207600004,23.48782881900007],[121.05412020900008,23.490114729000027],[121.05279939900004,23.49367748000003],[121.0540967390001,23.49560340900007],[121.05724512600013,23.49618806700005],[121.06216701300002,23.49953641600007],[121.0629810260001,23.50383743900005],[121.06613843900004,23.50631027000003],[121.0687598610001,23.514767223000035],[121.0684576750001,23.51844746100005],[121.08810511200012,23.514046086000064],[121.09185116000003,23.514516942000057],[121.09326751100002,23.51777931400005],[121.09736263700006,23.521645785000032],[121.101023015,23.52124507900004],[121.10367399900008,23.51893040600004],[121.110798971,23.51906098200004],[121.117697893,23.521643152000024],[121.1263509910001,23.517047233000028],[121.12878928300006,23.518498085000033],[121.13112827100008,23.517484609000064],[121.13225495000006,23.515106135000053],[121.13526197500003,23.514961148000054],[121.13833530200009,23.52059201700007],[121.14439922200006,23.52559536600006],[121.14717098000006,23.52724594600005],[121.15109860400004,23.527046065000036],[121.14687601700008,23.53410565300004],[121.15105977200004,23.545175223000054],[121.14611671400009,23.554370208000023],[121.15187693400004,23.560473840000043],[121.15714280200008,23.559555825000075],[121.15801688100008,23.564048877000065],[121.16034074400012,23.56782809400005],[121.160351611,23.56976397300008],[121.1551125850001,23.57086335100007],[121.15214996600004,23.573159050000072],[121.15201784400006,23.581657449000033],[121.15339176400003,23.58677836100003],[121.1581901830001,23.58573133400006],[121.16050945000006,23.587035228000047],[121.16674624900008,23.587142132000057],[121.1698701680001,23.586318408000068],[121.17139585400004,23.584141875000057],[121.178043988,23.58263746700004],[121.18000639800005,23.58745788100003],[121.17972995000002,23.59003233900006],[121.1834736510001,23.59316394500007],[121.18940898900009,23.594812087000037],[121.19030091800003,23.597188713000037],[121.19417277500008,23.60059956500004],[121.20012531600004,23.596401997000044],[121.20658024300008,23.595866296000057],[121.20812532900004,23.598242022000026],[121.21340990800002,23.600370100000077],[121.21732274100007,23.614696691000063],[121.2199548960001,23.61692652000005],[121.22379918700004,23.623583325000027],[121.22499021100008,23.62877069200005],[121.22411872700002,23.638854782000067],[121.230248522,23.647986713000023],[121.23192678900013,23.657878786000023],[121.235838725,23.66252059900006],[121.235955267,23.670771888000047],[121.23240447600006,23.67704092200006],[121.2394321810001,23.68697260700003],[121.23937000700003,23.694685795000055],[121.241212141,23.698464133000073],[121.23935382200013,23.699781244000064],[121.24120783300008,23.70873333800006],[121.23926563600004,23.71096368600007],[121.23951852100004,23.716278802000033],[121.23778540900004,23.72006986200006],[121.23946321100004,23.724154488000067],[121.23576682900011,23.72463844500004],[121.23310608100007,23.730128625000077],[121.22963947000004,23.73019050100004],[121.22843051300003,23.73613696800004],[121.22881521300008,23.744284032000053],[121.23007635200008,23.747184081000057],[121.23332164200008,23.74820022700004],[121.23251603100005,23.750600666000025],[121.22930628300004,23.752269268000077],[121.22139824700004,23.752756314000067],[121.21864494300009,23.756384100000048],[121.21340207000004,23.75747046300006],[121.21096729500005,23.761111624000023],[121.20648279000012,23.762636977000057],[121.20866975600006,23.76584627400007],[121.206747156,23.767239678000067],[121.20465097500004,23.772398778000024],[121.20867564900004,23.77593005800003],[121.21219073800012,23.77568610700007],[121.21954516900009,23.781796134000047],[121.22629269800008,23.78367432700003],[121.23040066300008,23.787966982000057],[121.23033207600008,23.790278327000067],[121.22727288300008,23.79109437900007],[121.22662075300002,23.79244359100005],[121.22605547600006,23.802277959000037],[121.22790980900004,23.80533474400005],[121.22754118300008,23.80853761900005],[121.23446037600002,23.812000174000048],[121.2347727880001,23.81794333100004],[121.239133981,23.821863088000043],[121.23667696600012,23.825212695000065],[121.23942296500002,23.840422853000064],[121.24348078900005,23.844984526000076],[121.2445181810001,23.848913233000076],[121.24892405800006,23.852131667000037],[121.24996659300008,23.85981994800005],[121.25292086600008,23.862955242000055],[121.25317617300004,23.868085089000033],[121.25693935800008,23.869456416000048],[121.2581507650001,23.872510171000044],[121.26525246300002,23.87290544600006],[121.26292695300005,23.879500414000063],[121.265317911,23.88303079900004],[121.26845118900007,23.883752858000037],[121.26741334400003,23.888999970000043],[121.26550764900004,23.891241541000056],[121.26517807000003,23.896719433000044],[121.26653565900006,23.89841074900005],[121.26244011600012,23.899080109000067],[121.26106217100003,23.902602263000063],[121.26627090700003,23.90726640500003],[121.27445348700007,23.90731762000007],[121.27607848500008,23.909863777000055],[121.27543558800004,23.914696209000056],[121.27629501400008,23.916220949000035],[121.27506805900008,23.918583742000067],[121.27651463100005,23.92316316700004],[121.27340772300012,23.928490474000057],[121.274849968,23.931541897000045],[121.273857184,23.93621955200007],[121.2720568530001,23.938345120000065],[121.273963169,23.941584565000028],[121.27433399200004,23.94563978900004],[121.27175229300008,23.94850483700003],[121.27470509900002,23.95144571800006],[121.27581657100006,23.955864572000053],[121.27517317800005,23.960101208000022],[121.27795419100003,23.965579714000057],[121.27561682100009,23.96835858700007],[121.27356729200004,23.975252028000057],[121.26422991700008,23.975980225000058],[121.26142711900002,23.981797587000074],[121.26004283400005,23.99207840500003],[121.27005128000008,24.00671145900003],[121.27031374400008,24.010015340000052],[121.27631610900004,24.020151656000053],[121.27660953400004,24.024614840000027],[121.28566110500005,24.039533231000064],[121.28497728000002,24.048569687000057],[121.28261231500004,24.051277501000072],[121.2832081250001,24.05426686900006],[121.28647296000008,24.057959494000045],[121.28942624400008,24.05889075300007],[121.29554435300008,24.063779724000028],[121.29863559500006,24.06169014100004],[121.29988752600002,24.062173985000072],[121.30819185300004,24.073307403000054],[121.31793160100005,24.079698911000037],[121.32313170500004,24.08494065000008],[121.31894789000012,24.095010135000052],[121.32565770800012,24.10246294500007],[121.32849539000006,24.114409198000033],[121.32499716600012,24.11608276900006],[121.315661524,24.116493513000023],[121.31162583700008,24.120190342000058],[121.3035423020001,24.124579436000033],[121.29586397800006,24.13244251900005],[121.28136925900004,24.13587321700004],[121.28422155900012,24.14585090100007],[121.28468026100006,24.152289104000033],[121.2810295380001,24.154492740000023],[121.28033491000008,24.157865706000052],[121.28672558000004,24.157075641000063],[121.288394949,24.158095134000064],[121.28783600300004,24.172457619000056],[121.28620381700011,24.177360879000048],[121.29298952600004,24.177201530000048],[121.29878808600006,24.180091649000076],[121.30708024800003,24.18033236900004],[121.31578716100012,24.185171712000056],[121.31991591300005,24.191236494000066],[121.32271076800008,24.19170985100004],[121.32562015300005,24.196124963000045],[121.33581142100002,24.19910973900005],[121.34086042900005,24.19845997500005],[121.34508610900002,24.199952990000043],[121.34943801800011,24.199775372000033],[121.34833340600004,24.207189736000032],[121.34937825500003,24.210438413000077],[121.34301988900006,24.223553595000055],[121.35233257900006,24.234632135000027],[121.352526247,24.24376035100005],[121.36066851500004,24.243943228000035],[121.36442331400008,24.24727315100006],[121.3670242180001,24.252173624000022],[121.37282380500004,24.25414297900005],[121.37842469000007,24.252815342000076],[121.3850579330001,24.254988383000068],[121.385659647,24.264154674000057],[121.38327002300002,24.267979139000033],[121.38054561200012,24.279756384000052],[121.38724314,24.28470638500005],[121.39083963400005,24.289743740000063],[121.393516534,24.288232291000043],[121.3965839550001,24.288737600000047],[121.40345490100005,24.29688253300003],[121.40510320100007,24.308252393000032],[121.41143543200008,24.307264040000064],[121.41688631200007,24.309173659000063],[121.42201401000013,24.307533669000065],[121.42849472300009,24.31735881900005],[121.43460523300008,24.321774944000023],[121.43449174800004,24.32557572500008],[121.43248102100006,24.329864497000074],[121.43430636500013,24.338270129000023],[121.43777496300004,24.34221795900004],[121.43563157500012,24.34757891500004],[121.44157498700008,24.35859302800003],[121.44727000400007,24.359544765000063],[121.44976971300002,24.36349304600003],[121.45201245300008,24.36467986100007],[121.46540061000007,24.355306063000057],[121.47526272700009,24.351264712000045],[121.4788745620001,24.351875809000035],[121.48111317900008,24.349075501000073],[121.48536755100008,24.34845621900007],[121.49223776600002,24.342090089000067],[121.49812148400008,24.339234133000048],[121.50438306800004,24.342934091000075],[121.50792860100012,24.34320039200003],[121.50968009300004,24.34120061300007],[121.5135666970001,24.34081398400008],[121.51543516200002,24.341814833000058],[121.51799435400004,24.34100497000003],[121.52215888100012,24.34302200900004],[121.52514463600004,24.342473392000045],[121.52775490500004,24.339151566000055],[121.53327223400004,24.33705533500006],[121.54053514500004,24.335912011000065],[121.54498871100007,24.33776789500007],[121.55607855000004,24.331154081000022],[121.55948921900006,24.323153812000044],[121.56332983400011,24.322234679000076],[121.56637338400004,24.319183516000063],[121.56989963500008,24.31794162500006],[121.57585487900008,24.319670218000056],[121.58751516200005,24.31606192200007],[121.58948861300009,24.313802469000052],[121.59376069300004,24.316413182000076],[121.59719185200004,24.31629391000007],[121.60191823700006,24.31414762600008],[121.60574656500012,24.309422574000052],[121.60702288400012,24.312636929000064],[121.60522677900008,24.317282240000058],[121.60109833500007,24.320581427000036],[121.6013268690001,24.32328479100005],[121.59657080200007,24.328138928000044],[121.59575243400002,24.331623241000045],[121.596978497,24.33346705500003],[121.599229755,24.333525071000057],[121.6007197030001,24.33086316500004],[121.604472664,24.329008745000067],[121.60646047900002,24.330057321000027],[121.60791666600004,24.335415905000048],[121.61220686200012,24.335888297000057],[121.61522998900011,24.33330347900005],[121.6175369340001,24.33364625300004],[121.618661695,24.33574298800005],[121.616138846,24.338134488000037],[121.61921377300008,24.345481840000048],[121.62062453500003,24.34487181700007],[121.622785001,24.339473054000052],[121.62747995900008,24.34111863000004],[121.62808362400006,24.33870797700007],[121.62669023600006,24.33562590300005],[121.6286377560001,24.333694265000076],[121.63280419700004,24.334747368000023],[121.63297592100004,24.339898290000065],[121.6313728340001,24.343982465000067],[121.63529676200004,24.344815157000028],[121.63552173200004,24.347617914000068],[121.63323666100008,24.349170075000075],[121.63046436400008,24.348216601000047],[121.62944629300011,24.349444387000062],[121.62685163600008,24.349530988000023],[121.62677118600004,24.354330050000044],[121.62120182700004,24.35811415300003],[121.62356944300008,24.362340725000024],[121.62037773200008,24.363209486000073],[121.62171466100006,24.366627127000072],[121.62588586900006,24.369116160000033],[121.6309515260001,24.370548851000024],[121.63175611400004,24.36942771200006]]]}},{"type":"Feature","properties":{"area_code":"10016","area_name":"澎湖縣"},"geometry":{"type":"MultiPolygon","coordinates":[[[[119.44026084600011,23.221365891000065],[119.44798488800008,23.220086624000032],[119.44366272900004,23.21402824100005],[119.44296929200004,23.20892807100006],[119.4441526490001,23.20763114300007],[119.44320972000004,23.20841943800008],[119.44192411600012,23.20611129400004],[119.44344055500004,23.204632828000054],[119.44290644400007,23.200419431000057],[119.43616627500012,23.201919221000026],[119.43387556000005,23.19942414700006],[119.43248379700005,23.199534079000045],[119.43293156000004,23.197789989000057],[119.42988248900008,23.196775643000024],[119.42935011300005,23.19438856100004],[119.43011086200012,23.19438648700003],[119.43034899600002,23.193816924000032],[119.4291189600001,23.19350647300007],[119.43121680200012,23.192543528000044],[119.43026005400009,23.19215557900003],[119.43177227300008,23.18992997400005],[119.43046483,23.186592319000056],[119.4270595700001,23.189940560000025],[119.42317679900007,23.191770657000063],[119.42219032100002,23.19065128400007],[119.42169120600012,23.192702514000075],[119.41792841800007,23.19339885900007],[119.42002668900012,23.193336833000046],[119.42016864700008,23.194415583000023],[119.42020335200004,23.193307013000037],[119.42162577400006,23.193352875000073],[119.42079746700006,23.194007536000072],[119.42071034700008,23.195633233000024],[119.42170589900002,23.19447242600006],[119.42174539400004,23.196070693000024],[119.4187419430001,23.19545110300004],[119.41929265100008,23.194562404000067],[119.41784808800004,23.195354145000067],[119.41627917900009,23.19394505100007],[119.41715542400004,23.19309161900003],[119.41573584600008,23.19376362500003],[119.42049258400004,23.19814651200005],[119.42062938800008,23.20331602500005],[119.41640421700004,23.206104106000055],[119.41594286000009,23.20903342300005],[119.41139935700004,23.211549046000073],[119.40951234400006,23.216285879000058],[119.41155962800008,23.216111212000044],[119.41169643,23.21452828500003],[119.41229430900012,23.215736784000057],[119.411831473,23.21445794600004],[119.41274596200005,23.21417786400008],[119.41423651600007,23.21535466000006],[119.41266164500009,23.216340854000062],[119.41449387200008,23.21524561700005],[119.41473810700006,23.21730840600003],[119.44026084600011,23.221365891000065]]],[[[119.49785061500006,23.231594679000068],[119.49819315800003,23.232729145000064],[119.49893981700006,23.231839557000058],[119.49785061500006,23.231594679000068]]],[[[119.51974053300012,23.234232879000047],[119.52099018400008,23.234497391000048],[119.52066048300004,23.233733173000076],[119.51974053300012,23.234232879000047]]],[[[119.54884782000012,23.235926412000023],[119.54816076200008,23.23503256400005],[119.54626733500004,23.23528974500005],[119.54772931200011,23.23631184000004],[119.54884782000012,23.235926412000023]]],[[[119.550937352,23.242377936000025],[119.5508311430001,23.24187261900005],[119.55063621200009,23.24192296800004],[119.550937352,23.242377936000025]]],[[[119.55063555400012,23.243324904000076],[119.550440137,23.24236387600007],[119.54923824500008,23.242532882000035],[119.54959136700006,23.24315473000007],[119.55063555400012,23.243324904000076]]],[[[119.55139631100008,23.243931774000032],[119.55108423900003,23.24386514200006],[119.55121924800004,23.24416943700004],[119.55139631100008,23.243931774000032]]],[[[119.52018863,23.25017648100004],[119.51957218000008,23.250135628000063],[119.51995847300007,23.25059940500006],[119.52018863,23.25017648100004]]],[[[119.51931718700008,23.250691827000026],[119.51871711,23.25062156900003],[119.5190502800001,23.251011025000025],[119.51931718700008,23.250691827000026]]],[[[119.51642214600008,23.25199946300006],[119.51517085000012,23.251188596000077],[119.51414356900013,23.25160961000006],[119.51563490900004,23.25234068000003],[119.51642214600008,23.25199946300006]]],[[[119.514253273,23.25258225400006],[119.51384111800007,23.25269873800005],[119.51418483700002,23.252894019000053],[119.514253273,23.25258225400006]]],[[[119.61614713200004,23.253721318000032],[119.62139279300004,23.25294212700004],[119.61964007100003,23.248707168000067],[119.62190853000004,23.24653550000005],[119.6218010230001,23.244754740000076],[119.61952047900002,23.24542746000003],[119.61739232800004,23.24385105400006],[119.61531015700008,23.244098523000048],[119.61092087300005,23.246167752000076],[119.60868295400007,23.248914821000028],[119.60873829400008,23.251418201000035],[119.61614713200004,23.253721318000032]]],[[[119.51966634400004,23.25378802800003],[119.51872856300008,23.252319207000028],[119.51782090100004,23.25342614300007],[119.518062718,23.25388362800004],[119.51966634400004,23.25378802800003]]],[[[119.61748672200008,23.255465635000064],[119.61857510200002,23.255048225000053],[119.61735968100004,23.255202005000054],[119.61748672200008,23.255465635000064]]],[[[119.50168431600002,23.258447383000032],[119.50301183400006,23.258005170000047],[119.50200808800004,23.257802946000027],[119.50168431600002,23.258447383000032]]],[[[119.66744455700008,23.261927676000028],[119.679136168,23.263586501000077],[119.68009169800008,23.26018934800004],[119.67854701700004,23.26033147000004],[119.67791509300002,23.256040427000073],[119.67269990600003,23.251276919000077],[119.67424517200004,23.246714650000055],[119.67110024200008,23.243890428000043],[119.66935002200012,23.24772662600003],[119.66711619200008,23.249399906000065],[119.6659688530001,23.248357292000037],[119.6664157140001,23.250339745000076],[119.66457854000008,23.25053941600004],[119.66676541700008,23.252372278000053],[119.66625432100012,23.253322599000057],[119.66652584100008,23.25492428000007],[119.666860519,23.25294979700004],[119.66784450200008,23.25527762200005],[119.6667640710001,23.255295757000056],[119.66542208500005,23.258610953000073],[119.66744455700008,23.261927676000028]]],[[[119.6609389250001,23.264366207000023],[119.66163367700004,23.26292524900003],[119.660034859,23.259963352000057],[119.65672942700007,23.26097728600007],[119.65748164600008,23.263274541000044],[119.6609389250001,23.264366207000023]]],[[[119.51857679500006,23.26527350200007],[119.52180421300012,23.264465896000047],[119.522080189,23.26207875800003],[119.51653545200008,23.257074057000068],[119.51645465400009,23.254810004000035],[119.51395350500002,23.25588602600004],[119.5116783740001,23.25521393200006],[119.5101794950001,23.25571546900005],[119.50920109300012,23.256716480000023],[119.51137163100007,23.255745455000067],[119.51204890400004,23.25683138700003],[119.51003655600005,23.25715850700004],[119.51281705400004,23.257479055000033],[119.51407466800003,23.26231512100003],[119.51857679500006,23.26527350200007]]],[[[119.51192981600002,23.27251042100005],[119.51109636400008,23.27206162800007],[119.510815965,23.272222827000064],[119.51192981600002,23.27251042100005]]],[[[119.50800748800008,23.273223001000076],[119.50847079200004,23.272722585000057],[119.50777023700005,23.27284224500005],[119.50800748800008,23.273223001000076]]],[[[119.50276004400008,23.272709375000034],[119.50894319400004,23.272608176000062],[119.50986402600006,23.27322375500006],[119.511165279,23.266747148000036],[119.50465752900004,23.26849973900005],[119.50276004400008,23.272709375000034]]],[[[119.50176925500011,23.27640363100005],[119.50424664400008,23.275948696000057],[119.50140343500004,23.275537903000043],[119.50176925500011,23.27640363100005]]],[[[119.50120311500008,23.276696661000074],[119.50180458500006,23.276538969000057],[119.50121659400008,23.276380563000032],[119.50120311500008,23.276696661000074]]],[[[119.50035217100005,23.287099875000024],[119.50026831900004,23.286650891000026],[119.5000529990001,23.286990208000077],[119.50035217100005,23.287099875000024]]],[[[119.50143388100004,23.29076943900003],[119.5026004130001,23.290488030000063],[119.50244201100008,23.289061771000036],[119.50093003600011,23.28903048500007],[119.50143388100004,23.29076943900003]]],[[[119.50043133100009,23.290788443000057],[119.5007418670001,23.29083034500007],[119.50101585800007,23.290576627000064],[119.50043133100009,23.290788443000057]]],[[[119.34258418600008,23.305624859000034],[119.34246904300004,23.305164567000077],[119.34234971400008,23.30581275000003],[119.34258418600008,23.305624859000034]]],[[[119.34242802100005,23.30763895000007],[119.34161832000008,23.308103518000053],[119.34183950800002,23.30869451800004],[119.34242802100005,23.30763895000007]]],[[[119.33667426600005,23.32235268100004],[119.33843042,23.318027920000077],[119.33711360700012,23.31711644300003],[119.33521258900008,23.317664594000064],[119.334961119,23.31900838300004],[119.33513235400004,23.32185932300007],[119.33667426600005,23.32235268100004]]],[[[119.32621024400008,23.32430051500006],[119.32608076100009,23.324208225000064],[119.32615410000004,23.324334496000063],[119.32621024400008,23.32430051500006]]],[[[119.32329171800006,23.324049201000037],[119.32522781700004,23.324422209000033],[119.32556264400012,23.323886469000055],[119.32329171800006,23.324049201000037]]],[[[119.32241165100004,23.32429483100003],[119.32295414400004,23.324589454000034],[119.323140662,23.32425946500007],[119.32241165100004,23.32429483100003]]],[[[119.33253327800004,23.324594254000033],[119.33237806800004,23.324479447000044],[119.33244422500002,23.324664428000062],[119.33253327800004,23.324594254000033]]],[[[119.32822686600002,23.32498260400007],[119.32808991900004,23.32496257200006],[119.32817938100004,23.325057204000075],[119.32822686600002,23.32498260400007]]],[[[119.31986167500008,23.32762770900007],[119.32064462000004,23.32624673600003],[119.321933499,23.32419648000007],[119.32295478900004,23.323844457000064],[119.32109842700004,23.323331289000063],[119.32089786600012,23.324686239000073],[119.31956583400006,23.323776904000056],[119.31839775700008,23.32459878000003],[119.31986167500008,23.32762770900007]]],[[[119.55543149300001,23.348775123000053],[119.55507527800012,23.347927562000052],[119.55483818800008,23.34831217900006],[119.55543149300001,23.348775123000053]]],[[[119.46589041900006,23.347834460000055],[119.46469898100008,23.347361662000026],[119.46592445600004,23.348917973000027],[119.46589041900006,23.347834460000055]]],[[[119.54353815000002,23.348920710000073],[119.54333285300004,23.349016239000036],[119.5434766620001,23.349056375000032],[119.54353815000002,23.348920710000073]]],[[[119.53929358800008,23.350495331000047],[119.53882799500002,23.34917854500003],[119.53754378500004,23.34941322700007],[119.53796111200006,23.34998068600004],[119.53929358800008,23.350495331000047]]],[[[119.54159155200011,23.351008885000056],[119.541228971,23.35075729600004],[119.5414752260001,23.351264385000036],[119.54159155200011,23.351008885000056]]],[[[119.51996873900008,23.35144563600005],[119.51973909000004,23.351335779000067],[119.519860332,23.35154758300007],[119.51996873900008,23.35144563600005]]],[[[119.520013661,23.351836037000055],[119.51961913000002,23.351846376000022],[119.51994792800008,23.351987508000036],[119.520013661,23.351836037000055]]],[[[119.46712629600006,23.35192142300008],[119.46971494500008,23.35294762600006],[119.46765935400003,23.350797838000062],[119.46712629600006,23.35192142300008]]],[[[119.46704166300005,23.35402569300004],[119.46688835500004,23.35379814000004],[119.46697694600005,23.354048461000048],[119.46704166300005,23.35402569300004]]],[[[119.46825316200012,23.354970237000032],[119.46815774400012,23.35486667500004],[119.468140059,23.354966061000027],[119.46825316200012,23.354970237000032]]],[[[119.52763038400008,23.35541356300007],[119.52750625100008,23.355170169000075],[119.52723949900007,23.355498407000027],[119.52763038400008,23.35541356300007]]],[[[119.46358597800008,23.355566570000065],[119.46352192600013,23.35446057000007],[119.46336310700008,23.355196996000075],[119.46358597800008,23.355566570000065]]],[[[119.4684314320001,23.355516026000032],[119.46807882000007,23.35554417000003],[119.46813858500002,23.35576523000003],[119.4684314320001,23.355516026000032]]],[[[119.46210932100009,23.355977293000024],[119.4629726500001,23.35497691300003],[119.46065033000002,23.353893377000077],[119.46021162500006,23.354657712000066],[119.46210932100009,23.355977293000024]]],[[[119.51808222300008,23.356678041000063],[119.51750543800006,23.356431620000023],[119.51746501800004,23.35656946200004],[119.51808222300008,23.356678041000063]]],[[[119.48033990600004,23.35673512100004],[119.47981601800008,23.35902585900004],[119.48161212800004,23.356180376000054],[119.48033990600004,23.35673512100004]]],[[[119.53645463300006,23.36333903700006],[119.53793108800004,23.362234561000037],[119.53846708500008,23.36182636600006],[119.53766167700007,23.359930571000064],[119.535573687,23.361276433000057],[119.53645463300006,23.36333903700006]]],[[[119.55328868600007,23.363781592000063],[119.55220895700006,23.363819267000057],[119.55238025500012,23.36525217800005],[119.55261793000012,23.36426255300006],[119.55328868600007,23.363781592000063]]],[[[119.55257347500005,23.366736936000052],[119.55339947700008,23.366686609000055],[119.55198182700008,23.365657678000048],[119.55257347500005,23.366736936000052]]],[[[119.53132879200008,23.37438443600007],[119.53145711900004,23.37398667900004],[119.53120347200002,23.374233608000058],[119.53132879200008,23.37438443600007]]],[[[119.52301532500007,23.375446375000024],[119.52566458400008,23.375031154000055],[119.52704754800004,23.37334466300007],[119.52454407900008,23.373359848000064],[119.52301532500007,23.375446375000024]]],[[[119.53711773300006,23.375272187000064],[119.54082756800004,23.372721975000047],[119.54199925800005,23.36994796500005],[119.54147570600004,23.36755682300003],[119.5432730870001,23.36697267300008],[119.54384446300004,23.364972797000064],[119.53247425000006,23.36690820800004],[119.52592839500004,23.36280813700006],[119.52664837400005,23.35967454400003],[119.52525704200002,23.357265935000044],[119.52391672500003,23.357559386000048],[119.52471590900008,23.35940561700005],[119.52388408000002,23.360609399000055],[119.52130336500012,23.36120721800006],[119.52047284500009,23.359938999000065],[119.51959141100008,23.362384554000073],[119.52051831200004,23.36125046500007],[119.52133495100009,23.36225008400004],[119.51857716000006,23.36409008000004],[119.51958885600004,23.36682508800004],[119.52528254400012,23.366609700000023],[119.52635645400004,23.36764002600006],[119.52543388700008,23.369715514000063],[119.5264910300001,23.36789241400004],[119.52654975900008,23.36944763400004],[119.52765335400012,23.368705713000058],[119.52681114200004,23.370999916000073],[119.52538847000004,23.369979795000063],[119.52710729900002,23.372378251000043],[119.53054879600006,23.371727745000044],[119.53126790400006,23.373833812000044],[119.53300547400012,23.37240116000004],[119.53711773300006,23.375272187000064]]],[[[119.48741394900004,23.378882127000058],[119.4882509040001,23.378288049000048],[119.48738084600008,23.378105645000065],[119.48741394900004,23.378882127000058]]],[[[119.52638038500004,23.379410560000053],[119.52799887300012,23.37936898700008],[119.5296272060001,23.376498711000067],[119.52638038500004,23.379410560000053]]],[[[119.51447419700004,23.384071250000034],[119.5152228500001,23.381617134000063],[119.51273428200012,23.38101351800003],[119.51210584500008,23.382146586000033],[119.51396233300012,23.383883300000036],[119.51286641400009,23.384765066000057],[119.51447419700004,23.384071250000034]]],[[[119.51234216400007,23.395512530000076],[119.51401770200005,23.396100756000067],[119.51407256200002,23.395897400000024],[119.51234216400007,23.395512530000076]]],[[[119.49097324200012,23.396994275000058],[119.49500888000011,23.396972523000045],[119.49523529900011,23.39463528400006],[119.49728050200008,23.39410731000004],[119.49753485500004,23.390582532000053],[119.4990792530001,23.38981909100005],[119.501985267,23.38936957500005],[119.50220289600009,23.391630897000027],[119.50421863300004,23.39173728700007],[119.504792435,23.394873373000053],[119.5062476920001,23.39406273700007],[119.5056221000001,23.39275540700004],[119.50751322700012,23.39224811400004],[119.506785551,23.383385223000065],[119.50862549800001,23.38175835000004],[119.50836595700002,23.37678815000004],[119.51159847100008,23.375721113000058],[119.51246703600007,23.377023115000043],[119.5134071120001,23.376886845000055],[119.50884524500007,23.372942056000056],[119.50862726200012,23.371175137000023],[119.51397631100008,23.37103352400004],[119.514602813,23.374950495000064],[119.51662322700008,23.373496788000068],[119.5147234530001,23.370579573000043],[119.51583325500008,23.37039758000003],[119.51630568900008,23.367842788000075],[119.51168866400008,23.36555301100003],[119.50973676,23.366284031000077],[119.50765388000002,23.36465861600004],[119.50913930100012,23.363276712000072],[119.50951729200006,23.36149205000004],[119.50801840400004,23.363022994000065],[119.50834908500008,23.36061089900005],[119.50942848700004,23.360889583000073],[119.50833087,23.358482124000034],[119.51380747400005,23.35357222500005],[119.51310885200007,23.35247510300007],[119.5082701880001,23.354028241000037],[119.50611870800005,23.353035127000055],[119.50557050400003,23.35499868100004],[119.502991521,23.355729391000068],[119.490730976,23.35303667700003],[119.48629540400007,23.35599432600003],[119.49010343700002,23.35958771600008],[119.48880938900004,23.360190009000064],[119.49464974000011,23.365544578000023],[119.49329743200008,23.370483790000037],[119.49486247400012,23.372700245000033],[119.493798007,23.372760048000032],[119.49475077500006,23.37283153500005],[119.49422213900004,23.373871664000035],[119.49341472900004,23.372194620000073],[119.49354252400008,23.375004829000034],[119.49201556500007,23.37540470600004],[119.49383908900006,23.377988324000057],[119.49166999000012,23.379507690000025],[119.4928148030001,23.381650979000028],[119.492013799,23.381965037000043],[119.49521820400004,23.384688767000057],[119.49595794100004,23.38746089700004],[119.49342924500002,23.388830168000027],[119.492964701,23.392010197000047],[119.48942998700012,23.39469193900004],[119.49097324200012,23.396994275000058]]],[[[119.31972331200008,23.411676742000058],[119.32502982000004,23.40834269000004],[119.32489368100003,23.406934267000057],[119.328864747,23.40711107800007],[119.33069403200012,23.404858707000074],[119.3275718650001,23.40296217300005],[119.32722848900003,23.40034414200005],[119.31960596700004,23.39794885500004],[119.31829468100013,23.398606220000033],[119.31801952500008,23.397586369000063],[119.31674858300003,23.399011205000026],[119.31637656300006,23.39685148300003],[119.31444566700009,23.40274306200007],[119.31748890400002,23.404572294000047],[119.31865409200007,23.41106713100004],[119.31972331200008,23.411676742000058]]],[[[119.53759271200012,23.498073505000036],[119.5437226790001,23.493805933000033],[119.5368711970001,23.49194469100007],[119.52856865300008,23.486595754000064],[119.51726457700012,23.485450753000062],[119.5117280180001,23.48299482100003],[119.50902965500006,23.48505796700005],[119.51037320400008,23.491462574000025],[119.51274682400005,23.490919760000057],[119.514138408,23.48700521400008],[119.51544645100012,23.486490703000072],[119.5166450590001,23.48796538600004],[119.516002232,23.486933588000056],[119.51713289800011,23.486516722000033],[119.5176914220001,23.487268868000054],[119.516462143,23.488367824000026],[119.515942547,23.48826344300005],[119.516582512,23.48855931100007],[119.51813977100004,23.487775311000064],[119.52062231900004,23.489988401000065],[119.52071826400004,23.492216214000052],[119.5256027480001,23.492739355000023],[119.52931198800002,23.495842120000077],[119.5348461320001,23.495895464000057],[119.53759271200012,23.498073505000036]]],[[[119.52051669000002,23.51504675500007],[119.52180524500012,23.514338112000075],[119.52181998600008,23.509692178000023],[119.51960395800006,23.508751447000066],[119.51446244400006,23.509400604000064],[119.51605233600004,23.51464849300004],[119.51910757300004,23.513184526000032],[119.51758499400012,23.51265908600004],[119.51969039900008,23.512220899000056],[119.52086165700008,23.51398233200007],[119.52042530100005,23.514139556000032],[119.520070314,23.513666672000056],[119.51922603500007,23.513662715000063],[119.52051669000002,23.51504675500007]]],[[[119.72398870100004,23.53490382700005],[119.72619351600008,23.53602902600005],[119.72698610200008,23.53434581500005],[119.72398870100004,23.53490382700005]]],[[[119.66130942200004,23.540384784000025],[119.66102935100004,23.539460431000062],[119.65983591200006,23.540050176000022],[119.66130942200004,23.540384784000025]]],[[[119.69690602900005,23.540633506000063],[119.69948256100008,23.538922120000052],[119.69730909500004,23.53836751500006],[119.69690602900005,23.540633506000063]]],[[[119.53285921400004,23.541961428000036],[119.53263280300008,23.538713718000057],[119.530098919,23.541232662000027],[119.53285921400004,23.541961428000036]]],[[[119.66005986500012,23.541812273000065],[119.65902080700003,23.54175573200007],[119.65967689700004,23.542531761000077],[119.66005986500012,23.541812273000065]]],[[[119.66096009000012,23.544709242000067],[119.6600865580001,23.54305148800006],[119.65948728700003,23.54292987300005],[119.65940033900006,23.544336620000024],[119.66096009000012,23.544709242000067]]],[[[119.689921539,23.547567790000073],[119.68944130300008,23.546745960000067],[119.6896926820001,23.547525913000072],[119.689921539,23.547567790000073]]],[[[119.68556265900008,23.549268815000065],[119.68634155700012,23.548017035000044],[119.68519479400004,23.54727036500003],[119.68556265900008,23.549268815000065]]],[[[119.70681115800004,23.554110759000025],[119.70704996100004,23.55412096200007],[119.70688646100008,23.553997546000065],[119.70681115800004,23.554110759000025]]],[[[119.541514505,23.55428659100005],[119.54139162600006,23.55410416600006],[119.54124279700012,23.554237873000034],[119.541514505,23.55428659100005]]],[[[119.70652384100003,23.554816376000076],[119.706475962,23.554563763000033],[119.70628417700004,23.554645900000025],[119.70652384100003,23.554816376000076]]],[[[119.54283169500002,23.55489602600005],[119.54321065000012,23.553407039000035],[119.54137529000002,23.552955177000054],[119.54184650500008,23.554332842000065],[119.54138537000006,23.554968793000057],[119.54283169500002,23.55489602600005]]],[[[119.69685276900007,23.555602673000067],[119.69689529900006,23.55403357700004],[119.69545833800008,23.555453149000073],[119.69685276900007,23.555602673000067]]],[[[119.66068214900008,23.555418920000022],[119.65979556700006,23.555310904000063],[119.65971457,23.556083328000057],[119.66068214900008,23.555418920000022]]],[[[119.706134076,23.556685023000057],[119.70677220700009,23.55667084000004],[119.70610445200008,23.556468446000057],[119.706134076,23.556685023000057]]],[[[119.66287452200004,23.557292434000033],[119.66248890200006,23.55676014900007],[119.66244424,23.55762016400007],[119.66287452200004,23.557292434000033]]],[[[119.6944662090001,23.55782335200007],[119.69604953500004,23.556987806000052],[119.69406892800008,23.557305919000044],[119.6944662090001,23.55782335200007]]],[[[119.7253446950001,23.558718595000073],[119.72504544800006,23.557178187000034],[119.72274691300004,23.55766970900004],[119.72329543900004,23.558676217000027],[119.7253446950001,23.558718595000073]]],[[[119.66290588400012,23.559563775000072],[119.66426049100004,23.557657448000043],[119.664101017,23.55717849800004],[119.66290588400012,23.559563775000072]]],[[[119.66152120000004,23.55947929000007],[119.66223024900012,23.557992116000037],[119.66181381800004,23.55718846700006],[119.660909048,23.558776119000072],[119.66152120000004,23.55947929000007]]],[[[119.66411386000004,23.559667111000067],[119.66541895300008,23.557679422000035],[119.66511068400008,23.556893527000057],[119.66411386000004,23.559667111000067]]],[[[119.68961149900008,23.563095713000052],[119.68916941900012,23.562205990000052],[119.688882497,23.562480411000024],[119.68961149900008,23.563095713000052]]],[[[119.69213464600011,23.563890405000052],[119.69244095600004,23.561478114000067],[119.69091354000012,23.56125524600003],[119.69071348600004,23.563327853000033],[119.69213464600011,23.563890405000052]]],[[[119.69370231000003,23.563903736000043],[119.69381502700004,23.56444050000005],[119.69459461100008,23.564249653000047],[119.69370231000003,23.563903736000043]]],[[[119.54023379400007,23.58050009300007],[119.54023592400006,23.580197587000043],[119.540170761,23.580209100000047],[119.54023379400007,23.58050009300007]]],[[[119.5981567770001,23.587048872000025],[119.59709292600007,23.586055186000067],[119.59616815200002,23.586431214000072],[119.59707519100004,23.58700788600004],[119.5981567770001,23.587048872000025]]],[[[119.48119962500004,23.59447652600005],[119.481070917,23.59343628100004],[119.480653812,23.593746827000075],[119.48119962500004,23.59447652600005]]],[[[119.55170099600002,23.59452142500004],[119.55142091300002,23.594540479000045],[119.55167368600009,23.59487368400005],[119.55170099600002,23.59452142500004]]],[[[119.5890172710001,23.59639343200007],[119.58827066300012,23.594788979000043],[119.58753266600002,23.594909161000032],[119.58761507800013,23.595538671000043],[119.5890172710001,23.59639343200007]]],[[[119.68943347400013,23.598610085000075],[119.69104698300008,23.59788280500004],[119.69043785300003,23.596515272000033],[119.68943347400013,23.598610085000075]]],[[[119.67842898600009,23.598814299000026],[119.67933470300012,23.598277594000024],[119.67791791900004,23.59827249700004],[119.67842898600009,23.598814299000026]]],[[[119.67487070400011,23.59941446700003],[119.67626491200008,23.59943323500005],[119.67520557600004,23.598376864000045],[119.67487070400011,23.59941446700003]]],[[[119.673902859,23.602838638000037],[119.67468714100004,23.602796856000055],[119.67493278000006,23.60245040600006],[119.673902859,23.602838638000037]]],[[[119.67441799100004,23.605312773000037],[119.6771166310001,23.604718621000075],[119.67730002900008,23.60405866000008],[119.67551351000009,23.60373911600004],[119.67644658900008,23.60261764100005],[119.67422429400006,23.60330226800005],[119.67291076800008,23.602000927000063],[119.67355880500008,23.603221631000057],[119.67195605000006,23.604829074000065],[119.67539697800008,23.604482309000048],[119.67441799100004,23.605312773000037]]],[[[119.56431216600004,23.60379026800007],[119.56429040100012,23.606359300000065],[119.56517809600008,23.606852703000072],[119.56580405000012,23.60557949200006],[119.56431216600004,23.60379026800007]]],[[[119.61435490500004,23.607722266000053],[119.6140291160001,23.60687251300004],[119.61387331700008,23.606952136000075],[119.61435490500004,23.607722266000053]]],[[[119.59878862500013,23.60817362000006],[119.59866928800012,23.60772034000007],[119.59834009400004,23.60805570800005],[119.59878862500013,23.60817362000006]]],[[[119.58449176800002,23.611465314000043],[119.58365851500004,23.611809322000056],[119.58439181100005,23.61198941400005],[119.58449176800002,23.611465314000043]]],[[[119.57822766900006,23.61162648800007],[119.57699154300008,23.611233784000035],[119.57774727300011,23.61248158500007],[119.57822766900006,23.61162648800007]]],[[[119.70000716100004,23.61550230400007],[119.70052159700003,23.615150089000053],[119.69994133800004,23.615044350000066],[119.70000716100004,23.61550230400007]]],[[[119.70135584400008,23.61608539900004],[119.700876719,23.616225262000057],[119.70140427400008,23.616209336000058],[119.70135584400008,23.61608539900004]]],[[[119.69873166900004,23.617286874000055],[119.69979734900004,23.615898295000022],[119.69975850800006,23.61567724500003],[119.69763720900004,23.616077319000055],[119.69873166900004,23.617286874000055]]],[[[119.70168961800005,23.617289337000045],[119.70286369400004,23.616651959000023],[119.701668573,23.616673166000055],[119.70168961800005,23.617289337000045]]],[[[119.69800002000012,23.619184115000053],[119.69845363900004,23.618274605000067],[119.69821751800008,23.617925770000056],[119.69758801600004,23.618411682000044],[119.69800002000012,23.619184115000053]]],[[[119.69419418400004,23.61979036200006],[119.69394590700006,23.619748581000067],[119.69418804200006,23.61996195200004],[119.69419418400004,23.61979036200006]]],[[[119.6964103680001,23.620351553000035],[119.69624658700002,23.619261969000036],[119.69530519000013,23.61891177800004],[119.69526351800005,23.61948760100006],[119.6964103680001,23.620351553000035]]],[[[119.699835322,23.620336148000035],[119.70125875000008,23.619647995000037],[119.69980361000012,23.617020188000023],[119.69860408600005,23.61846354900007],[119.699835322,23.620336148000035]]],[[[119.57082752800012,23.61774216500004],[119.56993077600008,23.616521937000073],[119.56813344200008,23.616589479000027],[119.56979084000012,23.61666692600005],[119.56982745500012,23.61734401900003],[119.56801432300006,23.61758543800005],[119.56772541100008,23.616561626000077],[119.56518644200004,23.619216596000054],[119.56776872100012,23.620356198000025],[119.56751632500004,23.62205018800006],[119.5686012540001,23.62266023500007],[119.57082752800012,23.61774216500004]]],[[[119.69293068800005,23.62294733100003],[119.69280756600006,23.62294562200003],[119.692924059,23.62302636800007],[119.69293068800005,23.62294733100003]]],[[[119.52963566300002,23.622979174000022],[119.53039781300004,23.62440777300003],[119.53122752500008,23.623201761000075],[119.52963566300002,23.622979174000022]]],[[[119.70904056000006,23.626854337000054],[119.70985974000008,23.626900255000063],[119.70928745400012,23.62640850300005],[119.70904056000006,23.626854337000054]]],[[[119.68608045400003,23.627761177000025],[119.68708682500004,23.626117860000026],[119.68561632700003,23.626264322000058],[119.68535721100012,23.624789131000057],[119.683853182,23.625317223000025],[119.68335132800009,23.62692895300006],[119.68423426900006,23.626103373000035],[119.68425534100004,23.62732904400008],[119.68608045400003,23.627761177000025]]],[[[119.55767724900012,23.62852856200004],[119.55733639500012,23.62824535200008],[119.557310668,23.62860663300006],[119.55767724900012,23.62852856200004]]],[[[119.55884439100008,23.629598892000047],[119.55918201400004,23.629985951000037],[119.55936556000006,23.629718913000033],[119.55884439100008,23.629598892000047]]],[[[119.61753459200008,23.63029295700005],[119.61732842400012,23.63008609600007],[119.61733697000012,23.630406614000037],[119.61753459200008,23.63029295700005]]],[[[119.55402272700007,23.63140859500004],[119.55429585900004,23.630883895000068],[119.55338332500004,23.631214483000065],[119.55402272700007,23.63140859500004]]],[[[119.65990781000004,23.631649053000046],[119.66216646100008,23.629862854000063],[119.662122199,23.62903909000005],[119.65857302100004,23.630228042000056],[119.65990781000004,23.631649053000046]]],[[[119.60842605300002,23.637430821000063],[119.60803910800009,23.63747522900007],[119.60803408800008,23.637714535000043],[119.60842605300002,23.637430821000063]]],[[[119.60502195700008,23.638967910000076],[119.60526234600002,23.638890219000075],[119.60480612800006,23.638858139000035],[119.60502195700008,23.638967910000076]]],[[[119.54700435300003,23.640002734000063],[119.54662634800002,23.63896339300004],[119.54669983800012,23.640062503000024],[119.54700435300003,23.640002734000063]]],[[[119.58833029900006,23.640689031000026],[119.5879610930001,23.639493988000027],[119.58725450100007,23.639566641000044],[119.58734840000012,23.640774012000065],[119.58833029900006,23.640689031000026]]],[[[119.5393550770001,23.640628123000056],[119.5388356630001,23.64079470400003],[119.5390608570001,23.640960977000077],[119.5393550770001,23.640628123000056]]],[[[119.63102446000003,23.641010304000076],[119.63167276900003,23.64086225700004],[119.63125382200008,23.640794541000048],[119.63102446000003,23.641010304000076]]],[[[119.6299156550001,23.64065793000003],[119.63067401900004,23.641051107000067],[119.63073839900004,23.64084064000008],[119.6299156550001,23.64065793000003]]],[[[119.69656865900004,23.64124524000005],[119.69579360700004,23.641104245000065],[119.69638343600002,23.64201358300005],[119.69656865900004,23.64124524000005]]],[[[119.52951183500012,23.64191889700004],[119.52907868000013,23.641904822000072],[119.52928631100008,23.642128849000073],[119.52951183500012,23.64191889700004]]],[[[119.63034874800007,23.642382112000064],[119.63043893200006,23.642168496000068],[119.63036755700011,23.642159425000045],[119.63034874800007,23.642382112000064]]],[[[119.53863431000002,23.642425242000055],[119.53920457200002,23.64150225800006],[119.53822331800006,23.64183521800004],[119.53863431000002,23.642425242000055]]],[[[119.53877751200002,23.643977837000023],[119.53872223200005,23.643185682000023],[119.53791778600008,23.64369184800006],[119.53877751200002,23.643977837000023]]],[[[119.53125889700004,23.644932578000063],[119.5319330100001,23.643651845000026],[119.53086280200012,23.643830652000076],[119.53125889700004,23.644932578000063]]],[[[119.54402840600004,23.64629001900005],[119.54326362900008,23.64633543000008],[119.54350293800007,23.647178934000067],[119.54402840600004,23.64629001900005]]],[[[119.52505034,23.64727751500004],[119.52399063300004,23.646694016000023],[119.52449456200009,23.64774760700004],[119.52505034,23.64727751500004]]],[[[119.54420745500012,23.64801841900004],[119.54363564300002,23.647665922000044],[119.54354153600002,23.648106334000033],[119.54420745500012,23.64801841900004]]],[[[119.58113697800002,23.648933079000074],[119.58187234500008,23.648359200000073],[119.58110261900003,23.648851940000043],[119.58113697800002,23.648933079000074]]],[[[119.54537203700012,23.648936629000048],[119.54502794700012,23.648913010000054],[119.54532148300008,23.649155777000033],[119.54537203700012,23.648936629000048]]],[[[119.52369978900003,23.64894209700003],[119.52291584600005,23.64914393400005],[119.52374583500011,23.64927153900004],[119.52369978900003,23.64894209700003]]],[[[119.54448864700008,23.648571779000065],[119.54382718300008,23.649506424000037],[119.544682469,23.65011066200003],[119.54495735000012,23.64939634900003],[119.54448864700008,23.648571779000065]]],[[[119.52376182800003,23.64958986600004],[119.52464470100006,23.65006918100005],[119.52443628100002,23.649587349000058],[119.52376182800003,23.64958986600004]]],[[[119.54560886600008,23.650427954000065],[119.54497151400004,23.649859070000048],[119.54532888800009,23.65050117800007],[119.54560886600008,23.650427954000065]]],[[[119.5284866720001,23.651332488000037],[119.5283076820001,23.651209429000065],[119.52841018600007,23.651389282000025],[119.5284866720001,23.651332488000037]]],[[[119.63231146100009,23.65140340300007],[119.63687010400008,23.65045695200007],[119.63608956000007,23.64765872000004],[119.63415315900012,23.64665985000005],[119.63397464700006,23.642922319000036],[119.6331055280001,23.646519657000056],[119.63065929400013,23.644651466000028],[119.63154854000004,23.64574720300004],[119.62963463900007,23.64617260700004],[119.62966922100009,23.64629436500007],[119.63162280100003,23.645839454000058],[119.63180028600004,23.647653683000044],[119.63009902400006,23.64726556100004],[119.62988387100006,23.64666370900005],[119.62954840000008,23.64677794100004],[119.63003133000008,23.647457716000076],[119.63162956100008,23.647758219000025],[119.63231146100009,23.65140340300007]]],[[[119.52707929700011,23.651975040000025],[119.52678454700003,23.651994810000076],[119.52680555900008,23.652083223000034],[119.52707929700011,23.651975040000025]]],[[[119.54751907600009,23.652272303000075],[119.54738900400002,23.652153119000047],[119.54740140100012,23.65226143200005],[119.54751907600009,23.652272303000075]]],[[[119.52637103200004,23.65233736500005],[119.52578908700002,23.652387775000022],[119.52635641300004,23.65243774700008],[119.52637103200004,23.65233736500005]]],[[[119.54972416700002,23.65312231200005],[119.54940435800006,23.653121190000036],[119.54938952000008,23.653236373000027],[119.54972416700002,23.65312231200005]]],[[[119.52792108100004,23.65331223100003],[119.52776545100004,23.65324670900003],[119.52775684300002,23.653334812000026],[119.52792108100004,23.65331223100003]]],[[[119.52634673300008,23.653372837000063],[119.52624768100009,23.653260325000076],[119.52628723900013,23.65343909400008],[119.52634673300008,23.653372837000063]]],[[[119.52654164600006,23.65354832500003],[119.526460885,23.653526579000072],[119.52649397100004,23.65358151600003],[119.52654164600006,23.65354832500003]]],[[[119.54894990300012,23.65359460600007],[119.54927268000006,23.653351917000062],[119.54882620900004,23.65353635100007],[119.54894990300012,23.65359460600007]]],[[[119.52580706800006,23.653581055000075],[119.525913929,23.65332097700008],[119.52575200800004,23.653373728000076],[119.52580706800006,23.653581055000075]]],[[[119.52754897500006,23.653654897000024],[119.52717207300007,23.653546084000027],[119.52753724500008,23.653709981000077],[119.52754897500006,23.653654897000024]]],[[[119.527244794,23.653799052000068],[119.52717585300002,23.653744242000073],[119.52720306300012,23.65382396600006],[119.527244794,23.653799052000068]]],[[[119.52709859000004,23.653849093000076],[119.52701486500008,23.653832863000048],[119.52704812900004,23.653931835000037],[119.52709859000004,23.653849093000076]]],[[[119.52742501800005,23.654004868000072],[119.52732312700005,23.653961175000063],[119.52734757500002,23.654065681000077],[119.52742501800005,23.654004868000072]]],[[[119.52687505500012,23.65398746900007],[119.5267856480001,23.654012544000068],[119.52688147800006,23.654067265000037],[119.52687505500012,23.65398746900007]]],[[[119.54930704500008,23.65410126300003],[119.54898651800012,23.653854081000077],[119.54897149400006,23.653998611000077],[119.54930704500008,23.65410126300003]]],[[[119.54749120800012,23.65389775500006],[119.548866147,23.65378452800007],[119.54774305500008,23.653318960000036],[119.54749120800012,23.65389775500006]]],[[[119.52561376500012,23.65423816300006],[119.52521882700012,23.65398741500007],[119.52550115800013,23.65445373800003],[119.52561376500012,23.65423816300006]]],[[[119.52508550400012,23.65721551200005],[119.52726777700002,23.65699461400004],[119.52687278700012,23.65482580500003],[119.52488973600008,23.65608201300006],[119.52508550400012,23.65721551200005]]],[[[119.639721419,23.660249105000048],[119.64215759100011,23.660408337000035],[119.64542695700004,23.659995198000047],[119.63932891500008,23.659286816000076],[119.638245417,23.658090345000065],[119.639721419,23.660249105000048]]],[[[119.54828769800008,23.66376441900007],[119.54896902400004,23.663617531000057],[119.549133621,23.66297809600007],[119.54828769800008,23.66376441900007]]],[[[119.554960133,23.66909073900007],[119.55462531,23.668879740000023],[119.55465798900002,23.66907376300003],[119.554960133,23.66909073900007]]],[[[119.55447333300005,23.669530424000072],[119.55419898700006,23.669276318000072],[119.55440063900004,23.669582605000073],[119.55447333300005,23.669530424000072]]],[[[119.66431817300008,23.66956800400004],[119.66736320300004,23.668627137000044],[119.66572120800004,23.666889232000074],[119.66528259400002,23.663455362000036],[119.66643937300012,23.662068869000052],[119.665682564,23.66046711300004],[119.66768592900009,23.660510419000047],[119.66418427700012,23.658710514000063],[119.661739613,23.658504255000025],[119.65989456900002,23.658749145000055],[119.65746178100004,23.659508936000066],[119.657300254,23.659123606000037],[119.65408167700002,23.656803078000053],[119.65713934400004,23.65972024100006],[119.65922250300002,23.659061266000037],[119.65845535100004,23.66094042100008],[119.65671904700002,23.659719764000045],[119.65570372600008,23.66092499900003],[119.65565926200009,23.659256972000037],[119.654748938,23.66050916000006],[119.65755578900009,23.662565049000023],[119.66183768100008,23.663503966000064],[119.66431817300008,23.66956800400004]]],[[[119.612291883,23.67105542200005],[119.6122239980001,23.670622268000045],[119.61208146500007,23.671133006000048],[119.612291883,23.67105542200005]]],[[[119.6424880400001,23.67380009200008],[119.64334127800008,23.673611445000063],[119.64244749800002,23.673466165000036],[119.6424880400001,23.67380009200008]]],[[[119.64465136100011,23.675743751000027],[119.64386716800004,23.67514428800007],[119.64360115700003,23.675441113000034],[119.64465136100011,23.675743751000027]]],[[[119.61781084300004,23.67583954400004],[119.61949169000002,23.673512224000035],[119.61839246200007,23.67299741200003],[119.61679768700004,23.669051051000057],[119.61421295500008,23.665248546000043],[119.61649372700003,23.668648183000073],[119.61847324300004,23.673301838000043],[119.61650085500004,23.67324197300007],[119.61590436900008,23.668533138000043],[119.61623558000008,23.67403537800004],[119.61781084300004,23.67583954400004]]],[[[119.67100218200004,23.676139818000024],[119.67271689800008,23.674452882000026],[119.66859082100008,23.673452663000035],[119.6696293980001,23.675073499000064],[119.67100218200004,23.676139818000024]]],[[[119.55623387800006,23.676610165000056],[119.5568630680001,23.67542501400004],[119.55634167000004,23.673406493000073],[119.55407383800002,23.67550274100006],[119.55623387800006,23.676610165000056]]],[[[119.58229908200008,23.677518940000027],[119.58746472400004,23.67291910800003],[119.590896799,23.67177054700005],[119.59455922800008,23.671788117000062],[119.59678301000008,23.674411750000047],[119.59987261700007,23.673763206000046],[119.60002117500004,23.671173311000075],[119.60548671000004,23.668253555000035],[119.60358358100008,23.66890206100004],[119.60331674100009,23.667957224000077],[119.60510172200009,23.667200827000045],[119.60326284000008,23.667691053000055],[119.60299516200008,23.66682974300005],[119.60420047000002,23.666933431000075],[119.60381682000002,23.665842337000072],[119.60288887900003,23.666498314000023],[119.602913875,23.664475603000028],[119.60457588800011,23.666365365000047],[119.60406796300003,23.664035455000032],[119.60701639300008,23.662893030000077],[119.6098360960001,23.663586300000077],[119.606384573,23.659473283000068],[119.60943689700002,23.654653088000032],[119.6136101190001,23.652914249000048],[119.6117043480001,23.651763733000053],[119.61198226800002,23.65007184800004],[119.61021947600013,23.64810131200005],[119.61108582800011,23.647398106000026],[119.60913123000012,23.64884601800003],[119.60972941900002,23.649234197000055],[119.60898599200004,23.649365790000047],[119.60865840300004,23.648540868000055],[119.609642505,23.64779657500003],[119.60374765900008,23.649490110000045],[119.60075515100004,23.64805926200006],[119.60241435600004,23.647237908000022],[119.60088665800004,23.647679511000035],[119.60019654300004,23.645201322000048],[119.60243906100004,23.641736559000037],[119.60174525500008,23.64253160000004],[119.59761833700009,23.64122246100004],[119.59739817000002,23.639611495000057],[119.60085288000003,23.63517357700005],[119.60274246900008,23.63741465100003],[119.60172946500006,23.637996489000045],[119.60302603800004,23.63740226100003],[119.60076233400002,23.63479467700006],[119.60252097300008,23.63364559300004],[119.60467186500011,23.63408871300004],[119.60686603500004,23.63661297600004],[119.6090020260001,23.635209514000053],[119.61035189100004,23.635691807000057],[119.60953873700008,23.632649744000048],[119.60417736500006,23.631648098000028],[119.60233735400004,23.628519677000043],[119.60471338400008,23.62511977300005],[119.60603126800004,23.62080970100004],[119.60717121500012,23.62235610500005],[119.61348368900008,23.62006707100005],[119.61373975200001,23.614036456000065],[119.609878008,23.61056842800008],[119.61250933300003,23.60679949100006],[119.61321609000004,23.60198845900004],[119.61465940900008,23.60294893200006],[119.61377700100002,23.60382151000005],[119.61477088600007,23.60308393500003],[119.6136333390001,23.604205834000027],[119.617101208,23.60369324000004],[119.61564401400004,23.60357259600005],[119.61682266500009,23.60103061700005],[119.62087775200008,23.602145441000065],[119.62174464800012,23.603126203000045],[119.61950429100013,23.606877905000033],[119.62292059600009,23.607234480000045],[119.62529198000004,23.608985741000023],[119.62657481000008,23.608292065000057],[119.62425728200004,23.607761869000058],[119.62615025900004,23.60690998900003],[119.62731930900009,23.607600554000044],[119.62635361800004,23.60814171000004],[119.62759601700007,23.607705535000036],[119.62737406200006,23.607266237000033],[119.62886615900004,23.60673197400007],[119.63094215300008,23.60740529400005],[119.6302918,23.605493657000068],[119.63208471100006,23.604350900000043],[119.63083190800012,23.60490679800006],[119.63087066100002,23.603917898000077],[119.628855788,23.60365743500006],[119.6303062400001,23.60294047600007],[119.631540136,23.60400321700007],[119.63034005400004,23.602775549000057],[119.62795178700004,23.60396358400004],[119.6273613730001,23.601121644000045],[119.625114531,23.60042639100004],[119.62789159300009,23.595688190000033],[119.62462950600002,23.592723834000022],[119.62393965100011,23.587087535000023],[119.62734717900004,23.583834400000057],[119.62426583400008,23.58037938500007],[119.62882240500004,23.58026395400003],[119.63180604900003,23.58311201300006],[119.63435763700012,23.590831045000073],[119.63361401100008,23.592825121000033],[119.63233397500004,23.592785193000054],[119.63197287000004,23.593400678000023],[119.633313218,23.59299113900005],[119.6331489160001,23.593973782000035],[119.63169099000004,23.593936832000058],[119.63698211400003,23.597350995000056],[119.63737765900008,23.598988250000048],[119.64138931500008,23.59864666900006],[119.63999637100004,23.59825511100007],[119.64138827600004,23.59647956200007],[119.6401537160001,23.593890895000072],[119.63771407600008,23.59155322400005],[119.64136217100008,23.588836066000056],[119.63961521700004,23.58739625800007],[119.6405417740001,23.58659331000007],[119.64100893500006,23.58784425600004],[119.64366695,23.58768881400005],[119.64461991000007,23.589165739000062],[119.64185388500005,23.59034877000005],[119.64278902900004,23.59332243800003],[119.64349877000008,23.594831962000058],[119.64460643200005,23.594682899000077],[119.64568152900006,23.59476196100007],[119.64787672900002,23.593858900000043],[119.64843974700013,23.59391073000006],[119.64587616300004,23.594804043000067],[119.64359959900004,23.59510243400007],[119.64687391600012,23.596781888000063],[119.64687802600008,23.601928735000055],[119.64813690500011,23.602630050000073],[119.6464589950001,23.602648333000047],[119.65008278300002,23.603800275000022],[119.6508253400001,23.607585073000052],[119.64760579500012,23.606090601000066],[119.64655423700005,23.60677220400004],[119.65108211200004,23.60985043000005],[119.65483551400008,23.608875242000067],[119.65718106000008,23.60646345600003],[119.65742833000002,23.603855115000044],[119.65441532300008,23.600474980000055],[119.65533224400008,23.598536524000053],[119.65533242400012,23.600051233000045],[119.6564659390001,23.598324052000063],[119.66237392200004,23.59636886900006],[119.66276763700012,23.59477572000003],[119.66612577300008,23.595481448000044],[119.66243376600004,23.59438435900006],[119.66200557500008,23.595758686000067],[119.66013908800004,23.595337735000044],[119.66211293600009,23.59439475800008],[119.65965475500002,23.59375735900005],[119.66020892900008,23.591612731000055],[119.66379170000005,23.59054999700004],[119.66800629600004,23.591231700000037],[119.66916169900004,23.594892755000046],[119.66683474,23.595812498000043],[119.66987293200008,23.596573714000044],[119.66849832300012,23.596791834000044],[119.6695310020001,23.597193718000028],[119.66837667600008,23.598042961000033],[119.66773721100004,23.59686734400003],[119.66804743000012,23.598267859000032],[119.66922828500005,23.599206371000037],[119.66814660200008,23.600678342000037],[119.66928480700004,23.601716362000047],[119.6721601160001,23.60106961300005],[119.67206622900004,23.59790739500005],[119.67590864800002,23.59378450300005],[119.6804053730001,23.585428276000073],[119.682648168,23.583915010000055],[119.68115961800004,23.57993044400007],[119.68260241300004,23.576407070000073],[119.68172168700004,23.578201061000073],[119.68083181100008,23.578279456000075],[119.6816181160001,23.57752880700008],[119.68073342200012,23.576708731000053],[119.682018609,23.57658796800007],[119.67998355600004,23.57466002600006],[119.68307073700008,23.57005263600007],[119.68311432700013,23.56563692000003],[119.68702243700012,23.562041667000074],[119.694345429,23.56034994500004],[119.69273218,23.55852636700007],[119.695984833,23.55382996900005],[119.69358196400005,23.555156771000043],[119.68829023400008,23.55468814100004],[119.68511473800004,23.55272464500007],[119.68231994400004,23.55345477900005],[119.67791527800011,23.551365588000067],[119.67542518500012,23.55236742100004],[119.674412812,23.557855107000023],[119.67192042500004,23.558071339000037],[119.67502617700006,23.55808269800008],[119.67586261300004,23.55644017700007],[119.6769855770001,23.55689581200005],[119.67665689600004,23.558044014000075],[119.67570270100008,23.557312238000065],[119.67607200300006,23.559730612000067],[119.67479106200004,23.560291507000045],[119.67458987700002,23.558840838000037],[119.67437893600004,23.56027072200004],[119.67292474200008,23.560292832000073],[119.67191710200008,23.559403246000045],[119.67195861300002,23.561423483000056],[119.669361621,23.561008040000047],[119.66924977700012,23.562071778000075],[119.66751669000008,23.561185289000036],[119.6696629490001,23.560790027000053],[119.66811743100004,23.56091407100007],[119.66815018600003,23.558071810000055],[119.6709262490001,23.556994331000055],[119.66954410700008,23.556429168000022],[119.6669378470001,23.558702332000053],[119.66658895800003,23.561383414000034],[119.66252694500008,23.56010954100003],[119.65393737300008,23.560800597000025],[119.64403331100004,23.559557470000072],[119.63875577200008,23.554303633000075],[119.63870022300011,23.55281621300003],[119.64095076500008,23.55171660600007],[119.63777343600007,23.55289],[119.63467928300008,23.55118927800004],[119.63504660100013,23.546731601000033],[119.63197918000004,23.546039784000072],[119.63140019600009,23.54772844100006],[119.62914148600008,23.54762924300007],[119.62490214900004,23.544808741000057],[119.62550063700009,23.54431647000007],[119.62544035200006,23.542765850000023],[119.62479866600006,23.542470447000028],[119.62524954800006,23.544292648000063],[119.62406425000006,23.544640539000056],[119.62491374400008,23.543052405000022],[119.62363106100008,23.543840884000076],[119.62086720000002,23.54206855800004],[119.62146274400004,23.538081805000047],[119.61682309900004,23.53890391600004],[119.61428507900008,23.53800646900004],[119.61233421400004,23.536007305000055],[119.61169558300004,23.532716225000055],[119.6107012120001,23.533106157000077],[119.6091673950001,23.52999690100006],[119.60557283500007,23.528624857000068],[119.60505651000004,23.52774420000003],[119.60664327900008,23.526473854000074],[119.60706808300006,23.52528026500005],[119.60547352900004,23.52711952200008],[119.60472647900008,23.52604110300007],[119.60567507700011,23.52548660000008],[119.604457657,23.525141421000058],[119.60596126700013,23.524763103000055],[119.60515203800004,23.52400548600008],[119.60643187200004,23.52214489000005],[119.61073017500009,23.522866273000034],[119.61177051000004,23.521844075000047],[119.610827631,23.519779957000026],[119.61161370000002,23.518835513000056],[119.605558437,23.516513693000036],[119.60793847900004,23.512565167000048],[119.60800082600008,23.50901620600007],[119.60626433900006,23.50781298000004],[119.59872659500002,23.511790421000057],[119.59756214800008,23.510268852000024],[119.59832204500005,23.511785203000045],[119.596785833,23.51223581000005],[119.59782288300003,23.51420710600007],[119.59599805500012,23.512340409000046],[119.59706014100004,23.51063648300004],[119.59551777600008,23.51250703900007],[119.59022330800008,23.51282967700007],[119.5842969580001,23.509203971000034],[119.57887687000004,23.50946575100005],[119.57570228600002,23.50737130500005],[119.57284737500004,23.50806583800005],[119.57070292000004,23.512234208000052],[119.57402853000008,23.51753153500005],[119.57217221800012,23.522470914000053],[119.567437132,23.525822497000036],[119.56453853000004,23.526275500000057],[119.56094434700005,23.524001686000076],[119.55698641200001,23.52346508200003],[119.55353563000006,23.52827676000004],[119.55436910000005,23.530059445000063],[119.55341106600008,23.532002014000057],[119.54829877400005,23.53404279700004],[119.55020972000013,23.53690301100005],[119.54946922800002,23.539005058000043],[119.54770263500006,23.53952147700005],[119.54391074300008,23.537198328000045],[119.54126579400008,23.538769718000022],[119.54145266100012,23.541128111000035],[119.54046513500008,23.54116540600006],[119.54023873600012,23.541486750000047],[119.54145713600008,23.541324494000037],[119.54040350800004,23.541962501000057],[119.54250078900009,23.545492627000044],[119.54233424900008,23.548245042000076],[119.54334942600008,23.54628428600006],[119.54503774500006,23.54620613700007],[119.54683486200008,23.54890199700003],[119.54755290700008,23.553405354000063],[119.54878463900002,23.553996980000026],[119.5479434560001,23.551033647000057],[119.55186149400004,23.548414690000072],[119.54977915400002,23.54066995900007],[119.55063479600004,23.540127402000053],[119.55137619600008,23.54272310700003],[119.55104465200009,23.540649680000055],[119.55694476100008,23.537545003000048],[119.55632855700004,23.53533716000004],[119.55727598200008,23.53392963500005],[119.55457739000008,23.531415438000067],[119.55503054400003,23.52891481100005],[119.55744114600007,23.526725486000032],[119.56113024100011,23.526770922000026],[119.559782852,23.528374058000058],[119.56085523900003,23.530830834000028],[119.56290166500004,23.529306433000045],[119.56462753000004,23.529832947000045],[119.5660756960001,23.53160883200007],[119.56443236900007,23.533569761000024],[119.56552341100009,23.53471033200003],[119.56777588800004,23.531212100000065],[119.57187987800012,23.53198494000003],[119.57349616500004,23.52911653200005],[119.57204270900002,23.530013576000044],[119.57273189300008,23.52888231000003],[119.57121416000008,23.529000756000073],[119.57213492500011,23.527496163000023],[119.57332247700003,23.527740118000057],[119.57288437200008,23.52868760800004],[119.57446283900003,23.527828473000056],[119.57145250000008,23.52524345800003],[119.57457107900008,23.519642520000048],[119.57973855800005,23.523095338000076],[119.57835548600008,23.523617441000056],[119.58034158400004,23.523691319000022],[119.57992045900004,23.525776523000047],[119.58133055500002,23.526247590000025],[119.58100086400007,23.528244417000053],[119.57977931500012,23.527366303000065],[119.58048148900002,23.53144066300007],[119.582727534,23.532698707000065],[119.58511731700004,23.531983156000024],[119.58640847200002,23.529145181000047],[119.58814914200002,23.53002579400004],[119.58766642100012,23.531449819000045],[119.590521587,23.53078886000003],[119.5907512230001,23.532183100000054],[119.59254749700006,23.527902898000036],[119.59589452200008,23.526526626000077],[119.59978189500008,23.531087596000077],[119.59938050100004,23.532333004000066],[119.59566475600002,23.53252333100005],[119.59724156200002,23.532808510000052],[119.59513548200005,23.538211844000045],[119.5962903190001,23.539453528000024],[119.59940339000002,23.538403152000058],[119.60045463200004,23.540144087000044],[119.6031314280001,23.540343665000023],[119.60011493500008,23.54534651700004],[119.60410572700005,23.548344731000043],[119.60225300800003,23.547868830000027],[119.59957076900002,23.550281108000036],[119.59440219200008,23.548431805000064],[119.59541735000003,23.55024289800008],[119.59349757500001,23.54989808100004],[119.59144995600002,23.551282925000063],[119.59281445800002,23.55120774600005],[119.59213973400006,23.552754408000055],[119.59102040500012,23.552490032000037],[119.59149636800008,23.55153106700004],[119.59108149600002,23.54979215800006],[119.59104757700004,23.55226870100006],[119.58849697300002,23.550007390000076],[119.58878168600006,23.551394638000033],[119.587497664,23.551948055000025],[119.58700667800008,23.55090922900007],[119.58804991400008,23.550449282000045],[119.58662279400004,23.54965554000006],[119.5837396180001,23.548366104000024],[119.58133592900003,23.54974763100006],[119.57443547600008,23.547321675000035],[119.573270997,23.54530555400004],[119.5723319650001,23.549128608000046],[119.56864857200004,23.548415211000076],[119.56905276200008,23.55130100900004],[119.56815494200008,23.549859523000062],[119.56606564000003,23.550009354000053],[119.56478410000013,23.54779493800004],[119.56506550400002,23.549184505000028],[119.56301638500008,23.54985787800007],[119.56226209300009,23.54860997700007],[119.56294318200004,23.55142932900003],[119.56527759500013,23.551615008000056],[119.5655557020001,23.552659197000025],[119.56199342200011,23.55251859500004],[119.56104881700004,23.554826862000027],[119.56250678100004,23.555480773000056],[119.56188640100004,23.55694132700006],[119.56290752600012,23.55772548600004],[119.56753340900002,23.55481237400005],[119.5683190740001,23.55279812000003],[119.57571862200008,23.55486582900005],[119.5721052780001,23.558430118000047],[119.5737348990001,23.55925937200004],[119.57629088400006,23.557012797000027],[119.57745021200004,23.558654174000026],[119.574203914,23.559907787000043],[119.57514962500012,23.561136859000044],[119.57235619900008,23.56314726000005],[119.57342892200006,23.563592541000048],[119.57683401800011,23.560545942000033],[119.5781965970001,23.561895350000043],[119.5766058590001,23.56374784700006],[119.5784434090001,23.562194671000043],[119.57843943500006,23.563524321000045],[119.57954548000008,23.563396042000026],[119.57683309700008,23.565803535000043],[119.57482964100008,23.565194674000058],[119.57609499400009,23.566424813000022],[119.57430108100004,23.567968766000035],[119.57187480900006,23.56515815700004],[119.57027065700004,23.56662913100007],[119.57033400000012,23.56520444900008],[119.56947895300004,23.565902875000063],[119.57015103800006,23.564304399000036],[119.57129717400004,23.565090300000065],[119.56823747800001,23.56209233000004],[119.56976886200005,23.563987499000064],[119.569004016,23.56466076000004],[119.56457108300005,23.561500686000045],[119.564780852,23.562667025000053],[119.56155168500004,23.56260422500003],[119.56124500500005,23.561533043000058],[119.55972309100002,23.562057743000025],[119.56097931200009,23.561175066000033],[119.55963990700002,23.561859387000027],[119.55817637700012,23.56069754300006],[119.555734529,23.563248182000052],[119.55975918800004,23.564150270000027],[119.55994177500008,23.57035694500007],[119.56741771600002,23.574944723000044],[119.56167216200004,23.585060893000048],[119.57071333600004,23.58578643800007],[119.56995646000009,23.585213573000033],[119.57178789400008,23.584845649000044],[119.57110585200007,23.585929470000053],[119.57214626500001,23.58572924200007],[119.57190239600004,23.58463302800004],[119.57249508700012,23.585680551000053],[119.5746901980001,23.584950062000075],[119.57709545500006,23.58627979700003],[119.57627499900002,23.587490572000036],[119.58180064900012,23.59008857700007],[119.58263104300012,23.59176047400007],[119.58184827900004,23.593668679000075],[119.58336676600004,23.59424539500003],[119.58435073300008,23.593733771000075],[119.58286167600012,23.590876953000077],[119.58440637900004,23.589428648000023],[119.58333350400004,23.589353673000065],[119.58618697600002,23.587812386000053],[119.58240383300006,23.583013780000044],[119.58327755000003,23.58140320800004],[119.5855989370001,23.58080076600004],[119.58571490300004,23.58023371300004],[119.58321901600004,23.58118219800008],[119.58553639900003,23.58009216800008],[119.58297453600004,23.580451707000066],[119.58273965300008,23.579813733000037],[119.58663693500012,23.578279811000073],[119.58848133600009,23.580783103000044],[119.58906070300009,23.579848587000072],[119.58560444300008,23.576037558000053],[119.58555304000004,23.573559087000035],[119.58702698400008,23.57118999200003],[119.58986786600008,23.572276351000028],[119.59110547500006,23.574508769000033],[119.5941177740001,23.57481784400005],[119.59393060900004,23.570441388000063],[119.59727860700002,23.568986058000064],[119.59784534200004,23.574880312000065],[119.60213183200005,23.57706925900004],[119.5998635740001,23.576793606000024],[119.59873145300004,23.576998880000076],[119.59863111000004,23.577419146000068],[119.59779098900005,23.57740883500003],[119.597485483,23.57694272300006],[119.59774396600004,23.577503828000033],[119.59871546500005,23.57752266400007],[119.599384557,23.576951215000065],[119.59834268500003,23.578221642000074],[119.59936917700009,23.57834861700007],[119.59805266300008,23.578739708000057],[119.59971763800002,23.580582118000052],[119.59842870400009,23.582803874000035],[119.6006699300001,23.58471402500004],[119.60726868000006,23.585979588000043],[119.60613172900004,23.586945698000022],[119.60758507800006,23.59299218600006],[119.6061247020001,23.593955036000068],[119.6077074530001,23.593705052000075],[119.60573875700004,23.594256778000045],[119.6066255180001,23.59600507300007],[119.60453354900004,23.59612158300007],[119.60308991700003,23.60096935100006],[119.6057083820001,23.602539341000067],[119.605801551,23.605563894000056],[119.61236798200002,23.605438839000044],[119.60964496300004,23.610368428000072],[119.605316183,23.61069464900004],[119.6043548240001,23.609066270000028],[119.60314232900008,23.61189956800007],[119.60300950500005,23.61098130700003],[119.60245177500008,23.61156138000007],[119.60207994100006,23.610741117000032],[119.600851379,23.61121091900003],[119.60249440900007,23.61211203000005],[119.60054050600002,23.61166812600004],[119.60128520300007,23.613067108000052],[119.59731768900008,23.615901974000053],[119.59735211000007,23.61741432200006],[119.60225466400004,23.617203484000072],[119.60546716100008,23.62007823600004],[119.60453000200005,23.625000844000056],[119.601896613,23.62395685800004],[119.60000476100004,23.620370353000055],[119.59852220300002,23.623333311000067],[119.59655633700004,23.624277713000023],[119.59621223800002,23.62349570600003],[119.59556455800008,23.62371039000004],[119.59640233400012,23.62428733400003],[119.59555410500002,23.62464952100004],[119.5885120260001,23.622667272000054],[119.59129048400008,23.62802262200006],[119.59070566600008,23.62955990100005],[119.59498984000004,23.63249174500004],[119.59579837800004,23.63546846500003],[119.59411596600012,23.641183976000036],[119.58789544600006,23.64406776800007],[119.58851663400004,23.647151293000036],[119.58242336600006,23.652641705000065],[119.58323757000004,23.655473954000055],[119.581795252,23.656761580000023],[119.57941693000008,23.656352863000052],[119.58074818300008,23.656686496000077],[119.57982736600002,23.65773286800004],[119.58270366000012,23.658035863000062],[119.58086896300006,23.65906536100005],[119.58098655400012,23.661832522000054],[119.5710428000001,23.662228408000033],[119.5674025300001,23.659873708000077],[119.56706348600004,23.656039556000053],[119.56496193700002,23.65486885000007],[119.56326441100008,23.65138954400004],[119.55863667500012,23.65562546600006],[119.55832346900002,23.655231542000024],[119.55704996800011,23.655432535000045],[119.55677282800002,23.654510238000057],[119.55596520000006,23.654332552000028],[119.55629421700009,23.65578967500005],[119.55808886800004,23.655315916000063],[119.55809242600004,23.65572224300007],[119.55448152200006,23.657511842000076],[119.55604144400002,23.655488086000048],[119.55398576200004,23.656976348000057],[119.54074466400004,23.640613925000025],[119.54374622100012,23.64079754900007],[119.54306910700008,23.637937496000063],[119.54073406900012,23.636929818000056],[119.53938686400012,23.632649891000028],[119.53741530000002,23.63406538000004],[119.53737763000004,23.63271782000004],[119.53919370200003,23.63222397600003],[119.53640848200008,23.632775356000025],[119.53649539000004,23.633657713000048],[119.531914754,23.63232580400006],[119.53025287700008,23.630191445000037],[119.52460530200005,23.63006165400003],[119.52296284800002,23.628773693000028],[119.52481778000003,23.630656895000072],[119.52335855800004,23.631241990000035],[119.52393128100005,23.630161002000023],[119.52299730100005,23.630663049000077],[119.52276346000008,23.62908137700003],[119.52167843800008,23.631263528000034],[119.51818178400003,23.62864978400006],[119.51810699600004,23.625360950000072],[119.52114388600012,23.620790740000075],[119.519527755,23.618680933000064],[119.5217689110001,23.61482447000003],[119.520101597,23.61222270500008],[119.52095447500004,23.610833773000024],[119.51981518600007,23.61088047800007],[119.5229723540001,23.604844773000025],[119.52312734100008,23.601765100000023],[119.51962709100007,23.59453043600007],[119.51659183100004,23.593278638000072],[119.51708224200001,23.59434703700003],[119.51488730600012,23.594695202000025],[119.51228202400011,23.59215834300005],[119.51631544300004,23.58539879100005],[119.5161329550001,23.58351667700003],[119.51383807600008,23.57993260700005],[119.514762345,23.58244213200004],[119.51204638100012,23.581893467000043],[119.51202779500012,23.58088895000003],[119.51291232500012,23.580818324000063],[119.51203717700004,23.579516374000036],[119.51327607100006,23.57948521700007],[119.51253682200002,23.575645419000068],[119.51520564300006,23.574582406000047],[119.51313860000003,23.570577726000067],[119.51402529100004,23.569430279000073],[119.51500632600003,23.570027524000068],[119.51584378200003,23.56968162100003],[119.514055428,23.569229267000026],[119.51465829800009,23.56846877200007],[119.51593528500008,23.569281749000027],[119.51501494000001,23.568311831000074],[119.51804292200006,23.56731076400007],[119.51623152900004,23.564795204000063],[119.51130522700008,23.563721117000057],[119.501260515,23.56735899700004],[119.50214566000012,23.56682789500007],[119.50194714100007,23.56622579900005],[119.50037513100006,23.56532563600007],[119.49866098100006,23.566098685000043],[119.50114179400008,23.565842377000024],[119.50172713900008,23.56673669500003],[119.49617400600005,23.568140611000047],[119.49207721000003,23.56606325000007],[119.49131878300012,23.563381527000047],[119.48973075400012,23.56266415400006],[119.48444404800011,23.563886214000036],[119.48078279600008,23.562606308000056],[119.48307952100004,23.564344213000027],[119.4806516110001,23.564410430000063],[119.47899632200006,23.562950441000055],[119.48018218400011,23.56294001200007],[119.48088080200012,23.56186329800005],[119.47963646700008,23.562627908000024],[119.47651797800006,23.559806629000036],[119.47219589800012,23.559264476000067],[119.46721929100012,23.561290916000075],[119.46953637,23.565365443000076],[119.47785291800004,23.56894301500006],[119.48129971500008,23.575429351000025],[119.48339551200002,23.575407040000073],[119.48828948700007,23.570260528000063],[119.49184391900008,23.56983168100004],[119.49717642900008,23.57223465800007],[119.49916672100004,23.57613364400004],[119.49889438300012,23.57422471200005],[119.50027381700012,23.574610800000073],[119.5008200640001,23.57592513800006],[119.49968132700008,23.57498970200004],[119.49917201000004,23.57704790400004],[119.50086838100005,23.576234256000077],[119.50337394100006,23.57913829400007],[119.50426051500006,23.585140317000025],[119.50315481700012,23.58607173300004],[119.50459192300002,23.585974514000043],[119.50446371600005,23.58735426000004],[119.50214615000004,23.590452279000033],[119.49853199300004,23.592962943000032],[119.48951713300004,23.59426479800004],[119.49031085900003,23.595684496000047],[119.49410116500007,23.596072062000076],[119.49403680100012,23.59728000700005],[119.491459866,23.598602019000054],[119.49380125300002,23.60208010300005],[119.49447953000004,23.60045258200006],[119.49817638900004,23.600704892000067],[119.49837568600005,23.595674647000067],[119.50442953900006,23.597298507000065],[119.50405981500012,23.599660999000037],[119.50301420900009,23.600483849000057],[119.50242756900002,23.599612121000064],[119.50217210000004,23.60385242600006],[119.50350559600008,23.605362842000034],[119.50264968700004,23.60567489000005],[119.505045192,23.60775072000007],[119.50447799300002,23.609732350000055],[119.50820034500008,23.61073604300003],[119.50894574600012,23.612652439000044],[119.5073245320001,23.615192869000055],[119.50528685000006,23.615357544000062],[119.50571052500004,23.617392385000073],[119.50382341200007,23.616497804000065],[119.50431934100004,23.61508980000008],[119.4992881610001,23.62010181900007],[119.50410087500006,23.623788476000072],[119.50216004300012,23.630926040000077],[119.50396100000012,23.635588590000054],[119.50750937000008,23.636317461000033],[119.51203037900008,23.648352815000067],[119.5141613400001,23.647627897000064],[119.51562007200005,23.649839864000057],[119.51793821600006,23.649005935000048],[119.518137421,23.647710851000056],[119.51967073700008,23.648152676000052],[119.51940721700008,23.649657579000063],[119.51792215900002,23.64919690200003],[119.51728083400008,23.65232271800005],[119.51421986200012,23.652022910000028],[119.51426598400008,23.65555392600004],[119.51791747600008,23.654572303000062],[119.52410484300005,23.655860139000023],[119.52430779300003,23.651298315000076],[119.51952617900008,23.647620992000043],[119.51935041000002,23.644465985000068],[119.5226258460001,23.642326215000026],[119.52573481000002,23.64393655500004],[119.52532471100004,23.642181656000048],[119.52775597200002,23.64050181300007],[119.5291714550001,23.639973920000045],[119.5299023880001,23.64044702900003],[119.53128456400007,23.640050433000056],[119.5294695020001,23.639946252000072],[119.53189670200004,23.63893134400007],[119.5313594480001,23.640502231000028],[119.532010495,23.63893331500003],[119.53555594800002,23.638667964000035],[119.54030380600013,23.64044973500006],[119.55339950700012,23.656775279000044],[119.551314627,23.658033346000025],[119.55399597200004,23.65751132500003],[119.55215794300013,23.659484123000027],[119.55014691300003,23.65760633600007],[119.552072392,23.660267756000053],[119.55085570100005,23.662780096000063],[119.55519284700006,23.668552636000072],[119.56860969800005,23.672082034000027],[119.56966458000012,23.67181178100003],[119.56959844700008,23.67090002200007],[119.56974379100006,23.670362217000047],[119.57024737000006,23.67027232600003],[119.57037296200008,23.672321614000055],[119.568237618,23.672473935000028],[119.57042141300008,23.67240270300005],[119.57123389800006,23.67155317200007],[119.57765855500008,23.674373699000057],[119.57871673800004,23.67624340100008],[119.58229908200008,23.677518940000027]]],[[[119.65669222400004,23.678569112000048],[119.65697871200008,23.678450514000076],[119.65813785600004,23.67620852000005],[119.65669222400004,23.678569112000048]]],[[[119.66350355000009,23.68199842200005],[119.66470774700008,23.682620816000053],[119.66438797,23.68154992800004],[119.66350355000009,23.68199842200005]]],[[[119.6668426550001,23.68285769700003],[119.66712013000006,23.681930976000046],[119.66804760000002,23.682660631000033],[119.66809721900006,23.67874385300007],[119.6694489890001,23.677546118000063],[119.66803472400012,23.67603526000005],[119.66787229200008,23.677169167000045],[119.66677638600004,23.67632511100004],[119.66472522200002,23.67753936400004],[119.66600417600011,23.67853164000007],[119.66495433400009,23.68121792100004],[119.66682071800004,23.680469479000067],[119.6668426550001,23.68285769700003]]],[[[119.66804404400013,23.683527482000045],[119.66805719600006,23.68280054800005],[119.66766245000008,23.683741320000024],[119.66804404400013,23.683527482000045]]],[[[119.65445479400012,23.684610319000058],[119.65423147600006,23.684496134000028],[119.6544391540001,23.68466907600003],[119.65445479400012,23.684610319000058]]],[[[119.65422730500006,23.68464288200005],[119.65401413100004,23.68453542800006],[119.65421663300005,23.684715164000067],[119.65422730500006,23.68464288200005]]],[[[119.65496229300004,23.68475490500003],[119.65480352600002,23.684805238000024],[119.65495738800008,23.684815875000027],[119.65496229300004,23.68475490500003]]],[[[119.6551886310001,23.68486004500005],[119.65518551800004,23.684665924000058],[119.65510538,23.68469335100008],[119.6551886310001,23.68486004500005]]],[[[119.65604774000008,23.685039260000053],[119.65582840200013,23.684925062000048],[119.656014604,23.685091319000037],[119.65604774000008,23.685039260000053]]],[[[119.65423438000003,23.685263633000034],[119.65403824300006,23.685070327000066],[119.6542228400001,23.685283998000045],[119.65423438000003,23.685263633000034]]],[[[119.65447125700008,23.685208457000044],[119.65445311300005,23.68488798500005],[119.65433348500004,23.684922349000033],[119.65447125700008,23.685208457000044]]],[[[119.62331753600006,23.685244393000065],[119.62419542500004,23.68493385100004],[119.6227091290001,23.68494209100004],[119.62331753600006,23.685244393000065]]],[[[119.65525399900002,23.685311246000023],[119.65553304700006,23.68517236600007],[119.65486248000002,23.685014925000075],[119.65525399900002,23.685311246000023]]],[[[119.62080703800008,23.686114544000077],[119.62191079400009,23.686006276000057],[119.62140882500012,23.685405565000053],[119.62080703800008,23.686114544000077]]],[[[119.67018954800004,23.688179708000064],[119.66982857200004,23.688233189000073],[119.66996658500013,23.68837932300005],[119.67018954800004,23.688179708000064]]],[[[119.65488847300004,23.68850698800003],[119.65501704400003,23.68885182500003],[119.655100252,23.688763434000062],[119.65488847300004,23.68850698800003]]],[[[119.65066807800008,23.689870169000073],[119.65245871000002,23.68900483300007],[119.65164732200004,23.68844390000004],[119.65066807800008,23.689870169000073]]],[[[119.67256578900005,23.68993242600004],[119.67233937700009,23.689757333000045],[119.67240355900005,23.690204015000063],[119.67256578900005,23.68993242600004]]],[[[119.67233977100013,23.69043228700008],[119.67231717100005,23.69038723700004],[119.67230917600013,23.690441449000048],[119.67233977100013,23.69043228700008]]],[[[119.67218539600005,23.69050293600003],[119.67219607900006,23.69043516800008],[119.67213154,23.690516713000022],[119.67218539600005,23.69050293600003]]],[[[119.55811503600012,23.689818332000073],[119.55832977500006,23.688291546000073],[119.55812422400004,23.68808686200003],[119.55659280700002,23.68946036600005],[119.55811503600012,23.689818332000073]]],[[[119.67074475600008,23.69064010600005],[119.6726032250001,23.688866782000048],[119.67166019,23.687444208000045],[119.67256084400005,23.686097163000056],[119.67107211500002,23.684309],[119.67206862000012,23.68361392500003],[119.67215558900013,23.682527746000066],[119.67158074300004,23.681916227000045],[119.66956162000008,23.687437488000057],[119.6714558860001,23.68853540700007],[119.67074475600008,23.69064010600005]]],[[[119.59484177900003,23.69106537400006],[119.59652232200006,23.69063225800005],[119.59693001100004,23.690330450000033],[119.59538961700002,23.69018062300006],[119.59484177900003,23.69106537400006]]],[[[119.670300923,23.691269576000025],[119.670833603,23.691596849000064],[119.6708136960001,23.69075944800005],[119.670300923,23.691269576000025]]],[[[119.55770821800002,23.692438396000057],[119.55782547800004,23.69090067700006],[119.55664037100009,23.691139711000066],[119.55770821800002,23.692438396000057]]],[[[119.55959961800012,23.693203607000044],[119.55955973100004,23.69304799200006],[119.55943623100006,23.69318839700003],[119.55959961800012,23.693203607000044]]],[[[119.65183749000003,23.69379084700006],[119.65328056100007,23.692159451000062],[119.6526412390001,23.690712904000065],[119.64956074200006,23.69315705500003],[119.65183749000003,23.69379084700006]]],[[[119.67024581100009,23.693619746000024],[119.6705624010001,23.69291181700004],[119.66961696900012,23.692942994000077],[119.67024581100009,23.693619746000024]]],[[[119.559892471,23.69404682000004],[119.55927167400012,23.69397682500005],[119.55945981900004,23.69426509500005],[119.559892471,23.69404682000004]]],[[[119.59347307900008,23.694328058000053],[119.59534625600008,23.693591725000033],[119.59493411800008,23.691157573000055],[119.59347307900008,23.694328058000053]]],[[[119.5637998630001,23.69538483200006],[119.56502626600002,23.695265234000033],[119.56560527000012,23.693811609000026],[119.56484668000007,23.693622498000025],[119.5637998630001,23.69538483200006]]],[[[119.59279418200003,23.696256222000045],[119.59364207500003,23.69598885800008],[119.59357560300008,23.694910075000053],[119.59279418200003,23.696256222000045]]],[[[119.60342439700004,23.70645243200005],[119.6037585040001,23.70620281600003],[119.60329873100012,23.706380685000056],[119.60342439700004,23.70645243200005]]],[[[119.61863746600012,23.70919378800005],[119.61884789500004,23.708262902000055],[119.61794493800004,23.70875184700003],[119.61863746600012,23.70919378800005]]],[[[119.60880699100004,23.710440478000063],[119.60837028600008,23.710175822000053],[119.60816433600009,23.710305305000077],[119.60880699100004,23.710440478000063]]],[[[119.5515564210001,23.710691256000075],[119.55143583800007,23.710292123000045],[119.55130959500002,23.710588294000047],[119.5515564210001,23.710691256000075]]],[[[119.58847255100012,23.710706518000052],[119.58899880600006,23.710038585000063],[119.58807910000009,23.709759908000024],[119.58847255100012,23.710706518000052]]],[[[119.60985931900008,23.71023316900005],[119.61257711300004,23.711245031000033],[119.61269679400004,23.71010006000006],[119.61044696400006,23.71040015600005],[119.60954035500004,23.708927397000025],[119.60985931900008,23.71023316900005]]],[[[119.56590872100004,23.71229863800005],[119.56760771900008,23.71243237400006],[119.56683500800013,23.710491584000067],[119.56581337700004,23.71115448300003],[119.56590872100004,23.71229863800005]]],[[[119.610046785,23.71304513700005],[119.61020348300008,23.712538864000063],[119.60982417500009,23.712822532000075],[119.610046785,23.71304513700005]]],[[[119.60977167700004,23.713527046000024],[119.60996317500008,23.713056754000036],[119.60959681500005,23.71315978000007],[119.60977167700004,23.713527046000024]]],[[[119.60953292400006,23.713588936000065],[119.6093404290001,23.71344973600003],[119.60930981800004,23.713655279000022],[119.60953292400006,23.713588936000065]]],[[[119.61018669200008,23.71117095200003],[119.60697094900002,23.711420626000063],[119.60878222200006,23.713684444000023],[119.61018669200008,23.71117095200003]]],[[[119.61336765400006,23.71540903700003],[119.61305900600009,23.71435380400004],[119.61251215600008,23.714132488000075],[119.61245712400012,23.714816694000035],[119.61336765400006,23.71540903700003]]],[[[119.61225684900012,23.715833313000076],[119.61220080400004,23.71512019900007],[119.61170676100004,23.715444959000024],[119.61225684900012,23.715833313000076]]],[[[119.6105670180001,23.71623729000004],[119.61191204400006,23.715893368000025],[119.61145239500001,23.71544596500007],[119.6105670180001,23.71623729000004]]],[[[119.566014794,23.717203582000025],[119.56569022600002,23.716988058000027],[119.56567303600002,23.717407998000056],[119.566014794,23.717203582000025]]],[[[119.56552523700007,23.71760267400003],[119.56521722900004,23.71767378000004],[119.56520682300004,23.717890529000044],[119.56552523700007,23.71760267400003]]],[[[119.55276478400005,23.72195590700005],[119.55169609300005,23.719704575000037],[119.55495570900008,23.721126369000046],[119.55703323000012,23.720662909000055],[119.55818151300002,23.718622595000056],[119.5589561060001,23.719944894000037],[119.55674017300008,23.71516493200005],[119.55861343100004,23.710948122000048],[119.555315639,23.70863711900006],[119.5531935460001,23.71156805800007],[119.5560899510001,23.71388957800008],[119.5542140980001,23.71650586600003],[119.55623665300004,23.71711713700006],[119.55330055700006,23.719423445000075],[119.55102287000012,23.719002664000072],[119.55276478400005,23.72195590700005]]],[[[119.55131404400004,23.723087528000065],[119.55117597500008,23.722760696000023],[119.55102912400002,23.722968901000055],[119.55131404400004,23.723087528000065]]],[[[119.60933598300004,23.732256033000056],[119.60844200500004,23.732081219000065],[119.609019783,23.732742616000053],[119.60933598300004,23.732256033000056]]],[[[119.61006650500008,23.73129376600008],[119.60894881700005,23.731192073000045],[119.6098608100001,23.73135326800008],[119.60952048500008,23.73389868000004],[119.61006650500008,23.73129376600008]]],[[[119.61341841900004,23.73292162300004],[119.61246861800008,23.732543890000045],[119.61243910300004,23.73403162100004],[119.6126798360001,23.734057757000073],[119.61341841900004,23.73292162300004]]],[[[119.61033417600004,23.73341690500007],[119.61155780900005,23.73336015200005],[119.610704628,23.73319421900004],[119.61033417600004,23.73341690500007]]],[[[119.61104262000003,23.73514552000006],[119.61217411100006,23.73609366100004],[119.61148413,23.735304050000025],[119.61104262000003,23.73514552000006]]],[[[119.60918628500008,23.736906831000056],[119.61027871100008,23.73795672100005],[119.61070580700004,23.737718010000037],[119.609208,23.73669906600003],[119.6086506470001,23.737534236000045],[119.6088968790001,23.73808181000004],[119.60918628500008,23.736906831000056]]],[[[119.62474989000007,23.74849960100005],[119.62447639900006,23.74829528400005],[119.624445056,23.74840827900005],[119.62474989000007,23.74849960100005]]],[[[119.62485469600006,23.748621075000074],[119.62520814900006,23.74843002800003],[119.62493516300005,23.74833180500008],[119.62485469600006,23.748621075000074]]],[[[119.62496033500008,23.74885315900008],[119.62476001800007,23.74875915900003],[119.624674937,23.748980725000024],[119.62496033500008,23.74885315900008]]],[[[119.6248482200001,23.749126755000077],[119.62466607600004,23.74905074000003],[119.62468554500003,23.749276398000063],[119.6248482200001,23.749126755000077]]],[[[119.62463882000009,23.74899215800008],[119.624175228,23.748908249000067],[119.62453568700003,23.74928603400008],[119.62463882000009,23.74899215800008]]],[[[119.62513420200004,23.74937842600008],[119.62558651000006,23.74928178700003],[119.62529048700004,23.749045959000057],[119.62513420200004,23.74937842600008]]],[[[119.62472425600004,23.750515542000073],[119.62428015400008,23.749826579000057],[119.6241363260001,23.750136420000047],[119.62472425600004,23.750515542000073]]],[[[119.62481814400007,23.750982441000076],[119.62454894300004,23.750843571000075],[119.62477291100004,23.751075177000075],[119.62481814400007,23.750982441000076]]],[[[119.6243151540001,23.751187636000054],[119.62409935000004,23.75099663100008],[119.62404757600008,23.751389623000023],[119.6243151540001,23.751187636000054]]],[[[119.62450328700004,23.75168350000007],[119.62434432200008,23.75126201200004],[119.62414313300008,23.751499849000027],[119.62450328700004,23.75168350000007]]],[[[119.62498277800012,23.75169284900005],[119.62463563000006,23.751664907000077],[119.6249996470001,23.751758246000065],[119.62498277800012,23.75169284900005]]],[[[119.62435481700004,23.751726990000066],[119.62407428900008,23.751784556000075],[119.62446719700006,23.751893581000047],[119.62435481700004,23.751726990000066]]],[[[119.62464608100004,23.752120854000054],[119.62519048700004,23.751985469000033],[119.62485532300002,23.751835579000044],[119.62464608100004,23.752120854000054]]],[[[119.62370912800009,23.752287167000077],[119.623890189,23.752135192000026],[119.62367564300008,23.75220829600005],[119.62370912800009,23.752287167000077]]],[[[119.62495247600008,23.752279891000057],[119.625146276,23.752163981000024],[119.62500144600006,23.75213522000007],[119.62495247600008,23.752279891000057]]],[[[119.623367238,23.752656499000068],[119.62312600900007,23.75240464500007],[119.62334359700004,23.752713029000063],[119.623367238,23.752656499000068]]],[[[119.59760318400004,23.754430986000045],[119.59793888400009,23.755172368000046],[119.59901293400004,23.75400114000007],[119.59760318400004,23.754430986000045]]],[[[119.62113723100003,23.75521405400008],[119.620697252,23.754877214000032],[119.62054205200002,23.755442181000035],[119.62113723100003,23.75521405400008]]],[[[119.6200874540001,23.75609638700007],[119.62002509500007,23.755487145000075],[119.61979510100002,23.756054671000072],[119.6200874540001,23.75609638700007]]],[[[119.60698526700004,23.756633736000023],[119.60796119000008,23.75725519400004],[119.60821598700012,23.75719775700003],[119.60698526700004,23.756633736000023]]],[[[119.60731513700011,23.75848575000003],[119.60827226000004,23.75796052900006],[119.60751322300008,23.757965773000024],[119.60731513700011,23.75848575000003]]],[[[119.61235700800012,23.756000792000066],[119.61161903200002,23.753949499000043],[119.61249983700009,23.752848922000055],[119.61772955900004,23.751132820000063],[119.621442483,23.748350394000056],[119.62191828800007,23.749328184000035],[119.6238116400001,23.743690654000034],[119.62017219100004,23.742854254000065],[119.61876499900006,23.741121706000055],[119.61964213600004,23.74031456800003],[119.61794080200002,23.740808968000067],[119.61860572500008,23.741666371000065],[119.61603660600008,23.741710485000056],[119.61576191100004,23.737596374000077],[119.613991359,23.739407063000044],[119.61546174700004,23.739078411000037],[119.61500939100006,23.740660379000076],[119.61370620200012,23.739518807000024],[119.61309080800004,23.741112703000056],[119.6113627740001,23.741478468000025],[119.61242941800003,23.74054420600004],[119.61089000200002,23.740536752000025],[119.61244240000008,23.73991208700005],[119.61051698200004,23.739556263000058],[119.61434940700008,23.73862910200006],[119.61497954600009,23.737439214000062],[119.60992211200004,23.739050701000053],[119.60706416500012,23.737549503000025],[119.60316861,23.731433696000067],[119.60399231300003,23.72674189100007],[119.60265241600008,23.725365597000064],[119.60141128900013,23.726070219000064],[119.60200542700012,23.730169579000066],[119.60022912700003,23.73475897900005],[119.596546579,23.73656108600005],[119.59596961900002,23.73903289200007],[119.59740703900002,23.741880679000076],[119.6038715840001,23.74535676000005],[119.60664349,23.751813310000045],[119.60581761600008,23.75200842700008],[119.60777212100004,23.751989464000076],[119.60861307400012,23.75246697800003],[119.60753013600004,23.753748917000053],[119.60692435700004,23.752819],[119.60792008400006,23.752363608000053],[119.60564506500008,23.75228224700004],[119.60575325900004,23.753338279000047],[119.60828516900006,23.754206452000066],[119.60779161500012,23.75526485000006],[119.609749415,23.755943381000066],[119.61128993700004,23.75877482200008],[119.61235700800012,23.756000792000066]]],[[[119.606551125,23.75980028600003],[119.606849258,23.759103844000037],[119.60637565400008,23.759180197000035],[119.606551125,23.75980028600003]]],[[[119.60668184300005,23.765115885000057],[119.60760101800008,23.764660798000023],[119.60563977900006,23.765318626000067],[119.60668184300005,23.765115885000057]]],[[[119.60512534200008,23.766713442000025],[119.606389787,23.766464684000027],[119.60645452500012,23.766277067000033],[119.60531,23.765606604000027],[119.60512534200008,23.766713442000025]]],[[[119.60409443100002,23.767144123000037],[119.6033023550001,23.76684473100005],[119.6040949290001,23.767252476000067],[119.60409443100002,23.767144123000037]]],[[[119.6031396410001,23.767328445000032],[119.6024323260001,23.767060322000077],[119.60303848700003,23.767466541000033],[119.6031396410001,23.767328445000032]]],[[[119.58449945300003,23.767528794000043],[119.58591902900002,23.766992929000025],[119.58477995400006,23.766218450000057],[119.58449945300003,23.767528794000043]]],[[[119.58701586600012,23.768532813000036],[119.587802914,23.768195726000044],[119.58738304100008,23.767958042000032],[119.58701586600012,23.768532813000036]]],[[[119.59354757000006,23.770670558000063],[119.59323414500012,23.770500539000068],[119.59317101000012,23.77062685000004],[119.59354757000006,23.770670558000063]]],[[[119.60806560700009,23.77471331600003],[119.60780900600004,23.77458791500004],[119.607897008,23.774984866000068],[119.60806560700009,23.77471331600003]]],[[[119.60741025600008,23.77534570400007],[119.60771191400012,23.774741798000036],[119.60720980700012,23.77496499800003],[119.60741025600008,23.77534570400007]]],[[[119.60625583700003,23.775668534000033],[119.60735464800008,23.77373641400004],[119.60646028000008,23.77320719100004],[119.60808857000006,23.773254963000056],[119.60740949700003,23.770690999000067],[119.60250133000012,23.767330938000043],[119.5992661790001,23.75835916500006],[119.59757085,23.757823959000063],[119.59649412100008,23.76204942000004],[119.59977625600004,23.767844944000046],[119.59881145400004,23.768859993000035],[119.59979833500006,23.76971848100004],[119.60185457900002,23.76903100800007],[119.60165349100008,23.77050586100006],[119.60525424600009,23.77290717900007],[119.60446587400008,23.77328499200007],[119.60625583700003,23.775668534000033]]],[[[119.61180178800008,23.77592882400006],[119.61175928000011,23.775558783000065],[119.61147591300004,23.775611826000045],[119.61180178800008,23.77592882400006]]],[[[119.61162332700007,23.77664737500004],[119.61184324200008,23.776073131000032],[119.611515079,23.776119579000067],[119.61162332700007,23.77664737500004]]],[[[119.61107289100003,23.777092],[119.61160844000005,23.776742245000037],[119.61110656800008,23.776687797000022],[119.61107289100003,23.777092]]],[[[119.6103271500001,23.77747419000008],[119.61080395700004,23.777413612000032],[119.6107971130001,23.777063746000067],[119.6103271500001,23.77747419000008]]],[[[119.61249586600002,23.77807057600006],[119.61200402400004,23.77753978600003],[119.6123699740001,23.77809816300004],[119.61249586600002,23.77807057600006]]],[[[119.60751582700004,23.77820538400005],[119.60764403000007,23.77854348300008],[119.60784454200008,23.77854043800005],[119.60751582700004,23.77820538400005]]],[[[119.61398568600008,23.778391976000023],[119.61339028200008,23.77709409600004],[119.61296193200008,23.777811385000064],[119.61244129200009,23.77663058800005],[119.61264864100008,23.77808802800007],[119.61398568600008,23.778391976000023]]],[[[119.61178248400006,23.778750616000025],[119.61204103800004,23.77784890000004],[119.61127758300006,23.77759006900004],[119.61178248400006,23.778750616000025]]],[[[119.60778350200007,23.77893120300007],[119.60804519300008,23.778566735000027],[119.60752401500008,23.778911908000055],[119.6069130090001,23.778467352000064],[119.60724388500012,23.77900330500006],[119.60778350200007,23.77893120300007]]],[[[119.60787491800012,23.779402635000057],[119.60817298300005,23.77987099400008],[119.60819895600002,23.779390070000034],[119.60787491800012,23.779402635000057]]],[[[119.61151917000008,23.78007673700006],[119.61075782900002,23.778829168000073],[119.61185765800008,23.778892533000032],[119.61095398100008,23.77776065300003],[119.61052034200009,23.77892491800003],[119.61151917000008,23.78007673700006]]],[[[119.61020927900006,23.780666581000048],[119.61176268000008,23.780547563000027],[119.60930058600002,23.77891845000005],[119.61020927900006,23.780666581000048]]],[[[119.57723596000004,23.780723430000023],[119.57778885700009,23.779071215000045],[119.57547611100006,23.77860128800006],[119.575505732,23.779619258000025],[119.57723596000004,23.780723430000023]]],[[[119.6072560450001,23.781820460000063],[119.60819369,23.78030207100005],[119.60709207700006,23.779326707000052],[119.60661186600008,23.780308295000054],[119.6072560450001,23.781820460000063]]],[[[119.60461102300007,23.78206787000005],[119.6049495850001,23.78168053300004],[119.60407064100002,23.781446952000067],[119.60461102300007,23.78206787000005]]],[[[119.605765506,23.78167958900008],[119.60625867100008,23.78150609200003],[119.60671909000008,23.780948969000065],[119.60632172400004,23.780291378000072],[119.605765506,23.78167958900008]]],[[[119.60678788300004,23.78222862900003],[119.607055983,23.78178964400007],[119.60660432100008,23.78185462600004],[119.60678788300004,23.78222862900003]]],[[[119.60570762200008,23.78262114100005],[119.60559260000002,23.781951153000023],[119.60524311300004,23.782230182000035],[119.60570762200008,23.78262114100005]]],[[[119.60466483400012,23.782697467000048],[119.60430202500004,23.782218068000077],[119.60416157200008,23.782545936000076],[119.60466483400012,23.782697467000048]]],[[[119.60518670600004,23.783359090000033],[119.60554202700008,23.78301457500004],[119.605193546,23.782982081000057],[119.60518670600004,23.783359090000033]]],[[[119.60722077100002,23.783667129000037],[119.60827262500004,23.783033180000075],[119.60787302500012,23.781766111000024],[119.606776093,23.782991668000022],[119.60611796,23.782504405000054],[119.60722077100002,23.783667129000037]]],[[[119.6024224360001,23.785284158000024],[119.6031746220001,23.785154807000023],[119.60227423700007,23.784930329000076],[119.6024224360001,23.785284158000024]]],[[[119.60219192700004,23.786099969000077],[119.60335211400002,23.786273769000047],[119.6030057480001,23.785837193000077],[119.60219192700004,23.786099969000077]]],[[[119.60252409900012,23.786717192000022],[119.6030537580001,23.78680541800003],[119.60368293100008,23.786663],[119.60252409900012,23.786717192000022]]],[[[119.6007931470001,23.787586258000033],[119.60179883600006,23.786435594000068],[119.60048368200012,23.78396663700005],[119.59964533500012,23.783561311000028],[119.60007308200012,23.784963736000066],[119.598442438,23.785439600000075],[119.6007931470001,23.787586258000033]]],[[[119.60097718400004,23.78839819600006],[119.60264245200005,23.78777995200005],[119.6016353120001,23.787016376000057],[119.60097718400004,23.78839819600006]]],[[[119.59878999800004,23.792632499000035],[119.5981188290001,23.79238453300007],[119.5980519740001,23.79291979000004],[119.59878999800004,23.792632499000035]]],[[[119.5981913920001,23.79383348600004],[119.598985781,23.79299743300004],[119.59713230700004,23.793049762000063],[119.5981913920001,23.79383348600004]]],[[[119.59672205400013,23.796083001000056],[119.59755203200008,23.79605044300007],[119.59767862500009,23.795232785000053],[119.59672205400013,23.796083001000056]]],[[[119.59575877500004,23.797885850000057],[119.60021782600006,23.796051385000055],[119.60063380500004,23.794282244000044],[119.599173037,23.793509130000075],[119.59932198600006,23.795095484000058],[119.59668093300002,23.797218620000024],[119.59584198800007,23.79575682500007],[119.59575877500004,23.797885850000057]]],[[[119.59650347200012,23.810133714000074],[119.59529784800009,23.808987113000057],[119.59295096800008,23.80944085400006],[119.59365726400006,23.810449439000024],[119.59650347200012,23.810133714000074]]]]}},{"type":"Feature","properties":{"area_code":"10018","area_name":"新竹市"},"geometry":{"type":"Polygon","coordinates":[[[120.925229,24.854811090000055],[120.93459841000004,24.85256163300005],[120.940449467,24.849962022000057],[120.94315796300008,24.84650487500005],[120.94481723400008,24.84106632000004],[120.95529174300007,24.834360952000058],[120.96787239800004,24.83253946300005],[120.97464552800012,24.829955298000073],[120.98309068300011,24.830928700000072],[120.98791082000004,24.825415677000024],[121.00039115000004,24.822058773000037],[121.00827805500012,24.816213832000074],[121.01513511000007,24.808562237000046],[121.01820759800012,24.807296885000028],[121.02131539000004,24.80160767200005],[121.02574450000009,24.799073787000054],[121.02060718100006,24.798805851000058],[121.0231517850001,24.79604796900003],[121.02062037300004,24.79410041400007],[121.02180947000012,24.790445773000044],[121.02335021300009,24.790640405000033],[121.0245876890001,24.789071093000075],[121.02508883300004,24.78624188400005],[121.0230546900001,24.785100267000075],[121.0275230100001,24.78270868500005],[121.02495465800008,24.779988082000045],[121.0279463820001,24.77881042100006],[121.02765944000008,24.777048782000065],[121.02970235100008,24.777009966000037],[121.02815618600005,24.773163268000076],[121.03037656900005,24.77203578900003],[121.02927204700006,24.770901881000043],[121.02989288800006,24.766468764000024],[121.03354342600004,24.763886137000043],[121.02777533900009,24.758056112000077],[121.02059082500011,24.756609205000075],[121.01825124600008,24.763945566000075],[121.01359518200002,24.770897886000057],[121.00970743300002,24.773791071000066],[120.99315893700008,24.780596805000073],[120.99028421300012,24.776891015000047],[120.9858401570001,24.77690722200003],[120.98475853000002,24.77589658900007],[120.988380107,24.76806582100005],[120.98196829600012,24.767429052000068],[120.97941615500008,24.76329245200003],[120.96984058200007,24.765162501000077],[120.96754923900004,24.76059480300006],[120.96741237800006,24.75646328600004],[120.96350551300009,24.755514189000053],[120.96146129300008,24.75122099500004],[120.95747526200012,24.749634059000073],[120.95761915000004,24.745346278000056],[120.95398439300004,24.743406225000054],[120.94810934800012,24.74523042100003],[120.94398260100002,24.744043074000047],[120.94316412400008,24.738917575000073],[120.93986113500011,24.732743667000022],[120.94233019400008,24.73044153400008],[120.94182198900012,24.728557411000057],[120.93801226300002,24.729420807000057],[120.93895291400008,24.727815021000023],[120.9378296320001,24.727243084000065],[120.93927381900004,24.725417782000022],[120.9386265930001,24.716611467000064],[120.93603330000008,24.71468734900003],[120.93542847400012,24.71259406000007],[120.931582649,24.714264626000045],[120.93024235500002,24.71663332100007],[120.92883883400008,24.715285110000025],[120.92364332400008,24.71455056700006],[120.92058605500006,24.71673272700008],[120.91366660300002,24.717333133000068],[120.91628010300008,24.72153191800004],[120.91379670700007,24.724203412000065],[120.91418163800006,24.72706130700004],[120.91206962900004,24.732310781000024],[120.90851276700003,24.736505158000057],[120.90780660000009,24.74107140800004],[120.9058703930001,24.74067929100005],[120.89743311000008,24.733464258000023],[120.89362047900012,24.73231637400005],[120.89235400100006,24.73315525000004],[120.89104138300002,24.73177258900006],[120.88746404300002,24.73387011600005],[120.88480010300007,24.73278770500008],[120.88356771300003,24.734528269000062],[120.88103599500003,24.73328841700004],[120.87453684700006,24.73832009800003],[120.88262951800004,24.74647102700004],[120.89319286800004,24.761360022000076],[120.89777842,24.764682220000054],[120.89675960400008,24.76806262900004],[120.89514716200006,24.765575642000044],[120.89480520800008,24.76771746600008],[120.8927503540001,24.76931737800004],[120.89267634000008,24.773184955000033],[120.89136787200005,24.77478114200005],[120.89320724200002,24.780781812000043],[120.89226562600004,24.793017546000044],[120.89614650300008,24.800822142000072],[120.89694909800004,24.809217921000027],[120.90178627800005,24.82205809800007],[120.9093132700001,24.83422980100005],[120.913131302,24.83655313400004],[120.91575561200013,24.841126363000058],[120.91553243200008,24.84580888200003],[120.91675979800004,24.848745601000076],[120.91324239200004,24.85192208800004],[120.91296865600007,24.85407776900007],[120.91639171200006,24.852795575000073],[120.925229,24.854811090000055]]]}},{"type":"Feature","properties":{"area_code":"66000","area_name":"臺中市"},"geometry":{"type":"Polygon","coordinates":[[[121.328348774,24.43303757500007],[121.32744088700008,24.41302115800005],[121.32499644600011,24.40691248300004],[121.32649497800004,24.399872065000068],[121.3278584950001,24.39830954300004],[121.33233500800009,24.39794308100005],[121.33360062500005,24.39500325100005],[121.33913490300006,24.389603898000075],[121.34296806800012,24.39284232600005],[121.3523936250001,24.392240150000077],[121.35469210200006,24.393272018000065],[121.35939037100002,24.39044556700003],[121.36488783100005,24.38907398300006],[121.36980307100008,24.38259001700004],[121.36710724600005,24.378973578000057],[121.36929332400008,24.37245654500003],[121.37373777800008,24.368052689000024],[121.37701210700004,24.36844044700007],[121.3818390240001,24.36700724900004],[121.38762249100012,24.36968517300005],[121.38996497800008,24.375147431000073],[121.393044798,24.37520599900006],[121.39546800900008,24.37784751000004],[121.39811937900004,24.377762733000058],[121.40088580600002,24.379674303000055],[121.40440748600008,24.377716598000063],[121.40790682500005,24.377548166000057],[121.41277099700004,24.379741671000033],[121.41909943700011,24.37905224000008],[121.423346368,24.38140392200006],[121.433969799,24.383233263000022],[121.43830180200008,24.38261583800005],[121.44255587100008,24.373127074000024],[121.447978078,24.374826331000065],[121.45201245300008,24.36467986100007],[121.44866464300004,24.36278118000007],[121.44727000400007,24.359544765000063],[121.44157498700008,24.35859302800003],[121.43779445400004,24.352051867000057],[121.43561811800008,24.34724632600006],[121.43777496300004,24.34221795900004],[121.43430636500013,24.338270129000023],[121.43251945200008,24.330269093000027],[121.43485417600004,24.32219400400004],[121.42849472300009,24.31735881900005],[121.42323428100008,24.30821563700005],[121.42024156900004,24.307622042000048],[121.41678103000004,24.309175610000068],[121.41143543200008,24.307264040000064],[121.40510320100007,24.308252393000032],[121.40345490100005,24.29688253300003],[121.3965839550001,24.288737600000047],[121.393516534,24.288232291000043],[121.39083963400005,24.289743740000063],[121.38724314,24.28470638500005],[121.38054561200012,24.279756384000052],[121.38327002300002,24.267979139000033],[121.385659647,24.264154674000057],[121.3850579330001,24.254988383000068],[121.37842469000007,24.252815342000076],[121.37267861300006,24.254119672000055],[121.36689169700004,24.252099759000032],[121.36442331400008,24.24727315100006],[121.36066851500004,24.243943228000035],[121.35260619700011,24.24385468400004],[121.35233257900006,24.234632135000027],[121.34301988900006,24.223553595000055],[121.33568610800012,24.22858930600006],[121.32649835600012,24.23252787900003],[121.31965260900006,24.23186895700007],[121.31352138500006,24.235027968000058],[121.30389381000008,24.233682482000063],[121.30117180000002,24.236692580000067],[121.29874856100004,24.235613810000075],[121.29877718800005,24.23320165800004],[121.29545759000008,24.23249826600005],[121.2931354320001,24.229163596000035],[121.28888496500008,24.230160951000073],[121.28588883600004,24.229092586000036],[121.28283545800002,24.231038160000026],[121.2800348940001,24.22976551100004],[121.27763665200008,24.23196702000007],[121.27677753500008,24.235531050000077],[121.26891858300009,24.237916264000035],[121.26849974100004,24.239948652000063],[121.26592026600008,24.24110435500006],[121.26465824800005,24.245873619000065],[121.2587962880001,24.245116661000058],[121.254652501,24.242837674000043],[121.251225717,24.237992645000077],[121.24416473500004,24.222495283000057],[121.23795623,24.21970754800003],[121.23041307800008,24.223527099000023],[121.23077099400008,24.22605175600006],[121.22834377700008,24.22593292700003],[121.22834231500008,24.224706026000035],[121.21942712900012,24.229204150000044],[121.21580968600006,24.225347294000073],[121.208236649,24.221704115000023],[121.19634275500005,24.223000412000033],[121.19231683700002,24.219041267000023],[121.19155856800012,24.216586403000065],[121.1814569710001,24.212048813000024],[121.16764420800008,24.225391752000064],[121.16098499500004,24.21518437900005],[121.14788986200006,24.212912250000045],[121.14320634700005,24.205853327000057],[121.14136520200007,24.19964944000003],[121.136358276,24.196338259000072],[121.12295122500008,24.196027876000073],[121.10841931700008,24.198010870000076],[121.10169219000012,24.195634514000066],[121.09441243400012,24.190148014000044],[121.09398777900005,24.187885384000023],[121.09106611000004,24.184815832000027],[121.09134818100006,24.182729644000062],[121.08487869700002,24.175922705000065],[121.08095875100004,24.17542357700006],[121.07525408600009,24.170194915000025],[121.07242041300005,24.169869697000024],[121.06633678700008,24.165515122000045],[121.06459963400005,24.16302081700007],[121.05940198900008,24.16278063900006],[121.0579498300001,24.159234299000047],[121.0526599320001,24.154795645000036],[121.05055390500002,24.15834688800004],[121.04758606700013,24.16002417000004],[121.03804597100007,24.15817597700004],[121.0356962510001,24.150913717000037],[121.03333495100004,24.14858213900004],[121.0309999640001,24.14933613200003],[121.03122032700004,24.153526400000032],[121.02775988500002,24.159555522000066],[121.02490115500008,24.15796733900004],[121.019543354,24.158714493000048],[121.01224828400008,24.153325015000064],[121.00816935400007,24.147039775000053],[121.006806793,24.140943658000023],[121.00325032500008,24.133530395000037],[121.00036126600004,24.132283595000047],[120.999554138,24.127761639000028],[120.99202492300005,24.125253808000025],[120.99201961600012,24.121054608000065],[120.989085304,24.11876692100003],[120.98542745100008,24.12022243800004],[120.9756894410001,24.116867411000044],[120.97414603600008,24.119219549000036],[120.97116341900004,24.12024164000007],[120.96120952800004,24.12015189300007],[120.95634346300004,24.124679155000024],[120.95010921800008,24.127861620000033],[120.94838145800009,24.12493910200004],[120.93255404100012,24.11258067400007],[120.92714581400004,24.111724297000023],[120.91988226900004,24.107440834000045],[120.90956304100008,24.10922988300007],[120.9072046340001,24.110595190000023],[120.90488706500004,24.114485769000055],[120.89616317800004,24.116452089000063],[120.89152928800002,24.11590758200003],[120.89024413000004,24.113546748000033],[120.89417458200012,24.110743850000063],[120.89425317300004,24.106847480000056],[120.89109233800002,24.102029233000053],[120.89132509300008,24.097799231000067],[120.88587381800004,24.095409395000047],[120.88200682400009,24.08832483900005],[120.88031124800013,24.08857445900003],[120.87801694400002,24.085028075000025],[120.87686070100006,24.091192473000035],[120.87909248100004,24.098251316000074],[120.88149908200012,24.100577945000055],[120.87914349200004,24.109302996000057],[120.87413231800008,24.11353358100007],[120.87245101800012,24.11683621900005],[120.86886723900012,24.11760134900004],[120.864431652,24.115367900000024],[120.85860494400004,24.116208106000045],[120.85387097500006,24.12450941500003],[120.84484972700012,24.12452637000007],[120.842124323,24.120682212000077],[120.83627601800004,24.116949628000043],[120.834476676,24.113005481000073],[120.83450591300004,24.10761310500004],[120.8303176610001,24.102588370000035],[120.83248789100004,24.098746885000025],[120.828374671,24.09394501900005],[120.82929962500008,24.071508894000033],[120.82069959000012,24.06979951600005],[120.81924640200008,24.068464763000065],[120.8163506090001,24.068462865000072],[120.81445744200003,24.069895234000057],[120.81186584400008,24.06606916800007],[120.80799030700008,24.065370092000023],[120.80329177100008,24.056261625000047],[120.80341925300002,24.052359199000023],[120.80088431100012,24.05137645900004],[120.80065323300003,24.048647406000043],[120.796700664,24.04306094800006],[120.79736239300009,24.04109807800006],[120.79169396800012,24.035261955000067],[120.79152399200008,24.033537677000027],[120.79292162000002,24.032481509000036],[120.79153967800003,24.030673712000063],[120.78946963600004,24.031227770000044],[120.786202924,24.029355214000077],[120.78469855700008,24.02747021700003],[120.78464633800002,24.02407873200008],[120.78312534300004,24.024776711000072],[120.77970203700012,24.020189318000064],[120.77520151800002,24.01855212000004],[120.771255278,24.01420081200007],[120.77056249100008,24.00907388300004],[120.76777669700004,24.009150773000044],[120.76267494700004,24.006256716000053],[120.757973966,24.006094639000025],[120.75589595800012,24.003530917000035],[120.75103522600013,24.002826173000074],[120.74603737700012,23.998561168000037],[120.74364961800006,24.002169174000073],[120.73173128700012,24.009003324000048],[120.71924181500005,24.00965873800004],[120.70638283700008,24.005191334000074],[120.69184932400005,24.008176633000065],[120.67853693900008,24.014095784000062],[120.66091364300009,24.02589054400005],[120.65578999600008,24.03066271600005],[120.65175349000005,24.02853394400006],[120.646404662,24.03402444300008],[120.644612531,24.033435516000058],[120.64626004500008,24.026901167000062],[120.6446429880001,24.02587807900005],[120.63753704600003,24.02852861300005],[120.63614605500004,24.031050294000067],[120.62865824100004,24.02961975000005],[120.62515880900004,24.030187063000028],[120.62422923100009,24.03337101100004],[120.62811325900007,24.03835028000003],[120.62601795900002,24.04162023400005],[120.62579767200008,24.046812161000048],[120.62343066000004,24.052118534000044],[120.62569131100008,24.057025588000045],[120.62534743400012,24.068948685000063],[120.6239900380001,24.07148113900007],[120.62014655700013,24.072547873000076],[120.61865823100004,24.075092475000076],[120.61494359800008,24.08504079200003],[120.61249337600007,24.102565800000036],[120.60289600800002,24.102891369000076],[120.599961129,24.10518487300004],[120.5883632120001,24.10622969800005],[120.58352414600006,24.109547270000064],[120.57692051200002,24.10962382500003],[120.57261410800004,24.108315057000027],[120.54968967500008,24.11387985500005],[120.54538488500008,24.116470865000053],[120.540922238,24.123659313000076],[120.53268353800001,24.12642845700003],[120.5235521080001,24.139675382000064],[120.52567197500002,24.146039169000066],[120.52547858200012,24.14990090500004],[120.50811108100004,24.18716370900006],[120.50438796600008,24.191143340000053],[120.45655962700005,24.207183317000045],[120.46033007100004,24.211644146000022],[120.46491472000002,24.21427510600006],[120.46078621000004,24.215600144000064],[120.46128675300008,24.216752634000045],[120.46882202200004,24.21446485300004],[120.47233624900002,24.22232787100006],[120.47632924000004,24.22433005300007],[120.490490883,24.255279337000047],[120.4862124660001,24.257316025000023],[120.48900984300008,24.256377636000025],[120.49310802000002,24.26614072800004],[120.49819507200004,24.263928106000037],[120.49986075400012,24.26741125500007],[120.49904440800005,24.267856821000063],[120.5000649210001,24.267636244000073],[120.50826338200012,24.283903773000077],[120.51083581700004,24.292224479000023],[120.5080906180001,24.293412937000028],[120.51113087300008,24.29272997700008],[120.51681440000004,24.298455003000072],[120.52167807800004,24.31185616500005],[120.51948633600011,24.31295650900006],[120.52175880000004,24.312131830000055],[120.52602032100005,24.317715244000055],[120.532319797,24.320507235000036],[120.53988940800002,24.33511991200004],[120.54579370600004,24.334872602000075],[120.55584952100004,24.347738873000026],[120.55920814,24.349796043000023],[120.55927572900008,24.35412300300004],[120.56224460100007,24.358925932000034],[120.56138007600008,24.35950036400004],[120.56624554300004,24.36532032400004],[120.56503582700007,24.36324272800005],[120.5690103500001,24.366667162000056],[120.56670174700004,24.36556197300007],[120.57021415800013,24.36916592600005],[120.57114656400006,24.374235734000024],[120.573068551,24.37723533600007],[120.58671242500009,24.39231906500004],[120.58987741500005,24.399295859000063],[120.59884890100012,24.40784685600005],[120.60177432900002,24.41451515800003],[120.60757088500009,24.419525443000055],[120.61019833000012,24.423297869000063],[120.61026888000004,24.425862516000052],[120.61466233400006,24.428740686000022],[120.61518878700008,24.43210374700004],[120.61929431300008,24.434892090000066],[120.62186076500008,24.440286615000048],[120.62859993600011,24.43803616600007],[120.632100454,24.432421918000045],[120.63966452800004,24.427766268000028],[120.6402885760001,24.424118921000055],[120.64319743500003,24.42170714200006],[120.64334397700009,24.415342374000033],[120.64525650700013,24.41456905800004],[120.64597026400008,24.412292878000073],[120.64817183300012,24.41132455000007],[120.64883917200008,24.409491675000027],[120.65800407200004,24.40671758800005],[120.66389431100004,24.40205971200004],[120.67010825000013,24.39195620700008],[120.67864889300006,24.387069729000075],[120.67727795900008,24.38415641000006],[120.68574894800008,24.37890231800003],[120.68994543300003,24.374336602000028],[120.69304192900006,24.366948711000077],[120.70341431100007,24.361798432000057],[120.70742708900002,24.361726369000053],[120.70729678000008,24.35786525700007],[120.72315297900002,24.35467160000007],[120.73040601500009,24.35180813200003],[120.74679069800004,24.337590457000033],[120.7630031970001,24.326012691000074],[120.76705288700008,24.325572729000044],[120.77312119900012,24.321735282000077],[120.78382735000002,24.318351923000023],[120.8065322870001,24.315680006000036],[120.81757149900012,24.307419897000045],[120.82527226000002,24.29682242000007],[120.83356529900004,24.290472399000063],[120.84990297900003,24.288513961000035],[120.85722943500002,24.289108889000033],[120.86684309900012,24.293072505000055],[120.87611674100005,24.295003870000073],[120.90298907300009,24.292177890000065],[120.91190612900004,24.294064475000027],[120.92249907200004,24.303944348000073],[120.92017144800002,24.310626384000045],[120.92050335400006,24.32010740100003],[120.91660581000008,24.335127572000033],[120.93564415600008,24.342915478000062],[120.94245901300008,24.339135956000064],[120.95678636200012,24.339298066000023],[120.96016077500008,24.33505446500004],[120.96648831700008,24.333459963000053],[120.97962128000006,24.33441894300006],[120.98198465700013,24.335903792000067],[120.98558597200008,24.331660371000055],[120.99177834600005,24.329620264000027],[120.99756343900005,24.330141671000035],[121.00048110100012,24.332661720000033],[121.00415166900008,24.33229983800004],[121.01449525400004,24.320113839000044],[121.0180186230001,24.311295555000072],[121.02936646800003,24.304707518000043],[121.03413358300008,24.29781689500004],[121.04519173600012,24.295325528000035],[121.04930484700004,24.296047991000023],[121.05224370700012,24.299326691000033],[121.05256265900005,24.304241086000047],[121.0553538580001,24.310400430000072],[121.06480236800007,24.315437418000045],[121.0702129660001,24.315759327000023],[121.07385507600009,24.31919473300007],[121.0730757980001,24.32282334200005],[121.07846232200006,24.32280729100006],[121.08147335,24.324136056000043],[121.08644338800002,24.31767928800008],[121.09192565400008,24.318629723000072],[121.09435181700007,24.319811037000022],[121.09571263200009,24.322567624000044],[121.10225627200008,24.324583738000054],[121.10847659100013,24.330953565000073],[121.1148734730001,24.328637188000073],[121.12157967400005,24.330678916000068],[121.12150335600006,24.33429347500004],[121.12412622000012,24.34055406600004],[121.125298702,24.34199011000004],[121.12844011900006,24.34217139900005],[121.13122729100007,24.34935733900005],[121.13644286800002,24.353132135000067],[121.14096002300003,24.359643379000033],[121.148408001,24.357879943000057],[121.15941468000004,24.36079693000005],[121.16836920300013,24.360911616000067],[121.16900529400004,24.36431341100007],[121.17417745600004,24.36891993200004],[121.17304996500002,24.37067814200003],[121.17342373600002,24.373344],[121.18329737300007,24.381011430000058],[121.19023581800002,24.38162151800003],[121.19671538300008,24.39151934800003],[121.19718670800012,24.396588217000044],[121.20719737400007,24.39790540200005],[121.21029213500005,24.39612113800007],[121.21124916400004,24.388392079000027],[121.21350288600001,24.38185219500008],[121.21587554100006,24.37945471000006],[121.21845752400009,24.381261598000037],[121.23186120600008,24.383858170000053],[121.23165542100004,24.387706772000055],[121.23497672300005,24.39192322900004],[121.23466112600012,24.397336964000033],[121.24356897400004,24.40571746100005],[121.24198786600004,24.414094465000066],[121.24359574200004,24.41660719600003],[121.2434026520001,24.41914194900005],[121.24591216600004,24.422619309000027],[121.24999762700008,24.42490656700005],[121.25761340200006,24.425046268000074],[121.26021777900009,24.429008829000058],[121.26990125000007,24.427375261000066],[121.27152692900006,24.429747215000077],[121.27848436400006,24.429324644000076],[121.29275476100008,24.43092078500007],[121.29675385300004,24.433027195000022],[121.30550406500004,24.43258148200005],[121.31003294100005,24.43621838100006],[121.31344924700012,24.437064876000026],[121.31766529400012,24.441488526000057],[121.32167451100008,24.44036825700005],[121.328348774,24.43303757500007]]]}},{"type":"Feature","properties":{"area_code":"10005","area_name":"苗栗縣"},"geometry":{"type":"Polygon","coordinates":[[[120.911981867,24.732444651000037],[120.91418163800006,24.72706130700004],[120.91379670700007,24.724203412000065],[120.91630054300003,24.72137918100003],[120.91366660300002,24.717333133000068],[120.92058605500006,24.71673272700008],[120.92364332400008,24.71455056700006],[120.92883883400008,24.715285110000025],[120.93030760700005,24.716615773000058],[120.93145382200008,24.714367433000064],[120.93513491300008,24.71297170400004],[120.938537837,24.70908117600004],[120.94182571100008,24.707385662000036],[120.94512176100012,24.70789359400004],[120.94555014700006,24.709867624000022],[120.94979741900012,24.711196896000047],[120.95091726700002,24.70774194100005],[120.95330137200006,24.706067862000054],[120.95340845700002,24.70404239600003],[120.95679075400004,24.706570920000047],[120.95935006000002,24.706656304000035],[120.96337460100006,24.71147526900006],[120.96612710000012,24.709640914000033],[120.9685856860001,24.711208837000072],[120.97038519700004,24.710887506000063],[120.97165096400012,24.71245290400003],[120.9750324900001,24.71100775000008],[120.97582697400004,24.709494922000033],[120.97456221400012,24.708564672000023],[120.97665257200003,24.70626049200007],[120.97218578700006,24.703358372000025],[120.97400097200013,24.696942575000037],[120.97187946200006,24.696773476000033],[120.96638114100006,24.69116665300004],[120.9651708020001,24.68810685400007],[120.96674664500006,24.686108218000072],[120.96440536900002,24.68361556900004],[120.97058196600004,24.68421071000006],[120.97269889000006,24.685854323000058],[120.97556932300006,24.68456383700004],[120.97751928500008,24.678293876000055],[120.97699721400012,24.673681568000063],[120.97931303500002,24.67371583800008],[120.98175469600004,24.67178281400004],[120.98319034300005,24.667193809000025],[120.98532278200004,24.666743016000055],[120.98677327300004,24.663765658000045],[120.98908428600008,24.663031989000046],[120.99064623700008,24.664788567000073],[120.99063781400002,24.660392],[120.99509062400011,24.65929722900006],[120.99724192100008,24.654613211000022],[121.00401538200003,24.656381774000067],[121.00599703800005,24.65525894900003],[121.01028006100012,24.656206801000053],[121.01068020800004,24.652331850000053],[121.00810156900002,24.650440007000043],[121.00895898600004,24.647567868000067],[121.0082094820001,24.644322765000027],[121.01438815600012,24.64085020600004],[121.0254362390001,24.64121048800007],[121.02590347100012,24.635911969000063],[121.0301876740001,24.632462126000064],[121.03905946100008,24.629624893000027],[121.04054116600004,24.626966383000024],[121.04338595900003,24.627144052000062],[121.04825654900004,24.61983336800006],[121.05168847800007,24.617355544000077],[121.0515398440001,24.615158105000035],[121.06233818100009,24.62182812100008],[121.06808658000011,24.61486450700005],[121.07492864500011,24.61230253800005],[121.07608328400012,24.60906675600006],[121.07549671100004,24.60406607300007],[121.081277773,24.600569707000034],[121.08303354000007,24.589758759000063],[121.07950370500008,24.588098538000057],[121.07874292400004,24.583753586000057],[121.07525986500002,24.58066691600004],[121.07059053100012,24.563356734000024],[121.06273371600004,24.557456307000052],[121.06140407900013,24.560002332000067],[121.05842589000008,24.560634436000043],[121.05820499100004,24.557910347000075],[121.07346589600002,24.549419889000035],[121.07623218500008,24.543796266000072],[121.08054117000006,24.540960750000067],[121.07780326900001,24.534236601000032],[121.0783029700001,24.528902367000057],[121.06692981100002,24.52254875400007],[121.06931719600004,24.50933172000003],[121.06810385500012,24.50700191200008],[121.07032271600008,24.50607983200007],[121.07211252400008,24.503371220000076],[121.07188759200004,24.49838100900007],[121.07891966700004,24.499068456000032],[121.08555582000008,24.501308080000054],[121.09042077600007,24.49785759100007],[121.09807766000006,24.496424509000065],[121.10532776200012,24.50060686800003],[121.10893381300002,24.50097133400004],[121.1133353780001,24.506465295000055],[121.11696148700004,24.508389003000048],[121.12096177800004,24.50842048600003],[121.12332860300012,24.510232651000024],[121.129657156,24.506695198000045],[121.1369953200001,24.50665458100008],[121.14502548100006,24.511920248000024],[121.15058611600011,24.50609166500004],[121.15502133900009,24.50679877500005],[121.16141831200002,24.503580601000067],[121.16913799600002,24.502588426000045],[121.17058045400006,24.50411747000004],[121.17509948600002,24.50506776800006],[121.17791763700006,24.507651563000024],[121.18318904000012,24.50793326900003],[121.18671026600008,24.505361246000064],[121.1916216410001,24.507468795000023],[121.19568958500008,24.507170590000044],[121.2031867820001,24.51250710000005],[121.20666724100012,24.512954501000024],[121.2095511440001,24.511485940000057],[121.21478240400006,24.515262163000045],[121.21699612700002,24.514796347000072],[121.21747214800008,24.509650548000025],[121.22364224900002,24.506306549000044],[121.21867257300003,24.498262186000034],[121.22350588000006,24.494392377000057],[121.22878481500004,24.49241182000003],[121.229927556,24.488914357000056],[121.23443469900008,24.488018131000047],[121.23471905500004,24.483660530000066],[121.24329885200008,24.477294288000053],[121.24442755700012,24.469938230000025],[121.2493108760001,24.465870293000023],[121.25797039400004,24.46335294000005],[121.258040617,24.457463474000065],[121.26263884200011,24.455245889000025],[121.26061206500005,24.45141042700004],[121.26219574200002,24.448031741000023],[121.2608813710001,24.445646168000053],[121.26165954700002,24.444216571000027],[121.25869705800004,24.439936733000025],[121.25998031600012,24.436190186000033],[121.25914791700006,24.43088931500006],[121.26021777900009,24.429008829000058],[121.25761340200006,24.425046268000074],[121.24999762700008,24.42490656700005],[121.24389733400004,24.420075978000057],[121.24198786600004,24.414094465000066],[121.24356897400004,24.40571746100005],[121.23466112600012,24.397336964000033],[121.23497672300005,24.39192322900004],[121.23161795200008,24.387605785000066],[121.23205655400012,24.384005097000056],[121.21845752400009,24.381261598000037],[121.21587554100006,24.37945471000006],[121.21350288600001,24.38185219500008],[121.21124916400004,24.388392079000027],[121.21029213500005,24.39612113800007],[121.20719737400007,24.39790540200005],[121.19718670800012,24.396588217000044],[121.19671538300008,24.39151934800003],[121.19023581800002,24.38162151800003],[121.18329737300007,24.381011430000058],[121.17342373600002,24.373344],[121.17304996500002,24.37067814200003],[121.17417745600004,24.36891993200004],[121.16900529400004,24.36431341100007],[121.16836920300013,24.360911616000067],[121.15941468000004,24.36079693000005],[121.148408001,24.357879943000057],[121.14096002300003,24.359643379000033],[121.13644286800002,24.353132135000067],[121.13122729100007,24.34935733900005],[121.12844011900006,24.34217139900005],[121.125298702,24.34199011000004],[121.12412622000012,24.34055406600004],[121.12150335600006,24.33429347500004],[121.12157967400005,24.330678916000068],[121.1148734730001,24.328637188000073],[121.10847659100013,24.330953565000073],[121.10225627200008,24.324583738000054],[121.09571263200009,24.322567624000044],[121.09435181700007,24.319811037000022],[121.09192565400008,24.318629723000072],[121.08644338800002,24.31767928800008],[121.08147335,24.324136056000043],[121.07846232200006,24.32280729100006],[121.0730757980001,24.32282334200005],[121.07385507600009,24.31919473300007],[121.0702129660001,24.315759327000023],[121.06480236800007,24.315437418000045],[121.0555259250001,24.310594069000047],[121.05256265900005,24.304241086000047],[121.05224370700012,24.299326691000033],[121.04914210800008,24.295999249000033],[121.04519173600012,24.295325528000035],[121.03413358300008,24.29781689500004],[121.02936646800003,24.304707518000043],[121.0180186230001,24.311295555000072],[121.01449525400004,24.320113839000044],[121.00415166900008,24.33229983800004],[121.00048110100012,24.332661720000033],[120.99756343900005,24.330141671000035],[120.99177834600005,24.329620264000027],[120.98558597200008,24.331660371000055],[120.98198465700013,24.335903792000067],[120.97962128000006,24.33441894300006],[120.96648831700008,24.333459963000053],[120.96016077500008,24.33505446500004],[120.95678636200012,24.339298066000023],[120.94245901300008,24.339135956000064],[120.93564415600008,24.342915478000062],[120.91660581000008,24.335127572000033],[120.92050335400006,24.32010740100003],[120.92017144800002,24.310626384000045],[120.92249907200004,24.303944348000073],[120.91190612900004,24.294064475000027],[120.90298907300009,24.292177890000065],[120.87611674100005,24.295003870000073],[120.86684309900012,24.293072505000055],[120.85722943500002,24.289108889000033],[120.84727388200008,24.28859509700004],[120.83325748200002,24.290650435000032],[120.82527226000002,24.29682242000007],[120.81757149900012,24.307419897000045],[120.8065322870001,24.315680006000036],[120.78382735000002,24.318351923000023],[120.77312119900012,24.321735282000077],[120.76705288700008,24.325572729000044],[120.7630031970001,24.326012691000074],[120.74679069800004,24.337590457000033],[120.73040601500009,24.35180813200003],[120.72315297900002,24.35467160000007],[120.70729678000008,24.35786525700007],[120.70742708900002,24.361726369000053],[120.70319974400002,24.36187797200006],[120.69232570100009,24.367541768000024],[120.68994543300003,24.374336602000028],[120.68574894800008,24.37890231800003],[120.67727795900008,24.38415641000006],[120.67864889300006,24.387069729000075],[120.67010825000013,24.39195620700008],[120.66740690300004,24.397829456000068],[120.66362892300003,24.40231171600004],[120.65800407200004,24.40671758800005],[120.64883917200008,24.409491675000027],[120.64817183300012,24.41132455000007],[120.64597026400008,24.412292878000073],[120.64525650700013,24.41456905800004],[120.64334397700009,24.415342374000033],[120.64319743500003,24.42170714200006],[120.6402885760001,24.424118921000055],[120.63966452800004,24.427766268000028],[120.632100454,24.432421918000045],[120.62859993600011,24.43803616600007],[120.62186076500008,24.440286615000048],[120.6377674580001,24.454183103000048],[120.63962297700004,24.45666602600005],[120.639612391,24.46000913400007],[120.65265996700008,24.470737034000024],[120.6584941430001,24.477301556000043],[120.66183018900006,24.483780008000053],[120.66540109700009,24.48360672800004],[120.66504128100009,24.487230230000023],[120.66592613300008,24.48754432900006],[120.66640194,24.48801998600004],[120.66557651000004,24.487545470000043],[120.66529964500012,24.48976507200007],[120.66776369000002,24.49339905000005],[120.66843936000008,24.499814899000057],[120.67127972000004,24.502106904000073],[120.67763464100004,24.514524794000067],[120.68468185600013,24.52138727600004],[120.68808852300003,24.53047191800005],[120.68830414900005,24.535562164000055],[120.69105417000004,24.539044256000068],[120.69336817900012,24.548867449000056],[120.69584654200004,24.551172670000028],[120.69544643400002,24.552662645000055],[120.698240219,24.558477538000034],[120.70118661300012,24.56153423200004],[120.70203324700005,24.56899786500003],[120.70454890500002,24.572835061000035],[120.70391834200008,24.575161282000067],[120.70808496900008,24.58245225500008],[120.70976456300002,24.591017962000024],[120.71265624000011,24.593479553000066],[120.71581306400005,24.600970775000064],[120.7237753710001,24.608222414000068],[120.73117172600008,24.611864333000028],[120.73819911300006,24.620859718000077],[120.74583542000003,24.62173282500004],[120.74892858500004,24.625953051000067],[120.75237413400008,24.62740400100006],[120.75401546100012,24.631199724000055],[120.75637378800002,24.632543801000057],[120.757694635,24.641520143000037],[120.76085406900006,24.64312151200005],[120.76358648300004,24.649069542000063],[120.76778057200012,24.650446472000056],[120.76933768400012,24.653864159000022],[120.76851889500006,24.65469149300003],[120.76943279700004,24.65394421800005],[120.77871294700005,24.66256468200004],[120.7915928000001,24.667814358000044],[120.82409447000008,24.67337305600006],[120.83259052300002,24.682406015000023],[120.84040040600009,24.687856576000055],[120.84757161000005,24.69593092900004],[120.85617184600004,24.70250420700006],[120.8613332430001,24.721648407000032],[120.87453684700006,24.73832009800003],[120.88103599500003,24.73328841700004],[120.88356771300003,24.734528269000062],[120.88480010300007,24.73278770500008],[120.88746404300002,24.73387011600005],[120.89104138300002,24.73177258900006],[120.89235400100006,24.73315525000004],[120.89362047900012,24.73231637400005],[120.89743311000008,24.733464258000023],[120.9058703930001,24.74067929100005],[120.90780660000009,24.74107140800004],[120.90851276700003,24.736505158000057],[120.911981867,24.732444651000037]]]}},{"type":"Feature","properties":{"area_code":"10004","area_name":"新竹縣"},"geometry":{"type":"Polygon","coordinates":[[[121.04011634700008,24.943927263000035],[121.04629212200008,24.943547672000022],[121.04862256400008,24.939427101000035],[121.055448102,24.936240214000065],[121.05833659200005,24.936840975000052],[121.05757072600012,24.930451401000028],[121.0609607130001,24.923557194000068],[121.06038628200008,24.918394130000024],[121.05823872200006,24.913902036000025],[121.059179072,24.908050898000056],[121.05758809100008,24.905968117000043],[121.058293358,24.90521324300005],[121.06070538200004,24.903659815000022],[121.0624528410001,24.90459704500006],[121.06909546800011,24.902776111000037],[121.07110667900008,24.899477541000067],[121.08344915400004,24.898852],[121.09127953100005,24.89336026800004],[121.10907918500004,24.897736002000045],[121.11102396100011,24.89122045600004],[121.10777413700008,24.886067231000027],[121.11633383500008,24.88167837900005],[121.12390159600012,24.879933464000032],[121.12814992000006,24.88095244400006],[121.1355889140001,24.877988353000035],[121.13676130400006,24.880926387000045],[121.13909262600008,24.882437134000043],[121.14466187700008,24.880203994000055],[121.14854668900011,24.88124826200004],[121.15566983800012,24.88070916500004],[121.15788464200013,24.87727060800006],[121.15806449900003,24.874603842000056],[121.15621118,24.874435059000064],[121.15944735000004,24.868731008000054],[121.1607902830001,24.863139196000077],[121.159882239,24.86244152100005],[121.16138416700004,24.85946871400006],[121.15925024400008,24.859022037000045],[121.16023218000008,24.857797576000053],[121.15650770800003,24.855907656000056],[121.15705855600004,24.85243357800005],[121.15283603400007,24.846164204000047],[121.15004005100002,24.84428762600004],[121.15441615900012,24.844059488000028],[121.15474262100008,24.842299986000057],[121.16011025800005,24.837362968000036],[121.1664451040001,24.83620787600006],[121.16879707300006,24.83398364900006],[121.169922068,24.834806053000023],[121.17618571100002,24.83213270500005],[121.17366295500004,24.827708224000048],[121.18590967000011,24.823821775000056],[121.19651794800006,24.817811849000066],[121.19877620700004,24.814960084000063],[121.20080229900007,24.817814258000055],[121.20331351400011,24.81731352900005],[121.20224557000006,24.816429756000048],[121.203148574,24.81457006000005],[121.20586377100004,24.81265002600003],[121.20290499900013,24.81030627100006],[121.20466920300008,24.80724779600007],[121.20805095100002,24.80715569800003],[121.20953985500012,24.809482156000055],[121.214896371,24.81197082400007],[121.219588261,24.81178889800003],[121.21872393500009,24.808646323000065],[121.21993866500009,24.807438056000024],[121.21962696300012,24.804078783000023],[121.22160614200004,24.799378064000052],[121.22848919800003,24.80291231700005],[121.23824431100002,24.804653346000062],[121.24344184000006,24.80869043200005],[121.24744200900012,24.803492349000063],[121.24662264900007,24.800071983000063],[121.24772733900012,24.796719051000025],[121.25317647800011,24.793653793000033],[121.26031362600008,24.793217715000026],[121.26117422900006,24.78995579800005],[121.25848326000003,24.785872766000068],[121.2600126640001,24.781958898000028],[121.26485893400002,24.781377191000047],[121.26602560000003,24.77979277700007],[121.270600478,24.778351315000062],[121.27129994600013,24.77481806000003],[121.27355199800002,24.774592384000073],[121.27716686800012,24.771003923000023],[121.2855589510001,24.77007953800006],[121.29245812400006,24.767724517000033],[121.29418993900003,24.76386556100005],[121.30154356100002,24.763008486000047],[121.30414204500003,24.75744506800004],[121.3077155420001,24.754981688000044],[121.30510685800004,24.75020107100005],[121.30528639400006,24.746281017000054],[121.30112955800008,24.741992881000044],[121.298230632,24.73223603300005],[121.29866991400002,24.73070996800004],[121.30539576,24.725993222000056],[121.30761739900004,24.719903974000033],[121.30640701400011,24.713082590000056],[121.30328044100008,24.708387998000035],[121.29984074400012,24.694959012000027],[121.30390402700004,24.692916730000036],[121.31284791700013,24.697523854000053],[121.31718459800004,24.698137316000043],[121.32027363300006,24.69579267200004],[121.32416870000009,24.694971776000045],[121.329766091,24.690965849000065],[121.33857699200009,24.679958256000077],[121.33980784100004,24.671870242000068],[121.33920351100004,24.666560223000033],[121.34366771300006,24.66939482500004],[121.34548129900008,24.66643589900008],[121.34899242100003,24.667912473000055],[121.35168223200004,24.66609877700006],[121.35351867200006,24.66779771000006],[121.35239590500008,24.64354066000004],[121.35592816400003,24.64105365300003],[121.35781508000002,24.63371188900004],[121.36641803700002,24.631791255000053],[121.36306197800002,24.62067105200003],[121.36178026800008,24.62065929700003],[121.35881773300002,24.61717428700007],[121.36130093800011,24.609877355000037],[121.36417655800004,24.606764206000037],[121.3633313150001,24.603127571000073],[121.36692339,24.599066347000075],[121.37182387500002,24.597004222000063],[121.37278325900002,24.59374659200006],[121.38720830800004,24.586562094000044],[121.39371625300008,24.58710368800007],[121.40304638400004,24.59170700800007],[121.41021343200008,24.579386571000043],[121.41225679900003,24.573231828000075],[121.40358493500004,24.56870720300003],[121.4013114280001,24.564687666000054],[121.40125648600008,24.562005500000055],[121.39836474100002,24.560455243000035],[121.39468036900008,24.55557420400004],[121.39876250300006,24.548203098000045],[121.39674703800006,24.53982245400005],[121.39885951400004,24.532549953000057],[121.401508508,24.530217622000063],[121.40142234300004,24.52886265500007],[121.39771383900006,24.524813464000033],[121.39286283400008,24.524460211000076],[121.39062126100008,24.52303123300004],[121.38853378300009,24.517800228000056],[121.38511672000004,24.51682042300007],[121.38539563900008,24.513802397000063],[121.38356828400003,24.510217184000055],[121.3733539540001,24.509895588000063],[121.37125404100004,24.498363148000067],[121.36385101200005,24.494956737000052],[121.36189400500008,24.49078716100007],[121.35775034300002,24.486608671000056],[121.35073934900004,24.484343309000053],[121.3463170010001,24.484656096000037],[121.3428392620001,24.48225950400007],[121.34007367000004,24.474851373000035],[121.33564135400002,24.47203509800005],[121.3360005190001,24.467365853000047],[121.33087762300012,24.465206334000072],[121.3243375720001,24.457623046000037],[121.31746776800004,24.441208206000056],[121.31344924700012,24.437064876000026],[121.31003294100005,24.43621838100006],[121.30570985500005,24.432648264000026],[121.29675385300004,24.433027195000022],[121.29275476100008,24.43092078500007],[121.27848436400006,24.429324644000076],[121.27152692900006,24.429747215000077],[121.26990125000007,24.427375261000066],[121.26003698300008,24.429158598000072],[121.25914791700006,24.43088931500006],[121.25998031600012,24.436190186000033],[121.25869705800004,24.439936733000025],[121.26165954700002,24.444216571000027],[121.2608813710001,24.445646168000053],[121.26219574200002,24.448031741000023],[121.26061206500005,24.45141042700004],[121.26263884200011,24.455245889000025],[121.258040617,24.457463474000065],[121.25797039400004,24.46335294000005],[121.2493108760001,24.465870293000023],[121.24442755700012,24.469938230000025],[121.24329885200008,24.477294288000053],[121.23471905500004,24.483660530000066],[121.23443469900008,24.488018131000047],[121.229927556,24.488914357000056],[121.22878481500004,24.49241182000003],[121.22350588000006,24.494392377000057],[121.21867257300003,24.498262186000034],[121.22364224900002,24.506306549000044],[121.21747214800008,24.509650548000025],[121.21761909300004,24.513902047000045],[121.2158179380001,24.51552173300007],[121.20973123100008,24.511529994000057],[121.20649680400004,24.51295745300007],[121.20052283300004,24.511458408000067],[121.19542252700012,24.50708062900003],[121.1916216410001,24.507468795000023],[121.18671026600008,24.505361246000064],[121.18318904000012,24.50793326900003],[121.17941716200004,24.50798353700003],[121.16913799600002,24.502588426000045],[121.16141831200002,24.503580601000067],[121.15502133900009,24.50679877500005],[121.15058611600011,24.50609166500004],[121.14502548100006,24.511920248000024],[121.1369953200001,24.50665458100008],[121.129657156,24.506695198000045],[121.12332860300012,24.510232651000024],[121.12096177800004,24.50842048600003],[121.11696148700004,24.508389003000048],[121.1133353780001,24.506465295000055],[121.10893381300002,24.50097133400004],[121.10532776200012,24.50060686800003],[121.09807766000006,24.496424509000065],[121.09042077600007,24.49785759100007],[121.08555582000008,24.501308080000054],[121.07891966700004,24.499068456000032],[121.07188759200004,24.49838100900007],[121.07211252400008,24.503371220000076],[121.07032271600008,24.50607983200007],[121.06810385500012,24.50700191200008],[121.06931719600004,24.50933172000003],[121.06692981100002,24.52254875400007],[121.0783029700001,24.528902367000057],[121.07780326900001,24.534236601000032],[121.08054117000006,24.540960750000067],[121.07623218500008,24.543796266000072],[121.07346589600002,24.549419889000035],[121.05820499100004,24.557910347000075],[121.05842589000008,24.560634436000043],[121.06140407900013,24.560002332000067],[121.06273371600004,24.557456307000052],[121.07059053100012,24.563356734000024],[121.07525986500002,24.58066691600004],[121.07874292400004,24.583753586000057],[121.07950370500008,24.588098538000057],[121.08303354000007,24.589758759000063],[121.081277773,24.600569707000034],[121.07543454600012,24.60423920200003],[121.07608328400012,24.60906675600006],[121.075141862,24.611986373000036],[121.06808658000011,24.61486450700005],[121.06233818100009,24.62182812100008],[121.0515398440001,24.615158105000035],[121.05168847800007,24.617355544000077],[121.04825654900004,24.61983336800006],[121.04338595900003,24.627144052000062],[121.04054116600004,24.626966383000024],[121.03905946100008,24.629624893000027],[121.0301876740001,24.632462126000064],[121.02590347100012,24.635911969000063],[121.0254362390001,24.64121048800007],[121.01438815600012,24.64085020600004],[121.0082094820001,24.644322765000027],[121.00895898600004,24.647567868000067],[121.00810156900002,24.650440007000043],[121.01068020800004,24.652331850000053],[121.01028006100012,24.656206801000053],[121.00599703800005,24.65525894900003],[121.00401538200003,24.656381774000067],[120.99724192100008,24.654613211000022],[120.99509062400011,24.65929722900006],[120.99063781400002,24.660392],[120.99064623700008,24.664788567000073],[120.98908428600008,24.663031989000046],[120.98677327300004,24.663765658000045],[120.98532278200004,24.666743016000055],[120.98319034300005,24.667193809000025],[120.98175469600004,24.67178281400004],[120.97931303500002,24.67371583800008],[120.97699721400012,24.673681568000063],[120.97751928500008,24.678293876000055],[120.97556932300006,24.68456383700004],[120.97269889000006,24.685854323000058],[120.97058196600004,24.68421071000006],[120.96440536900002,24.68361556900004],[120.96674664500006,24.686108218000072],[120.9651708020001,24.68810685400007],[120.96638114100006,24.69116665300004],[120.97187946200006,24.696773476000033],[120.97400097200013,24.696942575000037],[120.97218578700006,24.703358372000025],[120.97665257200003,24.70626049200007],[120.97456221400012,24.708564672000023],[120.97582697400004,24.709494922000033],[120.9750324900001,24.71100775000008],[120.97165096400012,24.71245290400003],[120.97038519700004,24.710887506000063],[120.9685856860001,24.711208837000072],[120.96612710000012,24.709640914000033],[120.96337460100006,24.71147526900006],[120.95935006000002,24.706656304000035],[120.95679075400004,24.706570920000047],[120.95340845700002,24.70404239600003],[120.95330137200006,24.706067862000054],[120.95091726700002,24.70774194100005],[120.94979741900012,24.711196896000047],[120.94555014700006,24.709867624000022],[120.94512176100012,24.70789359400004],[120.94221301200004,24.707307651000065],[120.938537837,24.70908117600004],[120.93542667500004,24.712517295000055],[120.93603330000008,24.71468734900003],[120.9386265930001,24.716611467000064],[120.93927381900004,24.725417782000022],[120.9378296320001,24.727243084000065],[120.93895291400008,24.727815021000023],[120.93801226300002,24.729420807000057],[120.94182198900012,24.728557411000057],[120.94233019400008,24.73044153400008],[120.93986113500011,24.732743667000022],[120.94316412400008,24.738917575000073],[120.94398260100002,24.744043074000047],[120.94810934800012,24.74523042100003],[120.95398439300004,24.743406225000054],[120.95761915000004,24.745346278000056],[120.95747526200012,24.749634059000073],[120.96146129300008,24.75122099500004],[120.96350551300009,24.755514189000053],[120.96741237800006,24.75646328600004],[120.96754923900004,24.76059480300006],[120.96984058200007,24.765162501000077],[120.97941615500008,24.76329245200003],[120.98196829600012,24.767429052000068],[120.988380107,24.76806582100005],[120.98475853000002,24.77589658900007],[120.9858401570001,24.77690722200003],[120.99028421300012,24.776891015000047],[120.99315893700008,24.780596805000073],[121.00970743300002,24.773791071000066],[121.01359518200002,24.770897886000057],[121.01825124600008,24.763945566000075],[121.02059082500011,24.756609205000075],[121.02777533900009,24.758056112000077],[121.03345022300005,24.763429650000035],[121.0330662880001,24.764889479000033],[121.02989288800006,24.766468764000024],[121.02927204700006,24.770901881000043],[121.03037656900005,24.77203578900003],[121.02815618600005,24.773163268000076],[121.02970235100008,24.777009966000037],[121.02765944000008,24.777048782000065],[121.0279463820001,24.77881042100006],[121.02495465800008,24.779988082000045],[121.0275230100001,24.78270868500005],[121.0230546900001,24.785100267000075],[121.02508883300004,24.78624188400005],[121.0245876890001,24.789071093000075],[121.02335021300009,24.790640405000033],[121.02180947000012,24.790445773000044],[121.02062037300004,24.79410041400007],[121.0231517850001,24.79604796900003],[121.02060718100006,24.798805851000058],[121.02574450000009,24.799073787000054],[121.02131539000004,24.80160767200005],[121.01820759800012,24.807296885000028],[121.01513511000007,24.808562237000046],[121.00827805500012,24.816213832000074],[121.00039115000004,24.822058773000037],[120.98791082000004,24.825415677000024],[120.98309068300011,24.830928700000072],[120.97464552800012,24.829955298000073],[120.96787239800004,24.83253946300005],[120.95529174300007,24.834360952000058],[120.94481723400008,24.84106632000004],[120.94315796300008,24.84650487500005],[120.940449467,24.849962022000057],[120.925229,24.854811090000055],[120.92694772200002,24.855403800000033],[120.92781666700012,24.85953804600007],[120.93351996700004,24.861660395000055],[120.94260090100012,24.87152756300003],[120.94654770600005,24.878653316000054],[120.94735595600002,24.883825734000027],[120.95173575500009,24.890660857000057],[120.95261263300006,24.895375604000037],[120.95888829100012,24.902863411000055],[120.96903360400006,24.927365381000072],[120.981074314,24.93934888700005],[120.98738499400008,24.93904648800003],[120.992180157,24.935006704000045],[120.99419993900005,24.939137122000034],[120.99906501700002,24.940920092000056],[121.002929482,24.940012929000034],[121.00706997800012,24.946214100000077],[121.01936918400008,24.94041634300004],[121.02153917900011,24.941403584000057],[121.025883829,24.940522126000076],[121.02914098600002,24.945231057000058],[121.0307647300001,24.94389834900005],[121.038140139,24.94637913400004],[121.04011634700008,24.943927263000035]]]}}]}